ISO-10303-21;
HEADER;
FILE_DESCRIPTION (( 'STEP AP214' ),
    '1' );
FILE_NAME ('P001-B114_SquareDynamoTop_4.STEP',
    '2026-05-13T18:48:18',
    ( '' ),
    ( '' ),
    'SwSTEP 2.0',
    'SolidWorks 2026',
    '' );
FILE_SCHEMA (( 'AUTOMOTIVE_DESIGN' ));
ENDSEC;

DATA;
#1 = FACE_OUTER_BOUND ( 'NONE', #413, .T. ) ;
#2 = DIRECTION ( 'NONE',  ( 0.000000000000000000, 0.000000000000000000, 1.000000000000000000 ) ) ;
#3 = ADVANCED_FACE ( 'NONE', ( #2548 ), #1500, .F. ) ;
#4 = VECTOR ( 'NONE', #1100, 1000.000000000000000 ) ;
#5 = PLANE ( 'NONE',  #1513 ) ;
#6 = LINE ( 'NONE', #2218, #1939 ) ;
#7 = ORIENTED_EDGE ( 'NONE', *, *, #614, .T. ) ;
#8 = CARTESIAN_POINT ( 'NONE',  ( -9.000000000000000000, 8.000000000000000000, 2.000000000000000000 ) ) ;
#9 = CARTESIAN_POINT ( 'NONE',  ( -8.891709621889365422, -4.000000000000000000, 27.57716446627535234 ) ) ;
#10 = AXIS2_PLACEMENT_3D ( 'NONE', #673, #2190, #2380 ) ;
#11 = CYLINDRICAL_SURFACE ( 'NONE', #2563, 1.800000000000000044 ) ;
#12 = VERTEX_POINT ( 'NONE', #1249 ) ;
#13 = ORIENTED_EDGE ( 'NONE', *, *, #2573, .T. ) ;
#14 = DIRECTION ( 'NONE',  ( 0.000000000000000000, -0.000000000000000000, -1.000000000000000000 ) ) ;
#15 = LINE ( 'NONE', #190, #2299 ) ;
#16 = ORIENTED_EDGE ( 'NONE', *, *, #630, .T. ) ;
#17 = CARTESIAN_POINT ( 'NONE',  ( -1.575000000000000178, 1.928818708657081591E-16, 2.000000000000000000 ) ) ;
#18 = CARTESIAN_POINT ( 'NONE',  ( 10.99999999999999822, 11.00000000000000000, 2.000000000000000000 ) ) ;
#19 = CIRCLE ( 'NONE', #188, 1.174999999999998934 ) ;
#20 = VERTEX_POINT ( 'NONE', #2372 ) ;
#21 = EDGE_CURVE ( 'NONE', #2482, #1878, #1477, .T. ) ;
#22 = CARTESIAN_POINT ( 'NONE',  ( -13.41087345293202304, -4.000000000000000888, 0.007769918293914834968 ) ) ;
#23 = CYLINDRICAL_SURFACE ( 'NONE', #1058, 0.5000000000000004441 ) ;
#24 = EDGE_CURVE ( 'NONE', #1882, #962, #700, .T. ) ;
#25 = CARTESIAN_POINT ( 'NONE',  ( 16.00000000000000000, 5.999999999999998224, -0.0009999999999999158867 ) ) ;
#26 = EDGE_CURVE ( 'NONE', #2333, #152, #2535, .T. ) ;
#27 = ORIENTED_EDGE ( 'NONE', *, *, #873, .T. ) ;
#28 = ORIENTED_EDGE ( 'NONE', *, *, #2192, .T. ) ;
#29 = CARTESIAN_POINT ( 'NONE',  ( 11.00000000000000000, 10.99999999999999822, -0.001000000000000000021 ) ) ;
#30 = DIRECTION ( 'NONE',  ( -0.000000000000000000, 1.000000000000000000, 0.000000000000000000 ) ) ;
#31 = VECTOR ( 'NONE', #2632, 1000.000000000000000 ) ;
#32 = CARTESIAN_POINT ( 'NONE',  ( 0.000000000000000000, 0.000000000000000000, 0.000000000000000000 ) ) ;
#33 = DIRECTION ( 'NONE',  ( -0.000000000000000000, 0.000000000000000000, 1.000000000000000000 ) ) ;
#34 = ORIENTED_EDGE ( 'NONE', *, *, #2656, .F. ) ;
#35 = ADVANCED_FACE ( 'NONE', ( #1891 ), #2149, .T. ) ;
#36 = CARTESIAN_POINT ( 'NONE',  ( 12.90035529584749519, 5.625000672333418272, -0.4851226058036152700 ) ) ;
#37 = CARTESIAN_POINT ( 'NONE',  ( 12.90034686189212465, -5.624999327638131597, -0.4851232307615096495 ) ) ;
#38 = ORIENTED_EDGE ( 'NONE', *, *, #498, .T. ) ;
#39 = CARTESIAN_POINT ( 'NONE',  ( 13.19547584115699301, 4.404281910398378130, -0.4962100924905782917 ) ) ;
#40 = ORIENTED_EDGE ( 'NONE', *, *, #1224, .T. ) ;
#41 = VECTOR ( 'NONE', #2133, 1000.000000000000000 ) ;
#42 = ORIENTED_EDGE ( 'NONE', *, *, #1964, .T. ) ;
#43 = CARTESIAN_POINT ( 'NONE',  ( -8.891709621889367199, -4.000000000000000000, -0.001000000000000000021 ) ) ;
#44 = CARTESIAN_POINT ( 'NONE',  ( -13.61694813396265502, -4.000000000000000000, -0.0009999999999999158867 ) ) ;
#45 = CARTESIAN_POINT ( 'NONE',  ( -13.99999999999999822, -5.000000000000000000, 7.500000000000001776 ) ) ;
#46 = DIRECTION ( 'NONE',  ( -0.000000000000000000, 1.000000000000000000, -0.000000000000000000 ) ) ;
#47 = CIRCLE ( 'NONE', #2021, 9.750000000000001776 ) ;
#48 = ORIENTED_EDGE ( 'NONE', *, *, #1013, .F. ) ;
#49 = DIRECTION ( 'NONE',  ( -1.000000000000000000, 0.000000000000000000, 0.000000000000000000 ) ) ;
#50 = CIRCLE ( 'NONE', #1662, 0.5000000000000004441 ) ;
#51 = CARTESIAN_POINT ( 'NONE',  ( 13.25980385798198036, 5.569225279654775207, -0.03615030620361617264 ) ) ;
#52 = CARTESIAN_POINT ( 'NONE',  ( 16.00000000000000000, 5.999999999999997335, 2.000000000000000000 ) ) ;
#53 = CARTESIAN_POINT ( 'NONE',  ( 12.71367322044321924, 4.444444444444442865, -0.001000000000000024307 ) ) ;
#54 = AXIS2_PLACEMENT_3D ( 'NONE', #514, #753, #1403 ) ;
#55 = ORIENTED_EDGE ( 'NONE', *, *, #671, .F. ) ;
#56 = CARTESIAN_POINT ( 'NONE',  ( -13.41087345293202304, 5.999999999999998224, 0.007769918293914836703 ) ) ;
#57 = CARTESIAN_POINT ( 'NONE',  ( 14.50000000000000000, -6.000011999999999901, 7.000000000000000888 ) ) ;
#58 = LINE ( 'NONE', #1408, #2615 ) ;
#59 = CARTESIAN_POINT ( 'NONE',  ( 0.000000000000000000, 2.232233047033627127, 2.625000000000001776 ) ) ;
#60 = AXIS2_PLACEMENT_3D ( 'NONE', #304, #1184, #280 ) ;
#61 = EDGE_CURVE ( 'NONE', #646, #1254, #2578, .T. ) ;
#62 = EDGE_LOOP ( 'NONE', ( #1651, #2727, #837, #2258, #2405 ) ) ;
#63 = CARTESIAN_POINT ( 'NONE',  ( -12.58912654706798762, 3.999999999999998224, 0.007769918293914689252 ) ) ;
#64 = LINE ( 'NONE', #1421, #1604 ) ;
#65 = EDGE_LOOP ( 'NONE', ( #1061, #1814, #1783, #1978 ) ) ;
#66 = CIRCLE ( 'NONE', #2733, 0.5000000000000000000 ) ;
#67 = PLANE ( 'NONE',  #891 ) ;
#68 = CARTESIAN_POINT ( 'NONE',  ( 12.82144462157348919, 3.999999999999997335, -0.0009999999999999646758 ) ) ;
#69 = VERTEX_POINT ( 'NONE', #185 ) ;
#70 = CARTESIAN_POINT ( 'NONE',  ( 13.00000000000000178, 4.999999999999999112, -0.001000000000000024307 ) ) ;
#71 = EDGE_CURVE ( 'NONE', #524, #2311, #851, .T. ) ;
#72 = ORIENTED_EDGE ( 'NONE', *, *, #956, .T. ) ;
#73 = CARTESIAN_POINT ( 'NONE',  ( 8.616843969807044701, -3.999999999999999112, 2.000000000000000000 ) ) ;
#74 = CYLINDRICAL_SURFACE ( 'NONE', #695, 0.6250000000000001110 ) ;
#75 = CIRCLE ( 'NONE', #1376, 0.6250000000000001110 ) ;
#76 = ORIENTED_EDGE ( 'NONE', *, *, #120, .F. ) ;
#77 = CARTESIAN_POINT ( 'NONE',  ( -16.00000000000000000, -4.000000000000000000, -0.0009999999999999158867 ) ) ;
#78 = DIRECTION ( 'NONE',  ( 1.000000000000000000, 0.000000000000000000, 0.000000000000000000 ) ) ;
#79 = ORIENTED_EDGE ( 'NONE', *, *, #818, .F. ) ;
#80 = CARTESIAN_POINT ( 'NONE',  ( 14.50000000000000000, -5.000000000000000000, 7.000000000000000888 ) ) ;
#81 = CARTESIAN_POINT ( 'NONE',  ( 9.165151389911683211, 3.999999999999998224, 0.000000000000000000 ) ) ;
#82 = ORIENTED_EDGE ( 'NONE', *, *, #1244, .F. ) ;
#83 = CARTESIAN_POINT ( 'NONE',  ( -13.00000000000000178, -4.999999999999999112, 2.499000000000000110 ) ) ;
#84 = AXIS2_PLACEMENT_3D ( 'NONE', #586, #570, #2341 ) ;
#85 = CYLINDRICAL_SURFACE ( 'NONE', #2340, 0.6749999999999984901 ) ;
#86 = DIRECTION ( 'NONE',  ( -0.000000000000000000, -0.000000000000000000, -1.000000000000000000 ) ) ;
#87 = EDGE_LOOP ( 'NONE', ( #2424, #631, #1293, #604, #1232 ) ) ;
#88 = FACE_OUTER_BOUND ( 'NONE', #306, .T. ) ;
#89 = DIRECTION ( 'NONE',  ( 0.000000000000000000, 1.000000000000000000, -0.000000000000000000 ) ) ;
#90 = PLANE ( 'NONE',  #1895 ) ;
#91 = CIRCLE ( 'NONE', #1111, 1.575000000000000178 ) ;
#92 = CARTESIAN_POINT ( 'NONE',  ( 0.000000000000000000, 3.999999999999997335, 2.625000000000002665 ) ) ;
#93 = ADVANCED_FACE ( 'NONE', ( #1916 ), #384, .T. ) ;
#94 = VECTOR ( 'NONE', #1684, 1000.000000000000000 ) ;
#95 = ORIENTED_EDGE ( 'NONE', *, *, #1096, .F. ) ;
#96 = DIRECTION ( 'NONE',  ( -0.000000000000000000, -0.000000000000000000, -1.000000000000000000 ) ) ;
#97 = CIRCLE ( 'NONE', #1841, 1.125000000000000888 ) ;
#98 = CIRCLE ( 'NONE', #1215, 0.6749999999999984901 ) ;
#99 = ORIENTED_EDGE ( 'NONE', *, *, #1929, .T. ) ;
#100 = CARTESIAN_POINT ( 'NONE',  ( 0.000000000000000000, 0.000000000000000000, -0.001000000000000000021 ) ) ;
#101 = DIRECTION ( 'NONE',  ( -0.000000000000000000, 0.000000000000000000, 1.000000000000000000 ) ) ;
#102 = EDGE_CURVE ( 'NONE', #275, #2631, #1931, .T. ) ;
#103 = ORIENTED_EDGE ( 'NONE', *, *, #841, .T. ) ;
#104 = FACE_BOUND ( 'NONE', #398, .T. ) ;
#105 = CARTESIAN_POINT ( 'NONE',  ( 12.56320414889915860, 5.999999999999998224, -0.001000000000000024307 ) ) ;
#106 = VECTOR ( 'NONE', #1423, 1000.000000000000000 ) ;
#107 = ADVANCED_FACE ( 'NONE', ( #1552 ), #839, .T. ) ;
#108 = VERTEX_POINT ( 'NONE', #1125 ) ;
#109 = CARTESIAN_POINT ( 'NONE',  ( 0.000000000000000000, 0.000000000000000000, 1.500000000000000000 ) ) ;
#110 = CIRCLE ( 'NONE', #1991, 9.500000000000001776 ) ;
#111 = ORIENTED_EDGE ( 'NONE', *, *, #400, .T. ) ;
#112 = CARTESIAN_POINT ( 'NONE',  ( 14.12500000000000178, 4.999999999999999112, -0.001000000000000078517 ) ) ;
#113 = EDGE_CURVE ( 'NONE', #2223, #768, #1211, .T. ) ;
#114 = CARTESIAN_POINT ( 'NONE',  ( -16.00000000000000000, -4.000000000000000000, -0.0009999999999999158867 ) ) ;
#115 = LINE ( 'NONE', #1660, #2579 ) ;
#116 = DIRECTION ( 'NONE',  ( 0.000000000000000000, 0.000000000000000000, 1.000000000000000000 ) ) ;
#117 = ORIENTED_EDGE ( 'NONE', *, *, #125, .F. ) ;
#118 = CARTESIAN_POINT ( 'NONE',  ( 12.71367322044321568, -4.444444444444444642, -0.0009999999999992653654 ) ) ;
#119 = DIRECTION ( 'NONE',  ( -0.000000000000000000, 1.000000000000000000, 4.334641369257388842E-16 ) ) ;
#120 = EDGE_CURVE ( 'NONE', #475, #1820, #325, .T. ) ;
#121 = AXIS2_PLACEMENT_3D ( 'NONE', #2831, #865, #648 ) ;
#122 = ORIENTED_EDGE ( 'NONE', *, *, #313, .F. ) ;
#123 = CARTESIAN_POINT ( 'NONE',  ( -12.79387260964374029, -3.999999999999999112, 0.03058328606956655510 ) ) ;
#124 = LINE ( 'NONE', #1776, #2606 ) ;
#125 = EDGE_CURVE ( 'NONE', #1343, #1865, #2208, .T. ) ;
#126 = ORIENTED_EDGE ( 'NONE', *, *, #2699, .T. ) ;
#127 = LINE ( 'NONE', #2517, #2151 ) ;
#128 = ADVANCED_FACE ( 'NONE', ( #2423 ), #11, .T. ) ;
#129 = PLANE ( 'NONE',  #2012 ) ;
#130 = CARTESIAN_POINT ( 'NONE',  ( -9.000000000000000000, 5.999999999999998224, -0.001000000000000000021 ) ) ;
#131 = CIRCLE ( 'NONE', #2710, 1.125000000000000888 ) ;
#132 = VECTOR ( 'NONE', #491, 1000.000000000000000 ) ;
#133 = ORIENTED_EDGE ( 'NONE', *, *, #2283, .T. ) ;
#134 = LINE ( 'NONE', #1858, #2813 ) ;
#135 = PLANE ( 'NONE',  #2082 ) ;
#136 = ADVANCED_FACE ( 'NONE', ( #1956 ), #1329, .F. ) ;
#137 = EDGE_LOOP ( 'NONE', ( #2387, #2043, #846, #1373 ) ) ;
#138 = CARTESIAN_POINT ( 'NONE',  ( 0.000000000000000000, 0.000000000000000000, 2.000000000000000000 ) ) ;
#139 = CARTESIAN_POINT ( 'NONE',  ( 0.000000000000000000, 2.232233047033624018, 8.750000000000000000 ) ) ;
#140 = AXIS2_PLACEMENT_3D ( 'NONE', #446, #2429, #2608 ) ;
#141 = CARTESIAN_POINT ( 'NONE',  ( 13.00000000000000178, -4.999999999999999112, -0.5010000000000001119 ) ) ;
#142 = AXIS2_PLACEMENT_3D ( 'NONE', #1381, #46, #928 ) ;
#143 = EDGE_CURVE ( 'NONE', #2420, #815, #1690, .T. ) ;
#144 = ORIENTED_EDGE ( 'NONE', *, *, #2539, .F. ) ;
#145 = CIRCLE ( 'NONE', #2210, 0.4999999999999997224 ) ;
#146 = CARTESIAN_POINT ( 'NONE',  ( -11.00000000000000000, 10.99999999999999822, 2.000000000000000000 ) ) ;
#147 = DIRECTION ( 'NONE',  ( 1.000000000000000000, 0.000000000000000000, -0.000000000000000000 ) ) ;
#148 = ORIENTED_EDGE ( 'NONE', *, *, #2142, .T. ) ;
#149 = EDGE_CURVE ( 'NONE', #1748, #520, #2616, .T. ) ;
#150 = ORIENTED_EDGE ( 'NONE', *, *, #2342, .F. ) ;
#151 = LINE ( 'NONE', #1676, #934 ) ;
#152 = VERTEX_POINT ( 'NONE', #690 ) ;
#153 = CARTESIAN_POINT ( 'NONE',  ( -14.50000000000000000, -6.000000000000000000, -0.0009999999999999158867 ) ) ;
#154 = EDGE_CURVE ( 'NONE', #786, #815, #682, .T. ) ;
#155 = ORIENTED_EDGE ( 'NONE', *, *, #393, .F. ) ;
#156 = CARTESIAN_POINT ( 'NONE',  ( 12.74019614201793615, -5.569225279654994587, -0.03615030620356594893 ) ) ;
#157 = CARTESIAN_POINT ( 'NONE',  ( 14.00000000000000000, -3.999999999999999112, 9.000000000000001776 ) ) ;
#158 = EDGE_CURVE ( 'NONE', #1719, #2249, #2807, .T. ) ;
#159 = VECTOR ( 'NONE', #311, 1000.000000000000000 ) ;
#160 =( BOUNDED_SURFACE ( )  B_SPLINE_SURFACE ( 3, 2, ( 
 ( #1275, #2559, #569 ),
 ( #2575, #832, #2757 ),
 ( #354, #2815, #2339 ),
 ( #391, #820, #2132 ),
 ( #1233, #2312, #1246 ),
 ( #2144, #171, #1039 ),
 ( #1875, #793, #1902 ),
 ( #1051, #1025, #2121 ),
 ( #1889, #156, #847 ),
 ( #597, #1913, #609 ) ),
 .UNSPECIFIED., .F., .F., .F. ) 
 B_SPLINE_SURFACE_WITH_KNOTS ( ( 4, 2, 2, 2, 4 ),
 ( 3, 3 ),
 ( 0.0009762313280153312985, 0.001244594175610544678, 0.001512957023205757949, 0.001781319870800971220, 0.002049682718396184707 ),
 ( 0.000000000000000000, 1.000000000000000000 ),
 .UNSPECIFIED. ) 
 GEOMETRIC_REPRESENTATION_ITEM ( )  RATIONAL_B_SPLINE_SURFACE ( (
 ( 1.000000000000000000, 0.7071067811865920927, 1.000000000000000000),
 ( 1.000000000000000000, 0.7326832777473391012, 1.000000000000000000),
 ( 1.000000000000000000, 0.7541354686266030782, 1.000000000000000000),
 ( 1.000000000000000000, 0.7830305961666752523, 1.000000000000000000),
 ( 1.000000000000000000, 0.7905597741719445626, 1.000000000000000000),
 ( 1.000000000000000000, 0.7905790374414323196, 1.000000000000000000),
 ( 1.000000000000000000, 0.7829511399770843205, 1.000000000000000000),
 ( 1.000000000000000000, 0.7542579396000086422, 1.000000000000000000),
 ( 1.000000000000000000, 0.7328473795399096380, 1.000000000000000000),
 ( 1.000000000000000000, 0.7071067811868915198, 1.000000000000000000) ) ) 
 REPRESENTATION_ITEM ( '' )  SURFACE ( )  );
#161 = VERTEX_POINT ( 'NONE', #1992 ) ;
#162 = CIRCLE ( 'NONE', #571, 9.750000000000001776 ) ;
#163 = EDGE_CURVE ( 'NONE', #2700, #2763, #643, .T. ) ;
#164 = CARTESIAN_POINT ( 'NONE',  ( -11.00000000000000000, 10.99999999999999822, 2.000000000000000000 ) ) ;
#165 = ORIENTED_EDGE ( 'NONE', *, *, #2711, .T. ) ;
#166 = LINE ( 'NONE', #2366, #2543 ) ;
#167 = VERTEX_POINT ( 'NONE', #1944 ) ;
#168 = CARTESIAN_POINT ( 'NONE',  ( 12.48461179679779143, 5.999999999999998224, -0.001000000000000024307 ) ) ;
#169 = B_SPLINE_CURVE_WITH_KNOTS ( 'NONE', 3,
 ( #1286, #182, #123, #1771, #861, #22, #2652, #238 ),
 .UNSPECIFIED., .F., .F.,
 ( 4, 2, 2, 4 ),
 ( 0.000000000000000000, 0.0006167135740093849074, 0.0009250703610140799090, 0.001233427148018775019 ),
 .UNSPECIFIED. ) ;
#170 = VERTEX_POINT ( 'NONE', #1747 ) ;
#171 = CARTESIAN_POINT ( 'NONE',  ( 12.94230485473699765, -5.625010041336444111, -0.09783330445583110491 ) ) ;
#172 = DIRECTION ( 'NONE',  ( -0.000000000000000000, -0.000000000000000000, -1.000000000000000000 ) ) ;
#173 = CIRCLE ( 'NONE', #2047, 0.6250000000000002220 ) ;
#174 = DIRECTION ( 'NONE',  ( -1.000000000000000000, -0.000000000000000000, 0.000000000000000000 ) ) ;
#175 = LINE ( 'NONE', #2804, #535 ) ;
#176 = CARTESIAN_POINT ( 'NONE',  ( -13.00000000000000178, 4.999999999999999112, -0.001000000000000024307 ) ) ;
#177 = LINE ( 'NONE', #1700, #2678 ) ;
#178 = CARTESIAN_POINT ( 'NONE',  ( -9.000000000000000000, 5.999999999999998224, -0.001000000000000000021 ) ) ;
#179 = VECTOR ( 'NONE', #2682, 1000.000000000000000 ) ;
#180 = CIRCLE ( 'NONE', #1780, 0.5000000000000000000 ) ;
#181 = EDGE_LOOP ( 'NONE', ( #1574, #732, #2002, #111, #381, #691 ) ) ;
#182 = CARTESIAN_POINT ( 'NONE',  ( -12.58863541867602365, -4.000000000000000000, -0.001000000000000108441 ) ) ;
#183 = CARTESIAN_POINT ( 'NONE',  ( 16.00000000000000000, -4.000000000000000000, -0.0009999999999999158867 ) ) ;
#184 = ORIENTED_EDGE ( 'NONE', *, *, #369, .F. ) ;
#185 = CARTESIAN_POINT ( 'NONE',  ( 8.616843969807044701, -3.999999999999999112, 2.000000000000000000 ) ) ;
#186 = VECTOR ( 'NONE', #1481, 1000.000000000000000 ) ;
#187 = ADVANCED_FACE ( 'NONE', ( #2395 ), #233, .F. ) ;
#188 = AXIS2_PLACEMENT_3D ( 'NONE', #1178, #2508, #1602 ) ;
#189 = DIRECTION ( 'NONE',  ( -0.000000000000000000, -0.000000000000000000, -1.000000000000000000 ) ) ;
#190 = CARTESIAN_POINT ( 'NONE',  ( -9.000000000000000000, 8.000000000000000000, 9.000000000000001776 ) ) ;
#191 = ORIENTED_EDGE ( 'NONE', *, *, #1671, .T. ) ;
#192 = EDGE_LOOP ( 'NONE', ( #1068, #2028, #472, #1787 ) ) ;
#193 = CARTESIAN_POINT ( 'NONE',  ( -16.00000000000000000, -5.000000000000000000, -0.0009999999999999158867 ) ) ;
#194 = LINE ( 'NONE', #18, #1226 ) ;
#195 = ADVANCED_FACE ( 'NONE', ( #2744 ), #1206, .F. ) ;
#196 = CIRCLE ( 'NONE', #1798, 0.5000000000000000000 ) ;
#197 = VERTEX_POINT ( 'NONE', #526 ) ;
#198 = DIRECTION ( 'NONE',  ( -1.000000000000000000, 0.000000000000000000, 0.000000000000000000 ) ) ;
#199 = CARTESIAN_POINT ( 'NONE',  ( 0.000000000000000000, 0.000000000000000000, 0.000000000000000000 ) ) ;
#200 = EDGE_CURVE ( 'NONE', #2768, #1102, #2060, .T. ) ;
#201 = DIRECTION ( 'NONE',  ( 1.000000000000000000, 0.000000000000000000, 0.000000000000000000 ) ) ;
#202 = VERTEX_POINT ( 'NONE', #81 ) ;
#203 = DIRECTION ( 'NONE',  ( 0.000000000000000000, 0.000000000000000000, -1.000000000000000000 ) ) ;
#204 = FACE_OUTER_BOUND ( 'NONE', #1274, .T. ) ;
#205 = CIRCLE ( 'NONE', #2456, 2.000000000000000000 ) ;
#206 = AXIS2_PLACEMENT_3D ( 'NONE', #1443, #2773, #1705 ) ;
#207 = CARTESIAN_POINT ( 'NONE',  ( 13.35116257261977957, -4.000000000000000000, -0.001000000000000024307 ) ) ;
#208 = CARTESIAN_POINT ( 'NONE',  ( 14.00000000000000000, -5.000000000000000000, 7.500000000000001776 ) ) ;
#209 = ORIENTED_EDGE ( 'NONE', *, *, #1087, .F. ) ;
#210 = CARTESIAN_POINT ( 'NONE',  ( 0.000000000000000000, 0.000000000000000000, -1.000000000000000000 ) ) ;
#211 = CYLINDRICAL_SURFACE ( 'NONE', #2840, 1.575000000000000178 ) ;
#212 = EDGE_CURVE ( 'NONE', #1643, #458, #555, .T. ) ;
#213 = CARTESIAN_POINT ( 'NONE',  ( 13.35185651318678524, 3.999999999999999112, -0.001000000000000084805 ) ) ;
#214 = ORIENTED_EDGE ( 'NONE', *, *, #2470, .F. ) ;
#215 = AXIS2_PLACEMENT_3D ( 'NONE', #146, #1030, #588 ) ;
#216 = ORIENTED_EDGE ( 'NONE', *, *, #2109, .F. ) ;
#217 = ORIENTED_EDGE ( 'NONE', *, *, #2257, .F. ) ;
#218 = DIRECTION ( 'NONE',  ( -0.000000000000000000, 0.000000000000000000, 1.000000000000000000 ) ) ;
#219 = CARTESIAN_POINT ( 'NONE',  ( 13.00000000000000178, 4.999999999999999112, -2.001000000000000334 ) ) ;
#220 = ORIENTED_EDGE ( 'NONE', *, *, #2766, .F. ) ;
#221 = CARTESIAN_POINT ( 'NONE',  ( -8.062257748298547355, -3.999999999999998224, 0.000000000000000000 ) ) ;
#222 = DIRECTION ( 'NONE',  ( -0.000000000000000000, -1.000000000000000000, -0.000000000000000000 ) ) ;
#223 = ORIENTED_EDGE ( 'NONE', *, *, #2257, .T. ) ;
#224 = VERTEX_POINT ( 'NONE', #1424 ) ;
#225 = ADVANCED_FACE ( 'NONE', ( #305 ), #967, .T. ) ;
#226 = CARTESIAN_POINT ( 'NONE',  ( 11.00000000000000000, -6.000000000000000000, -0.001000000000000000021 ) ) ;
#227 = DIRECTION ( 'NONE',  ( 1.000000000000000000, 0.000000000000000000, 0.000000000000000000 ) ) ;
#228 = AXIS2_PLACEMENT_3D ( 'NONE', #1026, #1890, #355 ) ;
#229 = VECTOR ( 'NONE', #2402, 1000.000000000000000 ) ;
#230 = CARTESIAN_POINT ( 'NONE',  ( 12.48461179679885547, -6.000000000000547118, -0.5010000000000000009 ) ) ;
#231 = ORIENTED_EDGE ( 'NONE', *, *, #2046, .T. ) ;
#232 = CARTESIAN_POINT ( 'NONE',  ( 13.51538820320221213, -4.000000000000000000, -0.5010000000000000009 ) ) ;
#233 =( BOUNDED_SURFACE ( )  B_SPLINE_SURFACE ( 3, 2, ( 
 ( #2655, #2630, #657 ),
 ( #486, #474, #2225 ),
 ( #39, #918, #213 ),
 ( #1790, #1095, #2674 ),
 ( #707, #2458, #1375 ),
 ( #1079, #2829, #2297 ),
 ( #1185, #1611, #68 ),
 ( #282, #2255, #1155 ),
 ( #951, #936, #541 ),
 ( #767, #53, #2515 ) ),
 .UNSPECIFIED., .F., .F., .T. ) 
 B_SPLINE_SURFACE_WITH_KNOTS ( ( 4, 2, 2, 2, 4 ),
 ( 3, 3 ),
 ( 0.0009762313280151769081, 0.001244594175610728775, 0.001512957023206280534, 0.001781319870801832510, 0.002049682718397384269 ),
 ( 0.000000000000000000, 1.000000000000000000 ),
 .UNSPECIFIED. ) 
 GEOMETRIC_REPRESENTATION_ITEM ( )  RATIONAL_B_SPLINE_SURFACE ( (
 ( 1.000000000000000000, 0.7071067811865474617, 1.000000000000000000),
 ( 1.000000000000000000, 0.7326832777473161196, 1.000000000000000000),
 ( 1.000000000000000000, 0.7541354686266444896, 1.000000000000000000),
 ( 1.000000000000000000, 0.7830305961666935710, 1.000000000000000000),
 ( 1.000000000000000000, 0.7905597741720193916, 1.000000000000000000),
 ( 1.000000000000000000, 0.7905790374413579347, 1.000000000000000000),
 ( 1.000000000000000000, 0.7829511399770088254, 1.000000000000000000),
 ( 1.000000000000000000, 0.7542579395998081360, 1.000000000000000000),
 ( 1.000000000000000000, 0.7328473795396323043, 1.000000000000000000),
 ( 1.000000000000000000, 0.7071067811865474617, 1.000000000000000000) ) ) 
 REPRESENTATION_ITEM ( '' )  SURFACE ( )  );
#234 = CARTESIAN_POINT ( 'NONE',  ( -13.61694813396265147, 3.999999999999998224, -0.0009999999999999158867 ) ) ;
#235 = ORIENTED_EDGE ( 'NONE', *, *, #2023, .F. ) ;
#236 = DIRECTION ( 'NONE',  ( 0.000000000000000000, -0.000000000000000000, -1.000000000000000000 ) ) ;
#237 = VERTEX_POINT ( 'NONE', #999 ) ;
#238 = CARTESIAN_POINT ( 'NONE',  ( -13.61694813396265502, -4.000000000000000000, -0.0009999999999999158867 ) ) ;
#239 = FACE_OUTER_BOUND ( 'NONE', #379, .T. ) ;
#240 = VECTOR ( 'NONE', #1420, 1000.000000000000000 ) ;
#241 = ADVANCED_FACE ( 'NONE', ( #2242 ), #267, .F. ) ;
#242 = CARTESIAN_POINT ( 'NONE',  ( 13.00000000000000178, -4.999999999999999112, -0.001000000000000024307 ) ) ;
#243 = ORIENTED_EDGE ( 'NONE', *, *, #1761, .T. ) ;
#244 = ORIENTED_EDGE ( 'NONE', *, *, #741, .F. ) ;
#245 = DIRECTION ( 'NONE',  ( 1.000000000000000000, 0.000000000000000000, 0.000000000000000000 ) ) ;
#246 = CARTESIAN_POINT ( 'NONE',  ( -16.00000000000000000, 3.999999999999998224, -0.0009999999999999158867 ) ) ;
#247 = ADVANCED_FACE ( 'NONE', ( #2721 ), #1819, .F. ) ;
#248 = CARTESIAN_POINT ( 'NONE',  ( 13.28632677955678254, -5.555555555555555358, -0.5010000000000001119 ) ) ;
#249 = CARTESIAN_POINT ( 'NONE',  ( 7.654042494670955388E-17, 5.999999999999994671, 7.500000000000001776 ) ) ;
#250 = AXIS2_PLACEMENT_3D ( 'NONE', #801, #1677, #1483 ) ;
#251 = VERTEX_POINT ( 'NONE', #2036 ) ;
#252 = CARTESIAN_POINT ( 'NONE',  ( -9.165151389911683211, -3.999999999999998224, 0.000000000000000000 ) ) ;
#253 = CARTESIAN_POINT ( 'NONE',  ( 13.19736682474890443, -5.601404466820938843, -0.5010000000000002229 ) ) ;
#254 = ORIENTED_EDGE ( 'NONE', *, *, #1173, .T. ) ;
#255 = DIRECTION ( 'NONE',  ( 1.000000000000000000, 0.000000000000000000, 0.000000000000000000 ) ) ;
#256 = VERTEX_POINT ( 'NONE', #2706 ) ;
#257 = VERTEX_POINT ( 'NONE', #737 ) ;
#258 = CARTESIAN_POINT ( 'NONE',  ( 0.000000000000000000, 0.000000000000000000, 9.000000000000001776 ) ) ;
#259 = FACE_OUTER_BOUND ( 'NONE', #2604, .T. ) ;
#260 = CIRCLE ( 'NONE', #1866, 0.5000000000000004441 ) ;
#261 = CARTESIAN_POINT ( 'NONE',  ( 12.90034686189212465, 4.375000672361867515, -0.4851232307615096495 ) ) ;
#262 = DIRECTION ( 'NONE',  ( 0.000000000000000000, -0.000000000000000000, -1.000000000000000000 ) ) ;
#263 = VERTEX_POINT ( 'NONE', #1413 ) ;
#264 = CARTESIAN_POINT ( 'NONE',  ( -13.20612739035626326, 3.999999999999998224, 0.03058328606956592019 ) ) ;
#265 = FACE_OUTER_BOUND ( 'NONE', #1985, .T. ) ;
#266 = DIRECTION ( 'NONE',  ( -1.000000000000000000, 0.000000000000000000, 0.000000000000000000 ) ) ;
#267 = CYLINDRICAL_SURFACE ( 'NONE', #2067, 0.6250000000000002220 ) ;
#268 = ORIENTED_EDGE ( 'NONE', *, *, #61, .T. ) ;
#269 = ORIENTED_EDGE ( 'NONE', *, *, #322, .T. ) ;
#270 = DIRECTION ( 'NONE',  ( -0.000000000000000000, -0.000000000000000000, -1.000000000000000000 ) ) ;
#271 = DIRECTION ( 'NONE',  ( -0.000000000000000000, -0.000000000000000000, -1.000000000000000000 ) ) ;
#272 = EDGE_CURVE ( 'NONE', #1845, #2554, #933, .T. ) ;
#273 = CARTESIAN_POINT ( 'NONE',  ( -8.616843969807044701, -3.999999999999999112, 2.000000000000000000 ) ) ;
#274 = CIRCLE ( 'NONE', #2065, 0.6749999999999984901 ) ;
#275 = VERTEX_POINT ( 'NONE', #1625 ) ;
#276 = LINE ( 'NONE', #763, #240 ) ;
#277 = CIRCLE ( 'NONE', #142, 0.5000000000000004441 ) ;
#278 = DIRECTION ( 'NONE',  ( -0.000000000000000000, -4.334641369257388842E-16, 1.000000000000000000 ) ) ;
#279 = EDGE_LOOP ( 'NONE', ( #1119, #1664, #2201, #417 ) ) ;
#280 = DIRECTION ( 'NONE',  ( 1.000000000000000000, 0.000000000000000000, 0.000000000000000000 ) ) ;
#281 = EDGE_CURVE ( 'NONE', #2015, #1414, #422, .T. ) ;
#282 = CARTESIAN_POINT ( 'NONE',  ( 12.80490968168446919, 4.404182472614856181, -0.4961774597967788525 ) ) ;
#283 = ORIENTED_EDGE ( 'NONE', *, *, #1278, .T. ) ;
#284 = LINE ( 'NONE', #2662, #1519 ) ;
#285 = ADVANCED_FACE ( 'NONE', ( #2049 ), #2503, .F. ) ;
#286 = DIRECTION ( 'NONE',  ( -1.000000000000000000, 0.000000000000000000, 0.000000000000000000 ) ) ;
#287 = LINE ( 'NONE', #1838, #414 ) ;
#288 = ORIENTED_EDGE ( 'NONE', *, *, #1230, .T. ) ;
#289 = CARTESIAN_POINT ( 'NONE',  ( 13.62500000000000178, 4.999999999999999112, -2.001000000000000334 ) ) ;
#290 = CYLINDRICAL_SURFACE ( 'NONE', #969, 2.000000000000000000 ) ;
#291 = CYLINDRICAL_SURFACE ( 'NONE', #2776, 0.6250000000000005551 ) ;
#292 = DIRECTION ( 'NONE',  ( -1.000000000000000000, 0.000000000000000000, 0.000000000000000000 ) ) ;
#293 = ORIENTED_EDGE ( 'NONE', *, *, #2533, .T. ) ;
#294 = EDGE_CURVE ( 'NONE', #1845, #412, #1169, .T. ) ;
#295 = LINE ( 'NONE', #1190, #2802 ) ;
#296 = ORIENTED_EDGE ( 'NONE', *, *, #102, .F. ) ;
#297 = DIRECTION ( 'NONE',  ( -1.000000000000000000, 0.000000000000000000, 0.000000000000000000 ) ) ;
#298 = DIRECTION ( 'NONE',  ( 1.000000000000000000, -0.000000000000000000, -0.000000000000000000 ) ) ;
#299 = AXIS2_PLACEMENT_3D ( 'NONE', #232, #1115, #1279 ) ;
#300 = ORIENTED_EDGE ( 'NONE', *, *, #2109, .T. ) ;
#301 = CARTESIAN_POINT ( 'NONE',  ( 9.000000000000000000, 5.999999999999995559, -0.001000000000000000021 ) ) ;
#302 = DIRECTION ( 'NONE',  ( -1.000000000000000000, 0.000000000000000000, 0.000000000000000000 ) ) ;
#303 = EDGE_CURVE ( 'NONE', #729, #441, #2540, .T. ) ;
#304 = CARTESIAN_POINT ( 'NONE',  ( 13.00000000000000178, 4.999999999999999112, -0.001000000000000024307 ) ) ;
#305 = FACE_OUTER_BOUND ( 'NONE', #2808, .T. ) ;
#306 = EDGE_LOOP ( 'NONE', ( #553, #490, #126, #892, #2362 ) ) ;
#307 = CARTESIAN_POINT ( 'NONE',  ( -9.000000000000000000, 7.999999999999998224, 1.000000000000000888 ) ) ;
#308 = VECTOR ( 'NONE', #471, 1000.000000000000000 ) ;
#309 = DIRECTION ( 'NONE',  ( 0.000000000000000000, 0.000000000000000000, -1.000000000000000000 ) ) ;
#310 = FACE_OUTER_BOUND ( 'NONE', #370, .T. ) ;
#311 = DIRECTION ( 'NONE',  ( 1.000000000000000000, -0.000000000000000000, -0.000000000000000000 ) ) ;
#312 = EDGE_CURVE ( 'NONE', #1210, #2692, #2106, .T. ) ;
#313 = EDGE_CURVE ( 'NONE', #2271, #1784, #1926, .T. ) ;
#314 = ORIENTED_EDGE ( 'NONE', *, *, #1535, .F. ) ;
#315 = DIRECTION ( 'NONE',  ( -0.000000000000000000, 0.000000000000000000, 1.000000000000000000 ) ) ;
#316 = CYLINDRICAL_SURFACE ( 'NONE', #521, 10.00000000000000178 ) ;
#317 = VERTEX_POINT ( 'NONE', #1011 ) ;
#318 = CIRCLE ( 'NONE', #790, 0.6250000000000005551 ) ;
#319 = DIRECTION ( 'NONE',  ( 0.000000000000000000, -1.000000000000000000, -4.334641369257388842E-16 ) ) ;
#320 = CIRCLE ( 'NONE', #836, 0.6749999999999984901 ) ;
#321 = DIRECTION ( 'NONE',  ( 1.224646799147353207E-16, 1.000000000000000000, 0.000000000000000000 ) ) ;
#322 = EDGE_CURVE ( 'NONE', #461, #2783, #1694, .T. ) ;
#323 = AXIS2_PLACEMENT_3D ( 'NONE', #2177, #2440, #1360 ) ;
#324 = CARTESIAN_POINT ( 'NONE',  ( 0.000000000000000000, 0.000000000000000000, 0.000000000000000000 ) ) ;
#325 = CIRCLE ( 'NONE', #1928, 0.5000000000000004441 ) ;
#326 = ORIENTED_EDGE ( 'NONE', *, *, #1316, .T. ) ;
#327 = CARTESIAN_POINT ( 'NONE',  ( -11.00000000000000000, -6.000000000000000000, -0.001000000000000000021 ) ) ;
#328 = AXIS2_PLACEMENT_3D ( 'NONE', #1482, #1899, #2769 ) ;
#329 = DIRECTION ( 'NONE',  ( -0.4581228472908506766, -0.8888888888888891726, 0.000000000000000000 ) ) ;
#330 = CARTESIAN_POINT ( 'NONE',  ( -9.165151389911684987, 3.999999999999996447, 1.638659938029004781 ) ) ;
#331 = ORIENTED_EDGE ( 'NONE', *, *, #2777, .F. ) ;
#332 = EDGE_CURVE ( 'NONE', #20, #161, #1588, .T. ) ;
#333 = ORIENTED_EDGE ( 'NONE', *, *, #1640, .F. ) ;
#334 = DIRECTION ( 'NONE',  ( 1.000000000000000000, -0.000000000000000000, -0.000000000000000000 ) ) ;
#335 = ORIENTED_EDGE ( 'NONE', *, *, #1945, .F. ) ;
#336 = PLANE ( 'NONE',  #2224 ) ;
#337 = ADVANCED_FACE ( 'NONE', ( #1262 ), #585, .T. ) ;
#338 = AXIS2_PLACEMENT_3D ( 'NONE', #2077, #496, #983 ) ;
#339 = ORIENTED_EDGE ( 'NONE', *, *, #1964, .F. ) ;
#340 = DIRECTION ( 'NONE',  ( 1.000000000000000000, 0.000000000000000000, 0.000000000000000000 ) ) ;
#341 = DIRECTION ( 'NONE',  ( 1.000000000000000000, 0.000000000000000000, 0.000000000000000000 ) ) ;
#342 = VECTOR ( 'NONE', #1257, 1000.000000000000000 ) ;
#343 = VECTOR ( 'NONE', #382, 1000.000000000000000 ) ;
#344 = ORIENTED_EDGE ( 'NONE', *, *, #2539, .T. ) ;
#345 = CARTESIAN_POINT ( 'NONE',  ( 3.469446951953614189E-15, -8.673617379884035472E-16, 0.000000000000000000 ) ) ;
#346 = EDGE_LOOP ( 'NONE', ( #460, #326, #2006, #2243, #2099, #1207, #1335, #978, #2197, #223, #79 ) ) ;
#347 = CARTESIAN_POINT ( 'NONE',  ( 12.71367322044321924, 4.444444444444442865, -0.5010000000000001119 ) ) ;
#348 = CARTESIAN_POINT ( 'NONE',  ( 16.00000000000000000, -3.999999999999999112, 9.000000000000001776 ) ) ;
#349 = DIRECTION ( 'NONE',  ( 0.000000000000000000, 1.000000000000000000, -0.000000000000000000 ) ) ;
#350 = ORIENTED_EDGE ( 'NONE', *, *, #1157, .F. ) ;
#351 = DIRECTION ( 'NONE',  ( 0.000000000000000000, 1.000000000000000000, 0.000000000000000000 ) ) ;
#352 = DIRECTION ( 'NONE',  ( 1.000000000000000000, 0.000000000000000000, 0.000000000000000000 ) ) ;
#353 = VERTEX_POINT ( 'NONE', #2589 ) ;
#354 = CARTESIAN_POINT ( 'NONE',  ( 13.19547584115702854, -5.595718089601602330, -0.4962100924905816779 ) ) ;
#355 = DIRECTION ( 'NONE',  ( -0.4581228472907292182, 0.8888888888889516782, -8.673617379884041389E-16 ) ) ;
#356 = ADVANCED_FACE ( 'NONE', ( #1473 ), #160, .F. ) ;
#357 = ORIENTED_EDGE ( 'NONE', *, *, #332, .T. ) ;
#358 = EDGE_CURVE ( 'NONE', #1235, #2545, #1082, .T. ) ;
#359 = ORIENTED_EDGE ( 'NONE', *, *, #1431, .F. ) ;
#360 = FACE_OUTER_BOUND ( 'NONE', #1605, .T. ) ;
#361 = EDGE_CURVE ( 'NONE', #263, #1878, #1457, .T. ) ;
#362 = DIRECTION ( 'NONE',  ( 0.000000000000000000, 0.000000000000000000, -1.000000000000000000 ) ) ;
#363 = VECTOR ( 'NONE', #2602, 1000.000000000000000 ) ;
#364 = ORIENTED_EDGE ( 'NONE', *, *, #1945, .T. ) ;
#365 = CARTESIAN_POINT ( 'NONE',  ( 12.64814348681321654, -3.999999999999999112, -0.0009999999999998553882 ) ) ;
#366 = ORIENTED_EDGE ( 'NONE', *, *, #1028, .T. ) ;
#367 = DIRECTION ( 'NONE',  ( 0.000000000000000000, 0.000000000000000000, -1.000000000000000000 ) ) ;
#368 = ORIENTED_EDGE ( 'NONE', *, *, #113, .T. ) ;
#369 = EDGE_CURVE ( 'NONE', #1346, #2156, #1498, .T. ) ;
#370 = EDGE_LOOP ( 'NONE', ( #529, #269, #1251, #1324 ) ) ;
#371 = DIRECTION ( 'NONE',  ( -1.000000000000000000, -0.000000000000000000, -0.000000000000000000 ) ) ;
#372 = LINE ( 'NONE', #1706, #1292 ) ;
#373 = B_SPLINE_CURVE_WITH_KNOTS ( 'NONE', 3,
 ( #1263, #1040, #1052, #1914, #1669, #2800, #2590, #610 ),
 .UNSPECIFIED., .F., .F.,
 ( 4, 2, 2, 4 ),
 ( 0.000000000000000000, 0.0006167135740093814380, 0.0009250703610140747048, 0.001233427148018768080 ),
 .UNSPECIFIED. ) ;
#374 = ORIENTED_EDGE ( 'NONE', *, *, #361, .F. ) ;
#375 = VECTOR ( 'NONE', #2393, 1000.000000000000000 ) ;
#376 = DIRECTION ( 'NONE',  ( -0.000000000000000000, 0.000000000000000000, 1.000000000000000000 ) ) ;
#377 = DIRECTION ( 'NONE',  ( -0.000000000000000000, -0.000000000000000000, -1.000000000000000000 ) ) ;
#378 = CARTESIAN_POINT ( 'NONE',  ( -11.00000000000000000, -6.000000000000000000, 2.000000000000000000 ) ) ;
#379 = EDGE_LOOP ( 'NONE', ( #1332, #1149, #819, #2747 ) ) ;
#380 = DIRECTION ( 'NONE',  ( -1.000000000000000000, 0.000000000000000000, 0.000000000000000000 ) ) ;
#381 = ORIENTED_EDGE ( 'NONE', *, *, #2138, .T. ) ;
#382 = DIRECTION ( 'NONE',  ( -0.000000000000000000, -0.000000000000000000, 1.000000000000000000 ) ) ;
#383 = CARTESIAN_POINT ( 'NONE',  ( 13.19742386717144278, -4.398624932170718260, -0.5009999999999997788 ) ) ;
#384 = PLANE ( 'NONE',  #468 ) ;
#385 = VECTOR ( 'NONE', #222, 1000.000000000000000 ) ;
#386 = CARTESIAN_POINT ( 'NONE',  ( -11.00000000000000000, 8.000000000000000000, -0.001000000000000000021 ) ) ;
#387 = DIRECTION ( 'NONE',  ( -0.000000000000000000, 0.000000000000000000, 1.000000000000000000 ) ) ;
#388 = FACE_OUTER_BOUND ( 'NONE', #1888, .T. ) ;
#389 = CARTESIAN_POINT ( 'NONE',  ( -16.00000000000000000, -4.000000000000000000, -0.0009999999999999158867 ) ) ;
#390 = ORIENTED_EDGE ( 'NONE', *, *, #459, .T. ) ;
#391 = CARTESIAN_POINT ( 'NONE',  ( 13.09895562973442473, -5.619111161342205563, -0.4882082775543044040 ) ) ;
#392 = DIRECTION ( 'NONE',  ( -0.000000000000000000, -1.000000000000000000, -0.000000000000000000 ) ) ;
#393 = EDGE_CURVE ( 'NONE', #2498, #2588, #169, .T. ) ;
#394 = VECTOR ( 'NONE', #1586, 1000.000000000000000 ) ;
#395 = ORIENTED_EDGE ( 'NONE', *, *, #612, .F. ) ;
#396 = CYLINDRICAL_SURFACE ( 'NONE', #1415, 9.750000000000001776 ) ;
#397 = CARTESIAN_POINT ( 'NONE',  ( 3.469446951953614189E-15, -8.673617379884035472E-16, -1.000000000000000000 ) ) ;
#398 = EDGE_LOOP ( 'NONE', ( #1842, #2846 ) ) ;
#399 = ADVANCED_FACE ( 'NONE', ( #1728 ), #1953, .F. ) ;
#400 = EDGE_CURVE ( 'NONE', #1144, #237, #961, .T. ) ;
#401 = ORIENTED_EDGE ( 'NONE', *, *, #448, .F. ) ;
#402 = DIRECTION ( 'NONE',  ( -0.000000000000000000, -1.000000000000000000, -0.000000000000000000 ) ) ;
#403 = LINE ( 'NONE', #1938, #2821 ) ;
#404 = EDGE_CURVE ( 'NONE', #1986, #729, #1840, .T. ) ;
#405 = CIRCLE ( 'NONE', #2478, 0.6250000000000005551 ) ;
#406 = CIRCLE ( 'NONE', #228, 0.4999999999999996669 ) ;
#407 = ORIENTED_EDGE ( 'NONE', *, *, #1177, .T. ) ;
#408 = DIRECTION ( 'NONE',  ( 0.000000000000000000, 0.000000000000000000, -1.000000000000000000 ) ) ;
#409 = DIRECTION ( 'NONE',  ( 0.000000000000000000, 0.000000000000000000, -1.000000000000000000 ) ) ;
#410 = DIRECTION ( 'NONE',  ( -0.000000000000000000, 0.000000000000000000, -1.000000000000000000 ) ) ;
#411 = AXIS2_PLACEMENT_3D ( 'NONE', #1851, #769, #1002 ) ;
#412 = VERTEX_POINT ( 'NONE', #1534 ) ;
#413 = EDGE_LOOP ( 'NONE', ( #2098, #1966, #428, #600, #930, #561, #2273 ) ) ;
#414 = VECTOR ( 'NONE', #86, 1000.000000000000000 ) ;
#415 = DIRECTION ( 'NONE',  ( 1.000000000000000000, 0.000000000000000000, 0.000000000000000000 ) ) ;
#416 = FACE_OUTER_BOUND ( 'NONE', #537, .T. ) ;
#417 = ORIENTED_EDGE ( 'NONE', *, *, #272, .T. ) ;
#418 = APPLICATION_CONTEXT ( 'automotive_design' ) ;
#419 = CARTESIAN_POINT ( 'NONE',  ( 13.05769514526328123, -4.374989958663632272, -0.09783330445576678136 ) ) ;
#420 = DIRECTION ( 'NONE',  ( 0.000000000000000000, 0.000000000000000000, 1.000000000000000000 ) ) ;
#421 = EDGE_CURVE ( 'NONE', #257, #750, #752, .T. ) ;
#422 = CIRCLE ( 'NONE', #2030, 0.6250000000000001110 ) ;
#423 = ORIENTED_EDGE ( 'NONE', *, *, #765, .T. ) ;
#424 = DIRECTION ( 'NONE',  ( -0.000000000000000000, -0.000000000000000000, 1.000000000000000000 ) ) ;
#425 = DIRECTION ( 'NONE',  ( 0.000000000000000000, 0.000000000000000000, -1.000000000000000000 ) ) ;
#426 = EDGE_CURVE ( 'NONE', #1738, #1240, #601, .T. ) ;
#427 = DIRECTION ( 'NONE',  ( -0.000000000000000000, -1.000000000000000000, -0.000000000000000000 ) ) ;
#428 = ORIENTED_EDGE ( 'NONE', *, *, #1138, .T. ) ;
#429 = ORIENTED_EDGE ( 'NONE', *, *, #1603, .F. ) ;
#430 = CARTESIAN_POINT ( 'NONE',  ( 14.50000000000000000, -6.000000000000000000, -0.001000000000000349568 ) ) ;
#431 = CARTESIAN_POINT ( 'NONE',  ( 1.575000000000000178, 0.000000000000000000, -2.000000000000000000 ) ) ;
#432 = ADVANCED_FACE ( 'NONE', ( #641 ), #2436, .T. ) ;
#433 = LINE ( 'NONE', #1504, #1105 ) ;
#434 = ADVANCED_FACE ( 'NONE', ( #911 ), #1975, .T. ) ;
#435 = CARTESIAN_POINT ( 'NONE',  ( 16.00000000000000000, 0.000000000000000000, 7.000000000000000888 ) ) ;
#436 = VERTEX_POINT ( 'NONE', #2406 ) ;
#437 = CARTESIAN_POINT ( 'NONE',  ( 0.000000000000000000, 0.000000000000000000, 1.500000000000000000 ) ) ;
#438 = CARTESIAN_POINT ( 'NONE',  ( 0.000000000000000000, 5.999999999999996447, 2.000000000000000000 ) ) ;
#439 = ADVANCED_FACE ( 'NONE', ( #470 ), #1325, .T. ) ;
#440 = DIRECTION ( 'NONE',  ( 2.602085213965210642E-15, -4.336808689942017736E-16, 1.000000000000000000 ) ) ;
#441 = VERTEX_POINT ( 'NONE', #2221 ) ;
#442 = VECTOR ( 'NONE', #2198, 1000.000000000000000 ) ;
#443 = VERTEX_POINT ( 'NONE', #252 ) ;
#444 = ORIENTED_EDGE ( 'NONE', *, *, #2039, .T. ) ;
#445 = DIRECTION ( 'NONE',  ( -1.000000000000000000, 0.000000000000000000, 0.000000000000000000 ) ) ;
#446 = CARTESIAN_POINT ( 'NONE',  ( 13.00000000000000178, 4.999999999999999112, -0.5010000000000001119 ) ) ;
#447 = EDGE_LOOP ( 'NONE', ( #634, #1399, #1909, #1823 ) ) ;
#448 = EDGE_CURVE ( 'NONE', #815, #2449, #1941, .T. ) ;
#449 = ORIENTED_EDGE ( 'NONE', *, *, #1568, .T. ) ;
#450 =( NAMED_UNIT ( * ) PLANE_ANGLE_UNIT ( ) SI_UNIT ( $, .RADIAN. ) );
#451 = LINE ( 'NONE', #435, #1128 ) ;
#452 = ORIENTED_EDGE ( 'NONE', *, *, #1721, .F. ) ;
#453 = ORIENTED_EDGE ( 'NONE', *, *, #2462, .T. ) ;
#454 = CARTESIAN_POINT ( 'NONE',  ( -16.00000000000000000, 0.000000000000000000, 0.000000000000000000 ) ) ;
#455 = EDGE_CURVE ( 'NONE', #152, #786, #1118, .T. ) ;
#456 = AXIS2_PLACEMENT_3D ( 'NONE', #1124, #1358, #2207 ) ;
#457 = DIRECTION ( 'NONE',  ( -0.000000000000000000, 0.000000000000000000, 1.000000000000000000 ) ) ;
#458 = VERTEX_POINT ( 'NONE', #2421 ) ;
#459 = EDGE_CURVE ( 'NONE', #2643, #1639, #1092, .T. ) ;
#460 = ORIENTED_EDGE ( 'NONE', *, *, #1396, .T. ) ;
#461 = VERTEX_POINT ( 'NONE', #2174 ) ;
#462 = FACE_BOUND ( 'NONE', #910, .T. ) ;
#463 = AXIS2_PLACEMENT_3D ( 'NONE', #70, #2027, #2040 ) ;
#464 = CARTESIAN_POINT ( 'NONE',  ( -9.000000000000000000, 0.000000000000000000, 2.000000000000000000 ) ) ;
#465 = AXIS2_PLACEMENT_3D ( 'NONE', #1652, #724, #1832 ) ;
#466 = CARTESIAN_POINT ( 'NONE',  ( 13.43628195711677442, -4.000000000000000000, -0.001000000000000024307 ) ) ;
#467 = CARTESIAN_POINT ( 'NONE',  ( -16.00000000000000000, 0.000000000000000000, 7.000000000000000888 ) ) ;
#468 = AXIS2_PLACEMENT_3D ( 'NONE', #1277, #2135, #174 ) ;
#469 = ORIENTED_EDGE ( 'NONE', *, *, #1894, .T. ) ;
#470 = FACE_OUTER_BOUND ( 'NONE', #1158, .T. ) ;
#471 = DIRECTION ( 'NONE',  ( 1.000000000000000000, 0.000000000000000000, 0.000000000000000000 ) ) ;
#472 = ORIENTED_EDGE ( 'NONE', *, *, #702, .T. ) ;
#473 = CIRCLE ( 'NONE', #2075, 0.6749999999999984901 ) ;
#474 = CARTESIAN_POINT ( 'NONE',  ( 13.25997350628599492, 4.430862156723804901, -0.03592545813880770877 ) ) ;
#475 = VERTEX_POINT ( 'NONE', #1107 ) ;
#476 = LINE ( 'NONE', #939, #903 ) ;
#477 = DIRECTION ( 'NONE',  ( -1.000000000000000000, -0.000000000000000000, -0.000000000000000000 ) ) ;
#478 = DIRECTION ( 'NONE',  ( 1.000000000000000000, 0.000000000000000000, 0.000000000000000000 ) ) ;
#479 = DIRECTION ( 'NONE',  ( 1.000000000000000000, 0.000000000000000000, 0.000000000000000000 ) ) ;
#480 = VECTOR ( 'NONE', #380, 1000.000000000000000 ) ;
#481 = ORIENTED_EDGE ( 'NONE', *, *, #830, .T. ) ;
#482 = ORIENTED_EDGE ( 'NONE', *, *, #2711, .F. ) ;
#483 = LINE ( 'NONE', #1872, #2587 ) ;
#484 = CARTESIAN_POINT ( 'NONE',  ( -14.00000000000000000, -5.000000000000000000, 7.000000000000000888 ) ) ;
#485 = CARTESIAN_POINT ( 'NONE',  ( 13.00000000000000178, -4.999999999999999112, -0.5010000000000001119 ) ) ;
#486 = CARTESIAN_POINT ( 'NONE',  ( 13.24263963521531728, 4.421928605619259045, -0.5009999346412351562 ) ) ;
#487 = VERTEX_POINT ( 'NONE', #8 ) ;
#488 = CARTESIAN_POINT ( 'NONE',  ( -12.58863541867602365, 5.999999999999999112, -0.001000000000000119066 ) ) ;
#489 = LINE ( 'NONE', #1600, #1835 ) ;
#490 = ORIENTED_EDGE ( 'NONE', *, *, #2532, .T. ) ;
#491 = DIRECTION ( 'NONE',  ( -1.000000000000000000, -0.000000000000000000, -0.000000000000000000 ) ) ;
#492 = CARTESIAN_POINT ( 'NONE',  ( -13.00000000000000178, 4.999999999999999112, 0.4989999999999998881 ) ) ;
#493 = ORIENTED_EDGE ( 'NONE', *, *, #907, .F. ) ;
#494 = CARTESIAN_POINT ( 'NONE',  ( 8.755364635274990093, 3.999999999999996447, 1.999999999999999556 ) ) ;
#495 = DIRECTION ( 'NONE',  ( 0.000000000000000000, -0.000000000000000000, -1.000000000000000000 ) ) ;
#496 = DIRECTION ( 'NONE',  ( -0.000000000000000000, 0.000000000000000000, 1.000000000000000000 ) ) ;
#497 = CARTESIAN_POINT ( 'NONE',  ( 9.375000000000000000, 7.999999999999996447, 1.500000000000000888 ) ) ;
#498 = EDGE_CURVE ( 'NONE', #2156, #786, #888, .T. ) ;
#499 = AXIS2_PLACEMENT_3D ( 'NONE', #1718, #627, #2326 ) ;
#500 = AXIS2_PLACEMENT_3D ( 'NONE', #2779, #1893, #309 ) ;
#501 = ORIENTED_EDGE ( 'NONE', *, *, #2170, .T. ) ;
#502 = CARTESIAN_POINT ( 'NONE',  ( -9.000000000000000000, 5.999999999999998224, 1.000000000000000000 ) ) ;
#503 = DIRECTION ( 'NONE',  ( -1.000000000000000000, 0.000000000000000000, 0.000000000000000000 ) ) ;
#504 = FACE_OUTER_BOUND ( 'NONE', #1229, .T. ) ;
#505 = DIRECTION ( 'NONE',  ( 0.000000000000000000, 0.000000000000000000, -1.000000000000000000 ) ) ;
#506 = AXIS2_PLACEMENT_3D ( 'NONE', #825, #1004, #2137 ) ;
#507 = ORIENTED_EDGE ( 'NONE', *, *, #2327, .F. ) ;
#508 = EDGE_CURVE ( 'NONE', #2498, #1296, #1123, .T. ) ;
#509 = DIRECTION ( 'NONE',  ( 0.000000000000000000, 0.000000000000000000, -1.000000000000000000 ) ) ;
#510 = DIRECTION ( 'NONE',  ( 0.000000000000000000, 0.000000000000000000, 1.000000000000000000 ) ) ;
#511 = EDGE_CURVE ( 'NONE', #1414, #2617, #276, .T. ) ;
#512 = DIRECTION ( 'NONE',  ( -1.000000000000000000, -0.000000000000000000, -0.000000000000000000 ) ) ;
#513 = AXIS2_PLACEMENT_3D ( 'NONE', #2686, #509, #49 ) ;
#514 = CARTESIAN_POINT ( 'NONE',  ( -13.00000000000000178, -4.999999999999999112, 0.4989999999999998881 ) ) ;
#515 = ORIENTED_EDGE ( 'NONE', *, *, #812, .T. ) ;
#516 = ADVANCED_BREP_SHAPE_REPRESENTATION ( 'P001-B114_SquareDynamoTop_4', ( #802, #1036 ), #611 ) ;
#517 = DIRECTION ( 'NONE',  ( 0.000000000000000000, 0.000000000000000000, -1.000000000000000000 ) ) ;
#518 = DIRECTION ( 'NONE',  ( 0.000000000000000000, 0.000000000000000000, -1.000000000000000000 ) ) ;
#519 = CARTESIAN_POINT ( 'NONE',  ( 14.00000000000000000, -6.000000000000000000, 7.000000000000000888 ) ) ;
#520 = VERTEX_POINT ( 'NONE', #979 ) ;
#521 = AXIS2_PLACEMENT_3D ( 'NONE', #1283, #2585, #1692 ) ;
#522 = PLANE ( 'NONE',  #2492 ) ;
#523 = CARTESIAN_POINT ( 'NONE',  ( 13.51538820320115164, 5.999999999999998224, -0.001000000000000024307 ) ) ;
#524 = VERTEX_POINT ( 'NONE', #2237 ) ;
#525 = DIRECTION ( 'NONE',  ( 0.000000000000000000, -6.938893903907227392E-16, 1.000000000000000000 ) ) ;
#526 = CARTESIAN_POINT ( 'NONE',  ( 9.165151389911683211, -3.999999999999998224, 1.500000000000000000 ) ) ;
#527 = EDGE_CURVE ( 'NONE', #1779, #1547, #97, .T. ) ;
#528 = PRODUCT ( 'P001-B114_SquareDynamoTop_4', 'P001-B114_SquareDynamoTop_4', '', ( #2347 ) ) ;
#529 = ORIENTED_EDGE ( 'NONE', *, *, #1087, .T. ) ;
#530 = EDGE_CURVE ( 'NONE', #622, #317, #145, .T. ) ;
#531 = CARTESIAN_POINT ( 'NONE',  ( -13.00000000000000178, 4.999999999999999112, 2.499000000000000110 ) ) ;
#532 = ADVANCED_FACE ( 'NONE', ( #104, #1208 ), #1580, .F. ) ;
#533 = CARTESIAN_POINT ( 'NONE',  ( 13.19736682474890443, 4.398595533179062045, -0.5009999999999998899 ) ) ;
#534 = CARTESIAN_POINT ( 'NONE',  ( -16.00000000000000000, -4.000000000000000000, 7.000000000000000888 ) ) ;
#535 = VECTOR ( 'NONE', #840, 1000.000000000000000 ) ;
#536 = EDGE_CURVE ( 'NONE', #2277, #1996, #984, .T. ) ;
#537 = EDGE_LOOP ( 'NONE', ( #350, #331, #2597, #2411 ) ) ;
#538 = DIRECTION ( 'NONE',  ( -0.000000000000000000, -0.000000000000000000, 1.000000000000000000 ) ) ;
#539 = CARTESIAN_POINT ( 'NONE',  ( 14.00000000000000000, -5.000000000000000000, 7.500000000000001776 ) ) ;
#540 = CARTESIAN_POINT ( 'NONE',  ( -8.616843969807046477, 3.999999999999997335, 2.000000000000000000 ) ) ;
#541 = CARTESIAN_POINT ( 'NONE',  ( 12.56371804288323801, 3.999999999999998224, -0.001000000000000024307 ) ) ;
#542 = ORIENTED_EDGE ( 'NONE', *, *, #1366, .F. ) ;
#543 = ADVANCED_FACE ( 'NONE', ( #748 ), #522, .F. ) ;
#544 = DIRECTION ( 'NONE',  ( 1.000000000000000000, 5.329070518200751394E-15, 0.000000000000000000 ) ) ;
#545 = AXIS2_PLACEMENT_3D ( 'NONE', #2052, #2231, #758 ) ;
#546 = CARTESIAN_POINT ( 'NONE',  ( 13.00000000000000178, 4.999999999999999112, -0.5010000000000001119 ) ) ;
#547 = FACE_OUTER_BOUND ( 'NONE', #813, .T. ) ;
#548 = ORIENTED_EDGE ( 'NONE', *, *, #498, .F. ) ;
#549 = CARTESIAN_POINT ( 'NONE',  ( -16.00000000000000000, 5.999999999999998224, -0.0009999999999999158867 ) ) ;
#550 = CARTESIAN_POINT ( 'NONE',  ( 13.19509031831501211, 5.595817527385305468, -0.4961774597967257283 ) ) ;
#551 = ORIENTED_EDGE ( 'NONE', *, *, #102, .T. ) ;
#552 = VECTOR ( 'NONE', #1236, 1000.000000000000000 ) ;
#553 = ORIENTED_EDGE ( 'NONE', *, *, #2581, .T. ) ;
#554 = VECTOR ( 'NONE', #1918, 1000.000000000000000 ) ;
#555 = LINE ( 'NONE', #2078, #1570 ) ;
#556 = CARTESIAN_POINT ( 'NONE',  ( -14.00000000000000000, -5.000000000000000000, 9.000000000000001776 ) ) ;
#557 = VECTOR ( 'NONE', #1490, 1000.000000000000000 ) ;
#558 = ORIENTED_EDGE ( 'NONE', *, *, #850, .T. ) ;
#559 = CARTESIAN_POINT ( 'NONE',  ( -14.00000000000000000, 0.000000000000000000, 9.000000000000001776 ) ) ;
#560 = AXIS2_PLACEMENT_3D ( 'NONE', #1020, #774, #1227 ) ;
#561 = ORIENTED_EDGE ( 'NONE', *, *, #2775, .T. ) ;
#562 = CYLINDRICAL_SURFACE ( 'NONE', #1653, 10.00000000000000178 ) ;
#563 = CARTESIAN_POINT ( 'NONE',  ( 0.000000000000000000, 0.000000000000000000, 2.000000000000000000 ) ) ;
#564 = EDGE_LOOP ( 'NONE', ( #16, #191, #678, #2195 ) ) ;
#565 = DIRECTION ( 'NONE',  ( 1.000000000000000000, 0.000000000000000000, 0.000000000000000000 ) ) ;
#566 = LINE ( 'NONE', #1271, #1758 ) ;
#567 = AXIS2_PLACEMENT_3D ( 'NONE', #1582, #2059, #2253 ) ;
#568 = ORIENTED_EDGE ( 'NONE', *, *, #2039, .F. ) ;
#569 = CARTESIAN_POINT ( 'NONE',  ( 13.51538820320207179, -6.000000000000000000, -0.001000000000000024307 ) ) ;
#570 = DIRECTION ( 'NONE',  ( -0.000000000000000000, 1.000000000000000000, 4.334641369257388842E-16 ) ) ;
#571 = AXIS2_PLACEMENT_3D ( 'NONE', #2203, #859, #1089 ) ;
#572 = AXIS2_PLACEMENT_3D ( 'NONE', #875, #2612, #2838 ) ;
#573 = EDGE_CURVE ( 'NONE', #2311, #1970, #920, .T. ) ;
#574 = DIRECTION ( 'NONE',  ( -0.000000000000000000, 0.000000000000000000, 1.000000000000000000 ) ) ;
#575 = ORIENTED_EDGE ( 'NONE', *, *, #2532, .F. ) ;
#576 = FACE_OUTER_BOUND ( 'NONE', #2379, .T. ) ;
#577 = DIRECTION ( 'NONE',  ( 1.000000000000000000, -0.000000000000000000, 0.000000000000000000 ) ) ;
#578 = ORIENTED_EDGE ( 'NONE', *, *, #708, .F. ) ;
#579 = ORIENTED_EDGE ( 'NONE', *, *, #113, .F. ) ;
#580 = CYLINDRICAL_SURFACE ( 'NONE', #328, 1.575000000000000178 ) ;
#581 = ORIENTED_EDGE ( 'NONE', *, *, #1861, .T. ) ;
#582 = CARTESIAN_POINT ( 'NONE',  ( 9.000000000000000000, 5.999999999999995559, 9.000000000000001776 ) ) ;
#583 = EDGE_CURVE ( 'NONE', #161, #672, #2603, .T. ) ;
#584 = ORIENTED_EDGE ( 'NONE', *, *, #1096, .T. ) ;
#585 = CYLINDRICAL_SURFACE ( 'NONE', #2319, 10.00000000000000178 ) ;
#586 = CARTESIAN_POINT ( 'NONE',  ( -14.00000000000000000, 5.999999999999995559, 7.000000000000000888 ) ) ;
#587 = VERTEX_POINT ( 'NONE', #1592 ) ;
#588 = DIRECTION ( 'NONE',  ( 1.000000000000000000, 7.885106708985487801E-17, 0.000000000000000000 ) ) ;
#589 = CARTESIAN_POINT ( 'NONE',  ( -9.099062573740406279, 3.999999999999998224, 1.771892410536589857 ) ) ;
#590 = LINE ( 'NONE', #2537, #159 ) ;
#591 = AXIS2_PLACEMENT_3D ( 'NONE', #1372, #425, #1551 ) ;
#592 = ORIENTED_EDGE ( 'NONE', *, *, #143, .F. ) ;
#593 = PRESENTATION_LAYER_ASSIGNMENT (  '', '', ( #1830 ) ) ;
#594 = CARTESIAN_POINT ( 'NONE',  ( 12.94208180984921697, -4.375010060856519445, -0.09781584590160138926 ) ) ;
#595 = CARTESIAN_POINT ( 'NONE',  ( 7.685213074469703365, -6.000000000000000000, 27.57716446627535234 ) ) ;
#596 = ORIENTED_EDGE ( 'NONE', *, *, #200, .F. ) ;
#597 = CARTESIAN_POINT ( 'NONE',  ( 12.71367322044380899, -5.555555555555859115, -0.5010000000000001119 ) ) ;
#598 = DIRECTION ( 'NONE',  ( 1.000000000000000000, 0.000000000000000000, 0.000000000000000000 ) ) ;
#599 = VECTOR ( 'NONE', #2376, 1000.000000000000000 ) ;
#600 = ORIENTED_EDGE ( 'NONE', *, *, #2845, .T. ) ;
#601 = CIRCLE ( 'NONE', #1264, 0.6250000000000002220 ) ;
#602 = LINE ( 'NONE', #1219, #2647 ) ;
#603 = DIRECTION ( 'NONE',  ( 1.000000000000000000, 0.000000000000000000, 0.000000000000000000 ) ) ;
#604 = ORIENTED_EDGE ( 'NONE', *, *, #26, .F. ) ;
#605 = ADVANCED_FACE ( 'NONE', ( #2278, #2499 ), #963, .T. ) ;
#606 = CARTESIAN_POINT ( 'NONE',  ( 12.56320414889906623, -4.000000000000000000, -0.001000000000000024307 ) ) ;
#607 = CARTESIAN_POINT ( 'NONE',  ( 14.00000000000000000, 5.999999999999995559, 7.000000000000000888 ) ) ;
#608 = ORIENTED_EDGE ( 'NONE', *, *, #2681, .T. ) ;
#609 = CARTESIAN_POINT ( 'NONE',  ( 12.48461179679885547, -6.000000000000000000, -0.001000000000000024307 ) ) ;
#610 = CARTESIAN_POINT ( 'NONE',  ( -12.38305186603735031, -6.000000000000000000, -0.001000000000000024307 ) ) ;
#611 =( GEOMETRIC_REPRESENTATION_CONTEXT ( 3 ) GLOBAL_UNCERTAINTY_ASSIGNED_CONTEXT ( ( #616 ) ) GLOBAL_UNIT_ASSIGNED_CONTEXT ( ( #1661, #1239, #1005 ) ) REPRESENTATION_CONTEXT ( 'NONE', 'WORKASPACE' ) );
#612 = EDGE_CURVE ( 'NONE', #2783, #1957, #196, .T. ) ;
#613 = CARTESIAN_POINT ( 'NONE',  ( 0.000000000000000000, 0.000000000000000000, -0.001000000000000000021 ) ) ;
#614 = EDGE_CURVE ( 'NONE', #1562, #740, #733, .T. ) ;
#615 = VECTOR ( 'NONE', #2130, 1000.000000000000000 ) ;
#616 = UNCERTAINTY_MEASURE_WITH_UNIT (LENGTH_MEASURE( 1.000000000000000082E-05 ), #1661, 'distance_accuracy_value', 'NONE');
#617 = EDGE_CURVE ( 'NONE', #2833, #167, #1800, .T. ) ;
#618 = CARTESIAN_POINT ( 'NONE',  ( -10.00000000000000178, 0.000000000000000000, 2.000000000000000000 ) ) ;
#619 = DIRECTION ( 'NONE',  ( 1.000000000000000000, 0.000000000000000000, 0.000000000000000000 ) ) ;
#620 = ORIENTED_EDGE ( 'NONE', *, *, #1833, .F. ) ;
#621 = CARTESIAN_POINT ( 'NONE',  ( 13.04973782496068502, -4.374992390139921028, -0.4851193827933463765 ) ) ;
#622 = VERTEX_POINT ( 'NONE', #1194 ) ;
#623 = DIRECTION ( 'NONE',  ( -1.000000000000000000, 0.000000000000000000, 0.000000000000000000 ) ) ;
#624 = ADVANCED_FACE ( 'NONE', ( #88 ), #1843, .F. ) ;
#625 = ORIENTED_EDGE ( 'NONE', *, *, #61, .F. ) ;
#626 = DIRECTION ( 'NONE',  ( -0.000000000000000000, 0.000000000000000000, 1.000000000000000000 ) ) ;
#627 = DIRECTION ( 'NONE',  ( 0.8888888888889503459, 0.4581228472907319382, 6.516674956227878546E-14 ) ) ;
#628 = VECTOR ( 'NONE', #821, 1000.000000000000000 ) ;
#629 = CARTESIAN_POINT ( 'NONE',  ( 7.654042494670960318E-17, 2.232233047033624906, 7.500000000000000000 ) ) ;
#630 = EDGE_CURVE ( 'NONE', #1235, #768, #483, .T. ) ;
#631 = ORIENTED_EDGE ( 'NONE', *, *, #154, .F. ) ;
#632 = DIRECTION ( 'NONE',  ( 1.000000000000000000, 0.000000000000000000, 0.000000000000000000 ) ) ;
#633 = CARTESIAN_POINT ( 'NONE',  ( -14.00000000000000000, 0.000000000000000000, 9.000000000000001776 ) ) ;
#634 = ORIENTED_EDGE ( 'NONE', *, *, #1955, .T. ) ;
#635 = EDGE_CURVE ( 'NONE', #237, #2127, #2162, .T. ) ;
#636 = SURFACE_STYLE_USAGE ( .BOTH. , #2609 ) ;
#637 = CARTESIAN_POINT ( 'NONE',  ( -11.82500000000000284, -4.999999999999999112, 0.4989999999999998881 ) ) ;
#638 = CIRCLE ( 'NONE', #1735, 0.5000000000000000000 ) ;
#639 = EDGE_CURVE ( 'NONE', #170, #1960, #1241, .T. ) ;
#640 = VERTEX_POINT ( 'NONE', #1270 ) ;
#641 = FACE_OUTER_BOUND ( 'NONE', #1805, .T. ) ;
#642 = CARTESIAN_POINT ( 'NONE',  ( 13.00000000000000178, -4.999999999999999112, -2.001000000000000334 ) ) ;
#643 = LINE ( 'NONE', #25, #2583 ) ;
#644 = AXIS2_PLACEMENT_3D ( 'NONE', #83, #972, #1587 ) ;
#645 = EDGE_CURVE ( 'NONE', #2798, #2482, #1073, .T. ) ;
#646 = VERTEX_POINT ( 'NONE', #2322 ) ;
#647 = AXIS2_PLACEMENT_3D ( 'NONE', #563, #2361, #2331 ) ;
#648 = DIRECTION ( 'NONE',  ( 0.000000000000000000, 0.000000000000000000, -1.000000000000000000 ) ) ;
#649 = FACE_OUTER_BOUND ( 'NONE', #2216, .T. ) ;
#650 = EDGE_CURVE ( 'NONE', #962, #1981, #151, .T. ) ;
#651 = CARTESIAN_POINT ( 'NONE',  ( 13.62500000000000178, 4.999999999999999112, -0.5010000000000001119 ) ) ;
#652 = DIRECTION ( 'NONE',  ( -0.000000000000000000, -1.000000000000000000, -0.000000000000000000 ) ) ;
#653 = ORIENTED_EDGE ( 'NONE', *, *, #1049, .F. ) ;
#654 = CARTESIAN_POINT ( 'NONE',  ( -9.165151389911695645, -4.000000000000000000, 1.638949847453084363 ) ) ;
#655 = EDGE_CURVE ( 'NONE', #2574, #1446, #98, .T. ) ;
#656 = DIRECTION ( 'NONE',  ( -0.000000000000000000, -0.000000000000000000, 1.000000000000000000 ) ) ;
#657 = CARTESIAN_POINT ( 'NONE',  ( 13.51538820320220857, 3.999999999999998224, -0.001000000000000024307 ) ) ;
#658 = ADVANCED_FACE ( 'NONE', ( #2795 ), #2740, .F. ) ;
#659 = EDGE_LOOP ( 'NONE', ( #754, #339, #2479, #844, #2397, #551, #283, #1310, #1038 ) ) ;
#660 = ORIENTED_EDGE ( 'NONE', *, *, #1678, .F. ) ;
#661 = VERTEX_POINT ( 'NONE', #2754 ) ;
#662 = TOROIDAL_SURFACE ( 'NONE', #2269, 9.500000000000001776, 0.5000000000000000000 ) ;
#663 = EDGE_CURVE ( 'NONE', #1437, #1254, #2100, .T. ) ;
#664 = ORIENTED_EDGE ( 'NONE', *, *, #1143, .F. ) ;
#665 = CARTESIAN_POINT ( 'NONE',  ( 12.71367322044321746, 5.555555555555554470, -0.5010000000000000009 ) ) ;
#666 = DIRECTION ( 'NONE',  ( 0.000000000000000000, 0.000000000000000000, -1.000000000000000000 ) ) ;
#667 = ORIENTED_EDGE ( 'NONE', *, *, #1894, .F. ) ;
#668 = ORIENTED_EDGE ( 'NONE', *, *, #669, .T. ) ;
#669 = EDGE_CURVE ( 'NONE', #587, #1820, #166, .T. ) ;
#670 = CARTESIAN_POINT ( 'NONE',  ( 14.00000000000000178, -6.000000000000000000, 7.500000000000001776 ) ) ;
#671 = EDGE_CURVE ( 'NONE', #2321, #167, #177, .T. ) ;
#672 = VERTEX_POINT ( 'NONE', #1438 ) ;
#673 = CARTESIAN_POINT ( 'NONE',  ( 13.00000000000000178, 4.999999999999999112, -2.001000000000000334 ) ) ;
#674 = DIRECTION ( 'NONE',  ( 0.000000000000000000, 0.000000000000000000, 1.000000000000000000 ) ) ;
#675 = DIRECTION ( 'NONE',  ( 0.000000000000000000, 1.000000000000000000, 0.000000000000000000 ) ) ;
#676 = CIRCLE ( 'NONE', #2280, 10.00000000000000178 ) ;
#677 = VERTEX_POINT ( 'NONE', #1494 ) ;
#678 = ORIENTED_EDGE ( 'NONE', *, *, #312, .T. ) ;
#679 = CARTESIAN_POINT ( 'NONE',  ( -13.20511305644677869, 5.999999999999999112, 0.02389557613734513003 ) ) ;
#680 = CARTESIAN_POINT ( 'NONE',  ( 12.37500000000000000, 4.999999999999999112, -2.001000000000000334 ) ) ;
#681 = ORIENTED_EDGE ( 'NONE', *, *, #1456, .F. ) ;
#682 = CIRCLE ( 'NONE', #991, 1.125000000000000888 ) ;
#683 = CARTESIAN_POINT ( 'NONE',  ( 1.575000000000000178, 0.000000000000000000, -1.000000000000000000 ) ) ;
#684 = CARTESIAN_POINT ( 'NONE',  ( -12.38305186603735031, 3.999999999999998224, -0.001000000000000024307 ) ) ;
#685 = ORIENTED_EDGE ( 'NONE', *, *, #1028, .F. ) ;
#686 = ORIENTED_EDGE ( 'NONE', *, *, #2525, .F. ) ;
#687 = DIRECTION ( 'NONE',  ( 1.000000000000000000, 0.000000000000000000, 0.000000000000000000 ) ) ;
#688 = LINE ( 'NONE', #1565, #308 ) ;
#689 = AXIS2_PLACEMENT_3D ( 'NONE', #2741, #302, #764 ) ;
#690 = CARTESIAN_POINT ( 'NONE',  ( 12.71367322044321746, -4.444444444444443754, -0.5010000000000001119 ) ) ;
#691 = ORIENTED_EDGE ( 'NONE', *, *, #614, .F. ) ;
#692 = PLANE ( 'NONE',  #2561 ) ;
#693 = CIRCLE ( 'NONE', #140, 0.6250000000000005551 ) ;
#694 = CARTESIAN_POINT ( 'NONE',  ( -12.38305186603734676, -4.000000000000000000, -0.0009999999999999158867 ) ) ;
#695 = AXIS2_PLACEMENT_3D ( 'NONE', #59, #744, #2464 ) ;
#696 = ORIENTED_EDGE ( 'NONE', *, *, #1430, .F. ) ;
#697 = EDGE_LOOP ( 'NONE', ( #452, #2180, #1223, #2667 ) ) ;
#698 = FACE_OUTER_BOUND ( 'NONE', #1471, .T. ) ;
#699 = LINE ( 'NONE', #208, #385 ) ;
#700 = CIRCLE ( 'NONE', #929, 9.750000000000001776 ) ;
#701 = ORIENTED_EDGE ( 'NONE', *, *, #1720, .T. ) ;
#702 = EDGE_CURVE ( 'NONE', #2554, #1845, #473, .T. ) ;
#703 = DIRECTION ( 'NONE',  ( -0.000000000000000000, 0.000000000000000000, 1.000000000000000000 ) ) ;
#704 = CARTESIAN_POINT ( 'NONE',  ( 12.80257613282856255, -5.601375067829280852, -0.5009999999999996678 ) ) ;
#705 = AXIS2_PLACEMENT_3D ( 'NONE', #870, #2649, #2623 ) ;
#706 = CARTESIAN_POINT ( 'NONE',  ( 16.00000000000000000, 3.999999999999998224, -0.0009999999999999158867 ) ) ;
#707 = CARTESIAN_POINT ( 'NONE',  ( 13.04992889078347318, 4.375007624462536882, -0.4851264605451171552 ) ) ;
#708 = EDGE_CURVE ( 'NONE', #2321, #2204, #134, .T. ) ;
#709 = EDGE_LOOP ( 'NONE', ( #2427, #575, #987, #2332 ) ) ;
#710 = LINE ( 'NONE', #2693, #394 ) ;
#711 = ADVANCED_FACE ( 'NONE', ( #388 ), #580, .F. ) ;
#712 = LINE ( 'NONE', #2229, #1789 ) ;
#713 = ADVANCED_FACE ( 'NONE', ( #2584 ), #1538, .F. ) ;
#714 = B_SPLINE_CURVE_WITH_KNOTS ( 'NONE', 3,
 ( #1630, #533, #1999, #261, #2013, #347 ),
 .UNSPECIFIED., .F., .F.,
 ( 4, 2, 4 ),
 ( 0.000000000000000000, 0.0002984419316848435167, 0.0005968838633696870333 ),
 .UNSPECIFIED. ) ;
#715 = VERTEX_POINT ( 'NONE', #1120 ) ;
#716 = ORIENTED_EDGE ( 'NONE', *, *, #835, .F. ) ;
#717 = CARTESIAN_POINT ( 'NONE',  ( 12.48461179679779320, -6.000000000000000000, -0.001000000000000000021 ) ) ;
#718 = DIRECTION ( 'NONE',  ( 1.000000000000000000, 0.000000000000000000, 0.000000000000000000 ) ) ;
#719 = CIRCLE ( 'NONE', #2316, 0.6250000000000005551 ) ;
#720 = ORIENTED_EDGE ( 'NONE', *, *, #2834, .T. ) ;
#721 = DIRECTION ( 'NONE',  ( 0.000000000000000000, 0.000000000000000000, 1.000000000000000000 ) ) ;
#722 = DIRECTION ( 'NONE',  ( 0.000000000000000000, 0.000000000000000000, -1.000000000000000000 ) ) ;
#723 = CARTESIAN_POINT ( 'NONE',  ( 16.00000000000000000, 5.999999999999998224, -0.0009999999999999158867 ) ) ;
#724 = DIRECTION ( 'NONE',  ( 0.000000000000000000, -1.000000000000000000, 0.000000000000000000 ) ) ;
#725 = VERTEX_POINT ( 'NONE', #1767 ) ;
#726 = CARTESIAN_POINT ( 'NONE',  ( -14.00000000000000000, 3.999999999999997335, 9.000000000000001776 ) ) ;
#727 = LINE ( 'NONE', #1777, #1160 ) ;
#728 = ADVANCED_FACE ( 'NONE', ( #1321 ), #1577, .F. ) ;
#729 = VERTEX_POINT ( 'NONE', #1074 ) ;
#730 = DIRECTION ( 'NONE',  ( -0.000000000000000000, 0.000000000000000000, 1.000000000000000000 ) ) ;
#731 = DIRECTION ( 'NONE',  ( -1.000000000000000000, 0.000000000000000000, 0.000000000000000000 ) ) ;
#732 = ORIENTED_EDGE ( 'NONE', *, *, #313, .T. ) ;
#733 = LINE ( 'NONE', #289, #986 ) ;
#734 = DIRECTION ( 'NONE',  ( 1.000000000000000000, -1.776356839400250465E-15, 0.000000000000000000 ) ) ;
#735 = ORIENTED_EDGE ( 'NONE', *, *, #26, .T. ) ;
#736 = LINE ( 'NONE', #1196, #1803 ) ;
#737 = CARTESIAN_POINT ( 'NONE',  ( -1.575000000000000178, 1.928818708657081591E-16, -1.000000000000000000 ) ) ;
#738 = CIRCLE ( 'NONE', #2476, 1.125000000000000888 ) ;
#739 = AXIS2_PLACEMENT_3D ( 'NONE', #2261, #2029, #2480 ) ;
#740 = VERTEX_POINT ( 'NONE', #651 ) ;
#741 = EDGE_CURVE ( 'NONE', #353, #815, #1529, .T. ) ;
#742 = LINE ( 'NONE', #1793, #1201 ) ;
#743 = DIRECTION ( 'NONE',  ( 1.000000000000000000, 0.000000000000000000, 0.000000000000000000 ) ) ;
#744 = DIRECTION ( 'NONE',  ( -0.000000000000000000, 1.000000000000000000, 4.003208021484940511E-16 ) ) ;
#745 = VECTOR ( 'NONE', #2306, 1000.000000000000000 ) ;
#746 = EDGE_CURVE ( 'NONE', #1616, #1748, #433, .T. ) ;
#747 = ORIENTED_EDGE ( 'NONE', *, *, #617, .T. ) ;
#748 = FACE_OUTER_BOUND ( 'NONE', #1617, .T. ) ;
#749 = CARTESIAN_POINT ( 'NONE',  ( 13.17855537842586955, 5.999999999999999112, -0.0009999999999997478354 ) ) ;
#750 = VERTEX_POINT ( 'NONE', #683 ) ;
#751 = DIRECTION ( 'NONE',  ( 1.000000000000000000, 0.000000000000000000, 0.000000000000000000 ) ) ;
#752 = CIRCLE ( 'NONE', #2586, 1.575000000000000178 ) ;
#753 = DIRECTION ( 'NONE',  ( 0.000000000000000000, -0.000000000000000000, -1.000000000000000000 ) ) ;
#754 = ORIENTED_EDGE ( 'NONE', *, *, #2348, .F. ) ;
#755 = CARTESIAN_POINT ( 'NONE',  ( 7.654042494670966481E-17, 3.999999999999994671, 7.500000000000000000 ) ) ;
#756 = ADVANCED_FACE ( 'NONE', ( #1352 ), #1967, .T. ) ;
#757 = EDGE_LOOP ( 'NONE', ( #1451, #1083 ) ) ;
#758 = DIRECTION ( 'NONE',  ( -1.000000000000000000, 0.000000000000000000, 0.000000000000000000 ) ) ;
#759 = CARTESIAN_POINT ( 'NONE',  ( 0.000000000000000000, 8.000000000000000000, 2.000000000000000000 ) ) ;
#760 = AXIS2_PLACEMENT_3D ( 'NONE', #2531, #966, #266 ) ;
#761 = EDGE_LOOP ( 'NONE', ( #1462, #407, #2569, #1897 ) ) ;
#762 = AXIS2_PLACEMENT_3D ( 'NONE', #582, #623, #2141 ) ;
#763 = CARTESIAN_POINT ( 'NONE',  ( 0.000000000000000000, 2.232233047033626683, 3.250000000000002220 ) ) ;
#764 = DIRECTION ( 'NONE',  ( 0.000000000000000000, 0.000000000000000000, 1.000000000000000000 ) ) ;
#765 = EDGE_CURVE ( 'NONE', #443, #2244, #1060, .T. ) ;
#766 = CARTESIAN_POINT ( 'NONE',  ( 0.000000000000000000, 0.000000000000000000, 1.500000000000000000 ) ) ;
#767 = CARTESIAN_POINT ( 'NONE',  ( 12.71367322044321924, 4.444444444444442865, -0.5010000000000001119 ) ) ;
#768 = VERTEX_POINT ( 'NONE', #2824 ) ;
#769 = DIRECTION ( 'NONE',  ( -0.000000000000000000, 1.000000000000000000, -0.000000000000000000 ) ) ;
#770 = DIRECTION ( 'NONE',  ( -0.000000000000000000, -0.000000000000000000, -1.000000000000000000 ) ) ;
#771 = CARTESIAN_POINT ( 'NONE',  ( -11.82500000000000284, -4.999999999999999112, -0.001000000000000078517 ) ) ;
#772 = VECTOR ( 'NONE', #1130, 1000.000000000000000 ) ;
#773 = ORIENTED_EDGE ( 'NONE', *, *, #1244, .T. ) ;
#774 = DIRECTION ( 'NONE',  ( -0.8888888888893741180, 0.4581228472899098181, 5.022608015034913168E-13 ) ) ;
#775 = CARTESIAN_POINT ( 'NONE',  ( 9.500000000000001776, 0.000000000000000000, 1.500000000000000000 ) ) ;
#776 = ORIENTED_EDGE ( 'NONE', *, *, #2183, .T. ) ;
#777 = DIRECTION ( 'NONE',  ( -0.000000000000000000, -1.000000000000000000, -0.000000000000000000 ) ) ;
#778 = CARTESIAN_POINT ( 'NONE',  ( 3.469446951953614189E-15, -8.673617379884035472E-16, 0.000000000000000000 ) ) ;
#779 = VERTEX_POINT ( 'NONE', #193 ) ;
#780 = CARTESIAN_POINT ( 'NONE',  ( -11.00000000000000000, 8.000000000000000000, 9.000000000000001776 ) ) ;
#781 = AXIS2_PLACEMENT_3D ( 'NONE', #2550, #2304, #329 ) ;
#782 = ORIENTED_EDGE ( 'NONE', *, *, #2564, .F. ) ;
#783 = DIRECTION ( 'NONE',  ( 0.000000000000000000, 0.000000000000000000, -1.000000000000000000 ) ) ;
#784 = DIRECTION ( 'NONE',  ( 0.000000000000000000, 0.000000000000000000, -1.000000000000000000 ) ) ;
#785 = VERTEX_POINT ( 'NONE', #17 ) ;
#786 = VERTEX_POINT ( 'NONE', #1937 ) ;
#787 = DIRECTION ( 'NONE',  ( 0.000000000000000000, -0.000000000000000000, -1.000000000000000000 ) ) ;
#788 = DIRECTION ( 'NONE',  ( 0.000000000000000000, 4.336808689942017736E-16, -1.000000000000000000 ) ) ;
#789 = EDGE_LOOP ( 'NONE', ( #1541, #625, #868, #2794 ) ) ;
#790 = AXIS2_PLACEMENT_3D ( 'NONE', #2645, #1514, #2 ) ;
#791 = EDGE_LOOP ( 'NONE', ( #2235, #1076, #981, #2600, #1050, #1884 ) ) ;
#792 = CIRCLE ( 'NONE', #2155, 0.6250000000000005551 ) ;
#793 = CARTESIAN_POINT ( 'NONE',  ( 12.88397359749710880, -5.616453361547246281, -0.09109649580184187023 ) ) ;
#794 = CARTESIAN_POINT ( 'NONE',  ( 8.062257748298547355, -3.999999999999998224, 0.000000000000000000 ) ) ;
#795 = ORIENTED_EDGE ( 'NONE', *, *, #838, .T. ) ;
#796 = CARTESIAN_POINT ( 'NONE',  ( 13.00000000000000178, -4.999999999999999112, -2.001000000000000334 ) ) ;
#797 = ADVANCED_FACE ( 'NONE', ( #1920 ), #970, .F. ) ;
#798 = DIRECTION ( 'NONE',  ( 0.000000000000000000, -1.000000000000000000, -4.003208021484940511E-16 ) ) ;
#799 = ORIENTED_EDGE ( 'NONE', *, *, #2283, .F. ) ;
#800 = CARTESIAN_POINT ( 'NONE',  ( -13.00000000000000178, -4.999999999999999112, 2.499000000000000110 ) ) ;
#801 = CARTESIAN_POINT ( 'NONE',  ( -11.00000000000000000, 8.000000000000000000, 9.000000000000001776 ) ) ;
#802 = MANIFOLD_SOLID_BREP ( 'Combine2', #2070 ) ;
#803 = VECTOR ( 'NONE', #96, 1000.000000000000000 ) ;
#804 = ADVANCED_FACE ( 'NONE', ( #504 ), #5, .F. ) ;
#805 = VERTEX_POINT ( 'NONE', #248 ) ;
#806 = DIRECTION ( 'NONE',  ( -0.000000000000000000, -0.000000000000000000, -1.000000000000000000 ) ) ;
#807 = CARTESIAN_POINT ( 'NONE',  ( 13.09965313810787713, -4.375000672361867515, -0.4851232307615091499 ) ) ;
#808 = CARTESIAN_POINT ( 'NONE',  ( 16.00000000000000000, -5.000000000000000000, 7.000000000000000888 ) ) ;
#809 = DIRECTION ( 'NONE',  ( 1.000000000000000000, 0.000000000000000000, 0.000000000000000000 ) ) ;
#810 = DIRECTION ( 'NONE',  ( -1.000000000000000000, 0.000000000000000000, 0.000000000000000000 ) ) ;
#811 = CARTESIAN_POINT ( 'NONE',  ( 9.000000000000000000, 5.999999999999995559, -0.001000000000000000021 ) ) ;
#812 = EDGE_CURVE ( 'NONE', #197, #69, #1904, .T. ) ;
#813 = EDGE_LOOP ( 'NONE', ( #782, #2595, #1762, #1407 ) ) ;
#814 = CARTESIAN_POINT ( 'NONE',  ( 0.000000000000000000, 3.999999999999994671, 8.125000000000000000 ) ) ;
#815 = VERTEX_POINT ( 'NONE', #717 ) ;
#816 = CARTESIAN_POINT ( 'NONE',  ( 3.469446951953614189E-15, -8.673617379884035472E-16, -1.000000000000000000 ) ) ;
#817 = AXIS2_PLACEMENT_3D ( 'NONE', #1723, #1764, #445 ) ;
#818 = EDGE_CURVE ( 'NONE', #1345, #202, #2107, .T. ) ;
#819 = ORIENTED_EDGE ( 'NONE', *, *, #2276, .T. ) ;
#820 = CARTESIAN_POINT ( 'NONE',  ( 13.11579176478888620, -5.616524041056774941, -0.09117709456487280151 ) ) ;
#821 = DIRECTION ( 'NONE',  ( -0.000000000000000000, -0.000000000000000000, -1.000000000000000000 ) ) ;
#822 = ORIENTED_EDGE ( 'NONE', *, *, #2327, .T. ) ;
#823 = ADVANCED_FACE ( 'NONE', ( #698 ), #1811, .T. ) ;
#824 = FACE_OUTER_BOUND ( 'NONE', #1153, .T. ) ;
#825 = CARTESIAN_POINT ( 'NONE',  ( 14.00000000000000000, 0.000000000000000000, 7.000000000000000888 ) ) ;
#826 = CIRCLE ( 'NONE', #2291, 0.6749999999999984901 ) ;
#827 = ORIENTED_EDGE ( 'NONE', *, *, #2663, .F. ) ;
#828 = DIRECTION ( 'NONE',  ( 1.000000000000000000, 0.000000000000000000, 0.000000000000000000 ) ) ;
#829 = CARTESIAN_POINT ( 'NONE',  ( 11.00000000000000000, -6.000000000000000000, -0.001000000000000000021 ) ) ;
#830 = EDGE_CURVE ( 'NONE', #1243, #874, #2290, .T. ) ;
#831 = ORIENTED_EDGE ( 'NONE', *, *, #976, .T. ) ;
#832 = CARTESIAN_POINT ( 'NONE',  ( 13.25997350628576399, -5.569137843276342537, -0.03592545813865323512 ) ) ;
#833 = AXIS2_PLACEMENT_3D ( 'NONE', #1221, #798, #1057 ) ;
#834 = CARTESIAN_POINT ( 'NONE',  ( 9.165151389911683211, -3.999999999999998224, 2.000000000000000000 ) ) ;
#835 = EDGE_CURVE ( 'NONE', #1240, #2161, #1837, .T. ) ;
#836 = AXIS2_PLACEMENT_3D ( 'NONE', #492, #1896, #2519 ) ;
#837 = ORIENTED_EDGE ( 'NONE', *, *, #2183, .F. ) ;
#838 = EDGE_CURVE ( 'NONE', #1046, #2168, #58, .T. ) ;
#839 = TOROIDAL_SURFACE ( 'NONE', #2441, 1.174999999999999378, 0.5000000000000000000 ) ;
#840 = DIRECTION ( 'NONE',  ( 0.000000000000000000, 4.334641369257388842E-16, -1.000000000000000000 ) ) ;
#841 = EDGE_CURVE ( 'NONE', #2473, #1563, #1133, .T. ) ;
#842 = CARTESIAN_POINT ( 'NONE',  ( 12.37500000000000000, -4.999999999999999112, -0.5010000000000001119 ) ) ;
#843 = VECTOR ( 'NONE', #2728, 1000.000000000000000 ) ;
#844 = ORIENTED_EDGE ( 'NONE', *, *, #968, .F. ) ;
#845 = DIRECTION ( 'NONE',  ( -1.000000000000000000, 0.000000000000000000, -0.000000000000000000 ) ) ;
#846 = ORIENTED_EDGE ( 'NONE', *, *, #2404, .F. ) ;
#847 = CARTESIAN_POINT ( 'NONE',  ( 12.56371804288417948, -6.000000000000000000, -0.001000000000000024307 ) ) ;
#848 = DIRECTION ( 'NONE',  ( -0.000000000000000000, -1.000000000000000000, -4.003208021484940511E-16 ) ) ;
#849 = TOROIDAL_SURFACE ( 'NONE', #1220, 1.125000000000000666, 0.5000000000000000000 ) ;
#850 = EDGE_CURVE ( 'NONE', #1343, #2349, #913, .T. ) ;
#851 = LINE ( 'NONE', #1266, #557 ) ;
#852 = VECTOR ( 'NONE', #1104, 1000.000000000000000 ) ;
#853 = EDGE_CURVE ( 'NONE', #1748, #1820, #1589, .T. ) ;
#854 = CARTESIAN_POINT ( 'NONE',  ( 13.00000000000000178, 4.999999999999999112, -2.001000000000000334 ) ) ;
#855 = DIRECTION ( 'NONE',  ( -0.000000000000000000, -0.000000000000000000, 1.000000000000000000 ) ) ;
#856 = EDGE_LOOP ( 'NONE', ( #1691, #1493, #668, #76 ) ) ;
#857 = ORIENTED_EDGE ( 'NONE', *, *, #1231, .T. ) ;
#858 = FILL_AREA_STYLE_COLOUR ( '', #1425 ) ;
#859 = DIRECTION ( 'NONE',  ( 0.000000000000000000, 0.000000000000000000, -1.000000000000000000 ) ) ;
#860 = ORIENTED_EDGE ( 'NONE', *, *, #1353, .T. ) ;
#861 = CARTESIAN_POINT ( 'NONE',  ( -13.20511305644677869, -4.000000000000000000, 0.02389557613734511962 ) ) ;
#862 = DIRECTION ( 'NONE',  ( 0.000000000000000000, 0.000000000000000000, -1.000000000000000000 ) ) ;
#863 = CARTESIAN_POINT ( 'NONE',  ( -13.00000000000000178, -4.999999999999999112, 0.4989999999999998881 ) ) ;
#864 = ORIENTED_EDGE ( 'NONE', *, *, #635, .T. ) ;
#865 = DIRECTION ( 'NONE',  ( 1.000000000000000000, 0.000000000000000000, 0.000000000000000000 ) ) ;
#866 = DIRECTION ( 'NONE',  ( -0.000000000000000000, 0.000000000000000000, 1.000000000000000000 ) ) ;
#867 = VERTEX_POINT ( 'NONE', #1781 ) ;
#868 = ORIENTED_EDGE ( 'NONE', *, *, #2342, .T. ) ;
#869 = CIRCLE ( 'NONE', #1248, 0.6250000000000002220 ) ;
#870 = CARTESIAN_POINT ( 'NONE',  ( 13.00000000000000178, 4.999999999999999112, -0.5010000000000001119 ) ) ;
#871 = CARTESIAN_POINT ( 'NONE',  ( -16.00000000000000000, 5.999999999999998224, 2.000000000000000000 ) ) ;
#872 = TOROIDAL_SURFACE ( 'NONE', #2199, 1.125000000000000666, 0.5000000000000000000 ) ;
#873 = EDGE_CURVE ( 'NONE', #2642, #740, #638, .T. ) ;
#874 = VERTEX_POINT ( 'NONE', #2725 ) ;
#875 = CARTESIAN_POINT ( 'NONE',  ( 16.00000000000000000, -4.000000000000000000, -0.0009999999999999158867 ) ) ;
#876 = CARTESIAN_POINT ( 'NONE',  ( -13.00000000000000178, -4.999999999999999112, 2.499000000000000110 ) ) ;
#877 = ADVANCED_FACE ( 'NONE', ( #2450 ), #1778, .F. ) ;
#878 = DIRECTION ( 'NONE',  ( -0.000000000000000000, -0.000000000000000000, 1.000000000000000000 ) ) ;
#879 = AXIS2_PLACEMENT_3D ( 'NONE', #2166, #1736, #2401 ) ;
#880 = ADVANCED_FACE ( 'NONE', ( #1824 ), #85, .F. ) ;
#881 = ORIENTED_EDGE ( 'NONE', *, *, #2533, .F. ) ;
#882 = CARTESIAN_POINT ( 'NONE',  ( 0.000000000000000000, 0.000000000000000000, 1.500000000000000000 ) ) ;
#883 = CYLINDRICAL_SURFACE ( 'NONE', #1484, 1.800000000000000044 ) ;
#884 = VECTOR ( 'NONE', #2205, 1000.000000000000000 ) ;
#885 = DIRECTION ( 'NONE',  ( -0.000000000000000000, 0.000000000000000000, 1.000000000000000000 ) ) ;
#886 = LINE ( 'NONE', #1951, #1080 ) ;
#887 = ORIENTED_EDGE ( 'NONE', *, *, #1721, .T. ) ;
#888 = LINE ( 'NONE', #1549, #884 ) ;
#889 = DIRECTION ( 'NONE',  ( 1.000000000000000000, 0.000000000000000000, 0.000000000000000000 ) ) ;
#890 = CARTESIAN_POINT ( 'NONE',  ( -14.00000000000000000, -6.000000000000000000, 7.000000000000000888 ) ) ;
#891 = AXIS2_PLACEMENT_3D ( 'NONE', #52, #319, #2471 ) ;
#892 = ORIENTED_EDGE ( 'NONE', *, *, #2761, .F. ) ;
#893 = CIRCLE ( 'NONE', #2688, 9.750000000000001776 ) ;
#894 = EDGE_LOOP ( 'NONE', ( #220, #1995, #1428, #1701, #184, #150, #953 ) ) ;
#895 = DIRECTION ( 'NONE',  ( 1.000000000000000000, 0.000000000000000000, 0.000000000000000000 ) ) ;
#896 = LINE ( 'NONE', #1753, #1432 ) ;
#897 = CARTESIAN_POINT ( 'NONE',  ( 13.11602640250324647, -4.383546638452830990, -0.09109649580180539941 ) ) ;
#898 = DIRECTION ( 'NONE',  ( 0.000000000000000000, -0.000000000000000000, -1.000000000000000000 ) ) ;
#899 = ORIENTED_EDGE ( 'NONE', *, *, #421, .F. ) ;
#900 = DIRECTION ( 'NONE',  ( 0.000000000000000000, 1.000000000000000000, 4.003208021484940511E-16 ) ) ;
#901 = CARTESIAN_POINT ( 'NONE',  ( 13.00000000000000178, -4.999999999999999112, -0.001000000000000024307 ) ) ;
#902 = DIRECTION ( 'NONE',  ( -0.000000000000000000, 1.000000000000000000, -0.000000000000000000 ) ) ;
#903 = VECTOR ( 'NONE', #1877, 1000.000000000000000 ) ;
#904 = ORIENTED_EDGE ( 'NONE', *, *, #1974, .F. ) ;
#905 = FACE_OUTER_BOUND ( 'NONE', #346, .T. ) ;
#906 = DIRECTION ( 'NONE',  ( 0.000000000000000000, 0.000000000000000000, -1.000000000000000000 ) ) ;
#907 = EDGE_CURVE ( 'NONE', #661, #1981, #1962, .T. ) ;
#908 = ORIENTED_EDGE ( 'NONE', *, *, #1924, .T. ) ;
#909 = LINE ( 'NONE', #467, #2549 ) ;
#910 = EDGE_LOOP ( 'NONE', ( #1090, #1809 ) ) ;
#911 = FACE_OUTER_BOUND ( 'NONE', #697, .T. ) ;
#912 = LINE ( 'NONE', #2653, #2104 ) ;
#913 = CIRCLE ( 'NONE', #2712, 0.6250000000000005551 ) ;
#914 = VECTOR ( 'NONE', #409, 1000.000000000000000 ) ;
#915 = EDGE_CURVE ( 'NONE', #622, #1522, #714, .T. ) ;
#916 = ADVANCED_FACE ( 'NONE', ( #1267 ), #2750, .T. ) ;
#917 = DIRECTION ( 'NONE',  ( -0.000000000000000000, 0.000000000000000000, 1.000000000000000000 ) ) ;
#918 = CARTESIAN_POINT ( 'NONE',  ( 13.21671062408205088, 4.410979047674970843, -0.06113317164538813880 ) ) ;
#919 = ADVANCED_FACE ( 'NONE', ( #576 ), #562, .T. ) ;
#920 = B_SPLINE_CURVE_WITH_KNOTS ( 'NONE', 3,
 ( #2057, #1151, #264, #931, #2293, #63, #996, #1634 ),
 .UNSPECIFIED., .F., .F.,
 ( 4, 2, 2, 4 ),
 ( 0.000000000000000000, 0.0006167135740093814380, 0.0009250703610140747048, 0.001233427148018768080 ),
 .UNSPECIFIED. ) ;
#921 = ORIENTED_EDGE ( 'NONE', *, *, #2055, .F. ) ;
#922 = ORIENTED_EDGE ( 'NONE', *, *, #1770, .T. ) ;
#923 = DIRECTION ( 'NONE',  ( 0.000000000000000000, -1.000000000000000000, -4.334641369257388842E-16 ) ) ;
#924 = CIRCLE ( 'NONE', #411, 2.000000000000000000 ) ;
#925 = LINE ( 'NONE', #2506, #2206 ) ;
#926 = EDGE_LOOP ( 'NONE', ( #1994, #2173, #2501, #827, #2843, #449, #701, #401, #244, #1166, #1007, #300, #40, #2202 ) ) ;
#927 = CARTESIAN_POINT ( 'NONE',  ( 9.165151389911683211, -3.999999999999998224, 1.500000000000000000 ) ) ;
#928 = DIRECTION ( 'NONE',  ( 0.000000000000000000, 0.000000000000000000, -1.000000000000000000 ) ) ;
#929 = AXIS2_PLACEMENT_3D ( 'NONE', #1510, #2817, #2110 ) ;
#930 = ORIENTED_EDGE ( 'NONE', *, *, #2493, .T. ) ;
#931 = CARTESIAN_POINT ( 'NONE',  ( -12.89775274914807746, 3.999999999999997335, 0.03064599912665660203 ) ) ;
#932 = DIRECTION ( 'NONE',  ( 1.000000000000000000, 0.000000000000000000, 0.000000000000000000 ) ) ;
#933 = CIRCLE ( 'NONE', #54, 0.6749999999999984901 ) ;
#934 = VECTOR ( 'NONE', #1665, 1000.000000000000000 ) ;
#935 = FACE_BOUND ( 'NONE', #2620, .T. ) ;
#936 = CARTESIAN_POINT ( 'NONE',  ( 12.74019614201741746, 4.430774720345417528, -0.03615030620337646855 ) ) ;
#937 = ADVANCED_FACE ( 'NONE', ( #824 ), #1448, .T. ) ;
#938 = ORIENTED_EDGE ( 'NONE', *, *, #1351, .F. ) ;
#939 = CARTESIAN_POINT ( 'NONE',  ( 11.00000000000000000, 8.000000000000000000, 9.000000000000001776 ) ) ;
#940 = LINE ( 'NONE', #307, #1022 ) ;
#941 = AXIS2_PLACEMENT_3D ( 'NONE', #1610, #1831, #525 ) ;
#942 = ORIENTED_EDGE ( 'NONE', *, *, #272, .F. ) ;
#944 = ADVANCED_FACE ( 'NONE', ( #1043 ), #2124, .T. ) ;
#943 = CARTESIAN_POINT ( 'NONE',  ( -13.00000000000000178, 4.999999999999999112, 2.499000000000000110 ) ) ;
#945 = CARTESIAN_POINT ( 'NONE',  ( -9.000000000000000000, 8.000000000000000000, -0.001000000000000000021 ) ) ;
#946 = AXIS2_PLACEMENT_3D ( 'NONE', #2403, #236, #2650 ) ;
#947 = ORIENTED_EDGE ( 'NONE', *, *, #2564, .T. ) ;
#948 = DIRECTION ( 'NONE',  ( -0.000000000000000000, 0.000000000000000000, 1.000000000000000000 ) ) ;
#949 = PLANE ( 'NONE',  #689 ) ;
#950 = CARTESIAN_POINT ( 'NONE',  ( 0.000000000000000000, 0.000000000000000000, 2.000000000000000000 ) ) ;
#951 = CARTESIAN_POINT ( 'NONE',  ( 12.75764297456054308, 4.421782951874671852, -0.5009999368208326587 ) ) ;
#952 = ADVANCED_FACE ( 'NONE', ( #2534 ), #872, .F. ) ;
#953 = ORIENTED_EDGE ( 'NONE', *, *, #2466, .F. ) ;
#954 = VECTOR ( 'NONE', #1792, 1000.000000000000000 ) ;
#955 = CARTESIAN_POINT ( 'NONE',  ( 9.375000000000000000, 5.999999999999997335, 1.500000000000000000 ) ) ;
#956 = EDGE_CURVE ( 'NONE', #740, #622, #405, .T. ) ;
#957 = ORIENTED_EDGE ( 'NONE', *, *, #2023, .T. ) ;
#958 = CARTESIAN_POINT ( 'NONE',  ( -16.00000000000000000, 5.999999999999998224, 2.000000000000000000 ) ) ;
#959 = CARTESIAN_POINT ( 'NONE',  ( -1.799999999999996492, -6.469253141418799650E-16, -1.000000000000000000 ) ) ;
#960 = ADVANCED_FACE ( 'NONE', ( #2580 ), #2764, .F. ) ;
#961 = B_SPLINE_CURVE_WITH_KNOTS ( 'NONE', 3,
 ( #1743, #2627, #36, #1785, #1564, #1297 ),
 .UNSPECIFIED., .F., .F.,
 ( 4, 2, 4 ),
 ( 0.000000000000000000, 0.0002984419316848453056, 0.0005968838633696906112 ),
 .UNSPECIFIED. ) ;
#962 = VERTEX_POINT ( 'NONE', #1644 ) ;
#963 = PLANE ( 'NONE',  #1620 ) ;
#964 = DIRECTION ( 'NONE',  ( 0.000000000000000000, 1.000000000000000000, -0.000000000000000000 ) ) ;
#965 = VERTEX_POINT ( 'NONE', #2084 ) ;
#966 = DIRECTION ( 'NONE',  ( -0.000000000000000000, -0.000000000000000000, 1.000000000000000000 ) ) ;
#967 = CYLINDRICAL_SURFACE ( 'NONE', #465, 2.000000000000000000 ) ;
#968 = EDGE_CURVE ( 'NONE', #1255, #2473, #1237, .T. ) ;
#969 = AXIS2_PLACEMENT_3D ( 'NONE', #2266, #89, #510 ) ;
#970 = TOROIDAL_SURFACE ( 'NONE', #2382, 1.125000000000000666, 0.5000000000000000000 ) ;
#971 = ORIENTED_EDGE ( 'NONE', *, *, #2419, .T. ) ;
#972 = DIRECTION ( 'NONE',  ( 0.000000000000000000, 0.000000000000000000, -1.000000000000000000 ) ) ;
#973 = ADVANCED_FACE ( 'NONE', ( #2518 ), #129, .F. ) ;
#974 = CARTESIAN_POINT ( 'NONE',  ( 14.12500000000000178, -4.999999999999999112, -0.001000000000000078517 ) ) ;
#975 = SHAPE_DEFINITION_REPRESENTATION ( #2063, #516 ) ;
#976 = EDGE_CURVE ( 'NONE', #1547, #1522, #2576, .T. ) ;
#977 = VECTOR ( 'NONE', #1765, 1000.000000000000000 ) ;
#978 = ORIENTED_EDGE ( 'NONE', *, *, #1761, .F. ) ;
#979 = CARTESIAN_POINT ( 'NONE',  ( -14.50000000000000000, -5.000000000000000000, -0.0009999999999999158867 ) ) ;
#980 = CARTESIAN_POINT ( 'NONE',  ( 13.43628195711582052, 5.999999999999998224, -0.001000000000000024307 ) ) ;
#981 = ORIENTED_EDGE ( 'NONE', *, *, #1887, .T. ) ;
#982 = AXIS2_PLACEMENT_3D ( 'NONE', #1905, #410, #2383 ) ;
#983 = DIRECTION ( 'NONE',  ( 1.000000000000000000, 0.000000000000000000, 0.000000000000000000 ) ) ;
#984 = CIRCLE ( 'NONE', #513, 1.800000000000000044 ) ;
#985 = DIRECTION ( 'NONE',  ( -0.000000000000000000, -0.000000000000000000, -1.000000000000000000 ) ) ;
#986 = VECTOR ( 'NONE', #538, 1000.000000000000000 ) ;
#987 = ORIENTED_EDGE ( 'NONE', *, *, #530, .F. ) ;
#988 = DIRECTION ( 'NONE',  ( -1.000000000000000000, 0.000000000000000000, 0.000000000000000000 ) ) ;
#989 = LINE ( 'NONE', #1686, #2184 ) ;
#990 = AXIS2_PLACEMENT_3D ( 'NONE', #2502, #2035, #1401 ) ;
#991 = AXIS2_PLACEMENT_3D ( 'NONE', #242, #457, #255 ) ;
#992 = CARTESIAN_POINT ( 'NONE',  ( 14.12500000000000178, -4.999999999999999112, -0.5010000000000001119 ) ) ;
#993 = DIRECTION ( 'NONE',  ( 1.000000000000000000, 0.000000000000000000, 0.000000000000000000 ) ) ;
#994 = EDGE_LOOP ( 'NONE', ( #2353, #469, #1795, #1188, #148, #390, #1760, #2756, #1898, #268, #971, #1281 ) ) ;
#995 = CIRCLE ( 'NONE', #1496, 10.00000000000000178 ) ;
#996 = CARTESIAN_POINT ( 'NONE',  ( -12.48629704042695465, 4.000000000000000888, -0.001000000000000152026 ) ) ;
#997 = CARTESIAN_POINT ( 'NONE',  ( 12.90104437026558593, 5.619111161342207339, -0.4882082775543037934 ) ) ;
#998 = ORIENTED_EDGE ( 'NONE', *, *, #1431, .T. ) ;
#999 = CARTESIAN_POINT ( 'NONE',  ( 13.28632677955678432, 5.555555555555554470, -0.5010000000000001119 ) ) ;
#1000 = LINE ( 'NONE', #1864, #1142 ) ;
#1001 = ORIENTED_EDGE ( 'NONE', *, *, #818, .T. ) ;
#1002 = DIRECTION ( 'NONE',  ( 0.000000000000000000, 0.000000000000000000, -1.000000000000000000 ) ) ;
#1003 = CARTESIAN_POINT ( 'NONE',  ( 0.000000000000000000, 0.000000000000000000, 2.000000000000000000 ) ) ;
#1004 = DIRECTION ( 'NONE',  ( -0.000000000000000000, 1.000000000000000000, 0.000000000000000000 ) ) ;
#1005 =( NAMED_UNIT ( * ) SI_UNIT ( $, .STERADIAN. ) SOLID_ANGLE_UNIT ( ) );
#1006 = VECTOR ( 'NONE', #2412, 1000.000000000000000 ) ;
#1007 = ORIENTED_EDGE ( 'NONE', *, *, #1186, .F. ) ;
#1008 = CARTESIAN_POINT ( 'NONE',  ( 12.74002649371417206, -4.430862156723726741, -0.03592545813876030919 ) ) ;
#1009 = FACE_OUTER_BOUND ( 'NONE', #1857, .T. ) ;
#1010 = ORIENTED_EDGE ( 'NONE', *, *, #2486, .F. ) ;
#1011 = CARTESIAN_POINT ( 'NONE',  ( 13.51538820320220857, 3.999999999999998224, -0.001000000000000024307 ) ) ;
#1012 = CARTESIAN_POINT ( 'NONE',  ( -13.51370295957306311, 6.000000000000000888, -0.001000000000000177830 ) ) ;
#1013 = EDGE_CURVE ( 'NONE', #2349, #2333, #602, .T. ) ;
#1014 = ORIENTED_EDGE ( 'NONE', *, *, #650, .F. ) ;
#1015 = CARTESIAN_POINT ( 'NONE',  ( -16.00000000000000000, 3.999999999999997335, 2.000000000000000000 ) ) ;
#1016 = AXIS2_PLACEMENT_3D ( 'NONE', #2791, #1017, #1880 ) ;
#1017 = DIRECTION ( 'NONE',  ( 1.000000000000000000, 0.000000000000000000, 0.000000000000000000 ) ) ;
#1018 = CARTESIAN_POINT ( 'NONE',  ( 0.000000000000000000, 0.000000000000000000, 9.000000000000001776 ) ) ;
#1019 = ORIENTED_EDGE ( 'NONE', *, *, #1049, .T. ) ;
#1020 = CARTESIAN_POINT ( 'NONE',  ( 13.51538820320114986, 6.000000000000545342, -0.5010000000000000009 ) ) ;
#1021 = CARTESIAN_POINT ( 'NONE',  ( 12.37500000000000000, 4.999999999999999112, -0.5010000000000001119 ) ) ;
#1022 = VECTOR ( 'NONE', #2694, 1000.000000000000000 ) ;
#1023 = VERTEX_POINT ( 'NONE', #114 ) ;
#1024 = AXIS2_PLACEMENT_3D ( 'NONE', #2496, #101, #718 ) ;
#1025 = CARTESIAN_POINT ( 'NONE',  ( 12.78369958558729991, -5.589139725661165237, -0.06126643084123856858 ) ) ;
#1026 = CARTESIAN_POINT ( 'NONE',  ( 13.51538820320207179, -6.000000000000070166, -0.5010000000000000009 ) ) ;
#1027 = DIRECTION ( 'NONE',  ( 1.000000000000000000, 0.000000000000000000, 0.000000000000000000 ) ) ;
#1028 = EDGE_CURVE ( 'NONE', #256, #867, #989, .T. ) ;
#1029 = ADVANCED_FACE ( 'NONE', ( #360 ), #2112, .F. ) ;
#1030 = DIRECTION ( 'NONE',  ( 7.885106708985487801E-17, -1.000000000000000000, 0.000000000000000000 ) ) ;
#1031 = CARTESIAN_POINT ( 'NONE',  ( -13.00000000000000178, 4.999999999999999112, -0.001000000000000024307 ) ) ;
#1032 = EDGE_LOOP ( 'NONE', ( #1925, #2093, #1871, #1014 ) ) ;
#1033 = DIRECTION ( 'NONE',  ( 0.000000000000000000, -0.000000000000000000, 1.000000000000000000 ) ) ;
#1034 = EDGE_LOOP ( 'NONE', ( #596, #1810, #581, #216 ) ) ;
#1035 = CARTESIAN_POINT ( 'NONE',  ( -8.062257748298547355, 3.999999999999998224, 0.000000000000000000 ) ) ;
#1036 = AXIS2_PLACEMENT_3D ( 'NONE', #2126, #1839, #993 ) ;
#1037 = AXIS2_PLACEMENT_3D ( 'NONE', #2153, #33, #1782 ) ;
#1038 = ORIENTED_EDGE ( 'NONE', *, *, #1766, .F. ) ;
#1039 = CARTESIAN_POINT ( 'NONE',  ( 12.91047191507047032, -5.999999999999997335, -0.001000000000000632111 ) ) ;
#1040 = CARTESIAN_POINT ( 'NONE',  ( -13.41136458132398879, -6.000000000000001776, -0.001000000000000022572 ) ) ;
#1041 = ADVANCED_FACE ( 'NONE', ( #2345 ), #2788, .T. ) ;
#1042 = DIRECTION ( 'NONE',  ( 1.000000000000000000, 0.000000000000000000, 0.000000000000000000 ) ) ;
#1043 = FACE_OUTER_BOUND ( 'NONE', #1571, .T. ) ;
#1044 = FACE_OUTER_BOUND ( 'NONE', #2240, .T. ) ;
#1045 = DIRECTION ( 'NONE',  ( -0.000000000000000000, -1.000000000000000000, -0.000000000000000000 ) ) ;
#1046 = VERTEX_POINT ( 'NONE', #1202 ) ;
#1047 = CARTESIAN_POINT ( 'NONE',  ( 0.000000000000000000, 0.000000000000000000, 2.000000000000000000 ) ) ;
#1048 = VECTOR ( 'NONE', #2644, 1000.000000000000000 ) ;
#1049 = EDGE_CURVE ( 'NONE', #317, #1547, #1961, .T. ) ;
#1050 = ORIENTED_EDGE ( 'NONE', *, *, #1450, .F. ) ;
#1051 = CARTESIAN_POINT ( 'NONE',  ( 12.80490968168498256, -5.595817527385304579, -0.4961774597967357203 ) ) ;
#1052 = CARTESIAN_POINT ( 'NONE',  ( -13.20612739035626326, -6.000000000000000888, 0.03058328606956592713 ) ) ;
#1053 = EDGE_CURVE ( 'NONE', #441, #677, #676, .T. ) ;
#1054 = VERTEX_POINT ( 'NONE', #430 ) ;
#1055 = CYLINDRICAL_SURFACE ( 'NONE', #2004, 0.6250000000000005551 ) ;
#1056 = AXIS2_PLACEMENT_3D ( 'NONE', #1796, #1147, #743 ) ;
#1057 = DIRECTION ( 'NONE',  ( 0.000000000000000000, 0.000000000000000000, -1.000000000000000000 ) ) ;
#1058 = AXIS2_PLACEMENT_3D ( 'NONE', #484, #1094, #1108 ) ;
#1059 = ORIENTED_EDGE ( 'NONE', *, *, #511, .F. ) ;
#1060 = LINE ( 'NONE', #221, #2147 ) ;
#1061 = ORIENTED_EDGE ( 'NONE', *, *, #426, .F. ) ;
#1062 = DIRECTION ( 'NONE',  ( -1.000000000000000000, 0.000000000000000000, -0.000000000000000000 ) ) ;
#1063 = ADVANCED_FACE ( 'NONE', ( #1 ), #1932, .F. ) ;
#1064 = ORIENTED_EDGE ( 'NONE', *, *, #1157, .T. ) ;
#1065 = VECTOR ( 'NONE', #577, 1000.000000000000000 ) ;
#1066 = CARTESIAN_POINT ( 'NONE',  ( 16.00000000000000000, -4.000000000000000000, 7.000000000000000888 ) ) ;
#1067 = CIRCLE ( 'NONE', #2437, 1.174999999999998934 ) ;
#1068 = ORIENTED_EDGE ( 'NONE', *, *, #655, .F. ) ;
#1069 = ORIENTED_EDGE ( 'NONE', *, *, #1392, .F. ) ;
#1070 = AXIS2_PLACEMENT_3D ( 'NONE', #613, #574, #1042 ) ;
#1071 = DIRECTION ( 'NONE',  ( -0.000000000000000000, -0.000000000000000000, -1.000000000000000000 ) ) ;
#1072 = CARTESIAN_POINT ( 'NONE',  ( 12.37500000000000000, -4.999999999999999112, -2.001000000000000334 ) ) ;
#1073 = CIRCLE ( 'NONE', #1355, 0.6250000000000005551 ) ;
#1074 = CARTESIAN_POINT ( 'NONE',  ( -9.165151389911683211, -3.999999999999998224, 1.500000000000000000 ) ) ;
#1075 = FACE_OUTER_BOUND ( 'NONE', #1086, .T. ) ;
#1076 = ORIENTED_EDGE ( 'NONE', *, *, #702, .F. ) ;
#1077 = CARTESIAN_POINT ( 'NONE',  ( 12.48461179679779143, -4.000000000000000000, -0.5010000000000001119 ) ) ;
#1078 = CARTESIAN_POINT ( 'NONE',  ( 13.62500000000000178, -4.999999999999999112, -2.001000000000000334 ) ) ;
#1079 = CARTESIAN_POINT ( 'NONE',  ( 12.95026217503931676, 4.374992390139921028, -0.4851193827933468206 ) ) ;
#1080 = VECTOR ( 'NONE', #2432, 1000.000000000000000 ) ;
#1081 = ORIENTED_EDGE ( 'NONE', *, *, #835, .T. ) ;
#1082 = CIRCLE ( 'NONE', #2691, 2.000000000000000000 ) ;
#1083 = ORIENTED_EDGE ( 'NONE', *, *, #2236, .T. ) ;
#1084 = DIRECTION ( 'NONE',  ( 1.000000000000000000, 0.000000000000000000, 0.000000000000000000 ) ) ;
#1085 = CARTESIAN_POINT ( 'NONE',  ( -14.17500000000000071, 4.999999999999999112, 0.4989999999999998881 ) ) ;
#1086 = EDGE_LOOP ( 'NONE', ( #335, #1524, #1269, #2434 ) ) ;
#1087 = EDGE_CURVE ( 'NONE', #1965, #461, #2238, .T. ) ;
#1088 = CARTESIAN_POINT ( 'NONE',  ( 13.24235702543939297, -4.421782951874638101, -0.5009999368208326587 ) ) ;
#1089 = DIRECTION ( 'NONE',  ( -1.000000000000000000, 0.000000000000000000, 0.000000000000000000 ) ) ;
#1090 = ORIENTED_EDGE ( 'NONE', *, *, #830, .F. ) ;
#1091 = ORIENTED_EDGE ( 'NONE', *, *, #2493, .F. ) ;
#1092 = LINE ( 'NONE', #1518, #375 ) ;
#1093 = VECTOR ( 'NONE', #189, 1000.000000000000000 ) ;
#1094 = DIRECTION ( 'NONE',  ( -0.000000000000000000, -1.000000000000000000, -0.000000000000000000 ) ) ;
#1095 = CARTESIAN_POINT ( 'NONE',  ( 13.11579176478872100, 4.383475958943215289, -0.09117709456487946285 ) ) ;
#1096 = EDGE_CURVE ( 'NONE', #2545, #524, #2136, .T. ) ;
#1097 = ORIENTED_EDGE ( 'NONE', *, *, #2018, .F. ) ;
#1098 = ORIENTED_EDGE ( 'NONE', *, *, #281, .F. ) ;
#1099 = CARTESIAN_POINT ( 'NONE',  ( 10.00000000000000178, 0.000000000000000000, 1.500000000000000000 ) ) ;
#1100 = DIRECTION ( 'NONE',  ( 0.000000000000000000, -1.000000000000000000, 0.000000000000000000 ) ) ;
#1101 = EDGE_CURVE ( 'NONE', #1522, #1784, #1463, .T. ) ;
#1102 = VERTEX_POINT ( 'NONE', #2400 ) ;
#1103 = VECTOR ( 'NONE', #964, 1000.000000000000000 ) ;
#1104 = DIRECTION ( 'NONE',  ( 0.000000000000000000, -4.334641369257388842E-16, 1.000000000000000000 ) ) ;
#1105 = VECTOR ( 'NONE', #2377, 1000.000000000000000 ) ;
#1106 = ORIENTED_EDGE ( 'NONE', *, *, #1822, .T. ) ;
#1107 = CARTESIAN_POINT ( 'NONE',  ( -13.99999999999999822, -6.000000000000000000, 7.500000000000001776 ) ) ;
#1108 = DIRECTION ( 'NONE',  ( 0.000000000000000000, 0.000000000000000000, -1.000000000000000000 ) ) ;
#1109 = DIRECTION ( 'NONE',  ( 0.8888888888893756723, -0.4581228472899067650, 5.014660850454126646E-13 ) ) ;
#1110 = ORIENTED_EDGE ( 'NONE', *, *, #915, .F. ) ;
#1111 = AXIS2_PLACEMENT_3D ( 'NONE', #2475, #1391, #503 ) ;
#1112 = ORIENTED_EDGE ( 'NONE', *, *, #1657, .F. ) ;
#1113 = ORIENTED_EDGE ( 'NONE', *, *, #2766, .T. ) ;
#1114 = ORIENTED_EDGE ( 'NONE', *, *, #1126, .F. ) ;
#1115 = DIRECTION ( 'NONE',  ( 0.8888888888888873963, -0.4581228472908540628, 0.000000000000000000 ) ) ;
#1116 = CARTESIAN_POINT ( 'NONE',  ( 7.654042494670960318E-17, 2.232233047033627571, 2.000000000000001776 ) ) ;
#1117 = ORIENTED_EDGE ( 'NONE', *, *, #1929, .F. ) ;
#1118 = CIRCLE ( 'NONE', #2724, 0.4999999999999997224 ) ;
#1119 = ORIENTED_EDGE ( 'NONE', *, *, #2232, .F. ) ;
#1120 = CARTESIAN_POINT ( 'NONE',  ( -13.99999999999999822, -3.999999999999999112, 9.000000000000001776 ) ) ;
#1121 = DIRECTION ( 'NONE',  ( 0.000000000000000000, 0.000000000000000000, -1.000000000000000000 ) ) ;
#1122 = ORIENTED_EDGE ( 'NONE', *, *, #976, .F. ) ;
#1123 = LINE ( 'NONE', #77, #1489 ) ;
#1124 = CARTESIAN_POINT ( 'NONE',  ( -13.00000000000000178, -4.999999999999999112, 2.499000000000000110 ) ) ;
#1125 = CARTESIAN_POINT ( 'NONE',  ( -9.000000000000000000, 7.999999999999998224, 1.000000000000000888 ) ) ;
#1126 = EDGE_CURVE ( 'NONE', #487, #108, #173, .T. ) ;
#1127 = VERTEX_POINT ( 'NONE', #2375 ) ;
#1128 = VECTOR ( 'NONE', #652, 1000.000000000000000 ) ;
#1129 = EDGE_LOOP ( 'NONE', ( #2123, #822, #1827, #1059 ) ) ;
#1130 = DIRECTION ( 'NONE',  ( 0.000000000000000000, -1.000000000000000000, 0.000000000000000000 ) ) ;
#1131 = CARTESIAN_POINT ( 'NONE',  ( -14.50000000000000000, -5.000000000000000000, 7.000000000000000888 ) ) ;
#1132 = ORIENTED_EDGE ( 'NONE', *, *, #358, .F. ) ;
#1133 = LINE ( 'NONE', #958, #132 ) ;
#1134 = ADVANCED_FACE ( 'NONE', ( #1318 ), #1055, .T. ) ;
#1135 = DIRECTION ( 'NONE',  ( -0.000000000000000000, -0.000000000000000000, -1.000000000000000000 ) ) ;
#1136 = EDGE_LOOP ( 'NONE', ( #1363, #660, #2562, #1578 ) ) ;
#1137 = VERTEX_POINT ( 'NONE', #1099 ) ;
#1138 = EDGE_CURVE ( 'NONE', #779, #1023, #2385, .T. ) ;
#1139 = DIRECTION ( 'NONE',  ( 0.000000000000000000, 0.000000000000000000, -1.000000000000000000 ) ) ;
#1140 = CARTESIAN_POINT ( 'NONE',  ( 13.09964470415250837, -5.625000672333417384, -0.4851226058036162136 ) ) ;
#1141 = DIRECTION ( 'NONE',  ( -0.000000000000000000, 0.000000000000000000, 1.000000000000000000 ) ) ;
#1142 = VECTOR ( 'NONE', #2745, 1000.000000000000000 ) ;
#1143 = EDGE_CURVE ( 'NONE', #1865, #805, #1772, .T. ) ;
#1144 = VERTEX_POINT ( 'NONE', #665 ) ;
#1145 = DIRECTION ( 'NONE',  ( 1.000000000000000000, 0.000000000000000000, 0.000000000000000000 ) ) ;
#1146 = PLANE ( 'NONE',  #1298 ) ;
#1147 = DIRECTION ( 'NONE',  ( 0.000000000000000000, -0.000000000000000000, -1.000000000000000000 ) ) ;
#1148 = DIRECTION ( 'NONE',  ( 1.000000000000000000, 1.387778780781444492E-15, 0.000000000000000000 ) ) ;
#1149 = ORIENTED_EDGE ( 'NONE', *, *, #2489, .F. ) ;
#1150 = ADVANCED_FACE ( 'NONE', ( #2165 ), #1947, .T. ) ;
#1151 = CARTESIAN_POINT ( 'NONE',  ( -13.41136458132398879, 3.999999999999999112, -0.001000000000000030162 ) ) ;
#1152 = CARTESIAN_POINT ( 'NONE',  ( 13.24235702543889559, 5.578217048125557298, -0.5009999368208036818 ) ) ;
#1153 = EDGE_LOOP ( 'NONE', ( #1348, #667, #1064, #1400 ) ) ;
#1154 = CARTESIAN_POINT ( 'NONE',  ( 9.000000000000000000, 5.999999999999995559, 9.000000000000001776 ) ) ;
#1155 = CARTESIAN_POINT ( 'NONE',  ( 12.64883742738022399, 3.999999999999999112, -0.001000000000000300778 ) ) ;
#1156 = EDGE_CURVE ( 'NONE', #256, #2001, #1542, .T. ) ;
#1157 = EDGE_CURVE ( 'NONE', #12, #1990, #1710, .T. ) ;
#1158 = EDGE_LOOP ( 'NONE', ( #122, #608, #7, #72, #2365, #1952 ) ) ;
#1159 = CARTESIAN_POINT ( 'NONE',  ( 1.800000000000003375, -8.673617379884035472E-16, 0.000000000000000000 ) ) ;
#1160 = VECTOR ( 'NONE', #1379, 1000.000000000000000 ) ;
#1161 = DIRECTION ( 'NONE',  ( -1.000000000000000000, 0.000000000000000000, 0.000000000000000000 ) ) ;
#1162 = CIRCLE ( 'NONE', #1205, 2.000000000000000000 ) ;
#1163 = CARTESIAN_POINT ( 'NONE',  ( 9.165151389911684987, -3.999999999999998224, 1.638659938029005225 ) ) ;
#1164 = DIRECTION ( 'NONE',  ( 0.000000000000000000, -1.000000000000000000, 0.000000000000000000 ) ) ;
#1165 = EDGE_CURVE ( 'NONE', #2156, #725, #1641, .T. ) ;
#1166 = ORIENTED_EDGE ( 'NONE', *, *, #1749, .F. ) ;
#1167 = CARTESIAN_POINT ( 'NONE',  ( 8.891293292640876089, 3.999999999999998224, 1.952811333169451657 ) ) ;
#1168 = CARTESIAN_POINT ( 'NONE',  ( 12.82187986558231962, 5.999999999999998224, -0.0009999999999999158867 ) ) ;
#1169 = CIRCLE ( 'NONE', #2767, 0.5000000000000004441 ) ;
#1170 = FACE_OUTER_BOUND ( 'NONE', #1533, .T. ) ;
#1171 = CARTESIAN_POINT ( 'NONE',  ( 3.469446951953614189E-15, -8.673617379884035472E-16, 27.57716446627535234 ) ) ;
#1172 = ORIENTED_EDGE ( 'NONE', *, *, #2581, .F. ) ;
#1173 = EDGE_CURVE ( 'NONE', #2223, #2700, #175, .T. ) ;
#1174 = DIRECTION ( 'NONE',  ( -0.000000000000000000, -0.000000000000000000, 1.000000000000000000 ) ) ;
#1175 = VECTOR ( 'NONE', #512, 1000.000000000000000 ) ;
#1176 = CARTESIAN_POINT ( 'NONE',  ( -14.50000000000000000, -6.000000000000000000, 2.000000000000000000 ) ) ;
#1177 = EDGE_CURVE ( 'NONE', #441, #436, #2593, .T. ) ;
#1178 = CARTESIAN_POINT ( 'NONE',  ( -13.00000000000000178, 4.999999999999999112, -0.001000000000000024307 ) ) ;
#1179 = ADVANCED_FACE ( 'NONE', ( #1501 ), #396, .F. ) ;
#1180 = ORIENTED_EDGE ( 'NONE', *, *, #2358, .F. ) ;
#1181 = CARTESIAN_POINT ( 'NONE',  ( 13.51538820320220857, 3.999999999999998224, -0.5010000000000001119 ) ) ;
#1182 = CARTESIAN_POINT ( 'NONE',  ( 13.04973782496040080, 5.625007609860101176, -0.4851193827933267810 ) ) ;
#1183 = ORIENTED_EDGE ( 'NONE', *, *, #1720, .F. ) ;
#1184 = DIRECTION ( 'NONE',  ( -0.000000000000000000, 0.000000000000000000, 1.000000000000000000 ) ) ;
#1185 = CARTESIAN_POINT ( 'NONE',  ( 12.90080256773426193, 4.380953452742295084, -0.4882289963552358669 ) ) ;
#1186 = EDGE_CURVE ( 'NONE', #1102, #1054, #2213, .T. ) ;
#1187 = EDGE_CURVE ( 'NONE', #2643, #475, #124, .T. ) ;
#1188 = ORIENTED_EDGE ( 'NONE', *, *, #2404, .T. ) ;
#1189 = AXIS2_PLACEMENT_3D ( 'NONE', #1426, #2298, #245 ) ;
#1190 = CARTESIAN_POINT ( 'NONE',  ( 14.00000000000000000, 0.000000000000000000, 9.000000000000001776 ) ) ;
#1191 = CARTESIAN_POINT ( 'NONE',  ( 13.00000000000000178, -4.999999999999999112, -2.001000000000000334 ) ) ;
#1192 = DIRECTION ( 'NONE',  ( 1.000000000000000000, 0.000000000000000000, 0.000000000000000000 ) ) ;
#1193 = ORIENTED_EDGE ( 'NONE', *, *, #2285, .T. ) ;
#1194 = CARTESIAN_POINT ( 'NONE',  ( 13.28632677955678254, 4.444444444444442865, -0.5010000000000000009 ) ) ;
#1195 = CARTESIAN_POINT ( 'NONE',  ( 13.00000000000000178, -4.999999999999999112, -0.001000000000000024307 ) ) ;
#1196 = CARTESIAN_POINT ( 'NONE',  ( 14.50000000000000000, -6.000011999999999901, -0.001000000000000349568 ) ) ;
#1197 = CARTESIAN_POINT ( 'NONE',  ( 3.469446951953614189E-15, -8.673617379884035472E-16, 27.57716446627535234 ) ) ;
#1198 = VECTOR ( 'NONE', #2381, 1000.000000000000000 ) ;
#1199 = EDGE_LOOP ( 'NONE', ( #942, #1755, #1091, #155, #235, #2770 ) ) ;
#1200 = DIRECTION ( 'NONE',  ( 1.000000000000000000, 0.000000000000000000, 0.000000000000000000 ) ) ;
#1201 = VECTOR ( 'NONE', #1573, 1000.000000000000000 ) ;
#1202 = CARTESIAN_POINT ( 'NONE',  ( 8.891709621889374304, -4.000000000000000000, -0.001000000000000000021 ) ) ;
#1203 = DIRECTION ( 'NONE',  ( 0.000000000000000000, 0.000000000000000000, -1.000000000000000000 ) ) ;
#1204 = CARTESIAN_POINT ( 'NONE',  ( 0.000000000000000000, 3.999999999999994671, 8.750000000000000000 ) ) ;
#1205 = AXIS2_PLACEMENT_3D ( 'NONE', #2765, #2097, #362 ) ;
#1206 = TOROIDAL_SURFACE ( 'NONE', #1347, 1.125000000000000666, 0.5000000000000000000 ) ;
#1207 = ORIENTED_EDGE ( 'NONE', *, *, #1846, .T. ) ;
#1208 = FACE_OUTER_BOUND ( 'NONE', #2068, .T. ) ;
#1209 = CARTESIAN_POINT ( 'NONE',  ( 12.91012799658840393, 5.999999999999999112, -0.0009999999999995036731 ) ) ;
#1210 = VERTEX_POINT ( 'NONE', #2245 ) ;
#1211 = CIRCLE ( 'NONE', #2809, 2.000000000000000000 ) ;
#1212 = LINE ( 'NONE', #723, #1175 ) ;
#1213 = DIRECTION ( 'NONE',  ( -1.000000000000000000, 0.000000000000000000, 0.000000000000000000 ) ) ;
#1214 = PLANE ( 'NONE',  #2374 ) ;
#1215 = AXIS2_PLACEMENT_3D ( 'NONE', #800, #1910, #2523 ) ;
#1216 = ORIENTED_EDGE ( 'NONE', *, *, #1359, .F. ) ;
#1217 = EDGE_CURVE ( 'NONE', #275, #251, #476, .T. ) ;
#1218 = LINE ( 'NONE', #559, #2529 ) ;
#1219 = CARTESIAN_POINT ( 'NONE',  ( 12.37500000000000000, -4.999999999999999112, -2.001000000000000334 ) ) ;
#1220 = AXIS2_PLACEMENT_3D ( 'NONE', #485, #2730, #1374 ) ;
#1221 = CARTESIAN_POINT ( 'NONE',  ( -9.375000000000000000, 7.999999999999996447, 1.500000000000000888 ) ) ;
#1222 = DIRECTION ( 'NONE',  ( 0.000000000000000000, 0.000000000000000000, 1.000000000000000000 ) ) ;
#1223 = ORIENTED_EDGE ( 'NONE', *, *, #1813, .F. ) ;
#1224 = EDGE_CURVE ( 'NONE', #1946, #475, #710, .T. ) ;
#1225 = EDGE_LOOP ( 'NONE', ( #507, #2592, #2822, #720 ) ) ;
#1226 = VECTOR ( 'NONE', #1135, 1000.000000000000000 ) ;
#1227 = DIRECTION ( 'NONE',  ( -0.4581228472899099291, -0.8888888888893740070, 0.000000000000000000 ) ) ;
#1228 = CARTESIAN_POINT ( 'NONE',  ( -14.00000000000000000, -5.000000000000000000, 7.000000000000000888 ) ) ;
#1229 = EDGE_LOOP ( 'NONE', ( #2131, #2648, #1854, #2651 ) ) ;
#1230 = EDGE_CURVE ( 'NONE', #640, #1960, #2465, .T. ) ;
#1231 = EDGE_CURVE ( 'NONE', #1965, #224, #2092, .T. ) ;
#1232 = ORIENTED_EDGE ( 'NONE', *, *, #1969, .F. ) ;
#1233 = CARTESIAN_POINT ( 'NONE',  ( 13.04992889078376805, -5.624992375537438249, -0.4851264605451365286 ) ) ;
#1234 = DIRECTION ( 'NONE',  ( -0.000000000000000000, 0.000000000000000000, 1.000000000000000000 ) ) ;
#1235 = VERTEX_POINT ( 'NONE', #726 ) ;
#1236 = DIRECTION ( 'NONE',  ( -0.000000000000000000, -0.000000000000000000, 1.000000000000000000 ) ) ;
#1237 = LINE ( 'NONE', #2095, #1478 ) ;
#1238 = CARTESIAN_POINT ( 'NONE',  ( 13.51538820320221213, -4.000000000000000000, -0.0009999999999999158867 ) ) ;
#1239 =( NAMED_UNIT ( * ) PLANE_ANGLE_UNIT ( ) SI_UNIT ( $, .RADIAN. ) );
#1240 = VERTEX_POINT ( 'NONE', #502 ) ;
#1241 = LINE ( 'NONE', #549, #2445 ) ;
#1242 = LINE ( 'NONE', #829, #480 ) ;
#1243 = VERTEX_POINT ( 'NONE', #1159 ) ;
#1244 = EDGE_CURVE ( 'NONE', #1245, #251, #1806, .T. ) ;
#1245 = VERTEX_POINT ( 'NONE', #1556 ) ;
#1246 = CARTESIAN_POINT ( 'NONE',  ( 13.08987200341159962, -6.000000000000002665, -0.0009999999999994165032 ) ) ;
#1247 = DIRECTION ( 'NONE',  ( 0.000000000000000000, -0.000000000000000000, -1.000000000000000000 ) ) ;
#1248 = AXIS2_PLACEMENT_3D ( 'NONE', #2816, #848, #2547 ) ;
#1249 = CARTESIAN_POINT ( 'NONE',  ( -16.00000000000000000, -5.000000000000000000, 7.000000000000000888 ) ) ;
#1250 =( GEOMETRIC_REPRESENTATION_CONTEXT ( 3 ) GLOBAL_UNCERTAINTY_ASSIGNED_CONTEXT ( ( #1289 ) ) GLOBAL_UNIT_ASSIGNED_CONTEXT ( ( #2635, #450, #2431 ) ) REPRESENTATION_CONTEXT ( 'NONE', 'WORKASPACE' ) );
#1251 = ORIENTED_EDGE ( 'NONE', *, *, #2146, .T. ) ;
#1252 = DIRECTION ( 'NONE',  ( -0.000000000000000000, -0.000000000000000000, 1.000000000000000000 ) ) ;
#1253 = CARTESIAN_POINT ( 'NONE',  ( -8.892692719212003993, 3.999999999999997335, 1.951743624245668052 ) ) ;
#1254 = VERTEX_POINT ( 'NONE', #2428 ) ;
#1255 = VERTEX_POINT ( 'NONE', #1599 ) ;
#1256 = CARTESIAN_POINT ( 'NONE',  ( 12.82187986558252923, -4.000000000000000888, -0.001000000000000193226 ) ) ;
#1257 = DIRECTION ( 'NONE',  ( -0.000000000000000000, -0.000000000000000000, -1.000000000000000000 ) ) ;
#1258 = ADVANCED_FACE ( 'NONE', ( #905, #462 ), #1214, .F. ) ;
#1259 = EDGE_LOOP ( 'NONE', ( #2194, #2558, #2430, #2811 ) ) ;
#1260 = VECTOR ( 'NONE', #2246, 1000.000000000000000 ) ;
#1261 = ORIENTED_EDGE ( 'NONE', *, *, #322, .F. ) ;
#1262 = FACE_OUTER_BOUND ( 'NONE', #761, .T. ) ;
#1263 = CARTESIAN_POINT ( 'NONE',  ( -13.61694813396265147, -6.000000000000000000, -0.001000000000000000021 ) ) ;
#1264 = AXIS2_PLACEMENT_3D ( 'NONE', #2157, #900, #1139 ) ;
#1265 = PRODUCT_DEFINITION ( 'UNKNOWN', '', #2634, #2605 ) ;
#1266 = CARTESIAN_POINT ( 'NONE',  ( -16.00000000000000000, 3.999999999999998224, -0.0009999999999999158867 ) ) ;
#1267 = FACE_OUTER_BOUND ( 'NONE', #789, .T. ) ;
#1268 = CARTESIAN_POINT ( 'NONE',  ( -11.00000000000000000, 10.99999999999999822, 2.000000000000000000 ) ) ;
#1269 = ORIENTED_EDGE ( 'NONE', *, *, #448, .T. ) ;
#1270 = CARTESIAN_POINT ( 'NONE',  ( -12.38305186603734676, 5.999999999999998224, -0.0009999999999999158867 ) ) ;
#1271 = CARTESIAN_POINT ( 'NONE',  ( 0.000000000000000000, 8.000000000000000000, 2.000000000000000000 ) ) ;
#1272 = ADVANCED_FACE ( 'NONE', ( #2474 ), #1326, .T. ) ;
#1273 = VECTOR ( 'NONE', #298, 1000.000000000000000 ) ;
#1274 = EDGE_LOOP ( 'NONE', ( #1834, #1621, #133, #481 ) ) ;
#1275 = CARTESIAN_POINT ( 'NONE',  ( 13.28632677955670616, -5.555555555555594438, -0.5010000000000001119 ) ) ;
#1276 = CARTESIAN_POINT ( 'NONE',  ( -14.17500000000000071, 4.999999999999999112, -0.001000000000000078517 ) ) ;
#1277 = CARTESIAN_POINT ( 'NONE',  ( -13.00000000000000178, 4.999999999999999112, 2.499000000000000110 ) ) ;
#1278 = EDGE_CURVE ( 'NONE', #2631, #2211, #1000, .T. ) ;
#1279 = DIRECTION ( 'NONE',  ( 0.4581228472908541183, 0.8888888888888873963, 0.000000000000000000 ) ) ;
#1280 = DIRECTION ( 'NONE',  ( -0.000000000000000000, 0.000000000000000000, 1.000000000000000000 ) ) ;
#1281 = ORIENTED_EDGE ( 'NONE', *, *, #1430, .T. ) ;
#1282 = CARTESIAN_POINT ( 'NONE',  ( 12.75736036478469160, -4.421928605619256381, -0.5009999346412351562 ) ) ;
#1283 = CARTESIAN_POINT ( 'NONE',  ( 0.000000000000000000, 0.000000000000000000, 2.000000000000000000 ) ) ;
#1284 = VECTOR ( 'NONE', #2359, 1000.000000000000000 ) ;
#1285 = EDGE_LOOP ( 'NONE', ( #55, #1727, #1442, #747 ) ) ;
#1286 = CARTESIAN_POINT ( 'NONE',  ( -12.38305186603734676, -4.000000000000000000, -0.0009999999999999158867 ) ) ;
#1287 = LINE ( 'NONE', #794, #1198 ) ;
#1288 = DIRECTION ( 'NONE',  ( 0.000000000000000000, -0.000000000000000000, -1.000000000000000000 ) ) ;
#1289 = UNCERTAINTY_MEASURE_WITH_UNIT (LENGTH_MEASURE( 1.000000000000000082E-05 ), #2635, 'distance_accuracy_value', 'NONE');
#1290 = CARTESIAN_POINT ( 'NONE',  ( -16.00000000000000000, 3.999999999999997335, 2.000000000000000000 ) ) ;
#1291 = CARTESIAN_POINT ( 'NONE',  ( 12.71367322044321924, -5.555555555555555358, -0.5010000000000001119 ) ) ;
#1292 = VECTOR ( 'NONE', #172, 1000.000000000000000 ) ;
#1293 = ORIENTED_EDGE ( 'NONE', *, *, #455, .F. ) ;
#1294 = DIRECTION ( 'NONE',  ( 0.000000000000000000, 0.000000000000000000, -1.000000000000000000 ) ) ;
#1295 = PLANE ( 'NONE',  #1037 ) ;
#1296 = VERTEX_POINT ( 'NONE', #43 ) ;
#1297 = CARTESIAN_POINT ( 'NONE',  ( 13.28632677955678432, 5.555555555555554470, -0.5010000000000001119 ) ) ;
#1298 = AXIS2_PLACEMENT_3D ( 'NONE', #57, #2491, #517 ) ;
#1299 = FACE_OUTER_BOUND ( 'NONE', #1934, .T. ) ;
#1300 = CIRCLE ( 'NONE', #1746, 1.800000000000000044 ) ;
#1301 = CARTESIAN_POINT ( 'NONE',  ( 10.99999999999999822, 11.00000000000000000, 2.000000000000000000 ) ) ;
#1302 = VERTEX_POINT ( 'NONE', #1997 ) ;
#1303 = CARTESIAN_POINT ( 'NONE',  ( 13.00000000000000178, -4.999999999999999112, -0.5010000000000001119 ) ) ;
#1304 = CYLINDRICAL_SURFACE ( 'NONE', #879, 2.000000000000000000 ) ;
#1305 = ORIENTED_EDGE ( 'NONE', *, *, #1770, .F. ) ;
#1306 = VECTOR ( 'NONE', #371, 1000.000000000000000 ) ;
#1307 = CARTESIAN_POINT ( 'NONE',  ( 13.19509031831561607, -4.404182472614877497, -0.4961774597967882894 ) ) ;
#1308 = CARTESIAN_POINT ( 'NONE',  ( 1.575000000000000178, 0.000000000000000000, 2.000000000000000000 ) ) ;
#1309 = ORIENTED_EDGE ( 'NONE', *, *, #1101, .F. ) ;
#1310 = ORIENTED_EDGE ( 'NONE', *, *, #1388, .T. ) ;
#1311 = CARTESIAN_POINT ( 'NONE',  ( -8.755364635274986540, -3.999999999999999112, 2.000000000000000000 ) ) ;
#1312 = CARTESIAN_POINT ( 'NONE',  ( 12.71367322044321924, 4.444444444444442865, -0.5010000000000001119 ) ) ;
#1313 = DIRECTION ( 'NONE',  ( 0.000000000000000000, 0.000000000000000000, -1.000000000000000000 ) ) ;
#1314 = CIRCLE ( 'NONE', #1629, 10.00000000000000178 ) ;
#1315 = EDGE_LOOP ( 'NONE', ( #831, #1110, #2703, #1019 ) ) ;
#1316 = EDGE_CURVE ( 'NONE', #2168, #1302, #2742, .T. ) ;
#1317 = ORIENTED_EDGE ( 'NONE', *, *, #2337, .T. ) ;
#1318 = FACE_OUTER_BOUND ( 'NONE', #181, .T. ) ;
#1319 = DIRECTION ( 'NONE',  ( -1.000000000000000000, 0.000000000000000000, 0.000000000000000000 ) ) ;
#1320 = VERTEX_POINT ( 'NONE', #556 ) ;
#1321 = FACE_OUTER_BOUND ( 'NONE', #1791, .T. ) ;
#1322 = LINE ( 'NONE', #871, #1452 ) ;
#1323 = ORIENTED_EDGE ( 'NONE', *, *, #1338, .F. ) ;
#1324 = ORIENTED_EDGE ( 'NONE', *, *, #1231, .F. ) ;
#1325 = CYLINDRICAL_SURFACE ( 'NONE', #10, 0.6250000000000005551 ) ;
#1326 = TOROIDAL_SURFACE ( 'NONE', #1189, 9.500000000000001776, 0.5000000000000000000 ) ;
#1327 = DIRECTION ( 'NONE',  ( -1.000000000000000000, 0.000000000000000000, 0.000000000000000000 ) ) ;
#1328 = EDGE_CURVE ( 'NONE', #1639, #2768, #260, .T. ) ;
#1329 = PLANE ( 'NONE',  #1468 ) ;
#1330 = ADVANCED_FACE ( 'NONE', ( #2313 ), #692, .T. ) ;
#1331 = VECTOR ( 'NONE', #675, 1000.000000000000000 ) ;
#1332 = ORIENTED_EDGE ( 'NONE', *, *, #1852, .F. ) ;
#1333 = CARTESIAN_POINT ( 'NONE',  ( -16.00000000000000000, 0.000000000000000000, 7.000000000000000888 ) ) ;
#1334 = LINE ( 'NONE', #431, #1658 ) ;
#1335 = ORIENTED_EDGE ( 'NONE', *, *, #1359, .T. ) ;
#1336 = PRESENTATION_STYLE_ASSIGNMENT (( #636 ) ) ;
#1337 = DIRECTION ( 'NONE',  ( 0.000000000000000000, -0.000000000000000000, -1.000000000000000000 ) ) ;
#1338 = EDGE_CURVE ( 'NONE', #1414, #2015, #75, .T. ) ;
#1339 = ORIENTED_EDGE ( 'NONE', *, *, #583, .T. ) ;
#1340 = DIRECTION ( 'NONE',  ( -1.000000000000000000, 0.000000000000000000, 0.000000000000000000 ) ) ;
#1341 = CYLINDRICAL_SURFACE ( 'NONE', #1915, 0.6250000000000005551 ) ;
#1342 = DIRECTION ( 'NONE',  ( 1.000000000000000000, 0.000000000000000000, 0.000000000000000000 ) ) ;
#1343 = VERTEX_POINT ( 'NONE', #1078 ) ;
#1344 = CIRCLE ( 'NONE', #2666, 0.5000000000000004441 ) ;
#1345 = VERTEX_POINT ( 'NONE', #2787 ) ;
#1346 = VERTEX_POINT ( 'NONE', #183 ) ;
#1347 = AXIS2_PLACEMENT_3D ( 'NONE', #2022, #2690, #2488 ) ;
#1348 = ORIENTED_EDGE ( 'NONE', *, *, #1138, .F. ) ;
#1349 = DIRECTION ( 'NONE',  ( -0.000000000000000000, 0.000000000000000000, 1.000000000000000000 ) ) ;
#1350 = LINE ( 'NONE', #1724, #2621 ) ;
#1351 = EDGE_CURVE ( 'NONE', #152, #725, #2805, .T. ) ;
#1352 = FACE_OUTER_BOUND ( 'NONE', #1034, .T. ) ;
#1353 = EDGE_CURVE ( 'NONE', #197, #1345, #2560, .T. ) ;
#1354 = DIRECTION ( 'NONE',  ( -0.000000000000000000, 1.000000000000000000, -0.000000000000000000 ) ) ;
#1355 = AXIS2_PLACEMENT_3D ( 'NONE', #814, #2129, #1649 ) ;
#1356 = ORIENTED_EDGE ( 'NONE', *, *, #358, .T. ) ;
#1357 = CARTESIAN_POINT ( 'NONE',  ( -8.616843969807044701, -3.999999999999999112, 2.000000000000000000 ) ) ;
#1358 = DIRECTION ( 'NONE',  ( -0.000000000000000000, -0.000000000000000000, -1.000000000000000000 ) ) ;
#1359 = EDGE_CURVE ( 'NONE', #436, #965, #1685, .T. ) ;
#1360 = DIRECTION ( 'NONE',  ( 1.000000000000000000, 0.000000000000000000, 0.000000000000000000 ) ) ;
#1361 = ORIENTED_EDGE ( 'NONE', *, *, #630, .F. ) ;
#1362 = AXIS2_PLACEMENT_3D ( 'NONE', #2378, #2390, #420 ) ;
#1363 = ORIENTED_EDGE ( 'NONE', *, *, #1659, .F. ) ;
#1364 = CARTESIAN_POINT ( 'NONE',  ( -12.79387260964374029, 5.999999999999998224, 0.03058328606956647530 ) ) ;
#1365 = CARTESIAN_POINT ( 'NONE',  ( -12.32500000000000284, -4.999999999999999112, 2.499000000000000110 ) ) ;
#1366 = EDGE_CURVE ( 'NONE', #2768, #1127, #1695, .T. ) ;
#1367 = EDGE_LOOP ( 'NONE', ( #685, #2083, #1874, #501 ) ) ;
#1368 = CARTESIAN_POINT ( 'NONE',  ( -9.000000000000000000, 5.999999999999998224, 9.000000000000001776 ) ) ;
#1369 = CARTESIAN_POINT ( 'NONE',  ( 8.891709621889374304, 3.999999999999998224, -0.001000000000000000021 ) ) ;
#1370 = ORIENTED_EDGE ( 'NONE', *, *, #2614, .T. ) ;
#1371 = DIRECTION ( 'NONE',  ( -1.000000000000000000, 0.000000000000000000, 0.000000000000000000 ) ) ;
#1372 = CARTESIAN_POINT ( 'NONE',  ( -13.00000000000000178, -4.999999999999999112, 2.499000000000000110 ) ) ;
#1373 = ORIENTED_EDGE ( 'NONE', *, *, #149, .F. ) ;
#1374 = DIRECTION ( 'NONE',  ( 1.000000000000000000, 0.000000000000000000, 0.000000000000000000 ) ) ;
#1375 = CARTESIAN_POINT ( 'NONE',  ( 13.08987200341105250, 3.999999999999998224, -0.001000000000000024307 ) ) ;
#1376 = AXIS2_PLACEMENT_3D ( 'NONE', #2009, #923, #2108 ) ;
#1377 = VERTEX_POINT ( 'NONE', #157 ) ;
#1378 = DIRECTION ( 'NONE',  ( -0.000000000000000000, -1.000000000000000000, -0.000000000000000000 ) ) ;
#1379 = DIRECTION ( 'NONE',  ( 0.000000000000000000, 1.000000000000000000, 0.000000000000000000 ) ) ;
#1380 = DIRECTION ( 'NONE',  ( -0.000000000000000000, -0.000000000000000000, -1.000000000000000000 ) ) ;
#1381 = CARTESIAN_POINT ( 'NONE',  ( -14.00000000000000000, -5.000000000000000000, 7.000000000000000888 ) ) ;
#1382 = ORIENTED_EDGE ( 'NONE', *, *, #2250, .F. ) ;
#1383 = CARTESIAN_POINT ( 'NONE',  ( -11.82500000000000284, 4.999999999999999112, 0.4989999999999998881 ) ) ;
#1384 = CARTESIAN_POINT ( 'NONE',  ( -7.685213074469697148, -6.000000000000000000, -0.001000000000000000021 ) ) ;
#1385 = AXIS2_PLACEMENT_3D ( 'NONE', #2274, #730, #478 ) ;
#1386 = FACE_OUTER_BOUND ( 'NONE', #62, .T. ) ;
#1387 = DIRECTION ( 'NONE',  ( 0.000000000000000000, -1.000000000000000000, -4.003208021484940511E-16 ) ) ;
#1388 = EDGE_CURVE ( 'NONE', #2211, #1679, #1509, .T. ) ;
#1389 = VERTEX_POINT ( 'NONE', #1276 ) ;
#1390 = VECTOR ( 'NONE', #1980, 1000.000000000000000 ) ;
#1391 = DIRECTION ( 'NONE',  ( -0.000000000000000000, -0.000000000000000000, 1.000000000000000000 ) ) ;
#1392 = EDGE_CURVE ( 'NONE', #2798, #263, #1488, .T. ) ;
#1393 = VECTOR ( 'NONE', #2014, 1000.000000000000000 ) ;
#1394 = LINE ( 'NONE', #2715, #1273 ) ;
#1395 = ORIENTED_EDGE ( 'NONE', *, *, #455, .T. ) ;
#1396 = EDGE_CURVE ( 'NONE', #1345, #2168, #1287, .T. ) ;
#1397 = DIRECTION ( 'NONE',  ( -0.000000000000000000, 1.000000000000000000, 4.334641369257388842E-16 ) ) ;
#1398 = CARTESIAN_POINT ( 'NONE',  ( 12.75736036478470936, 5.578071394380743619, -0.5009999346412351562 ) ) ;
#1399 = ORIENTED_EDGE ( 'NONE', *, *, #1515, .T. ) ;
#1400 = ORIENTED_EDGE ( 'NONE', *, *, #1822, .F. ) ;
#1401 = DIRECTION ( 'NONE',  ( 1.000000000000000000, 0.000000000000000000, 0.000000000000000000 ) ) ;
#1402 = EDGE_CURVE ( 'NONE', #2143, #2692, #2521, .T. ) ;
#1403 = DIRECTION ( 'NONE',  ( 1.000000000000000000, 0.000000000000000000, 0.000000000000000000 ) ) ;
#1404 = EDGE_LOOP ( 'NONE', ( #1467, #28, #444, #2801, #2050 ) ) ;
#1405 = CARTESIAN_POINT ( 'NONE',  ( -12.32500000000000284, -4.999999999999999112, 0.4989999999999998881 ) ) ;
#1406 = VECTOR ( 'NONE', #1121, 1000.000000000000000 ) ;
#1407 = ORIENTED_EDGE ( 'NONE', *, *, #2629, .F. ) ;
#1408 = CARTESIAN_POINT ( 'NONE',  ( 8.891709621889372528, -4.000000000000000000, 27.57716446627535234 ) ) ;
#1409 = FACE_OUTER_BOUND ( 'NONE', #1367, .T. ) ;
#1410 = ORIENTED_EDGE ( 'NONE', *, *, #1955, .F. ) ;
#1411 = DIRECTION ( 'NONE',  ( 0.000000000000000000, 0.000000000000000000, -1.000000000000000000 ) ) ;
#1412 = FACE_OUTER_BOUND ( 'NONE', #137, .T. ) ;
#1413 = CARTESIAN_POINT ( 'NONE',  ( 0.000000000000000000, 5.999999999999994671, 8.750000000000001776 ) ) ;
#1414 = VERTEX_POINT ( 'NONE', #1460 ) ;
#1415 = AXIS2_PLACEMENT_3D ( 'NONE', #2150, #1071, #2460 ) ;
#1416 = CARTESIAN_POINT ( 'NONE',  ( 16.00000000000000000, 5.999999999999998224, -0.0009999999999999158867 ) ) ;
#1417 = DIRECTION ( 'NONE',  ( -1.000000000000000000, 0.000000000000000000, -0.000000000000000000 ) ) ;
#1418 = DIRECTION ( 'NONE',  ( -1.000000000000000000, 0.000000000000000000, 0.000000000000000000 ) ) ;
#1419 = ORIENTED_EDGE ( 'NONE', *, *, #645, .T. ) ;
#1420 = DIRECTION ( 'NONE',  ( -0.000000000000000000, 1.000000000000000000, 4.003208021484940511E-16 ) ) ;
#1421 = CARTESIAN_POINT ( 'NONE',  ( 16.00000000000000000, 5.999999999999997335, 2.000000000000000000 ) ) ;
#1422 = ADVANCED_FACE ( 'NONE', ( #1299 ), #2577, .F. ) ;
#1423 = DIRECTION ( 'NONE',  ( -0.000000000000000000, -0.000000000000000000, -1.000000000000000000 ) ) ;
#1424 = CARTESIAN_POINT ( 'NONE',  ( -13.67499999999999893, 4.999999999999999112, 0.4989999999999998881 ) ) ;
#1425 = COLOUR_RGB ( '',0.7921568627450980005, 0.8196078431372548767, 0.9333333333333333481 ) ;
#1426 = CARTESIAN_POINT ( 'NONE',  ( 0.000000000000000000, 0.000000000000000000, 1.500000000000000000 ) ) ;
#1427 = AXIS2_PLACEMENT_3D ( 'NONE', #2045, #1859, #2017 ) ;
#1428 = ORIENTED_EDGE ( 'NONE', *, *, #1531, .T. ) ;
#1429 = LINE ( 'NONE', #1015, #2254 ) ;
#1430 = EDGE_CURVE ( 'NONE', #2739, #1320, #1681, .T. ) ;
#1431 = EDGE_CURVE ( 'NONE', #677, #965, #372, .T. ) ;
#1432 = VECTOR ( 'NONE', #2633, 1000.000000000000000 ) ;
#1433 = DIRECTION ( 'NONE',  ( 0.000000000000000000, -0.000000000000000000, -1.000000000000000000 ) ) ;
#1434 = LINE ( 'NONE', #2582, #745 ) ;
#1435 = EDGE_CURVE ( 'NONE', #353, #805, #406, .T. ) ;
#1436 = AXIS2_PLACEMENT_3D ( 'NONE', #1590, #2697, #731 ) ;
#1437 = VERTEX_POINT ( 'NONE', #1066 ) ;
#1438 = CARTESIAN_POINT ( 'NONE',  ( 9.165151389911683211, 3.999999999999997335, 1.500000000000000000 ) ) ;
#1439 = CARTESIAN_POINT ( 'NONE',  ( 12.74002649371388074, 5.569137843276430466, -0.03592545813897642104 ) ) ;
#1440 = ORIENTED_EDGE ( 'NONE', *, *, #1663, .T. ) ;
#1441 = AXIS2_PLACEMENT_3D ( 'NONE', #141, #1288, #1027 ) ;
#1442 = ORIENTED_EDGE ( 'NONE', *, *, #2738, .T. ) ;
#1443 = CARTESIAN_POINT ( 'NONE',  ( 0.000000000000000000, 5.999999999999994671, 8.125000000000001776 ) ) ;
#1444 = CARTESIAN_POINT ( 'NONE',  ( 14.00000000000000000, -5.000000000000000000, 7.000000000000000888 ) ) ;
#1445 = VECTOR ( 'NONE', #2555, 1000.000000000000000 ) ;
#1446 = VERTEX_POINT ( 'NONE', #2122 ) ;
#1447 = DIRECTION ( 'NONE',  ( 0.000000000000000000, -1.000000000000000000, 0.000000000000000000 ) ) ;
#1448 = PLANE ( 'NONE',  #500 ) ;
#1449 = LINE ( 'NONE', #2780, #554 ) ;
#1450 = EDGE_CURVE ( 'NONE', #1616, #1719, #373, .T. ) ;
#1451 = ORIENTED_EDGE ( 'NONE', *, *, #2748, .T. ) ;
#1452 = VECTOR ( 'NONE', #1561, 1000.000000000000000 ) ;
#1453 = CARTESIAN_POINT ( 'NONE',  ( 12.90104437026574935, -4.380888838657759798, -0.4882082775543004072 ) ) ;
#1454 = LINE ( 'NONE', #2323, #852 ) ;
#1455 = ORIENTED_EDGE ( 'NONE', *, *, #71, .T. ) ;
#1456 = EDGE_CURVE ( 'NONE', #1255, #2321, #869, .T. ) ;
#1457 = CIRCLE ( 'NONE', #206, 0.6250000000000005551 ) ;
#1458 = ORIENTED_EDGE ( 'NONE', *, *, #2138, .F. ) ;
#1459 = DIRECTION ( 'NONE',  ( -0.000000000000000000, -0.000000000000000000, -1.000000000000000000 ) ) ;
#1460 = CARTESIAN_POINT ( 'NONE',  ( 0.000000000000000000, 3.999999999999997335, 3.250000000000002665 ) ) ;
#1461 = EDGE_CURVE ( 'NONE', #1779, #1144, #1696, .T. ) ;
#1462 = ORIENTED_EDGE ( 'NONE', *, *, #303, .T. ) ;
#1463 = CIRCLE ( 'NONE', #1817, 0.6250000000000005551 ) ;
#1464 = DIRECTION ( 'NONE',  ( 1.000000000000000000, 0.000000000000000000, 0.000000000000000000 ) ) ;
#1465 = LINE ( 'NONE', #2085, #1065 ) ;
#1466 = ADVANCED_FACE ( 'NONE', ( #239 ), #211, .F. ) ;
#1467 = ORIENTED_EDGE ( 'NONE', *, *, #639, .T. ) ;
#1468 = AXIS2_PLACEMENT_3D ( 'NONE', #1539, #2193, #1313 ) ;
#1469 = CARTESIAN_POINT ( 'NONE',  ( 12.78328937591786918, -4.410979047675051667, -0.06113317164533904613 ) ) ;
#1470 = FACE_OUTER_BOUND ( 'NONE', #659, .T. ) ;
#1471 = EDGE_LOOP ( 'NONE', ( #314, #2814, #735, #2284, #2032, #117 ) ) ;
#1472 = EDGE_LOOP ( 'NONE', ( #2453, #2089, #1507, #1742, #1305, #1737, #366, #165, #773, #1010, #2086, #2215, #1921, #344, #493 ) ) ;
#1473 = FACE_OUTER_BOUND ( 'NONE', #2189, .T. ) ;
#1474 = CARTESIAN_POINT ( 'NONE',  ( 12.90035529584749519, -4.374999327666581728, -0.4851226058036156030 ) ) ;
#1475 = ADVANCED_FACE ( 'NONE', ( #2613 ), #23, .T. ) ;
#1476 = CIRCLE ( 'NONE', #2196, 0.6250000000000005551 ) ;
#1477 = LINE ( 'NONE', #629, #1794 ) ;
#1478 = VECTOR ( 'NONE', #1479, 1000.000000000000000 ) ;
#1479 = DIRECTION ( 'NONE',  ( 0.000000000000000000, -1.000000000000000000, 0.000000000000000000 ) ) ;
#1480 = ADVANCED_FACE ( 'NONE', ( #2438 ), #1973, .F. ) ;
#1481 = DIRECTION ( 'NONE',  ( -1.000000000000000000, 0.000000000000000000, 0.000000000000000000 ) ) ;
#1482 = CARTESIAN_POINT ( 'NONE',  ( 0.000000000000000000, 0.000000000000000000, -2.000000000000000000 ) ) ;
#1483 = DIRECTION ( 'NONE',  ( 0.000000000000000000, -0.000000000000000000, 1.000000000000000000 ) ) ;
#1484 = AXIS2_PLACEMENT_3D ( 'NONE', #397, #2594, #619 ) ;
#1485 = ADVANCED_FACE ( 'NONE', ( #1520 ), #2054, .T. ) ;
#1486 = VERTEX_POINT ( 'NONE', #2628 ) ;
#1487 = CARTESIAN_POINT ( 'NONE',  ( 0.000000000000000000, 0.000000000000000000, 2.000000000000000000 ) ) ;
#1488 = LINE ( 'NONE', #139, #363 ) ;
#1489 = VECTOR ( 'NONE', #2074, 1000.000000000000000 ) ;
#1490 = DIRECTION ( 'NONE',  ( 1.000000000000000000, -0.000000000000000000, -0.000000000000000000 ) ) ;
#1491 = DIRECTION ( 'NONE',  ( 0.000000000000000000, -0.000000000000000000, -1.000000000000000000 ) ) ;
#1492 = CARTESIAN_POINT ( 'NONE',  ( 8.891709621889374304, -4.000000000000000000, 0.000000000000000000 ) ) ;
#1493 = ORIENTED_EDGE ( 'NONE', *, *, #2142, .F. ) ;
#1494 = CARTESIAN_POINT ( 'NONE',  ( -9.165151389911683211, 3.999999999999997335, 1.500000000000000000 ) ) ;
#1495 = CARTESIAN_POINT ( 'NONE',  ( -9.000000000000000000, 5.999999999999997335, 2.000000000000000000 ) ) ;
#1496 = AXIS2_PLACEMENT_3D ( 'NONE', #1593, #495, #734 ) ;
#1497 = ORIENTED_EDGE ( 'NONE', *, *, #1353, .F. ) ;
#1498 = LINE ( 'NONE', #2370, #1808 ) ;
#1499 = CARTESIAN_POINT ( 'NONE',  ( -13.99999999999999822, -5.000000000000000000, 9.000000000000001776 ) ) ;
#1500 = PLANE ( 'NONE',  #1070 ) ;
#1501 = FACE_OUTER_BOUND ( 'NONE', #2753, .T. ) ;
#1502 = DIRECTION ( 'NONE',  ( -0.000000000000000000, -0.000000000000000000, 1.000000000000000000 ) ) ;
#1503 = ORIENTED_EDGE ( 'NONE', *, *, #163, .T. ) ;
#1504 = CARTESIAN_POINT ( 'NONE',  ( -11.00000000000000000, -6.000000000000000000, -0.001000000000000000021 ) ) ;
#1505 = DIRECTION ( 'NONE',  ( 0.000000000000000000, 0.000000000000000000, 1.000000000000000000 ) ) ;
#1506 = AXIS2_PLACEMENT_3D ( 'NONE', #778, #1654, #2528 ) ;
#1507 = ORIENTED_EDGE ( 'NONE', *, *, #2154, .T. ) ;
#1508 = CARTESIAN_POINT ( 'NONE',  ( -8.891293292640867207, -4.000000000000000000, 1.952811333169451879 ) ) ;
#1509 = LINE ( 'NONE', #2371, #2426 ) ;
#1510 = CARTESIAN_POINT ( 'NONE',  ( 3.469446951953614189E-15, -8.673617379884035472E-16, 0.000000000000000000 ) ) ;
#1511 = ORIENTED_EDGE ( 'NONE', *, *, #2192, .F. ) ;
#1512 = DIRECTION ( 'NONE',  ( 1.000000000000000000, 1.387778780781444492E-15, 0.000000000000000000 ) ) ;
#1513 = AXIS2_PLACEMENT_3D ( 'NONE', #45, #1601, #1417 ) ;
#1514 = DIRECTION ( 'NONE',  ( 0.000000000000000000, 1.000000000000000000, 4.003208021484940511E-16 ) ) ;
#1515 = EDGE_CURVE ( 'NONE', #1296, #2244, #1581, .T. ) ;
#1516 = DIRECTION ( 'NONE',  ( 0.000000000000000000, -1.000000000000000000, 0.000000000000000000 ) ) ;
#1517 = ORIENTED_EDGE ( 'NONE', *, *, #1278, .F. ) ;
#1518 = CARTESIAN_POINT ( 'NONE',  ( -13.99999999999999822, -5.000000000000000000, 7.500000000000001776 ) ) ;
#1519 = VECTOR ( 'NONE', #271, 1000.000000000000000 ) ;
#1520 = FACE_OUTER_BOUND ( 'NONE', #2105, .T. ) ;
#1521 = AXIS2_PLACEMENT_3D ( 'NONE', #992, #1164, #2683 ) ;
#1522 = VERTEX_POINT ( 'NONE', #1312 ) ;
#1523 = DIRECTION ( 'NONE',  ( -0.000000000000000000, -0.000000000000000000, 1.000000000000000000 ) ) ;
#1524 = ORIENTED_EDGE ( 'NONE', *, *, #154, .T. ) ;
#1525 = CARTESIAN_POINT ( 'NONE',  ( 13.00000000000000178, 4.999999999999999112, -0.5010000000000001119 ) ) ;
#1526 = DIRECTION ( 'NONE',  ( -0.000000000000000000, -0.000000000000000000, 1.000000000000000000 ) ) ;
#1527 = AXIS2_PLACEMENT_3D ( 'NONE', #1197, #985, #1848 ) ;
#1528 = ORIENTED_EDGE ( 'NONE', *, *, #2398, .T. ) ;
#1529 = LINE ( 'NONE', #2598, #229 ) ;
#1530 = CARTESIAN_POINT ( 'NONE',  ( -13.61694813396265502, 5.999999999999998224, -0.0009999999999999158867 ) ) ;
#1531 = EDGE_CURVE ( 'NONE', #353, #1977, #131, .T. ) ;
#1532 = EDGE_LOOP ( 'NONE', ( #1440, #2459, #254, #1503 ) ) ;
#1533 = EDGE_LOOP ( 'NONE', ( #2038, #1775, #957, #1936, #1410 ) ) ;
#1534 = CARTESIAN_POINT ( 'NONE',  ( -14.17500000000000071, -4.999999999999999112, -0.001000000000000078517 ) ) ;
#1535 = EDGE_CURVE ( 'NONE', #2349, #1343, #1476, .T. ) ;
#1536 = FACE_OUTER_BOUND ( 'NONE', #192, .T. ) ;
#1537 = CIRCLE ( 'NONE', #60, 1.125000000000000888 ) ;
#1538 =( BOUNDED_SURFACE ( )  B_SPLINE_SURFACE ( 3, 2, ( 
 ( #2087, #118, #2782 ),
 ( #1282, #1008, #606 ),
 ( #2571, #1469, #365 ),
 ( #1453, #2334, #1256 ),
 ( #2116, #594, #2350 ),
 ( #621, #419, #2389 ),
 ( #2835, #897, #1739 ),
 ( #1307, #2169, #207 ),
 ( #1088, #1950, #466 ),
 ( #1983, #1712, #2217 ) ),
 .UNSPECIFIED., .F., .F., .F. ) 
 B_SPLINE_SURFACE_WITH_KNOTS ( ( 4, 2, 2, 2, 4 ),
 ( 3, 3 ),
 ( 0.0009762313280151738723, 0.001244594175610727474, 0.001512957023206280968, 0.001781319870801834678, 0.002049682718397388172 ),
 ( 0.000000000000000000, 1.000000000000000000 ),
 .UNSPECIFIED. ) 
 GEOMETRIC_REPRESENTATION_ITEM ( )  RATIONAL_B_SPLINE_SURFACE ( (
 ( 1.000000000000000000, 0.7071067811865469066, 1.000000000000000000),
 ( 1.000000000000000000, 0.7326832777473429870, 1.000000000000000000),
 ( 1.000000000000000000, 0.7541354686266106278, 1.000000000000000000),
 ( 1.000000000000000000, 0.7830305961667294312, 1.000000000000000000),
 ( 1.000000000000000000, 0.7905597741720205018, 1.000000000000000000),
 ( 1.000000000000000000, 0.7905790374413590449, 1.000000000000000000),
 ( 1.000000000000000000, 0.7829511399770341384, 1.000000000000000000),
 ( 1.000000000000000000, 0.7542579395997839331, 1.000000000000000000),
 ( 1.000000000000000000, 0.7328473795396508450, 1.000000000000000000),
 ( 1.000000000000000000, 0.7071067811865480168, 1.000000000000000000) ) ) 
 REPRESENTATION_ITEM ( '' )  SURFACE ( )  );
#1539 = CARTESIAN_POINT ( 'NONE',  ( -9.000000000000000000, 5.999999999999998224, 9.000000000000001776 ) ) ;
#1540 = ORIENTED_EDGE ( 'NONE', *, *, #2055, .T. ) ;
#1541 = ORIENTED_EDGE ( 'NONE', *, *, #663, .T. ) ;
#1542 = LINE ( 'NONE', #386, #1006 ) ;
#1543 = DIRECTION ( 'NONE',  ( -0.000000000000000000, -0.000000000000000000, -1.000000000000000000 ) ) ;
#1544 = ADVANCED_FACE ( 'NONE', ( #1536 ), #1773, .F. ) ;
#1545 = EDGE_LOOP ( 'NONE', ( #2526, #2490 ) ) ;
#1546 = DIRECTION ( 'NONE',  ( 1.000000000000000000, 1.387778780781444492E-15, 0.000000000000000000 ) ) ;
#1547 = VERTEX_POINT ( 'NONE', #2407 ) ;
#1548 = ORIENTED_EDGE ( 'NONE', *, *, #1435, .F. ) ;
#1549 = CARTESIAN_POINT ( 'NONE',  ( 16.00000000000000000, -4.000000000000000000, -0.0009999999999999158867 ) ) ;
#1550 = AXIS2_PLACEMENT_3D ( 'NONE', #1734, #218, #632 ) ;
#1551 = DIRECTION ( 'NONE',  ( -1.000000000000000000, 0.000000000000000000, 0.000000000000000000 ) ) ;
#1552 = FACE_OUTER_BOUND ( 'NONE', #791, .T. ) ;
#1553 = ORIENTED_EDGE ( 'NONE', *, *, #2270, .T. ) ;
#1554 = ADVANCED_FACE ( 'NONE', ( #265 ), #1341, .T. ) ;
#1555 = ORIENTED_EDGE ( 'NONE', *, *, #2134, .T. ) ;
#1556 = CARTESIAN_POINT ( 'NONE',  ( 11.00000000000000000, 10.99999999999999822, -0.001000000000000000021 ) ) ;
#1557 = LINE ( 'NONE', #464, #599 ) ;
#1558 = EDGE_CURVE ( 'NONE', #1446, #2574, #2336, .T. ) ;
#1559 = VECTOR ( 'NONE', #674, 1000.000000000000000 ) ;
#1560 = DIRECTION ( 'NONE',  ( 1.000000000000000000, 0.000000000000000000, 0.000000000000000000 ) ) ;
#1561 = DIRECTION ( 'NONE',  ( -1.000000000000000000, -0.000000000000000000, -0.000000000000000000 ) ) ;
#1562 = VERTEX_POINT ( 'NONE', #2191 ) ;
#1563 = VERTEX_POINT ( 'NONE', #438 ) ;
#1564 = CARTESIAN_POINT ( 'NONE',  ( 13.19742386717144278, 5.601375067829279963, -0.5009999999999994458 ) ) ;
#1565 = CARTESIAN_POINT ( 'NONE',  ( -16.00000000000000000, 3.999999999999997335, 2.000000000000000000 ) ) ;
#1566 = VECTOR ( 'NONE', #477, 1000.000000000000000 ) ;
#1567 = CARTESIAN_POINT ( 'NONE',  ( -14.50000000000000000, -6.000011999999999901, -0.0009999999999999158867 ) ) ;
#1568 = EDGE_CURVE ( 'NONE', #458, #1302, #912, .T. ) ;
#1569 = VECTOR ( 'NONE', #2031, 1000.000000000000000 ) ;
#1570 = VECTOR ( 'NONE', #2527, 1000.000000000000000 ) ;
#1571 = EDGE_LOOP ( 'NONE', ( #558, #2435 ) ) ;
#1572 = DIRECTION ( 'NONE',  ( 0.000000000000000000, 0.000000000000000000, -1.000000000000000000 ) ) ;
#1573 = DIRECTION ( 'NONE',  ( -1.000000000000000000, -0.000000000000000000, -0.000000000000000000 ) ) ;
#1574 = ORIENTED_EDGE ( 'NONE', *, *, #2363, .T. ) ;
#1575 = DIRECTION ( 'NONE',  ( 0.000000000000000000, -1.000000000000000000, 0.000000000000000000 ) ) ;
#1576 = CARTESIAN_POINT ( 'NONE',  ( 3.469446951953614189E-15, -8.673617379884035472E-16, 0.000000000000000000 ) ) ;
#1577 = TOROIDAL_SURFACE ( 'NONE', #705, 1.125000000000000666, 0.5000000000000000000 ) ;
#1578 = ORIENTED_EDGE ( 'NONE', *, *, #332, .F. ) ;
#1579 = ORIENTED_EDGE ( 'NONE', *, *, #1165, .T. ) ;
#1580 = PLANE ( 'NONE',  #1750 ) ;
#1581 = LINE ( 'NONE', #9, #1559 ) ;
#1582 = CARTESIAN_POINT ( 'NONE',  ( -14.00000000000000000, -5.000000000000000000, 7.000000000000000888 ) ) ;
#1583 = DIRECTION ( 'NONE',  ( -3.469446951953614682E-16, 1.000000000000000000, -0.000000000000000000 ) ) ;
#1584 = CIRCLE ( 'NONE', #338, 1.174999999999998934 ) ;
#1585 = ORIENTED_EDGE ( 'NONE', *, *, #527, .F. ) ;
#1586 = DIRECTION ( 'NONE',  ( -1.000000000000000000, -0.000000000000000000, 0.000000000000000000 ) ) ;
#1587 = DIRECTION ( 'NONE',  ( -1.000000000000000000, 0.000000000000000000, -0.000000000000000000 ) ) ;
#1588 = CIRCLE ( 'NONE', #1942, 9.500000000000001776 ) ;
#1589 = LINE ( 'NONE', #1176, #1876 ) ;
#1590 = CARTESIAN_POINT ( 'NONE',  ( -13.00000000000000178, 4.999999999999999112, 2.499000000000000110 ) ) ;
#1591 = EDGE_LOOP ( 'NONE', ( #2292, #1626, #2837, #2760 ) ) ;
#1592 = CARTESIAN_POINT ( 'NONE',  ( -14.50000000000000000, -5.000000000000000000, 7.000000000000000888 ) ) ;
#1593 = CARTESIAN_POINT ( 'NONE',  ( 0.000000000000000000, 0.000000000000000000, 1.500000000000000000 ) ) ;
#1594 = ORIENTED_EDGE ( 'NONE', *, *, #1603, .T. ) ;
#1595 = FACE_OUTER_BOUND ( 'NONE', #2444, .T. ) ;
#1596 = DIRECTION ( 'NONE',  ( 0.000000000000000000, 0.000000000000000000, -1.000000000000000000 ) ) ;
#1597 = EDGE_CURVE ( 'NONE', #2716, #2015, #688, .T. ) ;
#1598 = ORIENTED_EDGE ( 'NONE', *, *, #1657, .T. ) ;
#1599 = CARTESIAN_POINT ( 'NONE',  ( 9.000000000000000000, 7.999999999999996447, 2.000000000000000888 ) ) ;
#1600 = CARTESIAN_POINT ( 'NONE',  ( -9.165151389911683211, -3.999999999999998224, 2.000000000000000000 ) ) ;
#1601 = DIRECTION ( 'NONE',  ( 0.000000000000000000, 0.000000000000000000, -1.000000000000000000 ) ) ;
#1602 = DIRECTION ( 'NONE',  ( 1.000000000000000000, 0.000000000000000000, 0.000000000000000000 ) ) ;
#1603 = EDGE_CURVE ( 'NONE', #805, #2420, #2354, .T. ) ;
#1604 = VECTOR ( 'NONE', #278, 1000.000000000000000 ) ;
#1605 = EDGE_LOOP ( 'NONE', ( #99, #482, #2695, #1517 ) ) ;
#1606 = CARTESIAN_POINT ( 'NONE',  ( 11.00000000000000000, -6.000000000000000000, 2.000000000000000000 ) ) ;
#1607 = CARTESIAN_POINT ( 'NONE',  ( 12.80452415884296435, 5.595718089601600553, -0.4962100924905811228 ) ) ;
#1608 = ORIENTED_EDGE ( 'NONE', *, *, #573, .F. ) ;
#1609 = AXIS2_PLACEMENT_3D ( 'NONE', #100, #376, #1464 ) ;
#1610 = CARTESIAN_POINT ( 'NONE',  ( 0.000000000000000000, 2.232233047033627127, 2.625000000000001776 ) ) ;
#1611 = CARTESIAN_POINT ( 'NONE',  ( 12.88397359749675886, 4.383546638452905597, -0.09109649580177452133 ) ) ;
#1612 = ADVANCED_FACE ( 'NONE', ( #2239 ), #2119, .F. ) ;
#1613 = ORIENTED_EDGE ( 'NONE', *, *, #1217, .T. ) ;
#1614 = CIRCLE ( 'NONE', #1744, 0.6250000000000005551 ) ;
#1615 = CARTESIAN_POINT ( 'NONE',  ( 14.50000000000000000, -5.000000000000000000, -0.001000000000000349568 ) ) ;
#1616 = VERTEX_POINT ( 'NONE', #2687 ) ;
#1617 = EDGE_LOOP ( 'NONE', ( #296, #1613, #82, #1117 ) ) ;
#1618 = DIRECTION ( 'NONE',  ( 0.000000000000000000, 0.000000000000000000, 1.000000000000000000 ) ) ;
#1619 = DIRECTION ( 'NONE',  ( -0.000000000000000000, -1.000000000000000000, -0.000000000000000000 ) ) ;
#1620 = AXIS2_PLACEMENT_3D ( 'NONE', #2033, #948, #2044 ) ;
#1621 = ORIENTED_EDGE ( 'NONE', *, *, #536, .F. ) ;
#1622 = DIRECTION ( 'NONE',  ( 0.8888888888888891726, 0.4581228472908506211, -0.000000000000000000 ) ) ;
#1623 = CARTESIAN_POINT ( 'NONE',  ( 13.35116257261876349, 5.999999999999997335, -0.001000000000000083938 ) ) ;
#1624 = CARTESIAN_POINT ( 'NONE',  ( -12.32500000000000284, 4.999999999999999112, 0.4989999999999998881 ) ) ;
#1625 = CARTESIAN_POINT ( 'NONE',  ( 11.00000000000000000, 8.000000000000000000, 2.000000000000000000 ) ) ;
#1626 = ORIENTED_EDGE ( 'NONE', *, *, #1892, .T. ) ;
#1627 = CARTESIAN_POINT ( 'NONE',  ( 7.685213074469704253, -6.000000000000000000, -0.001000000000000000021 ) ) ;
#1628 = CIRCLE ( 'NONE', #567, 2.000000000000000000 ) ;
#1629 = AXIS2_PLACEMENT_3D ( 'NONE', #1714, #2544, #2796 ) ;
#1630 = CARTESIAN_POINT ( 'NONE',  ( 13.28632677955678254, 4.444444444444442865, -0.5010000000000000009 ) ) ;
#1631 = ADVANCED_FACE ( 'NONE', ( #1412 ), #949, .T. ) ;
#1632 = FACE_OUTER_BOUND ( 'NONE', #1225, .T. ) ;
#1633 = ORIENTED_EDGE ( 'NONE', *, *, #650, .T. ) ;
#1634 = CARTESIAN_POINT ( 'NONE',  ( -12.38305186603735031, 3.999999999999998224, -0.001000000000000024307 ) ) ;
#1635 = DIRECTION ( 'NONE',  ( 0.000000000000000000, -0.000000000000000000, -1.000000000000000000 ) ) ;
#1636 = CARTESIAN_POINT ( 'NONE',  ( -11.00000000000000000, 10.99999999999999822, -0.001000000000000000021 ) ) ;
#1637 = CARTESIAN_POINT ( 'NONE',  ( -14.17500000000000071, -4.999999999999999112, 0.4989999999999998881 ) ) ;
#1638 = ADVANCED_FACE ( 'NONE', ( #2076 ), #290, .T. ) ;
#1639 = VERTEX_POINT ( 'NONE', #539 ) ;
#1640 = EDGE_CURVE ( 'NONE', #1563, #2617, #2658, .T. ) ;
#1641 = CIRCLE ( 'NONE', #299, 0.4999999999999997224 ) ;
#1642 = DIRECTION ( 'NONE',  ( 0.000000000000000000, -0.000000000000000000, -1.000000000000000000 ) ) ;
#1643 = VERTEX_POINT ( 'NONE', #1384 ) ;
#1644 = CARTESIAN_POINT ( 'NONE',  ( 8.891709621889374304, 3.999999999999998224, 0.000000000000000000 ) ) ;
#1645 = CYLINDRICAL_SURFACE ( 'NONE', #833, 0.6250000000000002220 ) ;
#1646 = CARTESIAN_POINT ( 'NONE',  ( 11.00000000000000000, 8.000000000000000000, 9.000000000000001776 ) ) ;
#1647 = EDGE_CURVE ( 'NONE', #1977, #2156, #738, .T. ) ;
#1648 = ORIENTED_EDGE ( 'NONE', *, *, #838, .F. ) ;
#1649 = DIRECTION ( 'NONE',  ( 0.000000000000000000, 0.000000000000000000, 1.000000000000000000 ) ) ;
#1650 = CARTESIAN_POINT ( 'NONE',  ( 12.78328937591775549, 5.589020952324897706, -0.06113317164535510273 ) ) ;
#1651 = ORIENTED_EDGE ( 'NONE', *, *, #404, .F. ) ;
#1652 = CARTESIAN_POINT ( 'NONE',  ( -14.00000000000000000, 0.000000000000000000, 7.000000000000000888 ) ) ;
#1653 = AXIS2_PLACEMENT_3D ( 'NONE', #1003, #770, #2288 ) ;
#1654 = DIRECTION ( 'NONE',  ( 0.000000000000000000, -0.000000000000000000, -1.000000000000000000 ) ) ;
#1655 = AXIS2_PLACEMENT_3D ( 'NONE', #876, #2422, #1327 ) ;
#1656 = ORIENTED_EDGE ( 'NONE', *, *, #1558, .T. ) ;
#1657 = EDGE_CURVE ( 'NONE', #224, #2783, #826, .T. ) ;
#1658 = VECTOR ( 'NONE', #1502, 1000.000000000000000 ) ;
#1659 = EDGE_CURVE ( 'NONE', #1137, #20, #180, .T. ) ;
#1660 = CARTESIAN_POINT ( 'NONE',  ( 16.00000000000000000, 5.999999999999998224, -0.0009999999999999158867 ) ) ;
#1661 =( LENGTH_UNIT ( ) NAMED_UNIT ( * ) SI_UNIT ( .MILLI., .METRE. ) );
#1662 = AXIS2_PLACEMENT_3D ( 'NONE', #519, #1619, #1203 ) ;
#1663 = EDGE_CURVE ( 'NONE', #2763, #1486, #64, .T. ) ;
#1664 = ORIENTED_EDGE ( 'NONE', *, *, #1558, .F. ) ;
#1665 = DIRECTION ( 'NONE',  ( -0.000000000000000000, -0.000000000000000000, -1.000000000000000000 ) ) ;
#1666 = PLANE ( 'NONE',  #250 ) ;
#1667 = ORIENTED_EDGE ( 'NONE', *, *, #2659, .T. ) ;
#1668 = DIRECTION ( 'NONE',  ( -1.000000000000000000, 0.000000000000000000, 0.000000000000000000 ) ) ;
#1669 = CARTESIAN_POINT ( 'NONE',  ( -12.79488694355322487, -6.000000000000000000, 0.02389557613734465472 ) ) ;
#1670 = AXIS2_PLACEMENT_3D ( 'NONE', #1171, #2472, #292 ) ;
#1671 = EDGE_CURVE ( 'NONE', #768, #1210, #1816, .T. ) ;
#1672 = ORIENTED_EDGE ( 'NONE', *, *, #1813, .T. ) ;
#1673 = DIRECTION ( 'NONE',  ( -0.000000000000000000, 0.000000000000000000, 1.000000000000000000 ) ) ;
#1674 = CARTESIAN_POINT ( 'NONE',  ( -8.616843969807046477, 3.999999999999997335, 2.000000000000000000 ) ) ;
#1675 = ORIENTED_EDGE ( 'NONE', *, *, #2146, .F. ) ;
#1676 = CARTESIAN_POINT ( 'NONE',  ( 8.891709621889377857, 3.999999999999986233, 27.57716446627535234 ) ) ;
#1677 = DIRECTION ( 'NONE',  ( 0.000000000000000000, 1.000000000000000000, 0.000000000000000000 ) ) ;
#1678 = EDGE_CURVE ( 'NONE', #672, #1137, #995, .T. ) ;
#1679 = VERTEX_POINT ( 'NONE', #2252 ) ;
#1680 = CARTESIAN_POINT ( 'NONE',  ( -12.32500000000000284, 4.999999999999999112, 2.499000000000000110 ) ) ;
#1681 = LINE ( 'NONE', #1499, #41 ) ;
#1682 = ADVANCED_FACE ( 'NONE', ( #2484 ), #316, .T. ) ;
#1683 = ADVANCED_FACE ( 'NONE', ( #2335, #1009 ), #135, .T. ) ;
#1684 = DIRECTION ( 'NONE',  ( -0.000000000000000000, -0.000000000000000000, 1.000000000000000000 ) ) ;
#1685 = CIRCLE ( 'NONE', #2698, 10.00000000000000178 ) ;
#1686 = CARTESIAN_POINT ( 'NONE',  ( -11.00000000000000000, 10.99999999999999822, -0.001000000000000000021 ) ) ;
#1687 = CARTESIAN_POINT ( 'NONE',  ( -8.755177107892444965, 3.999999999999998224, 2.000000000000000444 ) ) ;
#1688 = ADVANCED_FACE ( 'NONE', ( #1702 ), #2812, .F. ) ;
#1689 = ORIENTED_EDGE ( 'NONE', *, *, #1461, .T. ) ;
#1690 = CIRCLE ( 'NONE', #2568, 0.5000000000000002220 ) ;
#1691 = ORIENTED_EDGE ( 'NONE', *, *, #1187, .F. ) ;
#1692 = DIRECTION ( 'NONE',  ( -1.000000000000000000, 0.000000000000000000, 0.000000000000000000 ) ) ;
#1693 = ORIENTED_EDGE ( 'NONE', *, *, #2656, .T. ) ;
#1694 = LINE ( 'NONE', #1680, #2176 ) ;
#1695 = LINE ( 'NONE', #1927, #914 ) ;
#1696 = CIRCLE ( 'NONE', #499, 0.5000000000000004441 ) ;
#1697 = ORIENTED_EDGE ( 'NONE', *, *, #393, .T. ) ;
#1698 = DIRECTION ( 'NONE',  ( -1.000000000000000000, 0.000000000000000000, -0.000000000000000000 ) ) ;
#1699 = CARTESIAN_POINT ( 'NONE',  ( 16.00000000000000000, 3.999999999999995559, 7.000000000000000888 ) ) ;
#1700 = CARTESIAN_POINT ( 'NONE',  ( 9.000000000000000000, 8.000000000000000000, 9.000000000000001776 ) ) ;
#1701 = ORIENTED_EDGE ( 'NONE', *, *, #1647, .T. ) ;
#1702 = FACE_OUTER_BOUND ( 'NONE', #1285, .T. ) ;
#1703 = CIRCLE ( 'NONE', #463, 1.125000000000000888 ) ;
#1704 = ORIENTED_EDGE ( 'NONE', *, *, #2629, .T. ) ;
#1705 = DIRECTION ( 'NONE',  ( 0.000000000000000000, 0.000000000000000000, 1.000000000000000000 ) ) ;
#1706 = CARTESIAN_POINT ( 'NONE',  ( -9.165151389911683211, 3.999999999999997335, 2.000000000000000000 ) ) ;
#1707 = AXIS2_PLACEMENT_3D ( 'NONE', #454, #2003, #408 ) ;
#1708 = ORIENTED_EDGE ( 'NONE', *, *, #2699, .F. ) ;
#1709 = AXIS2_PLACEMENT_3D ( 'NONE', #378, #351, #1033 ) ;
#1710 = LINE ( 'NONE', #1333, #442 ) ;
#1711 = LINE ( 'NONE', #1131, #2433 ) ;
#1712 = CARTESIAN_POINT ( 'NONE',  ( 13.28632677955678432, -4.444444444444442865, -0.001000000000000783248 ) ) ;
#1713 = EDGE_CURVE ( 'NONE', #1210, #1486, #205, .T. ) ;
#1714 = CARTESIAN_POINT ( 'NONE',  ( 0.000000000000000000, 0.000000000000000000, 1.500000000000000000 ) ) ;
#1715 = CIRCLE ( 'NONE', #1362, 0.6250000000000005551 ) ;
#1716 = ORIENTED_EDGE ( 'NONE', *, *, #1713, .T. ) ;
#1717 = DIRECTION ( 'NONE',  ( 0.000000000000000000, -4.336808689942017736E-16, 1.000000000000000000 ) ) ;
#1718 = CARTESIAN_POINT ( 'NONE',  ( 12.48461179679792821, 6.000000000000068390, -0.5010000000000000009 ) ) ;
#1719 = VERTEX_POINT ( 'NONE', #2572 ) ;
#1720 = EDGE_CURVE ( 'NONE', #1302, #2449, #2556, .T. ) ;
#1721 = EDGE_CURVE ( 'NONE', #1137, #197, #1314, .T. ) ;
#1722 = ADVANCED_FACE ( 'NONE', ( #2117 ), #1666, .F. ) ;
#1723 = CARTESIAN_POINT ( 'NONE',  ( -13.00000000000000178, 4.999999999999999112, 2.499000000000000110 ) ) ;
#1724 = CARTESIAN_POINT ( 'NONE',  ( 1.800000000000003375, -8.673617379884035472E-16, -1.000000000000000000 ) ) ;
#1725 = SURFACE_STYLE_FILL_AREA ( #2417 ) ;
#1726 = DIRECTION ( 'NONE',  ( -1.000000000000000000, 0.000000000000000000, 0.000000000000000000 ) ) ;
#1727 = ORIENTED_EDGE ( 'NONE', *, *, #708, .T. ) ;
#1728 = FACE_OUTER_BOUND ( 'NONE', #2626, .T. ) ;
#1729 = DIRECTION ( 'NONE',  ( 1.000000000000000000, 0.000000000000000000, 0.000000000000000000 ) ) ;
#1730 = CARTESIAN_POINT ( 'NONE',  ( 13.62500000000000178, -4.999999999999999112, -2.001000000000000334 ) ) ;
#1731 = ORIENTED_EDGE ( 'NONE', *, *, #1143, .T. ) ;
#1732 = ADVANCED_FACE ( 'NONE', ( #1470 ), #1922, .T. ) ;
#1733 = EDGE_LOOP ( 'NONE', ( #2654, #2314 ) ) ;
#1734 = CARTESIAN_POINT ( 'NONE',  ( 0.000000000000000000, 0.000000000000000000, -0.001000000000000000021 ) ) ;
#1735 = AXIS2_PLACEMENT_3D ( 'NONE', #2041, #1575, #518 ) ;
#1736 = DIRECTION ( 'NONE',  ( 0.000000000000000000, -1.000000000000000000, 0.000000000000000000 ) ) ;
#1737 = ORIENTED_EDGE ( 'NONE', *, *, #1156, .F. ) ;
#1738 = VERTEX_POINT ( 'NONE', #1495 ) ;
#1739 = CARTESIAN_POINT ( 'NONE',  ( 13.17855537842651614, -4.000000000000000000, -0.001000000000000024307 ) ) ;
#1740 = DIRECTION ( 'NONE',  ( 1.000000000000000000, 0.000000000000000000, 0.000000000000000000 ) ) ;
#1741 = ORIENTED_EDGE ( 'NONE', *, *, #1974, .T. ) ;
#1742 = ORIENTED_EDGE ( 'NONE', *, *, #2018, .T. ) ;
#1743 = CARTESIAN_POINT ( 'NONE',  ( 12.71367322044321746, 5.555555555555554470, -0.5010000000000000009 ) ) ;
#1744 = AXIS2_PLACEMENT_3D ( 'NONE', #219, #855, #1319 ) ;
#1745 = DIRECTION ( 'NONE',  ( -0.000000000000000000, 0.000000000000000000, 1.000000000000000000 ) ) ;
#1746 = AXIS2_PLACEMENT_3D ( 'NONE', #1576, #2451, #479 ) ;
#1747 = CARTESIAN_POINT ( 'NONE',  ( -16.00000000000000000, 5.999999999999998224, -0.0009999999999999158867 ) ) ;
#1748 = VERTEX_POINT ( 'NONE', #153 ) ;
#1749 = EDGE_CURVE ( 'NONE', #1054, #353, #1242, .T. ) ;
#1750 = AXIS2_PLACEMENT_3D ( 'NONE', #2483, #1397, #2511 ) ;
#1751 = EDGE_LOOP ( 'NONE', ( #1708, #27, #1458, #864 ) ) ;
#1752 = DIRECTION ( 'NONE',  ( 0.000000000000000000, -0.000000000000000000, -1.000000000000000000 ) ) ;
#1753 = CARTESIAN_POINT ( 'NONE',  ( 16.00000000000000000, -6.000000000000000000, -0.0009999999999999158867 ) ) ;
#1754 = CARTESIAN_POINT ( 'NONE',  ( 13.62500000000000178, -4.999999999999999112, -0.5010000000000001119 ) ) ;
#1755 = ORIENTED_EDGE ( 'NONE', *, *, #294, .T. ) ;
#1756 = CARTESIAN_POINT ( 'NONE',  ( -9.165151389911683211, -3.999999999999998224, 1.500000000000000000 ) ) ;
#1757 = DIRECTION ( 'NONE',  ( -1.000000000000000000, 0.000000000000000000, 0.000000000000000000 ) ) ;
#1758 = VECTOR ( 'NONE', #845, 1000.000000000000000 ) ;
#1759 = DIRECTION ( 'NONE',  ( 0.4581228472899064874, 0.8888888888893757834, 0.000000000000000000 ) ) ;
#1760 = ORIENTED_EDGE ( 'NONE', *, *, #1328, .T. ) ;
#1761 = EDGE_CURVE ( 'NONE', #1882, #965, #2351, .T. ) ;
#1762 = ORIENTED_EDGE ( 'NONE', *, *, #663, .F. ) ;
#1763 = B_SPLINE_CURVE_WITH_KNOTS ( 'NONE', 3,
 ( #2346, #330, #589, #1253, #1687, #1674 ),
 .UNSPECIFIED., .F., .F.,
 ( 4, 2, 4 ),
 ( 0.000000000000000000, 0.0004098524317722701646, 0.0008197048635445403292 ),
 .UNSPECIFIED. ) ;
#1764 = DIRECTION ( 'NONE',  ( -0.000000000000000000, -0.000000000000000000, 1.000000000000000000 ) ) ;
#1765 = DIRECTION ( 'NONE',  ( 1.000000000000000000, -0.000000000000000000, -0.000000000000000000 ) ) ;
#1766 = EDGE_CURVE ( 'NONE', #487, #1679, #566, .T. ) ;
#1767 = CARTESIAN_POINT ( 'NONE',  ( 13.28632677955678432, -4.444444444444443754, -0.5010000000000001119 ) ) ;
#1768 = DIRECTION ( 'NONE',  ( -0.000000000000000000, -0.000000000000000000, -1.000000000000000000 ) ) ;
#1769 = ORIENTED_EDGE ( 'NONE', *, *, #2285, .F. ) ;
#1770 = EDGE_CURVE ( 'NONE', #2001, #2161, #2784, .T. ) ;
#1771 = CARTESIAN_POINT ( 'NONE',  ( -13.10224725085192610, -3.999999999999999112, 0.03064599912665726469 ) ) ;
#1772 = CIRCLE ( 'NONE', #2415, 0.6250000000000005551 ) ;
#1773 = CYLINDRICAL_SURFACE ( 'NONE', #1655, 0.6749999999999984901 ) ;
#1774 = ORIENTED_EDGE ( 'NONE', *, *, #1597, .T. ) ;
#1775 = ORIENTED_EDGE ( 'NONE', *, *, #158, .T. ) ;
#1776 = CARTESIAN_POINT ( 'NONE',  ( -13.99999999999999822, -5.000000000000000000, 7.500000000000001776 ) ) ;
#1777 = CARTESIAN_POINT ( 'NONE',  ( -16.00000000000000000, 5.999999999999998224, -0.0009999999999999158867 ) ) ;
#1778 = TOROIDAL_SURFACE ( 'NONE', #1385, 1.125000000000000666, 0.5000000000000000000 ) ;
#1779 = VERTEX_POINT ( 'NONE', #168 ) ;
#1780 = AXIS2_PLACEMENT_3D ( 'NONE', #775, #1801, #722 ) ;
#1781 = CARTESIAN_POINT ( 'NONE',  ( -11.00000000000000000, 10.99999999999999822, -0.001000000000000000021 ) ) ;
#1782 = DIRECTION ( 'NONE',  ( 1.000000000000000000, 0.000000000000000000, 0.000000000000000000 ) ) ;
#1783 = ORIENTED_EDGE ( 'NONE', *, *, #1126, .T. ) ;
#1784 = VERTEX_POINT ( 'NONE', #1021 ) ;
#1785 = CARTESIAN_POINT ( 'NONE',  ( 13.09965313810787713, 5.624999327638130708, -0.4851232307615089279 ) ) ;
#1786 = CARTESIAN_POINT ( 'NONE',  ( -13.00000000000000178, 4.999999999999999112, 0.4989999999999998881 ) ) ;
#1787 = ORIENTED_EDGE ( 'NONE', *, *, #1943, .F. ) ;
#1788 = DIRECTION ( 'NONE',  ( 1.000000000000000000, 0.000000000000000000, 0.000000000000000000 ) ) ;
#1789 = VECTOR ( 'NONE', #2010, 1000.000000000000000 ) ;
#1790 = CARTESIAN_POINT ( 'NONE',  ( 13.09895562973426308, 4.380888838657761575, -0.4882082775542909148 ) ) ;
#1791 = EDGE_LOOP ( 'NONE', ( #1689, #1180, #1309, #1122, #1585 ) ) ;
#1792 = DIRECTION ( 'NONE',  ( 0.000000000000000000, 0.000000000000000000, -1.000000000000000000 ) ) ;
#1793 = CARTESIAN_POINT ( 'NONE',  ( 16.00000000000000000, 3.999999999999998224, -0.0009999999999999158867 ) ) ;
#1794 = VECTOR ( 'NONE', #2343, 1000.000000000000000 ) ;
#1795 = ORIENTED_EDGE ( 'NONE', *, *, #2072, .T. ) ;
#1796 = CARTESIAN_POINT ( 'NONE',  ( 3.469446951953614189E-15, -8.673617379884035472E-16, 0.000000000000000000 ) ) ;
#1797 = CARTESIAN_POINT ( 'NONE',  ( -16.00000000000000000, 5.999999999999995559, 7.000000000000000888 ) ) ;
#1798 = AXIS2_PLACEMENT_3D ( 'NONE', #1383, #2016, #1411 ) ;
#1799 = ORIENTED_EDGE ( 'NONE', *, *, #369, .T. ) ;
#1800 = LINE ( 'NONE', #301, #843 ) ;
#1801 = DIRECTION ( 'NONE',  ( 0.000000000000000000, -1.000000000000000000, 0.000000000000000000 ) ) ;
#1802 = CYLINDRICAL_SURFACE ( 'NONE', #941, 0.6250000000000001110 ) ;
#1803 = VECTOR ( 'NONE', #2673, 1000.000000000000000 ) ;
#1804 = CIRCLE ( 'NONE', #946, 0.6250000000000005551 ) ;
#1805 = EDGE_LOOP ( 'NONE', ( #95, #1741, #620, #2287 ) ) ;
#1806 = LINE ( 'NONE', #29, #772 ) ;
#1807 = CARTESIAN_POINT ( 'NONE',  ( 9.000000000000000000, 5.999999999999995559, 2.000000000000000000 ) ) ;
#1808 = VECTOR ( 'NONE', #2091, 1000.000000000000000 ) ;
#1809 = ORIENTED_EDGE ( 'NONE', *, *, #2134, .F. ) ;
#1810 = ORIENTED_EDGE ( 'NONE', *, *, #1328, .F. ) ;
#1811 = CYLINDRICAL_SURFACE ( 'NONE', #739, 0.6250000000000005551 ) ;
#1812 = CYLINDRICAL_SURFACE ( 'NONE', #1436, 0.6749999999999984901 ) ;
#1813 = EDGE_CURVE ( 'NONE', #69, #20, #110, .T. ) ;
#1814 = ORIENTED_EDGE ( 'NONE', *, *, #2348, .T. ) ;
#1815 = DIRECTION ( 'NONE',  ( 1.000000000000000000, 0.000000000000000000, 0.000000000000000000 ) ) ;
#1816 = LINE ( 'NONE', #2294, #1103 ) ;
#1817 = AXIS2_PLACEMENT_3D ( 'NONE', #1525, #1752, #1512 ) ;
#1818 = DIRECTION ( 'NONE',  ( 0.000000000000000000, 0.000000000000000000, -1.000000000000000000 ) ) ;
#1819 = CYLINDRICAL_SURFACE ( 'NONE', #1670, 9.750000000000001776 ) ;
#1820 = VERTEX_POINT ( 'NONE', #2771 ) ;
#1821 = DIRECTION ( 'NONE',  ( 1.000000000000000000, -0.000000000000000000, -0.000000000000000000 ) ) ;
#1822 = EDGE_CURVE ( 'NONE', #1023, #1990, #2367, .T. ) ;
#1823 = ORIENTED_EDGE ( 'NONE', *, *, #212, .F. ) ;
#1824 = FACE_OUTER_BOUND ( 'NONE', #1993, .T. ) ;
#1825 = CARTESIAN_POINT ( 'NONE',  ( 3.469446951953614189E-15, -8.673617379884035472E-16, -1.000000000000000000 ) ) ;
#1826 = ADVANCED_FACE ( 'NONE', ( #2102 ), #336, .T. ) ;
#1827 = ORIENTED_EDGE ( 'NONE', *, *, #1640, .T. ) ;
#1828 = CARTESIAN_POINT ( 'NONE',  ( 9.099803424317501666, 3.999999999999997335, 1.771398171048351955 ) ) ;
#1829 = CARTESIAN_POINT ( 'NONE',  ( 12.95007110921623372, 5.624992375537438249, -0.4851264605451358625 ) ) ;
#1830 = STYLED_ITEM ( 'NONE', ( #1336 ), #802 ) ;
#1831 = DIRECTION ( 'NONE',  ( -0.000000000000000000, 1.000000000000000000, 4.003208021484940511E-16 ) ) ;
#1832 = DIRECTION ( 'NONE',  ( 0.000000000000000000, 0.000000000000000000, -1.000000000000000000 ) ) ;
#1833 = EDGE_CURVE ( 'NONE', #170, #2143, #1454, .T. ) ;
#1834 = ORIENTED_EDGE ( 'NONE', *, *, #2614, .F. ) ;
#1835 = VECTOR ( 'NONE', #2723, 1000.000000000000000 ) ;
#1836 = LINE ( 'NONE', #1615, #1260 ) ;
#1837 = LINE ( 'NONE', #1368, #179 ) ;
#1838 = CARTESIAN_POINT ( 'NONE',  ( 9.165151389911683211, 3.999999999999997335, 2.000000000000000000 ) ) ;
#1839 = DIRECTION ( 'NONE',  ( 0.000000000000000000, 0.000000000000000000, 1.000000000000000000 ) ) ;
#1840 = B_SPLINE_CURVE_WITH_KNOTS ( 'NONE', 3,
 ( #1357, #1311, #1508, #1987, #654, #1756 ),
 .UNSPECIFIED., .F., .F.,
 ( 4, 2, 4 ),
 ( 0.000000000000000000, 0.0004098509389352286811, 0.0008197018778704573622 ),
 .UNSPECIFIED. ) ;
#1841 = AXIS2_PLACEMENT_3D ( 'NONE', #2468, #315, #1815 ) ;
#1842 = ORIENTED_EDGE ( 'NONE', *, *, #645, .F. ) ;
#1843 = PLANE ( 'NONE',  #2309 ) ;
#1844 = DIRECTION ( 'NONE',  ( -0.000000000000000000, 0.000000000000000000, 1.000000000000000000 ) ) ;
#1845 = VERTEX_POINT ( 'NONE', #1984 ) ;
#1846 = EDGE_CURVE ( 'NONE', #443, #436, #2596, .T. ) ;
#1847 = FACE_OUTER_BOUND ( 'NONE', #1129, .T. ) ;
#1848 = DIRECTION ( 'NONE',  ( -1.000000000000000000, 0.000000000000000000, 0.000000000000000000 ) ) ;
#1849 = EDGE_CURVE ( 'NONE', #1486, #2223, #451, .T. ) ;
#1850 = EDGE_LOOP ( 'NONE', ( #2090, #1667, #2660, #1940, #1114 ) ) ;
#1851 = CARTESIAN_POINT ( 'NONE',  ( 14.00000000000000000, -4.000000000000000000, 7.000000000000000888 ) ) ;
#1852 = EDGE_CURVE ( 'NONE', #257, #785, #6, .T. ) ;
#1853 = VECTOR ( 'NONE', #1900, 1000.000000000000000 ) ;
#1854 = ORIENTED_EDGE ( 'NONE', *, *, #1187, .T. ) ;
#1855 = DIRECTION ( 'NONE',  ( -0.000000000000000000, 0.000000000000000000, 1.000000000000000000 ) ) ;
#1856 = DIRECTION ( 'NONE',  ( 0.000000000000000000, 0.000000000000000000, -1.000000000000000000 ) ) ;
#1857 = EDGE_LOOP ( 'NONE', ( #2668, #2328 ) ) ;
#1858 = CARTESIAN_POINT ( 'NONE',  ( 9.000000000000000000, 7.999999999999998224, 1.000000000000000888 ) ) ;
#1859 = DIRECTION ( 'NONE',  ( 0.000000000000000000, 1.000000000000000000, 4.003208021484940511E-16 ) ) ;
#1860 = ORIENTED_EDGE ( 'NONE', *, *, #2639, .F. ) ;
#1861 = EDGE_CURVE ( 'NONE', #1639, #1946, #699, .T. ) ;
#1862 = EDGE_LOOP ( 'NONE', ( #1656, #2164 ) ) ;
#1863 = DIRECTION ( 'NONE',  ( 0.000000000000000000, -0.000000000000000000, -1.000000000000000000 ) ) ;
#1864 = CARTESIAN_POINT ( 'NONE',  ( -11.00000000000000000, 10.99999999999999822, 2.000000000000000000 ) ) ;
#1865 = VERTEX_POINT ( 'NONE', #1754 ) ;
#1866 = AXIS2_PLACEMENT_3D ( 'NONE', #1444, #2228, #1572 ) ;
#1867 = DIRECTION ( 'NONE',  ( -1.000000000000000000, -0.000000000000000000, -0.000000000000000000 ) ) ;
#1868 = DIRECTION ( 'NONE',  ( 1.000000000000000000, 0.000000000000000000, 0.000000000000000000 ) ) ;
#1869 = LINE ( 'NONE', #164, #1923 ) ;
#1870 = CARTESIAN_POINT ( 'NONE',  ( 0.000000000000000000, 5.999999999999997335, 2.625000000000003109 ) ) ;
#1871 = ORIENTED_EDGE ( 'NONE', *, *, #907, .T. ) ;
#1872 = CARTESIAN_POINT ( 'NONE',  ( -16.00000000000000000, 3.999999999999997335, 9.000000000000001776 ) ) ;
#1873 = CARTESIAN_POINT ( 'NONE',  ( 0.000000000000000000, 0.000000000000000000, 2.000000000000000000 ) ) ;
#1874 = ORIENTED_EDGE ( 'NONE', *, *, #1388, .F. ) ;
#1875 = CARTESIAN_POINT ( 'NONE',  ( 12.90080256773467049, -5.619046547257763535, -0.4882289963552027268 ) ) ;
#1876 = VECTOR ( 'NONE', #2495, 1000.000000000000000 ) ;
#1877 = DIRECTION ( 'NONE',  ( -0.000000000000000000, -0.000000000000000000, -1.000000000000000000 ) ) ;
#1878 = VERTEX_POINT ( 'NONE', #249 ) ;
#1879 = AXIS2_PLACEMENT_3D ( 'NONE', #2386, #866, #2182 ) ;
#1880 = DIRECTION ( 'NONE',  ( 0.000000000000000000, 0.000000000000000000, -1.000000000000000000 ) ) ;
#1881 = CYLINDRICAL_SURFACE ( 'NONE', #506, 2.000000000000000000 ) ;
#1882 = VERTEX_POINT ( 'NONE', #1968 ) ;
#1883 = CIRCLE ( 'NONE', #1521, 0.5000000000000000000 ) ;
#1884 = ORIENTED_EDGE ( 'NONE', *, *, #2775, .F. ) ;
#1885 = CARTESIAN_POINT ( 'NONE',  ( -13.00000000000000178, -4.999999999999999112, 0.4989999999999998881 ) ) ;
#1886 = DIRECTION ( 'NONE',  ( -0.000000000000000000, 0.000000000000000000, 1.000000000000000000 ) ) ;
#1887 = EDGE_CURVE ( 'NONE', #2554, #2249, #66, .T. ) ;
#1888 = EDGE_LOOP ( 'NONE', ( #899, #2638, #2677, #2530 ) ) ;
#1889 = CARTESIAN_POINT ( 'NONE',  ( 12.75764297456110974, -5.578217048125559074, -0.5009999368208036818 ) ) ;
#1890 = DIRECTION ( 'NONE',  ( -0.8888888888889519002, -0.4581228472907288851, 6.437203310420177406E-14 ) ) ;
#1891 = FACE_OUTER_BOUND ( 'NONE', #1733, .T. ) ;
#1892 = EDGE_CURVE ( 'NONE', #2482, #2798, #1715, .T. ) ;
#1893 = DIRECTION ( 'NONE',  ( -1.000000000000000000, 0.000000000000000000, 0.000000000000000000 ) ) ;
#1894 = EDGE_CURVE ( 'NONE', #12, #779, #2187, .T. ) ;
#1895 = AXIS2_PLACEMENT_3D ( 'NONE', #1646, #349, #1222 ) ;
#1896 = DIRECTION ( 'NONE',  ( 0.000000000000000000, -0.000000000000000000, -1.000000000000000000 ) ) ;
#1897 = ORIENTED_EDGE ( 'NONE', *, *, #2462, .F. ) ;
#1898 = ORIENTED_EDGE ( 'NONE', *, *, #2466, .T. ) ;
#1899 = DIRECTION ( 'NONE',  ( -0.000000000000000000, -0.000000000000000000, 1.000000000000000000 ) ) ;
#1900 = DIRECTION ( 'NONE',  ( -1.000000000000000000, 0.000000000000000000, 0.000000000000000000 ) ) ;
#1901 = ORIENTED_EDGE ( 'NONE', *, *, #1969, .T. ) ;
#1902 = CARTESIAN_POINT ( 'NONE',  ( 12.82144462157413400, -6.000000000000000888, -0.0009999999999998562556 ) ) ;
#1903 = CARTESIAN_POINT ( 'NONE',  ( 12.71367322044321746, -4.444444444444443754, -0.5010000000000001119 ) ) ;
#1904 = B_SPLINE_CURVE_WITH_KNOTS ( 'NONE', 3,
 ( #927, #1163, #2247, #2507, #2714, #73 ),
 .UNSPECIFIED., .F., .F.,
 ( 4, 2, 4 ),
 ( 0.000000000000000000, 0.0004098524317722710862, 0.0008197048635445421724 ),
 .UNSPECIFIED. ) ;
#1905 = CARTESIAN_POINT ( 'NONE',  ( 13.00000000000000178, 4.999999999999999112, -2.001000000000000334 ) ) ;
#1906 = AXIS2_PLACEMENT_3D ( 'NONE', #2069, #1855, #415 ) ;
#1907 = CARTESIAN_POINT ( 'NONE',  ( 13.00000000000000178, -4.999999999999999112, -0.5010000000000001119 ) ) ;
#1908 = PLANE ( 'NONE',  #2803 ) ;
#1909 = ORIENTED_EDGE ( 'NONE', *, *, #2646, .F. ) ;
#1910 = DIRECTION ( 'NONE',  ( 0.000000000000000000, 0.000000000000000000, -1.000000000000000000 ) ) ;
#1911 = DIRECTION ( 'NONE',  ( 1.000000000000000000, 0.000000000000000000, 0.000000000000000000 ) ) ;
#1912 = ORIENTED_EDGE ( 'NONE', *, *, #1849, .F. ) ;
#1913 = CARTESIAN_POINT ( 'NONE',  ( 12.71367322044358694, -5.555555555555744540, -0.001000000000486505822 ) ) ;
#1914 = CARTESIAN_POINT ( 'NONE',  ( -12.89775274914807746, -5.999999999999999112, 0.03064599912665661591 ) ) ;
#1915 = AXIS2_PLACEMENT_3D ( 'NONE', #642, #2640, #227 ) ;
#1916 = FACE_OUTER_BOUND ( 'NONE', #2139, .T. ) ;
#1917 = CARTESIAN_POINT ( 'NONE',  ( -16.00000000000000000, -6.000000000000000000, -0.0009999999999999158867 ) ) ;
#1918 = DIRECTION ( 'NONE',  ( -0.000000000000000000, -0.000000000000000000, -1.000000000000000000 ) ) ;
#1919 = CIRCLE ( 'NONE', #2062, 0.6250000000000002220 ) ;
#1920 = FACE_OUTER_BOUND ( 'NONE', #709, .T. ) ;
#1921 = ORIENTED_EDGE ( 'NONE', *, *, #527, .T. ) ;
#1922 = PLANE ( 'NONE',  #2504 ) ;
#1923 = VECTOR ( 'NONE', #377, 1000.000000000000000 ) ;
#1924 = EDGE_CURVE ( 'NONE', #1046, #2449, #162, .T. ) ;
#1925 = ORIENTED_EDGE ( 'NONE', *, *, #24, .F. ) ;
#1926 = LINE ( 'NONE', #2355, #343 ) ;
#1927 = CARTESIAN_POINT ( 'NONE',  ( 14.50000000000000000, -5.000000000000000000, 7.000000000000000888 ) ) ;
#1928 = AXIS2_PLACEMENT_3D ( 'NONE', #890, #427, #2409 ) ;
#1929 = EDGE_CURVE ( 'NONE', #2631, #1245, #194, .T. ) ;
#1930 = VERTEX_POINT ( 'NONE', #1308 ) ;
#1931 = LINE ( 'NONE', #1301, #2160 ) ;
#1932 = PLANE ( 'NONE',  #1550 ) ;
#1933 = CARTESIAN_POINT ( 'NONE',  ( 9.000000000000000000, 7.999999999999998224, 1.000000000000000888 ) ) ;
#1934 = EDGE_LOOP ( 'NONE', ( #1419, #2227, #1528, #1069 ) ) ;
#1935 = ORIENTED_EDGE ( 'NONE', *, *, #741, .T. ) ;
#1936 = ORIENTED_EDGE ( 'NONE', *, *, #508, .T. ) ;
#1937 = CARTESIAN_POINT ( 'NONE',  ( 12.48461179679779143, -4.000000000000000000, -0.0009999999999999158867 ) ) ;
#1938 = CARTESIAN_POINT ( 'NONE',  ( -13.67499999999999893, -4.999999999999999112, 2.499000000000000110 ) ) ;
#1939 = VECTOR ( 'NONE', #2665, 1000.000000000000000 ) ;
#1940 = ORIENTED_EDGE ( 'NONE', *, *, #2337, .F. ) ;
#1941 = LINE ( 'NONE', #226, #2118 ) ;
#1942 = AXIS2_PLACEMENT_3D ( 'NONE', #138, #2325, #340 ) ;
#1943 = EDGE_CURVE ( 'NONE', #1446, #1845, #403, .T. ) ;
#1944 = CARTESIAN_POINT ( 'NONE',  ( 9.000000000000000000, 8.000000000000000000, -0.001000000000000000021 ) ) ;
#1945 = EDGE_CURVE ( 'NONE', #786, #1046, #886, .T. ) ;
#1946 = VERTEX_POINT ( 'NONE', #670 ) ;
#1947 = PLANE ( 'NONE',  #121 ) ;
#1948 = CARTESIAN_POINT ( 'NONE',  ( 14.00000000000000000, -5.000000000000000000, 7.000000000000000888 ) ) ;
#1949 = EDGE_CURVE ( 'NONE', #725, #1865, #719, .T. ) ;
#1950 = CARTESIAN_POINT ( 'NONE',  ( 13.25980385798256478, -4.430774720345442397, -0.03615030620340941442 ) ) ;
#1951 = CARTESIAN_POINT ( 'NONE',  ( 16.00000000000000000, -4.000000000000000000, -0.0009999999999999158867 ) ) ;
#1952 = ORIENTED_EDGE ( 'NONE', *, *, #1101, .T. ) ;
#1953 = PLANE ( 'NONE',  #572 ) ;
#1954 = DIRECTION ( 'NONE',  ( 1.000000000000000000, 0.000000000000000000, 0.000000000000000000 ) ) ;
#1955 = EDGE_CURVE ( 'NONE', #1643, #1296, #893, .T. ) ;
#1956 = FACE_OUTER_BOUND ( 'NONE', #2708, .T. ) ;
#1957 = VERTEX_POINT ( 'NONE', #2418 ) ;
#1958 = AXIS2_PLACEMENT_3D ( 'NONE', #1786, #1988, #1954 ) ;
#1959 = PRODUCT_RELATED_PRODUCT_CATEGORY ( 'part', '', ( #528 ) ) ;
#1960 = VERTEX_POINT ( 'NONE', #1530 ) ;
#1961 = LINE ( 'NONE', #2181, #1284 ) ;
#1962 = CIRCLE ( 'NONE', #545, 9.750000000000001776 ) ;
#1963 = CARTESIAN_POINT ( 'NONE',  ( 1.800000000000003375, -8.673617379884035472E-16, -1.000000000000000000 ) ) ;
#1964 = EDGE_CURVE ( 'NONE', #1563, #1738, #1322, .T. ) ;
#1965 = VERTEX_POINT ( 'NONE', #2000 ) ;
#1966 = ORIENTED_EDGE ( 'NONE', *, *, #2072, .F. ) ;
#1967 = CYLINDRICAL_SURFACE ( 'NONE', #2520, 0.5000000000000004441 ) ;
#1968 = CARTESIAN_POINT ( 'NONE',  ( -8.891709621889367199, 3.999999999999998224, 0.000000000000000000 ) ) ;
#1969 = EDGE_CURVE ( 'NONE', #2420, #2333, #1804, .T. ) ;
#1970 = VERTEX_POINT ( 'NONE', #684 ) ;
#1971 = DIRECTION ( 'NONE',  ( -0.8888888888888873963, -0.4581228472908540628, 0.000000000000000000 ) ) ;
#1972 = CIRCLE ( 'NONE', #2388, 2.000000000000000000 ) ;
#1973 = CYLINDRICAL_SURFACE ( 'NONE', #456, 0.6749999999999984901 ) ;
#1974 = EDGE_CURVE ( 'NONE', #2545, #2143, #909, .T. ) ;
#1975 = TOROIDAL_SURFACE ( 'NONE', #2352, 9.500000000000001776, 0.5000000000000000000 ) ;
#1976 = ADVANCED_FACE ( 'NONE', ( #1075 ), #1295, .F. ) ;
#1977 = VERTEX_POINT ( 'NONE', #974 ) ;
#1978 = ORIENTED_EDGE ( 'NONE', *, *, #2470, .T. ) ;
#1979 = DIRECTION ( 'NONE',  ( 0.000000000000000000, 1.000000000000000000, 4.003208021484940511E-16 ) ) ;
#1980 = DIRECTION ( 'NONE',  ( -0.000000000000000000, 1.000000000000000000, 4.003208021484940511E-16 ) ) ;
#1981 = VERTEX_POINT ( 'NONE', #1369 ) ;
#1982 = ORIENTED_EDGE ( 'NONE', *, *, #2159, .T. ) ;
#1983 = CARTESIAN_POINT ( 'NONE',  ( 13.28632677955678432, -4.444444444444443754, -0.5010000000000001119 ) ) ;
#1984 = CARTESIAN_POINT ( 'NONE',  ( -13.67499999999999893, -4.999999999999999112, 0.4989999999999998881 ) ) ;
#1985 = EDGE_LOOP ( 'NONE', ( #48, #2790, #2324, #1731, #1594, #1901 ) ) ;
#1986 = VERTEX_POINT ( 'NONE', #273 ) ;
#1987 = CARTESIAN_POINT ( 'NONE',  ( -9.099803424317499889, -4.000000000000000000, 1.771398171048351289 ) ) ;
#1988 = DIRECTION ( 'NONE',  ( -0.000000000000000000, 0.000000000000000000, 1.000000000000000000 ) ) ;
#1989 = VECTOR ( 'NONE', #751, 1000.000000000000000 ) ;
#1990 = VERTEX_POINT ( 'NONE', #534 ) ;
#1991 = AXIS2_PLACEMENT_3D ( 'NONE', #1047, #2599, #1911 ) ;
#1992 = CARTESIAN_POINT ( 'NONE',  ( 8.616843969807046477, 3.999999999999997335, 2.000000000000000000 ) ) ;
#1993 = EDGE_LOOP ( 'NONE', ( #1261, #2115, #857, #1598 ) ) ;
#1994 = ORIENTED_EDGE ( 'NONE', *, *, #853, .F. ) ;
#1995 = ORIENTED_EDGE ( 'NONE', *, *, #1749, .T. ) ;
#1996 = VERTEX_POINT ( 'NONE', #959 ) ;
#1997 = CARTESIAN_POINT ( 'NONE',  ( 7.685213074469704253, -6.000000000000000000, 0.000000000000000000 ) ) ;
#1998 = CARTESIAN_POINT ( 'NONE',  ( -13.00000000000000178, -4.999999999999999112, -0.001000000000000024307 ) ) ;
#1999 = CARTESIAN_POINT ( 'NONE',  ( 13.09964470415250837, 4.374999327666582616, -0.4851226058036160471 ) ) ;
#2000 = CARTESIAN_POINT ( 'NONE',  ( -13.67499999999999893, 4.999999999999999112, 2.499000000000000110 ) ) ;
#2001 = VERTEX_POINT ( 'NONE', #945 ) ;
#2002 = ORIENTED_EDGE ( 'NONE', *, *, #2358, .T. ) ;
#2003 = DIRECTION ( 'NONE',  ( -1.000000000000000000, 0.000000000000000000, 0.000000000000000000 ) ) ;
#2004 = AXIS2_PLACEMENT_3D ( 'NONE', #854, #2607, #2618 ) ;
#2005 = DIRECTION ( 'NONE',  ( 1.000000000000000000, 0.000000000000000000, 0.000000000000000000 ) ) ;
#2006 = ORIENTED_EDGE ( 'NONE', *, *, #1568, .F. ) ;
#2007 = CARTESIAN_POINT ( 'NONE',  ( 14.00000000000000000, 3.999999999999995559, 7.000000000000000888 ) ) ;
#2008 = ORIENTED_EDGE ( 'NONE', *, *, #508, .F. ) ;
#2009 = CARTESIAN_POINT ( 'NONE',  ( 0.000000000000000000, 3.999999999999997335, 2.625000000000002665 ) ) ;
#2010 = DIRECTION ( 'NONE',  ( -1.000000000000000000, -0.000000000000000000, -0.000000000000000000 ) ) ;
#2011 = EDGE_CURVE ( 'NONE', #1996, #2277, #2637, .T. ) ;
#2012 = AXIS2_PLACEMENT_3D ( 'NONE', #2565, #1673, #809 ) ;
#2013 = CARTESIAN_POINT ( 'NONE',  ( 12.80257613282856255, 4.398624932170718260, -0.5009999999999996678 ) ) ;
#2014 = DIRECTION ( 'NONE',  ( 1.000000000000000000, -0.000000000000000000, -0.000000000000000000 ) ) ;
#2015 = VERTEX_POINT ( 'NONE', #2262 ) ;
#2016 = DIRECTION ( 'NONE',  ( 0.000000000000000000, -1.000000000000000000, 0.000000000000000000 ) ) ;
#2017 = DIRECTION ( 'NONE',  ( 0.000000000000000000, 0.000000000000000000, 1.000000000000000000 ) ) ;
#2018 = EDGE_CURVE ( 'NONE', #640, #2161, #1394, .T. ) ;
#2019 = EDGE_CURVE ( 'NONE', #1970, #1957, #19, .T. ) ;
#2020 = FACE_OUTER_BOUND ( 'NONE', #2442, .T. ) ;
#2021 = AXIS2_PLACEMENT_3D ( 'NONE', #345, #1642, #544 ) ;
#2022 = CARTESIAN_POINT ( 'NONE',  ( 13.00000000000000178, 4.999999999999999112, -0.5010000000000001119 ) ) ;
#2023 = EDGE_CURVE ( 'NONE', #2249, #2498, #2256, .T. ) ;
#2024 = CIRCLE ( 'NONE', #647, 9.500000000000001776 ) ;
#2025 = ORIENTED_EDGE ( 'NONE', *, *, #2179, .T. ) ;
#2026 = CARTESIAN_POINT ( 'NONE',  ( -13.10224725085192610, 5.999999999999997335, 0.03064599912665717796 ) ) ;
#2027 = DIRECTION ( 'NONE',  ( -0.000000000000000000, 0.000000000000000000, 1.000000000000000000 ) ) ;
#2028 = ORIENTED_EDGE ( 'NONE', *, *, #2232, .T. ) ;
#2029 = DIRECTION ( 'NONE',  ( -0.000000000000000000, -0.000000000000000000, 1.000000000000000000 ) ) ;
#2030 = AXIS2_PLACEMENT_3D ( 'NONE', #92, #2268, #2731 ) ;
#2031 = DIRECTION ( 'NONE',  ( -1.000000000000000000, 0.000000000000000000, 0.000000000000000000 ) ) ;
#2032 = ORIENTED_EDGE ( 'NONE', *, *, #1949, .T. ) ;
#2033 = CARTESIAN_POINT ( 'NONE',  ( 0.000000000000000000, 0.000000000000000000, 2.000000000000000000 ) ) ;
#2034 = CARTESIAN_POINT ( 'NONE',  ( 13.28632677955641839, 5.555555555555743652, -0.001000000000484987939 ) ) ;
#2035 = DIRECTION ( 'NONE',  ( -0.000000000000000000, 0.000000000000000000, 1.000000000000000000 ) ) ;
#2036 = CARTESIAN_POINT ( 'NONE',  ( 11.00000000000000000, 8.000000000000000000, -0.001000000000000000021 ) ) ;
#2037 = EDGE_CURVE ( 'NONE', #672, #202, #287, .T. ) ;
#2038 = ORIENTED_EDGE ( 'NONE', *, *, #2663, .T. ) ;
#2039 = EDGE_CURVE ( 'NONE', #1389, #2311, #2625, .T. ) ;
#2040 = DIRECTION ( 'NONE',  ( 1.000000000000000000, 0.000000000000000000, 0.000000000000000000 ) ) ;
#2041 = CARTESIAN_POINT ( 'NONE',  ( 14.12500000000000178, 4.999999999999999112, -0.5010000000000001119 ) ) ;
#2042 = CARTESIAN_POINT ( 'NONE',  ( -14.50000000000000000, -5.000000000000000000, -0.0009999999999999158867 ) ) ;
#2043 = ORIENTED_EDGE ( 'NONE', *, *, #669, .F. ) ;
#2044 = DIRECTION ( 'NONE',  ( 1.000000000000000000, 0.000000000000000000, 0.000000000000000000 ) ) ;
#2045 = CARTESIAN_POINT ( 'NONE',  ( 0.000000000000000000, 5.999999999999997335, 2.625000000000003109 ) ) ;
#2046 = EDGE_CURVE ( 'NONE', #275, #1255, #2289, .T. ) ;
#2047 = AXIS2_PLACEMENT_3D ( 'NONE', #2819, #1979, #203 ) ;
#2048 = DIRECTION ( 'NONE',  ( 0.000000000000000000, -6.938893903907222461E-16, 1.000000000000000000 ) ) ;
#2049 = FACE_OUTER_BOUND ( 'NONE', #447, .T. ) ;
#2050 = ORIENTED_EDGE ( 'NONE', *, *, #2477, .T. ) ;
#2051 = FACE_OUTER_BOUND ( 'NONE', #1862, .T. ) ;
#2052 = CARTESIAN_POINT ( 'NONE',  ( 3.469446951953614189E-15, -8.673617379884035472E-16, -0.001000000000000000021 ) ) ;
#2053 = CARTESIAN_POINT ( 'NONE',  ( -11.00000000000000000, -6.000000000000000000, 2.000000000000000000 ) ) ;
#2054 = TOROIDAL_SURFACE ( 'NONE', #1958, 1.174999999999999378, 0.5000000000000000000 ) ;
#2055 = EDGE_CURVE ( 'NONE', #1977, #1865, #1883, .T. ) ;
#2056 = ORIENTED_EDGE ( 'NONE', *, *, #2622, .T. ) ;
#2057 = CARTESIAN_POINT ( 'NONE',  ( -13.61694813396265147, 3.999999999999998224, -0.0009999999999999158867 ) ) ;
#2058 = CARTESIAN_POINT ( 'NONE',  ( 13.05769514526300767, 5.625010041336484079, -0.09783330445582462398 ) ) ;
#2059 = DIRECTION ( 'NONE',  ( 0.000000000000000000, -1.000000000000000000, 0.000000000000000000 ) ) ;
#2060 = LINE ( 'NONE', #2282, #2439 ) ;
#2061 = ADVANCED_FACE ( 'NONE', ( #310 ), #1812, .F. ) ;
#2062 = AXIS2_PLACEMENT_3D ( 'NONE', #955, #2709, #906 ) ;
#2063 = PRODUCT_DEFINITION_SHAPE ( 'NONE', 'NONE',  #1265 ) ;
#2064 = ORIENTED_EDGE ( 'NONE', *, *, #1647, .F. ) ;
#2065 = AXIS2_PLACEMENT_3D ( 'NONE', #531, #1174, #1161 ) ;
#2066 = LINE ( 'NONE', #780, #803 ) ;
#2067 = AXIS2_PLACEMENT_3D ( 'NONE', #497, #1387, #1596 ) ;
#2068 = EDGE_LOOP ( 'NONE', ( #1774, #1323, #1098, #1693, #1339, #2785, #217, #1633, #144, #653, #1172, #2414, #368, #1361, #1356, #584, #1455, #2772, #2570, #2823, #243, #359, #776 ) ) ;
#2069 = CARTESIAN_POINT ( 'NONE',  ( -13.00000000000000178, -4.999999999999999112, 0.4989999999999998881 ) ) ;
#2070 = CLOSED_SHELL ( 'NONE', ( #711, #2789, #1422, #2443, #1041, #195, #2675, #2061, #1134, #1544, #823, #434, #337, #128, #1063, #3, #916, #937, #2185, #2226, #2448, #973, #624, #1976, #136, #605, #1732, #960, #2707, #1258, #2113, #543, #1029, #658, #2408, #1683, #399, #532, #2746, #1150, #432, #919, #1682, #1179, #247, #285, #1330, #2792, #1272, #1554, #944, #2797, #1688, #1722, #1480, #2591, #2234, #439, #35, #880, #93, #241, #356, #952, #877, #713, #1612, #728, #797, #187, #107, #1485, #1638, #225, #1631, #756, #804, #1475, #2553, #1826, #2704, #2096, #1466 ) ) ;
#2071 = DIRECTION ( 'NONE',  ( 1.000000000000000000, 0.000000000000000000, 0.000000000000000000 ) ) ;
#2072 = EDGE_CURVE ( 'NONE', #779, #520, #2481, .T. ) ;
#2073 = ORIENTED_EDGE ( 'NONE', *, *, #200, .T. ) ;
#2074 = DIRECTION ( 'NONE',  ( 1.000000000000000000, -0.000000000000000000, -0.000000000000000000 ) ) ;
#2075 = AXIS2_PLACEMENT_3D ( 'NONE', #1885, #787, #565 ) ;
#2076 = FACE_OUTER_BOUND ( 'NONE', #2357, .T. ) ;
#2077 = CARTESIAN_POINT ( 'NONE',  ( -13.00000000000000178, -4.999999999999999112, -0.001000000000000024307 ) ) ;
#2078 = CARTESIAN_POINT ( 'NONE',  ( -7.685213074469696259, -6.000000000000000000, 27.57716446627535234 ) ) ;
#2079 = CARTESIAN_POINT ( 'NONE',  ( -12.38305186603734676, 5.999999999999998224, -0.0009999999999999158867 ) ) ;
#2080 = ORIENTED_EDGE ( 'NONE', *, *, #1671, .F. ) ;
#2081 = FACE_OUTER_BOUND ( 'NONE', #2101, .T. ) ;
#2082 = AXIS2_PLACEMENT_3D ( 'NONE', #816, #367, #1062 ) ;
#2083 = ORIENTED_EDGE ( 'NONE', *, *, #2659, .F. ) ;
#2084 = CARTESIAN_POINT ( 'NONE',  ( -9.165151389911683211, 3.999999999999998224, 0.000000000000000000 ) ) ;
#2085 = CARTESIAN_POINT ( 'NONE',  ( 8.062257748298547355, 3.999999999999998224, 0.000000000000000000 ) ) ;
#2086 = ORIENTED_EDGE ( 'NONE', *, *, #617, .F. ) ;
#2087 = CARTESIAN_POINT ( 'NONE',  ( 12.71367322044321746, -4.444444444444443754, -0.5010000000000001119 ) ) ;
#2088 = DIRECTION ( 'NONE',  ( 0.000000000000000000, -1.000000000000000000, 0.000000000000000000 ) ) ;
#2089 = ORIENTED_EDGE ( 'NONE', *, *, #2019, .T. ) ;
#2090 = ORIENTED_EDGE ( 'NONE', *, *, #1766, .T. ) ;
#2091 = DIRECTION ( 'NONE',  ( -1.000000000000000000, -0.000000000000000000, -0.000000000000000000 ) ) ;
#2092 = LINE ( 'NONE', #2446, #2513 ) ;
#2093 = ORIENTED_EDGE ( 'NONE', *, *, #2497, .T. ) ;
#2094 = CARTESIAN_POINT ( 'NONE',  ( -1.799999999999996492, -6.469253141418799650E-16, -1.000000000000000000 ) ) ;
#2095 = CARTESIAN_POINT ( 'NONE',  ( 9.000000000000000000, 0.000000000000000000, 2.000000000000000000 ) ) ;
#2096 = ADVANCED_FACE ( 'NONE', ( #1632 ), #74, .F. ) ;
#2097 = DIRECTION ( 'NONE',  ( -0.000000000000000000, 1.000000000000000000, -0.000000000000000000 ) ) ;
#2098 = ORIENTED_EDGE ( 'NONE', *, *, #149, .T. ) ;
#2099 = ORIENTED_EDGE ( 'NONE', *, *, #765, .F. ) ;
#2100 = LINE ( 'NONE', #2542, #1445 ) ;
#2101 = EDGE_LOOP ( 'NONE', ( #2064, #1540, #2303, #2392 ) ) ;
#2102 = FACE_OUTER_BOUND ( 'NONE', #994, .T. ) ;
#2103 = ORIENTED_EDGE ( 'NONE', *, *, #1316, .F. ) ;
#2104 = VECTOR ( 'NONE', #1729, 1000.000000000000000 ) ;
#2105 = EDGE_LOOP ( 'NONE', ( #1769, #1675, #2167, #2264, #1608, #568 ) ) ;
#2106 = LINE ( 'NONE', #2546, #1306 ) ;
#2107 = CIRCLE ( 'NONE', #2657, 10.00000000000000178 ) ;
#2108 = DIRECTION ( 'NONE',  ( 0.000000000000000000, 0.000000000000000000, 1.000000000000000000 ) ) ;
#2109 = EDGE_CURVE ( 'NONE', #1102, #1946, #50, .T. ) ;
#2110 = DIRECTION ( 'NONE',  ( 1.000000000000000000, 0.000000000000000000, 0.000000000000000000 ) ) ;
#2111 = TOROIDAL_SURFACE ( 'NONE', #1879, 1.174999999999999378, 0.5000000000000000000 ) ;
#2112 = PLANE ( 'NONE',  #215 ) ;
#2113 = ADVANCED_FACE ( 'NONE', ( #1409 ), #2275, .F. ) ;
#2114 = FACE_OUTER_BOUND ( 'NONE', #65, .T. ) ;
#2115 = ORIENTED_EDGE ( 'NONE', *, *, #2525, .T. ) ;
#2116 = CARTESIAN_POINT ( 'NONE',  ( 12.95007110921652860, -4.375007624462536882, -0.4851264605451167111 ) ) ;
#2117 = FACE_OUTER_BOUND ( 'NONE', #1850, .T. ) ;
#2118 = VECTOR ( 'NONE', #1340, 1000.000000000000000 ) ;
#2119 =( BOUNDED_SURFACE ( )  B_SPLINE_SURFACE ( 3, 2, ( 
 ( #2175, #2394, #2828 ),
 ( #1398, #1439, #105 ),
 ( #1607, #1650, #2718 ),
 ( #997, #2279, #1168 ),
 ( #1829, #2512, #1209 ),
 ( #1182, #2058, #2524 ),
 ( #2310, #2500, #749 ),
 ( #550, #2469, #1623 ),
 ( #1152, #51, #980 ),
 ( #2702, #2034, #523 ) ),
 .UNSPECIFIED., .F., .F., .F. ) 
 B_SPLINE_SURFACE_WITH_KNOTS ( ( 4, 2, 2, 2, 4 ),
 ( 3, 3 ),
 ( 0.0009762313280153303227, 0.001244594175610545979, 0.001512957023205761418, 0.001781319870800976857, 0.002049682718396192514 ),
 ( 0.000000000000000000, 1.000000000000000000 ),
 .UNSPECIFIED. ) 
 GEOMETRIC_REPRESENTATION_ITEM ( )  RATIONAL_B_SPLINE_SURFACE ( (
 ( 1.000000000000000000, 0.7071067811865915376, 1.000000000000000000),
 ( 1.000000000000000000, 0.7326832777473343272, 1.000000000000000000),
 ( 1.000000000000000000, 0.7541354686266090734, 1.000000000000000000),
 ( 1.000000000000000000, 0.7830305961666716996, 1.000000000000000000),
 ( 1.000000000000000000, 0.7905597741719506688, 1.000000000000000000),
 ( 1.000000000000000000, 0.7905790374414284338, 1.000000000000000000),
 ( 1.000000000000000000, 0.7829511399770651137, 1.000000000000000000),
 ( 1.000000000000000000, 0.7542579396000287373, 1.000000000000000000),
 ( 1.000000000000000000, 0.7328473795398942059, 1.000000000000000000),
 ( 1.000000000000000000, 0.7071067811868904096, 1.000000000000000000) ) ) 
 REPRESENTATION_ITEM ( '' )  SURFACE ( )  );
#2120 = EDGE_LOOP ( 'NONE', ( #2494, #1982, #2522, #1672, #357, #34 ) ) ;
#2121 = CARTESIAN_POINT ( 'NONE',  ( 12.64883742738124184, -5.999999999999999112, -0.001000000000000192358 ) ) ;
#2122 = CARTESIAN_POINT ( 'NONE',  ( -13.67499999999999893, -4.999999999999999112, 2.499000000000000110 ) ) ;
#2123 = ORIENTED_EDGE ( 'NONE', *, *, #1338, .T. ) ;
#2124 = PLANE ( 'NONE',  #2841 ) ;
#2125 = CARTESIAN_POINT ( 'NONE',  ( -8.891709621889367199, -3.999999999999998224, 0.000000000000000000 ) ) ;
#2126 = CARTESIAN_POINT ( 'NONE',  ( 0.000000000000000000, 0.000000000000000000, 0.000000000000000000 ) ) ;
#2127 = VERTEX_POINT ( 'NONE', #2737 ) ;
#2128 = AXIS2_PLACEMENT_3D ( 'NONE', #1825, #505, #1418 ) ;
#2129 = DIRECTION ( 'NONE',  ( 0.000000000000000000, -1.000000000000000000, -4.334641369257388842E-16 ) ) ;
#2130 = DIRECTION ( 'NONE',  ( -0.000000000000000000, -1.000000000000000000, -0.000000000000000000 ) ) ;
#2131 = ORIENTED_EDGE ( 'NONE', *, *, #1861, .F. ) ;
#2132 = CARTESIAN_POINT ( 'NONE',  ( 13.17812013441776209, -5.999999999999999112, -0.001000000000000301646 ) ) ;
#2133 = DIRECTION ( 'NONE',  ( -1.000000000000000000, -0.000000000000000000, -0.000000000000000000 ) ) ;
#2134 = EDGE_CURVE ( 'NONE', #874, #1243, #1300, .T. ) ;
#2135 = DIRECTION ( 'NONE',  ( -0.000000000000000000, 0.000000000000000000, -1.000000000000000000 ) ) ;
#2136 = LINE ( 'NONE', #1290, #1048 ) ;
#2137 = DIRECTION ( 'NONE',  ( 0.000000000000000000, 0.000000000000000000, 1.000000000000000000 ) ) ;
#2138 = EDGE_CURVE ( 'NONE', #237, #740, #792, .T. ) ;
#2139 = EDGE_LOOP ( 'NONE', ( #209, #686 ) ) ;
#2140 = DIRECTION ( 'NONE',  ( -0.000000000000000000, -0.000000000000000000, -1.000000000000000000 ) ) ;
#2141 = DIRECTION ( 'NONE',  ( 0.000000000000000000, 0.000000000000000000, 1.000000000000000000 ) ) ;
#2142 = EDGE_CURVE ( 'NONE', #587, #2643, #277, .T. ) ;
#2143 = VERTEX_POINT ( 'NONE', #1797 ) ;
#2144 = CARTESIAN_POINT ( 'NONE',  ( 12.95026217503960453, -5.625007609860101176, -0.4851193827933274472 ) ) ;
#2145 = CARTESIAN_POINT ( 'NONE',  ( 0.000000000000000000, 2.232233047033624462, 8.125000000000000000 ) ) ;
#2146 = EDGE_CURVE ( 'NONE', #2783, #224, #320, .T. ) ;
#2147 = VECTOR ( 'NONE', #2152, 1000.000000000000000 ) ;
#2148 = AXIS2_PLACEMENT_3D ( 'NONE', #2145, #2356, #2758 ) ;
#2149 = PLANE ( 'NONE',  #982 ) ;
#2150 = CARTESIAN_POINT ( 'NONE',  ( 3.469446951953614189E-15, -8.673617379884035472E-16, 27.57716446627535234 ) ) ;
#2151 = VECTOR ( 'NONE', #988, 1000.000000000000000 ) ;
#2152 = DIRECTION ( 'NONE',  ( 1.000000000000000000, 0.000000000000000000, 0.000000000000000000 ) ) ;
#2153 = CARTESIAN_POINT ( 'NONE',  ( 0.000000000000000000, 0.000000000000000000, -0.001000000000000000021 ) ) ;
#2154 = EDGE_CURVE ( 'NONE', #1957, #640, #1067, .T. ) ;
#2155 = AXIS2_PLACEMENT_3D ( 'NONE', #2233, #262, #1148 ) ;
#2156 = VERTEX_POINT ( 'NONE', #1238 ) ;
#2157 = CARTESIAN_POINT ( 'NONE',  ( -9.375000000000000000, 5.999999999999997335, 1.500000000000000000 ) ) ;
#2158 = CARTESIAN_POINT ( 'NONE',  ( 12.80263317525109379, -4.398595533179062045, -0.5009999999999998899 ) ) ;
#2159 = EDGE_CURVE ( 'NONE', #2716, #1986, #2024, .T. ) ;
#2160 = VECTOR ( 'NONE', #1583, 1000.000000000000000 ) ;
#2161 = VERTEX_POINT ( 'NONE', #130 ) ;
#2162 = CIRCLE ( 'NONE', #560, 0.5000000000000002220 ) ;
#2163 = EDGE_LOOP ( 'NONE', ( #1395, #548, #1579, #938 ) ) ;
#2164 = ORIENTED_EDGE ( 'NONE', *, *, #655, .T. ) ;
#2165 = FACE_OUTER_BOUND ( 'NONE', #1532, .T. ) ;
#2166 = CARTESIAN_POINT ( 'NONE',  ( -14.00000000000000000, 0.000000000000000000, 7.000000000000000888 ) ) ;
#2167 = ORIENTED_EDGE ( 'NONE', *, *, #612, .T. ) ;
#2168 = VERTEX_POINT ( 'NONE', #1492 ) ;
#2169 = CARTESIAN_POINT ( 'NONE',  ( 13.21630041441333603, -4.410860274339025722, -0.06126643084098099684 ) ) ;
#2170 = EDGE_CURVE ( 'NONE', #2211, #867, #1869, .T. ) ;
#2171 = CARTESIAN_POINT ( 'NONE',  ( 3.469446951953614189E-15, -8.673617379884035472E-16, -0.001000000000000000021 ) ) ;
#2172 = VECTOR ( 'NONE', #1505, 1000.000000000000000 ) ;
#2173 = ORIENTED_EDGE ( 'NONE', *, *, #746, .F. ) ;
#2174 = CARTESIAN_POINT ( 'NONE',  ( -12.32500000000000284, 4.999999999999999112, 2.499000000000000110 ) ) ;
#2175 = CARTESIAN_POINT ( 'NONE',  ( 12.71367322044329384, 5.555555555555593550, -0.5010000000000001119 ) ) ;
#2176 = VECTOR ( 'NONE', #1459, 1000.000000000000000 ) ;
#2177 = CARTESIAN_POINT ( 'NONE',  ( -13.00000000000000178, -4.999999999999999112, -0.001000000000000024307 ) ) ;
#2178 = ORIENTED_EDGE ( 'NONE', *, *, #2011, .F. ) ;
#2179 = EDGE_CURVE ( 'NONE', #1990, #715, #1162, .T. ) ;
#2180 = ORIENTED_EDGE ( 'NONE', *, *, #1659, .T. ) ;
#2181 = CARTESIAN_POINT ( 'NONE',  ( 16.00000000000000000, 3.999999999999998224, -0.0009999999999999158867 ) ) ;
#2182 = DIRECTION ( 'NONE',  ( 1.000000000000000000, 0.000000000000000000, 0.000000000000000000 ) ) ;
#2183 = EDGE_CURVE ( 'NONE', #677, #2716, #1763, .T. ) ;
#2184 = VECTOR ( 'NONE', #2329, 1000.000000000000000 ) ;
#2185 = ADVANCED_FACE ( 'NONE', ( #1044 ), #1908, .T. ) ;
#2186 = CARTESIAN_POINT ( 'NONE',  ( 14.00000000000000000, -5.000000000000000000, 7.000000000000000888 ) ) ;
#2187 = LINE ( 'NONE', #2636, #1406 ) ;
#2188 = EDGE_LOOP ( 'NONE', ( #2541, #2317, #998, #1216 ) ) ;
#2189 = EDGE_LOOP ( 'NONE', ( #1548, #1935, #592, #429 ) ) ;
#2190 = DIRECTION ( 'NONE',  ( -0.000000000000000000, -0.000000000000000000, 1.000000000000000000 ) ) ;
#2191 = CARTESIAN_POINT ( 'NONE',  ( 13.62500000000000178, 4.999999999999999112, -2.001000000000000334 ) ) ;
#2192 = EDGE_CURVE ( 'NONE', #1960, #1389, #2762, .T. ) ;
#2193 = DIRECTION ( 'NONE',  ( 1.000000000000000000, 0.000000000000000000, 0.000000000000000000 ) ) ;
#2194 = ORIENTED_EDGE ( 'NONE', *, *, #635, .F. ) ;
#2195 = ORIENTED_EDGE ( 'NONE', *, *, #2639, .T. ) ;
#2196 = AXIS2_PLACEMENT_3D ( 'NONE', #2839, #862, #1757 ) ;
#2197 = ORIENTED_EDGE ( 'NONE', *, *, #24, .T. ) ;
#2198 = DIRECTION ( 'NONE',  ( -0.000000000000000000, 1.000000000000000000, -0.000000000000000000 ) ) ;
#2199 = AXIS2_PLACEMENT_3D ( 'NONE', #1907, #2318, #1868 ) ;
#2200 = DIRECTION ( 'NONE',  ( -1.000000000000000000, 0.000000000000000000, 0.000000000000000000 ) ) ;
#2201 = ORIENTED_EDGE ( 'NONE', *, *, #1943, .T. ) ;
#2202 = ORIENTED_EDGE ( 'NONE', *, *, #120, .T. ) ;
#2203 = CARTESIAN_POINT ( 'NONE',  ( 3.469446951953614189E-15, -8.673617379884035472E-16, -0.001000000000000000021 ) ) ;
#2204 = VERTEX_POINT ( 'NONE', #2793 ) ;
#2205 = DIRECTION ( 'NONE',  ( -1.000000000000000000, -0.000000000000000000, -0.000000000000000000 ) ) ;
#2206 = VECTOR ( 'NONE', #1821, 1000.000000000000000 ) ;
#2207 = DIRECTION ( 'NONE',  ( -1.000000000000000000, 0.000000000000000000, 0.000000000000000000 ) ) ;
#2208 = LINE ( 'NONE', #1730, #2305 ) ;
#2209 = ORIENTED_EDGE ( 'NONE', *, *, #1217, .F. ) ;
#2210 = AXIS2_PLACEMENT_3D ( 'NONE', #1181, #1622, #2701 ) ;
#2211 = VERTEX_POINT ( 'NONE', #1268 ) ;
#2212 = ORIENTED_EDGE ( 'NONE', *, *, #2373, .T. ) ;
#2213 = LINE ( 'NONE', #2679, #954 ) ;
#2214 = LINE ( 'NONE', #246, #977 ) ;
#2215 = ORIENTED_EDGE ( 'NONE', *, *, #2573, .F. ) ;
#2216 = EDGE_LOOP ( 'NONE', ( #1112, #1193, #1511, #2399, #2510, #395 ) ) ;
#2217 = CARTESIAN_POINT ( 'NONE',  ( 13.51538820320221213, -4.000000000000000000, -0.001000000000000024307 ) ) ;
#2218 = CARTESIAN_POINT ( 'NONE',  ( -1.575000000000000178, 1.928818708657081591E-16, -2.000000000000000000 ) ) ;
#2219 = VECTOR ( 'NONE', #1867, 1000.000000000000000 ) ;
#2220 = ORIENTED_EDGE ( 'NONE', *, *, #2037, .F. ) ;
#2221 = CARTESIAN_POINT ( 'NONE',  ( -10.00000000000000178, 0.000000000000000000, 1.500000000000000000 ) ) ;
#2222 = CARTESIAN_POINT ( 'NONE',  ( 13.28632677955678254, -5.555555555555555358, -0.5010000000000001119 ) ) ;
#2223 = VERTEX_POINT ( 'NONE', #1699 ) ;
#2224 = AXIS2_PLACEMENT_3D ( 'NONE', #1228, #2088, #2755 ) ;
#2225 = CARTESIAN_POINT ( 'NONE',  ( 13.43679585110093910, 3.999999999999998224, -0.001000000000000024307 ) ) ;
#2226 = ADVANCED_FACE ( 'NONE', ( #547 ), #1881, .T. ) ;
#2227 = ORIENTED_EDGE ( 'NONE', *, *, #21, .T. ) ;
#2228 = DIRECTION ( 'NONE',  ( -0.000000000000000000, 1.000000000000000000, -0.000000000000000000 ) ) ;
#2229 = CARTESIAN_POINT ( 'NONE',  ( 16.00000000000000000, 3.999999999999998224, -0.0009999999999999158867 ) ) ;
#2230 = ORIENTED_EDGE ( 'NONE', *, *, #1515, .F. ) ;
#2231 = DIRECTION ( 'NONE',  ( 0.000000000000000000, 0.000000000000000000, -1.000000000000000000 ) ) ;
#2232 = EDGE_CURVE ( 'NONE', #2574, #2554, #1449, .T. ) ;
#2233 = CARTESIAN_POINT ( 'NONE',  ( 13.00000000000000178, 4.999999999999999112, -0.5010000000000001119 ) ) ;
#2234 = ADVANCED_FACE ( 'NONE', ( #2114 ), #1645, .F. ) ;
#2235 = ORIENTED_EDGE ( 'NONE', *, *, #294, .F. ) ;
#2236 = EDGE_CURVE ( 'NONE', #785, #1930, #2487, .T. ) ;
#2237 = CARTESIAN_POINT ( 'NONE',  ( -16.00000000000000000, 3.999999999999998224, -0.0009999999999999158867 ) ) ;
#2238 = CIRCLE ( 'NONE', #817, 0.6749999999999984901 ) ;
#2239 = FACE_OUTER_BOUND ( 'NONE', #1259, .T. ) ;
#2240 = EDGE_LOOP ( 'NONE', ( #2212, #696, #947, #1553 ) ) ;
#2241 = LINE ( 'NONE', #1154, #106 ) ;
#2242 = FACE_OUTER_BOUND ( 'NONE', #2781, .T. ) ;
#2243 = ORIENTED_EDGE ( 'NONE', *, *, #2646, .T. ) ;
#2244 = VERTEX_POINT ( 'NONE', #2125 ) ;
#2245 = CARTESIAN_POINT ( 'NONE',  ( 13.99999999999999822, 5.999999999999998224, 9.000000000000001776 ) ) ;
#2246 = DIRECTION ( 'NONE',  ( 1.000000000000000000, 0.000000000000000000, 2.891205793294679312E-16 ) ) ;
#2247 = CARTESIAN_POINT ( 'NONE',  ( 9.099062573740406279, -4.000000000000000888, 1.771892410536590523 ) ) ;
#2248 = DIRECTION ( 'NONE',  ( -0.000000000000000000, 0.000000000000000000, 1.000000000000000000 ) ) ;
#2249 = VERTEX_POINT ( 'NONE', #771 ) ;
#2250 = EDGE_CURVE ( 'NONE', #1346, #1437, #1434, .T. ) ;
#2251 = CARTESIAN_POINT ( 'NONE',  ( 9.165151389911683211, 3.999999999999997335, 1.500000000000000000 ) ) ;
#2252 = CARTESIAN_POINT ( 'NONE',  ( -11.00000000000000000, 8.000000000000000000, 2.000000000000000000 ) ) ;
#2253 = DIRECTION ( 'NONE',  ( 0.000000000000000000, 0.000000000000000000, -1.000000000000000000 ) ) ;
#2254 = VECTOR ( 'NONE', #1200, 1000.000000000000000 ) ;
#2255 = CARTESIAN_POINT ( 'NONE',  ( 12.78369958558667285, 4.410860274338944897, -0.06126643084101301290 ) ) ;
#2256 = CIRCLE ( 'NONE', #1024, 1.174999999999998934 ) ;
#2257 = EDGE_CURVE ( 'NONE', #962, #202, #1465, .T. ) ;
#2258 = ORIENTED_EDGE ( 'NONE', *, *, #1053, .F. ) ;
#2259 = DIRECTION ( 'NONE',  ( -0.000000000000000000, 0.000000000000000000, 1.000000000000000000 ) ) ;
#2260 = ORIENTED_EDGE ( 'NONE', *, *, #2486, .T. ) ;
#2261 = CARTESIAN_POINT ( 'NONE',  ( 13.00000000000000178, -4.999999999999999112, -2.001000000000000334 ) ) ;
#2262 = CARTESIAN_POINT ( 'NONE',  ( 0.000000000000000000, 3.999999999999997335, 2.000000000000000000 ) ) ;
#2263 = EDGE_CURVE ( 'NONE', #2127, #1779, #115, .T. ) ;
#2264 = ORIENTED_EDGE ( 'NONE', *, *, #2019, .F. ) ;
#2265 = CARTESIAN_POINT ( 'NONE',  ( 9.165151389911692092, 3.999999999999998224, 1.638949847453083031 ) ) ;
#2266 = CARTESIAN_POINT ( 'NONE',  ( 14.00000000000000000, 0.000000000000000000, 7.000000000000000888 ) ) ;
#2267 = CARTESIAN_POINT ( 'NONE',  ( -14.00000000000000000, 5.999999999999998224, 9.000000000000001776 ) ) ;
#2268 = DIRECTION ( 'NONE',  ( 0.000000000000000000, -1.000000000000000000, -4.334641369257388842E-16 ) ) ;
#2269 = AXIS2_PLACEMENT_3D ( 'NONE', #766, #917, #1788 ) ;
#2270 = EDGE_CURVE ( 'NONE', #1377, #715, #2536, .T. ) ;
#2271 = VERTEX_POINT ( 'NONE', #680 ) ;
#2272 = CARTESIAN_POINT ( 'NONE',  ( -16.00000000000000000, 3.999999999999995559, 7.000000000000000888 ) ) ;
#2273 = ORIENTED_EDGE ( 'NONE', *, *, #746, .T. ) ;
#2274 = CARTESIAN_POINT ( 'NONE',  ( 13.00000000000000178, -4.999999999999999112, -0.5010000000000001119 ) ) ;
#2275 = PLANE ( 'NONE',  #2301 ) ;
#2276 = EDGE_CURVE ( 'NONE', #750, #1930, #1334, .T. ) ;
#2277 = VERTEX_POINT ( 'NONE', #1963 ) ;
#2278 = FACE_BOUND ( 'NONE', #757, .T. ) ;
#2279 = CARTESIAN_POINT ( 'NONE',  ( 12.88420823521127012, 5.616524041056850436, -0.09117709456485244279 ) ) ;
#2280 = AXIS2_PLACEMENT_3D ( 'NONE', #882, #1491, #895 ) ;
#2281 = DIRECTION ( 'NONE',  ( -0.000000000000000000, 1.000000000000000000, 4.003208021484940511E-16 ) ) ;
#2282 = CARTESIAN_POINT ( 'NONE',  ( 14.50000000000000000, -5.000000000000000000, 7.000000000000000888 ) ) ;
#2283 = EDGE_CURVE ( 'NONE', #2277, #1243, #1350, .T. ) ;
#2284 = ORIENTED_EDGE ( 'NONE', *, *, #1351, .T. ) ;
#2285 = EDGE_CURVE ( 'NONE', #224, #1389, #1344, .T. ) ;
#2286 = DIRECTION ( 'NONE',  ( 1.000000000000000000, 0.000000000000000000, 0.000000000000000000 ) ) ;
#2287 = ORIENTED_EDGE ( 'NONE', *, *, #2477, .F. ) ;
#2288 = DIRECTION ( 'NONE',  ( -1.000000000000000000, 0.000000000000000000, 0.000000000000000000 ) ) ;
#2289 = LINE ( 'NONE', #759, #1569 ) ;
#2290 = CIRCLE ( 'NONE', #1056, 1.800000000000000044 ) ;
#2291 = AXIS2_PLACEMENT_3D ( 'NONE', #2729, #1635, #78 ) ;
#2292 = ORIENTED_EDGE ( 'NONE', *, *, #21, .F. ) ;
#2293 = CARTESIAN_POINT ( 'NONE',  ( -12.79488694355322487, 3.999999999999999112, 0.02389557613734464431 ) ) ;
#2294 = CARTESIAN_POINT ( 'NONE',  ( 14.00000000000000000, 0.000000000000000000, 9.000000000000001776 ) ) ;
#2295 = ORIENTED_EDGE ( 'NONE', *, *, #1663, .F. ) ;
#2296 = CARTESIAN_POINT ( 'NONE',  ( 14.00000000000000000, -5.000000000000000000, 9.000000000000001776 ) ) ;
#2297 = CARTESIAN_POINT ( 'NONE',  ( 12.91047191506996761, 3.999999999999998224, -0.001000000000000024307 ) ) ;
#2298 = DIRECTION ( 'NONE',  ( -0.000000000000000000, 0.000000000000000000, 1.000000000000000000 ) ) ;
#2299 = VECTOR ( 'NONE', #1543, 1000.000000000000000 ) ;
#2300 = ORIENTED_EDGE ( 'NONE', *, *, #1402, .F. ) ;
#2301 = AXIS2_PLACEMENT_3D ( 'NONE', #2053, #2071, #1856 ) ;
#2302 = LINE ( 'NONE', #327, #2219 ) ;
#2303 = ORIENTED_EDGE ( 'NONE', *, *, #1949, .F. ) ;
#2304 = DIRECTION ( 'NONE',  ( -0.8888888888888891726, 0.4581228472908506211, 0.000000000000000000 ) ) ;
#2305 = VECTOR ( 'NONE', #878, 1000.000000000000000 ) ;
#2306 = DIRECTION ( 'NONE',  ( 0.000000000000000000, 0.000000000000000000, 1.000000000000000000 ) ) ;
#2307 = ORIENTED_EDGE ( 'NONE', *, *, #2738, .F. ) ;
#2308 = DIRECTION ( 'NONE',  ( 0.000000000000000000, -1.000000000000000000, -4.003208021484940511E-16 ) ) ;
#2309 = AXIS2_PLACEMENT_3D ( 'NONE', #2669, #703, #2454 ) ;
#2310 = CARTESIAN_POINT ( 'NONE',  ( 13.09919743226534194, 5.619046547257761759, -0.4882289963552118861 ) ) ;
#2311 = VERTEX_POINT ( 'NONE', #234 ) ;
#2312 = CARTESIAN_POINT ( 'NONE',  ( 13.05791819015119692, -5.624989939143400619, -0.09781584590153444281 ) ) ;
#2313 = FACE_OUTER_BOUND ( 'NONE', #564, .T. ) ;
#2314 = ORIENTED_EDGE ( 'NONE', *, *, #2681, .F. ) ;
#2315 = CARTESIAN_POINT ( 'NONE',  ( 0.000000000000000000, 5.999999999999997335, 3.250000000000003109 ) ) ;
#2316 = AXIS2_PLACEMENT_3D ( 'NONE', #2836, #898, #1546 ) ;
#2317 = ORIENTED_EDGE ( 'NONE', *, *, #1053, .T. ) ;
#2318 = DIRECTION ( 'NONE',  ( -0.000000000000000000, 0.000000000000000000, 1.000000000000000000 ) ) ;
#2319 = AXIS2_PLACEMENT_3D ( 'NONE', #1487, #806, #1668 ) ;
#2320 = DIRECTION ( 'NONE',  ( -1.000000000000000000, -0.000000000000000000, -0.000000000000000000 ) ) ;
#2321 = VERTEX_POINT ( 'NONE', #1933 ) ;
#2322 = CARTESIAN_POINT ( 'NONE',  ( 16.00000000000000000, -5.000000000000000000, -0.0009999999999999158867 ) ) ;
#2323 = CARTESIAN_POINT ( 'NONE',  ( -16.00000000000000000, 5.999999999999997335, 2.000000000000000000 ) ) ;
#2324 = ORIENTED_EDGE ( 'NONE', *, *, #125, .T. ) ;
#2325 = DIRECTION ( 'NONE',  ( -0.000000000000000000, 0.000000000000000000, 1.000000000000000000 ) ) ;
#2326 = DIRECTION ( 'NONE',  ( 0.4581228472907319937, -0.8888888888889503459, -8.673617379884027583E-16 ) ) ;
#2327 = EDGE_CURVE ( 'NONE', #2015, #1563, #2619, .T. ) ;
#2328 = ORIENTED_EDGE ( 'NONE', *, *, #2011, .T. ) ;
#2329 = DIRECTION ( 'NONE',  ( -0.000000000000000000, 1.000000000000000000, -0.000000000000000000 ) ) ;
#2330 = APPLICATION_CONTEXT ( 'automotive_design' ) ;
#2331 = DIRECTION ( 'NONE',  ( 1.000000000000000000, 0.000000000000000000, 0.000000000000000000 ) ) ;
#2332 = ORIENTED_EDGE ( 'NONE', *, *, #956, .F. ) ;
#2333 = VERTEX_POINT ( 'NONE', #842 ) ;
#2334 = CARTESIAN_POINT ( 'NONE',  ( 12.88420823521135894, -4.383475958943140682, -0.09117709456492763265 ) ) ;
#2335 = FACE_BOUND ( 'NONE', #1545, .T. ) ;
#2336 = CIRCLE ( 'NONE', #591, 0.6749999999999984901 ) ;
#2337 = EDGE_CURVE ( 'NONE', #108, #2001, #15, .T. ) ;
#2338 = ORIENTED_EDGE ( 'NONE', *, *, #1713, .F. ) ;
#2339 = CARTESIAN_POINT ( 'NONE',  ( 13.35185651318685451, -6.000000000000000888, -0.0009999999999999638085 ) ) ;
#2340 = AXIS2_PLACEMENT_3D ( 'NONE', #943, #1380, #297 ) ;
#2341 = DIRECTION ( 'NONE',  ( 0.000000000000000000, 4.336808689942017736E-16, -1.000000000000000000 ) ) ;
#2342 = EDGE_CURVE ( 'NONE', #646, #1346, #896, .T. ) ;
#2343 = DIRECTION ( 'NONE',  ( -0.000000000000000000, 1.000000000000000000, 4.003208021484940511E-16 ) ) ;
#2344 = AXIS2_PLACEMENT_3D ( 'NONE', #2751, #784, #810 ) ;
#2345 = FACE_OUTER_BOUND ( 'NONE', #1199, .T. ) ;
#2346 = CARTESIAN_POINT ( 'NONE',  ( -9.165151389911683211, 3.999999999999997335, 1.500000000000000000 ) ) ;
#2347 = PRODUCT_CONTEXT ( 'NONE', #2330, 'mechanical' ) ;
#2348 = EDGE_CURVE ( 'NONE', #1738, #487, #1557, .T. ) ;
#2349 = VERTEX_POINT ( 'NONE', #1072 ) ;
#2350 = CARTESIAN_POINT ( 'NONE',  ( 12.91012799658895105, -3.999999999999999112, -0.0009999999999997205135 ) ) ;
#2351 = LINE ( 'NONE', #1035, #1853 ) ;
#2352 = AXIS2_PLACEMENT_3D ( 'NONE', #437, #626, #687 ) ;
#2353 = ORIENTED_EDGE ( 'NONE', *, *, #2777, .T. ) ;
#2354 = B_SPLINE_CURVE_WITH_KNOTS ( 'NONE', 3,
 ( #2222, #253, #1140, #37, #704, #2455 ),
 .UNSPECIFIED., .F., .F.,
 ( 4, 2, 4 ),
 ( 0.000000000000000000, 0.0002984419316848434083, 0.0005968838633696868165 ),
 .UNSPECIFIED. ) ;
#2355 = CARTESIAN_POINT ( 'NONE',  ( 12.37500000000000000, 4.999999999999999112, -2.001000000000000334 ) ) ;
#2356 = DIRECTION ( 'NONE',  ( -0.000000000000000000, 1.000000000000000000, 4.003208021484940511E-16 ) ) ;
#2357 = EDGE_LOOP ( 'NONE', ( #579, #1912, #2338, #2080 ) ) ;
#2358 = EDGE_CURVE ( 'NONE', #1784, #1144, #693, .T. ) ;
#2359 = DIRECTION ( 'NONE',  ( -1.000000000000000000, -0.000000000000000000, -0.000000000000000000 ) ) ;
#2360 = CIRCLE ( 'NONE', #2732, 0.6250000000000001110 ) ;
#2361 = DIRECTION ( 'NONE',  ( -0.000000000000000000, 0.000000000000000000, 1.000000000000000000 ) ) ;
#2362 = ORIENTED_EDGE ( 'NONE', *, *, #163, .F. ) ;
#2363 = EDGE_CURVE ( 'NONE', #1562, #2271, #1614, .T. ) ;
#2364 = AXIS2_PLACEMENT_3D ( 'NONE', #2624, #1337, #1740 ) ;
#2365 = ORIENTED_EDGE ( 'NONE', *, *, #915, .T. ) ;
#2366 = CARTESIAN_POINT ( 'NONE',  ( -14.50000000000000000, -5.000000000000000000, 7.000000000000000888 ) ) ;
#2367 = LINE ( 'NONE', #389, #2172 ) ;
#2368 = EDGE_CURVE ( 'NONE', #1970, #661, #2214, .T. ) ;
#2369 = ORIENTED_EDGE ( 'NONE', *, *, #1678, .T. ) ;
#2370 = CARTESIAN_POINT ( 'NONE',  ( 16.00000000000000000, -4.000000000000000000, -0.0009999999999999158867 ) ) ;
#2371 = CARTESIAN_POINT ( 'NONE',  ( -11.00000000000000000, 6.000000000000000000, 2.000000000000000000 ) ) ;
#2372 = CARTESIAN_POINT ( 'NONE',  ( 9.500000000000001776, 0.000000000000000000, 2.000000000000000000 ) ) ;
#2373 = EDGE_CURVE ( 'NONE', #715, #1320, #2820, .T. ) ;
#2374 = AXIS2_PLACEMENT_3D ( 'NONE', #324, #1349, #341 ) ;
#2375 = CARTESIAN_POINT ( 'NONE',  ( 14.50000000000000000, -5.000000000000000000, -0.001000000000000349568 ) ) ;
#2376 = DIRECTION ( 'NONE',  ( 0.000000000000000000, 1.000000000000000000, -0.000000000000000000 ) ) ;
#2377 = DIRECTION ( 'NONE',  ( -1.000000000000000000, -0.000000000000000000, -0.000000000000000000 ) ) ;
#2378 = CARTESIAN_POINT ( 'NONE',  ( 0.000000000000000000, 3.999999999999994671, 8.125000000000000000 ) ) ;
#2379 = EDGE_LOOP ( 'NONE', ( #2220, #2369, #887, #860, #1001 ) ) ;
#2380 = DIRECTION ( 'NONE',  ( 1.000000000000000000, 0.000000000000000000, 0.000000000000000000 ) ) ;
#2381 = DIRECTION ( 'NONE',  ( -1.000000000000000000, 0.000000000000000000, 0.000000000000000000 ) ) ;
#2382 = AXIS2_PLACEMENT_3D ( 'NONE', #2810, #885, #1560 ) ;
#2383 = DIRECTION ( 'NONE',  ( -1.000000000000000000, -0.000000000000000000, 0.000000000000000000 ) ) ;
#2384 = ORIENTED_EDGE ( 'NONE', *, *, #1186, .T. ) ;
#2385 = LINE ( 'NONE', #1917, #31 ) ;
#2386 = CARTESIAN_POINT ( 'NONE',  ( -13.00000000000000178, 4.999999999999999112, 0.4989999999999998881 ) ) ;
#2387 = ORIENTED_EDGE ( 'NONE', *, *, #853, .T. ) ;
#2388 = AXIS2_PLACEMENT_3D ( 'NONE', #1948, #2832, #666 ) ;
#2389 = CARTESIAN_POINT ( 'NONE',  ( 13.08952808493003417, -4.000000000000000888, -0.001000000000000328100 ) ) ;
#2390 = DIRECTION ( 'NONE',  ( 0.000000000000000000, -1.000000000000000000, -4.334641369257388842E-16 ) ) ;
#2391 = AXIS2_PLACEMENT_3D ( 'NONE', #2726, #2248, #1192 ) ;
#2392 = ORIENTED_EDGE ( 'NONE', *, *, #1165, .F. ) ;
#2393 = DIRECTION ( 'NONE',  ( 1.000000000000000000, 0.000000000000000000, 0.000000000000000000 ) ) ;
#2394 = CARTESIAN_POINT ( 'NONE',  ( 12.71367322044326542, 5.555555555555579339, -0.001000000000062474352 ) ) ;
#2395 = FACE_OUTER_BOUND ( 'NONE', #1315, .T. ) ;
#2396 = AXIS2_PLACEMENT_3D ( 'NONE', #109, #1863, #2786 ) ;
#2397 = ORIENTED_EDGE ( 'NONE', *, *, #2046, .F. ) ;
#2398 = EDGE_CURVE ( 'NONE', #1878, #263, #318, .T. ) ;
#2399 = ORIENTED_EDGE ( 'NONE', *, *, #1230, .F. ) ;
#2400 = CARTESIAN_POINT ( 'NONE',  ( 14.50000000000000178, -6.000000000000000000, 7.000000000000000888 ) ) ;
#2401 = DIRECTION ( 'NONE',  ( 0.000000000000000000, 0.000000000000000000, -1.000000000000000000 ) ) ;
#2402 = DIRECTION ( 'NONE',  ( -1.000000000000000000, 0.000000000000000000, 0.000000000000000000 ) ) ;
#2403 = CARTESIAN_POINT ( 'NONE',  ( 13.00000000000000178, -4.999999999999999112, -0.5010000000000001119 ) ) ;
#2404 = EDGE_CURVE ( 'NONE', #520, #587, #1711, .T. ) ;
#2405 = ORIENTED_EDGE ( 'NONE', *, *, #303, .F. ) ;
#2406 = CARTESIAN_POINT ( 'NONE',  ( -10.00000000000000178, 0.000000000000000000, 0.000000000000000000 ) ) ;
#2407 = CARTESIAN_POINT ( 'NONE',  ( 12.48461179679779320, 3.999999999999998224, -0.001000000000000024307 ) ) ;
#2408 = ADVANCED_FACE ( 'NONE', ( #204 ), #883, .T. ) ;
#2409 = DIRECTION ( 'NONE',  ( 0.000000000000000000, 0.000000000000000000, -1.000000000000000000 ) ) ;
#2410 = ORIENTED_EDGE ( 'NONE', *, *, #1435, .T. ) ;
#2411 = ORIENTED_EDGE ( 'NONE', *, *, #2179, .F. ) ;
#2412 = DIRECTION ( 'NONE',  ( 1.000000000000000000, 0.000000000000000000, 0.000000000000000000 ) ) ;
#2413 = DIRECTION ( 'NONE',  ( 1.224646799147353207E-16, 1.000000000000000000, 0.000000000000000000 ) ) ;
#2414 = ORIENTED_EDGE ( 'NONE', *, *, #1173, .F. ) ;
#2415 = AXIS2_PLACEMENT_3D ( 'NONE', #1303, #14, #1084 ) ;
#2416 = ORIENTED_EDGE ( 'NONE', *, *, #404, .T. ) ;
#2417 = FILL_AREA_STYLE ('',( #858 ) ) ;
#2418 = CARTESIAN_POINT ( 'NONE',  ( -11.82500000000000284, 4.999999999999999112, -0.001000000000000078517 ) ) ;
#2419 = EDGE_CURVE ( 'NONE', #1254, #2739, #1972, .T. ) ;
#2420 = VERTEX_POINT ( 'NONE', #1291 ) ;
#2421 = CARTESIAN_POINT ( 'NONE',  ( -7.685213074469697148, -6.000000000000000000, 0.000000000000000000 ) ) ;
#2422 = DIRECTION ( 'NONE',  ( -0.000000000000000000, -0.000000000000000000, -1.000000000000000000 ) ) ;
#2423 = FACE_OUTER_BOUND ( 'NONE', #2425, .T. ) ;
#2424 = ORIENTED_EDGE ( 'NONE', *, *, #143, .T. ) ;
#2425 = EDGE_LOOP ( 'NONE', ( #2178, #1370, #1555, #799 ) ) ;
#2426 = VECTOR ( 'NONE', #392, 1000.000000000000000 ) ;
#2427 = ORIENTED_EDGE ( 'NONE', *, *, #873, .F. ) ;
#2428 = CARTESIAN_POINT ( 'NONE',  ( 16.00000000000000000, -5.000000000000000000, 7.000000000000000888 ) ) ;
#2429 = DIRECTION ( 'NONE',  ( 0.000000000000000000, -0.000000000000000000, -1.000000000000000000 ) ) ;
#2430 = ORIENTED_EDGE ( 'NONE', *, *, #1461, .F. ) ;
#2431 =( NAMED_UNIT ( * ) SI_UNIT ( $, .STERADIAN. ) SOLID_ANGLE_UNIT ( ) );
#2432 = DIRECTION ( 'NONE',  ( -1.000000000000000000, -0.000000000000000000, -0.000000000000000000 ) ) ;
#2433 = VECTOR ( 'NONE', #2806, 1000.000000000000000 ) ;
#2434 = ORIENTED_EDGE ( 'NONE', *, *, #1924, .F. ) ;
#2435 = ORIENTED_EDGE ( 'NONE', *, *, #1535, .T. ) ;
#2436 = PLANE ( 'NONE',  #1707 ) ;
#2437 = AXIS2_PLACEMENT_3D ( 'NONE', #1031, #1280, #603 ) ;
#2438 = FACE_OUTER_BOUND ( 'NONE', #279, .T. ) ;
#2439 = VECTOR ( 'NONE', #777, 1000.000000000000000 ) ;
#2440 = DIRECTION ( 'NONE',  ( -0.000000000000000000, 0.000000000000000000, 1.000000000000000000 ) ) ;
#2441 = AXIS2_PLACEMENT_3D ( 'NONE', #863, #1141, #1342 ) ;
#2442 = EDGE_LOOP ( 'NONE', ( #103, #2672, #333, #42, #2467, #1081, #1097, #288, #2722, #2830, #2557, #2734, #1716, #2295, #2505, #2516, #13, #2307, #881 ) ) ;
#2443 = ADVANCED_FACE ( 'NONE', ( #649 ), #2111, .T. ) ;
#2444 = EDGE_LOOP ( 'NONE', ( #231, #2713, #2778, #2260, #2209 ) ) ;
#2445 = VECTOR ( 'NONE', #334, 1000.000000000000000 ) ;
#2446 = CARTESIAN_POINT ( 'NONE',  ( -13.67499999999999893, 4.999999999999999112, 2.499000000000000110 ) ) ;
#2447 = LINE ( 'NONE', #1416, #1566 ) ;
#2448 = ADVANCED_FACE ( 'NONE', ( #416 ), #1304, .T. ) ;
#2449 = VERTEX_POINT ( 'NONE', #1627 ) ;
#2450 = FACE_OUTER_BOUND ( 'NONE', #2685, .T. ) ;
#2451 = DIRECTION ( 'NONE',  ( 0.000000000000000000, -0.000000000000000000, -1.000000000000000000 ) ) ;
#2452 = CIRCLE ( 'NONE', #760, 0.6250000000000005551 ) ;
#2453 = ORIENTED_EDGE ( 'NONE', *, *, #2368, .F. ) ;
#2454 = DIRECTION ( 'NONE',  ( 1.000000000000000000, 0.000000000000000000, 0.000000000000000000 ) ) ;
#2455 = CARTESIAN_POINT ( 'NONE',  ( 12.71367322044321924, -5.555555555555555358, -0.5010000000000001119 ) ) ;
#2456 = AXIS2_PLACEMENT_3D ( 'NONE', #607, #119, #788 ) ;
#2457 = CARTESIAN_POINT ( 'NONE',  ( 16.00000000000000000, 5.999999999999998224, -0.0009999999999999158867 ) ) ;
#2458 = CARTESIAN_POINT ( 'NONE',  ( 13.05791819015093580, 4.375010060856519445, -0.09781584590160045944 ) ) ;
#2459 = ORIENTED_EDGE ( 'NONE', *, *, #1849, .T. ) ;
#2460 = DIRECTION ( 'NONE',  ( -1.000000000000000000, 0.000000000000000000, 0.000000000000000000 ) ) ;
#2461 = LINE ( 'NONE', #2094, #552 ) ;
#2462 = EDGE_CURVE ( 'NONE', #729, #443, #489, .T. ) ;
#2463 = DIRECTION ( 'NONE',  ( 1.000000000000000000, 0.000000000000000000, 0.000000000000000000 ) ) ;
#2464 = DIRECTION ( 'NONE',  ( 0.000000000000000000, -6.938893903907227392E-16, 1.000000000000000000 ) ) ;
#2465 = B_SPLINE_CURVE_WITH_KNOTS ( 'NONE', 3,
 ( #2079, #488, #1364, #2026, #679, #56, #1012, #2661 ),
 .UNSPECIFIED., .F., .F.,
 ( 4, 2, 2, 4 ),
 ( 0.000000000000000000, 0.0006167135740093849074, 0.0009250703610140799090, 0.001233427148018775019 ),
 .UNSPECIFIED. ) ;
#2466 = EDGE_CURVE ( 'NONE', #1127, #646, #1836, .T. ) ;
#2467 = ORIENTED_EDGE ( 'NONE', *, *, #426, .T. ) ;
#2468 = CARTESIAN_POINT ( 'NONE',  ( 13.00000000000000178, 4.999999999999999112, -0.001000000000000024307 ) ) ;
#2469 = CARTESIAN_POINT ( 'NONE',  ( 13.21630041441278181, 5.589139725661203428, -0.06126643084125094063 ) ) ;
#2470 = EDGE_CURVE ( 'NONE', #108, #1240, #940, .T. ) ;
#2471 = DIRECTION ( 'NONE',  ( 0.000000000000000000, 4.334641369257388842E-16, -1.000000000000000000 ) ) ;
#2472 = DIRECTION ( 'NONE',  ( -0.000000000000000000, -0.000000000000000000, -1.000000000000000000 ) ) ;
#2473 = VERTEX_POINT ( 'NONE', #1807 ) ;
#2474 = FACE_OUTER_BOUND ( 'NONE', #1136, .T. ) ;
#2475 = CARTESIAN_POINT ( 'NONE',  ( 0.000000000000000000, 0.000000000000000000, -1.000000000000000000 ) ) ;
#2476 = AXIS2_PLACEMENT_3D ( 'NONE', #1195, #1844, #932 ) ;
#2477 = EDGE_CURVE ( 'NONE', #524, #170, #727, .T. ) ;
#2478 = AXIS2_PLACEMENT_3D ( 'NONE', #546, #1433, #2736 ) ;
#2479 = ORIENTED_EDGE ( 'NONE', *, *, #841, .F. ) ;
#2480 = DIRECTION ( 'NONE',  ( 1.000000000000000000, 0.000000000000000000, 0.000000000000000000 ) ) ;
#2481 = LINE ( 'NONE', #2042, #1393 ) ;
#2482 = VERTEX_POINT ( 'NONE', #755 ) ;
#2483 = CARTESIAN_POINT ( 'NONE',  ( 16.00000000000000000, 3.999999999999997335, 2.000000000000000000 ) ) ;
#2484 = FACE_OUTER_BOUND ( 'NONE', #2188, .T. ) ;
#2485 = PLANE ( 'NONE',  #990 ) ;
#2486 = EDGE_CURVE ( 'NONE', #167, #251, #925, .T. ) ;
#2487 = CIRCLE ( 'NONE', #2344, 1.575000000000000178 ) ;
#2488 = DIRECTION ( 'NONE',  ( 1.000000000000000000, 0.000000000000000000, 0.000000000000000000 ) ) ;
#2489 = EDGE_CURVE ( 'NONE', #750, #257, #91, .T. ) ;
#2490 = ORIENTED_EDGE ( 'NONE', *, *, #421, .T. ) ;
#2491 = DIRECTION ( 'NONE',  ( 1.000000000000000000, -0.000000000000000000, 0.000000000000000000 ) ) ;
#2492 = AXIS2_PLACEMENT_3D ( 'NONE', #1606, #1371, #721 ) ;
#2493 = EDGE_CURVE ( 'NONE', #2588, #412, #2720, .T. ) ;
#2494 = ORIENTED_EDGE ( 'NONE', *, *, #1597, .F. ) ;
#2495 = DIRECTION ( 'NONE',  ( 0.000000000000000000, -0.000000000000000000, 1.000000000000000000 ) ) ;
#2496 = CARTESIAN_POINT ( 'NONE',  ( -13.00000000000000178, -4.999999999999999112, -0.001000000000000024307 ) ) ;
#2497 = EDGE_CURVE ( 'NONE', #1882, #661, #284, .T. ) ;
#2498 = VERTEX_POINT ( 'NONE', #694 ) ;
#2499 = FACE_OUTER_BOUND ( 'NONE', #2120, .T. ) ;
#2500 = CARTESIAN_POINT ( 'NONE',  ( 13.11602640250281837, 5.616453361547208978, -0.09109649580183039330 ) ) ;
#2501 = ORIENTED_EDGE ( 'NONE', *, *, #1450, .T. ) ;
#2502 = CARTESIAN_POINT ( 'NONE',  ( 0.000000000000000000, 0.000000000000000000, -0.001000000000000000021 ) ) ;
#2503 = CYLINDRICAL_SURFACE ( 'NONE', #1527, 9.750000000000001776 ) ;
#2504 = AXIS2_PLACEMENT_3D ( 'NONE', #1873, #1886, #352 ) ;
#2505 = ORIENTED_EDGE ( 'NONE', *, *, #2761, .T. ) ;
#2506 = CARTESIAN_POINT ( 'NONE',  ( 11.00000000000000000, 8.000000000000000000, -0.001000000000000000021 ) ) ;
#2507 = CARTESIAN_POINT ( 'NONE',  ( 8.892692719212003993, -4.000000000000000000, 1.951743624245669384 ) ) ;
#2508 = DIRECTION ( 'NONE',  ( -0.000000000000000000, 0.000000000000000000, 1.000000000000000000 ) ) ;
#2509 = DIRECTION ( 'NONE',  ( 0.000000000000000000, 1.000000000000000000, 4.003208021484940511E-16 ) ) ;
#2510 = ORIENTED_EDGE ( 'NONE', *, *, #2154, .F. ) ;
#2511 = DIRECTION ( 'NONE',  ( 0.000000000000000000, -4.334641369257388842E-16, 1.000000000000000000 ) ) ;
#2512 = CARTESIAN_POINT ( 'NONE',  ( 12.94208180984881018, 5.624989939143361539, -0.09781584590154254744 ) ) ;
#2513 = VECTOR ( 'NONE', #270, 1000.000000000000000 ) ;
#2514 = CARTESIAN_POINT ( 'NONE',  ( 0.000000000000000000, 2.232233047033624462, 8.125000000000000000 ) ) ;
#2515 = CARTESIAN_POINT ( 'NONE',  ( 12.48461179679779320, 3.999999999999998224, -0.001000000000000024307 ) ) ;
#2516 = ORIENTED_EDGE ( 'NONE', *, *, #2263, .T. ) ;
#2517 = CARTESIAN_POINT ( 'NONE',  ( 16.00000000000000000, -3.999999999999999112, 2.000000000000000000 ) ) ;
#2518 = FACE_OUTER_BOUND ( 'NONE', #1404, .T. ) ;
#2519 = DIRECTION ( 'NONE',  ( 1.000000000000000000, 0.000000000000000000, 0.000000000000000000 ) ) ;
#2520 = AXIS2_PLACEMENT_3D ( 'NONE', #2186, #402, #1294 ) ;
#2521 = CIRCLE ( 'NONE', #84, 2.000000000000000000 ) ;
#2522 = ORIENTED_EDGE ( 'NONE', *, *, #2622, .F. ) ;
#2523 = DIRECTION ( 'NONE',  ( -1.000000000000000000, 0.000000000000000000, 0.000000000000000000 ) ) ;
#2524 = CARTESIAN_POINT ( 'NONE',  ( 13.08952808492953324, 5.999999999999997335, -0.001000000000000111260 ) ) ;
#2525 = EDGE_CURVE ( 'NONE', #461, #1965, #274, .T. ) ;
#2526 = ORIENTED_EDGE ( 'NONE', *, *, #2489, .T. ) ;
#2527 = DIRECTION ( 'NONE',  ( 0.000000000000000000, 0.000000000000000000, 1.000000000000000000 ) ) ;
#2528 = DIRECTION ( 'NONE',  ( 1.000000000000000000, 0.000000000000000000, 0.000000000000000000 ) ) ;
#2529 = VECTOR ( 'NONE', #1447, 1000.000000000000000 ) ;
#2530 = ORIENTED_EDGE ( 'NONE', *, *, #2276, .F. ) ;
#2531 = CARTESIAN_POINT ( 'NONE',  ( 13.00000000000000178, 4.999999999999999112, -2.001000000000000334 ) ) ;
#2532 = EDGE_CURVE ( 'NONE', #317, #2642, #1703, .T. ) ;
#2533 = EDGE_CURVE ( 'NONE', #2473, #2204, #1919, .T. ) ;
#2534 = FACE_OUTER_BOUND ( 'NONE', #87, .T. ) ;
#2535 = CIRCLE ( 'NONE', #1441, 0.6250000000000005551 ) ;
#2536 = LINE ( 'NONE', #348, #186 ) ;
#2537 = CARTESIAN_POINT ( 'NONE',  ( -16.00000000000000000, -4.000000000000000000, -0.0009999999999999158867 ) ) ;
#2538 = ORIENTED_EDGE ( 'NONE', *, *, #1531, .F. ) ;
#2539 = EDGE_CURVE ( 'NONE', #1547, #1981, #742, .T. ) ;
#2540 = CIRCLE ( 'NONE', #2396, 10.00000000000000178 ) ;
#2541 = ORIENTED_EDGE ( 'NONE', *, *, #1177, .F. ) ;
#2542 = CARTESIAN_POINT ( 'NONE',  ( 16.00000000000000000, 0.000000000000000000, 7.000000000000000888 ) ) ;
#2543 = VECTOR ( 'NONE', #1045, 1000.000000000000000 ) ;
#2544 = DIRECTION ( 'NONE',  ( 0.000000000000000000, -0.000000000000000000, -1.000000000000000000 ) ) ;
#2545 = VERTEX_POINT ( 'NONE', #2272 ) ;
#2546 = CARTESIAN_POINT ( 'NONE',  ( -16.00000000000000000, 5.999999999999998224, 9.000000000000001776 ) ) ;
#2547 = DIRECTION ( 'NONE',  ( 0.000000000000000000, 0.000000000000000000, -1.000000000000000000 ) ) ;
#2548 = FACE_OUTER_BOUND ( 'NONE', #894, .T. ) ;
#2549 = VECTOR ( 'NONE', #1354, 1000.000000000000000 ) ;
#2550 = CARTESIAN_POINT ( 'NONE',  ( 12.48461179679779320, 3.999999999999998224, -0.5010000000000000009 ) ) ;
#2551 = DIRECTION ( 'NONE',  ( 1.000000000000000000, 0.000000000000000000, 0.000000000000000000 ) ) ;
#2552 = APPLICATION_PROTOCOL_DEFINITION ( 'draft international standard', 'automotive_design', 1998, #418 ) ;
#2553 = ADVANCED_FACE ( 'NONE', ( #259 ), #1146, .T. ) ;
#2554 = VERTEX_POINT ( 'NONE', #1405 ) ;
#2555 = DIRECTION ( 'NONE',  ( 0.000000000000000000, -1.000000000000000000, -0.000000000000000000 ) ) ;
#2556 = LINE ( 'NONE', #595, #342 ) ;
#2557 = ORIENTED_EDGE ( 'NONE', *, *, #1402, .T. ) ;
#2558 = ORIENTED_EDGE ( 'NONE', *, *, #400, .F. ) ;
#2559 = CARTESIAN_POINT ( 'NONE',  ( 13.28632677955673458, -5.555555555555580227, -0.001000000000063233294 ) ) ;
#2560 = LINE ( 'NONE', #834, #628 ) ;
#2561 = AXIS2_PLACEMENT_3D ( 'NONE', #258, #1234, #1145 ) ;
#2562 = ORIENTED_EDGE ( 'NONE', *, *, #583, .F. ) ;
#2563 = AXIS2_PLACEMENT_3D ( 'NONE', #2641, #1523, #201 ) ;
#2564 = EDGE_CURVE ( 'NONE', #2739, #1377, #295, .T. ) ;
#2565 = CARTESIAN_POINT ( 'NONE',  ( 0.000000000000000000, 0.000000000000000000, -0.001000000000000000021 ) ) ;
#2566 = DIRECTION ( 'NONE',  ( 0.000000000000000000, -0.000000000000000000, 1.000000000000000000 ) ) ;
#2567 = APPLICATION_PROTOCOL_DEFINITION ( 'draft international standard', 'automotive_design', 1998, #2330 ) ;
#2568 = AXIS2_PLACEMENT_3D ( 'NONE', #230, #1109, #1759 ) ;
#2569 = ORIENTED_EDGE ( 'NONE', *, *, #1846, .F. ) ;
#2570 = ORIENTED_EDGE ( 'NONE', *, *, #2368, .T. ) ;
#2571 = CARTESIAN_POINT ( 'NONE',  ( 12.80452415884299811, -4.404281910398379907, -0.4962100924905684662 ) ) ;
#2572 = CARTESIAN_POINT ( 'NONE',  ( -12.38305186603735031, -6.000000000000000000, -0.001000000000000024307 ) ) ;
#2573 = EDGE_CURVE ( 'NONE', #1779, #2833, #2447, .T. ) ;
#2574 = VERTEX_POINT ( 'NONE', #1365 ) ;
#2575 = CARTESIAN_POINT ( 'NONE',  ( 13.24263963521529774, -5.578071394380740955, -0.5009999346412351562 ) ) ;
#2576 = CIRCLE ( 'NONE', #781, 0.4999999999999997224 ) ;
#2577 = CYLINDRICAL_SURFACE ( 'NONE', #2148, 0.6250000000000005551 ) ;
#2578 = LINE ( 'NONE', #808, #94 ) ;
#2579 = VECTOR ( 'NONE', #2320, 1000.000000000000000 ) ;
#2580 = FACE_OUTER_BOUND ( 'NONE', #1472, .T. ) ;
#2581 = EDGE_CURVE ( 'NONE', #2700, #317, #712, .T. ) ;
#2582 = CARTESIAN_POINT ( 'NONE',  ( 16.00000000000000000, -4.000000000000000000, -0.0009999999999999158867 ) ) ;
#2583 = VECTOR ( 'NONE', #902, 1000.000000000000000 ) ;
#2584 = FACE_OUTER_BOUND ( 'NONE', #2163, .T. ) ;
#2585 = DIRECTION ( 'NONE',  ( -0.000000000000000000, -0.000000000000000000, -1.000000000000000000 ) ) ;
#2586 = AXIS2_PLACEMENT_3D ( 'NONE', #210, #424, #198 ) ;
#2587 = VECTOR ( 'NONE', #828, 1000.000000000000000 ) ;
#2588 = VERTEX_POINT ( 'NONE', #44 ) ;
#2589 = CARTESIAN_POINT ( 'NONE',  ( 13.51538820320220857, -6.000000000000000000, -0.001000000000000024307 ) ) ;
#2590 = CARTESIAN_POINT ( 'NONE',  ( -12.48629704042695465, -6.000000000000001776, -0.001000000000000152243 ) ) ;
#2591 = ADVANCED_FACE ( 'NONE', ( #2051 ), #2680, .T. ) ;
#2592 = ORIENTED_EDGE ( 'NONE', *, *, #281, .T. ) ;
#2593 = LINE ( 'NONE', #618, #1093 ) ;
#2594 = DIRECTION ( 'NONE',  ( -0.000000000000000000, -0.000000000000000000, 1.000000000000000000 ) ) ;
#2595 = ORIENTED_EDGE ( 'NONE', *, *, #2419, .F. ) ;
#2596 = CIRCLE ( 'NONE', #2364, 10.00000000000000178 ) ;
#2597 = ORIENTED_EDGE ( 'NONE', *, *, #2373, .F. ) ;
#2598 = CARTESIAN_POINT ( 'NONE',  ( 11.00000000000000000, -6.000000000000000000, -0.001000000000000000021 ) ) ;
#2599 = DIRECTION ( 'NONE',  ( -0.000000000000000000, 0.000000000000000000, 1.000000000000000000 ) ) ;
#2600 = ORIENTED_EDGE ( 'NONE', *, *, #158, .F. ) ;
#2601 = CARTESIAN_POINT ( 'NONE',  ( -14.00000000000000000, 3.999999999999995559, 7.000000000000000888 ) ) ;
#2602 = DIRECTION ( 'NONE',  ( -0.000000000000000000, 1.000000000000000000, 4.003208021484940511E-16 ) ) ;
#2603 = B_SPLINE_CURVE_WITH_KNOTS ( 'NONE', 3,
 ( #2717, #494, #1167, #1828, #2265, #2251 ),
 .UNSPECIFIED., .F., .F.,
 ( 4, 2, 4 ),
 ( 0.000000000000000000, 0.0004098509389352280306, 0.0008197018778704560612 ),
 .UNSPECIFIED. ) ;
#2604 = EDGE_LOOP ( 'NONE', ( #2384, #1113, #542, #2073 ) ) ;
#2605 = PRODUCT_DEFINITION_CONTEXT ( 'detailed design', #418, 'design' ) ;
#2606 = VECTOR ( 'NONE', #1378, 1000.000000000000000 ) ;
#2607 = DIRECTION ( 'NONE',  ( -0.000000000000000000, -0.000000000000000000, 1.000000000000000000 ) ) ;
#2608 = DIRECTION ( 'NONE',  ( 1.000000000000000000, 0.000000000000000000, 0.000000000000000000 ) ) ;
#2609 = SURFACE_SIDE_STYLE ('',( #1725 ) ) ;
#2610 = DIRECTION ( 'NONE',  ( 0.000000000000000000, 0.000000000000000000, -1.000000000000000000 ) ) ;
#2611 = ORIENTED_EDGE ( 'NONE', *, *, #2270, .F. ) ;
#2612 = DIRECTION ( 'NONE',  ( 0.000000000000000000, -1.000000000000000000, 0.000000000000000000 ) ) ;
#2613 = FACE_OUTER_BOUND ( 'NONE', #856, .T. ) ;
#2614 = EDGE_CURVE ( 'NONE', #1996, #874, #2461, .T. ) ;
#2615 = VECTOR ( 'NONE', #1618, 1000.000000000000000 ) ;
#2616 = LINE ( 'NONE', #1567, #1331 ) ;
#2617 = VERTEX_POINT ( 'NONE', #2315 ) ;
#2618 = DIRECTION ( 'NONE',  ( 1.000000000000000000, 0.000000000000000000, 0.000000000000000000 ) ) ;
#2619 = LINE ( 'NONE', #1116, #1390 ) ;
#2620 = EDGE_LOOP ( 'NONE', ( #374, #2676 ) ) ;
#2621 = VECTOR ( 'NONE', #1526, 1000.000000000000000 ) ;
#2622 = EDGE_CURVE ( 'NONE', #69, #1986, #127, .T. ) ;
#2623 = DIRECTION ( 'NONE',  ( 1.000000000000000000, 0.000000000000000000, 0.000000000000000000 ) ) ;
#2624 = CARTESIAN_POINT ( 'NONE',  ( 0.000000000000000000, 0.000000000000000000, 0.000000000000000000 ) ) ;
#2625 = CIRCLE ( 'NONE', #2391, 1.174999999999998934 ) ;
#2626 = EDGE_LOOP ( 'NONE', ( #2611, #1704, #1382, #1799, #38, #364, #795, #2826, #1497, #515, #2056, #2416, #453, #423, #2230, #2008, #1697, #2844, #1106, #2025 ) ) ;
#2627 = CARTESIAN_POINT ( 'NONE',  ( 12.80263317525109379, 5.601404466820938843, -0.5009999999999996678 ) ) ;
#2628 = CARTESIAN_POINT ( 'NONE',  ( 16.00000000000000000, 5.999999999999995559, 7.000000000000000888 ) ) ;
#2629 = EDGE_CURVE ( 'NONE', #1377, #1437, #924, .T. ) ;
#2630 = CARTESIAN_POINT ( 'NONE',  ( 13.28632677955678254, 4.444444444444442865, -0.001000000000000024307 ) ) ;
#2631 = VERTEX_POINT ( 'NONE', #2735 ) ;
#2632 = DIRECTION ( 'NONE',  ( 0.000000000000000000, 1.000000000000000000, 0.000000000000000000 ) ) ;
#2633 = DIRECTION ( 'NONE',  ( 0.000000000000000000, 1.000000000000000000, 0.000000000000000000 ) ) ;
#2634 = PRODUCT_DEFINITION_FORMATION_WITH_SPECIFIED_SOURCE ( 'ANY', '', #528, .NOT_KNOWN. ) ;
#2635 =( LENGTH_UNIT ( ) NAMED_UNIT ( * ) SI_UNIT ( .MILLI., .METRE. ) );
#2636 = CARTESIAN_POINT ( 'NONE',  ( -16.00000000000000000, -5.000000000000000000, 7.000000000000000888 ) ) ;
#2637 = CIRCLE ( 'NONE', #2128, 1.800000000000000044 ) ;
#2638 = ORIENTED_EDGE ( 'NONE', *, *, #1852, .T. ) ;
#2639 = EDGE_CURVE ( 'NONE', #2692, #1235, #1218, .T. ) ;
#2640 = DIRECTION ( 'NONE',  ( -0.000000000000000000, -0.000000000000000000, 1.000000000000000000 ) ) ;
#2641 = CARTESIAN_POINT ( 'NONE',  ( 3.469446951953614189E-15, -8.673617379884035472E-16, -1.000000000000000000 ) ) ;
#2642 = VERTEX_POINT ( 'NONE', #112 ) ;
#2643 = VERTEX_POINT ( 'NONE', #2749 ) ;
#2644 = DIRECTION ( 'NONE',  ( 0.000000000000000000, 4.334641369257388842E-16, -1.000000000000000000 ) ) ;
#2645 = CARTESIAN_POINT ( 'NONE',  ( 0.000000000000000000, 5.999999999999994671, 8.125000000000001776 ) ) ;
#2646 = EDGE_CURVE ( 'NONE', #458, #2244, #47, .T. ) ;
#2647 = VECTOR ( 'NONE', #1252, 1000.000000000000000 ) ;
#2648 = ORIENTED_EDGE ( 'NONE', *, *, #459, .F. ) ;
#2649 = DIRECTION ( 'NONE',  ( -0.000000000000000000, 0.000000000000000000, 1.000000000000000000 ) ) ;
#2650 = DIRECTION ( 'NONE',  ( 1.000000000000000000, 1.387778780781444492E-15, 0.000000000000000000 ) ) ;
#2651 = ORIENTED_EDGE ( 'NONE', *, *, #1224, .F. ) ;
#2652 = CARTESIAN_POINT ( 'NONE',  ( -13.51370295957306311, -4.000000000000001776, -0.001000000000000182817 ) ) ;
#2653 = CARTESIAN_POINT ( 'NONE',  ( -11.00000000000000000, -6.000000000000000000, 0.000000000000000000 ) ) ;
#2654 = ORIENTED_EDGE ( 'NONE', *, *, #2363, .F. ) ;
#2655 = CARTESIAN_POINT ( 'NONE',  ( 13.28632677955678254, 4.444444444444442865, -0.5010000000000001119 ) ) ;
#2656 = EDGE_CURVE ( 'NONE', #2015, #161, #1429, .T. ) ;
#2657 = AXIS2_PLACEMENT_3D ( 'NONE', #32, #2664, #2463 ) ;
#2658 = CIRCLE ( 'NONE', #1427, 0.6250000000000001110 ) ;
#2659 = EDGE_CURVE ( 'NONE', #1679, #256, #2066, .T. ) ;
#2660 = ORIENTED_EDGE ( 'NONE', *, *, #1156, .T. ) ;
#2661 = CARTESIAN_POINT ( 'NONE',  ( -13.61694813396265502, 5.999999999999998224, -0.0009999999999999158867 ) ) ;
#2662 = CARTESIAN_POINT ( 'NONE',  ( -8.891709621889370752, 3.999999999999986233, 27.57716446627535234 ) ) ;
#2663 = EDGE_CURVE ( 'NONE', #1643, #1719, #2302, .T. ) ;
#2664 = DIRECTION ( 'NONE',  ( -0.000000000000000000, 0.000000000000000000, 1.000000000000000000 ) ) ;
#2665 = DIRECTION ( 'NONE',  ( -0.000000000000000000, -0.000000000000000000, 1.000000000000000000 ) ) ;
#2666 = AXIS2_PLACEMENT_3D ( 'NONE', #1085, #2413, #2200 ) ;
#2667 = ORIENTED_EDGE ( 'NONE', *, *, #812, .F. ) ;
#2668 = ORIENTED_EDGE ( 'NONE', *, *, #536, .T. ) ;
#2669 = CARTESIAN_POINT ( 'NONE',  ( 0.000000000000000000, 0.000000000000000000, -0.001000000000000000021 ) ) ;
#2670 = AXIS2_PLACEMENT_3D ( 'NONE', #176, #387, #2551 ) ;
#2671 = CARTESIAN_POINT ( 'NONE',  ( 0.000000000000000000, 0.000000000000000000, -2.000000000000000000 ) ) ;
#2672 = ORIENTED_EDGE ( 'NONE', *, *, #2834, .F. ) ;
#2673 = DIRECTION ( 'NONE',  ( 0.000000000000000000, 1.000000000000000000, 0.000000000000000000 ) ) ;
#2674 = CARTESIAN_POINT ( 'NONE',  ( 13.17812013441747432, 3.999999999999997335, -0.0009999999999997469680 ) ) ;
#2675 = ADVANCED_FACE ( 'NONE', ( #2081 ), #849, .F. ) ;
#2676 = ORIENTED_EDGE ( 'NONE', *, *, #2398, .F. ) ;
#2677 = ORIENTED_EDGE ( 'NONE', *, *, #2748, .F. ) ;
#2678 = VECTOR ( 'NONE', #2140, 1000.000000000000000 ) ;
#2679 = CARTESIAN_POINT ( 'NONE',  ( 14.50000000000000178, -6.000000000000000000, 2.000000000000000000 ) ) ;
#2680 = PLANE ( 'NONE',  #644 ) ;
#2681 = EDGE_CURVE ( 'NONE', #2271, #1562, #2452, .T. ) ;
#2682 = DIRECTION ( 'NONE',  ( -0.000000000000000000, -0.000000000000000000, -1.000000000000000000 ) ) ;
#2683 = DIRECTION ( 'NONE',  ( 0.000000000000000000, 0.000000000000000000, -1.000000000000000000 ) ) ;
#2684 = AXIS2_PLACEMENT_3D ( 'NONE', #950, #1818, #2705 ) ;
#2685 = EDGE_LOOP ( 'NONE', ( #921, #2538, #2410, #664 ) ) ;
#2686 = CARTESIAN_POINT ( 'NONE',  ( 3.469446951953614189E-15, -8.673617379884035472E-16, -1.000000000000000000 ) ) ;
#2687 = CARTESIAN_POINT ( 'NONE',  ( -13.61694813396265147, -6.000000000000000000, -0.001000000000000000021 ) ) ;
#2688 = AXIS2_PLACEMENT_3D ( 'NONE', #2171, #2610, #1726 ) ;
#2689 = LINE ( 'NONE', #1636, #1989 ) ;
#2690 = DIRECTION ( 'NONE',  ( -0.000000000000000000, 0.000000000000000000, 1.000000000000000000 ) ) ;
#2691 = AXIS2_PLACEMENT_3D ( 'NONE', #2601, #2799, #1717 ) ;
#2692 = VERTEX_POINT ( 'NONE', #2267 ) ;
#2693 = CARTESIAN_POINT ( 'NONE',  ( -11.00000000000000000, -6.000000000000000000, 7.500000000000001776 ) ) ;
#2694 = DIRECTION ( 'NONE',  ( 0.000000000000000000, -1.000000000000000000, -4.003208021484940511E-16 ) ) ;
#2695 = ORIENTED_EDGE ( 'NONE', *, *, #2170, .F. ) ;
#2696 = DIRECTION ( 'NONE',  ( 0.000000000000000000, 0.000000000000000000, -1.000000000000000000 ) ) ;
#2697 = DIRECTION ( 'NONE',  ( -0.000000000000000000, -0.000000000000000000, -1.000000000000000000 ) ) ;
#2698 = AXIS2_PLACEMENT_3D ( 'NONE', #199, #1247, #598 ) ;
#2699 = EDGE_CURVE ( 'NONE', #2642, #2127, #1537, .T. ) ;
#2700 = VERTEX_POINT ( 'NONE', #706 ) ;
#2701 = DIRECTION ( 'NONE',  ( -0.4581228472908506766, 0.8888888888888891726, 0.000000000000000000 ) ) ;
#2702 = CARTESIAN_POINT ( 'NONE',  ( 13.28632677955619634, 5.555555555555857339, -0.5010000000000001119 ) ) ;
#2703 = ORIENTED_EDGE ( 'NONE', *, *, #530, .T. ) ;
#2704 = ADVANCED_FACE ( 'NONE', ( #2719 ), #291, .F. ) ;
#2705 = DIRECTION ( 'NONE',  ( -1.000000000000000000, 0.000000000000000000, 0.000000000000000000 ) ) ;
#2706 = CARTESIAN_POINT ( 'NONE',  ( -11.00000000000000000, 8.000000000000000000, -0.001000000000000000021 ) ) ;
#2707 = ADVANCED_FACE ( 'NONE', ( #1170 ), #2485, .F. ) ;
#2708 = EDGE_LOOP ( 'NONE', ( #214, #1317, #922, #716 ) ) ;
#2709 = DIRECTION ( 'NONE',  ( -0.000000000000000000, -1.000000000000000000, -4.003208021484940511E-16 ) ) ;
#2710 = AXIS2_PLACEMENT_3D ( 'NONE', #901, #1745, #889 ) ;
#2711 = EDGE_CURVE ( 'NONE', #867, #1245, #2689, .T. ) ;
#2712 = AXIS2_PLACEMENT_3D ( 'NONE', #1191, #2696, #286 ) ;
#2713 = ORIENTED_EDGE ( 'NONE', *, *, #1456, .T. ) ;
#2714 = CARTESIAN_POINT ( 'NONE',  ( 8.755177107892444965, -4.000000000000000000, 2.000000000000000444 ) ) ;
#2715 = CARTESIAN_POINT ( 'NONE',  ( -16.00000000000000000, 5.999999999999998224, -0.0009999999999999158867 ) ) ;
#2716 = VERTEX_POINT ( 'NONE', #540 ) ;
#2717 = CARTESIAN_POINT ( 'NONE',  ( 8.616843969807046477, 3.999999999999997335, 2.000000000000000000 ) ) ;
#2718 = CARTESIAN_POINT ( 'NONE',  ( 12.64814348681306910, 5.999999999999998224, -0.0009999999999999158867 ) ) ;
#2719 = FACE_OUTER_BOUND ( 'NONE', #1591, .T. ) ;
#2720 = CIRCLE ( 'NONE', #2759, 1.174999999999998934 ) ;
#2721 = FACE_OUTER_BOUND ( 'NONE', #1032, .T. ) ;
#2722 = ORIENTED_EDGE ( 'NONE', *, *, #639, .F. ) ;
#2723 = DIRECTION ( 'NONE',  ( -0.000000000000000000, -0.000000000000000000, -1.000000000000000000 ) ) ;
#2724 = AXIS2_PLACEMENT_3D ( 'NONE', #1077, #1971, #2827 ) ;
#2725 = CARTESIAN_POINT ( 'NONE',  ( -1.799999999999996492, -6.469253141418799650E-16, 0.000000000000000000 ) ) ;
#2726 = CARTESIAN_POINT ( 'NONE',  ( -13.00000000000000178, 4.999999999999999112, -0.001000000000000024307 ) ) ;
#2727 = ORIENTED_EDGE ( 'NONE', *, *, #2159, .F. ) ;
#2728 = DIRECTION ( 'NONE',  ( 0.000000000000000000, 1.000000000000000000, 0.000000000000000000 ) ) ;
#2729 = CARTESIAN_POINT ( 'NONE',  ( -13.00000000000000178, 4.999999999999999112, 0.4989999999999998881 ) ) ;
#2730 = DIRECTION ( 'NONE',  ( -0.000000000000000000, 0.000000000000000000, 1.000000000000000000 ) ) ;
#2731 = DIRECTION ( 'NONE',  ( 0.000000000000000000, 0.000000000000000000, 1.000000000000000000 ) ) ;
#2732 = AXIS2_PLACEMENT_3D ( 'NONE', #1870, #2509, #116 ) ;
#2733 = AXIS2_PLACEMENT_3D ( 'NONE', #637, #1516, #2825 ) ;
#2734 = ORIENTED_EDGE ( 'NONE', *, *, #312, .F. ) ;
#2735 = CARTESIAN_POINT ( 'NONE',  ( 10.99999999999999822, 11.00000000000000000, 2.000000000000000000 ) ) ;
#2736 = DIRECTION ( 'NONE',  ( 1.000000000000000000, 0.000000000000000000, 0.000000000000000000 ) ) ;
#2737 = CARTESIAN_POINT ( 'NONE',  ( 13.51538820320221213, 5.999999999999998224, -0.0009999999999999158867 ) ) ;
#2738 = EDGE_CURVE ( 'NONE', #2204, #2833, #2241, .T. ) ;
#2739 = VERTEX_POINT ( 'NONE', #2296 ) ;
#2740 = PLANE ( 'NONE',  #1709 ) ;
#2741 = CARTESIAN_POINT ( 'NONE',  ( -14.50000000000000000, -6.000011999999999901, 7.000000000000000888 ) ) ;
#2742 = CIRCLE ( 'NONE', #1506, 9.750000000000001776 ) ;
#2743 = ORIENTED_EDGE ( 'NONE', *, *, #968, .T. ) ;
#2744 = FACE_OUTER_BOUND ( 'NONE', #1751, .T. ) ;
#2745 = DIRECTION ( 'NONE',  ( -1.000000000000000000, -7.885106708985487801E-17, -0.000000000000000000 ) ) ;
#2746 = ADVANCED_FACE ( 'NONE', ( #935, #2020 ), #67, .F. ) ;
#2747 = ORIENTED_EDGE ( 'NONE', *, *, #2236, .F. ) ;
#2748 = EDGE_CURVE ( 'NONE', #1930, #785, #2818, .T. ) ;
#2749 = CARTESIAN_POINT ( 'NONE',  ( -13.99999999999999822, -5.000000000000000000, 7.500000000000001776 ) ) ;
#2750 = PLANE ( 'NONE',  #1016 ) ;
#2751 = CARTESIAN_POINT ( 'NONE',  ( 0.000000000000000000, 0.000000000000000000, 2.000000000000000000 ) ) ;
#2752 = MECHANICAL_DESIGN_GEOMETRIC_PRESENTATION_REPRESENTATION (  '', ( #1830 ), #1250 ) ;
#2753 = EDGE_LOOP ( 'NONE', ( #2103, #1648, #908, #1183 ) ) ;
#2754 = CARTESIAN_POINT ( 'NONE',  ( -8.891709621889367199, 3.999999999999998224, -0.001000000000000000021 ) ) ;
#2755 = DIRECTION ( 'NONE',  ( 0.000000000000000000, -0.000000000000000000, -1.000000000000000000 ) ) ;
#2756 = ORIENTED_EDGE ( 'NONE', *, *, #1366, .T. ) ;
#2757 = CARTESIAN_POINT ( 'NONE',  ( 13.43679585110088581, -6.000000000000000000, -0.001000000000000024307 ) ) ;
#2758 = DIRECTION ( 'NONE',  ( 0.000000000000000000, -6.938893903907222461E-16, 1.000000000000000000 ) ) ;
#2759 = AXIS2_PLACEMENT_3D ( 'NONE', #1998, #2259, #2286 ) ;
#2760 = ORIENTED_EDGE ( 'NONE', *, *, #361, .T. ) ;
#2761 = EDGE_CURVE ( 'NONE', #2763, #2127, #1212, .T. ) ;
#2762 = CIRCLE ( 'NONE', #2670, 1.174999999999998934 ) ;
#2763 = VERTEX_POINT ( 'NONE', #2457 ) ;
#2764 = PLANE ( 'NONE',  #1609 ) ;
#2765 = CARTESIAN_POINT ( 'NONE',  ( -14.00000000000000000, -4.000000000000000000, 7.000000000000000888 ) ) ;
#2766 = EDGE_CURVE ( 'NONE', #1054, #1127, #736, .T. ) ;
#2767 = AXIS2_PLACEMENT_3D ( 'NONE', #1637, #321, #1213 ) ;
#2768 = VERTEX_POINT ( 'NONE', #80 ) ;
#2769 = DIRECTION ( 'NONE',  ( 1.000000000000000000, 0.000000000000000000, 0.000000000000000000 ) ) ;
#2770 = ORIENTED_EDGE ( 'NONE', *, *, #1887, .F. ) ;
#2771 = CARTESIAN_POINT ( 'NONE',  ( -14.50000000000000000, -6.000000000000000000, 7.000000000000000888 ) ) ;
#2772 = ORIENTED_EDGE ( 'NONE', *, *, #573, .T. ) ;
#2773 = DIRECTION ( 'NONE',  ( 0.000000000000000000, 1.000000000000000000, 4.003208021484940511E-16 ) ) ;
#2774 = CARTESIAN_POINT ( 'NONE',  ( 13.28632677955678432, -4.444444444444443754, -0.5010000000000001119 ) ) ;
#2775 = EDGE_CURVE ( 'NONE', #412, #1616, #1584, .T. ) ;
#2776 = AXIS2_PLACEMENT_3D ( 'NONE', #2514, #2281, #2048 ) ;
#2777 = EDGE_CURVE ( 'NONE', #1320, #12, #1628, .T. ) ;
#2778 = ORIENTED_EDGE ( 'NONE', *, *, #671, .T. ) ;
#2779 = CARTESIAN_POINT ( 'NONE',  ( -16.00000000000000000, 0.000000000000000000, 0.000000000000000000 ) ) ;
#2780 = CARTESIAN_POINT ( 'NONE',  ( -12.32500000000000284, -4.999999999999999112, 2.499000000000000110 ) ) ;
#2781 = EDGE_LOOP ( 'NONE', ( #293, #578, #681, #2743 ) ) ;
#2782 = CARTESIAN_POINT ( 'NONE',  ( 12.48461179679779143, -4.000000000000000000, -0.001000000000000024307 ) ) ;
#2783 = VERTEX_POINT ( 'NONE', #1624 ) ;
#2784 = LINE ( 'NONE', #178, #615 ) ;
#2785 = ORIENTED_EDGE ( 'NONE', *, *, #2037, .T. ) ;
#2786 = DIRECTION ( 'NONE',  ( 1.000000000000000000, 0.000000000000000000, 0.000000000000000000 ) ) ;
#2787 = CARTESIAN_POINT ( 'NONE',  ( 9.165151389911683211, -3.999999999999998224, 0.000000000000000000 ) ) ;
#2788 = TOROIDAL_SURFACE ( 'NONE', #1906, 1.174999999999999378, 0.5000000000000000000 ) ;
#2789 = ADVANCED_FACE ( 'NONE', ( #1847 ), #1802, .F. ) ;
#2790 = ORIENTED_EDGE ( 'NONE', *, *, #850, .F. ) ;
#2791 = CARTESIAN_POINT ( 'NONE',  ( 16.00000000000000000, 0.000000000000000000, 0.000000000000000000 ) ) ;
#2792 = ADVANCED_FACE ( 'NONE', ( #1386 ), #662, .T. ) ;
#2793 = CARTESIAN_POINT ( 'NONE',  ( 9.000000000000000000, 5.999999999999998224, 1.000000000000000000 ) ) ;
#2794 = ORIENTED_EDGE ( 'NONE', *, *, #2250, .T. ) ;
#2795 = FACE_OUTER_BOUND ( 'NONE', #926, .T. ) ;
#2796 = DIRECTION ( 'NONE',  ( 1.000000000000000000, 0.000000000000000000, 0.000000000000000000 ) ) ;
#2797 = ADVANCED_FACE ( 'NONE', ( #1595 ), #90, .F. ) ;
#2798 = VERTEX_POINT ( 'NONE', #1204 ) ;
#2799 = DIRECTION ( 'NONE',  ( 0.000000000000000000, -1.000000000000000000, -4.334641369257388842E-16 ) ) ;
#2800 = CARTESIAN_POINT ( 'NONE',  ( -12.58912654706798762, -6.000000000000001776, 0.007769918293914700527 ) ) ;
#2801 = ORIENTED_EDGE ( 'NONE', *, *, #71, .F. ) ;
#2802 = VECTOR ( 'NONE', #30, 1000.000000000000000 ) ;
#2803 = AXIS2_PLACEMENT_3D ( 'NONE', #1018, #2566, #147 ) ;
#2804 = CARTESIAN_POINT ( 'NONE',  ( 16.00000000000000000, 3.999999999999997335, 2.000000000000000000 ) ) ;
#2805 = B_SPLINE_CURVE_WITH_KNOTS ( 'NONE', 3,
 ( #1903, #2158, #1474, #807, #383, #2774 ),
 .UNSPECIFIED., .F., .F.,
 ( 4, 2, 4 ),
 ( 0.000000000000000000, 0.0002984419316848454682, 0.0005968838633696909365 ),
 .UNSPECIFIED. ) ;
#2806 = DIRECTION ( 'NONE',  ( -0.000000000000000000, -0.000000000000000000, 1.000000000000000000 ) ) ;
#2807 = CIRCLE ( 'NONE', #323, 1.174999999999998934 ) ;
#2808 = EDGE_LOOP ( 'NONE', ( #2300, #904, #1132, #1860 ) ) ;
#2809 = AXIS2_PLACEMENT_3D ( 'NONE', #2007, #2842, #440 ) ;
#2810 = CARTESIAN_POINT ( 'NONE',  ( 13.00000000000000178, 4.999999999999999112, -0.5010000000000001119 ) ) ;
#2811 = ORIENTED_EDGE ( 'NONE', *, *, #2263, .F. ) ;
#2812 = PLANE ( 'NONE',  #762 ) ;
#2813 = VECTOR ( 'NONE', #2308, 1000.000000000000000 ) ;
#2814 = ORIENTED_EDGE ( 'NONE', *, *, #1013, .T. ) ;
#2815 = CARTESIAN_POINT ( 'NONE',  ( 13.21671062408208996, -5.589020952324975866, -0.06113317164533203785 ) ) ;
#2816 = CARTESIAN_POINT ( 'NONE',  ( 9.375000000000000000, 7.999999999999996447, 1.500000000000000888 ) ) ;
#2817 = DIRECTION ( 'NONE',  ( 0.000000000000000000, -0.000000000000000000, -1.000000000000000000 ) ) ;
#2818 = CIRCLE ( 'NONE', #2684, 1.575000000000000178 ) ;
#2819 = CARTESIAN_POINT ( 'NONE',  ( -9.375000000000000000, 7.999999999999996447, 1.500000000000000888 ) ) ;
#2820 = LINE ( 'NONE', #633, #4 ) ;
#2821 = VECTOR ( 'NONE', #1768, 1000.000000000000000 ) ;
#2822 = ORIENTED_EDGE ( 'NONE', *, *, #511, .T. ) ;
#2823 = ORIENTED_EDGE ( 'NONE', *, *, #2497, .F. ) ;
#2824 = CARTESIAN_POINT ( 'NONE',  ( 13.99999999999999822, 3.999999999999997335, 9.000000000000001776 ) ) ;
#2825 = DIRECTION ( 'NONE',  ( 0.000000000000000000, 0.000000000000000000, -1.000000000000000000 ) ) ;
#2826 = ORIENTED_EDGE ( 'NONE', *, *, #1396, .F. ) ;
#2827 = DIRECTION ( 'NONE',  ( 0.4581228472908541183, -0.8888888888888873963, 0.000000000000000000 ) ) ;
#2828 = CARTESIAN_POINT ( 'NONE',  ( 12.48461179679792821, 5.999999999999998224, -0.001000000000000024307 ) ) ;
#2829 = CARTESIAN_POINT ( 'NONE',  ( 12.94230485473656955, 4.374989958663633161, -0.09783330445576587930 ) ) ;
#2830 = ORIENTED_EDGE ( 'NONE', *, *, #1833, .T. ) ;
#2831 = CARTESIAN_POINT ( 'NONE',  ( 16.00000000000000000, 0.000000000000000000, 0.000000000000000000 ) ) ;
#2832 = DIRECTION ( 'NONE',  ( 0.000000000000000000, -1.000000000000000000, 0.000000000000000000 ) ) ;
#2833 = VERTEX_POINT ( 'NONE', #811 ) ;
#2834 = EDGE_CURVE ( 'NONE', #2617, #1563, #2360, .T. ) ;
#2835 = CARTESIAN_POINT ( 'NONE',  ( 13.09919743226565991, -4.380953452742275545, -0.4882289963552259859 ) ) ;
#2836 = CARTESIAN_POINT ( 'NONE',  ( 13.00000000000000178, -4.999999999999999112, -0.5010000000000001119 ) ) ;
#2837 = ORIENTED_EDGE ( 'NONE', *, *, #1392, .T. ) ;
#2838 = DIRECTION ( 'NONE',  ( 0.000000000000000000, -0.000000000000000000, -1.000000000000000000 ) ) ;
#2839 = CARTESIAN_POINT ( 'NONE',  ( 13.00000000000000178, -4.999999999999999112, -2.001000000000000334 ) ) ;
#2840 = AXIS2_PLACEMENT_3D ( 'NONE', #2671, #656, #2005 ) ;
#2841 = AXIS2_PLACEMENT_3D ( 'NONE', #796, #783, #1698 ) ;
#2842 = DIRECTION ( 'NONE',  ( 0.000000000000000000, -1.000000000000000000, -4.334641369257388842E-16 ) ) ;
#2843 = ORIENTED_EDGE ( 'NONE', *, *, #212, .T. ) ;
#2844 = ORIENTED_EDGE ( 'NONE', *, *, #2845, .F. ) ;
#2845 = EDGE_CURVE ( 'NONE', #1023, #2588, #590, .T. ) ;
#2846 = ORIENTED_EDGE ( 'NONE', *, *, #1892, .F. ) ;
ENDSEC;
END-ISO-10303-21;
