ISO-10303-21;
HEADER;
FILE_DESCRIPTION (( 'STEP AP214' ),
    '1' );
FILE_NAME ('P001-B100_SquareDynamo_Rev2D-9.STEP',
    '2026-04-24T23:22:49',
    ( '' ),
    ( '' ),
    'SwSTEP 2.0',
    'SolidWorks 2026',
    '' );
FILE_SCHEMA (( 'AUTOMOTIVE_DESIGN' ));
ENDSEC;

DATA;
#1 = FACE_OUTER_BOUND ( 'NONE', #921, .T. ) ;
#2 = FACE_OUTER_BOUND ( 'NONE', #2229, .T. ) ;
#3 = CARTESIAN_POINT ( 'NONE',  ( 0.000000000000000000, 3.999999999999994671, 3.250000000000004885 ) ) ;
#4 = VECTOR ( 'NONE', #546, 1000.000000000000000 ) ;
#5 = EDGE_CURVE ( 'NONE', #2586, #2023, #1186, .T. ) ;
#6 = VERTEX_POINT ( 'NONE', #2807 ) ;
#7 = DIRECTION ( 'NONE',  ( -0.000000000000000000, 0.000000000000000000, -1.000000000000000000 ) ) ;
#8 = EDGE_CURVE ( 'NONE', #1948, #2458, #2843, .T. ) ;
#9 = ORIENTED_EDGE ( 'NONE', *, *, #2080, .T. ) ;
#10 = PLANE ( 'NONE',  #2273 ) ;
#11 = CARTESIAN_POINT ( 'NONE',  ( 13.08987200341105250, 4.000000000000005329, -12.00000000000000000 ) ) ;
#12 = CARTESIAN_POINT ( 'NONE',  ( 13.43628195711677442, -4.000000000000000000, -12.00000000000000000 ) ) ;
#13 = DIRECTION ( 'NONE',  ( 0.000000000000000000, 0.000000000000000000, -1.000000000000000000 ) ) ;
#14 = DIRECTION ( 'NONE',  ( -0.000000000000000000, -0.000000000000000000, 1.000000000000000000 ) ) ;
#15 = CARTESIAN_POINT ( 'NONE',  ( -8.616843969807041148, -6.000000000000000000, 29.69848480983499783 ) ) ;
#16 = VECTOR ( 'NONE', #2090, 1000.000000000000000 ) ;
#17 = ADVANCED_FACE ( 'NONE', ( #2131 ), #1318, .T. ) ;
#18 = CIRCLE ( 'NONE', #197, 0.6250000000000005551 ) ;
#19 = ORIENTED_EDGE ( 'NONE', *, *, #1766, .F. ) ;
#20 = PLANE ( 'NONE',  #1985 ) ;
#21 = VERTEX_POINT ( 'NONE', #782 ) ;
#22 = DIRECTION ( 'NONE',  ( 0.000000000000000000, -0.000000000000000000, -1.000000000000000000 ) ) ;
#23 = DIRECTION ( 'NONE',  ( 0.000000000000000000, 1.000000000000000000, 0.000000000000000000 ) ) ;
#24 = DIRECTION ( 'NONE',  ( -1.000000000000000000, -0.000000000000000000, -0.000000000000000000 ) ) ;
#25 = ORIENTED_EDGE ( 'NONE', *, *, #448, .T. ) ;
#26 = ORIENTED_EDGE ( 'NONE', *, *, #1441, .F. ) ;
#27 = FACE_OUTER_BOUND ( 'NONE', #1980, .T. ) ;
#28 = DIRECTION ( 'NONE',  ( -0.000000000000000000, 0.000000000000000000, -1.000000000000000000 ) ) ;
#29 = DIRECTION ( 'NONE',  ( 0.000000000000000000, -6.938893903907227392E-16, 1.000000000000000000 ) ) ;
#30 = AXIS2_PLACEMENT_3D ( 'NONE', #564, #2143, #1260 ) ;
#31 = EDGE_CURVE ( 'NONE', #424, #2820, #2563, .T. ) ;
#32 = ORIENTED_EDGE ( 'NONE', *, *, #1986, .T. ) ;
#33 = CARTESIAN_POINT ( 'NONE',  ( -9.708243919473797945, -4.000000000000000000, -12.00000000000000000 ) ) ;
#34 = ORIENTED_EDGE ( 'NONE', *, *, #2668, .T. ) ;
#35 = CARTESIAN_POINT ( 'NONE',  ( 0.000000000000000000, 0.000000000000000000, 0.000000000000000000 ) ) ;
#36 = CARTESIAN_POINT ( 'NONE',  ( 12.71367322044321746, -4.444444444444443754, -12.50000000000000000 ) ) ;
#37 = AXIS2_PLACEMENT_3D ( 'NONE', #244, #697, #2256 ) ;
#38 = CARTESIAN_POINT ( 'NONE',  ( 8.616843969807048254, -6.000000000000000000, -12.00000000000000000 ) ) ;
#39 = ORIENTED_EDGE ( 'NONE', *, *, #1835, .T. ) ;
#40 = VERTEX_POINT ( 'NONE', #2145 ) ;
#41 = VECTOR ( 'NONE', #472, 1000.000000000000000 ) ;
#42 = CYLINDRICAL_SURFACE ( 'NONE', #2236, 2.000000000000000000 ) ;
#43 = CARTESIAN_POINT ( 'NONE',  ( -13.00000000000000178, 4.999999999999999112, -9.500000000000000000 ) ) ;
#44 = DIRECTION ( 'NONE',  ( -0.000000000000000000, 1.000000000000000000, 4.003208021484941004E-16 ) ) ;
#45 = ORIENTED_EDGE ( 'NONE', *, *, #2106, .T. ) ;
#46 = DIRECTION ( 'NONE',  ( 7.885106708985487801E-17, -1.000000000000000000, 0.000000000000000000 ) ) ;
#47 = EDGE_LOOP ( 'NONE', ( #667, #1164, #968, #1130, #468 ) ) ;
#48 = CARTESIAN_POINT ( 'NONE',  ( 11.00000000000000000, -6.000000000000000000, -12.00000000000000000 ) ) ;
#49 = DIRECTION ( 'NONE',  ( -1.000000000000000000, 0.000000000000000000, 0.000000000000000000 ) ) ;
#50 = VECTOR ( 'NONE', #1863, 1000.000000000000000 ) ;
#51 = LINE ( 'NONE', #1118, #1303 ) ;
#52 = EDGE_LOOP ( 'NONE', ( #2302, #776, #358, #2197 ) ) ;
#53 = ORIENTED_EDGE ( 'NONE', *, *, #1081, .F. ) ;
#54 = CARTESIAN_POINT ( 'NONE',  ( 16.00000000000000000, -4.000000000000000000, -11.99999999999999645 ) ) ;
#55 = CARTESIAN_POINT ( 'NONE',  ( 14.12500000000000178, 4.999999999999999112, -12.50000000000000000 ) ) ;
#56 = CARTESIAN_POINT ( 'NONE',  ( 14.00000000000000000, 0.000000000000000000, 9.000000000000001776 ) ) ;
#57 = AXIS2_PLACEMENT_3D ( 'NONE', #2457, #2472, #1378 ) ;
#58 = ORIENTED_EDGE ( 'NONE', *, *, #2378, .T. ) ;
#59 = EDGE_CURVE ( 'NONE', #1180, #1394, #1548, .T. ) ;
#60 = EDGE_CURVE ( 'NONE', #2071, #40, #1641, .T. ) ;
#61 = ORIENTED_EDGE ( 'NONE', *, *, #2353, .T. ) ;
#62 = CARTESIAN_POINT ( 'NONE',  ( 3.469446951953614189E-15, -8.673617379884035472E-16, 29.69848480983499783 ) ) ;
#63 = DIRECTION ( 'NONE',  ( -1.826024711554533420E-16, -0.000000000000000000, 1.000000000000000000 ) ) ;
#64 = CARTESIAN_POINT ( 'NONE',  ( 0.000000000000000000, 0.000000000000000000, -14.00000000000000000 ) ) ;
#65 = ORIENTED_EDGE ( 'NONE', *, *, #953, .F. ) ;
#66 = ORIENTED_EDGE ( 'NONE', *, *, #267, .F. ) ;
#67 = EDGE_CURVE ( 'NONE', #215, #693, #1234, .T. ) ;
#68 = DIRECTION ( 'NONE',  ( -0.000000000000000000, 1.000000000000000000, 4.003208021484941004E-16 ) ) ;
#69 = FACE_OUTER_BOUND ( 'NONE', #398, .T. ) ;
#70 = VECTOR ( 'NONE', #305, 1000.000000000000000 ) ;
#71 = VECTOR ( 'NONE', #2000, 1000.000000000000000 ) ;
#72 = ORIENTED_EDGE ( 'NONE', *, *, #953, .T. ) ;
#73 = DIRECTION ( 'NONE',  ( -0.000000000000000000, -0.000000000000000000, -1.000000000000000000 ) ) ;
#74 = CIRCLE ( 'NONE', #253, 1.174999999999998934 ) ;
#75 = ORIENTED_EDGE ( 'NONE', *, *, #625, .T. ) ;
#76 = CARTESIAN_POINT ( 'NONE',  ( 0.000000000000000000, 0.000000000000000000, 9.000000000000001776 ) ) ;
#77 = AXIS2_PLACEMENT_3D ( 'NONE', #2369, #2324, #1872 ) ;
#78 = CARTESIAN_POINT ( 'NONE',  ( 12.71367322044322457, 5.555555555555558023, -12.50000000000000000 ) ) ;
#79 = CYLINDRICAL_SURFACE ( 'NONE', #241, 0.6749999999999984901 ) ;
#80 = ORIENTED_EDGE ( 'NONE', *, *, #2113, .T. ) ;
#81 = ORIENTED_EDGE ( 'NONE', *, *, #2559, .F. ) ;
#82 = CARTESIAN_POINT ( 'NONE',  ( -16.00000000000000000, -6.000000000000000000, -12.00000000000000000 ) ) ;
#83 = DIRECTION ( 'NONE',  ( 0.000000000000000000, -6.195440985631455317E-17, 1.000000000000000000 ) ) ;
#84 = CARTESIAN_POINT ( 'NONE',  ( -12.58912654706798229, 4.000000000000005329, -11.99123008170608351 ) ) ;
#85 = ORIENTED_EDGE ( 'NONE', *, *, #2389, .F. ) ;
#86 = LINE ( 'NONE', #1228, #4 ) ;
#87 = VERTEX_POINT ( 'NONE', #121 ) ;
#88 = DIRECTION ( 'NONE',  ( 1.000000000000000000, 0.000000000000000000, 0.000000000000000000 ) ) ;
#89 = LINE ( 'NONE', #1177, #2744 ) ;
#90 = TOROIDAL_SURFACE ( 'NONE', #317, 1.125000000000000666, 0.5000000000000000000 ) ;
#91 = AXIS2_PLACEMENT_3D ( 'NONE', #1907, #1876, #2556 ) ;
#92 = VERTEX_POINT ( 'NONE', #980 ) ;
#93 = VERTEX_POINT ( 'NONE', #164 ) ;
#94 = DIRECTION ( 'NONE',  ( 0.000000000000000000, 0.000000000000000000, 1.000000000000000000 ) ) ;
#95 = EDGE_CURVE ( 'NONE', #1581, #1710, #1594, .T. ) ;
#96 = DIRECTION ( 'NONE',  ( -1.000000000000000000, 0.000000000000000000, 0.000000000000000000 ) ) ;
#97 = DIRECTION ( 'NONE',  ( 0.000000000000000000, -0.000000000000000000, -1.000000000000000000 ) ) ;
#98 = VERTEX_POINT ( 'NONE', #768 ) ;
#99 = DIRECTION ( 'NONE',  ( 0.000000000000000000, -1.000000000000000000, 0.000000000000000000 ) ) ;
#100 = ADVANCED_FACE ( 'NONE', ( #2119 ), #1896, .F. ) ;
#101 = ORIENTED_EDGE ( 'NONE', *, *, #433, .T. ) ;
#102 = DIRECTION ( 'NONE',  ( -1.000000000000000000, 0.000000000000000000, 0.000000000000000000 ) ) ;
#103 = FACE_OUTER_BOUND ( 'NONE', #813, .T. ) ;
#104 = CIRCLE ( 'NONE', #2686, 0.6749999999999984901 ) ;
#105 = ORIENTED_EDGE ( 'NONE', *, *, #2746, .F. ) ;
#106 = DIRECTION ( 'NONE',  ( 1.000000000000000000, 0.000000000000000000, 0.000000000000000000 ) ) ;
#107 = CARTESIAN_POINT ( 'NONE',  ( -9.000000000000000000, 6.000000000000005329, -12.00000000000000000 ) ) ;
#108 = CARTESIAN_POINT ( 'NONE',  ( 11.00000000000000000, -6.000000000000000000, -12.00000000000000000 ) ) ;
#109 = DIRECTION ( 'NONE',  ( -0.000000000000000000, -1.000000000000000000, -0.000000000000000000 ) ) ;
#110 = DIRECTION ( 'NONE',  ( 1.000000000000000000, 0.000000000000000000, 0.000000000000000000 ) ) ;
#111 = ORIENTED_EDGE ( 'NONE', *, *, #8, .T. ) ;
#112 = CARTESIAN_POINT ( 'NONE',  ( 14.50000000000000178, -6.000000000000000000, 7.000000000000001776 ) ) ;
#113 = AXIS2_PLACEMENT_3D ( 'NONE', #2665, #2680, #2232 ) ;
#114 = EDGE_CURVE ( 'NONE', #2763, #1526, #1493, .T. ) ;
#115 = ORIENTED_EDGE ( 'NONE', *, *, #1550, .F. ) ;
#116 = LINE ( 'NONE', #344, #588 ) ;
#117 = DIRECTION ( 'NONE',  ( 1.000000000000000000, 0.000000000000000000, 0.000000000000000000 ) ) ;
#118 = TOROIDAL_SURFACE ( 'NONE', #484, 9.500000000000001776, 0.5000000000000000000 ) ;
#119 = AXIS2_PLACEMENT_3D ( 'NONE', #2135, #1642, #589 ) ;
#120 = ORIENTED_EDGE ( 'NONE', *, *, #508, .T. ) ;
#121 = CARTESIAN_POINT ( 'NONE',  ( -16.00000000000000000, -4.000000000000000888, 6.999999999999999112 ) ) ;
#122 = DIRECTION ( 'NONE',  ( 1.000000000000000000, 0.000000000000000000, 0.000000000000000000 ) ) ;
#123 = PLANE ( 'NONE',  #679 ) ;
#124 = DIRECTION ( 'NONE',  ( 1.000000000000000000, 0.000000000000000000, 0.000000000000000000 ) ) ;
#125 = DIRECTION ( 'NONE',  ( 0.000000000000000000, 0.000000000000000000, -1.000000000000000000 ) ) ;
#126 = ORIENTED_EDGE ( 'NONE', *, *, #267, .T. ) ;
#127 = CARTESIAN_POINT ( 'NONE',  ( 13.51538820320221213, -4.000000000000000000, -11.99999999999999645 ) ) ;
#128 = CIRCLE ( 'NONE', #307, 0.5000000000000004441 ) ;
#129 = ORIENTED_EDGE ( 'NONE', *, *, #739, .F. ) ;
#130 = DIRECTION ( 'NONE',  ( 0.000000000000000000, 0.000000000000000000, -1.000000000000000000 ) ) ;
#131 = DIRECTION ( 'NONE',  ( 1.000000000000000000, 0.000000000000000000, 0.000000000000000000 ) ) ;
#132 = ORIENTED_EDGE ( 'NONE', *, *, #2365, .T. ) ;
#133 = ORIENTED_EDGE ( 'NONE', *, *, #1507, .F. ) ;
#134 = ADVANCED_FACE ( 'NONE', ( #2419, #1750 ), #1305, .T. ) ;
#135 = CIRCLE ( 'NONE', #2764, 10.00000000000000178 ) ;
#136 = CARTESIAN_POINT ( 'NONE',  ( -13.51370295957304535, 6.000000000000006217, -12.00000000000000000 ) ) ;
#137 = CARTESIAN_POINT ( 'NONE',  ( 13.00000000000000178, -4.999999999999999112, -12.00000000000000000 ) ) ;
#138 = CARTESIAN_POINT ( 'NONE',  ( 9.099803424317501666, 3.999999999999994227, 1.771398171048351511 ) ) ;
#139 = CARTESIAN_POINT ( 'NONE',  ( 13.24235702543883875, 5.578217048125585720, -12.49999993682065913 ) ) ;
#140 = ORIENTED_EDGE ( 'NONE', *, *, #2024, .T. ) ;
#141 = FACE_OUTER_BOUND ( 'NONE', #1198, .T. ) ;
#142 = VERTEX_POINT ( 'NONE', #655 ) ;
#143 = CARTESIAN_POINT ( 'NONE',  ( -16.00000000000000000, 5.999999999999996447, 2.000000000000003553 ) ) ;
#144 = DIRECTION ( 'NONE',  ( -0.000000000000000000, -0.000000000000000000, 1.000000000000000000 ) ) ;
#145 = ADVANCED_FACE ( 'NONE', ( #670 ), #2633, .F. ) ;
#146 = ADVANCED_FACE ( 'NONE', ( #1777 ), #1102, .T. ) ;
#147 = ADVANCED_FACE ( 'NONE', ( #1984, #432 ), #1117, .F. ) ;
#148 = ORIENTED_EDGE ( 'NONE', *, *, #1373, .T. ) ;
#149 = ORIENTED_EDGE ( 'NONE', *, *, #1339, .T. ) ;
#150 = VECTOR ( 'NONE', #475, 1000.000000000000000 ) ;
#151 = ADVANCED_FACE ( 'NONE', ( #2203 ), #2189, .T. ) ;
#152 = DIRECTION ( 'NONE',  ( -0.000000000000000000, -1.000000000000000000, -0.000000000000000000 ) ) ;
#153 = CARTESIAN_POINT ( 'NONE',  ( 0.000000000000000000, 8.000000000000000000, 2.000000000000000000 ) ) ;
#154 = EDGE_CURVE ( 'NONE', #2126, #913, #1279, .T. ) ;
#155 = CARTESIAN_POINT ( 'NONE',  ( -11.00000000000000000, -6.000000000000000000, 0.000000000000000000 ) ) ;
#156 = CARTESIAN_POINT ( 'NONE',  ( 13.09964470415251370, 4.374999327666583504, -12.48412260580361632 ) ) ;
#157 = ORIENTED_EDGE ( 'NONE', *, *, #2251, .T. ) ;
#158 = DIRECTION ( 'NONE',  ( 1.000000000000000000, 0.000000000000000000, 0.000000000000000000 ) ) ;
#159 = ORIENTED_EDGE ( 'NONE', *, *, #956, .F. ) ;
#160 = CARTESIAN_POINT ( 'NONE',  ( 13.00000000000000178, -4.999999999999999112, -12.50000000000000000 ) ) ;
#161 = AXIS2_PLACEMENT_3D ( 'NONE', #1076, #237, #2595 ) ;
#162 = VECTOR ( 'NONE', #2132, 1000.000000000000000 ) ;
#163 = ORIENTED_EDGE ( 'NONE', *, *, #1214, .T. ) ;
#164 = CARTESIAN_POINT ( 'NONE',  ( -16.00000000000000000, 5.999999999999992895, 7.000000000000000888 ) ) ;
#165 = AXIS2_PLACEMENT_3D ( 'NONE', #363, #553, #2546 ) ;
#166 = CARTESIAN_POINT ( 'NONE',  ( 13.25980385798244932, -4.430774720345382001, -12.03515030620337001 ) ) ;
#167 = FACE_OUTER_BOUND ( 'NONE', #1975, .T. ) ;
#168 = CYLINDRICAL_SURFACE ( 'NONE', #721, 2.000000000000000000 ) ;
#169 = CARTESIAN_POINT ( 'NONE',  ( 0.000000000000000000, 0.000000000000000000, 1.500000000000000000 ) ) ;
#170 = ORIENTED_EDGE ( 'NONE', *, *, #1126, .F. ) ;
#171 = DIRECTION ( 'NONE',  ( 1.000000000000000000, 0.000000000000000000, 0.000000000000000000 ) ) ;
#172 = ORIENTED_EDGE ( 'NONE', *, *, #1881, .T. ) ;
#173 = DIRECTION ( 'NONE',  ( 0.000000000000000000, 0.000000000000000000, 1.000000000000000000 ) ) ;
#174 = CIRCLE ( 'NONE', #2431, 0.6250000000000001110 ) ;
#175 = CARTESIAN_POINT ( 'NONE',  ( -16.00000000000000000, 4.000000000000005329, -11.99999999999999467 ) ) ;
#176 = ORIENTED_EDGE ( 'NONE', *, *, #1767, .F. ) ;
#177 = CARTESIAN_POINT ( 'NONE',  ( 13.51538820320222101, 4.000000000000005329, -12.00000000000000000 ) ) ;
#178 = CIRCLE ( 'NONE', #2530, 10.00000000000000178 ) ;
#179 = CARTESIAN_POINT ( 'NONE',  ( 13.11602640250308838, -4.383546638452944677, -12.09009649580182888 ) ) ;
#180 = EDGE_LOOP ( 'NONE', ( #886, #789, #1106, #838 ) ) ;
#181 = CIRCLE ( 'NONE', #1793, 10.50000000000000000 ) ;
#182 = ADVANCED_FACE ( 'NONE', ( #2215 ), #2473, .F. ) ;
#183 = EDGE_CURVE ( 'NONE', #2371, #1853, #89, .T. ) ;
#184 = DIRECTION ( 'NONE',  ( -0.000000000000000000, -1.000000000000000000, -0.000000000000000000 ) ) ;
#185 = CARTESIAN_POINT ( 'NONE',  ( 13.04973782496039725, 5.625007609860101176, -12.48411938279336830 ) ) ;
#186 = CIRCLE ( 'NONE', #2078, 0.6749999999999984901 ) ;
#187 = VERTEX_POINT ( 'NONE', #286 ) ;
#188 = DIRECTION ( 'NONE',  ( 1.000000000000000000, 0.000000000000000000, 0.000000000000000000 ) ) ;
#189 = ORIENTED_EDGE ( 'NONE', *, *, #666, .T. ) ;
#190 = EDGE_CURVE ( 'NONE', #215, #242, #347, .T. ) ;
#191 = DIRECTION ( 'NONE',  ( -0.000000000000000000, 0.000000000000000000, 1.000000000000000000 ) ) ;
#192 = CARTESIAN_POINT ( 'NONE',  ( 14.50000000000000355, -6.000000000000000000, -12.00000000000000178 ) ) ;
#193 = EDGE_CURVE ( 'NONE', #393, #579, #2689, .T. ) ;
#194 = ORIENTED_EDGE ( 'NONE', *, *, #944, .F. ) ;
#195 = CARTESIAN_POINT ( 'NONE',  ( 12.80490968168438215, 4.404182472614877497, -12.49517745979676953 ) ) ;
#196 = DIRECTION ( 'NONE',  ( -0.000000000000000000, 0.000000000000000000, 1.000000000000000000 ) ) ;
#197 = AXIS2_PLACEMENT_3D ( 'NONE', #1830, #2751, #1155 ) ;
#198 = CARTESIAN_POINT ( 'NONE',  ( -14.17500000000000071, -4.999999999999999112, -12.00000000000000000 ) ) ;
#199 = FACE_OUTER_BOUND ( 'NONE', #1702, .T. ) ;
#200 = DIRECTION ( 'NONE',  ( 1.000000000000000000, 0.000000000000000000, 0.000000000000000000 ) ) ;
#201 = VERTEX_POINT ( 'NONE', #258 ) ;
#202 = DIRECTION ( 'NONE',  ( 0.000000000000000000, -1.000000000000000000, 0.000000000000000000 ) ) ;
#203 = ADVANCED_FACE ( 'NONE', ( #518 ), #2257, .T. ) ;
#204 = ORIENTED_EDGE ( 'NONE', *, *, #2793, .T. ) ;
#205 = CIRCLE ( 'NONE', #1635, 0.6749999999999984901 ) ;
#206 = CARTESIAN_POINT ( 'NONE',  ( 13.28632677955678965, 4.444444444444444642, -12.00000000000000000 ) ) ;
#207 = VECTOR ( 'NONE', #1638, 1000.000000000000000 ) ;
#208 = CARTESIAN_POINT ( 'NONE',  ( 12.71367322044321391, -4.444444444444442865, -12.00000000000000000 ) ) ;
#209 = AXIS2_PLACEMENT_3D ( 'NONE', #2429, #23, #871 ) ;
#210 = CARTESIAN_POINT ( 'NONE',  ( -11.00000000000000000, 10.99999999999999822, 2.000000000000000000 ) ) ;
#211 = EDGE_CURVE ( 'NONE', #2171, #2371, #461, .T. ) ;
#212 = CYLINDRICAL_SURFACE ( 'NONE', #419, 10.00000000000000178 ) ;
#213 = CIRCLE ( 'NONE', #2108, 1.174999999999998934 ) ;
#214 = CARTESIAN_POINT ( 'NONE',  ( 16.00000000000000000, -5.000000000000000000, -12.00000000000000000 ) ) ;
#215 = VERTEX_POINT ( 'NONE', #936 ) ;
#216 = CARTESIAN_POINT ( 'NONE',  ( 12.94230485473700121, -5.625010041336445887, -12.09683330445583671 ) ) ;
#217 = CARTESIAN_POINT ( 'NONE',  ( 16.00000000000000000, -3.999999999999999112, 9.000000000000001776 ) ) ;
#218 = ORIENTED_EDGE ( 'NONE', *, *, #739, .T. ) ;
#219 = CARTESIAN_POINT ( 'NONE',  ( 13.00000000000000178, 4.999999999999999112, -12.50000000000000000 ) ) ;
#220 = CARTESIAN_POINT ( 'NONE',  ( 13.24263963521531018, 4.421928605619254604, -12.49999993464115988 ) ) ;
#221 = CARTESIAN_POINT ( 'NONE',  ( 13.09919743226565991, -4.380953452742275545, -12.48722899635524364 ) ) ;
#222 = CIRCLE ( 'NONE', #1654, 0.5000000000000004441 ) ;
#223 = EDGE_CURVE ( 'NONE', #1629, #142, #1149, .T. ) ;
#224 = B_SPLINE_CURVE_WITH_KNOTS ( 'NONE', 3,
 ( #2339, #367, #1237, #138, #1484, #1685 ),
 .UNSPECIFIED., .F., .F.,
 ( 4, 2, 4 ),
 ( 0.000000000000000000, 0.0004098509389352284100, 0.0008197018778704568201 ),
 .UNSPECIFIED. ) ;
#225 = DIRECTION ( 'NONE',  ( -1.000000000000000000, -0.000000000000000000, -0.000000000000000000 ) ) ;
#226 = FACE_OUTER_BOUND ( 'NONE', #500, .T. ) ;
#227 = CARTESIAN_POINT ( 'NONE',  ( 3.469446951953614189E-15, -8.673617379884035472E-16, -1.000000000000000000 ) ) ;
#228 = CIRCLE ( 'NONE', #2580, 1.125000000000000888 ) ;
#229 = EDGE_LOOP ( 'NONE', ( #2417, #443, #1284, #619 ) ) ;
#230 = CARTESIAN_POINT ( 'NONE',  ( -11.00000000000000000, 10.99999999999999822, 2.000000000000000000 ) ) ;
#231 = EDGE_LOOP ( 'NONE', ( #1968, #2036 ) ) ;
#232 = EDGE_CURVE ( 'NONE', #1389, #1789, #2721, .T. ) ;
#233 = CARTESIAN_POINT ( 'NONE',  ( 3.469446951953614189E-15, -8.673617379884035472E-16, -1.000000000000000000 ) ) ;
#234 = DIRECTION ( 'NONE',  ( -0.4581228472908610017, 0.8888888888888839546, 0.000000000000000000 ) ) ;
#235 = ORIENTED_EDGE ( 'NONE', *, *, #1510, .T. ) ;
#236 = EDGE_CURVE ( 'NONE', #1545, #2237, #2026, .T. ) ;
#237 = DIRECTION ( 'NONE',  ( 0.000000000000000000, -0.000000000000000000, -1.000000000000000000 ) ) ;
#238 = EDGE_CURVE ( 'NONE', #2684, #1836, #2010, .T. ) ;
#239 = CARTESIAN_POINT ( 'NONE',  ( 13.00000000000000178, 4.999999999999999112, -14.00000000000000000 ) ) ;
#240 = DIRECTION ( 'NONE',  ( 1.000000000000000000, -0.000000000000000000, -0.000000000000000000 ) ) ;
#241 = AXIS2_PLACEMENT_3D ( 'NONE', #1163, #449, #1608 ) ;
#242 = VERTEX_POINT ( 'NONE', #2659 ) ;
#243 = DIRECTION ( 'NONE',  ( 0.000000000000000000, 1.000000000000000000, 1.734723475976807094E-15 ) ) ;
#244 = CARTESIAN_POINT ( 'NONE',  ( 0.000000000000000000, 0.000000000000000000, 0.000000000000000000 ) ) ;
#245 = DIRECTION ( 'NONE',  ( -0.000000000000000000, 0.000000000000000000, -1.000000000000000000 ) ) ;
#246 = DIRECTION ( 'NONE',  ( -0.000000000000000000, -1.000000000000000000, -0.000000000000000000 ) ) ;
#247 = ORIENTED_EDGE ( 'NONE', *, *, #442, .T. ) ;
#248 = EDGE_LOOP ( 'NONE', ( #1972, #1415 ) ) ;
#249 = CIRCLE ( 'NONE', #431, 0.6249999999999996669 ) ;
#250 = LINE ( 'NONE', #1183, #1132 ) ;
#251 = CARTESIAN_POINT ( 'NONE',  ( 14.12500000000000178, 4.999999999999999112, -12.00000000000000000 ) ) ;
#252 = DIRECTION ( 'NONE',  ( -0.000000000000000000, 1.000000000000000000, 6.195440985631454331E-16 ) ) ;
#253 = AXIS2_PLACEMENT_3D ( 'NONE', #1791, #1377, #1161 ) ;
#254 = AXIS2_PLACEMENT_3D ( 'NONE', #778, #1232, #2787 ) ;
#255 = ORIENTED_EDGE ( 'NONE', *, *, #1127, .T. ) ;
#256 = VERTEX_POINT ( 'NONE', #78 ) ;
#257 = CARTESIAN_POINT ( 'NONE',  ( -14.00000000000000000, 3.999999999999997335, 9.000000000000001776 ) ) ;
#258 = CARTESIAN_POINT ( 'NONE',  ( -9.708243919473797945, -4.000000000000000888, 0.000000000000000000 ) ) ;
#259 = VECTOR ( 'NONE', #2313, 1000.000000000000000 ) ;
#260 = CARTESIAN_POINT ( 'NONE',  ( -10.00000000000000178, 0.000000000000000000, 0.000000000000000000 ) ) ;
#261 = ORIENTED_EDGE ( 'NONE', *, *, #2715, .T. ) ;
#262 = ORIENTED_EDGE ( 'NONE', *, *, #508, .F. ) ;
#263 = AXIS2_PLACEMENT_3D ( 'NONE', #1898, #1668, #2148 ) ;
#264 = LINE ( 'NONE', #1154, #1178 ) ;
#265 = CARTESIAN_POINT ( 'NONE',  ( 0.000000000000000000, 0.000000000000000000, 2.000000000000003553 ) ) ;
#266 = CARTESIAN_POINT ( 'NONE',  ( -16.00000000000000000, 0.000000000000000000, 7.000000000000000888 ) ) ;
#267 = EDGE_CURVE ( 'NONE', #1744, #2776, #1191, .T. ) ;
#268 = EDGE_CURVE ( 'NONE', #962, #1616, #742, .T. ) ;
#269 = ORIENTED_EDGE ( 'NONE', *, *, #1976, .F. ) ;
#270 = CARTESIAN_POINT ( 'NONE',  ( -13.00000000000000178, 4.999999999999999112, -9.500000000000000000 ) ) ;
#271 = VECTOR ( 'NONE', #1078, 1000.000000000000000 ) ;
#272 = ORIENTED_EDGE ( 'NONE', *, *, #1295, .T. ) ;
#273 = EDGE_CURVE ( 'NONE', #849, #2569, #391, .T. ) ;
#274 = DIRECTION ( 'NONE',  ( -1.826024711554533667E-16, 0.000000000000000000, 1.000000000000000000 ) ) ;
#275 = DIRECTION ( 'NONE',  ( -0.000000000000000000, -0.000000000000000000, -1.000000000000000000 ) ) ;
#276 = FACE_OUTER_BOUND ( 'NONE', #2848, .T. ) ;
#277 = ORIENTED_EDGE ( 'NONE', *, *, #232, .T. ) ;
#278 = ORIENTED_EDGE ( 'NONE', *, *, #1339, .F. ) ;
#279 = FACE_OUTER_BOUND ( 'NONE', #2575, .T. ) ;
#280 = CARTESIAN_POINT ( 'NONE',  ( -10.00000000000000178, 0.000000000000000000, 1.500000000000000000 ) ) ;
#281 = TOROIDAL_SURFACE ( 'NONE', #1900, 1.125000000000000666, 0.5000000000000000000 ) ;
#282 = ORIENTED_EDGE ( 'NONE', *, *, #2800, .F. ) ;
#283 = CARTESIAN_POINT ( 'NONE',  ( -1.510000000000000009, 1.849216666712503192E-16, -14.00000000000000000 ) ) ;
#284 = ORIENTED_EDGE ( 'NONE', *, *, #1441, .T. ) ;
#285 = CARTESIAN_POINT ( 'NONE',  ( -14.50000000000000000, -6.000011999999999901, 7.000000000000001776 ) ) ;
#286 = CARTESIAN_POINT ( 'NONE',  ( -13.99999999999999822, -5.000000000000000000, 7.500000000000001776 ) ) ;
#287 = EDGE_CURVE ( 'NONE', #21, #502, #2205, .T. ) ;
#288 = LINE ( 'NONE', #1134, #2789 ) ;
#289 = ORIENTED_EDGE ( 'NONE', *, *, #2251, .F. ) ;
#290 = VERTEX_POINT ( 'NONE', #1620 ) ;
#291 = LINE ( 'NONE', #1140, #1588 ) ;
#292 = CARTESIAN_POINT ( 'NONE',  ( -14.50000000000000000, -5.000000000000000000, 7.000000000000001776 ) ) ;
#293 = CARTESIAN_POINT ( 'NONE',  ( -13.20612739035626682, 4.000000000000005329, -11.96841671393043072 ) ) ;
#294 = CIRCLE ( 'NONE', #480, 0.6749999999999984901 ) ;
#295 = ADVANCED_FACE ( 'NONE', ( #711 ), #2456, .T. ) ;
#296 = AXIS2_PLACEMENT_3D ( 'NONE', #1537, #418, #435 ) ;
#297 = ORIENTED_EDGE ( 'NONE', *, *, #1651, .F. ) ;
#298 = DIRECTION ( 'NONE',  ( 1.000000000000000000, 0.000000000000000000, 0.000000000000000000 ) ) ;
#299 = VECTOR ( 'NONE', #894, 1000.000000000000000 ) ;
#300 = ORIENTED_EDGE ( 'NONE', *, *, #114, .F. ) ;
#301 = DIRECTION ( 'NONE',  ( -0.000000000000000000, 0.000000000000000000, 1.000000000000000000 ) ) ;
#302 = CARTESIAN_POINT ( 'NONE',  ( 3.469446951953614189E-15, -8.673617379884035472E-16, 0.000000000000000000 ) ) ;
#303 = ORIENTED_EDGE ( 'NONE', *, *, #1324, .F. ) ;
#304 = ORIENTED_EDGE ( 'NONE', *, *, #1773, .T. ) ;
#305 = DIRECTION ( 'NONE',  ( 0.000000000000000000, 1.000000000000000000, 1.734723475976807094E-15 ) ) ;
#306 = EDGE_CURVE ( 'NONE', #1219, #256, #2468, .T. ) ;
#307 = AXIS2_PLACEMENT_3D ( 'NONE', #587, #2579, #1467 ) ;
#308 = DIRECTION ( 'NONE',  ( 0.000000000000000000, 0.000000000000000000, 1.000000000000000000 ) ) ;
#309 = EDGE_CURVE ( 'NONE', #1500, #751, #74, .T. ) ;
#310 = DIRECTION ( 'NONE',  ( 0.000000000000000000, 0.000000000000000000, 1.000000000000000000 ) ) ;
#311 = VERTEX_POINT ( 'NONE', #2038 ) ;
#312 = FACE_OUTER_BOUND ( 'NONE', #1033, .T. ) ;
#313 = VECTOR ( 'NONE', #2752, 1000.000000000000000 ) ;
#314 = VERTEX_POINT ( 'NONE', #2097 ) ;
#315 = CARTESIAN_POINT ( 'NONE',  ( 7.654042494670959086E-17, 2.232233047033624906, 2.000000000000003997 ) ) ;
#316 = PLANE ( 'NONE',  #254 ) ;
#317 = AXIS2_PLACEMENT_3D ( 'NONE', #1431, #2280, #298 ) ;
#318 = ADVANCED_FACE ( 'NONE', ( #1476 ), #1908, .T. ) ;
#319 =( GEOMETRIC_REPRESENTATION_CONTEXT ( 3 ) GLOBAL_UNCERTAINTY_ASSIGNED_CONTEXT ( ( #1909 ) ) GLOBAL_UNIT_ASSIGNED_CONTEXT ( ( #1300, #2629, #723 ) ) REPRESENTATION_CONTEXT ( 'NONE', 'WORKASPACE' ) );
#320 = VERTEX_POINT ( 'NONE', #808 ) ;
#321 = ORIENTED_EDGE ( 'NONE', *, *, #1261, .F. ) ;
#322 = DIRECTION ( 'NONE',  ( 0.000000000000000000, 0.000000000000000000, -1.000000000000000000 ) ) ;
#323 = CARTESIAN_POINT ( 'NONE',  ( 11.00000000000000000, 8.000000000000000000, 9.000000000000001776 ) ) ;
#324 = CARTESIAN_POINT ( 'NONE',  ( -9.165151389911683211, -3.999999999999998224, 1.500000000000000000 ) ) ;
#325 = EDGE_CURVE ( 'NONE', #2020, #962, #2544, .T. ) ;
#326 = DIRECTION ( 'NONE',  ( 0.000000000000000000, -1.000000000000000000, 0.000000000000000000 ) ) ;
#327 = ORIENTED_EDGE ( 'NONE', *, *, #2039, .F. ) ;
#328 = CARTESIAN_POINT ( 'NONE',  ( 14.00000000000000000, -6.000000000000000000, 7.000000000000000888 ) ) ;
#329 = EDGE_LOOP ( 'NONE', ( #1519, #2073, #277, #2301 ) ) ;
#330 = CARTESIAN_POINT ( 'NONE',  ( -14.49999999999999645, -6.000000000000000000, -12.00000000000000178 ) ) ;
#331 = CARTESIAN_POINT ( 'NONE',  ( 13.00000000000000178, 4.999999999999999112, -14.00000000000000000 ) ) ;
#332 = CIRCLE ( 'NONE', #561, 0.6749999999999984901 ) ;
#333 = ORIENTED_EDGE ( 'NONE', *, *, #2646, .T. ) ;
#334 = ORIENTED_EDGE ( 'NONE', *, *, #1247, .F. ) ;
#335 = ADVANCED_FACE ( 'NONE', ( #581 ), #2362, .T. ) ;
#336 = LINE ( 'NONE', #1988, #578 ) ;
#337 = LINE ( 'NONE', #1883, #2392 ) ;
#338 = DIRECTION ( 'NONE',  ( -0.000000000000000000, 1.000000000000000000, 6.195440985631455317E-17 ) ) ;
#339 = DIRECTION ( 'NONE',  ( 0.000000000000000000, 0.000000000000000000, -1.000000000000000000 ) ) ;
#340 = ORIENTED_EDGE ( 'NONE', *, *, #1089, .T. ) ;
#341 = CARTESIAN_POINT ( 'NONE',  ( -13.20511305644677869, -4.000000000000000000, -11.97510442386265517 ) ) ;
#342 = AXIS2_PLACEMENT_3D ( 'NONE', #656, #1764, #377 ) ;
#343 = ORIENTED_EDGE ( 'NONE', *, *, #1746, .F. ) ;
#344 = CARTESIAN_POINT ( 'NONE',  ( -16.00000000000000000, 3.999999999999997335, 0.000000000000000000 ) ) ;
#345 = CARTESIAN_POINT ( 'NONE',  ( 0.000000000000000000, 0.000000000000000000, -12.00000000000000000 ) ) ;
#346 = EDGE_CURVE ( 'NONE', #2183, #2569, #1891, .T. ) ;
#347 = CIRCLE ( 'NONE', #2653, 10.50000000000000000 ) ;
#348 = CIRCLE ( 'NONE', #1871, 2.000000000000000000 ) ;
#349 = ORIENTED_EDGE ( 'NONE', *, *, #2416, .F. ) ;
#350 = DIRECTION ( 'NONE',  ( 0.000000000000000000, 0.000000000000000000, -1.000000000000000000 ) ) ;
#351 = FACE_OUTER_BOUND ( 'NONE', #229, .T. ) ;
#352 = CARTESIAN_POINT ( 'NONE',  ( 11.00000000000000000, 8.000000000000000000, 2.000000000000001776 ) ) ;
#353 = CARTESIAN_POINT ( 'NONE',  ( -13.00000000000000178, -4.999999999999999112, -9.500000000000000000 ) ) ;
#354 = DIRECTION ( 'NONE',  ( 0.000000000000000000, -0.000000000000000000, 1.000000000000000000 ) ) ;
#355 = ORIENTED_EDGE ( 'NONE', *, *, #2498, .T. ) ;
#356 = DIRECTION ( 'NONE',  ( 1.000000000000000000, 0.000000000000000000, 0.000000000000000000 ) ) ;
#357 = ADVANCED_FACE ( 'NONE', ( #794 ), #1277, .F. ) ;
#358 = ORIENTED_EDGE ( 'NONE', *, *, #1249, .T. ) ;
#359 = DIRECTION ( 'NONE',  ( 0.000000000000000000, -6.195440985631454331E-16, 1.000000000000000000 ) ) ;
#360 = CARTESIAN_POINT ( 'NONE',  ( -14.49999999999999645, -6.000011999999999901, -12.00000000000000178 ) ) ;
#361 = ADVANCED_FACE ( 'NONE', ( #1694 ), #118, .T. ) ;
#362 = VERTEX_POINT ( 'NONE', #2116 ) ;
#363 = CARTESIAN_POINT ( 'NONE',  ( 0.000000000000000000, 0.000000000000000000, 1.500000000000000000 ) ) ;
#364 = CIRCLE ( 'NONE', #2401, 0.5000000000000004441 ) ;
#365 = DIRECTION ( 'NONE',  ( 0.000000000000000000, -1.000000000000000000, 0.000000000000000000 ) ) ;
#366 = DIRECTION ( 'NONE',  ( -0.000000000000000000, -1.000000000000000000, -0.000000000000000000 ) ) ;
#367 = CARTESIAN_POINT ( 'NONE',  ( 8.755364635274990093, 3.999999999999996447, 1.999999999999999556 ) ) ;
#368 = CARTESIAN_POINT ( 'NONE',  ( 13.25980385798197858, 5.569225279654778760, -12.03515030620363291 ) ) ;
#369 = ORIENTED_EDGE ( 'NONE', *, *, #2831, .F. ) ;
#370 = CARTESIAN_POINT ( 'NONE',  ( -13.00000000000000178, 4.999999999999999112, -11.50000000000000000 ) ) ;
#371 = ORIENTED_EDGE ( 'NONE', *, *, #1515, .F. ) ;
#372 = CARTESIAN_POINT ( 'NONE',  ( 13.35185651318685451, -6.000000000000000000, -12.00000000000000000 ) ) ;
#373 = ORIENTED_EDGE ( 'NONE', *, *, #2460, .T. ) ;
#374 = DIRECTION ( 'NONE',  ( 1.000000000000000000, 0.000000000000000000, 0.000000000000000000 ) ) ;
#375 = CIRCLE ( 'NONE', #376, 1.174999999999998934 ) ;
#376 = AXIS2_PLACEMENT_3D ( 'NONE', #1398, #2277, #930 ) ;
#377 = DIRECTION ( 'NONE',  ( 0.4581228472908537297, 0.8888888888888876183, 0.000000000000000000 ) ) ;
#378 = DIRECTION ( 'NONE',  ( 1.000000000000000000, 0.000000000000000000, 0.000000000000000000 ) ) ;
#379 = LINE ( 'NONE', #2780, #2610 ) ;
#380 = PLANE ( 'NONE',  #2777 ) ;
#381 = VERTEX_POINT ( 'NONE', #596 ) ;
#382 = DIRECTION ( 'NONE',  ( -0.000000000000000000, 1.000000000000000000, 4.003208021484941004E-16 ) ) ;
#383 = ADVANCED_FACE ( 'NONE', ( #1677 ), #2330, .F. ) ;
#384 = ORIENTED_EDGE ( 'NONE', *, *, #2063, .F. ) ;
#385 = CARTESIAN_POINT ( 'NONE',  ( -13.99999999999999822, -5.000000000000000000, 7.500000000000001776 ) ) ;
#386 = CARTESIAN_POINT ( 'NONE',  ( 11.00000000000000000, 10.99999999999999822, -12.00000000000000000 ) ) ;
#387 = AXIS2_PLACEMENT_3D ( 'NONE', #661, #2623, #1741 ) ;
#388 = EDGE_LOOP ( 'NONE', ( #2008, #1062, #355, #1003, #289 ) ) ;
#389 = DIRECTION ( 'NONE',  ( -1.000000000000000000, 0.000000000000000000, -0.000000000000000000 ) ) ;
#390 = EDGE_CURVE ( 'NONE', #1772, #87, #1462, .T. ) ;
#391 = CIRCLE ( 'NONE', #1456, 1.510000000000000009 ) ;
#392 = FACE_OUTER_BOUND ( 'NONE', #2571, .T. ) ;
#393 = VERTEX_POINT ( 'NONE', #1648 ) ;
#394 =( NAMED_UNIT ( * ) SI_UNIT ( $, .STERADIAN. ) SOLID_ANGLE_UNIT ( ) );
#395 = DIRECTION ( 'NONE',  ( -1.000000000000000000, -0.000000000000000000, -0.000000000000000000 ) ) ;
#396 = ADVANCED_FACE ( 'NONE', ( #2731 ), #757, .F. ) ;
#397 = CARTESIAN_POINT ( 'NONE',  ( 13.35116257261875106, 6.000000000000005329, -12.00000000000000000 ) ) ;
#398 = EDGE_LOOP ( 'NONE', ( #2672, #2155, #1255, #2691, #2475, #1335 ) ) ;
#399 = CARTESIAN_POINT ( 'NONE',  ( -14.00000000000000000, -5.000000000000000000, 7.000000000000000888 ) ) ;
#400 = EDGE_LOOP ( 'NONE', ( #637, #1212, #1568, #1379 ) ) ;
#401 = FACE_OUTER_BOUND ( 'NONE', #1542, .T. ) ;
#402 = AXIS2_PLACEMENT_3D ( 'NONE', #285, #681, #274 ) ;
#403 = DIRECTION ( 'NONE',  ( 1.000000000000000000, 0.000000000000000000, 0.000000000000000000 ) ) ;
#404 = VERTEX_POINT ( 'NONE', #2557 ) ;
#405 = LINE ( 'NONE', #2178, #2053 ) ;
#406 = AXIS2_PLACEMENT_3D ( 'NONE', #694, #665, #708 ) ;
#407 = DIRECTION ( 'NONE',  ( -1.000000000000000000, 0.000000000000000000, 0.000000000000000000 ) ) ;
#408 = CARTESIAN_POINT ( 'NONE',  ( 12.90104437026557704, 5.619111161342205563, -12.48720827755436247 ) ) ;
#409 = STYLED_ITEM ( 'NONE', ( #2615 ), #2157 ) ;
#410 = ORIENTED_EDGE ( 'NONE', *, *, #59, .T. ) ;
#411 = CARTESIAN_POINT ( 'NONE',  ( 14.00000000000000000, -5.000000000000000000, 9.000000000000001776 ) ) ;
#412 = ADVANCED_FACE ( 'NONE', ( #2128 ), #2512, .T. ) ;
#413 = ORIENTED_EDGE ( 'NONE', *, *, #537, .F. ) ;
#414 = CARTESIAN_POINT ( 'NONE',  ( 13.08987200341159962, -6.000000000000000000, -12.00000000000000000 ) ) ;
#415 = DIRECTION ( 'NONE',  ( -0.000000000000000000, 0.000000000000000000, 1.000000000000000000 ) ) ;
#416 = ORIENTED_EDGE ( 'NONE', *, *, #1939, .T. ) ;
#417 = DIRECTION ( 'NONE',  ( 0.000000000000000000, 0.000000000000000000, -1.000000000000000000 ) ) ;
#418 = DIRECTION ( 'NONE',  ( 1.224646799147353207E-16, 1.000000000000000000, 0.000000000000000000 ) ) ;
#419 = AXIS2_PLACEMENT_3D ( 'NONE', #265, #901, #1965 ) ;
#420 = EDGE_CURVE ( 'NONE', #2275, #1534, #1022, .T. ) ;
#421 = DIRECTION ( 'NONE',  ( 0.000000000000000000, -0.000000000000000000, 1.000000000000000000 ) ) ;
#422 = LINE ( 'NONE', #888, #2182 ) ;
#423 = CARTESIAN_POINT ( 'NONE',  ( -11.82500000000000284, -4.999999999999999112, -11.50000000000000000 ) ) ;
#424 = VERTEX_POINT ( 'NONE', #1419 ) ;
#425 = CARTESIAN_POINT ( 'NONE',  ( 12.56371804288418481, -6.000000000000000000, -12.00000000000000000 ) ) ;
#426 = CYLINDRICAL_SURFACE ( 'NONE', #2846, 0.6250000000000005551 ) ;
#427 = ADVANCED_FACE ( 'NONE', ( #2300 ), #316, .T. ) ;
#428 = ORIENTED_EDGE ( 'NONE', *, *, #755, .F. ) ;
#429 = ADVANCED_FACE ( 'NONE', ( #103 ), #1734, .T. ) ;
#430 = CARTESIAN_POINT ( 'NONE',  ( 11.00000000000000000, 10.99999999999999822, -12.00000000000000000 ) ) ;
#431 = AXIS2_PLACEMENT_3D ( 'NONE', #2812, #833, #1990 ) ;
#432 = FACE_OUTER_BOUND ( 'NONE', #1096, .T. ) ;
#433 = EDGE_CURVE ( 'NONE', #1673, #2576, #1864, .T. ) ;
#434 = CIRCLE ( 'NONE', #1314, 1.125000000000000888 ) ;
#435 = DIRECTION ( 'NONE',  ( -1.000000000000000000, 0.000000000000000000, 0.000000000000000000 ) ) ;
#436 = VECTOR ( 'NONE', #275, 1000.000000000000000 ) ;
#437 = DIRECTION ( 'NONE',  ( 0.000000000000000000, 1.000000000000000000, 4.003208021484940511E-16 ) ) ;
#438 = PLANE ( 'NONE',  #845 ) ;
#439 = AXIS2_PLACEMENT_3D ( 'NONE', #2819, #1505, #841 ) ;
#440 = DIRECTION ( 'NONE',  ( 1.000000000000000000, -1.776356839400250465E-15, 0.000000000000000000 ) ) ;
#441 = EDGE_CURVE ( 'NONE', #1890, #2591, #348, .T. ) ;
#442 = EDGE_CURVE ( 'NONE', #2034, #1205, #1827, .T. ) ;
#443 = ORIENTED_EDGE ( 'NONE', *, *, #223, .T. ) ;
#444 = CARTESIAN_POINT ( 'NONE',  ( 9.500000000000001776, 0.000000000000000000, 2.000000000000000000 ) ) ;
#445 = VERTEX_POINT ( 'NONE', #2388 ) ;
#446 = FACE_OUTER_BOUND ( 'NONE', #2129, .T. ) ;
#447 = CARTESIAN_POINT ( 'NONE',  ( 12.91047191506996583, 4.000000000000005329, -12.00000000000000000 ) ) ;
#448 = EDGE_CURVE ( 'NONE', #2763, #1865, #213, .T. ) ;
#449 = DIRECTION ( 'NONE',  ( -0.000000000000000000, -0.000000000000000000, -1.000000000000000000 ) ) ;
#450 = PRODUCT ( 'P001-B100_SquareDynamo_Rev2D-9', 'P001-B100_SquareDynamo_Rev2D-9', '', ( #1252 ) ) ;
#451 = ORIENTED_EDGE ( 'NONE', *, *, #1986, .F. ) ;
#452 = AXIS2_PLACEMENT_3D ( 'NONE', #1427, #2264, #310 ) ;
#453 = DIRECTION ( 'NONE',  ( 0.8888888888889566742, 0.4581228472907196148, 6.437203310420042353E-14 ) ) ;
#454 = CARTESIAN_POINT ( 'NONE',  ( -11.00000000000000000, -6.000000000000000000, -12.00000000000000000 ) ) ;
#455 = FACE_OUTER_BOUND ( 'NONE', #1115, .T. ) ;
#456 = AXIS2_PLACEMENT_3D ( 'NONE', #2541, #1445, #1199 ) ;
#457 = ORIENTED_EDGE ( 'NONE', *, *, #988, .F. ) ;
#458 = CARTESIAN_POINT ( 'NONE',  ( -14.00000000000000000, 0.000000000000000000, 9.000000000000001776 ) ) ;
#459 = VERTEX_POINT ( 'NONE', #192 ) ;
#460 = FACE_OUTER_BOUND ( 'NONE', #1748, .T. ) ;
#461 = LINE ( 'NONE', #2674, #1412 ) ;
#462 = LINE ( 'NONE', #1348, #2040 ) ;
#463 = EDGE_LOOP ( 'NONE', ( #767, #754 ) ) ;
#464 = VERTEX_POINT ( 'NONE', #1521 ) ;
#465 = DIRECTION ( 'NONE',  ( 0.000000000000000000, -0.000000000000000000, -1.000000000000000000 ) ) ;
#466 = CARTESIAN_POINT ( 'NONE',  ( 3.469446951953614189E-15, -8.673617379884035472E-16, 29.69848480983499783 ) ) ;
#467 = CARTESIAN_POINT ( 'NONE',  ( 9.165151389911683211, 3.999999999999997335, 1.500000000000000000 ) ) ;
#468 = ORIENTED_EDGE ( 'NONE', *, *, #810, .T. ) ;
#469 = LINE ( 'NONE', #1388, #1657 ) ;
#470 = ADVANCED_FACE ( 'NONE', ( #2173 ), #1720, .F. ) ;
#471 = ORIENTED_EDGE ( 'NONE', *, *, #737, .F. ) ;
#472 = DIRECTION ( 'NONE',  ( -0.000000000000000000, -0.000000000000000000, 1.000000000000000000 ) ) ;
#473 = DIRECTION ( 'NONE',  ( -0.000000000000000000, -0.000000000000000000, -1.000000000000000000 ) ) ;
#474 = VECTOR ( 'NONE', #395, 1000.000000000000000 ) ;
#475 = DIRECTION ( 'NONE',  ( -0.000000000000000000, -0.000000000000000000, 1.000000000000000000 ) ) ;
#476 = ORIENTED_EDGE ( 'NONE', *, *, #2117, .T. ) ;
#477 = EDGE_CURVE ( 'NONE', #1710, #1581, #1506, .T. ) ;
#478 = ORIENTED_EDGE ( 'NONE', *, *, #2830, .F. ) ;
#479 = ADVANCED_FACE ( 'NONE', ( #1039 ), #2241, .T. ) ;
#480 = AXIS2_PLACEMENT_3D ( 'NONE', #353, #1225, #1670 ) ;
#481 = CARTESIAN_POINT ( 'NONE',  ( -9.165151389911683211, -3.999999999999998224, 1.500000000000000000 ) ) ;
#482 = CARTESIAN_POINT ( 'NONE',  ( -13.61694813396265147, -6.000000000000000000, -12.00000000000000000 ) ) ;
#483 = DIRECTION ( 'NONE',  ( 0.000000000000000000, -6.938893903907222461E-16, 1.000000000000000000 ) ) ;
#484 = AXIS2_PLACEMENT_3D ( 'NONE', #2775, #2528, #117 ) ;
#485 = ADVANCED_FACE ( 'NONE', ( #1069 ), #1533, .T. ) ;
#486 = ORIENTED_EDGE ( 'NONE', *, *, #238, .T. ) ;
#487 = PLANE ( 'NONE',  #1105 ) ;
#488 = ORIENTED_EDGE ( 'NONE', *, *, #1723, .T. ) ;
#489 = DIRECTION ( 'NONE',  ( -1.000000000000000000, -0.000000000000000000, -0.000000000000000000 ) ) ;
#490 = CARTESIAN_POINT ( 'NONE',  ( 13.09965313810788423, -4.375000672361867515, -12.48412323076150621 ) ) ;
#491 = VECTOR ( 'NONE', #2025, 1000.000000000000000 ) ;
#492 = FACE_OUTER_BOUND ( 'NONE', #547, .T. ) ;
#493 = ORIENTED_EDGE ( 'NONE', *, *, #1834, .T. ) ;
#494 = ORIENTED_EDGE ( 'NONE', *, *, #2080, .F. ) ;
#495 = AXIS2_PLACEMENT_3D ( 'NONE', #726, #1116, #1998 ) ;
#496 = DIRECTION ( 'NONE',  ( -0.000000000000000000, -0.000000000000000000, -1.000000000000000000 ) ) ;
#497 = DIRECTION ( 'NONE',  ( 0.000000000000000000, 0.000000000000000000, -1.000000000000000000 ) ) ;
#498 = DIRECTION ( 'NONE',  ( 0.000000000000000000, 0.000000000000000000, -1.000000000000000000 ) ) ;
#499 = EDGE_CURVE ( 'NONE', #2441, #2328, #2834, .T. ) ;
#500 = EDGE_LOOP ( 'NONE', ( #2817, #1460 ) ) ;
#501 = VECTOR ( 'NONE', #243, 1000.000000000000000 ) ;
#502 = VERTEX_POINT ( 'NONE', #1288 ) ;
#503 = PLANE ( 'NONE',  #402 ) ;
#504 = CARTESIAN_POINT ( 'NONE',  ( -9.165151389911683211, 3.999999999999997335, 2.000000000000003553 ) ) ;
#505 = CARTESIAN_POINT ( 'NONE',  ( -9.000000000000000000, 6.000000000000005329, -12.00000000000000000 ) ) ;
#506 = EDGE_LOOP ( 'NONE', ( #159, #2404, #149, #2274 ) ) ;
#507 = ORIENTED_EDGE ( 'NONE', *, *, #659, .T. ) ;
#508 = EDGE_CURVE ( 'NONE', #2776, #1187, #2602, .T. ) ;
#509 = ADVANCED_FACE ( 'NONE', ( #1313 ), #2375, .F. ) ;
#510 = DIRECTION ( 'NONE',  ( 0.000000000000000000, 0.000000000000000000, -1.000000000000000000 ) ) ;
#511 = CARTESIAN_POINT ( 'NONE',  ( -14.17500000000000071, 4.999999999999999112, -12.00000000000000000 ) ) ;
#512 = CARTESIAN_POINT ( 'NONE',  ( -9.000000000000000000, 5.999999999999996447, 2.000000000000005329 ) ) ;
#513 = AXIS2_PLACEMENT_3D ( 'NONE', #323, #1208, #1612 ) ;
#514 = VERTEX_POINT ( 'NONE', #175 ) ;
#515 = CARTESIAN_POINT ( 'NONE',  ( -16.00000000000000000, 4.000000000000005329, -11.99999999999999467 ) ) ;
#516 = ORIENTED_EDGE ( 'NONE', *, *, #753, .T. ) ;
#517 = CARTESIAN_POINT ( 'NONE',  ( 13.62500000000000178, -4.999999999999999112, -14.00000000000000000 ) ) ;
#518 = FACE_OUTER_BOUND ( 'NONE', #1239, .T. ) ;
#519 = ADVANCED_FACE ( 'NONE', ( #1056 ), #623, .T. ) ;
#520 = ADVANCED_FACE ( 'NONE', ( #2415 ), #426, .F. ) ;
#521 = EDGE_CURVE ( 'NONE', #2020, #979, #379, .T. ) ;
#522 = ORIENTED_EDGE ( 'NONE', *, *, #568, .F. ) ;
#523 = ADVANCED_FACE ( 'NONE', ( #2092 ), #1886, .T. ) ;
#524 = ORIENTED_EDGE ( 'NONE', *, *, #2169, .F. ) ;
#525 = LINE ( 'NONE', #687, #2698 ) ;
#526 = DIRECTION ( 'NONE',  ( -0.000000000000000000, -0.000000000000000000, 1.000000000000000000 ) ) ;
#527 = LINE ( 'NONE', #1640, #2396 ) ;
#528 = AXIS2_PLACEMENT_3D ( 'NONE', #1123, #453, #1552 ) ;
#529 = ORIENTED_EDGE ( 'NONE', *, *, #2065, .T. ) ;
#530 = FACE_OUTER_BOUND ( 'NONE', #2267, .T. ) ;
#531 = VECTOR ( 'NONE', #1607, 1000.000000000000000 ) ;
#532 = ADVANCED_FACE ( 'NONE', ( #2522 ), #1367, .T. ) ;
#533 = ORIENTED_EDGE ( 'NONE', *, *, #2321, .F. ) ;
#534 = FACE_OUTER_BOUND ( 'NONE', #1603, .T. ) ;
#535 = CARTESIAN_POINT ( 'NONE',  ( 16.00000000000000000, 6.000000000000005329, -11.99999999999999645 ) ) ;
#536 = ORIENTED_EDGE ( 'NONE', *, *, #960, .T. ) ;
#537 = EDGE_CURVE ( 'NONE', #1692, #1695, #1699, .T. ) ;
#538 = ORIENTED_EDGE ( 'NONE', *, *, #2319, .F. ) ;
#539 = EDGE_CURVE ( 'NONE', #2458, #1545, #1946, .T. ) ;
#540 = DIRECTION ( 'NONE',  ( 0.000000000000000000, 0.000000000000000000, -1.000000000000000000 ) ) ;
#541 = CIRCLE ( 'NONE', #1928, 3.500000000000000000 ) ;
#542 = LINE ( 'NONE', #1424, #1809 ) ;
#543 = CARTESIAN_POINT ( 'NONE',  ( -9.099803424317501666, -4.000000000000000888, 1.771398171048351289 ) ) ;
#544 = CARTESIAN_POINT ( 'NONE',  ( 8.755177107892444965, -4.000000000000000888, 2.000000000000000444 ) ) ;
#545 = ORIENTED_EDGE ( 'NONE', *, *, #799, .T. ) ;
#546 = DIRECTION ( 'NONE',  ( -0.000000000000000000, -0.000000000000000000, -1.000000000000000000 ) ) ;
#547 = EDGE_LOOP ( 'NONE', ( #2380, #1433, #1801, #827 ) ) ;
#548 = CARTESIAN_POINT ( 'NONE',  ( 13.28632677955670616, -5.555555555555594438, -12.50000000000000000 ) ) ;
#549 = CARTESIAN_POINT ( 'NONE',  ( -1.510000000000000009, 1.849216666712503192E-16, -14.00000000000000000 ) ) ;
#550 = AXIS2_PLACEMENT_3D ( 'NONE', #2326, #99, #1004 ) ;
#551 = VECTOR ( 'NONE', #2587, 1000.000000000000000 ) ;
#552 = VERTEX_POINT ( 'NONE', #2149 ) ;
#553 = DIRECTION ( 'NONE',  ( 0.000000000000000000, -0.000000000000000000, -1.000000000000000000 ) ) ;
#554 = CARTESIAN_POINT ( 'NONE',  ( -13.61694813396264259, 6.000000000000005329, -11.99999999999999645 ) ) ;
#555 = CARTESIAN_POINT ( 'NONE',  ( 16.00000000000000000, 0.000000000000000000, 7.000000000000000888 ) ) ;
#556 = CARTESIAN_POINT ( 'NONE',  ( 14.00000000000000000, -4.000000000000000888, 7.000000000000000888 ) ) ;
#557 = ADVANCED_FACE ( 'NONE', ( #1253 ), #168, .T. ) ;
#558 = CARTESIAN_POINT ( 'NONE',  ( 0.000000000000000000, 0.000000000000000000, -14.00000000000000000 ) ) ;
#559 = ORIENTED_EDGE ( 'NONE', *, *, #2793, .F. ) ;
#560 = CARTESIAN_POINT ( 'NONE',  ( -13.61694813396265502, -4.000000000000000000, -11.99999999999999645 ) ) ;
#561 = AXIS2_PLACEMENT_3D ( 'NONE', #43, #14, #2411 ) ;
#562 = ORIENTED_EDGE ( 'NONE', *, *, #2231, .T. ) ;
#563 = LINE ( 'NONE', #2543, #50 ) ;
#564 = CARTESIAN_POINT ( 'NONE',  ( 13.00000000000000178, 4.999999999999999112, -12.50000000000000000 ) ) ;
#565 = VECTOR ( 'NONE', #526, 1000.000000000000000 ) ;
#566 = ORIENTED_EDGE ( 'NONE', *, *, #2739, .T. ) ;
#567 = ORIENTED_EDGE ( 'NONE', *, *, #390, .F. ) ;
#568 = EDGE_CURVE ( 'NONE', #745, #2733, #2109, .T. ) ;
#569 = LINE ( 'NONE', #1482, #2465 ) ;
#570 = EDGE_CURVE ( 'NONE', #1495, #1865, #2338, .T. ) ;
#571 = FACE_OUTER_BOUND ( 'NONE', #2494, .T. ) ;
#572 = CARTESIAN_POINT ( 'NONE',  ( -16.00000000000000000, 6.000000000000005329, -11.99999999999999645 ) ) ;
#573 = CIRCLE ( 'NONE', #528, 0.4999999999999995559 ) ;
#574 = CARTESIAN_POINT ( 'NONE',  ( 13.09919743226526379, 5.619046547257779523, -12.48722899635521344 ) ) ;
#575 = ORIENTED_EDGE ( 'NONE', *, *, #154, .F. ) ;
#576 = LINE ( 'NONE', #515, #961 ) ;
#577 = EDGE_CURVE ( 'NONE', #2584, #242, #984, .T. ) ;
#578 = VECTOR ( 'NONE', #1306, 1000.000000000000000 ) ;
#579 = VERTEX_POINT ( 'NONE', #1917 ) ;
#580 = CARTESIAN_POINT ( 'NONE',  ( 0.000000000000000000, 0.000000000000000000, 1.500000000000000000 ) ) ;
#581 = FACE_OUTER_BOUND ( 'NONE', #2043, .T. ) ;
#582 = AXIS2_PLACEMENT_3D ( 'NONE', #345, #1852, #2085 ) ;
#583 = AXIS2_PLACEMENT_3D ( 'NONE', #2403, #415, #1301 ) ;
#584 = ORIENTED_EDGE ( 'NONE', *, *, #2140, .T. ) ;
#585 = DIRECTION ( 'NONE',  ( 1.000000000000000000, 0.000000000000000000, 0.000000000000000000 ) ) ;
#586 = CARTESIAN_POINT ( 'NONE',  ( 14.00000000000000000, 5.999999999999992895, 7.000000000000000888 ) ) ;
#587 = CARTESIAN_POINT ( 'NONE',  ( -14.00000000000000000, -6.000000000000000000, 7.000000000000000888 ) ) ;
#588 = VECTOR ( 'NONE', #102, 1000.000000000000000 ) ;
#589 = DIRECTION ( 'NONE',  ( 1.000000000000000000, 0.000000000000000000, 0.000000000000000000 ) ) ;
#590 = CARTESIAN_POINT ( 'NONE',  ( -11.00000000000000000, -6.000000000000000000, 2.000000000000000000 ) ) ;
#591 = ORIENTED_EDGE ( 'NONE', *, *, #1471, .T. ) ;
#592 = DIRECTION ( 'NONE',  ( -0.000000000000000000, -0.000000000000000000, -1.000000000000000000 ) ) ;
#593 = ORIENTED_EDGE ( 'NONE', *, *, #499, .F. ) ;
#594 = CARTESIAN_POINT ( 'NONE',  ( 12.75764297456111507, -5.578217048125561739, -12.49999993682065913 ) ) ;
#595 = AXIS2_PLACEMENT_3D ( 'NONE', #889, #2463, #483 ) ;
#596 = CARTESIAN_POINT ( 'NONE',  ( 9.000000000000000000, 5.999999999999997335, 1.000000000000005107 ) ) ;
#597 = ORIENTED_EDGE ( 'NONE', *, *, #60, .T. ) ;
#598 = DIRECTION ( 'NONE',  ( 0.000000000000000000, -0.000000000000000000, -1.000000000000000000 ) ) ;
#599 = VECTOR ( 'NONE', #1574, 1000.000000000000000 ) ;
#600 = DIRECTION ( 'NONE',  ( -0.000000000000000000, -0.000000000000000000, -1.000000000000000000 ) ) ;
#601 = CARTESIAN_POINT ( 'NONE',  ( 3.469446951953614189E-15, -8.673617379884035472E-16, 0.000000000000000000 ) ) ;
#602 = EDGE_CURVE ( 'NONE', #736, #290, #2122, .T. ) ;
#603 = CARTESIAN_POINT ( 'NONE',  ( 9.099062573740404503, -4.000000000000001776, 1.771892410536591411 ) ) ;
#604 = CARTESIAN_POINT ( 'NONE',  ( 13.28632677955618568, 5.555555555555862668, -12.50000000000000000 ) ) ;
#605 = ORIENTED_EDGE ( 'NONE', *, *, #268, .F. ) ;
#606 = CARTESIAN_POINT ( 'NONE',  ( -9.099062573740406279, 3.999999999999996447, 1.771892410536588969 ) ) ;
#607 = EDGE_CURVE ( 'NONE', #2836, #736, #1320, .T. ) ;
#608 = VERTEX_POINT ( 'NONE', #2753 ) ;
#609 = CARTESIAN_POINT ( 'NONE',  ( 13.17812013441776209, -6.000000000000000000, -12.00000000000000000 ) ) ;
#610 = CARTESIAN_POINT ( 'NONE',  ( 9.000000000000000000, 0.000000000000000000, 2.000000000000000000 ) ) ;
#611 = ORIENTED_EDGE ( 'NONE', *, *, #2574, .F. ) ;
#612 = CARTESIAN_POINT ( 'NONE',  ( 16.00000000000000000, 5.999999999999996447, 2.000000000000003553 ) ) ;
#613 = AXIS2_PLACEMENT_3D ( 'NONE', #938, #1179, #1823 ) ;
#614 = EDGE_CURVE ( 'NONE', #445, #2183, #1361, .T. ) ;
#615 = EDGE_CURVE ( 'NONE', #1071, #2095, #294, .T. ) ;
#616 = CARTESIAN_POINT ( 'NONE',  ( 13.08952808493003594, -4.000000000000000000, -12.00000000000000000 ) ) ;
#617 = CARTESIAN_POINT ( 'NONE',  ( -13.00000000000000178, 4.999999999999999112, -9.500000000000000000 ) ) ;
#618 = LINE ( 'NONE', #848, #2594 ) ;
#619 = ORIENTED_EDGE ( 'NONE', *, *, #1294, .F. ) ;
#620 = CARTESIAN_POINT ( 'NONE',  ( 11.00000000000000000, 8.000000000000000000, -12.00000000000000000 ) ) ;
#621 = ORIENTED_EDGE ( 'NONE', *, *, #2327, .T. ) ;
#622 = CARTESIAN_POINT ( 'NONE',  ( -12.32500000000000284, -4.999999999999999112, -9.500000000000000000 ) ) ;
#623 = PLANE ( 'NONE',  #583 ) ;
#624 = VECTOR ( 'NONE', #1296, 1000.000000000000000 ) ;
#625 = EDGE_CURVE ( 'NONE', #2333, #1289, #2551, .T. ) ;
#626 = ORIENTED_EDGE ( 'NONE', *, *, #2824, .T. ) ;
#627 = CARTESIAN_POINT ( 'NONE',  ( 13.11579176478857001, 4.383475958943253481, -12.09017709456499823 ) ) ;
#628 = AXIS2_PLACEMENT_3D ( 'NONE', #639, #2199, #1085 ) ;
#629 = EDGE_CURVE ( 'NONE', #362, #2654, #224, .T. ) ;
#630 = DIRECTION ( 'NONE',  ( -0.000000000000000000, 0.000000000000000000, 1.000000000000000000 ) ) ;
#631 = VERTEX_POINT ( 'NONE', #2581 ) ;
#632 = DIRECTION ( 'NONE',  ( 1.000000000000000000, -0.000000000000000000, -0.000000000000000000 ) ) ;
#633 = CARTESIAN_POINT ( 'NONE',  ( 12.71367322044330095, 5.555555555555597103, -12.50000000000000000 ) ) ;
#634 = ORIENTED_EDGE ( 'NONE', *, *, #1834, .F. ) ;
#635 = CARTESIAN_POINT ( 'NONE',  ( 8.616843969807048254, -6.000000000000000000, 29.69848480983499783 ) ) ;
#636 = VECTOR ( 'NONE', #2069, 1000.000000000000000 ) ;
#637 = ORIENTED_EDGE ( 'NONE', *, *, #2676, .F. ) ;
#638 = FACE_OUTER_BOUND ( 'NONE', #506, .T. ) ;
#639 = CARTESIAN_POINT ( 'NONE',  ( 13.00000000000000178, 4.999999999999999112, -14.00000000000000000 ) ) ;
#640 = ORIENTED_EDGE ( 'NONE', *, *, #442, .F. ) ;
#641 = CARTESIAN_POINT ( 'NONE',  ( 12.64883742738029149, 4.000000000000005329, -12.00000000000000000 ) ) ;
#642 = AXIS2_PLACEMENT_3D ( 'NONE', #1015, #1075, #832 ) ;
#643 = CARTESIAN_POINT ( 'NONE',  ( 12.78328937591787096, -4.410979047675049891, -12.06013317164534904 ) ) ;
#644 = ORIENTED_EDGE ( 'NONE', *, *, #1716, .T. ) ;
#645 = VECTOR ( 'NONE', #1529, 1000.000000000000000 ) ;
#646 = CARTESIAN_POINT ( 'NONE',  ( 13.00000000000000178, 4.999999999999999112, -12.50000000000000000 ) ) ;
#647 = CARTESIAN_POINT ( 'NONE',  ( 9.375000000000000000, 5.999999999999996447, 1.500000000000005107 ) ) ;
#648 = CARTESIAN_POINT ( 'NONE',  ( -8.616843969807046477, 3.999999999999997335, 2.000000000000000000 ) ) ;
#649 = EDGE_CURVE ( 'NONE', #1227, #745, #249, .T. ) ;
#650 = VERTEX_POINT ( 'NONE', #1527 ) ;
#651 = CARTESIAN_POINT ( 'NONE',  ( 13.24263963521529419, -5.578071394380742731, -12.49999993464115988 ) ) ;
#652 = DIRECTION ( 'NONE',  ( 0.000000000000000000, 0.000000000000000000, -1.000000000000000000 ) ) ;
#653 = VERTEX_POINT ( 'NONE', #1712 ) ;
#654 = CARTESIAN_POINT ( 'NONE',  ( 9.000000000000000000, 6.000000000000002665, 9.000000000000001776 ) ) ;
#655 = CARTESIAN_POINT ( 'NONE',  ( -9.000000000000000000, 8.000000000000000000, -12.00000000000000000 ) ) ;
#656 = CARTESIAN_POINT ( 'NONE',  ( 13.51538820320221213, -4.000000000000000000, -12.50000000000000000 ) ) ;
#657 = CIRCLE ( 'NONE', #1996, 1.510000000000000009 ) ;
#658 = VECTOR ( 'NONE', #83, 1000.000000000000000 ) ;
#659 = EDGE_CURVE ( 'NONE', #6, #920, #2219, .T. ) ;
#660 = EDGE_CURVE ( 'NONE', #40, #2071, #1771, .T. ) ;
#661 = CARTESIAN_POINT ( 'NONE',  ( 9.500000000000001776, 0.000000000000000000, 1.500000000000000000 ) ) ;
#662 = CARTESIAN_POINT ( 'NONE',  ( -12.79488694355322487, -6.000000000000000000, -11.97510442386265339 ) ) ;
#663 = CARTESIAN_POINT ( 'NONE',  ( 9.708243919473805050, 3.999999999999997335, 0.000000000000000000 ) ) ;
#664 = ORIENTED_EDGE ( 'NONE', *, *, #2235, .F. ) ;
#665 = DIRECTION ( 'NONE',  ( 0.000000000000000000, 0.000000000000000000, -1.000000000000000000 ) ) ;
#666 = EDGE_CURVE ( 'NONE', #2832, #1100, #2190, .T. ) ;
#667 = ORIENTED_EDGE ( 'NONE', *, *, #154, .T. ) ;
#668 = DIRECTION ( 'NONE',  ( 0.000000000000000000, -0.000000000000000000, -1.000000000000000000 ) ) ;
#669 = VECTOR ( 'NONE', #225, 1000.000000000000000 ) ;
#670 = FACE_OUTER_BOUND ( 'NONE', #843, .T. ) ;
#671 = CIRCLE ( 'NONE', #1544, 1.174999999999998934 ) ;
#672 = CARTESIAN_POINT ( 'NONE',  ( 12.80452415884299811, -4.404281910398379907, -12.49521009249059844 ) ) ;
#673 = EDGE_LOOP ( 'NONE', ( #2754, #611, #2048, #1910, #478, #2466 ) ) ;
#674 = DIRECTION ( 'NONE',  ( -1.000000000000000000, 0.000000000000000000, 0.000000000000000000 ) ) ;
#675 = CARTESIAN_POINT ( 'NONE',  ( -13.41136458132398879, -6.000000000000001776, -12.00000000000000355 ) ) ;
#676 = CYLINDRICAL_SURFACE ( 'NONE', #733, 0.6749999999999984901 ) ;
#677 = EDGE_LOOP ( 'NONE', ( #934, #494, #533, #1911, #1193 ) ) ;
#678 = DIRECTION ( 'NONE',  ( -0.000000000000000000, 0.000000000000000000, 1.000000000000000000 ) ) ;
#679 = AXIS2_PLACEMENT_3D ( 'NONE', #654, #2418, #2202 ) ;
#680 = EDGE_LOOP ( 'NONE', ( #1436, #2716, #2487, #2514 ) ) ;
#681 = DIRECTION ( 'NONE',  ( -1.000000000000000000, 0.000000000000000000, -1.826024711554533667E-16 ) ) ;
#682 = DIRECTION ( 'NONE',  ( -1.000000000000000000, 0.000000000000000000, 0.000000000000000000 ) ) ;
#683 = LINE ( 'NONE', #912, #71 ) ;
#684 = ORIENTED_EDGE ( 'NONE', *, *, #183, .T. ) ;
#685 = ORIENTED_EDGE ( 'NONE', *, *, #477, .T. ) ;
#686 =( BOUNDED_SURFACE ( )  B_SPLINE_SURFACE ( 3, 2, ( 
 ( #548, #2096, #2184 ),
 ( #651, #1275, #1732 ),
 ( #2818, #2374, #372 ),
 ( #1693, #1969, #609 ),
 ( #1532, #1955, #414 ),
 ( #2833, #216, #1038 ),
 ( #1097, #2172, #839 ),
 ( #2142, #823, #866 ),
 ( #594, #1504, #425 ),
 ( #2198, #2387, #1706 ) ),
 .UNSPECIFIED., .F., .F., .F. ) 
 B_SPLINE_SURFACE_WITH_KNOTS ( ( 4, 2, 2, 2, 4 ),
 ( 3, 3 ),
 ( 0.0009762313280153310817, 0.001244594175610544461, 0.001512957023205757949, 0.001781319870800971220, 0.002049682718396184707 ),
 ( 0.000000000000000000, 1.000000000000000000 ),
 .UNSPECIFIED. ) 
 GEOMETRIC_REPRESENTATION_ITEM ( )  RATIONAL_B_SPLINE_SURFACE ( (
 ( 1.000000000000000000, 0.7071067811865934249, 1.000000000000000000),
 ( 1.000000000000000000, 0.7326832777473712977, 1.000000000000000000),
 ( 1.000000000000000000, 0.7541354686265584473, 1.000000000000000000),
 ( 1.000000000000000000, 0.7830305961667201053, 1.000000000000000000),
 ( 1.000000000000000000, 0.7905597741719395666, 1.000000000000000000),
 ( 1.000000000000000000, 0.7905790374414373156, 1.000000000000000000),
 ( 1.000000000000000000, 0.7829511399770844315, 1.000000000000000000),
 ( 1.000000000000000000, 0.7542579396000087533, 1.000000000000000000),
 ( 1.000000000000000000, 0.7328473795399086388, 1.000000000000000000),
 ( 1.000000000000000000, 0.7071067811868921860, 1.000000000000000000) ) ) 
 REPRESENTATION_ITEM ( '' )  SURFACE ( )  );
#687 = CARTESIAN_POINT ( 'NONE',  ( 16.00000000000000000, 6.000000000000005329, -11.99999999999999645 ) ) ;
#688 = EDGE_CURVE ( 'NONE', #314, #256, #573, .T. ) ;
#689 = DIRECTION ( 'NONE',  ( -0.000000000000000000, -0.000000000000000000, -1.000000000000000000 ) ) ;
#690 = PLANE ( 'NONE',  #2533 ) ;
#691 = VECTOR ( 'NONE', #592, 1000.000000000000000 ) ;
#692 = AXIS2_PLACEMENT_3D ( 'NONE', #1646, #1403, #2115 ) ;
#693 = VERTEX_POINT ( 'NONE', #861 ) ;
#694 = CARTESIAN_POINT ( 'NONE',  ( 3.469446951953614189E-15, -8.673617379884035472E-16, -12.00000000000000000 ) ) ;
#695 = EDGE_CURVE ( 'NONE', #2850, #908, #2146, .T. ) ;
#696 = ORIENTED_EDGE ( 'NONE', *, *, #499, .T. ) ;
#697 = DIRECTION ( 'NONE',  ( -0.000000000000000000, 0.000000000000000000, 1.000000000000000000 ) ) ;
#698 = CARTESIAN_POINT ( 'NONE',  ( 16.00000000000000000, -3.999999999999999112, 2.000000000000000000 ) ) ;
#699 = CARTESIAN_POINT ( 'NONE',  ( 12.37500000000000000, 4.999999999999999112, -12.50000000000000000 ) ) ;
#700 = ORIENTED_EDGE ( 'NONE', *, *, #1511, .F. ) ;
#701 = EDGE_LOOP ( 'NONE', ( #1286, #194, #529, #696 ) ) ;
#702 = EDGE_CURVE ( 'NONE', #314, #653, #887, .T. ) ;
#703 = FACE_OUTER_BOUND ( 'NONE', #400, .T. ) ;
#704 = DIRECTION ( 'NONE',  ( 0.8888888888893755613, -0.4581228472899067095, 5.014660850454121597E-13 ) ) ;
#705 = CARTESIAN_POINT ( 'NONE',  ( 12.48461179679779320, -6.000000000000000000, -12.00000000000000000 ) ) ;
#706 = AXIS2_PLACEMENT_3D ( 'NONE', #2258, #2027, #234 ) ;
#707 = ORIENTED_EDGE ( 'NONE', *, *, #2321, .T. ) ;
#708 = DIRECTION ( 'NONE',  ( -1.000000000000000000, 0.000000000000000000, 0.000000000000000000 ) ) ;
#709 = ORIENTED_EDGE ( 'NONE', *, *, #1773, .F. ) ;
#710 = FACE_OUTER_BOUND ( 'NONE', #1151, .T. ) ;
#711 = FACE_OUTER_BOUND ( 'NONE', #969, .T. ) ;
#712 = VECTOR ( 'NONE', #2179, 1000.000000000000000 ) ;
#713 = CARTESIAN_POINT ( 'NONE',  ( 9.000000000000000000, 6.000000000000002665, 2.000000000000005329 ) ) ;
#714 = ORIENTED_EDGE ( 'NONE', *, *, #1717, .F. ) ;
#715 = ORIENTED_EDGE ( 'NONE', *, *, #441, .T. ) ;
#716 = EDGE_CURVE ( 'NONE', #2836, #2344, #1514, .T. ) ;
#717 = CARTESIAN_POINT ( 'NONE',  ( 14.12500000000000178, -4.999999999999999112, -12.50000000000000000 ) ) ;
#718 = LINE ( 'NONE', #2477, #658 ) ;
#719 = FACE_OUTER_BOUND ( 'NONE', #758, .T. ) ;
#720 = AXIS2_PLACEMENT_3D ( 'NONE', #1435, #1633, #2314 ) ;
#721 = AXIS2_PLACEMENT_3D ( 'NONE', #800, #1443, #2768 ) ;
#722 = ORIENTED_EDGE ( 'NONE', *, *, #2550, .F. ) ;
#723 =( NAMED_UNIT ( * ) SI_UNIT ( $, .STERADIAN. ) SOLID_ANGLE_UNIT ( ) );
#724 = ADVANCED_FACE ( 'NONE', ( #2635 ), #1323, .T. ) ;
#725 = ORIENTED_EDGE ( 'NONE', *, *, #1939, .F. ) ;
#726 = CARTESIAN_POINT ( 'NONE',  ( 13.00000000000000178, 4.999999999999999112, -14.00000000000000000 ) ) ;
#727 = DIRECTION ( 'NONE',  ( -1.000000000000000000, 0.000000000000000000, 0.000000000000000000 ) ) ;
#728 = CARTESIAN_POINT ( 'NONE',  ( -14.00000000000000000, 0.000000000000000000, 9.000000000000001776 ) ) ;
#729 = ORIENTED_EDGE ( 'NONE', *, *, #2433, .T. ) ;
#730 = EDGE_LOOP ( 'NONE', ( #2240, #1387, #1718, #1492, #349 ) ) ;
#731 = CARTESIAN_POINT ( 'NONE',  ( -16.00000000000000000, 6.000000000000005329, -11.99999999999999645 ) ) ;
#732 = DIRECTION ( 'NONE',  ( -1.000000000000000000, -7.885106708985487801E-17, -0.000000000000000000 ) ) ;
#733 = AXIS2_PLACEMENT_3D ( 'NONE', #2424, #1110, #2652 ) ;
#734 = CARTESIAN_POINT ( 'NONE',  ( -16.00000000000000000, 3.999999999999995559, 2.000000000000002665 ) ) ;
#735 = AXIS2_PLACEMENT_3D ( 'NONE', #1966, #837, #1936 ) ;
#736 = VERTEX_POINT ( 'NONE', #2395 ) ;
#737 = EDGE_CURVE ( 'NONE', #393, #1350, #205, .T. ) ;
#738 = AXIS2_PLACEMENT_3D ( 'NONE', #804, #2598, #2125 ) ;
#739 = EDGE_CURVE ( 'NONE', #1144, #1204, #851, .T. ) ;
#740 = EDGE_LOOP ( 'NONE', ( #1825, #1958, #2255, #868 ) ) ;
#741 = CARTESIAN_POINT ( 'NONE',  ( 9.708243919473801498, 4.000000000000005329, -12.00000000000000000 ) ) ;
#742 = LINE ( 'NONE', #1807, #2383 ) ;
#743 = CARTESIAN_POINT ( 'NONE',  ( -13.00000000000000178, 4.999999999999999112, -11.50000000000000000 ) ) ;
#744 = EDGE_LOOP ( 'NONE', ( #2823, #1951, #1805, #247 ) ) ;
#745 = VERTEX_POINT ( 'NONE', #1497 ) ;
#746 = DIRECTION ( 'NONE',  ( 0.000000000000000000, -1.000000000000000000, -4.003208021484940511E-16 ) ) ;
#747 = CYLINDRICAL_SURFACE ( 'NONE', #1119, 0.6250000000000003331 ) ;
#748 = CARTESIAN_POINT ( 'NONE',  ( -12.38305186603733965, 4.000000000000005329, -12.00000000000000000 ) ) ;
#749 = EDGE_CURVE ( 'NONE', #1904, #2176, #2207, .T. ) ;
#750 = CIRCLE ( 'NONE', #1669, 0.6250000000000001110 ) ;
#751 = VERTEX_POINT ( 'NONE', #198 ) ;
#752 = PLANE ( 'NONE',  #550 ) ;
#753 = EDGE_CURVE ( 'NONE', #1948, #2223, #2098, .T. ) ;
#754 = ORIENTED_EDGE ( 'NONE', *, *, #1623, .F. ) ;
#755 = EDGE_CURVE ( 'NONE', #1180, #1395, #2649, .T. ) ;
#756 = DIRECTION ( 'NONE',  ( 1.000000000000000000, 0.000000000000000000, 0.000000000000000000 ) ) ;
#757 = CYLINDRICAL_SURFACE ( 'NONE', #720, 10.50000000000000000 ) ;
#758 = EDGE_LOOP ( 'NONE', ( #2261, #1731, #1446, #524 ) ) ;
#759 = ORIENTED_EDGE ( 'NONE', *, *, #268, .T. ) ;
#760 = CARTESIAN_POINT ( 'NONE',  ( 3.469446951953614189E-15, -8.673617379884035472E-16, -12.00000000000000000 ) ) ;
#761 = CARTESIAN_POINT ( 'NONE',  ( 0.000000000000000000, 0.000000000000000000, -12.00000000000000000 ) ) ;
#762 = CARTESIAN_POINT ( 'NONE',  ( 0.000000000000000000, 5.999999999999996447, 3.250000000000005329 ) ) ;
#763 = VERTEX_POINT ( 'NONE', #1963 ) ;
#764 = DIRECTION ( 'NONE',  ( 0.000000000000000000, -1.000000000000000000, 0.000000000000000000 ) ) ;
#765 = ORIENTED_EDGE ( 'NONE', *, *, #2493, .F. ) ;
#766 = DIRECTION ( 'NONE',  ( -0.000000000000000000, 0.000000000000000000, 1.000000000000000000 ) ) ;
#767 = ORIENTED_EDGE ( 'NONE', *, *, #2102, .F. ) ;
#768 = CARTESIAN_POINT ( 'NONE',  ( 16.00000000000000000, 5.999999999999992895, 7.000000000000000888 ) ) ;
#769 = LINE ( 'NONE', #2578, #2648 ) ;
#770 = CIRCLE ( 'NONE', #907, 0.6250000000000005551 ) ;
#771 = CARTESIAN_POINT ( 'NONE',  ( -9.708243919473794392, 4.000000000000005329, -12.00000000000000000 ) ) ;
#772 = CARTESIAN_POINT ( 'NONE',  ( -12.38305186603733965, 4.000000000000005329, -12.00000000000000000 ) ) ;
#773 = CARTESIAN_POINT ( 'NONE',  ( 0.000000000000000000, 2.232233047033621798, 7.625000000000003553 ) ) ;
#774 = VERTEX_POINT ( 'NONE', #2432 ) ;
#775 = CARTESIAN_POINT ( 'NONE',  ( -13.99999999999999822, -3.999999999999999112, 9.000000000000001776 ) ) ;
#776 = ORIENTED_EDGE ( 'NONE', *, *, #1530, .T. ) ;
#777 = CYLINDRICAL_SURFACE ( 'NONE', #2675, 1.510000000000000009 ) ;
#778 = CARTESIAN_POINT ( 'NONE',  ( -16.00000000000000000, 0.000000000000000000, 0.000000000000000000 ) ) ;
#779 = CIRCLE ( 'NONE', #406, 10.50000000000000000 ) ;
#780 = ADVANCED_FACE ( 'NONE', ( #1 ), #2191, .F. ) ;
#781 = ORIENTED_EDGE ( 'NONE', *, *, #2492, .T. ) ;
#782 = CARTESIAN_POINT ( 'NONE',  ( 12.71367322044321746, -4.444444444444443754, -12.50000000000000000 ) ) ;
#783 = CARTESIAN_POINT ( 'NONE',  ( -13.67499999999999893, -4.999999999999999112, -9.500000000000000000 ) ) ;
#784 = CARTESIAN_POINT ( 'NONE',  ( 0.000000000000000000, 3.999999999999994671, 2.625000000000004885 ) ) ;
#785 = EDGE_CURVE ( 'NONE', #1157, #1311, #1282, .T. ) ;
#786 = CARTESIAN_POINT ( 'NONE',  ( -13.99999999999999822, -5.000000000000000000, 7.500000000000001776 ) ) ;
#787 = DIRECTION ( 'NONE',  ( 1.826024711554533420E-16, 0.000000000000000000, -1.000000000000000000 ) ) ;
#788 = CARTESIAN_POINT ( 'NONE',  ( 12.88420823521119729, 5.616524041056777605, -12.09017709456486322 ) ) ;
#789 = ORIENTED_EDGE ( 'NONE', *, *, #2657, .F. ) ;
#790 = CARTESIAN_POINT ( 'NONE',  ( 0.000000000000000000, 0.000000000000000000, 1.500000000000000000 ) ) ;
#791 = VECTOR ( 'NONE', #2233, 1000.000000000000000 ) ;
#792 = ORIENTED_EDGE ( 'NONE', *, *, #1623, .T. ) ;
#793 = CARTESIAN_POINT ( 'NONE',  ( -12.32500000000000284, -4.999999999999999112, -9.500000000000000000 ) ) ;
#794 = FACE_OUTER_BOUND ( 'NONE', #2526, .T. ) ;
#795 = VERTEX_POINT ( 'NONE', #847 ) ;
#796 = CARTESIAN_POINT ( 'NONE',  ( 0.000000000000000000, 0.000000000000000000, -12.00000000000000000 ) ) ;
#797 = FACE_OUTER_BOUND ( 'NONE', #1810, .T. ) ;
#798 = DIRECTION ( 'NONE',  ( 1.000000000000000000, 0.000000000000000000, 0.000000000000000000 ) ) ;
#799 = EDGE_CURVE ( 'NONE', #763, #2576, #1725, .T. ) ;
#800 = CARTESIAN_POINT ( 'NONE',  ( 14.00000000000000000, 0.000000000000000000, 7.000000000000000888 ) ) ;
#801 = AXIS2_PLACEMENT_3D ( 'NONE', #2693, #1353, #2726 ) ;
#802 = DIRECTION ( 'NONE',  ( -0.4581228472907292182, 0.8888888888889516782, 0.000000000000000000 ) ) ;
#803 = EDGE_LOOP ( 'NONE', ( #457, #9, #2828, #1757 ) ) ;
#804 = CARTESIAN_POINT ( 'NONE',  ( -13.00000000000000178, 4.999999999999999112, -12.00000000000000000 ) ) ;
#805 = CIRCLE ( 'NONE', #941, 9.500000000000001776 ) ;
#806 = ORIENTED_EDGE ( 'NONE', *, *, #190, .F. ) ;
#807 = DIRECTION ( 'NONE',  ( -0.000000000000000000, 0.000000000000000000, 1.000000000000000000 ) ) ;
#808 = CARTESIAN_POINT ( 'NONE',  ( 10.99999999999999822, 11.00000000000000000, 2.000000000000000000 ) ) ;
#809 = AXIS2_PLACEMENT_3D ( 'NONE', #2705, #1562, #2054 ) ;
#810 = EDGE_CURVE ( 'NONE', #514, #2126, #957, .T. ) ;
#811 = EDGE_CURVE ( 'NONE', #2654, #2029, #250, .T. ) ;
#812 = VECTOR ( 'NONE', #202, 1000.000000000000000 ) ;
#813 = EDGE_LOOP ( 'NONE', ( #1365, #954, #333, #1006, #1345, #1786 ) ) ;
#814 = ORIENTED_EDGE ( 'NONE', *, *, #2065, .F. ) ;
#815 = CARTESIAN_POINT ( 'NONE',  ( -13.20511305644677158, 6.000000000000004441, -11.97510442386265517 ) ) ;
#816 = DIRECTION ( 'NONE',  ( 0.000000000000000000, -1.000000000000000000, -6.814985084194600849E-16 ) ) ;
#817 = DIRECTION ( 'NONE',  ( -0.000000000000000000, 1.000000000000000000, 4.003208021484941004E-16 ) ) ;
#818 = CARTESIAN_POINT ( 'NONE',  ( 12.90034686189211932, 4.375000672361867515, -12.48412323076150621 ) ) ;
#819 = EDGE_LOOP ( 'NONE', ( #2279, #700, #19, #926, #1841, #2086, #1299, #486, #321, #428, #1351, #2553, #836, #2446, #715, #626, #132, #1517, #2427, #974, #451, #1371, #1589 ) ) ;
#820 = PLANE ( 'NONE',  #2074 ) ;
#821 = ORIENTED_EDGE ( 'NONE', *, *, #67, .F. ) ;
#822 = EDGE_CURVE ( 'NONE', #2776, #2815, #2464, .T. ) ;
#823 = CARTESIAN_POINT ( 'NONE',  ( 12.78369958558729991, -5.589139725661164348, -12.06026643084119954 ) ) ;
#824 = CIRCLE ( 'NONE', #1153, 2.000000000000000000 ) ;
#825 = DIRECTION ( 'NONE',  ( -0.000000000000000000, 0.000000000000000000, 1.000000000000000000 ) ) ;
#826 = EDGE_CURVE ( 'NONE', #1629, #908, #915, .T. ) ;
#827 = ORIENTED_EDGE ( 'NONE', *, *, #826, .T. ) ;
#828 = DIRECTION ( 'NONE',  ( -1.000000000000000000, 0.000000000000000000, 0.000000000000000000 ) ) ;
#829 = TOROIDAL_SURFACE ( 'NONE', #2303, 1.125000000000000666, 0.5000000000000000000 ) ;
#830 = AXIS2_PLACEMENT_3D ( 'NONE', #2361, #853, #1259 ) ;
#831 = CARTESIAN_POINT ( 'NONE',  ( -11.00000000000000000, 8.000000000000000000, 2.000000000000001776 ) ) ;
#832 = DIRECTION ( 'NONE',  ( 1.000000000000000000, 0.000000000000000000, 0.000000000000000000 ) ) ;
#833 = DIRECTION ( 'NONE',  ( 0.000000000000000000, -1.000000000000000000, -6.814985084194600849E-16 ) ) ;
#834 = CARTESIAN_POINT ( 'NONE',  ( 12.64814348681315259, 6.000000000000005329, -12.00000000000000000 ) ) ;
#835 = ADVANCED_FACE ( 'NONE', ( #703 ), #42, .T. ) ;
#836 = ORIENTED_EDGE ( 'NONE', *, *, #1717, .T. ) ;
#837 = DIRECTION ( 'NONE',  ( -0.000000000000000000, 0.000000000000000000, 1.000000000000000000 ) ) ;
#838 = ORIENTED_EDGE ( 'NONE', *, *, #1690, .F. ) ;
#839 = CARTESIAN_POINT ( 'NONE',  ( 12.82144462157413400, -6.000000000000000000, -12.00000000000000000 ) ) ;
#840 = B_SPLINE_CURVE_WITH_KNOTS ( 'NONE', 3,
 ( #1213, #1860, #2717, #1874, #341, #2094, #2554, #560 ),
 .UNSPECIFIED., .F., .F.,
 ( 4, 2, 2, 4 ),
 ( 0.000000000000000000, 0.0006167135740093849074, 0.0009250703610140799090, 0.001233427148018775019 ),
 .UNSPECIFIED. ) ;
#841 = DIRECTION ( 'NONE',  ( 1.000000000000000000, 0.000000000000000000, 0.000000000000000000 ) ) ;
#842 = ADVANCED_FACE ( 'NONE', ( #27 ), #2504, .T. ) ;
#843 = EDGE_LOOP ( 'NONE', ( #644, #2437, #1359, #1658, #327 ) ) ;
#844 = CARTESIAN_POINT ( 'NONE',  ( 12.94230485473656422, 4.374989958663707768, -12.09683330445583849 ) ) ;
#845 = AXIS2_PLACEMENT_3D ( 'NONE', #239, #28, #1325 ) ;
#846 = CARTESIAN_POINT ( 'NONE',  ( 0.000000000000000000, 0.000000000000000000, -14.00000000000000000 ) ) ;
#847 = CARTESIAN_POINT ( 'NONE',  ( 3.500000000000003553, -8.673617379884035472E-16, -1.000000000000000000 ) ) ;
#848 = CARTESIAN_POINT ( 'NONE',  ( 9.000000000000000000, 6.000000000000002665, -12.00000000000000000 ) ) ;
#849 = VERTEX_POINT ( 'NONE', #1599 ) ;
#850 = FACE_BOUND ( 'NONE', #1472, .T. ) ;
#851 = CIRCLE ( 'NONE', #1270, 0.6250000000000005551 ) ;
#852 = ORIENTED_EDGE ( 'NONE', *, *, #211, .T. ) ;
#853 = DIRECTION ( 'NONE',  ( -0.000000000000000000, 0.000000000000000000, 1.000000000000000000 ) ) ;
#854 = AXIS2_PLACEMENT_3D ( 'NONE', #586, #1466, #1026 ) ;
#855 = ORIENTED_EDGE ( 'NONE', *, *, #2311, .F. ) ;
#856 = DIRECTION ( 'NONE',  ( 0.000000000000000000, 0.000000000000000000, -1.000000000000000000 ) ) ;
#857 = VECTOR ( 'NONE', #2567, 1000.000000000000000 ) ;
#858 = DIRECTION ( 'NONE',  ( 0.000000000000000000, -0.000000000000000000, -1.000000000000000000 ) ) ;
#859 = ORIENTED_EDGE ( 'NONE', *, *, #1081, .T. ) ;
#860 = ADVANCED_FACE ( 'NONE', ( #279 ), #1624, .F. ) ;
#861 = CARTESIAN_POINT ( 'NONE',  ( 9.165151389911683211, -4.000000000000000888, 0.000000000000000000 ) ) ;
#862 = DIRECTION ( 'NONE',  ( -0.000000000000000000, -0.000000000000000000, -1.000000000000000000 ) ) ;
#863 = CARTESIAN_POINT ( 'NONE',  ( 13.00000000000000178, -4.999999999999999112, -12.50000000000000000 ) ) ;
#864 = VECTOR ( 'NONE', #489, 1000.000000000000000 ) ;
#865 = ORIENTED_EDGE ( 'NONE', *, *, #2620, .F. ) ;
#866 = CARTESIAN_POINT ( 'NONE',  ( 12.64883742738124184, -6.000000000000000000, -12.00000000000000000 ) ) ;
#867 = DIRECTION ( 'NONE',  ( 0.000000000000000000, -1.000000000000000000, 0.000000000000000000 ) ) ;
#868 = ORIENTED_EDGE ( 'NONE', *, *, #810, .F. ) ;
#869 = CARTESIAN_POINT ( 'NONE',  ( 0.000000000000000000, 0.000000000000000000, 2.000000000000000000 ) ) ;
#870 = EDGE_CURVE ( 'NONE', #2542, #215, #291, .T. ) ;
#871 = DIRECTION ( 'NONE',  ( 0.000000000000000000, -0.000000000000000000, 1.000000000000000000 ) ) ;
#872 = EDGE_CURVE ( 'NONE', #1534, #98, #1781, .T. ) ;
#873 = CARTESIAN_POINT ( 'NONE',  ( 12.74002649371403706, -4.430862156723600620, -12.03492545813880810 ) ) ;
#874 = AXIS2_PLACEMENT_3D ( 'NONE', #230, #46, #1129 ) ;
#875 = CARTESIAN_POINT ( 'NONE',  ( 16.00000000000000000, 6.000000000000005329, -11.99999999999999645 ) ) ;
#876 = EDGE_CURVE ( 'NONE', #1534, #1205, #525, .T. ) ;
#877 = CYLINDRICAL_SURFACE ( 'NONE', #2732, 10.00000000000000178 ) ;
#878 = CARTESIAN_POINT ( 'NONE',  ( -13.00000000000000178, -4.999999999999999112, -9.500000000000000000 ) ) ;
#879 = ORIENTED_EDGE ( 'NONE', *, *, #1173, .T. ) ;
#880 = DIRECTION ( 'NONE',  ( -1.000000000000000000, -0.000000000000000000, 0.000000000000000000 ) ) ;
#881 = ORIENTED_EDGE ( 'NONE', *, *, #236, .T. ) ;
#882 = CARTESIAN_POINT ( 'NONE',  ( 3.469446951953614189E-15, -8.673617379884035472E-16, -1.000000000000000000 ) ) ;
#883 = CARTESIAN_POINT ( 'NONE',  ( 13.25997350628582794, 4.430862156723944345, -12.03492545813889869 ) ) ;
#884 = CARTESIAN_POINT ( 'NONE',  ( 13.51538820320221213, -4.000000000000000000, -12.00000000000000000 ) ) ;
#885 = VECTOR ( 'NONE', #2505, 1000.000000000000000 ) ;
#886 = ORIENTED_EDGE ( 'NONE', *, *, #753, .F. ) ;
#887 = LINE ( 'NONE', #875, #669 ) ;
#888 = CARTESIAN_POINT ( 'NONE',  ( -11.00000000000000000, -6.000000000000000000, -12.00000000000000000 ) ) ;
#889 = CARTESIAN_POINT ( 'NONE',  ( 0.000000000000000000, 2.232233047033621798, 7.625000000000003553 ) ) ;
#890 = ORIENTED_EDGE ( 'NONE', *, *, #1172, .F. ) ;
#891 = CARTESIAN_POINT ( 'NONE',  ( 0.000000000000000000, 0.000000000000000000, -12.00000000000000000 ) ) ;
#892 = ORIENTED_EDGE ( 'NONE', *, *, #1261, .T. ) ;
#893 = CARTESIAN_POINT ( 'NONE',  ( 0.000000000000000000, 0.000000000000000000, 2.000000000000003553 ) ) ;
#894 = DIRECTION ( 'NONE',  ( 1.000000000000000000, -0.000000000000000000, -0.000000000000000000 ) ) ;
#895 = EDGE_CURVE ( 'NONE', #751, #464, #1818, .T. ) ;
#896 = DIRECTION ( 'NONE',  ( -1.000000000000000000, 0.000000000000000000, 0.000000000000000000 ) ) ;
#897 = ORIENTED_EDGE ( 'NONE', *, *, #876, .F. ) ;
#898 = VERTEX_POINT ( 'NONE', #1611 ) ;
#899 = AXIS2_PLACEMENT_3D ( 'NONE', #1450, #598, #2364 ) ;
#900 = CARTESIAN_POINT ( 'NONE',  ( -14.00000000000000000, 0.000000000000000000, 7.000000000000000888 ) ) ;
#901 = DIRECTION ( 'NONE',  ( -0.000000000000000000, -0.000000000000000000, -1.000000000000000000 ) ) ;
#902 = CARTESIAN_POINT ( 'NONE',  ( -8.616843969807044701, -3.999999999999999112, 2.000000000000000000 ) ) ;
#903 = EDGE_CURVE ( 'NONE', #552, #1258, #937, .T. ) ;
#904 = ORIENTED_EDGE ( 'NONE', *, *, #1295, .F. ) ;
#905 = CARTESIAN_POINT ( 'NONE',  ( 0.000000000000000000, 0.000000000000000000, 0.000000000000000000 ) ) ;
#906 = EDGE_CURVE ( 'NONE', #2708, #2309, #2060, .T. ) ;
#907 = AXIS2_PLACEMENT_3D ( 'NONE', #219, #2644, #1483 ) ;
#908 = VERTEX_POINT ( 'NONE', #2002 ) ;
#909 = EDGE_CURVE ( 'NONE', #1227, #404, #1843, .T. ) ;
#910 = DIRECTION ( 'NONE',  ( -1.000000000000000000, -0.000000000000000000, -0.000000000000000000 ) ) ;
#911 = CARTESIAN_POINT ( 'NONE',  ( 0.000000000000000000, 8.000000000000000000, 2.000000000000000000 ) ) ;
#912 = CARTESIAN_POINT ( 'NONE',  ( -12.32500000000000284, 4.999999999999999112, -9.500000000000000000 ) ) ;
#913 = VERTEX_POINT ( 'NONE', #942 ) ;
#914 = ORIENTED_EDGE ( 'NONE', *, *, #1173, .F. ) ;
#915 = LINE ( 'NONE', #2015, #1498 ) ;
#916 = CARTESIAN_POINT ( 'NONE',  ( 0.000000000000000000, 3.999999999999994671, 2.625000000000004885 ) ) ;
#917 = LINE ( 'NONE', #2194, #2577 ) ;
#918 = CIRCLE ( 'NONE', #735, 1.174999999999998934 ) ;
#919 = AXIS2_PLACEMENT_3D ( 'NONE', #1981, #807, #2414 ) ;
#920 = VERTEX_POINT ( 'NONE', #2712 ) ;
#921 = EDGE_LOOP ( 'NONE', ( #1643, #1739, #722, #507 ) ) ;
#922 = DIRECTION ( 'NONE',  ( -1.000000000000000000, 0.000000000000000000, 0.000000000000000000 ) ) ;
#923 = CARTESIAN_POINT ( 'NONE',  ( 9.708243919473813932, 3.999999999999976463, 29.69848480983500139 ) ) ;
#924 = EDGE_CURVE ( 'NONE', #87, #2328, #2050, .T. ) ;
#925 = DIRECTION ( 'NONE',  ( 0.000000000000000000, 6.814985084194601835E-16, -1.000000000000000000 ) ) ;
#926 = ORIENTED_EDGE ( 'NONE', *, *, #2831, .T. ) ;
#927 = VERTEX_POINT ( 'NONE', #481 ) ;
#928 = VECTOR ( 'NONE', #2666, 1000.000000000000000 ) ;
#929 = DIRECTION ( 'NONE',  ( 1.000000000000000000, 0.000000000000000000, 1.156482317317874486E-15 ) ) ;
#930 = DIRECTION ( 'NONE',  ( 1.000000000000000000, 0.000000000000000000, 0.000000000000000000 ) ) ;
#931 = LINE ( 'NONE', #56, #1005 ) ;
#932 = ORIENTED_EDGE ( 'NONE', *, *, #2011, .F. ) ;
#933 = CARTESIAN_POINT ( 'NONE',  ( 0.000000000000000000, 5.999999999999996447, 2.000000000000000000 ) ) ;
#934 = ORIENTED_EDGE ( 'NONE', *, *, #1463, .T. ) ;
#935 = DIRECTION ( 'NONE',  ( -1.000000000000000000, 0.000000000000000000, 0.000000000000000000 ) ) ;
#936 = CARTESIAN_POINT ( 'NONE',  ( 9.708243919473805050, -4.000000000000000888, 0.000000000000000000 ) ) ;
#937 = CIRCLE ( 'NONE', #1310, 3.500000000000000000 ) ;
#938 = CARTESIAN_POINT ( 'NONE',  ( 0.000000000000000000, 0.000000000000000000, -12.00000000000000000 ) ) ;
#939 = ORIENTED_EDGE ( 'NONE', *, *, #716, .T. ) ;
#940 = ORIENTED_EDGE ( 'NONE', *, *, #1858, .T. ) ;
#941 = AXIS2_PLACEMENT_3D ( 'NONE', #2393, #196, #2622 ) ;
#942 = CARTESIAN_POINT ( 'NONE',  ( -13.61694813396264259, 6.000000000000005329, -11.99999999999999645 ) ) ;
#943 = FACE_OUTER_BOUND ( 'NONE', #2606, .T. ) ;
#944 = EDGE_CURVE ( 'NONE', #2555, #1057, #1368, .T. ) ;
#945 = DIRECTION ( 'NONE',  ( 0.000000000000000000, 1.000000000000000000, -0.000000000000000000 ) ) ;
#946 = VECTOR ( 'NONE', #110, 1000.000000000000000 ) ;
#947 = EDGE_LOOP ( 'NONE', ( #1760, #516, #890, #1665 ) ) ;
#948 = CARTESIAN_POINT ( 'NONE',  ( 12.71367322044321924, -5.555555555555555358, -12.50000000000000000 ) ) ;
#949 = ORIENTED_EDGE ( 'NONE', *, *, #537, .T. ) ;
#950 = DIRECTION ( 'NONE',  ( -0.000000000000000000, -0.000000000000000000, -1.000000000000000000 ) ) ;
#951 = CARTESIAN_POINT ( 'NONE',  ( 0.000000000000000000, 0.000000000000000000, -0.9999999999999991118 ) ) ;
#952 = CARTESIAN_POINT ( 'NONE',  ( -9.000000000000000000, 6.000000000000005329, 9.000000000000001776 ) ) ;
#953 = EDGE_CURVE ( 'NONE', #290, #2643, #264, .T. ) ;
#954 = ORIENTED_EDGE ( 'NONE', *, *, #5, .F. ) ;
#955 = ORIENTED_EDGE ( 'NONE', *, *, #2282, .F. ) ;
#956 = EDGE_CURVE ( 'NONE', #1053, #424, #2788, .T. ) ;
#957 = LINE ( 'NONE', #731, #2740 ) ;
#958 = CARTESIAN_POINT ( 'NONE',  ( 16.00000000000000000, -5.000000000000000000, 7.000000000000002665 ) ) ;
#959 = CARTESIAN_POINT ( 'NONE',  ( -12.79488694355321776, 4.000000000000004441, -11.97510442386265161 ) ) ;
#960 = EDGE_CURVE ( 'NONE', #1772, #2708, #1013, .T. ) ;
#961 = VECTOR ( 'NONE', #963, 1000.000000000000000 ) ;
#962 = VERTEX_POINT ( 'NONE', #2320 ) ;
#963 = DIRECTION ( 'NONE',  ( 1.000000000000000000, -0.000000000000000000, -0.000000000000000000 ) ) ;
#964 = CIRCLE ( 'NONE', #2174, 0.5000000000000004441 ) ;
#965 = ORIENTED_EDGE ( 'NONE', *, *, #1386, .T. ) ;
#966 = DIRECTION ( 'NONE',  ( 0.000000000000000000, 1.000000000000000000, 4.003208021484940511E-16 ) ) ;
#967 = CARTESIAN_POINT ( 'NONE',  ( -9.000000000000000000, 8.000000000000000000, 9.000000000000001776 ) ) ;
#968 = ORIENTED_EDGE ( 'NONE', *, *, #1597, .T. ) ;
#969 = EDGE_LOOP ( 'NONE', ( #272, #297, #1025, #2452 ) ) ;
#970 = CARTESIAN_POINT ( 'NONE',  ( -13.99999999999999822, -6.000000000000000000, 7.500000000000001776 ) ) ;
#971 = CARTESIAN_POINT ( 'NONE',  ( 12.71367322044321213, 4.444444444444446418, -12.50000000000000000 ) ) ;
#972 = DIRECTION ( 'NONE',  ( 1.000000000000000000, 1.387778780781444492E-15, 0.000000000000000000 ) ) ;
#973 = CIRCLE ( 'NONE', #2270, 10.00000000000000178 ) ;
#974 = ORIENTED_EDGE ( 'NONE', *, *, #2351, .F. ) ;
#975 = CARTESIAN_POINT ( 'NONE',  ( -12.38305186603735919, 6.000000000000005329, -11.99999999999999645 ) ) ;
#976 = EDGE_LOOP ( 'NONE', ( #2603, #1721, #821, #1847, #2702, #255, #416, #1316, #39, #32, #304 ) ) ;
#977 = PRODUCT_DEFINITION ( 'UNKNOWN', '', #2254, #1678 ) ;
#978 = DIRECTION ( 'NONE',  ( 1.000000000000000000, 0.000000000000000000, 0.000000000000000000 ) ) ;
#979 = VERTEX_POINT ( 'NONE', #1423 ) ;
#980 = CARTESIAN_POINT ( 'NONE',  ( 16.00000000000000000, -5.000000000000000000, 7.000000000000002665 ) ) ;
#981 = CARTESIAN_POINT ( 'NONE',  ( 14.12500000000000178, -4.999999999999999112, -12.00000000000000000 ) ) ;
#982 = DIRECTION ( 'NONE',  ( -0.000000000000000000, 0.000000000000000000, 1.000000000000000000 ) ) ;
#983 = DIRECTION ( 'NONE',  ( -0.000000000000000000, -0.000000000000000000, 1.000000000000000000 ) ) ;
#984 = LINE ( 'NONE', #155, #946 ) ;
#985 = AXIS2_PLACEMENT_3D ( 'NONE', #796, #1680, #585 ) ;
#986 = ORIENTED_EDGE ( 'NONE', *, *, #1803, .F. ) ;
#987 = CYLINDRICAL_SURFACE ( 'NONE', #1244, 2.000000000000000000 ) ;
#988 = EDGE_CURVE ( 'NONE', #1853, #2542, #769, .T. ) ;
#989 = ADVANCED_FACE ( 'NONE', ( #797 ), #2778, .F. ) ;
#990 = VECTOR ( 'NONE', #1970, 1000.000000000000000 ) ;
#991 = EDGE_LOOP ( 'NONE', ( #597, #2283 ) ) ;
#992 = DIRECTION ( 'NONE',  ( -0.000000000000000000, 0.000000000000000000, 1.000000000000000000 ) ) ;
#993 = DIRECTION ( 'NONE',  ( 1.000000000000000000, 0.000000000000000000, 0.000000000000000000 ) ) ;
#994 = ADVANCED_FACE ( 'NONE', ( #351 ), #998, .F. ) ;
#995 = ORIENTED_EDGE ( 'NONE', *, *, #1756, .T. ) ;
#996 = CARTESIAN_POINT ( 'NONE',  ( 13.00000000000000178, 4.999999999999999112, -14.00000000000000000 ) ) ;
#997 = CIRCLE ( 'NONE', #692, 2.000000000000000000 ) ;
#998 = PLANE ( 'NONE',  #2192 ) ;
#999 = CIRCLE ( 'NONE', #2756, 1.125000000000000888 ) ;
#1000 = CARTESIAN_POINT ( 'NONE',  ( -9.165151389911683211, 3.999999999999998224, 0.000000000000000000 ) ) ;
#1001 = CARTESIAN_POINT ( 'NONE',  ( -9.000000000000000000, 0.000000000000000000, 2.000000000000000000 ) ) ;
#1002 = DIRECTION ( 'NONE',  ( -1.826024711554533667E-16, 0.000000000000000000, 1.000000000000000000 ) ) ;
#1003 = ORIENTED_EDGE ( 'NONE', *, *, #749, .T. ) ;
#1004 = DIRECTION ( 'NONE',  ( 0.000000000000000000, -0.000000000000000000, -1.000000000000000000 ) ) ;
#1005 = VECTOR ( 'NONE', #2697, 1000.000000000000000 ) ;
#1006 = ORIENTED_EDGE ( 'NONE', *, *, #1987, .F. ) ;
#1007 = CARTESIAN_POINT ( 'NONE',  ( -14.17500000000000071, 4.999999999999999112, -11.50000000000000000 ) ) ;
#1008 = DIRECTION ( 'NONE',  ( -0.000000000000000000, -0.000000000000000000, 1.000000000000000000 ) ) ;
#1009 = AXIS2_PLACEMENT_3D ( 'NONE', #370, #1050, #158 ) ;
#1010 = ORIENTED_EDGE ( 'NONE', *, *, #2327, .F. ) ;
#1011 = EDGE_CURVE ( 'NONE', #1311, #142, #1250, .T. ) ;
#1012 = ORIENTED_EDGE ( 'NONE', *, *, #287, .F. ) ;
#1013 = LINE ( 'NONE', #2336, #1031 ) ;
#1014 = DIRECTION ( 'NONE',  ( 0.000000000000000000, 0.000000000000000000, -1.000000000000000000 ) ) ;
#1015 = CARTESIAN_POINT ( 'NONE',  ( 0.000000000000000000, 0.000000000000000000, 0.000000000000000000 ) ) ;
#1016 = CARTESIAN_POINT ( 'NONE',  ( 0.000000000000000000, 2.232233047033621354, 8.250000000000003553 ) ) ;
#1017 = CARTESIAN_POINT ( 'NONE',  ( 13.28632677955640951, 5.555555555555748981, -12.00000000000048672 ) ) ;
#1018 = ORIENTED_EDGE ( 'NONE', *, *, #1510, .F. ) ;
#1019 = CARTESIAN_POINT ( 'NONE',  ( -9.165151389911684987, 3.999999999999996447, 1.638659938029004337 ) ) ;
#1020 = ORIENTED_EDGE ( 'NONE', *, *, #306, .F. ) ;
#1021 = CARTESIAN_POINT ( 'NONE',  ( -11.00000000000000000, 10.99999999999999822, -12.00000000000000000 ) ) ;
#1022 = LINE ( 'NONE', #535, #1687 ) ;
#1023 = CIRCLE ( 'NONE', #2640, 9.500000000000001776 ) ;
#1024 = ORIENTED_EDGE ( 'NONE', *, *, #1563, .T. ) ;
#1025 = ORIENTED_EDGE ( 'NONE', *, *, #2235, .T. ) ;
#1026 = DIRECTION ( 'NONE',  ( 0.000000000000000000, 4.336808689942017736E-16, -1.000000000000000000 ) ) ;
#1027 = CARTESIAN_POINT ( 'NONE',  ( -16.00000000000000000, -5.000000000000000000, 7.000000000000002665 ) ) ;
#1028 = EDGE_CURVE ( 'NONE', #142, #1289, #1235, .T. ) ;
#1029 = CARTESIAN_POINT ( 'NONE',  ( 8.892692719212003993, -4.000000000000000888, 1.951743624245669606 ) ) ;
#1030 = EDGE_CURVE ( 'NONE', #2542, #1181, #1591, .T. ) ;
#1031 = VECTOR ( 'NONE', #2104, 1000.000000000000000 ) ;
#1032 = DIRECTION ( 'NONE',  ( 0.000000000000000000, 1.000000000000000000, 0.000000000000000000 ) ) ;
#1033 = EDGE_LOOP ( 'NONE', ( #634, #1263, #1037, #488 ) ) ;
#1034 = DIRECTION ( 'NONE',  ( 0.000000000000000000, -6.814985084194600849E-16, 1.000000000000000000 ) ) ;
#1035 = EDGE_CURVE ( 'NONE', #1071, #2023, #1206, .T. ) ;
#1036 = AXIS2_PLACEMENT_3D ( 'NONE', #1682, #1451, #2735 ) ;
#1037 = ORIENTED_EDGE ( 'NONE', *, *, #1976, .T. ) ;
#1038 = CARTESIAN_POINT ( 'NONE',  ( 12.91047191507047032, -6.000000000000000000, -12.00000000000000000 ) ) ;
#1039 = FACE_OUTER_BOUND ( 'NONE', #730, .T. ) ;
#1040 = AXIS2_PLACEMENT_3D ( 'NONE', #2377, #856, #389 ) ;
#1041 = ORIENTED_EDGE ( 'NONE', *, *, #1931, .T. ) ;
#1042 = DIRECTION ( 'NONE',  ( 0.000000000000000000, -0.000000000000000000, -1.000000000000000000 ) ) ;
#1043 = EDGE_CURVE ( 'NONE', #2656, #2737, #1897, .T. ) ;
#1044 = DIRECTION ( 'NONE',  ( -0.000000000000000000, -1.000000000000000000, -0.000000000000000000 ) ) ;
#1045 = DIRECTION ( 'NONE',  ( 0.000000000000000000, -1.000000000000000000, -4.003208021484940511E-16 ) ) ;
#1046 = VECTOR ( 'NONE', #1176, 1000.000000000000000 ) ;
#1047 = DIRECTION ( 'NONE',  ( -0.000000000000000000, 1.000000000000000000, 4.003208021484941004E-16 ) ) ;
#1048 = CARTESIAN_POINT ( 'NONE',  ( 10.99999999999999822, 11.00000000000000000, 2.000000000000000000 ) ) ;
#1049 = ORIENTED_EDGE ( 'NONE', *, *, #870, .T. ) ;
#1050 = DIRECTION ( 'NONE',  ( 0.000000000000000000, -0.000000000000000000, -1.000000000000000000 ) ) ;
#1051 = EDGE_CURVE ( 'NONE', #1692, #98, #1774, .T. ) ;
#1052 = EDGE_CURVE ( 'NONE', #314, #1395, #434, .T. ) ;
#1053 = VERTEX_POINT ( 'NONE', #981 ) ;
#1054 = FILL_AREA_STYLE ('',( #1084 ) ) ;
#1055 = VECTOR ( 'NONE', #1885, 1000.000000000000000 ) ;
#1056 = FACE_OUTER_BOUND ( 'NONE', #1152, .T. ) ;
#1057 = VERTEX_POINT ( 'NONE', #1652 ) ;
#1058 = CARTESIAN_POINT ( 'NONE',  ( 14.00000000000000000, -5.000000000000000000, 7.000000000000000888 ) ) ;
#1059 = VECTOR ( 'NONE', #382, 1000.000000000000000 ) ;
#1060 = AXIS2_PLACEMENT_3D ( 'NONE', #1242, #2511, #130 ) ;
#1061 = CARTESIAN_POINT ( 'NONE',  ( 13.28632677955678432, -4.444444444444443754, -12.50000000000000000 ) ) ;
#1062 = ORIENTED_EDGE ( 'NONE', *, *, #1987, .T. ) ;
#1063 = CARTESIAN_POINT ( 'NONE',  ( -11.00000000000000000, -6.000000000000000000, 2.000000000000000000 ) ) ;
#1064 = DIRECTION ( 'NONE',  ( -0.8888888888889520112, -0.4581228472907288296, 6.437203310420173620E-14 ) ) ;
#1065 = EDGE_LOOP ( 'NONE', ( #2159, #1165, #2114, #1735 ) ) ;
#1066 = CARTESIAN_POINT ( 'NONE',  ( 9.708243919473805050, -4.000000000000000000, -12.00000000000000000 ) ) ;
#1067 = ORIENTED_EDGE ( 'NONE', *, *, #1463, .F. ) ;
#1068 = LINE ( 'NONE', #622, #1477 ) ;
#1069 = FACE_OUTER_BOUND ( 'NONE', #1489, .T. ) ;
#1070 = AXIS2_PLACEMENT_3D ( 'NONE', #590, #1032, #354 ) ;
#1071 = VERTEX_POINT ( 'NONE', #2794 ) ;
#1072 = CARTESIAN_POINT ( 'NONE',  ( 12.78369958558666752, 4.410860274338945786, -12.06026643084104144 ) ) ;
#1073 = VECTOR ( 'NONE', #1792, 1000.000000000000000 ) ;
#1074 = CARTESIAN_POINT ( 'NONE',  ( 12.48461179679779143, -4.000000000000000000, -12.00000000000000000 ) ) ;
#1075 = DIRECTION ( 'NONE',  ( 0.000000000000000000, 0.000000000000000000, 1.000000000000000000 ) ) ;
#1076 = CARTESIAN_POINT ( 'NONE',  ( 13.00000000000000178, -4.999999999999999112, -12.50000000000000000 ) ) ;
#1077 = CARTESIAN_POINT ( 'NONE',  ( 12.75736036478471647, 5.578071394380747172, -12.49999993464115988 ) ) ;
#1078 = DIRECTION ( 'NONE',  ( -0.000000000000000000, -0.000000000000000000, -1.000000000000000000 ) ) ;
#1079 = AXIS2_PLACEMENT_3D ( 'NONE', #1768, #421, #1977 ) ;
#1080 = EDGE_CURVE ( 'NONE', #2333, #913, #1356, .T. ) ;
#1081 = EDGE_CURVE ( 'NONE', #2458, #693, #569, .T. ) ;
#1082 = EDGE_CURVE ( 'NONE', #2176, #201, #2366, .T. ) ;
#1083 = ORIENTED_EDGE ( 'NONE', *, *, #2024, .F. ) ;
#1084 = FILL_AREA_STYLE_COLOUR ( '', #2814 ) ;
#1085 = DIRECTION ( 'NONE',  ( -1.000000000000000000, 0.000000000000000000, 0.000000000000000000 ) ) ;
#1086 = CIRCLE ( 'NONE', #296, 0.5000000000000004441 ) ;
#1087 = VERTEX_POINT ( 'NONE', #970 ) ;
#1088 = CARTESIAN_POINT ( 'NONE',  ( 13.35185651318679412, 4.000000000000005329, -12.00000000000000000 ) ) ;
#1089 = EDGE_CURVE ( 'NONE', #1637, #1218, #1856, .T. ) ;
#1090 = AXIS2_PLACEMENT_3D ( 'NONE', #2308, #326, #125 ) ;
#1091 = CARTESIAN_POINT ( 'NONE',  ( 13.24235702543940718, -4.421782951874645207, -12.49999993682089183 ) ) ;
#1092 =( BOUNDED_SURFACE ( )  B_SPLINE_SURFACE ( 3, 2, ( 
 ( #633, #2596, #1485 ),
 ( #1077, #2340, #2769 ),
 ( #2827, #2397, #834 ),
 ( #408, #788, #1713 ),
 ( #2582, #1238, #1950 ),
 ( #185, #1672, #2552 ),
 ( #574, #1470, #2123 ),
 ( #1254, #1499, #397 ),
 ( #139, #368, #2136 ),
 ( #604, #1017, #1902 ) ),
 .UNSPECIFIED., .F., .F., .F. ) 
 B_SPLINE_SURFACE_WITH_KNOTS ( ( 4, 2, 2, 2, 4 ),
 ( 3, 3 ),
 ( 0.0009762313280153376953, 0.001244594175610545328, 0.001512957023205752961, 0.001781319870800960594, 0.002049682718396168227 ),
 ( 0.000000000000000000, 1.000000000000000000 ),
 .UNSPECIFIED. ) 
 GEOMETRIC_REPRESENTATION_ITEM ( )  RATIONAL_B_SPLINE_SURFACE ( (
 ( 1.000000000000000000, 0.7071067811865939801, 1.000000000000000000),
 ( 1.000000000000000000, 0.7326832777473364366, 1.000000000000000000),
 ( 1.000000000000000000, 0.7541354686266001917, 1.000000000000000000),
 ( 1.000000000000000000, 0.7830305961666719217, 1.000000000000000000),
 ( 1.000000000000000000, 0.7905597741719511129, 1.000000000000000000),
 ( 1.000000000000000000, 0.7905790374414188859, 1.000000000000000000),
 ( 1.000000000000000000, 0.7829511399770681113, 1.000000000000000000),
 ( 1.000000000000000000, 0.7542579396000226311, 1.000000000000000000),
 ( 1.000000000000000000, 0.7328473795398965374, 1.000000000000000000),
 ( 1.000000000000000000, 0.7071067811868932962, 1.000000000000000000) ) ) 
 REPRESENTATION_ITEM ( '' )  SURFACE ( )  );
#1093 = CARTESIAN_POINT ( 'NONE',  ( 13.00000000000000178, -4.999999999999999112, -14.00000000000000000 ) ) ;
#1094 = CARTESIAN_POINT ( 'NONE',  ( -13.61694813396265502, -4.000000000000000000, -11.99999999999999645 ) ) ;
#1095 = DIRECTION ( 'NONE',  ( 0.000000000000000000, -1.000000000000000000, 0.000000000000000000 ) ) ;
#1096 = EDGE_LOOP ( 'NONE', ( #58, #2394, #1137, #1508, #2363, #2479, #2402, #2359, #575, #1274, #2459, #413, #1246, #2678, #1245, #2497, #2617, #2312, #26 ) ) ;
#1097 = CARTESIAN_POINT ( 'NONE',  ( 12.90080256773467049, -5.619046547257763535, -12.48722899635521166 ) ) ;
#1098 = DIRECTION ( 'NONE',  ( -0.000000000000000000, 0.000000000000000000, 1.000000000000000000 ) ) ;
#1099 = AXIS2_PLACEMENT_3D ( 'NONE', #2478, #498, #2077 ) ;
#1100 = VERTEX_POINT ( 'NONE', #2517 ) ;
#1101 = CARTESIAN_POINT ( 'NONE',  ( 1.510000000000000009, 0.000000000000000000, -14.00000000000000000 ) ) ;
#1102 = CYLINDRICAL_SURFACE ( 'NONE', #2335, 0.5000000000000004441 ) ;
#1103 = EDGE_CURVE ( 'NONE', #2071, #424, #336, .T. ) ;
#1104 = CARTESIAN_POINT ( 'NONE',  ( 12.90104437026574935, -4.380888838657759798, -12.48720827755427010 ) ) ;
#1105 = AXIS2_PLACEMENT_3D ( 'NONE', #270, #7, #880 ) ;
#1106 = ORIENTED_EDGE ( 'NONE', *, *, #629, .F. ) ;
#1107 = PRESENTATION_LAYER_ASSIGNMENT (  '', '', ( #409 ) ) ;
#1108 = CARTESIAN_POINT ( 'NONE',  ( 14.00000000000000000, -5.000000000000000000, 7.500000000000001776 ) ) ;
#1109 = CARTESIAN_POINT ( 'NONE',  ( -12.48629704042695465, -6.000000000000001776, -12.00000000000000533 ) ) ;
#1110 = DIRECTION ( 'NONE',  ( -0.000000000000000000, -0.000000000000000000, -1.000000000000000000 ) ) ;
#1111 = EDGE_CURVE ( 'NONE', #2023, #751, #1086, .T. ) ;
#1112 = ORIENTED_EDGE ( 'NONE', *, *, #2498, .F. ) ;
#1113 = CARTESIAN_POINT ( 'NONE',  ( 16.00000000000000000, 4.000000000000005329, -11.99999999999999467 ) ) ;
#1114 = ADVANCED_FACE ( 'NONE', ( #392 ), #2770, .F. ) ;
#1115 = EDGE_LOOP ( 'NONE', ( #1645, #879, #1922, #2661 ) ) ;
#1116 = DIRECTION ( 'NONE',  ( -0.000000000000000000, -0.000000000000000000, 1.000000000000000000 ) ) ;
#1117 = PLANE ( 'NONE',  #1135 ) ;
#1118 = CARTESIAN_POINT ( 'NONE',  ( 16.00000000000000000, 3.999999999999995559, 2.000000000000002665 ) ) ;
#1119 = AXIS2_PLACEMENT_3D ( 'NONE', #2076, #2322, #1382 ) ;
#1120 = ORIENTED_EDGE ( 'NONE', *, *, #1200, .T. ) ;
#1121 = ORIENTED_EDGE ( 'NONE', *, *, #1248, .F. ) ;
#1122 = EDGE_CURVE ( 'NONE', #2371, #502, #1224, .T. ) ;
#1123 = CARTESIAN_POINT ( 'NONE',  ( 12.48461179679794064, 6.000000000000075495, -12.50000000000000000 ) ) ;
#1124 = LINE ( 'NONE', #2003, #1759 ) ;
#1125 = CARTESIAN_POINT ( 'NONE',  ( -16.00000000000000000, 3.999999999999992450, 6.999999999999999112 ) ) ;
#1126 = EDGE_CURVE ( 'NONE', #1865, #2333, #671, .T. ) ;
#1127 = EDGE_CURVE ( 'NONE', #2584, #201, #1964, .T. ) ;
#1128 = ORIENTED_EDGE ( 'NONE', *, *, #903, .T. ) ;
#1129 = DIRECTION ( 'NONE',  ( 1.000000000000000000, 7.885106708985487801E-17, 0.000000000000000000 ) ) ;
#1130 = ORIENTED_EDGE ( 'NONE', *, *, #2365, .F. ) ;
#1131 = DIRECTION ( 'NONE',  ( 1.000000000000000000, 0.000000000000000000, 0.000000000000000000 ) ) ;
#1132 = VECTOR ( 'NONE', #496, 1000.000000000000000 ) ;
#1133 = DIRECTION ( 'NONE',  ( 1.000000000000000000, 0.000000000000000000, 0.000000000000000000 ) ) ;
#1134 = CARTESIAN_POINT ( 'NONE',  ( 16.00000000000000000, 6.000000000000005329, -11.99999999999999645 ) ) ;
#1135 = AXIS2_PLACEMENT_3D ( 'NONE', #612, #1536, #1290 ) ;
#1136 = ORIENTED_EDGE ( 'NONE', *, *, #31, .T. ) ;
#1137 = ORIENTED_EDGE ( 'NONE', *, *, #1229, .F. ) ;
#1138 = VECTOR ( 'NONE', #2177, 1000.000000000000000 ) ;
#1139 = EDGE_CURVE ( 'NONE', #1616, #979, #405, .T. ) ;
#1140 = CARTESIAN_POINT ( 'NONE',  ( 9.708243919473803274, -4.000000000000002665, 29.69848480983499783 ) ) ;
#1141 = CYLINDRICAL_SURFACE ( 'NONE', #2683, 10.50000000000000000 ) ;
#1142 = DIRECTION ( 'NONE',  ( 1.000000000000000000, 0.000000000000000000, 0.000000000000000000 ) ) ;
#1143 = ADVANCED_FACE ( 'NONE', ( #2822 ), #2332, .F. ) ;
#1144 = VERTEX_POINT ( 'NONE', #1738 ) ;
#1145 = CARTESIAN_POINT ( 'NONE',  ( 16.00000000000000000, -4.000000000000000000, -11.99999999999999645 ) ) ;
#1146 = AXIS2_PLACEMENT_3D ( 'NONE', #76, #2052, #1131 ) ;
#1147 = EDGE_LOOP ( 'NONE', ( #157, #2709, #2488, #2093 ) ) ;
#1148 = CARTESIAN_POINT ( 'NONE',  ( -16.00000000000000000, -4.000000000000000888, 0.000000000000000000 ) ) ;
#1149 = LINE ( 'NONE', #967, #436 ) ;
#1150 = CARTESIAN_POINT ( 'NONE',  ( -14.49999999999999645, -5.000000000000000000, -12.00000000000000178 ) ) ;
#1151 = EDGE_LOOP ( 'NONE', ( #1609, #2469, #949, #163 ) ) ;
#1152 = EDGE_LOOP ( 'NONE', ( #2384, #2783, #1215, #262, #66, #148, #1531, #2144, #1322 ) ) ;
#1153 = AXIS2_PLACEMENT_3D ( 'NONE', #2234, #252, #1770 ) ;
#1154 = CARTESIAN_POINT ( 'NONE',  ( 14.50000000000000355, -5.000000000000000000, -12.00000000000000178 ) ) ;
#1155 = DIRECTION ( 'NONE',  ( 0.000000000000000000, 0.000000000000000000, 1.000000000000000000 ) ) ;
#1156 = DIRECTION ( 'NONE',  ( 0.000000000000000000, 0.000000000000000000, -1.000000000000000000 ) ) ;
#1157 = VERTEX_POINT ( 'NONE', #831 ) ;
#1158 = FACE_OUTER_BOUND ( 'NONE', #1631, .T. ) ;
#1159 = ORIENTED_EDGE ( 'NONE', *, *, #688, .T. ) ;
#1160 = DIRECTION ( 'NONE',  ( 0.000000000000000000, 0.000000000000000000, -1.000000000000000000 ) ) ;
#1161 = DIRECTION ( 'NONE',  ( 1.000000000000000000, 0.000000000000000000, 0.000000000000000000 ) ) ;
#1162 = ADVANCED_FACE ( 'NONE', ( #2593 ), #2162, .T. ) ;
#1163 = CARTESIAN_POINT ( 'NONE',  ( -13.00000000000000178, -4.999999999999999112, -9.500000000000000000 ) ) ;
#1164 = ORIENTED_EDGE ( 'NONE', *, *, #2481, .T. ) ;
#1165 = ORIENTED_EDGE ( 'NONE', *, *, #2113, .F. ) ;
#1166 = CIRCLE ( 'NONE', #1488, 0.6250000000000005551 ) ;
#1167 = DIRECTION ( 'NONE',  ( 0.000000000000000000, 6.195440985631455317E-17, -1.000000000000000000 ) ) ;
#1168 = FACE_OUTER_BOUND ( 'NONE', #744, .T. ) ;
#1169 = CYLINDRICAL_SURFACE ( 'NONE', #1329, 0.6250000000000005551 ) ;
#1170 = ORIENTED_EDGE ( 'NONE', *, *, #2657, .T. ) ;
#1171 = FACE_OUTER_BOUND ( 'NONE', #2413, .T. ) ;
#1172 = EDGE_CURVE ( 'NONE', #1545, #2223, #805, .T. ) ;
#1173 = EDGE_CURVE ( 'NONE', #1350, #1495, #683, .T. ) ;
#1174 = EDGE_CURVE ( 'NONE', #1205, #314, #288, .T. ) ;
#1175 = EDGE_LOOP ( 'NONE', ( #2741, #1854 ) ) ;
#1176 = DIRECTION ( 'NONE',  ( -0.000000000000000000, -0.000000000000000000, 1.000000000000000000 ) ) ;
#1177 = CARTESIAN_POINT ( 'NONE',  ( 16.00000000000000000, -4.000000000000000000, -11.99999999999999645 ) ) ;
#1178 = VECTOR ( 'NONE', #929, 1000.000000000000000 ) ;
#1179 = DIRECTION ( 'NONE',  ( -0.000000000000000000, 0.000000000000000000, 1.000000000000000000 ) ) ;
#1180 = VERTEX_POINT ( 'NONE', #2677 ) ;
#1181 = VERTEX_POINT ( 'NONE', #38 ) ;
#1182 = ADVANCED_FACE ( 'NONE', ( #492 ), #2041, .F. ) ;
#1183 = CARTESIAN_POINT ( 'NONE',  ( 9.165151389911683211, 3.999999999999997335, 2.000000000000003553 ) ) ;
#1184 = CARTESIAN_POINT ( 'NONE',  ( -11.00000000000000000, 10.99999999999999822, 2.000000000000000000 ) ) ;
#1185 = LINE ( 'NONE', #2064, #313 ) ;
#1186 = CIRCLE ( 'NONE', #2152, 0.6749999999999984901 ) ;
#1187 = VERTEX_POINT ( 'NONE', #713 ) ;
#1188 = FACE_OUTER_BOUND ( 'NONE', #2265, .T. ) ;
#1189 = ORIENTED_EDGE ( 'NONE', *, *, #2319, .T. ) ;
#1190 = CARTESIAN_POINT ( 'NONE',  ( 14.50000000000000000, -5.000000000000000000, 7.000000000000002665 ) ) ;
#1191 = LINE ( 'NONE', #911, #2195 ) ;
#1192 = CIRCLE ( 'NONE', #1785, 3.500000000000000000 ) ;
#1193 = ORIENTED_EDGE ( 'NONE', *, *, #666, .F. ) ;
#1194 = ORIENTED_EDGE ( 'NONE', *, *, #306, .T. ) ;
#1195 = DIRECTION ( 'NONE',  ( 1.000000000000000000, 0.000000000000000000, 0.000000000000000000 ) ) ;
#1196 = CARTESIAN_POINT ( 'NONE',  ( 8.616843969807044701, -3.999999999999999112, 2.000000000000000000 ) ) ;
#1197 = LINE ( 'NONE', #1001, #1425 ) ;
#1198 = EDGE_LOOP ( 'NONE', ( #1832, #1709, #2398, #2100 ) ) ;
#1199 = DIRECTION ( 'NONE',  ( 1.000000000000000000, 0.000000000000000000, 0.000000000000000000 ) ) ;
#1200 = EDGE_CURVE ( 'NONE', #2708, #962, #2690, .T. ) ;
#1201 = ORIENTED_EDGE ( 'NONE', *, *, #309, .F. ) ;
#1202 = FACE_OUTER_BOUND ( 'NONE', #1610, .T. ) ;
#1203 = DIRECTION ( 'NONE',  ( 0.000000000000000000, 1.000000000000000000, 0.000000000000000000 ) ) ;
#1204 = VERTEX_POINT ( 'NONE', #1393 ) ;
#1205 = VERTEX_POINT ( 'NONE', #2217 ) ;
#1206 = LINE ( 'NONE', #783, #2650 ) ;
#1207 = EDGE_CURVE ( 'NONE', #1710, #1219, #1578, .T. ) ;
#1208 = DIRECTION ( 'NONE',  ( 0.000000000000000000, 1.000000000000000000, -0.000000000000000000 ) ) ;
#1209 = CARTESIAN_POINT ( 'NONE',  ( 0.000000000000000000, 0.000000000000000000, 0.000000000000000000 ) ) ;
#1210 = CARTESIAN_POINT ( 'NONE',  ( 9.165151389911683211, -3.999999999999998224, 1.500000000000000000 ) ) ;
#1211 = VECTOR ( 'NONE', #2012, 1000.000000000000000 ) ;
#1212 = ORIENTED_EDGE ( 'NONE', *, *, #2590, .F. ) ;
#1213 = CARTESIAN_POINT ( 'NONE',  ( -12.38305186603734676, -4.000000000000000000, -11.99999999999999645 ) ) ;
#1214 = EDGE_CURVE ( 'NONE', #1695, #1890, #1333, .T. ) ;
#1215 = ORIENTED_EDGE ( 'NONE', *, *, #2378, .F. ) ;
#1216 = DIRECTION ( 'NONE',  ( -0.000000000000000000, 1.000000000000000000, -0.000000000000000000 ) ) ;
#1217 = DIRECTION ( 'NONE',  ( 1.000000000000000000, 0.000000000000000000, 0.000000000000000000 ) ) ;
#1218 = VERTEX_POINT ( 'NONE', #260 ) ;
#1219 = VERTEX_POINT ( 'NONE', #699 ) ;
#1220 = AXIS2_PLACEMENT_3D ( 'NONE', #1409, #2489, #510 ) ;
#1221 = CARTESIAN_POINT ( 'NONE',  ( 13.00000000000000178, 4.999999999999999112, -12.00000000000000000 ) ) ;
#1222 = DIRECTION ( 'NONE',  ( 0.000000000000000000, 0.000000000000000000, 1.000000000000000000 ) ) ;
#1223 = CARTESIAN_POINT ( 'NONE',  ( -12.89775274914807213, 4.000000000000003553, -11.96835400087333490 ) ) ;
#1224 = CIRCLE ( 'NONE', #342, 0.5000000000000001110 ) ;
#1225 = DIRECTION ( 'NONE',  ( 0.000000000000000000, 0.000000000000000000, -1.000000000000000000 ) ) ;
#1226 = AXIS2_PLACEMENT_3D ( 'NONE', #331, #144, #993 ) ;
#1227 = VERTEX_POINT ( 'NONE', #1593 ) ;
#1228 = CARTESIAN_POINT ( 'NONE',  ( -9.708243919473806827, 3.999999999999976463, 29.69848480983500139 ) ) ;
#1229 = EDGE_CURVE ( 'NONE', #2218, #2798, #2134, .T. ) ;
#1230 = EDGE_LOOP ( 'NONE', ( #476, #1560, #792, #522 ) ) ;
#1231 = LINE ( 'NONE', #1021, #1846 ) ;
#1232 = DIRECTION ( 'NONE',  ( -1.000000000000000000, 0.000000000000000000, 0.000000000000000000 ) ) ;
#1233 = EDGE_LOOP ( 'NONE', ( #176, #493, #1128, #269 ) ) ;
#1234 = LINE ( 'NONE', #2101, #2513 ) ;
#1235 = LINE ( 'NONE', #107, #1453 ) ;
#1236 = CARTESIAN_POINT ( 'NONE',  ( 0.000000000000000000, 0.000000000000000000, 2.000000000000000000 ) ) ;
#1237 = CARTESIAN_POINT ( 'NONE',  ( 8.891293292640876089, 3.999999999999996447, 1.952811333169451657 ) ) ;
#1238 = CARTESIAN_POINT ( 'NONE',  ( 12.94208180984881196, 5.624989939143399731, -12.09681584590152603 ) ) ;
#1239 = EDGE_LOOP ( 'NONE', ( #714, #1557, #1241, #2290 ) ) ;
#1240 = CARTESIAN_POINT ( 'NONE',  ( -11.00000000000000000, 10.99999999999999822, -12.00000000000000000 ) ) ;
#1241 = ORIENTED_EDGE ( 'NONE', *, *, #1051, .F. ) ;
#1242 = CARTESIAN_POINT ( 'NONE',  ( -14.00000000000000000, -5.000000000000000000, 7.000000000000000888 ) ) ;
#1243 = CARTESIAN_POINT ( 'NONE',  ( 13.00000000000000178, -4.999999999999999112, -14.00000000000000000 ) ) ;
#1244 = AXIS2_PLACEMENT_3D ( 'NONE', #1833, #764, #1674 ) ;
#1245 = ORIENTED_EDGE ( 'NONE', *, *, #876, .T. ) ;
#1246 = ORIENTED_EDGE ( 'NONE', *, *, #1051, .T. ) ;
#1247 = EDGE_CURVE ( 'NONE', #579, #1495, #104, .T. ) ;
#1248 = EDGE_CURVE ( 'NONE', #1204, #1180, #1257, .T. ) ;
#1249 = EDGE_CURVE ( 'NONE', #1375, #2275, #51, .T. ) ;
#1250 = LINE ( 'NONE', #2765, #162 ) ;
#1251 = DIRECTION ( 'NONE',  ( 0.000000000000000000, 0.000000000000000000, -1.000000000000000000 ) ) ;
#1252 = PRODUCT_CONTEXT ( 'NONE', #2317, 'mechanical' ) ;
#1253 = FACE_OUTER_BOUND ( 'NONE', #2013, .T. ) ;
#1254 = CARTESIAN_POINT ( 'NONE',  ( 13.19509031831507784, 5.595817527385291257, -12.49517745979672867 ) ) ;
#1255 = ORIENTED_EDGE ( 'NONE', *, *, #2589, .T. ) ;
#1256 = CARTESIAN_POINT ( 'NONE',  ( 10.99999999999999822, 11.00000000000000000, 2.000000000000000000 ) ) ;
#1257 = CIRCLE ( 'NONE', #706, 0.4999999999999997780 ) ;
#1258 = VERTEX_POINT ( 'NONE', #2660 ) ;
#1259 = DIRECTION ( 'NONE',  ( 1.000000000000000000, 0.000000000000000000, 0.000000000000000000 ) ) ;
#1260 = DIRECTION ( 'NONE',  ( 1.000000000000000000, 0.000000000000000000, 0.000000000000000000 ) ) ;
#1261 = EDGE_CURVE ( 'NONE', #1395, #1836, #2445, .T. ) ;
#1262 = ADVANCED_FACE ( 'NONE', ( #276 ), #79, .F. ) ;
#1263 = ORIENTED_EDGE ( 'NONE', *, *, #1861, .F. ) ;
#1264 = CARTESIAN_POINT ( 'NONE',  ( 13.00000000000000178, 4.999999999999999112, -12.00000000000000000 ) ) ;
#1265 = EDGE_CURVE ( 'NONE', #2183, #445, #657, .T. ) ;
#1266 = CARTESIAN_POINT ( 'NONE',  ( 13.00000000000000178, -4.999999999999999112, -12.50000000000000000 ) ) ;
#1267 = DIRECTION ( 'NONE',  ( 1.000000000000000000, 0.000000000000000000, 0.000000000000000000 ) ) ;
#1268 = ADVANCED_FACE ( 'NONE', ( #1778 ), #2485, .F. ) ;
#1269 = DIRECTION ( 'NONE',  ( -1.000000000000000000, 0.000000000000000000, -0.000000000000000000 ) ) ;
#1270 = AXIS2_PLACEMENT_3D ( 'NONE', #646, #2164, #1753 ) ;
#1271 = DIRECTION ( 'NONE',  ( -1.000000000000000000, 0.000000000000000000, 0.000000000000000000 ) ) ;
#1272 = ORIENTED_EDGE ( 'NONE', *, *, #67, .T. ) ;
#1273 = LINE ( 'NONE', #635, #691 ) ;
#1274 = ORIENTED_EDGE ( 'NONE', *, *, #2018, .T. ) ;
#1275 = CARTESIAN_POINT ( 'NONE',  ( 13.25997350628570182, -5.569137843276230626, -12.03492545813865888 ) ) ;
#1276 = CARTESIAN_POINT ( 'NONE',  ( -14.00000000000000000, 3.999999999999992450, 7.000000000000000888 ) ) ;
#1277 = TOROIDAL_SURFACE ( 'NONE', #30, 1.125000000000000666, 0.5000000000000000000 ) ;
#1278 = ORIENTED_EDGE ( 'NONE', *, *, #2710, .F. ) ;
#1279 = LINE ( 'NONE', #2645, #1138 ) ;
#1280 = CARTESIAN_POINT ( 'NONE',  ( 12.71367322044321746, -4.444444444444443754, -12.50000000000000000 ) ) ;
#1281 = EDGE_LOOP ( 'NONE', ( #2761, #384, #1944, #2771 ) ) ;
#1282 = LINE ( 'NONE', #1538, #2005 ) ;
#1283 = DIRECTION ( 'NONE',  ( 0.000000000000000000, 0.000000000000000000, 1.000000000000000000 ) ) ;
#1284 = ORIENTED_EDGE ( 'NONE', *, *, #1028, .T. ) ;
#1285 = CARTESIAN_POINT ( 'NONE',  ( -12.32500000000000284, -4.999999999999999112, -11.50000000000000000 ) ) ;
#1286 = ORIENTED_EDGE ( 'NONE', *, *, #2311, .T. ) ;
#1287 = CIRCLE ( 'NONE', #2165, 2.000000000000000000 ) ;
#1288 = CARTESIAN_POINT ( 'NONE',  ( 13.28632677955678432, -4.444444444444443754, -12.50000000000000000 ) ) ;
#1289 = VERTEX_POINT ( 'NONE', #505 ) ;
#1290 = DIRECTION ( 'NONE',  ( 0.000000000000000000, 6.195440985631454331E-16, -1.000000000000000000 ) ) ;
#1291 = AXIS2_PLACEMENT_3D ( 'NONE', #2829, #1729, #1501 ) ;
#1292 = AXIS2_PLACEMENT_3D ( 'NONE', #2774, #301, #978 ) ;
#1293 = CARTESIAN_POINT ( 'NONE',  ( 3.469446951953614189E-15, -8.673617379884035472E-16, 0.000000000000000000 ) ) ;
#1294 = EDGE_CURVE ( 'NONE', #908, #1289, #2055, .T. ) ;
#1295 = EDGE_CURVE ( 'NONE', #311, #92, #462, .T. ) ;
#1296 = DIRECTION ( 'NONE',  ( -0.000000000000000000, -0.000000000000000000, -1.000000000000000000 ) ) ;
#1297 = FACE_OUTER_BOUND ( 'NONE', #1430, .T. ) ;
#1298 = DIRECTION ( 'NONE',  ( -0.000000000000000000, -1.000000000000000000, -0.000000000000000000 ) ) ;
#1299 = ORIENTED_EDGE ( 'NONE', *, *, #1899, .T. ) ;
#1300 =( LENGTH_UNIT ( ) NAMED_UNIT ( * ) SI_UNIT ( .MILLI., .METRE. ) );
#1301 = DIRECTION ( 'NONE',  ( 1.000000000000000000, 0.000000000000000000, 0.000000000000000000 ) ) ;
#1302 = EDGE_CURVE ( 'NONE', #1637, #1389, #973, .T. ) ;
#1303 = VECTOR ( 'NONE', #925, 1000.000000000000000 ) ;
#1304 = ORIENTED_EDGE ( 'NONE', *, *, #2496, .F. ) ;
#1305 = PLANE ( 'NONE',  #2288 ) ;
#1306 = DIRECTION ( 'NONE',  ( -0.000000000000000000, -0.000000000000000000, 1.000000000000000000 ) ) ;
#1307 = CARTESIAN_POINT ( 'NONE',  ( 16.00000000000000000, 4.000000000000005329, -11.99999999999999467 ) ) ;
#1308 = FACE_OUTER_BOUND ( 'NONE', #1765, .T. ) ;
#1309 = DIRECTION ( 'NONE',  ( -1.000000000000000000, 0.000000000000000000, 0.000000000000000000 ) ) ;
#1310 = AXIS2_PLACEMENT_3D ( 'NONE', #2276, #465, #1582 ) ;
#1311 = VERTEX_POINT ( 'NONE', #1727 ) ;
#1312 = DIRECTION ( 'NONE',  ( 0.000000000000000000, -1.000000000000000000, -6.814985084194600849E-16 ) ) ;
#1313 = FACE_OUTER_BOUND ( 'NONE', #1065, .T. ) ;
#1314 = AXIS2_PLACEMENT_3D ( 'NONE', #1221, #1913, #2750 ) ;
#1315 = ADVANCED_FACE ( 'NONE', ( #1297 ), #2813, .F. ) ;
#1316 = ORIENTED_EDGE ( 'NONE', *, *, #2746, .T. ) ;
#1317 = DIRECTION ( 'NONE',  ( 1.000000000000000000, 0.000000000000000000, 0.000000000000000000 ) ) ;
#1318 = TOROIDAL_SURFACE ( 'NONE', #2701, 1.174999999999999378, 0.5000000000000000000 ) ;
#1319 = CARTESIAN_POINT ( 'NONE',  ( 13.21671062408221076, 4.410979047674931763, -12.06013317164527443 ) ) ;
#1320 = CIRCLE ( 'NONE', #77, 0.5000000000000004441 ) ;
#1321 = CARTESIAN_POINT ( 'NONE',  ( 12.64814348681321654, -4.000000000000000000, -12.00000000000000000 ) ) ;
#1322 = ORIENTED_EDGE ( 'NONE', *, *, #1716, .F. ) ;
#1323 = PLANE ( 'NONE',  #1079 ) ;
#1324 = EDGE_CURVE ( 'NONE', #1204, #1621, #2516, .T. ) ;
#1325 = DIRECTION ( 'NONE',  ( -1.000000000000000000, -0.000000000000000000, 0.000000000000000000 ) ) ;
#1326 = CYLINDRICAL_SURFACE ( 'NONE', #1788, 3.500000000000000000 ) ;
#1327 = ORIENTED_EDGE ( 'NONE', *, *, #811, .F. ) ;
#1328 = FACE_BOUND ( 'NONE', #231, .T. ) ;
#1329 = AXIS2_PLACEMENT_3D ( 'NONE', #1831, #983, #2091 ) ;
#1330 = ORIENTED_EDGE ( 'NONE', *, *, #649, .T. ) ;
#1331 = DIRECTION ( 'NONE',  ( -1.000000000000000000, 0.000000000000000000, 0.000000000000000000 ) ) ;
#1332 = CARTESIAN_POINT ( 'NONE',  ( 13.19547584115699834, 4.404281910398379907, -12.49521009249052028 ) ) ;
#1333 = LINE ( 'NONE', #728, #1073 ) ;
#1334 = VECTOR ( 'NONE', #2296, 1000.000000000000000 ) ;
#1335 = ORIENTED_EDGE ( 'NONE', *, *, #1103, .F. ) ;
#1336 = ADVANCED_FACE ( 'NONE', ( #199 ), #1092, .F. ) ;
#1337 = EDGE_CURVE ( 'NONE', #653, #763, #618, .T. ) ;
#1338 = CIRCLE ( 'NONE', #1060, 0.5000000000000004441 ) ;
#1339 = EDGE_CURVE ( 'NONE', #1380, #2820, #1349, .T. ) ;
#1340 = CARTESIAN_POINT ( 'NONE',  ( -9.375000000000000000, 5.999999999999996447, 1.500000000000005107 ) ) ;
#1341 = LINE ( 'NONE', #1783, #928 ) ;
#1342 = LINE ( 'NONE', #2221, #1884 ) ;
#1343 = ORIENTED_EDGE ( 'NONE', *, *, #1471, .F. ) ;
#1344 = CARTESIAN_POINT ( 'NONE',  ( 13.28632677955677721, 5.555555555555558023, -12.50000000000000000 ) ) ;
#1345 = ORIENTED_EDGE ( 'NONE', *, *, #1426, .F. ) ;
#1346 = CARTESIAN_POINT ( 'NONE',  ( 3.469446951953614189E-15, -8.673617379884035472E-16, -1.000000000000000000 ) ) ;
#1347 = CARTESIAN_POINT ( 'NONE',  ( 13.19742386717144456, -4.398624932170718260, -12.50000000000000178 ) ) ;
#1348 = CARTESIAN_POINT ( 'NONE',  ( 16.00000000000000000, 0.000000000000000000, 7.000000000000000888 ) ) ;
#1349 = CIRCLE ( 'NONE', #2501, 0.4999999999999996669 ) ;
#1350 = VERTEX_POINT ( 'NONE', #2609 ) ;
#1351 = ORIENTED_EDGE ( 'NONE', *, *, #1881, .F. ) ;
#1352 = ADVANCED_FACE ( 'NONE', ( #1686 ), #380, .F. ) ;
#1353 = DIRECTION ( 'NONE',  ( -0.000000000000000000, 1.000000000000000000, 6.195440985631455317E-17 ) ) ;
#1354 = DIRECTION ( 'NONE',  ( -1.000000000000000000, 0.000000000000000000, 0.000000000000000000 ) ) ;
#1355 = DIRECTION ( 'NONE',  ( 0.000000000000000000, -0.000000000000000000, -1.000000000000000000 ) ) ;
#1356 = B_SPLINE_CURVE_WITH_KNOTS ( 'NONE', 3,
 ( #1667, #2548, #2075, #1868, #815, #2534, #136, #554 ),
 .UNSPECIFIED., .F., .F.,
 ( 4, 2, 2, 4 ),
 ( 0.000000000000000000, 0.0006167135740093780769, 0.0009250703610140644049, 0.001233427148018750950 ),
 .UNSPECIFIED. ) ;
#1357 = ORIENTED_EDGE ( 'NONE', *, *, #2800, .T. ) ;
#1358 = PLANE ( 'NONE',  #2355 ) ;
#1359 = ORIENTED_EDGE ( 'NONE', *, *, #1011, .T. ) ;
#1360 = LINE ( 'NONE', #1148, #491 ) ;
#1361 = CIRCLE ( 'NONE', #1912, 1.510000000000000009 ) ;
#1362 = DIRECTION ( 'NONE',  ( 0.000000000000000000, -0.000000000000000000, -1.000000000000000000 ) ) ;
#1363 = DIRECTION ( 'NONE',  ( 1.000000000000000000, 0.000000000000000000, 0.000000000000000000 ) ) ;
#1364 = VECTOR ( 'NONE', #49, 1000.000000000000000 ) ;
#1365 = ORIENTED_EDGE ( 'NONE', *, *, #1111, .F. ) ;
#1366 = ORIENTED_EDGE ( 'NONE', *, *, #2282, .T. ) ;
#1367 = TOROIDAL_SURFACE ( 'NONE', #119, 1.174999999999999378, 0.5000000000000000000 ) ;
#1368 = LINE ( 'NONE', #1381, #2421 ) ;
#1369 = CARTESIAN_POINT ( 'NONE',  ( -12.38305186603735031, -6.000000000000000000, -12.00000000000000000 ) ) ;
#1370 = CARTESIAN_POINT ( 'NONE',  ( -16.00000000000000000, 0.000000000000000000, 0.000000000000000000 ) ) ;
#1371 = ORIENTED_EDGE ( 'NONE', *, *, #232, .F. ) ;
#1372 = CARTESIAN_POINT ( 'NONE',  ( 13.00000000000000178, -4.999999999999999112, -12.00000000000000000 ) ) ;
#1373 = EDGE_CURVE ( 'NONE', #1744, #320, #2151, .T. ) ;
#1374 = CIRCLE ( 'NONE', #263, 10.50000000000000000 ) ;
#1375 = VERTEX_POINT ( 'NONE', #2166 ) ;
#1376 = LINE ( 'NONE', #2730, #259 ) ;
#1377 = DIRECTION ( 'NONE',  ( -0.000000000000000000, 0.000000000000000000, 1.000000000000000000 ) ) ;
#1378 = DIRECTION ( 'NONE',  ( 0.000000000000000000, 0.000000000000000000, 1.000000000000000000 ) ) ;
#1379 = ORIENTED_EDGE ( 'NONE', *, *, #1214, .F. ) ;
#1380 = VERTEX_POINT ( 'NONE', #1516 ) ;
#1381 = CARTESIAN_POINT ( 'NONE',  ( -13.99999999999999822, -5.000000000000000000, 9.000000000000001776 ) ) ;
#1382 = DIRECTION ( 'NONE',  ( 0.000000000000000000, 0.000000000000000000, -1.000000000000000000 ) ) ;
#1383 = CARTESIAN_POINT ( 'NONE',  ( 13.00000000000000178, -4.999999999999999112, -12.50000000000000000 ) ) ;
#1384 = ADVANCED_FACE ( 'NONE', ( #226 ), #438, .T. ) ;
#1385 = CIRCLE ( 'NONE', #1429, 0.6250000000000005551 ) ;
#1386 = EDGE_CURVE ( 'NONE', #2034, #1144, #1166, .T. ) ;
#1387 = ORIENTED_EDGE ( 'NONE', *, *, #2130, .F. ) ;
#1388 = CARTESIAN_POINT ( 'NONE',  ( -11.00000000000000000, -6.000000000000000000, 7.500000000000001776 ) ) ;
#1389 = VERTEX_POINT ( 'NONE', #1583 ) ;
#1390 = ADVANCED_FACE ( 'NONE', ( #2462 ), #877, .T. ) ;
#1391 = LINE ( 'NONE', #48, #1782 ) ;
#1392 = CARTESIAN_POINT ( 'NONE',  ( 12.71367322044321213, 4.444444444444443754, -12.00000000000000000 ) ) ;
#1393 = CARTESIAN_POINT ( 'NONE',  ( 13.28632677955678965, 4.444444444444447306, -12.50000000000000000 ) ) ;
#1394 = VERTEX_POINT ( 'NONE', #251 ) ;
#1395 = VERTEX_POINT ( 'NONE', #1754 ) ;
#1396 = AXIS2_PLACEMENT_3D ( 'NONE', #55, #1844, #497 ) ;
#1397 = DIRECTION ( 'NONE',  ( 0.000000000000000000, 1.000000000000000000, -8.673617379884035472E-16 ) ) ;
#1398 = CARTESIAN_POINT ( 'NONE',  ( -13.00000000000000178, 4.999999999999999112, -12.00000000000000000 ) ) ;
#1399 = VECTOR ( 'NONE', #2632, 1000.000000000000000 ) ;
#1400 = ORIENTED_EDGE ( 'NONE', *, *, #2196, .T. ) ;
#1401 = LINE ( 'NONE', #2772, #1334 ) ;
#1402 = ORIENTED_EDGE ( 'NONE', *, *, #2353, .F. ) ;
#1403 = DIRECTION ( 'NONE',  ( 0.000000000000000000, -1.000000000000000000, 0.000000000000000000 ) ) ;
#1404 = CARTESIAN_POINT ( 'NONE',  ( 13.00000000000000178, 4.999999999999999112, -12.50000000000000000 ) ) ;
#1405 = VECTOR ( 'NONE', #632, 1000.000000000000000 ) ;
#1406 = ORIENTED_EDGE ( 'NONE', *, *, #1337, .T. ) ;
#1407 = ORIENTED_EDGE ( 'NONE', *, *, #1035, .T. ) ;
#1408 = AXIS2_PLACEMENT_3D ( 'NONE', #846, #2605, #1512 ) ;
#1409 = CARTESIAN_POINT ( 'NONE',  ( 9.375000000000000000, 7.999999999999996447, 1.500000000000005995 ) ) ;
#1410 = CARTESIAN_POINT ( 'NONE',  ( -13.61694813396266213, 4.000000000000005329, -11.99999999999999467 ) ) ;
#1411 = CARTESIAN_POINT ( 'NONE',  ( -8.891293292640867207, -4.000000000000001776, 1.952811333169451657 ) ) ;
#1412 = VECTOR ( 'NONE', #2286, 1000.000000000000000 ) ;
#1413 = ADVANCED_FACE ( 'NONE', ( #2 ), #1141, .F. ) ;
#1414 = ADVANCED_FACE ( 'NONE', ( #1528 ), #1553, .F. ) ;
#1415 = ORIENTED_EDGE ( 'NONE', *, *, #1265, .T. ) ;
#1416 = CARTESIAN_POINT ( 'NONE',  ( 12.80257613282856255, -5.601375067829280852, -12.50000000000000178 ) ) ;
#1417 = ORIENTED_EDGE ( 'NONE', *, *, #1052, .T. ) ;
#1418 = CARTESIAN_POINT ( 'NONE',  ( -13.00000000000000178, -4.999999999999999112, -12.00000000000000000 ) ) ;
#1419 = CARTESIAN_POINT ( 'NONE',  ( 13.62500000000000178, -4.999999999999999112, -12.50000000000000000 ) ) ;
#1420 = EDGE_CURVE ( 'NONE', #1890, #2523, #1124, .T. ) ;
#1421 = ORIENTED_EDGE ( 'NONE', *, *, #1628, .T. ) ;
#1422 = ORIENTED_EDGE ( 'NONE', *, *, #59, .F. ) ;
#1423 = CARTESIAN_POINT ( 'NONE',  ( -14.49999999999999822, -6.000000000000000000, 7.000000000000001776 ) ) ;
#1424 = CARTESIAN_POINT ( 'NONE',  ( -9.165151389911683211, -3.999999999999998224, 2.000000000000003553 ) ) ;
#1425 = VECTOR ( 'NONE', #945, 1000.000000000000000 ) ;
#1426 = EDGE_CURVE ( 'NONE', #464, #631, #1660, .T. ) ;
#1427 = CARTESIAN_POINT ( 'NONE',  ( 0.000000000000000000, 5.999999999999996447, 2.625000000000005329 ) ) ;
#1428 = CARTESIAN_POINT ( 'NONE',  ( 8.616843969807044701, -3.999999999999999112, 2.000000000000000000 ) ) ;
#1429 = AXIS2_PLACEMENT_3D ( 'NONE', #2168, #1952, #200 ) ;
#1430 = EDGE_LOOP ( 'NONE', ( #2289, #2474, #1636, #133, #1573, #1997, #1866, #1444, #2724, #2628, #282, #61, #2699, #1982 ) ) ;
#1431 = CARTESIAN_POINT ( 'NONE',  ( 13.00000000000000178, 4.999999999999999112, -12.50000000000000000 ) ) ;
#1432 = AXIS2_PLACEMENT_3D ( 'NONE', #1434, #966, #1676 ) ;
#1433 = ORIENTED_EDGE ( 'NONE', *, *, #2781, .T. ) ;
#1434 = CARTESIAN_POINT ( 'NONE',  ( 0.000000000000000000, 5.999999999999993783, 7.625000000000005329 ) ) ;
#1435 = CARTESIAN_POINT ( 'NONE',  ( 3.469446951953614189E-15, -8.673617379884035472E-16, 29.69848480983499783 ) ) ;
#1436 = ORIENTED_EDGE ( 'NONE', *, *, #1265, .F. ) ;
#1437 = ORIENTED_EDGE ( 'NONE', *, *, #607, .F. ) ;
#1438 = CARTESIAN_POINT ( 'NONE',  ( -10.00000000000000178, 0.000000000000000000, 2.000000000000003553 ) ) ;
#1439 = LINE ( 'NONE', #555, #16 ) ;
#1440 = CARTESIAN_POINT ( 'NONE',  ( 13.28632677955678254, -5.555555555555555358, -12.50000000000000000 ) ) ;
#1441 = EDGE_CURVE ( 'NONE', #1187, #381, #1953, .T. ) ;
#1442 = AXIS2_PLACEMENT_3D ( 'NONE', #2706, #2722, #1839 ) ;
#1443 = DIRECTION ( 'NONE',  ( 0.000000000000000000, 1.000000000000000000, 0.000000000000000000 ) ) ;
#1444 = ORIENTED_EDGE ( 'NONE', *, *, #1942, .F. ) ;
#1445 = DIRECTION ( 'NONE',  ( -0.000000000000000000, -0.000000000000000000, 1.000000000000000000 ) ) ;
#1446 = ORIENTED_EDGE ( 'NONE', *, *, #390, .T. ) ;
#1447 = CARTESIAN_POINT ( 'NONE',  ( 9.165151389911683211, 3.999999999999998224, 0.000000000000000000 ) ) ;
#1448 = DIRECTION ( 'NONE',  ( -0.000000000000000000, -0.000000000000000000, 1.000000000000000000 ) ) ;
#1449 = ORIENTED_EDGE ( 'NONE', *, *, #1634, .F. ) ;
#1450 = CARTESIAN_POINT ( 'NONE',  ( 13.00000000000000178, -4.999999999999999112, -12.50000000000000000 ) ) ;
#1451 = DIRECTION ( 'NONE',  ( -0.000000000000000000, 1.000000000000000000, 4.003208021484941004E-16 ) ) ;
#1452 = LINE ( 'NONE', #153, #1399 ) ;
#1453 = VECTOR ( 'NONE', #152, 1000.000000000000000 ) ;
#1454 = DIRECTION ( 'NONE',  ( 1.000000000000000000, -0.000000000000000000, -0.000000000000000000 ) ) ;
#1455 = DIRECTION ( 'NONE',  ( 0.000000000000000000, -0.000000000000000000, -1.000000000000000000 ) ) ;
#1456 = AXIS2_PLACEMENT_3D ( 'NONE', #951, #1822, #727 ) ;
#1457 = ORIENTED_EDGE ( 'NONE', *, *, #702, .F. ) ;
#1458 = DIRECTION ( 'NONE',  ( 0.000000000000000000, -0.000000000000000000, -1.000000000000000000 ) ) ;
#1459 = AXIS2_PLACEMENT_3D ( 'NONE', #2630, #652, #1956 ) ;
#1460 = ORIENTED_EDGE ( 'NONE', *, *, #477, .F. ) ;
#1461 = LINE ( 'NONE', #1190, #1647 ) ;
#1462 = LINE ( 'NONE', #1878, #2103 ) ;
#1463 = EDGE_CURVE ( 'NONE', #2832, #2641, #2368, .T. ) ;
#1464 = EDGE_LOOP ( 'NONE', ( #300, #25, #1522, #75, #2137, #1650, #2110, #781, #101, #2692, #2757, #1457, #1417, #892, #1859 ) ) ;
#1465 = ORIENTED_EDGE ( 'NONE', *, *, #749, .F. ) ;
#1466 = DIRECTION ( 'NONE',  ( -0.000000000000000000, 1.000000000000000000, 6.195440985631454331E-16 ) ) ;
#1467 = DIRECTION ( 'NONE',  ( 0.000000000000000000, 0.000000000000000000, -1.000000000000000000 ) ) ;
#1468 = CARTESIAN_POINT ( 'NONE',  ( -16.00000000000000000, 5.999999999999998224, 9.000000000000001776 ) ) ;
#1469 = VECTOR ( 'NONE', #2682, 1000.000000000000000 ) ;
#1470 = CARTESIAN_POINT ( 'NONE',  ( 13.11602640250273488, 5.616453361547172562, -12.09009649580179513 ) ) ;
#1471 = EDGE_CURVE ( 'NONE', #1350, #393, #332, .T. ) ;
#1472 = EDGE_LOOP ( 'NONE', ( #1906, #2260 ) ) ;
#1473 = CARTESIAN_POINT ( 'NONE',  ( -1.510000000000000009, 1.849216666712503192E-16, -0.9999999999999991118 ) ) ;
#1474 = EDGE_CURVE ( 'NONE', #464, #2020, #422, .T. ) ;
#1475 = ORIENTED_EDGE ( 'NONE', *, *, #1671, .T. ) ;
#1476 = FACE_OUTER_BOUND ( 'NONE', #52, .T. ) ;
#1477 = VECTOR ( 'NONE', #1745, 1000.000000000000000 ) ;
#1478 = UNCERTAINTY_MEASURE_WITH_UNIT (LENGTH_MEASURE( 1.000000000000000082E-05 ), #2278, 'distance_accuracy_value', 'NONE');
#1479 = ADVANCED_FACE ( 'NONE', ( #1308 ), #212, .T. ) ;
#1480 = ORIENTED_EDGE ( 'NONE', *, *, #2481, .F. ) ;
#1481 = CARTESIAN_POINT ( 'NONE',  ( -13.00000000000000178, 4.999999999999999112, -11.50000000000000000 ) ) ;
#1482 = CARTESIAN_POINT ( 'NONE',  ( 9.165151389911683211, -3.999999999999998224, 2.000000000000003553 ) ) ;
#1483 = DIRECTION ( 'NONE',  ( 1.000000000000000000, 1.387778780781444492E-15, 0.000000000000000000 ) ) ;
#1484 = CARTESIAN_POINT ( 'NONE',  ( 9.165151389911693869, 3.999999999999995559, 1.638949847453083919 ) ) ;
#1485 = CARTESIAN_POINT ( 'NONE',  ( 12.48461179679794064, 6.000000000000005329, -12.00000000000000000 ) ) ;
#1486 = ORIENTED_EDGE ( 'NONE', *, *, #2186, .F. ) ;
#1487 = CARTESIAN_POINT ( 'NONE',  ( -8.755177107892444965, 3.999999999999995559, 2.000000000000000888 ) ) ;
#1488 = AXIS2_PLACEMENT_3D ( 'NONE', #2681, #1978, #2450 ) ;
#1489 = EDGE_LOOP ( 'NONE', ( #1357, #2087, #2083, #2734 ) ) ;
#1490 = CARTESIAN_POINT ( 'NONE',  ( -16.00000000000000000, 6.000000000000005329, -11.99999999999999645 ) ) ;
#1491 = CARTESIAN_POINT ( 'NONE',  ( 0.000000000000000000, 0.000000000000000000, 1.500000000000000000 ) ) ;
#1492 = ORIENTED_EDGE ( 'NONE', *, *, #1302, .F. ) ;
#1493 = LINE ( 'NONE', #1959, #299 ) ;
#1494 = CARTESIAN_POINT ( 'NONE',  ( -13.00000000000000178, 4.999999999999999112, -12.00000000000000000 ) ) ;
#1495 = VERTEX_POINT ( 'NONE', #2651 ) ;
#1496 = SHAPE_DEFINITION_REPRESENTATION ( #1585, #2711 ) ;
#1497 = CARTESIAN_POINT ( 'NONE',  ( 0.000000000000000000, 3.999999999999991562, 8.250000000000003553 ) ) ;
#1498 = VECTOR ( 'NONE', #746, 1000.000000000000000 ) ;
#1499 = CARTESIAN_POINT ( 'NONE',  ( 13.21630041441285286, 5.589139725661246061, -12.06026643084127947 ) ) ;
#1500 = VERTEX_POINT ( 'NONE', #1094 ) ;
#1501 = DIRECTION ( 'NONE',  ( -0.4581228472908644433, -0.8888888888888820672, 0.000000000000000000 ) ) ;
#1502 = AXIS2_PLACEMENT_3D ( 'NONE', #1592, #2500, #245 ) ;
#1503 = ORIENTED_EDGE ( 'NONE', *, *, #602, .T. ) ;
#1504 = CARTESIAN_POINT ( 'NONE',  ( 12.74019614201820616, -5.569225279654754779, -12.03515030620348725 ) ) ;
#1505 = DIRECTION ( 'NONE',  ( -0.000000000000000000, 0.000000000000000000, 1.000000000000000000 ) ) ;
#1506 = CIRCLE ( 'NONE', #628, 0.6250000000000005551 ) ;
#1507 = EDGE_CURVE ( 'NONE', #1595, #631, #2434, .T. ) ;
#1508 = ORIENTED_EDGE ( 'NONE', *, *, #1957, .T. ) ;
#1509 = CARTESIAN_POINT ( 'NONE',  ( 12.88397359749675886, 4.383546638452906485, -12.09009649580175605 ) ) ;
#1510 = EDGE_CURVE ( 'NONE', #2815, #763, #1341, .T. ) ;
#1511 = EDGE_CURVE ( 'NONE', #2592, #2737, #750, .T. ) ;
#1512 = DIRECTION ( 'NONE',  ( 1.000000000000000000, 0.000000000000000000, 0.000000000000000000 ) ) ;
#1513 = AXIS2_PLACEMENT_3D ( 'NONE', #62, #1606, #935 ) ;
#1514 = LINE ( 'NONE', #1108, #2509 ) ;
#1515 = EDGE_CURVE ( 'NONE', #320, #6, #2032, .T. ) ;
#1516 = CARTESIAN_POINT ( 'NONE',  ( 13.51538820320220857, -6.000000000000000000, -12.00000000000000000 ) ) ;
#1517 = ORIENTED_EDGE ( 'NONE', *, *, #2830, .T. ) ;
#1518 = CARTESIAN_POINT ( 'NONE',  ( 16.00000000000000000, 3.999999999999995559, 2.000000000000002665 ) ) ;
#1519 = ORIENTED_EDGE ( 'NONE', *, *, #1089, .F. ) ;
#1520 = AXIS2_PLACEMENT_3D ( 'NONE', #1209, #2714, #2728 ) ;
#1521 = CARTESIAN_POINT ( 'NONE',  ( -13.61694813396265147, -6.000000000000000000, -12.00000000000000000 ) ) ;
#1522 = ORIENTED_EDGE ( 'NONE', *, *, #1126, .T. ) ;
#1523 = CARTESIAN_POINT ( 'NONE',  ( 12.75764297456059282, 4.421782951874646095, -12.49999993682089183 ) ) ;
#1524 = VECTOR ( 'NONE', #73, 1000.000000000000000 ) ;
#1525 = CARTESIAN_POINT ( 'NONE',  ( 12.91012799658895283, -4.000000000000000000, -12.00000000000000000 ) ) ;
#1526 = VERTEX_POINT ( 'NONE', #771 ) ;
#1527 = CARTESIAN_POINT ( 'NONE',  ( -3.499999999999996447, -4.387353582868298877E-16, -1.000000000000000000 ) ) ;
#1528 = FACE_OUTER_BOUND ( 'NONE', #1575, .T. ) ;
#1529 = DIRECTION ( 'NONE',  ( 1.000000000000000000, 0.000000000000000000, 0.000000000000000000 ) ) ;
#1530 = EDGE_CURVE ( 'NONE', #98, #1375, #1439, .T. ) ;
#1531 = ORIENTED_EDGE ( 'NONE', *, *, #1515, .T. ) ;
#1532 = CARTESIAN_POINT ( 'NONE',  ( 13.04992889078376805, -5.624992375537438249, -12.48412646054517694 ) ) ;
#1533 = PLANE ( 'NONE',  #2704 ) ;
#1534 = VERTEX_POINT ( 'NONE', #1857 ) ;
#1535 = DIRECTION ( 'NONE',  ( -0.000000000000000000, -0.000000000000000000, 1.000000000000000000 ) ) ;
#1536 = DIRECTION ( 'NONE',  ( 0.000000000000000000, -1.000000000000000000, -6.195440985631454331E-16 ) ) ;
#1537 = CARTESIAN_POINT ( 'NONE',  ( -14.17500000000000071, -4.999999999999999112, -11.50000000000000000 ) ) ;
#1538 = CARTESIAN_POINT ( 'NONE',  ( -11.00000000000000000, 8.000000000000000000, 9.000000000000001776 ) ) ;
#1539 = DIRECTION ( 'NONE',  ( -0.000000000000000000, -1.000000000000000000, -4.003208021484940511E-16 ) ) ;
#1540 = DIRECTION ( 'NONE',  ( -0.000000000000000000, -0.000000000000000000, 1.000000000000000000 ) ) ;
#1541 = AXIS2_PLACEMENT_3D ( 'NONE', #717, #365, #2350 ) ;
#1542 = EDGE_LOOP ( 'NONE', ( #2042, #2725, #1201, #85, #1112, #1596 ) ) ;
#1543 = CARTESIAN_POINT ( 'NONE',  ( 12.90035529584750051, 5.625000672333419161, -12.48412260580361810 ) ) ;
#1544 = AXIS2_PLACEMENT_3D ( 'NONE', #1494, #630, #1947 ) ;
#1545 = VERTEX_POINT ( 'NONE', #1196 ) ;
#1546 = ADVANCED_FACE ( 'NONE', ( #1168 ), #281, .F. ) ;
#1547 = DIRECTION ( 'NONE',  ( 0.000000000000000000, -1.000000000000000000, -6.814985084194600849E-16 ) ) ;
#1548 = CIRCLE ( 'NONE', #1730, 1.125000000000000888 ) ;
#1549 = CARTESIAN_POINT ( 'NONE',  ( 13.04992889078347496, 4.375007624462536882, -12.48412646054517516 ) ) ;
#1550 = EDGE_CURVE ( 'NONE', #1394, #1144, #2639, .T. ) ;
#1551 = CARTESIAN_POINT ( 'NONE',  ( 12.94208180984898959, -4.375010060856519445, -12.09681584590160774 ) ) ;
#1552 = DIRECTION ( 'NONE',  ( 0.4581228472907188931, -0.8888888888889571183, 0.000000000000000000 ) ) ;
#1553 = CYLINDRICAL_SURFACE ( 'NONE', #2825, 0.6749999999999984901 ) ;
#1554 = CARTESIAN_POINT ( 'NONE',  ( -16.00000000000000000, -5.000000000000000000, -12.00000000000000000 ) ) ;
#1555 = VECTOR ( 'NONE', #910, 1000.000000000000000 ) ;
#1556 = ADVANCED_FACE ( 'NONE', ( #2713 ), #2736, .F. ) ;
#1557 = ORIENTED_EDGE ( 'NONE', *, *, #1530, .F. ) ;
#1558 = DIRECTION ( 'NONE',  ( 1.000000000000000000, 0.000000000000000000, 0.000000000000000000 ) ) ;
#1559 =( GEOMETRIC_REPRESENTATION_CONTEXT ( 3 ) GLOBAL_UNCERTAINTY_ASSIGNED_CONTEXT ( ( #1478 ) ) GLOBAL_UNIT_ASSIGNED_CONTEXT ( ( #2278, #2519, #394 ) ) REPRESENTATION_CONTEXT ( 'NONE', 'WORKASPACE' ) );
#1560 = ORIENTED_EDGE ( 'NONE', *, *, #909, .T. ) ;
#1561 = CARTESIAN_POINT ( 'NONE',  ( 13.62500000000000178, 4.999999999999999112, -14.00000000000000000 ) ) ;
#1562 = DIRECTION ( 'NONE',  ( 0.000000000000000000, 1.000000000000000000, -0.000000000000000000 ) ) ;
#1563 = EDGE_CURVE ( 'NONE', #1380, #2641, #2263, .T. ) ;
#1564 = ADVANCED_FACE ( 'NONE', ( #2727 ), #747, .F. ) ;
#1565 = CARTESIAN_POINT ( 'NONE',  ( 12.37500000000000000, 4.999999999999999112, -14.00000000000000000 ) ) ;
#1566 = CIRCLE ( 'NONE', #738, 1.174999999999998934 ) ;
#1567 = ORIENTED_EDGE ( 'NONE', *, *, #1766, .T. ) ;
#1568 = ORIENTED_EDGE ( 'NONE', *, *, #441, .F. ) ;
#1569 = AXIS2_PLACEMENT_3D ( 'NONE', #580, #992, #88 ) ;
#1570 = CARTESIAN_POINT ( 'NONE',  ( 7.654042494670956620E-17, 2.232233047033622242, 7.000000000000003553 ) ) ;
#1571 = DIRECTION ( 'NONE',  ( -1.000000000000000000, 0.000000000000000000, 0.000000000000000000 ) ) ;
#1572 = CARTESIAN_POINT ( 'NONE',  ( 0.000000000000000000, 2.232233047033624462, 2.625000000000003997 ) ) ;
#1573 = ORIENTED_EDGE ( 'NONE', *, *, #2638, .T. ) ;
#1574 = DIRECTION ( 'NONE',  ( 0.000000000000000000, -6.195440985631455317E-17, 1.000000000000000000 ) ) ;
#1575 = EDGE_LOOP ( 'NONE', ( #2425, #2315, #1407, #45 ) ) ;
#1576 = LINE ( 'NONE', #1561, #41 ) ;
#1577 = CARTESIAN_POINT ( 'NONE',  ( 12.80263317525109379, -4.398595533179062045, -12.49999999999999822 ) ) ;
#1578 = LINE ( 'NONE', #1565, #150 ) ;
#1579 = AXIS2_PLACEMENT_3D ( 'NONE', #647, #1539, #2193 ) ;
#1580 = ORIENTED_EDGE ( 'NONE', *, *, #236, .F. ) ;
#1581 = VERTEX_POINT ( 'NONE', #1625 ) ;
#1582 = DIRECTION ( 'NONE',  ( 1.000000000000000000, 0.000000000000000000, 0.000000000000000000 ) ) ;
#1583 = CARTESIAN_POINT ( 'NONE',  ( -9.165151389911683211, 3.999999999999997335, 1.500000000000000000 ) ) ;
#1584 = CARTESIAN_POINT ( 'NONE',  ( -8.616843969807046477, 3.999999999999997335, 2.000000000000000000 ) ) ;
#1585 = PRODUCT_DEFINITION_SHAPE ( 'NONE', 'NONE',  #977 ) ;
#1586 = VERTEX_POINT ( 'NONE', #511 ) ;
#1587 = CARTESIAN_POINT ( 'NONE',  ( -8.616843969807044701, -3.999999999999999112, 2.000000000000000000 ) ) ;
#1588 = VECTOR ( 'NONE', #2449, 1000.000000000000000 ) ;
#1589 = ORIENTED_EDGE ( 'NONE', *, *, #2536, .T. ) ;
#1590 = CARTESIAN_POINT ( 'NONE',  ( -3.499999999999996447, -4.387353582868298877E-16, -1.000000000000000000 ) ) ;
#1591 = CIRCLE ( 'NONE', #2560, 10.50000000000000000 ) ;
#1592 = CARTESIAN_POINT ( 'NONE',  ( 16.00000000000000000, 0.000000000000000000, 0.000000000000000000 ) ) ;
#1593 = CARTESIAN_POINT ( 'NONE',  ( 7.654042494670960318E-17, 3.999999999999991562, 7.000000000000004441 ) ) ;
#1594 = CIRCLE ( 'NONE', #2009, 0.6250000000000005551 ) ;
#1595 = VERTEX_POINT ( 'NONE', #1653 ) ;
#1596 = ORIENTED_EDGE ( 'NONE', *, *, #2646, .F. ) ;
#1597 = EDGE_CURVE ( 'NONE', #1586, #1662, #375, .T. ) ;
#1598 = AXIS2_PLACEMENT_3D ( 'NONE', #1491, #1098, #2616 ) ;
#1599 = CARTESIAN_POINT ( 'NONE',  ( 1.510000000000000009, 0.000000000000000000, -0.9999999999999991118 ) ) ;
#1600 = DIRECTION ( 'NONE',  ( 1.000000000000000000, 0.000000000000000000, 0.000000000000000000 ) ) ;
#1601 = DIRECTION ( 'NONE',  ( -0.000000000000000000, -0.000000000000000000, 1.000000000000000000 ) ) ;
#1602 = ADVANCED_FACE ( 'NONE', ( #943 ), #1814, .F. ) ;
#1603 = EDGE_LOOP ( 'NONE', ( #278, #1024, #1067, #538 ) ) ;
#1604 = CARTESIAN_POINT ( 'NONE',  ( 12.80263317525109912, 5.601404466820939732, -12.50000000000000178 ) ) ;
#1605 = ORIENTED_EDGE ( 'NONE', *, *, #2520, .F. ) ;
#1606 = DIRECTION ( 'NONE',  ( -0.000000000000000000, -0.000000000000000000, -1.000000000000000000 ) ) ;
#1607 = DIRECTION ( 'NONE',  ( -0.000000000000000000, -0.000000000000000000, -1.000000000000000000 ) ) ;
#1608 = DIRECTION ( 'NONE',  ( -1.000000000000000000, 0.000000000000000000, 0.000000000000000000 ) ) ;
#1609 = ORIENTED_EDGE ( 'NONE', *, *, #1420, .T. ) ;
#1610 = EDGE_LOOP ( 'NONE', ( #2245, #2058, #1475, #2347 ) ) ;
#1611 = CARTESIAN_POINT ( 'NONE',  ( -9.000000000000000000, 8.000000000000000000, 2.000000000000001776 ) ) ;
#1612 = DIRECTION ( 'NONE',  ( 0.000000000000000000, 0.000000000000000000, 1.000000000000000000 ) ) ;
#1613 = CARTESIAN_POINT ( 'NONE',  ( 12.71367322044321924, -5.555555555555555358, -12.50000000000000000 ) ) ;
#1614 = CIRCLE ( 'NONE', #2170, 1.125000000000000888 ) ;
#1615 = ADVANCED_FACE ( 'NONE', ( #1639 ), #2293, .F. ) ;
#1616 = VERTEX_POINT ( 'NONE', #292 ) ;
#1617 = CARTESIAN_POINT ( 'NONE',  ( 13.09964470415250837, -5.625000672333417384, -12.48412260580361810 ) ) ;
#1618 = ORIENTED_EDGE ( 'NONE', *, *, #1082, .F. ) ;
#1619 = CARTESIAN_POINT ( 'NONE',  ( 13.28632677955677721, 5.555555555555558023, -12.50000000000000000 ) ) ;
#1620 = CARTESIAN_POINT ( 'NONE',  ( 14.50000000000000355, -5.000000000000000000, -12.00000000000000178 ) ) ;
#1621 = VERTEX_POINT ( 'NONE', #971 ) ;
#1622 = ORIENTED_EDGE ( 'NONE', *, *, #273, .F. ) ;
#1623 = EDGE_CURVE ( 'NONE', #404, #2733, #18, .T. ) ;
#1624 = PLANE ( 'NONE',  #1726 ) ;
#1625 = CARTESIAN_POINT ( 'NONE',  ( 13.62500000000000178, 4.999999999999999112, -14.00000000000000000 ) ) ;
#1626 = CARTESIAN_POINT ( 'NONE',  ( -9.165151389911693869, -4.000000000000000888, 1.638949847453083475 ) ) ;
#1627 = AXIS2_PLACEMENT_3D ( 'NONE', #761, #982, #1869 ) ;
#1628 = EDGE_CURVE ( 'NONE', #927, #608, #542, .T. ) ;
#1629 = VERTEX_POINT ( 'NONE', #2695 ) ;
#1630 = CARTESIAN_POINT ( 'NONE',  ( 12.90034686189212465, -5.624999327638131597, -12.48412323076150621 ) ) ;
#1631 = EDGE_LOOP ( 'NONE', ( #1989, #2790, #1994, #371 ) ) ;
#1632 = DIRECTION ( 'NONE',  ( 1.000000000000000000, 0.000000000000000000, 0.000000000000000000 ) ) ;
#1633 = DIRECTION ( 'NONE',  ( -0.000000000000000000, -0.000000000000000000, -1.000000000000000000 ) ) ;
#1634 = EDGE_CURVE ( 'NONE', #2171, #311, #718, .T. ) ;
#1635 = AXIS2_PLACEMENT_3D ( 'NONE', #617, #2826, #407 ) ;
#1636 = ORIENTED_EDGE ( 'NONE', *, *, #1426, .T. ) ;
#1637 = VERTEX_POINT ( 'NONE', #280 ) ;
#1638 = DIRECTION ( 'NONE',  ( -0.000000000000000000, -0.000000000000000000, -1.000000000000000000 ) ) ;
#1639 = FACE_OUTER_BOUND ( 'NONE', #2066, .T. ) ;
#1640 = CARTESIAN_POINT ( 'NONE',  ( -16.00000000000000000, 3.999999999999997335, 2.000000000000000000 ) ) ;
#1641 = CIRCLE ( 'NONE', #2056, 0.6250000000000005551 ) ;
#1642 = DIRECTION ( 'NONE',  ( -0.000000000000000000, 0.000000000000000000, 1.000000000000000000 ) ) ;
#1643 = ORIENTED_EDGE ( 'NONE', *, *, #2061, .F. ) ;
#1644 = CARTESIAN_POINT ( 'NONE',  ( 12.48461179679779143, -4.000000000000000000, -12.50000000000000000 ) ) ;
#1645 = ORIENTED_EDGE ( 'NONE', *, *, #737, .T. ) ;
#1646 = CARTESIAN_POINT ( 'NONE',  ( 14.00000000000000000, -5.000000000000000000, 7.000000000000000888 ) ) ;
#1647 = VECTOR ( 'NONE', #2345, 1000.000000000000000 ) ;
#1648 = CARTESIAN_POINT ( 'NONE',  ( -13.67499999999999893, 4.999999999999999112, -9.500000000000000000 ) ) ;
#1649 = AXIS2_PLACEMENT_3D ( 'NONE', #893, #950, #1837 ) ;
#1650 = ORIENTED_EDGE ( 'NONE', *, *, #1011, .F. ) ;
#1651 = EDGE_CURVE ( 'NONE', #2643, #92, #2045, .T. ) ;
#1652 = CARTESIAN_POINT ( 'NONE',  ( -14.00000000000000000, -5.000000000000000000, 9.000000000000001776 ) ) ;
#1653 = CARTESIAN_POINT ( 'NONE',  ( -8.616843969807041148, -6.000000000000000000, -12.00000000000000000 ) ) ;
#1654 = AXIS2_PLACEMENT_3D ( 'NONE', #423, #1095, #2451 ) ;
#1655 = CARTESIAN_POINT ( 'NONE',  ( 9.000000000000000000, 7.999999999999996447, 1.000000000000005773 ) ) ;
#1656 = CARTESIAN_POINT ( 'NONE',  ( 0.000000000000000000, 0.000000000000000000, -14.00000000000000000 ) ) ;
#1657 = VECTOR ( 'NONE', #2670, 1000.000000000000000 ) ;
#1658 = ORIENTED_EDGE ( 'NONE', *, *, #223, .F. ) ;
#1659 = CARTESIAN_POINT ( 'NONE',  ( 13.28632677955678254, -5.555555555555555358, -12.50000000000000000 ) ) ;
#1660 = B_SPLINE_CURVE_WITH_KNOTS ( 'NONE', 3,
 ( #482, #675, #2636, #2625, #662, #2423, #1109, #1369 ),
 .UNSPECIFIED., .F., .F.,
 ( 4, 2, 2, 4 ),
 ( 0.000000000000000000, 0.0006167135740093814380, 0.0009250703610140747048, 0.001233427148018768080 ),
 .UNSPECIFIED. ) ;
#1661 = AXIS2_PLACEMENT_3D ( 'NONE', #160, #191, #1719 ) ;
#1662 = VERTEX_POINT ( 'NONE', #1410 ) ;
#1663 = DIRECTION ( 'NONE',  ( -0.000000000000000000, -0.000000000000000000, 1.000000000000000000 ) ) ;
#1664 = DIRECTION ( 'NONE',  ( 0.000000000000000000, 0.000000000000000000, -1.000000000000000000 ) ) ;
#1665 = ORIENTED_EDGE ( 'NONE', *, *, #539, .F. ) ;
#1666 = CARTESIAN_POINT ( 'NONE',  ( -13.00000000000000178, -4.999999999999999112, -11.50000000000000000 ) ) ;
#1667 = CARTESIAN_POINT ( 'NONE',  ( -12.38305186603735919, 6.000000000000005329, -11.99999999999999645 ) ) ;
#1668 = DIRECTION ( 'NONE',  ( 0.000000000000000000, -0.000000000000000000, -1.000000000000000000 ) ) ;
#1669 = AXIS2_PLACEMENT_3D ( 'NONE', #916, #1799, #308 ) ;
#1670 = DIRECTION ( 'NONE',  ( -1.000000000000000000, 0.000000000000000000, 0.000000000000000000 ) ) ;
#1671 = EDGE_CURVE ( 'NONE', #445, #849, #1698, .T. ) ;
#1672 = CARTESIAN_POINT ( 'NONE',  ( 13.05769514526300590, 5.625010041336443223, -12.09683330445583316 ) ) ;
#1673 = VERTEX_POINT ( 'NONE', #430 ) ;
#1674 = DIRECTION ( 'NONE',  ( 0.000000000000000000, 0.000000000000000000, -1.000000000000000000 ) ) ;
#1675 = ORIENTED_EDGE ( 'NONE', *, *, #988, .T. ) ;
#1676 = DIRECTION ( 'NONE',  ( 0.000000000000000000, 0.000000000000000000, 1.000000000000000000 ) ) ;
#1677 = FACE_OUTER_BOUND ( 'NONE', #803, .T. ) ;
#1678 = PRODUCT_DEFINITION_CONTEXT ( 'detailed design', #2175, 'design' ) ;
#1679 = ORIENTED_EDGE ( 'NONE', *, *, #193, .T. ) ;
#1680 = DIRECTION ( 'NONE',  ( -0.000000000000000000, 0.000000000000000000, 1.000000000000000000 ) ) ;
#1681 = VECTOR ( 'NONE', #68, 1000.000000000000000 ) ;
#1682 = CARTESIAN_POINT ( 'NONE',  ( 0.000000000000000000, 2.232233047033624462, 2.625000000000003997 ) ) ;
#1683 = ADVANCED_FACE ( 'NONE', ( #1914 ), #10, .F. ) ;
#1684 = CARTESIAN_POINT ( 'NONE',  ( 0.000000000000000000, 0.000000000000000000, -12.00000000000000000 ) ) ;
#1685 = CARTESIAN_POINT ( 'NONE',  ( 9.165151389911683211, 3.999999999999997335, 1.500000000000000000 ) ) ;
#1686 = FACE_OUTER_BOUND ( 'NONE', #2211, .T. ) ;
#1687 = VECTOR ( 'NONE', #2759, 1000.000000000000000 ) ;
#1688 = ORIENTED_EDGE ( 'NONE', *, *, #1122, .T. ) ;
#1689 = LINE ( 'NONE', #1256, #271 ) ;
#1690 = EDGE_CURVE ( 'NONE', #2223, #362, #1023, .T. ) ;
#1691 = AXIS2_PLACEMENT_3D ( 'NONE', #2185, #1733, #1707 ) ;
#1692 = VERTEX_POINT ( 'NONE', #2565 ) ;
#1693 = CARTESIAN_POINT ( 'NONE',  ( 13.09895562973442473, -5.619111161342205563, -12.48720827755428431 ) ) ;
#1694 = FACE_OUTER_BOUND ( 'NONE', #947, .T. ) ;
#1695 = VERTEX_POINT ( 'NONE', #2121 ) ;
#1696 = DIRECTION ( 'NONE',  ( -0.000000000000000000, 0.000000000000000000, 1.000000000000000000 ) ) ;
#1697 = CARTESIAN_POINT ( 'NONE',  ( -9.708243919473796169, -4.000000000000002665, 29.69848480983499783 ) ) ;
#1698 = LINE ( 'NONE', #1101, #1763 ) ;
#1699 = LINE ( 'NONE', #1468, #857 ) ;
#1700 = AXIS2_PLACEMENT_3D ( 'NONE', #1572, #44, #29 ) ;
#1701 = CARTESIAN_POINT ( 'NONE',  ( 12.80257613282855900, 4.398624932170719148, -12.50000000000000178 ) ) ;
#1702 = EDGE_LOOP ( 'NONE', ( #640, #955, #1895, #2802 ) ) ;
#1703 = CARTESIAN_POINT ( 'NONE',  ( 14.00000000000000000, -3.999999999999999112, 9.000000000000001776 ) ) ;
#1704 = VECTOR ( 'NONE', #2467, 1000.000000000000000 ) ;
#1705 = EDGE_LOOP ( 'NONE', ( #334, #2141, #1480, #2806, #170, #1954 ) ) ;
#1706 = CARTESIAN_POINT ( 'NONE',  ( 12.48461179679885369, -6.000000000000000000, -12.00000000000000000 ) ) ;
#1707 = DIRECTION ( 'NONE',  ( -0.4581228472898961623, -0.8888888888893811124, 0.000000000000000000 ) ) ;
#1708 = CIRCLE ( 'NONE', #919, 9.500000000000001776 ) ;
#1709 = ORIENTED_EDGE ( 'NONE', *, *, #956, .T. ) ;
#1710 = VERTEX_POINT ( 'NONE', #1983 ) ;
#1711 = CARTESIAN_POINT ( 'NONE',  ( 12.95007110921645221, -4.375007624462536882, -12.48412646054509878 ) ) ;
#1712 = CARTESIAN_POINT ( 'NONE',  ( 9.000000000000000000, 6.000000000000002665, -12.00000000000000000 ) ) ;
#1713 = CARTESIAN_POINT ( 'NONE',  ( 12.82187986558224324, 6.000000000000005329, -12.00000000000000000 ) ) ;
#1714 = ORIENTED_EDGE ( 'NONE', *, *, #539, .T. ) ;
#1715 = VECTOR ( 'NONE', #1934, 1000.000000000000000 ) ;
#1716 = EDGE_CURVE ( 'NONE', #898, #1157, #1452, .T. ) ;
#1717 = EDGE_CURVE ( 'NONE', #1375, #2523, #2019, .T. ) ;
#1718 = ORIENTED_EDGE ( 'NONE', *, *, #2536, .F. ) ;
#1719 = DIRECTION ( 'NONE',  ( 1.000000000000000000, 0.000000000000000000, 0.000000000000000000 ) ) ;
#1720 = PLANE ( 'NONE',  #439 ) ;
#1721 = ORIENTED_EDGE ( 'NONE', *, *, #1931, .F. ) ;
#1722 = CARTESIAN_POINT ( 'NONE',  ( 13.28632677955678965, 4.444444444444446418, -12.50000000000000000 ) ) ;
#1723 = EDGE_CURVE ( 'NONE', #1258, #552, #1192, .T. ) ;
#1724 = CARTESIAN_POINT ( 'NONE',  ( 12.88420823521135716, -4.383475958943138906, -12.09017709456491652 ) ) ;
#1725 = LINE ( 'NONE', #2608, #1405 ) ;
#1726 = AXIS2_PLACEMENT_3D ( 'NONE', #54, #2476, #1167 ) ;
#1727 = CARTESIAN_POINT ( 'NONE',  ( -11.00000000000000000, 8.000000000000000000, -12.00000000000000000 ) ) ;
#1728 = ORIENTED_EDGE ( 'NONE', *, *, #924, .T. ) ;
#1729 = DIRECTION ( 'NONE',  ( -0.8888888888888821782, 0.4581228472908644989, 0.000000000000000000 ) ) ;
#1730 = AXIS2_PLACEMENT_3D ( 'NONE', #1264, #2334, #374 ) ;
#1731 = ORIENTED_EDGE ( 'NONE', *, *, #960, .F. ) ;
#1732 = CARTESIAN_POINT ( 'NONE',  ( 13.43679585110088581, -6.000000000000000000, -12.00000000000000000 ) ) ;
#1733 = DIRECTION ( 'NONE',  ( -0.8888888888893811124, 0.4581228472898961068, 5.022608015034758678E-13 ) ) ;
#1734 = TOROIDAL_SURFACE ( 'NONE', #2747, 1.174999999999999378, 0.5000000000000000000 ) ;
#1735 = ORIENTED_EDGE ( 'NONE', *, *, #2204, .F. ) ;
#1736 = CARTESIAN_POINT ( 'NONE',  ( 13.09895562973426486, 4.380888838657761575, -12.48720827755434826 ) ) ;
#1737 = ADVANCED_FACE ( 'NONE', ( #167 ), #123, .F. ) ;
#1738 = CARTESIAN_POINT ( 'NONE',  ( 13.62500000000000178, 4.999999999999999112, -12.50000000000000000 ) ) ;
#1739 = ORIENTED_EDGE ( 'NONE', *, *, #785, .F. ) ;
#1740 = AXIS2_PLACEMENT_3D ( 'NONE', #1236, #2779, #798 ) ;
#1741 = DIRECTION ( 'NONE',  ( 0.000000000000000000, 0.000000000000000000, -1.000000000000000000 ) ) ;
#1742 = DIRECTION ( 'NONE',  ( 1.000000000000000000, 0.000000000000000000, 0.000000000000000000 ) ) ;
#1743 = DIRECTION ( 'NONE',  ( 0.000000000000000000, -1.000000000000000000, 0.000000000000000000 ) ) ;
#1744 = VERTEX_POINT ( 'NONE', #352 ) ;
#1745 = DIRECTION ( 'NONE',  ( -0.000000000000000000, -0.000000000000000000, -1.000000000000000000 ) ) ;
#1746 = EDGE_CURVE ( 'NONE', #1621, #1219, #770, .T. ) ;
#1747 = DIRECTION ( 'NONE',  ( 1.000000000000000000, 0.000000000000000000, 0.000000000000000000 ) ) ;
#1748 = EDGE_LOOP ( 'NONE', ( #2373, #1879, #605, #1938 ) ) ;
#1749 = DIRECTION ( 'NONE',  ( -0.000000000000000000, 0.000000000000000000, 1.000000000000000000 ) ) ;
#1750 = FACE_OUTER_BOUND ( 'NONE', #1175, .T. ) ;
#1751 = VECTOR ( 'NONE', #1784, 1000.000000000000000 ) ;
#1752 = CARTESIAN_POINT ( 'NONE',  ( 12.56320414889906623, -4.000000000000000000, -12.00000000000000000 ) ) ;
#1753 = DIRECTION ( 'NONE',  ( 1.000000000000000000, 0.000000000000000000, 0.000000000000000000 ) ) ;
#1754 = CARTESIAN_POINT ( 'NONE',  ( 12.48461179679778077, 4.000000000000005329, -12.00000000000000000 ) ) ;
#1755 = DIRECTION ( 'NONE',  ( 0.000000000000000000, 0.000000000000000000, -1.000000000000000000 ) ) ;
#1756 = EDGE_CURVE ( 'NONE', #1053, #2371, #999, .T. ) ;
#1757 = ORIENTED_EDGE ( 'NONE', *, *, #1030, .F. ) ;
#1758 = DIRECTION ( 'NONE',  ( -1.000000000000000000, 0.000000000000000000, 0.000000000000000000 ) ) ;
#1759 = VECTOR ( 'NONE', #1742, 1000.000000000000000 ) ;
#1760 = ORIENTED_EDGE ( 'NONE', *, *, #8, .F. ) ;
#1761 = DIRECTION ( 'NONE',  ( -0.000000000000000000, 0.000000000000000000, 1.000000000000000000 ) ) ;
#1762 = CARTESIAN_POINT ( 'NONE',  ( 13.17812013441747609, 4.000000000000005329, -12.00000000000000000 ) ) ;
#1763 = VECTOR ( 'NONE', #1535, 1000.000000000000000 ) ;
#1764 = DIRECTION ( 'NONE',  ( 0.8888888888888875073, -0.4581228472908541183, 0.000000000000000000 ) ) ;
#1765 = EDGE_LOOP ( 'NONE', ( #1327, #1170, #111, #859, #1041 ) ) ;
#1766 = EDGE_CURVE ( 'NONE', #2737, #2592, #174, .T. ) ;
#1767 = EDGE_CURVE ( 'NONE', #650, #795, #2297, .T. ) ;
#1768 = CARTESIAN_POINT ( 'NONE',  ( 0.000000000000000000, 0.000000000000000000, 9.000000000000001776 ) ) ;
#1769 = DIRECTION ( 'NONE',  ( -1.000000000000000000, -0.000000000000000000, -0.000000000000000000 ) ) ;
#1770 = DIRECTION ( 'NONE',  ( 0.000000000000000000, 4.336808689942017736E-16, -1.000000000000000000 ) ) ;
#1771 = CIRCLE ( 'NONE', #2099, 0.6250000000000005551 ) ;
#1772 = VERTEX_POINT ( 'NONE', #1027 ) ;
#1773 = EDGE_CURVE ( 'NONE', #774, #2684, #1374, .T. ) ;
#1774 = CIRCLE ( 'NONE', #854, 2.000000000000000000 ) ;
#1775 = ORIENTED_EDGE ( 'NONE', *, *, #1248, .T. ) ;
#1776 = CYLINDRICAL_SURFACE ( 'NONE', #1513, 10.50000000000000000 ) ;
#1777 = FACE_OUTER_BOUND ( 'NONE', #2124, .T. ) ;
#1778 = FACE_OUTER_BOUND ( 'NONE', #2153, .T. ) ;
#1779 = ORIENTED_EDGE ( 'NONE', *, *, #1651, .T. ) ;
#1780 = EDGE_LOOP ( 'NONE', ( #1873, #1330, #2545, #2597 ) ) ;
#1781 = LINE ( 'NONE', #1829, #2331 ) ;
#1782 = VECTOR ( 'NONE', #922, 1000.000000000000000 ) ;
#1783 = CARTESIAN_POINT ( 'NONE',  ( 9.000000000000000000, 8.000000000000000000, 9.000000000000001776 ) ) ;
#1784 = DIRECTION ( 'NONE',  ( -0.000000000000000000, 1.000000000000000000, -0.000000000000000000 ) ) ;
#1785 = AXIS2_PLACEMENT_3D ( 'NONE', #601, #668, #378 ) ;
#1786 = ORIENTED_EDGE ( 'NONE', *, *, #895, .F. ) ;
#1787 = DIRECTION ( 'NONE',  ( 0.000000000000000000, -1.000000000000000000, 0.000000000000000000 ) ) ;
#1788 = AXIS2_PLACEMENT_3D ( 'NONE', #227, #1540, #1142 ) ;
#1789 = VERTEX_POINT ( 'NONE', #1000 ) ;
#1790 = CARTESIAN_POINT ( 'NONE',  ( 16.00000000000000000, 3.999999999999997335, 0.000000000000000000 ) ) ;
#1791 = CARTESIAN_POINT ( 'NONE',  ( -13.00000000000000178, -4.999999999999999112, -12.00000000000000000 ) ) ;
#1792 = DIRECTION ( 'NONE',  ( 0.000000000000000000, -1.000000000000000000, 0.000000000000000000 ) ) ;
#1793 = AXIS2_PLACEMENT_3D ( 'NONE', #2249, #2209, #1309 ) ;
#1794 = ORIENTED_EDGE ( 'NONE', *, *, #1690, .T. ) ;
#1795 = EDGE_LOOP ( 'NONE', ( #1622, #2785 ) ) ;
#1796 = AXIS2_PLACEMENT_3D ( 'NONE', #2156, #1312, #173 ) ;
#1797 = B_SPLINE_CURVE_WITH_KNOTS ( 'NONE', 3,
 ( #1659, #2310, #1617, #1630, #1416, #948 ),
 .UNSPECIFIED., .F., .F.,
 ( 4, 2, 4 ),
 ( 0.000000000000000000, 0.0002984419316848435709, 0.0005968838633696871418 ),
 .UNSPECIFIED. ) ;
#1798 = DIRECTION ( 'NONE',  ( 0.000000000000000000, -1.000000000000000000, 0.000000000000000000 ) ) ;
#1799 = DIRECTION ( 'NONE',  ( 0.000000000000000000, -1.000000000000000000, -6.814985084194600849E-16 ) ) ;
#1800 = LINE ( 'NONE', #15, #1469 ) ;
#1801 = ORIENTED_EDGE ( 'NONE', *, *, #2039, .T. ) ;
#1802 = LINE ( 'NONE', #2700, #2627 ) ;
#1803 = EDGE_CURVE ( 'NONE', #2815, #381, #337, .T. ) ;
#1804 = EDGE_CURVE ( 'NONE', #1087, #979, #128, .T. ) ;
#1805 = ORIENTED_EDGE ( 'NONE', *, *, #1386, .F. ) ;
#1806 = CARTESIAN_POINT ( 'NONE',  ( 10.00000000000000178, 0.000000000000000000, 1.500000000000000000 ) ) ;
#1807 = CARTESIAN_POINT ( 'NONE',  ( -14.50000000000000000, -5.000000000000000000, 7.000000000000001776 ) ) ;
#1808 = CARTESIAN_POINT ( 'NONE',  ( 16.00000000000000000, 4.000000000000005329, -11.99999999999999467 ) ) ;
#1809 = VECTOR ( 'NONE', #2062, 1000.000000000000000 ) ;
#1810 = EDGE_LOOP ( 'NONE', ( #932, #1567, #2213, #566 ) ) ;
#1811 = ORIENTED_EDGE ( 'NONE', *, *, #870, .F. ) ;
#1812 = ADVANCED_FACE ( 'NONE', ( #2549 ), #1930, .T. ) ;
#1813 = DIRECTION ( 'NONE',  ( -0.000000000000000000, -6.195440985631454331E-16, 1.000000000000000000 ) ) ;
#1814 = PLANE ( 'NONE',  #1627 ) ;
#1815 = CYLINDRICAL_SURFACE ( 'NONE', #595, 0.6250000000000005551 ) ;
#1816 = EDGE_LOOP ( 'NONE', ( #567, #765, #855, #1826 ) ) ;
#1817 = CARTESIAN_POINT ( 'NONE',  ( 12.71367322044322457, 5.555555555555558023, -12.50000000000000000 ) ) ;
#1818 = CIRCLE ( 'NONE', #2281, 1.174999999999998934 ) ;
#1819 = ORIENTED_EDGE ( 'NONE', *, *, #1858, .F. ) ;
#1820 = DIRECTION ( 'NONE',  ( 1.000000000000000000, 0.000000000000000000, 0.000000000000000000 ) ) ;
#1821 = AXIS2_PLACEMENT_3D ( 'NONE', #1266, #2147, #1929 ) ;
#1822 = DIRECTION ( 'NONE',  ( 0.000000000000000000, 0.000000000000000000, -1.000000000000000000 ) ) ;
#1823 = DIRECTION ( 'NONE',  ( 1.000000000000000000, 0.000000000000000000, 0.000000000000000000 ) ) ;
#1824 = AXIS2_PLACEMENT_3D ( 'NONE', #1243, #1008, #131 ) ;
#1825 = ORIENTED_EDGE ( 'NONE', *, *, #2824, .F. ) ;
#1826 = ORIENTED_EDGE ( 'NONE', *, *, #924, .F. ) ;
#1827 = CIRCLE ( 'NONE', #1691, 0.5000000000000001110 ) ;
#1828 = ADVANCED_FACE ( 'NONE', ( #571 ), #2337, .T. ) ;
#1829 = CARTESIAN_POINT ( 'NONE',  ( 16.00000000000000000, 5.999999999999996447, 2.000000000000003553 ) ) ;
#1830 = CARTESIAN_POINT ( 'NONE',  ( 0.000000000000000000, 5.999999999999993783, 7.625000000000005329 ) ) ;
#1831 = CARTESIAN_POINT ( 'NONE',  ( 13.00000000000000178, -4.999999999999999112, -14.00000000000000000 ) ) ;
#1832 = ORIENTED_EDGE ( 'NONE', *, *, #1756, .F. ) ;
#1833 = CARTESIAN_POINT ( 'NONE',  ( -14.00000000000000000, 0.000000000000000000, 7.000000000000000888 ) ) ;
#1834 = EDGE_CURVE ( 'NONE', #650, #552, #2133, .T. ) ;
#1835 = EDGE_CURVE ( 'NONE', #1218, #1789, #2804, .T. ) ;
#1836 = VERTEX_POINT ( 'NONE', #741 ) ;
#1837 = DIRECTION ( 'NONE',  ( -1.000000000000000000, 0.000000000000000000, 0.000000000000000000 ) ) ;
#1838 = CARTESIAN_POINT ( 'NONE',  ( 12.90035529584749341, -4.374999327666581728, -12.48412260580361810 ) ) ;
#1839 = DIRECTION ( 'NONE',  ( 0.000000000000000000, 0.000000000000000000, -1.000000000000000000 ) ) ;
#1840 = ORIENTED_EDGE ( 'NONE', *, *, #1052, .F. ) ;
#1841 = ORIENTED_EDGE ( 'NONE', *, *, #629, .T. ) ;
#1842 = VECTOR ( 'NONE', #1787, 1000.000000000000000 ) ;
#1843 = LINE ( 'NONE', #1570, #1681 ) ;
#1844 = DIRECTION ( 'NONE',  ( 0.000000000000000000, -1.000000000000000000, 0.000000000000000000 ) ) ;
#1845 = DIRECTION ( 'NONE',  ( 0.000000000000000000, 0.000000000000000000, -1.000000000000000000 ) ) ;
#1846 = VECTOR ( 'NONE', #1216, 1000.000000000000000 ) ;
#1847 = ORIENTED_EDGE ( 'NONE', *, *, #190, .T. ) ;
#1848 = LINE ( 'NONE', #2067, #1887 ) ;
#1849 = ADVANCED_FACE ( 'NONE', ( #710 ), #2428, .T. ) ;
#1850 = EDGE_LOOP ( 'NONE', ( #2729, #303, #1775, #2325 ) ) ;
#1851 = CARTESIAN_POINT ( 'NONE',  ( -13.00000000000000178, -4.999999999999999112, -11.50000000000000000 ) ) ;
#1852 = DIRECTION ( 'NONE',  ( -0.000000000000000000, 0.000000000000000000, 1.000000000000000000 ) ) ;
#1853 = VERTEX_POINT ( 'NONE', #2483 ) ;
#1854 = ORIENTED_EDGE ( 'NONE', *, *, #1767, .T. ) ;
#1855 = VECTOR ( 'NONE', #2228, 1000.000000000000000 ) ;
#1856 = LINE ( 'NONE', #1438, #207 ) ;
#1857 = CARTESIAN_POINT ( 'NONE',  ( 16.00000000000000000, 6.000000000000005329, -11.99999999999999645 ) ) ;
#1858 = EDGE_CURVE ( 'NONE', #1581, #1144, #1576, .T. ) ;
#1859 = ORIENTED_EDGE ( 'NONE', *, *, #2613, .F. ) ;
#1860 = CARTESIAN_POINT ( 'NONE',  ( -12.58863541867602365, -4.000000000000000000, -12.00000000000000178 ) ) ;
#1861 = EDGE_CURVE ( 'NONE', #795, #650, #541, .T. ) ;
#1862 = ORIENTED_EDGE ( 'NONE', *, *, #2416, .T. ) ;
#1863 = DIRECTION ( 'NONE',  ( 0.000000000000000000, 1.000000000000000000, 0.000000000000000000 ) ) ;
#1864 = LINE ( 'NONE', #386, #812 ) ;
#1865 = VERTEX_POINT ( 'NONE', #2442 ) ;
#1866 = ORIENTED_EDGE ( 'NONE', *, *, #2520, .T. ) ;
#1867 = VECTOR ( 'NONE', #1203, 1000.000000000000000 ) ;
#1868 = CARTESIAN_POINT ( 'NONE',  ( -13.10224725085192077, 6.000000000000003553, -11.96835400087334378 ) ) ;
#1869 = DIRECTION ( 'NONE',  ( 1.000000000000000000, 0.000000000000000000, 0.000000000000000000 ) ) ;
#1870 = CARTESIAN_POINT ( 'NONE',  ( 9.000000000000000000, 7.999999999999996447, 2.000000000000006217 ) ) ;
#1871 = AXIS2_PLACEMENT_3D ( 'NONE', #1276, #2805, #2158 ) ;
#1872 = DIRECTION ( 'NONE',  ( 0.000000000000000000, 0.000000000000000000, -1.000000000000000000 ) ) ;
#1873 = ORIENTED_EDGE ( 'NONE', *, *, #909, .F. ) ;
#1874 = CARTESIAN_POINT ( 'NONE',  ( -13.10224725085192610, -3.999999999999999112, -11.96835400087334200 ) ) ;
#1875 = ORIENTED_EDGE ( 'NONE', *, *, #1035, .F. ) ;
#1876 = DIRECTION ( 'NONE',  ( 0.000000000000000000, 1.000000000000000000, 4.003208021484940511E-16 ) ) ;
#1877 = CIRCLE ( 'NONE', #2521, 1.174999999999998934 ) ;
#1878 = CARTESIAN_POINT ( 'NONE',  ( -16.00000000000000000, 0.000000000000000000, 7.000000000000000888 ) ) ;
#1879 = ORIENTED_EDGE ( 'NONE', *, *, #1139, .F. ) ;
#1880 = DIRECTION ( 'NONE',  ( -0.000000000000000000, -0.000000000000000000, 1.000000000000000000 ) ) ;
#1881 = EDGE_CURVE ( 'NONE', #2275, #1180, #2214, .T. ) ;
#1882 = CARTESIAN_POINT ( 'NONE',  ( -9.000000000000000000, 6.000000000000005329, 9.000000000000001776 ) ) ;
#1883 = CARTESIAN_POINT ( 'NONE',  ( 9.000000000000000000, 7.999999999999996447, 1.000000000000005773 ) ) ;
#1884 = VECTOR ( 'NONE', #240, 1000.000000000000000 ) ;
#1885 = DIRECTION ( 'NONE',  ( 0.000000000000000000, 6.814985084194601835E-16, -1.000000000000000000 ) ) ;
#1886 = PLANE ( 'NONE',  #2059 ) ;
#1887 = VECTOR ( 'NONE', #1889, 1000.000000000000000 ) ;
#1888 = ORIENTED_EDGE ( 'NONE', *, *, #2493, .T. ) ;
#1889 = DIRECTION ( 'NONE',  ( -0.000000000000000000, -0.000000000000000000, -1.000000000000000000 ) ) ;
#1890 = VERTEX_POINT ( 'NONE', #257 ) ;
#1891 = LINE ( 'NONE', #549, #2239 ) ;
#1892 = ADVANCED_FACE ( 'NONE', ( #446 ), #2268, .T. ) ;
#1893 = ADVANCED_FACE ( 'NONE', ( #2037 ), #2226, .T. ) ;
#1894 = ADVANCED_FACE ( 'NONE', ( #2455 ), #1776, .F. ) ;
#1895 = ORIENTED_EDGE ( 'NONE', *, *, #688, .F. ) ;
#1896 = PLANE ( 'NONE',  #985 ) ;
#1897 = LINE ( 'NONE', #2120, #2840 ) ;
#1898 = CARTESIAN_POINT ( 'NONE',  ( 3.469446951953614189E-15, -8.673617379884035472E-16, 0.000000000000000000 ) ) ;
#1899 = EDGE_CURVE ( 'NONE', #2029, #2684, #2658, .T. ) ;
#1900 = AXIS2_PLACEMENT_3D ( 'NONE', #2305, #2490, #1600 ) ;
#1901 = DIRECTION ( 'NONE',  ( 0.000000000000000000, -6.938893903907222461E-16, 1.000000000000000000 ) ) ;
#1902 = CARTESIAN_POINT ( 'NONE',  ( 13.51538820320113388, 6.000000000000005329, -12.00000000000000000 ) ) ;
#1903 = AXIS2_PLACEMENT_3D ( 'NONE', #2535, #2518, #96 ) ;
#1904 = VERTEX_POINT ( 'NONE', #2673 ) ;
#1905 = DIRECTION ( 'NONE',  ( 0.000000000000000000, 0.000000000000000000, -1.000000000000000000 ) ) ;
#1906 = ORIENTED_EDGE ( 'NONE', *, *, #2117, .F. ) ;
#1907 = CARTESIAN_POINT ( 'NONE',  ( -9.375000000000000000, 7.999999999999996447, 1.500000000000005995 ) ) ;
#1908 = PLANE ( 'NONE',  #2381 ) ;
#1909 = UNCERTAINTY_MEASURE_WITH_UNIT (LENGTH_MEASURE( 1.000000000000000082E-05 ), #1300, 'distance_accuracy_value', 'NONE');
#1910 = ORIENTED_EDGE ( 'NONE', *, *, #448, .F. ) ;
#1911 = ORIENTED_EDGE ( 'NONE', *, *, #2589, .F. ) ;
#1912 = AXIS2_PLACEMENT_3D ( 'NONE', #1656, #339, #2539 ) ;
#1913 = DIRECTION ( 'NONE',  ( -0.000000000000000000, 0.000000000000000000, 1.000000000000000000 ) ) ;
#1914 = FACE_OUTER_BOUND ( 'NONE', #2014, .T. ) ;
#1915 = VECTOR ( 'NONE', #94, 1000.000000000000000 ) ;
#1916 = B_SPLINE_CURVE_WITH_KNOTS ( 'NONE', 3,
 ( #2294, #2323, #293, #1223, #959, #84, #2506, #748 ),
 .UNSPECIFIED., .F., .F.,
 ( 4, 2, 2, 4 ),
 ( 0.000000000000000000, 0.0006167135740093970505, 0.0009250703610140929194, 0.001233427148018788897 ),
 .UNSPECIFIED. ) ;
#1917 = CARTESIAN_POINT ( 'NONE',  ( -13.67499999999999893, 4.999999999999999112, -11.50000000000000000 ) ) ;
#1918 = CARTESIAN_POINT ( 'NONE',  ( 13.28632677955678965, 4.444444444444447306, -12.50000000000000000 ) ) ;
#1919 = VECTOR ( 'NONE', #2242, 1000.000000000000000 ) ;
#1920 = ORIENTED_EDGE ( 'NONE', *, *, #906, .T. ) ;
#1921 = DIRECTION ( 'NONE',  ( -0.000000000000000000, 0.000000000000000000, 1.000000000000000000 ) ) ;
#1922 = ORIENTED_EDGE ( 'NONE', *, *, #2574, .T. ) ;
#1923 = LINE ( 'NONE', #2266, #599 ) ;
#1924 = DIRECTION ( 'NONE',  ( 1.000000000000000000, -0.000000000000000000, 1.826024711554533667E-16 ) ) ;
#1925 = ADVANCED_FACE ( 'NONE', ( #460 ), #503, .T. ) ;
#1926 = ORIENTED_EDGE ( 'NONE', *, *, #211, .F. ) ;
#1927 = DIRECTION ( 'NONE',  ( 1.000000000000000000, 0.000000000000000000, 0.000000000000000000 ) ) ;
#1928 = AXIS2_PLACEMENT_3D ( 'NONE', #1346, #1160, #1331 ) ;
#1929 = DIRECTION ( 'NONE',  ( 1.000000000000000000, 0.000000000000000000, 0.000000000000000000 ) ) ;
#1930 = CYLINDRICAL_SURFACE ( 'NONE', #2621, 0.5000000000000004441 ) ;
#1931 = EDGE_CURVE ( 'NONE', #693, #2029, #2801, .T. ) ;
#1932 = DIRECTION ( 'NONE',  ( 0.000000000000000000, 0.000000000000000000, -1.000000000000000000 ) ) ;
#1933 = CIRCLE ( 'NONE', #2210, 0.6250000000000005551 ) ;
#1934 = DIRECTION ( 'NONE',  ( -3.469446951953614682E-16, 1.000000000000000000, -0.000000000000000000 ) ) ;
#1935 = ORIENTED_EDGE ( 'NONE', *, *, #5, .T. ) ;
#1936 = DIRECTION ( 'NONE',  ( 1.000000000000000000, 0.000000000000000000, 0.000000000000000000 ) ) ;
#1937 = CIRCLE ( 'NONE', #1291, 0.4999999999999998335 ) ;
#1938 = ORIENTED_EDGE ( 'NONE', *, *, #325, .F. ) ;
#1939 = EDGE_CURVE ( 'NONE', #201, #608, #1360, .T. ) ;
#1940 = SURFACE_SIDE_STYLE ('',( #2803 ) ) ;
#1941 = CARTESIAN_POINT ( 'NONE',  ( -13.00000000000000178, 4.999999999999999112, -12.00000000000000000 ) ) ;
#1942 = EDGE_CURVE ( 'NONE', #2641, #1181, #1391, .T. ) ;
#1943 = TOROIDAL_SURFACE ( 'NONE', #1569, 9.500000000000001776, 0.5000000000000000000 ) ;
#1944 = ORIENTED_EDGE ( 'NONE', *, *, #1139, .T. ) ;
#1945 = CARTESIAN_POINT ( 'NONE',  ( 13.05791819015093580, 4.375010060856439509, -12.09681584590153136 ) ) ;
#1946 = B_SPLINE_CURVE_WITH_KNOTS ( 'NONE', 3,
 ( #1210, #2796, #603, #1029, #544, #1428 ),
 .UNSPECIFIED., .F., .F.,
 ( 4, 2, 4 ),
 ( 0.000000000000000000, 0.0004098524317722713572, 0.0008197048635445427145 ),
 .UNSPECIFIED. ) ;
#1947 = DIRECTION ( 'NONE',  ( 1.000000000000000000, 0.000000000000000000, 0.000000000000000000 ) ) ;
#1948 = VERTEX_POINT ( 'NONE', #1806 ) ;
#1949 = DIRECTION ( 'NONE',  ( 0.000000000000000000, 0.000000000000000000, -1.000000000000000000 ) ) ;
#1950 = CARTESIAN_POINT ( 'NONE',  ( 12.91012799658840393, 6.000000000000005329, -12.00000000000000000 ) ) ;
#1951 = ORIENTED_EDGE ( 'NONE', *, *, #1550, .T. ) ;
#1952 = DIRECTION ( 'NONE',  ( 0.000000000000000000, -0.000000000000000000, -1.000000000000000000 ) ) ;
#1953 = CIRCLE ( 'NONE', #1579, 0.6250000000000003331 ) ;
#1954 = ORIENTED_EDGE ( 'NONE', *, *, #570, .F. ) ;
#1955 = CARTESIAN_POINT ( 'NONE',  ( 13.05791819015119515, -5.624989939143398843, -12.09681584590152781 ) ) ;
#1956 = DIRECTION ( 'NONE',  ( -1.000000000000000000, 0.000000000000000000, -0.000000000000000000 ) ) ;
#1957 = EDGE_CURVE ( 'NONE', #2218, #2850, #2688, .T. ) ;
#1958 = ORIENTED_EDGE ( 'NONE', *, *, #2590, .T. ) ;
#1959 = CARTESIAN_POINT ( 'NONE',  ( -16.00000000000000000, 4.000000000000005329, -11.99999999999999467 ) ) ;
#1960 = CARTESIAN_POINT ( 'NONE',  ( 12.82187986558252923, -4.000000000000000000, -12.00000000000000000 ) ) ;
#1961 = EDGE_LOOP ( 'NONE', ( #1862, #340, #105, #2252 ) ) ;
#1962 = VECTOR ( 'NONE', #1454, 1000.000000000000000 ) ;
#1963 = CARTESIAN_POINT ( 'NONE',  ( 9.000000000000000000, 8.000000000000000000, -12.00000000000000000 ) ) ;
#1964 = CIRCLE ( 'NONE', #2285, 10.50000000000000000 ) ;
#1965 = DIRECTION ( 'NONE',  ( -1.000000000000000000, 0.000000000000000000, 0.000000000000000000 ) ) ;
#1966 = CARTESIAN_POINT ( 'NONE',  ( -13.00000000000000178, -4.999999999999999112, -12.00000000000000000 ) ) ;
#1967 = VECTOR ( 'NONE', #473, 1000.000000000000000 ) ;
#1968 = ORIENTED_EDGE ( 'NONE', *, *, #1723, .F. ) ;
#1969 = CARTESIAN_POINT ( 'NONE',  ( 13.11579176478888797, -5.616524041056813132, -12.09017709456486500 ) ) ;
#1970 = DIRECTION ( 'NONE',  ( -1.000000000000000000, 0.000000000000000000, 0.000000000000000000 ) ) ;
#1971 = VECTOR ( 'NONE', #1047, 1000.000000000000000 ) ;
#1972 = ORIENTED_EDGE ( 'NONE', *, *, #614, .T. ) ;
#1973 = CARTESIAN_POINT ( 'NONE',  ( 12.56371804288315630, 4.000000000000005329, -12.00000000000000000 ) ) ;
#1974 = DIRECTION ( 'NONE',  ( 1.000000000000000000, -5.329070518200751394E-15, 0.000000000000000000 ) ) ;
#1975 = EDGE_LOOP ( 'NONE', ( #1018, #2719, #729, #1406 ) ) ;
#1976 = EDGE_CURVE ( 'NONE', #795, #1258, #1376, .T. ) ;
#1977 = DIRECTION ( 'NONE',  ( 1.000000000000000000, 0.000000000000000000, -0.000000000000000000 ) ) ;
#1978 = DIRECTION ( 'NONE',  ( 0.000000000000000000, -0.000000000000000000, -1.000000000000000000 ) ) ;
#1979 = CARTESIAN_POINT ( 'NONE',  ( 0.000000000000000000, 0.000000000000000000, 1.500000000000000000 ) ) ;
#1980 = EDGE_LOOP ( 'NONE', ( #2679, #34 ) ) ;
#1981 = CARTESIAN_POINT ( 'NONE',  ( 0.000000000000000000, 0.000000000000000000, 2.000000000000000000 ) ) ;
#1982 = ORIENTED_EDGE ( 'NONE', *, *, #1804, .T. ) ;
#1983 = CARTESIAN_POINT ( 'NONE',  ( 12.37500000000000000, 4.999999999999999112, -14.00000000000000000 ) ) ;
#1984 = FACE_BOUND ( 'NONE', #463, .T. ) ;
#1985 = AXIS2_PLACEMENT_3D ( 'NONE', #891, #678, #1558 ) ;
#1986 = EDGE_CURVE ( 'NONE', #1789, #774, #116, .T. ) ;
#1987 = EDGE_CURVE ( 'NONE', #631, #2510, #1877, .T. ) ;
#1988 = CARTESIAN_POINT ( 'NONE',  ( 13.62500000000000178, -4.999999999999999112, -14.00000000000000000 ) ) ;
#1989 = ORIENTED_EDGE ( 'NONE', *, *, #2448, .T. ) ;
#1990 = DIRECTION ( 'NONE',  ( 0.000000000000000000, 0.000000000000000000, 1.000000000000000000 ) ) ;
#1991 = EDGE_CURVE ( 'NONE', #736, #2316, #1461, .T. ) ;
#1992 = DIRECTION ( 'NONE',  ( 0.4581228472899064874, 0.8888888888893757834, 0.000000000000000000 ) ) ;
#1993 = LINE ( 'NONE', #266, #1751 ) ;
#1994 = ORIENTED_EDGE ( 'NONE', *, *, #659, .F. ) ;
#1995 = FACE_OUTER_BOUND ( 'NONE', #1464, .T. ) ;
#1996 = AXIS2_PLACEMENT_3D ( 'NONE', #64, #2272, #896 ) ;
#1997 = ORIENTED_EDGE ( 'NONE', *, *, #577, .T. ) ;
#1998 = DIRECTION ( 'NONE',  ( 1.000000000000000000, 0.000000000000000000, 0.000000000000000000 ) ) ;
#1999 = DIRECTION ( 'NONE',  ( -1.000000000000000000, 0.000000000000000000, -0.000000000000000000 ) ) ;
#2000 = DIRECTION ( 'NONE',  ( -0.000000000000000000, -0.000000000000000000, -1.000000000000000000 ) ) ;
#2001 = ORIENTED_EDGE ( 'NONE', *, *, #309, .T. ) ;
#2002 = CARTESIAN_POINT ( 'NONE',  ( -9.000000000000000000, 5.999999999999997335, 1.000000000000005107 ) ) ;
#2003 = CARTESIAN_POINT ( 'NONE',  ( -16.00000000000000000, 3.999999999999997335, 9.000000000000001776 ) ) ;
#2004 = FACE_OUTER_BOUND ( 'NONE', #2631, .T. ) ;
#2005 = VECTOR ( 'NONE', #2422, 1000.000000000000000 ) ;
#2006 = ORIENTED_EDGE ( 'NONE', *, *, #2351, .T. ) ;
#2007 = LINE ( 'NONE', #458, #1842 ) ;
#2008 = ORIENTED_EDGE ( 'NONE', *, *, #1507, .T. ) ;
#2009 = AXIS2_PLACEMENT_3D ( 'NONE', #996, #1880, #2749 ) ;
#2010 = LINE ( 'NONE', #923, #1967 ) ;
#2011 = EDGE_CURVE ( 'NONE', #2737, #2218, #2299, .T. ) ;
#2012 = DIRECTION ( 'NONE',  ( 1.000000000000000000, -0.000000000000000000, -1.156482317317869161E-15 ) ) ;
#2013 = EDGE_LOOP ( 'NONE', ( #814, #1083, #904, #559 ) ) ;
#2014 = EDGE_LOOP ( 'NONE', ( #2791, #2614, #1920, #2225, #2001, #2230, #2118 ) ) ;
#2015 = CARTESIAN_POINT ( 'NONE',  ( -9.000000000000000000, 7.999999999999996447, 1.000000000000005773 ) ) ;
#2016 = CARTESIAN_POINT ( 'NONE',  ( 12.48461179679885547, -6.000000000000547118, -12.50000000000000000 ) ) ;
#2017 = FACE_OUTER_BOUND ( 'NONE', #1230, .T. ) ;
#2018 = EDGE_CURVE ( 'NONE', #2126, #93, #2758, .T. ) ;
#2019 = CIRCLE ( 'NONE', #2161, 2.000000000000000000 ) ;
#2020 = VERTEX_POINT ( 'NONE', #330 ) ;
#2021 = CARTESIAN_POINT ( 'NONE',  ( 16.00000000000000000, -6.000000000000000000, -12.00000000000000000 ) ) ;
#2022 = AXIS2_PLACEMENT_3D ( 'NONE', #878, #1755, #2637 ) ;
#2023 = VERTEX_POINT ( 'NONE', #2329 ) ;
#2024 = EDGE_CURVE ( 'NONE', #92, #2555, #997, .T. ) ;
#2025 = DIRECTION ( 'NONE',  ( 1.000000000000000000, -0.000000000000000000, 0.000000000000000000 ) ) ;
#2026 = LINE ( 'NONE', #698, #1364 ) ;
#2027 = DIRECTION ( 'NONE',  ( 0.8888888888888838435, 0.4581228472908609461, -3.878669304257763635E-15 ) ) ;
#2028 = ORIENTED_EDGE ( 'NONE', *, *, #1207, .F. ) ;
#2029 = VERTEX_POINT ( 'NONE', #1447 ) ;
#2030 = CIRCLE ( 'NONE', #1796, 0.6249999999999996669 ) ;
#2031 = DIRECTION ( 'NONE',  ( 1.000000000000000000, 0.000000000000000000, 0.000000000000000000 ) ) ;
#2032 = LINE ( 'NONE', #1184, #2547 ) ;
#2033 = CYLINDRICAL_SURFACE ( 'NONE', #1700, 0.6250000000000001110 ) ;
#2034 = VERTEX_POINT ( 'NONE', #1619 ) ;
#2035 = DIRECTION ( 'NONE',  ( -0.000000000000000000, 0.000000000000000000, 1.000000000000000000 ) ) ;
#2036 = ORIENTED_EDGE ( 'NONE', *, *, #903, .F. ) ;
#2037 = FACE_OUTER_BOUND ( 'NONE', #1961, .T. ) ;
#2038 = CARTESIAN_POINT ( 'NONE',  ( 16.00000000000000000, -4.000000000000000888, 6.999999999999999112 ) ) ;
#2039 = EDGE_CURVE ( 'NONE', #898, #1629, #2538, .T. ) ;
#2040 = VECTOR ( 'NONE', #246, 1000.000000000000000 ) ;
#2041 = CYLINDRICAL_SURFACE ( 'NONE', #1442, 0.6250000000000003331 ) ;
#2042 = ORIENTED_EDGE ( 'NONE', *, *, #2106, .F. ) ;
#2043 = EDGE_LOOP ( 'NONE', ( #865, #2341, #2167, #1136, #1189, #189 ) ) ;
#2044 = DIRECTION ( 'NONE',  ( -1.000000000000000000, -0.000000000000000000, -0.000000000000000000 ) ) ;
#2045 = LINE ( 'NONE', #958, #565 ) ;
#2046 = CARTESIAN_POINT ( 'NONE',  ( 0.000000000000000000, 3.999999999999994671, 2.000000000000000000 ) ) ;
#2047 = ADVANCED_FACE ( 'NONE', ( #1202 ), #777, .T. ) ;
#2048 = ORIENTED_EDGE ( 'NONE', *, *, #570, .T. ) ;
#2049 = CARTESIAN_POINT ( 'NONE',  ( 9.000000000000000000, 6.000000000000002665, 9.000000000000001776 ) ) ;
#2050 = CIRCLE ( 'NONE', #801, 2.000000000000000000 ) ;
#2051 = ORIENTED_EDGE ( 'NONE', *, *, #822, .T. ) ;
#2052 = DIRECTION ( 'NONE',  ( -0.000000000000000000, 0.000000000000000000, 1.000000000000000000 ) ) ;
#2053 = VECTOR ( 'NONE', #1044, 1000.000000000000000 ) ;
#2054 = DIRECTION ( 'NONE',  ( 0.000000000000000000, 0.000000000000000000, 1.000000000000000000 ) ) ;
#2055 = LINE ( 'NONE', #952, #1855 ) ;
#2056 = AXIS2_PLACEMENT_3D ( 'NONE', #2348, #350, #828 ) ;
#2057 = ORIENTED_EDGE ( 'NONE', *, *, #2130, .T. ) ;
#2058 = ORIENTED_EDGE ( 'NONE', *, *, #614, .F. ) ;
#2059 = AXIS2_PLACEMENT_3D ( 'NONE', #558, #1932, #1269 ) ;
#2060 = LINE ( 'NONE', #82, #70 ) ;
#2061 = EDGE_CURVE ( 'NONE', #1311, #920, #1231, .T. ) ;
#2062 = DIRECTION ( 'NONE',  ( -0.000000000000000000, -0.000000000000000000, -1.000000000000000000 ) ) ;
#2063 = EDGE_CURVE ( 'NONE', #1616, #187, #1338, .T. ) ;
#2064 = CARTESIAN_POINT ( 'NONE',  ( 14.50000000000000178, -6.000000000000000000, 2.000000000000004885 ) ) ;
#2065 = EDGE_CURVE ( 'NONE', #2555, #2441, #563, .T. ) ;
#2066 = EDGE_LOOP ( 'NONE', ( #914, #591, #1679, #2298 ) ) ;
#2067 = CARTESIAN_POINT ( 'NONE',  ( 11.00000000000000000, 8.000000000000000000, 9.000000000000001776 ) ) ;
#2068 = ORIENTED_EDGE ( 'NONE', *, *, #1324, .T. ) ;
#2069 = DIRECTION ( 'NONE',  ( -0.000000000000000000, 1.000000000000000000, 4.003208021484941004E-16 ) ) ;
#2070 = DIRECTION ( 'NONE',  ( 1.000000000000000000, 0.000000000000000000, 0.000000000000000000 ) ) ;
#2071 = VERTEX_POINT ( 'NONE', #517 ) ;
#2072 = EDGE_CURVE ( 'NONE', #579, #1586, #964, .T. ) ;
#2073 = ORIENTED_EDGE ( 'NONE', *, *, #1302, .T. ) ;
#2074 = AXIS2_PLACEMENT_3D ( 'NONE', #1518, #2612, #1034 ) ;
#2075 = CARTESIAN_POINT ( 'NONE',  ( -12.79387260964374384, 6.000000000000006217, -11.96841671393043605 ) ) ;
#2076 = CARTESIAN_POINT ( 'NONE',  ( 9.375000000000000000, 7.999999999999996447, 1.500000000000005995 ) ) ;
#2077 = DIRECTION ( 'NONE',  ( -1.000000000000000000, 0.000000000000000000, 0.000000000000000000 ) ) ;
#2078 = AXIS2_PLACEMENT_3D ( 'NONE', #1851, #2527, #756 ) ;
#2079 = ADVANCED_FACE ( 'NONE', ( #2284 ), #1943, .T. ) ;
#2080 = EDGE_CURVE ( 'NONE', #1853, #2641, #2444, .T. ) ;
#2081 = EDGE_LOOP ( 'NONE', ( #2532, #2503, #1194, #1366, #965, #1819 ) ) ;
#2082 = DIRECTION ( 'NONE',  ( -0.000000000000000000, -1.000000000000000000, -0.000000000000000000 ) ) ;
#2083 = ORIENTED_EDGE ( 'NONE', *, *, #602, .F. ) ;
#2084 = DIRECTION ( 'NONE',  ( 1.224646799147353207E-16, 1.000000000000000000, 0.000000000000000000 ) ) ;
#2085 = DIRECTION ( 'NONE',  ( 1.000000000000000000, 0.000000000000000000, 0.000000000000000000 ) ) ;
#2086 = ORIENTED_EDGE ( 'NONE', *, *, #811, .T. ) ;
#2087 = ORIENTED_EDGE ( 'NONE', *, *, #2186, .T. ) ;
#2088 = AXIS2_PLACEMENT_3D ( 'NONE', #2016, #704, #1992 ) ;
#2089 = DIRECTION ( 'NONE',  ( -0.000000000000000000, -0.000000000000000000, -1.000000000000000000 ) ) ;
#2090 = DIRECTION ( 'NONE',  ( -0.000000000000000000, -1.000000000000000000, -0.000000000000000000 ) ) ;
#2091 = DIRECTION ( 'NONE',  ( 1.000000000000000000, 0.000000000000000000, 0.000000000000000000 ) ) ;
#2092 = FACE_OUTER_BOUND ( 'NONE', #248, .T. ) ;
#2093 = ORIENTED_EDGE ( 'NONE', *, *, #2638, .F. ) ;
#2094 = CARTESIAN_POINT ( 'NONE',  ( -13.41087345293202304, -4.000000000000000888, -11.99123008170608706 ) ) ;
#2095 = VERTEX_POINT ( 'NONE', #793 ) ;
#2096 = CARTESIAN_POINT ( 'NONE',  ( 13.28632677955673458, -5.555555555555581115, -12.00000000000006217 ) ) ;
#2097 = CARTESIAN_POINT ( 'NONE',  ( 12.48461179679780386, 6.000000000000005329, -12.00000000000000000 ) ) ;
#2098 = CIRCLE ( 'NONE', #387, 0.5000000000000000000 ) ;
#2099 = AXIS2_PLACEMENT_3D ( 'NONE', #1093, #2410, #674 ) ;
#2100 = ORIENTED_EDGE ( 'NONE', *, *, #1122, .F. ) ;
#2101 = CARTESIAN_POINT ( 'NONE',  ( 16.00000000000000000, -4.000000000000000888, 0.000000000000000000 ) ) ;
#2102 = EDGE_CURVE ( 'NONE', #2733, #404, #2307, .T. ) ;
#2103 = VECTOR ( 'NONE', #2346, 1000.000000000000000 ) ;
#2104 = DIRECTION ( 'NONE',  ( 0.000000000000000000, 0.000000000000000000, -1.000000000000000000 ) ) ;
#2105 = DIRECTION ( 'NONE',  ( -1.000000000000000000, 0.000000000000000000, 0.000000000000000000 ) ) ;
#2106 = EDGE_CURVE ( 'NONE', #2023, #2586, #186, .T. ) ;
#2107 = LINE ( 'NONE', #734, #1055 ) ;
#2108 = AXIS2_PLACEMENT_3D ( 'NONE', #1941, #825, #1747 ) ;
#2109 = LINE ( 'NONE', #1016, #1971 ) ;
#2110 = ORIENTED_EDGE ( 'NONE', *, *, #2061, .T. ) ;
#2111 = DIRECTION ( 'NONE',  ( 0.000000000000000000, 0.000000000000000000, -1.000000000000000000 ) ) ;
#2112 = ADVANCED_FACE ( 'NONE', ( #534 ), #686, .F. ) ;
#2113 = EDGE_CURVE ( 'NONE', #187, #2836, #2572, .T. ) ;
#2114 = ORIENTED_EDGE ( 'NONE', *, *, #2745, .T. ) ;
#2115 = DIRECTION ( 'NONE',  ( 0.000000000000000000, 0.000000000000000000, -1.000000000000000000 ) ) ;
#2116 = CARTESIAN_POINT ( 'NONE',  ( 8.616843969807046477, 3.999999999999997335, 2.000000000000000000 ) ) ;
#2117 = EDGE_CURVE ( 'NONE', #745, #1227, #2030, .T. ) ;
#2118 = ORIENTED_EDGE ( 'NONE', *, *, #1474, .T. ) ;
#2119 = FACE_OUTER_BOUND ( 'NONE', #388, .T. ) ;
#2120 = CARTESIAN_POINT ( 'NONE',  ( -16.00000000000000000, 3.999999999999997335, 2.000000000000000000 ) ) ;
#2121 = CARTESIAN_POINT ( 'NONE',  ( -14.00000000000000000, 5.999999999999998224, 9.000000000000001776 ) ) ;
#2122 = LINE ( 'NONE', #2356, #2566 ) ;
#2123 = CARTESIAN_POINT ( 'NONE',  ( 13.17855537842586244, 6.000000000000005329, -12.00000000000000000 ) ) ;
#2124 = EDGE_LOOP ( 'NONE', ( #2244, #1437, #939, #1402 ) ) ;
#2125 = DIRECTION ( 'NONE',  ( 1.000000000000000000, 0.000000000000000000, 0.000000000000000000 ) ) ;
#2126 = VERTEX_POINT ( 'NONE', #1490 ) ;
#2127 = DIRECTION ( 'NONE',  ( 1.000000000000000000, 0.000000000000000000, 0.000000000000000000 ) ) ;
#2128 = FACE_OUTER_BOUND ( 'NONE', #2081, .T. ) ;
#2129 = EDGE_LOOP ( 'NONE', ( #2028, #685, #940, #218, #2068, #2163 ) ) ;
#2130 = EDGE_CURVE ( 'NONE', #2656, #2237, #1708, .T. ) ;
#2131 = FACE_OUTER_BOUND ( 'NONE', #673, .T. ) ;
#2132 = DIRECTION ( 'NONE',  ( 1.000000000000000000, 0.000000000000000000, 0.000000000000000000 ) ) ;
#2133 = LINE ( 'NONE', #1590, #1046 ) ;
#2134 = CIRCLE ( 'NONE', #57, 0.6250000000000001110 ) ;
#2135 = CARTESIAN_POINT ( 'NONE',  ( -13.00000000000000178, 4.999999999999999112, -11.50000000000000000 ) ) ;
#2136 = CARTESIAN_POINT ( 'NONE',  ( 13.43628195711581164, 6.000000000000005329, -12.00000000000000000 ) ) ;
#2137 = ORIENTED_EDGE ( 'NONE', *, *, #1028, .F. ) ;
#2138 = CARTESIAN_POINT ( 'NONE',  ( -11.00000000000000000, 6.000000000000000000, 2.000000000000000000 ) ) ;
#2139 = ADVANCED_FACE ( 'NONE', ( #401 ), #2216, .T. ) ;
#2140 = EDGE_CURVE ( 'NONE', #2095, #2586, #1068, .T. ) ;
#2141 = ORIENTED_EDGE ( 'NONE', *, *, #2072, .T. ) ;
#2142 = CARTESIAN_POINT ( 'NONE',  ( 12.80490968168498256, -5.595817527385304579, -12.49517745979672689 ) ) ;
#2143 = DIRECTION ( 'NONE',  ( -0.000000000000000000, 0.000000000000000000, 1.000000000000000000 ) ) ;
#2144 = ORIENTED_EDGE ( 'NONE', *, *, #2550, .T. ) ;
#2145 = CARTESIAN_POINT ( 'NONE',  ( 12.37500000000000000, -4.999999999999999112, -14.00000000000000000 ) ) ;
#2146 = CIRCLE ( 'NONE', #2558, 0.6250000000000003331 ) ;
#2147 = DIRECTION ( 'NONE',  ( -0.000000000000000000, 0.000000000000000000, 1.000000000000000000 ) ) ;
#2148 = DIRECTION ( 'NONE',  ( 1.000000000000000000, 8.881784197001252323E-16, 0.000000000000000000 ) ) ;
#2149 = CARTESIAN_POINT ( 'NONE',  ( -3.499999999999996447, -4.387353582868298877E-16, 0.000000000000000000 ) ) ;
#2150 = ADVANCED_FACE ( 'NONE', ( #638 ), #2583, .F. ) ;
#2151 = LINE ( 'NONE', #1048, #1715 ) ;
#2152 = AXIS2_PLACEMENT_3D ( 'NONE', #1666, #1042, #1927 ) ;
#2153 = EDGE_LOOP ( 'NONE', ( #172, #410, #373, #897, #2687 ) ) ;
#2154 = CARTESIAN_POINT ( 'NONE',  ( 0.000000000000000000, 2.232233047033624018, 3.250000000000003997 ) ) ;
#2155 = ORIENTED_EDGE ( 'NONE', *, *, #2620, .T. ) ;
#2156 = CARTESIAN_POINT ( 'NONE',  ( 0.000000000000000000, 3.999999999999991562, 7.625000000000004441 ) ) ;
#2157 = MANIFOLD_SOLID_BREP ( 'Cut-Extrude9', #2607 ) ;
#2158 = DIRECTION ( 'NONE',  ( 0.000000000000000000, -8.673617379884035472E-16, 1.000000000000000000 ) ) ;
#2159 = ORIENTED_EDGE ( 'NONE', *, *, #716, .F. ) ;
#2160 = CARTESIAN_POINT ( 'NONE',  ( 13.43679585110094443, 4.000000000000005329, -12.00000000000000000 ) ) ;
#2161 = AXIS2_PLACEMENT_3D ( 'NONE', #2810, #816, #2367 ) ;
#2162 = CYLINDRICAL_SURFACE ( 'NONE', #1408, 1.510000000000000009 ) ;
#2163 = ORIENTED_EDGE ( 'NONE', *, *, #1746, .T. ) ;
#2164 = DIRECTION ( 'NONE',  ( 0.000000000000000000, -0.000000000000000000, -1.000000000000000000 ) ) ;
#2165 = AXIS2_PLACEMENT_3D ( 'NONE', #556, #338, #1845 ) ;
#2166 = CARTESIAN_POINT ( 'NONE',  ( 16.00000000000000000, 3.999999999999992450, 6.999999999999999112 ) ) ;
#2167 = ORIENTED_EDGE ( 'NONE', *, *, #1103, .T. ) ;
#2168 = CARTESIAN_POINT ( 'NONE',  ( 13.00000000000000178, -4.999999999999999112, -12.50000000000000000 ) ) ;
#2169 = EDGE_CURVE ( 'NONE', #2309, #87, #1923, .T. ) ;
#2170 = AXIS2_PLACEMENT_3D ( 'NONE', #2847, #2799, #171 ) ;
#2171 = VERTEX_POINT ( 'NONE', #1145 ) ;
#2172 = CARTESIAN_POINT ( 'NONE',  ( 12.88397359749711413, -5.616453361547245393, -12.09009649580187862 ) ) ;
#2173 = FACE_OUTER_BOUND ( 'NONE', #47, .T. ) ;
#2174 = AXIS2_PLACEMENT_3D ( 'NONE', #1007, #2084, #2742 ) ;
#2175 = APPLICATION_CONTEXT ( 'automotive_design' ) ;
#2176 = VERTEX_POINT ( 'NONE', #33 ) ;
#2177 = DIRECTION ( 'NONE',  ( 1.000000000000000000, -0.000000000000000000, -0.000000000000000000 ) ) ;
#2178 = CARTESIAN_POINT ( 'NONE',  ( -14.50000000000000000, -5.000000000000000000, 7.000000000000001776 ) ) ;
#2179 = DIRECTION ( 'NONE',  ( 1.000000000000000000, -0.000000000000000000, -0.000000000000000000 ) ) ;
#2180 = CARTESIAN_POINT ( 'NONE',  ( 12.71367322044321213, 4.444444444444446418, -12.50000000000000000 ) ) ;
#2181 = CARTESIAN_POINT ( 'NONE',  ( 9.165151389911683211, -3.999999999999998224, 1.500000000000000000 ) ) ;
#2182 = VECTOR ( 'NONE', #1769, 1000.000000000000000 ) ;
#2183 = VERTEX_POINT ( 'NONE', #283 ) ;
#2184 = CARTESIAN_POINT ( 'NONE',  ( 13.51538820320207179, -6.000000000000000000, -12.00000000000000000 ) ) ;
#2185 = CARTESIAN_POINT ( 'NONE',  ( 13.51538820320113388, 6.000000000000553335, -12.50000000000000000 ) ) ;
#2186 = EDGE_CURVE ( 'NONE', #459, #290, #2426, .T. ) ;
#2187 = ORIENTED_EDGE ( 'NONE', *, *, #2668, .F. ) ;
#2188 = ADVANCED_FACE ( 'NONE', ( #1171 ), #487, .T. ) ;
#2189 = PLANE ( 'NONE',  #1040 ) ;
#2190 = CIRCLE ( 'NONE', #161, 0.6250000000000005551 ) ;
#2191 = PLANE ( 'NONE',  #2837 ) ;
#2192 = AXIS2_PLACEMENT_3D ( 'NONE', #1882, #1195, #540 ) ;
#2193 = DIRECTION ( 'NONE',  ( 0.000000000000000000, 0.000000000000000000, -1.000000000000000000 ) ) ;
#2194 = CARTESIAN_POINT ( 'NONE',  ( 12.37500000000000000, -4.999999999999999112, -14.00000000000000000 ) ) ;
#2195 = VECTOR ( 'NONE', #682, 1000.000000000000000 ) ;
#2196 = EDGE_CURVE ( 'NONE', #459, #1380, #1802, .T. ) ;
#2197 = ORIENTED_EDGE ( 'NONE', *, *, #420, .T. ) ;
#2198 = CARTESIAN_POINT ( 'NONE',  ( 12.71367322044380721, -5.555555555555858227, -12.50000000000000000 ) ) ;
#2199 = DIRECTION ( 'NONE',  ( -0.000000000000000000, -0.000000000000000000, 1.000000000000000000 ) ) ;
#2200 = VECTOR ( 'NONE', #867, 1000.000000000000000 ) ;
#2201 = ORIENTED_EDGE ( 'NONE', *, *, #183, .F. ) ;
#2202 = DIRECTION ( 'NONE',  ( 0.000000000000000000, 0.000000000000000000, 1.000000000000000000 ) ) ;
#2203 = FACE_OUTER_BOUND ( 'NONE', #991, .T. ) ;
#2204 = EDGE_CURVE ( 'NONE', #2344, #1087, #469, .T. ) ;
#2205 = B_SPLINE_CURVE_WITH_KNOTS ( 'NONE', 3,
 ( #36, #1577, #1838, #490, #1347, #2227 ),
 .UNSPECIFIED., .F., .F.,
 ( 4, 2, 4 ),
 ( 0.000000000000000000, 0.0002984419316848480703, 0.0005968838633696961406 ),
 .UNSPECIFIED. ) ;
#2206 = CARTESIAN_POINT ( 'NONE',  ( 13.28632677955678432, -4.444444444444441977, -12.00000000000000000 ) ) ;
#2207 = LINE ( 'NONE', #2382, #712 ) ;
#2208 = CARTESIAN_POINT ( 'NONE',  ( -13.00000000000000178, -4.999999999999999112, -9.500000000000000000 ) ) ;
#2209 = DIRECTION ( 'NONE',  ( 0.000000000000000000, 0.000000000000000000, -1.000000000000000000 ) ) ;
#2210 = AXIS2_PLACEMENT_3D ( 'NONE', #1383, #97, #972 ) ;
#2211 = EDGE_LOOP ( 'NONE', ( #2376, #621, #2531, #2454 ) ) ;
#2212 = DIRECTION ( 'NONE',  ( 1.000000000000000000, 0.000000000000000000, 0.000000000000000000 ) ) ;
#2213 = ORIENTED_EDGE ( 'NONE', *, *, #2559, .T. ) ;
#2214 = LINE ( 'NONE', #2703, #1555 ) ;
#2215 = FACE_OUTER_BOUND ( 'NONE', #1850, .T. ) ;
#2216 = TOROIDAL_SURFACE ( 'NONE', #830, 1.174999999999999378, 0.5000000000000000000 ) ;
#2217 = CARTESIAN_POINT ( 'NONE',  ( 13.51538820320219791, 6.000000000000005329, -11.99999999999999645 ) ) ;
#2218 = VERTEX_POINT ( 'NONE', #933 ) ;
#2219 = LINE ( 'NONE', #210, #624 ) ;
#2220 = DIRECTION ( 'NONE',  ( -0.000000000000000000, -0.000000000000000000, -1.000000000000000000 ) ) ;
#2221 = CARTESIAN_POINT ( 'NONE',  ( -16.00000000000000000, -4.000000000000000000, -11.99999999999999645 ) ) ;
#2222 = ADVANCED_FACE ( 'NONE', ( #2685, #1328 ), #1358, .F. ) ;
#2223 = VERTEX_POINT ( 'NONE', #444 ) ;
#2224 = CARTESIAN_POINT ( 'NONE',  ( 13.09965313810787535, 5.624999327638130708, -12.48412323076150798 ) ) ;
#2225 = ORIENTED_EDGE ( 'NONE', *, *, #2710, .T. ) ;
#2226 = CYLINDRICAL_SURFACE ( 'NONE', #1649, 10.00000000000000178 ) ;
#2227 = CARTESIAN_POINT ( 'NONE',  ( 13.28632677955678432, -4.444444444444443754, -12.50000000000000000 ) ) ;
#2228 = DIRECTION ( 'NONE',  ( -0.000000000000000000, -0.000000000000000000, -1.000000000000000000 ) ) ;
#2229 = EDGE_LOOP ( 'NONE', ( #806, #1811, #2540, #1605 ) ) ;
#2230 = ORIENTED_EDGE ( 'NONE', *, *, #895, .T. ) ;
#2231 = EDGE_CURVE ( 'NONE', #1380, #1053, #228, .T. ) ;
#2232 = DIRECTION ( 'NONE',  ( -1.000000000000000000, 0.000000000000000000, -0.000000000000000000 ) ) ;
#2233 = DIRECTION ( 'NONE',  ( -1.000000000000000000, -0.000000000000000000, -0.000000000000000000 ) ) ;
#2234 = CARTESIAN_POINT ( 'NONE',  ( -14.00000000000000000, 5.999999999999992895, 7.000000000000000888 ) ) ;
#2235 = EDGE_CURVE ( 'NONE', #2643, #2171, #2480, .T. ) ;
#2236 = AXIS2_PLACEMENT_3D ( 'NONE', #900, #1798, #2461 ) ;
#2237 = VERTEX_POINT ( 'NONE', #1587 ) ;
#2238 = CARTESIAN_POINT ( 'NONE',  ( 13.19742386717143567, 5.601375067829280852, -12.50000000000000178 ) ) ;
#2239 = VECTOR ( 'NONE', #1448, 1000.000000000000000 ) ;
#2240 = ORIENTED_EDGE ( 'NONE', *, *, #2715, .F. ) ;
#2241 = TOROIDAL_SURFACE ( 'NONE', #1598, 9.500000000000001776, 0.5000000000000000000 ) ;
#2242 = DIRECTION ( 'NONE',  ( -0.000000000000000000, -0.000000000000000000, -1.000000000000000000 ) ) ;
#2243 = DIRECTION ( 'NONE',  ( -1.000000000000000000, -0.000000000000000000, -0.000000000000000000 ) ) ;
#2244 = ORIENTED_EDGE ( 'NONE', *, *, #1991, .F. ) ;
#2245 = ORIENTED_EDGE ( 'NONE', *, *, #346, .F. ) ;
#2246 = DIRECTION ( 'NONE',  ( -1.000000000000000000, -0.000000000000000000, -0.000000000000000000 ) ) ;
#2247 = VECTOR ( 'NONE', #359, 1000.000000000000000 ) ;
#2248 = DIRECTION ( 'NONE',  ( -1.000000000000000000, 0.000000000000000000, 0.000000000000000000 ) ) ;
#2249 = CARTESIAN_POINT ( 'NONE',  ( 3.469446951953614189E-15, -8.673617379884035472E-16, -12.00000000000000000 ) ) ;
#2250 = VECTOR ( 'NONE', #1820, 1000.000000000000000 ) ;
#2251 = EDGE_CURVE ( 'NONE', #1595, #2176, #779, .T. ) ;
#2252 = ORIENTED_EDGE ( 'NONE', *, *, #1628, .F. ) ;
#2253 = DIRECTION ( 'NONE',  ( 1.000000000000000000, 0.000000000000000000, 0.000000000000000000 ) ) ;
#2254 = PRODUCT_DEFINITION_FORMATION_WITH_SPECIFIED_SOURCE ( 'ANY', '', #450, .NOT_KNOWN. ) ;
#2255 = ORIENTED_EDGE ( 'NONE', *, *, #2018, .F. ) ;
#2256 = DIRECTION ( 'NONE',  ( 1.000000000000000000, 0.000000000000000000, 0.000000000000000000 ) ) ;
#2257 = CYLINDRICAL_SURFACE ( 'NONE', #809, 2.000000000000000000 ) ;
#2258 = CARTESIAN_POINT ( 'NONE',  ( 13.51538820320222101, 4.000000000000004441, -12.50000000000000000 ) ) ;
#2259 = AXIS2_PLACEMENT_3D ( 'NONE', #399, #1743, #1905 ) ;
#2260 = ORIENTED_EDGE ( 'NONE', *, *, #649, .F. ) ;
#2261 = ORIENTED_EDGE ( 'NONE', *, *, #906, .F. ) ;
#2262 = DIRECTION ( 'NONE',  ( -0.000000000000000000, 0.000000000000000000, 1.000000000000000000 ) ) ;
#2263 = LINE ( 'NONE', #108, #885 ) ;
#2264 = DIRECTION ( 'NONE',  ( 0.000000000000000000, 1.000000000000000000, 4.003208021484940511E-16 ) ) ;
#2265 = EDGE_LOOP ( 'NONE', ( #1888, #536, #1120, #759, #2600, #80, #2447, #1503, #72, #1779, #140, #2507 ) ) ;
#2266 = CARTESIAN_POINT ( 'NONE',  ( -16.00000000000000000, -4.000000000000000000, -11.99999999999999645 ) ) ;
#2267 = EDGE_LOOP ( 'NONE', ( #115, #1422, #1121, #129 ) ) ;
#2268 = CYLINDRICAL_SURFACE ( 'NONE', #495, 0.6250000000000005551 ) ;
#2269 = CARTESIAN_POINT ( 'NONE',  ( 12.48461179679778077, 4.000000000000005329, -12.00000000000000000 ) ) ;
#2270 = AXIS2_PLACEMENT_3D ( 'NONE', #169, #1455, #2357 ) ;
#2271 = ADVANCED_FACE ( 'NONE', ( #1158 ), #2655, .F. ) ;
#2272 = DIRECTION ( 'NONE',  ( 0.000000000000000000, 0.000000000000000000, -1.000000000000000000 ) ) ;
#2273 = AXIS2_PLACEMENT_3D ( 'NONE', #1684, #1761, #2795 ) ;
#2274 = ORIENTED_EDGE ( 'NONE', *, *, #31, .F. ) ;
#2275 = VERTEX_POINT ( 'NONE', #1113 ) ;
#2276 = CARTESIAN_POINT ( 'NONE',  ( 3.469446951953614189E-15, -8.673617379884035472E-16, 0.000000000000000000 ) ) ;
#2277 = DIRECTION ( 'NONE',  ( -0.000000000000000000, 0.000000000000000000, 1.000000000000000000 ) ) ;
#2278 =( LENGTH_UNIT ( ) NAMED_UNIT ( * ) SI_UNIT ( .MILLI., .METRE. ) );
#2279 = ORIENTED_EDGE ( 'NONE', *, *, #1043, .T. ) ;
#2280 = DIRECTION ( 'NONE',  ( -0.000000000000000000, 0.000000000000000000, 1.000000000000000000 ) ) ;
#2281 = AXIS2_PLACEMENT_3D ( 'NONE', #2292, #2262, #2031 ) ;
#2282 = EDGE_CURVE ( 'NONE', #256, #2034, #2287, .T. ) ;
#2283 = ORIENTED_EDGE ( 'NONE', *, *, #660, .T. ) ;
#2284 = FACE_OUTER_BOUND ( 'NONE', #180, .T. ) ;
#2285 = AXIS2_PLACEMENT_3D ( 'NONE', #1293, #858, #1974 ) ;
#2286 = DIRECTION ( 'NONE',  ( -1.000000000000000000, -0.000000000000000000, -0.000000000000000000 ) ) ;
#2287 = B_SPLINE_CURVE_WITH_KNOTS ( 'NONE', 3,
 ( #1817, #1604, #1543, #2224, #2238, #1344 ),
 .UNSPECIFIED., .F., .F.,
 ( 4, 2, 4 ),
 ( 0.000000000000000000, 0.0002984419316848375536, 0.0005968838633696751071 ),
 .UNSPECIFIED. ) ;
#2288 = AXIS2_PLACEMENT_3D ( 'NONE', #233, #2838, #1999 ) ;
#2289 = ORIENTED_EDGE ( 'NONE', *, *, #521, .F. ) ;
#2290 = ORIENTED_EDGE ( 'NONE', *, *, #2624, .F. ) ;
#2291 = ADVANCED_FACE ( 'NONE', ( #1995 ), #20, .F. ) ;
#2292 = CARTESIAN_POINT ( 'NONE',  ( -13.00000000000000178, -4.999999999999999112, -12.00000000000000000 ) ) ;
#2293 = CYLINDRICAL_SURFACE ( 'NONE', #1903, 0.6749999999999984901 ) ;
#2294 = CARTESIAN_POINT ( 'NONE',  ( -13.61694813396266213, 4.000000000000005329, -11.99999999999999467 ) ) ;
#2295 = ORIENTED_EDGE ( 'NONE', *, *, #2169, .T. ) ;
#2296 = DIRECTION ( 'NONE',  ( -1.000000000000000000, -0.000000000000000000, -0.000000000000000000 ) ) ;
#2297 = CIRCLE ( 'NONE', #2525, 3.500000000000000000 ) ;
#2298 = ORIENTED_EDGE ( 'NONE', *, *, #1247, .T. ) ;
#2299 = LINE ( 'NONE', #315, #636 ) ;
#2300 = FACE_OUTER_BOUND ( 'NONE', #740, .T. ) ;
#2301 = ORIENTED_EDGE ( 'NONE', *, *, #1835, .F. ) ;
#2302 = ORIENTED_EDGE ( 'NONE', *, *, #872, .T. ) ;
#2303 = AXIS2_PLACEMENT_3D ( 'NONE', #863, #1921, #188 ) ;
#2304 = DIRECTION ( 'NONE',  ( -1.000000000000000000, -0.000000000000000000, -0.000000000000000000 ) ) ;
#2305 = CARTESIAN_POINT ( 'NONE',  ( 13.00000000000000178, 4.999999999999999112, -12.50000000000000000 ) ) ;
#2306 = CARTESIAN_POINT ( 'NONE',  ( -8.755364635274986540, -4.000000000000000000, 1.999999999999999556 ) ) ;
#2307 = CIRCLE ( 'NONE', #1432, 0.6250000000000005551 ) ;
#2308 = CARTESIAN_POINT ( 'NONE',  ( -11.82500000000000284, 4.999999999999999112, -11.50000000000000000 ) ) ;
#2309 = VERTEX_POINT ( 'NONE', #2438 ) ;
#2310 = CARTESIAN_POINT ( 'NONE',  ( 13.19736682474890443, -5.601404466820938843, -12.49999999999999822 ) ) ;
#2311 = EDGE_CURVE ( 'NONE', #2328, #1057, #2007, .T. ) ;
#2312 = ORIENTED_EDGE ( 'NONE', *, *, #2433, .F. ) ;
#2313 = DIRECTION ( 'NONE',  ( -0.000000000000000000, -0.000000000000000000, 1.000000000000000000 ) ) ;
#2314 = DIRECTION ( 'NONE',  ( -1.000000000000000000, 0.000000000000000000, 0.000000000000000000 ) ) ;
#2315 = ORIENTED_EDGE ( 'NONE', *, *, #615, .F. ) ;
#2316 = VERTEX_POINT ( 'NONE', #112 ) ;
#2317 = APPLICATION_CONTEXT ( 'automotive_design' ) ;
#2318 = VECTOR ( 'NONE', #24, 1000.000000000000000 ) ;
#2319 = EDGE_CURVE ( 'NONE', #2820, #2832, #1797, .T. ) ;
#2320 = CARTESIAN_POINT ( 'NONE',  ( -14.49999999999999645, -5.000000000000000000, -12.00000000000000178 ) ) ;
#2321 = EDGE_CURVE ( 'NONE', #21, #1853, #2486, .T. ) ;
#2322 = DIRECTION ( 'NONE',  ( 0.000000000000000000, -1.000000000000000000, -4.003208021484940511E-16 ) ) ;
#2323 = CARTESIAN_POINT ( 'NONE',  ( -13.41136458132399234, 4.000000000000005329, -11.99999999999999822 ) ) ;
#2324 = DIRECTION ( 'NONE',  ( -0.000000000000000000, 1.000000000000000000, -0.000000000000000000 ) ) ;
#2325 = ORIENTED_EDGE ( 'NONE', *, *, #755, .T. ) ;
#2326 = CARTESIAN_POINT ( 'NONE',  ( -14.00000000000000000, -5.000000000000000000, 7.000000000000000888 ) ) ;
#2327 = EDGE_CURVE ( 'NONE', #1744, #2576, #1848, .T. ) ;
#2328 = VERTEX_POINT ( 'NONE', #775 ) ;
#2329 = CARTESIAN_POINT ( 'NONE',  ( -13.67499999999999893, -4.999999999999999112, -11.50000000000000000 ) ) ;
#2330 = PLANE ( 'NONE',  #582 ) ;
#2331 = VECTOR ( 'NONE', #1813, 1000.000000000000000 ) ;
#2332 = TOROIDAL_SURFACE ( 'NONE', #1821, 1.125000000000000666, 0.5000000000000000000 ) ;
#2333 = VERTEX_POINT ( 'NONE', #975 ) ;
#2334 = DIRECTION ( 'NONE',  ( -0.000000000000000000, 0.000000000000000000, 1.000000000000000000 ) ) ;
#2335 = AXIS2_PLACEMENT_3D ( 'NONE', #1058, #2604, #417 ) ;
#2336 = CARTESIAN_POINT ( 'NONE',  ( -16.00000000000000000, -5.000000000000000000, 7.000000000000002665 ) ) ;
#2337 = PLANE ( 'NONE',  #1740 ) ;
#2338 = CIRCLE ( 'NONE', #1090, 0.5000000000000004441 ) ;
#2339 = CARTESIAN_POINT ( 'NONE',  ( 8.616843969807046477, 3.999999999999997335, 2.000000000000000000 ) ) ;
#2340 = CARTESIAN_POINT ( 'NONE',  ( 12.74002649371417206, 5.569137843276576127, -12.03492545813865355 ) ) ;
#2341 = ORIENTED_EDGE ( 'NONE', *, *, #60, .F. ) ;
#2342 = LINE ( 'NONE', #2049, #1524 ) ;
#2343 = ADVANCED_FACE ( 'NONE', ( #2495 ), #987, .T. ) ;
#2344 = VERTEX_POINT ( 'NONE', #2524 ) ;
#2345 = DIRECTION ( 'NONE',  ( -0.000000000000000000, -1.000000000000000000, -0.000000000000000000 ) ) ;
#2346 = DIRECTION ( 'NONE',  ( -0.000000000000000000, 1.000000000000000000, -0.000000000000000000 ) ) ;
#2347 = ORIENTED_EDGE ( 'NONE', *, *, #273, .T. ) ;
#2348 = CARTESIAN_POINT ( 'NONE',  ( 13.00000000000000178, -4.999999999999999112, -14.00000000000000000 ) ) ;
#2349 = VECTOR ( 'NONE', #109, 1000.000000000000000 ) ;
#2350 = DIRECTION ( 'NONE',  ( 0.000000000000000000, 0.000000000000000000, -1.000000000000000000 ) ) ;
#2351 = EDGE_CURVE ( 'NONE', #774, #1526, #86, .T. ) ;
#2352 = CARTESIAN_POINT ( 'NONE',  ( -14.00000000000000000, -5.000000000000000000, 7.000000000000000888 ) ) ;
#2353 = EDGE_CURVE ( 'NONE', #2316, #2344, #364, .T. ) ;
#2354 = APPLICATION_PROTOCOL_DEFINITION ( 'draft international standard', 'automotive_design', 1998, #2317 ) ;
#2355 = AXIS2_PLACEMENT_3D ( 'NONE', #905, #2642, #2212 ) ;
#2356 = CARTESIAN_POINT ( 'NONE',  ( 14.50000000000000000, -5.000000000000000000, 7.000000000000002665 ) ) ;
#2357 = DIRECTION ( 'NONE',  ( 1.000000000000000000, 0.000000000000000000, 0.000000000000000000 ) ) ;
#2358 = CIRCLE ( 'NONE', #2259, 2.000000000000000000 ) ;
#2359 = ORIENTED_EDGE ( 'NONE', *, *, #1080, .T. ) ;
#2360 = ORIENTED_EDGE ( 'NONE', *, *, #2389, .T. ) ;
#2361 = CARTESIAN_POINT ( 'NONE',  ( -13.00000000000000178, -4.999999999999999112, -11.50000000000000000 ) ) ;
#2362 = CYLINDRICAL_SURFACE ( 'NONE', #1824, 0.6250000000000005551 ) ;
#2363 = ORIENTED_EDGE ( 'NONE', *, *, #695, .T. ) ;
#2364 = DIRECTION ( 'NONE',  ( 1.000000000000000000, 0.000000000000000000, 0.000000000000000000 ) ) ;
#2365 = EDGE_CURVE ( 'NONE', #514, #1662, #576, .T. ) ;
#2366 = LINE ( 'NONE', #1697, #1915 ) ;
#2367 = DIRECTION ( 'NONE',  ( 2.602085213965210642E-15, -8.673617379884035472E-16, 1.000000000000000000 ) ) ;
#2368 = CIRCLE ( 'NONE', #2088, 0.5000000000000002220 ) ;
#2369 = CARTESIAN_POINT ( 'NONE',  ( 14.00000000000000000, -5.000000000000000000, 7.000000000000000888 ) ) ;
#2370 = DIRECTION ( 'NONE',  ( 0.000000000000000000, 1.000000000000000000, 0.000000000000000000 ) ) ;
#2371 = VERTEX_POINT ( 'NONE', #127 ) ;
#2372 = LINE ( 'NONE', #2138, #2439 ) ;
#2373 = ORIENTED_EDGE ( 'NONE', *, *, #521, .T. ) ;
#2374 = CARTESIAN_POINT ( 'NONE',  ( 13.21671062408208996, -5.589020952324935898, -12.06013317164533838 ) ) ;
#2375 = PLANE ( 'NONE',  #1459 ) ;
#2376 = ORIENTED_EDGE ( 'NONE', *, *, #1373, .F. ) ;
#2377 = CARTESIAN_POINT ( 'NONE',  ( 13.00000000000000178, -4.999999999999999112, -14.00000000000000000 ) ) ;
#2378 = EDGE_CURVE ( 'NONE', #1187, #2218, #1401, .T. ) ;
#2379 = CARTESIAN_POINT ( 'NONE',  ( 13.35116257261977957, -4.000000000000000000, -12.00000000000000000 ) ) ;
#2380 = ORIENTED_EDGE ( 'NONE', *, *, #695, .F. ) ;
#2381 = AXIS2_PLACEMENT_3D ( 'NONE', #2573, #1217, #1664 ) ;
#2382 = CARTESIAN_POINT ( 'NONE',  ( -16.00000000000000000, -4.000000000000000000, -11.99999999999999645 ) ) ;
#2383 = VECTOR ( 'NONE', #63, 1000.000000000000000 ) ;
#2384 = ORIENTED_EDGE ( 'NONE', *, *, #2781, .F. ) ;
#2385 = CARTESIAN_POINT ( 'NONE',  ( -8.616843969807041148, -6.000000000000000000, 0.000000000000000000 ) ) ;
#2386 = ORIENTED_EDGE ( 'NONE', *, *, #1172, .T. ) ;
#2387 = CARTESIAN_POINT ( 'NONE',  ( 12.71367322044358161, -5.555555555555745428, -12.00000000000048850 ) ) ;
#2388 = CARTESIAN_POINT ( 'NONE',  ( 1.510000000000000009, 0.000000000000000000, -14.00000000000000000 ) ) ;
#2389 = EDGE_CURVE ( 'NONE', #1904, #1500, #840, .T. ) ;
#2390 = EDGE_LOOP ( 'NONE', ( #709, #2006, #2669, #2482 ) ) ;
#2391 = CARTESIAN_POINT ( 'NONE',  ( 12.82144462157340747, 4.000000000000005329, -12.00000000000000000 ) ) ;
#2392 = VECTOR ( 'NONE', #1045, 1000.000000000000000 ) ;
#2393 = CARTESIAN_POINT ( 'NONE',  ( 0.000000000000000000, 0.000000000000000000, 2.000000000000000000 ) ) ;
#2394 = ORIENTED_EDGE ( 'NONE', *, *, #2739, .F. ) ;
#2395 = CARTESIAN_POINT ( 'NONE',  ( 14.50000000000000000, -5.000000000000000000, 7.000000000000002665 ) ) ;
#2396 = VECTOR ( 'NONE', #124, 1000.000000000000000 ) ;
#2397 = CARTESIAN_POINT ( 'NONE',  ( 12.78328937591783898, 5.589020952324977642, -12.06013317164533127 ) ) ;
#2398 = ORIENTED_EDGE ( 'NONE', *, *, #2852, .F. ) ;
#2399 = CARTESIAN_POINT ( 'NONE',  ( 13.99999999999999822, 3.999999999999997335, 9.000000000000001776 ) ) ;
#2400 = PRODUCT_RELATED_PRODUCT_CATEGORY ( 'part', '', ( #450 ) ) ;
#2401 = AXIS2_PLACEMENT_3D ( 'NONE', #328, #2082, #2111 ) ;
#2402 = ORIENTED_EDGE ( 'NONE', *, *, #625, .F. ) ;
#2403 = CARTESIAN_POINT ( 'NONE',  ( 0.000000000000000000, 0.000000000000000000, 2.000000000000000000 ) ) ;
#2404 = ORIENTED_EDGE ( 'NONE', *, *, #2231, .F. ) ;
#2405 = CARTESIAN_POINT ( 'NONE',  ( 12.74019614201740325, 4.430774720345459272, -12.03515030620337889 ) ) ;
#2406 = CARTESIAN_POINT ( 'NONE',  ( 13.04973782496076495, -4.374992390139921028, -12.48411938279336653 ) ) ;
#2407 = ADVANCED_FACE ( 'NONE', ( #530 ), #90, .F. ) ;
#2408 = ADVANCED_FACE ( 'NONE', ( #312 ), #2755, .T. ) ;
#2409 = ADVANCED_FACE ( 'NONE', ( #1188 ), #752, .T. ) ;
#2410 = DIRECTION ( 'NONE',  ( 0.000000000000000000, 0.000000000000000000, -1.000000000000000000 ) ) ;
#2411 = DIRECTION ( 'NONE',  ( -1.000000000000000000, 0.000000000000000000, 0.000000000000000000 ) ) ;
#2412 = CARTESIAN_POINT ( 'NONE',  ( -9.165151389911683211, 3.999999999999997335, 1.500000000000000000 ) ) ;
#2413 = EDGE_LOOP ( 'NONE', ( #471, #1343 ) ) ;
#2414 = DIRECTION ( 'NONE',  ( 1.000000000000000000, 0.000000000000000000, 0.000000000000000000 ) ) ;
#2415 = FACE_OUTER_BOUND ( 'NONE', #1780, .T. ) ;
#2416 = EDGE_CURVE ( 'NONE', #927, #1637, #135, .T. ) ;
#2417 = ORIENTED_EDGE ( 'NONE', *, *, #826, .F. ) ;
#2418 = DIRECTION ( 'NONE',  ( -1.000000000000000000, 0.000000000000000000, 0.000000000000000000 ) ) ;
#2419 = FACE_BOUND ( 'NONE', #1795, .T. ) ;
#2420 = CARTESIAN_POINT ( 'NONE',  ( 13.19509031831561607, -4.404182472614877497, -12.49517745979676953 ) ) ;
#2421 = VECTOR ( 'NONE', #2246, 1000.000000000000000 ) ;
#2422 = DIRECTION ( 'NONE',  ( -0.000000000000000000, -0.000000000000000000, -1.000000000000000000 ) ) ;
#2423 = CARTESIAN_POINT ( 'NONE',  ( -12.58912654706798762, -6.000000000000001776, -11.99123008170608706 ) ) ;
#2424 = CARTESIAN_POINT ( 'NONE',  ( -13.00000000000000178, 4.999999999999999112, -9.500000000000000000 ) ) ;
#2425 = ORIENTED_EDGE ( 'NONE', *, *, #2140, .F. ) ;
#2426 = LINE ( 'NONE', #2453, #1704 ) ;
#2427 = ORIENTED_EDGE ( 'NONE', *, *, #114, .T. ) ;
#2428 = PLANE ( 'NONE',  #1146 ) ;
#2429 = CARTESIAN_POINT ( 'NONE',  ( -11.00000000000000000, 8.000000000000000000, 9.000000000000001776 ) ) ;
#2430 = DIRECTION ( 'NONE',  ( 0.000000000000000000, -0.000000000000000000, -1.000000000000000000 ) ) ;
#2431 = AXIS2_PLACEMENT_3D ( 'NONE', #784, #1547, #1222 ) ;
#2432 = CARTESIAN_POINT ( 'NONE',  ( -9.708243919473797945, 3.999999999999997335, 0.000000000000000000 ) ) ;
#2433 = EDGE_CURVE ( 'NONE', #381, #653, #2342, .T. ) ;
#2434 = LINE ( 'NONE', #454, #791 ) ;
#2435 = FACE_OUTER_BOUND ( 'NONE', #1233, .T. ) ;
#2436 = CIRCLE ( 'NONE', #2022, 0.6749999999999984901 ) ;
#2437 = ORIENTED_EDGE ( 'NONE', *, *, #785, .T. ) ;
#2438 = CARTESIAN_POINT ( 'NONE',  ( -16.00000000000000000, -4.000000000000000000, -11.99999999999999645 ) ) ;
#2439 = VECTOR ( 'NONE', #1298, 1000.000000000000000 ) ;
#2440 = ADVANCED_FACE ( 'NONE', ( #850, #2816 ), #820, .F. ) ;
#2441 = VERTEX_POINT ( 'NONE', #1703 ) ;
#2442 = CARTESIAN_POINT ( 'NONE',  ( -11.82500000000000284, 4.999999999999999112, -12.00000000000000000 ) ) ;
#2443 = CARTESIAN_POINT ( 'NONE',  ( -13.67499999999999893, 4.999999999999999112, -9.500000000000000000 ) ) ;
#2444 = CIRCLE ( 'NONE', #1292, 1.125000000000000888 ) ;
#2445 = LINE ( 'NONE', #1808, #2318 ) ;
#2446 = ORIENTED_EDGE ( 'NONE', *, *, #1420, .F. ) ;
#2447 = ORIENTED_EDGE ( 'NONE', *, *, #607, .T. ) ;
#2448 = EDGE_CURVE ( 'NONE', #320, #1673, #1689, .T. ) ;
#2449 = DIRECTION ( 'NONE',  ( 0.000000000000000000, 0.000000000000000000, 1.000000000000000000 ) ) ;
#2450 = DIRECTION ( 'NONE',  ( 1.000000000000000000, 1.387778780781444492E-15, 0.000000000000000000 ) ) ;
#2451 = DIRECTION ( 'NONE',  ( 0.000000000000000000, 0.000000000000000000, -1.000000000000000000 ) ) ;
#2452 = ORIENTED_EDGE ( 'NONE', *, *, #1634, .T. ) ;
#2453 = CARTESIAN_POINT ( 'NONE',  ( 14.50000000000000355, -6.000011999999999901, -12.00000000000000178 ) ) ;
#2454 = ORIENTED_EDGE ( 'NONE', *, *, #2448, .F. ) ;
#2455 = FACE_OUTER_BOUND ( 'NONE', #1147, .T. ) ;
#2456 = PLANE ( 'NONE',  #1502 ) ;
#2457 = CARTESIAN_POINT ( 'NONE',  ( 0.000000000000000000, 5.999999999999996447, 2.625000000000005329 ) ) ;
#2458 = VERTEX_POINT ( 'NONE', #2181 ) ;
#2459 = ORIENTED_EDGE ( 'NONE', *, *, #2676, .T. ) ;
#2460 = EDGE_CURVE ( 'NONE', #1394, #1205, #1614, .T. ) ;
#2461 = DIRECTION ( 'NONE',  ( 0.000000000000000000, 0.000000000000000000, -1.000000000000000000 ) ) ;
#2462 = FACE_OUTER_BOUND ( 'NONE', #329, .T. ) ;
#2463 = DIRECTION ( 'NONE',  ( -0.000000000000000000, 1.000000000000000000, 4.003208021484941004E-16 ) ) ;
#2464 = CIRCLE ( 'NONE', #1220, 0.6250000000000003331 ) ;
#2465 = VECTOR ( 'NONE', #600, 1000.000000000000000 ) ;
#2466 = ORIENTED_EDGE ( 'NONE', *, *, #1597, .F. ) ;
#2467 = DIRECTION ( 'NONE',  ( 0.000000000000000000, 1.000000000000000000, 0.000000000000000000 ) ) ;
#2468 = CIRCLE ( 'NONE', #2792, 0.6250000000000005551 ) ;
#2469 = ORIENTED_EDGE ( 'NONE', *, *, #2624, .T. ) ;
#2470 = CARTESIAN_POINT ( 'NONE',  ( -16.00000000000000000, 5.999999999999998224, 2.000000000000000000 ) ) ;
#2471 = DIRECTION ( 'NONE',  ( 0.000000000000000000, -0.000000000000000000, -1.000000000000000000 ) ) ;
#2472 = DIRECTION ( 'NONE',  ( 0.000000000000000000, 1.000000000000000000, 4.003208021484940511E-16 ) ) ;
#2473 =( BOUNDED_SURFACE ( )  B_SPLINE_SURFACE ( 3, 2, ( 
 ( #1722, #206, #177 ),
 ( #220, #883, #2160 ),
 ( #1332, #1319, #1088 ),
 ( #1736, #627, #1762 ),
 ( #1549, #1945, #11 ),
 ( #2821, #844, #447 ),
 ( #2618, #1509, #2391 ),
 ( #195, #1072, #641 ),
 ( #1523, #2405, #1973 ),
 ( #2851, #1392, #2269 ) ),
 .UNSPECIFIED., .F., .F., .T. ) 
 B_SPLINE_SURFACE_WITH_KNOTS ( ( 4, 2, 2, 2, 4 ),
 ( 3, 3 ),
 ( 0.0009762313280151711618, 0.001244594175610730293, 0.001512957023206289641, 0.001781319870801848990, 0.002049682718397408121 ),
 ( 0.000000000000000000, 1.000000000000000000 ),
 .UNSPECIFIED. ) 
 GEOMETRIC_REPRESENTATION_ITEM ( )  RATIONAL_B_SPLINE_SURFACE ( (
 ( 1.000000000000000000, 0.7071067811865492381, 1.000000000000000000),
 ( 1.000000000000000000, 0.7326832777472936931, 1.000000000000000000),
 ( 1.000000000000000000, 0.7541354686266779073, 1.000000000000000000),
 ( 1.000000000000000000, 0.7830305961666681469, 1.000000000000000000),
 ( 1.000000000000000000, 0.7905597741720495897, 1.000000000000000000),
 ( 1.000000000000000000, 0.7905790374413381727, 1.000000000000000000),
 ( 1.000000000000000000, 0.7829511399770024971, 1.000000000000000000),
 ( 1.000000000000000000, 0.7542579395998207925, 1.000000000000000000),
 ( 1.000000000000000000, 0.7328473795396241997, 1.000000000000000000),
 ( 1.000000000000000000, 0.7071067811865487940, 1.000000000000000000) ) ) 
 REPRESENTATION_ITEM ( '' )  SURFACE ( )  );
#2474 = ORIENTED_EDGE ( 'NONE', *, *, #1474, .F. ) ;
#2475 = ORIENTED_EDGE ( 'NONE', *, *, #2852, .T. ) ;
#2476 = DIRECTION ( 'NONE',  ( 0.000000000000000000, -1.000000000000000000, -6.195440985631455317E-17 ) ) ;
#2477 = CARTESIAN_POINT ( 'NONE',  ( 16.00000000000000000, -4.000000000000000000, -11.99999999999999645 ) ) ;
#2478 = CARTESIAN_POINT ( 'NONE',  ( 0.000000000000000000, 0.000000000000000000, -0.9999999999999991118 ) ) ;
#2479 = ORIENTED_EDGE ( 'NONE', *, *, #1294, .T. ) ;
#2480 = LINE ( 'NONE', #2021, #501 ) ;
#2481 = EDGE_CURVE ( 'NONE', #913, #1586, #1566, .T. ) ;
#2482 = ORIENTED_EDGE ( 'NONE', *, *, #238, .F. ) ;
#2483 = CARTESIAN_POINT ( 'NONE',  ( 12.48461179679779143, -4.000000000000000000, -11.99999999999999645 ) ) ;
#2484 = DIRECTION ( 'NONE',  ( -1.000000000000000000, -0.000000000000000000, -0.000000000000000000 ) ) ;
#2485 = PLANE ( 'NONE',  #613 ) ;
#2486 = CIRCLE ( 'NONE', #2811, 0.4999999999999997224 ) ;
#2487 = ORIENTED_EDGE ( 'NONE', *, *, #2839, .T. ) ;
#2488 = ORIENTED_EDGE ( 'NONE', *, *, #1127, .F. ) ;
#2489 = DIRECTION ( 'NONE',  ( -0.000000000000000000, -1.000000000000000000, -4.003208021484940511E-16 ) ) ;
#2490 = DIRECTION ( 'NONE',  ( -0.000000000000000000, 0.000000000000000000, 1.000000000000000000 ) ) ;
#2491 = CARTESIAN_POINT ( 'NONE',  ( 14.00000000000000000, -5.000000000000000000, 7.500000000000001776 ) ) ;
#2492 = EDGE_CURVE ( 'NONE', #920, #1673, #2585, .T. ) ;
#2493 = EDGE_CURVE ( 'NONE', #1057, #1772, #2358, .T. ) ;
#2494 = EDGE_LOOP ( 'NONE', ( #2748, #2057, #1580, #2386, #1794, #369 ) ) ;
#2495 = FACE_OUTER_BOUND ( 'NONE', #1816, .T. ) ;
#2496 = EDGE_CURVE ( 'NONE', #1395, #1621, #1937, .T. ) ;
#2497 = ORIENTED_EDGE ( 'NONE', *, *, #1174, .T. ) ;
#2498 = EDGE_CURVE ( 'NONE', #2510, #1904, #918, .T. ) ;
#2499 = CARTESIAN_POINT ( 'NONE',  ( 0.000000000000000000, 0.000000000000000000, -14.00000000000000000 ) ) ;
#2500 = DIRECTION ( 'NONE',  ( 1.000000000000000000, 0.000000000000000000, -0.000000000000000000 ) ) ;
#2501 = AXIS2_PLACEMENT_3D ( 'NONE', #2782, #1064, #802 ) ;
#2502 = ORIENTED_EDGE ( 'NONE', *, *, #2011, .T. ) ;
#2503 = ORIENTED_EDGE ( 'NONE', *, *, #1207, .T. ) ;
#2504 = PLANE ( 'NONE',  #113 ) ;
#2505 = DIRECTION ( 'NONE',  ( -1.000000000000000000, 0.000000000000000000, 0.000000000000000000 ) ) ;
#2506 = CARTESIAN_POINT ( 'NONE',  ( -12.48629704042694577, 4.000000000000005329, -12.00000000000000000 ) ) ;
#2507 = ORIENTED_EDGE ( 'NONE', *, *, #944, .T. ) ;
#2508 = DIRECTION ( 'NONE',  ( 0.4581228472908541183, -0.8888888888888873963, 0.000000000000000000 ) ) ;
#2509 = VECTOR ( 'NONE', #184, 1000.000000000000000 ) ;
#2510 = VERTEX_POINT ( 'NONE', #2570 ) ;
#2511 = DIRECTION ( 'NONE',  ( -0.000000000000000000, 1.000000000000000000, -0.000000000000000000 ) ) ;
#2512 = CYLINDRICAL_SURFACE ( 'NONE', #1226, 0.6250000000000005551 ) ;
#2513 = VECTOR ( 'NONE', #2562, 1000.000000000000000 ) ;
#2514 = ORIENTED_EDGE ( 'NONE', *, *, #1671, .F. ) ;
#2515 = EDGE_LOOP ( 'NONE', ( #126, #2051, #235, #545, #1010 ) ) ;
#2516 = B_SPLINE_CURVE_WITH_KNOTS ( 'NONE', 3,
 ( #1918, #2797, #156, #818, #1701, #2180 ),
 .UNSPECIFIED., .F., .F.,
 ( 4, 2, 4 ),
 ( 0.000000000000000000, 0.0002984419316848511603, 0.0005968838633697023206 ),
 .UNSPECIFIED. ) ;
#2517 = CARTESIAN_POINT ( 'NONE',  ( 12.37500000000000000, -4.999999999999999112, -12.50000000000000000 ) ) ;
#2518 = DIRECTION ( 'NONE',  ( -0.000000000000000000, -0.000000000000000000, -1.000000000000000000 ) ) ;
#2519 =( NAMED_UNIT ( * ) PLANE_ANGLE_UNIT ( ) SI_UNIT ( $, .RADIAN. ) );
#2520 = EDGE_CURVE ( 'NONE', #242, #1181, #1273, .T. ) ;
#2521 = AXIS2_PLACEMENT_3D ( 'NONE', #1418, #2786, #2127 ) ;
#2522 = FACE_OUTER_BOUND ( 'NONE', #1705, .T. ) ;
#2523 = VERTEX_POINT ( 'NONE', #2399 ) ;
#2524 = CARTESIAN_POINT ( 'NONE',  ( 14.00000000000000178, -6.000000000000000000, 7.500000000000001776 ) ) ;
#2525 = AXIS2_PLACEMENT_3D ( 'NONE', #882, #1014, #2105 ) ;
#2526 = EDGE_LOOP ( 'NONE', ( #1159, #1020, #343, #1304, #1840 ) ) ;
#2527 = DIRECTION ( 'NONE',  ( 0.000000000000000000, -0.000000000000000000, -1.000000000000000000 ) ) ;
#2528 = DIRECTION ( 'NONE',  ( -0.000000000000000000, 0.000000000000000000, 1.000000000000000000 ) ) ;
#2529 = ADVANCED_FACE ( 'NONE', ( #141 ), #829, .F. ) ;
#2530 = AXIS2_PLACEMENT_3D ( 'NONE', #1979, #1355, #440 ) ;
#2531 = ORIENTED_EDGE ( 'NONE', *, *, #433, .F. ) ;
#2532 = ORIENTED_EDGE ( 'NONE', *, *, #95, .T. ) ;
#2533 = AXIS2_PLACEMENT_3D ( 'NONE', #1370, #2667, #1156 ) ;
#2534 = CARTESIAN_POINT ( 'NONE',  ( -13.41087345293200883, 6.000000000000006217, -11.99123008170608351 ) ) ;
#2535 = CARTESIAN_POINT ( 'NONE',  ( -13.00000000000000178, 4.999999999999999112, -9.500000000000000000 ) ) ;
#2536 = EDGE_CURVE ( 'NONE', #1389, #2656, #2664, .T. ) ;
#2537 = CARTESIAN_POINT ( 'NONE',  ( 0.000000000000000000, 5.999999999999993783, 8.250000000000005329 ) ) ;
#2538 = CIRCLE ( 'NONE', #91, 0.6250000000000003331 ) ;
#2539 = DIRECTION ( 'NONE',  ( -1.000000000000000000, 0.000000000000000000, 0.000000000000000000 ) ) ;
#2540 = ORIENTED_EDGE ( 'NONE', *, *, #1030, .T. ) ;
#2541 = CARTESIAN_POINT ( 'NONE',  ( 3.469446951953614189E-15, -8.673617379884035472E-16, -1.000000000000000000 ) ) ;
#2542 = VERTEX_POINT ( 'NONE', #1066 ) ;
#2543 = CARTESIAN_POINT ( 'NONE',  ( 14.00000000000000000, 0.000000000000000000, 9.000000000000001776 ) ) ;
#2544 = LINE ( 'NONE', #360, #1867 ) ;
#2545 = ORIENTED_EDGE ( 'NONE', *, *, #568, .T. ) ;
#2546 = DIRECTION ( 'NONE',  ( 1.000000000000000000, 0.000000000000000000, 0.000000000000000000 ) ) ;
#2547 = VECTOR ( 'NONE', #732, 1000.000000000000000 ) ;
#2548 = CARTESIAN_POINT ( 'NONE',  ( -12.58863541867602542, 6.000000000000006217, -12.00000000000000355 ) ) ;
#2549 = FACE_OUTER_BOUND ( 'NONE', #1281, .T. ) ;
#2550 = EDGE_CURVE ( 'NONE', #6, #1157, #2372, .T. ) ;
#2551 = LINE ( 'NONE', #572, #1962 ) ;
#2552 = CARTESIAN_POINT ( 'NONE',  ( 13.08952808492952968, 6.000000000000005329, -12.00000000000000000 ) ) ;
#2553 = ORIENTED_EDGE ( 'NONE', *, *, #1249, .F. ) ;
#2554 = CARTESIAN_POINT ( 'NONE',  ( -13.51370295957306311, -4.000000000000001776, -12.00000000000000533 ) ) ;
#2555 = VERTEX_POINT ( 'NONE', #411 ) ;
#2556 = DIRECTION ( 'NONE',  ( 0.000000000000000000, 0.000000000000000000, -1.000000000000000000 ) ) ;
#2557 = CARTESIAN_POINT ( 'NONE',  ( 7.654042494670960318E-17, 5.999999999999993783, 7.000000000000005329 ) ) ;
#2558 = AXIS2_PLACEMENT_3D ( 'NONE', #1340, #437, #13 ) ;
#2559 = EDGE_CURVE ( 'NONE', #2592, #2798, #2784, .T. ) ;
#2560 = AXIS2_PLACEMENT_3D ( 'NONE', #760, #322, #2564 ) ;
#2561 = ORIENTED_EDGE ( 'NONE', *, *, #1511, .T. ) ;
#2562 = DIRECTION ( 'NONE',  ( -1.000000000000000000, 0.000000000000000000, 0.000000000000000000 ) ) ;
#2563 = CIRCLE ( 'NONE', #899, 0.6250000000000005551 ) ;
#2564 = DIRECTION ( 'NONE',  ( -1.000000000000000000, 0.000000000000000000, 0.000000000000000000 ) ) ;
#2565 = CARTESIAN_POINT ( 'NONE',  ( 13.99999999999999822, 5.999999999999998224, 9.000000000000001776 ) ) ;
#2566 = VECTOR ( 'NONE', #787, 1000.000000000000000 ) ;
#2567 = DIRECTION ( 'NONE',  ( -1.000000000000000000, -0.000000000000000000, -0.000000000000000000 ) ) ;
#2568 = CARTESIAN_POINT ( 'NONE',  ( 11.00000000000000000, -6.000000000000000000, 2.000000000000000000 ) ) ;
#2569 = VERTEX_POINT ( 'NONE', #1473 ) ;
#2570 = CARTESIAN_POINT ( 'NONE',  ( -11.82500000000000284, -4.999999999999999112, -12.00000000000000000 ) ) ;
#2571 = EDGE_LOOP ( 'NONE', ( #707, #2201, #1688, #1012 ) ) ;
#2572 = LINE ( 'NONE', #385, #551 ) ;
#2573 = CARTESIAN_POINT ( 'NONE',  ( 16.00000000000000000, 0.000000000000000000, 0.000000000000000000 ) ) ;
#2574 = EDGE_CURVE ( 'NONE', #1495, #579, #2671, .T. ) ;
#2575 = EDGE_LOOP ( 'NONE', ( #593, #204, #1449, #852, #684, #1675, #1049, #1272, #53, #1714, #881, #261, #1421, #725, #1618, #1465, #2360, #1278, #2295, #1728 ) ) ;
#2576 = VERTEX_POINT ( 'NONE', #620 ) ;
#2577 = VECTOR ( 'NONE', #1601, 1000.000000000000000 ) ;
#2578 = CARTESIAN_POINT ( 'NONE',  ( 16.00000000000000000, -4.000000000000000000, -11.99999999999999645 ) ) ;
#2579 = DIRECTION ( 'NONE',  ( -0.000000000000000000, -1.000000000000000000, -0.000000000000000000 ) ) ;
#2580 = AXIS2_PLACEMENT_3D ( 'NONE', #1372, #2035, #2253 ) ;
#2581 = CARTESIAN_POINT ( 'NONE',  ( -12.38305186603735031, -6.000000000000000000, -12.00000000000000000 ) ) ;
#2582 = CARTESIAN_POINT ( 'NONE',  ( 12.95007110921623372, 5.624992375537438249, -12.48412646054510056 ) ) ;
#2583 = TOROIDAL_SURFACE ( 'NONE', #1661, 1.125000000000000666, 0.5000000000000000000 ) ;
#2584 = VERTEX_POINT ( 'NONE', #2385 ) ;
#2585 = LINE ( 'NONE', #1240, #645 ) ;
#2586 = VERTEX_POINT ( 'NONE', #1285 ) ;
#2587 = DIRECTION ( 'NONE',  ( 1.000000000000000000, 0.000000000000000000, 0.000000000000000000 ) ) ;
#2588 = DIRECTION ( 'NONE',  ( 1.826024711554533667E-16, 0.000000000000000000, -1.000000000000000000 ) ) ;
#2589 = EDGE_CURVE ( 'NONE', #1100, #21, #1385, .T. ) ;
#2590 = EDGE_CURVE ( 'NONE', #2591, #93, #1993, .T. ) ;
#2591 = VERTEX_POINT ( 'NONE', #1125 ) ;
#2592 = VERTEX_POINT ( 'NONE', #3 ) ;
#2593 = FACE_OUTER_BOUND ( 'NONE', #680, .T. ) ;
#2594 = VECTOR ( 'NONE', #2370, 1000.000000000000000 ) ;
#2595 = DIRECTION ( 'NONE',  ( 1.000000000000000000, 1.387778780781444492E-15, 0.000000000000000000 ) ) ;
#2596 = CARTESIAN_POINT ( 'NONE',  ( 12.71367322044327075, 5.555555555555582892, -12.00000000000006395 ) ) ;
#2597 = ORIENTED_EDGE ( 'NONE', *, *, #2102, .T. ) ;
#2598 = DIRECTION ( 'NONE',  ( -0.000000000000000000, 0.000000000000000000, 1.000000000000000000 ) ) ;
#2599 = ADVANCED_FACE ( 'NONE', ( #719 ), #690, .T. ) ;
#2600 = ORIENTED_EDGE ( 'NONE', *, *, #2063, .T. ) ;
#2601 = SURFACE_STYLE_USAGE ( .BOTH. , #1940 ) ;
#2602 = LINE ( 'NONE', #610, #2200 ) ;
#2603 = ORIENTED_EDGE ( 'NONE', *, *, #1899, .F. ) ;
#2604 = DIRECTION ( 'NONE',  ( -0.000000000000000000, -1.000000000000000000, -0.000000000000000000 ) ) ;
#2605 = DIRECTION ( 'NONE',  ( -0.000000000000000000, -0.000000000000000000, 1.000000000000000000 ) ) ;
#2606 = EDGE_LOOP ( 'NONE', ( #1486, #1400, #562, #995, #1926, #664, #65 ) ) ;
#2607 = CLOSED_SHELL ( 'NONE', ( #2619, #2696, #532, #2139, #1546, #2529, #2707, #412, #1262, #2762, #361, #1893, #1162, #2694, #1683, #1602, #295, #2599, #724, #557, #2343, #470, #1268, #383, #994, #1828, #519, #2291, #100, #2222, #780, #1352, #2271, #1315, #2408, #134, #523, #2047, #860, #2440, #147, #318, #427, #1479, #1390, #1413, #396, #1894, #1849, #479, #2079, #335, #151, #1556, #1737, #145, #1414, #842, #1182, #1892, #1384, #1615, #2188, #1564, #2112, #1143, #2150, #1114, #1336, #357, #2407, #182, #429, #17, #203, #835, #1925, #146, #509, #1812, #485, #2409, #520, #989 ) ) ;
#2608 = CARTESIAN_POINT ( 'NONE',  ( 11.00000000000000000, 8.000000000000000000, -12.00000000000000000 ) ) ;
#2609 = CARTESIAN_POINT ( 'NONE',  ( -12.32500000000000284, 4.999999999999999112, -9.500000000000000000 ) ) ;
#2610 = VECTOR ( 'NONE', #1002, 1000.000000000000000 ) ;
#2611 = ORIENTED_EDGE ( 'NONE', *, *, #822, .F. ) ;
#2612 = DIRECTION ( 'NONE',  ( -0.000000000000000000, 1.000000000000000000, 6.814985084194600849E-16 ) ) ;
#2613 = EDGE_CURVE ( 'NONE', #1526, #1836, #181, .T. ) ;
#2614 = ORIENTED_EDGE ( 'NONE', *, *, #1200, .F. ) ;
#2615 = PRESENTATION_STYLE_ASSIGNMENT (( #2601 ) ) ;
#2616 = DIRECTION ( 'NONE',  ( 1.000000000000000000, 0.000000000000000000, 0.000000000000000000 ) ) ;
#2617 = ORIENTED_EDGE ( 'NONE', *, *, #702, .T. ) ;
#2618 = CARTESIAN_POINT ( 'NONE',  ( 12.90080256773434186, 4.380953452742275545, -12.48722899635524364 ) ) ;
#2619 = ADVANCED_FACE ( 'NONE', ( #2004 ), #2033, .F. ) ;
#2620 = EDGE_CURVE ( 'NONE', #40, #1100, #917, .T. ) ;
#2621 = AXIS2_PLACEMENT_3D ( 'NONE', #2352, #366, #1251 ) ;
#2622 = DIRECTION ( 'NONE',  ( 1.000000000000000000, 0.000000000000000000, 0.000000000000000000 ) ) ;
#2623 = DIRECTION ( 'NONE',  ( 0.000000000000000000, -1.000000000000000000, 0.000000000000000000 ) ) ;
#2624 = EDGE_CURVE ( 'NONE', #2523, #1692, #931, .T. ) ;
#2625 = CARTESIAN_POINT ( 'NONE',  ( -12.89775274914807746, -5.999999999999999112, -11.96835400087334556 ) ) ;
#2626 = CARTESIAN_POINT ( 'NONE',  ( -8.892692719212003993, 3.999999999999994227, 1.951743624245668496 ) ) ;
#2627 = VECTOR ( 'NONE', #1758, 1000.000000000000000 ) ;
#2628 = ORIENTED_EDGE ( 'NONE', *, *, #2196, .F. ) ;
#2629 =( NAMED_UNIT ( * ) PLANE_ANGLE_UNIT ( ) SI_UNIT ( $, .RADIAN. ) );
#2630 = CARTESIAN_POINT ( 'NONE',  ( -13.99999999999999822, -5.000000000000000000, 7.500000000000001776 ) ) ;
#2631 = EDGE_LOOP ( 'NONE', ( #2561, #2502, #2773, #81 ) ) ;
#2632 = DIRECTION ( 'NONE',  ( -1.000000000000000000, 0.000000000000000000, -0.000000000000000000 ) ) ;
#2633 = PLANE ( 'NONE',  #209 ) ;
#2634 = CARTESIAN_POINT ( 'NONE',  ( 13.21630041441348702, -4.410860274338905818, -12.06026643084095973 ) ) ;
#2635 = FACE_OUTER_BOUND ( 'NONE', #701, .T. ) ;
#2636 = CARTESIAN_POINT ( 'NONE',  ( -13.20612739035626326, -6.000000000000000888, -11.96841671393043605 ) ) ;
#2637 = DIRECTION ( 'NONE',  ( -1.000000000000000000, 0.000000000000000000, 0.000000000000000000 ) ) ;
#2638 = EDGE_CURVE ( 'NONE', #1595, #2584, #1800, .T. ) ;
#2639 = CIRCLE ( 'NONE', #1396, 0.5000000000000004441 ) ;
#2640 = AXIS2_PLACEMENT_3D ( 'NONE', #869, #1749, #1317 ) ;
#2641 = VERTEX_POINT ( 'NONE', #705 ) ;
#2642 = DIRECTION ( 'NONE',  ( -0.000000000000000000, 0.000000000000000000, 1.000000000000000000 ) ) ;
#2643 = VERTEX_POINT ( 'NONE', #214 ) ;
#2644 = DIRECTION ( 'NONE',  ( 0.000000000000000000, -0.000000000000000000, -1.000000000000000000 ) ) ;
#2645 = CARTESIAN_POINT ( 'NONE',  ( -16.00000000000000000, 6.000000000000005329, -11.99999999999999645 ) ) ;
#2646 = EDGE_CURVE ( 'NONE', #2586, #2510, #222, .T. ) ;
#2647 = CARTESIAN_POINT ( 'NONE',  ( 12.75736036478468804, -4.421928605619258157, -12.49999993464115988 ) ) ;
#2648 = VECTOR ( 'NONE', #2304, 1000.000000000000000 ) ;
#2649 = LINE ( 'NONE', #1307, #474 ) ;
#2650 = VECTOR ( 'NONE', #2089, 1000.000000000000000 ) ;
#2651 = CARTESIAN_POINT ( 'NONE',  ( -12.32500000000000284, 4.999999999999999112, -11.50000000000000000 ) ) ;
#2652 = DIRECTION ( 'NONE',  ( -1.000000000000000000, 0.000000000000000000, 0.000000000000000000 ) ) ;
#2653 = AXIS2_PLACEMENT_3D ( 'NONE', #302, #1362, #2070 ) ;
#2654 = VERTEX_POINT ( 'NONE', #467 ) ;
#2655 = PLANE ( 'NONE',  #874 ) ;
#2656 = VERTEX_POINT ( 'NONE', #1584 ) ;
#2657 = EDGE_CURVE ( 'NONE', #2654, #1948, #178, .T. ) ;
#2658 = LINE ( 'NONE', #1790, #2250 ) ;
#2659 = CARTESIAN_POINT ( 'NONE',  ( 8.616843969807048254, -6.000000000000000000, 0.000000000000000000 ) ) ;
#2660 = CARTESIAN_POINT ( 'NONE',  ( 3.500000000000003553, -8.673617379884035472E-16, 0.000000000000000000 ) ) ;
#2661 = ORIENTED_EDGE ( 'NONE', *, *, #193, .F. ) ;
#2662 = EDGE_LOOP ( 'NONE', ( #284, #986, #2611, #120 ) ) ;
#2663 = AXIS2_PLACEMENT_3D ( 'NONE', #35, #22, #2720 ) ;
#2664 = B_SPLINE_CURVE_WITH_KNOTS ( 'NONE', 3,
 ( #2412, #1019, #606, #2626, #1487, #648 ),
 .UNSPECIFIED., .F., .F.,
 ( 4, 2, 4 ),
 ( 0.000000000000000000, 0.0004098524317722704357, 0.0008197048635445408713 ),
 .UNSPECIFIED. ) ;
#2665 = CARTESIAN_POINT ( 'NONE',  ( -13.00000000000000178, -4.999999999999999112, -9.500000000000000000 ) ) ;
#2666 = DIRECTION ( 'NONE',  ( -0.000000000000000000, -0.000000000000000000, -1.000000000000000000 ) ) ;
#2667 = DIRECTION ( 'NONE',  ( -1.000000000000000000, 0.000000000000000000, 0.000000000000000000 ) ) ;
#2668 = EDGE_CURVE ( 'NONE', #2095, #1071, #2436, .T. ) ;
#2669 = ORIENTED_EDGE ( 'NONE', *, *, #2613, .T. ) ;
#2670 = DIRECTION ( 'NONE',  ( -1.000000000000000000, -0.000000000000000000, 0.000000000000000000 ) ) ;
#2671 = CIRCLE ( 'NONE', #1009, 0.6749999999999984901 ) ;
#2672 = ORIENTED_EDGE ( 'NONE', *, *, #660, .F. ) ;
#2673 = CARTESIAN_POINT ( 'NONE',  ( -12.38305186603734676, -4.000000000000000000, -11.99999999999999645 ) ) ;
#2674 = CARTESIAN_POINT ( 'NONE',  ( 16.00000000000000000, -4.000000000000000000, -11.99999999999999645 ) ) ;
#2675 = AXIS2_PLACEMENT_3D ( 'NONE', #2499, #1663, #1632 ) ;
#2676 = EDGE_CURVE ( 'NONE', #93, #1695, #824, .T. ) ;
#2677 = CARTESIAN_POINT ( 'NONE',  ( 13.51538820320222278, 4.000000000000005329, -12.00000000000000000 ) ) ;
#2678 = ORIENTED_EDGE ( 'NONE', *, *, #872, .F. ) ;
#2679 = ORIENTED_EDGE ( 'NONE', *, *, #615, .T. ) ;
#2680 = DIRECTION ( 'NONE',  ( 0.000000000000000000, 0.000000000000000000, -1.000000000000000000 ) ) ;
#2681 = CARTESIAN_POINT ( 'NONE',  ( 13.00000000000000178, 4.999999999999999112, -12.50000000000000000 ) ) ;
#2682 = DIRECTION ( 'NONE',  ( 0.000000000000000000, 0.000000000000000000, 1.000000000000000000 ) ) ;
#2683 = AXIS2_PLACEMENT_3D ( 'NONE', #466, #862, #1571 ) ;
#2684 = VERTEX_POINT ( 'NONE', #663 ) ;
#2685 = FACE_OUTER_BOUND ( 'NONE', #976, .T. ) ;
#2686 = AXIS2_PLACEMENT_3D ( 'NONE', #743, #2430, #1363 ) ;
#2687 = ORIENTED_EDGE ( 'NONE', *, *, #420, .F. ) ;
#2688 = LINE ( 'NONE', #2470, #864 ) ;
#2689 = LINE ( 'NONE', #2443, #1919 ) ;
#2690 = LINE ( 'NONE', #1150, #1211 ) ;
#2691 = ORIENTED_EDGE ( 'NONE', *, *, #287, .T. ) ;
#2692 = ORIENTED_EDGE ( 'NONE', *, *, #799, .F. ) ;
#2693 = CARTESIAN_POINT ( 'NONE',  ( -14.00000000000000000, -4.000000000000000888, 7.000000000000000888 ) ) ;
#2694 = ADVANCED_FACE ( 'NONE', ( #2435 ), #1326, .T. ) ;
#2695 = CARTESIAN_POINT ( 'NONE',  ( -9.000000000000000000, 7.999999999999996447, 1.000000000000005773 ) ) ;
#2696 = ADVANCED_FACE ( 'NONE', ( #2017 ), #1815, .F. ) ;
#2697 = DIRECTION ( 'NONE',  ( 0.000000000000000000, 1.000000000000000000, -0.000000000000000000 ) ) ;
#2698 = VECTOR ( 'NONE', #2044, 1000.000000000000000 ) ;
#2699 = ORIENTED_EDGE ( 'NONE', *, *, #2204, .T. ) ;
#2700 = CARTESIAN_POINT ( 'NONE',  ( 11.00000000000000000, -6.000000000000000000, -12.00000000000000000 ) ) ;
#2701 = AXIS2_PLACEMENT_3D ( 'NONE', #1481, #1696, #106 ) ;
#2702 = ORIENTED_EDGE ( 'NONE', *, *, #577, .F. ) ;
#2703 = CARTESIAN_POINT ( 'NONE',  ( 16.00000000000000000, 4.000000000000005329, -11.99999999999999467 ) ) ;
#2704 = AXIS2_PLACEMENT_3D ( 'NONE', #2849, #1924, #2588 ) ;
#2705 = CARTESIAN_POINT ( 'NONE',  ( 14.00000000000000000, 0.000000000000000000, 7.000000000000000888 ) ) ;
#2706 = CARTESIAN_POINT ( 'NONE',  ( -9.375000000000000000, 7.999999999999996447, 1.500000000000005995 ) ) ;
#2707 = ADVANCED_FACE ( 'NONE', ( #455 ), #676, .F. ) ;
#2708 = VERTEX_POINT ( 'NONE', #1554 ) ;
#2709 = ORIENTED_EDGE ( 'NONE', *, *, #1082, .T. ) ;
#2710 = EDGE_CURVE ( 'NONE', #2309, #1500, #1342, .T. ) ;
#2711 = ADVANCED_BREP_SHAPE_REPRESENTATION ( 'P001-B100_SquareDynamo_Rev2D-9', ( #2157, #642 ), #1559 ) ;
#2712 = CARTESIAN_POINT ( 'NONE',  ( -11.00000000000000000, 10.99999999999999822, -12.00000000000000000 ) ) ;
#2713 = FACE_OUTER_BOUND ( 'NONE', #2515, .T. ) ;
#2714 = DIRECTION ( 'NONE',  ( 0.000000000000000000, -0.000000000000000000, -1.000000000000000000 ) ) ;
#2715 = EDGE_CURVE ( 'NONE', #2237, #927, #2835, .T. ) ;
#2716 = ORIENTED_EDGE ( 'NONE', *, *, #346, .T. ) ;
#2717 = CARTESIAN_POINT ( 'NONE',  ( -12.79387260964374029, -3.999999999999999112, -11.96841671393043427 ) ) ;
#2718 = CIRCLE ( 'NONE', #1099, 1.510000000000000009 ) ;
#2719 = ORIENTED_EDGE ( 'NONE', *, *, #1803, .T. ) ;
#2720 = DIRECTION ( 'NONE',  ( 1.000000000000000000, 0.000000000000000000, 0.000000000000000000 ) ) ;
#2721 = LINE ( 'NONE', #504, #531 ) ;
#2722 = DIRECTION ( 'NONE',  ( 0.000000000000000000, -1.000000000000000000, -4.003208021484940511E-16 ) ) ;
#2723 = MECHANICAL_DESIGN_GEOMETRIC_PRESENTATION_REPRESENTATION (  '', ( #409 ), #319 ) ;
#2724 = ORIENTED_EDGE ( 'NONE', *, *, #1563, .F. ) ;
#2725 = ORIENTED_EDGE ( 'NONE', *, *, #1111, .T. ) ;
#2726 = DIRECTION ( 'NONE',  ( 0.000000000000000000, 0.000000000000000000, -1.000000000000000000 ) ) ;
#2727 = FACE_OUTER_BOUND ( 'NONE', #2662, .T. ) ;
#2728 = DIRECTION ( 'NONE',  ( 1.000000000000000000, 0.000000000000000000, 0.000000000000000000 ) ) ;
#2729 = ORIENTED_EDGE ( 'NONE', *, *, #2496, .T. ) ;
#2730 = CARTESIAN_POINT ( 'NONE',  ( 3.500000000000003553, -8.673617379884035472E-16, -1.000000000000000000 ) ) ;
#2731 = FACE_OUTER_BOUND ( 'NONE', #2390, .T. ) ;
#2732 = AXIS2_PLACEMENT_3D ( 'NONE', #2845, #2220, #2248 ) ;
#2733 = VERTEX_POINT ( 'NONE', #2537 ) ;
#2734 = ORIENTED_EDGE ( 'NONE', *, *, #1991, .T. ) ;
#2735 = DIRECTION ( 'NONE',  ( 0.000000000000000000, -6.938893903907227392E-16, 1.000000000000000000 ) ) ;
#2736 = PLANE ( 'NONE',  #513 ) ;
#2737 = VERTEX_POINT ( 'NONE', #2046 ) ;
#2738 = DIRECTION ( 'NONE',  ( -0.8888888888888875073, -0.4581228472908541183, 0.000000000000000000 ) ) ;
#2739 = EDGE_CURVE ( 'NONE', #2798, #2218, #2760, .T. ) ;
#2740 = VECTOR ( 'NONE', #1397, 1000.000000000000000 ) ;
#2741 = ORIENTED_EDGE ( 'NONE', *, *, #1861, .T. ) ;
#2742 = DIRECTION ( 'NONE',  ( -1.000000000000000000, 0.000000000000000000, 0.000000000000000000 ) ) ;
#2743 = CARTESIAN_POINT ( 'NONE',  ( -13.00000000000000178, -4.999999999999999112, -11.50000000000000000 ) ) ;
#2744 = VECTOR ( 'NONE', #2484, 1000.000000000000000 ) ;
#2745 = EDGE_CURVE ( 'NONE', #187, #1087, #2767, .T. ) ;
#2746 = EDGE_CURVE ( 'NONE', #608, #1218, #2808, .T. ) ;
#2747 = AXIS2_PLACEMENT_3D ( 'NONE', #2743, #766, #403 ) ;
#2748 = ORIENTED_EDGE ( 'NONE', *, *, #1043, .F. ) ;
#2749 = DIRECTION ( 'NONE',  ( -1.000000000000000000, 0.000000000000000000, 0.000000000000000000 ) ) ;
#2750 = DIRECTION ( 'NONE',  ( 1.000000000000000000, 0.000000000000000000, 0.000000000000000000 ) ) ;
#2751 = DIRECTION ( 'NONE',  ( 0.000000000000000000, 1.000000000000000000, 4.003208021484940511E-16 ) ) ;
#2752 = DIRECTION ( 'NONE',  ( 1.826024711554533667E-16, 0.000000000000000000, -1.000000000000000000 ) ) ;
#2753 = CARTESIAN_POINT ( 'NONE',  ( -9.165151389911683211, -3.999999999999998224, 0.000000000000000000 ) ) ;
#2754 = ORIENTED_EDGE ( 'NONE', *, *, #2072, .F. ) ;
#2755 = CYLINDRICAL_SURFACE ( 'NONE', #456, 3.500000000000000000 ) ;
#2756 = AXIS2_PLACEMENT_3D ( 'NONE', #137, #2766, #1267 ) ;
#2757 = ORIENTED_EDGE ( 'NONE', *, *, #1337, .F. ) ;
#2758 = LINE ( 'NONE', #143, #2247 ) ;
#2759 = DIRECTION ( 'NONE',  ( -0.000000000000000000, 1.000000000000000000, -8.673617379884035472E-16 ) ) ;
#2760 = CIRCLE ( 'NONE', #452, 0.6250000000000001110 ) ;
#2761 = ORIENTED_EDGE ( 'NONE', *, *, #2745, .F. ) ;
#2762 = ADVANCED_FACE ( 'NONE', ( #69 ), #1169, .T. ) ;
#2763 = VERTEX_POINT ( 'NONE', #772 ) ;
#2764 = AXIS2_PLACEMENT_3D ( 'NONE', #790, #1458, #356 ) ;
#2765 = CARTESIAN_POINT ( 'NONE',  ( -11.00000000000000000, 8.000000000000000000, -12.00000000000000000 ) ) ;
#2766 = DIRECTION ( 'NONE',  ( -0.000000000000000000, 0.000000000000000000, 1.000000000000000000 ) ) ;
#2767 = LINE ( 'NONE', #786, #2349 ) ;
#2768 = DIRECTION ( 'NONE',  ( 0.000000000000000000, 0.000000000000000000, 1.000000000000000000 ) ) ;
#2769 = CARTESIAN_POINT ( 'NONE',  ( 12.56320414889911774, 6.000000000000005329, -12.00000000000000000 ) ) ;
#2770 =( BOUNDED_SURFACE ( )  B_SPLINE_SURFACE ( 3, 2, ( 
 ( #1280, #208, #1074 ),
 ( #2647, #873, #1752 ),
 ( #672, #643, #1321 ),
 ( #1104, #1724, #1960 ),
 ( #1711, #1551, #1525 ),
 ( #2406, #2841, #616 ),
 ( #221, #179, #2809 ),
 ( #2420, #2634, #2379 ),
 ( #1091, #166, #12 ),
 ( #1061, #2206, #884 ) ),
 .UNSPECIFIED., .F., .F., .F. ) 
 B_SPLINE_SURFACE_WITH_KNOTS ( ( 4, 2, 2, 2, 4 ),
 ( 3, 3 ),
 ( 0.0009762313280152808831, 0.001244594175610834593, 0.001512957023206388304, 0.001781319870801942014, 0.002049682718397495725 ),
 ( 0.000000000000000000, 1.000000000000000000 ),
 .UNSPECIFIED. ) 
 GEOMETRIC_REPRESENTATION_ITEM ( )  RATIONAL_B_SPLINE_SURFACE ( (
 ( 1.000000000000000000, 0.7071067811865482389, 1.000000000000000000),
 ( 1.000000000000000000, 0.7326832777473409886, 1.000000000000000000),
 ( 1.000000000000000000, 0.7541354686266116270, 1.000000000000000000),
 ( 1.000000000000000000, 0.7830305961667304304, 1.000000000000000000),
 ( 1.000000000000000000, 0.7905597741720203908, 1.000000000000000000),
 ( 1.000000000000000000, 0.7905790374413589339, 1.000000000000000000),
 ( 1.000000000000000000, 0.7829511399769552016, 1.000000000000000000),
 ( 1.000000000000000000, 0.7542579395998628700, 1.000000000000000000),
 ( 1.000000000000000000, 0.7328473795395887835, 1.000000000000000000),
 ( 1.000000000000000000, 0.7071067811865493491, 1.000000000000000000) ) ) 
 REPRESENTATION_ITEM ( '' )  SURFACE ( )  );
#2771 = ORIENTED_EDGE ( 'NONE', *, *, #1804, .F. ) ;
#2772 = CARTESIAN_POINT ( 'NONE',  ( -16.00000000000000000, 5.999999999999998224, 2.000000000000000000 ) ) ;
#2773 = ORIENTED_EDGE ( 'NONE', *, *, #1229, .T. ) ;
#2774 = CARTESIAN_POINT ( 'NONE',  ( 13.00000000000000178, -4.999999999999999112, -12.00000000000000000 ) ) ;
#2775 = CARTESIAN_POINT ( 'NONE',  ( 0.000000000000000000, 0.000000000000000000, 1.500000000000000000 ) ) ;
#2776 = VERTEX_POINT ( 'NONE', #1870 ) ;
#2777 = AXIS2_PLACEMENT_3D ( 'NONE', #2568, #1271, #1283 ) ;
#2778 = CYLINDRICAL_SURFACE ( 'NONE', #1036, 0.6250000000000001110 ) ;
#2779 = DIRECTION ( 'NONE',  ( -0.000000000000000000, 0.000000000000000000, 1.000000000000000000 ) ) ;
#2780 = CARTESIAN_POINT ( 'NONE',  ( -14.49999999999999822, -6.000000000000000000, 1.999999999999999556 ) ) ;
#2781 = EDGE_CURVE ( 'NONE', #2850, #898, #1197, .T. ) ;
#2782 = CARTESIAN_POINT ( 'NONE',  ( 13.51538820320207179, -6.000000000000070166, -12.50000000000000000 ) ) ;
#2783 = ORIENTED_EDGE ( 'NONE', *, *, #1957, .F. ) ;
#2784 = LINE ( 'NONE', #2154, #1059 ) ;
#2785 = ORIENTED_EDGE ( 'NONE', *, *, #2839, .F. ) ;
#2786 = DIRECTION ( 'NONE',  ( -0.000000000000000000, 0.000000000000000000, 1.000000000000000000 ) ) ;
#2787 = DIRECTION ( 'NONE',  ( 0.000000000000000000, 0.000000000000000000, -1.000000000000000000 ) ) ;
#2788 = CIRCLE ( 'NONE', #1541, 0.5000000000000004441 ) ;
#2789 = VECTOR ( 'NONE', #2243, 1000.000000000000000 ) ;
#2790 = ORIENTED_EDGE ( 'NONE', *, *, #2492, .F. ) ;
#2791 = ORIENTED_EDGE ( 'NONE', *, *, #325, .T. ) ;
#2792 = AXIS2_PLACEMENT_3D ( 'NONE', #1404, #2471, #1133 ) ;
#2793 = EDGE_CURVE ( 'NONE', #2441, #311, #1287, .T. ) ;
#2794 = CARTESIAN_POINT ( 'NONE',  ( -13.67499999999999893, -4.999999999999999112, -9.500000000000000000 ) ) ;
#2795 = DIRECTION ( 'NONE',  ( 1.000000000000000000, 0.000000000000000000, 0.000000000000000000 ) ) ;
#2796 = CARTESIAN_POINT ( 'NONE',  ( 9.165151389911679658, -3.999999999999999112, 1.638659938029005003 ) ) ;
#2797 = CARTESIAN_POINT ( 'NONE',  ( 13.19736682474890621, 4.398595533179062933, -12.50000000000000000 ) ) ;
#2798 = VERTEX_POINT ( 'NONE', #762 ) ;
#2799 = DIRECTION ( 'NONE',  ( -0.000000000000000000, 0.000000000000000000, 1.000000000000000000 ) ) ;
#2800 = EDGE_CURVE ( 'NONE', #2316, #459, #1185, .T. ) ;
#2801 = CIRCLE ( 'NONE', #37, 10.00000000000000178 ) ;
#2802 = ORIENTED_EDGE ( 'NONE', *, *, #1174, .F. ) ;
#2803 = SURFACE_STYLE_FILL_AREA ( #1054 ) ;
#2804 = CIRCLE ( 'NONE', #2663, 10.00000000000000178 ) ;
#2805 = DIRECTION ( 'NONE',  ( 0.000000000000000000, -1.000000000000000000, -6.814985084194600849E-16 ) ) ;
#2806 = ORIENTED_EDGE ( 'NONE', *, *, #1080, .F. ) ;
#2807 = CARTESIAN_POINT ( 'NONE',  ( -11.00000000000000000, 10.99999999999999822, 2.000000000000000000 ) ) ;
#2808 = CIRCLE ( 'NONE', #1520, 10.00000000000000178 ) ;
#2809 = CARTESIAN_POINT ( 'NONE',  ( 13.17855537842651614, -4.000000000000000000, -12.00000000000000000 ) ) ;
#2810 = CARTESIAN_POINT ( 'NONE',  ( 14.00000000000000000, 3.999999999999992450, 7.000000000000000888 ) ) ;
#2811 = AXIS2_PLACEMENT_3D ( 'NONE', #1644, #2738, #2508 ) ;
#2812 = CARTESIAN_POINT ( 'NONE',  ( 0.000000000000000000, 3.999999999999991562, 7.625000000000004441 ) ) ;
#2813 = PLANE ( 'NONE',  #1070 ) ;
#2814 = COLOUR_RGB ( '',0.7921568627450980005, 0.8196078431372548767, 0.9333333333333333481 ) ;
#2815 = VERTEX_POINT ( 'NONE', #1655 ) ;
#2816 = FACE_OUTER_BOUND ( 'NONE', #819, .T. ) ;
#2817 = ORIENTED_EDGE ( 'NONE', *, *, #95, .F. ) ;
#2818 = CARTESIAN_POINT ( 'NONE',  ( 13.19547584115702854, -5.595718089601602330, -12.49521009249060199 ) ) ;
#2819 = CARTESIAN_POINT ( 'NONE',  ( 0.000000000000000000, 0.000000000000000000, -12.00000000000000000 ) ) ;
#2820 = VERTEX_POINT ( 'NONE', #1440 ) ;
#2821 = CARTESIAN_POINT ( 'NONE',  ( 12.95026217503931498, 4.374992390139921028, -12.48411938279328659 ) ) ;
#2822 = FACE_OUTER_BOUND ( 'NONE', #677, .T. ) ;
#2823 = ORIENTED_EDGE ( 'NONE', *, *, #2460, .F. ) ;
#2824 = EDGE_CURVE ( 'NONE', #2591, #514, #2107, .T. ) ;
#2825 = AXIS2_PLACEMENT_3D ( 'NONE', #2208, #689, #1354 ) ;
#2826 = DIRECTION ( 'NONE',  ( -0.000000000000000000, -0.000000000000000000, 1.000000000000000000 ) ) ;
#2827 = CARTESIAN_POINT ( 'NONE',  ( 12.80452415884297679, 5.595718089601604106, -12.49521009249052383 ) ) ;
#2828 = ORIENTED_EDGE ( 'NONE', *, *, #1942, .T. ) ;
#2829 = CARTESIAN_POINT ( 'NONE',  ( 12.48461179679778077, 4.000000000000005329, -12.50000000000000000 ) ) ;
#2830 = EDGE_CURVE ( 'NONE', #1662, #2763, #1916, .T. ) ;
#2831 = EDGE_CURVE ( 'NONE', #2737, #362, #527, .T. ) ;
#2832 = VERTEX_POINT ( 'NONE', #1613 ) ;
#2833 = CARTESIAN_POINT ( 'NONE',  ( 12.95026217503960453, -5.625007609860101176, -12.48411938279328837 ) ) ;
#2834 = LINE ( 'NONE', #217, #990 ) ;
#2835 = B_SPLINE_CURVE_WITH_KNOTS ( 'NONE', 3,
 ( #902, #2306, #1411, #543, #1626, #324 ),
 .UNSPECIFIED., .F., .F.,
 ( 4, 2, 4 ),
 ( 0.000000000000000000, 0.0004098509389352279222, 0.0008197018778704558443 ),
 .UNSPECIFIED. ) ;
#2836 = VERTEX_POINT ( 'NONE', #2491 ) ;
#2837 = AXIS2_PLACEMENT_3D ( 'NONE', #1063, #2844, #1949 ) ;
#2838 = DIRECTION ( 'NONE',  ( 0.000000000000000000, 0.000000000000000000, -1.000000000000000000 ) ) ;
#2839 = EDGE_CURVE ( 'NONE', #2569, #849, #2718, .T. ) ;
#2840 = VECTOR ( 'NONE', #122, 1000.000000000000000 ) ;
#2841 = CARTESIAN_POINT ( 'NONE',  ( 13.05769514526351749, -4.374989958663632272, -12.09683330445575677 ) ) ;
#2842 = APPLICATION_PROTOCOL_DEFINITION ( 'draft international standard', 'automotive_design', 1998, #2175 ) ;
#2843 = CIRCLE ( 'NONE', #165, 10.00000000000000178 ) ;
#2844 = DIRECTION ( 'NONE',  ( 1.000000000000000000, 0.000000000000000000, 0.000000000000000000 ) ) ;
#2845 = CARTESIAN_POINT ( 'NONE',  ( 0.000000000000000000, 0.000000000000000000, 2.000000000000003553 ) ) ;
#2846 = AXIS2_PLACEMENT_3D ( 'NONE', #773, #817, #1901 ) ;
#2847 = CARTESIAN_POINT ( 'NONE',  ( 13.00000000000000178, 4.999999999999999112, -12.00000000000000000 ) ) ;
#2848 = EDGE_LOOP ( 'NONE', ( #2187, #584, #1935, #1875 ) ) ;
#2849 = CARTESIAN_POINT ( 'NONE',  ( 14.50000000000000000, -6.000011999999999901, 7.000000000000002665 ) ) ;
#2850 = VERTEX_POINT ( 'NONE', #512 ) ;
#2851 = CARTESIAN_POINT ( 'NONE',  ( 12.71367322044321213, 4.444444444444446418, -12.50000000000000000 ) ) ;
#2852 = EDGE_CURVE ( 'NONE', #502, #424, #1933, .T. ) ;
ENDSEC;
END-ISO-10303-21;
