ISO-10303-21;
HEADER;
FILE_DESCRIPTION (( 'STEP AP214' ),
    '1' );
FILE_NAME ('P001-B100_SquareDynamo_Rev2D-14.STEP',
    '2026-05-14T23:07:44',
    ( '' ),
    ( '' ),
    'SwSTEP 2.0',
    'SolidWorks 2026',
    '' );
FILE_SCHEMA (( 'AUTOMOTIVE_DESIGN' ));
ENDSEC;

DATA;
#1 = DIRECTION ( 'NONE',  ( -1.927470528863119295E-16, 0.000000000000000000, 1.000000000000000000 ) ) ;
#2 = LINE ( 'NONE', #3134, #1748 ) ;
#3 = CARTESIAN_POINT ( 'NONE',  ( 13.09964470415250837, 4.374999327666582616, -12.48412260580361632 ) ) ;
#4 = VECTOR ( 'NONE', #2448, 1000.000000000000000 ) ;
#5 = DIRECTION ( 'NONE',  ( 0.000000000000000000, 0.000000000000000000, 1.000000000000000000 ) ) ;
#6 = VERTEX_POINT ( 'NONE', #1995 ) ;
#7 = CARTESIAN_POINT ( 'NONE',  ( 13.35116257261875283, 6.000000000000005329, -12.00000000000000000 ) ) ;
#8 = EDGE_LOOP ( 'NONE', ( #2952, #1723, #581, #1546 ) ) ;
#9 = DIRECTION ( 'NONE',  ( 1.000000000000000000, 0.000000000000000000, 0.000000000000000000 ) ) ;
#10 = DIRECTION ( 'NONE',  ( 1.000000000000000000, 0.000000000000000000, 0.000000000000000000 ) ) ;
#11 = CARTESIAN_POINT ( 'NONE',  ( 12.78328937591795089, -4.410979047675050779, -12.06013317164534904 ) ) ;
#12 = EDGE_CURVE ( 'NONE', #3254, #1011, #2261, .T. ) ;
#13 = ORIENTED_EDGE ( 'NONE', *, *, #555, .T. ) ;
#14 = CARTESIAN_POINT ( 'NONE',  ( 14.00000000000000000, -5.000000000000000000, 6.500000000000000888 ) ) ;
#15 = FACE_OUTER_BOUND ( 'NONE', #1983, .T. ) ;
#16 = CARTESIAN_POINT ( 'NONE',  ( 14.50000000000000000, -5.000000000000000000, 6.000000000000001776 ) ) ;
#17 = CIRCLE ( 'NONE', #1160, 9.500000000000000000 ) ;
#18 = ADVANCED_FACE ( 'NONE', ( #2222 ), #783, .F. ) ;
#19 = EDGE_CURVE ( 'NONE', #3232, #2315, #2711, .T. ) ;
#20 = ORIENTED_EDGE ( 'NONE', *, *, #514, .F. ) ;
#21 = TOROIDAL_SURFACE ( 'NONE', #921, 1.224999999999999867, 0.5000000000000000000 ) ;
#22 = AXIS2_PLACEMENT_3D ( 'NONE', #38, #3165, #2105 ) ;
#23 = CARTESIAN_POINT ( 'NONE',  ( 16.00000000000000000, -4.000000000000000000, -9.500000000000000000 ) ) ;
#24 = ORIENTED_EDGE ( 'NONE', *, *, #1195, .F. ) ;
#25 = DIRECTION ( 'NONE',  ( -0.000000000000000000, 0.000000000000000000, 1.000000000000000000 ) ) ;
#26 = CARTESIAN_POINT ( 'NONE',  ( -14.00000000000000000, -4.000000000000002665, 6.000000000000000000 ) ) ;
#27 = DIRECTION ( 'NONE',  ( 0.000000000000000000, -1.000000000000000000, -4.003208021484940018E-16 ) ) ;
#28 = ORIENTED_EDGE ( 'NONE', *, *, #1885, .T. ) ;
#29 = ORIENTED_EDGE ( 'NONE', *, *, #1773, .T. ) ;
#30 = CARTESIAN_POINT ( 'NONE',  ( -13.00000000000000178, 5.000000000000000000, -9.500000000000000000 ) ) ;
#31 = EDGE_LOOP ( 'NONE', ( #2714, #2411, #502, #2215 ) ) ;
#32 = ORIENTED_EDGE ( 'NONE', *, *, #930, .F. ) ;
#33 = DIRECTION ( 'NONE',  ( -0.000000000000000000, -0.000000000000000000, -1.000000000000000000 ) ) ;
#34 = LINE ( 'NONE', #791, #286 ) ;
#35 = EDGE_LOOP ( 'NONE', ( #2208, #1420, #3290, #1279 ) ) ;
#36 = FACE_OUTER_BOUND ( 'NONE', #3112, .T. ) ;
#37 = CARTESIAN_POINT ( 'NONE',  ( -9.375000000000001776, 8.000000000000000000, 0.5000000000000051070 ) ) ;
#38 = CARTESIAN_POINT ( 'NONE',  ( -13.00000000000000178, 5.000000000000000000, -9.500000000000000000 ) ) ;
#39 = CARTESIAN_POINT ( 'NONE',  ( 0.000000000000000000, 0.000000000000000000, -14.00000000000000000 ) ) ;
#40 = CARTESIAN_POINT ( 'NONE',  ( -13.40000000000000036, 5.893756468206733601, -11.94704298555796385 ) ) ;
#41 = ORIENTED_EDGE ( 'NONE', *, *, #658, .F. ) ;
#42 = DIRECTION ( 'NONE',  ( -0.000000000000000000, -0.000000000000000000, -1.000000000000000000 ) ) ;
#43 = EDGE_CURVE ( 'NONE', #2364, #594, #486, .T. ) ;
#44 = EDGE_CURVE ( 'NONE', #629, #2026, #1547, .T. ) ;
#45 = DIRECTION ( 'NONE',  ( -0.000000000000000000, -0.000000000000000000, -1.000000000000000000 ) ) ;
#46 = CARTESIAN_POINT ( 'NONE',  ( 14.50000000000000355, -6.000000000000000000, -12.00000000000000178 ) ) ;
#47 = ADVANCED_FACE ( 'NONE', ( #1715 ), #442, .T. ) ;
#48 = CARTESIAN_POINT ( 'NONE',  ( 0.000000000000000000, 0.000000000000000000, 1.000000000000000000 ) ) ;
#49 = ORIENTED_EDGE ( 'NONE', *, *, #994, .F. ) ;
#50 = CARTESIAN_POINT ( 'NONE',  ( 12.95007110921615379, 5.624992375537439138, -12.48412646054509878 ) ) ;
#51 = ORIENTED_EDGE ( 'NONE', *, *, #2621, .T. ) ;
#52 = AXIS2_PLACEMENT_3D ( 'NONE', #1045, #985, #1284 ) ;
#53 = CARTESIAN_POINT ( 'NONE',  ( -12.60000000000000142, -6.000000000000000000, -9.500000000000000000 ) ) ;
#54 = CARTESIAN_POINT ( 'NONE',  ( 9.708243919473801498, 4.000000000000003553, -12.00000000000000000 ) ) ;
#55 = ORIENTED_EDGE ( 'NONE', *, *, #710, .T. ) ;
#56 = VECTOR ( 'NONE', #2623, 1000.000000000000000 ) ;
#57 = CARTESIAN_POINT ( 'NONE',  ( 13.09965313810788423, -4.375000672361868403, -12.48412323076150621 ) ) ;
#58 = DIRECTION ( 'NONE',  ( 1.000000000000000000, 0.000000000000000000, 0.000000000000000000 ) ) ;
#59 = AXIS2_PLACEMENT_3D ( 'NONE', #1052, #548, #1873 ) ;
#60 = ORIENTED_EDGE ( 'NONE', *, *, #1100, .T. ) ;
#61 = ORIENTED_EDGE ( 'NONE', *, *, #2288, .T. ) ;
#62 = CARTESIAN_POINT ( 'NONE',  ( -13.40000000000000036, 6.000000000000000000, -6.587956044287794910 ) ) ;
#63 = DIRECTION ( 'NONE',  ( 0.000000000000000000, 1.000000000000000000, 8.673617379884027583E-16 ) ) ;
#64 = AXIS2_PLACEMENT_3D ( 'NONE', #1335, #2375, #1095 ) ;
#65 = EDGE_CURVE ( 'NONE', #72, #638, #2106, .T. ) ;
#66 = VECTOR ( 'NONE', #1758, 1000.000000000000000 ) ;
#67 = CARTESIAN_POINT ( 'NONE',  ( 12.74002649371396778, 5.569137843276323885, -12.03492545813877612 ) ) ;
#68 = EDGE_CURVE ( 'NONE', #594, #2497, #2048, .T. ) ;
#69 = CIRCLE ( 'NONE', #1906, 0.7249999999999999778 ) ;
#70 = CARTESIAN_POINT ( 'NONE',  ( 3.469446951953614189E-15, -8.673617379884035472E-16, -12.00000000000000000 ) ) ;
#71 = ORIENTED_EDGE ( 'NONE', *, *, #481, .T. ) ;
#72 = VERTEX_POINT ( 'NONE', #1010 ) ;
#73 = CARTESIAN_POINT ( 'NONE',  ( 0.000000000000000000, 0.000000000000000000, 1.000000000000000000 ) ) ;
#74 = ORIENTED_EDGE ( 'NONE', *, *, #2371, .T. ) ;
#75 = ORIENTED_EDGE ( 'NONE', *, *, #236, .F. ) ;
#76 = DIRECTION ( 'NONE',  ( 0.000000000000000000, -1.000000000000000000, -4.003208021484940511E-16 ) ) ;
#77 = DIRECTION ( 'NONE',  ( 1.000000000000000000, -0.000000000000000000, -1.156482317317869161E-15 ) ) ;
#78 = DIRECTION ( 'NONE',  ( -0.000000000000000000, -0.000000000000000000, -1.000000000000000000 ) ) ;
#79 = CARTESIAN_POINT ( 'NONE',  ( 9.165151389911681434, 3.999999999999998224, 0.5000000000000002220 ) ) ;
#80 = CARTESIAN_POINT ( 'NONE',  ( -13.40000000000000036, 6.000000000000000000, -11.97760418287103157 ) ) ;
#81 = ORIENTED_EDGE ( 'NONE', *, *, #2715, .T. ) ;
#82 = LINE ( 'NONE', #600, #2496 ) ;
#83 = CARTESIAN_POINT ( 'NONE',  ( -13.00000000000000178, 5.000000000000000000, -11.50000000000000000 ) ) ;
#84 = CIRCLE ( 'NONE', #505, 0.5000000000000001110 ) ;
#85 = CARTESIAN_POINT ( 'NONE',  ( 13.24263963521533682, -5.578071394380722303, -12.49999993464115988 ) ) ;
#86 = CIRCLE ( 'NONE', #818, 0.6250000000000005551 ) ;
#87 = DIRECTION ( 'NONE',  ( 0.000000000000000000, -0.000000000000000000, -1.000000000000000000 ) ) ;
#88 = ORIENTED_EDGE ( 'NONE', *, *, #3168, .T. ) ;
#89 = EDGE_CURVE ( 'NONE', #1761, #1992, #1191, .T. ) ;
#90 = ADVANCED_FACE ( 'NONE', ( #2059 ), #1800, .F. ) ;
#91 = CARTESIAN_POINT ( 'NONE',  ( -9.000000000000001776, 6.000000000000005329, -12.00000000000000000 ) ) ;
#92 = ORIENTED_EDGE ( 'NONE', *, *, #1517, .F. ) ;
#93 = CARTESIAN_POINT ( 'NONE',  ( 16.00000000000000000, 6.000000000000005329, -11.99999999999999645 ) ) ;
#94 = DIRECTION ( 'NONE',  ( -0.000000000000000000, 1.000000000000000000, -0.000000000000000000 ) ) ;
#95 = DIRECTION ( 'NONE',  ( -0.000000000000000000, -1.000000000000000000, -0.000000000000000000 ) ) ;
#96 = ADVANCED_FACE ( 'NONE', ( #2861 ), #2794, .F. ) ;
#97 = B_SPLINE_CURVE_WITH_KNOTS ( 'NONE', 3,
 ( #203, #479, #3327, #696, #3314, #3298 ),
 .UNSPECIFIED., .F., .F.,
 ( 4, 2, 4 ),
 ( 0.000000000000000000, 0.0004098509389352275427, 0.0008197018778704550854 ),
 .UNSPECIFIED. ) ;
#98 = DIRECTION ( 'NONE',  ( -1.000000000000000000, 0.000000000000000000, 0.000000000000000000 ) ) ;
#99 = VERTEX_POINT ( 'NONE', #1479 ) ;
#100 = LINE ( 'NONE', #3187, #1256 ) ;
#101 = DIRECTION ( 'NONE',  ( 0.000000000000000000, -1.000000000000000000, 0.000000000000000000 ) ) ;
#102 = CARTESIAN_POINT ( 'NONE',  ( -12.60000000000000142, 4.395330668877608815, -9.500000000000000000 ) ) ;
#103 = CARTESIAN_POINT ( 'NONE',  ( 13.04992889078376805, -5.624992375537439138, -12.48412646054517694 ) ) ;
#104 = FACE_OUTER_BOUND ( 'NONE', #2616, .T. ) ;
#105 = ORIENTED_EDGE ( 'NONE', *, *, #1384, .F. ) ;
#106 = DIRECTION ( 'NONE',  ( -0.000000000000000000, 0.000000000000000000, 1.000000000000000000 ) ) ;
#107 = LINE ( 'NONE', #102, #949 ) ;
#108 = CARTESIAN_POINT ( 'NONE',  ( 13.00000000000000178, -5.000000000000000000, -14.00000000000000000 ) ) ;
#109 = VECTOR ( 'NONE', #3302, 1000.000000000000000 ) ;
#110 = LINE ( 'NONE', #1921, #3032 ) ;
#111 = EDGE_LOOP ( 'NONE', ( #1888, #3167, #3338, #3339, #2533, #1813, #1863, #404, #636 ) ) ;
#112 = EDGE_CURVE ( 'NONE', #205, #1678, #2957, .T. ) ;
#113 = ORIENTED_EDGE ( 'NONE', *, *, #340, .T. ) ;
#114 = LINE ( 'NONE', #1662, #2000 ) ;
#115 = ORIENTED_EDGE ( 'NONE', *, *, #199, .T. ) ;
#116 = EDGE_CURVE ( 'NONE', #420, #311, #1147, .T. ) ;
#117 = VECTOR ( 'NONE', #889, 1000.000000000000000 ) ;
#118 = CARTESIAN_POINT ( 'NONE',  ( -13.40000000000000036, -5.604669331121840514, -11.50000000000150457 ) ) ;
#119 = CARTESIAN_POINT ( 'NONE',  ( 11.00000000000000000, 8.000000000000000000, 8.000000000000000000 ) ) ;
#120 = CARTESIAN_POINT ( 'NONE',  ( 13.00000000000000178, 5.000000000000000000, -12.50000000000000000 ) ) ;
#121 = DIRECTION ( 'NONE',  ( 0.000000000000000000, -0.000000000000000000, -1.000000000000000000 ) ) ;
#122 = AXIS2_PLACEMENT_3D ( 'NONE', #3299, #2796, #3056 ) ;
#123 = VECTOR ( 'NONE', #2255, 1000.000000000000000 ) ;
#124 = ORIENTED_EDGE ( 'NONE', *, *, #305, .F. ) ;
#125 = LINE ( 'NONE', #910, #617 ) ;
#126 = CARTESIAN_POINT ( 'NONE',  ( 1.075000000000000400, 1.316495309083405357E-16, -13.60000000000000142 ) ) ;
#127 = CARTESIAN_POINT ( 'NONE',  ( 9.000000000000001776, 8.000000000000000000, 5.087410193970443761E-15 ) ) ;
#128 = VERTEX_POINT ( 'NONE', #2967 ) ;
#129 = CIRCLE ( 'NONE', #178, 0.6250000000000003331 ) ;
#130 = PLANE ( 'NONE',  #2232 ) ;
#131 = EDGE_CURVE ( 'NONE', #1428, #507, #2164, .T. ) ;
#132 = ORIENTED_EDGE ( 'NONE', *, *, #147, .T. ) ;
#133 = DIRECTION ( 'NONE',  ( -1.000000000000000000, -0.000000000000000000, -0.000000000000000000 ) ) ;
#134 = DIRECTION ( 'NONE',  ( -1.000000000000000000, 0.000000000000000000, 0.000000000000000000 ) ) ;
#135 = ORIENTED_EDGE ( 'NONE', *, *, #2633, .T. ) ;
#136 = PLANE ( 'NONE',  #2443 ) ;
#137 = EDGE_CURVE ( 'NONE', #1111, #2064, #1114, .T. ) ;
#138 = CARTESIAN_POINT ( 'NONE',  ( 13.51538820320221745, 4.000000000000003553, -12.00000000000000000 ) ) ;
#139 = ORIENTED_EDGE ( 'NONE', *, *, #3000, .F. ) ;
#140 = CARTESIAN_POINT ( 'NONE',  ( 12.91047191507054670, -6.000000000000000000, -12.00000000000000000 ) ) ;
#141 = CIRCLE ( 'NONE', #1213, 1.800000000000000044 ) ;
#142 = CARTESIAN_POINT ( 'NONE',  ( -13.00000000000000178, 5.000000000000000000, -11.50000000000000000 ) ) ;
#143 = TOROIDAL_SURFACE ( 'NONE', #1041, 1.125000000000000666, 0.5000000000000000000 ) ;
#144 = ORIENTED_EDGE ( 'NONE', *, *, #603, .F. ) ;
#145 = CARTESIAN_POINT ( 'NONE',  ( 14.00000000000000000, -5.000000000000000000, 6.000000000000000000 ) ) ;
#146 = CARTESIAN_POINT ( 'NONE',  ( 0.000000000000000000, 0.000000000000000000, -14.00000000000000000 ) ) ;
#147 = EDGE_CURVE ( 'NONE', #2689, #2614, #1008, .T. ) ;
#148 = PLANE ( 'NONE',  #698 ) ;
#149 = DIRECTION ( 'NONE',  ( -0.000000000000000000, 0.000000000000000000, 1.000000000000000000 ) ) ;
#150 = ORIENTED_EDGE ( 'NONE', *, *, #3284, .F. ) ;
#151 = ORIENTED_EDGE ( 'NONE', *, *, #2426, .F. ) ;
#152 = EDGE_CURVE ( 'NONE', #1744, #646, #606, .T. ) ;
#153 = ORIENTED_EDGE ( 'NONE', *, *, #607, .T. ) ;
#154 = EDGE_CURVE ( 'NONE', #2431, #3103, #1127, .T. ) ;
#155 = VERTEX_POINT ( 'NONE', #2931 ) ;
#156 = CARTESIAN_POINT ( 'NONE',  ( 0.000000000000000000, 0.000000000000000000, 0.5000000000000000000 ) ) ;
#157 = DIRECTION ( 'NONE',  ( 0.000000000000000000, -1.000000000000000000, 0.000000000000000000 ) ) ;
#158 = CARTESIAN_POINT ( 'NONE',  ( 13.17855537842659075, -4.000000000000000000, -12.00000000000000000 ) ) ;
#159 = CARTESIAN_POINT ( 'NONE',  ( 0.000000000000000000, 5.999999999999996447, 6.625000000000004441 ) ) ;
#160 = VERTEX_POINT ( 'NONE', #622 ) ;
#161 = FACE_OUTER_BOUND ( 'NONE', #1452, .T. ) ;
#162 = ORIENTED_EDGE ( 'NONE', *, *, #2050, .T. ) ;
#163 = AXIS2_PLACEMENT_3D ( 'NONE', #667, #1441, #2488 ) ;
#164 = ORIENTED_EDGE ( 'NONE', *, *, #834, .F. ) ;
#165 = VECTOR ( 'NONE', #570, 1000.000000000000000 ) ;
#166 = FACE_OUTER_BOUND ( 'NONE', #1469, .T. ) ;
#167 = CARTESIAN_POINT ( 'NONE',  ( -13.40000000000000036, -6.000000000000000000, -9.500000000000000000 ) ) ;
#168 = CIRCLE ( 'NONE', #2706, 0.3999999999999993006 ) ;
#169 = ORIENTED_EDGE ( 'NONE', *, *, #3163, .T. ) ;
#170 = CIRCLE ( 'NONE', #3132, 10.00000000000000000 ) ;
#171 = DIRECTION ( 'NONE',  ( -0.000000000000000000, 1.000000000000000000, -0.000000000000000000 ) ) ;
#172 = EDGE_CURVE ( 'NONE', #3081, #2060, #1647, .T. ) ;
#173 = CARTESIAN_POINT ( 'NONE',  ( -12.60000000000000142, -4.000000000000000000, -11.97760418287102979 ) ) ;
#174 = ORIENTED_EDGE ( 'NONE', *, *, #2132, .F. ) ;
#175 = CARTESIAN_POINT ( 'NONE',  ( -16.00000000000000000, 4.000000000000003553, -11.99999999999999822 ) ) ;
#176 = CIRCLE ( 'NONE', #3140, 0.6250000000000005551 ) ;
#177 = ORIENTED_EDGE ( 'NONE', *, *, #1709, .F. ) ;
#178 = AXIS2_PLACEMENT_3D ( 'NONE', #1443, #2490, #2478 ) ;
#179 = CARTESIAN_POINT ( 'NONE',  ( -9.000000000000007105, 7.806255641895658746E-15, 1.000000000000000000 ) ) ;
#180 = ORIENTED_EDGE ( 'NONE', *, *, #1731, .F. ) ;
#181 = VERTEX_POINT ( 'NONE', #1409 ) ;
#182 = DIRECTION ( 'NONE',  ( 1.000000000000000000, 0.000000000000000000, 0.000000000000000000 ) ) ;
#183 = AXIS2_PLACEMENT_3D ( 'NONE', #156, #106, #896 ) ;
#184 = VERTEX_POINT ( 'NONE', #2459 ) ;
#185 = DIRECTION ( 'NONE',  ( 0.000000000000000000, 4.003208021484939524E-16, -1.000000000000000000 ) ) ;
#186 = VECTOR ( 'NONE', #2561, 1000.000000000000000 ) ;
#187 = DIRECTION ( 'NONE',  ( -0.000000000000000000, -0.000000000000000000, -1.000000000000000000 ) ) ;
#188 = EDGE_CURVE ( 'NONE', #1283, #2592, #649, .T. ) ;
#189 = CARTESIAN_POINT ( 'NONE',  ( -12.59999999999999964, -4.383709730445564112, -11.61166047777214771 ) ) ;
#190 = LINE ( 'NONE', #492, #1091 ) ;
#191 = CARTESIAN_POINT ( 'NONE',  ( -13.00000000000000178, 5.000000000000000000, -12.00000000000000000 ) ) ;
#192 = EDGE_LOOP ( 'NONE', ( #1141, #931, #1927, #1393 ) ) ;
#193 = CARTESIAN_POINT ( 'NONE',  ( 11.00000000000000000, 8.000000000000000000, 8.000000000000000000 ) ) ;
#194 = CARTESIAN_POINT ( 'NONE',  ( 12.48461179679885191, -6.000000000000000000, -12.00000000000000000 ) ) ;
#195 = FACE_OUTER_BOUND ( 'NONE', #2239, .T. ) ;
#196 = ORIENTED_EDGE ( 'NONE', *, *, #1066, .F. ) ;
#197 = CARTESIAN_POINT ( 'NONE',  ( 13.24235702543946047, -4.421782951874673628, -12.49999993682089183 ) ) ;
#198 = ORIENTED_EDGE ( 'NONE', *, *, #2895, .T. ) ;
#199 = EDGE_CURVE ( 'NONE', #311, #155, #2305, .T. ) ;
#200 = ORIENTED_EDGE ( 'NONE', *, *, #2919, .T. ) ;
#201 = CARTESIAN_POINT ( 'NONE',  ( 11.00000000000000000, -6.000000000000000000, -12.00000000000000000 ) ) ;
#202 = CARTESIAN_POINT ( 'NONE',  ( -12.60000000000000142, -5.796138430328795721, -11.88598328173580398 ) ) ;
#203 = CARTESIAN_POINT ( 'NONE',  ( -8.616843969807042924, -4.000000000000001776, 1.000000000000000000 ) ) ;
#204 = ADVANCED_FACE ( 'NONE', ( #2786 ), #1832, .T. ) ;
#205 = VERTEX_POINT ( 'NONE', #3058 ) ;
#206 = CARTESIAN_POINT ( 'NONE',  ( 14.00000000000000000, -5.000000000000000000, 6.500000000000000888 ) ) ;
#207 = DIRECTION ( 'NONE',  ( -1.000000000000000000, 0.000000000000000000, 0.000000000000000000 ) ) ;
#208 = DIRECTION ( 'NONE',  ( -0.000000000000000000, 0.000000000000000000, 1.000000000000000000 ) ) ;
#209 = CARTESIAN_POINT ( 'NONE',  ( -14.00000000000000000, 3.999999999999996447, 6.000000000000000000 ) ) ;
#210 = EDGE_CURVE ( 'NONE', #1661, #2358, #898, .T. ) ;
#211 = VERTEX_POINT ( 'NONE', #483 ) ;
#212 = TOROIDAL_SURFACE ( 'NONE', #1491, 1.125000000000000666, 0.5000000000000000000 ) ;
#213 = ORIENTED_EDGE ( 'NONE', *, *, #1528, .F. ) ;
#214 = CARTESIAN_POINT ( 'NONE',  ( 9.165151389911679658, 4.000000000000000000, 0.000000000000000000 ) ) ;
#215 = LINE ( 'NONE', #2298, #1616 ) ;
#216 = CIRCLE ( 'NONE', #1009, 1.475000000000000311 ) ;
#217 = ORIENTED_EDGE ( 'NONE', *, *, #2895, .F. ) ;
#218 = ORIENTED_EDGE ( 'NONE', *, *, #2919, .F. ) ;
#219 = DIRECTION ( 'NONE',  ( -0.000000000000000000, -5.337610695313252371E-16, 1.000000000000000000 ) ) ;
#220 = LINE ( 'NONE', #3324, #186 ) ;
#221 = VECTOR ( 'NONE', #2054, 1000.000000000000000 ) ;
#222 = DIRECTION ( 'NONE',  ( 0.000000000000000000, 0.000000000000000000, -1.000000000000000000 ) ) ;
#223 = DIRECTION ( 'NONE',  ( -0.000000000000000000, -0.000000000000000000, 1.000000000000000000 ) ) ;
#224 = VECTOR ( 'NONE', #3276, 1000.000000000000000 ) ;
#225 = VERTEX_POINT ( 'NONE', #2320 ) ;
#226 = PRODUCT_DEFINITION_CONTEXT ( 'detailed design', #1416, 'design' ) ;
#227 = FACE_OUTER_BOUND ( 'NONE', #2846, .T. ) ;
#228 = DIRECTION ( 'NONE',  ( -0.000000000000000000, -0.000000000000000000, 1.000000000000000000 ) ) ;
#229 = CARTESIAN_POINT ( 'NONE',  ( 12.48461179679778610, 4.000000000000003553, -12.00000000000000000 ) ) ;
#230 = VECTOR ( 'NONE', #545, 1000.000000000000000 ) ;
#231 = EDGE_CURVE ( 'NONE', #1212, #1196, #2964, .T. ) ;
#232 = FACE_OUTER_BOUND ( 'NONE', #8, .T. ) ;
#233 = ORIENTED_EDGE ( 'NONE', *, *, #680, .F. ) ;
#234 = AXIS2_PLACEMENT_3D ( 'NONE', #39, #2419, #98 ) ;
#235 = ADVANCED_FACE ( 'NONE', ( #227 ), #1021, .T. ) ;
#236 = EDGE_CURVE ( 'NONE', #1663, #211, #1830, .T. ) ;
#237 = CARTESIAN_POINT ( 'NONE',  ( -11.00000000000000000, 10.99999999999999822, -12.00000000000000000 ) ) ;
#238 = CARTESIAN_POINT ( 'NONE',  ( 13.00000000000000178, -5.000000000000000000, -12.50000000000000000 ) ) ;
#239 = ORIENTED_EDGE ( 'NONE', *, *, #1250, .T. ) ;
#240 = VERTEX_POINT ( 'NONE', #264 ) ;
#241 = CARTESIAN_POINT ( 'NONE',  ( -9.708243919473794392, -4.000000000000005329, 29.69848480983499783 ) ) ;
#242 = AXIS2_PLACEMENT_3D ( 'NONE', #1716, #290, #3102 ) ;
#243 = VECTOR ( 'NONE', #976, 1000.000000000000000 ) ;
#244 = CARTESIAN_POINT ( 'NONE',  ( 8.892692719212003993, -4.000000000000000888, 0.9517436242456682738 ) ) ;
#245 = FACE_OUTER_BOUND ( 'NONE', #1879, .T. ) ;
#246 = ORIENTED_EDGE ( 'NONE', *, *, #2079, .F. ) ;
#247 = CIRCLE ( 'NONE', #2626, 2.000000000000000000 ) ;
#248 = EDGE_CURVE ( 'NONE', #2539, #1761, #329, .T. ) ;
#249 = CARTESIAN_POINT ( 'NONE',  ( 3.469446951953614189E-15, -8.673617379884035472E-16, 29.69848480983499783 ) ) ;
#250 = CARTESIAN_POINT ( 'NONE',  ( -16.00000000000000000, 6.000000000000005329, -11.99999999999999645 ) ) ;
#251 = CARTESIAN_POINT ( 'NONE',  ( 13.04992889078355134, 4.375007624462537770, -12.48412646054509700 ) ) ;
#252 = ORIENTED_EDGE ( 'NONE', *, *, #3143, .F. ) ;
#253 = CYLINDRICAL_SURFACE ( 'NONE', #1895, 1.800000000000000044 ) ;
#254 = CARTESIAN_POINT ( 'NONE',  ( -12.60000000000000142, 4.000000000000000000, -11.97760418287920814 ) ) ;
#255 = EDGE_CURVE ( 'NONE', #2026, #2034, #1106, .T. ) ;
#256 = VERTEX_POINT ( 'NONE', #1775 ) ;
#257 = ORIENTED_EDGE ( 'NONE', *, *, #435, .F. ) ;
#258 = PLANE ( 'NONE',  #1557 ) ;
#259 = FACE_OUTER_BOUND ( 'NONE', #1828, .T. ) ;
#260 = EDGE_CURVE ( 'NONE', #1096, #99, #2538, .T. ) ;
#261 = CARTESIAN_POINT ( 'NONE',  ( -9.165151389911681434, 3.999999999999998224, 0.5000000000000002220 ) ) ;
#262 = CARTESIAN_POINT ( 'NONE',  ( 11.00000000000000000, -6.000000000000000000, 1.000000000000000000 ) ) ;
#263 = ORIENTED_EDGE ( 'NONE', *, *, #644, .T. ) ;
#264 = CARTESIAN_POINT ( 'NONE',  ( -13.40000000000000036, -4.000000000000000000, -11.97760418287102802 ) ) ;
#265 = DIRECTION ( 'NONE',  ( 0.000000000000000000, -0.000000000000000000, -1.000000000000000000 ) ) ;
#266 =( BOUNDED_SURFACE ( )  B_SPLINE_SURFACE ( 3, 2, ( 
 ( #2396, #1099, #2136 ),
 ( #826, #2337, #2414 ),
 ( #841, #11, #1878 ),
 ( #2904, #591, #1899 ),
 ( #3007, #961, #2250 ),
 ( #1736, #2014, #981 ),
 ( #2030, #1767, #158 ),
 ( #3249, #2246, #1725 ),
 ( #197, #499, #1515 ),
 ( #719, #951, #451 ) ),
 .UNSPECIFIED., .F., .F., .F. ) 
 B_SPLINE_SURFACE_WITH_KNOTS ( ( 4, 2, 2, 2, 4 ),
 ( 3, 3 ),
 ( 0.0009762313280152807747, 0.001244594175610834160, 0.001512957023206387653, 0.001781319870801940930, 0.002049682718397494424 ),
 ( 0.000000000000000000, 1.000000000000000000 ),
 .UNSPECIFIED. ) 
 GEOMETRIC_REPRESENTATION_ITEM ( )  RATIONAL_B_SPLINE_SURFACE ( (
 ( 1.000000000000000000, 0.7071067811865476838, 1.000000000000000000),
 ( 1.000000000000000000, 0.7326832777473437641, 1.000000000000000000),
 ( 1.000000000000000000, 0.7541354686266060758, 1.000000000000000000),
 ( 1.000000000000000000, 0.7830305961667348713, 1.000000000000000000),
 ( 1.000000000000000000, 0.7905597741719947447, 1.000000000000000000),
 ( 1.000000000000000000, 0.7905790374413830257, 1.000000000000000000),
 ( 1.000000000000000000, 0.7829511399769206736, 1.000000000000000000),
 ( 1.000000000000000000, 0.7542579395998973979, 1.000000000000000000),
 ( 1.000000000000000000, 0.7328473795395621382, 1.000000000000000000),
 ( 1.000000000000000000, 0.7071067811865487940, 1.000000000000000000) ) ) 
 REPRESENTATION_ITEM ( '' )  SURFACE ( )  );
#267 = VERTEX_POINT ( 'NONE', #3093 ) ;
#268 = CARTESIAN_POINT ( 'NONE',  ( -13.00000000000000178, 5.000000000000000000, -11.50000000000000000 ) ) ;
#269 = DIRECTION ( 'NONE',  ( 1.000000000000000000, 0.000000000000000000, 0.000000000000000000 ) ) ;
#270 = VECTOR ( 'NONE', #1103, 1000.000000000000000 ) ;
#271 = CARTESIAN_POINT ( 'NONE',  ( -16.00000000000000000, -4.000000000000000000, -12.00000000000000000 ) ) ;
#272 = VERTEX_POINT ( 'NONE', #495 ) ;
#273 = EDGE_LOOP ( 'NONE', ( #1267, #2535, #697, #2365 ) ) ;
#274 = CARTESIAN_POINT ( 'NONE',  ( 12.56320414889906445, 6.000000000000005329, -12.00000000000000000 ) ) ;
#275 = ORIENTED_EDGE ( 'NONE', *, *, #1520, .T. ) ;
#276 = VECTOR ( 'NONE', #613, 1000.000000000000000 ) ;
#277 = TOROIDAL_SURFACE ( 'NONE', #2166, 1.125000000000000666, 0.5000000000000000000 ) ;
#278 = ADVANCED_FACE ( 'NONE', ( #2565 ), #510, .F. ) ;
#279 = CARTESIAN_POINT ( 'NONE',  ( 0.000000000000000000, 0.000000000000000000, 1.000000000000000000 ) ) ;
#280 = FACE_OUTER_BOUND ( 'NONE', #1619, .T. ) ;
#281 = VERTEX_POINT ( 'NONE', #1529 ) ;
#282 = CARTESIAN_POINT ( 'NONE',  ( 13.00000000000000178, 5.000000000000000000, -12.00000000000000000 ) ) ;
#283 = DIRECTION ( 'NONE',  ( -0.000000000000000000, -0.000000000000000000, -1.000000000000000000 ) ) ;
#284 = DIRECTION ( 'NONE',  ( -0.000000000000000000, -0.000000000000000000, 1.000000000000000000 ) ) ;
#285 = EDGE_CURVE ( 'NONE', #2829, #2168, #3109, .T. ) ;
#286 = VECTOR ( 'NONE', #1598, 1000.000000000000000 ) ;
#287 = ORIENTED_EDGE ( 'NONE', *, *, #470, .T. ) ;
#288 = AXIS2_PLACEMENT_3D ( 'NONE', #3162, #1355, #829 ) ;
#289 = AXIS2_PLACEMENT_3D ( 'NONE', #2512, #2031, #3021 ) ;
#290 = DIRECTION ( 'NONE',  ( 0.000000000000000000, -1.000000000000000000, 0.000000000000000000 ) ) ;
#291 = ORIENTED_EDGE ( 'NONE', *, *, #784, .F. ) ;
#292 = ORIENTED_EDGE ( 'NONE', *, *, #2182, .F. ) ;
#293 = CARTESIAN_POINT ( 'NONE',  ( 13.11602640250296581, 5.616453361547210754, -12.09009649580187329 ) ) ;
#294 = VERTEX_POINT ( 'NONE', #1494 ) ;
#295 = ORIENTED_EDGE ( 'NONE', *, *, #260, .F. ) ;
#296 = FACE_OUTER_BOUND ( 'NONE', #1976, .T. ) ;
#297 = ORIENTED_EDGE ( 'NONE', *, *, #3246, .T. ) ;
#298 = EDGE_CURVE ( 'NONE', #621, #2431, #1809, .T. ) ;
#299 = DIRECTION ( 'NONE',  ( -0.000000000000000000, -0.000000000000000000, 1.000000000000000000 ) ) ;
#300 = DIRECTION ( 'NONE',  ( -0.000000000000000000, 0.000000000000000000, 1.000000000000000000 ) ) ;
#301 = LINE ( 'NONE', #525, #978 ) ;
#302 = AXIS2_PLACEMENT_3D ( 'NONE', #3037, #3069, #1785 ) ;
#303 = ORIENTED_EDGE ( 'NONE', *, *, #2415, .T. ) ;
#304 = VECTOR ( 'NONE', #2306, 1000.000000000000000 ) ;
#305 = EDGE_CURVE ( 'NONE', #1245, #1111, #1889, .T. ) ;
#306 = CARTESIAN_POINT ( 'NONE',  ( -13.40000000000000036, -4.000000000000000000, -11.97760418287102802 ) ) ;
#307 = VERTEX_POINT ( 'NONE', #2532 ) ;
#308 = DIRECTION ( 'NONE',  ( 1.000000000000000000, 0.000000000000000000, 0.000000000000000000 ) ) ;
#309 = CARTESIAN_POINT ( 'NONE',  ( -1.075000000000000400, 0.000000000000000000, -14.00000000000000000 ) ) ;
#310 = DIRECTION ( 'NONE',  ( 0.000000000000000000, 0.000000000000000000, -1.000000000000000000 ) ) ;
#311 = VERTEX_POINT ( 'NONE', #206 ) ;
#312 = CARTESIAN_POINT ( 'NONE',  ( 13.17855537842586422, 6.000000000000005329, -12.00000000000000000 ) ) ;
#313 = ORIENTED_EDGE ( 'NONE', *, *, #89, .T. ) ;
#314 = CARTESIAN_POINT ( 'NONE',  ( -11.00000000000000000, -6.000000000000000000, -9.499999999999998224 ) ) ;
#315 = DIRECTION ( 'NONE',  ( -0.000000000000000000, 1.000000000000000000, -0.000000000000000000 ) ) ;
#316 = ORIENTED_EDGE ( 'NONE', *, *, #2781, .F. ) ;
#317 = LINE ( 'NONE', #3108, #799 ) ;
#318 = DIRECTION ( 'NONE',  ( 1.000000000000000000, 0.000000000000000000, 0.000000000000000000 ) ) ;
#319 = DIRECTION ( 'NONE',  ( -0.000000000000000000, -0.000000000000000000, -1.000000000000000000 ) ) ;
#320 = EDGE_CURVE ( 'NONE', #2344, #1678, #524, .T. ) ;
#321 = VERTEX_POINT ( 'NONE', #3045 ) ;
#322 = DIRECTION ( 'NONE',  ( 0.000000000000000000, -0.000000000000000000, -1.000000000000000000 ) ) ;
#323 = EDGE_CURVE ( 'NONE', #1978, #1852, #1081, .T. ) ;
#324 = DIRECTION ( 'NONE',  ( -0.000000000000000000, -0.000000000000000000, 1.000000000000000000 ) ) ;
#325 = CARTESIAN_POINT ( 'NONE',  ( 14.00000000000000000, 0.000000000000000000, 6.000000000000000000 ) ) ;
#326 = DIRECTION ( 'NONE',  ( -0.000000000000000000, -1.000000000000000000, -4.003208021484940511E-16 ) ) ;
#327 = VERTEX_POINT ( 'NONE', #1583 ) ;
#328 = DIRECTION ( 'NONE',  ( -0.000000000000000000, -0.000000000000000000, 1.000000000000000000 ) ) ;
#329 = CIRCLE ( 'NONE', #2435, 0.6250000000000005551 ) ;
#330 = ORIENTED_EDGE ( 'NONE', *, *, #2408, .T. ) ;
#331 = CARTESIAN_POINT ( 'NONE',  ( -12.60000000000000142, 4.000000000000000000, -6.587956044287794910 ) ) ;
#332 = ORIENTED_EDGE ( 'NONE', *, *, #2316, .T. ) ;
#333 = DIRECTION ( 'NONE',  ( 1.000000000000000000, 0.000000000000000000, 0.000000000000000000 ) ) ;
#334 = CARTESIAN_POINT ( 'NONE',  ( -16.00000000000000000, 5.999999999999998224, 1.000000000000000000 ) ) ;
#335 = DIRECTION ( 'NONE',  ( 1.000000000000000000, 0.000000000000000000, 0.000000000000000000 ) ) ;
#336 = AXIS2_PLACEMENT_3D ( 'NONE', #1572, #1069, #1090 ) ;
#337 = EDGE_LOOP ( 'NONE', ( #2620, #2137 ) ) ;
#338 = AXIS2_PLACEMENT_3D ( 'NONE', #2854, #3182, #1566 ) ;
#339 = AXIS2_PLACEMENT_3D ( 'NONE', #2653, #568, #766 ) ;
#340 = EDGE_CURVE ( 'NONE', #833, #1708, #427, .T. ) ;
#341 = EDGE_CURVE ( 'NONE', #3320, #1740, #802, .T. ) ;
#342 = DIRECTION ( 'NONE',  ( 1.927470528863119295E-16, 0.000000000000000000, -1.000000000000000000 ) ) ;
#343 = CIRCLE ( 'NONE', #2454, 10.00000000000000000 ) ;
#344 = CARTESIAN_POINT ( 'NONE',  ( 12.90034686189212110, -5.624999327638131597, -12.48412323076150621 ) ) ;
#345 = AXIS2_PLACEMENT_3D ( 'NONE', #1982, #1658, #2996 ) ;
#346 = EDGE_CURVE ( 'NONE', #2226, #627, #363, .T. ) ;
#347 = ORIENTED_EDGE ( 'NONE', *, *, #930, .T. ) ;
#348 = DIRECTION ( 'NONE',  ( 0.000000000000000000, 0.000000000000000000, -1.000000000000000000 ) ) ;
#349 = ORIENTED_EDGE ( 'NONE', *, *, #305, .T. ) ;
#350 = CARTESIAN_POINT ( 'NONE',  ( -13.40000000000000036, -4.395330668877608815, -9.500000000000000000 ) ) ;
#351 = DIRECTION ( 'NONE',  ( -0.000000000000000000, -1.000000000000000000, -0.000000000000000000 ) ) ;
#352 = CARTESIAN_POINT ( 'NONE',  ( 16.00000000000000000, -4.000000000000002665, 6.000000000000001776 ) ) ;
#353 = ORIENTED_EDGE ( 'NONE', *, *, #3054, .F. ) ;
#354 = EDGE_CURVE ( 'NONE', #1383, #627, #2427, .T. ) ;
#355 = TOROIDAL_SURFACE ( 'NONE', #183, 9.500000000000000000, 0.5000000000000000000 ) ;
#356 = CARTESIAN_POINT ( 'NONE',  ( 12.82144462157420861, -6.000000000000000000, -12.00000000000000000 ) ) ;
#357 = AXIS2_PLACEMENT_3D ( 'NONE', #2343, #319, #1340 ) ;
#358 = FACE_OUTER_BOUND ( 'NONE', #2924, .T. ) ;
#359 = EDGE_CURVE ( 'NONE', #2858, #1055, #2172, .T. ) ;
#360 = ORIENTED_EDGE ( 'NONE', *, *, #625, .F. ) ;
#361 = DIRECTION ( 'NONE',  ( -1.000000000000000000, -0.000000000000000000, -0.000000000000000000 ) ) ;
#362 = EDGE_CURVE ( 'NONE', #594, #2559, #794, .T. ) ;
#363 = LINE ( 'NONE', #1387, #270 ) ;
#364 = DIRECTION ( 'NONE',  ( -0.000000000000000000, 1.000000000000000000, 0.000000000000000000 ) ) ;
#365 = EDGE_LOOP ( 'NONE', ( #682, #2648, #2521, #3222 ) ) ;
#366 = CARTESIAN_POINT ( 'NONE',  ( 8.891293292640863655, 3.999999999999999112, 0.9528113331694502142 ) ) ;
#367 = EDGE_CURVE ( 'NONE', #1292, #1698, #530, .T. ) ;
#368 = ORIENTED_EDGE ( 'NONE', *, *, #433, .T. ) ;
#369 = DIRECTION ( 'NONE',  ( -0.000000000000000000, -0.000000000000000000, -1.000000000000000000 ) ) ;
#370 = ORIENTED_EDGE ( 'NONE', *, *, #1772, .T. ) ;
#371 = CARTESIAN_POINT ( 'NONE',  ( 12.75764297456116303, -5.578217048125586608, -12.49999993682065913 ) ) ;
#372 = DIRECTION ( 'NONE',  ( 1.000000000000000000, 1.387778780781444492E-15, 0.000000000000000000 ) ) ;
#373 = CARTESIAN_POINT ( 'NONE',  ( 0.000000000000000000, 0.000000000000000000, -12.00000000000000000 ) ) ;
#374 = EDGE_CURVE ( 'NONE', #3062, #1274, #844, .T. ) ;
#375 = ORIENTED_EDGE ( 'NONE', *, *, #3061, .F. ) ;
#376 = CYLINDRICAL_SURFACE ( 'NONE', #1745, 0.5000000000000004441 ) ;
#377 = CYLINDRICAL_SURFACE ( 'NONE', #1298, 2.000000000000000000 ) ;
#378 = ADVANCED_FACE ( 'NONE', ( #597 ), #1372, .F. ) ;
#379 = EDGE_CURVE ( 'NONE', #1852, #1428, #3291, .T. ) ;
#380 = DIRECTION ( 'NONE',  ( 0.000000000000000000, -0.000000000000000000, -1.000000000000000000 ) ) ;
#381 = DIRECTION ( 'NONE',  ( 0.000000000000000000, -0.000000000000000000, -1.000000000000000000 ) ) ;
#382 = ORIENTED_EDGE ( 'NONE', *, *, #439, .T. ) ;
#383 = LINE ( 'NONE', #3238, #4 ) ;
#384 = ORIENTED_EDGE ( 'NONE', *, *, #852, .F. ) ;
#385 = CARTESIAN_POINT ( 'NONE',  ( -12.29245141509576200, 6.000000000000005329, -11.99999999999999645 ) ) ;
#386 = PLANE ( 'NONE',  #1683 ) ;
#387 = CIRCLE ( 'NONE', #596, 0.4999999999999997780 ) ;
#388 = ORIENTED_EDGE ( 'NONE', *, *, #2079, .T. ) ;
#389 = CIRCLE ( 'NONE', #336, 0.5000000000000004441 ) ;
#390 = CARTESIAN_POINT ( 'NONE',  ( 12.80490968168490795, -5.595817527385286816, -12.49517745979672689 ) ) ;
#391 = AXIS2_PLACEMENT_3D ( 'NONE', #2108, #1376, #3130 ) ;
#392 = CARTESIAN_POINT ( 'NONE',  ( 13.00000000000000178, -5.000000000000000000, -14.00000000000000000 ) ) ;
#393 = ORIENTED_EDGE ( 'NONE', *, *, #3116, .F. ) ;
#394 = FACE_OUTER_BOUND ( 'NONE', #1097, .T. ) ;
#395 = AXIS2_PLACEMENT_3D ( 'NONE', #1810, #813, #2052 ) ;
#396 = DIRECTION ( 'NONE',  ( 0.000000000000000000, -0.000000000000000000, -1.000000000000000000 ) ) ;
#397 = CARTESIAN_POINT ( 'NONE',  ( 7.654042494670962783E-17, 2.232233047033629347, 1.000000000000002442 ) ) ;
#398 = DIRECTION ( 'NONE',  ( 0.000000000000000000, 0.000000000000000000, -1.000000000000000000 ) ) ;
#399 = DIRECTION ( 'NONE',  ( 1.000000000000000000, 0.000000000000000000, 0.000000000000000000 ) ) ;
#400 = ADVANCED_FACE ( 'NONE', ( #2941 ), #212, .F. ) ;
#401 = ORIENTED_EDGE ( 'NONE', *, *, #3014, .F. ) ;
#402 = DIRECTION ( 'NONE',  ( -0.000000000000000000, -1.000000000000000000, -0.000000000000000000 ) ) ;
#403 = ADVANCED_FACE ( 'NONE', ( #1564 ), #2359, .F. ) ;
#404 = ORIENTED_EDGE ( 'NONE', *, *, #767, .T. ) ;
#405 = EDGE_LOOP ( 'NONE', ( #2950, #2789, #2319, #895 ) ) ;
#406 = VECTOR ( 'NONE', #3263, 1000.000000000000000 ) ;
#407 = CIRCLE ( 'NONE', #973, 2.000000000000000000 ) ;
#408 = ORIENTED_EDGE ( 'NONE', *, *, #1653, .F. ) ;
#409 = AXIS2_PLACEMENT_3D ( 'NONE', #1603, #2651, #2399 ) ;
#410 = PLANE ( 'NONE',  #1914 ) ;
#411 = CARTESIAN_POINT ( 'NONE',  ( 3.469446951953614189E-15, -8.673617379884035472E-16, 0.000000000000000000 ) ) ;
#412 = DIRECTION ( 'NONE',  ( 1.000000000000000000, -0.000000000000000000, -0.000000000000000000 ) ) ;
#413 = LINE ( 'NONE', #175, #2499 ) ;
#414 = VERTEX_POINT ( 'NONE', #1901 ) ;
#415 = FACE_OUTER_BOUND ( 'NONE', #2540, .T. ) ;
#416 = EDGE_LOOP ( 'NONE', ( #553, #2070, #275, #1905, #2851 ) ) ;
#417 = ORIENTED_EDGE ( 'NONE', *, *, #2617, .T. ) ;
#418 = ADVANCED_FACE ( 'NONE', ( #2138 ), #2618, .F. ) ;
#419 = DIRECTION ( 'NONE',  ( 0.000000000000000000, 0.000000000000000000, -1.000000000000000000 ) ) ;
#420 = VERTEX_POINT ( 'NONE', #3126 ) ;
#421 = CARTESIAN_POINT ( 'NONE',  ( -12.60000000000000142, 6.000000000000000000, -9.500000000000000000 ) ) ;
#422 = DIRECTION ( 'NONE',  ( 1.000000000000000000, 0.000000000000000000, 0.000000000000000000 ) ) ;
#423 = LINE ( 'NONE', #2507, #2622 ) ;
#424 = CARTESIAN_POINT ( 'NONE',  ( -11.77500000000000036, 5.000000000000000000, -12.00000000000000000 ) ) ;
#425 = FACE_OUTER_BOUND ( 'NONE', #273, .T. ) ;
#426 = ORIENTED_EDGE ( 'NONE', *, *, #607, .F. ) ;
#427 = CIRCLE ( 'NONE', #3122, 0.7249999999999999778 ) ;
#428 = CARTESIAN_POINT ( 'NONE',  ( 13.00000000000000178, -5.000000000000000000, -14.00000000000000000 ) ) ;
#429 = VERTEX_POINT ( 'NONE', #1621 ) ;
#430 = PLANE ( 'NONE',  #691 ) ;
#431 = EDGE_LOOP ( 'NONE', ( #370, #2872 ) ) ;
#432 = AXIS2_PLACEMENT_3D ( 'NONE', #142, #121, #2207 ) ;
#433 = EDGE_CURVE ( 'NONE', #527, #2124, #2417, .T. ) ;
#434 = AXIS2_PLACEMENT_3D ( 'NONE', #83, #1126, #2433 ) ;
#435 = EDGE_CURVE ( 'NONE', #1634, #3150, #2380, .T. ) ;
#436 = ORIENTED_EDGE ( 'NONE', *, *, #3206, .T. ) ;
#437 = ORIENTED_EDGE ( 'NONE', *, *, #2551, .F. ) ;
#438 = CARTESIAN_POINT ( 'NONE',  ( -13.00000000000000178, -5.000000000000000000, -12.00000000000000000 ) ) ;
#439 = EDGE_CURVE ( 'NONE', #1606, #1283, #107, .T. ) ;
#440 = AXIS2_PLACEMENT_3D ( 'NONE', #1296, #1558, #9 ) ;
#441 = CARTESIAN_POINT ( 'NONE',  ( -13.99999999999999822, -4.000000000000001776, 8.000000000000000000 ) ) ;
#442 = PLANE ( 'NONE',  #1396 ) ;
#443 = DIRECTION ( 'NONE',  ( -0.000000000000000000, -0.000000000000000000, 1.000000000000000000 ) ) ;
#444 = DIRECTION ( 'NONE',  ( -1.000000000000000000, 0.000000000000000000, 0.000000000000000000 ) ) ;
#445 = CARTESIAN_POINT ( 'NONE',  ( -12.60000000000000142, -6.000000000000000000, -6.587956044287794910 ) ) ;
#446 = EDGE_LOOP ( 'NONE', ( #1752, #2335 ) ) ;
#447 = AXIS2_PLACEMENT_3D ( 'NONE', #1956, #656, #2725 ) ;
#448 = CARTESIAN_POINT ( 'NONE',  ( -12.60000000000000142, 6.000000000000000000, -9.500000000000000000 ) ) ;
#449 = DIRECTION ( 'NONE',  ( -0.000000000000000000, -0.000000000000000000, 1.000000000000000000 ) ) ;
#450 = ORIENTED_EDGE ( 'NONE', *, *, #2450, .F. ) ;
#451 = CARTESIAN_POINT ( 'NONE',  ( 13.51538820320221035, -4.000000000000000000, -12.00000000000000000 ) ) ;
#452 = PRODUCT_CONTEXT ( 'NONE', #1763, 'mechanical' ) ;
#453 = DIRECTION ( 'NONE',  ( -0.000000000000000000, -1.000000000000000000, -0.000000000000000000 ) ) ;
#454 = PLANE ( 'NONE',  #687 ) ;
#455 = CIRCLE ( 'NONE', #1265, 1.225000000000000311 ) ;
#456 = VERTEX_POINT ( 'NONE', #138 ) ;
#457 = EDGE_CURVE ( 'NONE', #3236, #919, #2434, .T. ) ;
#458 = DIRECTION ( 'NONE',  ( 0.000000000000000000, 0.000000000000000000, -1.000000000000000000 ) ) ;
#459 = CIRCLE ( 'NONE', #2348, 10.50000000000000000 ) ;
#460 = AXIS2_PLACEMENT_3D ( 'NONE', #484, #731, #1777 ) ;
#461 = CARTESIAN_POINT ( 'NONE',  ( -11.00000000000000000, 10.99999999999999822, -12.00000000000000000 ) ) ;
#462 = DIRECTION ( 'NONE',  ( -0.4581228472908571714, -0.8888888888888858419, 0.000000000000000000 ) ) ;
#463 = AXIS2_PLACEMENT_3D ( 'NONE', #2447, #381, #3219 ) ;
#464 = CARTESIAN_POINT ( 'NONE',  ( 16.00000000000000000, -4.000000000000001776, 0.000000000000000000 ) ) ;
#465 = ORIENTED_EDGE ( 'NONE', *, *, #1684, .T. ) ;
#466 = CARTESIAN_POINT ( 'NONE',  ( 16.00000000000000000, 0.000000000000000000, 0.000000000000000000 ) ) ;
#467 = CARTESIAN_POINT ( 'NONE',  ( 12.71367322044380721, -5.555555555555859115, -12.50000000000000000 ) ) ;
#468 = CARTESIAN_POINT ( 'NONE',  ( -12.60000000000000142, -6.000000000000000000, -11.97760418287102802 ) ) ;
#469 = CARTESIAN_POINT ( 'NONE',  ( 12.90080256773434897, 4.380953452742274656, -12.48722899635516725 ) ) ;
#470 = EDGE_CURVE ( 'NONE', #1761, #456, #387, .T. ) ;
#471 = ORIENTED_EDGE ( 'NONE', *, *, #874, .T. ) ;
#472 = ORIENTED_EDGE ( 'NONE', *, *, #374, .F. ) ;
#473 = ORIENTED_EDGE ( 'NONE', *, *, #2386, .F. ) ;
#474 = CARTESIAN_POINT ( 'NONE',  ( 0.000000000000000000, 0.000000000000000000, 0.000000000000000000 ) ) ;
#475 = CARTESIAN_POINT ( 'NONE',  ( 13.00000000000000178, 5.000000000000000000, -14.00000000000000000 ) ) ;
#476 = ADVANCED_FACE ( 'NONE', ( #634 ), #1165, .T. ) ;
#477 = LINE ( 'NONE', #2543, #1730 ) ;
#478 = CARTESIAN_POINT ( 'NONE',  ( -12.60000000000000142, -4.395330668877713620, -11.49999999999962697 ) ) ;
#479 = CARTESIAN_POINT ( 'NONE',  ( -8.755364635274984764, -4.000000000000001776, 1.000000000000000000 ) ) ;
#480 = VERTEX_POINT ( 'NONE', #583 ) ;
#481 = EDGE_CURVE ( 'NONE', #646, #1342, #836, .T. ) ;
#482 = EDGE_CURVE ( 'NONE', #1756, #225, #2568, .T. ) ;
#483 = CARTESIAN_POINT ( 'NONE',  ( -12.29245141509575490, -6.000000000000000000, -12.00000000000000000 ) ) ;
#484 = CARTESIAN_POINT ( 'NONE',  ( 13.00000000000000178, -5.000000000000000000, -12.00000000000000000 ) ) ;
#485 = ORIENTED_EDGE ( 'NONE', *, *, #346, .F. ) ;
#486 = CIRCLE ( 'NONE', #163, 1.475000000000000311 ) ;
#487 = CARTESIAN_POINT ( 'NONE',  ( -16.00000000000000000, -5.000000000000000000, 6.000000000000001776 ) ) ;
#488 = ORIENTED_EDGE ( 'NONE', *, *, #2693, .F. ) ;
#489 = ORIENTED_EDGE ( 'NONE', *, *, #1955, .F. ) ;
#490 = DIRECTION ( 'NONE',  ( -0.000000000000000000, -1.000000000000000000, -0.000000000000000000 ) ) ;
#491 = PRODUCT_DEFINITION ( 'UNKNOWN', '', #2240, #226 ) ;
#492 = CARTESIAN_POINT ( 'NONE',  ( -12.60000000000000142, -6.000000000000000000, -6.587956044287794910 ) ) ;
#493 = TOROIDAL_SURFACE ( 'NONE', #64, 1.075000000000000400, 0.4000000000000000222 ) ;
#494 = EDGE_LOOP ( 'NONE', ( #965, #705 ) ) ;
#495 = CARTESIAN_POINT ( 'NONE',  ( 14.50000000000000000, -6.000000000000000000, 6.000000000000000888 ) ) ;
#496 = DIRECTION ( 'NONE',  ( 1.000000000000000000, 0.000000000000000000, 0.000000000000000000 ) ) ;
#497 = VERTEX_POINT ( 'NONE', #3189 ) ;
#498 = AXIS2_PLACEMENT_3D ( 'NONE', #2413, #315, #1862 ) ;
#499 = CARTESIAN_POINT ( 'NONE',  ( 13.25980385798244754, -4.430774720345387330, -12.03515030620327053 ) ) ;
#500 = ADVANCED_FACE ( 'NONE', ( #1872 ), #2688, .F. ) ;
#501 = ORIENTED_EDGE ( 'NONE', *, *, #580, .T. ) ;
#502 = ORIENTED_EDGE ( 'NONE', *, *, #1644, .F. ) ;
#503 = CARTESIAN_POINT ( 'NONE',  ( -14.00000000000000000, -5.000000000000000000, 6.000000000000000000 ) ) ;
#504 = CIRCLE ( 'NONE', #1316, 0.6250000000000005551 ) ;
#505 = AXIS2_PLACEMENT_3D ( 'NONE', #2063, #1575, #2594 ) ;
#506 = CARTESIAN_POINT ( 'NONE',  ( 8.616843969807048254, -6.000000000000000000, 29.69848480983499783 ) ) ;
#507 = VERTEX_POINT ( 'NONE', #1392 ) ;
#508 = AXIS2_PLACEMENT_3D ( 'NONE', #1442, #1237, #1034 ) ;
#509 = CIRCLE ( 'NONE', #1920, 0.5000000000000004441 ) ;
#510 = CYLINDRICAL_SURFACE ( 'NONE', #1770, 10.50000000000000000 ) ;
#511 = CARTESIAN_POINT ( 'NONE',  ( 12.64883742738029504, 4.000000000000003553, -12.00000000000000000 ) ) ;
#512 = VECTOR ( 'NONE', #95, 1000.000000000000000 ) ;
#513 = ORIENTED_EDGE ( 'NONE', *, *, #1497, .F. ) ;
#514 = EDGE_CURVE ( 'NONE', #507, #2458, #114, .T. ) ;
#515 = CARTESIAN_POINT ( 'NONE',  ( 1.800000000000003375, -8.673617379884035472E-16, -0.7500000000000000000 ) ) ;
#516 = ADVANCED_FACE ( 'NONE', ( #3208 ), #1134, .T. ) ;
#517 = CARTESIAN_POINT ( 'NONE',  ( 0.000000000000000000, 2.232233047033627127, 6.625000000000002665 ) ) ;
#518 = ORIENTED_EDGE ( 'NONE', *, *, #1628, .T. ) ;
#519 = ORIENTED_EDGE ( 'NONE', *, *, #2408, .F. ) ;
#520 = CARTESIAN_POINT ( 'NONE',  ( 12.91012799658840215, 6.000000000000005329, -12.00000000000000000 ) ) ;
#521 = ADVANCED_FACE ( 'NONE', ( #2589 ), #253, .T. ) ;
#522 = FACE_OUTER_BOUND ( 'NONE', #798, .T. ) ;
#523 = EDGE_LOOP ( 'NONE', ( #616, #488, #2560, #213, #1074, #2672, #2804 ) ) ;
#524 = LINE ( 'NONE', #2269, #109 ) ;
#525 = CARTESIAN_POINT ( 'NONE',  ( -9.165151389911681434, 3.999999999999998224, 1.000000000000004441 ) ) ;
#526 = ORIENTED_EDGE ( 'NONE', *, *, #1705, .T. ) ;
#527 = VERTEX_POINT ( 'NONE', #752 ) ;
#528 = CARTESIAN_POINT ( 'NONE',  ( -10.00000000000000000, 0.000000000000000000, 0.5000000000000000000 ) ) ;
#529 = CARTESIAN_POINT ( 'NONE',  ( -9.000000000000001776, 6.000000000000005329, -12.00000000000000000 ) ) ;
#530 = CIRCLE ( 'NONE', #944, 1.125000000000000888 ) ;
#531 = DIRECTION ( 'NONE',  ( 0.000000000000000000, 1.000000000000000000, 4.003208021484940511E-16 ) ) ;
#532 = ORIENTED_EDGE ( 'NONE', *, *, #753, .T. ) ;
#533 = ORIENTED_EDGE ( 'NONE', *, *, #131, .F. ) ;
#534 = EDGE_CURVE ( 'NONE', #1048, #1065, #1669, .T. ) ;
#535 = CARTESIAN_POINT ( 'NONE',  ( 12.78328937591799530, 5.589020952324859515, -12.06013317164541299 ) ) ;
#536 = ORIENTED_EDGE ( 'NONE', *, *, #897, .T. ) ;
#537 = CARTESIAN_POINT ( 'NONE',  ( -12.60000000000000142, 4.000000000000000000, -11.97760418287920814 ) ) ;
#538 = LINE ( 'NONE', #91, #1421 ) ;
#539 = EDGE_LOOP ( 'NONE', ( #792, #2986, #2605, #1846, #401 ) ) ;
#540 = AXIS2_PLACEMENT_3D ( 'NONE', #1436, #2243, #1406 ) ;
#541 = DIRECTION ( 'NONE',  ( -1.000000000000000000, -0.000000000000000000, -0.000000000000000000 ) ) ;
#542 = CARTESIAN_POINT ( 'NONE',  ( 0.000000000000000000, 0.000000000000000000, 8.000000000000000000 ) ) ;
#543 = AXIS2_PLACEMENT_3D ( 'NONE', #209, #2273, #1024 ) ;
#544 = ORIENTED_EDGE ( 'NONE', *, *, #2593, .T. ) ;
#545 = DIRECTION ( 'NONE',  ( -0.000000000000000000, -0.000000000000000000, -1.000000000000000000 ) ) ;
#546 = VECTOR ( 'NONE', #1952, 1000.000000000000000 ) ;
#547 = DIRECTION ( 'NONE',  ( 1.000000000000000000, 0.000000000000000000, 0.000000000000000000 ) ) ;
#548 = DIRECTION ( 'NONE',  ( 0.000000000000000000, -0.000000000000000000, -1.000000000000000000 ) ) ;
#549 = AXIS2_PLACEMENT_3D ( 'NONE', #905, #2701, #2729 ) ;
#550 = CARTESIAN_POINT ( 'NONE',  ( -1.799999999999996492, -6.469253141418799650E-16, 0.000000000000000000 ) ) ;
#551 = ORIENTED_EDGE ( 'NONE', *, *, #1152, .F. ) ;
#552 = CARTESIAN_POINT ( 'NONE',  ( 12.88420823521104097, 5.616524041056889516, -12.09017709456478862 ) ) ;
#553 = ORIENTED_EDGE ( 'NONE', *, *, #1989, .F. ) ;
#554 = LINE ( 'NONE', #314, #2973 ) ;
#555 = EDGE_CURVE ( 'NONE', #2384, #2559, #216, .T. ) ;
#556 = FACE_OUTER_BOUND ( 'NONE', #934, .T. ) ;
#557 = ORIENTED_EDGE ( 'NONE', *, *, #362, .F. ) ;
#558 = UNCERTAINTY_MEASURE_WITH_UNIT (LENGTH_MEASURE( 1.000000000000000082E-05 ), #2970, 'distance_accuracy_value', 'NONE');
#559 = EDGE_CURVE ( 'NONE', #2471, #2168, #800, .T. ) ;
#560 = DIRECTION ( 'NONE',  ( 0.000000000000000000, 0.000000000000000000, -1.000000000000000000 ) ) ;
#561 = FACE_OUTER_BOUND ( 'NONE', #111, .T. ) ;
#562 = AXIS2_PLACEMENT_3D ( 'NONE', #1766, #2793, #458 ) ;
#563 = CARTESIAN_POINT ( 'NONE',  ( -13.40000000000000036, -4.203406563469955337, -11.88646868910412380 ) ) ;
#564 = CARTESIAN_POINT ( 'NONE',  ( 9.708243919473805050, -4.000000000000000000, -12.00000000000000000 ) ) ;
#565 = ORIENTED_EDGE ( 'NONE', *, *, #874, .F. ) ;
#566 =( GEOMETRIC_REPRESENTATION_CONTEXT ( 3 ) GLOBAL_UNCERTAINTY_ASSIGNED_CONTEXT ( ( #3301 ) ) GLOBAL_UNIT_ASSIGNED_CONTEXT ( ( #2899, #2147, #1631 ) ) REPRESENTATION_CONTEXT ( 'NONE', 'WORKASPACE' ) );
#567 = CIRCLE ( 'NONE', #2936, 0.6250000000000005551 ) ;
#568 = DIRECTION ( 'NONE',  ( 0.000000000000000000, -0.000000000000000000, -1.000000000000000000 ) ) ;
#569 = AXIS2_PLACEMENT_3D ( 'NONE', #2927, #615, #2959 ) ;
#570 = DIRECTION ( 'NONE',  ( -0.000000000000000000, -1.000000000000000000, -0.000000000000000000 ) ) ;
#571 = CARTESIAN_POINT ( 'NONE',  ( 13.25997350628605886, 4.430862156723796019, -12.03492545813897863 ) ) ;
#572 = LINE ( 'NONE', #2391, #619 ) ;
#573 = CARTESIAN_POINT ( 'NONE',  ( 13.51538820320221035, -4.000000000000000000, -12.00000000000000000 ) ) ;
#574 = ORIENTED_EDGE ( 'NONE', *, *, #2593, .F. ) ;
#575 = DIRECTION ( 'NONE',  ( 1.000000000000000000, 0.000000000000000000, 0.000000000000000000 ) ) ;
#576 = ORIENTED_EDGE ( 'NONE', *, *, #2006, .F. ) ;
#577 = CARTESIAN_POINT ( 'NONE',  ( 1.475000000000000311, 0.000000000000000000, -14.00000000000000000 ) ) ;
#578 = CYLINDRICAL_SURFACE ( 'NONE', #409, 0.7249999999999999778 ) ;
#579 = CARTESIAN_POINT ( 'NONE',  ( 8.616843969807044701, 3.999999999999998224, 1.000000000000000000 ) ) ;
#580 = EDGE_CURVE ( 'NONE', #2431, #181, #1288, .T. ) ;
#581 = ORIENTED_EDGE ( 'NONE', *, *, #821, .F. ) ;
#582 = CARTESIAN_POINT ( 'NONE',  ( 13.99999999999999822, 5.999999999999998224, 8.000000000000000000 ) ) ;
#583 = CARTESIAN_POINT ( 'NONE',  ( 0.000000000000000000, 5.999999999999998224, 2.250000000000004441 ) ) ;
#584 = DIRECTION ( 'NONE',  ( -0.000000000000000000, 0.000000000000000000, 1.000000000000000000 ) ) ;
#585 = EDGE_LOOP ( 'NONE', ( #1390, #3104, #2740, #1527 ) ) ;
#586 = CARTESIAN_POINT ( 'NONE',  ( 9.000000000000000000, 6.000000000000002665, -12.00000000000000000 ) ) ;
#587 = AXIS2_PLACEMENT_3D ( 'NONE', #282, #1301, #2549 ) ;
#588 = FACE_OUTER_BOUND ( 'NONE', #2262, .T. ) ;
#589 = ORIENTED_EDGE ( 'NONE', *, *, #2457, .T. ) ;
#590 = CARTESIAN_POINT ( 'NONE',  ( -12.60000000000000142, 4.000000000000000000, -11.97760418287920814 ) ) ;
#591 = CARTESIAN_POINT ( 'NONE',  ( 12.88420823521128078, -4.383475958943139794, -12.09017709456491652 ) ) ;
#592 = AXIS2_PLACEMENT_3D ( 'NONE', #3179, #2926, #1135 ) ;
#593 = EDGE_CURVE ( 'NONE', #2665, #2103, #1068, .T. ) ;
#594 = VERTEX_POINT ( 'NONE', #2826 ) ;
#595 = ORIENTED_EDGE ( 'NONE', *, *, #154, .T. ) ;
#596 = AXIS2_PLACEMENT_3D ( 'NONE', #2456, #2717, #3172 ) ;
#597 = FACE_OUTER_BOUND ( 'NONE', #1117, .T. ) ;
#598 = DIRECTION ( 'NONE',  ( 0.000000000000000000, 4.336808689942017736E-16, -1.000000000000000000 ) ) ;
#599 = ORIENTED_EDGE ( 'NONE', *, *, #644, .F. ) ;
#600 = CARTESIAN_POINT ( 'NONE',  ( 16.00000000000000000, 4.000000000000002665, -9.500000000000000000 ) ) ;
#601 = DIRECTION ( 'NONE',  ( -0.000000000000000000, -1.000000000000000000, -0.000000000000000000 ) ) ;
#602 = EDGE_LOOP ( 'NONE', ( #1043, #1567, #2707, #472 ) ) ;
#603 = EDGE_CURVE ( 'NONE', #919, #1771, #781, .T. ) ;
#604 = CARTESIAN_POINT ( 'NONE',  ( -13.60473276808508558, 6.000000000000005329, -12.00000000000000000 ) ) ;
#605 = VECTOR ( 'NONE', #157, 1000.000000000000000 ) ;
#606 = LINE ( 'NONE', #2755, #1714 ) ;
#607 = EDGE_CURVE ( 'NONE', #456, #1661, #1496, .T. ) ;
#608 = CARTESIAN_POINT ( 'NONE',  ( 13.00000000000000178, -5.000000000000000000, -12.50000000000000000 ) ) ;
#609 = PRESENTATION_STYLE_ASSIGNMENT (( #1930 ) ) ;
#610 = CIRCLE ( 'NONE', #447, 0.4999999999999997224 ) ;
#611 = ORIENTED_EDGE ( 'NONE', *, *, #2258, .T. ) ;
#612 = CARTESIAN_POINT ( 'NONE',  ( 9.000000000000000000, 8.000000000000000000, -12.00000000000000000 ) ) ;
#613 = DIRECTION ( 'NONE',  ( -0.000000000000000000, 1.000000000000000000, 4.003208021484940511E-16 ) ) ;
#614 = CARTESIAN_POINT ( 'NONE',  ( -13.40000000000000036, 4.000000000000003553, -11.97760418287103157 ) ) ;
#615 = DIRECTION ( 'NONE',  ( 0.000000000000000000, -0.000000000000000000, -1.000000000000000000 ) ) ;
#616 = ORIENTED_EDGE ( 'NONE', *, *, #112, .F. ) ;
#617 = VECTOR ( 'NONE', #1699, 1000.000000000000000 ) ;
#618 = DIRECTION ( 'NONE',  ( 1.000000000000000000, 0.000000000000000000, 0.000000000000000000 ) ) ;
#619 = VECTOR ( 'NONE', #2627, 1000.000000000000000 ) ;
#620 = AXIS2_PLACEMENT_3D ( 'NONE', #1325, #58, #2382 ) ;
#621 = VERTEX_POINT ( 'NONE', #2366 ) ;
#622 = CARTESIAN_POINT ( 'NONE',  ( 16.00000000000000000, 5.999999999999995559, 6.000000000000000000 ) ) ;
#623 = VECTOR ( 'NONE', #453, 1000.000000000000000 ) ;
#624 = DIRECTION ( 'NONE',  ( 1.000000000000000000, 0.000000000000000000, 0.000000000000000000 ) ) ;
#625 = EDGE_CURVE ( 'NONE', #1196, #1312, #1031, .T. ) ;
#626 = EDGE_CURVE ( 'NONE', #1112, #1428, #3101, .T. ) ;
#627 = VERTEX_POINT ( 'NONE', #2840 ) ;
#628 = CARTESIAN_POINT ( 'NONE',  ( -9.708243919473797945, 3.999999999999998224, 0.000000000000000000 ) ) ;
#629 = VERTEX_POINT ( 'NONE', #528 ) ;
#630 = DIRECTION ( 'NONE',  ( 0.000000000000000000, 0.000000000000000000, -1.000000000000000000 ) ) ;
#631 = LINE ( 'NONE', #2712, #3258 ) ;
#632 = CARTESIAN_POINT ( 'NONE',  ( 12.71367322044321746, -5.555555555555555358, -12.50000000000000000 ) ) ;
#633 = EDGE_LOOP ( 'NONE', ( #3224, #1257, #1514, #576 ) ) ;
#634 = FACE_OUTER_BOUND ( 'NONE', #2757, .T. ) ;
#635 = ORIENTED_EDGE ( 'NONE', *, *, #2976, .F. ) ;
#636 = ORIENTED_EDGE ( 'NONE', *, *, #2204, .T. ) ;
#637 = CARTESIAN_POINT ( 'NONE',  ( -14.49999999999999645, -6.000011999999999901, -12.00000000000000178 ) ) ;
#638 = VERTEX_POINT ( 'NONE', #1591 ) ;
#639 = ADVANCED_FACE ( 'NONE', ( #2642 ), #2487, .T. ) ;
#640 = EDGE_CURVE ( 'NONE', #1312, #733, #2346, .T. ) ;
#641 = DIRECTION ( 'NONE',  ( -0.000000000000000000, 1.000000000000000000, 4.003208021484940511E-16 ) ) ;
#642 = VECTOR ( 'NONE', #94, 1000.000000000000000 ) ;
#643 = DIRECTION ( 'NONE',  ( -1.000000000000000000, 0.000000000000000000, 0.000000000000000000 ) ) ;
#644 = EDGE_CURVE ( 'NONE', #2761, #181, #2914, .T. ) ;
#645 = CARTESIAN_POINT ( 'NONE',  ( 0.000000000000000000, 5.999999999999998224, 1.625000000000004219 ) ) ;
#646 = VERTEX_POINT ( 'NONE', #1345 ) ;
#647 = B_SPLINE_CURVE_WITH_KNOTS ( 'NONE', 3,
 ( #1727, #1465, #734, #2520, #952, #1762 ),
 .UNSPECIFIED., .F., .F.,
 ( 4, 2, 4 ),
 ( 0.000000000000000000, 0.0002984419316848377162, 0.0005968838633696754324 ),
 .UNSPECIFIED. ) ;
#648 = VERTEX_POINT ( 'NONE', #991 ) ;
#649 = LINE ( 'NONE', #448, #2163 ) ;
#650 =( NAMED_UNIT ( * ) PLANE_ANGLE_UNIT ( ) SI_UNIT ( $, .RADIAN. ) );
#651 = CIRCLE ( 'NONE', #1083, 0.7249999999999999778 ) ;
#652 = CIRCLE ( 'NONE', #856, 0.5000000000000004441 ) ;
#653 = ORIENTED_EDGE ( 'NONE', *, *, #255, .F. ) ;
#654 = LINE ( 'NONE', #1131, #1801 ) ;
#655 = CYLINDRICAL_SURFACE ( 'NONE', #1159, 0.7249999999999999778 ) ;
#656 = DIRECTION ( 'NONE',  ( 0.8888888888888891726, -0.4581228472908506211, 0.000000000000000000 ) ) ;
#657 = ORIENTED_EDGE ( 'NONE', *, *, #2235, .F. ) ;
#658 = EDGE_CURVE ( 'NONE', #2003, #1245, #3344, .T. ) ;
#659 = CARTESIAN_POINT ( 'NONE',  ( -11.00000000000000000, -6.000000000000000000, 6.500000000000000888 ) ) ;
#660 = PRODUCT ( 'P001-B100_SquareDynamo_Rev2D-14', 'P001-B100_SquareDynamo_Rev2D-14', '', ( #452 ) ) ;
#661 = ORIENTED_EDGE ( 'NONE', *, *, #1554, .T. ) ;
#662 = VECTOR ( 'NONE', #2813, 1000.000000000000000 ) ;
#663 = LINE ( 'NONE', #2776, #2514 ) ;
#664 = AXIS2_PLACEMENT_3D ( 'NONE', #795, #284, #1584 ) ;
#665 = ORIENTED_EDGE ( 'NONE', *, *, #640, .F. ) ;
#666 = DIRECTION ( 'NONE',  ( -0.000000000000000000, -1.000000000000000000, -0.000000000000000000 ) ) ;
#667 = CARTESIAN_POINT ( 'NONE',  ( 0.000000000000000000, 0.000000000000000000, -13.60000000000000142 ) ) ;
#668 = FACE_OUTER_BOUND ( 'NONE', #824, .T. ) ;
#669 = ORIENTED_EDGE ( 'NONE', *, *, #2006, .T. ) ;
#670 = CARTESIAN_POINT ( 'NONE',  ( -13.00000000000000178, 5.000000000000000000, -9.500000000000000000 ) ) ;
#671 = ORIENTED_EDGE ( 'NONE', *, *, #2542, .T. ) ;
#672 = CARTESIAN_POINT ( 'NONE',  ( 16.00000000000000000, 3.999999999999998224, 0.000000000000000000 ) ) ;
#673 = ORIENTED_EDGE ( 'NONE', *, *, #43, .F. ) ;
#674 = LINE ( 'NONE', #237, #2023 ) ;
#675 = ORIENTED_EDGE ( 'NONE', *, *, #1458, .T. ) ;
#676 = CYLINDRICAL_SURFACE ( 'NONE', #2880, 0.6250000000000005551 ) ;
#677 = CARTESIAN_POINT ( 'NONE',  ( -13.50229031234331956, 4.000000000000003553, -11.98937380071401648 ) ) ;
#678 = CARTESIAN_POINT ( 'NONE',  ( 0.000000000000000000, 2.232233047033626683, 7.250000000000001776 ) ) ;
#679 = LINE ( 'NONE', #271, #406 ) ;
#680 = EDGE_CURVE ( 'NONE', #327, #2902, #843, .T. ) ;
#681 = DIRECTION ( 'NONE',  ( -0.000000000000000000, -0.000000000000000000, 1.000000000000000000 ) ) ;
#682 = ORIENTED_EDGE ( 'NONE', *, *, #1609, .T. ) ;
#683 = AXIS2_PLACEMENT_3D ( 'NONE', #2696, #380, #1400 ) ;
#684 = CARTESIAN_POINT ( 'NONE',  ( -1.799999999999996492, -6.469253141418799650E-16, -0.7500000000000000000 ) ) ;
#685 = ORIENTED_EDGE ( 'NONE', *, *, #1886, .F. ) ;
#686 = EDGE_CURVE ( 'NONE', #1060, #1802, #2749, .T. ) ;
#687 = AXIS2_PLACEMENT_3D ( 'NONE', #956, #936, #1233 ) ;
#688 = DIRECTION ( 'NONE',  ( -1.000000000000000000, 0.000000000000000000, 0.000000000000000000 ) ) ;
#689 = EDGE_CURVE ( 'NONE', #128, #1274, #2188, .T. ) ;
#690 = VERTEX_POINT ( 'NONE', #2920 ) ;
#691 = AXIS2_PLACEMENT_3D ( 'NONE', #1229, #1483, #2553 ) ;
#692 = DIRECTION ( 'NONE',  ( -0.000000000000000000, 0.000000000000000000, 1.000000000000000000 ) ) ;
#693 = AXIS2_PLACEMENT_3D ( 'NONE', #70, #2410, #2130 ) ;
#694 = CARTESIAN_POINT ( 'NONE',  ( -13.40000000000000036, 4.000000000000003553, -11.97760418287103157 ) ) ;
#695 = CARTESIAN_POINT ( 'NONE',  ( -12.60000000000000142, -5.604669331122392073, -11.50000000000000000 ) ) ;
#696 = CARTESIAN_POINT ( 'NONE',  ( -9.099803424317499889, -4.000000000000000888, 0.7713981710483512888 ) ) ;
#697 = ORIENTED_EDGE ( 'NONE', *, *, #3054, .T. ) ;
#698 = AXIS2_PLACEMENT_3D ( 'NONE', #2238, #1432, #2944 ) ;
#699 = CARTESIAN_POINT ( 'NONE',  ( -12.39543807356786154, -4.000000000000000000, -12.00000000000000000 ) ) ;
#700 = CARTESIAN_POINT ( 'NONE',  ( 9.375000000000001776, 8.000000000000000000, 0.5000000000000051070 ) ) ;
#701 = ORIENTED_EDGE ( 'NONE', *, *, #1492, .F. ) ;
#702 = ADVANCED_FACE ( 'NONE', ( #3194 ), #277, .F. ) ;
#703 = AXIS2_PLACEMENT_3D ( 'NONE', #2196, #901, #3200 ) ;
#704 = CIRCLE ( 'NONE', #2823, 0.7249999999999999778 ) ;
#705 = ORIENTED_EDGE ( 'NONE', *, *, #2997, .T. ) ;
#706 = ORIENTED_EDGE ( 'NONE', *, *, #3230, .F. ) ;
#707 = DIRECTION ( 'NONE',  ( 1.927470528863119295E-16, 0.000000000000000000, -1.000000000000000000 ) ) ;
#708 = ADVANCED_FACE ( 'NONE', ( #2501 ), #454, .F. ) ;
#709 = PLANE ( 'NONE',  #2571 ) ;
#710 = EDGE_CURVE ( 'NONE', #2324, #2003, #1991, .T. ) ;
#711 = VECTOR ( 'NONE', #2874, 1000.000000000000000 ) ;
#712 = LINE ( 'NONE', #1700, #605 ) ;
#713 = LINE ( 'NONE', #1473, #2021 ) ;
#714 = CYLINDRICAL_SURFACE ( 'NONE', #1568, 1.800000000000000044 ) ;
#715 = ORIENTED_EDGE ( 'NONE', *, *, #1844, .F. ) ;
#716 = CARTESIAN_POINT ( 'NONE',  ( 13.00000000000000178, 5.000000000000000000, -14.00000000000000000 ) ) ;
#717 = LINE ( 'NONE', #1495, #924 ) ;
#718 = ORIENTED_EDGE ( 'NONE', *, *, #231, .T. ) ;
#719 = CARTESIAN_POINT ( 'NONE',  ( 13.28632677955678432, -4.444444444444444642, -12.50000000000000000 ) ) ;
#720 = EDGE_CURVE ( 'NONE', #1477, #1231, #1749, .T. ) ;
#721 = CARTESIAN_POINT ( 'NONE',  ( -13.70754858490424688, -4.000000000000000000, -12.00000000000000000 ) ) ;
#722 = ORIENTED_EDGE ( 'NONE', *, *, #152, .T. ) ;
#723 = ORIENTED_EDGE ( 'NONE', *, *, #2657, .T. ) ;
#724 = CARTESIAN_POINT ( 'NONE',  ( 0.000000000000000000, 5.999999999999996447, 7.250000000000003553 ) ) ;
#725 = EDGE_CURVE ( 'NONE', #1241, #943, #215, .T. ) ;
#726 = CARTESIAN_POINT ( 'NONE',  ( -16.00000000000000000, 3.999999999999996447, 6.000000000000000000 ) ) ;
#727 = ORIENTED_EDGE ( 'NONE', *, *, #3012, .T. ) ;
#728 = CARTESIAN_POINT ( 'NONE',  ( -13.72500000000000142, 5.000000000000000000, -11.50000000000000000 ) ) ;
#729 = ADVANCED_FACE ( 'NONE', ( #993 ), #736, .T. ) ;
#730 = CARTESIAN_POINT ( 'NONE',  ( -11.00000000000000000, -6.000000000000000000, -12.00000000000000000 ) ) ;
#731 = DIRECTION ( 'NONE',  ( -0.000000000000000000, 0.000000000000000000, 1.000000000000000000 ) ) ;
#732 = CARTESIAN_POINT ( 'NONE',  ( -12.60000000000000142, 5.893870436543481972, -11.94707576881303090 ) ) ;
#733 = VERTEX_POINT ( 'NONE', #529 ) ;
#734 = CARTESIAN_POINT ( 'NONE',  ( 12.90035529584750051, 5.625000672333419161, -12.48412260580361810 ) ) ;
#735 = CARTESIAN_POINT ( 'NONE',  ( 13.00000000000000178, -5.000000000000000000, -12.50000000000000000 ) ) ;
#736 = CYLINDRICAL_SURFACE ( 'NONE', #1953, 2.000000000000000000 ) ;
#737 = VERTEX_POINT ( 'NONE', #515 ) ;
#738 = ORIENTED_EDGE ( 'NONE', *, *, #2803, .T. ) ;
#739 = LINE ( 'NONE', #2505, #816 ) ;
#740 = CIRCLE ( 'NONE', #1194, 10.00000000000000000 ) ;
#741 = AXIS2_PLACEMENT_3D ( 'NONE', #2491, #1207, #2176 ) ;
#742 = DIRECTION ( 'NONE',  ( -0.000000000000000000, -0.000000000000000000, -1.000000000000000000 ) ) ;
#743 = AXIS2_PLACEMENT_3D ( 'NONE', #3145, #2341, #793 ) ;
#744 = EDGE_CURVE ( 'NONE', #307, #3106, #1309, .T. ) ;
#745 = ORIENTED_EDGE ( 'NONE', *, *, #1182, .F. ) ;
#746 = DIRECTION ( 'NONE',  ( 0.000000000000000000, -1.000000000000000000, 0.000000000000000000 ) ) ;
#747 = LINE ( 'NONE', #1792, #2980 ) ;
#748 = DIRECTION ( 'NONE',  ( -0.000000000000000000, -0.000000000000000000, -1.000000000000000000 ) ) ;
#749 = EDGE_CURVE ( 'NONE', #2309, #1477, #2169, .T. ) ;
#750 = ORIENTED_EDGE ( 'NONE', *, *, #1908, .T. ) ;
#751 = AXIS2_PLACEMENT_3D ( 'NONE', #2303, #222, #2266 ) ;
#752 = CARTESIAN_POINT ( 'NONE',  ( 7.654042494670961551E-17, 3.999999999999996447, 6.000000000000003553 ) ) ;
#753 = EDGE_CURVE ( 'NONE', #1698, #1048, #389, .T. ) ;
#754 = VERTEX_POINT ( 'NONE', #309 ) ;
#755 = ORIENTED_EDGE ( 'NONE', *, *, #2220, .T. ) ;
#756 = CARTESIAN_POINT ( 'NONE',  ( -16.00000000000000000, -4.000000000000000000, -12.00000000000000000 ) ) ;
#757 = VECTOR ( 'NONE', #185, 1000.000000000000000 ) ;
#758 = DIRECTION ( 'NONE',  ( 1.000000000000000000, 0.000000000000000000, 0.000000000000000000 ) ) ;
#759 = ORIENTED_EDGE ( 'NONE', *, *, #744, .F. ) ;
#760 = VECTOR ( 'NONE', #2297, 1000.000000000000000 ) ;
#761 = DIRECTION ( 'NONE',  ( -0.000000000000000000, -0.000000000000000000, -1.000000000000000000 ) ) ;
#762 = CARTESIAN_POINT ( 'NONE',  ( 9.708243919473805050, 3.999999999999998224, 0.000000000000000000 ) ) ;
#763 = CARTESIAN_POINT ( 'NONE',  ( -12.60000000000000142, 5.796593436529308363, -11.88646868910351628 ) ) ;
#764 = ORIENTED_EDGE ( 'NONE', *, *, #749, .T. ) ;
#765 = LINE ( 'NONE', #23, #1845 ) ;
#766 = DIRECTION ( 'NONE',  ( 1.000000000000000000, 0.000000000000000000, 0.000000000000000000 ) ) ;
#767 = EDGE_CURVE ( 'NONE', #1286, #1487, #1277, .T. ) ;
#768 = CARTESIAN_POINT ( 'NONE',  ( -16.00000000000000000, 5.999999999999998224, 8.000000000000000000 ) ) ;
#769 = DIRECTION ( 'NONE',  ( -0.000000000000000000, 1.000000000000000000, 1.334402673828313093E-16 ) ) ;
#770 = DIRECTION ( 'NONE',  ( 0.000000000000000000, 1.000000000000000000, 0.000000000000000000 ) ) ;
#771 = ORIENTED_EDGE ( 'NONE', *, *, #1497, .T. ) ;
#772 = ORIENTED_EDGE ( 'NONE', *, *, #3273, .F. ) ;
#773 = CARTESIAN_POINT ( 'NONE',  ( 13.24235702543887783, 5.578217048125566180, -12.49999993682065913 ) ) ;
#774 = ORIENTED_EDGE ( 'NONE', *, *, #2781, .T. ) ;
#775 = CARTESIAN_POINT ( 'NONE',  ( 9.708243919473801498, -4.000000000000005329, 29.69848480983499783 ) ) ;
#776 = VERTEX_POINT ( 'NONE', #254 ) ;
#777 = CARTESIAN_POINT ( 'NONE',  ( 9.000000000000000000, 8.000000000000000000, 8.000000000000000000 ) ) ;
#778 = CARTESIAN_POINT ( 'NONE',  ( -8.616843969807041148, -6.000000000000000000, -12.00000000000000000 ) ) ;
#779 = CARTESIAN_POINT ( 'NONE',  ( -11.00000000000000000, 10.99999999999999822, 1.000000000000000000 ) ) ;
#780 = ORIENTED_EDGE ( 'NONE', *, *, #1886, .T. ) ;
#781 = LINE ( 'NONE', #1815, #165 ) ;
#782 = CARTESIAN_POINT ( 'NONE',  ( 13.11579176478857178, 4.383475958943177986, -12.09017709456492007 ) ) ;
#783 = TOROIDAL_SURFACE ( 'NONE', #1186, 1.125000000000000666, 0.5000000000000000000 ) ;
#784 = EDGE_CURVE ( 'NONE', #3150, #160, #2310, .T. ) ;
#785 = DIRECTION ( 'NONE',  ( 0.000000000000000000, -0.000000000000000000, -1.000000000000000000 ) ) ;
#786 = CARTESIAN_POINT ( 'NONE',  ( 12.75736036478466318, 5.578071394380720527, -12.49999993464115988 ) ) ;
#787 = EDGE_LOOP ( 'NONE', ( #2811, #426, #2460, #3031 ) ) ;
#788 = B_SPLINE_CURVE_WITH_KNOTS ( 'NONE', 3,
 ( #306, #1608, #1532, #2824 ),
 .UNSPECIFIED., .F., .F.,
 ( 4, 4 ),
 ( 0.001112955561302295332, 0.001422265118769795679 ),
 .UNSPECIFIED. ) ;
#789 = AXIS2_PLACEMENT_3D ( 'NONE', #62, #1943, #2702 ) ;
#790 = CARTESIAN_POINT ( 'NONE',  ( 13.00000000000000178, 5.000000000000000000, -12.50000000000000000 ) ) ;
#791 = CARTESIAN_POINT ( 'NONE',  ( 16.00000000000000000, 6.000000000000005329, -11.99999999999999645 ) ) ;
#792 = ORIENTED_EDGE ( 'NONE', *, *, #236, .T. ) ;
#793 = DIRECTION ( 'NONE',  ( 0.000000000000000000, -4.003208021484940018E-16, 1.000000000000000000 ) ) ;
#794 = LINE ( 'NONE', #577, #2744 ) ;
#795 = CARTESIAN_POINT ( 'NONE',  ( 13.00000000000000178, 5.000000000000000000, -14.00000000000000000 ) ) ;
#796 = CARTESIAN_POINT ( 'NONE',  ( -13.40000000000000036, -4.395330668877602598, -11.61119300775831675 ) ) ;
#797 = CIRCLE ( 'NONE', #3135, 0.7249999999999999778 ) ;
#798 = EDGE_LOOP ( 'NONE', ( #2260, #408, #2992, #1377, #3017, #239, #1036, #471, #1779 ) ) ;
#799 = VECTOR ( 'NONE', #1323, 1000.000000000000000 ) ;
#800 = LINE ( 'NONE', #1275, #1077 ) ;
#801 = VECTOR ( 'NONE', #1122, 1000.000000000000000 ) ;
#802 = B_SPLINE_CURVE_WITH_KNOTS ( 'NONE', 3,
 ( #830, #1866, #2121, #57, #2892, #2668 ),
 .UNSPECIFIED., .F., .F.,
 ( 4, 2, 4 ),
 ( 0.000000000000000000, 0.0002984419316848480703, 0.0005968838633696961406 ),
 .UNSPECIFIED. ) ;
#803 = DIRECTION ( 'NONE',  ( 0.000000000000000000, 1.000000000000000000, -0.000000000000000000 ) ) ;
#804 = EDGE_CURVE ( 'NONE', #272, #2665, #2504, .T. ) ;
#805 = ORIENTED_EDGE ( 'NONE', *, *, #3183, .F. ) ;
#806 = CARTESIAN_POINT ( 'NONE',  ( -12.60000000000000142, 6.000000000000000000, -6.587956044287794910 ) ) ;
#807 = EDGE_CURVE ( 'NONE', #267, #2610, #740, .T. ) ;
#808 = EDGE_CURVE ( 'NONE', #2364, #754, #168, .T. ) ;
#809 = CARTESIAN_POINT ( 'NONE',  ( -16.00000000000000000, -4.000000000000002665, 6.000000000000001776 ) ) ;
#810 = VECTOR ( 'NONE', #2466, 1000.000000000000000 ) ;
#811 = ORIENTED_EDGE ( 'NONE', *, *, #2719, .F. ) ;
#812 = CARTESIAN_POINT ( 'NONE',  ( -13.00000000000000178, 5.000000000000000000, -11.50000000000000000 ) ) ;
#813 = DIRECTION ( 'NONE',  ( -0.000000000000000000, -0.000000000000000000, -1.000000000000000000 ) ) ;
#814 = AXIS2_PLACEMENT_3D ( 'NONE', #2608, #2737, #462 ) ;
#815 = CARTESIAN_POINT ( 'NONE',  ( 0.000000000000000000, 0.000000000000000000, -12.00000000000000000 ) ) ;
#816 = VECTOR ( 'NONE', #2541, 1000.000000000000000 ) ;
#817 = ORIENTED_EDGE ( 'NONE', *, *, #1116, .F. ) ;
#818 = AXIS2_PLACEMENT_3D ( 'NONE', #2567, #1530, #3331 ) ;
#819 = ORIENTED_EDGE ( 'NONE', *, *, #2621, .F. ) ;
#820 = CARTESIAN_POINT ( 'NONE',  ( 16.00000000000000000, -4.000000000000000000, -12.00000000000000000 ) ) ;
#821 = EDGE_CURVE ( 'NONE', #1342, #3107, #3171, .T. ) ;
#822 = LINE ( 'NONE', #1073, #1860 ) ;
#823 = CARTESIAN_POINT ( 'NONE',  ( 13.19736682474890266, -5.601404466820938843, -12.49999999999999822 ) ) ;
#824 = EDGE_LOOP ( 'NONE', ( #2523, #2038, #1868, #1821, #3088 ) ) ;
#825 = CARTESIAN_POINT ( 'NONE',  ( -8.616843969807044701, 3.999999999999998224, 1.000000000000000000 ) ) ;
#826 = CARTESIAN_POINT ( 'NONE',  ( 12.75736036478468804, -4.421928605619259045, -12.49999993464115988 ) ) ;
#827 = ORIENTED_EDGE ( 'NONE', *, *, #1182, .T. ) ;
#828 = ADVANCED_FACE ( 'NONE', ( #1360 ), #1672, .T. ) ;
#829 = DIRECTION ( 'NONE',  ( -1.000000000000000000, 0.000000000000000000, -0.000000000000000000 ) ) ;
#830 = CARTESIAN_POINT ( 'NONE',  ( 12.71367322044321746, -4.444444444444444642, -12.50000000000000000 ) ) ;
#831 = DIRECTION ( 'NONE',  ( -0.000000000000000000, 1.000000000000000000, 5.337610695313252371E-16 ) ) ;
#832 = CARTESIAN_POINT ( 'NONE',  ( -13.40000000000000036, 5.657865164201732355, -11.71391512107138944 ) ) ;
#833 = VERTEX_POINT ( 'NONE', #1143 ) ;
#834 = EDGE_CURVE ( 'NONE', #2034, #3251, #2750, .T. ) ;
#835 = CARTESIAN_POINT ( 'NONE',  ( -14.00000000000000000, 0.000000000000000000, 8.000000000000000000 ) ) ;
#836 = LINE ( 'NONE', #2126, #1551 ) ;
#837 = CARTESIAN_POINT ( 'NONE',  ( -13.40000000000000036, -5.893506759211229351, -11.94697115618865269 ) ) ;
#838 = VECTOR ( 'NONE', #1121, 1000.000000000000000 ) ;
#839 = ORIENTED_EDGE ( 'NONE', *, *, #1986, .T. ) ;
#840 = CARTESIAN_POINT ( 'NONE',  ( -16.00000000000000000, 0.000000000000000000, 0.000000000000000000 ) ) ;
#841 = CARTESIAN_POINT ( 'NONE',  ( 12.80452415884299988, -4.404281910398380795, -12.49521009249059844 ) ) ;
#842 = FACE_OUTER_BOUND ( 'NONE', #1025, .T. ) ;
#843 = CIRCLE ( 'NONE', #1289, 0.6250000000000002220 ) ;
#844 = LINE ( 'NONE', #350, #2849 ) ;
#845 = DIRECTION ( 'NONE',  ( -0.000000000000000000, -0.000000000000000000, -1.000000000000000000 ) ) ;
#846 = CARTESIAN_POINT ( 'NONE',  ( 14.50000000000000000, -5.000000000000000000, 6.000000000000001776 ) ) ;
#847 = DIRECTION ( 'NONE',  ( 1.000000000000000000, 0.000000000000000000, 0.000000000000000000 ) ) ;
#848 = ADVANCED_FACE ( 'NONE', ( #2580 ), #258, .F. ) ;
#849 = ORIENTED_EDGE ( 'NONE', *, *, #112, .T. ) ;
#850 = CIRCLE ( 'NONE', #2921, 1.225000000000000311 ) ;
#851 = CARTESIAN_POINT ( 'NONE',  ( -1.075000000000000400, 0.000000000000000000, -13.60000000000000142 ) ) ;
#852 = EDGE_CURVE ( 'NONE', #2226, #2838, #3225, .T. ) ;
#853 = VECTOR ( 'NONE', #42, 1000.000000000000000 ) ;
#854 = DIRECTION ( 'NONE',  ( 0.000000000000000000, 1.000000000000000000, 0.000000000000000000 ) ) ;
#855 = PLANE ( 'NONE',  #1918 ) ;
#856 = AXIS2_PLACEMENT_3D ( 'NONE', #1136, #1674, #1917 ) ;
#857 = ADVANCED_FACE ( 'NONE', ( #906 ), #2229, .T. ) ;
#858 = AXIS2_PLACEMENT_3D ( 'NONE', #1526, #2252, #2582 ) ;
#859 = ORIENTED_EDGE ( 'NONE', *, *, #65, .T. ) ;
#860 = CARTESIAN_POINT ( 'NONE',  ( -10.00000000000000000, 0.000000000000000000, 1.000000000000004441 ) ) ;
#861 = VERTEX_POINT ( 'NONE', #948 ) ;
#862 = DIRECTION ( 'NONE',  ( 0.000000000000000000, -1.000000000000000000, 0.000000000000000000 ) ) ;
#863 = CARTESIAN_POINT ( 'NONE',  ( -11.00000000000000000, 10.99999999999999822, -12.00000000000000000 ) ) ;
#864 = DIRECTION ( 'NONE',  ( -1.000000000000000000, 0.000000000000000000, 0.000000000000000000 ) ) ;
#865 = FACE_OUTER_BOUND ( 'NONE', #31, .T. ) ;
#866 = FACE_OUTER_BOUND ( 'NONE', #2461, .T. ) ;
#867 = ORIENTED_EDGE ( 'NONE', *, *, #3075, .F. ) ;
#868 = AXIS2_PLACEMENT_3D ( 'NONE', #840, #1898, #1965 ) ;
#869 = CARTESIAN_POINT ( 'NONE',  ( 16.00000000000000000, 4.000000000000003553, -11.99999999999999822 ) ) ;
#870 = VERTEX_POINT ( 'NONE', #2999 ) ;
#871 = CIRCLE ( 'NONE', #2994, 0.7249999999999999778 ) ;
#872 = VERTEX_POINT ( 'NONE', #2004 ) ;
#873 = ADVANCED_FACE ( 'NONE', ( #3271 ), #136, .T. ) ;
#874 = EDGE_CURVE ( 'NONE', #2838, #861, #2965, .T. ) ;
#875 = CARTESIAN_POINT ( 'NONE',  ( -14.00000000000000000, 0.000000000000000000, 8.000000000000000000 ) ) ;
#876 = CIRCLE ( 'NONE', #1044, 10.50000000000000000 ) ;
#877 = SHAPE_DEFINITION_REPRESENTATION ( #894, #1369 ) ;
#878 = SURFACE_STYLE_FILL_AREA ( #2440 ) ;
#879 = EDGE_CURVE ( 'NONE', #1744, #3107, #988, .T. ) ;
#880 = CARTESIAN_POINT ( 'NONE',  ( 0.000000000000000000, 0.000000000000000000, 8.000000000000000000 ) ) ;
#881 = EDGE_LOOP ( 'NONE', ( #169, #2286, #287, #1923 ) ) ;
#882 = CARTESIAN_POINT ( 'NONE',  ( 12.37500000000000000, 5.000000000000000000, -14.00000000000000000 ) ) ;
#883 = DIRECTION ( 'NONE',  ( 0.000000000000000000, 0.000000000000000000, -1.000000000000000000 ) ) ;
#884 = CARTESIAN_POINT ( 'NONE',  ( -9.000000000000000000, 8.000000000000000000, 8.000000000000000000 ) ) ;
#885 = DIRECTION ( 'NONE',  ( 0.000000000000000000, 0.000000000000000000, -1.000000000000000000 ) ) ;
#886 = CYLINDRICAL_SURFACE ( 'NONE', #3201, 0.6250000000000001110 ) ;
#887 = VERTEX_POINT ( 'NONE', #1760 ) ;
#888 = EDGE_CURVE ( 'NONE', #507, #1978, #2709, .T. ) ;
#889 = DIRECTION ( 'NONE',  ( -1.000000000000000000, -7.885106708985487801E-17, -0.000000000000000000 ) ) ;
#890 = EDGE_LOOP ( 'NONE', ( #3310, #1999, #2149, #473, #2292 ) ) ;
#891 = CARTESIAN_POINT ( 'NONE',  ( 12.88397359749725801, -5.616453361547208978, -12.09009649580187507 ) ) ;
#892 = ORIENTED_EDGE ( 'NONE', *, *, #888, .F. ) ;
#893 = ADVANCED_FACE ( 'NONE', ( #232 ), #2323, .T. ) ;
#894 = PRODUCT_DEFINITION_SHAPE ( 'NONE', 'NONE',  #491 ) ;
#895 = ORIENTED_EDGE ( 'NONE', *, *, #3061, .T. ) ;
#896 = DIRECTION ( 'NONE',  ( 1.000000000000000000, 0.000000000000000000, 0.000000000000000000 ) ) ;
#897 = EDGE_CURVE ( 'NONE', #833, #1945, #3274, .T. ) ;
#898 = CIRCLE ( 'NONE', #587, 1.125000000000000888 ) ;
#899 = CARTESIAN_POINT ( 'NONE',  ( -14.50000000000000000, -5.000000000000000000, 6.000000000000000888 ) ) ;
#900 = ORIENTED_EDGE ( 'NONE', *, *, #374, .T. ) ;
#901 = DIRECTION ( 'NONE',  ( 0.000000000000000000, -1.000000000000000000, -4.003208021484940018E-16 ) ) ;
#902 = CARTESIAN_POINT ( 'NONE',  ( -13.40000000000000036, 4.395330668877607927, -11.50000000000000000 ) ) ;
#903 = ADVANCED_FACE ( 'NONE', ( #1304 ), #2801, .F. ) ;
#904 = EDGE_LOOP ( 'NONE', ( #3245, #2570, #115, #2351 ) ) ;
#905 = CARTESIAN_POINT ( 'NONE',  ( -11.00000000000000000, 8.000000000000000000, 8.000000000000000000 ) ) ;
#906 = FACE_OUTER_BOUND ( 'NONE', #1450, .T. ) ;
#907 = EDGE_LOOP ( 'NONE', ( #437, #701, #565, #1911 ) ) ;
#908 = VECTOR ( 'NONE', #2982, 1000.000000000000000 ) ;
#909 = ORIENTED_EDGE ( 'NONE', *, *, #2643, .F. ) ;
#910 = CARTESIAN_POINT ( 'NONE',  ( -16.00000000000000000, 4.000000000000003553, -11.99999999999999822 ) ) ;
#911 = VECTOR ( 'NONE', #742, 1000.000000000000000 ) ;
#912 = CARTESIAN_POINT ( 'NONE',  ( 0.000000000000000000, 0.000000000000000000, 1.000000000000004441 ) ) ;
#913 = EDGE_CURVE ( 'NONE', #2124, #2315, #3023, .T. ) ;
#914 = EDGE_CURVE ( 'NONE', #1756, #1111, #2355, .T. ) ;
#915 = DIRECTION ( 'NONE',  ( 0.000000000000000000, 0.000000000000000000, 1.000000000000000000 ) ) ;
#916 = ORIENTED_EDGE ( 'NONE', *, *, #2551, .T. ) ;
#917 = CARTESIAN_POINT ( 'NONE',  ( 9.165151389911679658, -4.000000000000000000, 0.6386599380290046701 ) ) ;
#918 = DIRECTION ( 'NONE',  ( 1.000000000000000000, 0.000000000000000000, 0.000000000000000000 ) ) ;
#919 = VERTEX_POINT ( 'NONE', #352 ) ;
#920 = ORIENTED_EDGE ( 'NONE', *, *, #2236, .F. ) ;
#921 = AXIS2_PLACEMENT_3D ( 'NONE', #1092, #584, #2369 ) ;
#922 = AXIS2_PLACEMENT_3D ( 'NONE', #1541, #3177, #1617 ) ;
#923 = DIRECTION ( 'NONE',  ( -1.000000000000000000, 0.000000000000000000, -0.000000000000000000 ) ) ;
#924 = VECTOR ( 'NONE', #496, 1000.000000000000000 ) ;
#925 = EDGE_LOOP ( 'NONE', ( #2025, #1960, #1480, #2325, #3125 ) ) ;
#926 = CIRCLE ( 'NONE', #1687, 1.475000000000000311 ) ;
#927 = DIRECTION ( 'NONE',  ( 0.000000000000000000, -1.000000000000000000, -4.003208021484940018E-16 ) ) ;
#928 = CARTESIAN_POINT ( 'NONE',  ( -12.60000000000000675, -4.106243531793325907, -11.94704298555795319 ) ) ;
#929 = PLANE ( 'NONE',  #345 ) ;
#930 = EDGE_CURVE ( 'NONE', #3320, #1241, #1726, .T. ) ;
#931 = ORIENTED_EDGE ( 'NONE', *, *, #1890, .T. ) ;
#932 = CARTESIAN_POINT ( 'NONE',  ( 13.17812013441747432, 4.000000000000003553, -12.00000000000000000 ) ) ;
#933 = EDGE_CURVE ( 'NONE', #1825, #1199, #850, .T. ) ;
#934 = EDGE_LOOP ( 'NONE', ( #2485, #2894 ) ) ;
#935 = CARTESIAN_POINT ( 'NONE',  ( -12.60000000000000142, -4.000000000000000000, -11.97760418287102979 ) ) ;
#936 = DIRECTION ( 'NONE',  ( -0.000000000000000000, 0.000000000000000000, 1.000000000000000000 ) ) ;
#937 = ORIENTED_EDGE ( 'NONE', *, *, #1343, .T. ) ;
#938 = CARTESIAN_POINT ( 'NONE',  ( -13.40000000000000036, 4.395330668877608815, -9.500000000000000000 ) ) ;
#939 = CARTESIAN_POINT ( 'NONE',  ( -13.70754858490425221, 4.000000000000003553, -11.99999999999999822 ) ) ;
#940 = CARTESIAN_POINT ( 'NONE',  ( 16.00000000000000000, 0.000000000000000000, 0.000000000000000000 ) ) ;
#941 = CARTESIAN_POINT ( 'NONE',  ( -12.59999999999999787, -4.312595733692503153, -11.76073641107260315 ) ) ;
#942 = DIRECTION ( 'NONE',  ( 1.000000000000000000, 0.000000000000000000, 0.000000000000000000 ) ) ;
#943 = VERTEX_POINT ( 'NONE', #564 ) ;
#944 = AXIS2_PLACEMENT_3D ( 'NONE', #2906, #300, #318 ) ;
#945 = CARTESIAN_POINT ( 'NONE',  ( 13.25997350628586879, -5.569137843276148025, -12.03492545813872816 ) ) ;
#946 = CARTESIAN_POINT ( 'NONE',  ( 13.05791819015101574, 4.375010060856519445, -12.09681584590153314 ) ) ;
#947 = ADVANCED_FACE ( 'NONE', ( #1586 ), #1620, .T. ) ;
#948 = CARTESIAN_POINT ( 'NONE',  ( -11.00000000000000000, 8.000000000000000000, 1.000000000000000000 ) ) ;
#949 = VECTOR ( 'NONE', #1113, 1000.000000000000000 ) ;
#950 = ORIENTED_EDGE ( 'NONE', *, *, #1731, .T. ) ;
#951 = CARTESIAN_POINT ( 'NONE',  ( 13.28632677955678432, -4.444444444444442865, -12.00000000000000000 ) ) ;
#952 = CARTESIAN_POINT ( 'NONE',  ( 13.19742386717143567, 5.601375067829283516, -12.50000000000000178 ) ) ;
#953 = ADVANCED_FACE ( 'NONE', ( #425 ), #3203, .F. ) ;
#954 = EDGE_CURVE ( 'NONE', #1227, #1096, #170, .T. ) ;
#955 = CARTESIAN_POINT ( 'NONE',  ( -13.40000000000000036, 6.000000000000000000, -6.587956044287794910 ) ) ;
#956 = CARTESIAN_POINT ( 'NONE',  ( 0.000000000000000000, 0.000000000000000000, -12.00000000000000000 ) ) ;
#957 = VECTOR ( 'NONE', #402, 1000.000000000000000 ) ;
#958 = ORIENTED_EDGE ( 'NONE', *, *, #2746, .F. ) ;
#959 = CARTESIAN_POINT ( 'NONE',  ( -12.60000000000000142, -4.000000000000000000, -9.500000000000000000 ) ) ;
#960 = CIRCLE ( 'NONE', #339, 0.6250000000000005551 ) ;
#961 = CARTESIAN_POINT ( 'NONE',  ( 12.94208180984921874, -4.375010060856559413, -12.09681584590153136 ) ) ;
#962 = CARTESIAN_POINT ( 'NONE',  ( -12.60000000000000320, -4.203150959492433891, -11.88666702814062326 ) ) ;
#963 = FACE_OUTER_BOUND ( 'NONE', #3139, .T. ) ;
#964 = CIRCLE ( 'NONE', #2557, 0.6250000000000005551 ) ;
#965 = ORIENTED_EDGE ( 'NONE', *, *, #1605, .T. ) ;
#966 = DIRECTION ( 'NONE',  ( -0.000000000000000000, 0.000000000000000000, -1.000000000000000000 ) ) ;
#967 = ADVANCED_FACE ( 'NONE', ( #1177 ), #1969, .T. ) ;
#968 = CARTESIAN_POINT ( 'NONE',  ( 13.00000000000000178, 5.000000000000000000, -12.50000000000000000 ) ) ;
#969 = CARTESIAN_POINT ( 'NONE',  ( 12.78369958558666575, 4.410860274338985754, -12.06026643084088334 ) ) ;
#970 = ORIENTED_EDGE ( 'NONE', *, *, #1650, .F. ) ;
#971 = DIRECTION ( 'NONE',  ( -0.000000000000000000, -0.000000000000000000, 1.000000000000000000 ) ) ;
#972 = ORIENTED_EDGE ( 'NONE', *, *, #1327, .T. ) ;
#973 = AXIS2_PLACEMENT_3D ( 'NONE', #145, #2955, #1950 ) ;
#974 = ORIENTED_EDGE ( 'NONE', *, *, #1425, .F. ) ;
#975 = ORIENTED_EDGE ( 'NONE', *, *, #888, .T. ) ;
#976 = DIRECTION ( 'NONE',  ( 0.000000000000000000, 0.000000000000000000, 1.000000000000000000 ) ) ;
#977 = AXIS2_PLACEMENT_3D ( 'NONE', #48, #3192, #1909 ) ;
#978 = VECTOR ( 'NONE', #78, 1000.000000000000000 ) ;
#979 = ADVANCED_FACE ( 'NONE', ( #866 ), #1922, .F. ) ;
#980 = CARTESIAN_POINT ( 'NONE',  ( -12.60000000000000142, 4.349615657240021527, -11.71775136639407933 ) ) ;
#981 = CARTESIAN_POINT ( 'NONE',  ( 13.08952808493003417, -4.000000000000000000, -12.00000000000000000 ) ) ;
#982 = CARTESIAN_POINT ( 'NONE',  ( 9.165151389911681434, 3.999999999999998224, 1.000000000000004441 ) ) ;
#983 = CARTESIAN_POINT ( 'NONE',  ( 1.800000000000003375, -8.673617379884035472E-16, 0.000000000000000000 ) ) ;
#984 = ORIENTED_EDGE ( 'NONE', *, *, #2423, .T. ) ;
#985 = DIRECTION ( 'NONE',  ( -0.000000000000000000, 0.000000000000000000, 1.000000000000000000 ) ) ;
#986 = ORIENTED_EDGE ( 'NONE', *, *, #2715, .F. ) ;
#987 = CARTESIAN_POINT ( 'NONE',  ( 12.75764297456060525, 4.421782951874640766, -12.49999993682089183 ) ) ;
#988 = LINE ( 'NONE', #1812, #221 ) ;
#989 = ORIENTED_EDGE ( 'NONE', *, *, #3230, .T. ) ;
#990 = DIRECTION ( 'NONE',  ( 1.000000000000000000, 0.000000000000000000, 0.000000000000000000 ) ) ;
#991 = CARTESIAN_POINT ( 'NONE',  ( 16.00000000000000000, -5.000000000000000000, -12.00000000000000000 ) ) ;
#992 = CARTESIAN_POINT ( 'NONE',  ( -13.72500000000000142, 5.000000000000000000, -9.500000000000000000 ) ) ;
#993 = FACE_OUTER_BOUND ( 'NONE', #1175, .T. ) ;
#994 = EDGE_CURVE ( 'NONE', #2218, #2888, #2546, .T. ) ;
#995 = ORIENTED_EDGE ( 'NONE', *, *, #323, .F. ) ;
#996 = CARTESIAN_POINT ( 'NONE',  ( -14.49999999999999645, -6.000000000000000000, -12.00000000000000178 ) ) ;
#997 = CARTESIAN_POINT ( 'NONE',  ( -12.60000000000000142, 4.395330668876843205, -11.61042312689103717 ) ) ;
#998 = EDGE_CURVE ( 'NONE', #2843, #1825, #2753, .T. ) ;
#999 = LINE ( 'NONE', #464, #2759 ) ;
#1000 = ORIENTED_EDGE ( 'NONE', *, *, #1838, .F. ) ;
#1001 = DIRECTION ( 'NONE',  ( 0.000000000000000000, -0.000000000000000000, -1.000000000000000000 ) ) ;
#1002 = FACE_BOUND ( 'NONE', #337, .T. ) ;
#1003 = EDGE_LOOP ( 'NONE', ( #1778, #3144, #1724, #3170, #1940 ) ) ;
#1004 = AXIS2_PLACEMENT_3D ( 'NONE', #2852, #3348, #1791 ) ;
#1005 = DIRECTION ( 'NONE',  ( -0.000000000000000000, -0.000000000000000000, 1.000000000000000000 ) ) ;
#1006 = CYLINDRICAL_SURFACE ( 'NONE', #3248, 0.6250000000000005551 ) ;
#1007 = CARTESIAN_POINT ( 'NONE',  ( 0.000000000000000000, 0.000000000000000000, -13.60000000000000142 ) ) ;
#1008 = B_SPLINE_CURVE_WITH_KNOTS ( 'NONE', 3,
 ( #3027, #699, #1381, #1720 ),
 .UNSPECIFIED., .F., .F.,
 ( 4, 4 ),
 ( 0.000000000000000000, 0.0003083328212629352365 ),
 .UNSPECIFIED. ) ;
#1009 = AXIS2_PLACEMENT_3D ( 'NONE', #3083, #2040, #1781 ) ;
#1010 = CARTESIAN_POINT ( 'NONE',  ( -12.60000000000000142, -4.395330668877713620, -11.49999999999962697 ) ) ;
#1011 = VERTEX_POINT ( 'NONE', #983 ) ;
#1012 = VERTEX_POINT ( 'NONE', #1769 ) ;
#1013 = CARTESIAN_POINT ( 'NONE',  ( 13.00000000000000178, 5.000000000000000000, -12.50000000000000000 ) ) ;
#1014 = VECTOR ( 'NONE', #2898, 1000.000000000000000 ) ;
#1015 = ORIENTED_EDGE ( 'NONE', *, *, #2236, .T. ) ;
#1016 = DIRECTION ( 'NONE',  ( -0.000000000000000000, -0.000000000000000000, -1.000000000000000000 ) ) ;
#1017 = FACE_OUTER_BOUND ( 'NONE', #2394, .T. ) ;
#1018 = AXIS2_PLACEMENT_3D ( 'NONE', #466, #2531, #966 ) ;
#1019 = ORIENTED_EDGE ( 'NONE', *, *, #1609, .F. ) ;
#1020 = EDGE_CURVE ( 'NONE', #256, #2471, #1238, .T. ) ;
#1021 = PLANE ( 'NONE',  #2909 ) ;
#1022 = LINE ( 'NONE', #2669, #3085 ) ;
#1023 = LINE ( 'NONE', #16, #2883 ) ;
#1024 = DIRECTION ( 'NONE',  ( 0.000000000000000000, -4.336808689942017736E-16, 1.000000000000000000 ) ) ;
#1025 = EDGE_LOOP ( 'NONE', ( #3196, #995, #892, #533 ) ) ;
#1026 = CIRCLE ( 'NONE', #1789, 0.6250000000000003331 ) ;
#1027 = ADVANCED_FACE ( 'NONE', ( #3328 ), #2032, .F. ) ;
#1028 = CARTESIAN_POINT ( 'NONE',  ( -13.40000000000000036, 5.604669331122391185, -11.50000000000000000 ) ) ;
#1029 = CARTESIAN_POINT ( 'NONE',  ( 16.00000000000000000, 4.000000000000003553, -11.99999999999999822 ) ) ;
#1030 = ORIENTED_EDGE ( 'NONE', *, *, #439, .F. ) ;
#1031 = LINE ( 'NONE', #2807, #56 ) ;
#1032 = DIRECTION ( 'NONE',  ( 0.000000000000000000, 0.000000000000000000, -1.000000000000000000 ) ) ;
#1033 = CARTESIAN_POINT ( 'NONE',  ( 13.28632677955670793, -5.555555555555594438, -12.50000000000000000 ) ) ;
#1034 = DIRECTION ( 'NONE',  ( 0.000000000000000000, -6.938893903907232322E-16, 1.000000000000000000 ) ) ;
#1035 = ORIENTED_EDGE ( 'NONE', *, *, #3297, .T. ) ;
#1036 = ORIENTED_EDGE ( 'NONE', *, *, #852, .T. ) ;
#1037 = CARTESIAN_POINT ( 'NONE',  ( 12.90104437026551487, 5.619111161342190464, -12.48720827755428431 ) ) ;
#1038 = VECTOR ( 'NONE', #2012, 1000.000000000000000 ) ;
#1039 = DIRECTION ( 'NONE',  ( -0.000000000000000000, 0.000000000000000000, 1.000000000000000000 ) ) ;
#1040 = VECTOR ( 'NONE', #770, 1000.000000000000000 ) ;
#1041 = AXIS2_PLACEMENT_3D ( 'NONE', #120, #3213, #1150 ) ;
#1042 = DIRECTION ( 'NONE',  ( -1.000000000000000000, 0.000000000000000000, -0.000000000000000000 ) ) ;
#1043 = ORIENTED_EDGE ( 'NONE', *, *, #1786, .T. ) ;
#1044 = AXIS2_PLACEMENT_3D ( 'NONE', #1937, #1903, #2155 ) ;
#1045 = CARTESIAN_POINT ( 'NONE',  ( 0.000000000000000000, 0.000000000000000000, 0.5000000000000000000 ) ) ;
#1046 = FACE_OUTER_BOUND ( 'NONE', #2659, .T. ) ;
#1047 = CARTESIAN_POINT ( 'NONE',  ( -12.60000000000000142, 6.000000000000000000, -6.587956044287794910 ) ) ;
#1048 = VERTEX_POINT ( 'NONE', #2563 ) ;
#1049 = CARTESIAN_POINT ( 'NONE',  ( -13.40000000000000036, 4.000000000000000000, -9.500000000000000000 ) ) ;
#1050 = ORIENTED_EDGE ( 'NONE', *, *, #1554, .F. ) ;
#1051 = ADVANCED_FACE ( 'NONE', ( #245 ), #2047, .F. ) ;
#1052 = CARTESIAN_POINT ( 'NONE',  ( 3.469446951953614189E-15, -8.673617379884035472E-16, 0.000000000000000000 ) ) ;
#1053 = CARTESIAN_POINT ( 'NONE',  ( 12.80257613282855900, 4.398624932170720037, -12.50000000000000178 ) ) ;
#1054 = CARTESIAN_POINT ( 'NONE',  ( 16.00000000000000000, 6.000000000000005329, -11.99999999999999645 ) ) ;
#1055 = VERTEX_POINT ( 'NONE', #54 ) ;
#1056 = ORIENTED_EDGE ( 'NONE', *, *, #2525, .F. ) ;
#1057 = DIRECTION ( 'NONE',  ( 0.000000000000000000, -1.000000000000000000, -4.003208021484940018E-16 ) ) ;
#1058 = ORIENTED_EDGE ( 'NONE', *, *, #354, .F. ) ;
#1059 = DIRECTION ( 'NONE',  ( 0.4581228472907217242, -0.8888888888889557860, 0.000000000000000000 ) ) ;
#1060 = VERTEX_POINT ( 'NONE', #1827 ) ;
#1061 = CARTESIAN_POINT ( 'NONE',  ( -16.00000000000000000, 0.000000000000000000, 6.000000000000000000 ) ) ;
#1062 = PLANE ( 'NONE',  #22 ) ;
#1063 = DIRECTION ( 'NONE',  ( 0.000000000000000000, -1.000000000000000000, 0.000000000000000000 ) ) ;
#1064 = CARTESIAN_POINT ( 'NONE',  ( -13.40000000000000391, 5.604669331122470233, -11.55532799094769558 ) ) ;
#1065 = VERTEX_POINT ( 'NONE', #2890 ) ;
#1066 = EDGE_CURVE ( 'NONE', #3150, #2358, #34, .T. ) ;
#1067 = ORIENTED_EDGE ( 'NONE', *, *, #514, .T. ) ;
#1068 = LINE ( 'NONE', #3334, #2969 ) ;
#1069 = DIRECTION ( 'NONE',  ( 0.000000000000000000, -1.000000000000000000, 0.000000000000000000 ) ) ;
#1070 = AXIS2_PLACEMENT_3D ( 'NONE', #3199, #1916, #3164 ) ;
#1071 = ADVANCED_FACE ( 'NONE', ( #280 ), #266, .F. ) ;
#1072 = EDGE_CURVE ( 'NONE', #943, #294, #1252, .T. ) ;
#1073 = CARTESIAN_POINT ( 'NONE',  ( -13.40000000000000036, 6.000000000000000000, -9.500000000000000000 ) ) ;
#1074 = ORIENTED_EDGE ( 'NONE', *, *, #1786, .F. ) ;
#1075 = DIRECTION ( 'NONE',  ( 1.000000000000000000, 0.000000000000000000, 0.000000000000000000 ) ) ;
#1076 = ORIENTED_EDGE ( 'NONE', *, *, #1949, .T. ) ;
#1077 = VECTOR ( 'NONE', #2097, 1000.000000000000000 ) ;
#1078 = PLANE ( 'NONE',  #2662 ) ;
#1079 = CARTESIAN_POINT ( 'NONE',  ( 12.48461179679779143, -6.000000000000000000, -12.00000000000000000 ) ) ;
#1080 = ORIENTED_EDGE ( 'NONE', *, *, #897, .F. ) ;
#1081 = LINE ( 'NONE', #1061, #642 ) ;
#1082 = PLANE ( 'NONE',  #2412 ) ;
#1083 = AXIS2_PLACEMENT_3D ( 'NONE', #2640, #322, #2385 ) ;
#1084 = ORIENTED_EDGE ( 'NONE', *, *, #379, .T. ) ;
#1085 = ADVANCED_FACE ( 'NONE', ( #2231 ), #3002, .T. ) ;
#1086 = LINE ( 'NONE', #1607, #2330 ) ;
#1087 = AXIS2_PLACEMENT_3D ( 'NONE', #2787, #228, #1259 ) ;
#1088 = DIRECTION ( 'NONE',  ( 0.000000000000000000, -0.000000000000000000, -1.000000000000000000 ) ) ;
#1089 = CARTESIAN_POINT ( 'NONE',  ( -9.000000000000001776, 6.000000000000005329, 8.000000000000000000 ) ) ;
#1090 = DIRECTION ( 'NONE',  ( 0.000000000000000000, 0.000000000000000000, -1.000000000000000000 ) ) ;
#1091 = VECTOR ( 'NONE', #2527, 1000.000000000000000 ) ;
#1092 = CARTESIAN_POINT ( 'NONE',  ( -13.00000000000000178, 5.000000000000000000, -11.50000000000000000 ) ) ;
#1093 = CARTESIAN_POINT ( 'NONE',  ( 12.64814348681323430, 6.000000000000005329, -12.00000000000000000 ) ) ;
#1094 = ADVANCED_FACE ( 'NONE', ( #1746 ), #430, .T. ) ;
#1095 = DIRECTION ( 'NONE',  ( -1.000000000000000000, 0.000000000000000000, 0.000000000000000000 ) ) ;
#1096 = VERTEX_POINT ( 'NONE', #1589 ) ;
#1097 = EDGE_LOOP ( 'NONE', ( #295, #3185, #180, #1784 ) ) ;
#1098 = PLANE ( 'NONE',  #3255 ) ;
#1099 = CARTESIAN_POINT ( 'NONE',  ( 12.71367322044321391, -4.444444444444443754, -11.99999999999999822 ) ) ;
#1100 = EDGE_CURVE ( 'NONE', #1708, #1606, #797, .T. ) ;
#1101 = EDGE_LOOP ( 'NONE', ( #1765, #1370, #2313, #2308 ) ) ;
#1102 = EDGE_LOOP ( 'NONE', ( #989, #671, #88, #3096 ) ) ;
#1103 = DIRECTION ( 'NONE',  ( -0.000000000000000000, -0.000000000000000000, -1.000000000000000000 ) ) ;
#1104 = CARTESIAN_POINT ( 'NONE',  ( 3.469446951953614189E-15, -8.673617379884035472E-16, 0.000000000000000000 ) ) ;
#1105 = VECTOR ( 'NONE', #490, 1000.000000000000000 ) ;
#1106 = B_SPLINE_CURVE_WITH_KNOTS ( 'NONE', 3,
 ( #1543, #2289, #1243, #2018, #2799, #2088 ),
 .UNSPECIFIED., .F., .F.,
 ( 4, 2, 4 ),
 ( 2.168404344971008868E-19, 0.0004098524317722702188, 0.0008197048635445402208 ),
 .UNSPECIFIED. ) ;
#1107 = CARTESIAN_POINT ( 'NONE',  ( -16.00000000000000000, 6.000000000000005329, -11.99999999999999645 ) ) ;
#1108 = ORIENTED_EDGE ( 'NONE', *, *, #1732, .T. ) ;
#1109 = CIRCLE ( 'NONE', #1466, 0.6250000000000002220 ) ;
#1110 = CIRCLE ( 'NONE', #3316, 10.50000000000000000 ) ;
#1111 = VERTEX_POINT ( 'NONE', #1028 ) ;
#1112 = VERTEX_POINT ( 'NONE', #582 ) ;
#1113 = DIRECTION ( 'NONE',  ( 0.000000000000000000, 0.000000000000000000, 1.000000000000000000 ) ) ;
#1114 = LINE ( 'NONE', #2918, #1610 ) ;
#1115 = FACE_OUTER_BOUND ( 'NONE', #2887, .T. ) ;
#1116 = EDGE_CURVE ( 'NONE', #2458, #1112, #1869, .T. ) ;
#1117 = EDGE_LOOP ( 'NONE', ( #436, #526, #2333, #3160 ) ) ;
#1118 = DIRECTION ( 'NONE',  ( -8.673617379884058152E-16, -1.000000000000000000, -0.000000000000000000 ) ) ;
#1119 = EDGE_LOOP ( 'NONE', ( #2189, #2513, #722, #71 ) ) ;
#1120 = EDGE_CURVE ( 'NONE', #128, #2329, #765, .T. ) ;
#1121 = DIRECTION ( 'NONE',  ( -0.000000000000000000, -0.000000000000000000, -1.000000000000000000 ) ) ;
#1122 = DIRECTION ( 'NONE',  ( 1.000000000000000000, 0.000000000000000000, 0.000000000000000000 ) ) ;
#1123 = CARTESIAN_POINT ( 'NONE',  ( 13.62500000000000178, -5.000000000000000000, -14.00000000000000000 ) ) ;
#1124 = ORIENTED_EDGE ( 'NONE', *, *, #482, .T. ) ;
#1125 = EDGE_CURVE ( 'NONE', #1060, #72, #1329, .T. ) ;
#1126 = DIRECTION ( 'NONE',  ( -0.000000000000000000, 0.000000000000000000, 1.000000000000000000 ) ) ;
#1127 = LINE ( 'NONE', #637, #2216 ) ;
#1128 = PLANE ( 'NONE',  #977 ) ;
#1129 = VECTOR ( 'NONE', #3330, 1000.000000000000000 ) ;
#1130 = ORIENTED_EDGE ( 'NONE', *, *, #2733, .F. ) ;
#1131 = CARTESIAN_POINT ( 'NONE',  ( -12.60000000000000142, -5.604669331122391185, -9.500000000000000000 ) ) ;
#1132 = EDGE_LOOP ( 'NONE', ( #2087, #303, #2043, #2042 ) ) ;
#1133 = CARTESIAN_POINT ( 'NONE',  ( -14.00000000000000000, 0.000000000000000000, 6.000000000000000000 ) ) ;
#1134 = TOROIDAL_SURFACE ( 'NONE', #1193, 1.075000000000000400, 0.4000000000000000222 ) ;
#1135 = DIRECTION ( 'NONE',  ( 1.000000000000000000, 0.000000000000000000, 0.000000000000000000 ) ) ;
#1136 = CARTESIAN_POINT ( 'NONE',  ( -11.77500000000000036, 5.000000000000000000, -11.50000000000000000 ) ) ;
#1137 = CARTESIAN_POINT ( 'NONE',  ( -9.375000000000001776, 5.999999999999999112, 0.5000000000000043299 ) ) ;
#1138 = FACE_OUTER_BOUND ( 'NONE', #192, .T. ) ;
#1139 = DIRECTION ( 'NONE',  ( 0.000000000000000000, 0.000000000000000000, -1.000000000000000000 ) ) ;
#1140 = EDGE_CURVE ( 'NONE', #638, #1407, #651, .T. ) ;
#1141 = ORIENTED_EDGE ( 'NONE', *, *, #1705, .F. ) ;
#1142 = LINE ( 'NONE', #2180, #908 ) ;
#1143 = CARTESIAN_POINT ( 'NONE',  ( -12.60000000000000142, 5.604669331122286380, -11.49999999999962697 ) ) ;
#1144 = DIRECTION ( 'NONE',  ( 1.000000000000000000, 0.000000000000000000, 0.000000000000000000 ) ) ;
#1145 = ORIENTED_EDGE ( 'NONE', *, *, #19, .F. ) ;
#1146 = AXIS2_PLACEMENT_3D ( 'NONE', #2695, #3178, #2464 ) ;
#1147 = LINE ( 'NONE', #2186, #1287 ) ;
#1148 = DIRECTION ( 'NONE',  ( -1.927470528863119295E-16, 0.000000000000000000, 1.000000000000000000 ) ) ;
#1149 = CIRCLE ( 'NONE', #2666, 0.5000000000000004441 ) ;
#1150 = DIRECTION ( 'NONE',  ( 1.000000000000000000, 0.000000000000000000, 0.000000000000000000 ) ) ;
#1151 = ORIENTED_EDGE ( 'NONE', *, *, #1502, .T. ) ;
#1152 = EDGE_CURVE ( 'NONE', #648, #1771, #1086, .T. ) ;
#1153 = DIRECTION ( 'NONE',  ( -1.224646799147353207E-16, 1.000000000000000000, 0.000000000000000000 ) ) ;
#1154 = LINE ( 'NONE', #1656, #2716 ) ;
#1155 = FACE_OUTER_BOUND ( 'NONE', #1782, .T. ) ;
#1156 = ORIENTED_EDGE ( 'NONE', *, *, #3211, .F. ) ;
#1157 = CARTESIAN_POINT ( 'NONE',  ( -12.60000000000000142, -5.604669331122391185, -9.500000000000000000 ) ) ;
#1158 = ORIENTED_EDGE ( 'NONE', *, *, #1865, .F. ) ;
#1159 = AXIS2_PLACEMENT_3D ( 'NONE', #2428, #2943, #643 ) ;
#1160 = AXIS2_PLACEMENT_3D ( 'NONE', #73, #2135, #3159 ) ;
#1161 = LINE ( 'NONE', #2963, #123 ) ;
#1162 = EDGE_CURVE ( 'NONE', #211, #1493, #2279, .T. ) ;
#1163 = CARTESIAN_POINT ( 'NONE',  ( -12.60000000000000142, 6.000000000000000000, -6.587956044287794910 ) ) ;
#1164 = VECTOR ( 'NONE', #1611, 1000.000000000000000 ) ;
#1165 = PLANE ( 'NONE',  #789 ) ;
#1166 = PRESENTATION_LAYER_ASSIGNMENT (  '', '', ( #1694 ) ) ;
#1167 = ORIENTED_EDGE ( 'NONE', *, *, #2217, .F. ) ;
#1168 = CARTESIAN_POINT ( 'NONE',  ( 12.90080256773474154, -5.619046547257780411, -12.48722899635521166 ) ) ;
#1169 = EDGE_CURVE ( 'NONE', #2592, #1533, #82, .T. ) ;
#1170 = DIRECTION ( 'NONE',  ( -0.000000000000000000, -0.000000000000000000, -1.000000000000000000 ) ) ;
#1171 = EDGE_CURVE ( 'NONE', #1211, #1808, #2393, .T. ) ;
#1172 = ORIENTED_EDGE ( 'NONE', *, *, #2203, .T. ) ;
#1173 = LINE ( 'NONE', #2444, #1577 ) ;
#1174 = DIRECTION ( 'NONE',  ( -0.000000000000000000, -0.000000000000000000, 1.000000000000000000 ) ) ;
#1175 = EDGE_LOOP ( 'NONE', ( #2304, #450, #316, #817 ) ) ;
#1176 = DIRECTION ( 'NONE',  ( 0.000000000000000000, 0.000000000000000000, 1.000000000000000000 ) ) ;
#1177 = FACE_OUTER_BOUND ( 'NONE', #494, .T. ) ;
#1178 = ORIENTED_EDGE ( 'NONE', *, *, #2302, .F. ) ;
#1179 = B_SPLINE_CURVE_WITH_KNOTS ( 'NONE', 3,
 ( #537, #2101, #2597, #980, #997, #1787 ),
 .UNSPECIFIED., .F., .F.,
 ( 4, 2, 4 ),
 ( 0.003070718620034076658, 0.003400910355983854418, 0.003731102091933632178 ),
 .UNSPECIFIED. ) ;
#1180 = ORIENTED_EDGE ( 'NONE', *, *, #154, .F. ) ;
#1181 = ORIENTED_EDGE ( 'NONE', *, *, #1152, .T. ) ;
#1182 = EDGE_CURVE ( 'NONE', #2034, #1964, #1142, .T. ) ;
#1183 = ORIENTED_EDGE ( 'NONE', *, *, #298, .T. ) ;
#1184 = ORIENTED_EDGE ( 'NONE', *, *, #2865, .T. ) ;
#1185 = CARTESIAN_POINT ( 'NONE',  ( -12.60000000000000142, 5.604669331122391185, -9.500000000000000000 ) ) ;
#1186 = AXIS2_PLACEMENT_3D ( 'NONE', #2736, #2506, #422 ) ;
#1187 = CYLINDRICAL_SURFACE ( 'NONE', #1904, 10.00000000000000000 ) ;
#1188 = DIRECTION ( 'NONE',  ( 1.000000000000000000, 0.000000000000000000, 0.000000000000000000 ) ) ;
#1189 = ORIENTED_EDGE ( 'NONE', *, *, #2997, .F. ) ;
#1190 = CARTESIAN_POINT ( 'NONE',  ( 0.000000000000000000, 2.232233047033628903, 1.625000000000002665 ) ) ;
#1191 = B_SPLINE_CURVE_WITH_KNOTS ( 'NONE', 3,
 ( #1856, #1290, #3, #1363, #1053, #2405 ),
 .UNSPECIFIED., .F., .F.,
 ( 4, 2, 4 ),
 ( 0.000000000000000000, 0.0002984419316848494256, 0.0005968838633696988511 ),
 .UNSPECIFIED. ) ;
#1192 = ORIENTED_EDGE ( 'NONE', *, *, #285, .T. ) ;
#1193 = AXIS2_PLACEMENT_3D ( 'NONE', #1007, #1534, #2606 ) ;
#1194 = AXIS2_PLACEMENT_3D ( 'NONE', #474, #2655, #2674 ) ;
#1195 = EDGE_CURVE ( 'NONE', #456, #2734, #3186, .T. ) ;
#1196 = VERTEX_POINT ( 'NONE', #1422 ) ;
#1197 = VECTOR ( 'NONE', #3307, 1000.000000000000000 ) ;
#1198 = VECTOR ( 'NONE', #283, 1000.000000000000000 ) ;
#1199 = VERTEX_POINT ( 'NONE', #385 ) ;
#1200 = EDGE_CURVE ( 'NONE', #2062, #294, #1924, .T. ) ;
#1201 = CARTESIAN_POINT ( 'NONE',  ( 14.00000000000000000, -5.000000000000000000, 6.000000000000000000 ) ) ;
#1202 = CIRCLE ( 'NONE', #3086, 0.5000000000000003331 ) ;
#1203 = CARTESIAN_POINT ( 'NONE',  ( -13.60456192643214202, 4.000000000000003553, -12.00000000000000000 ) ) ;
#1204 = CARTESIAN_POINT ( 'NONE',  ( 13.00000000000000178, 5.000000000000000000, -12.00000000000000000 ) ) ;
#1205 = EDGE_CURVE ( 'NONE', #2479, #1241, #1161, .T. ) ;
#1206 = DIRECTION ( 'NONE',  ( -0.000000000000000000, 1.000000000000000000, 4.003208021484940511E-16 ) ) ;
#1207 = DIRECTION ( 'NONE',  ( 0.000000000000000000, 0.000000000000000000, -1.000000000000000000 ) ) ;
#1208 = ORIENTED_EDGE ( 'NONE', *, *, #1949, .F. ) ;
#1209 = DIRECTION ( 'NONE',  ( -0.000000000000000000, -0.000000000000000000, -1.000000000000000000 ) ) ;
#1210 = DIRECTION ( 'NONE',  ( 0.000000000000000000, 0.000000000000000000, -1.000000000000000000 ) ) ;
#1211 = VERTEX_POINT ( 'NONE', #2548 ) ;
#1212 = VERTEX_POINT ( 'NONE', #2287 ) ;
#1213 = AXIS2_PLACEMENT_3D ( 'NONE', #1734, #2283, #2314 ) ;
#1214 = CARTESIAN_POINT ( 'NONE',  ( 9.165151389911681434, -4.000000000000001776, 0.5000000000000002220 ) ) ;
#1215 = CIRCLE ( 'NONE', #1317, 1.800000000000000044 ) ;
#1216 = ORIENTED_EDGE ( 'NONE', *, *, #172, .T. ) ;
#1217 = CARTESIAN_POINT ( 'NONE',  ( -13.40000000000000036, -5.604669331122391185, -9.500000000000000000 ) ) ;
#1218 = EDGE_CURVE ( 'NONE', #870, #1505, #2494, .T. ) ;
#1219 = CARTESIAN_POINT ( 'NONE',  ( 0.000000000000000000, 0.000000000000000000, 0.5000000000000000000 ) ) ;
#1220 = CARTESIAN_POINT ( 'NONE',  ( -12.59999999999999787, -4.342134835798386661, -11.71391512107118515 ) ) ;
#1221 = DIRECTION ( 'NONE',  ( 1.000000000000000000, 7.885106708985487801E-17, 0.000000000000000000 ) ) ;
#1222 = ORIENTED_EDGE ( 'NONE', *, *, #2039, .T. ) ;
#1223 = ADVANCED_FACE ( 'NONE', ( #2227 ), #2241, .T. ) ;
#1224 = DIRECTION ( 'NONE',  ( 0.000000000000000000, 0.000000000000000000, 1.000000000000000000 ) ) ;
#1225 = DIRECTION ( 'NONE',  ( -0.000000000000000000, -1.000000000000000000, -0.000000000000000000 ) ) ;
#1226 = CARTESIAN_POINT ( 'NONE',  ( 12.80490968168437504, 4.404182472614881938, -12.49517745979684591 ) ) ;
#1227 = VERTEX_POINT ( 'NONE', #2728 ) ;
#1228 = ADVANCED_FACE ( 'NONE', ( #3026 ), #1741, .T. ) ;
#1229 = CARTESIAN_POINT ( 'NONE',  ( -13.40000000000000036, 6.000000000000000000, -6.587956044287794910 ) ) ;
#1230 = CARTESIAN_POINT ( 'NONE',  ( 9.165151389911681434, -4.000000000000001776, 1.000000000000004441 ) ) ;
#1231 = VERTEX_POINT ( 'NONE', #3044 ) ;
#1232 = CARTESIAN_POINT ( 'NONE',  ( 1.475000000000000311, 0.000000000000000000, -0.7500000000000006661 ) ) ;
#1233 = DIRECTION ( 'NONE',  ( 1.000000000000000000, 0.000000000000000000, 0.000000000000000000 ) ) ;
#1234 = ORIENTED_EDGE ( 'NONE', *, *, #1772, .F. ) ;
#1235 = FACE_OUTER_BOUND ( 'NONE', #2818, .T. ) ;
#1236 = LINE ( 'NONE', #3295, #224 ) ;
#1237 = DIRECTION ( 'NONE',  ( -0.000000000000000000, 1.000000000000000000, 4.003208021484940511E-16 ) ) ;
#1238 = LINE ( 'NONE', #2784, #2492 ) ;
#1239 = B_SPLINE_CURVE_WITH_KNOTS ( 'NONE', 3,
 ( #173, #928, #962, #941, #1220, #189, #3020, #478 ),
 .UNSPECIFIED., .F., .F.,
 ( 4, 2, 2, 4 ),
 ( 0.002607191946406256771, 0.002937497992480868608, 0.003102651015518171924, 0.003267804038555475240 ),
 .UNSPECIFIED. ) ;
#1240 = AXIS2_PLACEMENT_3D ( 'NONE', #411, #3006, #3218 ) ;
#1241 = VERTEX_POINT ( 'NONE', #2035 ) ;
#1242 = VECTOR ( 'NONE', #1361, 1000.000000000000000 ) ;
#1243 = CARTESIAN_POINT ( 'NONE',  ( -9.099062573740404503, 3.999999999999999112, 0.7718924105365905231 ) ) ;
#1244 = CARTESIAN_POINT ( 'NONE',  ( -13.99999999999999822, -6.000000000000000000, 6.500000000000000888 ) ) ;
#1245 = VERTEX_POINT ( 'NONE', #728 ) ;
#1246 = ADVANCED_FACE ( 'NONE', ( #415 ), #2835, .T. ) ;
#1247 = ORIENTED_EDGE ( 'NONE', *, *, #3227, .T. ) ;
#1248 = DIRECTION ( 'NONE',  ( -1.000000000000000000, 0.000000000000000000, 0.000000000000000000 ) ) ;
#1249 = LINE ( 'NONE', #1230, #1197 ) ;
#1250 = EDGE_CURVE ( 'NONE', #870, #2226, #317, .T. ) ;
#1251 = ORIENTED_EDGE ( 'NONE', *, *, #340, .F. ) ;
#1252 = CIRCLE ( 'NONE', #2171, 10.50000000000000000 ) ;
#1253 = VERTEX_POINT ( 'NONE', #2584 ) ;
#1254 = LINE ( 'NONE', #1488, #1692 ) ;
#1255 = DIRECTION ( 'NONE',  ( -0.000000000000000000, -0.000000000000000000, 1.000000000000000000 ) ) ;
#1256 = VECTOR ( 'NONE', #2930, 1000.000000000000000 ) ;
#1257 = ORIENTED_EDGE ( 'NONE', *, *, #2115, .F. ) ;
#1258 = DIRECTION ( 'NONE',  ( -1.000000000000000000, -0.000000000000000000, 0.000000000000000000 ) ) ;
#1259 = DIRECTION ( 'NONE',  ( -1.000000000000000000, 0.000000000000000000, 0.000000000000000000 ) ) ;
#1260 = CARTESIAN_POINT ( 'NONE',  ( 12.56371804288316163, 4.000000000000003553, -12.00000000000000000 ) ) ;
#1261 = DIRECTION ( 'NONE',  ( 0.000000000000000000, 0.000000000000000000, -1.000000000000000000 ) ) ;
#1262 = ORIENTED_EDGE ( 'NONE', *, *, #152, .F. ) ;
#1263 = DIRECTION ( 'NONE',  ( -0.000000000000000000, -0.000000000000000000, -1.000000000000000000 ) ) ;
#1264 = ADVANCED_FACE ( 'NONE', ( #3076, #36 ), #2379, .F. ) ;
#1265 = AXIS2_PLACEMENT_3D ( 'NONE', #1412, #2694, #1440 ) ;
#1266 = ORIENTED_EDGE ( 'NONE', *, *, #913, .T. ) ;
#1267 = ORIENTED_EDGE ( 'NONE', *, *, #3113, .T. ) ;
#1268 = CARTESIAN_POINT ( 'NONE',  ( -1.475000000000000311, 1.806354028742346295E-16, -0.7500000000000006661 ) ) ;
#1269 = CARTESIAN_POINT ( 'NONE',  ( 9.099062573740399174, -4.000000000000002665, 0.7718924105365903010 ) ) ;
#1270 = ORIENTED_EDGE ( 'NONE', *, *, #2710, .F. ) ;
#1271 = DIRECTION ( 'NONE',  ( -1.000000000000000000, 0.000000000000000000, 0.000000000000000000 ) ) ;
#1272 = LINE ( 'NONE', #672, #66 ) ;
#1273 = CARTESIAN_POINT ( 'NONE',  ( 13.00000000000000178, -5.000000000000000000, -14.00000000000000000 ) ) ;
#1274 = VERTEX_POINT ( 'NONE', #1847 ) ;
#1275 = CARTESIAN_POINT ( 'NONE',  ( 9.000000000000000000, 6.000000000000002665, -12.00000000000000000 ) ) ;
#1276 = CARTESIAN_POINT ( 'NONE',  ( 13.28632677955678965, 4.444444444444443754, -12.00000000000000000 ) ) ;
#1277 = LINE ( 'NONE', #2881, #1014 ) ;
#1278 = ORIENTED_EDGE ( 'NONE', *, *, #1385, .T. ) ;
#1279 = ORIENTED_EDGE ( 'NONE', *, *, #137, .F. ) ;
#1280 = CARTESIAN_POINT ( 'NONE',  ( -12.39526723191491264, -6.000000000000000000, -12.00000000000000000 ) ) ;
#1281 = LINE ( 'NONE', #2317, #1735 ) ;
#1282 = DIRECTION ( 'NONE',  ( -1.000000000000000000, 0.000000000000000000, 0.000000000000000000 ) ) ;
#1283 = VERTEX_POINT ( 'NONE', #1774 ) ;
#1284 = DIRECTION ( 'NONE',  ( 1.000000000000000000, 0.000000000000000000, 0.000000000000000000 ) ) ;
#1285 = CYLINDRICAL_SURFACE ( 'NONE', #664, 0.6250000000000005551 ) ;
#1286 = VERTEX_POINT ( 'NONE', #1900 ) ;
#1287 = VECTOR ( 'NONE', #2676, 1000.000000000000000 ) ;
#1288 = LINE ( 'NONE', #1797, #3071 ) ;
#1289 = AXIS2_PLACEMENT_3D ( 'NONE', #3175, #1697, #1649 ) ;
#1290 = CARTESIAN_POINT ( 'NONE',  ( 13.19736682474890443, 4.398595533179062933, -12.50000000000000000 ) ) ;
#1291 = CARTESIAN_POINT ( 'NONE',  ( -12.60000000000000320, -5.651067863085177834, -11.71879217004125806 ) ) ;
#1292 = VERTEX_POINT ( 'NONE', #1654 ) ;
#1293 = ORIENTED_EDGE ( 'NONE', *, *, #2577, .F. ) ;
#1294 = CARTESIAN_POINT ( 'NONE',  ( 13.05769514526307873, 5.625010041336444999, -12.09683330445583493 ) ) ;
#1295 = ORIENTED_EDGE ( 'NONE', *, *, #3268, .F. ) ;
#1296 = CARTESIAN_POINT ( 'NONE',  ( 13.00000000000000178, -5.000000000000000000, -12.00000000000000000 ) ) ;
#1297 = CARTESIAN_POINT ( 'NONE',  ( -9.165151389911681434, -4.000000000000001776, 1.000000000000004441 ) ) ;
#1298 = AXIS2_PLACEMENT_3D ( 'NONE', #1133, #862, #883 ) ;
#1299 = EDGE_LOOP ( 'NONE', ( #2600, #1124, #1019, #1948, #1084, #3259, #774, #291, #1718, #3256, #3059, #1295, #233, #1691, #1158, #1156, #2828, #1587, #3322, #3326, #2929, #2161, #3051 ) ) ;
#1300 = ADVANCED_FACE ( 'NONE', ( #3217 ), #2153, .T. ) ;
#1301 = DIRECTION ( 'NONE',  ( -0.000000000000000000, 0.000000000000000000, 1.000000000000000000 ) ) ;
#1302 = CYLINDRICAL_SURFACE ( 'NONE', #357, 0.7249999999999999778 ) ;
#1303 = VECTOR ( 'NONE', #3046, 1000.000000000000000 ) ;
#1304 = FACE_OUTER_BOUND ( 'NONE', #2020, .T. ) ;
#1305 = EDGE_LOOP ( 'NONE', ( #859, #2727, #755, #2718, #2579 ) ) ;
#1306 = TOROIDAL_SURFACE ( 'NONE', #1455, 1.125000000000000666, 0.5000000000000000000 ) ;
#1307 = DIRECTION ( 'NONE',  ( 1.000000000000000000, 0.000000000000000000, 0.000000000000000000 ) ) ;
#1308 = VERTEX_POINT ( 'NONE', #1371 ) ;
#1309 = LINE ( 'NONE', #2078, #1780 ) ;
#1310 = CYLINDRICAL_SURFACE ( 'NONE', #508, 0.6249999999999996669 ) ;
#1311 = ORIENTED_EDGE ( 'NONE', *, *, #1632, .T. ) ;
#1312 = VERTEX_POINT ( 'NONE', #1864 ) ;
#1313 = CARTESIAN_POINT ( 'NONE',  ( 13.21630041441262016, 5.589139725661206981, -12.06026643084119776 ) ) ;
#1314 = ORIENTED_EDGE ( 'NONE', *, *, #1366, .T. ) ;
#1315 = VECTOR ( 'NONE', #1668, 1000.000000000000000 ) ;
#1316 = AXIS2_PLACEMENT_3D ( 'NONE', #608, #87, #372 ) ;
#1317 = AXIS2_PLACEMENT_3D ( 'NONE', #1759, #1210, #2800 ) ;
#1318 = CARTESIAN_POINT ( 'NONE',  ( -13.99999999999999822, -5.000000000000000000, 6.500000000000000888 ) ) ;
#1319 = B_SPLINE_CURVE_WITH_KNOTS ( 'NONE', 3,
 ( #695, #2526, #1291, #202, #2782, #2350 ),
 .UNSPECIFIED., .F., .F.,
 ( 4, 2, 4 ),
 ( 0.002735272658672306765, 0.003064579515094931553, 0.003393886371517556774 ),
 .UNSPECIFIED. ) ;
#1320 = EDGE_CURVE ( 'NONE', #2358, #256, #1670, .T. ) ;
#1321 = ORIENTED_EDGE ( 'NONE', *, *, #68, .F. ) ;
#1322 = AXIS2_PLACEMENT_3D ( 'NONE', #1657, #1675, #1188 ) ;
#1323 = DIRECTION ( 'NONE',  ( -3.469446951953614682E-16, 1.000000000000000000, -0.000000000000000000 ) ) ;
#1324 = CARTESIAN_POINT ( 'NONE',  ( 0.000000000000000000, 2.232233047033628903, 1.625000000000002665 ) ) ;
#1325 = CARTESIAN_POINT ( 'NONE',  ( -11.00000000000000000, -6.000000000000000000, 1.000000000000000000 ) ) ;
#1326 = LINE ( 'NONE', #1107, #1507 ) ;
#1327 = EDGE_CURVE ( 'NONE', #594, #2364, #2061, .T. ) ;
#1328 = ORIENTED_EDGE ( 'NONE', *, *, #1320, .F. ) ;
#1329 = LINE ( 'NONE', #2856, #230 ) ;
#1330 = ORIENTED_EDGE ( 'NONE', *, *, #2133, .T. ) ;
#1331 = CARTESIAN_POINT ( 'NONE',  ( -9.000000000000001776, 6.000000000000005329, 8.000000000000000000 ) ) ;
#1332 = LINE ( 'NONE', #1347, #1164 ) ;
#1333 = ORIENTED_EDGE ( 'NONE', *, *, #3234, .F. ) ;
#1334 = CARTESIAN_POINT ( 'NONE',  ( 13.25980385798216332, 5.569225279654836491, -12.03515030620368798 ) ) ;
#1335 = CARTESIAN_POINT ( 'NONE',  ( 0.000000000000000000, 0.000000000000000000, -13.60000000000000142 ) ) ;
#1336 = CARTESIAN_POINT ( 'NONE',  ( -12.29245141509575134, 4.000000000000003553, -12.00000000000000000 ) ) ;
#1337 = ADVANCED_FACE ( 'NONE', ( #842 ), #377, .T. ) ;
#1338 = VERTEX_POINT ( 'NONE', #1936 ) ;
#1339 = CYLINDRICAL_SURFACE ( 'NONE', #395, 0.7249999999999999778 ) ;
#1340 = DIRECTION ( 'NONE',  ( -1.000000000000000000, 0.000000000000000000, 0.000000000000000000 ) ) ;
#1341 = CARTESIAN_POINT ( 'NONE',  ( -13.00000000000000178, -5.000000000000000000, -11.50000000000000000 ) ) ;
#1342 = VERTEX_POINT ( 'NONE', #441 ) ;
#1343 = EDGE_CURVE ( 'NONE', #1338, #3266, #1236, .T. ) ;
#1344 = ORIENTED_EDGE ( 'NONE', *, *, #481, .F. ) ;
#1345 = CARTESIAN_POINT ( 'NONE',  ( 14.00000000000000000, -4.000000000000001776, 8.000000000000000000 ) ) ;
#1346 = VECTOR ( 'NONE', #2071, 1000.000000000000000 ) ;
#1347 = CARTESIAN_POINT ( 'NONE',  ( 9.000000000000000000, 6.000000000000002665, 8.000000000000000000 ) ) ;
#1348 = ORIENTED_EDGE ( 'NONE', *, *, #2473, .T. ) ;
#1349 = DIRECTION ( 'NONE',  ( 0.000000000000000000, 0.000000000000000000, 1.000000000000000000 ) ) ;
#1350 = VECTOR ( 'NONE', #45, 1000.000000000000000 ) ;
#1351 = ORIENTED_EDGE ( 'NONE', *, *, #2529, .F. ) ;
#1352 = DIRECTION ( 'NONE',  ( -0.000000000000000000, -0.000000000000000000, -1.000000000000000000 ) ) ;
#1353 = ORIENTED_EDGE ( 'NONE', *, *, #2643, .T. ) ;
#1354 = ORIENTED_EDGE ( 'NONE', *, *, #2033, .T. ) ;
#1355 = DIRECTION ( 'NONE',  ( 0.000000000000000000, 0.000000000000000000, -1.000000000000000000 ) ) ;
#1356 = DIRECTION ( 'NONE',  ( 1.000000000000000000, 1.196361017915039437E-15, 0.000000000000000000 ) ) ;
#1357 = PLANE ( 'NONE',  #1578 ) ;
#1358 = ORIENTED_EDGE ( 'NONE', *, *, #994, .T. ) ;
#1359 = AXIS2_PLACEMENT_3D ( 'NONE', #2156, #1063, #2107 ) ;
#1360 = FACE_OUTER_BOUND ( 'NONE', #2493, .T. ) ;
#1361 = DIRECTION ( 'NONE',  ( 0.000000000000000000, -1.334402673828313093E-16, 1.000000000000000000 ) ) ;
#1362 = EDGE_CURVE ( 'NONE', #3119, #1706, #3025, .T. ) ;
#1363 = CARTESIAN_POINT ( 'NONE',  ( 12.90034686189212110, 4.375000672361868403, -12.48412323076150621 ) ) ;
#1364 = DIRECTION ( 'NONE',  ( -1.000000000000000000, 0.000000000000000000, -1.927470528863119295E-16 ) ) ;
#1365 = CARTESIAN_POINT ( 'NONE',  ( 12.80257613282856255, -5.601375067829280852, -12.50000000000000178 ) ) ;
#1366 = EDGE_CURVE ( 'NONE', #2344, #887, #712, .T. ) ;
#1367 = ORIENTED_EDGE ( 'NONE', *, *, #1171, .T. ) ;
#1368 = LINE ( 'NONE', #775, #1640 ) ;
#1369 = ADVANCED_BREP_SHAPE_REPRESENTATION ( 'P001-B100_SquareDynamo_Rev2D-14', ( #2536, #2882 ), #566 ) ;
#1370 = ORIENTED_EDGE ( 'NONE', *, *, #2450, .T. ) ;
#1371 = CARTESIAN_POINT ( 'NONE',  ( -9.708243919473794392, 4.000000000000003553, -12.00000000000000000 ) ) ;
#1372 = CYLINDRICAL_SURFACE ( 'NONE', #1665, 0.6250000000000001110 ) ;
#1373 = CARTESIAN_POINT ( 'NONE',  ( -13.40000000000000036, -4.395330668877608815, -11.50000000000000000 ) ) ;
#1374 = AXIS2_PLACEMENT_3D ( 'NONE', #806, #1858, #1349 ) ;
#1375 = DIRECTION ( 'NONE',  ( 1.000000000000000000, 1.387778780781444492E-15, 0.000000000000000000 ) ) ;
#1376 = DIRECTION ( 'NONE',  ( -0.8888888888888878403, -0.4581228472908533966, 3.083952846180984167E-15 ) ) ;
#1377 = ORIENTED_EDGE ( 'NONE', *, *, #2027, .F. ) ;
#1378 = AXIS2_PLACEMENT_3D ( 'NONE', #1273, #2242, #2019 ) ;
#1379 = TOROIDAL_SURFACE ( 'NONE', #1322, 1.224999999999999867, 0.5000000000000000000 ) ;
#1380 = CARTESIAN_POINT ( 'NONE',  ( -13.70754858490423977, 6.000000000000005329, -11.99999999999999645 ) ) ;
#1381 = CARTESIAN_POINT ( 'NONE',  ( -12.49770968765668400, -4.000000000000000000, -11.98937380071401826 ) ) ;
#1382 = CARTESIAN_POINT ( 'NONE',  ( -11.00000000000000000, 8.000000000000000000, -12.00000000000000000 ) ) ;
#1383 = VERTEX_POINT ( 'NONE', #461 ) ;
#1384 = EDGE_CURVE ( 'NONE', #2274, #1308, #477, .T. ) ;
#1385 = EDGE_CURVE ( 'NONE', #3103, #2096, #3235, .T. ) ;
#1386 = DIRECTION ( 'NONE',  ( 0.000000000000000000, 0.000000000000000000, -1.000000000000000000 ) ) ;
#1387 = CARTESIAN_POINT ( 'NONE',  ( 10.99999999999999822, 11.00000000000000000, 1.000000000000000000 ) ) ;
#1388 = FACE_OUTER_BOUND ( 'NONE', #1842, .T. ) ;
#1389 = ADVANCED_FACE ( 'NONE', ( #2974 ), #1187, .T. ) ;
#1390 = ORIENTED_EDGE ( 'NONE', *, *, #725, .F. ) ;
#1391 = DIRECTION ( 'NONE',  ( -0.000000000000000000, 0.000000000000000000, 1.000000000000000000 ) ) ;
#1392 = CARTESIAN_POINT ( 'NONE',  ( -14.00000000000000000, 3.999999999999998224, 8.000000000000000000 ) ) ;
#1393 = ORIENTED_EDGE ( 'NONE', *, *, #1865, .T. ) ;
#1394 = CARTESIAN_POINT ( 'NONE',  ( -13.40000000000000036, -5.650384342759754652, -11.71775136639358905 ) ) ;
#1395 = CARTESIAN_POINT ( 'NONE',  ( 14.50000000000000000, -6.000011999999999901, 6.000000000000001776 ) ) ;
#1396 = AXIS2_PLACEMENT_3D ( 'NONE', #940, #1655, #630 ) ;
#1397 = VERTEX_POINT ( 'NONE', #3090 ) ;
#1398 = LINE ( 'NONE', #2170, #2081 ) ;
#1399 = EDGE_CURVE ( 'NONE', #776, #1606, #1179, .T. ) ;
#1400 = DIRECTION ( 'NONE',  ( 1.000000000000000000, 1.196361017915039437E-15, 0.000000000000000000 ) ) ;
#1401 = CARTESIAN_POINT ( 'NONE',  ( 0.000000000000000000, 0.000000000000000000, -0.7500000000000006661 ) ) ;
#1402 = ORIENTED_EDGE ( 'NONE', *, *, #559, .F. ) ;
#1403 = FACE_OUTER_BOUND ( 'NONE', #365, .T. ) ;
#1404 = ORIENTED_EDGE ( 'NONE', *, *, #3038, .T. ) ;
#1405 = AXIS2_PLACEMENT_3D ( 'NONE', #2569, #3351, #1834 ) ;
#1406 = DIRECTION ( 'NONE',  ( -1.000000000000000000, 0.000000000000000000, 0.000000000000000000 ) ) ;
#1407 = VERTEX_POINT ( 'NONE', #2832 ) ;
#1408 = AXIS2_PLACEMENT_3D ( 'NONE', #2345, #1088, #1871 ) ;
#1409 = CARTESIAN_POINT ( 'NONE',  ( -14.50000000000000000, -6.000000000000000000, 6.000000000000000000 ) ) ;
#1410 = LINE ( 'NONE', #3289, #2009 ) ;
#1411 = ORIENTED_EDGE ( 'NONE', *, *, #1362, .T. ) ;
#1412 = CARTESIAN_POINT ( 'NONE',  ( -13.00000000000000178, -5.000000000000000000, -12.00000000000000000 ) ) ;
#1413 = CARTESIAN_POINT ( 'NONE',  ( 13.00000000000000178, 5.000000000000000000, -12.50000000000000000 ) ) ;
#1414 = CARTESIAN_POINT ( 'NONE',  ( -14.49999999999999645, -5.000000000000000000, -12.00000000000000178 ) ) ;
#1415 = EDGE_LOOP ( 'NONE', ( #2859, #1311, #718, #2056 ) ) ;
#1416 = APPLICATION_CONTEXT ( 'automotive_design' ) ;
#1417 = DIRECTION ( 'NONE',  ( 0.000000000000000000, -0.000000000000000000, -1.000000000000000000 ) ) ;
#1418 = DIRECTION ( 'NONE',  ( 0.000000000000000000, -0.000000000000000000, -1.000000000000000000 ) ) ;
#1419 = EDGE_CURVE ( 'NONE', #1241, #2062, #2177, .T. ) ;
#1420 = ORIENTED_EDGE ( 'NONE', *, *, #2572, .F. ) ;
#1421 = VECTOR ( 'NONE', #1118, 1000.000000000000000 ) ;
#1422 = CARTESIAN_POINT ( 'NONE',  ( -9.000000000000001776, 8.000000000000000000, 5.087410193970443761E-15 ) ) ;
#1423 = DIRECTION ( 'NONE',  ( 0.000000000000000000, 0.000000000000000000, -1.000000000000000000 ) ) ;
#1424 = EDGE_CURVE ( 'NONE', #225, #3119, #1682, .T. ) ;
#1425 = EDGE_CURVE ( 'NONE', #2109, #887, #554, .T. ) ;
#1426 = CIRCLE ( 'NONE', #463, 0.6250000000000005551 ) ;
#1427 = ORIENTED_EDGE ( 'NONE', *, *, #2719, .T. ) ;
#1428 = VERTEX_POINT ( 'NONE', #3070 ) ;
#1429 = CARTESIAN_POINT ( 'NONE',  ( -16.00000000000000000, 5.999999999999998224, 1.000000000000000000 ) ) ;
#1430 = DIRECTION ( 'NONE',  ( 0.000000000000000000, 1.000000000000000000, 4.003208021484940511E-16 ) ) ;
#1431 = EDGE_CURVE ( 'NONE', #1824, #2062, #2117, .T. ) ;
#1432 = DIRECTION ( 'NONE',  ( -0.000000000000000000, 0.000000000000000000, 1.000000000000000000 ) ) ;
#1433 = ORIENTED_EDGE ( 'NONE', *, *, #367, .F. ) ;
#1434 = DIRECTION ( 'NONE',  ( -1.000000000000000000, -0.000000000000000000, 0.000000000000000000 ) ) ;
#1435 = ORIENTED_EDGE ( 'NONE', *, *, #367, .T. ) ;
#1436 = CARTESIAN_POINT ( 'NONE',  ( 0.000000000000000000, 0.000000000000000000, 1.000000000000004441 ) ) ;
#1437 = ORIENTED_EDGE ( 'NONE', *, *, #2340, .F. ) ;
#1438 = ADVANCED_FACE ( 'NONE', ( #1875 ), #2148, .F. ) ;
#1439 = ORIENTED_EDGE ( 'NONE', *, *, #720, .T. ) ;
#1440 = DIRECTION ( 'NONE',  ( 1.000000000000000000, 0.000000000000000000, 0.000000000000000000 ) ) ;
#1441 = DIRECTION ( 'NONE',  ( -0.000000000000000000, -0.000000000000000000, 1.000000000000000000 ) ) ;
#1442 = CARTESIAN_POINT ( 'NONE',  ( 0.000000000000000000, 2.232233047033627127, 6.625000000000002665 ) ) ;
#1443 = CARTESIAN_POINT ( 'NONE',  ( 0.000000000000000000, 3.999999999999998224, 1.625000000000003331 ) ) ;
#1444 = ORIENTED_EDGE ( 'NONE', *, *, #808, .F. ) ;
#1445 = AXIS2_PLACEMENT_3D ( 'NONE', #3133, #1854, #2879 ) ;
#1446 = ORIENTED_EDGE ( 'NONE', *, *, #1116, .T. ) ;
#1447 = DIRECTION ( 'NONE',  ( 1.000000000000000000, 0.000000000000000000, 0.000000000000000000 ) ) ;
#1448 = AXIS2_PLACEMENT_3D ( 'NONE', #1563, #299, #1829 ) ;
#1449 = ADVANCED_FACE ( 'NONE', ( #1910 ), #1078, .T. ) ;
#1450 = EDGE_LOOP ( 'NONE', ( #657, #2774, #1184, #2470 ) ) ;
#1451 = VECTOR ( 'NONE', #1434, 1000.000000000000000 ) ;
#1452 = EDGE_LOOP ( 'NONE', ( #1486, #1404, #2891, #3220 ) ) ;
#1453 = CARTESIAN_POINT ( 'NONE',  ( -16.00000000000000000, 3.999999999999998224, 1.000000000000002442 ) ) ;
#1454 = ADVANCED_FACE ( 'NONE', ( #1595 ), #493, .T. ) ;
#1455 = AXIS2_PLACEMENT_3D ( 'NONE', #2545, #2016, #942 ) ;
#1456 = CARTESIAN_POINT ( 'NONE',  ( -12.60000000000000142, -6.000000000000000000, -9.500000000000000000 ) ) ;
#1457 = FACE_OUTER_BOUND ( 'NONE', #1305, .T. ) ;
#1458 = EDGE_CURVE ( 'NONE', #1308, #1055, #2805, .T. ) ;
#1459 = VERTEX_POINT ( 'NONE', #2901 ) ;
#1460 = CARTESIAN_POINT ( 'NONE',  ( 12.71367322044358517, -5.555555555555747205, -12.00000000000048317 ) ) ;
#1461 = CARTESIAN_POINT ( 'NONE',  ( 14.00000000000000000, -6.000000000000000000, 6.000000000000000000 ) ) ;
#1462 = CARTESIAN_POINT ( 'NONE',  ( 12.48461179679778610, 4.000000000000003553, -12.00000000000000000 ) ) ;
#1463 = ORIENTED_EDGE ( 'NONE', *, *, #1908, .F. ) ;
#1464 = VECTOR ( 'NONE', #2099, 1000.000000000000000 ) ;
#1465 = CARTESIAN_POINT ( 'NONE',  ( 12.80263317525109912, 5.601404466820939732, -12.50000000000000178 ) ) ;
#1466 = AXIS2_PLACEMENT_3D ( 'NONE', #2658, #326, #2691 ) ;
#1467 =( GEOMETRIC_REPRESENTATION_CONTEXT ( 3 ) GLOBAL_UNCERTAINTY_ASSIGNED_CONTEXT ( ( #558 ) ) GLOBAL_UNIT_ASSIGNED_CONTEXT ( ( #2970, #650, #2745 ) ) REPRESENTATION_CONTEXT ( 'NONE', 'WORKASPACE' ) );
#1468 = CARTESIAN_POINT ( 'NONE',  ( -16.00000000000000000, -4.000000000000001776, 0.000000000000000000 ) ) ;
#1469 = EDGE_LOOP ( 'NONE', ( #839, #2370, #2877, #1642, #706, #3226, #353, #2259, #3311 ) ) ;
#1470 = LINE ( 'NONE', #241, #243 ) ;
#1471 = ADVANCED_FACE ( 'NONE', ( #588 ), #1006, .T. ) ;
#1472 = EDGE_CURVE ( 'NONE', #1012, #2855, #647, .T. ) ;
#1473 = CARTESIAN_POINT ( 'NONE',  ( -11.00000000000000000, -6.000000000000000000, 0.000000000000000000 ) ) ;
#1474 = ORIENTED_EDGE ( 'NONE', *, *, #1218, .F. ) ;
#1475 = CARTESIAN_POINT ( 'NONE',  ( -12.60000000000000142, 6.000000000000000000, -11.97760418286776307 ) ) ;
#1476 = CARTESIAN_POINT ( 'NONE',  ( 12.37500000000000000, 5.000000000000000000, -14.00000000000000000 ) ) ;
#1477 = VERTEX_POINT ( 'NONE', #2775 ) ;
#1478 = EDGE_CURVE ( 'NONE', #2634, #267, #1249, .T. ) ;
#1479 = CARTESIAN_POINT ( 'NONE',  ( 9.500000000000000000, 0.000000000000000000, 1.000000000000000000 ) ) ;
#1480 = ORIENTED_EDGE ( 'NONE', *, *, #998, .F. ) ;
#1481 = CARTESIAN_POINT ( 'NONE',  ( 12.95026217503923860, 4.374992390139921916, -12.48411938279336475 ) ) ;
#1482 = ORIENTED_EDGE ( 'NONE', *, *, #3227, .F. ) ;
#1483 = DIRECTION ( 'NONE',  ( 1.000000000000000000, 0.000000000000000000, -0.000000000000000000 ) ) ;
#1484 = EDGE_LOOP ( 'NONE', ( #1050, #2299, #727, #2641, #3121, #51 ) ) ;
#1485 = DIRECTION ( 'NONE',  ( -0.000000000000000000, -0.000000000000000000, -1.000000000000000000 ) ) ;
#1486 = ORIENTED_EDGE ( 'NONE', *, *, #285, .F. ) ;
#1487 = VERTEX_POINT ( 'NONE', #2806 ) ;
#1488 = CARTESIAN_POINT ( 'NONE',  ( -16.00000000000000000, 3.999999999999998224, 0.000000000000000000 ) ) ;
#1489 = DIRECTION ( 'NONE',  ( 1.000000000000000000, 0.000000000000000000, 0.000000000000000000 ) ) ;
#1490 = FACE_OUTER_BOUND ( 'NONE', #1696, .T. ) ;
#1491 = AXIS2_PLACEMENT_3D ( 'NONE', #1601, #2684, #2650 ) ;
#1492 = EDGE_CURVE ( 'NONE', #861, #3303, #1410, .T. ) ;
#1493 = VERTEX_POINT ( 'NONE', #3231 ) ;
#1494 = CARTESIAN_POINT ( 'NONE',  ( 8.616843969807048254, -6.000000000000000000, -12.00000000000000000 ) ) ;
#1495 = CARTESIAN_POINT ( 'NONE',  ( -11.00000000000000000, 8.000000000000000000, -12.00000000000000000 ) ) ;
#1496 = CIRCLE ( 'NONE', #1614, 1.125000000000000888 ) ;
#1497 = EDGE_CURVE ( 'NONE', #1533, #1706, #1500, .T. ) ;
#1498 = ORIENTED_EDGE ( 'NONE', *, *, #1944, .T. ) ;
#1499 = DIRECTION ( 'NONE',  ( 0.000000000000000000, 1.000000000000000000, 0.000000000000000000 ) ) ;
#1500 = LINE ( 'NONE', #2554, #853 ) ;
#1501 = LINE ( 'NONE', #955, #2197 ) ;
#1502 = EDGE_CURVE ( 'NONE', #1634, #456, #2145, .T. ) ;
#1503 = ORIENTED_EDGE ( 'NONE', *, *, #210, .F. ) ;
#1504 = AXIS2_PLACEMENT_3D ( 'NONE', #2814, #2922, #1633 ) ;
#1505 = VERTEX_POINT ( 'NONE', #2857 ) ;
#1506 = DIRECTION ( 'NONE',  ( 1.000000000000000000, 0.000000000000000000, 0.000000000000000000 ) ) ;
#1507 = VECTOR ( 'NONE', #2142, 1000.000000000000000 ) ;
#1508 = CARTESIAN_POINT ( 'NONE',  ( 8.755177107892441413, -4.000000000000001776, 1.000000000000000444 ) ) ;
#1509 = CIRCLE ( 'NONE', #498, 0.5000000000000004441 ) ;
#1510 = ORIENTED_EDGE ( 'NONE', *, *, #1362, .F. ) ;
#1511 = DIRECTION ( 'NONE',  ( 0.000000000000000000, 0.000000000000000000, -1.000000000000000000 ) ) ;
#1512 = DIRECTION ( 'NONE',  ( 0.000000000000000000, 0.000000000000000000, -1.000000000000000000 ) ) ;
#1513 = CARTESIAN_POINT ( 'NONE',  ( -13.40000000000000036, -4.000000000000000000, -6.587956044287794910 ) ) ;
#1514 = ORIENTED_EDGE ( 'NONE', *, *, #1072, .T. ) ;
#1515 = CARTESIAN_POINT ( 'NONE',  ( 13.43628195711682594, -4.000000000000000000, -12.00000000000000000 ) ) ;
#1516 = ADVANCED_FACE ( 'NONE', ( #1569 ), #1783, .T. ) ;
#1517 = EDGE_CURVE ( 'NONE', #1397, #3320, #960, .T. ) ;
#1518 = DIRECTION ( 'NONE',  ( -0.000000000000000000, -0.000000000000000000, 1.000000000000000000 ) ) ;
#1519 = AXIS2_PLACEMENT_3D ( 'NONE', #438, #1613, #1075 ) ;
#1520 = EDGE_CURVE ( 'NONE', #1096, #2634, #2228, .T. ) ;
#1521 = ORIENTED_EDGE ( 'NONE', *, *, #2473, .F. ) ;
#1522 = ORIENTED_EDGE ( 'NONE', *, *, #933, .F. ) ;
#1523 = DIRECTION ( 'NONE',  ( 1.000000000000000000, 0.000000000000000000, 0.000000000000000000 ) ) ;
#1524 = FACE_OUTER_BOUND ( 'NONE', #3073, .T. ) ;
#1525 = VECTOR ( 'NONE', #1518, 1000.000000000000000 ) ;
#1526 = CARTESIAN_POINT ( 'NONE',  ( -13.40000000000000036, -6.000000000000000000, -6.587956044287794910 ) ) ;
#1527 = ORIENTED_EDGE ( 'NONE', *, *, #1072, .F. ) ;
#1528 = EDGE_CURVE ( 'NONE', #240, #2583, #788, .T. ) ;
#1529 = CARTESIAN_POINT ( 'NONE',  ( -9.165151389911681434, -4.000000000000001776, 0.5000000000000002220 ) ) ;
#1530 = DIRECTION ( 'NONE',  ( -0.000000000000000000, -0.000000000000000000, 1.000000000000000000 ) ) ;
#1531 = ORIENTED_EDGE ( 'NONE', *, *, #1890, .F. ) ;
#1532 = CARTESIAN_POINT ( 'NONE',  ( -13.60473276808508913, -4.000000000000000000, -12.00000000000000000 ) ) ;
#1533 = VERTEX_POINT ( 'NONE', #1049 ) ;
#1534 = DIRECTION ( 'NONE',  ( 0.000000000000000000, 0.000000000000000000, -1.000000000000000000 ) ) ;
#1535 = DIRECTION ( 'NONE',  ( -0.000000000000000000, 1.000000000000000000, 4.003208021484940511E-16 ) ) ;
#1536 = ORIENTED_EDGE ( 'NONE', *, *, #1966, .T. ) ;
#1537 = ORIENTED_EDGE ( 'NONE', *, *, #3034, .F. ) ;
#1538 = CARTESIAN_POINT ( 'NONE',  ( 1.075000000000000400, 1.561424668912875949E-16, -14.00000000000000000 ) ) ;
#1539 = VERTEX_POINT ( 'NONE', #2421 ) ;
#1540 = ADVANCED_FACE ( 'NONE', ( #3205 ), #2160, .T. ) ;
#1541 = CARTESIAN_POINT ( 'NONE',  ( -13.00000000000000178, -5.000000000000000000, -9.500000000000000000 ) ) ;
#1542 = ORIENTED_EDGE ( 'NONE', *, *, #1502, .F. ) ;
#1543 = CARTESIAN_POINT ( 'NONE',  ( -9.165151389911681434, 3.999999999999998224, 0.5000000000000002220 ) ) ;
#1544 = DIRECTION ( 'NONE',  ( 1.000000000000000000, 0.000000000000000000, 0.000000000000000000 ) ) ;
#1545 = CARTESIAN_POINT ( 'NONE',  ( -14.00000000000000000, 0.000000000000000000, 6.000000000000000000 ) ) ;
#1546 = ORIENTED_EDGE ( 'NONE', *, *, #2675, .F. ) ;
#1547 = CIRCLE ( 'NONE', #1947, 10.00000000000000000 ) ;
#1548 = DIRECTION ( 'NONE',  ( -0.000000000000000000, 0.000000000000000000, 1.000000000000000000 ) ) ;
#1549 = AXIS2_PLACEMENT_3D ( 'NONE', #37, #76, #560 ) ;
#1550 = CARTESIAN_POINT ( 'NONE',  ( 13.09895562973426308, 4.380888838657763351, -12.48720827755427010 ) ) ;
#1551 = VECTOR ( 'NONE', #3152, 1000.000000000000000 ) ;
#1552 = DIRECTION ( 'NONE',  ( 0.000000000000000000, -5.337610695313252371E-16, 1.000000000000000000 ) ) ;
#1553 = ORIENTED_EDGE ( 'NONE', *, *, #1588, .T. ) ;
#1554 = EDGE_CURVE ( 'NONE', #690, #1397, #100, .T. ) ;
#1555 = ORIENTED_EDGE ( 'NONE', *, *, #804, .T. ) ;
#1556 = LINE ( 'NONE', #756, #1464 ) ;
#1557 = AXIS2_PLACEMENT_3D ( 'NONE', #1089, #3285, #1974 ) ;
#1558 = DIRECTION ( 'NONE',  ( -0.000000000000000000, 0.000000000000000000, 1.000000000000000000 ) ) ;
#1559 = ADVANCED_FACE ( 'NONE', ( #1925 ), #2948, .F. ) ;
#1560 = DIRECTION ( 'NONE',  ( 0.8888888888889560080, 0.4581228472907212246, 6.437203310420065072E-14 ) ) ;
#1561 = AXIS2_PLACEMENT_3D ( 'NONE', #373, #2679, #2167 ) ;
#1562 = ORIENTED_EDGE ( 'NONE', *, *, #1690, .F. ) ;
#1563 = CARTESIAN_POINT ( 'NONE',  ( 0.000000000000000000, 0.000000000000000000, -14.00000000000000000 ) ) ;
#1564 = FACE_OUTER_BOUND ( 'NONE', #539, .T. ) ;
#1565 = FACE_OUTER_BOUND ( 'NONE', #2905, .T. ) ;
#1566 = DIRECTION ( 'NONE',  ( 0.000000000000000000, 0.000000000000000000, 1.000000000000000000 ) ) ;
#1567 = ORIENTED_EDGE ( 'NONE', *, *, #2738, .F. ) ;
#1568 = AXIS2_PLACEMENT_3D ( 'NONE', #3041, #1255, #758 ) ;
#1569 = FACE_OUTER_BOUND ( 'NONE', #523, .T. ) ;
#1570 = ORIENTED_EDGE ( 'NONE', *, *, #1250, .F. ) ;
#1571 = DIRECTION ( 'NONE',  ( -0.000000000000000000, 0.000000000000000000, 1.000000000000000000 ) ) ;
#1572 = CARTESIAN_POINT ( 'NONE',  ( 14.12500000000000178, -5.000000000000000000, -12.50000000000000000 ) ) ;
#1573 = PLANE ( 'NONE',  #1747 ) ;
#1574 = EDGE_LOOP ( 'NONE', ( #1151, #153, #2730, #196, #257 ) ) ;
#1575 = DIRECTION ( 'NONE',  ( -0.8888888888893813345, 0.4581228472898961623, 5.030555179615510869E-13 ) ) ;
#1576 = EDGE_LOOP ( 'NONE', ( #2480, #174, #3158, #1030 ) ) ;
#1577 = VECTOR ( 'NONE', #641, 1000.000000000000000 ) ;
#1578 = AXIS2_PLACEMENT_3D ( 'NONE', #542, #2322, #3128 ) ;
#1579 = PLANE ( 'NONE',  #2983 ) ;
#1580 = ORIENTED_EDGE ( 'NONE', *, *, #1955, .T. ) ;
#1581 = ADVANCED_FACE ( 'NONE', ( #2984 ), #386, .F. ) ;
#1582 = EDGE_CURVE ( 'NONE', #155, #2761, #1941, .T. ) ;
#1583 = CARTESIAN_POINT ( 'NONE',  ( 9.000000000000000000, 6.000000000000002665, 1.000000000000004441 ) ) ;
#1584 = DIRECTION ( 'NONE',  ( 1.000000000000000000, 0.000000000000000000, 0.000000000000000000 ) ) ;
#1585 = CARTESIAN_POINT ( 'NONE',  ( -13.40000000000000213, -4.106129563455591658, -11.94707576881353184 ) ) ;
#1586 = FACE_OUTER_BOUND ( 'NONE', #890, .T. ) ;
#1587 = ORIENTED_EDGE ( 'NONE', *, *, #2956, .T. ) ;
#1588 = EDGE_CURVE ( 'NONE', #272, #155, #1149, .T. ) ;
#1589 = CARTESIAN_POINT ( 'NONE',  ( 10.00000000000000000, 0.000000000000000000, 0.5000000000000000000 ) ) ;
#1590 = ORIENTED_EDGE ( 'NONE', *, *, #2683, .F. ) ;
#1591 = CARTESIAN_POINT ( 'NONE',  ( -12.27500000000000036, -5.000000000000000000, -11.50000000000000000 ) ) ;
#1592 = CARTESIAN_POINT ( 'NONE',  ( 13.51538820320221745, 4.000000000000003553, -12.00000000000000000 ) ) ;
#1593 = FACE_OUTER_BOUND ( 'NONE', #1102, .T. ) ;
#1594 = CARTESIAN_POINT ( 'NONE',  ( 0.000000000000000000, 3.999999999999996447, 6.625000000000003553 ) ) ;
#1595 = FACE_OUTER_BOUND ( 'NONE', #2790, .T. ) ;
#1596 = ORIENTED_EDGE ( 'NONE', *, *, #3163, .F. ) ;
#1597 = DIRECTION ( 'NONE',  ( 0.000000000000000000, 0.000000000000000000, -1.000000000000000000 ) ) ;
#1598 = DIRECTION ( 'NONE',  ( -1.000000000000000000, -0.000000000000000000, -0.000000000000000000 ) ) ;
#1599 = VERTEX_POINT ( 'NONE', #3282 ) ;
#1600 = ORIENTED_EDGE ( 'NONE', *, *, #2132, .T. ) ;
#1601 = CARTESIAN_POINT ( 'NONE',  ( 13.00000000000000178, -5.000000000000000000, -12.50000000000000000 ) ) ;
#1602 = CARTESIAN_POINT ( 'NONE',  ( 0.000000000000000000, 0.000000000000000000, 0.000000000000000000 ) ) ;
#1603 = CARTESIAN_POINT ( 'NONE',  ( -13.00000000000000178, -5.000000000000000000, -9.500000000000000000 ) ) ;
#1604 = CARTESIAN_POINT ( 'NONE',  ( 9.099803424317496336, 3.999999999999997335, 0.7713981710483508447 ) ) ;
#1605 = EDGE_CURVE ( 'NONE', #6, #690, #964, .T. ) ;
#1606 = VERTEX_POINT ( 'NONE', #3028 ) ;
#1607 = CARTESIAN_POINT ( 'NONE',  ( 16.00000000000000000, -5.000000000000000000, 6.000000000000001776 ) ) ;
#1608 = CARTESIAN_POINT ( 'NONE',  ( -13.50240753049653009, -4.000000000000000000, -11.98938728794318820 ) ) ;
#1609 = EDGE_CURVE ( 'NONE', #3106, #225, #2741, .T. ) ;
#1610 = VECTOR ( 'NONE', #1224, 1000.000000000000000 ) ;
#1611 = DIRECTION ( 'NONE',  ( -0.000000000000000000, -0.000000000000000000, -1.000000000000000000 ) ) ;
#1612 = ORIENTED_EDGE ( 'NONE', *, *, #1671, .F. ) ;
#1613 = DIRECTION ( 'NONE',  ( -0.000000000000000000, 0.000000000000000000, 1.000000000000000000 ) ) ;
#1614 = AXIS2_PLACEMENT_3D ( 'NONE', #2860, #1571, #269 ) ;
#1615 = VERTEX_POINT ( 'NONE', #468 ) ;
#1616 = VECTOR ( 'NONE', #2808, 1000.000000000000000 ) ;
#1617 = DIRECTION ( 'NONE',  ( -1.000000000000000000, 0.000000000000000000, 0.000000000000000000 ) ) ;
#1618 = ORIENTED_EDGE ( 'NONE', *, *, #1517, .T. ) ;
#1619 = EDGE_LOOP ( 'NONE', ( #347, #2769, #750, #2495 ) ) ;
#1620 = TOROIDAL_SURFACE ( 'NONE', #2225, 1.224999999999999867, 0.5000000000000000000 ) ;
#1621 = CARTESIAN_POINT ( 'NONE',  ( 0.000000000000000000, 5.999999999999998224, 1.000000000000000000 ) ) ;
#1622 = FACE_OUTER_BOUND ( 'NONE', #2652, .T. ) ;
#1623 = CARTESIAN_POINT ( 'NONE',  ( 16.00000000000000000, -5.000000000000000000, 6.000000000000001776 ) ) ;
#1624 = CARTESIAN_POINT ( 'NONE',  ( -13.40000000000000036, 5.604669331122391185, -11.50000000000000000 ) ) ;
#1625 = EDGE_LOOP ( 'NONE', ( #360, #465, #1915, #665 ) ) ;
#1626 = DIRECTION ( 'NONE',  ( -1.000000000000000000, 0.000000000000000000, 0.000000000000000000 ) ) ;
#1627 = AXIS2_PLACEMENT_3D ( 'NONE', #1807, #2833, #1221 ) ;
#1628 = EDGE_CURVE ( 'NONE', #2610, #2858, #1272, .T. ) ;
#1629 = EDGE_CURVE ( 'NONE', #2218, #872, #2334, .T. ) ;
#1630 = CARTESIAN_POINT ( 'NONE',  ( 13.21671062408201358, -5.589020952324857738, -12.06013317164541476 ) ) ;
#1631 =( NAMED_UNIT ( * ) SI_UNIT ( $, .STERADIAN. ) SOLID_ANGLE_UNIT ( ) );
#1632 = EDGE_CURVE ( 'NONE', #321, #1212, #2036, .T. ) ;
#1633 = DIRECTION ( 'NONE',  ( 0.4581228472899099291, 0.8888888888893740070, 0.000000000000000000 ) ) ;
#1634 = VERTEX_POINT ( 'NONE', #2360 ) ;
#1635 = CARTESIAN_POINT ( 'NONE',  ( 0.000000000000000000, 0.000000000000000000, -14.00000000000000000 ) ) ;
#1636 = DIRECTION ( 'NONE',  ( -1.000000000000000000, -0.000000000000000000, -0.000000000000000000 ) ) ;
#1637 = DIRECTION ( 'NONE',  ( -0.000000000000000000, 1.000000000000000000, 8.673617379884027583E-16 ) ) ;
#1638 = LINE ( 'NONE', #884, #2280 ) ;
#1639 = CARTESIAN_POINT ( 'NONE',  ( -16.00000000000000000, -4.000000000000000000, -12.00000000000000000 ) ) ;
#1640 = VECTOR ( 'NONE', #2647, 1000.000000000000000 ) ;
#1641 = DIRECTION ( 'NONE',  ( 0.000000000000000000, -0.000000000000000000, -1.000000000000000000 ) ) ;
#1642 = ORIENTED_EDGE ( 'NONE', *, *, #1120, .T. ) ;
#1643 = AXIS2_PLACEMENT_3D ( 'NONE', #26, #769, #1032 ) ;
#1644 = EDGE_CURVE ( 'NONE', #1231, #1211, #343, .T. ) ;
#1645 = DIRECTION ( 'NONE',  ( 0.000000000000000000, 0.000000000000000000, -1.000000000000000000 ) ) ;
#1646 = ORIENTED_EDGE ( 'NONE', *, *, #2577, .T. ) ;
#1647 = LINE ( 'NONE', #1664, #2481 ) ;
#1648 = FACE_OUTER_BOUND ( 'NONE', #2179, .T. ) ;
#1649 = DIRECTION ( 'NONE',  ( 0.000000000000000000, 0.000000000000000000, -1.000000000000000000 ) ) ;
#1650 = EDGE_CURVE ( 'NONE', #887, #205, #2089, .T. ) ;
#1651 = ORIENTED_EDGE ( 'NONE', *, *, #3100, .T. ) ;
#1652 = CARTESIAN_POINT ( 'NONE',  ( 10.99999999999999822, 11.00000000000000000, 1.000000000000000000 ) ) ;
#1653 = EDGE_CURVE ( 'NONE', #429, #321, #2819, .T. ) ;
#1654 = CARTESIAN_POINT ( 'NONE',  ( 13.51538820320221035, -6.000000000000000000, -12.00000000000000000 ) ) ;
#1655 = DIRECTION ( 'NONE',  ( 1.000000000000000000, 0.000000000000000000, 0.000000000000000000 ) ) ;
#1656 = CARTESIAN_POINT ( 'NONE',  ( -12.60000000000000142, 5.604669331122391185, -9.500000000000000000 ) ) ;
#1657 = CARTESIAN_POINT ( 'NONE',  ( -13.00000000000000178, -5.000000000000000000, -11.50000000000000000 ) ) ;
#1658 = DIRECTION ( 'NONE',  ( 0.000000000000000000, -1.000000000000000000, -5.337610695313252371E-16 ) ) ;
#1659 = CARTESIAN_POINT ( 'NONE',  ( -13.00000000000000178, -5.000000000000000000, -11.50000000000000000 ) ) ;
#1660 = ADVANCED_FACE ( 'NONE', ( #15 ), #1339, .F. ) ;
#1661 = VERTEX_POINT ( 'NONE', #3078 ) ;
#1662 = CARTESIAN_POINT ( 'NONE',  ( -16.00000000000000000, 3.999999999999998224, 8.000000000000000000 ) ) ;
#1663 = VERTEX_POINT ( 'NONE', #778 ) ;
#1664 = CARTESIAN_POINT ( 'NONE',  ( -16.00000000000000000, 0.000000000000000000, 6.000000000000000000 ) ) ;
#1665 = AXIS2_PLACEMENT_3D ( 'NONE', #1324, #2104, #2873 ) ;
#1666 = EDGE_CURVE ( 'NONE', #2734, #1055, #747, .T. ) ;
#1667 = ORIENTED_EDGE ( 'NONE', *, *, #1327, .F. ) ;
#1668 = DIRECTION ( 'NONE',  ( -0.000000000000000000, -0.000000000000000000, -1.000000000000000000 ) ) ;
#1669 = CIRCLE ( 'NONE', #2388, 0.6250000000000005551 ) ;
#1670 = LINE ( 'NONE', #93, #3354 ) ;
#1671 = EDGE_CURVE ( 'NONE', #1459, #3103, #1022, .T. ) ;
#1672 = TOROIDAL_SURFACE ( 'NONE', #434, 1.224999999999999867, 0.5000000000000000000 ) ;
#1673 = EDGE_CURVE ( 'NONE', #1708, #1825, #652, .T. ) ;
#1674 = DIRECTION ( 'NONE',  ( 0.000000000000000000, -1.000000000000000000, 0.000000000000000000 ) ) ;
#1675 = DIRECTION ( 'NONE',  ( -0.000000000000000000, 0.000000000000000000, 1.000000000000000000 ) ) ;
#1676 = CARTESIAN_POINT ( 'NONE',  ( 0.000000000000000000, 0.000000000000000000, 1.000000000000004441 ) ) ;
#1677 = AXIS2_PLACEMENT_3D ( 'NONE', #1939, #2945, #2768 ) ;
#1678 = VERTEX_POINT ( 'NONE', #2173 ) ;
#1679 = VECTOR ( 'NONE', #2896, 1000.000000000000000 ) ;
#1680 = CARTESIAN_POINT ( 'NONE',  ( -11.00000000000000000, 6.000000000000000000, 1.000000000000000000 ) ) ;
#1681 = ORIENTED_EDGE ( 'NONE', *, *, #2371, .F. ) ;
#1682 = CIRCLE ( 'NONE', #2119, 1.225000000000000311 ) ;
#1683 = AXIS2_PLACEMENT_3D ( 'NONE', #2455, #134, #2201 ) ;
#1684 = EDGE_CURVE ( 'NONE', #1196, #497, #1638, .T. ) ;
#1685 = ORIENTED_EDGE ( 'NONE', *, *, #1431, .T. ) ;
#1686 = LINE ( 'NONE', #127, #1750 ) ;
#1687 = AXIS2_PLACEMENT_3D ( 'NONE', #1401, #885, #864 ) ;
#1688 = CARTESIAN_POINT ( 'NONE',  ( -16.00000000000000000, 5.999999999999995559, 6.000000000000000000 ) ) ;
#1689 = DIRECTION ( 'NONE',  ( 1.000000000000000000, 0.000000000000000000, 0.000000000000000000 ) ) ;
#1690 = EDGE_CURVE ( 'NONE', #1964, #2519, #2139, .T. ) ;
#1691 = ORIENTED_EDGE ( 'NONE', *, *, #2158, .T. ) ;
#1692 = VECTOR ( 'NONE', #2763, 1000.000000000000000 ) ;
#1693 = AXIS2_PLACEMENT_3D ( 'NONE', #2251, #531, #5 ) ;
#1694 = STYLED_ITEM ( 'NONE', ( #609 ), #2536 ) ;
#1695 = EDGE_CURVE ( 'NONE', #2282, #833, #1154, .T. ) ;
#1696 = EDGE_LOOP ( 'NONE', ( #2960, #81, #2213, #1482 ) ) ;
#1697 = DIRECTION ( 'NONE',  ( -0.000000000000000000, -1.000000000000000000, -4.003208021484940511E-16 ) ) ;
#1698 = VERTEX_POINT ( 'NONE', #2446 ) ;
#1699 = DIRECTION ( 'NONE',  ( 1.000000000000000000, -0.000000000000000000, -0.000000000000000000 ) ) ;
#1700 = CARTESIAN_POINT ( 'NONE',  ( -13.40000000000000036, -6.000000000000000000, -9.500000000000000000 ) ) ;
#1701 = ORIENTED_EDGE ( 'NONE', *, *, #1628, .F. ) ;
#1702 = CARTESIAN_POINT ( 'NONE',  ( -13.70754858490425221, 4.000000000000003553, -11.99999999999999822 ) ) ;
#1703 = CARTESIAN_POINT ( 'NONE',  ( 16.00000000000000000, 3.999999999999996447, 6.000000000000000000 ) ) ;
#1704 = EDGE_LOOP ( 'NONE', ( #1208, #164, #653, #2092, #1537 ) ) ;
#1705 = EDGE_CURVE ( 'NONE', #1964, #429, #2194, .T. ) ;
#1706 = VERTEX_POINT ( 'NONE', #614 ) ;
#1707 = CARTESIAN_POINT ( 'NONE',  ( 14.00000000000000000, 0.000000000000000000, 6.000000000000000000 ) ) ;
#1708 = VERTEX_POINT ( 'NONE', #2907 ) ;
#1709 = EDGE_CURVE ( 'NONE', #2855, #2539, #176, .T. ) ;
#1710 = DIRECTION ( 'NONE',  ( 0.000000000000000000, 0.000000000000000000, 1.000000000000000000 ) ) ;
#1711 = DIRECTION ( 'NONE',  ( 0.000000000000000000, 0.000000000000000000, -1.000000000000000000 ) ) ;
#1712 = EDGE_LOOP ( 'NONE', ( #1262, #3287, #144, #519 ) ) ;
#1713 = CARTESIAN_POINT ( 'NONE',  ( -12.49759246950347347, -6.000000000000000000, -11.98938728794318820 ) ) ;
#1714 = VECTOR ( 'NONE', #2422, 1000.000000000000000 ) ;
#1715 = FACE_OUTER_BOUND ( 'NONE', #1101, .T. ) ;
#1716 = CARTESIAN_POINT ( 'NONE',  ( -11.77500000000000036, -5.000000000000000000, -11.50000000000000000 ) ) ;
#1717 = DIRECTION ( 'NONE',  ( -1.000000000000000000, 0.000000000000000000, 0.000000000000000000 ) ) ;
#1718 = ORIENTED_EDGE ( 'NONE', *, *, #1066, .T. ) ;
#1719 = VECTOR ( 'NONE', #1894, 1000.000000000000000 ) ;
#1720 = CARTESIAN_POINT ( 'NONE',  ( -12.60000000000000142, -4.000000000000000000, -11.97760418287102979 ) ) ;
#1721 = FACE_OUTER_BOUND ( 'NONE', #3346, .T. ) ;
#1722 = CARTESIAN_POINT ( 'NONE',  ( -11.00000000000000000, 10.99999999999999822, 1.000000000000000000 ) ) ;
#1723 = ORIENTED_EDGE ( 'NONE', *, *, #1773, .F. ) ;
#1724 = ORIENTED_EDGE ( 'NONE', *, *, #2733, .T. ) ;
#1725 = CARTESIAN_POINT ( 'NONE',  ( 13.35116257261970141, -4.000000000000000000, -12.00000000000000000 ) ) ;
#1726 = CIRCLE ( 'NONE', #391, 0.4999999999999997224 ) ;
#1727 = CARTESIAN_POINT ( 'NONE',  ( 12.71367322044322457, 5.555555555555558911, -12.50000000000000000 ) ) ;
#1728 = LINE ( 'NONE', #2760, #623 ) ;
#1729 = CARTESIAN_POINT ( 'NONE',  ( -13.40000000000000036, 4.395330668877608815, -9.500000000000000000 ) ) ;
#1730 = VECTOR ( 'NONE', #187, 1000.000000000000000 ) ;
#1731 = EDGE_CURVE ( 'NONE', #2519, #1227, #1823, .T. ) ;
#1732 = EDGE_CURVE ( 'NONE', #1199, #733, #1326, .T. ) ;
#1733 = ORIENTED_EDGE ( 'NONE', *, *, #248, .T. ) ;
#1734 = CARTESIAN_POINT ( 'NONE',  ( 3.469446951953614189E-15, -8.673617379884035472E-16, -0.7500000000000000000 ) ) ;
#1735 = VECTOR ( 'NONE', #3345, 1000.000000000000000 ) ;
#1736 = CARTESIAN_POINT ( 'NONE',  ( 13.04973782496068502, -4.374992390139921916, -12.48411938279336653 ) ) ;
#1737 = CARTESIAN_POINT ( 'NONE',  ( -13.40000000000000036, 6.000000000000000000, -9.500000000000000000 ) ) ;
#1738 = ORIENTED_EDGE ( 'NONE', *, *, #2141, .F. ) ;
#1739 = CARTESIAN_POINT ( 'NONE',  ( 0.000000000000000000, 3.999999999999998224, 1.000000000000000000 ) ) ;
#1740 = VERTEX_POINT ( 'NONE', #2362 ) ;
#1741 = PLANE ( 'NONE',  #1018 ) ;
#1742 = CARTESIAN_POINT ( 'NONE',  ( 12.56371804288424521, -6.000000000000000000, -12.00000000000000000 ) ) ;
#1743 = DIRECTION ( 'NONE',  ( 0.000000000000000000, 0.000000000000000000, -1.000000000000000000 ) ) ;
#1744 = VERTEX_POINT ( 'NONE', #1833 ) ;
#1745 = AXIS2_PLACEMENT_3D ( 'NONE', #1201, #666, #2462 ) ;
#1746 = FACE_OUTER_BOUND ( 'NONE', #35, .T. ) ;
#1747 = AXIS2_PLACEMENT_3D ( 'NONE', #2439, #1364, #1148 ) ;
#1748 = VECTOR ( 'NONE', #2367, 1000.000000000000000 ) ;
#1749 = LINE ( 'NONE', #1468, #1840 ) ;
#1750 = VECTOR ( 'NONE', #2476, 1000.000000000000000 ) ;
#1751 = EDGE_CURVE ( 'NONE', #1487, #1945, #2091, .T. ) ;
#1752 = ORIENTED_EDGE ( 'NONE', *, *, #2975, .F. ) ;
#1753 = CARTESIAN_POINT ( 'NONE',  ( -8.616843969807041148, -6.000000000000000000, 0.000000000000000000 ) ) ;
#1754 = CARTESIAN_POINT ( 'NONE',  ( -16.00000000000000000, 6.000000000000005329, -11.99999999999999645 ) ) ;
#1755 = CYLINDRICAL_SURFACE ( 'NONE', #289, 0.7249999999999999778 ) ;
#1756 = VERTEX_POINT ( 'NONE', #1884 ) ;
#1757 = DIRECTION ( 'NONE',  ( 0.000000000000000000, -0.000000000000000000, -1.000000000000000000 ) ) ;
#1758 = DIRECTION ( 'NONE',  ( 1.000000000000000000, 0.000000000000000000, 0.000000000000000000 ) ) ;
#1759 = CARTESIAN_POINT ( 'NONE',  ( 3.469446951953614189E-15, -8.673617379884035472E-16, -0.7500000000000000000 ) ) ;
#1760 = CARTESIAN_POINT ( 'NONE',  ( -13.40000000000000036, -6.000000000000000000, -9.500000000000000000 ) ) ;
#1761 = VERTEX_POINT ( 'NONE', #3111 ) ;
#1762 = CARTESIAN_POINT ( 'NONE',  ( 13.28632677955677721, 5.555555555555558911, -12.50000000000000000 ) ) ;
#1763 = APPLICATION_CONTEXT ( 'automotive_design' ) ;
#1764 = ORIENTED_EDGE ( 'NONE', *, *, #2095, .F. ) ;
#1765 = ORIENTED_EDGE ( 'NONE', *, *, #784, .T. ) ;
#1766 = CARTESIAN_POINT ( 'NONE',  ( 14.00000000000000000, -4.000000000000002665, 6.000000000000000000 ) ) ;
#1767 = CARTESIAN_POINT ( 'NONE',  ( 13.11602640250323759, -4.383546638453019284, -12.09009649580182888 ) ) ;
#1768 = DIRECTION ( 'NONE',  ( -1.000000000000000000, 0.000000000000000000, 0.000000000000000000 ) ) ;
#1769 = CARTESIAN_POINT ( 'NONE',  ( 12.71367322044322457, 5.555555555555558911, -12.50000000000000000 ) ) ;
#1770 = AXIS2_PLACEMENT_3D ( 'NONE', #249, #761, #1271 ) ;
#1771 = VERTEX_POINT ( 'NONE', #1623 ) ;
#1772 = EDGE_CURVE ( 'NONE', #754, #2497, #2065, .T. ) ;
#1773 = EDGE_CURVE ( 'NONE', #3107, #3081, #2558, .T. ) ;
#1774 = CARTESIAN_POINT ( 'NONE',  ( -12.60000000000000142, 4.395330668877608815, -9.500000000000000000 ) ) ;
#1775 = CARTESIAN_POINT ( 'NONE',  ( 12.48461179679780209, 6.000000000000005329, -12.00000000000000000 ) ) ;
#1776 = DIRECTION ( 'NONE',  ( 8.673617379884058152E-16, 1.000000000000000000, 0.000000000000000000 ) ) ;
#1777 = DIRECTION ( 'NONE',  ( 1.000000000000000000, 0.000000000000000000, 0.000000000000000000 ) ) ;
#1778 = ORIENTED_EDGE ( 'NONE', *, *, #2389, .T. ) ;
#1779 = ORIENTED_EDGE ( 'NONE', *, *, #2389, .F. ) ;
#1780 = VECTOR ( 'NONE', #63, 1000.000000000000000 ) ;
#1781 = DIRECTION ( 'NONE',  ( -1.000000000000000000, 0.000000000000000000, 0.000000000000000000 ) ) ;
#1782 = EDGE_LOOP ( 'NONE', ( #972, #2821, #13, #557 ) ) ;
#1783 = TOROIDAL_SURFACE ( 'NONE', #2449, 1.224999999999999867, 0.5000000000000000000 ) ;
#1784 = ORIENTED_EDGE ( 'NONE', *, *, #2133, .F. ) ;
#1785 = DIRECTION ( 'NONE',  ( 0.000000000000000000, -0.000000000000000000, 1.000000000000000000 ) ) ;
#1786 = EDGE_CURVE ( 'NONE', #3062, #240, #2356, .T. ) ;
#1787 = CARTESIAN_POINT ( 'NONE',  ( -12.60000000000000142, 4.395330668878159486, -11.50000000000150457 ) ) ;
#1788 = FACE_OUTER_BOUND ( 'NONE', #3057, .T. ) ;
#1789 = AXIS2_PLACEMENT_3D ( 'NONE', #645, #3221, #2212 ) ;
#1790 = ORIENTED_EDGE ( 'NONE', *, *, #680, .T. ) ;
#1791 = DIRECTION ( 'NONE',  ( 0.000000000000000000, 0.000000000000000000, -1.000000000000000000 ) ) ;
#1792 = CARTESIAN_POINT ( 'NONE',  ( 16.00000000000000000, 4.000000000000003553, -11.99999999999999822 ) ) ;
#1793 = CARTESIAN_POINT ( 'NONE',  ( -13.70754858490424688, -6.000000000000000000, -12.00000000000000000 ) ) ;
#1794 = EDGE_CURVE ( 'NONE', #3266, #3062, #2498, .T. ) ;
#1795 = ORIENTED_EDGE ( 'NONE', *, *, #359, .F. ) ;
#1796 = ADVANCED_FACE ( 'NONE', ( #1138 ), #886, .F. ) ;
#1797 = CARTESIAN_POINT ( 'NONE',  ( -14.49999999999999822, -6.000000000000000000, 0.9999999999999993339 ) ) ;
#1798 = LINE ( 'NONE', #2327, #1525 ) ;
#1799 = AXIS2_PLACEMENT_3D ( 'NONE', #3118, #27, #3008 ) ;
#1800 = CYLINDRICAL_SURFACE ( 'NONE', #3288, 0.6249999999999996669 ) ;
#1801 = VECTOR ( 'NONE', #3197, 1000.000000000000000 ) ;
#1802 = VERTEX_POINT ( 'NONE', #1157 ) ;
#1803 = ORIENTED_EDGE ( 'NONE', *, *, #320, .F. ) ;
#1804 = DIRECTION ( 'NONE',  ( 0.000000000000000000, -0.000000000000000000, -1.000000000000000000 ) ) ;
#1805 = ORIENTED_EDGE ( 'NONE', *, *, #2484, .F. ) ;
#1806 = VECTOR ( 'NONE', #351, 1000.000000000000000 ) ;
#1807 = CARTESIAN_POINT ( 'NONE',  ( -11.00000000000000000, 10.99999999999999822, 1.000000000000000000 ) ) ;
#1808 = VERTEX_POINT ( 'NONE', #2468 ) ;
#1809 = LINE ( 'NONE', #2585, #2700 ) ;
#1810 = CARTESIAN_POINT ( 'NONE',  ( -13.00000000000000178, -5.000000000000000000, -9.500000000000000000 ) ) ;
#1811 = CARTESIAN_POINT ( 'NONE',  ( 13.28632677955677721, 5.555555555555558911, -12.50000000000000000 ) ) ;
#1812 = CARTESIAN_POINT ( 'NONE',  ( -13.99999999999999822, -5.000000000000000000, 8.000000000000000000 ) ) ;
#1813 = ORIENTED_EDGE ( 'NONE', *, *, #2638, .F. ) ;
#1814 = ADVANCED_FACE ( 'NONE', ( #1403 ), #148, .F. ) ;
#1815 = CARTESIAN_POINT ( 'NONE',  ( 16.00000000000000000, 0.000000000000000000, 6.000000000000000000 ) ) ;
#1816 = FACE_OUTER_BOUND ( 'NONE', #881, .T. ) ;
#1817 = ADVANCED_FACE ( 'NONE', ( #865 ), #1968, .T. ) ;
#1818 = ADVANCED_FACE ( 'NONE', ( #3265, #2175 ), #929, .F. ) ;
#1819 = CARTESIAN_POINT ( 'NONE',  ( 0.000000000000000000, 3.999999999999996447, 7.250000000000002665 ) ) ;
#1820 = ORIENTED_EDGE ( 'NONE', *, *, #1478, .F. ) ;
#1821 = ORIENTED_EDGE ( 'NONE', *, *, #147, .F. ) ;
#1822 = CARTESIAN_POINT ( 'NONE',  ( 13.43628195711581164, 6.000000000000005329, -12.00000000000000000 ) ) ;
#1823 = B_SPLINE_CURVE_WITH_KNOTS ( 'NONE', 3,
 ( #579, #3149, #366, #1604, #2401, #79 ),
 .UNSPECIFIED., .F., .F.,
 ( 4, 2, 4 ),
 ( 0.000000000000000000, 0.0004098509389352276511, 0.0008197018778704553022 ),
 .UNSPECIFIED. ) ;
#1824 = VERTEX_POINT ( 'NONE', #632 ) ;
#1825 = VERTEX_POINT ( 'NONE', #424 ) ;
#1826 = DIRECTION ( 'NONE',  ( -0.000000000000000000, 0.000000000000000000, 1.000000000000000000 ) ) ;
#1827 = CARTESIAN_POINT ( 'NONE',  ( -12.60000000000000142, -4.395330668877608815, -9.500000000000000000 ) ) ;
#1828 = EDGE_LOOP ( 'NONE', ( #49, #3319, #3013, #1733, #313, #1881 ) ) ;
#1829 = DIRECTION ( 'NONE',  ( 1.000000000000000000, 0.000000000000000000, 0.000000000000000000 ) ) ;
#1830 = LINE ( 'NONE', #730, #1346 ) ;
#1831 = CARTESIAN_POINT ( 'NONE',  ( 14.12500000000000178, 5.000000000000000000, -12.50000000000000000 ) ) ;
#1832 = TOROIDAL_SURFACE ( 'NONE', #52, 9.500000000000000000, 0.5000000000000000000 ) ;
#1833 = CARTESIAN_POINT ( 'NONE',  ( 14.00000000000000000, -5.000000000000000000, 8.000000000000000000 ) ) ;
#1834 = DIRECTION ( 'NONE',  ( -1.000000000000000000, 0.000000000000000000, 0.000000000000000000 ) ) ;
#1835 = ORIENTED_EDGE ( 'NONE', *, *, #199, .F. ) ;
#1836 = FACE_OUTER_BOUND ( 'NONE', #925, .T. ) ;
#1837 = ORIENTED_EDGE ( 'NONE', *, *, #2415, .F. ) ;
#1838 = EDGE_CURVE ( 'NONE', #627, #1505, #110, .T. ) ;
#1839 = CARTESIAN_POINT ( 'NONE',  ( 12.71367322044330095, 5.555555555555597991, -12.50000000000000000 ) ) ;
#1840 = VECTOR ( 'NONE', #2522, 1000.000000000000000 ) ;
#1841 = ORIENTED_EDGE ( 'NONE', *, *, #1520, .F. ) ;
#1842 = EDGE_LOOP ( 'NONE', ( #1293, #28, #55, #2863 ) ) ;
#1843 = DIRECTION ( 'NONE',  ( -0.8888888888889512341, -0.4581228472907303839, 6.437203310420195077E-14 ) ) ;
#1844 = EDGE_CURVE ( 'NONE', #648, #3236, #383, .T. ) ;
#1845 = VECTOR ( 'NONE', #2093, 1000.000000000000000 ) ;
#1846 = ORIENTED_EDGE ( 'NONE', *, *, #3143, .T. ) ;
#1847 = CARTESIAN_POINT ( 'NONE',  ( -13.40000000000000036, -4.395330668877608815, -9.500000000000000000 ) ) ;
#1848 = CARTESIAN_POINT ( 'NONE',  ( 7.654042494670957853E-17, 2.232233047033627571, 6.000000000000002665 ) ) ;
#1849 = CARTESIAN_POINT ( 'NONE',  ( 14.00000000000000000, 5.999999999999995559, 6.000000000000000000 ) ) ;
#1850 = VECTOR ( 'NONE', #3147, 1000.000000000000000 ) ;
#1851 = CARTESIAN_POINT ( 'NONE',  ( -13.40000000000000213, -4.349223983538572647, -11.71849475743366753 ) ) ;
#1852 = VERTEX_POINT ( 'NONE', #1688 ) ;
#1853 = ORIENTED_EDGE ( 'NONE', *, *, #1986, .F. ) ;
#1854 = DIRECTION ( 'NONE',  ( -0.000000000000000000, -1.000000000000000000, -0.000000000000000000 ) ) ;
#1855 = CARTESIAN_POINT ( 'NONE',  ( 8.616843969807042924, -4.000000000000001776, 1.000000000000000000 ) ) ;
#1856 = CARTESIAN_POINT ( 'NONE',  ( 13.28632677955678787, 4.444444444444446418, -12.50000000000000000 ) ) ;
#1857 = CARTESIAN_POINT ( 'NONE',  ( -13.72500000000000142, -5.000000000000000000, -11.50000000000000000 ) ) ;
#1858 = DIRECTION ( 'NONE',  ( -1.000000000000000000, 0.000000000000000000, 0.000000000000000000 ) ) ;
#1859 = VECTOR ( 'NONE', #2972, 1000.000000000000000 ) ;
#1860 = VECTOR ( 'NONE', #2187, 1000.000000000000000 ) ;
#1861 = COLOUR_RGB ( '',0.7921568627450980005, 0.8196078431372548767, 0.9333333333333333481 ) ;
#1862 = DIRECTION ( 'NONE',  ( 0.000000000000000000, 0.000000000000000000, -1.000000000000000000 ) ) ;
#1863 = ORIENTED_EDGE ( 'NONE', *, *, #3190, .T. ) ;
#1864 = CARTESIAN_POINT ( 'NONE',  ( -9.000000000000001776, 5.999999999999999112, 4.286768589673455265E-15 ) ) ;
#1865 = EDGE_CURVE ( 'NONE', #480, #429, #1026, .T. ) ;
#1866 = CARTESIAN_POINT ( 'NONE',  ( 12.80263317525109379, -4.398595533179062045, -12.49999999999999822 ) ) ;
#1867 = DIRECTION ( 'NONE',  ( 1.927470528863118802E-16, 0.000000000000000000, -1.000000000000000000 ) ) ;
#1868 = ORIENTED_EDGE ( 'NONE', *, *, #3168, .F. ) ;
#1869 = LINE ( 'NONE', #3098, #1679 ) ;
#1870 = ADVANCED_FACE ( 'NONE', ( #161 ), #130, .F. ) ;
#1871 = DIRECTION ( 'NONE',  ( 1.000000000000000000, 0.000000000000000000, 0.000000000000000000 ) ) ;
#1872 = FACE_OUTER_BOUND ( 'NONE', #1132, .T. ) ;
#1873 = DIRECTION ( 'NONE',  ( 1.000000000000000000, -5.329070518200751394E-15, 0.000000000000000000 ) ) ;
#1874 = CARTESIAN_POINT ( 'NONE',  ( 13.09964470415250837, -5.625000672333418272, -12.48412260580361810 ) ) ;
#1875 = FACE_OUTER_BOUND ( 'NONE', #585, .T. ) ;
#1876 = VERTEX_POINT ( 'NONE', #1703 ) ;
#1877 = DIRECTION ( 'NONE',  ( -0.000000000000000000, 0.000000000000000000, 1.000000000000000000 ) ) ;
#1878 = CARTESIAN_POINT ( 'NONE',  ( 12.64814348681321654, -4.000000000000000000, -12.00000000000000000 ) ) ;
#1879 = EDGE_LOOP ( 'NONE', ( #1570, #2352, #1000, #485 ) ) ;
#1880 =( BOUNDED_SURFACE ( )  B_SPLINE_SURFACE ( 3, 2, ( 
 ( #2841, #1276, #1592 ),
 ( #2576, #571, #3335 ),
 ( #3115, #3084, #2590 ),
 ( #1550, #782, #932 ),
 ( #251, #946, #3270 ),
 ( #1481, #3079, #2534 ),
 ( #469, #1985, #3047 ),
 ( #1226, #969, #511 ),
 ( #987, #3318, #1260 ),
 ( #2290, #2037, #1462 ) ),
 .UNSPECIFIED., .F., .F., .F. ) 
 B_SPLINE_SURFACE_WITH_KNOTS ( ( 4, 2, 2, 2, 4 ),
 ( 3, 3 ),
 ( 0.0009762313280151718124, 0.001244594175610728558, 0.001512957023206285088, 0.001781319870801841617, 0.002049682718397398146 ),
 ( 0.000000000000000000, 1.000000000000000000 ),
 .UNSPECIFIED. ) 
 GEOMETRIC_REPRESENTATION_ITEM ( )  RATIONAL_B_SPLINE_SURFACE ( (
 ( 1.000000000000000000, 0.7071067811865487940, 1.000000000000000000),
 ( 1.000000000000000000, 0.7326832777473373248, 1.000000000000000000),
 ( 1.000000000000000000, 0.7541354686266176222, 1.000000000000000000),
 ( 1.000000000000000000, 0.7830305961667268777, 1.000000000000000000),
 ( 1.000000000000000000, 0.7905597741720028493, 1.000000000000000000),
 ( 1.000000000000000000, 0.7905790374413811383, 1.000000000000000000),
 ( 1.000000000000000000, 0.7829511399769908397, 1.000000000000000000),
 ( 1.000000000000000000, 0.7542579395998292302, 1.000000000000000000),
 ( 1.000000000000000000, 0.7328473795396170942, 1.000000000000000000),
 ( 1.000000000000000000, 0.7071067811865487940, 1.000000000000000000) ) ) 
 REPRESENTATION_ITEM ( '' )  SURFACE ( )  );
#1881 = ORIENTED_EDGE ( 'NONE', *, *, #2529, .T. ) ;
#1882 = CARTESIAN_POINT ( 'NONE',  ( 9.708243919473808603, 3.999999999999987121, 29.69848480983499783 ) ) ;
#1883 = LINE ( 'NONE', #2072, #711 ) ;
#1884 = CARTESIAN_POINT ( 'NONE',  ( -13.40000000000000036, 6.000000000000000000, -11.97760418287103157 ) ) ;
#1885 = EDGE_CURVE ( 'NONE', #1539, #2324, #69, .T. ) ;
#1886 = EDGE_CURVE ( 'NONE', #2003, #1706, #2911, .T. ) ;
#1887 = EDGE_LOOP ( 'NONE', ( #2508, #2995, #1080, #2311 ) ) ;
#1888 = ORIENTED_EDGE ( 'NONE', *, *, #2509, .F. ) ;
#1889 = CIRCLE ( 'NONE', #3337, 0.7249999999999999778 ) ;
#1890 = EDGE_CURVE ( 'NONE', #1964, #1253, #129, .T. ) ;
#1891 = CARTESIAN_POINT ( 'NONE',  ( -13.40000000000000213, -5.795766266398548971, -11.88580559987067709 ) ) ;
#1892 = DIRECTION ( 'NONE',  ( 1.000000000000000000, 0.000000000000000000, 0.000000000000000000 ) ) ;
#1893 = VERTEX_POINT ( 'NONE', #2961 ) ;
#1894 = DIRECTION ( 'NONE',  ( 0.000000000000000000, -1.000000000000000000, 0.000000000000000000 ) ) ;
#1895 = AXIS2_PLACEMENT_3D ( 'NONE', #2057, #324, #3114 ) ;
#1896 = ORIENTED_EDGE ( 'NONE', *, *, #1419, .F. ) ;
#1897 = VECTOR ( 'NONE', #101, 1000.000000000000000 ) ;
#1898 = DIRECTION ( 'NONE',  ( -1.000000000000000000, 0.000000000000000000, 0.000000000000000000 ) ) ;
#1899 = CARTESIAN_POINT ( 'NONE',  ( 12.82187986558252923, -4.000000000000000000, -12.00000000000000000 ) ) ;
#1900 = CARTESIAN_POINT ( 'NONE',  ( -13.40000000000000036, 6.000000000000000000, -9.500000000000000000 ) ) ;
#1901 = CARTESIAN_POINT ( 'NONE',  ( -1.799999999999996492, -6.469253141418799650E-16, -0.7500000000000000000 ) ) ;
#1902 = DIRECTION ( 'NONE',  ( -0.000000000000000000, -0.000000000000000000, -1.000000000000000000 ) ) ;
#1903 = DIRECTION ( 'NONE',  ( 0.000000000000000000, 0.000000000000000000, -1.000000000000000000 ) ) ;
#1904 = AXIS2_PLACEMENT_3D ( 'NONE', #912, #1016, #2066 ) ;
#1905 = ORIENTED_EDGE ( 'NONE', *, *, #1478, .T. ) ;
#1906 = AXIS2_PLACEMENT_3D ( 'NONE', #670, #681, #1938 ) ;
#1907 = CARTESIAN_POINT ( 'NONE',  ( 13.43679585110089647, -6.000000000000000000, -12.00000000000000000 ) ) ;
#1908 = EDGE_CURVE ( 'NONE', #2479, #1740, #610, .T. ) ;
#1909 = DIRECTION ( 'NONE',  ( 1.000000000000000000, 0.000000000000000000, 0.000000000000000000 ) ) ;
#1910 = FACE_OUTER_BOUND ( 'NONE', #2720, .T. ) ;
#1911 = ORIENTED_EDGE ( 'NONE', *, *, #3116, .T. ) ;
#1912 = CARTESIAN_POINT ( 'NONE',  ( 16.00000000000000000, -4.000000000000000000, -12.00000000000000000 ) ) ;
#1913 = CIRCLE ( 'NONE', #2191, 0.6249999999999996669 ) ;
#1914 = AXIS2_PLACEMENT_3D ( 'NONE', #1912, #2939, #3247 ) ;
#1915 = ORIENTED_EDGE ( 'NONE', *, *, #2141, .T. ) ;
#1916 = DIRECTION ( 'NONE',  ( -0.000000000000000000, 1.000000000000000000, 5.337610695313252371E-16 ) ) ;
#1917 = DIRECTION ( 'NONE',  ( 0.000000000000000000, 0.000000000000000000, -1.000000000000000000 ) ) ;
#1918 = AXIS2_PLACEMENT_3D ( 'NONE', #1395, #2885, #342 ) ;
#1919 = CARTESIAN_POINT ( 'NONE',  ( -1.475000000000000311, 1.806354028742346295E-16, -14.00000000000000000 ) ) ;
#1920 = AXIS2_PLACEMENT_3D ( 'NONE', #1831, #2853, #2122 ) ;
#1921 = CARTESIAN_POINT ( 'NONE',  ( 11.00000000000000000, 10.99999999999999822, -12.00000000000000000 ) ) ;
#1922 = CYLINDRICAL_SURFACE ( 'NONE', #1677, 0.7249999999999999778 ) ;
#1923 = ORIENTED_EDGE ( 'NONE', *, *, #1195, .T. ) ;
#1924 = LINE ( 'NONE', #2947, #2609 ) ;
#1925 = FACE_OUTER_BOUND ( 'NONE', #1003, .T. ) ;
#1926 = DIRECTION ( 'NONE',  ( -0.000000000000000000, 0.000000000000000000, 1.000000000000000000 ) ) ;
#1927 = ORIENTED_EDGE ( 'NONE', *, *, #2181, .T. ) ;
#1928 = EDGE_CURVE ( 'NONE', #307, #3119, #413, .T. ) ;
#1929 = CARTESIAN_POINT ( 'NONE',  ( 13.09895562973448868, -5.619111161342190464, -12.48720827755428431 ) ) ;
#1930 = SURFACE_STYLE_USAGE ( .BOTH. , #3229 ) ;
#1931 = EDGE_CURVE ( 'NONE', #2634, #2667, #2150, .T. ) ;
#1932 = ADVANCED_FACE ( 'NONE', ( #1457 ), #1755, .F. ) ;
#1933 = DIRECTION ( 'NONE',  ( 1.000000000000000000, 0.000000000000000000, 0.000000000000000000 ) ) ;
#1934 = ORIENTED_EDGE ( 'NONE', *, *, #1709, .T. ) ;
#1935 = LINE ( 'NONE', #1429, #2723 ) ;
#1936 = CARTESIAN_POINT ( 'NONE',  ( -13.72500000000000142, -5.000000000000000000, -9.500000000000000000 ) ) ;
#1937 = CARTESIAN_POINT ( 'NONE',  ( 3.469446951953614189E-15, -8.673617379884035472E-16, -12.00000000000000000 ) ) ;
#1938 = DIRECTION ( 'NONE',  ( -1.000000000000000000, 0.000000000000000000, 0.000000000000000000 ) ) ;
#1939 = CARTESIAN_POINT ( 'NONE',  ( -13.00000000000000178, 5.000000000000000000, -9.500000000000000000 ) ) ;
#1940 = ORIENTED_EDGE ( 'NONE', *, *, #231, .F. ) ;
#1941 = LINE ( 'NONE', #659, #1451 ) ;
#1942 = DIRECTION ( 'NONE',  ( -1.000000000000000000, 0.000000000000000000, 0.000000000000000000 ) ) ;
#1943 = DIRECTION ( 'NONE',  ( 1.000000000000000000, 0.000000000000000000, -0.000000000000000000 ) ) ;
#1944 = EDGE_CURVE ( 'NONE', #2667, #99, #1962, .T. ) ;
#1945 = VERTEX_POINT ( 'NONE', #1475 ) ;
#1946 = CARTESIAN_POINT ( 'NONE',  ( 12.64883742738116368, -6.000000000000000000, -12.00000000000000000 ) ) ;
#1947 = AXIS2_PLACEMENT_3D ( 'NONE', #1219, #396, #3262 ) ;
#1948 = ORIENTED_EDGE ( 'NONE', *, *, #3234, .T. ) ;
#1949 = EDGE_CURVE ( 'NONE', #3251, #281, #97, .T. ) ;
#1950 = DIRECTION ( 'NONE',  ( 0.000000000000000000, 0.000000000000000000, -1.000000000000000000 ) ) ;
#1951 = AXIS2_PLACEMENT_3D ( 'NONE', #2112, #25, #308 ) ;
#1952 = DIRECTION ( 'NONE',  ( -1.927470528863118802E-16, -0.000000000000000000, 1.000000000000000000 ) ) ;
#1953 = AXIS2_PLACEMENT_3D ( 'NONE', #325, #2827, #2607 ) ;
#1954 = CARTESIAN_POINT ( 'NONE',  ( -16.00000000000000000, -5.000000000000000000, 6.000000000000001776 ) ) ;
#1955 = EDGE_CURVE ( 'NONE', #1599, #267, #999, .T. ) ;
#1956 = CARTESIAN_POINT ( 'NONE',  ( 13.51538820320221035, -4.000000000000000000, -12.50000000000000000 ) ) ;
#1957 = ORIENTED_EDGE ( 'NONE', *, *, #1205, .T. ) ;
#1958 = EDGE_LOOP ( 'NONE', ( #1270, #2528, #1216, #1437 ) ) ;
#1959 = VECTOR ( 'NONE', #3169, 1000.000000000000000 ) ;
#1960 = ORIENTED_EDGE ( 'NONE', *, *, #1673, .T. ) ;
#1961 = AXIS2_PLACEMENT_3D ( 'NONE', #1341, #1417, #399 ) ;
#1962 = CIRCLE ( 'NONE', #2068, 9.500000000000000000 ) ;
#1963 = CARTESIAN_POINT ( 'NONE',  ( -13.00000000000000178, -5.000000000000000000, -9.500000000000000000 ) ) ;
#1964 = VERTEX_POINT ( 'NONE', #1739 ) ;
#1965 = DIRECTION ( 'NONE',  ( 0.000000000000000000, 0.000000000000000000, -1.000000000000000000 ) ) ;
#1966 = EDGE_CURVE ( 'NONE', #2109, #1615, #190, .T. ) ;
#1967 = CYLINDRICAL_SURFACE ( 'NONE', #2933, 1.475000000000000311 ) ;
#1968 = CYLINDRICAL_SURFACE ( 'NONE', #2928, 10.00000000000000000 ) ;
#1969 = PLANE ( 'NONE',  #741 ) ;
#1970 = ORIENTED_EDGE ( 'NONE', *, *, #603, .T. ) ;
#1971 = ADVANCED_FACE ( 'NONE', ( #963 ), #1306, .F. ) ;
#1972 = CIRCLE ( 'NONE', #1799, 0.6250000000000003331 ) ;
#1973 = CIRCLE ( 'NONE', #2934, 0.6249999999999996669 ) ;
#1974 = DIRECTION ( 'NONE',  ( 8.673617379884058152E-16, 1.000000000000000000, 0.000000000000000000 ) ) ;
#1975 = AXIS2_PLACEMENT_3D ( 'NONE', #815, #3110, #335 ) ;
#1976 = EDGE_LOOP ( 'NONE', ( #2083, #2596, #1333, #759 ) ) ;
#1977 = LINE ( 'NONE', #487, #2771 ) ;
#1978 = VERTEX_POINT ( 'NONE', #726 ) ;
#1979 = LINE ( 'NONE', #2028, #1105 ) ;
#1980 = DIRECTION ( 'NONE',  ( -0.000000000000000000, 1.000000000000000000, 4.003208021484940511E-16 ) ) ;
#1981 = DIRECTION ( 'NONE',  ( 1.000000000000000000, 0.000000000000000000, 0.000000000000000000 ) ) ;
#1982 = CARTESIAN_POINT ( 'NONE',  ( 16.00000000000000000, 5.999999999999998224, 1.000000000000004663 ) ) ;
#1983 = EDGE_LOOP ( 'NONE', ( #1764, #937, #2424, #900 ) ) ;
#1984 = DIRECTION ( 'NONE',  ( -1.000000000000000000, 0.000000000000000000, 0.000000000000000000 ) ) ;
#1985 = CARTESIAN_POINT ( 'NONE',  ( 12.88397359749676063, 4.383546638452870958, -12.09009649580190526 ) ) ;
#1986 = EDGE_CURVE ( 'NONE', #2344, #1338, #2338, .T. ) ;
#1987 = ADVANCED_FACE ( 'NONE', ( #1490 ), #714, .T. ) ;
#1988 = ORIENTED_EDGE ( 'NONE', *, *, #2847, .T. ) ;
#1989 = EDGE_CURVE ( 'NONE', #1227, #2610, #2285, .T. ) ;
#1990 = CARTESIAN_POINT ( 'NONE',  ( -13.00000000000000178, 5.000000000000000000, -9.500000000000000000 ) ) ;
#1991 = LINE ( 'NONE', #1729, #2604 ) ;
#1992 = VERTEX_POINT ( 'NONE', #2795 ) ;
#1993 = DIRECTION ( 'NONE',  ( 1.000000000000000000, 0.000000000000000000, 0.000000000000000000 ) ) ;
#1994 = CLOSED_SHELL ( 'NONE', ( #516, #378, #3198, #2530, #1971, #2869, #1660, #1471, #639, #1817, #3074, #1987, #947, #3286, #2884, #1264, #1818, #979, #3095, #2390, #828, #1932, #2988, #1027, #2870, #1228, #1223, #2850, #1085, #893, #1814, #708, #1438, #848, #3343, #2074, #2797, #403, #2762, #2780, #1051, #2029, #2451, #521, #2045, #1300, #1246, #2253, #47, #2152, #1389, #857, #278, #903, #500, #1449, #204, #2272, #2705, #967, #3252, #1870, #1559, #2915, #2595, #418, #2363, #235, #2825, #2764, #96, #702, #400, #1071, #2503, #2113, #18, #2678, #1516, #729, #1337, #3323, #2277, #2069, #1540, #3309, #2312, #90, #1796, #1454, #3325, #1581, #953, #2010, #1094, #873, #2517, #476 ) ) ;
#1995 = CARTESIAN_POINT ( 'NONE',  ( 13.62500000000000178, -5.000000000000000000, -14.00000000000000000 ) ) ;
#1996 = DIRECTION ( 'NONE',  ( -0.000000000000000000, -0.000000000000000000, -1.000000000000000000 ) ) ;
#1997 = LINE ( 'NONE', #1297, #2184 ) ;
#1998 = DIRECTION ( 'NONE',  ( -0.000000000000000000, 0.000000000000000000, 1.000000000000000000 ) ) ;
#1999 = ORIENTED_EDGE ( 'NONE', *, *, #3138, .T. ) ;
#2000 = VECTOR ( 'NONE', #1144, 1000.000000000000000 ) ;
#2001 = CARTESIAN_POINT ( 'NONE',  ( -13.40000000000000213, -5.604669331123157683, -11.61042312689079203 ) ) ;
#2002 = CARTESIAN_POINT ( 'NONE',  ( 0.000000000000000000, 0.000000000000000000, 0.000000000000000000 ) ) ;
#2003 = VERTEX_POINT ( 'NONE', #2562 ) ;
#2004 = CARTESIAN_POINT ( 'NONE',  ( 13.62500000000000178, 5.000000000000000000, -14.00000000000000000 ) ) ;
#2005 = VERTEX_POINT ( 'NONE', #2046 ) ;
#2006 = EDGE_CURVE ( 'NONE', #1893, #294, #3072, .T. ) ;
#2007 = EDGE_LOOP ( 'NONE', ( #2331, #1433, #1222, #3193 ) ) ;
#2008 = CARTESIAN_POINT ( 'NONE',  ( 13.62500000000000178, 5.000000000000000000, -12.50000000000000000 ) ) ;
#2009 = VECTOR ( 'NONE', #1170, 1000.000000000000000 ) ;
#2010 = ADVANCED_FACE ( 'NONE', ( #1788 ), #2815, .F. ) ;
#2011 = ORIENTED_EDGE ( 'NONE', *, *, #457, .T. ) ;
#2012 = DIRECTION ( 'NONE',  ( -1.000000000000000000, -0.000000000000000000, -0.000000000000000000 ) ) ;
#2013 = AXIS2_PLACEMENT_3D ( 'NONE', #2615, #1843, #2395 ) ;
#2014 = CARTESIAN_POINT ( 'NONE',  ( 13.05769514526328123, -4.374989958663593193, -12.09683330445583849 ) ) ;
#2015 = CARTESIAN_POINT ( 'NONE',  ( 1.800000000000003375, -8.673617379884035472E-16, -0.7500000000000000000 ) ) ;
#2016 = DIRECTION ( 'NONE',  ( -0.000000000000000000, 0.000000000000000000, 1.000000000000000000 ) ) ;
#2017 = ORIENTED_EDGE ( 'NONE', *, *, #1424, .F. ) ;
#2018 = CARTESIAN_POINT ( 'NONE',  ( -8.892692719212003993, 3.999999999999997335, 0.9517436242456683848 ) ) ;
#2019 = DIRECTION ( 'NONE',  ( 1.000000000000000000, 0.000000000000000000, 0.000000000000000000 ) ) ;
#2020 = EDGE_LOOP ( 'NONE', ( #2214, #2692, #675, #1795 ) ) ;
#2021 = VECTOR ( 'NONE', #1981, 1000.000000000000000 ) ;
#2022 = AXIS2_PLACEMENT_3D ( 'NONE', #2234, #927, #2925 ) ;
#2023 = VECTOR ( 'NONE', #2500, 1000.000000000000000 ) ;
#2024 = DIRECTION ( 'NONE',  ( -0.000000000000000000, -0.000000000000000000, -1.000000000000000000 ) ) ;
#2025 = ORIENTED_EDGE ( 'NONE', *, *, #1100, .F. ) ;
#2026 = VERTEX_POINT ( 'NONE', #261 ) ;
#2027 = EDGE_CURVE ( 'NONE', #2005, #327, #1281, .T. ) ;
#2028 = CARTESIAN_POINT ( 'NONE',  ( 16.00000000000000000, 0.000000000000000000, 6.000000000000000000 ) ) ;
#2029 = ADVANCED_FACE ( 'NONE', ( #1017 ), #3091, .F. ) ;
#2030 = CARTESIAN_POINT ( 'NONE',  ( 13.09919743226573985, -4.380953452742295973, -12.48722899635524364 ) ) ;
#2031 = DIRECTION ( 'NONE',  ( -0.000000000000000000, -0.000000000000000000, -1.000000000000000000 ) ) ;
#2032 = PLANE ( 'NONE',  #122 ) ;
#2033 = EDGE_CURVE ( 'NONE', #281, #1231, #1997, .T. ) ;
#2034 = VERTEX_POINT ( 'NONE', #825 ) ;
#2035 = CARTESIAN_POINT ( 'NONE',  ( 12.48461179679779143, -4.000000000000000000, -12.00000000000000000 ) ) ;
#2036 = LINE ( 'NONE', #179, #3306 ) ;
#2037 = CARTESIAN_POINT ( 'NONE',  ( 12.71367322044321568, 4.444444444444443754, -12.00000000000000000 ) ) ;
#2038 = ORIENTED_EDGE ( 'NONE', *, *, #65, .F. ) ;
#2039 = EDGE_CURVE ( 'NONE', #1292, #1065, #2810, .T. ) ;
#2040 = DIRECTION ( 'NONE',  ( 0.000000000000000000, 0.000000000000000000, -1.000000000000000000 ) ) ;
#2041 = DIRECTION ( 'NONE',  ( -0.000000000000000000, -0.000000000000000000, -1.000000000000000000 ) ) ;
#2042 = ORIENTED_EDGE ( 'NONE', *, *, #2803, .F. ) ;
#2043 = ORIENTED_EDGE ( 'NONE', *, *, #749, .F. ) ;
#2044 = PLANE ( 'NONE',  #302 ) ;
#2045 = ADVANCED_FACE ( 'NONE', ( #3141, #556 ), #1579, .T. ) ;
#2046 = CARTESIAN_POINT ( 'NONE',  ( 9.000000000000001776, 8.000000000000000000, 1.000000000000005329 ) ) ;
#2047 = PLANE ( 'NONE',  #3352 ) ;
#2048 = CIRCLE ( 'NONE', #2383, 0.3999999999999999667 ) ;
#2049 = ORIENTED_EDGE ( 'NONE', *, *, #1582, .T. ) ;
#2050 = EDGE_CURVE ( 'NONE', #311, #184, #1509, .T. ) ;
#2051 = CARTESIAN_POINT ( 'NONE',  ( 9.500000000000000000, 0.000000000000000000, 0.5000000000000000000 ) ) ;
#2052 = DIRECTION ( 'NONE',  ( -1.000000000000000000, 0.000000000000000000, 0.000000000000000000 ) ) ;
#2053 = DIRECTION ( 'NONE',  ( 1.000000000000000000, 0.000000000000000000, 0.000000000000000000 ) ) ;
#2054 = DIRECTION ( 'NONE',  ( -1.000000000000000000, -0.000000000000000000, -0.000000000000000000 ) ) ;
#2055 = VECTOR ( 'NONE', #3321, 1000.000000000000000 ) ;
#2056 = ORIENTED_EDGE ( 'NONE', *, *, #625, .T. ) ;
#2057 = CARTESIAN_POINT ( 'NONE',  ( 3.469446951953614189E-15, -8.673617379884035472E-16, -0.7500000000000000000 ) ) ;
#2058 = AXIS2_PLACEMENT_3D ( 'NONE', #191, #1998, #3022 ) ;
#2059 = FACE_OUTER_BOUND ( 'NONE', #405, .T. ) ;
#2060 = VERTEX_POINT ( 'NONE', #809 ) ;
#2061 = CIRCLE ( 'NONE', #1146, 1.475000000000000311 ) ;
#2062 = VERTEX_POINT ( 'NONE', #1079 ) ;
#2063 = CARTESIAN_POINT ( 'NONE',  ( 13.51538820320113388, 6.000000000000554223, -12.50000000000000000 ) ) ;
#2064 = VERTEX_POINT ( 'NONE', #2871 ) ;
#2065 = CIRCLE ( 'NONE', #234, 1.075000000000000400 ) ;
#2066 = DIRECTION ( 'NONE',  ( -1.000000000000000000, 0.000000000000000000, 0.000000000000000000 ) ) ;
#2067 = CARTESIAN_POINT ( 'NONE',  ( 8.616843969807042924, -4.000000000000001776, 1.000000000000000000 ) ) ;
#2068 = AXIS2_PLACEMENT_3D ( 'NONE', #2783, #2767, #3278 ) ;
#2069 = ADVANCED_FACE ( 'NONE', ( #2632 ), #2336, .F. ) ;
#2070 = ORIENTED_EDGE ( 'NONE', *, *, #954, .T. ) ;
#2071 = DIRECTION ( 'NONE',  ( -1.000000000000000000, -0.000000000000000000, -0.000000000000000000 ) ) ;
#2072 = CARTESIAN_POINT ( 'NONE',  ( -8.616843969807041148, -6.000000000000000000, 29.69848480983499783 ) ) ;
#2073 = CARTESIAN_POINT ( 'NONE',  ( -12.60000000000000142, 5.604669331122286380, -11.49999999999962697 ) ) ;
#2074 = ADVANCED_FACE ( 'NONE', ( #522 ), #1098, .T. ) ;
#2075 = ORIENTED_EDGE ( 'NONE', *, *, #2115, .T. ) ;
#2076 = EDGE_LOOP ( 'NONE', ( #2686, #3300, #2436, #1056 ) ) ;
#2077 = CIRCLE ( 'NONE', #562, 2.000000000000000000 ) ;
#2078 = CARTESIAN_POINT ( 'NONE',  ( -16.00000000000000000, 6.000000000000005329, -11.99999999999999645 ) ) ;
#2079 = EDGE_CURVE ( 'NONE', #256, #1012, #1202, .T. ) ;
#2080 = CARTESIAN_POINT ( 'NONE',  ( 13.28632677955673458, -5.555555555555582892, -12.00000000000006217 ) ) ;
#2081 = VECTOR ( 'NONE', #2990, 1000.000000000000000 ) ;
#2082 = LINE ( 'NONE', #1456, #3214 ) ;
#2083 = ORIENTED_EDGE ( 'NONE', *, *, #2316, .F. ) ;
#2084 = ORIENTED_EDGE ( 'NONE', *, *, #2865, .F. ) ;
#2085 = CARTESIAN_POINT ( 'NONE',  ( 13.09919743226532773, 5.619046547257764423, -12.48722899635521344 ) ) ;
#2086 = CARTESIAN_POINT ( 'NONE',  ( -14.50000000000000000, -5.000000000000000000, 6.000000000000000888 ) ) ;
#2087 = ORIENTED_EDGE ( 'NONE', *, *, #3014, .T. ) ;
#2088 = CARTESIAN_POINT ( 'NONE',  ( -8.616843969807044701, 3.999999999999998224, 1.000000000000000000 ) ) ;
#2089 = LINE ( 'NONE', #2381, #1198 ) ;
#2090 = CARTESIAN_POINT ( 'NONE',  ( 9.000000000000001776, 8.000000000000000000, 5.087410193970443761E-15 ) ) ;
#2091 = LINE ( 'NONE', #1047, #2123 ) ;
#2092 = ORIENTED_EDGE ( 'NONE', *, *, #44, .F. ) ;
#2093 = DIRECTION ( 'NONE',  ( 1.000000000000000000, 0.000000000000000000, 0.000000000000000000 ) ) ;
#2094 = EDGE_CURVE ( 'NONE', #776, #2843, #2368, .T. ) ;
#2095 = EDGE_CURVE ( 'NONE', #1338, #1274, #3097, .T. ) ;
#2096 = VERTEX_POINT ( 'NONE', #2086 ) ;
#2097 = DIRECTION ( 'NONE',  ( 0.000000000000000000, 1.000000000000000000, 0.000000000000000000 ) ) ;
#2098 = CARTESIAN_POINT ( 'NONE',  ( -12.29245141509576200, 6.000000000000005329, -11.99999999999999645 ) ) ;
#2099 = DIRECTION ( 'NONE',  ( 1.000000000000000000, -0.000000000000000000, -0.000000000000000000 ) ) ;
#2100 = VERTEX_POINT ( 'NONE', #2664 ) ;
#2101 = CARTESIAN_POINT ( 'NONE',  ( -12.59999999999999964, 4.106493240787628451, -11.94697115618927619 ) ) ;
#2102 = CARTESIAN_POINT ( 'NONE',  ( -12.39526723191488422, 4.000000000000003553, -12.00000000000000000 ) ) ;
#2103 = VERTEX_POINT ( 'NONE', #3124 ) ;
#2104 = DIRECTION ( 'NONE',  ( -0.000000000000000000, 1.000000000000000000, 4.003208021484940511E-16 ) ) ;
#2105 = DIRECTION ( 'NONE',  ( -1.000000000000000000, -0.000000000000000000, 0.000000000000000000 ) ) ;
#2106 = CIRCLE ( 'NONE', #683, 0.7249999999999999778 ) ;
#2107 = DIRECTION ( 'NONE',  ( 0.000000000000000000, 0.000000000000000000, -1.000000000000000000 ) ) ;
#2108 = CARTESIAN_POINT ( 'NONE',  ( 12.48461179679779143, -4.000000000000000000, -12.50000000000000000 ) ) ;
#2109 = VERTEX_POINT ( 'NONE', #53 ) ;
#2110 = CARTESIAN_POINT ( 'NONE',  ( -13.00000000000000178, -5.000000000000000000, -11.50000000000000000 ) ) ;
#2111 = ORIENTED_EDGE ( 'NONE', *, *, #457, .F. ) ;
#2112 = CARTESIAN_POINT ( 'NONE',  ( 0.000000000000000000, 0.000000000000000000, 0.5000000000000000000 ) ) ;
#2113 = ADVANCED_FACE ( 'NONE', ( #2889 ), #3261, .F. ) ;
#2114 = CARTESIAN_POINT ( 'NONE',  ( 13.04973782496047363, 5.625007609860102065, -12.48411938279336653 ) ) ;
#2115 = EDGE_CURVE ( 'NONE', #943, #1599, #1368, .T. ) ;
#2116 = DIRECTION ( 'NONE',  ( -0.000000000000000000, 0.000000000000000000, 1.000000000000000000 ) ) ;
#2117 = CIRCLE ( 'NONE', #1504, 0.5000000000000002220 ) ;
#2118 = CARTESIAN_POINT ( 'NONE',  ( -12.49759246950342373, 4.000000000000003553, -11.98938728794319175 ) ) ;
#2119 = AXIS2_PLACEMENT_3D ( 'NONE', #2284, #1039, #2868 ) ;
#2120 = ORIENTED_EDGE ( 'NONE', *, *, #3347, .F. ) ;
#2121 = CARTESIAN_POINT ( 'NONE',  ( 12.90035529584749341, -4.374999327666581728, -12.48412260580361810 ) ) ;
#2122 = DIRECTION ( 'NONE',  ( 0.000000000000000000, 0.000000000000000000, -1.000000000000000000 ) ) ;
#2123 = VECTOR ( 'NONE', #2875, 1000.000000000000000 ) ;
#2124 = VERTEX_POINT ( 'NONE', #2357 ) ;
#2125 = ORIENTED_EDGE ( 'NONE', *, *, #804, .F. ) ;
#2126 = CARTESIAN_POINT ( 'NONE',  ( 16.00000000000000000, -4.000000000000001776, 8.000000000000000000 ) ) ;
#2127 = PLANE ( 'NONE',  #2822 ) ;
#2128 = CARTESIAN_POINT ( 'NONE',  ( 8.616843969807044701, 3.999999999999998224, 1.000000000000000000 ) ) ;
#2129 = TOROIDAL_SURFACE ( 'NONE', #3313, 1.224999999999999867, 0.5000000000000000000 ) ;
#2130 = DIRECTION ( 'NONE',  ( -1.000000000000000000, 0.000000000000000000, 0.000000000000000000 ) ) ;
#2131 = ORIENTED_EDGE ( 'NONE', *, *, #808, .T. ) ;
#2132 = EDGE_CURVE ( 'NONE', #2592, #776, #2848, .T. ) ;
#2133 = EDGE_CURVE ( 'NONE', #99, #2519, #17, .T. ) ;
#2134 = AXIS2_PLACEMENT_3D ( 'NONE', #1104, #265, #2361 ) ;
#2135 = DIRECTION ( 'NONE',  ( -0.000000000000000000, 0.000000000000000000, 1.000000000000000000 ) ) ;
#2136 = CARTESIAN_POINT ( 'NONE',  ( 12.48461179679779143, -4.000000000000000000, -12.00000000000000000 ) ) ;
#2137 = ORIENTED_EDGE ( 'NONE', *, *, #12, .F. ) ;
#2138 = FACE_OUTER_BOUND ( 'NONE', #1415, .T. ) ;
#2139 = LINE ( 'NONE', #2942, #801 ) ;
#2140 = FACE_OUTER_BOUND ( 'NONE', #3215, .T. ) ;
#2141 = EDGE_CURVE ( 'NONE', #497, #733, #538, .T. ) ;
#2142 = DIRECTION ( 'NONE',  ( 1.000000000000000000, -0.000000000000000000, -0.000000000000000000 ) ) ;
#2143 = CARTESIAN_POINT ( 'NONE',  ( -13.39999999999999858, 5.796849040507670026, -11.88666702814068543 ) ) ;
#2144 = ORIENTED_EDGE ( 'NONE', *, *, #2340, .T. ) ;
#2145 = LINE ( 'NONE', #1029, #1959 ) ;
#2146 = CARTESIAN_POINT ( 'NONE',  ( 13.11579176478896436, -5.616524041056891292, -12.09017709456479395 ) ) ;
#2147 =( NAMED_UNIT ( * ) PLANE_ANGLE_UNIT ( ) SI_UNIT ( $, .RADIAN. ) );
#2148 = PLANE ( 'NONE',  #1561 ) ;
#2149 = ORIENTED_EDGE ( 'NONE', *, *, #1162, .F. ) ;
#2150 = B_SPLINE_CURVE_WITH_KNOTS ( 'NONE', 3,
 ( #3253, #917, #1269, #244, #1508, #2067 ),
 .UNSPECIFIED., .F., .F.,
 ( 4, 2, 4 ),
 ( 1.084202172485504434E-19, 0.0004098524317722700020, 0.0008197048635445398955 ),
 .UNSPECIFIED. ) ;
#2151 = PLANE ( 'NONE',  #868 ) ;
#2152 = ADVANCED_FACE ( 'NONE', ( #296 ), #2151, .T. ) ;
#2153 = PLANE ( 'NONE',  #288 ) ;
#2154 = DIRECTION ( 'NONE',  ( -0.000000000000000000, -0.000000000000000000, 1.000000000000000000 ) ) ;
#2155 = DIRECTION ( 'NONE',  ( -1.000000000000000000, 0.000000000000000000, 0.000000000000000000 ) ) ;
#2156 = CARTESIAN_POINT ( 'NONE',  ( -14.00000000000000000, -5.000000000000000000, 6.000000000000000000 ) ) ;
#2157 = ORIENTED_EDGE ( 'NONE', *, *, #3117, .T. ) ;
#2158 = EDGE_CURVE ( 'NONE', #327, #429, #1935, .T. ) ;
#2159 = CARTESIAN_POINT ( 'NONE',  ( -13.00000000000000178, -5.000000000000000000, -12.00000000000000000 ) ) ;
#2160 = CYLINDRICAL_SURFACE ( 'NONE', #2613, 0.5000000000000004441 ) ;
#2161 = ORIENTED_EDGE ( 'NONE', *, *, #1751, .F. ) ;
#2162 = CARTESIAN_POINT ( 'NONE',  ( -13.50240753049652831, 6.000000000000005329, -11.98938728794318820 ) ) ;
#2163 = VECTOR ( 'NONE', #2601, 1000.000000000000000 ) ;
#2164 = LINE ( 'NONE', #875, #3240 ) ;
#2165 = PLANE ( 'NONE',  #2770 ) ;
#2166 = AXIS2_PLACEMENT_3D ( 'NONE', #238, #3049, #1447 ) ;
#2167 = DIRECTION ( 'NONE',  ( 1.000000000000000000, 0.000000000000000000, 0.000000000000000000 ) ) ;
#2168 = VERTEX_POINT ( 'NONE', #612 ) ;
#2169 = CIRCLE ( 'NONE', #59, 10.50000000000000000 ) ;
#2170 = CARTESIAN_POINT ( 'NONE',  ( 11.00000000000000000, -6.000000000000000000, -12.00000000000000000 ) ) ;
#2171 = AXIS2_PLACEMENT_3D ( 'NONE', #2295, #3063, #1248 ) ;
#2172 = LINE ( 'NONE', #1882, #838 ) ;
#2173 = CARTESIAN_POINT ( 'NONE',  ( -13.40000000000000036, -5.604669331121840514, -11.50000000000150457 ) ) ;
#2174 = DIRECTION ( 'NONE',  ( 1.000000000000000000, 0.000000000000000000, 0.000000000000000000 ) ) ;
#2175 = FACE_OUTER_BOUND ( 'NONE', #1299, .T. ) ;
#2176 = DIRECTION ( 'NONE',  ( -1.000000000000000000, 0.000000000000000000, -0.000000000000000000 ) ) ;
#2177 = CIRCLE ( 'NONE', #440, 1.125000000000000888 ) ;
#2178 = EDGE_CURVE ( 'NONE', #1771, #1744, #407, .T. ) ;
#2179 = EDGE_LOOP ( 'NONE', ( #723, #2566, #1192, #1651, #1474 ) ) ;
#2180 = CARTESIAN_POINT ( 'NONE',  ( -16.00000000000000000, 3.999999999999998224, 1.000000000000000000 ) ) ;
#2181 = EDGE_CURVE ( 'NONE', #1253, #480, #1173, .T. ) ;
#2182 = EDGE_CURVE ( 'NONE', #2667, #3251, #2721, .T. ) ;
#2183 = DIRECTION ( 'NONE',  ( -1.000000000000000000, 0.000000000000000000, 0.000000000000000000 ) ) ;
#2184 = VECTOR ( 'NONE', #33, 1000.000000000000000 ) ;
#2185 = EDGE_LOOP ( 'NONE', ( #1348, #368, #1266, #1145 ) ) ;
#2186 = CARTESIAN_POINT ( 'NONE',  ( -13.99999999999999822, -5.000000000000000000, 6.500000000000000888 ) ) ;
#2187 = DIRECTION ( 'NONE',  ( 0.000000000000000000, 1.000000000000000000, 0.000000000000000000 ) ) ;
#2188 = LINE ( 'NONE', #167, #1719 ) ;
#2189 = ORIENTED_EDGE ( 'NONE', *, *, #821, .T. ) ;
#2190 = LINE ( 'NONE', #421, #2294 ) ;
#2191 = AXIS2_PLACEMENT_3D ( 'NONE', #159, #2670, #915 ) ;
#2192 = AXIS2_PLACEMENT_3D ( 'NONE', #2209, #171, #3260 ) ;
#2193 = DIRECTION ( 'NONE',  ( -1.000000000000000000, -1.224646799147353454E-16, 0.000000000000000000 ) ) ;
#2194 = LINE ( 'NONE', #397, #2758 ) ;
#2195 = CIRCLE ( 'NONE', #1693, 0.6250000000000003331 ) ;
#2196 = CARTESIAN_POINT ( 'NONE',  ( 0.000000000000000000, 3.999999999999996447, 6.625000000000003553 ) ) ;
#2197 = VECTOR ( 'NONE', #1263, 1000.000000000000000 ) ;
#2198 = CARTESIAN_POINT ( 'NONE',  ( 9.000000000000000000, 6.000000000000002665, 8.000000000000000000 ) ) ;
#2199 = EDGE_LOOP ( 'NONE', ( #1667, #2474, #1234, #1444 ) ) ;
#2200 = VECTOR ( 'NONE', #364, 1000.000000000000000 ) ;
#2201 = DIRECTION ( 'NONE',  ( 0.000000000000000000, 0.000000000000000000, 1.000000000000000000 ) ) ;
#2202 = ORIENTED_EDGE ( 'NONE', *, *, #1385, .F. ) ;
#2203 = EDGE_CURVE ( 'NONE', #1678, #3266, #2463, .T. ) ;
#2204 = EDGE_CURVE ( 'NONE', #1487, #2282, #2190, .T. ) ;
#2205 = CARTESIAN_POINT ( 'NONE',  ( 12.94230485473707404, -5.625010041336445887, -12.09683330445583849 ) ) ;
#2206 = FILL_AREA_STYLE_COLOUR ( '', #1861 ) ;
#2207 = DIRECTION ( 'NONE',  ( 1.000000000000000000, 2.392722035830078873E-15, 0.000000000000000000 ) ) ;
#2208 = ORIENTED_EDGE ( 'NONE', *, *, #914, .F. ) ;
#2209 = CARTESIAN_POINT ( 'NONE',  ( -14.00000000000000000, -5.000000000000000000, 6.000000000000000000 ) ) ;
#2210 = ORIENTED_EDGE ( 'NONE', *, *, #1020, .F. ) ;
#2211 = CARTESIAN_POINT ( 'NONE',  ( -14.50000000000000000, -5.000000000000000000, 6.000000000000000888 ) ) ;
#2212 = DIRECTION ( 'NONE',  ( 0.000000000000000000, 0.000000000000000000, 1.000000000000000000 ) ) ;
#2213 = ORIENTED_EDGE ( 'NONE', *, *, #12, .T. ) ;
#2214 = ORIENTED_EDGE ( 'NONE', *, *, #2617, .F. ) ;
#2215 = ORIENTED_EDGE ( 'NONE', *, *, #2033, .F. ) ;
#2216 = VECTOR ( 'NONE', #854, 1000.000000000000000 ) ;
#2217 = EDGE_CURVE ( 'NONE', #1292, #2062, #1398, .T. ) ;
#2218 = VERTEX_POINT ( 'NONE', #882 ) ;
#2219 = CARTESIAN_POINT ( 'NONE',  ( 16.00000000000000000, -4.000000000000001776, 1.000000000000000000 ) ) ;
#2220 = EDGE_CURVE ( 'NONE', #1407, #1802, #654, .T. ) ;
#2221 = VECTOR ( 'NONE', #707, 1000.000000000000000 ) ;
#2222 = FACE_OUTER_BOUND ( 'NONE', #787, .T. ) ;
#2223 = LINE ( 'NONE', #1919, #810 ) ;
#2224 = DIRECTION ( 'NONE',  ( 1.000000000000000000, -0.000000000000000000, -0.000000000000000000 ) ) ;
#2225 = AXIS2_PLACEMENT_3D ( 'NONE', #1659, #149, #2979 ) ;
#2226 = VERTEX_POINT ( 'NONE', #1652 ) ;
#2227 = FACE_OUTER_BOUND ( 'NONE', #1958, .T. ) ;
#2228 = CIRCLE ( 'NONE', #1408, 10.00000000000000000 ) ;
#2229 = CYLINDRICAL_SURFACE ( 'NONE', #540, 10.00000000000000000 ) ;
#2230 = ORIENTED_EDGE ( 'NONE', *, *, #1931, .T. ) ;
#2231 = FACE_OUTER_BOUND ( 'NONE', #1712, .T. ) ;
#2232 = AXIS2_PLACEMENT_3D ( 'NONE', #2198, #444, #1176 ) ;
#2233 = DIRECTION ( 'NONE',  ( 0.000000000000000000, 0.000000000000000000, -1.000000000000000000 ) ) ;
#2234 = CARTESIAN_POINT ( 'NONE',  ( 14.00000000000000000, 3.999999999999996447, 6.000000000000000000 ) ) ;
#2235 = EDGE_CURVE ( 'NONE', #629, #1211, #3216, .T. ) ;
#2236 = EDGE_CURVE ( 'NONE', #2096, #420, #3153, .T. ) ;
#2237 = CARTESIAN_POINT ( 'NONE',  ( -14.00000000000000000, -5.000000000000000000, 8.000000000000000000 ) ) ;
#2238 = CARTESIAN_POINT ( 'NONE',  ( 0.000000000000000000, 0.000000000000000000, -12.00000000000000000 ) ) ;
#2239 = EDGE_LOOP ( 'NONE', ( #1790, #2452, #150, #2954 ) ) ;
#2240 = PRODUCT_DEFINITION_FORMATION_WITH_SPECIFIED_SOURCE ( 'ANY', '', #660, .NOT_KNOWN. ) ;
#2241 = PLANE ( 'NONE',  #3082 ) ;
#2242 = DIRECTION ( 'NONE',  ( -0.000000000000000000, -0.000000000000000000, 1.000000000000000000 ) ) ;
#2243 = DIRECTION ( 'NONE',  ( -0.000000000000000000, -0.000000000000000000, -1.000000000000000000 ) ) ;
#2244 = MECHANICAL_DESIGN_GEOMETRIC_PRESENTATION_REPRESENTATION (  '', ( #1694 ), #1467 ) ;
#2245 = ORIENTED_EDGE ( 'NONE', *, *, #1666, .F. ) ;
#2246 = CARTESIAN_POINT ( 'NONE',  ( 13.21630041441332537, -4.410860274338826770, -12.06026643084096150 ) ) ;
#2247 = AXIS2_PLACEMENT_3D ( 'NONE', #1137, #1430, #3237 ) ;
#2248 = CARTESIAN_POINT ( 'NONE',  ( -13.00000000000000178, -5.000000000000000000, -9.500000000000000000 ) ) ;
#2249 = FACE_OUTER_BOUND ( 'NONE', #3333, .T. ) ;
#2250 = CARTESIAN_POINT ( 'NONE',  ( 12.91012799658895105, -4.000000000000000000, -12.00000000000000000 ) ) ;
#2251 = CARTESIAN_POINT ( 'NONE',  ( 0.000000000000000000, 5.999999999999998224, 1.625000000000004219 ) ) ;
#2252 = DIRECTION ( 'NONE',  ( -1.000000000000000000, 0.000000000000000000, 0.000000000000000000 ) ) ;
#2253 = ADVANCED_FACE ( 'NONE', ( #2681 ), #410, .F. ) ;
#2254 = EDGE_LOOP ( 'NONE', ( #388, #218, #1351, #1596, #805 ) ) ;
#2255 = DIRECTION ( 'NONE',  ( -1.000000000000000000, -0.000000000000000000, -0.000000000000000000 ) ) ;
#2256 = CARTESIAN_POINT ( 'NONE',  ( 13.35185651318685451, -6.000000000000000000, -12.00000000000000000 ) ) ;
#2257 = CARTESIAN_POINT ( 'NONE',  ( -12.29245141509575490, -4.000000000000000000, -12.00000000000000000 ) ) ;
#2258 = EDGE_CURVE ( 'NONE', #2843, #1308, #125, .T. ) ;
#2259 = ORIENTED_EDGE ( 'NONE', *, *, #1425, .T. ) ;
#2260 = ORIENTED_EDGE ( 'NONE', *, *, #1632, .F. ) ;
#2261 = CIRCLE ( 'NONE', #1240, 1.800000000000000044 ) ;
#2262 = EDGE_LOOP ( 'NONE', ( #1189, #661, #1618, #3204, #1035, #2839 ) ) ;
#2263 = DIRECTION ( 'NONE',  ( -0.000000000000000000, -0.000000000000000000, 1.000000000000000000 ) ) ;
#2264 = FACE_OUTER_BOUND ( 'NONE', #2185, .T. ) ;
#2265 = AXIS2_PLACEMENT_3D ( 'NONE', #2897, #369, #2183 ) ;
#2266 = DIRECTION ( 'NONE',  ( -1.000000000000000000, 0.000000000000000000, 0.000000000000000000 ) ) ;
#2267 = DIRECTION ( 'NONE',  ( -1.000000000000000000, -0.000000000000000000, -0.000000000000000000 ) ) ;
#2268 = ORIENTED_EDGE ( 'NONE', *, *, #998, .T. ) ;
#2269 = CARTESIAN_POINT ( 'NONE',  ( -13.40000000000000036, -5.604669331122391185, -9.500000000000000000 ) ) ;
#2270 = DIRECTION ( 'NONE',  ( 0.000000000000000000, 0.000000000000000000, -1.000000000000000000 ) ) ;
#2271 = FACE_OUTER_BOUND ( 'NONE', #1484, .T. ) ;
#2272 = ADVANCED_FACE ( 'NONE', ( #394 ), #355, .T. ) ;
#2273 = DIRECTION ( 'NONE',  ( 0.000000000000000000, -1.000000000000000000, -4.003208021484940018E-16 ) ) ;
#2274 = VERTEX_POINT ( 'NONE', #628 ) ;
#2275 = AXIS2_PLACEMENT_3D ( 'NONE', #1707, #1499, #2743 ) ;
#2276 = EDGE_CURVE ( 'NONE', #1493, #2689, #455, .T. ) ;
#2277 = ADVANCED_FACE ( 'NONE', ( #2486 ), #376, .T. ) ;
#2278 = LINE ( 'NONE', #992, #2296 ) ;
#2279 = CIRCLE ( 'NONE', #3195, 1.225000000000000311 ) ;
#2280 = VECTOR ( 'NONE', #845, 1000.000000000000000 ) ;
#2281 = ORIENTED_EDGE ( 'NONE', *, *, #2472, .F. ) ;
#2282 = VERTEX_POINT ( 'NONE', #1185 ) ;
#2283 = DIRECTION ( 'NONE',  ( 0.000000000000000000, 0.000000000000000000, -1.000000000000000000 ) ) ;
#2284 = CARTESIAN_POINT ( 'NONE',  ( -13.00000000000000178, 5.000000000000000000, -12.00000000000000000 ) ) ;
#2285 = LINE ( 'NONE', #982, #2671 ) ;
#2286 = ORIENTED_EDGE ( 'NONE', *, *, #89, .F. ) ;
#2287 = CARTESIAN_POINT ( 'NONE',  ( -9.000000000000000000, 8.000000000000000000, 1.000000000000000000 ) ) ;
#2288 = EDGE_CURVE ( 'NONE', #1876, #2458, #2409, .T. ) ;
#2289 = CARTESIAN_POINT ( 'NONE',  ( -9.165151389911679658, 3.999999999999998224, 0.6386599380290047812 ) ) ;
#2290 = CARTESIAN_POINT ( 'NONE',  ( 12.71367322044321391, 4.444444444444446418, -12.50000000000000000 ) ) ;
#2291 = CARTESIAN_POINT ( 'NONE',  ( -12.59999999999999964, 5.604669331122302367, -11.61119300775780872 ) ) ;
#2292 = ORIENTED_EDGE ( 'NONE', *, *, #3113, .F. ) ;
#2293 = CIRCLE ( 'NONE', #814, 0.5000000000000001110 ) ;
#2294 = VECTOR ( 'NONE', #2708, 1000.000000000000000 ) ;
#2295 = CARTESIAN_POINT ( 'NONE',  ( 3.469446951953614189E-15, -8.673617379884035472E-16, -12.00000000000000000 ) ) ;
#2296 = VECTOR ( 'NONE', #2041, 1000.000000000000000 ) ;
#2297 = DIRECTION ( 'NONE',  ( 1.000000000000000000, 0.000000000000000000, 1.156482317317874486E-15 ) ) ;
#2298 = CARTESIAN_POINT ( 'NONE',  ( 16.00000000000000000, -4.000000000000000000, -12.00000000000000000 ) ) ;
#2299 = ORIENTED_EDGE ( 'NONE', *, *, #1605, .F. ) ;
#2300 = EDGE_LOOP ( 'NONE', ( #745, #2477, #292, #1498, #1330, #1562 ) ) ;
#2301 = LINE ( 'NONE', #3341, #1038 ) ;
#2302 = EDGE_CURVE ( 'NONE', #2497, #754, #3212, .T. ) ;
#2303 = CARTESIAN_POINT ( 'NONE',  ( -13.00000000000000178, -5.000000000000000000, -9.500000000000000000 ) ) ;
#2304 = ORIENTED_EDGE ( 'NONE', *, *, #2288, .F. ) ;
#2305 = LINE ( 'NONE', #14, #2599 ) ;
#2306 = DIRECTION ( 'NONE',  ( 0.000000000000000000, 1.000000000000000000, 0.000000000000000000 ) ) ;
#2307 = CARTESIAN_POINT ( 'NONE',  ( -12.60000000000000142, 6.000000000000000000, -11.97760418286776307 ) ) ;
#2308 = ORIENTED_EDGE ( 'NONE', *, *, #435, .T. ) ;
#2309 = VERTEX_POINT ( 'NONE', #1753 ) ;
#2310 = LINE ( 'NONE', #3336, #2917 ) ;
#2311 = ORIENTED_EDGE ( 'NONE', *, *, #1695, .F. ) ;
#2312 = ADVANCED_FACE ( 'NONE', ( #1235 ), #709, .T. ) ;
#2313 = ORIENTED_EDGE ( 'NONE', *, *, #3273, .T. ) ;
#2314 = DIRECTION ( 'NONE',  ( -1.000000000000000000, 0.000000000000000000, 0.000000000000000000 ) ) ;
#2315 = VERTEX_POINT ( 'NONE', #724 ) ;
#2316 = EDGE_CURVE ( 'NONE', #1978, #307, #3005, .T. ) ;
#2317 = CARTESIAN_POINT ( 'NONE',  ( 9.000000000000000000, 0.000000000000000000, 1.000000000000000000 ) ) ;
#2318 = VECTOR ( 'NONE', #333, 1000.000000000000000 ) ;
#2319 = ORIENTED_EDGE ( 'NONE', *, *, #19, .T. ) ;
#2320 = CARTESIAN_POINT ( 'NONE',  ( -13.70754858490423977, 6.000000000000005329, -11.99999999999999645 ) ) ;
#2321 = DIRECTION ( 'NONE',  ( 1.000000000000000000, 0.000000000000000000, 0.000000000000000000 ) ) ;
#2322 = DIRECTION ( 'NONE',  ( 0.000000000000000000, -0.000000000000000000, 1.000000000000000000 ) ) ;
#2323 = CYLINDRICAL_SURFACE ( 'NONE', #2802, 2.000000000000000000 ) ;
#2324 = VERTEX_POINT ( 'NONE', #938 ) ;
#2325 = ORIENTED_EDGE ( 'NONE', *, *, #2094, .F. ) ;
#2326 = DIRECTION ( 'NONE',  ( 0.000000000000000000, -0.000000000000000000, -1.000000000000000000 ) ) ;
#2327 = CARTESIAN_POINT ( 'NONE',  ( 13.62500000000000178, 5.000000000000000000, -14.00000000000000000 ) ) ;
#2328 = CARTESIAN_POINT ( 'NONE',  ( -12.60000000000000142, 6.000000000000000000, -11.97760418286776307 ) ) ;
#2329 = VERTEX_POINT ( 'NONE', #959 ) ;
#2330 = VECTOR ( 'NONE', #1005, 1000.000000000000000 ) ;
#2331 = ORIENTED_EDGE ( 'NONE', *, *, #753, .F. ) ;
#2332 = CARTESIAN_POINT ( 'NONE',  ( 13.08952808492952791, 6.000000000000005329, -12.00000000000000000 ) ) ;
#2333 = ORIENTED_EDGE ( 'NONE', *, *, #3211, .T. ) ;
#2334 = CIRCLE ( 'NONE', #1087, 0.6250000000000005551 ) ;
#2335 = ORIENTED_EDGE ( 'NONE', *, *, #555, .F. ) ;
#2336 = PLANE ( 'NONE',  #2400 ) ;
#2337 = CARTESIAN_POINT ( 'NONE',  ( 12.74002649371406015, -4.430862156723594403, -12.03492545813873704 ) ) ;
#2338 = CIRCLE ( 'NONE', #751, 0.7249999999999999778 ) ;
#2339 = ORIENTED_EDGE ( 'NONE', *, *, #1472, .F. ) ;
#2340 = EDGE_CURVE ( 'NONE', #2962, #2060, #739, .T. ) ;
#2341 = DIRECTION ( 'NONE',  ( -0.000000000000000000, 1.000000000000000000, 4.003208021484940018E-16 ) ) ;
#2342 = DIRECTION ( 'NONE',  ( -0.000000000000000000, 0.000000000000000000, -1.000000000000000000 ) ) ;
#2343 = CARTESIAN_POINT ( 'NONE',  ( -13.00000000000000178, 5.000000000000000000, -9.500000000000000000 ) ) ;
#2344 = VERTEX_POINT ( 'NONE', #1217 ) ;
#2345 = CARTESIAN_POINT ( 'NONE',  ( 0.000000000000000000, 0.000000000000000000, 0.5000000000000000000 ) ) ;
#2346 = LINE ( 'NONE', #1331, #1350 ) ;
#2347 = AXIS2_PLACEMENT_3D ( 'NONE', #2475, #2735, #3233 ) ;
#2348 = AXIS2_PLACEMENT_3D ( 'NONE', #2932, #785, #624 ) ;
#2349 = CIRCLE ( 'NONE', #1643, 2.000000000000000000 ) ;
#2350 = CARTESIAN_POINT ( 'NONE',  ( -12.60000000000000142, -6.000000000000000000, -11.97760418287102802 ) ) ;
#2351 = ORIENTED_EDGE ( 'NONE', *, *, #1588, .F. ) ;
#2352 = ORIENTED_EDGE ( 'NONE', *, *, #1218, .T. ) ;
#2353 = CARTESIAN_POINT ( 'NONE',  ( 13.51538820320113388, 6.000000000000005329, -12.00000000000000000 ) ) ;
#2354 = CIRCLE ( 'NONE', #3267, 0.6250000000000005551 ) ;
#2355 = B_SPLINE_CURVE_WITH_KNOTS ( 'NONE', 3,
 ( #80, #40, #2143, #3166, #832, #2910, #1064, #1624 ),
 .UNSPECIFIED., .F., .F.,
 ( 4, 2, 2, 4 ),
 ( 0.002607191946406256771, 0.002937497992480684727, 0.003102651015517899572, 0.003267804038555114417 ),
 .UNSPECIFIED. ) ;
#2356 = B_SPLINE_CURVE_WITH_KNOTS ( 'NONE', 3,
 ( #3129, #796, #1851, #563, #1585, #2637 ),
 .UNSPECIFIED., .F., .F.,
 ( 4, 2, 4 ),
 ( 0.003202358969003043804, 0.003532323248887069347, 0.003862287528771094457 ),
 .UNSPECIFIED. ) ;
#2357 = CARTESIAN_POINT ( 'NONE',  ( 7.654042494670961551E-17, 5.999999999999996447, 6.000000000000004441 ) ) ;
#2358 = VERTEX_POINT ( 'NONE', #2581 ) ;
#2359 = PLANE ( 'NONE',  #592 ) ;
#2360 = CARTESIAN_POINT ( 'NONE',  ( 16.00000000000000000, 4.000000000000003553, -11.99999999999999822 ) ) ;
#2361 = DIRECTION ( 'NONE',  ( 1.000000000000000000, 0.000000000000000000, 0.000000000000000000 ) ) ;
#2362 = CARTESIAN_POINT ( 'NONE',  ( 13.28632677955678432, -4.444444444444444642, -12.50000000000000000 ) ) ;
#2363 = ADVANCED_FACE ( 'NONE', ( #259 ), #676, .T. ) ;
#2364 = VERTEX_POINT ( 'NONE', #3052 ) ;
#2365 = ORIENTED_EDGE ( 'NONE', *, *, #2220, .F. ) ;
#2366 = CARTESIAN_POINT ( 'NONE',  ( -13.70754858490424688, -6.000000000000000000, -12.00000000000000000 ) ) ;
#2367 = DIRECTION ( 'NONE',  ( -1.000000000000000000, 0.000000000000000000, 0.000000000000000000 ) ) ;
#2368 = B_SPLINE_CURVE_WITH_KNOTS ( 'NONE', 3,
 ( #590, #2118, #2102, #1336 ),
 .UNSPECIFIED., .F., .F.,
 ( 4, 4 ),
 ( 0.001112955561302372744, 0.001422265118769807171 ),
 .UNSPECIFIED. ) ;
#2369 = DIRECTION ( 'NONE',  ( 1.000000000000000000, 0.000000000000000000, 0.000000000000000000 ) ) ;
#2370 = ORIENTED_EDGE ( 'NONE', *, *, #2095, .T. ) ;
#2371 = EDGE_CURVE ( 'NONE', #1808, #2274, #1254, .T. ) ;
#2372 = PLANE ( 'NONE',  #1374 ) ;
#2373 = ORIENTED_EDGE ( 'NONE', *, *, #1666, .T. ) ;
#2374 = B_SPLINE_CURVE_WITH_KNOTS ( 'NONE', 3,
 ( #2098, #2765, #2544, #2328 ),
 .UNSPECIFIED., .F., .F.,
 ( 4, 4 ),
 ( 0.000000000000000000, 0.0003083328212629003252 ),
 .UNSPECIFIED. ) ;
#2375 = DIRECTION ( 'NONE',  ( 0.000000000000000000, 0.000000000000000000, -1.000000000000000000 ) ) ;
#2376 = DIRECTION ( 'NONE',  ( -1.000000000000000000, 0.000000000000000000, -0.000000000000000000 ) ) ;
#2377 = B_SPLINE_CURVE_WITH_KNOTS ( 'NONE', 3,
 ( #3156, #823, #1874, #344, #1365, #2407 ),
 .UNSPECIFIED., .F., .F.,
 ( 4, 2, 4 ),
 ( 0.000000000000000000, 0.0002984419316848454140, 0.0005968838633696908281 ),
 .UNSPECIFIED. ) ;
#2378 = ORIENTED_EDGE ( 'NONE', *, *, #2654, .F. ) ;
#2379 = PLANE ( 'NONE',  #743 ) ;
#2380 = LINE ( 'NONE', #3146, #2438 ) ;
#2381 = CARTESIAN_POINT ( 'NONE',  ( -13.40000000000000036, -6.000000000000000000, -6.587956044287794910 ) ) ;
#2382 = DIRECTION ( 'NONE',  ( 0.000000000000000000, 0.000000000000000000, -1.000000000000000000 ) ) ;
#2383 = AXIS2_PLACEMENT_3D ( 'NONE', #126, #1153, #2193 ) ;
#2384 = VERTEX_POINT ( 'NONE', #1268 ) ;
#2385 = DIRECTION ( 'NONE',  ( 1.000000000000000000, 0.000000000000000000, 0.000000000000000000 ) ) ;
#2386 = EDGE_CURVE ( 'NONE', #1615, #211, #2441, .T. ) ;
#2387 = ORIENTED_EDGE ( 'NONE', *, *, #2738, .T. ) ;
#2388 = AXIS2_PLACEMENT_3D ( 'NONE', #2575, #2326, #547 ) ;
#2389 = EDGE_CURVE ( 'NONE', #1212, #861, #220, .T. ) ;
#2390 = ADVANCED_FACE ( 'NONE', ( #2249 ), #2129, .T. ) ;
#2391 = CARTESIAN_POINT ( 'NONE',  ( 16.00000000000000000, 3.999999999999998224, 1.000000000000002442 ) ) ;
#2392 = DIRECTION ( 'NONE',  ( -1.000000000000000000, 0.000000000000000000, 0.000000000000000000 ) ) ;
#2393 = CIRCLE ( 'NONE', #3030, 10.00000000000000000 ) ;
#2394 = EDGE_LOOP ( 'NONE', ( #3242, #1058, #393, #384 ) ) ;
#2395 = DIRECTION ( 'NONE',  ( -0.4581228472907292182, 0.8888888888889516782, 0.000000000000000000 ) ) ;
#2396 = CARTESIAN_POINT ( 'NONE',  ( 12.71367322044321746, -4.444444444444444642, -12.50000000000000000 ) ) ;
#2397 = ORIENTED_EDGE ( 'NONE', *, *, #2472, .T. ) ;
#2398 = DIRECTION ( 'NONE',  ( 0.000000000000000000, 0.000000000000000000, 1.000000000000000000 ) ) ;
#2399 = DIRECTION ( 'NONE',  ( -1.000000000000000000, 0.000000000000000000, 0.000000000000000000 ) ) ;
#2400 = AXIS2_PLACEMENT_3D ( 'NONE', #1318, #1597, #1042 ) ;
#2401 = CARTESIAN_POINT ( 'NONE',  ( 9.165151389911690316, 3.999999999999998224, 0.6389498474530831418 ) ) ;
#2402 = ORIENTED_EDGE ( 'NONE', *, *, #1650, .T. ) ;
#2403 = EDGE_CURVE ( 'NONE', #414, #737, #141, .T. ) ;
#2404 = DIRECTION ( 'NONE',  ( 1.000000000000000000, 0.000000000000000000, 0.000000000000000000 ) ) ;
#2405 = CARTESIAN_POINT ( 'NONE',  ( 12.71367322044321391, 4.444444444444446418, -12.50000000000000000 ) ) ;
#2406 = CIRCLE ( 'NONE', #2722, 1.125000000000000888 ) ;
#2407 = CARTESIAN_POINT ( 'NONE',  ( 12.71367322044321746, -5.555555555555555358, -12.50000000000000000 ) ) ;
#2408 = EDGE_CURVE ( 'NONE', #646, #919, #2077, .T. ) ;
#2409 = CIRCLE ( 'NONE', #2022, 2.000000000000000000 ) ;
#2410 = DIRECTION ( 'NONE',  ( 0.000000000000000000, 0.000000000000000000, -1.000000000000000000 ) ) ;
#2411 = ORIENTED_EDGE ( 'NONE', *, *, #2235, .T. ) ;
#2412 = AXIS2_PLACEMENT_3D ( 'NONE', #3350, #2837, #1544 ) ;
#2413 = CARTESIAN_POINT ( 'NONE',  ( 14.00000000000000000, -5.000000000000000000, 6.000000000000000000 ) ) ;
#2414 = CARTESIAN_POINT ( 'NONE',  ( 12.56320414889906623, -4.000000000000000000, -12.00000000000000000 ) ) ;
#2415 = EDGE_CURVE ( 'NONE', #2100, #1477, #1470, .T. ) ;
#2416 = ORIENTED_EDGE ( 'NONE', *, *, #2809, .T. ) ;
#2417 = LINE ( 'NONE', #1848, #276 ) ;
#2418 = LINE ( 'NONE', #2211, #1806 ) ;
#2419 = DIRECTION ( 'NONE',  ( 0.000000000000000000, 0.000000000000000000, -1.000000000000000000 ) ) ;
#2420 = ORIENTED_EDGE ( 'NONE', *, *, #807, .F. ) ;
#2421 = CARTESIAN_POINT ( 'NONE',  ( -13.72500000000000142, 5.000000000000000000, -9.500000000000000000 ) ) ;
#2422 = DIRECTION ( 'NONE',  ( 0.000000000000000000, 1.000000000000000000, 0.000000000000000000 ) ) ;
#2423 = EDGE_CURVE ( 'NONE', #2665, #1292, #2524, .T. ) ;
#2424 = ORIENTED_EDGE ( 'NONE', *, *, #1794, .T. ) ;
#2425 = DIRECTION ( 'NONE',  ( -1.000000000000000000, 0.000000000000000000, 0.000000000000000000 ) ) ;
#2426 = EDGE_CURVE ( 'NONE', #3236, #2479, #2301, .T. ) ;
#2427 = LINE ( 'NONE', #863, #2318 ) ;
#2428 = CARTESIAN_POINT ( 'NONE',  ( -13.00000000000000178, 5.000000000000000000, -9.500000000000000000 ) ) ;
#2429 = CARTESIAN_POINT ( 'NONE',  ( -13.40000000000000213, 4.348932136914823943, -11.71879217004125806 ) ) ;
#2430 = CARTESIAN_POINT ( 'NONE',  ( -13.00000000000000178, 5.000000000000000000, -12.00000000000000000 ) ) ;
#2431 = VERTEX_POINT ( 'NONE', #996 ) ;
#2432 = CARTESIAN_POINT ( 'NONE',  ( -14.00000000000000000, -5.000000000000000000, 6.000000000000000000 ) ) ;
#2433 = DIRECTION ( 'NONE',  ( 1.000000000000000000, 0.000000000000000000, 0.000000000000000000 ) ) ;
#2434 = LINE ( 'NONE', #820, #1242 ) ;
#2435 = AXIS2_PLACEMENT_3D ( 'NONE', #968, #1757, #2817 ) ;
#2436 = ORIENTED_EDGE ( 'NONE', *, *, #1431, .F. ) ;
#2437 = CARTESIAN_POINT ( 'NONE',  ( 12.78369958558714181, -5.589139725661203428, -12.06026643084120309 ) ) ;
#2438 = VECTOR ( 'NONE', #1637, 1000.000000000000000 ) ;
#2439 = CARTESIAN_POINT ( 'NONE',  ( -14.50000000000000000, -6.000011999999999901, 6.000000000000000888 ) ) ;
#2440 = FILL_AREA_STYLE ('',( #2206 ) ) ;
#2441 = B_SPLINE_CURVE_WITH_KNOTS ( 'NONE', 3,
 ( #3294, #1713, #1280, #2748 ),
 .UNSPECIFIED., .F., .F.,
 ( 4, 4 ),
 ( 0.001112955561302295332, 0.001422265118769795679 ),
 .UNSPECIFIED. ) ;
#2442 = ORIENTED_EDGE ( 'NONE', *, *, #1629, .F. ) ;
#2443 = AXIS2_PLACEMENT_3D ( 'NONE', #1163, #1942, #2985 ) ;
#2444 = CARTESIAN_POINT ( 'NONE',  ( 0.000000000000000000, 2.232233047033628459, 2.250000000000002665 ) ) ;
#2445 = ORIENTED_EDGE ( 'NONE', *, *, #260, .T. ) ;
#2446 = CARTESIAN_POINT ( 'NONE',  ( 14.12500000000000178, -5.000000000000000000, -12.00000000000000000 ) ) ;
#2447 = CARTESIAN_POINT ( 'NONE',  ( 13.00000000000000178, 5.000000000000000000, -12.50000000000000000 ) ) ;
#2448 = DIRECTION ( 'NONE',  ( 0.000000000000000000, 1.000000000000000000, 0.000000000000000000 ) ) ;
#2449 = AXIS2_PLACEMENT_3D ( 'NONE', #2110, #1548, #2404 ) ;
#2450 = EDGE_CURVE ( 'NONE', #160, #1876, #1979, .T. ) ;
#2451 = ADVANCED_FACE ( 'NONE', ( #1524 ), #2044, .F. ) ;
#2452 = ORIENTED_EDGE ( 'NONE', *, *, #3038, .F. ) ;
#2453 = DIRECTION ( 'NONE',  ( -1.000000000000000000, 0.000000000000000000, 0.000000000000000000 ) ) ;
#2454 = AXIS2_PLACEMENT_3D ( 'NONE', #1602, #3127, #2321 ) ;
#2455 = CARTESIAN_POINT ( 'NONE',  ( -13.40000000000000036, -6.000000000000000000, -6.587956044287794910 ) ) ;
#2456 = CARTESIAN_POINT ( 'NONE',  ( 13.51538820320221745, 4.000000000000003553, -12.50000000000000000 ) ) ;
#2457 = EDGE_CURVE ( 'NONE', #2583, #621, #2991, .T. ) ;
#2458 = VERTEX_POINT ( 'NONE', #3105 ) ;
#2459 = CARTESIAN_POINT ( 'NONE',  ( 14.50000000000000000, -5.000000000000000000, 6.000000000000001776 ) ) ;
#2460 = ORIENTED_EDGE ( 'NONE', *, *, #470, .F. ) ;
#2461 = EDGE_LOOP ( 'NONE', ( #2547, #3279, #113, #60, #382 ) ) ;
#2462 = DIRECTION ( 'NONE',  ( 0.000000000000000000, 0.000000000000000000, -1.000000000000000000 ) ) ;
#2463 = CIRCLE ( 'NONE', #2347, 0.7249999999999999778 ) ;
#2464 = DIRECTION ( 'NONE',  ( -1.000000000000000000, 0.000000000000000000, 0.000000000000000000 ) ) ;
#2465 = VECTOR ( 'NONE', #1552, 1000.000000000000000 ) ;
#2466 = DIRECTION ( 'NONE',  ( -0.000000000000000000, -0.000000000000000000, 1.000000000000000000 ) ) ;
#2467 = AXIS2_PLACEMENT_3D ( 'NONE', #700, #2586, #1743 ) ;
#2468 = CARTESIAN_POINT ( 'NONE',  ( -9.165151389911681434, 4.000000000000000000, 0.000000000000000000 ) ) ;
#2469 = ORIENTED_EDGE ( 'NONE', *, *, #2423, .F. ) ;
#2470 = ORIENTED_EDGE ( 'NONE', *, *, #1171, .F. ) ;
#2471 = VERTEX_POINT ( 'NONE', #586 ) ;
#2472 = EDGE_CURVE ( 'NONE', #2855, #2358, #84, .T. ) ;
#2473 = EDGE_CURVE ( 'NONE', #3232, #527, #1973, .T. ) ;
#2474 = ORIENTED_EDGE ( 'NONE', *, *, #68, .T. ) ;
#2475 = CARTESIAN_POINT ( 'NONE',  ( -13.00000000000000178, -5.000000000000000000, -11.50000000000000000 ) ) ;
#2476 = DIRECTION ( 'NONE',  ( 0.000000000000000000, -1.000000000000000000, -4.003208021484940511E-16 ) ) ;
#2477 = ORIENTED_EDGE ( 'NONE', *, *, #834, .T. ) ;
#2478 = DIRECTION ( 'NONE',  ( 0.000000000000000000, 0.000000000000000000, 1.000000000000000000 ) ) ;
#2479 = VERTEX_POINT ( 'NONE', #573 ) ;
#2480 = ORIENTED_EDGE ( 'NONE', *, *, #1399, .F. ) ;
#2481 = VECTOR ( 'NONE', #2704, 1000.000000000000000 ) ;
#2482 = DIRECTION ( 'NONE',  ( 0.000000000000000000, -0.000000000000000000, -1.000000000000000000 ) ) ;
#2483 = DIRECTION ( 'NONE',  ( -1.000000000000000000, 0.000000000000000000, 0.000000000000000000 ) ) ;
#2484 = EDGE_CURVE ( 'NONE', #2962, #2583, #1556, .T. ) ;
#2485 = ORIENTED_EDGE ( 'NONE', *, *, #2683, .T. ) ;
#2486 = FACE_OUTER_BOUND ( 'NONE', #904, .T. ) ;
#2487 = TOROIDAL_SURFACE ( 'NONE', #1951, 9.500000000000000000, 0.5000000000000000000 ) ;
#2488 = DIRECTION ( 'NONE',  ( -1.000000000000000000, 0.000000000000000000, 0.000000000000000000 ) ) ;
#2489 = LINE ( 'NONE', #1737, #1040 ) ;
#2490 = DIRECTION ( 'NONE',  ( 0.000000000000000000, -1.000000000000000000, -4.003208021484940018E-16 ) ) ;
#2491 = CARTESIAN_POINT ( 'NONE',  ( 13.00000000000000178, -5.000000000000000000, -14.00000000000000000 ) ) ;
#2492 = VECTOR ( 'NONE', #2267, 1000.000000000000000 ) ;
#2493 = EDGE_LOOP ( 'NONE', ( #41, #780, #1510, #2017, #3048, #3001, #124 ) ) ;
#2494 = LINE ( 'NONE', #193, #2864 ) ;
#2495 = ORIENTED_EDGE ( 'NONE', *, *, #341, .F. ) ;
#2496 = VECTOR ( 'NONE', #1626, 1000.000000000000000 ) ;
#2497 = VERTEX_POINT ( 'NONE', #1538 ) ;
#2498 = CIRCLE ( 'NONE', #1961, 0.7249999999999999778 ) ;
#2499 = VECTOR ( 'NONE', #2224, 1000.000000000000000 ) ;
#2500 = DIRECTION ( 'NONE',  ( -0.000000000000000000, 1.000000000000000000, -0.000000000000000000 ) ) ;
#2501 = FACE_OUTER_BOUND ( 'NONE', #1574, .T. ) ;
#2502 = ORIENTED_EDGE ( 'NONE', *, *, #131, .T. ) ;
#2503 = ADVANCED_FACE ( 'NONE', ( #2900 ), #3151, .F. ) ;
#2504 = LINE ( 'NONE', #3293, #2221 ) ;
#2505 = CARTESIAN_POINT ( 'NONE',  ( -16.00000000000000000, -4.000000000000000000, -12.00000000000000000 ) ) ;
#2506 = DIRECTION ( 'NONE',  ( -0.000000000000000000, 0.000000000000000000, 1.000000000000000000 ) ) ;
#2507 = CARTESIAN_POINT ( 'NONE',  ( -11.00000000000000000, 10.99999999999999822, 1.000000000000000000 ) ) ;
#2508 = ORIENTED_EDGE ( 'NONE', *, *, #2204, .F. ) ;
#2509 = EDGE_CURVE ( 'NONE', #1283, #2282, #704, .T. ) ;
#2510 = CIRCLE ( 'NONE', #703, 0.6249999999999996669 ) ;
#2511 = AXIS2_PLACEMENT_3D ( 'NONE', #1635, #1386, #2425 ) ;
#2512 = CARTESIAN_POINT ( 'NONE',  ( -13.00000000000000178, -5.000000000000000000, -9.500000000000000000 ) ) ;
#2513 = ORIENTED_EDGE ( 'NONE', *, *, #879, .F. ) ;
#2514 = VECTOR ( 'NONE', #2024, 1000.000000000000000 ) ;
#2515 = CARTESIAN_POINT ( 'NONE',  ( 13.19547584115696459, -5.595718089601619205, -12.49521009249060199 ) ) ;
#2516 = PLANE ( 'NONE',  #3264 ) ;
#2517 = ADVANCED_FACE ( 'NONE', ( #2866 ), #2372, .T. ) ;
#2518 = CIRCLE ( 'NONE', #460, 1.125000000000000888 ) ;
#2519 = VERTEX_POINT ( 'NONE', #2128 ) ;
#2520 = CARTESIAN_POINT ( 'NONE',  ( 13.09965313810787535, 5.624999327638133373, -12.48412323076150798 ) ) ;
#2521 = ORIENTED_EDGE ( 'NONE', *, *, #1928, .F. ) ;
#2522 = DIRECTION ( 'NONE',  ( 1.000000000000000000, -0.000000000000000000, 0.000000000000000000 ) ) ;
#2523 = ORIENTED_EDGE ( 'NONE', *, *, #3138, .F. ) ;
#2524 = LINE ( 'NONE', #201, #662 ) ;
#2525 = EDGE_CURVE ( 'NONE', #1065, #1824, #2377, .T. ) ;
#2526 = CARTESIAN_POINT ( 'NONE',  ( -12.59999999999999964, -5.604669331125369247, -11.60988486441417677 ) ) ;
#2527 = DIRECTION ( 'NONE',  ( -0.000000000000000000, -0.000000000000000000, -1.000000000000000000 ) ) ;
#2528 = ORIENTED_EDGE ( 'NONE', *, *, #2633, .F. ) ;
#2529 = EDGE_CURVE ( 'NONE', #1992, #2888, #2624, .T. ) ;
#2530 = ADVANCED_FACE ( 'NONE', ( #1115 ), #143, .F. ) ;
#2531 = DIRECTION ( 'NONE',  ( 1.000000000000000000, 0.000000000000000000, -0.000000000000000000 ) ) ;
#2532 = CARTESIAN_POINT ( 'NONE',  ( -16.00000000000000000, 4.000000000000003553, -11.99999999999999822 ) ) ;
#2533 = ORIENTED_EDGE ( 'NONE', *, *, #1885, .F. ) ;
#2534 = CARTESIAN_POINT ( 'NONE',  ( 12.91047191506988767, 4.000000000000003553, -12.00000000000000000 ) ) ;
#2535 = ORIENTED_EDGE ( 'NONE', *, *, #1966, .F. ) ;
#2536 = MANIFOLD_SOLID_BREP ( 'Mirror5', #1994 ) ;
#2537 = LINE ( 'NONE', #2556, #760 ) ;
#2538 = CIRCLE ( 'NONE', #3181, 0.5000000000000000000 ) ;
#2539 = VERTEX_POINT ( 'NONE', #2008 ) ;
#2540 = EDGE_LOOP ( 'NONE', ( #139, #2680, #2687, #2816 ) ) ;
#2541 = DIRECTION ( 'NONE',  ( 0.000000000000000000, -1.334402673828313093E-16, 1.000000000000000000 ) ) ;
#2542 = EDGE_CURVE ( 'NONE', #2329, #2614, #663, .T. ) ;
#2543 = CARTESIAN_POINT ( 'NONE',  ( -9.708243919473801498, 3.999999999999987121, 29.69848480983499783 ) ) ;
#2544 = CARTESIAN_POINT ( 'NONE',  ( -12.49770968765666801, 6.000000000000005329, -11.98937380071402004 ) ) ;
#2545 = CARTESIAN_POINT ( 'NONE',  ( 13.00000000000000178, -5.000000000000000000, -12.50000000000000000 ) ) ;
#2546 = LINE ( 'NONE', #1476, #2661 ) ;
#2547 = ORIENTED_EDGE ( 'NONE', *, *, #2509, .T. ) ;
#2548 = CARTESIAN_POINT ( 'NONE',  ( -10.00000000000000000, 0.000000000000000000, 0.000000000000000000 ) ) ;
#2549 = DIRECTION ( 'NONE',  ( 1.000000000000000000, 0.000000000000000000, 0.000000000000000000 ) ) ;
#2550 = LINE ( 'NONE', #1513, #2574 ) ;
#2551 = EDGE_CURVE ( 'NONE', #3303, #1383, #674, .T. ) ;
#2552 = ORIENTED_EDGE ( 'NONE', *, *, #1989, .T. ) ;
#2553 = DIRECTION ( 'NONE',  ( -0.000000000000000000, 0.000000000000000000, -1.000000000000000000 ) ) ;
#2554 = CARTESIAN_POINT ( 'NONE',  ( -13.40000000000000036, 4.000000000000000000, -6.587956044287794910 ) ) ;
#2555 = ORIENTED_EDGE ( 'NONE', *, *, #913, .F. ) ;
#2556 = CARTESIAN_POINT ( 'NONE',  ( 14.50000000000000355, -5.000000000000000000, -12.00000000000000178 ) ) ;
#2557 = AXIS2_PLACEMENT_3D ( 'NONE', #428, #1512, #207 ) ;
#2558 = CIRCLE ( 'NONE', #1359, 2.000000000000000000 ) ;
#2559 = VERTEX_POINT ( 'NONE', #1232 ) ;
#2560 = ORIENTED_EDGE ( 'NONE', *, *, #2457, .F. ) ;
#2561 = DIRECTION ( 'NONE',  ( -1.000000000000000000, 0.000000000000000000, -0.000000000000000000 ) ) ;
#2562 = CARTESIAN_POINT ( 'NONE',  ( -13.40000000000000036, 4.395330668877607927, -11.50000000000000000 ) ) ;
#2563 = CARTESIAN_POINT ( 'NONE',  ( 13.62500000000000178, -5.000000000000000000, -12.50000000000000000 ) ) ;
#2564 = ORIENTED_EDGE ( 'NONE', *, *, #1343, .F. ) ;
#2565 = FACE_OUTER_BOUND ( 'NONE', #633, .T. ) ;
#2566 = ORIENTED_EDGE ( 'NONE', *, *, #3284, .T. ) ;
#2567 = CARTESIAN_POINT ( 'NONE',  ( 13.00000000000000178, 5.000000000000000000, -14.00000000000000000 ) ) ;
#2568 = B_SPLINE_CURVE_WITH_KNOTS ( 'NONE', 3,
 ( #2916, #2162, #604, #1380 ),
 .UNSPECIFIED., .F., .F.,
 ( 4, 4 ),
 ( 0.001112955561302288393, 0.001422265118769781801 ),
 .UNSPECIFIED. ) ;
#2569 = CARTESIAN_POINT ( 'NONE',  ( 3.469446951953614189E-15, -8.673617379884035472E-16, 29.69848480983499783 ) ) ;
#2570 = ORIENTED_EDGE ( 'NONE', *, *, #2050, .F. ) ;
#2571 = AXIS2_PLACEMENT_3D ( 'NONE', #503, #2779, #3312 ) ;
#2572 = EDGE_CURVE ( 'NONE', #1286, #1756, #1501, .T. ) ;
#2573 = EDGE_LOOP ( 'NONE', ( #1835, #2812, #1353, #3329 ) ) ;
#2574 = VECTOR ( 'NONE', #748, 1000.000000000000000 ) ;
#2575 = CARTESIAN_POINT ( 'NONE',  ( 13.00000000000000178, -5.000000000000000000, -12.50000000000000000 ) ) ;
#2576 = CARTESIAN_POINT ( 'NONE',  ( 13.24263963521532261, 4.421928605619261710, -12.49999993464115988 ) ) ;
#2577 = EDGE_CURVE ( 'NONE', #1539, #1245, #2278, .T. ) ;
#2578 = ORIENTED_EDGE ( 'NONE', *, *, #3206, .F. ) ;
#2579 = ORIENTED_EDGE ( 'NONE', *, *, #1125, .T. ) ;
#2580 = FACE_OUTER_BOUND ( 'NONE', #1625, .T. ) ;
#2581 = CARTESIAN_POINT ( 'NONE',  ( 13.51538820320219969, 6.000000000000005329, -11.99999999999999645 ) ) ;
#2582 = DIRECTION ( 'NONE',  ( 0.000000000000000000, 0.000000000000000000, 1.000000000000000000 ) ) ;
#2583 = VERTEX_POINT ( 'NONE', #721 ) ;
#2584 = CARTESIAN_POINT ( 'NONE',  ( 0.000000000000000000, 3.999999999999998224, 2.250000000000003553 ) ) ;
#2585 = CARTESIAN_POINT ( 'NONE',  ( -11.00000000000000000, -6.000000000000000000, -12.00000000000000000 ) ) ;
#2586 = DIRECTION ( 'NONE',  ( 0.000000000000000000, -1.000000000000000000, -4.003208021484940511E-16 ) ) ;
#2587 = EDGE_LOOP ( 'NONE', ( #909, #920, #2731, #599 ) ) ;
#2588 = DIRECTION ( 'NONE',  ( 0.000000000000000000, -0.000000000000000000, -1.000000000000000000 ) ) ;
#2589 = FACE_OUTER_BOUND ( 'NONE', #2628, .T. ) ;
#2590 = CARTESIAN_POINT ( 'NONE',  ( 13.35185651318679056, 4.000000000000003553, -12.00000000000000000 ) ) ;
#2591 = ORIENTED_EDGE ( 'NONE', *, *, #2710, .T. ) ;
#2592 = VERTEX_POINT ( 'NONE', #3033 ) ;
#2593 = EDGE_CURVE ( 'NONE', #2103, #648, #2537, .T. ) ;
#2594 = DIRECTION ( 'NONE',  ( -0.4581228472898961623, -0.8888888888893811124, 0.000000000000000000 ) ) ;
#2595 = ADVANCED_FACE ( 'NONE', ( #166 ), #3065, .T. ) ;
#2596 = ORIENTED_EDGE ( 'NONE', *, *, #323, .T. ) ;
#2597 = CARTESIAN_POINT ( 'NONE',  ( -12.60000000000000320, 4.204233733600700518, -11.88580559987131124 ) ) ;
#2598 = CARTESIAN_POINT ( 'NONE',  ( 3.469446951953614189E-15, -8.673617379884035472E-16, -0.7500000000000000000 ) ) ;
#2599 = VECTOR ( 'NONE', #3077, 1000.000000000000000 ) ;
#2600 = ORIENTED_EDGE ( 'NONE', *, *, #2572, .T. ) ;
#2601 = DIRECTION ( 'NONE',  ( 0.000000000000000000, -1.000000000000000000, 0.000000000000000000 ) ) ;
#2602 = FACE_OUTER_BOUND ( 'NONE', #1119, .T. ) ;
#2603 = CARTESIAN_POINT ( 'NONE',  ( -12.60000000000000320, 5.650776016461144025, -11.71849475743309732 ) ) ;
#2604 = VECTOR ( 'NONE', #1485, 1000.000000000000000 ) ;
#2605 = ORIENTED_EDGE ( 'NONE', *, *, #2276, .T. ) ;
#2606 = DIRECTION ( 'NONE',  ( -1.000000000000000000, 0.000000000000000000, 0.000000000000000000 ) ) ;
#2607 = DIRECTION ( 'NONE',  ( 0.000000000000000000, 0.000000000000000000, 1.000000000000000000 ) ) ;
#2608 = CARTESIAN_POINT ( 'NONE',  ( 12.48461179679778610, 4.000000000000003553, -12.50000000000000000 ) ) ;
#2609 = VECTOR ( 'NONE', #2453, 1000.000000000000000 ) ;
#2610 = VERTEX_POINT ( 'NONE', #214 ) ;
#2611 = CARTESIAN_POINT ( 'NONE',  ( 12.71367322044327075, 5.555555555555584668, -12.00000000000006395 ) ) ;
#2612 = ORIENTED_EDGE ( 'NONE', *, *, #933, .T. ) ;
#2613 = AXIS2_PLACEMENT_3D ( 'NONE', #2432, #601, #1423 ) ;
#2614 = VERTEX_POINT ( 'NONE', #935 ) ;
#2615 = CARTESIAN_POINT ( 'NONE',  ( 13.51538820320207357, -6.000000000000070166, -12.50000000000000000 ) ) ;
#2616 = EDGE_LOOP ( 'NONE', ( #1555, #3272, #217, #3036 ) ) ;
#2617 = EDGE_CURVE ( 'NONE', #2274, #2858, #1110, .T. ) ;
#2618 = CYLINDRICAL_SURFACE ( 'NONE', #1549, 0.6250000000000002220 ) ;
#2619 = PLANE ( 'NONE',  #1975 ) ;
#2620 = ORIENTED_EDGE ( 'NONE', *, *, #2809, .F. ) ;
#2621 = EDGE_CURVE ( 'NONE', #1824, #1397, #567, .T. ) ;
#2622 = VECTOR ( 'NONE', #1996, 1000.000000000000000 ) ;
#2623 = DIRECTION ( 'NONE',  ( 0.000000000000000000, -1.000000000000000000, -4.003208021484940511E-16 ) ) ;
#2624 = CIRCLE ( 'NONE', #3043, 0.6250000000000005551 ) ;
#2625 = DIRECTION ( 'NONE',  ( 0.000000000000000000, -6.938893903907232322E-16, 1.000000000000000000 ) ) ;
#2626 = AXIS2_PLACEMENT_3D ( 'NONE', #1849, #831, #598 ) ;
#2627 = DIRECTION ( 'NONE',  ( 0.000000000000000000, 4.003208021484939524E-16, -1.000000000000000000 ) ) ;
#2628 = EDGE_LOOP ( 'NONE', ( #986, #1590, #1247, #2416 ) ) ;
#2629 = CARTESIAN_POINT ( 'NONE',  ( 12.82187986558216863, 6.000000000000005329, -12.00000000000000000 ) ) ;
#2630 = ORIENTED_EDGE ( 'NONE', *, *, #1838, .T. ) ;
#2631 = ORIENTED_EDGE ( 'NONE', *, *, #3297, .F. ) ;
#2632 = FACE_OUTER_BOUND ( 'NONE', #2573, .T. ) ;
#2633 = EDGE_CURVE ( 'NONE', #3081, #1459, #1977, .T. ) ;
#2634 = VERTEX_POINT ( 'NONE', #1214 ) ;
#2635 = DIRECTION ( 'NONE',  ( 0.000000000000000000, -0.000000000000000000, -1.000000000000000000 ) ) ;
#2636 = FACE_OUTER_BOUND ( 'NONE', #2792, .T. ) ;
#2637 = CARTESIAN_POINT ( 'NONE',  ( -13.40000000000000036, -4.000000000000000000, -11.97760418287102802 ) ) ;
#2638 = EDGE_CURVE ( 'NONE', #2064, #1539, #871, .T. ) ;
#2639 = ORIENTED_EDGE ( 'NONE', *, *, #720, .F. ) ;
#2640 = CARTESIAN_POINT ( 'NONE',  ( -13.00000000000000178, -5.000000000000000000, -11.50000000000000000 ) ) ;
#2641 = ORIENTED_EDGE ( 'NONE', *, *, #534, .T. ) ;
#2642 = FACE_OUTER_BOUND ( 'NONE', #2798, .T. ) ;
#2643 = EDGE_CURVE ( 'NONE', #420, #2761, #1728, .T. ) ;
#2644 = DIRECTION ( 'NONE',  ( 0.000000000000000000, 0.000000000000000000, 1.000000000000000000 ) ) ;
#2645 = CARTESIAN_POINT ( 'NONE',  ( 12.80452415884304251, 5.595718089601620981, -12.49521009249060199 ) ) ;
#2646 = ORIENTED_EDGE ( 'NONE', *, *, #2693, .T. ) ;
#2647 = DIRECTION ( 'NONE',  ( 0.000000000000000000, 0.000000000000000000, 1.000000000000000000 ) ) ;
#2648 = ORIENTED_EDGE ( 'NONE', *, *, #1424, .T. ) ;
#2649 = ORIENTED_EDGE ( 'NONE', *, *, #626, .T. ) ;
#2650 = DIRECTION ( 'NONE',  ( 1.000000000000000000, 0.000000000000000000, 0.000000000000000000 ) ) ;
#2651 = DIRECTION ( 'NONE',  ( -0.000000000000000000, -0.000000000000000000, -1.000000000000000000 ) ) ;
#2652 = EDGE_LOOP ( 'NONE', ( #2912, #984, #1435, #1427, #151, #715, #574 ) ) ;
#2653 = CARTESIAN_POINT ( 'NONE',  ( 13.00000000000000178, -5.000000000000000000, -12.50000000000000000 ) ) ;
#2654 = EDGE_CURVE ( 'NONE', #872, #2539, #1798, .T. ) ;
#2655 = DIRECTION ( 'NONE',  ( -0.000000000000000000, 0.000000000000000000, 1.000000000000000000 ) ) ;
#2656 = B_SPLINE_CURVE_WITH_KNOTS ( 'NONE', 3,
 ( #1793, #2820, #2788, #3060 ),
 .UNSPECIFIED., .F., .F.,
 ( 4, 4 ),
 ( 0.000000000000000000, 0.0003083328212629352365 ),
 .UNSPECIFIED. ) ;
#2657 = EDGE_CURVE ( 'NONE', #870, #2005, #2, .T. ) ;
#2658 = CARTESIAN_POINT ( 'NONE',  ( 9.375000000000001776, 8.000000000000000000, 0.5000000000000051070 ) ) ;
#2659 = EDGE_LOOP ( 'NONE', ( #2564, #1853, #3161, #1172 ) ) ;
#2660 = CARTESIAN_POINT ( 'NONE',  ( 12.94208180984873024, 5.624989939143400619, -12.09681584590152958 ) ) ;
#2661 = VECTOR ( 'NONE', #223, 1000.000000000000000 ) ;
#2662 = AXIS2_PLACEMENT_3D ( 'NONE', #880, #2116, #1933 ) ;
#2663 = ORIENTED_EDGE ( 'NONE', *, *, #2258, .F. ) ;
#2664 = CARTESIAN_POINT ( 'NONE',  ( -9.708243919473797945, -4.000000000000000000, -12.00000000000000000 ) ) ;
#2665 = VERTEX_POINT ( 'NONE', #46 ) ;
#2666 = AXIS2_PLACEMENT_3D ( 'NONE', #1461, #1225, #2270 ) ;
#2667 = VERTEX_POINT ( 'NONE', #1855 ) ;
#2668 = CARTESIAN_POINT ( 'NONE',  ( 13.28632677955678432, -4.444444444444444642, -12.50000000000000000 ) ) ;
#2669 = CARTESIAN_POINT ( 'NONE',  ( -14.49999999999999645, -5.000000000000000000, -12.00000000000000178 ) ) ;
#2670 = DIRECTION ( 'NONE',  ( 0.000000000000000000, 1.000000000000000000, 4.003208021484940511E-16 ) ) ;
#2671 = VECTOR ( 'NONE', #3055, 1000.000000000000000 ) ;
#2672 = ORIENTED_EDGE ( 'NONE', *, *, #1794, .F. ) ;
#2673 = CARTESIAN_POINT ( 'NONE',  ( 0.000000000000000000, 0.000000000000000000, 0.000000000000000000 ) ) ;
#2674 = DIRECTION ( 'NONE',  ( 1.000000000000000000, 0.000000000000000000, 0.000000000000000000 ) ) ;
#2675 = EDGE_CURVE ( 'NONE', #2060, #1342, #2349, .T. ) ;
#2676 = DIRECTION ( 'NONE',  ( 1.000000000000000000, 0.000000000000000000, 0.000000000000000000 ) ) ;
#2677 = CARTESIAN_POINT ( 'NONE',  ( 12.71367322044321746, -4.444444444444444642, -12.50000000000000000 ) ) ;
#2678 = ADVANCED_FACE ( 'NONE', ( #1816 ), #1880, .F. ) ;
#2679 = DIRECTION ( 'NONE',  ( -0.000000000000000000, 0.000000000000000000, 1.000000000000000000 ) ) ;
#2680 = ORIENTED_EDGE ( 'NONE', *, *, #43, .T. ) ;
#2681 = FACE_OUTER_BOUND ( 'NONE', #3131, .T. ) ;
#2682 = ORIENTED_EDGE ( 'NONE', *, *, #2178, .T. ) ;
#2683 = EDGE_CURVE ( 'NONE', #737, #414, #1215, .T. ) ;
#2684 = DIRECTION ( 'NONE',  ( -0.000000000000000000, 0.000000000000000000, 1.000000000000000000 ) ) ;
#2685 = LINE ( 'NONE', #2977, #2200 ) ;
#2686 = ORIENTED_EDGE ( 'NONE', *, *, #2039, .F. ) ;
#2687 = ORIENTED_EDGE ( 'NONE', *, *, #362, .T. ) ;
#2688 = CYLINDRICAL_SURFACE ( 'NONE', #2265, 10.50000000000000000 ) ;
#2689 = VERTEX_POINT ( 'NONE', #2257 ) ;
#2690 = CARTESIAN_POINT ( 'NONE',  ( 13.51538820320207357, -6.000000000000000000, -12.00000000000000000 ) ) ;
#2691 = DIRECTION ( 'NONE',  ( 0.000000000000000000, 0.000000000000000000, -1.000000000000000000 ) ) ;
#2692 = ORIENTED_EDGE ( 'NONE', *, *, #1384, .T. ) ;
#2693 = EDGE_CURVE ( 'NONE', #621, #205, #2656, .T. ) ;
#2694 = DIRECTION ( 'NONE',  ( -0.000000000000000000, 0.000000000000000000, 1.000000000000000000 ) ) ;
#2695 = CARTESIAN_POINT ( 'NONE',  ( 0.000000000000000000, 0.000000000000000000, -13.60000000000000142 ) ) ;
#2696 = CARTESIAN_POINT ( 'NONE',  ( -13.00000000000000178, -5.000000000000000000, -11.50000000000000000 ) ) ;
#2697 = LINE ( 'NONE', #1123, #2989 ) ;
#2698 = DIRECTION ( 'NONE',  ( 0.000000000000000000, -1.000000000000000000, 0.000000000000000000 ) ) ;
#2699 = ORIENTED_EDGE ( 'NONE', *, *, #1931, .F. ) ;
#2700 = VECTOR ( 'NONE', #541, 1000.000000000000000 ) ;
#2701 = DIRECTION ( 'NONE',  ( 0.000000000000000000, 1.000000000000000000, 0.000000000000000000 ) ) ;
#2702 = DIRECTION ( 'NONE',  ( -0.000000000000000000, 0.000000000000000000, -1.000000000000000000 ) ) ;
#2703 = ORIENTED_EDGE ( 'NONE', *, *, #359, .T. ) ;
#2704 = DIRECTION ( 'NONE',  ( -0.000000000000000000, 1.000000000000000000, -0.000000000000000000 ) ) ;
#2705 = ADVANCED_FACE ( 'NONE', ( #2271 ), #3304, .T. ) ;
#2706 = AXIS2_PLACEMENT_3D ( 'NONE', #851, #3340, #1645 ) ;
#2707 = ORIENTED_EDGE ( 'NONE', *, *, #689, .T. ) ;
#2708 = DIRECTION ( 'NONE',  ( 0.000000000000000000, -1.000000000000000000, 0.000000000000000000 ) ) ;
#2709 = CIRCLE ( 'NONE', #543, 2.000000000000000000 ) ;
#2710 = EDGE_CURVE ( 'NONE', #1459, #2962, #2756, .T. ) ;
#2711 = LINE ( 'NONE', #678, #3066 ) ;
#2712 = CARTESIAN_POINT ( 'NONE',  ( 11.00000000000000000, 8.000000000000000000, -12.00000000000000000 ) ) ;
#2713 = DIRECTION ( 'NONE',  ( 0.000000000000000000, -6.938893903907227392E-16, 1.000000000000000000 ) ) ;
#2714 = ORIENTED_EDGE ( 'NONE', *, *, #3034, .T. ) ;
#2715 = EDGE_CURVE ( 'NONE', #414, #3254, #3011, .T. ) ;
#2716 = VECTOR ( 'NONE', #1902, 1000.000000000000000 ) ;
#2717 = DIRECTION ( 'NONE',  ( 0.8888888888888857309, 0.4581228472908575600, -0.000000000000000000 ) ) ;
#2718 = ORIENTED_EDGE ( 'NONE', *, *, #686, .F. ) ;
#2719 = EDGE_CURVE ( 'NONE', #1698, #2479, #2518, .T. ) ;
#2720 = EDGE_LOOP ( 'NONE', ( #1067, #1446, #2649, #2502 ) ) ;
#2721 = LINE ( 'NONE', #2219, #1859 ) ;
#2722 = AXIS2_PLACEMENT_3D ( 'NONE', #1204, #2751, #1489 ) ;
#2723 = VECTOR ( 'NONE', #361, 1000.000000000000000 ) ;
#2724 = AXIS2_PLACEMENT_3D ( 'NONE', #2248, #2233, #923 ) ;
#2725 = DIRECTION ( 'NONE',  ( 0.4581228472908506766, 0.8888888888888891726, 0.000000000000000000 ) ) ;
#2726 = CARTESIAN_POINT ( 'NONE',  ( 0.000000000000000000, 0.000000000000000000, 0.5000000000000000000 ) ) ;
#2727 = ORIENTED_EDGE ( 'NONE', *, *, #1140, .T. ) ;
#2728 = CARTESIAN_POINT ( 'NONE',  ( 9.165151389911681434, 3.999999999999998224, 0.5000000000000002220 ) ) ;
#2729 = DIRECTION ( 'NONE',  ( 0.000000000000000000, -0.000000000000000000, 1.000000000000000000 ) ) ;
#2730 = ORIENTED_EDGE ( 'NONE', *, *, #210, .T. ) ;
#2731 = ORIENTED_EDGE ( 'NONE', *, *, #2976, .T. ) ;
#2732 = APPLICATION_PROTOCOL_DEFINITION ( 'draft international standard', 'automotive_design', 1998, #1416 ) ;
#2733 = EDGE_CURVE ( 'NONE', #3303, #497, #717, .T. ) ;
#2734 = VERTEX_POINT ( 'NONE', #229 ) ;
#2735 = DIRECTION ( 'NONE',  ( 0.000000000000000000, -0.000000000000000000, -1.000000000000000000 ) ) ;
#2736 = CARTESIAN_POINT ( 'NONE',  ( 13.00000000000000178, 5.000000000000000000, -12.50000000000000000 ) ) ;
#2737 = DIRECTION ( 'NONE',  ( -0.8888888888888857309, 0.4581228472908575600, 0.000000000000000000 ) ) ;
#2738 = EDGE_CURVE ( 'NONE', #128, #240, #2550, .T. ) ;
#2739 = CARTESIAN_POINT ( 'NONE',  ( -13.40000000000000213, 4.106141688520746236, -11.94707228101053786 ) ) ;
#2740 = ORIENTED_EDGE ( 'NONE', *, *, #1200, .T. ) ;
#2741 = LINE ( 'NONE', #250, #1303 ) ;
#2742 = ORIENTED_EDGE ( 'NONE', *, *, #1928, .T. ) ;
#2743 = DIRECTION ( 'NONE',  ( 0.000000000000000000, 0.000000000000000000, 1.000000000000000000 ) ) ;
#2744 = VECTOR ( 'NONE', #2154, 1000.000000000000000 ) ;
#2745 =( NAMED_UNIT ( * ) SI_UNIT ( $, .STERADIAN. ) SOLID_ANGLE_UNIT ( ) );
#2746 = EDGE_CURVE ( 'NONE', #872, #2218, #86, .T. ) ;
#2747 = ORIENTED_EDGE ( 'NONE', *, *, #2746, .T. ) ;
#2748 = CARTESIAN_POINT ( 'NONE',  ( -12.29245141509575490, -6.000000000000000000, -12.00000000000000000 ) ) ;
#2749 = CIRCLE ( 'NONE', #3188, 0.7249999999999999778 ) ;
#2750 = CIRCLE ( 'NONE', #3019, 9.500000000000000000 ) ;
#2751 = DIRECTION ( 'NONE',  ( -0.000000000000000000, 0.000000000000000000, 1.000000000000000000 ) ) ;
#2752 = CARTESIAN_POINT ( 'NONE',  ( -13.40000000000000036, 4.395330668874631641, -11.60988486441417677 ) ) ;
#2753 = CIRCLE ( 'NONE', #2058, 1.225000000000000311 ) ;
#2754 = ORIENTED_EDGE ( 'NONE', *, *, #3117, .F. ) ;
#2755 = CARTESIAN_POINT ( 'NONE',  ( 14.00000000000000000, 0.000000000000000000, 8.000000000000000000 ) ) ;
#2756 = LINE ( 'NONE', #3283, #304 ) ;
#2757 = EDGE_LOOP ( 'NONE', ( #2120, #771, #685, #3315 ) ) ;
#2758 = VECTOR ( 'NONE', #2958, 1000.000000000000000 ) ;
#2759 = VECTOR ( 'NONE', #1768, 1000.000000000000000 ) ;
#2760 = CARTESIAN_POINT ( 'NONE',  ( -13.99999999999999822, -5.000000000000000000, 6.500000000000000888 ) ) ;
#2761 = VERTEX_POINT ( 'NONE', #1244 ) ;
#2762 = ADVANCED_FACE ( 'NONE', ( #1721, #1002 ), #2516, .F. ) ;
#2763 = DIRECTION ( 'NONE',  ( -1.000000000000000000, 0.000000000000000000, 0.000000000000000000 ) ) ;
#2764 = ADVANCED_FACE ( 'NONE', ( #195 ), #3029, .F. ) ;
#2765 = CARTESIAN_POINT ( 'NONE',  ( -12.39543807356785798, 6.000000000000005329, -12.00000000000000000 ) ) ;
#2766 = AXIS2_PLACEMENT_3D ( 'NONE', #790, #1826, #575 ) ;
#2767 = DIRECTION ( 'NONE',  ( -0.000000000000000000, 0.000000000000000000, 1.000000000000000000 ) ) ;
#2768 = DIRECTION ( 'NONE',  ( -1.000000000000000000, 0.000000000000000000, 0.000000000000000000 ) ) ;
#2769 = ORIENTED_EDGE ( 'NONE', *, *, #1205, .F. ) ;
#2770 = AXIS2_PLACEMENT_3D ( 'NONE', #119, #803, #2644 ) ;
#2771 = VECTOR ( 'NONE', #1711, 1000.000000000000000 ) ;
#2772 = CARTESIAN_POINT ( 'NONE',  ( 13.08987200341151969, -6.000000000000000000, -12.00000000000000000 ) ) ;
#2773 = FACE_OUTER_BOUND ( 'NONE', #907, .T. ) ;
#2774 = ORIENTED_EDGE ( 'NONE', *, *, #44, .T. ) ;
#2775 = CARTESIAN_POINT ( 'NONE',  ( -9.708243919473796169, -4.000000000000001776, 0.000000000000000000 ) ) ;
#2776 = CARTESIAN_POINT ( 'NONE',  ( -12.60000000000000142, -4.000000000000000000, -6.587956044287794910 ) ) ;
#2777 = ORIENTED_EDGE ( 'NONE', *, *, #137, .T. ) ;
#2778 = ORIENTED_EDGE ( 'NONE', *, *, #1120, .F. ) ;
#2779 = DIRECTION ( 'NONE',  ( 0.000000000000000000, -1.000000000000000000, 0.000000000000000000 ) ) ;
#2780 = ADVANCED_FACE ( 'NONE', ( #2773 ), #2908, .F. ) ;
#2781 = EDGE_CURVE ( 'NONE', #1112, #160, #247, .T. ) ;
#2782 = CARTESIAN_POINT ( 'NONE',  ( -12.60000000000000142, -5.893858311479255541, -11.94707228101053786 ) ) ;
#2783 = CARTESIAN_POINT ( 'NONE',  ( 0.000000000000000000, 0.000000000000000000, 1.000000000000000000 ) ) ;
#2784 = CARTESIAN_POINT ( 'NONE',  ( 16.00000000000000000, 6.000000000000005329, -11.99999999999999645 ) ) ;
#2785 = ORIENTED_EDGE ( 'NONE', *, *, #1671, .T. ) ;
#2786 = FACE_OUTER_BOUND ( 'NONE', #1704, .T. ) ;
#2787 = CARTESIAN_POINT ( 'NONE',  ( 13.00000000000000178, 5.000000000000000000, -14.00000000000000000 ) ) ;
#2788 = CARTESIAN_POINT ( 'NONE',  ( -13.50229031234331778, -6.000000000000000000, -11.98937380071401826 ) ) ;
#2789 = ORIENTED_EDGE ( 'NONE', *, *, #3075, .T. ) ;
#2790 = EDGE_LOOP ( 'NONE', ( #1321, #673, #2131, #1178 ) ) ;
#2791 = ORIENTED_EDGE ( 'NONE', *, *, #879, .T. ) ;
#2792 = EDGE_LOOP ( 'NONE', ( #3292, #1646, #349, #2777 ) ) ;
#2793 = DIRECTION ( 'NONE',  ( -0.000000000000000000, 1.000000000000000000, 1.334402673828313093E-16 ) ) ;
#2794 =( BOUNDED_SURFACE ( )  B_SPLINE_SURFACE ( 3, 2, ( 
 ( #1033, #2080, #2690 ),
 ( #85, #945, #1907 ),
 ( #2515, #1630, #2256 ),
 ( #1929, #2146, #2951 ),
 ( #103, #3210, #2772 ),
 ( #3228, #2205, #140 ),
 ( #1168, #891, #356 ),
 ( #390, #2437, #1946 ),
 ( #371, #3173, #1742 ),
 ( #467, #1460, #194 ) ),
 .UNSPECIFIED., .F., .F., .F. ) 
 B_SPLINE_SURFACE_WITH_KNOTS ( ( 4, 2, 2, 2, 4 ),
 ( 3, 3 ),
 ( 0.0009762313280153294553, 0.001244594175610544244, 0.001512957023205759033, 0.001781319870800973822, 0.002049682718396188610 ),
 ( 0.000000000000000000, 1.000000000000000000 ),
 .UNSPECIFIED. ) 
 GEOMETRIC_REPRESENTATION_ITEM ( )  RATIONAL_B_SPLINE_SURFACE ( (
 ( 1.000000000000000000, 0.7071067811865934249, 1.000000000000000000),
 ( 1.000000000000000000, 0.7326832777473676339, 1.000000000000000000),
 ( 1.000000000000000000, 0.7541354686265633323, 1.000000000000000000),
 ( 1.000000000000000000, 0.7830305961667152204, 1.000000000000000000),
 ( 1.000000000000000000, 0.7905597741719445626, 1.000000000000000000),
 ( 1.000000000000000000, 0.7905790374414323196, 1.000000000000000000),
 ( 1.000000000000000000, 0.7829511399770995306, 1.000000000000000000),
 ( 1.000000000000000000, 0.7542579395999940983, 1.000000000000000000),
 ( 1.000000000000000000, 0.7328473795399184088, 1.000000000000000000),
 ( 1.000000000000000000, 0.7071067811868927411, 1.000000000000000000) ) ) 
 REPRESENTATION_ITEM ( '' )  SURFACE ( )  );
#2795 = CARTESIAN_POINT ( 'NONE',  ( 12.71367322044321391, 4.444444444444446418, -12.50000000000000000 ) ) ;
#2796 = DIRECTION ( 'NONE',  ( -0.000000000000000000, 0.000000000000000000, 1.000000000000000000 ) ) ;
#2797 = ADVANCED_FACE ( 'NONE', ( #2140 ), #2619, .F. ) ;
#2798 = EDGE_LOOP ( 'NONE', ( #1841, #2445, #3068, #2699 ) ) ;
#2799 = CARTESIAN_POINT ( 'NONE',  ( -8.755177107892443189, 3.999999999999998224, 1.000000000000000666 ) ) ;
#2800 = DIRECTION ( 'NONE',  ( -1.000000000000000000, 0.000000000000000000, 0.000000000000000000 ) ) ;
#2801 = CYLINDRICAL_SURFACE ( 'NONE', #1405, 10.50000000000000000 ) ;
#2802 = AXIS2_PLACEMENT_3D ( 'NONE', #1545, #3332, #1261 ) ;
#2803 = EDGE_CURVE ( 'NONE', #1663, #2309, #1883, .T. ) ;
#2804 = ORIENTED_EDGE ( 'NONE', *, *, #2203, .F. ) ;
#2805 = CIRCLE ( 'NONE', #693, 10.50000000000000000 ) ;
#2806 = CARTESIAN_POINT ( 'NONE',  ( -12.60000000000000142, 6.000000000000000000, -9.500000000000000000 ) ) ;
#2807 = CARTESIAN_POINT ( 'NONE',  ( -9.000000000000001776, 8.000000000000000000, 5.087410193970443761E-15 ) ) ;
#2808 = DIRECTION ( 'NONE',  ( -1.000000000000000000, -0.000000000000000000, -0.000000000000000000 ) ) ;
#2809 = EDGE_CURVE ( 'NONE', #1011, #3254, #3154, .T. ) ;
#2810 = CIRCLE ( 'NONE', #2013, 0.4999999999999996669 ) ;
#2811 = ORIENTED_EDGE ( 'NONE', *, *, #2847, .F. ) ;
#2812 = ORIENTED_EDGE ( 'NONE', *, *, #116, .F. ) ;
#2813 = DIRECTION ( 'NONE',  ( -1.000000000000000000, 0.000000000000000000, 0.000000000000000000 ) ) ;
#2814 = CARTESIAN_POINT ( 'NONE',  ( 12.48461179679885191, -6.000000000000546230, -12.50000000000000000 ) ) ;
#2815 = PLANE ( 'NONE',  #858 ) ;
#2816 = ORIENTED_EDGE ( 'NONE', *, *, #2975, .T. ) ;
#2817 = DIRECTION ( 'NONE',  ( 1.000000000000000000, 0.000000000000000000, 0.000000000000000000 ) ) ;
#2818 = EDGE_LOOP ( 'NONE', ( #29, #135, #2785, #1278, #1015, #2940, #162, #198, #544, #1181, #2682, #2791 ) ) ;
#2819 = LINE ( 'NONE', #334, #1850 ) ;
#2820 = CARTESIAN_POINT ( 'NONE',  ( -13.60456192643214024, -6.000000000000000000, -12.00000000000000000 ) ) ;
#2821 = ORIENTED_EDGE ( 'NONE', *, *, #3000, .T. ) ;
#2822 = AXIS2_PLACEMENT_3D ( 'NONE', #3155, #1892, #310 ) ;
#2823 = AXIS2_PLACEMENT_3D ( 'NONE', #30, #328, #2392 ) ;
#2824 = CARTESIAN_POINT ( 'NONE',  ( -13.70754858490424688, -4.000000000000000000, -12.00000000000000000 ) ) ;
#2825 = ADVANCED_FACE ( 'NONE', ( #561 ), #1062, .T. ) ;
#2826 = CARTESIAN_POINT ( 'NONE',  ( 1.475000000000000311, 0.000000000000000000, -13.60000000000000142 ) ) ;
#2827 = DIRECTION ( 'NONE',  ( 0.000000000000000000, 1.000000000000000000, -0.000000000000000000 ) ) ;
#2828 = ORIENTED_EDGE ( 'NONE', *, *, #1653, .T. ) ;
#2829 = VERTEX_POINT ( 'NONE', #2090 ) ;
#2830 = CARTESIAN_POINT ( 'NONE',  ( 13.19509031831501567, 5.595817527385306356, -12.49517745979672867 ) ) ;
#2831 = ORIENTED_EDGE ( 'NONE', *, *, #255, .T. ) ;
#2832 = CARTESIAN_POINT ( 'NONE',  ( -12.60000000000000142, -5.604669331122392073, -11.50000000000000000 ) ) ;
#2833 = DIRECTION ( 'NONE',  ( 7.885106708985487801E-17, -1.000000000000000000, 0.000000000000000000 ) ) ;
#2834 = ORIENTED_EDGE ( 'NONE', *, *, #1644, .T. ) ;
#2835 = CYLINDRICAL_SURFACE ( 'NONE', #1448, 1.475000000000000311 ) ;
#2836 = DIRECTION ( 'NONE',  ( 1.000000000000000000, 0.000000000000000000, 0.000000000000000000 ) ) ;
#2837 = DIRECTION ( 'NONE',  ( -0.000000000000000000, 0.000000000000000000, 1.000000000000000000 ) ) ;
#2838 = VERTEX_POINT ( 'NONE', #779 ) ;
#2839 = ORIENTED_EDGE ( 'NONE', *, *, #3012, .F. ) ;
#2840 = CARTESIAN_POINT ( 'NONE',  ( 11.00000000000000000, 10.99999999999999822, -12.00000000000000000 ) ) ;
#2841 = CARTESIAN_POINT ( 'NONE',  ( 13.28632677955678787, 4.444444444444446418, -12.50000000000000000 ) ) ;
#2842 = CARTESIAN_POINT ( 'NONE',  ( -16.00000000000000000, 5.999999999999998224, 1.000000000000004663 ) ) ;
#2843 = VERTEX_POINT ( 'NONE', #3094 ) ;
#2844 = ORIENTED_EDGE ( 'NONE', *, *, #1200, .F. ) ;
#2845 = CARTESIAN_POINT ( 'NONE',  ( 13.28632677955640951, 5.555555555555750757, -12.00000000000048672 ) ) ;
#2846 = EDGE_LOOP ( 'NONE', ( #958, #2442 ) ) ;
#2847 = EDGE_CURVE ( 'NONE', #1661, #2539, #509, .T. ) ;
#2848 = LINE ( 'NONE', #331, #3040 ) ;
#2849 = VECTOR ( 'NONE', #2398, 1000.000000000000000 ) ;
#2850 = ADVANCED_FACE ( 'NONE', ( #2602 ), #1357, .T. ) ;
#2851 = ORIENTED_EDGE ( 'NONE', *, *, #807, .T. ) ;
#2852 = CARTESIAN_POINT ( 'NONE',  ( -9.375000000000001776, 8.000000000000000000, 0.5000000000000051070 ) ) ;
#2853 = DIRECTION ( 'NONE',  ( 0.000000000000000000, -1.000000000000000000, 0.000000000000000000 ) ) ;
#2854 = CARTESIAN_POINT ( 'NONE',  ( 0.000000000000000000, 5.999999999999996447, 6.625000000000004441 ) ) ;
#2855 = VERTEX_POINT ( 'NONE', #1811 ) ;
#2856 = CARTESIAN_POINT ( 'NONE',  ( -12.60000000000000142, -4.395330668877608815, -9.500000000000000000 ) ) ;
#2857 = CARTESIAN_POINT ( 'NONE',  ( 11.00000000000000000, 8.000000000000000000, -12.00000000000000000 ) ) ;
#2858 = VERTEX_POINT ( 'NONE', #762 ) ;
#2859 = ORIENTED_EDGE ( 'NONE', *, *, #2956, .F. ) ;
#2860 = CARTESIAN_POINT ( 'NONE',  ( 13.00000000000000178, 5.000000000000000000, -12.00000000000000000 ) ) ;
#2861 = FACE_OUTER_BOUND ( 'NONE', #2076, .T. ) ;
#2862 = CARTESIAN_POINT ( 'NONE',  ( -8.616843969807042924, -4.000000000000001776, 1.000000000000000000 ) ) ;
#2863 = ORIENTED_EDGE ( 'NONE', *, *, #658, .T. ) ;
#2864 = VECTOR ( 'NONE', #1209, 1000.000000000000000 ) ;
#2865 = EDGE_CURVE ( 'NONE', #2026, #1808, #301, .T. ) ;
#2866 = FACE_OUTER_BOUND ( 'NONE', #1576, .T. ) ;
#2867 = ORIENTED_EDGE ( 'NONE', *, *, #298, .F. ) ;
#2868 = DIRECTION ( 'NONE',  ( 1.000000000000000000, 0.000000000000000000, 0.000000000000000000 ) ) ;
#2869 = ADVANCED_FACE ( 'NONE', ( #1565 ), #1285, .T. ) ;
#2870 = ADVANCED_FACE ( 'NONE', ( #1622 ), #1082, .F. ) ;
#2871 = CARTESIAN_POINT ( 'NONE',  ( -13.40000000000000036, 5.604669331122391185, -9.500000000000000000 ) ) ;
#2872 = ORIENTED_EDGE ( 'NONE', *, *, #2302, .T. ) ;
#2873 = DIRECTION ( 'NONE',  ( 0.000000000000000000, -6.938893903907227392E-16, 1.000000000000000000 ) ) ;
#2874 = DIRECTION ( 'NONE',  ( 0.000000000000000000, 0.000000000000000000, 1.000000000000000000 ) ) ;
#2875 = DIRECTION ( 'NONE',  ( -0.000000000000000000, -0.000000000000000000, -1.000000000000000000 ) ) ;
#2876 = DIRECTION ( 'NONE',  ( -0.000000000000000000, 0.000000000000000000, 1.000000000000000000 ) ) ;
#2877 = ORIENTED_EDGE ( 'NONE', *, *, #689, .F. ) ;
#2878 = CIRCLE ( 'NONE', #242, 0.5000000000000004441 ) ;
#2879 = DIRECTION ( 'NONE',  ( 0.000000000000000000, 0.000000000000000000, -1.000000000000000000 ) ) ;
#2880 = AXIS2_PLACEMENT_3D ( 'NONE', #475, #2263, #1993 ) ;
#2881 = CARTESIAN_POINT ( 'NONE',  ( 16.00000000000000000, 6.000000000000003553, -9.500000000000000000 ) ) ;
#2882 = AXIS2_PLACEMENT_3D ( 'NONE', #3243, #1710, #3015 ) ;
#2883 = VECTOR ( 'NONE', #1867, 1000.000000000000000 ) ;
#2884 = ADVANCED_FACE ( 'NONE', ( #2636 ), #1302, .F. ) ;
#2885 = DIRECTION ( 'NONE',  ( 1.000000000000000000, -0.000000000000000000, 1.927470528863119295E-16 ) ) ;
#2886 = DIRECTION ( 'NONE',  ( 0.000000000000000000, 0.000000000000000000, 1.000000000000000000 ) ) ;
#2887 = EDGE_LOOP ( 'NONE', ( #1503, #1988, #177, #2397 ) ) ;
#2888 = VERTEX_POINT ( 'NONE', #3148 ) ;
#2889 = FACE_OUTER_BOUND ( 'NONE', #2254, .T. ) ;
#2890 = CARTESIAN_POINT ( 'NONE',  ( 13.28632677955678432, -5.555555555555555358, -12.50000000000000000 ) ) ;
#2891 = ORIENTED_EDGE ( 'NONE', *, *, #3268, .T. ) ;
#2892 = CARTESIAN_POINT ( 'NONE',  ( 13.19742386717144633, -4.398624932170720037, -12.50000000000000178 ) ) ;
#2893 = CARTESIAN_POINT ( 'NONE',  ( 9.000000000000001776, 5.999999999999999112, 4.286768589673455265E-15 ) ) ;
#2894 = ORIENTED_EDGE ( 'NONE', *, *, #2403, .T. ) ;
#2895 = EDGE_CURVE ( 'NONE', #184, #2103, #1023, .T. ) ;
#2896 = DIRECTION ( 'NONE',  ( 0.000000000000000000, 1.000000000000000000, -0.000000000000000000 ) ) ;
#2897 = CARTESIAN_POINT ( 'NONE',  ( 3.469446951953614189E-15, -8.673617379884035472E-16, 29.69848480983499783 ) ) ;
#2898 = DIRECTION ( 'NONE',  ( 1.000000000000000000, 0.000000000000000000, 0.000000000000000000 ) ) ;
#2899 =( LENGTH_UNIT ( ) NAMED_UNIT ( * ) SI_UNIT ( .MILLI., .METRE. ) );
#2900 = FACE_OUTER_BOUND ( 'NONE', #3042, .T. ) ;
#2901 = CARTESIAN_POINT ( 'NONE',  ( -16.00000000000000000, -5.000000000000000000, -12.00000000000000000 ) ) ;
#2902 = VERTEX_POINT ( 'NONE', #2893 ) ;
#2903 = CARTESIAN_POINT ( 'NONE',  ( 12.48461179679793887, 6.000000000000075495, -12.50000000000000000 ) ) ;
#2904 = CARTESIAN_POINT ( 'NONE',  ( 12.90104437026574757, -4.380888838657760687, -12.48720827755427010 ) ) ;
#2905 = EDGE_LOOP ( 'NONE', ( #2747, #1358, #200, #3050, #1934, #2378 ) ) ;
#2906 = CARTESIAN_POINT ( 'NONE',  ( 13.00000000000000178, -5.000000000000000000, -12.00000000000000000 ) ) ;
#2907 = CARTESIAN_POINT ( 'NONE',  ( -12.27500000000000036, 5.000000000000000000, -11.50000000000000000 ) ) ;
#2908 = PLANE ( 'NONE',  #620 ) ;
#2909 = AXIS2_PLACEMENT_3D ( 'NONE', #716, #2342, #1258 ) ;
#2910 = CARTESIAN_POINT ( 'NONE',  ( -13.39999999999999680, 5.616290269554519377, -11.61166047777244437 ) ) ;
#2911 = B_SPLINE_CURVE_WITH_KNOTS ( 'NONE', 3,
 ( #902, #2752, #2429, #3202, #2739, #2978 ),
 .UNSPECIFIED., .F., .F.,
 ( 4, 2, 4 ),
 ( 0.002735272658672306331, 0.003064579515094930252, 0.003393886371517554172 ),
 .UNSPECIFIED. ) ;
#2912 = ORIENTED_EDGE ( 'NONE', *, *, #593, .F. ) ;
#2913 = DIRECTION ( 'NONE',  ( 1.000000000000000000, 0.000000000000000000, 0.000000000000000000 ) ) ;
#2914 = CIRCLE ( 'NONE', #1445, 0.5000000000000004441 ) ;
#2915 = ADVANCED_FACE ( 'NONE', ( #1046 ), #578, .F. ) ;
#2916 = CARTESIAN_POINT ( 'NONE',  ( -13.40000000000000036, 6.000000000000000000, -11.97760418287103157 ) ) ;
#2917 = VECTOR ( 'NONE', #219, 1000.000000000000000 ) ;
#2918 = CARTESIAN_POINT ( 'NONE',  ( -13.40000000000000036, 5.604669331122391185, -9.500000000000000000 ) ) ;
#2919 = EDGE_CURVE ( 'NONE', #2888, #1012, #1426, .T. ) ;
#2920 = CARTESIAN_POINT ( 'NONE',  ( 12.37500000000000000, -5.000000000000000000, -14.00000000000000000 ) ) ;
#2921 = AXIS2_PLACEMENT_3D ( 'NONE', #2430, #2876, #847 ) ;
#2922 = DIRECTION ( 'NONE',  ( 0.8888888888893742291, -0.4581228472899098736, 5.006713685873405757E-13 ) ) ;
#2923 = VECTOR ( 'NONE', #133, 1000.000000000000000 ) ;
#2924 = EDGE_LOOP ( 'NONE', ( #501, #635, #2202, #1180 ) ) ;
#2925 = DIRECTION ( 'NONE',  ( 2.602085213965210642E-15, -4.336808689942017736E-16, 1.000000000000000000 ) ) ;
#2926 = DIRECTION ( 'NONE',  ( -0.000000000000000000, 0.000000000000000000, 1.000000000000000000 ) ) ;
#2927 = CARTESIAN_POINT ( 'NONE',  ( 0.000000000000000000, 0.000000000000000000, 0.5000000000000000000 ) ) ;
#2928 = AXIS2_PLACEMENT_3D ( 'NONE', #1676, #3009, #1717 ) ;
#2929 = ORIENTED_EDGE ( 'NONE', *, *, #3184, .T. ) ;
#2930 = DIRECTION ( 'NONE',  ( -0.000000000000000000, -0.000000000000000000, 1.000000000000000000 ) ) ;
#2931 = CARTESIAN_POINT ( 'NONE',  ( 14.00000000000000178, -6.000000000000000000, 6.500000000000000888 ) ) ;
#2932 = CARTESIAN_POINT ( 'NONE',  ( 3.469446951953614189E-15, -8.673617379884035472E-16, 0.000000000000000000 ) ) ;
#2933 = AXIS2_PLACEMENT_3D ( 'NONE', #146, #1174, #2174 ) ;
#2934 = AXIS2_PLACEMENT_3D ( 'NONE', #1594, #1057, #2886 ) ;
#2935 = VECTOR ( 'NONE', #443, 1000.000000000000000 ) ;
#2936 = AXIS2_PLACEMENT_3D ( 'NONE', #735, #2482, #3308 ) ;
#2937 = ORIENTED_EDGE ( 'NONE', *, *, #2675, .T. ) ;
#2938 = CIRCLE ( 'NONE', #569, 10.00000000000000000 ) ;
#2939 = DIRECTION ( 'NONE',  ( 0.000000000000000000, -1.000000000000000000, -1.334402673828313093E-16 ) ) ;
#2940 = ORIENTED_EDGE ( 'NONE', *, *, #116, .T. ) ;
#2941 = FACE_OUTER_BOUND ( 'NONE', #2007, .T. ) ;
#2942 = CARTESIAN_POINT ( 'NONE',  ( -16.00000000000000000, 3.999999999999998224, 1.000000000000000000 ) ) ;
#2943 = DIRECTION ( 'NONE',  ( -0.000000000000000000, -0.000000000000000000, -1.000000000000000000 ) ) ;
#2944 = DIRECTION ( 'NONE',  ( 1.000000000000000000, 0.000000000000000000, 0.000000000000000000 ) ) ;
#2945 = DIRECTION ( 'NONE',  ( -0.000000000000000000, -0.000000000000000000, -1.000000000000000000 ) ) ;
#2946 = EDGE_LOOP ( 'NONE', ( #1685, #1896, #32, #92, #819 ) ) ;
#2947 = CARTESIAN_POINT ( 'NONE',  ( 11.00000000000000000, -6.000000000000000000, -12.00000000000000000 ) ) ;
#2948 = PLANE ( 'NONE',  #549 ) ;
#2949 = ORIENTED_EDGE ( 'NONE', *, *, #1673, .F. ) ;
#2950 = ORIENTED_EDGE ( 'NONE', *, *, #433, .F. ) ;
#2951 = CARTESIAN_POINT ( 'NONE',  ( 13.17812013441776209, -6.000000000000000000, -12.00000000000000000 ) ) ;
#2952 = ORIENTED_EDGE ( 'NONE', *, *, #172, .F. ) ;
#2953 = EDGE_CURVE ( 'NONE', #184, #272, #2993, .T. ) ;
#2954 = ORIENTED_EDGE ( 'NONE', *, *, #2027, .T. ) ;
#2955 = DIRECTION ( 'NONE',  ( 0.000000000000000000, -1.000000000000000000, 0.000000000000000000 ) ) ;
#2956 = EDGE_CURVE ( 'NONE', #321, #1312, #3157, .T. ) ;
#2957 = B_SPLINE_CURVE_WITH_KNOTS ( 'NONE', 3,
 ( #3191, #837, #1891, #1394, #2001, #118 ),
 .UNSPECIFIED., .F., .F.,
 ( 4, 2, 4 ),
 ( 0.003070718620035555076, 0.003400910355984593410, 0.003731102091933631744 ),
 .UNSPECIFIED. ) ;
#2958 = DIRECTION ( 'NONE',  ( -0.000000000000000000, 1.000000000000000000, 4.003208021484940511E-16 ) ) ;
#2959 = DIRECTION ( 'NONE',  ( 1.000000000000000000, 0.000000000000000000, 0.000000000000000000 ) ) ;
#2960 = ORIENTED_EDGE ( 'NONE', *, *, #2403, .F. ) ;
#2961 = CARTESIAN_POINT ( 'NONE',  ( 8.616843969807048254, -6.000000000000000000, 0.000000000000000000 ) ) ;
#2962 = VERTEX_POINT ( 'NONE', #1639 ) ;
#2963 = CARTESIAN_POINT ( 'NONE',  ( 16.00000000000000000, -4.000000000000000000, -12.00000000000000000 ) ) ;
#2964 = CIRCLE ( 'NONE', #1004, 0.6250000000000002220 ) ;
#2965 = LINE ( 'NONE', #1680, #957 ) ;
#2966 = ORIENTED_EDGE ( 'NONE', *, *, #725, .T. ) ;
#2967 = CARTESIAN_POINT ( 'NONE',  ( -13.40000000000000036, -4.000000000000000000, -9.499999999999998224 ) ) ;
#2968 = EDGE_LOOP ( 'NONE', ( #1970, #551, #3342, #2011 ) ) ;
#2969 = VECTOR ( 'NONE', #3064, 1000.000000000000000 ) ;
#2970 =( LENGTH_UNIT ( ) NAMED_UNIT ( * ) SI_UNIT ( .MILLI., .METRE. ) );
#2971 = EDGE_LOOP ( 'NONE', ( #375, #2555 ) ) ;
#2972 = DIRECTION ( 'NONE',  ( -1.000000000000000000, 0.000000000000000000, 0.000000000000000000 ) ) ;
#2973 = VECTOR ( 'NONE', #3053, 1000.000000000000000 ) ;
#2974 = FACE_OUTER_BOUND ( 'NONE', #416, .T. ) ;
#2975 = EDGE_CURVE ( 'NONE', #2559, #2384, #926, .T. ) ;
#2976 = EDGE_CURVE ( 'NONE', #2096, #181, #2418, .T. ) ;
#2977 = CARTESIAN_POINT ( 'NONE',  ( -12.60000000000000142, -6.000000000000000000, -9.500000000000000000 ) ) ;
#2978 = CARTESIAN_POINT ( 'NONE',  ( -13.40000000000000036, 4.000000000000003553, -11.97760418287103157 ) ) ;
#2979 = DIRECTION ( 'NONE',  ( 1.000000000000000000, 0.000000000000000000, 0.000000000000000000 ) ) ;
#2980 = VECTOR ( 'NONE', #3349, 1000.000000000000000 ) ;
#2981 = ORIENTED_EDGE ( 'NONE', *, *, #2094, .T. ) ;
#2982 = DIRECTION ( 'NONE',  ( 1.000000000000000000, 0.000000000000000000, 0.000000000000000000 ) ) ;
#2983 = AXIS2_PLACEMENT_3D ( 'NONE', #2598, #348, #2376 ) ;
#2984 = FACE_OUTER_BOUND ( 'NONE', #602, .T. ) ;
#2985 = DIRECTION ( 'NONE',  ( 0.000000000000000000, 0.000000000000000000, 1.000000000000000000 ) ) ;
#2986 = ORIENTED_EDGE ( 'NONE', *, *, #1162, .T. ) ;
#2987 = APPLICATION_PROTOCOL_DEFINITION ( 'draft international standard', 'automotive_design', 1998, #1763 ) ;
#2988 = ADVANCED_FACE ( 'NONE', ( #668 ), #1379, .T. ) ;
#2989 = VECTOR ( 'NONE', #3250, 1000.000000000000000 ) ;
#2990 = DIRECTION ( 'NONE',  ( -1.000000000000000000, 0.000000000000000000, 0.000000000000000000 ) ) ;
#2991 = CIRCLE ( 'NONE', #1519, 1.225000000000000311 ) ;
#2992 = ORIENTED_EDGE ( 'NONE', *, *, #2158, .F. ) ;
#2993 = LINE ( 'NONE', #846, #512 ) ;
#2994 = AXIS2_PLACEMENT_3D ( 'NONE', #1990, #3016, #688 ) ;
#2995 = ORIENTED_EDGE ( 'NONE', *, *, #1751, .T. ) ;
#2996 = DIRECTION ( 'NONE',  ( 0.000000000000000000, 5.337610695313252371E-16, -1.000000000000000000 ) ) ;
#2997 = EDGE_CURVE ( 'NONE', #690, #6, #2354, .T. ) ;
#2998 = EDGE_LOOP ( 'NONE', ( #595, #1612, #2591, #3004, #589, #1183 ) ) ;
#2999 = CARTESIAN_POINT ( 'NONE',  ( 11.00000000000000000, 8.000000000000000000, 1.000000000000000000 ) ) ;
#3000 = EDGE_CURVE ( 'NONE', #2364, #2384, #2223, .T. ) ;
#3001 = ORIENTED_EDGE ( 'NONE', *, *, #914, .T. ) ;
#3002 = CYLINDRICAL_SURFACE ( 'NONE', #2275, 2.000000000000000000 ) ;
#3003 = DIRECTION ( 'NONE',  ( 0.000000000000000000, -0.000000000000000000, -1.000000000000000000 ) ) ;
#3004 = ORIENTED_EDGE ( 'NONE', *, *, #2484, .T. ) ;
#3005 = LINE ( 'NONE', #1453, #757 ) ;
#3006 = DIRECTION ( 'NONE',  ( 0.000000000000000000, -0.000000000000000000, -1.000000000000000000 ) ) ;
#3007 = CARTESIAN_POINT ( 'NONE',  ( 12.95007110921652860, -4.375007624462537770, -12.48412646054509878 ) ) ;
#3008 = DIRECTION ( 'NONE',  ( 0.000000000000000000, 0.000000000000000000, 1.000000000000000000 ) ) ;
#3009 = DIRECTION ( 'NONE',  ( -0.000000000000000000, -0.000000000000000000, -1.000000000000000000 ) ) ;
#3010 = ORIENTED_EDGE ( 'NONE', *, *, #3183, .T. ) ;
#3011 = LINE ( 'NONE', #684, #3099 ) ;
#3012 = EDGE_CURVE ( 'NONE', #6, #1048, #2697, .T. ) ;
#3013 = ORIENTED_EDGE ( 'NONE', *, *, #2654, .T. ) ;
#3014 = EDGE_CURVE ( 'NONE', #1663, #2100, #876, .T. ) ;
#3015 = DIRECTION ( 'NONE',  ( 1.000000000000000000, 0.000000000000000000, 0.000000000000000000 ) ) ;
#3016 = DIRECTION ( 'NONE',  ( -0.000000000000000000, -0.000000000000000000, 1.000000000000000000 ) ) ;
#3017 = ORIENTED_EDGE ( 'NONE', *, *, #2657, .F. ) ;
#3018 = CARTESIAN_POINT ( 'NONE',  ( -13.00000000000000178, 5.000000000000000000, -11.50000000000000000 ) ) ;
#3019 = AXIS2_PLACEMENT_3D ( 'NONE', #3207, #1926, #1523 ) ;
#3020 = CARTESIAN_POINT ( 'NONE',  ( -12.59999999999999964, -4.395330668877577729, -11.55532799094735985 ) ) ;
#3021 = DIRECTION ( 'NONE',  ( -1.000000000000000000, 0.000000000000000000, 0.000000000000000000 ) ) ;
#3022 = DIRECTION ( 'NONE',  ( 1.000000000000000000, 0.000000000000000000, 0.000000000000000000 ) ) ;
#3023 = CIRCLE ( 'NONE', #338, 0.6249999999999996669 ) ;
#3024 = ORIENTED_EDGE ( 'NONE', *, *, #580, .F. ) ;
#3025 = B_SPLINE_CURVE_WITH_KNOTS ( 'NONE', 3,
 ( #939, #1203, #677, #694 ),
 .UNSPECIFIED., .F., .F.,
 ( 4, 4 ),
 ( 0.000000000000000000, 0.0003083328212629406033 ),
 .UNSPECIFIED. ) ;
#3026 = FACE_OUTER_BOUND ( 'NONE', #2968, .T. ) ;
#3027 = CARTESIAN_POINT ( 'NONE',  ( -12.29245141509575490, -4.000000000000000000, -12.00000000000000000 ) ) ;
#3028 = CARTESIAN_POINT ( 'NONE',  ( -12.60000000000000142, 4.395330668878159486, -11.50000000000150457 ) ) ;
#3029 = CYLINDRICAL_SURFACE ( 'NONE', #2467, 0.6250000000000002220 ) ;
#3030 = AXIS2_PLACEMENT_3D ( 'NONE', #2673, #3223, #618 ) ;
#3031 = ORIENTED_EDGE ( 'NONE', *, *, #248, .F. ) ;
#3032 = VECTOR ( 'NONE', #2698, 1000.000000000000000 ) ;
#3033 = CARTESIAN_POINT ( 'NONE',  ( -12.60000000000000142, 4.000000000000000000, -9.499999999999998224 ) ) ;
#3034 = EDGE_CURVE ( 'NONE', #281, #629, #2938, .T. ) ;
#3035 = ORIENTED_EDGE ( 'NONE', *, *, #2182, .T. ) ;
#3036 = ORIENTED_EDGE ( 'NONE', *, *, #2953, .T. ) ;
#3037 = CARTESIAN_POINT ( 'NONE',  ( -11.00000000000000000, -6.000000000000000000, 1.000000000000000000 ) ) ;
#3038 = EDGE_CURVE ( 'NONE', #2829, #2902, #1686, .T. ) ;
#3039 = LINE ( 'NONE', #2842, #2465 ) ;
#3040 = VECTOR ( 'NONE', #1352, 1000.000000000000000 ) ;
#3041 = CARTESIAN_POINT ( 'NONE',  ( 3.469446951953614189E-15, -8.673617379884035472E-16, -0.7500000000000000000 ) ) ;
#3042 = EDGE_LOOP ( 'NONE', ( #2281, #2339, #246, #1328 ) ) ;
#3043 = AXIS2_PLACEMENT_3D ( 'NONE', #1013, #1804, #3244 ) ;
#3044 = CARTESIAN_POINT ( 'NONE',  ( -9.165151389911681434, -4.000000000000001776, 4.336808689942017736E-16 ) ) ;
#3045 = CARTESIAN_POINT ( 'NONE',  ( -9.000000000000001776, 5.999999999999999112, 1.000000000000004441 ) ) ;
#3046 = DIRECTION ( 'NONE',  ( 1.000000000000000000, -0.000000000000000000, -0.000000000000000000 ) ) ;
#3047 = CARTESIAN_POINT ( 'NONE',  ( 12.82144462157340747, 4.000000000000003553, -12.00000000000000000 ) ) ;
#3048 = ORIENTED_EDGE ( 'NONE', *, *, #482, .F. ) ;
#3049 = DIRECTION ( 'NONE',  ( -0.000000000000000000, 0.000000000000000000, 1.000000000000000000 ) ) ;
#3050 = ORIENTED_EDGE ( 'NONE', *, *, #1472, .T. ) ;
#3051 = ORIENTED_EDGE ( 'NONE', *, *, #767, .F. ) ;
#3052 = CARTESIAN_POINT ( 'NONE',  ( -1.475000000000000311, 1.806354028742346295E-16, -13.60000000000000142 ) ) ;
#3053 = DIRECTION ( 'NONE',  ( -1.000000000000000000, 0.000000000000000000, 0.000000000000000000 ) ) ;
#3054 = EDGE_CURVE ( 'NONE', #2109, #1802, #2685, .T. ) ;
#3055 = DIRECTION ( 'NONE',  ( -0.000000000000000000, -0.000000000000000000, -1.000000000000000000 ) ) ;
#3056 = DIRECTION ( 'NONE',  ( 1.000000000000000000, 0.000000000000000000, 0.000000000000000000 ) ) ;
#3057 = EDGE_LOOP ( 'NONE', ( #1314, #2402, #849, #1803 ) ) ;
#3058 = CARTESIAN_POINT ( 'NONE',  ( -13.40000000000000036, -6.000000000000000000, -11.97760418287103157 ) ) ;
#3059 = ORIENTED_EDGE ( 'NONE', *, *, #1020, .T. ) ;
#3060 = CARTESIAN_POINT ( 'NONE',  ( -13.40000000000000036, -6.000000000000000000, -11.97760418287103157 ) ) ;
#3061 = EDGE_CURVE ( 'NONE', #2315, #2124, #1913, .T. ) ;
#3062 = VERTEX_POINT ( 'NONE', #1373 ) ;
#3063 = DIRECTION ( 'NONE',  ( 0.000000000000000000, 0.000000000000000000, -1.000000000000000000 ) ) ;
#3064 = DIRECTION ( 'NONE',  ( 0.000000000000000000, 1.000000000000000000, 0.000000000000000000 ) ) ;
#3065 = PLANE ( 'NONE',  #2724 ) ;
#3066 = VECTOR ( 'NONE', #1980, 1000.000000000000000 ) ;
#3067 = ORIENTED_EDGE ( 'NONE', *, *, #2386, .T. ) ;
#3068 = ORIENTED_EDGE ( 'NONE', *, *, #1944, .F. ) ;
#3069 = DIRECTION ( 'NONE',  ( 0.000000000000000000, 1.000000000000000000, 0.000000000000000000 ) ) ;
#3070 = CARTESIAN_POINT ( 'NONE',  ( -14.00000000000000000, 5.999999999999998224, 8.000000000000000000 ) ) ;
#3071 = VECTOR ( 'NONE', #1, 1000.000000000000000 ) ;
#3072 = LINE ( 'NONE', #506, #911 ) ;
#3073 = EDGE_LOOP ( 'NONE', ( #974, #1536, #3067, #75, #738, #2157, #669, #2844, #1167, #2469, #2125, #1553, #2049, #263, #3024, #2867, #2646, #970 ) ) ;
#3074 = ADVANCED_FACE ( 'NONE', ( #1155 ), #1967, .T. ) ;
#3075 = EDGE_CURVE ( 'NONE', #527, #3232, #2510, .T. ) ;
#3076 = FACE_BOUND ( 'NONE', #3087, .T. ) ;
#3077 = DIRECTION ( 'NONE',  ( -0.000000000000000000, -1.000000000000000000, -0.000000000000000000 ) ) ;
#3078 = CARTESIAN_POINT ( 'NONE',  ( 14.12500000000000178, 5.000000000000000000, -12.00000000000000000 ) ) ;
#3079 = CARTESIAN_POINT ( 'NONE',  ( 12.94230485473648784, 4.374989958663631384, -12.09683330445583671 ) ) ;
#3080 = AXIS2_PLACEMENT_3D ( 'NONE', #445, #1689, #1139 ) ;
#3081 = VERTEX_POINT ( 'NONE', #1954 ) ;
#3082 = AXIS2_PLACEMENT_3D ( 'NONE', #3269, #1984, #3280 ) ;
#3083 = CARTESIAN_POINT ( 'NONE',  ( 0.000000000000000000, 0.000000000000000000, -0.7500000000000006661 ) ) ;
#3084 = CARTESIAN_POINT ( 'NONE',  ( 13.21671062408221431, 4.410979047675014364, -12.06013317164535081 ) ) ;
#3085 = VECTOR ( 'NONE', #77, 1000.000000000000000 ) ;
#3086 = AXIS2_PLACEMENT_3D ( 'NONE', #2903, #1560, #1059 ) ;
#3087 = EDGE_LOOP ( 'NONE', ( #1521, #867 ) ) ;
#3088 = ORIENTED_EDGE ( 'NONE', *, *, #2276, .F. ) ;
#3089 = ORIENTED_EDGE ( 'NONE', *, *, #3100, .F. ) ;
#3090 = CARTESIAN_POINT ( 'NONE',  ( 12.37500000000000000, -5.000000000000000000, -12.50000000000000000 ) ) ;
#3091 = PLANE ( 'NONE',  #1627 ) ;
#3092 = ORIENTED_EDGE ( 'NONE', *, *, #1690, .T. ) ;
#3093 = CARTESIAN_POINT ( 'NONE',  ( 9.165151389911681434, -4.000000000000001776, 0.000000000000000000 ) ) ;
#3094 = CARTESIAN_POINT ( 'NONE',  ( -12.29245141509575134, 4.000000000000003553, -12.00000000000000000 ) ) ;
#3095 = ADVANCED_FACE ( 'NONE', ( #1388 ), #655, .F. ) ;
#3096 = ORIENTED_EDGE ( 'NONE', *, *, #1125, .F. ) ;
#3097 = CIRCLE ( 'NONE', #922, 0.7249999999999999778 ) ;
#3098 = CARTESIAN_POINT ( 'NONE',  ( 14.00000000000000000, 0.000000000000000000, 8.000000000000000000 ) ) ;
#3099 = VECTOR ( 'NONE', #449, 1000.000000000000000 ) ;
#3100 = EDGE_CURVE ( 'NONE', #2168, #1505, #631, .T. ) ;
#3101 = LINE ( 'NONE', #768, #2055 ) ;
#3102 = DIRECTION ( 'NONE',  ( 0.000000000000000000, 0.000000000000000000, -1.000000000000000000 ) ) ;
#3103 = VERTEX_POINT ( 'NONE', #1414 ) ;
#3104 = ORIENTED_EDGE ( 'NONE', *, *, #1419, .T. ) ;
#3105 = CARTESIAN_POINT ( 'NONE',  ( 13.99999999999999822, 3.999999999999998224, 8.000000000000000000 ) ) ;
#3106 = VERTEX_POINT ( 'NONE', #1754 ) ;
#3107 = VERTEX_POINT ( 'NONE', #2237 ) ;
#3108 = CARTESIAN_POINT ( 'NONE',  ( 10.99999999999999822, 11.00000000000000000, 1.000000000000000000 ) ) ;
#3109 = LINE ( 'NONE', #777, #1129 ) ;
#3110 = DIRECTION ( 'NONE',  ( -0.000000000000000000, 0.000000000000000000, 1.000000000000000000 ) ) ;
#3111 = CARTESIAN_POINT ( 'NONE',  ( 13.28632677955678787, 4.444444444444446418, -12.50000000000000000 ) ) ;
#3112 = EDGE_LOOP ( 'NONE', ( #1600, #2981, #611, #105, #1681, #2084, #2831, #827, #2578, #1531, #3092, #950, #2552, #518, #2703, #2245, #24, #1542, #772, #61, #20, #975, #332, #2742, #1411, #513, #3275 ) ) ;
#3113 = EDGE_CURVE ( 'NONE', #1407, #1615, #1319, .T. ) ;
#3114 = DIRECTION ( 'NONE',  ( 1.000000000000000000, 0.000000000000000000, 0.000000000000000000 ) ) ;
#3115 = CARTESIAN_POINT ( 'NONE',  ( 13.19547584115699657, 4.404281910398379907, -12.49521009249059844 ) ) ;
#3116 = EDGE_CURVE ( 'NONE', #2838, #1383, #423, .T. ) ;
#3117 = EDGE_CURVE ( 'NONE', #2309, #1893, #713, .T. ) ;
#3118 = CARTESIAN_POINT ( 'NONE',  ( 0.000000000000000000, 3.999999999999998224, 1.625000000000003331 ) ) ;
#3119 = VERTEX_POINT ( 'NONE', #1702 ) ;
#3120 = CARTESIAN_POINT ( 'NONE',  ( 12.48461179679793887, 6.000000000000005329, -12.00000000000000000 ) ) ;
#3121 = ORIENTED_EDGE ( 'NONE', *, *, #2525, .T. ) ;
#3122 = AXIS2_PLACEMENT_3D ( 'NONE', #812, #2635, #1356 ) ;
#3123 = ORIENTED_EDGE ( 'NONE', *, *, #3184, .F. ) ;
#3124 = CARTESIAN_POINT ( 'NONE',  ( 14.50000000000000355, -5.000000000000000000, -12.00000000000000178 ) ) ;
#3125 = ORIENTED_EDGE ( 'NONE', *, *, #1399, .T. ) ;
#3126 = CARTESIAN_POINT ( 'NONE',  ( -13.99999999999999822, -5.000000000000000000, 6.500000000000000888 ) ) ;
#3127 = DIRECTION ( 'NONE',  ( 0.000000000000000000, -0.000000000000000000, -1.000000000000000000 ) ) ;
#3128 = DIRECTION ( 'NONE',  ( 1.000000000000000000, 0.000000000000000000, -0.000000000000000000 ) ) ;
#3129 = CARTESIAN_POINT ( 'NONE',  ( -13.40000000000000036, -4.395330668877608815, -11.50000000000000000 ) ) ;
#3130 = DIRECTION ( 'NONE',  ( 0.4581228472908541183, -0.8888888888888873963, 0.000000000000000000 ) ) ;
#3131 = EDGE_LOOP ( 'NONE', ( #132, #3353, #2778, #2387, #3176, #1805, #2144, #2937, #1344, #330, #2111, #3239, #1957, #2966, #2075, #1580, #1820, #2230, #3035, #1076, #1354, #2639, #1837, #252 ) ) ;
#3132 = AXIS2_PLACEMENT_3D ( 'NONE', #2726, #1418, #918 ) ;
#3133 = CARTESIAN_POINT ( 'NONE',  ( -14.00000000000000000, -6.000000000000000000, 6.000000000000000000 ) ) ;
#3134 = CARTESIAN_POINT ( 'NONE',  ( 0.000000000000000000, 8.000000000000000000, 1.000000000000000000 ) ) ;
#3135 = AXIS2_PLACEMENT_3D ( 'NONE', #268, #2588, #1307 ) ;
#3136 = FACE_OUTER_BOUND ( 'NONE', #2300, .T. ) ;
#3137 = CARTESIAN_POINT ( 'NONE',  ( 13.28632677955618568, 5.555555555555863556, -12.50000000000000000 ) ) ;
#3138 = EDGE_CURVE ( 'NONE', #638, #1493, #2878, .T. ) ;
#3139 = EDGE_LOOP ( 'NONE', ( #811, #532, #2631, #1463 ) ) ;
#3140 = AXIS2_PLACEMENT_3D ( 'NONE', #1413, #1641, #1375 ) ;
#3141 = FACE_BOUND ( 'NONE', #446, .T. ) ;
#3142 = DIRECTION ( 'NONE',  ( 0.000000000000000000, 0.000000000000000000, 1.000000000000000000 ) ) ;
#3143 = EDGE_CURVE ( 'NONE', #2689, #2100, #679, .T. ) ;
#3144 = ORIENTED_EDGE ( 'NONE', *, *, #1492, .T. ) ;
#3145 = CARTESIAN_POINT ( 'NONE',  ( 16.00000000000000000, 3.999999999999998224, 1.000000000000002442 ) ) ;
#3146 = CARTESIAN_POINT ( 'NONE',  ( 16.00000000000000000, 6.000000000000005329, -11.99999999999999645 ) ) ;
#3147 = DIRECTION ( 'NONE',  ( -1.000000000000000000, -0.000000000000000000, -0.000000000000000000 ) ) ;
#3148 = CARTESIAN_POINT ( 'NONE',  ( 12.37500000000000000, 5.000000000000000000, -12.50000000000000000 ) ) ;
#3149 = CARTESIAN_POINT ( 'NONE',  ( 8.755364635274988316, 3.999999999999998224, 1.000000000000000000 ) ) ;
#3150 = VERTEX_POINT ( 'NONE', #1054 ) ;
#3151 =( BOUNDED_SURFACE ( )  B_SPLINE_SURFACE ( 3, 2, ( 
 ( #1839, #2611, #3120 ),
 ( #786, #67, #274 ),
 ( #2645, #535, #1093 ),
 ( #1037, #552, #2629 ),
 ( #50, #2660, #520 ),
 ( #2114, #1294, #2332 ),
 ( #2085, #293, #312 ),
 ( #2830, #1313, #7 ),
 ( #773, #1334, #1822 ),
 ( #3137, #2845, #2353 ) ),
 .UNSPECIFIED., .F., .F., .F. ) 
 B_SPLINE_SURFACE_WITH_KNOTS ( ( 4, 2, 2, 2, 4 ),
 ( 3, 3 ),
 ( 0.0009762313280153366111, 0.001244594175610544678, 0.001512957023205752528, 0.001781319870800960594, 0.002049682718396168661 ),
 ( 0.000000000000000000, 1.000000000000000000 ),
 .UNSPECIFIED. ) 
 GEOMETRIC_REPRESENTATION_ITEM ( )  RATIONAL_B_SPLINE_SURFACE ( (
 ( 1.000000000000000000, 0.7071067811865939801, 1.000000000000000000),
 ( 1.000000000000000000, 0.7326832777473715197, 1.000000000000000000),
 ( 1.000000000000000000, 0.7541354686265522300, 1.000000000000000000),
 ( 1.000000000000000000, 0.7830305961667232140, 1.000000000000000000),
 ( 1.000000000000000000, 0.7905597741719562199, 1.000000000000000000),
 ( 1.000000000000000000, 0.7905790374414142230, 1.000000000000000000),
 ( 1.000000000000000000, 0.7829511399771026392, 1.000000000000000000),
 ( 1.000000000000000000, 0.7542579395999881031, 1.000000000000000000),
 ( 1.000000000000000000, 0.7328473795399234048, 1.000000000000000000),
 ( 1.000000000000000000, 0.7071067811868938513, 1.000000000000000000) ) ) 
 REPRESENTATION_ITEM ( '' )  SURFACE ( )  );
#3152 = DIRECTION ( 'NONE',  ( -1.000000000000000000, 0.000000000000000000, 0.000000000000000000 ) ) ;
#3153 = CIRCLE ( 'NONE', #2192, 0.5000000000000004441 ) ;
#3154 = CIRCLE ( 'NONE', #2134, 1.800000000000000044 ) ;
#3155 = CARTESIAN_POINT ( 'NONE',  ( -12.60000000000000142, -6.000000000000000000, -6.587956044287794910 ) ) ;
#3156 = CARTESIAN_POINT ( 'NONE',  ( 13.28632677955678432, -5.555555555555555358, -12.50000000000000000 ) ) ;
#3157 = CIRCLE ( 'NONE', #2247, 0.6250000000000002220 ) ;
#3158 = ORIENTED_EDGE ( 'NONE', *, *, #188, .F. ) ;
#3159 = DIRECTION ( 'NONE',  ( 1.000000000000000000, 0.000000000000000000, 0.000000000000000000 ) ) ;
#3160 = ORIENTED_EDGE ( 'NONE', *, *, #2181, .F. ) ;
#3161 = ORIENTED_EDGE ( 'NONE', *, *, #320, .T. ) ;
#3162 = CARTESIAN_POINT ( 'NONE',  ( 0.000000000000000000, 0.000000000000000000, -14.00000000000000000 ) ) ;
#3163 = EDGE_CURVE ( 'NONE', #2734, #1992, #2293, .T. ) ;
#3164 = DIRECTION ( 'NONE',  ( 0.000000000000000000, 4.336808689942017736E-16, -1.000000000000000000 ) ) ;
#3165 = DIRECTION ( 'NONE',  ( -0.000000000000000000, 0.000000000000000000, -1.000000000000000000 ) ) ;
#3166 = CARTESIAN_POINT ( 'NONE',  ( -13.39999999999999680, 5.687404266307622080, -11.76073641107277545 ) ) ;
#3167 = ORIENTED_EDGE ( 'NONE', *, *, #188, .T. ) ;
#3168 = EDGE_CURVE ( 'NONE', #2614, #72, #1239, .T. ) ;
#3169 = DIRECTION ( 'NONE',  ( -1.000000000000000000, -0.000000000000000000, -0.000000000000000000 ) ) ;
#3170 = ORIENTED_EDGE ( 'NONE', *, *, #1684, .F. ) ;
#3171 = LINE ( 'NONE', #835, #1897 ) ;
#3172 = DIRECTION ( 'NONE',  ( -0.4581228472908575045, 0.8888888888888857309, 0.000000000000000000 ) ) ;
#3173 = CARTESIAN_POINT ( 'NONE',  ( 12.74019614201801609, -5.569225279654623328, -12.03515030620373771 ) ) ;
#3174 = CARTESIAN_POINT ( 'NONE',  ( 16.00000000000000000, -4.000000000000000000, -12.00000000000000000 ) ) ;
#3175 = CARTESIAN_POINT ( 'NONE',  ( 9.375000000000001776, 5.999999999999999112, 0.5000000000000043299 ) ) ;
#3176 = ORIENTED_EDGE ( 'NONE', *, *, #1528, .T. ) ;
#3177 = DIRECTION ( 'NONE',  ( 0.000000000000000000, 0.000000000000000000, -1.000000000000000000 ) ) ;
#3178 = DIRECTION ( 'NONE',  ( -0.000000000000000000, -0.000000000000000000, 1.000000000000000000 ) ) ;
#3179 = CARTESIAN_POINT ( 'NONE',  ( 0.000000000000000000, 0.000000000000000000, -12.00000000000000000 ) ) ;
#3180 = DIRECTION ( 'NONE',  ( -1.000000000000000000, 0.000000000000000000, 0.000000000000000000 ) ) ;
#3181 = AXIS2_PLACEMENT_3D ( 'NONE', #2051, #746, #1511 ) ;
#3182 = DIRECTION ( 'NONE',  ( 0.000000000000000000, 1.000000000000000000, 4.003208021484940511E-16 ) ) ;
#3183 = EDGE_CURVE ( 'NONE', #256, #2734, #2406, .T. ) ;
#3184 = EDGE_CURVE ( 'NONE', #1199, #1945, #2374, .T. ) ;
#3185 = ORIENTED_EDGE ( 'NONE', *, *, #954, .F. ) ;
#3186 = LINE ( 'NONE', #869, #2923 ) ;
#3187 = CARTESIAN_POINT ( 'NONE',  ( 12.37500000000000000, -5.000000000000000000, -14.00000000000000000 ) ) ;
#3188 = AXIS2_PLACEMENT_3D ( 'NONE', #1963, #419, #2483 ) ;
#3189 = CARTESIAN_POINT ( 'NONE',  ( -9.000000000000000000, 8.000000000000000000, -12.00000000000000000 ) ) ;
#3190 = EDGE_CURVE ( 'NONE', #2064, #1286, #2489, .T. ) ;
#3191 = CARTESIAN_POINT ( 'NONE',  ( -13.40000000000000036, -6.000000000000000000, -11.97760418287103157 ) ) ;
#3192 = DIRECTION ( 'NONE',  ( -0.000000000000000000, 0.000000000000000000, 1.000000000000000000 ) ) ;
#3193 = ORIENTED_EDGE ( 'NONE', *, *, #534, .F. ) ;
#3194 = FACE_OUTER_BOUND ( 'NONE', #2946, .T. ) ;
#3195 = AXIS2_PLACEMENT_3D ( 'NONE', #2159, #1391, #2913 ) ;
#3196 = ORIENTED_EDGE ( 'NONE', *, *, #379, .F. ) ;
#3197 = DIRECTION ( 'NONE',  ( 0.000000000000000000, 0.000000000000000000, 1.000000000000000000 ) ) ;
#3198 = ADVANCED_FACE ( 'NONE', ( #2264 ), #1310, .F. ) ;
#3199 = CARTESIAN_POINT ( 'NONE',  ( -14.00000000000000000, 5.999999999999995559, 6.000000000000000000 ) ) ;
#3200 = DIRECTION ( 'NONE',  ( 0.000000000000000000, 0.000000000000000000, 1.000000000000000000 ) ) ;
#3201 = AXIS2_PLACEMENT_3D ( 'NONE', #1190, #1206, #2713 ) ;
#3202 = CARTESIAN_POINT ( 'NONE',  ( -13.40000000000000036, 4.203861569671205167, -11.88598328173580398 ) ) ;
#3203 = PLANE ( 'NONE',  #3080 ) ;
#3204 = ORIENTED_EDGE ( 'NONE', *, *, #341, .T. ) ;
#3205 = FACE_OUTER_BOUND ( 'NONE', #2587, .T. ) ;
#3206 = EDGE_CURVE ( 'NONE', #1253, #1964, #1972, .T. ) ;
#3207 = CARTESIAN_POINT ( 'NONE',  ( 0.000000000000000000, 0.000000000000000000, 1.000000000000000000 ) ) ;
#3208 = FACE_OUTER_BOUND ( 'NONE', #2199, .T. ) ;
#3209 = ORIENTED_EDGE ( 'NONE', *, *, #354, .T. ) ;
#3210 = CARTESIAN_POINT ( 'NONE',  ( 13.05791819015111344, -5.624989939143400619, -12.09681584590152958 ) ) ;
#3211 = EDGE_CURVE ( 'NONE', #429, #480, #2195, .T. ) ;
#3212 = CIRCLE ( 'NONE', #2511, 1.075000000000000400 ) ;
#3213 = DIRECTION ( 'NONE',  ( -0.000000000000000000, 0.000000000000000000, 1.000000000000000000 ) ) ;
#3214 = VECTOR ( 'NONE', #3277, 1000.000000000000000 ) ;
#3215 = EDGE_LOOP ( 'NONE', ( #2663, #2268, #2612, #1108, #1738, #1130, #916, #3209, #2630, #3089, #1402, #2210, #3010, #2373, #3305 ) ) ;
#3216 = LINE ( 'NONE', #860, #1315 ) ;
#3217 = FACE_OUTER_BOUND ( 'NONE', #431, .T. ) ;
#3218 = DIRECTION ( 'NONE',  ( 1.000000000000000000, 0.000000000000000000, 0.000000000000000000 ) ) ;
#3219 = DIRECTION ( 'NONE',  ( 1.000000000000000000, 0.000000000000000000, 0.000000000000000000 ) ) ;
#3220 = ORIENTED_EDGE ( 'NONE', *, *, #559, .T. ) ;
#3221 = DIRECTION ( 'NONE',  ( 0.000000000000000000, 1.000000000000000000, 4.003208021484940511E-16 ) ) ;
#3222 = ORIENTED_EDGE ( 'NONE', *, *, #744, .T. ) ;
#3223 = DIRECTION ( 'NONE',  ( 0.000000000000000000, -0.000000000000000000, -1.000000000000000000 ) ) ;
#3224 = ORIENTED_EDGE ( 'NONE', *, *, #3246, .F. ) ;
#3225 = LINE ( 'NONE', #1722, #117 ) ;
#3226 = ORIENTED_EDGE ( 'NONE', *, *, #686, .T. ) ;
#3227 = EDGE_CURVE ( 'NONE', #737, #1011, #3296, .T. ) ;
#3228 = CARTESIAN_POINT ( 'NONE',  ( 12.95026217503960098, -5.625007609860102065, -12.48411938279328837 ) ) ;
#3229 = SURFACE_SIDE_STYLE ('',( #878 ) ) ;
#3230 = EDGE_CURVE ( 'NONE', #1060, #2329, #2082, .T. ) ;
#3231 = CARTESIAN_POINT ( 'NONE',  ( -11.77500000000000036, -5.000000000000000000, -12.00000000000000000 ) ) ;
#3232 = VERTEX_POINT ( 'NONE', #1819 ) ;
#3233 = DIRECTION ( 'NONE',  ( 1.000000000000000000, -2.392722035830078873E-15, 0.000000000000000000 ) ) ;
#3234 = EDGE_CURVE ( 'NONE', #3106, #1852, #3039, .T. ) ;
#3235 = LINE ( 'NONE', #899, #546 ) ;
#3236 = VERTEX_POINT ( 'NONE', #3174 ) ;
#3237 = DIRECTION ( 'NONE',  ( 0.000000000000000000, 0.000000000000000000, -1.000000000000000000 ) ) ;
#3238 = CARTESIAN_POINT ( 'NONE',  ( 16.00000000000000000, -6.000000000000000000, -12.00000000000000000 ) ) ;
#3239 = ORIENTED_EDGE ( 'NONE', *, *, #2426, .T. ) ;
#3240 = VECTOR ( 'NONE', #3281, 1000.000000000000000 ) ;
#3241 = PRODUCT_RELATED_PRODUCT_CATEGORY ( 'part', '', ( #660 ) ) ;
#3242 = ORIENTED_EDGE ( 'NONE', *, *, #346, .T. ) ;
#3243 = CARTESIAN_POINT ( 'NONE',  ( 0.000000000000000000, 0.000000000000000000, 0.000000000000000000 ) ) ;
#3244 = DIRECTION ( 'NONE',  ( 1.000000000000000000, 0.000000000000000000, 0.000000000000000000 ) ) ;
#3245 = ORIENTED_EDGE ( 'NONE', *, *, #2953, .F. ) ;
#3246 = EDGE_CURVE ( 'NONE', #1599, #1893, #459, .T. ) ;
#3247 = DIRECTION ( 'NONE',  ( 0.000000000000000000, 1.334402673828313093E-16, -1.000000000000000000 ) ) ;
#3248 = AXIS2_PLACEMENT_3D ( 'NONE', #392, #971, #990 ) ;
#3249 = CARTESIAN_POINT ( 'NONE',  ( 13.19509031831553258, -4.404182472614857069, -12.49517745979676953 ) ) ;
#3250 = DIRECTION ( 'NONE',  ( -0.000000000000000000, -0.000000000000000000, 1.000000000000000000 ) ) ;
#3251 = VERTEX_POINT ( 'NONE', #2862 ) ;
#3252 = ADVANCED_FACE ( 'NONE', ( #1648 ), #2165, .F. ) ;
#3253 = CARTESIAN_POINT ( 'NONE',  ( 9.165151389911681434, -4.000000000000001776, 0.5000000000000002220 ) ) ;
#3254 = VERTEX_POINT ( 'NONE', #550 ) ;
#3255 = AXIS2_PLACEMENT_3D ( 'NONE', #279, #1877, #10 ) ;
#3256 = ORIENTED_EDGE ( 'NONE', *, *, #1320, .T. ) ;
#3257 = CARTESIAN_POINT ( 'NONE',  ( 3.469446951953614189E-15, -8.673617379884035472E-16, 0.000000000000000000 ) ) ;
#3258 = VECTOR ( 'NONE', #412, 1000.000000000000000 ) ;
#3259 = ORIENTED_EDGE ( 'NONE', *, *, #626, .F. ) ;
#3260 = DIRECTION ( 'NONE',  ( 0.000000000000000000, 0.000000000000000000, -1.000000000000000000 ) ) ;
#3261 = TOROIDAL_SURFACE ( 'NONE', #2766, 1.125000000000000666, 0.5000000000000000000 ) ;
#3262 = DIRECTION ( 'NONE',  ( 1.000000000000000000, 0.000000000000000000, 0.000000000000000000 ) ) ;
#3263 = DIRECTION ( 'NONE',  ( 1.000000000000000000, -0.000000000000000000, -0.000000000000000000 ) ) ;
#3264 = AXIS2_PLACEMENT_3D ( 'NONE', #2002, #208, #2053 ) ;
#3265 = FACE_BOUND ( 'NONE', #2971, .T. ) ;
#3266 = VERTEX_POINT ( 'NONE', #1857 ) ;
#3267 = AXIS2_PLACEMENT_3D ( 'NONE', #108, #398, #3180 ) ;
#3268 = EDGE_CURVE ( 'NONE', #2902, #2471, #1332, .T. ) ;
#3269 = CARTESIAN_POINT ( 'NONE',  ( -16.00000000000000000, 0.000000000000000000, 0.000000000000000000 ) ) ;
#3270 = CARTESIAN_POINT ( 'NONE',  ( 13.08987200341113066, 4.000000000000003553, -12.00000000000000000 ) ) ;
#3271 = FACE_OUTER_BOUND ( 'NONE', #1887, .T. ) ;
#3272 = ORIENTED_EDGE ( 'NONE', *, *, #593, .T. ) ;
#3273 = EDGE_CURVE ( 'NONE', #1876, #1634, #572, .T. ) ;
#3274 = B_SPLINE_CURVE_WITH_KNOTS ( 'NONE', 3,
 ( #2073, #2291, #2603, #763, #732, #2307 ),
 .UNSPECIFIED., .F., .F.,
 ( 4, 2, 4 ),
 ( 0.003202358969002679513, 0.003532323248886295661, 0.003862287528769911375 ),
 .UNSPECIFIED. ) ;
#3275 = ORIENTED_EDGE ( 'NONE', *, *, #1169, .F. ) ;
#3276 = DIRECTION ( 'NONE',  ( -0.000000000000000000, -0.000000000000000000, -1.000000000000000000 ) ) ;
#3277 = DIRECTION ( 'NONE',  ( -0.000000000000000000, 1.000000000000000000, 0.000000000000000000 ) ) ;
#3278 = DIRECTION ( 'NONE',  ( 1.000000000000000000, 0.000000000000000000, 0.000000000000000000 ) ) ;
#3279 = ORIENTED_EDGE ( 'NONE', *, *, #1695, .T. ) ;
#3280 = DIRECTION ( 'NONE',  ( 0.000000000000000000, 0.000000000000000000, -1.000000000000000000 ) ) ;
#3281 = DIRECTION ( 'NONE',  ( 0.000000000000000000, -1.000000000000000000, 0.000000000000000000 ) ) ;
#3282 = CARTESIAN_POINT ( 'NONE',  ( 9.708243919473803274, -4.000000000000001776, 0.000000000000000000 ) ) ;
#3283 = CARTESIAN_POINT ( 'NONE',  ( -16.00000000000000000, -6.000000000000000000, -12.00000000000000000 ) ) ;
#3284 = EDGE_CURVE ( 'NONE', #2005, #2829, #1109, .T. ) ;
#3285 = DIRECTION ( 'NONE',  ( 1.000000000000000000, -8.673617379884058152E-16, 0.000000000000000000 ) ) ;
#3286 = ADVANCED_FACE ( 'NONE', ( #1836 ), #21, .T. ) ;
#3287 = ORIENTED_EDGE ( 'NONE', *, *, #2178, .F. ) ;
#3288 = AXIS2_PLACEMENT_3D ( 'NONE', #517, #1535, #2625 ) ;
#3289 = CARTESIAN_POINT ( 'NONE',  ( -11.00000000000000000, 8.000000000000000000, 8.000000000000000000 ) ) ;
#3290 = ORIENTED_EDGE ( 'NONE', *, *, #3190, .F. ) ;
#3291 = CIRCLE ( 'NONE', #1070, 2.000000000000000000 ) ;
#3292 = ORIENTED_EDGE ( 'NONE', *, *, #2638, .T. ) ;
#3293 = CARTESIAN_POINT ( 'NONE',  ( 14.50000000000000178, -6.000000000000000000, 1.000000000000005107 ) ) ;
#3294 = CARTESIAN_POINT ( 'NONE',  ( -12.60000000000000142, -6.000000000000000000, -11.97760418287102802 ) ) ;
#3295 = CARTESIAN_POINT ( 'NONE',  ( -13.72500000000000142, -5.000000000000000000, -9.500000000000000000 ) ) ;
#3296 = LINE ( 'NONE', #2015, #2935 ) ;
#3297 = EDGE_CURVE ( 'NONE', #1740, #1048, #504, .T. ) ;
#3298 = CARTESIAN_POINT ( 'NONE',  ( -9.165151389911681434, -4.000000000000001776, 0.5000000000000002220 ) ) ;
#3299 = CARTESIAN_POINT ( 'NONE',  ( 0.000000000000000000, 0.000000000000000000, -12.00000000000000000 ) ) ;
#3300 = ORIENTED_EDGE ( 'NONE', *, *, #2217, .T. ) ;
#3301 = UNCERTAINTY_MEASURE_WITH_UNIT (LENGTH_MEASURE( 1.000000000000000082E-05 ), #2899, 'distance_accuracy_value', 'NONE');
#3302 = DIRECTION ( 'NONE',  ( -0.000000000000000000, -0.000000000000000000, -1.000000000000000000 ) ) ;
#3303 = VERTEX_POINT ( 'NONE', #1382 ) ;
#3304 = CYLINDRICAL_SURFACE ( 'NONE', #1378, 0.6250000000000005551 ) ;
#3305 = ORIENTED_EDGE ( 'NONE', *, *, #1458, .F. ) ;
#3306 = VECTOR ( 'NONE', #1776, 1000.000000000000000 ) ;
#3307 = DIRECTION ( 'NONE',  ( -0.000000000000000000, -0.000000000000000000, -1.000000000000000000 ) ) ;
#3308 = DIRECTION ( 'NONE',  ( 1.000000000000000000, 0.000000000000000000, 0.000000000000000000 ) ) ;
#3309 = ADVANCED_FACE ( 'NONE', ( #104 ), #855, .T. ) ;
#3310 = ORIENTED_EDGE ( 'NONE', *, *, #1140, .F. ) ;
#3311 = ORIENTED_EDGE ( 'NONE', *, *, #1366, .F. ) ;
#3312 = DIRECTION ( 'NONE',  ( 0.000000000000000000, -0.000000000000000000, -1.000000000000000000 ) ) ;
#3313 = AXIS2_PLACEMENT_3D ( 'NONE', #3018, #692, #1506 ) ;
#3314 = CARTESIAN_POINT ( 'NONE',  ( -9.165151389911688540, -4.000000000000001776, 0.6389498474530829197 ) ) ;
#3315 = ORIENTED_EDGE ( 'NONE', *, *, #710, .F. ) ;
#3316 = AXIS2_PLACEMENT_3D ( 'NONE', #3257, #3003, #182 ) ;
#3317 = CARTESIAN_POINT ( 'NONE',  ( -13.00000000000000178, 5.000000000000000000, -11.50000000000000000 ) ) ;
#3318 = CARTESIAN_POINT ( 'NONE',  ( 12.74019614201741746, 4.430774720345452167, -12.03515030620349258 ) ) ;
#3319 = ORIENTED_EDGE ( 'NONE', *, *, #1629, .T. ) ;
#3320 = VERTEX_POINT ( 'NONE', #2677 ) ;
#3321 = DIRECTION ( 'NONE',  ( -1.000000000000000000, -0.000000000000000000, -0.000000000000000000 ) ) ;
#3322 = ORIENTED_EDGE ( 'NONE', *, *, #640, .T. ) ;
#3323 = ADVANCED_FACE ( 'NONE', ( #358 ), #1573, .T. ) ;
#3324 = CARTESIAN_POINT ( 'NONE',  ( 0.000000000000000000, 8.000000000000000000, 1.000000000000000000 ) ) ;
#3325 = ADVANCED_FACE ( 'NONE', ( #1593 ), #2127, .F. ) ;
#3326 = ORIENTED_EDGE ( 'NONE', *, *, #1732, .F. ) ;
#3327 = CARTESIAN_POINT ( 'NONE',  ( -8.891293292640867207, -4.000000000000002665, 0.9528113331694518795 ) ) ;
#3328 = FACE_OUTER_BOUND ( 'NONE', #2998, .T. ) ;
#3329 = ORIENTED_EDGE ( 'NONE', *, *, #1582, .F. ) ;
#3330 = DIRECTION ( 'NONE',  ( -0.000000000000000000, -0.000000000000000000, -1.000000000000000000 ) ) ;
#3331 = DIRECTION ( 'NONE',  ( -1.000000000000000000, 0.000000000000000000, 0.000000000000000000 ) ) ;
#3332 = DIRECTION ( 'NONE',  ( 0.000000000000000000, -1.000000000000000000, 0.000000000000000000 ) ) ;
#3333 = EDGE_LOOP ( 'NONE', ( #2949, #1251, #536, #3123, #1522 ) ) ;
#3334 = CARTESIAN_POINT ( 'NONE',  ( 14.50000000000000355, -6.000011999999999901, -12.00000000000000178 ) ) ;
#3335 = CARTESIAN_POINT ( 'NONE',  ( 13.43679585110094088, 4.000000000000003553, -12.00000000000000000 ) ) ;
#3336 = CARTESIAN_POINT ( 'NONE',  ( 16.00000000000000000, 5.999999999999998224, 1.000000000000004663 ) ) ;
#3337 = AXIS2_PLACEMENT_3D ( 'NONE', #3317, #1001, #2836 ) ;
#3338 = ORIENTED_EDGE ( 'NONE', *, *, #1169, .T. ) ;
#3339 = ORIENTED_EDGE ( 'NONE', *, *, #3347, .T. ) ;
#3340 = DIRECTION ( 'NONE',  ( -0.000000000000000000, -1.000000000000000000, -0.000000000000000000 ) ) ;
#3341 = CARTESIAN_POINT ( 'NONE',  ( 16.00000000000000000, -4.000000000000000000, -12.00000000000000000 ) ) ;
#3342 = ORIENTED_EDGE ( 'NONE', *, *, #1844, .T. ) ;
#3343 = ADVANCED_FACE ( 'NONE', ( #3136 ), #1128, .T. ) ;
#3344 = CIRCLE ( 'NONE', #432, 0.7249999999999999778 ) ;
#3345 = DIRECTION ( 'NONE',  ( 0.000000000000000000, -1.000000000000000000, 0.000000000000000000 ) ) ;
#3346 = EDGE_LOOP ( 'NONE', ( #1701, #2420, #489, #297, #2754, #764, #1439, #2834, #1367, #74, #417 ) ) ;
#3347 = EDGE_CURVE ( 'NONE', #1533, #2324, #822, .T. ) ;
#3348 = DIRECTION ( 'NONE',  ( 0.000000000000000000, 1.000000000000000000, 4.003208021484940511E-16 ) ) ;
#3349 = DIRECTION ( 'NONE',  ( -1.000000000000000000, -0.000000000000000000, -0.000000000000000000 ) ) ;
#3350 = CARTESIAN_POINT ( 'NONE',  ( 0.000000000000000000, 0.000000000000000000, -12.00000000000000000 ) ) ;
#3351 = DIRECTION ( 'NONE',  ( -0.000000000000000000, -0.000000000000000000, -1.000000000000000000 ) ) ;
#3352 = AXIS2_PLACEMENT_3D ( 'NONE', #262, #1282, #3142 ) ;
#3353 = ORIENTED_EDGE ( 'NONE', *, *, #2542, .F. ) ;
#3354 = VECTOR ( 'NONE', #1636, 1000.000000000000000 ) ;
ENDSEC;
END-ISO-10303-21;
