ISO-10303-21;
HEADER;
FILE_DESCRIPTION (( 'STEP AP214' ),
    '1' );
FILE_NAME ('P001-B101_RearEnclosure_Rev2D-2.STEP',
    '2026-05-06T17:39:39',
    ( '' ),
    ( '' ),
    'SwSTEP 2.0',
    'SolidWorks 2026',
    '' );
FILE_SCHEMA (( 'AUTOMOTIVE_DESIGN' ));
ENDSEC;

DATA;
#1 = FACE_OUTER_BOUND ( 'NONE', #1848, .T. ) ;
#2 = DIRECTION ( 'NONE',  ( 0.000000000000000000, 0.000000000000000000, 1.000000000000000000 ) ) ;
#3 = ORIENTED_EDGE ( 'NONE', *, *, #54, .T. ) ;
#4 = DIRECTION ( 'NONE',  ( 1.000000000000000000, 2.140784458307804350E-16, 2.262288689053293121E-16 ) ) ;
#5 = VECTOR ( 'NONE', #1753, 1000.000000000000114 ) ;
#6 = ORIENTED_EDGE ( 'NONE', *, *, #1786, .T. ) ;
#7 = DIRECTION ( 'NONE',  ( 0.000000000000000000, 0.000000000000000000, -1.000000000000000000 ) ) ;
#8 = AXIS2_PLACEMENT_3D ( 'NONE', #591, #647, #916 ) ;
#9 = EDGE_CURVE ( 'NONE', #408, #1569, #306, .T. ) ;
#10 = DIRECTION ( 'NONE',  ( -1.000000000000000000, 0.000000000000000000, 8.673617379884033007E-17 ) ) ;
#11 = VERTEX_POINT ( 'NONE', #27 ) ;
#12 = DIRECTION ( 'NONE',  ( 0.000000000000000000, 0.000000000000000000, -1.000000000000000000 ) ) ;
#13 = AXIS2_PLACEMENT_3D ( 'NONE', #1263, #23, #55 ) ;
#14 = EDGE_LOOP ( 'NONE', ( #769, #844, #653, #1628 ) ) ;
#15 = LINE ( 'NONE', #1087, #454 ) ;
#16 = VERTEX_POINT ( 'NONE', #1248 ) ;
#17 = FACE_OUTER_BOUND ( 'NONE', #1121, .T. ) ;
#18 = DIRECTION ( 'NONE',  ( 0.000000000000000000, 0.000000000000000000, 1.000000000000000000 ) ) ;
#19 = AXIS2_PLACEMENT_3D ( 'NONE', #194, #1102, #948 ) ;
#20 = ORIENTED_EDGE ( 'NONE', *, *, #1741, .F. ) ;
#21 = CARTESIAN_POINT ( 'NONE',  ( 18.70761493398643438, 3.980102097228899218E-16, 26.25000000000000355 ) ) ;
#22 = ORIENTED_EDGE ( 'NONE', *, *, #1101, .F. ) ;
#23 = DIRECTION ( 'NONE',  ( -0.000000000000000000, -0.000000000000000000, 1.000000000000000000 ) ) ;
#24 = ORIENTED_EDGE ( 'NONE', *, *, #318, .T. ) ;
#25 = DIRECTION ( 'NONE',  ( 0.000000000000000000, 1.000000000000000000, 0.000000000000000000 ) ) ;
#26 = DIRECTION ( 'NONE',  ( 0.000000000000000000, -0.000000000000000000, -1.000000000000000000 ) ) ;
#27 = CARTESIAN_POINT ( 'NONE',  ( -11.50000000000000355, 13.50000000000000000, 9.000000000000000000 ) ) ;
#28 = ORIENTED_EDGE ( 'NONE', *, *, #1230, .F. ) ;
#29 = ADVANCED_FACE ( 'NONE', ( #1512, #1103 ), #1574, .F. ) ;
#30 = CARTESIAN_POINT ( 'NONE',  ( -9.050000000000000711, 13.50000000000000000, -5.541526766141772948E-16 ) ) ;
#31 = EDGE_LOOP ( 'NONE', ( #1417, #1762, #1624, #1925 ) ) ;
#32 = DIRECTION ( 'NONE',  ( 1.445602896647339163E-16, 0.000000000000000000, -1.000000000000000000 ) ) ;
#33 = ORIENTED_EDGE ( 'NONE', *, *, #110, .T. ) ;
#34 = CARTESIAN_POINT ( 'NONE',  ( -16.00000000000000711, -13.50000000000000000, 35.00000000000000000 ) ) ;
#35 = PRESENTATION_STYLE_ASSIGNMENT (( #1395 ) ) ;
#36 = AXIS2_PLACEMENT_3D ( 'NONE', #1370, #10, #1218 ) ;
#37 = VERTEX_POINT ( 'NONE', #1028 ) ;
#38 = DIRECTION ( 'NONE',  ( 0.000000000000000000, 1.000000000000000000, -0.000000000000000000 ) ) ;
#39 = VERTEX_POINT ( 'NONE', #1481 ) ;
#40 = VECTOR ( 'NONE', #103, 1000.000000000000000 ) ;
#41 = CIRCLE ( 'NONE', #8, 3.324999999999999734 ) ;
#42 = CARTESIAN_POINT ( 'NONE',  ( 15.99999999999998224, 3.945730022930108185E-15, 22.00000000000001421 ) ) ;
#43 = ORIENTED_EDGE ( 'NONE', *, *, #1726, .F. ) ;
#44 = PLANE ( 'NONE',  #1504 ) ;
#45 = ORIENTED_EDGE ( 'NONE', *, *, #507, .T. ) ;
#46 = LINE ( 'NONE', #992, #1917 ) ;
#47 = LINE ( 'NONE', #521, #383 ) ;
#48 = DIRECTION ( 'NONE',  ( 0.5999999999999995337, 0.000000000000000000, 0.8000000000000003775 ) ) ;
#49 = VERTEX_POINT ( 'NONE', #245 ) ;
#50 = CARTESIAN_POINT ( 'NONE',  ( 15.99999999999998224, 3.832450194008977857E-15, 21.07500000000001350 ) ) ;
#51 = VERTEX_POINT ( 'NONE', #863 ) ;
#52 = AXIS2_PLACEMENT_3D ( 'NONE', #773, #183, #1846 ) ;
#53 = DIRECTION ( 'NONE',  ( -1.000000000000000000, 0.000000000000000000, 0.000000000000000000 ) ) ;
#54 = EDGE_CURVE ( 'NONE', #851, #135, #739, .T. ) ;
#55 = DIRECTION ( 'NONE',  ( -1.000000000000000000, 0.000000000000000000, 0.000000000000000000 ) ) ;
#56 = VERTEX_POINT ( 'NONE', #1759 ) ;
#57 = CARTESIAN_POINT ( 'NONE',  ( -0.9999999999999991118, -7.249999999999999112, 33.00000000000000000 ) ) ;
#58 = CARTESIAN_POINT ( 'NONE',  ( 9.425000000000000711, 6.000000000000000000, -1.030776406404414258 ) ) ;
#59 =( LENGTH_UNIT ( ) NAMED_UNIT ( * ) SI_UNIT ( .MILLI., .METRE. ) );
#60 = VECTOR ( 'NONE', #812, 1000.000000000000000 ) ;
#61 = ORIENTED_EDGE ( 'NONE', *, *, #146, .F. ) ;
#62 = DIRECTION ( 'NONE',  ( 1.000000000000000000, 2.140784458307804350E-16, 2.262288689053293121E-16 ) ) ;
#63 = VECTOR ( 'NONE', #1381, 1000.000000000000000 ) ;
#64 = EDGE_CURVE ( 'NONE', #420, #828, #441, .T. ) ;
#65 = DIRECTION ( 'NONE',  ( 1.000000000000000000, -0.000000000000000000, -0.000000000000000000 ) ) ;
#66 = ORIENTED_EDGE ( 'NONE', *, *, #709, .F. ) ;
#67 = EDGE_CURVE ( 'NONE', #928, #136, #1214, .T. ) ;
#68 = EDGE_LOOP ( 'NONE', ( #1155, #1699, #1708, #631 ) ) ;
#69 = LINE ( 'NONE', #367, #1273 ) ;
#70 = CARTESIAN_POINT ( 'NONE',  ( -11.50000000000000000, 13.50000000000000000, 33.00000000000000000 ) ) ;
#71 = CARTESIAN_POINT ( 'NONE',  ( 13.99999999999999112, -13.50000000000000000, 0.000000000000000000 ) ) ;
#72 = DIRECTION ( 'NONE',  ( -1.000000000000000000, 0.000000000000000000, -0.000000000000000000 ) ) ;
#73 = ORIENTED_EDGE ( 'NONE', *, *, #1253, .T. ) ;
#74 = VECTOR ( 'NONE', #1221, 1000.000000000000000 ) ;
#75 = LINE ( 'NONE', #364, #600 ) ;
#76 = AXIS2_PLACEMENT_3D ( 'NONE', #224, #1879, #1565 ) ;
#77 = EDGE_LOOP ( 'NONE', ( #457, #1461, #1736, #1203 ) ) ;
#78 = AXIS2_PLACEMENT_3D ( 'NONE', #1608, #246, #726 ) ;
#79 = DIRECTION ( 'NONE',  ( -0.000000000000000000, 0.000000000000000000, 1.000000000000000000 ) ) ;
#80 = CARTESIAN_POINT ( 'NONE',  ( -14.00000000000000533, 0.000000000000000000, 23.00000000000000000 ) ) ;
#81 = DIRECTION ( 'NONE',  ( -0.000000000000000000, -0.000000000000000000, -1.000000000000000000 ) ) ;
#82 = DIRECTION ( 'NONE',  ( 0.000000000000000000, -1.000000000000000000, 0.000000000000000000 ) ) ;
#83 = VERTEX_POINT ( 'NONE', #807 ) ;
#84 = DIRECTION ( 'NONE',  ( 1.000000000000000000, 0.000000000000000000, 0.000000000000000000 ) ) ;
#85 = DIRECTION ( 'NONE',  ( 0.000000000000000000, 0.000000000000000000, -1.000000000000000000 ) ) ;
#86 = PLANE ( 'NONE',  #76 ) ;
#87 = ORIENTED_EDGE ( 'NONE', *, *, #1002, .T. ) ;
#88 = ORIENTED_EDGE ( 'NONE', *, *, #1322, .T. ) ;
#89 = DIRECTION ( 'NONE',  ( -0.000000000000000000, 0.000000000000000000, 1.000000000000000000 ) ) ;
#90 = CIRCLE ( 'NONE', #1700, 3.324999999999999734 ) ;
#91 = VECTOR ( 'NONE', #313, 1000.000000000000000 ) ;
#92 = DIRECTION ( 'NONE',  ( 1.156482317317871725E-15, 0.000000000000000000, -1.000000000000000000 ) ) ;
#93 = DIRECTION ( 'NONE',  ( -1.000000000000000000, 0.000000000000000000, 0.000000000000000000 ) ) ;
#94 = EDGE_CURVE ( 'NONE', #928, #851, #334, .T. ) ;
#95 = CARTESIAN_POINT ( 'NONE',  ( 15.99999999999998224, 3.425255133292483411E-15, 14.00000000000001243 ) ) ;
#96 = ADVANCED_FACE ( 'NONE', ( #584, #1205 ), #124, .T. ) ;
#97 = PLANE ( 'NONE',  #730 ) ;
#98 = VECTOR ( 'NONE', #202, 1000.000000000000000 ) ;
#99 = VERTEX_POINT ( 'NONE', #940 ) ;
#100 = DIRECTION ( 'NONE',  ( 1.000000000000000000, -0.000000000000000000, -0.000000000000000000 ) ) ;
#101 = CARTESIAN_POINT ( 'NONE',  ( 11.50000000000000000, -42.21064267133819925, 33.00000000000000000 ) ) ;
#102 = ORIENTED_EDGE ( 'NONE', *, *, #1176, .T. ) ;
#103 = DIRECTION ( 'NONE',  ( -1.000000000000000000, -0.000000000000000000, -0.000000000000000000 ) ) ;
#104 = AXIS2_PLACEMENT_3D ( 'NONE', #191, #1108, #1275 ) ;
#105 = EDGE_CURVE ( 'NONE', #1630, #11, #1386, .T. ) ;
#106 = FACE_OUTER_BOUND ( 'NONE', #981, .T. ) ;
#107 = ORIENTED_EDGE ( 'NONE', *, *, #1953, .F. ) ;
#108 = DIRECTION ( 'NONE',  ( -0.000000000000000000, 0.000000000000000000, 1.000000000000000000 ) ) ;
#109 = LINE ( 'NONE', #713, #201 ) ;
#110 = EDGE_CURVE ( 'NONE', #1603, #1334, #1100, .T. ) ;
#111 = VERTEX_POINT ( 'NONE', #1154 ) ;
#112 = ORIENTED_EDGE ( 'NONE', *, *, #1382, .T. ) ;
#113 = DIRECTION ( 'NONE',  ( 1.000000000000000000, 0.000000000000000000, 0.000000000000000000 ) ) ;
#114 = ORIENTED_EDGE ( 'NONE', *, *, #480, .F. ) ;
#115 = ADVANCED_FACE ( 'NONE', ( #1148 ), #237, .F. ) ;
#116 = ORIENTED_EDGE ( 'NONE', *, *, #908, .T. ) ;
#117 = DIRECTION ( 'NONE',  ( 1.000000000000000000, -0.000000000000000000, -0.000000000000000000 ) ) ;
#118 = ADVANCED_FACE ( 'NONE', ( #657 ), #826, .T. ) ;
#119 = ORIENTED_EDGE ( 'NONE', *, *, #1041, .T. ) ;
#120 = AXIS2_PLACEMENT_3D ( 'NONE', #513, #1711, #1062 ) ;
#121 = DIRECTION ( 'NONE',  ( 0.000000000000000000, -1.000000000000000000, 0.000000000000000000 ) ) ;
#122 = FACE_OUTER_BOUND ( 'NONE', #930, .T. ) ;
#123 = VECTOR ( 'NONE', #982, 1000.000000000000000 ) ;
#124 = PLANE ( 'NONE',  #975 ) ;
#125 = ORIENTED_EDGE ( 'NONE', *, *, #765, .F. ) ;
#126 = CARTESIAN_POINT ( 'NONE',  ( 15.99999999999999289, 13.50000000000000000, 35.00000000000000000 ) ) ;
#127 = PRODUCT_DEFINITION_CONTEXT ( 'detailed design', #1197, 'design' ) ;
#128 = EDGE_CURVE ( 'NONE', #946, #37, #1732, .T. ) ;
#129 = LINE ( 'NONE', #1763, #225 ) ;
#130 = ORIENTED_EDGE ( 'NONE', *, *, #244, .T. ) ;
#131 = CARTESIAN_POINT ( 'NONE',  ( 9.050000000000002487, 13.50000000000000000, 0.000000000000000000 ) ) ;
#132 = DIRECTION ( 'NONE',  ( -1.000000000000000000, -0.000000000000000000, -0.000000000000000000 ) ) ;
#133 = EDGE_CURVE ( 'NONE', #949, #781, #1593, .T. ) ;
#134 = VECTOR ( 'NONE', #1363, 1000.000000000000000 ) ;
#135 = VERTEX_POINT ( 'NONE', #669 ) ;
#136 = VERTEX_POINT ( 'NONE', #1124 ) ;
#137 = CARTESIAN_POINT ( 'NONE',  ( -1.000000000000000000, -6.499999999999998224, 42.28010988928051717 ) ) ;
#138 = VECTOR ( 'NONE', #855, 1000.000000000000114 ) ;
#139 = EDGE_CURVE ( 'NONE', #1260, #11, #1575, .T. ) ;
#140 = DIRECTION ( 'NONE',  ( 0.000000000000000000, 0.000000000000000000, -1.000000000000000000 ) ) ;
#141 = ORIENTED_EDGE ( 'NONE', *, *, #728, .T. ) ;
#142 = CARTESIAN_POINT ( 'NONE',  ( 0.9999999999999991118, -13.25000000000000000, 0.000000000000000000 ) ) ;
#143 = LINE ( 'NONE', #1425, #281 ) ;
#144 = ORIENTED_EDGE ( 'NONE', *, *, #1861, .T. ) ;
#145 = LINE ( 'NONE', #464, #824 ) ;
#146 = EDGE_CURVE ( 'NONE', #1183, #494, #47, .T. ) ;
#147 = CIRCLE ( 'NONE', #748, 2.000000000000000000 ) ;
#148 = CIRCLE ( 'NONE', #240, 2.000000000000000000 ) ;
#149 = CARTESIAN_POINT ( 'NONE',  ( 11.50000000000000000, -6.499999999999999112, 33.00000000000000000 ) ) ;
#150 = VERTEX_POINT ( 'NONE', #1721 ) ;
#151 = CARTESIAN_POINT ( 'NONE',  ( 1.000000000000000888, -6.500000000000000000, 4.999999999999999112 ) ) ;
#152 = FACE_OUTER_BOUND ( 'NONE', #1212, .T. ) ;
#153 = VECTOR ( 'NONE', #48, 1000.000000000000000 ) ;
#154 = ORIENTED_EDGE ( 'NONE', *, *, #468, .T. ) ;
#155 = LINE ( 'NONE', #1818, #157 ) ;
#156 = VECTOR ( 'NONE', #1314, 1000.000000000000000 ) ;
#157 = VECTOR ( 'NONE', #451, 1000.000000000000000 ) ;
#158 = ADVANCED_FACE ( 'NONE', ( #994 ), #687, .F. ) ;
#159 = ORIENTED_EDGE ( 'NONE', *, *, #675, .T. ) ;
#160 = CARTESIAN_POINT ( 'NONE',  ( 12.50000000000000178, 13.50000000000000000, 9.000000000000000000 ) ) ;
#161 = ORIENTED_EDGE ( 'NONE', *, *, #1316, .F. ) ;
#162 = CARTESIAN_POINT ( 'NONE',  ( 11.05000000000000071, 13.50000000000000000, 4.999999999999999112 ) ) ;
#163 = ORIENTED_EDGE ( 'NONE', *, *, #456, .F. ) ;
#164 = LINE ( 'NONE', #298, #212 ) ;
#165 = ORIENTED_EDGE ( 'NONE', *, *, #223, .F. ) ;
#166 = CARTESIAN_POINT ( 'NONE',  ( -9.050000000000000711, 6.500000000000000000, 1.899999999999999245 ) ) ;
#167 = FACE_OUTER_BOUND ( 'NONE', #310, .T. ) ;
#168 = EDGE_LOOP ( 'NONE', ( #1804, #1706, #1650, #1596 ) ) ;
#169 = LINE ( 'NONE', #943, #624 ) ;
#170 = LINE ( 'NONE', #808, #1407 ) ;
#171 = ORIENTED_EDGE ( 'NONE', *, *, #1747, .T. ) ;
#172 = CARTESIAN_POINT ( 'NONE',  ( -16.00000000000000711, 13.50000000000000000, 35.00000000000000000 ) ) ;
#173 = EDGE_CURVE ( 'NONE', #1327, #405, #362, .T. ) ;
#174 = ADVANCED_FACE ( 'NONE', ( #847 ), #86, .F. ) ;
#175 = VERTEX_POINT ( 'NONE', #1431 ) ;
#176 = EDGE_CURVE ( 'NONE', #405, #253, #1446, .T. ) ;
#177 = LINE ( 'NONE', #1536, #1428 ) ;
#178 = ORIENTED_EDGE ( 'NONE', *, *, #1942, .F. ) ;
#179 = DIRECTION ( 'NONE',  ( 0.000000000000000000, 0.000000000000000000, -1.000000000000000000 ) ) ;
#180 = ORIENTED_EDGE ( 'NONE', *, *, #1606, .F. ) ;
#181 = LINE ( 'NONE', #1695, #91 ) ;
#182 = VECTOR ( 'NONE', #1564, 1000.000000000000000 ) ;
#183 = DIRECTION ( 'NONE',  ( -0.000000000000000000, 0.000000000000000000, 1.000000000000000000 ) ) ;
#184 = ORIENTED_EDGE ( 'NONE', *, *, #1196, .F. ) ;
#185 = CARTESIAN_POINT ( 'NONE',  ( -9.425000000000000711, 6.000000000000000000, -1.030776406404414258 ) ) ;
#186 = EDGE_LOOP ( 'NONE', ( #988, #1365, #1517, #144, #1547, #1668, #714 ) ) ;
#187 = EDGE_CURVE ( 'NONE', #1918, #249, #1560, .T. ) ;
#188 = DIRECTION ( 'NONE',  ( -1.156482317317871725E-15, 0.000000000000000000, -1.000000000000000000 ) ) ;
#189 = VERTEX_POINT ( 'NONE', #71 ) ;
#190 = ADVANCED_FACE ( 'NONE', ( #1750 ), #1423, .T. ) ;
#191 = CARTESIAN_POINT ( 'NONE',  ( 18.70761493398643438, 0.000000000000000000, 23.00000000000000000 ) ) ;
#192 = ORIENTED_EDGE ( 'NONE', *, *, #1449, .F. ) ;
#193 = PLANE ( 'NONE',  #926 ) ;
#194 = CARTESIAN_POINT ( 'NONE',  ( 9.425000000000000711, 6.000000000000000000, 1.899999999999999245 ) ) ;
#195 = DIRECTION ( 'NONE',  ( 0.000000000000000000, 0.000000000000000000, 1.000000000000000000 ) ) ;
#196 = AXIS2_PLACEMENT_3D ( 'NONE', #484, #1823, #12 ) ;
#197 = ORIENTED_EDGE ( 'NONE', *, *, #207, .T. ) ;
#198 = DIRECTION ( 'NONE',  ( 1.000000000000000000, 0.000000000000000000, 0.000000000000000000 ) ) ;
#199 = VERTEX_POINT ( 'NONE', #679 ) ;
#200 = EDGE_CURVE ( 'NONE', #99, #928, #1096, .T. ) ;
#201 = VECTOR ( 'NONE', #419, 1000.000000000000000 ) ;
#202 = DIRECTION ( 'NONE',  ( -0.000000000000000000, -0.000000000000000000, -1.000000000000000000 ) ) ;
#203 = ORIENTED_EDGE ( 'NONE', *, *, #255, .F. ) ;
#204 = DIRECTION ( 'NONE',  ( 0.000000000000000000, 0.000000000000000000, -1.000000000000000000 ) ) ;
#205 = VERTEX_POINT ( 'NONE', #1277 ) ;
#206 = CARTESIAN_POINT ( 'NONE',  ( 9.050000000000000711, 13.50000000000000000, 1.899999999999999245 ) ) ;
#207 = EDGE_CURVE ( 'NONE', #56, #405, #512, .T. ) ;
#208 = DIRECTION ( 'NONE',  ( -0.000000000000000000, 0.000000000000000000, 1.000000000000000000 ) ) ;
#209 = PLANE ( 'NONE',  #1153 ) ;
#210 = LINE ( 'NONE', #1259, #1157 ) ;
#211 = CARTESIAN_POINT ( 'NONE',  ( -11.05000000000000071, 13.50000000000000000, 4.999999999999999112 ) ) ;
#212 = VECTOR ( 'NONE', #1538, 1000.000000000000000 ) ;
#213 = ORIENTED_EDGE ( 'NONE', *, *, #1615, .T. ) ;
#214 = FACE_OUTER_BOUND ( 'NONE', #614, .T. ) ;
#215 = DIRECTION ( 'NONE',  ( 1.000000000000000000, 0.000000000000000000, 0.000000000000000000 ) ) ;
#216 = DIRECTION ( 'NONE',  ( 1.000000000000000000, 0.000000000000000000, 0.000000000000000000 ) ) ;
#217 = DIRECTION ( 'NONE',  ( 0.000000000000000000, 0.000000000000000000, -1.000000000000000000 ) ) ;
#218 = VECTOR ( 'NONE', #1178, 1000.000000000000000 ) ;
#219 = CARTESIAN_POINT ( 'NONE',  ( 15.99999999999999289, -11.50000000000000178, 0.000000000000000000 ) ) ;
#220 = ORIENTED_EDGE ( 'NONE', *, *, #1093, .F. ) ;
#221 = FACE_OUTER_BOUND ( 'NONE', #1902, .T. ) ;
#222 = CARTESIAN_POINT ( 'NONE',  ( -11.05000000000000071, -6.500000000000000000, 4.999999999999999112 ) ) ;
#223 = EDGE_CURVE ( 'NONE', #577, #1334, #1291, .T. ) ;
#224 = CARTESIAN_POINT ( 'NONE',  ( 0.000000000000000000, 0.000000000000000000, 33.00000000000000000 ) ) ;
#225 = VECTOR ( 'NONE', #1772, 1000.000000000000000 ) ;
#226 = DIRECTION ( 'NONE',  ( -1.239088197126290570E-16, -1.000000000000000000, 0.000000000000000000 ) ) ;
#227 = VECTOR ( 'NONE', #1307, 1000.000000000000000 ) ;
#228 = ORIENTED_EDGE ( 'NONE', *, *, #1585, .T. ) ;
#229 = VECTOR ( 'NONE', #595, 1000.000000000000000 ) ;
#230 = ORIENTED_EDGE ( 'NONE', *, *, #1754, .F. ) ;
#231 = DIRECTION ( 'NONE',  ( -1.000000000000000000, 1.239088197126290570E-16, -0.000000000000000000 ) ) ;
#232 = DIRECTION ( 'NONE',  ( -1.000000000000000000, 0.000000000000000000, -1.156482317317871725E-15 ) ) ;
#233 = CARTESIAN_POINT ( 'NONE',  ( -14.00000000000000711, -6.499999999999999112, 12.99999999999999822 ) ) ;
#234 = CARTESIAN_POINT ( 'NONE',  ( -10.00000000000000178, 13.50000000000000000, 31.00000000000000000 ) ) ;
#235 = LINE ( 'NONE', #1570, #1485 ) ;
#236 = DIRECTION ( 'NONE',  ( 0.000000000000000000, 0.000000000000000000, -1.000000000000000000 ) ) ;
#237 = CYLINDRICAL_SURFACE ( 'NONE', #704, 3.324999999999999734 ) ;
#238 = VERTEX_POINT ( 'NONE', #406 ) ;
#239 = PLANE ( 'NONE',  #837 ) ;
#240 = AXIS2_PLACEMENT_3D ( 'NONE', #1756, #1590, #84 ) ;
#241 = AXIS2_PLACEMENT_3D ( 'NONE', #352, #1720, #810 ) ;
#242 = LINE ( 'NONE', #393, #398 ) ;
#243 = LINE ( 'NONE', #1471, #772 ) ;
#244 = EDGE_CURVE ( 'NONE', #1891, #205, #1182, .T. ) ;
#245 = CARTESIAN_POINT ( 'NONE',  ( -9.050000000000000711, 6.500000000000000000, 0.000000000000000000 ) ) ;
#246 = DIRECTION ( 'NONE',  ( 0.000000000000000000, 0.000000000000000000, 1.000000000000000000 ) ) ;
#247 = ADVANCED_FACE ( 'NONE', ( #1340 ), #414, .F. ) ;
#248 = CARTESIAN_POINT ( 'NONE',  ( -9.050000000000000711, -6.500000000000000000, -5.541526766141772948E-16 ) ) ;
#249 = VERTEX_POINT ( 'NONE', #1910 ) ;
#250 = DIRECTION ( 'NONE',  ( 0.000000000000000000, -1.000000000000000000, 0.000000000000000000 ) ) ;
#251 = DIRECTION ( 'NONE',  ( -0.000000000000000000, -0.000000000000000000, 1.000000000000000000 ) ) ;
#252 = CIRCLE ( 'NONE', #869, 3.750000000000000000 ) ;
#253 = VERTEX_POINT ( 'NONE', #271 ) ;
#254 = DIRECTION ( 'NONE',  ( 1.000000000000000000, 1.239088197126290570E-16, -0.000000000000000000 ) ) ;
#255 = EDGE_CURVE ( 'NONE', #1834, #299, #1220, .T. ) ;
#256 = DIRECTION ( 'NONE',  ( 0.000000000000000000, 1.000000000000000000, 0.000000000000000000 ) ) ;
#257 = ORIENTED_EDGE ( 'NONE', *, *, #1262, .T. ) ;
#258 = CARTESIAN_POINT ( 'NONE',  ( 11.05000000000000071, 13.50000000000000000, 1.899999999999999245 ) ) ;
#259 = CARTESIAN_POINT ( 'NONE',  ( -11.50000000000000178, -26.65564437074638349, 12.99999999999999822 ) ) ;
#260 = ORIENTED_EDGE ( 'NONE', *, *, #1176, .F. ) ;
#261 = COLOUR_RGB ( '',0.7921568627450980005, 0.8196078431372548767, 0.9333333333333333481 ) ;
#262 = FACE_OUTER_BOUND ( 'NONE', #1643, .T. ) ;
#263 = EDGE_CURVE ( 'NONE', #39, #1918, #1170, .T. ) ;
#264 = ORIENTED_EDGE ( 'NONE', *, *, #732, .F. ) ;
#265 = PLANE ( 'NONE',  #633 ) ;
#266 = ORIENTED_EDGE ( 'NONE', *, *, #645, .T. ) ;
#267 = VECTOR ( 'NONE', #1430, 1000.000000000000000 ) ;
#268 = CARTESIAN_POINT ( 'NONE',  ( -11.50000000000000000, -6.499999999999999112, 33.00000000000000000 ) ) ;
#269 = FACE_OUTER_BOUND ( 'NONE', #629, .T. ) ;
#270 = ORIENTED_EDGE ( 'NONE', *, *, #187, .F. ) ;
#271 = CARTESIAN_POINT ( 'NONE',  ( -11.05000000000000071, -6.500000000000000000, 4.999999999999999112 ) ) ;
#272 = ORIENTED_EDGE ( 'NONE', *, *, #668, .T. ) ;
#273 = DIRECTION ( 'NONE',  ( -1.000000000000000000, 0.000000000000000000, 0.000000000000000000 ) ) ;
#274 = ORIENTED_EDGE ( 'NONE', *, *, #754, .T. ) ;
#275 = DIRECTION ( 'NONE',  ( 1.000000000000000000, 0.000000000000000000, 0.000000000000000000 ) ) ;
#276 = DIRECTION ( 'NONE',  ( 1.000000000000000000, 2.140784458307804350E-16, 2.262288689053293121E-16 ) ) ;
#277 = CARTESIAN_POINT ( 'NONE',  ( 9.050000000000000711, 5.500000000000000000, 1.899999999999999245 ) ) ;
#278 = AXIS2_PLACEMENT_3D ( 'NONE', #1023, #273, #901 ) ;
#279 = ORIENTED_EDGE ( 'NONE', *, *, #1378, .F. ) ;
#280 = LINE ( 'NONE', #1483, #227 ) ;
#281 = VECTOR ( 'NONE', #436, 1000.000000000000000 ) ;
#282 = VECTOR ( 'NONE', #1901, 1000.000000000000000 ) ;
#283 = CARTESIAN_POINT ( 'NONE',  ( 15.99999999999999289, -11.50000000000000178, 35.00000000000000000 ) ) ;
#284 = ORIENTED_EDGE ( 'NONE', *, *, #742, .T. ) ;
#285 = CARTESIAN_POINT ( 'NONE',  ( 15.99999999999998579, 3.425255133292484199E-15, 17.75000000000001066 ) ) ;
#286 = CARTESIAN_POINT ( 'NONE',  ( 14.99999999999998579, 4.250000000000005329, 17.75000000000001066 ) ) ;
#287 = EDGE_CURVE ( 'NONE', #1712, #1024, #1464, .T. ) ;
#288 = EDGE_CURVE ( 'NONE', #1272, #1832, #252, .T. ) ;
#289 = EDGE_LOOP ( 'NONE', ( #1109, #969, #565, #663, #346, #450, #213 ) ) ;
#290 = DIRECTION ( 'NONE',  ( -1.156482317317871725E-15, 0.000000000000000000, -1.000000000000000000 ) ) ;
#291 = EDGE_LOOP ( 'NONE', ( #1323, #264, #197, #1332 ) ) ;
#292 = DIRECTION ( 'NONE',  ( 0.000000000000000000, 0.000000000000000000, 1.000000000000000000 ) ) ;
#293 = LINE ( 'NONE', #923, #556 ) ;
#294 = ORIENTED_EDGE ( 'NONE', *, *, #1734, .F. ) ;
#295 = APPLICATION_PROTOCOL_DEFINITION ( 'draft international standard', 'automotive_design', 1998, #895 ) ;
#296 = CARTESIAN_POINT ( 'NONE',  ( -11.50000000000000178, 13.50000000000000000, 12.99999999999999822 ) ) ;
#297 = AXIS2_PLACEMENT_3D ( 'NONE', #1226, #1501, #1880 ) ;
#298 = CARTESIAN_POINT ( 'NONE',  ( -14.00000000000000711, -26.65564437074638349, 12.99999999999999822 ) ) ;
#299 = VERTEX_POINT ( 'NONE', #898 ) ;
#300 = DIRECTION ( 'NONE',  ( 1.000000000000000000, 0.000000000000000000, 0.000000000000000000 ) ) ;
#301 = VECTOR ( 'NONE', #1802, 1000.000000000000000 ) ;
#302 = AXIS2_PLACEMENT_3D ( 'NONE', #1394, #4, #1256 ) ;
#303 = ADVANCED_FACE ( 'NONE', ( #583 ), #1644, .T. ) ;
#304 = ORIENTED_EDGE ( 'NONE', *, *, #1578, .T. ) ;
#305 = PRODUCT_RELATED_PRODUCT_CATEGORY ( 'part', '', ( #1237 ) ) ;
#306 = LINE ( 'NONE', #469, #229 ) ;
#307 = ORIENTED_EDGE ( 'NONE', *, *, #1936, .T. ) ;
#308 = ADVANCED_FACE ( 'NONE', ( #262 ), #1030, .T. ) ;
#309 = DIRECTION ( 'NONE',  ( -0.000000000000000000, -0.000000000000000000, -1.000000000000000000 ) ) ;
#310 = EDGE_LOOP ( 'NONE', ( #1495, #1755, #1404, #1063, #1919, #674, #284, #413, #1618, #1232, #6, #1418, #609, #700, #942, #1008, #1167, #1252, #230, #1503, #1626 ) ) ;
#311 = CYLINDRICAL_SURFACE ( 'NONE', #104, 3.250000000000002665 ) ;
#312 = ORIENTED_EDGE ( 'NONE', *, *, #885, .F. ) ;
#313 = DIRECTION ( 'NONE',  ( -1.000000000000000000, 0.000000000000000000, 0.000000000000000000 ) ) ;
#314 = VECTOR ( 'NONE', #1053, 1000.000000000000000 ) ;
#315 = EDGE_CURVE ( 'NONE', #323, #1264, #541, .T. ) ;
#316 = AXIS2_PLACEMENT_3D ( 'NONE', #865, #708, #1319 ) ;
#317 = LINE ( 'NONE', #478, #1502 ) ;
#318 = EDGE_CURVE ( 'NONE', #1569, #1199, #280, .T. ) ;
#319 = AXIS2_PLACEMENT_3D ( 'NONE', #286, #907, #1497 ) ;
#320 = ORIENTED_EDGE ( 'NONE', *, *, #1382, .F. ) ;
#321 = EDGE_CURVE ( 'NONE', #1530, #1367, #395, .T. ) ;
#322 = LINE ( 'NONE', #42, #1185 ) ;
#323 = VERTEX_POINT ( 'NONE', #876 ) ;
#324 = DIRECTION ( 'NONE',  ( -0.000000000000000000, -1.000000000000000000, -0.000000000000000000 ) ) ;
#325 = EDGE_LOOP ( 'NONE', ( #1484, #357 ) ) ;
#326 = CARTESIAN_POINT ( 'NONE',  ( -11.50000000000000000, -6.499999999999999112, 33.00000000000000000 ) ) ;
#327 = EDGE_CURVE ( 'NONE', #49, #492, #1195, .T. ) ;
#328 = CARTESIAN_POINT ( 'NONE',  ( -12.50000000000000000, -6.499999999999999112, 7.500000000000000000 ) ) ;
#329 = DIRECTION ( 'NONE',  ( 0.000000000000000000, 1.000000000000000000, 0.000000000000000000 ) ) ;
#330 = ORIENTED_EDGE ( 'NONE', *, *, #1524, .F. ) ;
#331 = EDGE_CURVE ( 'NONE', #1725, #1832, #1625, .T. ) ;
#332 = PLANE ( 'NONE',  #196 ) ;
#333 = VERTEX_POINT ( 'NONE', #1761 ) ;
#334 = LINE ( 'NONE', #423, #1840 ) ;
#335 = CARTESIAN_POINT ( 'NONE',  ( -8.800000000000000711, 6.000000000000000000, 0.000000000000000000 ) ) ;
#336 = ORIENTED_EDGE ( 'NONE', *, *, #1449, .T. ) ;
#337 = DIRECTION ( 'NONE',  ( -1.000000000000000000, 0.000000000000000000, 0.000000000000000000 ) ) ;
#338 = VECTOR ( 'NONE', #1856, 1000.000000000000000 ) ;
#339 = ADVANCED_FACE ( 'NONE', ( #1040 ), #888, .T. ) ;
#340 = VECTOR ( 'NONE', #460, 1000.000000000000000 ) ;
#341 = VECTOR ( 'NONE', #488, 1000.000000000000114 ) ;
#342 = LINE ( 'NONE', #1411, #491 ) ;
#343 = LINE ( 'NONE', #961, #426 ) ;
#344 = ORIENTED_EDGE ( 'NONE', *, *, #1059, .F. ) ;
#345 = CARTESIAN_POINT ( 'NONE',  ( -16.00000000000000711, 3.980102097228896259E-16, 19.75000000000000000 ) ) ;
#346 = ORIENTED_EDGE ( 'NONE', *, *, #1258, .T. ) ;
#347 = FACE_OUTER_BOUND ( 'NONE', #1752, .T. ) ;
#348 = EDGE_CURVE ( 'NONE', #1712, #189, #422, .T. ) ;
#349 = ORIENTED_EDGE ( 'NONE', *, *, #920, .T. ) ;
#350 = LINE ( 'NONE', #652, #1422 ) ;
#351 = ORIENTED_EDGE ( 'NONE', *, *, #1310, .F. ) ;
#352 = CARTESIAN_POINT ( 'NONE',  ( -12.00000000000000533, -10.97213595499957783, 31.00000000000000000 ) ) ;
#353 = DIRECTION ( 'NONE',  ( 1.000000000000000000, 0.000000000000000000, 0.000000000000000000 ) ) ;
#354 = CIRCLE ( 'NONE', #935, 3.324999999999999734 ) ;
#355 = CARTESIAN_POINT ( 'NONE',  ( -12.00000000000000533, -6.500000000000000000, 31.00000000000000000 ) ) ;
#356 = CARTESIAN_POINT ( 'NONE',  ( -16.00000000000000711, 13.50000000000000000, 0.000000000000000000 ) ) ;
#357 = ORIENTED_EDGE ( 'NONE', *, *, #1215, .T. ) ;
#358 = CIRCLE ( 'NONE', #13, 0.6250000000000005551 ) ;
#359 = CARTESIAN_POINT ( 'NONE',  ( -14.00000000000000533, 3.980102097228896259E-16, 19.75000000000000000 ) ) ;
#360 = EDGE_CURVE ( 'NONE', #1725, #1288, #1647, .T. ) ;
#361 = FACE_OUTER_BOUND ( 'NONE', #68, .T. ) ;
#362 = LINE ( 'NONE', #1584, #440 ) ;
#363 = CIRCLE ( 'NONE', #19, 0.6250000000000005551 ) ;
#364 = CARTESIAN_POINT ( 'NONE',  ( 15.99999999999998224, 3.884497682972741399E-15, 21.50000000000001066 ) ) ;
#365 = VERTEX_POINT ( 'NONE', #1099 ) ;
#366 = ORIENTED_EDGE ( 'NONE', *, *, #1465, .F. ) ;
#367 = CARTESIAN_POINT ( 'NONE',  ( 11.05000000000000071, 13.50000000000000000, 4.999999999999999112 ) ) ;
#368 = CARTESIAN_POINT ( 'NONE',  ( -8.800000000000000711, 6.000000000000000000, 1.899999999999999245 ) ) ;
#369 = CARTESIAN_POINT ( 'NONE',  ( 13.99999999999999289, -11.50000000000000178, 35.00000000000000000 ) ) ;
#370 = AXIS2_PLACEMENT_3D ( 'NONE', #1784, #735, #580 ) ;
#371 = CARTESIAN_POINT ( 'NONE',  ( -14.00000000000000711, -11.50000000000000000, 35.00000000000000000 ) ) ;
#372 = VERTEX_POINT ( 'NONE', #1233 ) ;
#373 = VERTEX_POINT ( 'NONE', #593 ) ;
#374 = PLANE ( 'NONE',  #755 ) ;
#375 = CARTESIAN_POINT ( 'NONE',  ( 11.50000000000000355, 13.50000000000000000, 9.000000000000000000 ) ) ;
#376 = EDGE_CURVE ( 'NONE', #1931, #946, #1806, .T. ) ;
#377 = DIRECTION ( 'NONE',  ( 1.000000000000000000, 2.140784458307804350E-16, 2.262288689053293121E-16 ) ) ;
#378 = AXIS2_PLACEMENT_3D ( 'NONE', #1610, #880, #140 ) ;
#379 = LINE ( 'NONE', #1013, #797 ) ;
#380 = VECTOR ( 'NONE', #1868, 1000.000000000000000 ) ;
#381 = VERTEX_POINT ( 'NONE', #439 ) ;
#382 = VECTOR ( 'NONE', #1698, 1000.000000000000000 ) ;
#383 = VECTOR ( 'NONE', #1710, 1000.000000000000000 ) ;
#384 = ORIENTED_EDGE ( 'NONE', *, *, #561, .T. ) ;
#385 = LINE ( 'NONE', #1151, #698 ) ;
#386 = LINE ( 'NONE', #1767, #1066 ) ;
#387 = DIRECTION ( 'NONE',  ( 1.000000000000000000, 0.000000000000000000, 0.000000000000000000 ) ) ;
#388 = EDGE_CURVE ( 'NONE', #461, #421, #787, .T. ) ;
#389 = ORIENTED_EDGE ( 'NONE', *, *, #1789, .T. ) ;
#390 = DIRECTION ( 'NONE',  ( 0.000000000000000000, 0.000000000000000000, 1.000000000000000000 ) ) ;
#391 = ORIENTED_EDGE ( 'NONE', *, *, #448, .F. ) ;
#392 = ORIENTED_EDGE ( 'NONE', *, *, #1049, .F. ) ;
#393 = CARTESIAN_POINT ( 'NONE',  ( 12.50000000000000000, -6.499999999999999112, 7.500000000000000000 ) ) ;
#394 = DIRECTION ( 'NONE',  ( 1.000000000000000000, 0.000000000000000000, 1.445602896647339163E-16 ) ) ;
#395 = LINE ( 'NONE', #1454, #40 ) ;
#396 = ADVANCED_FACE ( 'NONE', ( #17 ), #760, .T. ) ;
#397 = DIRECTION ( 'NONE',  ( 1.000000000000000000, 0.000000000000000000, 0.000000000000000000 ) ) ;
#398 = VECTOR ( 'NONE', #1892, 1000.000000000000000 ) ;
#399 = VECTOR ( 'NONE', #1582, 1000.000000000000000 ) ;
#400 = VERTEX_POINT ( 'NONE', #1950 ) ;
#401 = CARTESIAN_POINT ( 'NONE',  ( -10.00000000000000533, 13.50000000000000000, 11.00000000000000000 ) ) ;
#402 = LINE ( 'NONE', #1026, #871 ) ;
#403 = ADVANCED_FACE ( 'NONE', ( #1244 ), #1835, .F. ) ;
#404 = CARTESIAN_POINT ( 'NONE',  ( 9.050000000000000711, 13.50000000000000000, 1.899999999999999245 ) ) ;
#405 = VERTEX_POINT ( 'NONE', #1687 ) ;
#406 = CARTESIAN_POINT ( 'NONE',  ( 0.9999999999999991118, -13.25000000000000000, 0.000000000000000000 ) ) ;
#407 = DIRECTION ( 'NONE',  ( -1.000000000000000000, -0.000000000000000000, -0.000000000000000000 ) ) ;
#408 = VERTEX_POINT ( 'NONE', #602 ) ;
#409 = CARTESIAN_POINT ( 'NONE',  ( -14.00000000000000711, 13.50000000000000000, 19.75000000000000000 ) ) ;
#410 = CARTESIAN_POINT ( 'NONE',  ( 12.50000000000000178, -6.499999999999999112, 9.000000000000000000 ) ) ;
#411 = AXIS2_PLACEMENT_3D ( 'NONE', #1803, #1211, #599 ) ;
#412 = EDGE_LOOP ( 'NONE', ( #1525, #818, #442, #1339 ) ) ;
#413 = ORIENTED_EDGE ( 'NONE', *, *, #889, .T. ) ;
#414 = PLANE ( 'NONE',  #734 ) ;
#415 = ORIENTED_EDGE ( 'NONE', *, *, #1049, .T. ) ;
#416 = DIRECTION ( 'NONE',  ( -1.239088197126290570E-16, 1.000000000000000000, -0.000000000000000000 ) ) ;
#417 = ORIENTED_EDGE ( 'NONE', *, *, #692, .T. ) ;
#418 = LINE ( 'NONE', #1348, #218 ) ;
#419 = DIRECTION ( 'NONE',  ( -0.000000000000000000, 0.000000000000000000, -1.000000000000000000 ) ) ;
#420 = VERTEX_POINT ( 'NONE', #615 ) ;
#421 = VERTEX_POINT ( 'NONE', #1224 ) ;
#422 = LINE ( 'NONE', #1048, #1188 ) ;
#423 = CARTESIAN_POINT ( 'NONE',  ( 9.050000000000000711, 5.500000000000000888, -1.030776406404414258 ) ) ;
#424 = LINE ( 'NONE', #1911, #1776 ) ;
#425 = ORIENTED_EDGE ( 'NONE', *, *, #830, .F. ) ;
#426 = VECTOR ( 'NONE', #1553, 1000.000000000000000 ) ;
#427 = VECTOR ( 'NONE', #1045, 1000.000000000000000 ) ;
#428 = VECTOR ( 'NONE', #1445, 1000.000000000000000 ) ;
#429 = DIRECTION ( 'NONE',  ( 1.000000000000000000, 0.000000000000000000, 0.000000000000000000 ) ) ;
#430 = PLANE ( 'NONE',  #319 ) ;
#431 = ORIENTED_EDGE ( 'NONE', *, *, #535, .T. ) ;
#432 = DIRECTION ( 'NONE',  ( 1.000000000000000000, 2.140784458307804350E-16, 2.262288689053293121E-16 ) ) ;
#433 = CARTESIAN_POINT ( 'NONE',  ( 11.50000000000000000, -42.21064267133819925, 33.00000000000000000 ) ) ;
#434 = EDGE_LOOP ( 'NONE', ( #752, #1826, #804, #114 ) ) ;
#435 = DIRECTION ( 'NONE',  ( -0.000000000000000000, 1.000000000000000000, -0.000000000000000000 ) ) ;
#436 = DIRECTION ( 'NONE',  ( -0.000000000000000000, -0.000000000000000000, -1.000000000000000000 ) ) ;
#437 = VECTOR ( 'NONE', #117, 1000.000000000000000 ) ;
#438 = VERTEX_POINT ( 'NONE', #947 ) ;
#439 = CARTESIAN_POINT ( 'NONE',  ( -16.00000000000000711, 11.50000000000000000, 35.00000000000000000 ) ) ;
#440 = VECTOR ( 'NONE', #811, 1000.000000000000000 ) ;
#441 = CIRCLE ( 'NONE', #1933, 3.324999999999999734 ) ;
#442 = ORIENTED_EDGE ( 'NONE', *, *, #528, .F. ) ;
#443 = CARTESIAN_POINT ( 'NONE',  ( 15.99999999999999289, 13.50000000000000000, 0.000000000000000000 ) ) ;
#444 = DIRECTION ( 'NONE',  ( 0.000000000000000000, -0.000000000000000000, -1.000000000000000000 ) ) ;
#445 = EDGE_LOOP ( 'NONE', ( #43, #1614, #815, #1945 ) ) ;
#446 = CARTESIAN_POINT ( 'NONE',  ( 11.50000000000000000, 13.50000000000000000, 33.00000000000000000 ) ) ;
#447 = ADVANCED_FACE ( 'NONE', ( #1375 ), #1069, .F. ) ;
#448 = EDGE_CURVE ( 'NONE', #175, #949, #750, .T. ) ;
#449 = CARTESIAN_POINT ( 'NONE',  ( 11.50000000000000000, 13.50000000000000000, 33.00000000000000000 ) ) ;
#450 = ORIENTED_EDGE ( 'NONE', *, *, #967, .T. ) ;
#451 = DIRECTION ( 'NONE',  ( 1.000000000000000000, -0.000000000000000000, -0.000000000000000000 ) ) ;
#452 = ORIENTED_EDGE ( 'NONE', *, *, #668, .F. ) ;
#453 = VECTOR ( 'NONE', #292, 1000.000000000000000 ) ;
#454 = VECTOR ( 'NONE', #1097, 1000.000000000000000 ) ;
#455 =( LENGTH_UNIT ( ) NAMED_UNIT ( * ) SI_UNIT ( .MILLI., .METRE. ) );
#456 = EDGE_CURVE ( 'NONE', #408, #461, #1827, .T. ) ;
#457 = ORIENTED_EDGE ( 'NONE', *, *, #263, .F. ) ;
#458 = APPLICATION_PROTOCOL_DEFINITION ( 'draft international standard', 'automotive_design', 1998, #1197 ) ;
#459 = ADVANCED_FACE ( 'NONE', ( #623 ), #476, .T. ) ;
#460 = DIRECTION ( 'NONE',  ( -1.000000000000000000, 0.000000000000000000, 0.000000000000000000 ) ) ;
#461 = VERTEX_POINT ( 'NONE', #1844 ) ;
#462 = LINE ( 'NONE', #794, #703 ) ;
#463 = VERTEX_POINT ( 'NONE', #931 ) ;
#464 = CARTESIAN_POINT ( 'NONE',  ( 0.9999999999999991118, -13.25000000000000000, 27.00000000000000355 ) ) ;
#465 = VECTOR ( 'NONE', #121, 1000.000000000000000 ) ;
#466 = EDGE_CURVE ( 'NONE', #1630, #1676, #181, .T. ) ;
#467 = DIRECTION ( 'NONE',  ( 0.8000000000000003775, 0.000000000000000000, -0.5999999999999995337 ) ) ;
#468 = EDGE_CURVE ( 'NONE', #299, #1834, #1453, .T. ) ;
#469 = CARTESIAN_POINT ( 'NONE',  ( -10.00000000000000178, -10.97213595499957783, 31.00000000000000000 ) ) ;
#470 = EDGE_LOOP ( 'NONE', ( #1534, #1634, #924, #1219 ) ) ;
#471 = CARTESIAN_POINT ( 'NONE',  ( 0.000000000000000000, 0.000000000000000000, 0.000000000000000000 ) ) ;
#472 = LINE ( 'NONE', #296, #340 ) ;
#473 = EDGE_CURVE ( 'NONE', #1264, #1054, #145, .T. ) ;
#474 = DIRECTION ( 'NONE',  ( 0.000000000000000000, 0.000000000000000000, 1.000000000000000000 ) ) ;
#475 = ORIENTED_EDGE ( 'NONE', *, *, #388, .T. ) ;
#476 = CYLINDRICAL_SURFACE ( 'NONE', #1888, 2.000000000000000000 ) ;
#477 = VECTOR ( 'NONE', #859, 1000.000000000000000 ) ;
#478 = CARTESIAN_POINT ( 'NONE',  ( -8.800000000000000711, 6.000000000000000000, -1.030776406404414258 ) ) ;
#479 = VECTOR ( 'NONE', #1336, 1000.000000000000000 ) ;
#480 = EDGE_CURVE ( 'NONE', #1851, #238, #155, .T. ) ;
#481 = VECTOR ( 'NONE', #1134, 1000.000000000000000 ) ;
#482 = CARTESIAN_POINT ( 'NONE',  ( -14.00000000000000711, 13.50000000000000000, 35.00000000000000000 ) ) ;
#483 = ORIENTED_EDGE ( 'NONE', *, *, #1924, .T. ) ;
#484 = CARTESIAN_POINT ( 'NONE',  ( 9.050000000000000711, 13.50000000000000000, 1.899999999999999245 ) ) ;
#485 = ADVANCED_FACE ( 'NONE', ( #1079 ), #1666, .F. ) ;
#486 = DIRECTION ( 'NONE',  ( -0.000000000000000000, -1.000000000000000000, -0.000000000000000000 ) ) ;
#487 = VERTEX_POINT ( 'NONE', #1520 ) ;
#488 = DIRECTION ( 'NONE',  ( 0.5999999999999990896, 0.000000000000000000, 0.8000000000000005995 ) ) ;
#489 = DIRECTION ( 'NONE',  ( 0.000000000000000000, -0.000000000000000000, -1.000000000000000000 ) ) ;
#490 = LINE ( 'NONE', #1113, #338 ) ;
#491 = VECTOR ( 'NONE', #7, 1000.000000000000000 ) ;
#492 = VERTEX_POINT ( 'NONE', #166 ) ;
#493 = LINE ( 'NONE', #1136, #872 ) ;
#494 = VERTEX_POINT ( 'NONE', #770 ) ;
#495 = ADVANCED_FACE ( 'NONE', ( #1709 ), #1141, .F. ) ;
#496 = CARTESIAN_POINT ( 'NONE',  ( -12.50000000000000178, 13.50000000000000000, 9.000000000000000000 ) ) ;
#497 = ORIENTED_EDGE ( 'NONE', *, *, #762, .F. ) ;
#498 = CARTESIAN_POINT ( 'NONE',  ( -11.05000000000000071, 13.50000000000000000, 4.999999999999999112 ) ) ;
#499 = ORIENTED_EDGE ( 'NONE', *, *, #1184, .T. ) ;
#500 = DIRECTION ( 'NONE',  ( 0.000000000000000000, 0.000000000000000000, -1.000000000000000000 ) ) ;
#501 = CIRCLE ( 'NONE', #1511, 4.249999999999998224 ) ;
#502 = AXIS2_PLACEMENT_3D ( 'NONE', #1290, #1866, #511 ) ;
#503 = CARTESIAN_POINT ( 'NONE',  ( -14.00000000000000711, 11.50000000000000000, 19.75000000000000000 ) ) ;
#504 = CARTESIAN_POINT ( 'NONE',  ( -12.00000000000000711, 13.50000000000000000, 14.99999999999999822 ) ) ;
#505 = ORIENTED_EDGE ( 'NONE', *, *, #388, .F. ) ;
#506 = CARTESIAN_POINT ( 'NONE',  ( 12.50000000000000000, -42.21064267133819925, 7.500000000000000000 ) ) ;
#507 = EDGE_CURVE ( 'NONE', #1367, #405, #1421, .T. ) ;
#508 = CARTESIAN_POINT ( 'NONE',  ( -12.00000000000000711, -10.97213595499957783, 14.99999999999999822 ) ) ;
#509 = VERTEX_POINT ( 'NONE', #1893 ) ;
#510 = DIRECTION ( 'NONE',  ( -0.000000000000000000, -0.000000000000000000, 1.000000000000000000 ) ) ;
#511 = DIRECTION ( 'NONE',  ( 0.000000000000000000, 0.000000000000000000, -1.000000000000000000 ) ) ;
#512 = LINE ( 'NONE', #1285, #1592 ) ;
#513 = CARTESIAN_POINT ( 'NONE',  ( -16.00000000000000711, 0.000000000000000000, 23.00000000000000000 ) ) ;
#514 = ORIENTED_EDGE ( 'NONE', *, *, #1441, .F. ) ;
#515 = CARTESIAN_POINT ( 'NONE',  ( -9.425000000000000711, 6.000000000000000000, 0.000000000000000000 ) ) ;
#516 = CARTESIAN_POINT ( 'NONE',  ( 1.000000000000000000, -6.499999999999998224, 0.000000000000000000 ) ) ;
#517 = ORIENTED_EDGE ( 'NONE', *, *, #1207, .T. ) ;
#518 = ORIENTED_EDGE ( 'NONE', *, *, #1215, .F. ) ;
#519 = CARTESIAN_POINT ( 'NONE',  ( -14.00000000000000533, 13.50000000000000000, 33.00000000000000000 ) ) ;
#520 = LINE ( 'NONE', #375, #857 ) ;
#521 = CARTESIAN_POINT ( 'NONE',  ( 11.05000000000000071, 13.50000000000000000, 1.899999999999999245 ) ) ;
#522 = EDGE_CURVE ( 'NONE', #83, #1931, #520, .T. ) ;
#523 = LINE ( 'NONE', #1735, #667 ) ;
#524 = ADVANCED_FACE ( 'NONE', ( #361 ), #836, .T. ) ;
#525 = DIRECTION ( 'NONE',  ( 1.000000000000000000, 0.000000000000000000, 0.000000000000000000 ) ) ;
#526 = FACE_OUTER_BOUND ( 'NONE', #1791, .T. ) ;
#527 = ORIENTED_EDGE ( 'NONE', *, *, #1509, .F. ) ;
#528 = EDGE_CURVE ( 'NONE', #463, #16, #1132, .T. ) ;
#529 = CARTESIAN_POINT ( 'NONE',  ( 12.50000000000000000, 13.50000000000000000, 7.500000000000000000 ) ) ;
#530 = AXIS2_PLACEMENT_3D ( 'NONE', #259, #896, #874 ) ;
#531 = CARTESIAN_POINT ( 'NONE',  ( -11.05000000000000071, 13.50000000000000000, 1.899999999999999245 ) ) ;
#532 = ORIENTED_EDGE ( 'NONE', *, *, #1583, .T. ) ;
#533 = DIRECTION ( 'NONE',  ( 0.000000000000000000, 1.000000000000000000, -0.000000000000000000 ) ) ;
#534 = CARTESIAN_POINT ( 'NONE',  ( -14.00000000000000711, 11.50000000000000000, 35.00000000000000000 ) ) ;
#535 = EDGE_CURVE ( 'NONE', #1181, #373, #756, .T. ) ;
#536 = CARTESIAN_POINT ( 'NONE',  ( 0.000000000000000000, 0.000000000000000000, 33.00000000000000000 ) ) ;
#537 = ORIENTED_EDGE ( 'NONE', *, *, #1946, .T. ) ;
#538 = ADVANCED_FACE ( 'NONE', ( #526 ), #1145, .T. ) ;
#539 = VECTOR ( 'NONE', #1821, 1000.000000000000000 ) ;
#540 = LINE ( 'NONE', #531, #98 ) ;
#541 = CIRCLE ( 'NONE', #1779, 6.000000000000000000 ) ;
#542 = ORIENTED_EDGE ( 'NONE', *, *, #522, .T. ) ;
#543 = VECTOR ( 'NONE', #937, 1000.000000000000000 ) ;
#544 = DIRECTION ( 'NONE',  ( -0.000000000000000000, -0.000000000000000000, 1.000000000000000000 ) ) ;
#545 = DIRECTION ( 'NONE',  ( 1.000000000000000000, 2.140784458307804350E-16, 2.262288689053293121E-16 ) ) ;
#546 = EDGE_CURVE ( 'NONE', #834, #323, #1122, .T. ) ;
#547 = VERTEX_POINT ( 'NONE', #1729 ) ;
#548 = DIRECTION ( 'NONE',  ( 0.000000000000000000, -0.000000000000000000, -1.000000000000000000 ) ) ;
#549 = DIRECTION ( 'NONE',  ( -0.000000000000000000, 1.000000000000000000, -0.000000000000000000 ) ) ;
#550 = ADVANCED_FACE ( 'NONE', ( #1001 ), #970, .T. ) ;
#551 = AXIS2_PLACEMENT_3D ( 'NONE', #630, #640, #204 ) ;
#552 = DIRECTION ( 'NONE',  ( -1.000000000000000000, 0.000000000000000000, 0.000000000000000000 ) ) ;
#553 = PLANE ( 'NONE',  #530 ) ;
#554 = DIRECTION ( 'NONE',  ( 4.081702296416015011E-16, 0.000000000000000000, -1.000000000000000000 ) ) ;
#555 = VERTEX_POINT ( 'NONE', #1152 ) ;
#556 = VECTOR ( 'NONE', #1513, 1000.000000000000000 ) ;
#557 = FACE_OUTER_BOUND ( 'NONE', #1897, .T. ) ;
#558 = AXIS2_PLACEMENT_3D ( 'NONE', #684, #533, #1450 ) ;
#559 = AXIS2_PLACEMENT_3D ( 'NONE', #1213, #910, #1499 ) ;
#560 = EDGE_LOOP ( 'NONE', ( #1362, #636, #1842, #514 ) ) ;
#561 = EDGE_CURVE ( 'NONE', #764, #1681, #983, .T. ) ;
#562 = LINE ( 'NONE', #723, #1579 ) ;
#563 = FACE_OUTER_BOUND ( 'NONE', #1189, .T. ) ;
#564 = DIRECTION ( 'NONE',  ( 1.000000000000000000, 2.140784458307804350E-16, 2.262288689053293121E-16 ) ) ;
#565 = ORIENTED_EDGE ( 'NONE', *, *, #1016, .F. ) ;
#566 = DIRECTION ( 'NONE',  ( 1.084202172485504434E-16, -1.000000000000000000, 0.000000000000000000 ) ) ;
#567 = ORIENTED_EDGE ( 'NONE', *, *, #1337, .F. ) ;
#568 = VECTOR ( 'NONE', #841, 1000.000000000000000 ) ;
#569 = DIRECTION ( 'NONE',  ( 0.000000000000000000, -1.000000000000000000, 0.000000000000000000 ) ) ;
#570 = ORIENTED_EDGE ( 'NONE', *, *, #1166, .F. ) ;
#571 = VECTOR ( 'NONE', #290, 1000.000000000000000 ) ;
#572 = DIRECTION ( 'NONE',  ( 1.000000000000000000, 2.140784458307804350E-16, 2.262288689053293121E-16 ) ) ;
#573 = LINE ( 'NONE', #581, #1146 ) ;
#574 = VECTOR ( 'NONE', #1847, 1000.000000000000000 ) ;
#575 = EDGE_LOOP ( 'NONE', ( #1047, #776, #1857, #1098 ) ) ;
#576 = DIRECTION ( 'NONE',  ( 1.000000000000000000, 0.000000000000000000, 0.000000000000000000 ) ) ;
#577 = VERTEX_POINT ( 'NONE', #1591 ) ;
#578 = CARTESIAN_POINT ( 'NONE',  ( -10.00000000000000533, -10.97213595499957783, 11.00000000000000000 ) ) ;
#579 = ORIENTED_EDGE ( 'NONE', *, *, #1171, .T. ) ;
#580 = DIRECTION ( 'NONE',  ( 1.000000000000000000, 0.000000000000000000, 0.000000000000000000 ) ) ;
#581 = CARTESIAN_POINT ( 'NONE',  ( -14.00000000000000533, -26.65564437074638349, 33.00000000000000000 ) ) ;
#582 = ORIENTED_EDGE ( 'NONE', *, *, #1245, .F. ) ;
#583 = FACE_OUTER_BOUND ( 'NONE', #1311, .T. ) ;
#584 = FACE_OUTER_BOUND ( 'NONE', #325, .T. ) ;
#585 = ADVANCED_FACE ( 'NONE', ( #685 ), #193, .F. ) ;
#586 = CARTESIAN_POINT ( 'NONE',  ( -16.00000000000000711, -11.50000000000000178, 35.00000000000000000 ) ) ;
#587 = ORIENTED_EDGE ( 'NONE', *, *, #1466, .F. ) ;
#588 = AXIS2_PLACEMENT_3D ( 'NONE', #1017, #665, #1296 ) ;
#589 = VECTOR ( 'NONE', #1757, 1000.000000000000000 ) ;
#590 = DIRECTION ( 'NONE',  ( -0.000000000000000000, 0.000000000000000000, -1.000000000000000000 ) ) ;
#591 = CARTESIAN_POINT ( 'NONE',  ( 13.99999999999998757, 2.997098241630923428E-15, 17.75000000000001066 ) ) ;
#592 = EDGE_LOOP ( 'NONE', ( #119, #1186, #220, #1174, #954, #809, #1539 ) ) ;
#593 = CARTESIAN_POINT ( 'NONE',  ( -14.00000000000000533, 0.000000000000000000, 26.25000000000000355 ) ) ;
#594 = FILL_AREA_STYLE_COLOUR ( '', #261 ) ;
#595 = DIRECTION ( 'NONE',  ( 0.000000000000000000, 1.000000000000000000, 0.000000000000000000 ) ) ;
#596 = LINE ( 'NONE', #283, #1744 ) ;
#597 = VERTEX_POINT ( 'NONE', #654 ) ;
#598 = LINE ( 'NONE', #927, #63 ) ;
#599 = DIRECTION ( 'NONE',  ( -0.5999999999999990896, 0.000000000000000000, -0.8000000000000005995 ) ) ;
#600 = VECTOR ( 'NONE', #989, 1000.000000000000000 ) ;
#601 = VERTEX_POINT ( 'NONE', #1551 ) ;
#602 = CARTESIAN_POINT ( 'NONE',  ( -10.00000000000000355, -6.500000000000000000, 31.00000000000000000 ) ) ;
#603 = DIRECTION ( 'NONE',  ( 0.000000000000000000, 0.000000000000000000, -1.000000000000000000 ) ) ;
#604 = EDGE_CURVE ( 'NONE', #421, #1491, #1297, .T. ) ;
#605 = AXIS2_PLACEMENT_3D ( 'NONE', #1600, #1266, #216 ) ;
#606 = FILL_AREA_STYLE ('',( #594 ) ) ;
#607 = PRODUCT_DEFINITION_SHAPE ( 'NONE', 'NONE',  #1031 ) ;
#608 = DIRECTION ( 'NONE',  ( 0.000000000000000000, 0.000000000000000000, 1.000000000000000000 ) ) ;
#609 = ORIENTED_EDGE ( 'NONE', *, *, #480, .T. ) ;
#610 = EDGE_CURVE ( 'NONE', #1346, #333, #1408, .T. ) ;
#611 = DIRECTION ( 'NONE',  ( 1.000000000000000000, -0.000000000000000000, 0.000000000000000000 ) ) ;
#612 = ORIENTED_EDGE ( 'NONE', *, *, #1369, .T. ) ;
#613 = DIRECTION ( 'NONE',  ( 1.000000000000000000, 0.000000000000000000, 0.000000000000000000 ) ) ;
#614 = EDGE_LOOP ( 'NONE', ( #582, #33, #165, #1105, #1684 ) ) ;
#615 = CARTESIAN_POINT ( 'NONE',  ( 11.50000000000000000, 2.461902127053975323E-15, 14.42500000000001315 ) ) ;
#616 = SURFACE_STYLE_FILL_AREA ( #606 ) ;
#617 = ORIENTED_EDGE ( 'NONE', *, *, #1548, .F. ) ;
#618 = LINE ( 'NONE', #757, #925 ) ;
#619 = ORIENTED_EDGE ( 'NONE', *, *, #1123, .T. ) ;
#620 = ADVANCED_FACE ( 'NONE', ( #1276 ), #1571, .F. ) ;
#621 = DIRECTION ( 'NONE',  ( -0.000000000000000000, -1.000000000000000000, -0.000000000000000000 ) ) ;
#622 = VERTEX_POINT ( 'NONE', #1878 ) ;
#623 = FACE_OUTER_BOUND ( 'NONE', #727, .T. ) ;
#624 = VECTOR ( 'NONE', #791, 1000.000000000000000 ) ;
#625 = CARTESIAN_POINT ( 'NONE',  ( -11.05000000000000071, -6.500000000000000000, 1.899999999999999245 ) ) ;
#626 = VERTEX_POINT ( 'NONE', #368 ) ;
#627 = EDGE_CURVE ( 'NONE', #1183, #1080, #46, .T. ) ;
#628 = CARTESIAN_POINT ( 'NONE',  ( 13.99999999999998401, 2.997098241630923034E-15, 17.75000000000001066 ) ) ;
#629 = EDGE_LOOP ( 'NONE', ( #740, #1623, #1510, #1716 ) ) ;
#630 = CARTESIAN_POINT ( 'NONE',  ( 9.050000000000000711, 13.50000000000000000, 1.899999999999999245 ) ) ;
#631 = ORIENTED_EDGE ( 'NONE', *, *, #833, .F. ) ;
#632 = DIRECTION ( 'NONE',  ( -1.000000000000000000, 0.000000000000000000, 0.000000000000000000 ) ) ;
#633 = AXIS2_PLACEMENT_3D ( 'NONE', #891, #195, #913 ) ;
#634 =( NAMED_UNIT ( * ) SI_UNIT ( $, .STERADIAN. ) SOLID_ANGLE_UNIT ( ) );
#635 = VECTOR ( 'NONE', #1478, 1000.000000000000000 ) ;
#636 = ORIENTED_EDGE ( 'NONE', *, *, #1076, .T. ) ;
#637 = LINE ( 'NONE', #482, #574 ) ;
#638 = ORIENTED_EDGE ( 'NONE', *, *, #1913, .F. ) ;
#639 = DIRECTION ( 'NONE',  ( 1.000000000000000000, 0.000000000000000000, 0.000000000000000000 ) ) ;
#640 = DIRECTION ( 'NONE',  ( 1.000000000000000000, -0.000000000000000000, 0.000000000000000000 ) ) ;
#641 = VERTEX_POINT ( 'NONE', #706 ) ;
#642 = DIRECTION ( 'NONE',  ( -1.000000000000000000, 0.000000000000000000, 8.673617379884033007E-17 ) ) ;
#643 = DIRECTION ( 'NONE',  ( -0.000000000000000000, 0.000000000000000000, 1.000000000000000000 ) ) ;
#644 = LINE ( 'NONE', #504, #60 ) ;
#645 = EDGE_CURVE ( 'NONE', #249, #641, #862, .T. ) ;
#646 = ADVANCED_FACE ( 'NONE', ( #563 ), #1480, .T. ) ;
#647 = DIRECTION ( 'NONE',  ( 1.000000000000000000, 2.140784458307804350E-16, 2.262288689053293121E-16 ) ) ;
#648 = ADVANCED_BREP_SHAPE_REPRESENTATION ( 'P001-B101_RearEnclosure_Rev2D-2', ( #979, #1295 ), #753 ) ;
#649 = CARTESIAN_POINT ( 'NONE',  ( -9.050000000000000711, -6.500000000000000000, 1.899999999999999245 ) ) ;
#650 = ORIENTED_EDGE ( 'NONE', *, *, #1230, .T. ) ;
#651 = ORIENTED_EDGE ( 'NONE', *, *, #1041, .F. ) ;
#652 = CARTESIAN_POINT ( 'NONE',  ( 1.000000000000000000, -6.499999999999998224, 33.00000000000000000 ) ) ;
#653 = ORIENTED_EDGE ( 'NONE', *, *, #1606, .T. ) ;
#654 = CARTESIAN_POINT ( 'NONE',  ( -12.00000000000000711, 13.50000000000000000, 12.99999999999999822 ) ) ;
#655 = VECTOR ( 'NONE', #1849, 1000.000000000000000 ) ;
#656 = AXIS2_PLACEMENT_3D ( 'NONE', #678, #215, #1265 ) ;
#657 = FACE_OUTER_BOUND ( 'NONE', #1128, .T. ) ;
#658 = CARTESIAN_POINT ( 'NONE',  ( -16.00000000000000711, 13.50000000000000000, 35.00000000000000000 ) ) ;
#659 = ORIENTED_EDGE ( 'NONE', *, *, #1245, .T. ) ;
#660 = CARTESIAN_POINT ( 'NONE',  ( 13.99999999999999112, 11.50000000000000000, 0.000000000000000000 ) ) ;
#661 = ADVANCED_FACE ( 'NONE', ( #1785 ), #1193, .F. ) ;
#662 = LINE ( 'NONE', #516, #1898 ) ;
#663 = ORIENTED_EDGE ( 'NONE', *, *, #1509, .T. ) ;
#664 = ORIENTED_EDGE ( 'NONE', *, *, #1739, .F. ) ;
#665 = DIRECTION ( 'NONE',  ( 1.000000000000000000, 2.140784458307804350E-16, 2.262288689053293121E-16 ) ) ;
#666 = CARTESIAN_POINT ( 'NONE',  ( -9.050000000000000711, 13.50000000000000000, 1.899999999999999245 ) ) ;
#667 = VECTOR ( 'NONE', #1586, 1000.000000000000000 ) ;
#668 = EDGE_CURVE ( 'NONE', #949, #1229, #573, .T. ) ;
#669 = CARTESIAN_POINT ( 'NONE',  ( 9.050000000000000711, -6.500000000000000000, 1.899999999999999245 ) ) ;
#670 = DIRECTION ( 'NONE',  ( 0.000000000000000000, 1.000000000000000000, -0.000000000000000000 ) ) ;
#671 = ORIENTED_EDGE ( 'NONE', *, *, #64, .T. ) ;
#672 = ADVANCED_FACE ( 'NONE', ( #122 ), #1909, .F. ) ;
#673 = DIRECTION ( 'NONE',  ( 0.000000000000000000, 0.000000000000000000, 1.000000000000000000 ) ) ;
#674 = ORIENTED_EDGE ( 'NONE', *, *, #692, .F. ) ;
#675 = EDGE_CURVE ( 'NONE', #786, #764, #1459, .T. ) ;
#676 = ORIENTED_EDGE ( 'NONE', *, *, #645, .F. ) ;
#677 = DIRECTION ( 'NONE',  ( 1.084202172485504434E-16, 1.000000000000000000, 0.000000000000000000 ) ) ;
#678 = CARTESIAN_POINT ( 'NONE',  ( -10.00000000000000533, -10.97213595499957783, 11.00000000000000000 ) ) ;
#679 = CARTESIAN_POINT ( 'NONE',  ( 1.000000000000000888, -6.499999999999999112, 33.00000000000000000 ) ) ;
#680 = AXIS2_PLACEMENT_3D ( 'NONE', #941, #960, #18 ) ;
#681 = LINE ( 'NONE', #1293, #1306 ) ;
#682 = ADVANCED_FACE ( 'NONE', ( #1775, #1349 ), #1037, .F. ) ;
#683 = ORIENTED_EDGE ( 'NONE', *, *, #745, .F. ) ;
#684 = CARTESIAN_POINT ( 'NONE',  ( 0.000000000000000000, -6.500000000000000000, 0.000000000000000000 ) ) ;
#685 = FACE_OUTER_BOUND ( 'NONE', #707, .T. ) ;
#686 = ADVANCED_FACE ( 'NONE', ( #269 ), #553, .F. ) ;
#687 = PLANE ( 'NONE',  #1409 ) ;
#688 = ORIENTED_EDGE ( 'NONE', *, *, #1500, .T. ) ;
#689 = AXIS2_PLACEMENT_3D ( 'NONE', #1651, #108, #429 ) ;
#690 = VECTOR ( 'NONE', #132, 1000.000000000000000 ) ;
#691 = EDGE_LOOP ( 'NONE', ( #893, #1341, #587, #1387, #20, #1356 ) ) ;
#692 = EDGE_CURVE ( 'NONE', #1353, #487, #1915, .T. ) ;
#693 = PLANE ( 'NONE',  #1808 ) ;
#694 = CARTESIAN_POINT ( 'NONE',  ( 11.05000000000000071, 13.50000000000000000, 1.899999999999999245 ) ) ;
#695 = CARTESIAN_POINT ( 'NONE',  ( 13.99999999999999112, 13.50000000000000000, 35.00000000000000000 ) ) ;
#696 = ORIENTED_EDGE ( 'NONE', *, *, #1548, .T. ) ;
#697 = CARTESIAN_POINT ( 'NONE',  ( 15.99999999999998579, 3.425255133292484199E-15, 17.75000000000001066 ) ) ;
#698 = VECTOR ( 'NONE', #92, 1000.000000000000000 ) ;
#699 = EDGE_CURVE ( 'NONE', #1115, #1891, #737, .T. ) ;
#700 = ORIENTED_EDGE ( 'NONE', *, *, #1615, .F. ) ;
#701 = LINE ( 'NONE', #433, #1434 ) ;
#702 = ORIENTED_EDGE ( 'NONE', *, *, #732, .T. ) ;
#703 = VECTOR ( 'NONE', #1405, 1000.000000000000000 ) ;
#704 = AXIS2_PLACEMENT_3D ( 'NONE', #973, #377, #1886 ) ;
#705 = LINE ( 'NONE', #1000, #123 ) ;
#706 = CARTESIAN_POINT ( 'NONE',  ( 13.99999999999999112, 13.50000000000000000, 0.000000000000000000 ) ) ;
#707 = EDGE_LOOP ( 'NONE', ( #619, #964, #1654, #1657 ) ) ;
#708 = DIRECTION ( 'NONE',  ( 1.000000000000000000, 2.140784458307804350E-16, 2.262288689053293121E-16 ) ) ;
#709 = EDGE_CURVE ( 'NONE', #626, #492, #1022, .T. ) ;
#710 = CARTESIAN_POINT ( 'NONE',  ( 14.99999999999998934, 3.211176687461704011E-15, 17.75000000000001066 ) ) ;
#711 = ORIENTED_EDGE ( 'NONE', *, *, #1399, .F. ) ;
#712 = CARTESIAN_POINT ( 'NONE',  ( 1.000000000000000000, -6.499999999999998224, 42.28010988928051717 ) ) ;
#713 = CARTESIAN_POINT ( 'NONE',  ( -14.00000000000000711, -13.50000000000000000, 35.00000000000000000 ) ) ;
#714 = ORIENTED_EDGE ( 'NONE', *, *, #1747, .F. ) ;
#715 = ORIENTED_EDGE ( 'NONE', *, *, #331, .F. ) ;
#716 = DIRECTION ( 'NONE',  ( 1.000000000000000000, 0.000000000000000000, 0.000000000000000000 ) ) ;
#717 = UNCERTAINTY_MEASURE_WITH_UNIT (LENGTH_MEASURE( 1.000000000000000082E-05 ), #455, 'distance_accuracy_value', 'NONE');
#718 = AXIS2_PLACEMENT_3D ( 'NONE', #1660, #670, #608 ) ;
#719 = ORIENTED_EDGE ( 'NONE', *, *, #1704, .F. ) ;
#720 = CARTESIAN_POINT ( 'NONE',  ( -0.9999999999999991118, -13.25000000000000000, 0.000000000000000000 ) ) ;
#721 = VECTOR ( 'NONE', #435, 1000.000000000000000 ) ;
#722 = VERTEX_POINT ( 'NONE', #1169 ) ;
#723 = CARTESIAN_POINT ( 'NONE',  ( 11.05000000000000071, -6.500000000000000000, 4.999999999999999112 ) ) ;
#724 = DIRECTION ( 'NONE',  ( -0.000000000000000000, -0.000000000000000000, 1.000000000000000000 ) ) ;
#725 = EDGE_LOOP ( 'NONE', ( #860, #1150 ) ) ;
#726 = DIRECTION ( 'NONE',  ( 1.000000000000000000, 0.000000000000000000, -0.000000000000000000 ) ) ;
#727 = EDGE_LOOP ( 'NONE', ( #270, #22, #312, #676 ) ) ;
#728 = EDGE_CURVE ( 'NONE', #1199, #438, #386, .T. ) ;
#729 = ORIENTED_EDGE ( 'NONE', *, *, #288, .T. ) ;
#730 = AXIS2_PLACEMENT_3D ( 'NONE', #1333, #569, #1602 ) ;
#731 = CARTESIAN_POINT ( 'NONE',  ( -16.00000000000000711, 11.50000000000000000, 35.00000000000000000 ) ) ;
#732 = EDGE_CURVE ( 'NONE', #56, #722, #402, .T. ) ;
#733 = ORIENTED_EDGE ( 'NONE', *, *, #1895, .F. ) ;
#734 = AXIS2_PLACEMENT_3D ( 'NONE', #137, #1058, #1328 ) ;
#735 = DIRECTION ( 'NONE',  ( 0.000000000000000000, -0.000000000000000000, -1.000000000000000000 ) ) ;
#736 = VECTOR ( 'NONE', #329, 1000.000000000000000 ) ;
#737 = LINE ( 'NONE', #1304, #589 ) ;
#738 = AXIS2_PLACEMENT_3D ( 'NONE', #369, #986, #1142 ) ;
#739 = LINE ( 'NONE', #404, #282 ) ;
#740 = ORIENTED_EDGE ( 'NONE', *, *, #830, .T. ) ;
#741 = DIRECTION ( 'NONE',  ( 1.000000000000000000, 2.140784458307804350E-16, 2.262288689053293121E-16 ) ) ;
#742 = EDGE_CURVE ( 'NONE', #1353, #49, #1018, .T. ) ;
#743 = CARTESIAN_POINT ( 'NONE',  ( 13.99999999999998757, 2.997098241630923428E-15, 17.75000000000001066 ) ) ;
#744 = VERTEX_POINT ( 'NONE', #1613 ) ;
#745 = EDGE_CURVE ( 'NONE', #420, #601, #243, .T. ) ;
#746 = CARTESIAN_POINT ( 'NONE',  ( -9.050000000000000711, 13.50000000000000000, -5.541526766141772948E-16 ) ) ;
#747 = FACE_OUTER_BOUND ( 'NONE', #783, .T. ) ;
#748 = AXIS2_PLACEMENT_3D ( 'NONE', #788, #1678, #1696 ) ;
#749 = ORIENTED_EDGE ( 'NONE', *, *, #1456, .F. ) ;
#750 = LINE ( 'NONE', #326, #1952 ) ;
#751 = CARTESIAN_POINT ( 'NONE',  ( -9.050000000000000711, 13.50000000000000000, 1.899999999999999245 ) ) ;
#752 = ORIENTED_EDGE ( 'NONE', *, *, #1521, .F. ) ;
#753 =( GEOMETRIC_REPRESENTATION_CONTEXT ( 3 ) GLOBAL_UNCERTAINTY_ASSIGNED_CONTEXT ( ( #1922 ) ) GLOBAL_UNIT_ASSIGNED_CONTEXT ( ( #59, #1733, #995 ) ) REPRESENTATION_CONTEXT ( 'NONE', 'WORKASPACE' ) );
#754 = EDGE_CURVE ( 'NONE', #365, #1712, #109, .T. ) ;
#755 = AXIS2_PLACEMENT_3D ( 'NONE', #1877, #1131, #1160 ) ;
#756 = CIRCLE ( 'NONE', #784, 3.250000000000002665 ) ;
#757 = CARTESIAN_POINT ( 'NONE',  ( -9.050000000000000711, 13.50000000000000000, -5.541526766141772948E-16 ) ) ;
#758 = CARTESIAN_POINT ( 'NONE',  ( -14.00000000000000533, 13.50000000000000000, 26.25000000000000355 ) ) ;
#759 = ORIENTED_EDGE ( 'NONE', *, *, #1207, .F. ) ;
#760 = PLANE ( 'NONE',  #1274 ) ;
#761 = PRESENTATION_LAYER_ASSIGNMENT (  '', '', ( #1627 ) ) ;
#762 = EDGE_CURVE ( 'NONE', #786, #946, #1046, .T. ) ;
#763 = DIRECTION ( 'NONE',  ( 1.000000000000000000, -0.000000000000000000, -0.000000000000000000 ) ) ;
#764 = VERTEX_POINT ( 'NONE', #1126 ) ;
#765 = EDGE_CURVE ( 'NONE', #1891, #372, #950, .T. ) ;
#766 = CARTESIAN_POINT ( 'NONE',  ( 13.99999999999999112, -13.50000000000000000, 35.00000000000000000 ) ) ;
#767 = VERTEX_POINT ( 'NONE', #1713 ) ;
#768 = CARTESIAN_POINT ( 'NONE',  ( 0.000000000000000000, -7.249999999999999112, 27.00000000000000355 ) ) ;
#769 = ORIENTED_EDGE ( 'NONE', *, *, #1535, .F. ) ;
#770 = CARTESIAN_POINT ( 'NONE',  ( 11.05000000000000071, -6.500000000000000000, 1.899999999999999245 ) ) ;
#771 = AXIS2_PLACEMENT_3D ( 'NONE', #1019, #1462, #113 ) ;
#772 = VECTOR ( 'NONE', #1179, 1000.000000000000000 ) ;
#773 = CARTESIAN_POINT ( 'NONE',  ( 0.000000000000000000, 0.000000000000000000, 0.000000000000000000 ) ) ;
#774 = ORIENTED_EDGE ( 'NONE', *, *, #813, .T. ) ;
#775 = LINE ( 'NONE', #21, #655 ) ;
#776 = ORIENTED_EDGE ( 'NONE', *, *, #1739, .T. ) ;
#777 = DIRECTION ( 'NONE',  ( -0.000000000000000000, 0.000000000000000000, -1.000000000000000000 ) ) ;
#778 = ORIENTED_EDGE ( 'NONE', *, *, #9, .T. ) ;
#779 = DIRECTION ( 'NONE',  ( -1.000000000000000000, 0.000000000000000000, 0.000000000000000000 ) ) ;
#780 = DIRECTION ( 'NONE',  ( 1.000000000000000000, 0.000000000000000000, 0.000000000000000000 ) ) ;
#781 = VERTEX_POINT ( 'NONE', #1555 ) ;
#782 = DIRECTION ( 'NONE',  ( 1.000000000000000000, 0.000000000000000000, 0.000000000000000000 ) ) ;
#783 = EDGE_LOOP ( 'NONE', ( #1876, #1194, #806, #66 ) ) ;
#784 = AXIS2_PLACEMENT_3D ( 'NONE', #80, #642, #1884 ) ;
#785 = CYLINDRICAL_SURFACE ( 'NONE', #1469, 5.999999999999998224 ) ;
#786 = VERTEX_POINT ( 'NONE', #1948 ) ;
#787 = LINE ( 'NONE', #1357, #799 ) ;
#788 = CARTESIAN_POINT ( 'NONE',  ( -14.00000000000000711, 11.50000000000000000, 35.00000000000000000 ) ) ;
#789 = FACE_BOUND ( 'NONE', #725, .T. ) ;
#790 = ORIENTED_EDGE ( 'NONE', *, *, #1594, .F. ) ;
#791 = DIRECTION ( 'NONE',  ( -0.000000000000000000, -0.000000000000000000, 1.000000000000000000 ) ) ;
#792 = ORIENTED_EDGE ( 'NONE', *, *, #1316, .T. ) ;
#793 = DIRECTION ( 'NONE',  ( -0.000000000000000000, -1.000000000000000000, -0.000000000000000000 ) ) ;
#794 = CARTESIAN_POINT ( 'NONE',  ( -9.050000000000000711, 13.50000000000000000, 1.899999999999999245 ) ) ;
#795 = ORIENTED_EDGE ( 'NONE', *, *, #892, .F. ) ;
#796 = DIRECTION ( 'NONE',  ( -1.156482317317871725E-15, 0.000000000000000000, 1.000000000000000000 ) ) ;
#797 = VECTOR ( 'NONE', #1896, 1000.000000000000000 ) ;
#798 = EDGE_CURVE ( 'NONE', #828, #1940, #816, .T. ) ;
#799 = VECTOR ( 'NONE', #1089, 1000.000000000000000 ) ;
#800 = DIRECTION ( 'NONE',  ( -0.000000000000000000, 1.000000000000000000, -0.000000000000000000 ) ) ;
#801 = DIRECTION ( 'NONE',  ( 0.000000000000000000, 0.000000000000000000, -1.000000000000000000 ) ) ;
#802 = VERTEX_POINT ( 'NONE', #345 ) ;
#803 = FACE_OUTER_BOUND ( 'NONE', #934, .T. ) ;
#804 = ORIENTED_EDGE ( 'NONE', *, *, #1388, .F. ) ;
#805 = LINE ( 'NONE', #1143, #568 ) ;
#806 = ORIENTED_EDGE ( 'NONE', *, *, #327, .T. ) ;
#807 = CARTESIAN_POINT ( 'NONE',  ( 11.50000000000000355, 13.50000000000000000, 9.000000000000000000 ) ) ;
#808 = CARTESIAN_POINT ( 'NONE',  ( 18.70761493398643438, 3.980102097228896259E-16, 19.75000000000000000 ) ) ;
#809 = ORIENTED_EDGE ( 'NONE', *, *, #1002, .F. ) ;
#810 = DIRECTION ( 'NONE',  ( -1.000000000000000000, 0.000000000000000000, -0.000000000000000000 ) ) ;
#811 = DIRECTION ( 'NONE',  ( 0.000000000000000000, 0.000000000000000000, 1.000000000000000000 ) ) ;
#812 = DIRECTION ( 'NONE',  ( 1.000000000000000000, 0.000000000000000000, 0.000000000000000000 ) ) ;
#813 = EDGE_CURVE ( 'NONE', #1640, #408, #963, .T. ) ;
#814 = VECTOR ( 'NONE', #1533, 1000.000000000000000 ) ;
#815 = ORIENTED_EDGE ( 'NONE', *, *, #728, .F. ) ;
#816 = LINE ( 'NONE', #50, #1780 ) ;
#817 = CARTESIAN_POINT ( 'NONE',  ( 9.050000000000000711, 13.50000000000000000, -5.541526766141772948E-16 ) ) ;
#818 = ORIENTED_EDGE ( 'NONE', *, *, #1441, .T. ) ;
#819 = EDGE_CURVE ( 'NONE', #1940, #601, #41, .T. ) ;
#820 = DIRECTION ( 'NONE',  ( -1.000000000000000000, 0.000000000000000000, 0.000000000000000000 ) ) ;
#821 = DIRECTION ( 'NONE',  ( 1.000000000000000000, 0.000000000000000000, 0.000000000000000000 ) ) ;
#822 = ORIENTED_EDGE ( 'NONE', *, *, #1399, .T. ) ;
#823 = AXIS2_PLACEMENT_3D ( 'NONE', #905, #590, #1065 ) ;
#824 = VECTOR ( 'NONE', #939, 1000.000000000000000 ) ;
#825 = ADVANCED_FACE ( 'NONE', ( #803 ), #1506, .T. ) ;
#826 = CYLINDRICAL_SURFACE ( 'NONE', #738, 2.000000000000000000 ) ;
#827 = CARTESIAN_POINT ( 'NONE',  ( -16.00000000000000711, 13.50000000000000000, 35.00000000000000000 ) ) ;
#828 = VERTEX_POINT ( 'NONE', #1104 ) ;
#829 = CIRCLE ( 'NONE', #1086, 2.000000000000000000 ) ;
#830 = EDGE_CURVE ( 'NONE', #781, #372, #1269, .T. ) ;
#831 = LINE ( 'NONE', #817, #1460 ) ;
#832 = ORIENTED_EDGE ( 'NONE', *, *, #1376, .F. ) ;
#833 = EDGE_CURVE ( 'NONE', #1115, #866, #1689, .T. ) ;
#834 = VERTEX_POINT ( 'NONE', #1222 ) ;
#835 = CARTESIAN_POINT ( 'NONE',  ( 11.50000000000000355, -42.21064267133819925, 9.000000000000000000 ) ) ;
#836 = PLANE ( 'NONE',  #656 ) ;
#837 = AXIS2_PLACEMENT_3D ( 'NONE', #1457, #1619, #397 ) ;
#838 = CARTESIAN_POINT ( 'NONE',  ( 13.99999999999999112, 11.50000000000000000, 35.00000000000000000 ) ) ;
#839 = EDGE_CURVE ( 'NONE', #1024, #1850, #210, .T. ) ;
#840 = AXIS2_PLACEMENT_3D ( 'NONE', #503, #81, #1740 ) ;
#841 = DIRECTION ( 'NONE',  ( -1.239088197126290570E-16, 1.000000000000000000, -0.000000000000000000 ) ) ;
#842 = ORIENTED_EDGE ( 'NONE', *, *, #798, .F. ) ;
#843 = EDGE_CURVE ( 'NONE', #1159, #1353, #143, .T. ) ;
#844 = ORIENTED_EDGE ( 'NONE', *, *, #1438, .F. ) ;
#845 = DIRECTION ( 'NONE',  ( -1.000000000000000000, -0.000000000000000000, -0.000000000000000000 ) ) ;
#846 = CARTESIAN_POINT ( 'NONE',  ( 11.50000000000000355, -6.499999999999999112, 9.000000000000000000 ) ) ;
#847 = FACE_OUTER_BOUND ( 'NONE', #897, .T. ) ;
#848 = ADVANCED_FACE ( 'NONE', ( #747 ), #1542, .T. ) ;
#849 = EDGE_CURVE ( 'NONE', #858, #463, #1190, .T. ) ;
#850 = CARTESIAN_POINT ( 'NONE',  ( 11.50000000000000355, -6.499999999999999112, 9.000000000000001776 ) ) ;
#851 = VERTEX_POINT ( 'NONE', #277 ) ;
#852 = DIRECTION ( 'NONE',  ( -0.000000000000000000, -0.000000000000000000, 1.000000000000000000 ) ) ;
#853 = DIRECTION ( 'NONE',  ( 1.156482317317871725E-15, 0.000000000000000000, 1.000000000000000000 ) ) ;
#854 = ADVANCED_FACE ( 'NONE', ( #789, #1355 ), #430, .T. ) ;
#855 = DIRECTION ( 'NONE',  ( -0.5999999999999994227, -0.000000000000000000, -0.8000000000000003775 ) ) ;
#856 = VECTOR ( 'NONE', #552, 1000.000000000000000 ) ;
#857 = VECTOR ( 'NONE', #821, 1000.000000000000000 ) ;
#858 = VERTEX_POINT ( 'NONE', #758 ) ;
#859 = DIRECTION ( 'NONE',  ( 0.000000000000000000, 0.000000000000000000, -1.000000000000000000 ) ) ;
#860 = ORIENTED_EDGE ( 'NONE', *, *, #360, .T. ) ;
#861 = CARTESIAN_POINT ( 'NONE',  ( 11.05000000000000071, -6.500000000000000000, 1.899999999999999245 ) ) ;
#862 = LINE ( 'NONE', #695, #1389 ) ;
#863 = CARTESIAN_POINT ( 'NONE',  ( -16.00000000000000711, 11.50000000000000000, 0.000000000000000000 ) ) ;
#864 = ADVANCED_FACE ( 'NONE', ( #152 ), #1397, .T. ) ;
#865 = CARTESIAN_POINT ( 'NONE',  ( 14.99999999999998934, 3.211176687461704011E-15, 17.75000000000001066 ) ) ;
#866 = VERTEX_POINT ( 'NONE', #1816 ) ;
#867 = VECTOR ( 'NONE', #65, 1000.000000000000000 ) ;
#868 = DIRECTION ( 'NONE',  ( 1.000000000000000000, 2.140784458307804350E-16, 2.262288689053293121E-16 ) ) ;
#869 = AXIS2_PLACEMENT_3D ( 'NONE', #697, #741, #1941 ) ;
#870 = ORIENTED_EDGE ( 'NONE', *, *, #932, .T. ) ;
#871 = VECTOR ( 'NONE', #1938, 1000.000000000000000 ) ;
#872 = VECTOR ( 'NONE', #1722, 1000.000000000000000 ) ;
#873 = LINE ( 'NONE', #1470, #721 ) ;
#874 = DIRECTION ( 'NONE',  ( -1.000000000000000000, 0.000000000000000000, 0.000000000000000000 ) ) ;
#875 = ORIENTED_EDGE ( 'NONE', *, *, #94, .T. ) ;
#876 = CARTESIAN_POINT ( 'NONE',  ( -1.000000000000000000, -7.249999999999999112, 33.00000000000000000 ) ) ;
#877 = ORIENTED_EDGE ( 'NONE', *, *, #1781, .F. ) ;
#878 = EDGE_CURVE ( 'NONE', #1229, #150, #637, .T. ) ;
#879 = EDGE_CURVE ( 'NONE', #722, #786, #493, .T. ) ;
#880 = DIRECTION ( 'NONE',  ( 1.000000000000000000, 2.140784458307804350E-16, 2.262288689053293121E-16 ) ) ;
#881 = ORIENTED_EDGE ( 'NONE', *, *, #1583, .F. ) ;
#882 = CIRCLE ( 'NONE', #1730, 2.000000000000001776 ) ;
#883 = DIRECTION ( 'NONE',  ( 1.000000000000000000, -0.000000000000000000, -0.000000000000000000 ) ) ;
#884 = DIRECTION ( 'NONE',  ( -1.000000000000000000, 0.000000000000000000, 0.000000000000000000 ) ) ;
#885 = EDGE_CURVE ( 'NONE', #641, #400, #882, .T. ) ;
#886 = DIRECTION ( 'NONE',  ( 0.000000000000000000, 0.000000000000000000, 1.000000000000000000 ) ) ;
#887 = ORIENTED_EDGE ( 'NONE', *, *, #1247, .F. ) ;
#888 = PLANE ( 'NONE',  #78 ) ;
#889 = EDGE_CURVE ( 'NONE', #49, #1073, #1320, .T. ) ;
#890 = AXIS2_PLACEMENT_3D ( 'NONE', #1451, #545, #1927 ) ;
#891 = CARTESIAN_POINT ( 'NONE',  ( -11.05000000000000071, 13.50000000000000000, 4.999999999999999112 ) ) ;
#892 = EDGE_CURVE ( 'NONE', #851, #1396, #363, .T. ) ;
#893 = ORIENTED_EDGE ( 'NONE', *, *, #173, .F. ) ;
#894 = CARTESIAN_POINT ( 'NONE',  ( -9.050000000000000711, 13.50000000000000000, -5.541526766141772948E-16 ) ) ;
#895 = APPLICATION_CONTEXT ( 'automotive_design' ) ;
#896 = DIRECTION ( 'NONE',  ( -0.000000000000000000, 0.000000000000000000, -1.000000000000000000 ) ) ;
#897 = EDGE_LOOP ( 'NONE', ( #336, #1672, #1863, #272 ) ) ;
#898 = CARTESIAN_POINT ( 'NONE',  ( 14.99999999999998401, 3.624612354183939085E-15, 22.00000000000001421 ) ) ;
#899 = ADVANCED_FACE ( 'NONE', ( #167 ), #1257, .F. ) ;
#900 = CIRCLE ( 'NONE', #1217, 2.000000000000000000 ) ;
#901 = DIRECTION ( 'NONE',  ( 0.000000000000000000, 0.000000000000000000, 1.000000000000000000 ) ) ;
#902 = ORIENTED_EDGE ( 'NONE', *, *, #105, .F. ) ;
#903 = CARTESIAN_POINT ( 'NONE',  ( -11.50000000000000355, -42.21064267133819925, 9.000000000000000000 ) ) ;
#904 = VECTOR ( 'NONE', #1351, 1000.000000000000000 ) ;
#905 = CARTESIAN_POINT ( 'NONE',  ( 12.50000000000000000, -42.21064267133819925, 7.500000000000000000 ) ) ;
#906 = AXIS2_PLACEMENT_3D ( 'NONE', #1010, #724, #884 ) ;
#907 = DIRECTION ( 'NONE',  ( -1.000000000000000000, -2.140784458307804350E-16, -2.262288689053293121E-16 ) ) ;
#908 = EDGE_CURVE ( 'NONE', #1681, #83, #1377, .T. ) ;
#909 = ORIENTED_EDGE ( 'NONE', *, *, #466, .T. ) ;
#910 = DIRECTION ( 'NONE',  ( 1.000000000000000000, 2.140784458307804350E-16, 2.262288689053293121E-16 ) ) ;
#911 = ADVANCED_FACE ( 'NONE', ( #933 ), #1112, .T. ) ;
#912 = CARTESIAN_POINT ( 'NONE',  ( 15.99999999999999289, 13.50000000000000000, 35.00000000000000000 ) ) ;
#913 = DIRECTION ( 'NONE',  ( 1.000000000000000000, 0.000000000000000000, -0.000000000000000000 ) ) ;
#914 = ORIENTED_EDGE ( 'NONE', *, *, #813, .F. ) ;
#915 = LINE ( 'NONE', #1774, #465 ) ;
#916 = DIRECTION ( 'NONE',  ( 0.000000000000000000, 0.000000000000000000, -1.000000000000000000 ) ) ;
#917 = AXIS2_PLACEMENT_3D ( 'NONE', #515, #489, #780 ) ;
#918 = EDGE_LOOP ( 'NONE', ( #1949, #1243, #24, #141, #192, #1014, #733, #266, #1095, #1317, #1281, #921, #1371, #532, #1482, #1727, #417, #1301, #1864, #870, #1475, #307, #1486, #1686, #790, #1930, #1519, #1398, #966 ) ) ;
#919 = CARTESIAN_POINT ( 'NONE',  ( 12.50000000000000178, 13.50000000000000000, 9.000000000000000000 ) ) ;
#920 = EDGE_CURVE ( 'NONE', #150, #381, #147, .T. ) ;
#921 = ORIENTED_EDGE ( 'NONE', *, *, #627, .T. ) ;
#922 = LINE ( 'NONE', #443, #814 ) ;
#923 = CARTESIAN_POINT ( 'NONE',  ( -14.00000000000000711, 13.50000000000000000, 35.00000000000000000 ) ) ;
#924 = ORIENTED_EDGE ( 'NONE', *, *, #139, .F. ) ;
#925 = VECTOR ( 'NONE', #1372, 1000.000000000000000 ) ;
#926 = AXIS2_PLACEMENT_3D ( 'NONE', #959, #232, #796 ) ;
#927 = CARTESIAN_POINT ( 'NONE',  ( -9.050000000000000711, -6.500000000000000000, -5.541526766141772948E-16 ) ) ;
#928 = VERTEX_POINT ( 'NONE', #1669 ) ;
#929 = DIRECTION ( 'NONE',  ( -1.000000000000000000, 0.000000000000000000, 0.000000000000000000 ) ) ;
#930 = EDGE_LOOP ( 'NONE', ( #1139, #1044, #729, #715 ) ) ;
#931 = CARTESIAN_POINT ( 'NONE',  ( -16.00000000000000711, 11.50000000000000000, 26.25000000000000355 ) ) ;
#932 = EDGE_CURVE ( 'NONE', #597, #205, #1071, .T. ) ;
#933 = FACE_OUTER_BOUND ( 'NONE', #691, .T. ) ;
#934 = EDGE_LOOP ( 'NONE', ( #163, #778, #1472, #505 ) ) ;
#935 = AXIS2_PLACEMENT_3D ( 'NONE', #743, #1175, #1345 ) ;
#936 = LINE ( 'NONE', #1663, #1557 ) ;
#937 = DIRECTION ( 'NONE',  ( -0.000000000000000000, -0.000000000000000000, 1.000000000000000000 ) ) ;
#938 = EDGE_LOOP ( 'NONE', ( #1770, #73, #28, #1374 ) ) ;
#939 = DIRECTION ( 'NONE',  ( 1.000000000000000000, -0.000000000000000000, -0.000000000000000000 ) ) ;
#940 = CARTESIAN_POINT ( 'NONE',  ( 9.050000000000000711, 6.500000000000000000, -5.541526766141772948E-16 ) ) ;
#941 = CARTESIAN_POINT ( 'NONE',  ( 0.000000000000000000, -6.500000000000000000, 0.000000000000000000 ) ) ;
#942 = ORIENTED_EDGE ( 'NONE', *, *, #1524, .T. ) ;
#943 = CARTESIAN_POINT ( 'NONE',  ( 9.050000000000000711, 6.500000000000000000, -1.030776406404414258 ) ) ;
#944 = EDGE_LOOP ( 'NONE', ( #88, #431, #499, #1249, #452, #1344, #1091, #1029 ) ) ;
#945 = LINE ( 'NONE', #1843, #1637 ) ;
#946 = VERTEX_POINT ( 'NONE', #1820 ) ;
#947 = CARTESIAN_POINT ( 'NONE',  ( -12.00000000000000533, 13.50000000000000000, 33.00000000000000000 ) ) ;
#948 = DIRECTION ( 'NONE',  ( 1.000000000000000000, 0.000000000000000000, 0.000000000000000000 ) ) ;
#949 = VERTEX_POINT ( 'NONE', #1368 ) ;
#950 = LINE ( 'NONE', #1114, #382 ) ;
#951 = VERTEX_POINT ( 'NONE', #625 ) ;
#952 = CARTESIAN_POINT ( 'NONE',  ( 11.05000000000000071, -6.500000000000000000, 4.999999999999999112 ) ) ;
#953 = CIRCLE ( 'NONE', #120, 3.250000000000002665 ) ;
#954 = ORIENTED_EDGE ( 'NONE', *, *, #709, .T. ) ;
#955 = VECTOR ( 'NONE', #1691, 1000.000000000000000 ) ;
#956 = EDGE_CURVE ( 'NONE', #1073, #626, #317, .T. ) ;
#957 = CARTESIAN_POINT ( 'NONE',  ( -16.00000000000000711, -11.50000000000000178, 0.000000000000000000 ) ) ;
#958 = ORIENTED_EDGE ( 'NONE', *, *, #528, .T. ) ;
#959 = CARTESIAN_POINT ( 'NONE',  ( -12.50000000000000000, -42.21064267133819925, 7.500000000000000000 ) ) ;
#960 = DIRECTION ( 'NONE',  ( 0.000000000000000000, 1.000000000000000000, -0.000000000000000000 ) ) ;
#961 = CARTESIAN_POINT ( 'NONE',  ( 9.050000000000000711, 13.50000000000000000, 1.899999999999999245 ) ) ;
#962 = ORIENTED_EDGE ( 'NONE', *, *, #604, .T. ) ;
#963 = LINE ( 'NONE', #355, #1309 ) ;
#964 = ORIENTED_EDGE ( 'NONE', *, *, #1734, .T. ) ;
#965 = DIRECTION ( 'NONE',  ( -0.000000000000000000, -0.000000000000000000, -1.000000000000000000 ) ) ;
#966 = ORIENTED_EDGE ( 'NONE', *, *, #1064, .F. ) ;
#967 = EDGE_CURVE ( 'NONE', #1367, #1477, #342, .T. ) ;
#968 = FACE_OUTER_BOUND ( 'NONE', #445, .T. ) ;
#969 = ORIENTED_EDGE ( 'NONE', *, *, #1196, .T. ) ;
#970 = PLANE ( 'NONE',  #241 ) ;
#971 = VECTOR ( 'NONE', #407, 1000.000000000000000 ) ;
#972 = AXIS2_PLACEMENT_3D ( 'NONE', #838, #208, #1299 ) ;
#973 = CARTESIAN_POINT ( 'NONE',  ( 15.99999999999998224, 3.425255133292483411E-15, 17.75000000000001066 ) ) ;
#974 = PLANE ( 'NONE',  #718 ) ;
#975 = AXIS2_PLACEMENT_3D ( 'NONE', #1338, #564, #1845 ) ;
#976 = DIRECTION ( 'NONE',  ( -0.000000000000000000, -0.000000000000000000, 1.000000000000000000 ) ) ;
#977 = EDGE_CURVE ( 'NONE', #1680, #400, #922, .T. ) ;
#978 = VECTOR ( 'NONE', #324, 1000.000000000000000 ) ;
#979 = MANIFOLD_SOLID_BREP ( 'Boss-Extrude6', #1682 ) ;
#980 = DIRECTION ( 'NONE',  ( -0.000000000000000000, -1.000000000000000000, -0.000000000000000000 ) ) ;
#981 = EDGE_LOOP ( 'NONE', ( #518, #1620, #154, #180 ) ) ;
#982 = DIRECTION ( 'NONE',  ( 0.000000000000000000, 1.000000000000000000, 0.000000000000000000 ) ) ;
#983 = LINE ( 'NONE', #846, #1360 ) ;
#984 = ORIENTED_EDGE ( 'NONE', *, *, #932, .F. ) ;
#985 = EDGE_CURVE ( 'NONE', #51, #487, #829, .T. ) ;
#986 = DIRECTION ( 'NONE',  ( 0.000000000000000000, 0.000000000000000000, -1.000000000000000000 ) ) ;
#987 = FACE_OUTER_BOUND ( 'NONE', #1413, .T. ) ;
#988 = ORIENTED_EDGE ( 'NONE', *, *, #1667, .F. ) ;
#989 = DIRECTION ( 'NONE',  ( 1.000000000000000000, 2.140784458307804350E-16, 2.262288689053293121E-16 ) ) ;
#990 = VERTEX_POINT ( 'NONE', #328 ) ;
#991 = CARTESIAN_POINT ( 'NONE',  ( -14.00000000000000711, 11.50000000000000000, 35.00000000000000000 ) ) ;
#992 = CARTESIAN_POINT ( 'NONE',  ( 11.05000000000000071, 13.50000000000000000, 4.999999999999999112 ) ) ;
#993 = CIRCLE ( 'NONE', #1359, 6.000000000000000000 ) ;
#994 = FACE_OUTER_BOUND ( 'NONE', #1070, .T. ) ;
#995 =( NAMED_UNIT ( * ) SI_UNIT ( $, .STERADIAN. ) SOLID_ANGLE_UNIT ( ) );
#996 = AXIS2_PLACEMENT_3D ( 'NONE', #1541, #467, #1090 ) ;
#997 = ADVANCED_FACE ( 'NONE', ( #1234 ), #1828, .T. ) ;
#998 = DIRECTION ( 'NONE',  ( 1.000000000000000000, 0.000000000000000000, 0.000000000000000000 ) ) ;
#999 = ORIENTED_EDGE ( 'NONE', *, *, #1016, .T. ) ;
#1000 = CARTESIAN_POINT ( 'NONE',  ( -14.00000000000000533, 23.00000000000000000, 26.25000000000000355 ) ) ;
#1001 = FACE_OUTER_BOUND ( 'NONE', #1777, .T. ) ;
#1002 = EDGE_CURVE ( 'NONE', #1159, #492, #945, .T. ) ;
#1003 = VECTOR ( 'NONE', #1568, 1000.000000000000000 ) ;
#1004 = DIRECTION ( 'NONE',  ( -1.000000000000000000, 0.000000000000000000, 0.000000000000000000 ) ) ;
#1005 = VECTOR ( 'NONE', #1004, 1000.000000000000000 ) ;
#1006 = DIRECTION ( 'NONE',  ( 1.000000000000000000, 2.140784458307804350E-16, 2.262288689053293121E-16 ) ) ;
#1007 = EDGE_LOOP ( 'NONE', ( #203, #1822 ) ) ;
#1008 = ORIENTED_EDGE ( 'NONE', *, *, #67, .F. ) ;
#1009 = LINE ( 'NONE', #1604, #1298 ) ;
#1010 = CARTESIAN_POINT ( 'NONE',  ( -9.425000000000000711, 6.000000000000000000, 1.899999999999999245 ) ) ;
#1011 = CARTESIAN_POINT ( 'NONE',  ( -11.50000000000000355, 13.50000000000000000, 9.000000000000000000 ) ) ;
#1012 = ORIENTED_EDGE ( 'NONE', *, *, #1171, .F. ) ;
#1013 = CARTESIAN_POINT ( 'NONE',  ( -10.00000000000000533, -6.500000000000000000, 11.00000000000000000 ) ) ;
#1014 = ORIENTED_EDGE ( 'NONE', *, *, #878, .T. ) ;
#1015 = ADVANCED_FACE ( 'NONE', ( #968 ), #44, .T. ) ;
#1016 = EDGE_CURVE ( 'NONE', #199, #834, #350, .T. ) ;
#1017 = CARTESIAN_POINT ( 'NONE',  ( 13.99999999999998401, 2.997098241630923034E-15, 17.75000000000001066 ) ) ;
#1018 = LINE ( 'NONE', #1605, #479 ) ;
#1019 = CARTESIAN_POINT ( 'NONE',  ( -9.425000000000000711, 6.000000000000000000, -1.030776406404414258 ) ) ;
#1020 = ORIENTED_EDGE ( 'NONE', *, *, #348, .T. ) ;
#1021 = CIRCLE ( 'NONE', #1238, 3.750000000000000000 ) ;
#1022 = CIRCLE ( 'NONE', #906, 0.6250000000000005551 ) ;
#1023 = CARTESIAN_POINT ( 'NONE',  ( -12.00000000000000711, -10.97213595499957783, 11.00000000000000000 ) ) ;
#1024 = VERTEX_POINT ( 'NONE', #957 ) ;
#1025 = CARTESIAN_POINT ( 'NONE',  ( -1.000000000000000000, -6.499999999999998224, 0.000000000000000000 ) ) ;
#1026 = CARTESIAN_POINT ( 'NONE',  ( 12.50000000000000000, -6.499999999999999112, 7.500000000000000000 ) ) ;
#1027 = ADVANCED_FACE ( 'NONE', ( #1419 ), #1561, .F. ) ;
#1028 = CARTESIAN_POINT ( 'NONE',  ( -12.50000000000000000, 13.50000000000000000, 7.500000000000000000 ) ) ;
#1029 = ORIENTED_EDGE ( 'NONE', *, *, #223, .T. ) ;
#1030 = PLANE ( 'NONE',  #1874 ) ;
#1031 = PRODUCT_DEFINITION ( 'UNKNOWN', '', #1082, #127 ) ;
#1032 = EDGE_CURVE ( 'NONE', #781, #577, #164, .T. ) ;
#1033 = CARTESIAN_POINT ( 'NONE',  ( -9.050000000000000711, -6.500000000000000000, 1.899999999999999245 ) ) ;
#1034 = VECTOR ( 'NONE', #1474, 1000.000000000000000 ) ;
#1035 = ORIENTED_EDGE ( 'NONE', *, *, #376, .T. ) ;
#1036 = LINE ( 'NONE', #1489, #301 ) ;
#1037 = PLANE ( 'NONE',  #1545 ) ;
#1038 = EDGE_CURVE ( 'NONE', #175, #438, #15, .T. ) ;
#1039 = EDGE_LOOP ( 'NONE', ( #842, #1507, #1241, #1543 ) ) ;
#1040 = FACE_OUTER_BOUND ( 'NONE', #1473, .T. ) ;
#1041 = EDGE_CURVE ( 'NONE', #767, #951, #1707, .T. ) ;
#1042 = ADVANCED_FACE ( 'NONE', ( #1549 ), #311, .F. ) ;
#1043 = FACE_OUTER_BOUND ( 'NONE', #1904, .T. ) ;
#1044 = ORIENTED_EDGE ( 'NONE', *, *, #1659, .T. ) ;
#1045 = DIRECTION ( 'NONE',  ( -0.000000000000000000, -0.000000000000000000, -1.000000000000000000 ) ) ;
#1046 = LINE ( 'NONE', #506, #1347 ) ;
#1047 = ORIENTED_EDGE ( 'NONE', *, *, #1310, .T. ) ;
#1048 = CARTESIAN_POINT ( 'NONE',  ( -16.00000000000000711, -13.50000000000000000, 0.000000000000000000 ) ) ;
#1049 = EDGE_CURVE ( 'NONE', #1587, #253, #1693, .T. ) ;
#1050 = AXIS2_PLACEMENT_3D ( 'NONE', #172, #1385, #1540 ) ;
#1051 = ADVANCED_FACE ( 'NONE', ( #1833 ), #785, .F. ) ;
#1052 = VERTEX_POINT ( 'NONE', #1675 ) ;
#1053 = DIRECTION ( 'NONE',  ( -0.000000000000000000, -0.000000000000000000, -1.000000000000000000 ) ) ;
#1054 = VERTEX_POINT ( 'NONE', #1392 ) ;
#1055 = LINE ( 'NONE', #142, #156 ) ;
#1056 = DIRECTION ( 'NONE',  ( 0.000000000000000000, -0.000000000000000000, 1.000000000000000000 ) ) ;
#1057 = ORIENTED_EDGE ( 'NONE', *, *, #1588, .T. ) ;
#1058 = DIRECTION ( 'NONE',  ( -1.000000000000000000, -1.239088197126290570E-16, 0.000000000000000000 ) ) ;
#1059 = EDGE_CURVE ( 'NONE', #1052, #626, #358, .T. ) ;
#1060 = AXIS2_PLACEMENT_3D ( 'NONE', #1529, #777, #1383 ) ;
#1061 = VECTOR ( 'NONE', #82, 1000.000000000000000 ) ;
#1062 = DIRECTION ( 'NONE',  ( 0.000000000000000000, 0.000000000000000000, -1.000000000000000000 ) ) ;
#1063 = ORIENTED_EDGE ( 'NONE', *, *, #1585, .F. ) ;
#1064 = EDGE_CURVE ( 'NONE', #1491, #83, #1120, .T. ) ;
#1065 = DIRECTION ( 'NONE',  ( -1.000000000000000000, 0.000000000000000000, 0.000000000000000000 ) ) ;
#1066 = VECTOR ( 'NONE', #1900, 1000.000000000000000 ) ;
#1067 = CARTESIAN_POINT ( 'NONE',  ( -11.50000000000000178, -6.499999999999999112, 12.99999999999999822 ) ) ;
#1068 = ORIENTED_EDGE ( 'NONE', *, *, #1704, .T. ) ;
#1069 = PLANE ( 'NONE',  #1798 ) ;
#1070 = EDGE_LOOP ( 'NONE', ( #792, #475, #962, #664, #257, #999, #1447, #1819 ) ) ;
#1071 = LINE ( 'NONE', #1658, #453 ) ;
#1072 = CARTESIAN_POINT ( 'NONE',  ( 11.05000000000000071, 13.50000000000000000, 1.899999999999999245 ) ) ;
#1073 = VERTEX_POINT ( 'NONE', #335 ) ;
#1074 = PRODUCT_CONTEXT ( 'NONE', #895, 'mechanical' ) ;
#1075 = CARTESIAN_POINT ( 'NONE',  ( 12.50000000000000178, -42.21064267133819925, 9.000000000000000000 ) ) ;
#1076 = EDGE_CURVE ( 'NONE', #1181, #802, #170, .T. ) ;
#1077 = LINE ( 'NONE', #1664, #543 ) ;
#1078 = EDGE_LOOP ( 'NONE', ( #320, #1177, #1227, #683 ) ) ;
#1079 = FACE_OUTER_BOUND ( 'NONE', #1690, .T. ) ;
#1080 = VERTEX_POINT ( 'NONE', #1852 ) ;
#1081 = EDGE_LOOP ( 'NONE', ( #1665, #125, #130, #984 ) ) ;
#1082 = PRODUCT_DEFINITION_FORMATION_WITH_SPECIFIED_SOURCE ( 'ANY', '', #1237, .NOT_KNOWN. ) ;
#1083 = SHAPE_DEFINITION_REPRESENTATION ( #607, #648 ) ;
#1084 = CIRCLE ( 'NONE', #588, 4.249999999999998224 ) ;
#1085 = FACE_OUTER_BOUND ( 'NONE', #1255, .T. ) ;
#1086 = AXIS2_PLACEMENT_3D ( 'NONE', #1809, #26, #1523 ) ;
#1087 = CARTESIAN_POINT ( 'NONE',  ( -12.00000000000000533, -10.97213595499957783, 33.00000000000000000 ) ) ;
#1088 = ORIENTED_EDGE ( 'NONE', *, *, #843, .F. ) ;
#1089 = DIRECTION ( 'NONE',  ( 0.000000000000000000, 1.000000000000000000, 0.000000000000000000 ) ) ;
#1090 = DIRECTION ( 'NONE',  ( -0.5999999999999995337, 0.000000000000000000, -0.8000000000000003775 ) ) ;
#1091 = ORIENTED_EDGE ( 'NONE', *, *, #1032, .T. ) ;
#1092 = VECTOR ( 'NONE', #1006, 1000.000000000000000 ) ;
#1093 = EDGE_CURVE ( 'NONE', #1052, #1787, #462, .T. ) ;
#1094 = PLANE ( 'NONE',  #1714 ) ;
#1095 = ORIENTED_EDGE ( 'NONE', *, *, #1754, .T. ) ;
#1096 = CIRCLE ( 'NONE', #605, 0.6250000000000005551 ) ;
#1097 = DIRECTION ( 'NONE',  ( 0.000000000000000000, 1.000000000000000000, 0.000000000000000000 ) ) ;
#1098 = ORIENTED_EDGE ( 'NONE', *, *, #908, .F. ) ;
#1099 = CARTESIAN_POINT ( 'NONE',  ( -14.00000000000000711, -13.50000000000000000, 35.00000000000000000 ) ) ;
#1100 = CIRCLE ( 'NONE', #840, 2.000000000000000000 ) ;
#1101 = EDGE_CURVE ( 'NONE', #400, #1918, #1077, .T. ) ;
#1102 = DIRECTION ( 'NONE',  ( -0.000000000000000000, 0.000000000000000000, -1.000000000000000000 ) ) ;
#1103 = FACE_OUTER_BOUND ( 'NONE', #77, .T. ) ;
#1104 = CARTESIAN_POINT ( 'NONE',  ( 11.50000000000000000, 3.136695245058944019E-15, 21.07500000000001350 ) ) ;
#1105 = ORIENTED_EDGE ( 'NONE', *, *, #1129, .F. ) ;
#1106 = LINE ( 'NONE', #766, #955 ) ;
#1107 = ORIENTED_EDGE ( 'NONE', *, *, #765, .T. ) ;
#1108 = DIRECTION ( 'NONE',  ( -1.000000000000000000, 0.000000000000000000, 0.000000000000000000 ) ) ;
#1109 = ORIENTED_EDGE ( 'NONE', *, *, #1388, .T. ) ;
#1110 = DIRECTION ( 'NONE',  ( 0.000000000000000000, 0.000000000000000000, -1.000000000000000000 ) ) ;
#1111 = ADVANCED_FACE ( 'NONE', ( #1518 ), #1373, .T. ) ;
#1112 = PLANE ( 'NONE',  #680 ) ;
#1113 = CARTESIAN_POINT ( 'NONE',  ( -10.00000000000000533, 13.50000000000000000, 11.00000000000000000 ) ) ;
#1114 = CARTESIAN_POINT ( 'NONE',  ( -12.00000000000000711, -6.500000000000000000, 11.00000000000000000 ) ) ;
#1115 = VERTEX_POINT ( 'NONE', #1242 ) ;
#1116 = DIRECTION ( 'NONE',  ( 4.081702296416018462E-16, 0.000000000000000000, -1.000000000000000000 ) ) ;
#1117 = ORIENTED_EDGE ( 'NONE', *, *, #1576, .F. ) ;
#1118 = AXIS2_PLACEMENT_3D ( 'NONE', #835, #79, #525 ) ;
#1119 = VECTOR ( 'NONE', #1854, 1000.000000000000000 ) ;
#1120 = LINE ( 'NONE', #449, #1810 ) ;
#1121 = EDGE_LOOP ( 'NONE', ( #1573, #612, #1616, #1268, #1907, #349, #1955, #1068 ) ) ;
#1122 = LINE ( 'NONE', #57, #267 ) ;
#1123 = EDGE_CURVE ( 'NONE', #1676, #990, #385, .T. ) ;
#1124 = CARTESIAN_POINT ( 'NONE',  ( 9.050000000000000711, -6.500000000000000000, -5.541526766141772948E-16 ) ) ;
#1125 = CARTESIAN_POINT ( 'NONE',  ( 15.99999999999999289, 11.50000000000000000, 35.00000000000000000 ) ) ;
#1126 = CARTESIAN_POINT ( 'NONE',  ( 12.50000000000000178, -6.499999999999999112, 9.000000000000000000 ) ) ;
#1127 = CARTESIAN_POINT ( 'NONE',  ( -10.00000000000000178, 13.50000000000000000, 31.00000000000000000 ) ) ;
#1128 = EDGE_LOOP ( 'NONE', ( #1703, #749, #570, #1468 ) ) ;
#1129 = EDGE_CURVE ( 'NONE', #487, #577, #1140, .T. ) ;
#1130 = ORIENTED_EDGE ( 'NONE', *, *, #1343, .T. ) ;
#1131 = DIRECTION ( 'NONE',  ( 1.000000000000000000, -1.239088197126290570E-16, 0.000000000000000000 ) ) ;
#1132 = LINE ( 'NONE', #1436, #1119 ) ;
#1133 = ORIENTED_EDGE ( 'NONE', *, *, #1466, .T. ) ;
#1134 = DIRECTION ( 'NONE',  ( -8.673617379884033007E-17, 0.000000000000000000, -1.000000000000000000 ) ) ;
#1135 = LINE ( 'NONE', #1412, #153 ) ;
#1136 = CARTESIAN_POINT ( 'NONE',  ( 12.50000000000000000, -6.499999999999999112, 7.500000000000000000 ) ) ;
#1137 = CARTESIAN_POINT ( 'NONE',  ( -12.00000000000000533, -6.500000000000000000, 31.00000000000000000 ) ) ;
#1138 = ORIENTED_EDGE ( 'NONE', *, *, #1262, .F. ) ;
#1139 = ORIENTED_EDGE ( 'NONE', *, *, #1765, .F. ) ;
#1140 = LINE ( 'NONE', #1289, #1805 ) ;
#1141 = CYLINDRICAL_SURFACE ( 'NONE', #502, 3.324999999999999734 ) ;
#1142 = DIRECTION ( 'NONE',  ( -1.000000000000000000, 0.000000000000000000, 0.000000000000000000 ) ) ;
#1143 = CARTESIAN_POINT ( 'NONE',  ( -1.000000000000000000, -6.499999999999998224, 33.00000000000000000 ) ) ;
#1144 = FACE_OUTER_BOUND ( 'NONE', #1764, .T. ) ;
#1145 = CYLINDRICAL_SURFACE ( 'NONE', #1701, 2.000000000000000000 ) ;
#1146 = VECTOR ( 'NONE', #1325, 1000.000000000000000 ) ;
#1147 = EDGE_LOOP ( 'NONE', ( #1406, #1350, #107, #1935 ) ) ;
#1148 = FACE_OUTER_BOUND ( 'NONE', #1039, .T. ) ;
#1149 = LINE ( 'NONE', #1742, #1493 ) ;
#1150 = ORIENTED_EDGE ( 'NONE', *, *, #1765, .T. ) ;
#1151 = CARTESIAN_POINT ( 'NONE',  ( -12.50000000000000000, -6.499999999999999112, 7.500000000000000000 ) ) ;
#1152 = CARTESIAN_POINT ( 'NONE',  ( -1.000000000000000888, -6.499999999999999112, 33.00000000000000000 ) ) ;
#1153 = AXIS2_PLACEMENT_3D ( 'NONE', #827, #1432, #444 ) ;
#1154 = CARTESIAN_POINT ( 'NONE',  ( -12.50000000000000178, 13.50000000000000000, 9.000000000000000000 ) ) ;
#1155 = ORIENTED_EDGE ( 'NONE', *, *, #1578, .F. ) ;
#1156 = AXIS2_PLACEMENT_3D ( 'NONE', #1932, #432, #554 ) ;
#1157 = VECTOR ( 'NONE', #1056, 1000.000000000000000 ) ;
#1158 = LINE ( 'NONE', #649, #867 ) ;
#1159 = VERTEX_POINT ( 'NONE', #1745 ) ;
#1160 = DIRECTION ( 'NONE',  ( 1.239088197126290570E-16, 1.000000000000000000, 0.000000000000000000 ) ) ;
#1161 = DIRECTION ( 'NONE',  ( 1.445602896647339163E-16, 0.000000000000000000, -1.000000000000000000 ) ) ;
#1162 = ORIENTED_EDGE ( 'NONE', *, *, #610, .F. ) ;
#1163 = DIRECTION ( 'NONE',  ( 1.000000000000000000, 2.140784458307804350E-16, 2.262288689053293121E-16 ) ) ;
#1164 = DIRECTION ( 'NONE',  ( -0.000000000000000000, 1.000000000000000000, -0.000000000000000000 ) ) ;
#1165 = ORIENTED_EDGE ( 'NONE', *, *, #200, .T. ) ;
#1166 = EDGE_CURVE ( 'NONE', #1680, #189, #148, .T. ) ;
#1167 = ORIENTED_EDGE ( 'NONE', *, *, #200, .F. ) ;
#1168 = LINE ( 'NONE', #712, #427 ) ;
#1169 = CARTESIAN_POINT ( 'NONE',  ( 1.000000000000000000, -6.499999999999998224, 7.500000000000000000 ) ) ;
#1170 = LINE ( 'NONE', #126, #1403 ) ;
#1171 = EDGE_CURVE ( 'NONE', #135, #494, #1435, .T. ) ;
#1172 = VECTOR ( 'NONE', #782, 1000.000000000000000 ) ;
#1173 = AXIS2_PLACEMENT_3D ( 'NONE', #666, #85, #1283 ) ;
#1174 = ORIENTED_EDGE ( 'NONE', *, *, #1059, .T. ) ;
#1175 = DIRECTION ( 'NONE',  ( 1.000000000000000000, 2.140784458307804350E-16, 2.262288689053293121E-16 ) ) ;
#1176 = EDGE_CURVE ( 'NONE', #990, #56, #242, .T. ) ;
#1177 = ORIENTED_EDGE ( 'NONE', *, *, #798, .T. ) ;
#1178 = DIRECTION ( 'NONE',  ( -1.445602896647339163E-16, 0.000000000000000000, 1.000000000000000000 ) ) ;
#1179 = DIRECTION ( 'NONE',  ( 1.000000000000000000, 2.140784458307804350E-16, 2.262288689053293121E-16 ) ) ;
#1180 = ADVANCED_FACE ( 'NONE', ( #1883 ), #374, .F. ) ;
#1181 = VERTEX_POINT ( 'NONE', #359 ) ;
#1182 = LINE ( 'NONE', #1635, #904 ) ;
#1183 = VERTEX_POINT ( 'NONE', #694 ) ;
#1184 = EDGE_CURVE ( 'NONE', #373, #858, #705, .T. ) ;
#1185 = VECTOR ( 'NONE', #1261, 1000.000000000000000 ) ;
#1186 = ORIENTED_EDGE ( 'NONE', *, *, #1597, .T. ) ;
#1187 = CARTESIAN_POINT ( 'NONE',  ( -10.00000000000000533, -6.500000000000000888, 11.00000000000000000 ) ) ;
#1188 = VECTOR ( 'NONE', #716, 1000.000000000000000 ) ;
#1189 = EDGE_LOOP ( 'NONE', ( #719, #1853, #1760, #1912 ) ) ;
#1190 = CIRCLE ( 'NONE', #1839, 2.000000000000000000 ) ;
#1191 = EDGE_CURVE ( 'NONE', #1080, #1587, #235, .T. ) ;
#1192 = DIRECTION ( 'NONE',  ( 0.000000000000000000, 0.000000000000000000, -1.000000000000000000 ) ) ;
#1193 = CYLINDRICAL_SURFACE ( 'NONE', #890, 3.750000000000000000 ) ;
#1194 = ORIENTED_EDGE ( 'NONE', *, *, #889, .F. ) ;
#1195 = LINE ( 'NONE', #1788, #1034 ) ;
#1196 = EDGE_CURVE ( 'NONE', #1054, #834, #993, .T. ) ;
#1197 = APPLICATION_CONTEXT ( 'automotive_design' ) ;
#1198 = FACE_OUTER_BOUND ( 'NONE', #1081, .T. ) ;
#1199 = VERTEX_POINT ( 'NONE', #1865 ) ;
#1200 = CARTESIAN_POINT ( 'NONE',  ( 11.50000000000000000, 2.461902127053975323E-15, 17.75000000000001066 ) ) ;
#1201 = ADVANCED_FACE ( 'NONE', ( #214 ), #1282, .T. ) ;
#1202 = DIRECTION ( 'NONE',  ( 1.000000000000000000, 0.000000000000000000, 0.000000000000000000 ) ) ;
#1203 = ORIENTED_EDGE ( 'NONE', *, *, #1101, .T. ) ;
#1204 = CARTESIAN_POINT ( 'NONE',  ( -14.00000000000000711, 13.50000000000000000, 12.99999999999999822 ) ) ;
#1205 = FACE_BOUND ( 'NONE', #1498, .T. ) ;
#1206 = CIRCLE ( 'NONE', #370, 0.6250000000000005551 ) ;
#1207 = EDGE_CURVE ( 'NONE', #744, #1052, #1458, .T. ) ;
#1208 = LINE ( 'NONE', #1467, #971 ) ;
#1209 = ORIENTED_EDGE ( 'NONE', *, *, #1789, .F. ) ;
#1210 = CARTESIAN_POINT ( 'NONE',  ( 14.99999999999998934, 3.777458460057350911E-15, 21.50000000000001066 ) ) ;
#1211 = DIRECTION ( 'NONE',  ( 0.8000000000000005995, 0.000000000000000000, -0.5999999999999990896 ) ) ;
#1212 = EDGE_LOOP ( 'NONE', ( #527, #1138, #351, #1236, #1294, #1801 ) ) ;
#1213 = CARTESIAN_POINT ( 'NONE',  ( 14.99999999999998579, 3.211176687461703617E-15, 17.75000000000001066 ) ) ;
#1214 = LINE ( 'NONE', #1705, #1749 ) ;
#1215 = EDGE_CURVE ( 'NONE', #547, #509, #1084, .T. ) ;
#1216 = DIRECTION ( 'NONE',  ( -1.000000000000000000, 0.000000000000000000, 0.000000000000000000 ) ) ;
#1217 = AXIS2_PLACEMENT_3D ( 'NONE', #371, #89, #1271 ) ;
#1218 = DIRECTION ( 'NONE',  ( 8.673617379884033007E-17, 0.000000000000000000, 1.000000000000000000 ) ) ;
#1219 = ORIENTED_EDGE ( 'NONE', *, *, #1799, .F. ) ;
#1220 = CIRCLE ( 'NONE', #1156, 4.250000000000001776 ) ;
#1221 = DIRECTION ( 'NONE',  ( 1.000000000000000000, -0.000000000000000000, -0.000000000000000000 ) ) ;
#1222 = CARTESIAN_POINT ( 'NONE',  ( 1.000000000000000000, -7.249999999999999112, 33.00000000000000000 ) ) ;
#1223 = ORIENTED_EDGE ( 'NONE', *, *, #699, .T. ) ;
#1224 = CARTESIAN_POINT ( 'NONE',  ( -8.500000000000003553, 13.50000000000000000, 33.00000000000000000 ) ) ;
#1225 = ORIENTED_EDGE ( 'NONE', *, *, #956, .T. ) ;
#1226 = CARTESIAN_POINT ( 'NONE',  ( -11.05000000000000071, 13.50000000000000000, 1.899999999999999245 ) ) ;
#1227 = ORIENTED_EDGE ( 'NONE', *, *, #819, .T. ) ;
#1228 = LINE ( 'NONE', #1390, #134 ) ;
#1229 = VERTEX_POINT ( 'NONE', #519 ) ;
#1230 = EDGE_CURVE ( 'NONE', #1080, #1530, #69, .T. ) ;
#1231 = DIRECTION ( 'NONE',  ( -1.239088197126290570E-16, -1.000000000000000000, 0.000000000000000000 ) ) ;
#1232 = ORIENTED_EDGE ( 'NONE', *, *, #1465, .T. ) ;
#1233 = CARTESIAN_POINT ( 'NONE',  ( -12.00000000000000711, -6.499999999999999112, 12.99999999999999822 ) ) ;
#1234 = FACE_OUTER_BOUND ( 'NONE', #470, .T. ) ;
#1235 = ADVANCED_FACE ( 'NONE', ( #221 ), #1737, .F. ) ;
#1236 = ORIENTED_EDGE ( 'NONE', *, *, #561, .F. ) ;
#1237 = PRODUCT ( 'P001-B101_RearEnclosure_Rev2D-2', 'P001-B101_RearEnclosure_Rev2D-2', '', ( #1074 ) ) ;
#1238 = AXIS2_PLACEMENT_3D ( 'NONE', #285, #572, #1192 ) ;
#1239 = ADVANCED_FACE ( 'NONE', ( #1144 ), #1444, .T. ) ;
#1240 = LINE ( 'NONE', #1831, #74 ) ;
#1241 = ORIENTED_EDGE ( 'NONE', *, *, #745, .T. ) ;
#1242 = CARTESIAN_POINT ( 'NONE',  ( -10.00000000000000533, -6.500000000000000000, 14.99999999999999822 ) ) ;
#1243 = ORIENTED_EDGE ( 'NONE', *, *, #1653, .T. ) ;
#1244 = FACE_OUTER_BOUND ( 'NONE', #14, .T. ) ;
#1245 = EDGE_CURVE ( 'NONE', #1603, #51, #1009, .T. ) ;
#1246 = SURFACE_SIDE_STYLE ('',( #616 ) ) ;
#1247 = EDGE_CURVE ( 'NONE', #136, #135, #1303, .T. ) ;
#1248 = CARTESIAN_POINT ( 'NONE',  ( -16.00000000000000711, 3.980102097228899218E-16, 26.25000000000000355 ) ) ;
#1249 = ORIENTED_EDGE ( 'NONE', *, *, #1913, .T. ) ;
#1250 = VECTOR ( 'NONE', #416, 1000.000000000000000 ) ;
#1251 = DIRECTION ( 'NONE',  ( 1.000000000000000000, 2.140784458307804350E-16, 2.262288689053293121E-16 ) ) ;
#1252 = ORIENTED_EDGE ( 'NONE', *, *, #1588, .F. ) ;
#1253 = EDGE_CURVE ( 'NONE', #494, #1530, #562, .T. ) ;
#1254 = CARTESIAN_POINT ( 'NONE',  ( -12.00000000000000533, -10.97213595499957783, 33.00000000000000000 ) ) ;
#1255 = EDGE_LOOP ( 'NONE', ( #159, #1130, #1035, #497 ) ) ;
#1256 = DIRECTION ( 'NONE',  ( 0.000000000000000000, 0.000000000000000000, -1.000000000000000000 ) ) ;
#1257 = PLANE ( 'NONE',  #52 ) ;
#1258 = EDGE_CURVE ( 'NONE', #722, #1367, #1168, .T. ) ;
#1259 = CARTESIAN_POINT ( 'NONE',  ( -16.00000000000000711, -11.50000000000000178, 35.00000000000000000 ) ) ;
#1260 = VERTEX_POINT ( 'NONE', #401 ) ;
#1261 = DIRECTION ( 'NONE',  ( 1.000000000000000000, 2.140784458307804350E-16, 2.262288689053293121E-16 ) ) ;
#1262 = EDGE_CURVE ( 'NONE', #1870, #199, #1324, .T. ) ;
#1263 = CARTESIAN_POINT ( 'NONE',  ( -9.425000000000000711, 6.000000000000000000, 1.899999999999999245 ) ) ;
#1264 = VERTEX_POINT ( 'NONE', #1766 ) ;
#1265 = DIRECTION ( 'NONE',  ( 0.000000000000000000, 0.000000000000000000, -1.000000000000000000 ) ) ;
#1266 = DIRECTION ( 'NONE',  ( -0.000000000000000000, 0.000000000000000000, 1.000000000000000000 ) ) ;
#1267 = FACE_OUTER_BOUND ( 'NONE', #291, .T. ) ;
#1268 = ORIENTED_EDGE ( 'NONE', *, *, #187, .T. ) ;
#1269 = LINE ( 'NONE', #1067, #1528 ) ;
#1270 = ADVANCED_FACE ( 'NONE', ( #1631 ), #1479, .F. ) ;
#1271 = DIRECTION ( 'NONE',  ( 1.000000000000000000, 0.000000000000000000, 0.000000000000000000 ) ) ;
#1272 = VERTEX_POINT ( 'NONE', #1914 ) ;
#1273 = VECTOR ( 'NONE', #1581, 1000.000000000000000 ) ;
#1274 = AXIS2_PLACEMENT_3D ( 'NONE', #1366, #1531, #300 ) ;
#1275 = DIRECTION ( 'NONE',  ( 0.000000000000000000, 0.000000000000000000, 1.000000000000000000 ) ) ;
#1276 = FACE_OUTER_BOUND ( 'NONE', #592, .T. ) ;
#1277 = CARTESIAN_POINT ( 'NONE',  ( -12.00000000000000711, 13.50000000000000000, 14.99999999999999822 ) ) ;
#1278 = PLANE ( 'NONE',  #36 ) ;
#1279 = DIRECTION ( 'NONE',  ( 0.000000000000000000, -0.000000000000000000, -1.000000000000000000 ) ) ;
#1280 = CARTESIAN_POINT ( 'NONE',  ( -12.50000000000000000, 13.50000000000000000, 7.500000000000000000 ) ) ;
#1281 = ORIENTED_EDGE ( 'NONE', *, *, #1376, .T. ) ;
#1282 = CYLINDRICAL_SURFACE ( 'NONE', #1951, 2.000000000000000000 ) ;
#1283 = DIRECTION ( 'NONE',  ( -1.000000000000000000, 0.000000000000000000, -0.000000000000000000 ) ) ;
#1284 = VECTOR ( 'NONE', #1163, 1000.000000000000000 ) ;
#1285 = CARTESIAN_POINT ( 'NONE',  ( -1.000000000000000000, -6.499999999999998224, 42.28010988928051717 ) ) ;
#1286 = PLANE ( 'NONE',  #297 ) ;
#1287 = CARTESIAN_POINT ( 'NONE',  ( -14.00000000000000711, -13.50000000000000000, 0.000000000000000000 ) ) ;
#1288 = VERTEX_POINT ( 'NONE', #1210 ) ;
#1289 = CARTESIAN_POINT ( 'NONE',  ( -14.00000000000000711, 13.50000000000000000, 35.00000000000000000 ) ) ;
#1290 = CARTESIAN_POINT ( 'NONE',  ( 15.99999999999998224, 3.425255133292483411E-15, 17.75000000000001066 ) ) ;
#1291 = LINE ( 'NONE', #1204, #1748 ) ;
#1292 = VECTOR ( 'NONE', #800, 1000.000000000000000 ) ;
#1293 = CARTESIAN_POINT ( 'NONE',  ( -12.00000000000000533, -6.500000000000000000, 33.00000000000000000 ) ) ;
#1294 = ORIENTED_EDGE ( 'NONE', *, *, #675, .F. ) ;
#1295 = AXIS2_PLACEMENT_3D ( 'NONE', #471, #1662, #275 ) ;
#1296 = DIRECTION ( 'NONE',  ( 4.081702296416018462E-16, 0.000000000000000000, -1.000000000000000000 ) ) ;
#1297 = LINE ( 'NONE', #70, #182 ) ;
#1298 = VECTOR ( 'NONE', #1598, 1000.000000000000000 ) ;
#1299 = DIRECTION ( 'NONE',  ( 1.000000000000000000, 0.000000000000000000, 0.000000000000000000 ) ) ;
#1300 = CARTESIAN_POINT ( 'NONE',  ( -16.00000000000000711, -13.50000000000000000, 35.00000000000000000 ) ) ;
#1301 = ORIENTED_EDGE ( 'NONE', *, *, #1129, .T. ) ;
#1302 = ORIENTED_EDGE ( 'NONE', *, *, #1942, .T. ) ;
#1303 = LINE ( 'NONE', #1899, #1670 ) ;
#1304 = CARTESIAN_POINT ( 'NONE',  ( -12.00000000000000711, -6.500000000000000000, 14.99999999999999822 ) ) ;
#1305 = ORIENTED_EDGE ( 'NONE', *, *, #1123, .F. ) ;
#1306 = VECTOR ( 'NONE', #1906, 1000.000000000000000 ) ;
#1307 = DIRECTION ( 'NONE',  ( -1.000000000000000000, -0.000000000000000000, -0.000000000000000000 ) ) ;
#1308 = ORIENTED_EDGE ( 'NONE', *, *, #128, .T. ) ;
#1309 = VECTOR ( 'NONE', #198, 1000.000000000000000 ) ;
#1310 = EDGE_CURVE ( 'NONE', #1681, #1870, #418, .T. ) ;
#1311 = EDGE_LOOP ( 'NONE', ( #1794, #1225, #344, #759 ) ) ;
#1312 = DIRECTION ( 'NONE',  ( 0.000000000000000000, 0.000000000000000000, -1.000000000000000000 ) ) ;
#1313 = ORIENTED_EDGE ( 'NONE', *, *, #327, .F. ) ;
#1314 = DIRECTION ( 'NONE',  ( 0.000000000000000000, 0.000000000000000000, 1.000000000000000000 ) ) ;
#1315 = DIRECTION ( 'NONE',  ( -0.000000000000000000, 0.000000000000000000, -1.000000000000000000 ) ) ;
#1316 = EDGE_CURVE ( 'NONE', #555, #461, #1505, .T. ) ;
#1317 = ORIENTED_EDGE ( 'NONE', *, *, #610, .T. ) ;
#1318 = EDGE_LOOP ( 'NONE', ( #711, #1165, #875, #1420 ) ) ;
#1319 = DIRECTION ( 'NONE',  ( 0.000000000000000000, 0.000000000000000000, -1.000000000000000000 ) ) ;
#1320 = CIRCLE ( 'NONE', #917, 0.6250000000000005551 ) ;
#1321 = FACE_OUTER_BOUND ( 'NONE', #434, .T. ) ;
#1322 = EDGE_CURVE ( 'NONE', #1334, #1181, #915, .T. ) ;
#1323 = ORIENTED_EDGE ( 'NONE', *, *, #1258, .F. ) ;
#1324 = LINE ( 'NONE', #1335, #856 ) ;
#1325 = DIRECTION ( 'NONE',  ( -0.000000000000000000, 1.000000000000000000, -0.000000000000000000 ) ) ;
#1326 = ORIENTED_EDGE ( 'NONE', *, *, #878, .F. ) ;
#1327 = VERTEX_POINT ( 'NONE', #1025 ) ;
#1328 = DIRECTION ( 'NONE',  ( 1.239088197126290570E-16, -1.000000000000000000, 0.000000000000000000 ) ) ;
#1329 = ORIENTED_EDGE ( 'NONE', *, *, #315, .F. ) ;
#1330 = VECTOR ( 'NONE', #763, 1000.000000000000000 ) ;
#1331 = VECTOR ( 'NONE', #883, 1000.000000000000000 ) ;
#1332 = ORIENTED_EDGE ( 'NONE', *, *, #507, .F. ) ;
#1333 = CARTESIAN_POINT ( 'NONE',  ( 0.000000000000000000, -13.25000000000000000, 0.000000000000000000 ) ) ;
#1334 = VERTEX_POINT ( 'NONE', #409 ) ;
#1335 = CARTESIAN_POINT ( 'NONE',  ( -11.50000000000000000, -6.499999999999999112, 33.00000000000000000 ) ) ;
#1336 = DIRECTION ( 'NONE',  ( -0.000000000000000000, -1.000000000000000000, -0.000000000000000000 ) ) ;
#1337 = EDGE_CURVE ( 'NONE', #381, #1850, #1926, .T. ) ;
#1338 = CARTESIAN_POINT ( 'NONE',  ( 13.99999999999998401, 4.250000000000001776, 17.75000000000001066 ) ) ;
#1339 = ORIENTED_EDGE ( 'NONE', *, *, #849, .F. ) ;
#1340 = FACE_OUTER_BOUND ( 'NONE', #186, .T. ) ;
#1341 = ORIENTED_EDGE ( 'NONE', *, *, #1786, .F. ) ;
#1342 = CIRCLE ( 'NONE', #1589, 3.750000000000000000 ) ;
#1343 = EDGE_CURVE ( 'NONE', #764, #1931, #873, .T. ) ;
#1344 = ORIENTED_EDGE ( 'NONE', *, *, #133, .T. ) ;
#1345 = DIRECTION ( 'NONE',  ( 0.000000000000000000, 0.000000000000000000, -1.000000000000000000 ) ) ;
#1346 = VERTEX_POINT ( 'NONE', #131 ) ;
#1347 = VECTOR ( 'NONE', #1414, 1000.000000000000000 ) ;
#1348 = CARTESIAN_POINT ( 'NONE',  ( 11.50000000000000000, -6.499999999999999112, 33.00000000000000000 ) ) ;
#1349 = FACE_OUTER_BOUND ( 'NONE', #575, .T. ) ;
#1350 = ORIENTED_EDGE ( 'NONE', *, *, #833, .T. ) ;
#1351 = DIRECTION ( 'NONE',  ( 0.000000000000000000, 1.000000000000000000, 0.000000000000000000 ) ) ;
#1352 = CYLINDRICAL_SURFACE ( 'NONE', #378, 4.250000000000000000 ) ;
#1353 = VERTEX_POINT ( 'NONE', #894 ) ;
#1354 = DIRECTION ( 'NONE',  ( -1.000000000000000000, 0.000000000000000000, 0.000000000000000000 ) ) ;
#1355 = FACE_OUTER_BOUND ( 'NONE', #1007, .T. ) ;
#1356 = ORIENTED_EDGE ( 'NONE', *, *, #176, .F. ) ;
#1357 = CARTESIAN_POINT ( 'NONE',  ( -8.500000000000003553, -9.000000000000003553, 33.00000000000000000 ) ) ;
#1358 = EDGE_CURVE ( 'NONE', #1676, #111, #1036, .T. ) ;
#1359 = AXIS2_PLACEMENT_3D ( 'NONE', #1719, #231, #677 ) ;
#1360 = VECTOR ( 'NONE', #337, 1000.000000000000000 ) ;
#1361 = FACE_OUTER_BOUND ( 'NONE', #944, .T. ) ;
#1362 = ORIENTED_EDGE ( 'NONE', *, *, #535, .F. ) ;
#1363 = DIRECTION ( 'NONE',  ( -0.000000000000000000, 1.000000000000000000, -0.000000000000000000 ) ) ;
#1364 = CARTESIAN_POINT ( 'NONE',  ( 0.000000000000000000, -6.500000000000000000, 0.000000000000000000 ) ) ;
#1365 = ORIENTED_EDGE ( 'NONE', *, *, #315, .T. ) ;
#1366 = CARTESIAN_POINT ( 'NONE',  ( 0.000000000000000000, 0.000000000000000000, 35.00000000000000000 ) ) ;
#1367 = VERTEX_POINT ( 'NONE', #151 ) ;
#1368 = CARTESIAN_POINT ( 'NONE',  ( -14.00000000000000533, -6.499999999999999112, 33.00000000000000000 ) ) ;
#1369 = EDGE_CURVE ( 'NONE', #622, #39, #1859, .T. ) ;
#1370 = CARTESIAN_POINT ( 'NONE',  ( -14.00000000000000711, -26.65564437074638349, 12.99999999999999822 ) ) ;
#1371 = ORIENTED_EDGE ( 'NONE', *, *, #1191, .T. ) ;
#1372 = DIRECTION ( 'NONE',  ( -0.000000000000000000, -1.000000000000000000, -0.000000000000000000 ) ) ;
#1373 = PLANE ( 'NONE',  #1060 ) ;
#1374 = ORIENTED_EDGE ( 'NONE', *, *, #627, .F. ) ;
#1375 = FACE_OUTER_BOUND ( 'NONE', #1889, .T. ) ;
#1376 = EDGE_CURVE ( 'NONE', #333, #1183, #1621, .T. ) ;
#1377 = LINE ( 'NONE', #1552, #1292 ) ;
#1378 = EDGE_CURVE ( 'NONE', #1832, #1272, #1021, .T. ) ;
#1379 = ORIENTED_EDGE ( 'NONE', *, *, #176, .T. ) ;
#1380 = EDGE_CURVE ( 'NONE', #1073, #744, #1206, .T. ) ;
#1381 = DIRECTION ( 'NONE',  ( -0.000000000000000000, -0.000000000000000000, -1.000000000000000000 ) ) ;
#1382 = EDGE_CURVE ( 'NONE', #828, #420, #90, .T. ) ;
#1383 = DIRECTION ( 'NONE',  ( -1.000000000000000000, 0.000000000000000000, 0.000000000000000000 ) ) ;
#1384 = ORIENTED_EDGE ( 'NONE', *, *, #1076, .F. ) ;
#1385 = DIRECTION ( 'NONE',  ( 1.000000000000000000, 0.000000000000000000, -0.000000000000000000 ) ) ;
#1386 = LINE ( 'NONE', #903, #635 ) ;
#1387 = ORIENTED_EDGE ( 'NONE', *, *, #1597, .F. ) ;
#1388 = EDGE_CURVE ( 'NONE', #238, #1054, #1055, .T. ) ;
#1389 = VECTOR ( 'NONE', #1599, 1000.000000000000000 ) ;
#1390 = CARTESIAN_POINT ( 'NONE',  ( -16.00000000000000711, 23.00000000000000000, 19.75000000000000000 ) ) ;
#1391 = ADVANCED_FACE ( 'NONE', ( #1641 ), #1496, .F. ) ;
#1392 = CARTESIAN_POINT ( 'NONE',  ( 0.9999999999999991118, -13.25000000000000000, 27.00000000000000355 ) ) ;
#1393 = ORIENTED_EDGE ( 'NONE', *, *, #1322, .F. ) ;
#1394 = CARTESIAN_POINT ( 'NONE',  ( 15.99999999999998224, 3.425255133292483411E-15, 17.75000000000001066 ) ) ;
#1395 = SURFACE_STYLE_USAGE ( .BOTH. , #1246 ) ;
#1396 = VERTEX_POINT ( 'NONE', #1527 ) ;
#1397 = PLANE ( 'NONE',  #1440 ) ;
#1398 = ORIENTED_EDGE ( 'NONE', *, *, #522, .F. ) ;
#1399 = EDGE_CURVE ( 'NONE', #99, #1396, #169, .T. ) ;
#1400 = AXIS2_PLACEMENT_3D ( 'NONE', #1072, #801, #72 ) ;
#1401 = FACE_OUTER_BOUND ( 'NONE', #938, .T. ) ;
#1402 = ORIENTED_EDGE ( 'NONE', *, *, #849, .T. ) ;
#1403 = VECTOR ( 'NONE', #1903, 1000.000000000000000 ) ;
#1404 = ORIENTED_EDGE ( 'NONE', *, *, #287, .T. ) ;
#1405 = DIRECTION ( 'NONE',  ( -0.000000000000000000, -1.000000000000000000, -0.000000000000000000 ) ) ;
#1406 = ORIENTED_EDGE ( 'NONE', *, *, #699, .F. ) ;
#1407 = VECTOR ( 'NONE', #929, 1000.000000000000000 ) ;
#1408 = LINE ( 'NONE', #206, #428 ) ;
#1409 = AXIS2_PLACEMENT_3D ( 'NONE', #536, #643, #353 ) ;
#1410 = EDGE_CURVE ( 'NONE', #597, #577, #472, .T. ) ;
#1411 = CARTESIAN_POINT ( 'NONE',  ( 1.000000000000000000, -6.500000000000000000, 0.000000000000000000 ) ) ;
#1412 = CARTESIAN_POINT ( 'NONE',  ( -11.50000000000000355, -6.500000000000000000, 9.000000000000000000 ) ) ;
#1413 = EDGE_LOOP ( 'NONE', ( #1302, #795, #3, #579, #61, #832 ) ) ;
#1414 = DIRECTION ( 'NONE',  ( -0.000000000000000000, 1.000000000000000000, -0.000000000000000000 ) ) ;
#1415 = EDGE_LOOP ( 'NONE', ( #671, #112 ) ) ;
#1416 = CARTESIAN_POINT ( 'NONE',  ( -12.50000000000000178, -6.499999999999999112, 9.000000000000000000 ) ) ;
#1417 = ORIENTED_EDGE ( 'NONE', *, *, #1659, .F. ) ;
#1418 = ORIENTED_EDGE ( 'NONE', *, *, #1861, .F. ) ;
#1419 = FACE_OUTER_BOUND ( 'NONE', #168, .T. ) ;
#1420 = ORIENTED_EDGE ( 'NONE', *, *, #892, .T. ) ;
#1421 = LINE ( 'NONE', #222, #399 ) ;
#1422 = VECTOR ( 'NONE', #1231, 1000.000000000000000 ) ;
#1423 = CYLINDRICAL_SURFACE ( 'NONE', #1437, 0.6250000000000005551 ) ;
#1424 = CARTESIAN_POINT ( 'NONE',  ( -12.00000000000000711, -6.500000000000000000, 14.99999999999999822 ) ) ;
#1425 = CARTESIAN_POINT ( 'NONE',  ( -9.050000000000000711, 13.50000000000000000, -5.541526766141772948E-16 ) ) ;
#1426 = LINE ( 'NONE', #1280, #1003 ) ;
#1427 = ORIENTED_EDGE ( 'NONE', *, *, #819, .F. ) ;
#1428 = VECTOR ( 'NONE', #309, 1000.000000000000000 ) ;
#1429 = CARTESIAN_POINT ( 'NONE',  ( -9.050000000000000711, 5.500000000000000888, -1.030776406404414258 ) ) ;
#1430 = DIRECTION ( 'NONE',  ( -1.000000000000000000, 0.000000000000000000, 0.000000000000000000 ) ) ;
#1431 = CARTESIAN_POINT ( 'NONE',  ( -12.00000000000000533, -6.499999999999999112, 33.00000000000000000 ) ) ;
#1432 = DIRECTION ( 'NONE',  ( 0.000000000000000000, -1.000000000000000000, 0.000000000000000000 ) ) ;
#1433 = CARTESIAN_POINT ( 'NONE',  ( 15.99999999999998224, 3.425255133292483411E-15, 13.50000000000001243 ) ) ;
#1434 = VECTOR ( 'NONE', #1164, 1000.000000000000000 ) ;
#1435 = LINE ( 'NONE', #861, #1829 ) ;
#1436 = CARTESIAN_POINT ( 'NONE',  ( -16.00000000000000711, 23.00000000000000000, 26.25000000000000355 ) ) ;
#1437 = AXIS2_PLACEMENT_3D ( 'NONE', #58, #1439, #387 ) ;
#1438 = EDGE_CURVE ( 'NONE', #509, #547, #501, .T. ) ;
#1439 = DIRECTION ( 'NONE',  ( -0.000000000000000000, -0.000000000000000000, 1.000000000000000000 ) ) ;
#1440 = AXIS2_PLACEMENT_3D ( 'NONE', #1364, #38, #2 ) ;
#1441 = EDGE_CURVE ( 'NONE', #373, #16, #775, .T. ) ;
#1442 = CARTESIAN_POINT ( 'NONE',  ( 14.99999999999998934, 3.211176687461704011E-15, 14.00000000000001243 ) ) ;
#1443 = EDGE_LOOP ( 'NONE', ( #366, #517, #1751, #1133 ) ) ;
#1444 = PLANE ( 'NONE',  #558 ) ;
#1445 = DIRECTION ( 'NONE',  ( -0.000000000000000000, -0.000000000000000000, 1.000000000000000000 ) ) ;
#1446 = LINE ( 'NONE', #1894, #380 ) ;
#1447 = ORIENTED_EDGE ( 'NONE', *, *, #546, .T. ) ;
#1448 = LINE ( 'NONE', #1300, #1837 ) ;
#1449 = EDGE_CURVE ( 'NONE', #1229, #438, #1546, .T. ) ;
#1450 = DIRECTION ( 'NONE',  ( 0.000000000000000000, 0.000000000000000000, 1.000000000000000000 ) ) ;
#1451 = CARTESIAN_POINT ( 'NONE',  ( 15.99999999999998224, 3.425255133292483411E-15, 17.75000000000001066 ) ) ;
#1452 = VECTOR ( 'NONE', #1937, 1000.000000000000000 ) ;
#1453 = CIRCLE ( 'NONE', #559, 4.250000000000001776 ) ;
#1454 = CARTESIAN_POINT ( 'NONE',  ( -11.05000000000000071, -6.500000000000000000, 4.999999999999999112 ) ) ;
#1455 = MECHANICAL_DESIGN_GEOMETRIC_PRESENTATION_REPRESENTATION (  '', ( #1627 ), #1673 ) ;
#1456 = EDGE_CURVE ( 'NONE', #189, #622, #1106, .T. ) ;
#1457 = CARTESIAN_POINT ( 'NONE',  ( -12.50000000000000178, -42.21064267133819925, 9.000000000000000000 ) ) ;
#1458 = LINE ( 'NONE', #1429, #1916 ) ;
#1459 = LINE ( 'NONE', #410, #1860 ) ;
#1460 = VECTOR ( 'NONE', #980, 1000.000000000000000 ) ;
#1461 = ORIENTED_EDGE ( 'NONE', *, *, #1875, .T. ) ;
#1462 = DIRECTION ( 'NONE',  ( -0.000000000000000000, -0.000000000000000000, 1.000000000000000000 ) ) ;
#1463 = ORIENTED_EDGE ( 'NONE', *, *, #742, .F. ) ;
#1464 = CIRCLE ( 'NONE', #1717, 2.000000000000000000 ) ;
#1465 = EDGE_CURVE ( 'NONE', #744, #1769, #618, .T. ) ;
#1466 = EDGE_CURVE ( 'NONE', #1787, #1769, #598, .T. ) ;
#1467 = CARTESIAN_POINT ( 'NONE',  ( -16.00000000000000711, 13.50000000000000000, 0.000000000000000000 ) ) ;
#1468 = ORIENTED_EDGE ( 'NONE', *, *, #1875, .F. ) ;
#1469 = AXIS2_PLACEMENT_3D ( 'NONE', #768, #613, #179 ) ;
#1470 = CARTESIAN_POINT ( 'NONE',  ( 12.50000000000000178, -42.21064267133819925, 9.000000000000000000 ) ) ;
#1471 = CARTESIAN_POINT ( 'NONE',  ( 15.99999999999998224, 3.425255133292483411E-15, 14.42500000000001315 ) ) ;
#1472 = ORIENTED_EDGE ( 'NONE', *, *, #1653, .F. ) ;
#1473 = EDGE_LOOP ( 'NONE', ( #1393, #1633, #617, #1384 ) ) ;
#1474 = DIRECTION ( 'NONE',  ( -0.000000000000000000, -0.000000000000000000, 1.000000000000000000 ) ) ;
#1475 = ORIENTED_EDGE ( 'NONE', *, *, #1953, .T. ) ;
#1476 = CARTESIAN_POINT ( 'NONE',  ( 14.99999999999998757, 3.211176687461703617E-15, 13.50000000000001066 ) ) ;
#1477 = VERTEX_POINT ( 'NONE', #1702 ) ;
#1478 = DIRECTION ( 'NONE',  ( -0.000000000000000000, 1.000000000000000000, -0.000000000000000000 ) ) ;
#1479 = PLANE ( 'NONE',  #823 ) ;
#1480 = CYLINDRICAL_SURFACE ( 'NONE', #1671, 2.000000000000000000 ) ;
#1481 = CARTESIAN_POINT ( 'NONE',  ( 15.99999999999999289, -11.50000000000000178, 35.00000000000000000 ) ) ;
#1482 = ORIENTED_EDGE ( 'NONE', *, *, #1929, .T. ) ;
#1483 = CARTESIAN_POINT ( 'NONE',  ( -12.00000000000000533, 13.50000000000000000, 31.00000000000000000 ) ) ;
#1484 = ORIENTED_EDGE ( 'NONE', *, *, #1438, .T. ) ;
#1485 = VECTOR ( 'NONE', #845, 1000.000000000000000 ) ;
#1486 = ORIENTED_EDGE ( 'NONE', *, *, #139, .T. ) ;
#1487 = LINE ( 'NONE', #1629, #314 ) ;
#1488 = ORIENTED_EDGE ( 'NONE', *, *, #1723, .T. ) ;
#1489 = CARTESIAN_POINT ( 'NONE',  ( -12.50000000000000178, -42.21064267133819925, 9.000000000000000000 ) ) ;
#1490 = CARTESIAN_POINT ( 'NONE',  ( -16.00000000000000711, 13.50000000000000000, 0.000000000000000000 ) ) ;
#1491 = VERTEX_POINT ( 'NONE', #446 ) ;
#1492 = DIRECTION ( 'NONE',  ( 8.673617379884034239E-17, 0.000000000000000000, 1.000000000000000000 ) ) ;
#1493 = VECTOR ( 'NONE', #1872, 1000.000000000000000 ) ;
#1494 = LINE ( 'NONE', #731, #477 ) ;
#1495 = ORIENTED_EDGE ( 'NONE', *, *, #1166, .T. ) ;
#1496 = PLANE ( 'NONE',  #1796 ) ;
#1497 = DIRECTION ( 'NONE',  ( -2.262288689053293121E-16, 0.000000000000000000, 1.000000000000000000 ) ) ;
#1498 = EDGE_LOOP ( 'NONE', ( #877, #1427 ) ) ;
#1499 = DIRECTION ( 'NONE',  ( 4.081702296416015011E-16, 0.000000000000000000, -1.000000000000000000 ) ) ;
#1500 = EDGE_CURVE ( 'NONE', #111, #11, #1841, .T. ) ;
#1501 = DIRECTION ( 'NONE',  ( -1.000000000000000000, 0.000000000000000000, 0.000000000000000000 ) ) ;
#1502 = VECTOR ( 'NONE', #1688, 1000.000000000000000 ) ;
#1503 = ORIENTED_EDGE ( 'NONE', *, *, #885, .T. ) ;
#1504 = AXIS2_PLACEMENT_3D ( 'NONE', #1254, #1685, #474 ) ;
#1505 = LINE ( 'NONE', #268, #1452 ) ;
#1506 = PLANE ( 'NONE',  #411 ) ;
#1507 = ORIENTED_EDGE ( 'NONE', *, *, #64, .F. ) ;
#1508 = CARTESIAN_POINT ( 'NONE',  ( -10.00000000000000178, -6.500000000000000000, 31.00000000000000000 ) ) ;
#1509 = EDGE_CURVE ( 'NONE', #199, #722, #177, .T. ) ;
#1510 = ORIENTED_EDGE ( 'NONE', *, *, #1410, .T. ) ;
#1511 = AXIS2_PLACEMENT_3D ( 'NONE', #628, #1251, #1116 ) ;
#1512 = FACE_BOUND ( 'NONE', #1556, .T. ) ;
#1513 = DIRECTION ( 'NONE',  ( -0.000000000000000000, -0.000000000000000000, 1.000000000000000000 ) ) ;
#1514 = ORIENTED_EDGE ( 'NONE', *, *, #1253, .F. ) ;
#1515 = ADVANCED_FACE ( 'NONE', ( #1085 ), #1094, .F. ) ;
#1516 = PLANE ( 'NONE',  #1679 ) ;
#1517 = ORIENTED_EDGE ( 'NONE', *, *, #1521, .T. ) ;
#1518 = FACE_OUTER_BOUND ( 'NONE', #412, .T. ) ;
#1519 = ORIENTED_EDGE ( 'NONE', *, *, #376, .F. ) ;
#1520 = CARTESIAN_POINT ( 'NONE',  ( -14.00000000000000711, 13.50000000000000000, 0.000000000000000000 ) ) ;
#1521 = EDGE_CURVE ( 'NONE', #1264, #1851, #936, .T. ) ;
#1522 = EDGE_LOOP ( 'NONE', ( #102, #702, #1609, #1817, #1308, #294 ) ) ;
#1523 = DIRECTION ( 'NONE',  ( 1.000000000000000000, 0.000000000000000000, 0.000000000000000000 ) ) ;
#1524 = EDGE_CURVE ( 'NONE', #1477, #136, #1240, .T. ) ;
#1525 = ORIENTED_EDGE ( 'NONE', *, *, #1184, .F. ) ;
#1526 = ADVANCED_FACE ( 'NONE', ( #347 ), #332, .F. ) ;
#1527 = CARTESIAN_POINT ( 'NONE',  ( 9.050000000000000711, 6.500000000000000000, 1.899999999999999245 ) ) ;
#1528 = VECTOR ( 'NONE', #1858, 1000.000000000000000 ) ;
#1529 = CARTESIAN_POINT ( 'NONE',  ( 18.70761493398643438, 23.00000000000000000, 26.25000000000000355 ) ) ;
#1530 = VERTEX_POINT ( 'NONE', #952 ) ;
#1531 = DIRECTION ( 'NONE',  ( -0.000000000000000000, 0.000000000000000000, 1.000000000000000000 ) ) ;
#1532 = ADVANCED_FACE ( 'NONE', ( #1401 ), #1516, .F. ) ;
#1533 = DIRECTION ( 'NONE',  ( -0.000000000000000000, 1.000000000000000000, -0.000000000000000000 ) ) ;
#1534 = ORIENTED_EDGE ( 'NONE', *, *, #1946, .F. ) ;
#1535 = EDGE_CURVE ( 'NONE', #547, #299, #322, .T. ) ;
#1536 = CARTESIAN_POINT ( 'NONE',  ( 1.000000000000000000, -6.499999999999998224, 42.28010988928051717 ) ) ;
#1537 = ORIENTED_EDGE ( 'NONE', *, *, #133, .F. ) ;
#1538 = DIRECTION ( 'NONE',  ( -0.000000000000000000, 1.000000000000000000, -0.000000000000000000 ) ) ;
#1539 = ORIENTED_EDGE ( 'NONE', *, *, #1929, .F. ) ;
#1540 = DIRECTION ( 'NONE',  ( -0.000000000000000000, 0.000000000000000000, -1.000000000000000000 ) ) ;
#1541 = CARTESIAN_POINT ( 'NONE',  ( -11.50000000000000355, -9.000000000000003553, 9.000000000000000000 ) ) ;
#1542 = CYLINDRICAL_SURFACE ( 'NONE', #1648, 0.6250000000000005551 ) ;
#1543 = ORIENTED_EDGE ( 'NONE', *, *, #1781, .T. ) ;
#1544 = VECTOR ( 'NONE', #250, 1000.000000000000000 ) ;
#1545 = AXIS2_PLACEMENT_3D ( 'NONE', #101, #394, #1161 ) ;
#1546 = LINE ( 'NONE', #1558, #1768 ) ;
#1547 = ORIENTED_EDGE ( 'NONE', *, *, #173, .T. ) ;
#1548 = EDGE_CURVE ( 'NONE', #802, #1603, #1228, .T. ) ;
#1549 = FACE_OUTER_BOUND ( 'NONE', #560, .T. ) ;
#1550 = ORIENTED_EDGE ( 'NONE', *, *, #1343, .F. ) ;
#1551 = CARTESIAN_POINT ( 'NONE',  ( 13.99999999999998757, 2.997098241630923428E-15, 14.42500000000001315 ) ) ;
#1552 = CARTESIAN_POINT ( 'NONE',  ( 11.50000000000000355, -42.21064267133819925, 9.000000000000000000 ) ) ;
#1553 = DIRECTION ( 'NONE',  ( -0.000000000000000000, -1.000000000000000000, -0.000000000000000000 ) ) ;
#1554 = ORIENTED_EDGE ( 'NONE', *, *, #1191, .F. ) ;
#1555 = CARTESIAN_POINT ( 'NONE',  ( -14.00000000000000711, -6.499999999999999112, 12.99999999999999822 ) ) ;
#1556 = EDGE_LOOP ( 'NONE', ( #279, #1562 ) ) ;
#1557 = VECTOR ( 'NONE', #965, 1000.000000000000000 ) ;
#1558 = CARTESIAN_POINT ( 'NONE',  ( -11.50000000000000000, 13.50000000000000000, 33.00000000000000000 ) ) ;
#1559 = EDGE_LOOP ( 'NONE', ( #184, #1580, #1329, #1611 ) ) ;
#1560 = CIRCLE ( 'NONE', #972, 2.000000000000001776 ) ;
#1561 = PLANE ( 'NONE',  #551 ) ;
#1562 = ORIENTED_EDGE ( 'NONE', *, *, #288, .F. ) ;
#1563 = ADVANCED_FACE ( 'NONE', ( #1 ), #1815, .F. ) ;
#1564 = DIRECTION ( 'NONE',  ( 1.000000000000000000, 0.000000000000000000, 0.000000000000000000 ) ) ;
#1565 = DIRECTION ( 'NONE',  ( 1.000000000000000000, 0.000000000000000000, 0.000000000000000000 ) ) ;
#1566 = FACE_OUTER_BOUND ( 'NONE', #1873, .T. ) ;
#1567 = DIRECTION ( 'NONE',  ( 0.000000000000000000, 0.000000000000000000, 1.000000000000000000 ) ) ;
#1568 = DIRECTION ( 'NONE',  ( -1.156482317317871725E-15, 0.000000000000000000, 1.000000000000000000 ) ) ;
#1569 = VERTEX_POINT ( 'NONE', #1127 ) ;
#1570 = CARTESIAN_POINT ( 'NONE',  ( -11.05000000000000071, 13.50000000000000000, 4.999999999999999112 ) ) ;
#1571 = PLANE ( 'NONE',  #1173 ) ;
#1572 = VECTOR ( 'NONE', #486, 1000.000000000000000 ) ;
#1573 = ORIENTED_EDGE ( 'NONE', *, *, #1576, .T. ) ;
#1574 = PLANE ( 'NONE',  #1812 ) ;
#1575 = LINE ( 'NONE', #1011, #138 ) ;
#1576 = EDGE_CURVE ( 'NONE', #365, #622, #1448, .T. ) ;
#1577 = LINE ( 'NONE', #1433, #1092 ) ;
#1578 = EDGE_CURVE ( 'NONE', #1813, #1115, #379, .T. ) ;
#1579 = VECTOR ( 'NONE', #1908, 1000.000000000000000 ) ;
#1580 = ORIENTED_EDGE ( 'NONE', *, *, #473, .F. ) ;
#1581 = DIRECTION ( 'NONE',  ( -0.000000000000000000, -1.000000000000000000, -0.000000000000000000 ) ) ;
#1582 = DIRECTION ( 'NONE',  ( -1.000000000000000000, -0.000000000000000000, -0.000000000000000000 ) ) ;
#1583 = EDGE_CURVE ( 'NONE', #1587, #767, #540, .T. ) ;
#1584 = CARTESIAN_POINT ( 'NONE',  ( -1.000000000000000000, -6.500000000000000000, 0.000000000000000000 ) ) ;
#1585 = EDGE_CURVE ( 'NONE', #51, #1024, #1715, .T. ) ;
#1586 = DIRECTION ( 'NONE',  ( 0.000000000000000000, 1.000000000000000000, 0.000000000000000000 ) ) ;
#1587 = VERTEX_POINT ( 'NONE', #211 ) ;
#1588 = EDGE_CURVE ( 'NONE', #1346, #99, #831, .T. ) ;
#1589 = AXIS2_PLACEMENT_3D ( 'NONE', #710, #868, #1312 ) ;
#1590 = DIRECTION ( 'NONE',  ( 0.000000000000000000, -0.000000000000000000, -1.000000000000000000 ) ) ;
#1591 = CARTESIAN_POINT ( 'NONE',  ( -14.00000000000000711, 13.50000000000000000, 12.99999999999999822 ) ) ;
#1592 = VECTOR ( 'NONE', #1855, 1000.000000000000000 ) ;
#1593 = LINE ( 'NONE', #233, #481 ) ;
#1594 = EDGE_CURVE ( 'NONE', #37, #111, #1426, .T. ) ;
#1595 = CARTESIAN_POINT ( 'NONE',  ( -11.50000000000000355, -6.500000000000000000, 9.000000000000000000 ) ) ;
#1596 = ORIENTED_EDGE ( 'NONE', *, *, #54, .F. ) ;
#1597 = EDGE_CURVE ( 'NONE', #951, #1787, #1158, .T. ) ;
#1598 = DIRECTION ( 'NONE',  ( 0.000000000000000000, 0.000000000000000000, -1.000000000000000000 ) ) ;
#1599 = DIRECTION ( 'NONE',  ( 0.000000000000000000, 0.000000000000000000, -1.000000000000000000 ) ) ;
#1600 = CARTESIAN_POINT ( 'NONE',  ( 9.425000000000000711, 6.000000000000000000, 0.000000000000000000 ) ) ;
#1601 = EDGE_CURVE ( 'NONE', #372, #597, #1149, .T. ) ;
#1602 = DIRECTION ( 'NONE',  ( 0.000000000000000000, -0.000000000000000000, -1.000000000000000000 ) ) ;
#1603 = VERTEX_POINT ( 'NONE', #1887 ) ;
#1604 = CARTESIAN_POINT ( 'NONE',  ( -16.00000000000000711, 11.50000000000000000, 35.00000000000000000 ) ) ;
#1605 = CARTESIAN_POINT ( 'NONE',  ( -9.050000000000000711, 13.50000000000000000, -5.541526766141772948E-16 ) ) ;
#1606 = EDGE_CURVE ( 'NONE', #509, #1834, #1577, .T. ) ;
#1607 = ORIENTED_EDGE ( 'NONE', *, *, #321, .F. ) ;
#1608 = CARTESIAN_POINT ( 'NONE',  ( 18.70761493398643438, 23.00000000000000000, 19.75000000000000000 ) ) ;
#1609 = ORIENTED_EDGE ( 'NONE', *, *, #879, .T. ) ;
#1610 = CARTESIAN_POINT ( 'NONE',  ( 15.99999999999998224, 3.425255133292483411E-15, 17.75000000000001066 ) ) ;
#1611 = ORIENTED_EDGE ( 'NONE', *, *, #546, .F. ) ;
#1612 = CARTESIAN_POINT ( 'NONE',  ( -16.00000000000000711, 13.50000000000000000, 35.00000000000000000 ) ) ;
#1613 = CARTESIAN_POINT ( 'NONE',  ( -9.050000000000000711, 5.500000000000001776, -5.541526766141772948E-16 ) ) ;
#1614 = ORIENTED_EDGE ( 'NONE', *, *, #1038, .T. ) ;
#1615 = EDGE_CURVE ( 'NONE', #1477, #238, #662, .T. ) ;
#1616 = ORIENTED_EDGE ( 'NONE', *, *, #263, .T. ) ;
#1617 = DIRECTION ( 'NONE',  ( 0.000000000000000000, 0.000000000000000000, 1.000000000000000000 ) ) ;
#1618 = ORIENTED_EDGE ( 'NONE', *, *, #1380, .T. ) ;
#1619 = DIRECTION ( 'NONE',  ( -0.000000000000000000, 0.000000000000000000, 1.000000000000000000 ) ) ;
#1620 = ORIENTED_EDGE ( 'NONE', *, *, #1535, .T. ) ;
#1621 = LINE ( 'NONE', #258, #1331 ) ;
#1622 = CARTESIAN_POINT ( 'NONE',  ( -14.00000000000000711, -11.50000000000000000, 35.00000000000000000 ) ) ;
#1623 = ORIENTED_EDGE ( 'NONE', *, *, #1601, .T. ) ;
#1624 = ORIENTED_EDGE ( 'NONE', *, *, #331, .T. ) ;
#1625 = LINE ( 'NONE', #95, #1284 ) ;
#1626 = ORIENTED_EDGE ( 'NONE', *, *, #977, .F. ) ;
#1627 = STYLED_ITEM ( 'NONE', ( #35 ), #979 ) ;
#1628 = ORIENTED_EDGE ( 'NONE', *, *, #255, .T. ) ;
#1629 = CARTESIAN_POINT ( 'NONE',  ( -11.05000000000000071, -6.500000000000000000, 1.899999999999999245 ) ) ;
#1630 = VERTEX_POINT ( 'NONE', #1595 ) ;
#1631 = FACE_OUTER_BOUND ( 'NONE', #1522, .T. ) ;
#1632 = DIRECTION ( 'NONE',  ( 1.000000000000000000, 2.140784458307804350E-16, 2.262288689053293121E-16 ) ) ;
#1633 = ORIENTED_EDGE ( 'NONE', *, *, #110, .F. ) ;
#1634 = ORIENTED_EDGE ( 'NONE', *, *, #105, .T. ) ;
#1635 = CARTESIAN_POINT ( 'NONE',  ( -12.00000000000000711, -10.97213595499957783, 14.99999999999999822 ) ) ;
#1636 = AXIS2_PLACEMENT_3D ( 'NONE', #1746, #1632, #236 ) ;
#1637 = VECTOR ( 'NONE', #621, 1000.000000000000000 ) ;
#1638 = ORIENTED_EDGE ( 'NONE', *, *, #1741, .T. ) ;
#1639 = CARTESIAN_POINT ( 'NONE',  ( 9.050000000000000711, -6.500000000000000000, -5.541526766141772948E-16 ) ) ;
#1640 = VERTEX_POINT ( 'NONE', #1137 ) ;
#1641 = FACE_OUTER_BOUND ( 'NONE', #1443, .T. ) ;
#1642 = CARTESIAN_POINT ( 'NONE',  ( -10.00000000000000533, -10.97213595499957783, 14.99999999999999822 ) ) ;
#1643 = EDGE_LOOP ( 'NONE', ( #1783, #1607, #1514, #1012, #887, #330 ) ) ;
#1644 = CYLINDRICAL_SURFACE ( 'NONE', #771, 0.6250000000000005551 ) ;
#1645 = DIRECTION ( 'NONE',  ( 1.000000000000000000, 2.140784458307804350E-16, 2.262288689053293121E-16 ) ) ;
#1646 = AXIS2_PLACEMENT_3D ( 'NONE', #30, #53, #390 ) ;
#1647 = CIRCLE ( 'NONE', #316, 3.750000000000000000 ) ;
#1648 = AXIS2_PLACEMENT_3D ( 'NONE', #185, #976, #1202 ) ;
#1649 = LINE ( 'NONE', #751, #1330 ) ;
#1650 = ORIENTED_EDGE ( 'NONE', *, *, #1247, .T. ) ;
#1651 = CARTESIAN_POINT ( 'NONE',  ( 13.99999999999999289, -11.50000000000000178, 35.00000000000000000 ) ) ;
#1652 = CARTESIAN_POINT ( 'NONE',  ( -14.00000000000000711, 11.50000000000000000, 26.25000000000000355 ) ) ;
#1653 = EDGE_CURVE ( 'NONE', #421, #1569, #1724, .T. ) ;
#1654 = ORIENTED_EDGE ( 'NONE', *, *, #1594, .T. ) ;
#1655 = DIRECTION ( 'NONE',  ( 0.000000000000000000, -0.000000000000000000, 1.000000000000000000 ) ) ;
#1656 = CARTESIAN_POINT ( 'NONE',  ( 11.50000000000000000, 2.461902127053975323E-15, 17.75000000000001066 ) ) ;
#1657 = ORIENTED_EDGE ( 'NONE', *, *, #1358, .F. ) ;
#1658 = CARTESIAN_POINT ( 'NONE',  ( -12.00000000000000711, 13.50000000000000000, 11.00000000000000000 ) ) ;
#1659 = EDGE_CURVE ( 'NONE', #1288, #1272, #75, .T. ) ;
#1660 = CARTESIAN_POINT ( 'NONE',  ( 1.000000000000000000, -6.499999999999998224, 42.28010988928051717 ) ) ;
#1661 = ORIENTED_EDGE ( 'NONE', *, *, #1456, .T. ) ;
#1662 = DIRECTION ( 'NONE',  ( 0.000000000000000000, 0.000000000000000000, 1.000000000000000000 ) ) ;
#1663 = CARTESIAN_POINT ( 'NONE',  ( -0.9999999999999991118, -13.25000000000000000, 0.000000000000000000 ) ) ;
#1664 = CARTESIAN_POINT ( 'NONE',  ( 15.99999999999999289, 11.50000000000000000, 35.00000000000000000 ) ) ;
#1665 = ORIENTED_EDGE ( 'NONE', *, *, #1601, .F. ) ;
#1666 = PLANE ( 'NONE',  #1050 ) ;
#1667 = EDGE_CURVE ( 'NONE', #323, #555, #805, .T. ) ;
#1668 = ORIENTED_EDGE ( 'NONE', *, *, #207, .F. ) ;
#1669 = CARTESIAN_POINT ( 'NONE',  ( 9.050000000000000711, 5.500000000000000888, 0.000000000000000000 ) ) ;
#1670 = VECTOR ( 'NONE', #544, 1000.000000000000000 ) ;
#1671 = AXIS2_PLACEMENT_3D ( 'NONE', #1622, #1315, #93 ) ;
#1672 = ORIENTED_EDGE ( 'NONE', *, *, #1038, .F. ) ;
#1673 =( GEOMETRIC_REPRESENTATION_CONTEXT ( 3 ) GLOBAL_UNCERTAINTY_ASSIGNED_CONTEXT ( ( #717 ) ) GLOBAL_UNIT_ASSIGNED_CONTEXT ( ( #455, #1836, #634 ) ) REPRESENTATION_CONTEXT ( 'NONE', 'WORKASPACE' ) );
#1674 = DIRECTION ( 'NONE',  ( 1.000000000000000000, 0.000000000000000000, -1.156482317317871725E-15 ) ) ;
#1675 = CARTESIAN_POINT ( 'NONE',  ( -9.050000000000000711, 5.500000000000000888, 1.899999999999999245 ) ) ;
#1676 = VERTEX_POINT ( 'NONE', #1416 ) ;
#1677 = CARTESIAN_POINT ( 'NONE',  ( 13.99999999999999112, 11.50000000000000000, 35.00000000000000000 ) ) ;
#1678 = DIRECTION ( 'NONE',  ( -0.000000000000000000, 0.000000000000000000, 1.000000000000000000 ) ) ;
#1679 = AXIS2_PLACEMENT_3D ( 'NONE', #162, #611, #1683 ) ;
#1680 = VERTEX_POINT ( 'NONE', #219 ) ;
#1681 = VERTEX_POINT ( 'NONE', #850 ) ;
#1682 = CLOSED_SHELL ( 'NONE', ( #1814, #495, #672, #303, #174, #1885, #485, #1201, #538, #158, #247, #1180, #911, #1391, #1526, #1027, #29, #447, #396, #899, #118, #459, #646, #620, #1921, #1867, #1532, #1890, #1563, #308, #190, #848, #1905, #1239, #864, #1270, #1515, #1235, #682, #1797, #585, #1731, #1051, #854, #661, #115, #96, #403, #339, #1111, #1042, #1882, #686, #1807, #524, #1718, #1015, #550, #997, #825 ) ) ;
#1683 = DIRECTION ( 'NONE',  ( 0.000000000000000000, 0.000000000000000000, -1.000000000000000000 ) ) ;
#1684 = ORIENTED_EDGE ( 'NONE', *, *, #985, .F. ) ;
#1685 = DIRECTION ( 'NONE',  ( -1.000000000000000000, 0.000000000000000000, 0.000000000000000000 ) ) ;
#1686 = ORIENTED_EDGE ( 'NONE', *, *, #1500, .F. ) ;
#1687 = CARTESIAN_POINT ( 'NONE',  ( -1.000000000000000000, -6.499999999999998224, 4.999999999999997335 ) ) ;
#1688 = DIRECTION ( 'NONE',  ( -0.000000000000000000, -0.000000000000000000, 1.000000000000000000 ) ) ;
#1689 = LINE ( 'NONE', #1642, #736 ) ;
#1690 = EDGE_LOOP ( 'NONE', ( #696, #659, #228, #1758, #567, #389, #958, #483 ) ) ;
#1691 = DIRECTION ( 'NONE',  ( -0.000000000000000000, -0.000000000000000000, 1.000000000000000000 ) ) ;
#1692 = ORIENTED_EDGE ( 'NONE', *, *, #466, .F. ) ;
#1693 = LINE ( 'NONE', #498, #978 ) ;
#1694 = ORIENTED_EDGE ( 'NONE', *, *, #1726, .T. ) ;
#1695 = CARTESIAN_POINT ( 'NONE',  ( -12.50000000000000178, -6.499999999999999112, 9.000000000000000000 ) ) ;
#1696 = DIRECTION ( 'NONE',  ( 1.000000000000000000, 0.000000000000000000, 0.000000000000000000 ) ) ;
#1697 = CARTESIAN_POINT ( 'NONE',  ( 13.99999999999998757, 3.136695245058944414E-15, 21.07500000000001350 ) ) ;
#1698 = DIRECTION ( 'NONE',  ( 0.000000000000000000, 0.000000000000000000, -1.000000000000000000 ) ) ;
#1699 = ORIENTED_EDGE ( 'NONE', *, *, #1799, .T. ) ;
#1700 = AXIS2_PLACEMENT_3D ( 'NONE', #1200, #276, #1792 ) ;
#1701 = AXIS2_PLACEMENT_3D ( 'NONE', #534, #500, #1738 ) ;
#1702 = CARTESIAN_POINT ( 'NONE',  ( 1.000000000000000000, -6.499999999999998224, 0.000000000000000000 ) ) ;
#1703 = ORIENTED_EDGE ( 'NONE', *, *, #1369, .F. ) ;
#1704 = EDGE_CURVE ( 'NONE', #1850, #365, #900, .T. ) ;
#1705 = CARTESIAN_POINT ( 'NONE',  ( 9.050000000000000711, 13.50000000000000000, -5.541526766141772948E-16 ) ) ;
#1706 = ORIENTED_EDGE ( 'NONE', *, *, #67, .T. ) ;
#1707 = LINE ( 'NONE', #1825, #1572 ) ;
#1708 = ORIENTED_EDGE ( 'NONE', *, *, #1936, .F. ) ;
#1709 = FACE_OUTER_BOUND ( 'NONE', #1078, .T. ) ;
#1710 = DIRECTION ( 'NONE',  ( -0.000000000000000000, -1.000000000000000000, -0.000000000000000000 ) ) ;
#1711 = DIRECTION ( 'NONE',  ( 1.000000000000000000, 0.000000000000000000, 0.000000000000000000 ) ) ;
#1712 = VERTEX_POINT ( 'NONE', #1287 ) ;
#1713 = CARTESIAN_POINT ( 'NONE',  ( -11.05000000000000071, 13.50000000000000000, 1.899999999999999245 ) ) ;
#1714 = AXIS2_PLACEMENT_3D ( 'NONE', #1075, #1674, #188 ) ;
#1715 = LINE ( 'NONE', #356, #1061 ) ;
#1716 = ORIENTED_EDGE ( 'NONE', *, *, #1032, .F. ) ;
#1717 = AXIS2_PLACEMENT_3D ( 'NONE', #1920, #548, #576 ) ;
#1718 = ADVANCED_FACE ( 'NONE', ( #1862 ), #693, .T. ) ;
#1719 = CARTESIAN_POINT ( 'NONE',  ( 1.000000000000000000, -7.249999999999999112, 27.00000000000000355 ) ) ;
#1720 = DIRECTION ( 'NONE',  ( 0.000000000000000000, 0.000000000000000000, -1.000000000000000000 ) ) ;
#1721 = CARTESIAN_POINT ( 'NONE',  ( -14.00000000000000711, 13.50000000000000000, 35.00000000000000000 ) ) ;
#1722 = DIRECTION ( 'NONE',  ( 1.000000000000000000, 0.000000000000000000, 0.000000000000000000 ) ) ;
#1723 = EDGE_CURVE ( 'NONE', #1640, #1199, #523, .T. ) ;
#1724 = LINE ( 'NONE', #234, #5 ) ;
#1725 = VERTEX_POINT ( 'NONE', #1442 ) ;
#1726 = EDGE_CURVE ( 'NONE', #175, #1640, #681, .T. ) ;
#1727 = ORIENTED_EDGE ( 'NONE', *, *, #843, .T. ) ;
#1728 = DIRECTION ( 'NONE',  ( 0.000000000000000000, 0.000000000000000000, -1.000000000000000000 ) ) ;
#1729 = CARTESIAN_POINT ( 'NONE',  ( 13.99999999999998224, 3.624612354183938296E-15, 22.00000000000001421 ) ) ;
#1730 = AXIS2_PLACEMENT_3D ( 'NONE', #660, #1279, #1871 ) ;
#1731 = ADVANCED_FACE ( 'NONE', ( #1321 ), #97, .F. ) ;
#1732 = LINE ( 'NONE', #529, #1005 ) ;
#1733 =( NAMED_UNIT ( * ) PLANE_ANGLE_UNIT ( ) SI_UNIT ( $, .RADIAN. ) );
#1734 = EDGE_CURVE ( 'NONE', #990, #37, #424, .T. ) ;
#1735 = CARTESIAN_POINT ( 'NONE',  ( -12.00000000000000533, -10.97213595499957783, 31.00000000000000000 ) ) ;
#1736 = ORIENTED_EDGE ( 'NONE', *, *, #977, .T. ) ;
#1737 = PLANE ( 'NONE',  #1118 ) ;
#1738 = DIRECTION ( 'NONE',  ( -1.000000000000000000, 0.000000000000000000, 0.000000000000000000 ) ) ;
#1739 = EDGE_CURVE ( 'NONE', #1870, #1491, #701, .T. ) ;
#1740 = DIRECTION ( 'NONE',  ( 1.000000000000000000, 0.000000000000000000, 0.000000000000000000 ) ) ;
#1741 = EDGE_CURVE ( 'NONE', #253, #951, #1487, .T. ) ;
#1742 = CARTESIAN_POINT ( 'NONE',  ( -12.00000000000000711, -26.65564437074638349, 12.99999999999999822 ) ) ;
#1743 = ORIENTED_EDGE ( 'NONE', *, *, #9, .F. ) ;
#1744 = VECTOR ( 'NONE', #217, 1000.000000000000000 ) ;
#1745 = CARTESIAN_POINT ( 'NONE',  ( -9.050000000000000711, 13.50000000000000000, 1.899999999999999245 ) ) ;
#1746 = CARTESIAN_POINT ( 'NONE',  ( 15.99999999999998224, 3.425255133292483411E-15, 17.75000000000001066 ) ) ;
#1747 = EDGE_CURVE ( 'NONE', #555, #56, #129, .T. ) ;
#1748 = VECTOR ( 'NONE', #1492, 1000.000000000000000 ) ;
#1749 = VECTOR ( 'NONE', #793, 1000.000000000000000 ) ;
#1750 = FACE_OUTER_BOUND ( 'NONE', #1318, .T. ) ;
#1751 = ORIENTED_EDGE ( 'NONE', *, *, #1093, .T. ) ;
#1752 = EDGE_LOOP ( 'NONE', ( #822, #178, #1162, #1057 ) ) ;
#1753 = DIRECTION ( 'NONE',  ( -0.5999999999999990896, -0.000000000000000000, -0.8000000000000005995 ) ) ;
#1754 = EDGE_CURVE ( 'NONE', #641, #1346, #1208, .T. ) ;
#1755 = ORIENTED_EDGE ( 'NONE', *, *, #348, .F. ) ;
#1756 = CARTESIAN_POINT ( 'NONE',  ( 13.99999999999999289, -11.50000000000000178, 0.000000000000000000 ) ) ;
#1757 = DIRECTION ( 'NONE',  ( -1.000000000000000000, 0.000000000000000000, 0.000000000000000000 ) ) ;
#1758 = ORIENTED_EDGE ( 'NONE', *, *, #839, .T. ) ;
#1759 = CARTESIAN_POINT ( 'NONE',  ( -1.000000000000000888, -6.499999999999999112, 7.500000000000000000 ) ) ;
#1760 = ORIENTED_EDGE ( 'NONE', *, *, #287, .F. ) ;
#1761 = CARTESIAN_POINT ( 'NONE',  ( 9.050000000000000711, 13.50000000000000000, 1.899999999999999245 ) ) ;
#1762 = ORIENTED_EDGE ( 'NONE', *, *, #360, .F. ) ;
#1763 = CARTESIAN_POINT ( 'NONE',  ( -1.000000000000000000, -6.499999999999998224, 42.28010988928051717 ) ) ;
#1764 = EDGE_LOOP ( 'NONE', ( #1939, #161, #171, #260, #1305, #1692, #537, #304, #1223, #1107, #425, #1537, #391, #1694, #774 ) ) ;
#1765 = EDGE_CURVE ( 'NONE', #1288, #1725, #1342, .T. ) ;
#1766 = CARTESIAN_POINT ( 'NONE',  ( -0.9999999999999991118, -13.25000000000000000, 27.00000000000000355 ) ) ;
#1767 = CARTESIAN_POINT ( 'NONE',  ( -12.00000000000000533, 13.50000000000000000, 33.00000000000000000 ) ) ;
#1768 = VECTOR ( 'NONE', #639, 1000.000000000000000 ) ;
#1769 = VERTEX_POINT ( 'NONE', #248 ) ;
#1770 = ORIENTED_EDGE ( 'NONE', *, *, #146, .T. ) ;
#1771 = DIRECTION ( 'NONE',  ( 0.000000000000000000, 1.000000000000000000, -0.000000000000000000 ) ) ;
#1772 = DIRECTION ( 'NONE',  ( -0.000000000000000000, -0.000000000000000000, -1.000000000000000000 ) ) ;
#1773 = ORIENTED_EDGE ( 'NONE', *, *, #1358, .T. ) ;
#1774 = CARTESIAN_POINT ( 'NONE',  ( -14.00000000000000533, 23.00000000000000000, 19.75000000000000000 ) ) ;
#1775 = FACE_BOUND ( 'NONE', #1415, .T. ) ;
#1776 = VECTOR ( 'NONE', #549, 1000.000000000000000 ) ;
#1777 = EDGE_LOOP ( 'NONE', ( #914, #1488, #1824, #1743 ) ) ;
#1778 = CARTESIAN_POINT ( 'NONE',  ( -1.000000000000000000, -7.249999999999999112, 27.00000000000000355 ) ) ;
#1779 = AXIS2_PLACEMENT_3D ( 'NONE', #1778, #254, #566 ) ;
#1780 = VECTOR ( 'NONE', #62, 1000.000000000000000 ) ;
#1781 = EDGE_CURVE ( 'NONE', #601, #1940, #354, .T. ) ;
#1782 = CARTESIAN_POINT ( 'NONE',  ( -1.000000000000000000, -6.499999999999998224, 0.000000000000000000 ) ) ;
#1783 = ORIENTED_EDGE ( 'NONE', *, *, #967, .F. ) ;
#1784 = CARTESIAN_POINT ( 'NONE',  ( -9.425000000000000711, 6.000000000000000000, 0.000000000000000000 ) ) ;
#1785 = FACE_OUTER_BOUND ( 'NONE', #31, .T. ) ;
#1786 = EDGE_CURVE ( 'NONE', #1769, #1327, #1790, .T. ) ;
#1787 = VERTEX_POINT ( 'NONE', #1033 ) ;
#1788 = CARTESIAN_POINT ( 'NONE',  ( -9.050000000000000711, 6.500000000000000000, -1.030776406404414258 ) ) ;
#1789 = EDGE_CURVE ( 'NONE', #381, #463, #1494, .T. ) ;
#1790 = LINE ( 'NONE', #1639, #437 ) ;
#1791 = EDGE_LOOP ( 'NONE', ( #638, #1402, #1209, #1830, #1326 ) ) ;
#1792 = DIRECTION ( 'NONE',  ( 0.000000000000000000, 0.000000000000000000, -1.000000000000000000 ) ) ;
#1793 = DIRECTION ( 'NONE',  ( -1.000000000000000000, 0.000000000000000000, 0.000000000000000000 ) ) ;
#1794 = ORIENTED_EDGE ( 'NONE', *, *, #1380, .F. ) ;
#1795 = CARTESIAN_POINT ( 'NONE',  ( 0.000000000000000000, -6.500000000000000000, 0.000000000000000000 ) ) ;
#1796 = AXIS2_PLACEMENT_3D ( 'NONE', #746, #1354, #1947 ) ;
#1797 = ADVANCED_FACE ( 'NONE', ( #557 ), #239, .F. ) ;
#1798 = AXIS2_PLACEMENT_3D ( 'NONE', #34, #25, #1655 ) ;
#1799 = EDGE_CURVE ( 'NONE', #1813, #1260, #1934, .T. ) ;
#1800 = PLANE ( 'NONE',  #278 ) ;
#1801 = ORIENTED_EDGE ( 'NONE', *, *, #879, .F. ) ;
#1802 = DIRECTION ( 'NONE',  ( -0.000000000000000000, 1.000000000000000000, -0.000000000000000000 ) ) ;
#1803 = CARTESIAN_POINT ( 'NONE',  ( -10.00000000000000178, -9.000000000000003553, 31.00000000000000000 ) ) ;
#1804 = ORIENTED_EDGE ( 'NONE', *, *, #94, .F. ) ;
#1805 = VECTOR ( 'NONE', #510, 1000.000000000000000 ) ;
#1806 = LINE ( 'NONE', #919, #571 ) ;
#1807 = ADVANCED_FACE ( 'NONE', ( #1198 ), #1800, .T. ) ;
#1808 = AXIS2_PLACEMENT_3D ( 'NONE', #508, #673, #1881 ) ;
#1809 = CARTESIAN_POINT ( 'NONE',  ( -14.00000000000000711, 11.50000000000000000, 0.000000000000000000 ) ) ;
#1810 = VECTOR ( 'NONE', #32, 1000.000000000000000 ) ;
#1811 = PLANE ( 'NONE',  #1400 ) ;
#1812 = AXIS2_PLACEMENT_3D ( 'NONE', #912, #1216, #886 ) ;
#1813 = VERTEX_POINT ( 'NONE', #1187 ) ;
#1814 = ADVANCED_FACE ( 'NONE', ( #106 ), #1352, .F. ) ;
#1815 = PLANE ( 'NONE',  #1646 ) ;
#1816 = CARTESIAN_POINT ( 'NONE',  ( -10.00000000000000533, 13.50000000000000000, 14.99999999999999822 ) ) ;
#1817 = ORIENTED_EDGE ( 'NONE', *, *, #762, .T. ) ;
#1818 = CARTESIAN_POINT ( 'NONE',  ( 0.9999999999999991118, -13.25000000000000000, 0.000000000000000000 ) ) ;
#1819 = ORIENTED_EDGE ( 'NONE', *, *, #1667, .T. ) ;
#1820 = CARTESIAN_POINT ( 'NONE',  ( 12.50000000000000000, 13.50000000000000000, 7.500000000000000000 ) ) ;
#1821 = DIRECTION ( 'NONE',  ( -1.000000000000000000, -0.000000000000000000, -0.000000000000000000 ) ) ;
#1822 = ORIENTED_EDGE ( 'NONE', *, *, #468, .F. ) ;
#1823 = DIRECTION ( 'NONE',  ( 1.000000000000000000, -0.000000000000000000, 0.000000000000000000 ) ) ;
#1824 = ORIENTED_EDGE ( 'NONE', *, *, #318, .F. ) ;
#1825 = CARTESIAN_POINT ( 'NONE',  ( -11.05000000000000071, 13.50000000000000000, 1.899999999999999245 ) ) ;
#1826 = ORIENTED_EDGE ( 'NONE', *, *, #473, .T. ) ;
#1827 = LINE ( 'NONE', #1508, #341 ) ;
#1828 = PLANE ( 'NONE',  #996 ) ;
#1829 = VECTOR ( 'NONE', #100, 1000.000000000000000 ) ;
#1830 = ORIENTED_EDGE ( 'NONE', *, *, #920, .F. ) ;
#1831 = CARTESIAN_POINT ( 'NONE',  ( 9.050000000000000711, -6.500000000000000000, -5.541526766141772948E-16 ) ) ;
#1832 = VERTEX_POINT ( 'NONE', #1944 ) ;
#1833 = FACE_OUTER_BOUND ( 'NONE', #1559, .T. ) ;
#1834 = VERTEX_POINT ( 'NONE', #1476 ) ;
#1835 = CYLINDRICAL_SURFACE ( 'NONE', #302, 4.250000000000000000 ) ;
#1836 =( NAMED_UNIT ( * ) PLANE_ANGLE_UNIT ( ) SI_UNIT ( $, .RADIAN. ) );
#1837 = VECTOR ( 'NONE', #998, 1000.000000000000000 ) ;
#1838 = ORIENTED_EDGE ( 'NONE', *, *, #321, .T. ) ;
#1839 = AXIS2_PLACEMENT_3D ( 'NONE', #1652, #1567, #1793 ) ;
#1840 = VECTOR ( 'NONE', #1943, 1000.000000000000000 ) ;
#1841 = LINE ( 'NONE', #496, #1172 ) ;
#1842 = ORIENTED_EDGE ( 'NONE', *, *, #1924, .F. ) ;
#1843 = CARTESIAN_POINT ( 'NONE',  ( -9.050000000000000711, 13.50000000000000000, 1.899999999999999245 ) ) ;
#1844 = CARTESIAN_POINT ( 'NONE',  ( -8.500000000000003553, -6.500000000000000888, 33.00000000000000000 ) ) ;
#1845 = DIRECTION ( 'NONE',  ( 2.262288689053293121E-16, 0.000000000000000000, -1.000000000000000000 ) ) ;
#1846 = DIRECTION ( 'NONE',  ( 1.000000000000000000, 0.000000000000000000, 0.000000000000000000 ) ) ;
#1847 = DIRECTION ( 'NONE',  ( -0.000000000000000000, -0.000000000000000000, 1.000000000000000000 ) ) ;
#1848 = EDGE_LOOP ( 'NONE', ( #87, #1313, #1463, #1088 ) ) ;
#1849 = DIRECTION ( 'NONE',  ( -1.000000000000000000, 0.000000000000000000, 0.000000000000000000 ) ) ;
#1850 = VERTEX_POINT ( 'NONE', #586 ) ;
#1851 = VERTEX_POINT ( 'NONE', #720 ) ;
#1852 = CARTESIAN_POINT ( 'NONE',  ( 11.05000000000000071, 13.50000000000000000, 4.999999999999999112 ) ) ;
#1853 = ORIENTED_EDGE ( 'NONE', *, *, #839, .F. ) ;
#1854 = DIRECTION ( 'NONE',  ( 0.000000000000000000, -1.000000000000000000, 0.000000000000000000 ) ) ;
#1855 = DIRECTION ( 'NONE',  ( -0.000000000000000000, -0.000000000000000000, -1.000000000000000000 ) ) ;
#1856 = DIRECTION ( 'NONE',  ( -0.000000000000000000, -0.000000000000000000, -1.000000000000000000 ) ) ;
#1857 = ORIENTED_EDGE ( 'NONE', *, *, #1064, .T. ) ;
#1858 = DIRECTION ( 'NONE',  ( 1.000000000000000000, 0.000000000000000000, 0.000000000000000000 ) ) ;
#1859 = CIRCLE ( 'NONE', #689, 2.000000000000000000 ) ;
#1860 = VECTOR ( 'NONE', #853, 1000.000000000000000 ) ;
#1861 = EDGE_CURVE ( 'NONE', #1851, #1327, #1923, .T. ) ;
#1862 = FACE_OUTER_BOUND ( 'NONE', #1147, .T. ) ;
#1863 = ORIENTED_EDGE ( 'NONE', *, *, #448, .T. ) ;
#1864 = ORIENTED_EDGE ( 'NONE', *, *, #1410, .F. ) ;
#1865 = CARTESIAN_POINT ( 'NONE',  ( -12.00000000000000533, 13.50000000000000000, 31.00000000000000000 ) ) ;
#1866 = DIRECTION ( 'NONE',  ( 1.000000000000000000, 2.140784458307804350E-16, 2.262288689053293121E-16 ) ) ;
#1867 = ADVANCED_FACE ( 'NONE', ( #1043 ), #265, .F. ) ;
#1868 = DIRECTION ( 'NONE',  ( -1.000000000000000000, -0.000000000000000000, -0.000000000000000000 ) ) ;
#1869 = LINE ( 'NONE', #658, #539 ) ;
#1870 = VERTEX_POINT ( 'NONE', #149 ) ;
#1871 = DIRECTION ( 'NONE',  ( 1.000000000000000000, 0.000000000000000000, 0.000000000000000000 ) ) ;
#1872 = DIRECTION ( 'NONE',  ( 0.000000000000000000, 1.000000000000000000, 0.000000000000000000 ) ) ;
#1873 = EDGE_LOOP ( 'NONE', ( #415, #1638, #651, #881 ) ) ;
#1874 = AXIS2_PLACEMENT_3D ( 'NONE', #1795, #1771, #1617 ) ;
#1875 = EDGE_CURVE ( 'NONE', #39, #1680, #596, .T. ) ;
#1876 = ORIENTED_EDGE ( 'NONE', *, *, #956, .F. ) ;
#1877 = CARTESIAN_POINT ( 'NONE',  ( 1.000000000000000000, -6.499999999999998224, 42.28010988928051717 ) ) ;
#1878 = CARTESIAN_POINT ( 'NONE',  ( 13.99999999999999112, -13.50000000000000000, 35.00000000000000000 ) ) ;
#1879 = DIRECTION ( 'NONE',  ( -0.000000000000000000, 0.000000000000000000, 1.000000000000000000 ) ) ;
#1880 = DIRECTION ( 'NONE',  ( 0.000000000000000000, 0.000000000000000000, 1.000000000000000000 ) ) ;
#1881 = DIRECTION ( 'NONE',  ( 1.000000000000000000, 0.000000000000000000, -0.000000000000000000 ) ) ;
#1882 = ADVANCED_FACE ( 'NONE', ( #1361 ), #1278, .F. ) ;
#1883 = FACE_OUTER_BOUND ( 'NONE', #289, .T. ) ;
#1884 = DIRECTION ( 'NONE',  ( 0.000000000000000000, 0.000000000000000000, 1.000000000000000000 ) ) ;
#1885 = ADVANCED_FACE ( 'NONE', ( #1954 ), #209, .F. ) ;
#1886 = DIRECTION ( 'NONE',  ( 0.000000000000000000, 0.000000000000000000, -1.000000000000000000 ) ) ;
#1887 = CARTESIAN_POINT ( 'NONE',  ( -16.00000000000000711, 11.50000000000000000, 19.75000000000000000 ) ) ;
#1888 = AXIS2_PLACEMENT_3D ( 'NONE', #1677, #1110, #632 ) ;
#1889 = EDGE_LOOP ( 'NONE', ( #1020, #1661, #1117, #274 ) ) ;
#1890 = ADVANCED_FACE ( 'NONE', ( #987 ), #1811, .F. ) ;
#1891 = VERTEX_POINT ( 'NONE', #1424 ) ;
#1892 = DIRECTION ( 'NONE',  ( 1.000000000000000000, 0.000000000000000000, 0.000000000000000000 ) ) ;
#1893 = CARTESIAN_POINT ( 'NONE',  ( 13.99999999999998579, 2.997098241630923034E-15, 13.50000000000001421 ) ) ;
#1894 = CARTESIAN_POINT ( 'NONE',  ( -11.05000000000000071, -6.500000000000000000, 4.999999999999999112 ) ) ;
#1895 = EDGE_CURVE ( 'NONE', #249, #150, #1869, .T. ) ;
#1896 = DIRECTION ( 'NONE',  ( -0.000000000000000000, 0.000000000000000000, 1.000000000000000000 ) ) ;
#1897 = EDGE_LOOP ( 'NONE', ( #909, #1773, #688, #902 ) ) ;
#1898 = VECTOR ( 'NONE', #226, 1000.000000000000000 ) ;
#1899 = CARTESIAN_POINT ( 'NONE',  ( 9.050000000000000711, -6.500000000000000000, 1.899999999999999245 ) ) ;
#1900 = DIRECTION ( 'NONE',  ( -0.000000000000000000, -0.000000000000000000, 1.000000000000000000 ) ) ;
#1901 = DIRECTION ( 'NONE',  ( -0.000000000000000000, -1.000000000000000000, -0.000000000000000000 ) ) ;
#1902 = EDGE_LOOP ( 'NONE', ( #384, #116, #542, #1550 ) ) ;
#1903 = DIRECTION ( 'NONE',  ( -0.000000000000000000, 1.000000000000000000, -0.000000000000000000 ) ) ;
#1904 = EDGE_LOOP ( 'NONE', ( #650, #1838, #45, #1379, #392, #1554 ) ) ;
#1905 = ADVANCED_FACE ( 'NONE', ( #1267 ), #974, .F. ) ;
#1906 = DIRECTION ( 'NONE',  ( 0.000000000000000000, 0.000000000000000000, -1.000000000000000000 ) ) ;
#1907 = ORIENTED_EDGE ( 'NONE', *, *, #1895, .T. ) ;
#1908 = DIRECTION ( 'NONE',  ( -0.000000000000000000, -0.000000000000000000, 1.000000000000000000 ) ) ;
#1909 = CYLINDRICAL_SURFACE ( 'NONE', #1636, 3.750000000000000000 ) ;
#1910 = CARTESIAN_POINT ( 'NONE',  ( 13.99999999999999112, 13.50000000000000000, 35.00000000000000000 ) ) ;
#1911 = CARTESIAN_POINT ( 'NONE',  ( -12.50000000000000000, -42.21064267133819925, 7.500000000000000000 ) ) ;
#1912 = ORIENTED_EDGE ( 'NONE', *, *, #754, .F. ) ;
#1913 = EDGE_CURVE ( 'NONE', #858, #1229, #293, .T. ) ;
#1914 = CARTESIAN_POINT ( 'NONE',  ( 15.99999999999998579, 3.777458460057350911E-15, 21.50000000000001066 ) ) ;
#1915 = LINE ( 'NONE', #1490, #690 ) ;
#1916 = VECTOR ( 'NONE', #852, 1000.000000000000000 ) ;
#1917 = VECTOR ( 'NONE', #251, 1000.000000000000000 ) ;
#1918 = VERTEX_POINT ( 'NONE', #1125 ) ;
#1919 = ORIENTED_EDGE ( 'NONE', *, *, #985, .T. ) ;
#1920 = CARTESIAN_POINT ( 'NONE',  ( -14.00000000000000711, -11.50000000000000000, 0.000000000000000000 ) ) ;
#1921 = ADVANCED_FACE ( 'NONE', ( #1566 ), #1286, .F. ) ;
#1922 = UNCERTAINTY_MEASURE_WITH_UNIT (LENGTH_MEASURE( 1.000000000000000082E-05 ), #59, 'distance_accuracy_value', 'NONE');
#1923 = LINE ( 'NONE', #1782, #1250 ) ;
#1924 = EDGE_CURVE ( 'NONE', #16, #802, #953, .T. ) ;
#1925 = ORIENTED_EDGE ( 'NONE', *, *, #1378, .T. ) ;
#1926 = LINE ( 'NONE', #1612, #1544 ) ;
#1927 = DIRECTION ( 'NONE',  ( 0.000000000000000000, 0.000000000000000000, -1.000000000000000000 ) ) ;
#1928 = VECTOR ( 'NONE', #256, 1000.000000000000000 ) ;
#1929 = EDGE_CURVE ( 'NONE', #767, #1159, #1649, .T. ) ;
#1930 = ORIENTED_EDGE ( 'NONE', *, *, #128, .F. ) ;
#1931 = VERTEX_POINT ( 'NONE', #160 ) ;
#1932 = CARTESIAN_POINT ( 'NONE',  ( 14.99999999999998579, 3.211176687461703617E-15, 17.75000000000001066 ) ) ;
#1933 = AXIS2_PLACEMENT_3D ( 'NONE', #1656, #1645, #603 ) ;
#1934 = LINE ( 'NONE', #578, #1928 ) ;
#1935 = ORIENTED_EDGE ( 'NONE', *, *, #244, .F. ) ;
#1936 = EDGE_CURVE ( 'NONE', #866, #1260, #490, .T. ) ;
#1937 = DIRECTION ( 'NONE',  ( -1.000000000000000000, 0.000000000000000000, 0.000000000000000000 ) ) ;
#1938 = DIRECTION ( 'NONE',  ( 1.000000000000000000, 0.000000000000000000, 0.000000000000000000 ) ) ;
#1939 = ORIENTED_EDGE ( 'NONE', *, *, #456, .T. ) ;
#1940 = VERTEX_POINT ( 'NONE', #1697 ) ;
#1941 = DIRECTION ( 'NONE',  ( 0.000000000000000000, 0.000000000000000000, -1.000000000000000000 ) ) ;
#1942 = EDGE_CURVE ( 'NONE', #333, #1396, #343, .T. ) ;
#1943 = DIRECTION ( 'NONE',  ( -0.000000000000000000, -0.000000000000000000, 1.000000000000000000 ) ) ;
#1944 = CARTESIAN_POINT ( 'NONE',  ( 15.99999999999998579, 3.425255133292484199E-15, 14.00000000000001243 ) ) ;
#1945 = ORIENTED_EDGE ( 'NONE', *, *, #1723, .F. ) ;
#1946 = EDGE_CURVE ( 'NONE', #1630, #1813, #1135, .T. ) ;
#1947 = DIRECTION ( 'NONE',  ( 0.000000000000000000, 0.000000000000000000, 1.000000000000000000 ) ) ;
#1948 = CARTESIAN_POINT ( 'NONE',  ( 12.50000000000000000, -6.499999999999999112, 7.500000000000000000 ) ) ;
#1949 = ORIENTED_EDGE ( 'NONE', *, *, #604, .F. ) ;
#1950 = CARTESIAN_POINT ( 'NONE',  ( 15.99999999999999289, 11.50000000000000000, 0.000000000000000000 ) ) ;
#1951 = AXIS2_PLACEMENT_3D ( 'NONE', #991, #1728, #820 ) ;
#1952 = VECTOR ( 'NONE', #779, 1000.000000000000000 ) ;
#1953 = EDGE_CURVE ( 'NONE', #205, #866, #644, .T. ) ;
#1954 = FACE_OUTER_BOUND ( 'NONE', #918, .T. ) ;
#1955 = ORIENTED_EDGE ( 'NONE', *, *, #1337, .T. ) ;
ENDSEC;
END-ISO-10303-21;
