ISO-10303-21;
HEADER;
FILE_DESCRIPTION (( 'STEP AP214' ),
    '1' );
FILE_NAME ('P001-B105_BikeMount_Rev2D-4.STEP',
    '2026-05-07T20:02:27',
    ( '' ),
    ( '' ),
    'SwSTEP 2.0',
    'SolidWorks 2026',
    '' );
FILE_SCHEMA (( 'AUTOMOTIVE_DESIGN' ));
ENDSEC;

DATA;
#1 = AXIS2_PLACEMENT_3D ( 'NONE', #272, #1235, #2005 ) ;
#2 = CARTESIAN_POINT ( 'NONE',  ( 7.157749997951611043, -8.938101187500000933, 1.641902551459054698E-15 ) ) ;
#3 = CARTESIAN_POINT ( 'NONE',  ( 15.52751339424810695, 0.000000000000000000, 0.000000000000000000 ) ) ;
#4 = ORIENTED_EDGE ( 'NONE', *, *, #332, .T. ) ;
#5 = CARTESIAN_POINT ( 'NONE',  ( 5.662437495882736371, 9.758118988125000115, -4.041945228131798906 ) ) ;
#6 = CARTESIAN_POINT ( 'NONE',  ( 6.125648775720041961, 1.848283205114824665E-05, 9.749999999962501107 ) ) ;
#7 = DIRECTION ( 'NONE',  ( 0.000000000000000000, 0.000000000000000000, -1.000000000000000000 ) ) ;
#8 = VERTEX_POINT ( 'NONE', #21 ) ;
#9 = CARTESIAN_POINT ( 'NONE',  ( 6.935780431575010674, 2.369715735801751322, -9.476492619557207675 ) ) ;
#10 = CARTESIAN_POINT ( 'NONE',  ( 10.90774999590322025, -9.750000000000000000, 4.038582233137682387 ) ) ;
#11 = CARTESIAN_POINT ( 'NONE',  ( 8.043617812102905162, -9.689997824183327779, -1.736304706555032995 ) ) ;
#12 = CARTESIAN_POINT ( 'NONE',  ( 6.595249997951611043, 6.320191960612784321, 6.320191960612783433 ) ) ;
#13 = VECTOR ( 'NONE', #899, 1000.000000000000000 ) ;
#14 = B_SPLINE_CURVE_WITH_KNOTS ( 'NONE', 3,
 ( #766, #2146, #1104, #1701, #2484, #512, #1318, #2096, #727, #2174, #580, #2158, #29, #1764, #807, #1007, #794, #631, #819, #1202, #834, #385, #617, #1033, #429, #209, #1184, #1418, #1216 ),
 .UNSPECIFIED., .F., .F.,
 ( 4, 2, 2, 2, 2, 2, 2, 2, 1, 2, 2, 2, 2, 2, 4 ),
 ( 0.3718514230617589456, 0.3767347375229417872, 0.3816180519841246288, 0.3913846809064903676, 0.3962679953676732092, 0.3987096525982646300, 0.3999304812135603404, 0.4002356883673842680, 0.4005408955212081956, 0.4011513098288560508, 0.4109179387512219561, 0.4206845676735878059, 0.4304511965959536557, 0.4402178255183195610, 0.4499844544406854108 ),
 .UNSPECIFIED. ) ;
#15 = DIRECTION ( 'NONE',  ( -1.000000000000000000, 0.000000000000000000, -0.000000000000000000 ) ) ;
#16 = ORIENTED_EDGE ( 'NONE', *, *, #1317, .F. ) ;
#17 = DIRECTION ( 'NONE',  ( 0.000000000000000000, 0.000000000000000000, 1.000000000000000000 ) ) ;
#18 = ORIENTED_EDGE ( 'NONE', *, *, #283, .F. ) ;
#19 = CARTESIAN_POINT ( 'NONE',  ( 12.50149999795161548, 8.938101187499999156, 3.702282733725566377 ) ) ;
#20 = CARTESIAN_POINT ( 'NONE',  ( 11.43483208875541557, 9.034357101166412107, 1.410245810655347043 ) ) ;
#21 = CARTESIAN_POINT ( 'NONE',  ( 10.06400000000000006, 0.000000000000000000, -9.750000000000000000 ) ) ;
#22 = CARTESIAN_POINT ( 'NONE',  ( 5.751499997951611931, -8.938101187499999156, -3.702282733725568598 ) ) ;
#23 = CARTESIAN_POINT ( 'NONE',  ( 10.81399999795161193, -3.702282733725573038, -8.938101187499997380 ) ) ;
#24 = CARTESIAN_POINT ( 'NONE',  ( 8.498059579761143567, 4.723337602120646572, -8.616860738693148392 ) ) ;
#25 = CARTESIAN_POINT ( 'NONE',  ( 8.470249997951610155, 6.320191960612784321, 6.320191960612783433 ) ) ;
#26 = CARTESIAN_POINT ( 'NONE',  ( 5.306677564119895329, 1.090913674976167664E-15, 8.907986169854885006 ) ) ;
#27 = EDGE_CURVE ( 'NONE', #1115, #2513, #1249, .T. ) ;
#28 = CARTESIAN_POINT ( 'NONE',  ( 4.532750000000000057, 9.750000000000001776, 4.038582233137676170 ) ) ;
#29 = CARTESIAN_POINT ( 'NONE',  ( 9.371929697979457075, -8.366202518661527421, 5.008440626079034175 ) ) ;
#30 = ORIENTED_EDGE ( 'NONE', *, *, #129, .T. ) ;
#31 = CYLINDRICAL_SURFACE ( 'NONE', #858, 10.00000000000000000 ) ;
#32 = EDGE_CURVE ( 'NONE', #1337, #2208, #2161, .T. ) ;
#33 = CARTESIAN_POINT ( 'NONE',  ( 9.876500000000000057, -6.894291116568839861, -6.894291116568836308 ) ) ;
#34 = CARTESIAN_POINT ( 'NONE',  ( 11.56602859699990304, 4.707941257608140972, 7.685270674386848633 ) ) ;
#35 = ORIENTED_EDGE ( 'NONE', *, *, #2330, .T. ) ;
#36 = CYLINDRICAL_SURFACE ( 'NONE', #2291, 9.750000000000000000 ) ;
#37 = CARTESIAN_POINT ( 'NONE',  ( 7.345249997951610155, -6.320191960612783433, 6.320191960612785209 ) ) ;
#38 = CARTESIAN_POINT ( 'NONE',  ( 8.768064102911157676, 9.808648538216946378, 0.5921325446140027760 ) ) ;
#39 = CARTESIAN_POINT ( 'NONE',  ( 8.938999997951610155, -8.938101187499997380, 3.702282733725571262 ) ) ;
#40 = CARTESIAN_POINT ( 'NONE',  ( 7.642857010130494011, -0.7309488301880272543, 9.749999937767668712 ) ) ;
#41 = CARTESIAN_POINT ( 'NONE',  ( 12.78274999795161371, 1.094601700972703329E-15, 8.938101187500000933 ) ) ;
#42 = FACE_OUTER_BOUND ( 'NONE', #1046, .T. ) ;
#43 = CARTESIAN_POINT ( 'NONE',  ( 5.001499997951609267, 3.702282733725566821, -8.938101187499999156 ) ) ;
#44 = ORIENTED_EDGE ( 'NONE', *, *, #2169, .T. ) ;
#45 = FACE_OUTER_BOUND ( 'NONE', #400, .T. ) ;
#46 = VECTOR ( 'NONE', #895, 1000.000000000000000 ) ;
#47 = CARTESIAN_POINT ( 'NONE',  ( 7.532749997951610155, -8.938101187500000933, 1.641902551459054698E-15 ) ) ;
#48 = CARTESIAN_POINT ( 'NONE',  ( 10.46046537272637877, 6.250360741011905752, 7.517025252073475272 ) ) ;
#49 = CARTESIAN_POINT ( 'NONE',  ( 10.06399999795161015, 3.702282733725568598, 8.938101187499999156 ) ) ;
#50 = PLANE ( 'NONE',  #1466 ) ;
#51 = CARTESIAN_POINT ( 'NONE',  ( 12.50149999795161548, 8.938101187499999156, 3.702282733725566377 ) ) ;
#52 = PRESENTATION_LAYER_ASSIGNMENT (  '', '', ( #938 ) ) ;
#53 = AXIS2_PLACEMENT_3D ( 'NONE', #2155, #408, #382 ) ;
#54 = ORIENTED_EDGE ( 'NONE', *, *, #1834, .F. ) ;
#55 = APPLICATION_PROTOCOL_DEFINITION ( 'draft international standard', 'automotive_design', 1998, #1341 ) ;
#56 = VECTOR ( 'NONE', #72, 1000.000000000000000 ) ;
#57 = EDGE_CURVE ( 'NONE', #634, #1437, #1832, .T. ) ;
#58 = CARTESIAN_POINT ( 'NONE',  ( 5.317684994114378227, 6.592624129658386956, 6.058650428061296722 ) ) ;
#59 = CARTESIAN_POINT ( 'NONE',  ( 5.845249997951609267, -6.320191960612783433, 6.320191960612785209 ) ) ;
#60 = ORIENTED_EDGE ( 'NONE', *, *, #2143, .T. ) ;
#61 = EDGE_LOOP ( 'NONE', ( #1790, #2527 ) ) ;
#62 = CARTESIAN_POINT ( 'NONE',  ( 7.626499997951610155, 3.702282733725566821, -8.938101187500000933 ) ) ;
#63 = DIRECTION ( 'NONE',  ( 0.000000000000000000, 0.000000000000000000, -1.000000000000000000 ) ) ;
#64 = CARTESIAN_POINT ( 'NONE',  ( 4.532749997951610155, 0.000000000000000000, -8.938101187500000933 ) ) ;
#65 = CARTESIAN_POINT ( 'NONE',  ( 6.688999997951610155, 8.938101187499999156, -3.702282733725567709 ) ) ;
#66 = CARTESIAN_POINT ( 'NONE',  ( 10.37355657256231467, 8.519393744104029054, 4.742180890592119447 ) ) ;
#67 = CARTESIAN_POINT ( 'NONE',  ( 7.871638070928941744, -8.359686353674637971, 5.018243495736329329 ) ) ;
#68 = EDGE_CURVE ( 'NONE', #1740, #1777, #1056, .T. ) ;
#69 = CARTESIAN_POINT ( 'NONE',  ( 12.31399999795161193, 8.938101187499999156, -3.702282733725567709 ) ) ;
#70 = CARTESIAN_POINT ( 'NONE',  ( 6.845084436607590916, -1.264721967658392066, -9.749999985893973431 ) ) ;
#71 = CARTESIAN_POINT ( 'NONE',  ( 11.35404974252504395, 8.555504189949912686, -3.448963259914903823 ) ) ;
#72 = DIRECTION ( 'NONE',  ( 1.000000000000000000, -0.000000000000000000, -0.000000000000000000 ) ) ;
#73 = CARTESIAN_POINT ( 'NONE',  ( 6.126500000000000057, 6.894291116568838973, 6.894291116568837197 ) ) ;
#74 = CARTESIAN_POINT ( 'NONE',  ( 13.06399999795161193, 3.702282733725568598, 8.938101187499999156 ) ) ;
#75 = CARTESIAN_POINT ( 'NONE',  ( 8.845249997951610155, -6.320191960612783433, 6.320191960612785209 ) ) ;
#76 = CARTESIAN_POINT ( 'NONE',  ( 10.54529754143409370, 3.211512538409680317, 9.231447351891441500 ) ) ;
#77 = CARTESIAN_POINT ( 'NONE',  ( 11.63589881250000246, -1.102517521601339423, 8.874112701999600006 ) ) ;
#78 = EDGE_CURVE ( 'NONE', #1463, #8, #2074, .T. ) ;
#79 = CARTESIAN_POINT ( 'NONE',  ( 4.157750000000000057, 4.038582233137677058, -9.750000000000001776 ) ) ;
#80 = VERTEX_POINT ( 'NONE', #1095 ) ;
#81 = CARTESIAN_POINT ( 'NONE',  ( 5.317684994114374675, 7.690081299895517475, 4.563080984934147821 ) ) ;
#82 = CARTESIAN_POINT ( 'NONE',  ( 5.482243481667811835, -8.821090924243383924, -3.265891859066280656 ) ) ;
#83 = DIRECTION ( 'NONE',  ( 1.000000000000000000, -0.000000000000000000, -0.000000000000000000 ) ) ;
#84 = CARTESIAN_POINT ( 'NONE',  ( 13.43899999795160838, -8.938101187499997380, 3.702282733725571262 ) ) ;
#85 = FACE_OUTER_BOUND ( 'NONE', #2435, .T. ) ;
#86 = DIRECTION ( 'NONE',  ( 1.000000000000000000, -0.000000000000000000, -0.000000000000000000 ) ) ;
#87 = CARTESIAN_POINT ( 'NONE',  ( 11.47024999795161193, 6.320191960612784321, 6.320191960612783433 ) ) ;
#88 = DIRECTION ( 'NONE',  ( 1.000000000000000000, -0.000000000000000000, -0.000000000000000000 ) ) ;
#89 = CARTESIAN_POINT ( 'NONE',  ( 5.317684994114377339, -0.8941958610189753021, 8.904575152435105778 ) ) ;
#90 = CARTESIAN_POINT ( 'NONE',  ( 11.28275000000000183, -9.750000000000000000, -4.038582233137678834 ) ) ;
#91 = CARTESIAN_POINT ( 'NONE',  ( 6.659803202664725141, -7.745741493514891829, -6.055205207155737845 ) ) ;
#92 = ORIENTED_EDGE ( 'NONE', *, *, #2512, .F. ) ;
#93 = CIRCLE ( 'NONE', #2218, 10.16000000000000014 ) ;
#94 = CARTESIAN_POINT ( 'NONE',  ( 10.34524999795161193, -6.320191960612785209, -6.320191960612781656 ) ) ;
#95 = CARTESIAN_POINT ( 'NONE',  ( 5.376499997951611043, -3.702282733725565045, 8.938101187500000933 ) ) ;
#96 = CARTESIAN_POINT ( 'NONE',  ( 0.000000000000000000, 0.000000000000000000, 0.000000000000000000 ) ) ;
#97 = CARTESIAN_POINT ( 'NONE',  ( 11.75149999795161371, -3.702282733725565045, 8.938101187500000933 ) ) ;
#98 = DIRECTION ( 'NONE',  ( 1.000000000000000000, -0.000000000000000000, -0.000000000000000000 ) ) ;
#99 = CARTESIAN_POINT ( 'NONE',  ( 9.595249995903222029, -9.750000000000000000, -4.038582233137678834 ) ) ;
#100 = CARTESIAN_POINT ( 'NONE',  ( 10.15775000000000183, 4.038582233137677058, -9.750000000000001776 ) ) ;
#101 = CYLINDRICAL_SURFACE ( 'NONE', #667, 10.16000000000000014 ) ;
#102 = ORIENTED_EDGE ( 'NONE', *, *, #2357, .F. ) ;
#103 = CARTESIAN_POINT ( 'NONE',  ( 10.62649999795161193, 3.702282733725566821, -8.938101187500000933 ) ) ;
#104 = ADVANCED_FACE ( 'NONE', ( #1116 ), #1695, .F. ) ;
#105 = CARTESIAN_POINT ( 'NONE',  ( 0.000000000000000000, 0.000000000000000000, 0.000000000000000000 ) ) ;
#106 = CARTESIAN_POINT ( 'NONE',  ( 5.845249997951609267, -6.320191960612783433, 6.320191960612785209 ) ) ;
#107 = CARTESIAN_POINT ( 'NONE',  ( 7.814000000000001833, 1.194030629168669469E-15, 9.750000000000000000 ) ) ;
#108 = CARTESIAN_POINT ( 'NONE',  ( 10.44368749588273815, 6.900032108128399955, 6.900032108128398178 ) ) ;
#109 = CARTESIAN_POINT ( 'NONE',  ( 7.720249995903221141, -4.038582233137675281, 9.750000000000001776 ) ) ;
#110 = ORIENTED_EDGE ( 'NONE', *, *, #603, .T. ) ;
#111 = CARTESIAN_POINT ( 'NONE',  ( 12.40775000000000361, -4.038582233137675281, 9.750000000000001776 ) ) ;
#112 =( BOUNDED_SURFACE ( )  B_SPLINE_SURFACE ( 1, 2, ( 
 ( #871, #678, #1326, #472, #2456, #1086, #2250, #1877, #333, #1921, #1727, #1275, #2503, #817, #2377, #1801, #605, #2548, #398, #1378, #2335, #1365, #12, #964, #2560, #179, #779, #2392, #2, #383, #806, #1973, #792, #1611, #993, #579, #1019, #1182, #616, #164, #2132, #2535, #2173, #2186, #979, #360, #1402, #1763, #563, #1775, #1587, #1787, #1154, #1944, #1575, #2363, #2145, #1168, #2349, #1600, #2156, #590, #1389, #1985, #409, #1201, #147, #1215, #1751, #1999, #192, #1006, #207, #372, #1958, #765, #1562, #1842, #2036, #1826, #1677, #1860, #2230, #69, #1255, #51, #889, #253, #41, #878, #1634, #1055, #862, #2461, #847, #1474, #442, #1665, #1815, #1431, #2446, #2063, #2254, #1268, #630, #670, #2242, #224, #1872 ),
 ( #465, #79, #1070, #1043, #2014, #28, #428, #237, #477, #1032, #2419, #1282, #2215, #644, #1416, #1444, #285, #1457, #2025, #1083, #2201, #454, #1651, #1230, #1244, #2433, #656, #2049, #268, #832, #1623, #2406, #1124, #2117, #1137, #523, #1691, #136, #1303, #1932, #950, #1325, #347, #321, #685, #2080, #937, #1736, #307, #2072, #2472, #1487, #1102, #1920, #723, #1895, #331, #2264, #2483, #510, #488, #698, #1496, #709, #925, #100, #913, #1711, #2106, #123, #1292, #295, #1725, #2273, #1091, #1700, #1884, #90, #2501, #903, #1112, #500, #1506, #735, #2282, #1316, #2093, #1906, #2492, #111, #1522, #2295, #1534, #2306, #534, #1339, #1784, #2570, #396, #204, #2130, #146, #1599, #1199, #804, #749, #1984, #2360, #578 ) ),
 .UNSPECIFIED., .F., .F., .F. ) 
 B_SPLINE_SURFACE_WITH_KNOTS ( ( 2, 2 ),
 ( 3, 2, 2, 2, 2, 2, 2, 2, 2, 2, 2, 2, 2, 2, 2, 2, 2, 2, 2, 2, 2, 2, 2, 2, 2, 2, 2, 2, 2, 2, 2, 2, 2, 2, 2, 2, 2, 2, 2, 2, 2, 2, 2, 2, 2, 2, 2, 2, 2, 2, 2, 2, 2, 2, 3 ),
 ( 0.000000000000000000, 1.000000000000000000 ),
 ( 0.000000000000000000, 0.01785714285714285615, 0.03571428571428571230, 0.05357142857142856845, 0.07142857142857142461, 0.08928571428571428770, 0.1071428571428571369, 0.1250000000000000000, 0.1428571428571428492, 0.1607142857142857262, 0.1785714285714285754, 0.1964285714285714246, 0.2142857142857142738, 0.2321428571428571508, 0.2500000000000000000, 0.2678571428571428492, 0.2857142857142856984, 0.3035714285714285476, 0.3214285714285714524, 0.3392857142857143016, 0.3571428571428571508, 0.3750000000000000000, 0.3928571428571428492, 0.4107142857142856984, 0.4285714285714285476, 0.4464285714285714524, 0.4642857142857143016, 0.4821428571428571508, 0.5000000000000000000, 0.5178571428571429047, 0.5357142857142856984, 0.5535714285714286031, 0.5714285714285713969, 0.5892857142857143016, 0.6071428571428570953, 0.6250000000000000000, 0.6428571428571429047, 0.6607142857142856984, 0.6785714285714286031, 0.6964285714285713969, 0.7142857142857143016, 0.7321428571428570953, 0.7500000000000000000, 0.7678571428571429047, 0.7857142857142856984, 0.8035714285714286031, 0.8214285714285713969, 0.8392857142857143016, 0.8571428571428570953, 0.8750000000000000000, 0.8928571428571429047, 0.9107142857142856984, 0.9285714285714286031, 0.9464285714285713969, 0.9524151458196529196 ),
 .UNSPECIFIED. ) 
 GEOMETRIC_REPRESENTATION_ITEM ( )  RATIONAL_B_SPLINE_SURFACE ( (
 ( 1.000000000000000000, 0.9238795325112867385, 1.000000000000000000, 0.9238795325112867385, 1.000000000000000000, 0.9238795325112867385, 1.000000000000000000, 0.9238795325112867385, 1.000000000000000000, 0.9238795325112867385, 1.000000000000000000, 0.9238795325112867385, 1.000000000000000000, 0.9238795325112867385, 1.000000000000000000, 0.9238795325112867385, 1.000000000000000000, 0.9238795325112867385, 1.000000000000000000, 0.9238795325112867385, 1.000000000000000000, 0.9238795325112867385, 1.000000000000000000, 0.9238795325112867385, 1.000000000000000000, 0.9238795325112867385, 1.000000000000000000, 0.9238795325112867385, 1.000000000000000000, 0.9238795325112867385, 1.000000000000000000, 0.9238795325112867385, 1.000000000000000000, 0.9238795325112867385, 1.000000000000000000, 0.9238795325112867385, 1.000000000000000000, 0.9238795325112867385, 1.000000000000000000, 0.9238795325112867385, 1.000000000000000000, 0.9238795325112867385, 1.000000000000000000, 0.9238795325112867385, 1.000000000000000000, 0.9238795325112867385, 1.000000000000000000, 0.9238795325112867385, 1.000000000000000000, 0.9238795325112867385, 1.000000000000000000, 0.9238795325112867385, 1.000000000000000000, 0.9238795325112867385, 1.000000000000000000, 0.9238795325112867385, 1.000000000000000000, 0.9238795325112867385, 1.000000000000000000, 0.9238795325112867385, 1.000000000000000000, 0.9238795325112867385, 1.000000000000000000, 0.9238795325112867385, 1.000000000000000000, 0.9238795325112867385, 1.000000000000000000, 0.9238795325112867385, 1.000000000000000000, 0.9238795325112867385, 1.000000000000000000, 0.9238795325112867385, 1.000000000000000000, 0.9238795325112867385, 1.000000000000000000, 0.9238795325112867385, 1.000000000000000000, 0.9238795325112867385, 1.000000000000000000, 0.9238795325112867385, 1.000000000000000000, 0.9238795325112867385, 1.000000000000000000, 0.9238795325112867385, 1.000000000000000000, 0.9238795325112867385, 1.000000000000000000, 0.9238795325112867385, 1.000000000000000000, 0.9238795325112867385, 1.000000000000000000, 0.9238795325112867385, 1.000000000000000000, 0.9238795325112867385, 1.000000000000000000, 0.9238795325112867385, 1.000000000000000000, 0.9238795325112867385, 1.000000000000000000, 0.9238795325112867385, 1.000000000000000000, 0.9238795325112867385, 1.000000000000000000, 0.9238795325112867385, 1.000000000000000000, 0.9238795325112867385, 1.000000000000000000, 0.9744807528869152691, 0.9660720673534803904),
 ( 1.000000000000000000, 0.9238795325112867385, 1.000000000000000000, 0.9238795325112867385, 1.000000000000000000, 0.9238795325112867385, 1.000000000000000000, 0.9238795325112867385, 1.000000000000000000, 0.9238795325112867385, 1.000000000000000000, 0.9238795325112867385, 1.000000000000000000, 0.9238795325112867385, 1.000000000000000000, 0.9238795325112867385, 1.000000000000000000, 0.9238795325112867385, 1.000000000000000000, 0.9238795325112867385, 1.000000000000000000, 0.9238795325112867385, 1.000000000000000000, 0.9238795325112867385, 1.000000000000000000, 0.9238795325112867385, 1.000000000000000000, 0.9238795325112867385, 1.000000000000000000, 0.9238795325112867385, 1.000000000000000000, 0.9238795325112867385, 1.000000000000000000, 0.9238795325112867385, 1.000000000000000000, 0.9238795325112867385, 1.000000000000000000, 0.9238795325112867385, 1.000000000000000000, 0.9238795325112867385, 1.000000000000000000, 0.9238795325112867385, 1.000000000000000000, 0.9238795325112867385, 1.000000000000000000, 0.9238795325112867385, 1.000000000000000000, 0.9238795325112867385, 1.000000000000000000, 0.9238795325112867385, 1.000000000000000000, 0.9238795325112867385, 1.000000000000000000, 0.9238795325112867385, 1.000000000000000000, 0.9238795325112867385, 1.000000000000000000, 0.9238795325112867385, 1.000000000000000000, 0.9238795325112867385, 1.000000000000000000, 0.9238795325112867385, 1.000000000000000000, 0.9238795325112867385, 1.000000000000000000, 0.9238795325112867385, 1.000000000000000000, 0.9238795325112867385, 1.000000000000000000, 0.9238795325112867385, 1.000000000000000000, 0.9238795325112867385, 1.000000000000000000, 0.9238795325112867385, 1.000000000000000000, 0.9238795325112867385, 1.000000000000000000, 0.9238795325112867385, 1.000000000000000000, 0.9238795325112867385, 1.000000000000000000, 0.9238795325112867385, 1.000000000000000000, 0.9238795325112867385, 1.000000000000000000, 0.9238795325112867385, 1.000000000000000000, 0.9238795325112867385, 1.000000000000000000, 0.9238795325112867385, 1.000000000000000000, 0.9238795325112867385, 1.000000000000000000, 0.9238795325112867385, 1.000000000000000000, 0.9238795325112867385, 1.000000000000000000, 0.9238795325112867385, 1.000000000000000000, 0.9238795325112867385, 1.000000000000000000, 0.9238795325112867385, 1.000000000000000000, 0.9238795325112867385, 1.000000000000000000, 0.9238795325112867385, 1.000000000000000000, 0.9744807528869152691, 0.9660720673534803904) ) ) 
 REPRESENTATION_ITEM ( '' )  SURFACE ( )  );
#113 = DIRECTION ( 'NONE',  ( -0.000000000000000000, -1.000000000000000000, -0.000000000000000000 ) ) ;
#114 = ORIENTED_EDGE ( 'NONE', *, *, #1377, .T. ) ;
#115 = CARTESIAN_POINT ( 'NONE',  ( 5.555795430438828397, -3.932436951999037866, -8.765562113877839678 ) ) ;
#116 = AXIS2_PLACEMENT_3D ( 'NONE', #497, #696, #1311 ) ;
#117 = CARTESIAN_POINT ( 'NONE',  ( 9.688999997951610155, 3.702282733725568598, 8.938101187499999156 ) ) ;
#118 = CARTESIAN_POINT ( 'NONE',  ( 12.78274999795161193, 8.938101187500000933, -5.473008504863516646E-16 ) ) ;
#119 = CARTESIAN_POINT ( 'NONE',  ( 6.314000000000000057, 1.194030629168669469E-15, 9.750000000000000000 ) ) ;
#120 = CARTESIAN_POINT ( 'NONE',  ( 0.000000000000000000, 1.194030629168669469E-15, 9.750000000000000000 ) ) ;
#121 = CARTESIAN_POINT ( 'NONE',  ( 6.688999995903220253, -6.894291116568839861, -6.894291116568836308 ) ) ;
#122 = VERTEX_POINT ( 'NONE', #702 ) ;
#123 = CARTESIAN_POINT ( 'NONE',  ( 10.53275000000000006, 9.750000000000001776, 4.038582233137676170 ) ) ;
#124 = CARTESIAN_POINT ( 'NONE',  ( 11.68399999999999572, 0.000000000000000000, 0.000000000000000000 ) ) ;
#125 = CARTESIAN_POINT ( 'NONE',  ( 0.000000000000000000, 0.000000000000000000, 0.000000000000000000 ) ) ;
#126 = ORIENTED_EDGE ( 'NONE', *, *, #2348, .T. ) ;
#127 = CARTESIAN_POINT ( 'NONE',  ( 5.590358615100844197, 8.455735582540846451, -4.754052088266107923 ) ) ;
#128 = CARTESIAN_POINT ( 'NONE',  ( 10.06399999795161015, -8.938101187499999156, 3.702282733725571706 ) ) ;
#129 = EDGE_CURVE ( 'NONE', #1635, #2450, #1062, .T. ) ;
#130 = LINE ( 'NONE', #2353, #859 ) ;
#131 = CARTESIAN_POINT ( 'NONE',  ( 11.00149999795161371, 8.938101187499999156, 3.702282733725566377 ) ) ;
#132 = CARTESIAN_POINT ( 'NONE',  ( 5.614215212618730355, 8.196374603788681767, -5.280335534256871632 ) ) ;
#133 = CARTESIAN_POINT ( 'NONE',  ( 10.34524999795161193, -6.320191960612783433, 6.320191960612785209 ) ) ;
#134 = CARTESIAN_POINT ( 'NONE',  ( 9.501499995903220253, -9.750000000000000000, 1.791045943753003908E-15 ) ) ;
#135 = VERTEX_POINT ( 'NONE', #969 ) ;
#136 = CARTESIAN_POINT ( 'NONE',  ( 7.532750000000001833, 9.750000000000001776, 4.038582233137676170 ) ) ;
#137 = DIRECTION ( 'NONE',  ( 0.000000000000000000, 0.000000000000000000, 1.000000000000000000 ) ) ;
#138 = CARTESIAN_POINT ( 'NONE',  ( -12.99999999999986322, 10.16000000000000014, -15.00000000000000000 ) ) ;
#139 = ORIENTED_EDGE ( 'NONE', *, *, #764, .F. ) ;
#140 = CARTESIAN_POINT ( 'NONE',  ( 10.88766037402049847, -1.537447731276157192, 9.579951159100167146 ) ) ;
#141 = CARTESIAN_POINT ( 'NONE',  ( 8.470250000000000057, -4.038582233137683275, -9.750000000000000000 ) ) ;
#142 = CARTESIAN_POINT ( 'NONE',  ( 7.374885788579364387, 8.492205486706550843, 4.790752341837710482 ) ) ;
#143 = LINE ( 'NONE', #959, #770 ) ;
#144 = CARTESIAN_POINT ( 'NONE',  ( 9.220249995903222029, -4.038582233137675281, 9.750000000000001776 ) ) ;
#145 = EDGE_LOOP ( 'NONE', ( #1538, #298, #447, #1936, #241, #1163 ) ) ;
#146 = CARTESIAN_POINT ( 'NONE',  ( 13.53275000000000361, 9.750000000000001776, 4.038582233137676170 ) ) ;
#147 = CARTESIAN_POINT ( 'NONE',  ( 10.72024999795161193, 6.320191960612784321, -6.320191960612784321 ) ) ;
#148 = CARTESIAN_POINT ( 'NONE',  ( 7.818687495882735483, -6.900032108128398178, 6.900032108128400843 ) ) ;
#149 = DIRECTION ( 'NONE',  ( 0.000000000000000000, 0.000000000000000000, -1.000000000000000000 ) ) ;
#150 = ORIENTED_EDGE ( 'NONE', *, *, #2111, .T. ) ;
#151 = CARTESIAN_POINT ( 'NONE',  ( 5.441444079515963317, 9.165240758725030190, -1.460719856389694371 ) ) ;
#152 = CARTESIAN_POINT ( 'NONE',  ( 5.366225252370884213, -5.619366511298277800, 7.144450377336404756 ) ) ;
#153 = EDGE_CURVE ( 'NONE', #2350, #648, #981, .T. ) ;
#154 = CARTESIAN_POINT ( 'NONE',  ( 4.064000000000000057, 1.244241147933710864E-15, 10.16000000000000014 ) ) ;
#155 = CARTESIAN_POINT ( 'NONE',  ( 9.782749997951610155, 1.094601700972703329E-15, 8.938101187500000933 ) ) ;
#156 = CYLINDRICAL_SURFACE ( 'NONE', #478, 9.750000000000000000 ) ;
#157 = VERTEX_POINT ( 'NONE', #1962 ) ;
#158 = CARTESIAN_POINT ( 'NONE',  ( 15.52751339424810695, 0.000000000000000000, 0.000000000000000000 ) ) ;
#159 = CARTESIAN_POINT ( 'NONE',  ( 7.813999997951610155, -3.702282733725573038, -8.938101187499999156 ) ) ;
#160 = CARTESIAN_POINT ( 'NONE',  ( 12.12649999590322025, 1.194030629168669469E-15, 9.750000000000000000 ) ) ;
#161 = ORIENTED_EDGE ( 'NONE', *, *, #708, .F. ) ;
#162 = DIRECTION ( 'NONE',  ( -0.000000000000000000, -1.000000000000000000, -0.000000000000000000 ) ) ;
#163 = CARTESIAN_POINT ( 'NONE',  ( 9.881187495882738148, 0.000000000000000000, -9.758118988125000115 ) ) ;
#164 = CARTESIAN_POINT ( 'NONE',  ( 8.188999997951610155, 3.702282733725568598, 8.938101187499999156 ) ) ;
#165 =( NAMED_UNIT ( * ) SI_UNIT ( $, .STERADIAN. ) SOLID_ANGLE_UNIT ( ) );
#166 = VERTEX_POINT ( 'NONE', #2160 ) ;
#167 = CARTESIAN_POINT ( 'NONE',  ( 5.490985010660418553, 9.069446628308632796, -2.577712668931095408 ) ) ;
#168 = CARTESIAN_POINT ( 'NONE',  ( 5.360346300913692907, -5.144341669771451464, 7.473992073000220948 ) ) ;
#169 = EDGE_CURVE ( 'NONE', #1337, #1777, #1355, .T. ) ;
#170 = CARTESIAN_POINT ( 'NONE',  ( 9.876499997951611931, -3.702282733725565045, 8.938101187500000933 ) ) ;
#171 = CARTESIAN_POINT ( 'NONE',  ( 10.99062804379135727, -8.977234081341466165, -3.362103501480940615 ) ) ;
#172 = ORIENTED_EDGE ( 'NONE', *, *, #1118, .T. ) ;
#173 = CARTESIAN_POINT ( 'NONE',  ( 5.614444552634728858, 2.080083232919039293, -9.525531677766291949 ) ) ;
#174 = COLOUR_RGB ( '',0.7921568627450980005, 0.8196078431372548767, 0.9333333333333333481 ) ;
#175 = CARTESIAN_POINT ( 'NONE',  ( 10.62649999795161193, -8.938101187499999156, -3.702282733725568598 ) ) ;
#176 = CARTESIAN_POINT ( 'NONE',  ( 14.47024999590322203, 4.038582233137677058, -9.750000000000001776 ) ) ;
#177 = CIRCLE ( 'NONE', #1563, 6.730999999999999872 ) ;
#178 = CARTESIAN_POINT ( 'NONE',  ( 16.51000000000000156, 1.018722439870725882E-15, -7.747000000000002551 ) ) ;
#179 = CARTESIAN_POINT ( 'NONE',  ( 6.876499997951611931, -3.702282733725565045, 8.938101187500000933 ) ) ;
#180 = CARTESIAN_POINT ( 'NONE',  ( 8.564000000000000057, 0.000000000000000000, -9.750000000000000000 ) ) ;
#181 = ORIENTED_EDGE ( 'NONE', *, *, #169, .T. ) ;
#182 = CARTESIAN_POINT ( 'NONE',  ( 5.846250343770430291, 9.053308470801662011, 3.714998464967580016 ) ) ;
#183 = DIRECTION ( 'NONE',  ( 0.000000000000000000, 0.000000000000000000, -1.000000000000000000 ) ) ;
#184 = CARTESIAN_POINT ( 'NONE',  ( 7.907750000000003610, -4.038582233137685051, 9.749999999999992895 ) ) ;
#185 = ORIENTED_EDGE ( 'NONE', *, *, #736, .F. ) ;
#186 = FACE_OUTER_BOUND ( 'NONE', #728, .T. ) ;
#187 = EDGE_CURVE ( 'NONE', #2450, #2125, #1523, .T. ) ;
#188 = CARTESIAN_POINT ( 'NONE',  ( 11.63589881250022628, 0.8462926537792622161, 8.897945919263996473 ) ) ;
#189 = CARTESIAN_POINT ( 'NONE',  ( 14.37649999590322203, 0.000000000000000000, -9.750000000000000000 ) ) ;
#190 = CARTESIAN_POINT ( 'NONE',  ( 9.220250000000001833, 4.038582233137677946, 9.750000000000001776 ) ) ;
#191 = DIRECTION ( 'NONE',  ( 1.000000000000000000, -0.000000000000000000, -0.000000000000000000 ) ) ;
#192 = CARTESIAN_POINT ( 'NONE',  ( 11.09524999795161193, 6.320191960612784321, 6.320191960612783433 ) ) ;
#193 = DIRECTION ( 'NONE',  ( -1.000000000000000000, 0.000000000000000000, 0.000000000000000000 ) ) ;
#194 = ORIENTED_EDGE ( 'NONE', *, *, #921, .T. ) ;
#195 = CARTESIAN_POINT ( 'NONE',  ( 5.474937495882736371, 4.041945228131798906, -9.758118988125000115 ) ) ;
#196 = CARTESIAN_POINT ( 'NONE',  ( 13.34524999795161015, -6.320191960612785209, -6.320191960612781656 ) ) ;
#197 = CARTESIAN_POINT ( 'NONE',  ( 10.99440373237629487, -8.889348853804097672, -3.577912966738018063 ) ) ;
#198 = EDGE_LOOP ( 'NONE', ( #1141, #44, #413, #2092, #1008, #443, #126, #1025, #1564, #1010, #185, #977 ) ) ;
#199 = DIRECTION ( 'NONE',  ( 0.000000000000000000, 1.000000000000000000, 0.000000000000000000 ) ) ;
#200 =( BOUNDED_SURFACE ( )  B_SPLINE_SURFACE ( 1, 2, ( 
 ( #1024, #43, #851, #2041, #2398, #2017, #433, #660, #1807, #1615, #59, #1641, #2437, #1655, #1462, #1265, #247, #1227, #2183, #1812, #1428, #2022, #1608, #1838, #2047, #2403, #424, #2010, #265, #439, #1066, #235, #627, #1040, #407, #601, #203, #1824, #25, #1052, #2389, #2212, #614, #39, #218, #843, #828, #2417, #1620, #1212, #1413, #1442, #638, #2227, #1647, #49, #452, #652, #857, #1253, #1454, #2033, #2239, #2197, #462, #803, #2374, #1881, #1279, #1483, #87, #900, #1686, #97, #2470, #695, #910, #2224, #244, #1835, #840, #2194, #2428, #2167, #262, #1900, #908, #74, #1063, #1672, #2068, #84, #663, #2478, #918, #484, #1077, #883, #1704, #1087, #1450, #1878, #1288, #1683, #1852, #2044, #872, #898, #2457 ),
 ( #64, #1467, #1276, #1481, #2468, #680, #2261, #1491, #301, #95, #315, #2236, #1297, #2058, #1659, #290, #2267, #277, #494, #2076, #704, #2278, #504, #1308, #2085, #1107, #2099, #1717, #1743, #2301, #1767, #1965, #528, #1346, #366, #326, #2541, #772, #1161, #985, #1911, #931, #2341, #2123, #2312, #542, #2525, #1358, #353, #1568, #1950, #1926, #1527, #944, #1555, #117, #155, #170, #1331, #716, #972, #1513, #341, #2288, #1756, #516, #571, #1146, #1131, #131, #1370, #2151, #1541, #2327, #1938, #956, #796, #1593, #835, #608, #2016, #1625, #2369, #239, #402, #19, #2189, #1806, #2397, #1407, #1817, #432, #1206, #595, #196, #822, #1192, #621, #444, #389, #2026, #229, #1045, #1979, #2552, #1034, #1246, #2409, #416 ) ),
 .UNSPECIFIED., .F., .F., .F. ) 
 B_SPLINE_SURFACE_WITH_KNOTS ( ( 2, 2 ),
 ( 3, 2, 2, 2, 2, 2, 2, 2, 2, 2, 2, 2, 2, 2, 2, 2, 2, 2, 2, 2, 2, 2, 2, 2, 2, 2, 2, 2, 2, 2, 2, 2, 2, 2, 2, 2, 2, 2, 2, 2, 2, 2, 2, 2, 2, 2, 2, 2, 2, 2, 2, 2, 2, 2, 3 ),
 ( 0.000000000000000000, 1.000000000000000000 ),
 ( 0.000000000000000000, 0.01785714285714285615, 0.03571428571428571230, 0.05357142857142856845, 0.07142857142857142461, 0.08928571428571428770, 0.1071428571428571369, 0.1250000000000000000, 0.1428571428571428492, 0.1607142857142857262, 0.1785714285714285754, 0.1964285714285714246, 0.2142857142857142738, 0.2321428571428571508, 0.2500000000000000000, 0.2678571428571428492, 0.2857142857142856984, 0.3035714285714285476, 0.3214285714285714524, 0.3392857142857143016, 0.3571428571428571508, 0.3750000000000000000, 0.3928571428571428492, 0.4107142857142856984, 0.4285714285714285476, 0.4464285714285714524, 0.4642857142857143016, 0.4821428571428571508, 0.5000000000000000000, 0.5178571428571429047, 0.5357142857142856984, 0.5535714285714286031, 0.5714285714285713969, 0.5892857142857143016, 0.6071428571428570953, 0.6250000000000000000, 0.6428571428571429047, 0.6607142857142856984, 0.6785714285714286031, 0.6964285714285713969, 0.7142857142857143016, 0.7321428571428570953, 0.7500000000000000000, 0.7678571428571429047, 0.7857142857142856984, 0.8035714285714286031, 0.8214285714285713969, 0.8392857142857143016, 0.8571428571428570953, 0.8750000000000000000, 0.8928571428571429047, 0.9107142857142856984, 0.9285714285714286031, 0.9464285714285713969, 0.9524151458202491094 ),
 .UNSPECIFIED. ) 
 GEOMETRIC_REPRESENTATION_ITEM ( )  RATIONAL_B_SPLINE_SURFACE ( (
 ( 1.000000000000000000, 0.9238795325112867385, 1.000000000000000000, 0.9238795325112867385, 1.000000000000000000, 0.9238795325112867385, 1.000000000000000000, 0.9238795325112867385, 1.000000000000000000, 0.9238795325112867385, 1.000000000000000000, 0.9238795325112867385, 1.000000000000000000, 0.9238795325112867385, 1.000000000000000000, 0.9238795325112867385, 1.000000000000000000, 0.9238795325112867385, 1.000000000000000000, 0.9238795325112867385, 1.000000000000000000, 0.9238795325112867385, 1.000000000000000000, 0.9238795325112867385, 1.000000000000000000, 0.9238795325112867385, 1.000000000000000000, 0.9238795325112867385, 1.000000000000000000, 0.9238795325112867385, 1.000000000000000000, 0.9238795325112867385, 1.000000000000000000, 0.9238795325112867385, 1.000000000000000000, 0.9238795325112867385, 1.000000000000000000, 0.9238795325112867385, 1.000000000000000000, 0.9238795325112867385, 1.000000000000000000, 0.9238795325112867385, 1.000000000000000000, 0.9238795325112867385, 1.000000000000000000, 0.9238795325112867385, 1.000000000000000000, 0.9238795325112867385, 1.000000000000000000, 0.9238795325112867385, 1.000000000000000000, 0.9238795325112867385, 1.000000000000000000, 0.9238795325112867385, 1.000000000000000000, 0.9238795325112867385, 1.000000000000000000, 0.9238795325112867385, 1.000000000000000000, 0.9238795325112867385, 1.000000000000000000, 0.9238795325112867385, 1.000000000000000000, 0.9238795325112867385, 1.000000000000000000, 0.9238795325112867385, 1.000000000000000000, 0.9238795325112867385, 1.000000000000000000, 0.9238795325112867385, 1.000000000000000000, 0.9238795325112867385, 1.000000000000000000, 0.9238795325112867385, 1.000000000000000000, 0.9238795325112867385, 1.000000000000000000, 0.9238795325112867385, 1.000000000000000000, 0.9238795325112867385, 1.000000000000000000, 0.9238795325112867385, 1.000000000000000000, 0.9238795325112867385, 1.000000000000000000, 0.9238795325112867385, 1.000000000000000000, 0.9238795325112867385, 1.000000000000000000, 0.9238795325112867385, 1.000000000000000000, 0.9238795325112867385, 1.000000000000000000, 0.9238795325112867385, 1.000000000000000000, 0.9238795325112867385, 1.000000000000000000, 0.9238795325112867385, 1.000000000000000000, 0.9238795325112867385, 1.000000000000000000, 0.9238795325112867385, 1.000000000000000000, 0.9238795325112867385, 1.000000000000000000, 0.9238795325112867385, 1.000000000000000000, 0.9744807528843739686, 0.9660720673518057300),
 ( 1.000000000000000000, 0.9238795325112867385, 1.000000000000000000, 0.9238795325112867385, 1.000000000000000000, 0.9238795325112867385, 1.000000000000000000, 0.9238795325112867385, 1.000000000000000000, 0.9238795325112867385, 1.000000000000000000, 0.9238795325112867385, 1.000000000000000000, 0.9238795325112867385, 1.000000000000000000, 0.9238795325112867385, 1.000000000000000000, 0.9238795325112867385, 1.000000000000000000, 0.9238795325112867385, 1.000000000000000000, 0.9238795325112867385, 1.000000000000000000, 0.9238795325112867385, 1.000000000000000000, 0.9238795325112867385, 1.000000000000000000, 0.9238795325112867385, 1.000000000000000000, 0.9238795325112867385, 1.000000000000000000, 0.9238795325112867385, 1.000000000000000000, 0.9238795325112867385, 1.000000000000000000, 0.9238795325112867385, 1.000000000000000000, 0.9238795325112867385, 1.000000000000000000, 0.9238795325112867385, 1.000000000000000000, 0.9238795325112867385, 1.000000000000000000, 0.9238795325112867385, 1.000000000000000000, 0.9238795325112867385, 1.000000000000000000, 0.9238795325112867385, 1.000000000000000000, 0.9238795325112867385, 1.000000000000000000, 0.9238795325112867385, 1.000000000000000000, 0.9238795325112867385, 1.000000000000000000, 0.9238795325112867385, 1.000000000000000000, 0.9238795325112867385, 1.000000000000000000, 0.9238795325112867385, 1.000000000000000000, 0.9238795325112867385, 1.000000000000000000, 0.9238795325112867385, 1.000000000000000000, 0.9238795325112867385, 1.000000000000000000, 0.9238795325112867385, 1.000000000000000000, 0.9238795325112867385, 1.000000000000000000, 0.9238795325112867385, 1.000000000000000000, 0.9238795325112867385, 1.000000000000000000, 0.9238795325112867385, 1.000000000000000000, 0.9238795325112867385, 1.000000000000000000, 0.9238795325112867385, 1.000000000000000000, 0.9238795325112867385, 1.000000000000000000, 0.9238795325112867385, 1.000000000000000000, 0.9238795325112867385, 1.000000000000000000, 0.9238795325112867385, 1.000000000000000000, 0.9238795325112867385, 1.000000000000000000, 0.9238795325112867385, 1.000000000000000000, 0.9238795325112867385, 1.000000000000000000, 0.9238795325112867385, 1.000000000000000000, 0.9238795325112867385, 1.000000000000000000, 0.9238795325112867385, 1.000000000000000000, 0.9238795325112867385, 1.000000000000000000, 0.9238795325112867385, 1.000000000000000000, 0.9238795325112867385, 1.000000000000000000, 0.9744807528843739686, 0.9660720673518057300) ) ) 
 REPRESENTATION_ITEM ( '' )  SURFACE ( )  );
#201 = CIRCLE ( 'NONE', #2448, 10.16000000000000014 ) ;
#202 = CARTESIAN_POINT ( 'NONE',  ( 11.93899999590322203, 6.894291116568838973, 6.894291116568837197 ) ) ;
#203 = CARTESIAN_POINT ( 'NONE',  ( 8.282749997951608378, 8.938101187500000933, -5.473008504863516646E-16 ) ) ;
#204 = CARTESIAN_POINT ( 'NONE',  ( 13.34525000000000183, 9.750000000000001776, -4.038582233137677058 ) ) ;
#205 = VECTOR ( 'NONE', #113, 1000.000000000000000 ) ;
#206 = CARTESIAN_POINT ( 'NONE',  ( 13.91243749588273992, -9.758118988124998339, 4.041945228131804235 ) ) ;
#207 = CARTESIAN_POINT ( 'NONE',  ( 11.28274999795161193, 1.094601700972703329E-15, 8.938101187500000933 ) ) ;
#208 = CARTESIAN_POINT ( 'NONE',  ( 8.287437495882736371, -4.041945228131805123, -9.758118988124998339 ) ) ;
#209 = CARTESIAN_POINT ( 'NONE',  ( 9.744711571095287184, -5.102004505329643003, -8.414432159373523845 ) ) ;
#210 = EDGE_LOOP ( 'NONE', ( #551, #181, #759, #1123 ) ) ;
#211 = SPHERICAL_SURFACE ( 'NONE', #725, 7.429499999999999105 ) ;
#212 = CARTESIAN_POINT ( 'NONE',  ( 9.314000000000001833, 1.194030629168669469E-15, 9.750000000000000000 ) ) ;
#213 = CARTESIAN_POINT ( 'NONE',  ( 0.000000000000000000, -10.16000000000000014, 0.000000000000000000 ) ) ;
#214 = CARTESIAN_POINT ( 'NONE',  ( 8.938999997951610155, -3.702282733725573038, -8.938101187499999156 ) ) ;
#215 = ADVANCED_FACE ( 'NONE', ( #1406 ), #865, .F. ) ;
#216 = CARTESIAN_POINT ( 'NONE',  ( 11.84524999590322381, 9.750000000000001776, 4.038582233137676170 ) ) ;
#217 = CARTESIAN_POINT ( 'NONE',  ( 10.08857197820060669, 7.560493440544651556, -6.276852449514845667 ) ) ;
#218 = CARTESIAN_POINT ( 'NONE',  ( 9.032749997951610155, -8.938101187500000933, 1.641902551459054698E-15 ) ) ;
#219 =( BOUNDED_SURFACE ( )  B_SPLINE_SURFACE ( 1, 2, ( 
 ( #1978, #195, #1245, #5, #1592, #2367, #1205, #2396, #415, #2003, #1804, #1234, #620, #2205, #228, #1816, #1304, #2473, #673, #1461, #467, #1862, #1678, #2463, #1139, #1155, #148, #927, #564, #1959, #1403, #208, #1861, #455, #1692, #863, #1652, #2447, #2434, #2094, #1726, #963, #2307, #2515, #1548, #1785, #221, #2534, #163, #1267, #1814, #546, #902, #1688, #108, #520, #1892, #1504, #1597, #814, #2387, #612, #1027, #270, #1666, #296, #2519, #966, #752, #373, #793, #2379, #833, #1432, #1391, #2000, #1020, #286, #891, #254, #699, #322, #2118, #1103, #1507, #1113, #1712, #2012, #222, #1774, #789, #206, #2361, #697, #267, #1472, #249, #1069, #1857, #876, #282, #1663, #1485, #2214, #668, #642, #1082, #1871, #487 ),
 ( #1893, #1532, #2317, #319, #1151, #547, #2091, #1699, #2104, #2293, #306, #2482, #1748, #1135, #121, #707, #509, #923, #1930, #1709, #329, #1942, #1336, #1505, #961, #109, #2305, #1314, #1905, #2491, #1519, #2116, #1111, #2128, #2530, #720, #1100, #522, #532, #1324, #1495, #144, #1122, #1917, #134, #99, #358, #2270, #499, #1301, #912, #935, #1722, #345, #2359, #587, #2567, #600, #1387, #10, #1211, #1970, #1573, #991, #802, #1955, #1400, #1225, #1166, #216, #202, #1810, #160, #1028, #1797, #2008, #1607, #395, #1560, #2345, #1994, #2195, #2182, #1598, #1198, #2373, #576, #1375, #2388, #613, #2168, #1983, #2332, #762, #1178, #406, #189, #176, #560, #1003, #1363, #1772, #1783, #1016, #2558, #815, #2546, #777, #787 ),
 ( #1584, #1411, #422, #2142, #370, #381, #976, #1760, #2154, #2225, #473, #2210, #449, #1277, #841, #1251, #485, #2031, #2059, #65, #636, #2251, #1482, #1836, #2429, #1618, #37, #1822, #47, #263, #245, #1050, #1064, #1468, #279, #2262, #855, #1078, #1645, #1451, #650, #2441, #75, #1660, #1290, #1868, #2069, #884, #2237, #873, #460, #233, #1629, #291, #1426, #1263, #2045, #1854, #1088, #1673, #664, #2458, #681, #23, #826, #2401, #625, #436, #1239, #2020, #1038, #2415, #505, #1697, #1119, #1298, #909, #1889, #2112, #2509, #1927, #1718, #1097, #1332, #118, #693, #2313, #342, #2279, #1492, #2086, #2488, #517, #302, #1132, #543, #919, #1500, #1309, #1347, #1514, #2124, #2289, #1705, #2100, #2268, #1684, #2077, #1321 ) ),
 .UNSPECIFIED., .F., .F., .T. ) 
 B_SPLINE_SURFACE_WITH_KNOTS ( ( 2, 1, 2 ),
 ( 3, 2, 2, 2, 2, 2, 2, 2, 2, 2, 2, 2, 2, 2, 2, 2, 2, 2, 2, 2, 2, 2, 2, 2, 2, 2, 2, 2, 2, 2, 2, 2, 2, 2, 2, 2, 2, 2, 2, 2, 2, 2, 2, 2, 2, 2, 2, 2, 2, 2, 2, 2, 2, 2, 3 ),
 ( -0.01000000000000000021, 0.000000000000000000, 1.000000000000000000 ),
 ( 0.000000000000000000, 0.01785714285714285615, 0.03571428571428571230, 0.05357142857142856845, 0.07142857142857142461, 0.08928571428571428770, 0.1071428571428571369, 0.1250000000000000000, 0.1428571428571428492, 0.1607142857142857262, 0.1785714285714285754, 0.1964285714285714246, 0.2142857142857142738, 0.2321428571428571508, 0.2500000000000000000, 0.2678571428571428492, 0.2857142857142856984, 0.3035714285714285476, 0.3214285714285714524, 0.3392857142857143016, 0.3571428571428571508, 0.3750000000000000000, 0.3928571428571428492, 0.4107142857142856984, 0.4285714285714285476, 0.4464285714285714524, 0.4642857142857143016, 0.4821428571428571508, 0.5000000000000000000, 0.5178571428571429047, 0.5357142857142856984, 0.5535714285714286031, 0.5714285714285713969, 0.5892857142857143016, 0.6071428571428570953, 0.6250000000000000000, 0.6428571428571429047, 0.6607142857142856984, 0.6785714285714286031, 0.6964285714285713969, 0.7142857142857143016, 0.7321428571428570953, 0.7500000000000000000, 0.7678571428571429047, 0.7857142857142856984, 0.8035714285714286031, 0.8214285714285713969, 0.8392857142857143016, 0.8571428571428570953, 0.8750000000000000000, 0.8928571428571429047, 0.9107142857142856984, 0.9285714285714286031, 0.9464285714285713969, 0.9524151378862347750 ),
 .UNSPECIFIED. ) 
 GEOMETRIC_REPRESENTATION_ITEM ( )  RATIONAL_B_SPLINE_SURFACE ( (
 ( 1.000000000000000000, 0.9238795325112867385, 1.000000000000000000, 0.9238795325112867385, 1.000000000000000000, 0.9238795325112867385, 1.000000000000000000, 0.9238795325112867385, 1.000000000000000000, 0.9238795325112867385, 1.000000000000000000, 0.9238795325112867385, 1.000000000000000000, 0.9238795325112867385, 1.000000000000000000, 0.9238795325112867385, 1.000000000000000000, 0.9238795325112867385, 1.000000000000000000, 0.9238795325112867385, 1.000000000000000000, 0.9238795325112867385, 1.000000000000000000, 0.9238795325112867385, 1.000000000000000000, 0.9238795325112867385, 1.000000000000000000, 0.9238795325112867385, 1.000000000000000000, 0.9238795325112867385, 1.000000000000000000, 0.9238795325112867385, 1.000000000000000000, 0.9238795325112867385, 1.000000000000000000, 0.9238795325112867385, 1.000000000000000000, 0.9238795325112867385, 1.000000000000000000, 0.9238795325112867385, 1.000000000000000000, 0.9238795325112867385, 1.000000000000000000, 0.9238795325112867385, 1.000000000000000000, 0.9238795325112867385, 1.000000000000000000, 0.9238795325112867385, 1.000000000000000000, 0.9238795325112867385, 1.000000000000000000, 0.9238795325112867385, 1.000000000000000000, 0.9238795325112867385, 1.000000000000000000, 0.9238795325112867385, 1.000000000000000000, 0.9238795325112867385, 1.000000000000000000, 0.9238795325112867385, 1.000000000000000000, 0.9238795325112867385, 1.000000000000000000, 0.9238795325112867385, 1.000000000000000000, 0.9238795325112867385, 1.000000000000000000, 0.9238795325112867385, 1.000000000000000000, 0.9238795325112867385, 1.000000000000000000, 0.9238795325112867385, 1.000000000000000000, 0.9238795325112867385, 1.000000000000000000, 0.9238795325112867385, 1.000000000000000000, 0.9238795325112867385, 1.000000000000000000, 0.9238795325112867385, 1.000000000000000000, 0.9238795325112867385, 1.000000000000000000, 0.9238795325112867385, 1.000000000000000000, 0.9238795325112867385, 1.000000000000000000, 0.9238795325112867385, 1.000000000000000000, 0.9238795325112867385, 1.000000000000000000, 0.9238795325112867385, 1.000000000000000000, 0.9238795325112867385, 1.000000000000000000, 0.9238795325112867385, 1.000000000000000000, 0.9238795325112867385, 1.000000000000000000, 0.9238795325112867385, 1.000000000000000000, 0.9238795325112867385, 1.000000000000000000, 0.9238795325112867385, 1.000000000000000000, 0.9238795325112867385, 1.000000000000000000, 0.9744807867050632177, 0.9660720896399181967),
 ( 1.000000000000000000, 0.9238795325112867385, 1.000000000000000000, 0.9238795325112867385, 1.000000000000000000, 0.9238795325112867385, 1.000000000000000000, 0.9238795325112867385, 1.000000000000000000, 0.9238795325112867385, 1.000000000000000000, 0.9238795325112867385, 1.000000000000000000, 0.9238795325112867385, 1.000000000000000000, 0.9238795325112867385, 1.000000000000000000, 0.9238795325112867385, 1.000000000000000000, 0.9238795325112867385, 1.000000000000000000, 0.9238795325112867385, 1.000000000000000000, 0.9238795325112867385, 1.000000000000000000, 0.9238795325112867385, 1.000000000000000000, 0.9238795325112867385, 1.000000000000000000, 0.9238795325112867385, 1.000000000000000000, 0.9238795325112867385, 1.000000000000000000, 0.9238795325112867385, 1.000000000000000000, 0.9238795325112867385, 1.000000000000000000, 0.9238795325112867385, 1.000000000000000000, 0.9238795325112867385, 1.000000000000000000, 0.9238795325112867385, 1.000000000000000000, 0.9238795325112867385, 1.000000000000000000, 0.9238795325112867385, 1.000000000000000000, 0.9238795325112867385, 1.000000000000000000, 0.9238795325112867385, 1.000000000000000000, 0.9238795325112867385, 1.000000000000000000, 0.9238795325112867385, 1.000000000000000000, 0.9238795325112867385, 1.000000000000000000, 0.9238795325112867385, 1.000000000000000000, 0.9238795325112867385, 1.000000000000000000, 0.9238795325112867385, 1.000000000000000000, 0.9238795325112867385, 1.000000000000000000, 0.9238795325112867385, 1.000000000000000000, 0.9238795325112867385, 1.000000000000000000, 0.9238795325112867385, 1.000000000000000000, 0.9238795325112867385, 1.000000000000000000, 0.9238795325112867385, 1.000000000000000000, 0.9238795325112867385, 1.000000000000000000, 0.9238795325112867385, 1.000000000000000000, 0.9238795325112867385, 1.000000000000000000, 0.9238795325112867385, 1.000000000000000000, 0.9238795325112867385, 1.000000000000000000, 0.9238795325112867385, 1.000000000000000000, 0.9238795325112867385, 1.000000000000000000, 0.9238795325112867385, 1.000000000000000000, 0.9238795325112867385, 1.000000000000000000, 0.9238795325112867385, 1.000000000000000000, 0.9238795325112867385, 1.000000000000000000, 0.9238795325112867385, 1.000000000000000000, 0.9238795325112867385, 1.000000000000000000, 0.9238795325112867385, 1.000000000000000000, 0.9238795325112867385, 1.000000000000000000, 0.9238795325112867385, 1.000000000000000000, 0.9744807867050632177, 0.9660720896399181967),
 ( 1.000000000000000000, 0.9238795325112867385, 1.000000000000000000, 0.9238795325112867385, 1.000000000000000000, 0.9238795325112867385, 1.000000000000000000, 0.9238795325112867385, 1.000000000000000000, 0.9238795325112867385, 1.000000000000000000, 0.9238795325112867385, 1.000000000000000000, 0.9238795325112867385, 1.000000000000000000, 0.9238795325112867385, 1.000000000000000000, 0.9238795325112867385, 1.000000000000000000, 0.9238795325112867385, 1.000000000000000000, 0.9238795325112867385, 1.000000000000000000, 0.9238795325112867385, 1.000000000000000000, 0.9238795325112867385, 1.000000000000000000, 0.9238795325112867385, 1.000000000000000000, 0.9238795325112867385, 1.000000000000000000, 0.9238795325112867385, 1.000000000000000000, 0.9238795325112867385, 1.000000000000000000, 0.9238795325112867385, 1.000000000000000000, 0.9238795325112867385, 1.000000000000000000, 0.9238795325112867385, 1.000000000000000000, 0.9238795325112867385, 1.000000000000000000, 0.9238795325112867385, 1.000000000000000000, 0.9238795325112867385, 1.000000000000000000, 0.9238795325112867385, 1.000000000000000000, 0.9238795325112867385, 1.000000000000000000, 0.9238795325112867385, 1.000000000000000000, 0.9238795325112867385, 1.000000000000000000, 0.9238795325112867385, 1.000000000000000000, 0.9238795325112867385, 1.000000000000000000, 0.9238795325112867385, 1.000000000000000000, 0.9238795325112867385, 1.000000000000000000, 0.9238795325112867385, 1.000000000000000000, 0.9238795325112867385, 1.000000000000000000, 0.9238795325112867385, 1.000000000000000000, 0.9238795325112867385, 1.000000000000000000, 0.9238795325112867385, 1.000000000000000000, 0.9238795325112867385, 1.000000000000000000, 0.9238795325112867385, 1.000000000000000000, 0.9238795325112867385, 1.000000000000000000, 0.9238795325112867385, 1.000000000000000000, 0.9238795325112867385, 1.000000000000000000, 0.9238795325112867385, 1.000000000000000000, 0.9238795325112867385, 1.000000000000000000, 0.9238795325112867385, 1.000000000000000000, 0.9238795325112867385, 1.000000000000000000, 0.9238795325112867385, 1.000000000000000000, 0.9238795325112867385, 1.000000000000000000, 0.9238795325112867385, 1.000000000000000000, 0.9238795325112867385, 1.000000000000000000, 0.9238795325112867385, 1.000000000000000000, 0.9238795325112867385, 1.000000000000000000, 0.9238795325112867385, 1.000000000000000000, 0.9238795325112867385, 1.000000000000000000, 0.9744807867050632177, 0.9660720896399181967) ) ) 
 REPRESENTATION_ITEM ( '' )  SURFACE ( )  );
#220 = CARTESIAN_POINT ( 'NONE',  ( 7.849583088730268443, -7.870600461313880025, 5.759242652547555075 ) ) ;
#221 = CARTESIAN_POINT ( 'NONE',  ( 9.693687495882736371, -6.900032108128400843, -6.900032108128397290 ) ) ;
#222 = CARTESIAN_POINT ( 'NONE',  ( 13.63118749588273637, 1.195024918450629005E-15, 9.758118988125000115 ) ) ;
#223 = ADVANCED_FACE ( 'NONE', ( #821 ), #809, .F. ) ;
#224 = CARTESIAN_POINT ( 'NONE',  ( 14.50004749374647872, -7.152268111860933253, 5.488115809364634501 ) ) ;
#225 = VECTOR ( 'NONE', #318, 1000.000000000000000 ) ;
#226 =( LENGTH_UNIT ( ) NAMED_UNIT ( * ) SI_UNIT ( .MILLI., .METRE. ) );
#227 = FACE_OUTER_BOUND ( 'NONE', #2438, .T. ) ;
#228 = CARTESIAN_POINT ( 'NONE',  ( 6.693687495882736371, -6.900032108128400843, -6.900032108128397290 ) ) ;
#229 = CARTESIAN_POINT ( 'NONE',  ( 14.00149999795161193, 8.938101187499999156, 3.702282733725566377 ) ) ;
#230 = CARTESIAN_POINT ( 'NONE',  ( 11.45442415803449343, 8.761396956638568767, 2.547386021635360098 ) ) ;
#231 = CARTESIAN_POINT ( 'NONE',  ( 16.51000000000000156, 0.000000000000000000, 0.000000000000000000 ) ) ;
#232 = CARTESIAN_POINT ( 'NONE',  ( 0.000000000000000000, 0.000000000000000000, -10.16000000000000014 ) ) ;
#233 = CARTESIAN_POINT ( 'NONE',  ( 9.688999997951610155, 8.938101187499999156, -3.702282733725567709 ) ) ;
#234 = CARTESIAN_POINT ( 'NONE',  ( 8.376499995902817020, -2.388061258337338939E-15, -9.750000000000000000 ) ) ;
#235 = CARTESIAN_POINT ( 'NONE',  ( 7.813999997951611043, -3.702282733725573038, -8.938101187499997380 ) ) ;
#236 = CARTESIAN_POINT ( 'NONE',  ( 7.867119654230151582, -8.265401010117708225, 5.173462253624300011 ) ) ;
#237 = CARTESIAN_POINT ( 'NONE',  ( 4.720250000000000057, 4.038582233137677946, 9.750000000000001776 ) ) ;
#238 = ORIENTED_EDGE ( 'NONE', *, *, #2258, .T. ) ;
#239 = CARTESIAN_POINT ( 'NONE',  ( 12.31399999795161193, 8.938101187499999156, -3.702282733725567709 ) ) ;
#240 = CARTESIAN_POINT ( 'NONE',  ( 11.18320738584712792, 0.5794696066473682405, -9.377436528901206714 ) ) ;
#241 = ORIENTED_EDGE ( 'NONE', *, *, #2193, .F. ) ;
#242 = ORIENTED_EDGE ( 'NONE', *, *, #78, .T. ) ;
#243 = CARTESIAN_POINT ( 'NONE',  ( 8.001499997951610155, 8.938101187500000933, 3.702282733725566377 ) ) ;
#244 = CARTESIAN_POINT ( 'NONE',  ( 12.22024999795161015, -6.320191960612785209, -6.320191960612781656 ) ) ;
#245 = CARTESIAN_POINT ( 'NONE',  ( 7.720249997951610155, -6.320191960612785209, -6.320191960612781656 ) ) ;
#246 = FACE_OUTER_BOUND ( 'NONE', #1735, .T. ) ;
#247 = CARTESIAN_POINT ( 'NONE',  ( 6.407749997951610155, 0.000000000000000000, -8.938101187500000933 ) ) ;
#248 = CARTESIAN_POINT ( 'NONE',  ( 8.376499995902817020, -2.388061258337338939E-15, -9.750000000000000000 ) ) ;
#249 = CARTESIAN_POINT ( 'NONE',  ( 14.38118749588273815, 0.000000000000000000, -9.758118988125000115 ) ) ;
#250 = VECTOR ( 'NONE', #1429, 1000.000000000000000 ) ;
#251 = LINE ( 'NONE', #1200, #2052 ) ;
#252 = ADVANCED_FACE ( 'NONE', ( #431 ), #211, .F. ) ;
#253 = CARTESIAN_POINT ( 'NONE',  ( 12.68899999795161371, 3.702282733725568598, 8.938101187499999156 ) ) ;
#254 = CARTESIAN_POINT ( 'NONE',  ( 12.78743749588273992, -4.041945228131805123, -9.758118988124998339 ) ) ;
#255 = CARTESIAN_POINT ( 'NONE',  ( 6.314000000000000057, 1.194030629168669469E-15, 9.750000000000000000 ) ) ;
#256 = CARTESIAN_POINT ( 'NONE',  ( 11.50871416784754864, 7.302506432854691809, 5.379440502686057890 ) ) ;
#257 = ORIENTED_EDGE ( 'NONE', *, *, #456, .T. ) ;
#258 = VERTEX_POINT ( 'NONE', #1434 ) ;
#259 = CARTESIAN_POINT ( 'NONE',  ( -12.99999999999986322, -10.16000000000000014, 12.99999999999999822 ) ) ;
#260 = ADVANCED_FACE ( 'NONE', ( #227 ), #31, .F. ) ;
#261 = CARTESIAN_POINT ( 'NONE',  ( 10.82375303918781029, -7.189553986803151275, 6.585803935035598577 ) ) ;
#262 = CARTESIAN_POINT ( 'NONE',  ( 12.78274999795161193, 8.938101187500000933, -5.473008504863516646E-16 ) ) ;
#263 = CARTESIAN_POINT ( 'NONE',  ( 7.626499997951611043, -8.938101187499997380, -3.702282733725569042 ) ) ;
#264 = CARTESIAN_POINT ( 'NONE',  ( 8.877747875957547663, 8.433207661777830211, 4.893247815559595537 ) ) ;
#265 = CARTESIAN_POINT ( 'NONE',  ( 7.532749997951610155, -8.938101187500000933, 1.641902551459054698E-15 ) ) ;
#266 = CARTESIAN_POINT ( 'NONE',  ( 7.873870893656688352, -8.405339541487004240, 4.941042954446143831 ) ) ;
#267 = CARTESIAN_POINT ( 'NONE',  ( 14.19368749588273815, -6.900032108128400843, -6.900032108128397290 ) ) ;
#268 = CARTESIAN_POINT ( 'NONE',  ( 6.689000000000000057, -9.750000000000000000, 1.791045943753003908E-15 ) ) ;
#269 =( GEOMETRIC_REPRESENTATION_CONTEXT ( 3 ) GLOBAL_UNCERTAINTY_ASSIGNED_CONTEXT ( ( #2540 ) ) GLOBAL_UNIT_ASSIGNED_CONTEXT ( ( #2405, #791, #1054 ) ) REPRESENTATION_CONTEXT ( 'NONE', 'WORKASPACE' ) );
#270 = CARTESIAN_POINT ( 'NONE',  ( 11.28743749588273637, -4.041945228131805123, -9.758118988124998339 ) ) ;
#271 = CARTESIAN_POINT ( 'NONE',  ( 16.51000000000000156, 0.000000000000000000, 7.747000000000002551 ) ) ;
#272 = CARTESIAN_POINT ( 'NONE',  ( 16.98306130432302652, 7.919608324491643267E-16, 6.466850956541578377 ) ) ;
#273 = ORIENTED_EDGE ( 'NONE', *, *, #1390, .F. ) ;
#274 = ORIENTED_EDGE ( 'NONE', *, *, #1118, .F. ) ;
#275 = CARTESIAN_POINT ( 'NONE',  ( 6.688999997951611043, 3.702282733725567709, 8.938101187500000933 ) ) ;
#276 = CARTESIAN_POINT ( 'NONE',  ( 10.82399999999998741, -0.4269089179019937563, 9.740649299498251423 ) ) ;
#278 = EDGE_CURVE ( 'NONE', #1557, #350, #1721, .T. ) ;
#277 = CARTESIAN_POINT ( 'NONE',  ( 6.126499997951611931, 3.702282733725566821, -8.938101187499999156 ) ) ;
#279 = CARTESIAN_POINT ( 'NONE',  ( 8.095249997951610155, 6.320191960612784321, -6.320191960612784321 ) ) ;
#280 = CARTESIAN_POINT ( 'NONE',  ( 10.41595707164048257, 7.536641515876537412, 6.196715504394071594 ) ) ;
#281 = DIRECTION ( 'NONE',  ( 1.000000000000000000, -0.000000000000000000, -0.000000000000000000 ) ) ;
#282 = CARTESIAN_POINT ( 'NONE',  ( 14.75618749588273815, 9.758118988125000115, -5.975124592253145023E-16 ) ) ;
#283 = EDGE_CURVE ( 'NONE', #941, #1013, #2185, .T. ) ;
#284 = DIRECTION ( 'NONE',  ( 0.000000000000000000, 0.000000000000000000, 1.000000000000000000 ) ) ;
#285 = CARTESIAN_POINT ( 'NONE',  ( 5.564000000000000057, 0.000000000000000000, -9.750000000000000000 ) ) ;
#286 = CARTESIAN_POINT ( 'NONE',  ( 12.59993749588273815, -9.758118988124998339, -4.041945228131800683 ) ) ;
#287 = CARTESIAN_POINT ( 'NONE',  ( 6.407750000000001833, -4.038582233137675281, 9.750000000000001776 ) ) ;
#288 = CARTESIAN_POINT ( 'NONE',  ( 5.584167652192253861, -1.160478976221727576, -9.614637774524791070 ) ) ;
#289 = DIRECTION ( 'NONE',  ( 0.000000000000000000, 1.224646799147353207E-16, 1.000000000000000000 ) ) ;
#290 = CARTESIAN_POINT ( 'NONE',  ( 5.938999997951611043, -3.702282733725573038, -8.938101187499997380 ) ) ;
#291 = CARTESIAN_POINT ( 'NONE',  ( 9.876499997951611931, 8.938101187499999156, 3.702282733725566377 ) ) ;
#292 = CARTESIAN_POINT ( 'NONE',  ( 0.000000000000000000, 0.000000000000000000, 0.000000000000000000 ) ) ;
#293 = LINE ( 'NONE', #1089, #338 ) ;
#294 = MANIFOLD_SOLID_BREP ( 'Fillet1', #1840 ) ;
#295 = CARTESIAN_POINT ( 'NONE',  ( 10.72025000000000006, 4.038582233137677946, 9.750000000000001776 ) ) ;
#296 = CARTESIAN_POINT ( 'NONE',  ( 11.47493749588273992, 4.041945228131798906, -9.758118988125000115 ) ) ;
#297 = CARTESIAN_POINT ( 'NONE',  ( 5.317684994114376451, 3.601476833841343428, 8.197435954225605670 ) ) ;
#298 = ORIENTED_EDGE ( 'NONE', *, *, #1724, .T. ) ;
#299 = CARTESIAN_POINT ( 'NONE',  ( 0.000000000000000000, 0.000000000000000000, -9.750000000000000000 ) ) ;
#300 = CARTESIAN_POINT ( 'NONE',  ( 11.37649999795161548, -3.702282733725565045, 8.938101187500000933 ) ) ;
#301 = CARTESIAN_POINT ( 'NONE',  ( 5.282749997951610155, 1.094601700972703329E-15, 8.938101187500000933 ) ) ;
#302 = CARTESIAN_POINT ( 'NONE',  ( 13.62649999795161193, -8.938101187499997380, -3.702282733725569042 ) ) ;
#303 = CARTESIAN_POINT ( 'NONE',  ( 5.470249997951610155, 6.320191960612784321, 6.320191960612783433 ) ) ;
#304 = EDGE_CURVE ( 'NONE', #1533, #1976, #251, .T. ) ;
#305 = CARTESIAN_POINT ( 'NONE',  ( 4.953000000000002068, 4.549256697132630329E-16, 0.000000000000000000 ) ) ;
#306 = CARTESIAN_POINT ( 'NONE',  ( 6.313999995903220253, -6.894291116568837197, 6.894291116568839861 ) ) ;
#307 = CARTESIAN_POINT ( 'NONE',  ( 8.564000000000000057, 0.000000000000000000, -9.750000000000000000 ) ) ;
#308 = ADVANCED_FACE ( 'NONE', ( #1005 ), #1185, .F. ) ;
#309 = CONICAL_SURFACE ( 'NONE', #1315, 8.890000000000000568, 0.2325569418049086567 ) ;
#310 = CARTESIAN_POINT ( 'NONE',  ( 6.288629155847470287, -6.136153832951926290, 7.682325839809696078 ) ) ;
#311 = ORIENTED_EDGE ( 'NONE', *, *, #1610, .F. ) ;
#312 = DIRECTION ( 'NONE',  ( 0.000000000000000000, 1.000000000000000000, 0.000000000000000000 ) ) ;
#313 = AXIS2_PLACEMENT_3D ( 'NONE', #1252, #1646, #1029 ) ;
#314 = CARTESIAN_POINT ( 'NONE',  ( 9.126499997951611931, 3.702282733725566821, -8.938101187500000933 ) ) ;
#315 = CARTESIAN_POINT ( 'NONE',  ( 5.470249997951610155, -6.320191960612783433, 6.320191960612785209 ) ) ;
#316 = DIRECTION ( 'NONE',  ( 1.000000000000000000, -0.000000000000000000, -0.000000000000000000 ) ) ;
#317 = CARTESIAN_POINT ( 'NONE',  ( 0.000000000000000000, 0.000000000000000000, -6.730999999999999872 ) ) ;
#318 = DIRECTION ( 'NONE',  ( -0.7071067811865511255, 8.659560562354889717E-17, -0.7071067811865440200 ) ) ;
#319 = CARTESIAN_POINT ( 'NONE',  ( 5.657749995903222029, 9.750000000000001776, -4.038582233137677058 ) ) ;
#320 = ORIENTED_EDGE ( 'NONE', *, *, #1425, .T. ) ;
#321 = CARTESIAN_POINT ( 'NONE',  ( 8.095250000000001833, -9.750000000000000000, 4.038582233137682387 ) ) ;
#322 = CARTESIAN_POINT ( 'NONE',  ( 12.97493749588273815, 4.041945228131798906, -9.758118988125000115 ) ) ;
#323 = DIRECTION ( 'NONE',  ( 1.000000000000000000, -0.000000000000000000, -0.000000000000000000 ) ) ;
#324 = ORIENTED_EDGE ( 'NONE', *, *, #1834, .T. ) ;
#325 = CARTESIAN_POINT ( 'NONE',  ( 5.541551669127387392, -5.176659518848628849, -8.031143535512871523 ) ) ;
#326 = CARTESIAN_POINT ( 'NONE',  ( 7.813999997951611043, 8.938101187499999156, -3.702282733725567709 ) ) ;
#327 = CYLINDRICAL_SURFACE ( 'NONE', #1030, 9.750000000000000000 ) ;
#328 = CARTESIAN_POINT ( 'NONE',  ( 11.63589881250000957, -7.287157011264216777, 5.182837526131478079 ) ) ;
#329 = CARTESIAN_POINT ( 'NONE',  ( 7.251499995903221141, 9.750000000000000000, -5.970153145843347347E-16 ) ) ;
#330 = ORIENTED_EDGE ( 'NONE', *, *, #1649, .T. ) ;
#331 = CARTESIAN_POINT ( 'NONE',  ( 9.314000000000001833, 1.194030629168669469E-15, 9.750000000000000000 ) ) ;
#332 = EDGE_CURVE ( 'NONE', #745, #1148, #1845, .T. ) ;
#333 = CARTESIAN_POINT ( 'NONE',  ( 5.282749997951610155, 1.094601700972703329E-15, 8.938101187500000933 ) ) ;
#334 = AXIS2_PLACEMENT_3D ( 'NONE', #1353, #361, #149 ) ;
#335 = CARTESIAN_POINT ( 'NONE',  ( 10.72025000000000006, 4.038582233137697486, 9.749999999999982236 ) ) ;
#336 = ORIENTED_EDGE ( 'NONE', *, *, #187, .F. ) ;
#337 = CARTESIAN_POINT ( 'NONE',  ( 5.436563258742030946, -9.171986469791548302, 1.329879087828558681 ) ) ;
#338 = VECTOR ( 'NONE', #1903, 1000.000000000000000 ) ;
#339 = DIRECTION ( 'NONE',  ( 0.000000000000000000, -1.000000000000000000, 0.000000000000000000 ) ) ;
#340 = AXIS2_PLACEMENT_3D ( 'NONE', #2178, #1990, #783 ) ;
#341 = CARTESIAN_POINT ( 'NONE',  ( 10.34524999795161193, -6.320191960612785209, -6.320191960612781656 ) ) ;
#342 = CARTESIAN_POINT ( 'NONE',  ( 13.06399999795161193, 3.702282733725568598, 8.938101187499999156 ) ) ;
#343 = ADVANCED_FACE ( 'NONE', ( #1090, #1650 ), #544, .F. ) ;
#344 = CARTESIAN_POINT ( 'NONE',  ( 7.532749997951610155, -8.938101187500000933, 1.641902551459054698E-15 ) ) ;
#345 = CARTESIAN_POINT ( 'NONE',  ( 10.34524999590322381, 9.750000000000001776, 4.038582233137676170 ) ) ;
#346 = ORIENTED_EDGE ( 'NONE', *, *, #1072, .F. ) ;
#347 = CARTESIAN_POINT ( 'NONE',  ( 8.001500000000001833, -6.894291116568837197, 6.894291116568839861 ) ) ;
#348 = CARTESIAN_POINT ( 'NONE',  ( 10.81400000000000006, 1.194030629168669469E-15, 9.750000000000000000 ) ) ;
#349 = DIRECTION ( 'NONE',  ( 0.000000000000000000, 0.000000000000000000, -1.000000000000000000 ) ) ;
#350 = VERTEX_POINT ( 'NONE', #2272 ) ;
#351 = CARTESIAN_POINT ( 'NONE',  ( 6.000740006838892526, 4.875699066901459489, 8.443384587040014821 ) ) ;
#352 = CARTESIAN_POINT ( 'NONE',  ( 11.56571497529479053, -8.809167505968444445, 1.965462991932332093 ) ) ;
#353 = CARTESIAN_POINT ( 'NONE',  ( 9.032749997951610155, 0.000000000000000000, -8.938101187500000933 ) ) ;
#354 = DIRECTION ( 'NONE',  ( 1.000000000000000000, -0.000000000000000000, -0.000000000000000000 ) ) ;
#355 = ORIENTED_EDGE ( 'NONE', *, *, #1770, .T. ) ;
#356 = CARTESIAN_POINT ( 'NONE',  ( 16.51000000000000156, 0.000000000000000000, 0.000000000000000000 ) ) ;
#357 = CARTESIAN_POINT ( 'NONE',  ( 8.188999997951610155, 8.938101187500000933, -3.702282733725567709 ) ) ;
#358 = CARTESIAN_POINT ( 'NONE',  ( 9.688999995903222029, -6.894291116568839861, -6.894291116568836308 ) ) ;
#359 = LINE ( 'NONE', #2144, #1379 ) ;
#360 = CARTESIAN_POINT ( 'NONE',  ( 8.751499997951610155, -8.938101187499997380, -3.702282733725569042 ) ) ;
#361 = DIRECTION ( 'NONE',  ( 1.000000000000000000, -0.000000000000000000, -0.000000000000000000 ) ) ;
#362 = ORIENTED_EDGE ( 'NONE', *, *, #691, .F. ) ;
#363 = CARTESIAN_POINT ( 'NONE',  ( 5.688455698358866108, 9.404479182552659466, -2.572744166511705011 ) ) ;
#364 = CARTESIAN_POINT ( 'NONE',  ( 10.82399999999998741, -0.4269089179019937563, 9.740649299498251423 ) ) ;
#365 = PLANE ( 'NONE',  #904 ) ;
#366 = CARTESIAN_POINT ( 'NONE',  ( 7.720249997951610155, 6.320191960612784321, -6.320191960612784321 ) ) ;
#367 = CARTESIAN_POINT ( 'NONE',  ( 11.10014589912150562, -4.441051427710209332, -8.381048716918927610 ) ) ;
#368 = CARTESIAN_POINT ( 'NONE',  ( 7.024375513714383956, 5.654536794142520861, -8.032220975105170524 ) ) ;
#369 = CARTESIAN_POINT ( 'NONE',  ( 8.282749997951608378, 8.938101187500000933, -5.473008504863516646E-16 ) ) ;
#370 = CARTESIAN_POINT ( 'NONE',  ( 5.282749997951610155, 8.938101187500000933, -5.473008504863516646E-16 ) ) ;
#371 = CARTESIAN_POINT ( 'NONE',  ( -14.14213562373087640, -10.16000000000000014, 0.000000000000000000 ) ) ;
#372 = CARTESIAN_POINT ( 'NONE',  ( 11.37649999795161548, -3.702282733725565045, 8.938101187500000933 ) ) ;
#373 = CARTESIAN_POINT ( 'NONE',  ( 11.84993749588273992, 9.758118988125000115, 4.041945228131798018 ) ) ;
#374 = ORIENTED_EDGE ( 'NONE', *, *, #1914, .T. ) ;
#375 = CARTESIAN_POINT ( 'NONE',  ( 5.689224856911409667, 9.412549780590438786, -2.542933880957819248 ) ) ;
#376 = CARTESIAN_POINT ( 'NONE',  ( 11.15627189975852041, -5.521456197538598509, 7.634437907456575800 ) ) ;
#377 = CARTESIAN_POINT ( 'NONE',  ( 11.12272626035452383, -3.172497264388932869, -8.914757977629138352 ) ) ;
#378 = ORIENTED_EDGE ( 'NONE', *, *, #1613, .T. ) ;
#379 = DIRECTION ( 'NONE',  ( -1.224646799147353207E-16, 0.000000000000000000, -1.000000000000000000 ) ) ;
#380 = CARTESIAN_POINT ( 'NONE',  ( 7.438999997951610155, -8.938101187499999156, 3.702282733725571706 ) ) ;
#381 = CARTESIAN_POINT ( 'NONE',  ( 5.376499997951611043, 8.938101187499999156, 3.702282733725566377 ) ) ;
#382 = DIRECTION ( 'NONE',  ( -0.7071067811865439090, 0.000000000000000000, 0.7071067811865512365 ) ) ;
#383 = CARTESIAN_POINT ( 'NONE',  ( 7.251499997951610155, -8.938101187499997380, -3.702282733725569042 ) ) ;
#384 = ADVANCED_FACE ( 'NONE', ( #2432, #1302 ), #1473, .F. ) ;
#385 = CARTESIAN_POINT ( 'NONE',  ( 9.550565776605811408, -9.630572798670034018, -2.021184333726617766 ) ) ;
#386 = VERTEX_POINT ( 'NONE', #947 ) ;
#387 = CARTESIAN_POINT ( 'NONE',  ( 11.68399999999999928, 1.088711004441996982E-15, -8.890000000000000568 ) ) ;
#388 = ORIENTED_EDGE ( 'NONE', *, *, #684, .F. ) ;
#389 = CARTESIAN_POINT ( 'NONE',  ( 13.81399999795161015, 8.938101187499999156, -3.702282733725567709 ) ) ;
#390 = CARTESIAN_POINT ( 'NONE',  ( 10.83872792530954854, -7.805745243645008991, 5.835990310836093542 ) ) ;
#391 = CARTESIAN_POINT ( 'NONE',  ( -12.99999999999986322, 10.16000000000000014, 12.99999999999999822 ) ) ;
#392 = VECTOR ( 'NONE', #954, 1000.000000000000000 ) ;
#393 = VECTOR ( 'NONE', #1299, 999.9999999999998863 ) ;
#394 = CARTESIAN_POINT ( 'NONE',  ( 8.001499997951610155, 3.702282733725566821, -8.938101187500000933 ) ) ;
#395 = CARTESIAN_POINT ( 'NONE',  ( 12.59524999590322025, -9.750000000000000000, -4.038582233137678834 ) ) ;
#396 = CARTESIAN_POINT ( 'NONE',  ( 13.25150000000000183, 6.894291116568838973, -6.894291116568838973 ) ) ;
#397 = FILL_AREA_STYLE ('',( #1622 ) ) ;
#398 = CARTESIAN_POINT ( 'NONE',  ( 6.220249997951611043, 6.320191960612784321, -6.320191960612784321 ) ) ;
#399 = CARTESIAN_POINT ( 'NONE',  ( -12.99999999999986322, 10.16000000000000014, -12.99999999999999822 ) ) ;
#400 = EDGE_LOOP ( 'NONE', ( #362, #754, #242, #2109 ) ) ;
#401 = VERTEX_POINT ( 'NONE', #877 ) ;
#402 = CARTESIAN_POINT ( 'NONE',  ( 12.40774999795161371, 8.938101187500000933, -5.473008504863516646E-16 ) ) ;
#403 = FACE_OUTER_BOUND ( 'NONE', #1285, .T. ) ;
#404 = ORIENTED_EDGE ( 'NONE', *, *, #990, .T. ) ;
#405 = CARTESIAN_POINT ( 'NONE',  ( 7.593251649641493906, 1.306360834797980486, 9.686299865404690124 ) ) ;
#406 = CARTESIAN_POINT ( 'NONE',  ( 14.28274999590322203, -4.038582233137683275, -9.750000000000000000 ) ) ;
#407 = CARTESIAN_POINT ( 'NONE',  ( 8.095249997951610155, 6.320191960612784321, -6.320191960612784321 ) ) ;
#408 = DIRECTION ( 'NONE',  ( -0.7071067811865512365, 0.000000000000000000, -0.7071067811865439090 ) ) ;
#409 = CARTESIAN_POINT ( 'NONE',  ( 10.53274999795161193, 0.000000000000000000, -8.938101187500000933 ) ) ;
#410 =( BOUNDED_CURVE ( )  B_SPLINE_CURVE ( 2, ( #496, #2078, #303, #1501, #1109, #1902, #106, #1706, #1120, #718, #2498, #1322, #2101, #1529, #2303, #530, #1333, #2113, #1759, #2344, #2372, #989, #747, #380, #344, #1362, #2545, #159, #2141, #394, #2127, #357, #369, #1165, #2566, #1197, #1982, #1954, #2331, #1969, #801, #1349, #1386, #1596, #975, #2529, #559, #599, #776, #1399, #1571, #575, #1374, #2511, #133, #2316, #1177, #175, #586, #545, #1771, #1928, #1150, #1941, #2556, #786, #1583, #2358, #188 ),
 .UNSPECIFIED., .F., .F. ) 
 B_SPLINE_CURVE_WITH_KNOTS ( ( 3, 2, 2, 2, 2, 2, 2, 2, 2, 2, 2, 2, 2, 2, 2, 2, 2, 2, 2, 2, 2, 2, 2, 2, 2, 2, 2, 2, 2, 2, 2, 2, 2, 2, 3 ),
 ( 0.03917465574978381410, 0.05357142857142856845, 0.07142857142857142461, 0.08928571428571428770, 0.1071428571428571508, 0.1250000000000000000, 0.1428571428571428492, 0.1607142857142856984, 0.1785714285714285754, 0.1964285714285714246, 0.2142857142857142738, 0.2321428571428571508, 0.2500000000000000000, 0.2678571428571427937, 0.2857142857142856984, 0.3035714285714285476, 0.3214285714285714524, 0.3392857142857143016, 0.3571428571428571508, 0.3750000000000000000, 0.3928571428571428492, 0.4107142857142856984, 0.4285714285714285476, 0.4464285714285714524, 0.4642857142857143016, 0.4821428571428571508, 0.4999999999999999445, 0.5178571428571429047, 0.5357142857142858094, 0.5535714285714286031, 0.5714285714285713969, 0.5892857142857143016, 0.6071428571428570953, 0.6250000000000000000, 0.6406637592776285306 ),
 .UNSPECIFIED. ) 
 CURVE ( )  GEOMETRIC_REPRESENTATION_ITEM ( )  RATIONAL_B_SPLINE_CURVE ( ( 0.9762154362141919339, 0.9386302116593054912, 1.000000000000000000, 0.9238795325112867385, 1.000000000000000000, 0.9238795325112867385, 1.000000000000000000, 0.9238795325112867385, 1.000000000000000000, 0.9238795325112867385, 1.000000000000000000, 0.9238795325112867385, 1.000000000000000000, 0.9238795325112867385, 1.000000000000000000, 0.9238795325112867385, 1.000000000000000000, 0.9238795325112867385, 1.000000000000000000, 0.9238795325112867385, 1.000000000000000000, 0.9238795325112867385, 1.000000000000000000, 0.9238795325112867385, 1.000000000000000000, 0.9238795325112867385, 1.000000000000000000, 0.9238795325112867385, 1.000000000000000000, 0.9238795325112867385, 1.000000000000000000, 0.9238795325112867385, 1.000000000000000000, 0.9238795325112867385, 1.000000000000000000, 0.9238795325112867385, 1.000000000000000000, 0.9238795325112867385, 1.000000000000000000, 0.9238795325112867385, 1.000000000000000000, 0.9238795325112867385, 1.000000000000000000, 0.9238795325112867385, 1.000000000000000000, 0.9238795325112867385, 1.000000000000000000, 0.9238795325112867385, 1.000000000000000000, 0.9238795325112867385, 1.000000000000000000, 0.9238795325112867385, 1.000000000000000000, 0.9238795325112867385, 1.000000000000000000, 0.9238795325112867385, 1.000000000000000000, 0.9238795325112867385, 1.000000000000000000, 0.9238795325112867385, 1.000000000000000000, 0.9238795325112867385, 1.000000000000000000, 0.9238795325112867385, 1.000000000000000000, 0.9238795325112867385, 1.000000000000000000, 0.9332293699847500346, 0.9835971964114407218 ) ) 
 REPRESENTATION_ITEM ( '' )  );
#411 = EDGE_CURVE ( 'NONE', #401, #2314, #438, .T. ) ;
#412 = DIRECTION ( 'NONE',  ( 1.000000000000000000, -0.000000000000000000, -0.000000000000000000 ) ) ;
#413 = ORIENTED_EDGE ( 'NONE', *, *, #1559, .T. ) ;
#414 = CARTESIAN_POINT ( 'NONE',  ( -12.99999999999986322, 10.16000000000000014, -15.00000000000000000 ) ) ;
#415 = CARTESIAN_POINT ( 'NONE',  ( 6.131187495882735483, 1.195024918450629005E-15, 9.758118988125000115 ) ) ;
#416 = CARTESIAN_POINT ( 'NONE',  ( 14.53202415481180765, -7.740632552134806055, 4.469033511937444025 ) ) ;
#417 = CARTESIAN_POINT ( 'NONE',  ( 11.38321180315051961, 9.022487708739012291, -1.774807146240616973 ) ) ;
#418 = EDGE_LOOP ( 'NONE', ( #1438, #2221, #929, #1520, #1616, #1898, #657, #1236, #1656, #556, #2516, #336, #2006 ) ) ;
#419 = CARTESIAN_POINT ( 'NONE',  ( 7.720249997951610155, 6.320191960612784321, -6.320191960612784321 ) ) ;
#420 = AXIS2_PLACEMENT_3D ( 'NONE', #3, #412, #1589 ) ;
#421 = EDGE_CURVE ( 'NONE', #1777, #1740, #771, .T. ) ;
#422 = CARTESIAN_POINT ( 'NONE',  ( 5.095249997951610155, 6.320191960612784321, -6.320191960612784321 ) ) ;
#423 = CARTESIAN_POINT ( 'NONE',  ( 10.62557839352395916, 2.030875187727762784E-05, 9.749999999955425878 ) ) ;
#424 = CARTESIAN_POINT ( 'NONE',  ( 7.345249997951610155, -6.320191960612783433, 6.320191960612785209 ) ) ;
#425 = CARTESIAN_POINT ( 'NONE',  ( 0.000000000000000000, 1.194030629168669469E-15, 9.750000000000000000 ) ) ;
#426 = CIRCLE ( 'NONE', #2532, 6.730999999999999872 ) ;
#427 = DIRECTION ( 'NONE',  ( 1.000000000000000000, -0.000000000000000000, -0.000000000000000000 ) ) ;
#428 = CARTESIAN_POINT ( 'NONE',  ( 4.626500000000000057, 6.894291116568838973, 6.894291116568837197 ) ) ;
#429 = CARTESIAN_POINT ( 'NONE',  ( 9.712066390491061796, -6.212173480945093473, -7.631645902548592986 ) ) ;
#430 = ORIENTED_EDGE ( 'NONE', *, *, #818, .T. ) ;
#431 = FACE_OUTER_BOUND ( 'NONE', #1946, .T. ) ;
#432 = CARTESIAN_POINT ( 'NONE',  ( 13.06399999795161015, -8.938101187499997380, 3.702282733725571262 ) ) ;
#433 = CARTESIAN_POINT ( 'NONE',  ( 5.470249997951610155, 6.320191960612784321, 6.320191960612783433 ) ) ;
#434 = ORIENTED_EDGE ( 'NONE', *, *, #2549, .F. ) ;
#435 = CARTESIAN_POINT ( 'NONE',  ( 8.282749997951610155, 1.094601700972703329E-15, 8.938101187500000933 ) ) ;
#436 = CARTESIAN_POINT ( 'NONE',  ( 11.18899999795161193, 8.938101187499999156, -3.702282733725567709 ) ) ;
#437 = CARTESIAN_POINT ( 'NONE',  ( 11.68399999999999928, 0.000000000000000000, 0.000000000000000000 ) ) ;
#438 = B_SPLINE_CURVE_WITH_KNOTS ( 'NONE', 3,
 ( #654, #89, #1733, #2510 ),
 .UNSPECIFIED., .F., .F.,
 ( 4, 4 ),
 ( 0.000000000000000000, 0.001345114227646915326 ),
 .UNSPECIFIED. ) ;
#439 = CARTESIAN_POINT ( 'NONE',  ( 7.626499997951611043, -8.938101187499997380, -3.702282733725569042 ) ) ;
#440 = CARTESIAN_POINT ( 'NONE',  ( 5.614444552634727970, 0.000000000000000000, 0.000000000000000000 ) ) ;
#441 = VECTOR ( 'NONE', #2056, 1000.000000000000000 ) ;
#442 = CARTESIAN_POINT ( 'NONE',  ( 13.53274999795161015, 0.000000000000000000, -8.938101187500000933 ) ) ;
#443 = ORIENTED_EDGE ( 'NONE', *, *, #2137, .T. ) ;
#444 = CARTESIAN_POINT ( 'NONE',  ( 13.72024999795161015, 6.320191960612784321, -6.320191960612784321 ) ) ;
#445 = CARTESIAN_POINT ( 'NONE',  ( 11.24017354702303173, 3.935339346072935562, -8.483519363955274173 ) ) ;
#446 = VERTEX_POINT ( 'NONE', #476 ) ;
#447 = ORIENTED_EDGE ( 'NONE', *, *, #1716, .T. ) ;
#448 = CARTESIAN_POINT ( 'NONE',  ( 7.813999997951610155, 8.938101187500000933, -3.702282733725567709 ) ) ;
#449 = CARTESIAN_POINT ( 'NONE',  ( 6.032749997951610155, -8.938101187500000933, 1.641902551459054698E-15 ) ) ;
#450 = CARTESIAN_POINT ( 'NONE',  ( 8.879505628661608085, 8.396408793632728518, 4.956146854027757342 ) ) ;
#451 = EDGE_CURVE ( 'NONE', #936, #2134, #1883, .T. ) ;
#452 = CARTESIAN_POINT ( 'NONE',  ( 10.15774999795161015, 1.094601700972703329E-15, 8.938101187500000933 ) ) ;
#453 = CARTESIAN_POINT ( 'NONE',  ( 7.753991312384459711, -5.032194987610672854, 8.370308054159947275 ) ) ;
#454 = CARTESIAN_POINT ( 'NONE',  ( 6.032750000000000945, 9.750000000000001776, 4.038582233137676170 ) ) ;
#455 = CARTESIAN_POINT ( 'NONE',  ( 8.474937495882738148, 4.041945228131798906, -9.758118988125000115 ) ) ;
#456 = EDGE_CURVE ( 'NONE', #2082, #1248, #1940, .T. ) ;
#457 = DIRECTION ( 'NONE',  ( 0.000000000000000000, 0.000000000000000000, 1.000000000000000000 ) ) ;
#458 = CARTESIAN_POINT ( 'NONE',  ( 11.29666608895333191, 6.723098215087038199, -6.399544449704723803 ) ) ;
#459 = CARTESIAN_POINT ( 'NONE',  ( 7.251499997951610155, -8.938101187499999156, -3.702282733725568598 ) ) ;
#460 = CARTESIAN_POINT ( 'NONE',  ( 9.595249997951610155, 6.320191960612784321, -6.320191960612784321 ) ) ;
#461 = CARTESIAN_POINT ( 'NONE',  ( 10.56162021618115965, 2.565341015541229730, 9.429463605367347512 ) ) ;
#462 = CARTESIAN_POINT ( 'NONE',  ( 10.90774999795161193, 0.000000000000000000, -8.938101187500000933 ) ) ;
#463 = CARTESIAN_POINT ( 'NONE',  ( 7.345250000000001833, 9.750000000000001776, -4.038582233137677058 ) ) ;
#464 = AXIS2_PLACEMENT_3D ( 'NONE', #1291, #88, #1300 ) ;
#465 = CARTESIAN_POINT ( 'NONE',  ( 4.064000000000000057, 0.000000000000000000, -9.750000000000000000 ) ) ;
#466 = EDGE_CURVE ( 'NONE', #2208, #1337, #514, .T. ) ;
#467 = CARTESIAN_POINT ( 'NONE',  ( 7.256187495882736371, 9.758118988125000115, -5.975124592253145023E-16 ) ) ;
#468 = CARTESIAN_POINT ( 'NONE',  ( 5.317684994114376451, 8.544229168634265292, 2.637454486800367981 ) ) ;
#469 = CARTESIAN_POINT ( 'NONE',  ( 11.42059605780190878, 9.155293917232642187, 0.5490377854997064988 ) ) ;
#470 = EDGE_LOOP ( 'NONE', ( #820, #1602 ) ) ;
#471 = CARTESIAN_POINT ( 'NONE',  ( 6.501499997951611931, 8.938101187500000933, 3.702282733725566377 ) ) ;
#472 = CARTESIAN_POINT ( 'NONE',  ( 4.813999997951610155, 8.938101187499999156, -3.702282733725567709 ) ) ;
#473 = CARTESIAN_POINT ( 'NONE',  ( 5.845249997951609267, -6.320191960612783433, 6.320191960612785209 ) ) ;
#474 = CARTESIAN_POINT ( 'NONE',  ( 10.35694696265636949, 8.849443923141768309, 4.138139882413794268 ) ) ;
#475 = CARTESIAN_POINT ( 'NONE',  ( 7.439000000000000057, 9.750000000000000000, -5.970153145843347347E-16 ) ) ;
#476 = CARTESIAN_POINT ( 'NONE',  ( -1.836970198721029589E-15, 10.16000000000000014, -15.00000000000000000 ) ) ;
#477 = CARTESIAN_POINT ( 'NONE',  ( 4.814000000000000057, 1.194030629168669469E-15, 9.750000000000000000 ) ) ;
#478 = AXIS2_PLACEMENT_3D ( 'NONE', #1794, #1939, #7 ) ;
#479 = B_SPLINE_CURVE_WITH_KNOTS ( 'NONE', 3,
 ( #2418, #40, #1455, #666, #1798, #2213, #453, #2011, #1839, #2023, #2199, #220, #2431, #640, #236, #67, #266, #1443, #1662, #1856, #1041, #1242, #1471, #2228, #11, #629, #2048, #816, #2404, #615, #1031, #248 ),
 .UNSPECIFIED., .F., .F.,
 ( 4, 2, 2, 2, 2, 2, 2, 1, 1, 1, 2, 2, 1, 2, 2, 2, 2, 4 ),
 ( 0.2201612199480892929, 0.2251504999711714250, 0.2301397799942535294, 0.2351290600173356615, 0.2401183400404177659, 0.2451076200634998981, 0.2476022600750409641, 0.2488495800808115110, 0.2494732400836967845, 0.2497850700851394212, 0.2499409850858607673, 0.2500189425862214265, 0.2500969000865820857, 0.2600754601327473492, 0.2700540201789126127, 0.2800325802250778762, 0.2900111402712431397, 0.2999897003174084031 ),
 .UNSPECIFIED. ) ;
#480 = CARTESIAN_POINT ( 'NONE',  ( 5.317684994114376451, 8.073194601541269222, 3.871796005468225221 ) ) ;
#481 = ORIENTED_EDGE ( 'NONE', *, *, #1636, .F. ) ;
#482 = CARTESIAN_POINT ( 'NONE',  ( 11.00149999795161548, 8.938101187500000933, 3.702282733725566377 ) ) ;
#483 = CARTESIAN_POINT ( 'NONE',  ( 9.125576850452237210, 2.034248342942431901E-05, 9.749999999955276664 ) ) ;
#484 = CARTESIAN_POINT ( 'NONE',  ( 13.81399999795161015, -3.702282733725573038, -8.938101187499997380 ) ) ;
#485 = CARTESIAN_POINT ( 'NONE',  ( 6.407749997951610155, 0.000000000000000000, -8.938101187500000933 ) ) ;
#486 = CARTESIAN_POINT ( 'NONE',  ( 11.63589881249999891, -0.5543665028554745078, 8.925138593531215747 ) ) ;
#487 = CARTESIAN_POINT ( 'NONE',  ( 15.38046156724779578, -8.450787986409725505, 4.879043819762096668 ) ) ;
#488 = CARTESIAN_POINT ( 'NONE',  ( 9.689000000000000057, -9.750000000000000000, 1.791045943753003908E-15 ) ) ;
#489 =( BOUNDED_CURVE ( )  B_SPLINE_CURVE ( 2, ( #572, #184, #1604, #798, #773, #1744, #2328, #141, #2542 ),
 .UNSPECIFIED., .F., .T. ) 
 B_SPLINE_CURVE_WITH_KNOTS ( ( 3, 2, 2, 2, 3 ),
 ( 0.3571428571428572063, 0.3750000000000000555, 0.3928571428571429047, 0.4107142857142856984, 0.4285714285714285476 ),
 .UNSPECIFIED. ) 
 CURVE ( )  GEOMETRIC_REPRESENTATION_ITEM ( )  RATIONAL_B_SPLINE_CURVE ( ( 0.9999999999999997780, 0.9238795325112869605, 1.000000000000000000, 0.9238795325112867385, 1.000000000000000000, 0.9238795325112867385, 1.000000000000000000, 0.9238795325112867385, 1.000000000000000000 ) ) 
 REPRESENTATION_ITEM ( '' )  );
#490 = EDGE_CURVE ( 'NONE', #634, #721, #2408, .T. ) ;
#491 = CARTESIAN_POINT ( 'NONE',  ( 5.317684994114377339, 7.094465998791546824, 5.443186226979808140 ) ) ;
#492 = DIRECTION ( 'NONE',  ( 1.000000000000000000, -0.000000000000000000, -0.000000000000000000 ) ) ;
#493 = CARTESIAN_POINT ( 'NONE',  ( 5.564436398366890302, -3.122753519818464607, -9.096519195194114005 ) ) ;
#494 = CARTESIAN_POINT ( 'NONE',  ( 6.220249997951611043, 6.320191960612784321, -6.320191960612784321 ) ) ;
#495 = DIRECTION ( 'NONE',  ( 0.000000000000000000, 0.000000000000000000, -1.000000000000000000 ) ) ;
#496 = CARTESIAN_POINT ( 'NONE',  ( 5.317684994114167729, 8.837401052550628577, 1.337907124715634000 ) ) ;
#497 = CARTESIAN_POINT ( 'NONE',  ( 16.00199999999999889, 0.000000000000000000, 0.000000000000000000 ) ) ;
#498 = ADVANCED_FACE ( 'NONE', ( #597 ), #1373, .T. ) ;
#499 = CARTESIAN_POINT ( 'NONE',  ( 9.876499995903222029, 0.000000000000000000, -9.750000000000000000 ) ) ;
#500 = CARTESIAN_POINT ( 'NONE',  ( 11.65775000000000361, 4.038582233137677058, -9.750000000000001776 ) ) ;
#501 = CARTESIAN_POINT ( 'NONE',  ( 5.317684994114378227, 4.076856578778084383, 7.971711469712502662 ) ) ;
#502 = ORIENTED_EDGE ( 'NONE', *, *, #921, .F. ) ;
#503 = CARTESIAN_POINT ( 'NONE',  ( 7.625774998056638054, 1.598204903176515633E-05, 9.749999999972406073 ) ) ;
#504 = CARTESIAN_POINT ( 'NONE',  ( 6.595249997951611043, 6.320191960612784321, 6.320191960612783433 ) ) ;
#505 = CARTESIAN_POINT ( 'NONE',  ( 11.65774999795161015, 1.094601700972703329E-15, 8.938101187500000933 ) ) ;
#506 = CARTESIAN_POINT ( 'NONE',  ( 8.916020894877469516, 7.534842878068659822, 6.198891527527477407 ) ) ;
#507 = VECTOR ( 'NONE', #838, 1000.000000000000000 ) ;
#508 = CARTESIAN_POINT ( 'NONE',  ( 11.63589881250022628, 0.8462926537792622161, 8.897945919263996473 ) ) ;
#509 = CARTESIAN_POINT ( 'NONE',  ( 6.876499995903220253, 0.000000000000000000, -9.750000000000000000 ) ) ;
#510 = CARTESIAN_POINT ( 'NONE',  ( 9.595249999999998280, -9.750000000000000000, 4.038582233137682387 ) ) ;
#511 = AXIS2_PLACEMENT_3D ( 'NONE', #1214, #831, #1799 ) ;
#512 = CARTESIAN_POINT ( 'NONE',  ( 9.250628752065455984, -4.948013979088503156, 8.491906139924786601 ) ) ;
#513 = VERTEX_POINT ( 'NONE', #173 ) ;
#514 = CIRCLE ( 'NONE', #2088, 7.747000000000002551 ) ;
#515 = CARTESIAN_POINT ( 'NONE',  ( 5.601206614135465500, 0.6981707516625701437, -9.713782576705916938 ) ) ;
#516 = CARTESIAN_POINT ( 'NONE',  ( 10.62649999795161193, 3.702282733725566821, -8.938101187499999156 ) ) ;
#517 = CARTESIAN_POINT ( 'NONE',  ( 13.53274999795161015, -8.938101187500000933, 1.641902551459054698E-15 ) ) ;
#518 = CARTESIAN_POINT ( 'NONE',  ( 8.942905870645974531, 6.795634161065201795, 7.030811462263758749 ) ) ;
#519 = CARTESIAN_POINT ( 'NONE',  ( 11.63589881250000069, -5.595114899002060049, 6.975654663392754529 ) ) ;
#520 = CARTESIAN_POINT ( 'NONE',  ( 10.53743749588273992, 4.041945228131799794, 9.758118988125000115 ) ) ;
#521 = EDGE_CURVE ( 'NONE', #1543, #1191, #177, .T. ) ;
#522 = CARTESIAN_POINT ( 'NONE',  ( 8.845249995903220253, 9.750000000000001776, 4.038582233137676170 ) ) ;
#523 = CARTESIAN_POINT ( 'NONE',  ( 7.345250000000001833, 9.750000000000001776, -4.038582233137677058 ) ) ;
#524 = DIRECTION ( 'NONE',  ( 0.000000000000000000, -1.000000000000000000, 1.224646799147353454E-16 ) ) ;
#525 = DIRECTION ( 'NONE',  ( 1.000000000000000000, -0.000000000000000000, -0.000000000000000000 ) ) ;
#526 = EDGE_LOOP ( 'NONE', ( #1887, #1605, #2121, #2502, #2339 ) ) ;
#527 = CARTESIAN_POINT ( 'NONE',  ( 5.575832075918325081, -2.009150770937510266, -9.437185900179255071 ) ) ;
#528 = CARTESIAN_POINT ( 'NONE',  ( 7.532749997951610155, 0.000000000000000000, -8.938101187500000933 ) ) ;
#529 = FACE_OUTER_BOUND ( 'NONE', #2393, .T. ) ;
#530 = CARTESIAN_POINT ( 'NONE',  ( 6.688999997951609267, 8.938101187500000933, -3.702282733725567709 ) ) ;
#531 = CARTESIAN_POINT ( 'NONE',  ( 7.814000000000001833, 1.194030629168669469E-15, 9.750000000000000000 ) ) ;
#532 = CARTESIAN_POINT ( 'NONE',  ( 8.938999995903220253, 6.894291116568838973, 6.894291116568837197 ) ) ;
#533 = ORIENTED_EDGE ( 'NONE', *, *, #2557, .F. ) ;
#534 = CARTESIAN_POINT ( 'NONE',  ( 12.87650000000000006, -6.894291116568839861, -6.894291116568836308 ) ) ;
#535 = CONICAL_SURFACE ( 'NONE', #1670, 8.907986169854885006, 1.220368869134604628 ) ;
#536 = LINE ( 'NONE', #1728, #205 ) ;
#537 = VERTEX_POINT ( 'NONE', #391 ) ;
#538 = CARTESIAN_POINT ( 'NONE',  ( 5.957579611180400470, 6.352963352918211903, 7.407943952431860879 ) ) ;
#539 = CARTESIAN_POINT ( 'NONE',  ( 11.45866053051856603, -8.394323433451168270, 3.596018536565822377 ) ) ;
#540 = EDGE_CURVE ( 'NONE', #2082, #2411, #2153, .T. ) ;
#541 = AXIS2_PLACEMENT_3D ( 'NONE', #2474, #2065, #457 ) ;
#542 = CARTESIAN_POINT ( 'NONE',  ( 8.751499997951610155, -8.938101187499997380, -3.702282733725569042 ) ) ;
#543 = CARTESIAN_POINT ( 'NONE',  ( 13.81399999795161015, -3.702282733725573038, -8.938101187499997380 ) ) ;
#544 = PLANE ( 'NONE',  #2170 ) ;
#545 = CARTESIAN_POINT ( 'NONE',  ( 10.81399999795161193, -3.702282733725573038, -8.938101187499999156 ) ) ;
#546 = CARTESIAN_POINT ( 'NONE',  ( 10.16243749588273815, 9.758118988125000115, -4.041945228131798906 ) ) ;
#547 = CARTESIAN_POINT ( 'NONE',  ( 5.845249995903222029, 9.750000000000001776, 4.038582233137676170 ) ) ;
#548 = EDGE_LOOP ( 'NONE', ( #1509, #2191, #378, #906 ) ) ;
#549 = CARTESIAN_POINT ( 'NONE',  ( 11.63589881250022628, 0.8462926537792622161, 8.897945919263996473 ) ) ;
#550 = DIRECTION ( 'NONE',  ( -0.000000000000000000, -1.000000000000000000, -0.000000000000000000 ) ) ;
#551 = ORIENTED_EDGE ( 'NONE', *, *, #32, .F. ) ;
#552 = CARTESIAN_POINT ( 'NONE',  ( 5.367795287690282358, 9.089586422379802855, 0.2344906218774851780 ) ) ;
#553 = CARTESIAN_POINT ( 'NONE',  ( 11.38869520201585850, -7.959846562218006127, 4.617062758360894748 ) ) ;
#554 = B_SPLINE_CURVE_WITH_KNOTS ( 'NONE', 3,
 ( #1556, #555, #973, #1757, #2138, #647, #1626, #34, #1447, #1848, #867, #1864, #880, #256, #1421, #2453, #2410, #2233, #230, #836, #633, #20, #469, #2425, #1479, #1436, #417, #622, #2220, #71, #1247, #1668, #1035, #675, #823, #458, #1271, #1818, #1221, #2247, #445, #2207, #2054, #1830, #2027, #240, #1258, #1058 ),
 .UNSPECIFIED., .F., .F.,
 ( 4, 2, 2, 1, 2, 2, 2, 2, 2, 2, 2, 2, 2, 2, 1, 2, 2, 2, 2, 2, 2, 2, 2, 2, 4 ),
 ( 0.000000000000000000, 0.001751508563656822533, 0.002627262845485233908, 0.003503017127313645066, 0.004378771409142057092, 0.005254525690970467816, 0.007006034254627291867, 0.007881788536455703459, 0.008757542818284115918, 0.01050905138194093910, 0.01138480566376934983, 0.01226055994559776055, 0.01401206850925458373, 0.01488782279108299446, 0.01576357707291140692, 0.01663933135473981764, 0.01751508563656822837, 0.01926659420022504982, 0.02014234848205345707, 0.02101810276388186433, 0.02276961132753868577, 0.02452111989119550375, 0.02627262845485232520, 0.02714838273668073593, 0.02802413701850914318 ),
 .UNSPECIFIED. ) ;
#555 = CARTESIAN_POINT ( 'NONE',  ( 11.62614116875849746, 1.431993502720858125, 8.852040996671455275 ) ) ;
#556 = ORIENTED_EDGE ( 'NONE', *, *, #490, .F. ) ;
#557 = CARTESIAN_POINT ( 'NONE',  ( -1.836970198721029589E-15, 10.16000000000000014, 15.00000000000000000 ) ) ;
#558 = VECTOR ( 'NONE', #1012, 999.9999999999998863 ) ;
#559 = CARTESIAN_POINT ( 'NONE',  ( 9.595249997951610155, 6.320191960612784321, -6.320191960612784321 ) ) ;
#560 = CARTESIAN_POINT ( 'NONE',  ( 14.56399999590322203, 6.894291116568838973, -6.894291116568838973 ) ) ;
#561 = ORIENTED_EDGE ( 'NONE', *, *, #2378, .F. ) ;
#562 = CARTESIAN_POINT ( 'NONE',  ( 8.845250000000000057, 9.750000000000001776, -4.038582233137677058 ) ) ;
#563 = CARTESIAN_POINT ( 'NONE',  ( 9.032749997951610155, 0.000000000000000000, -8.938101187500000933 ) ) ;
#564 = CARTESIAN_POINT ( 'NONE',  ( 8.006187495882736371, -9.758118988125000115, 1.792537377675943803E-15 ) ) ;
#565 = CARTESIAN_POINT ( 'NONE',  ( 5.317684994114376451, -2.717668911632295059E-11, 8.938101187499999156 ) ) ;
#566 = ORIENTED_EDGE ( 'NONE', *, *, #965, .F. ) ;
#567 = CARTESIAN_POINT ( 'NONE',  ( 5.515822319466239243, 8.966432885527204633, -3.129456692482220248 ) ) ;
#568 = CARTESIAN_POINT ( 'NONE',  ( 5.317684994114377339, -1.337907124729569297, 8.837401052548583991 ) ) ;
#569 = PRODUCT_DEFINITION_CONTEXT ( 'detailed design', #1341, 'design' ) ;
#570 = DIRECTION ( 'NONE',  ( 0.000000000000000000, 0.000000000000000000, -1.000000000000000000 ) ) ;
#571 = CARTESIAN_POINT ( 'NONE',  ( 10.72024999795161193, 6.320191960612784321, -6.320191960612784321 ) ) ;
#572 = CARTESIAN_POINT ( 'NONE',  ( 7.814000000000001833, 1.194030629168669469E-15, 9.750000000000000000 ) ) ;
#573 = ORIENTED_EDGE ( 'NONE', *, *, #1417, .F. ) ;
#574 = CARTESIAN_POINT ( 'NONE',  ( 7.609399707795160950, 0.6424762360750881918, 9.750000054699912155 ) ) ;
#575 = CARTESIAN_POINT ( 'NONE',  ( 10.06399999795161015, 3.702282733725567709, 8.938101187500000933 ) ) ;
#576 = CARTESIAN_POINT ( 'NONE',  ( 13.43899999590322025, 6.894291116568838973, 6.894291116568837197 ) ) ;
#577 = VERTEX_POINT ( 'NONE', #988 ) ;
#578 = CARTESIAN_POINT ( 'NONE',  ( 14.06327415685377780, -8.443758444769995819, 4.874981366772128233 ) ) ;
#579 = CARTESIAN_POINT ( 'NONE',  ( 7.813999997951611043, 8.938101187499999156, -3.702282733725567709 ) ) ;
#580 = CARTESIAN_POINT ( 'NONE',  ( 9.359432096391103073, -8.099232450008495121, 5.433993383132159849 ) ) ;
#581 = EDGE_LOOP ( 'NONE', ( #1795, #60, #2485, #1577 ) ) ;
#583 = VECTOR ( 'NONE', #588, 1000.000000000000000 ) ;
#582 = CARTESIAN_POINT ( 'NONE',  ( 9.501500000000000057, -6.894291116568837197, 6.894291116568839861 ) ) ;
#584 = CARTESIAN_POINT ( 'NONE',  ( 10.88243203855862085, -9.086387851501340762, 3.402871055155011870 ) ) ;
#585 = DIRECTION ( 'NONE',  ( 1.000000000000000000, -0.000000000000000000, 1.224646799147353207E-16 ) ) ;
#586 = CARTESIAN_POINT ( 'NONE',  ( 10.72024999795161193, -6.320191960612785209, -6.320191960612781656 ) ) ;
#587 = CARTESIAN_POINT ( 'NONE',  ( 10.53274999590322203, 4.038582233137677946, 9.750000000000001776 ) ) ;
#588 = DIRECTION ( 'NONE',  ( 1.000000000000000000, -0.000000000000000000, -0.000000000000000000 ) ) ;
#589 = ORIENTED_EDGE ( 'NONE', *, *, #2330, .F. ) ;
#590 = CARTESIAN_POINT ( 'NONE',  ( 10.25149999795161193, -8.938101187499997380, -3.702282733725569042 ) ) ;
#591 = DIRECTION ( 'NONE',  ( 0.000000000000000000, 0.000000000000000000, -1.000000000000000000 ) ) ;
#592 = ORIENTED_EDGE ( 'NONE', *, *, #2253, .F. ) ;
#593 = CARTESIAN_POINT ( 'NONE',  ( 5.686664091261053322, 9.385349673681965044, -2.642094653053690401 ) ) ;
#594 = CARTESIAN_POINT ( 'NONE',  ( 16.51000000000000156, 0.000000000000000000, 0.000000000000000000 ) ) ;
#595 = CARTESIAN_POINT ( 'NONE',  ( 13.25149999795161015, -8.938101187499997380, -3.702282733725569042 ) ) ;
#596 = ORIENTED_EDGE ( 'NONE', *, *, #641, .T. ) ;
#597 = FACE_OUTER_BOUND ( 'NONE', #2554, .T. ) ;
#598 = MECHANICAL_DESIGN_GEOMETRIC_PRESENTATION_REPRESENTATION (  '', ( #938 ), #269 ) ;
#599 = CARTESIAN_POINT ( 'NONE',  ( 9.688999997951610155, 8.938101187500000933, -3.702282733725567709 ) ) ;
#600 = CARTESIAN_POINT ( 'NONE',  ( 10.72024999590322381, -4.038582233137675281, 9.750000000000001776 ) ) ;
#601 = CARTESIAN_POINT ( 'NONE',  ( 8.188999997951610155, 8.938101187499999156, -3.702282733725567709 ) ) ;
#602 = FACE_OUTER_BOUND ( 'NONE', #581, .T. ) ;
#603 = EDGE_CURVE ( 'NONE', #2082, #676, #93, .T. ) ;
#604 = DIRECTION ( 'NONE',  ( 0.000000000000000000, 0.000000000000000000, -1.000000000000000000 ) ) ;
#605 = CARTESIAN_POINT ( 'NONE',  ( 6.032749997951611043, 0.000000000000000000, -8.938101187500000933 ) ) ;
#606 = LINE ( 'NONE', #1404, #1876 ) ;
#607 = VERTEX_POINT ( 'NONE', #1981 ) ;
#608 = CARTESIAN_POINT ( 'NONE',  ( 11.93899999795161193, -3.702282733725573038, -8.938101187499997380 ) ) ;
#609 = CARTESIAN_POINT ( 'NONE',  ( 11.16727205864036598, -0.4584864469170318313, -9.406727941359628531 ) ) ;
#610 = ORIENTED_EDGE ( 'NONE', *, *, #2518, .F. ) ;
#611 = CARTESIAN_POINT ( 'NONE',  ( 7.083205155338157866, 7.426861508477104579, -6.429003677330746847 ) ) ;
#612 = CARTESIAN_POINT ( 'NONE',  ( 11.09993749588273815, -9.758118988124998339, -4.041945228131800683 ) ) ;
#613 = CARTESIAN_POINT ( 'NONE',  ( 13.72024999590322203, -4.038582233137675281, 9.750000000000001776 ) ) ;
#614 = CARTESIAN_POINT ( 'NONE',  ( 8.845249997951610155, -6.320191960612783433, 6.320191960612785209 ) ) ;
#615 = CARTESIAN_POINT ( 'NONE',  ( 8.308915078394656817, -2.718364603514600741, -9.461569940790768740 ) ) ;
#616 = CARTESIAN_POINT ( 'NONE',  ( 8.095249997951610155, 6.320191960612784321, 6.320191960612783433 ) ) ;
#617 = CARTESIAN_POINT ( 'NONE',  ( 9.614820964332734476, -8.736777205934371793, -4.527896045102044020 ) ) ;
#618 = ORIENTED_EDGE ( 'NONE', *, *, #2518, .T. ) ;
#619 = CARTESIAN_POINT ( 'NONE',  ( 12.38250000000000028, 0.000000000000000000, 0.000000000000000000 ) ) ;
#620 = CARTESIAN_POINT ( 'NONE',  ( 6.506187495882736371, -9.758118988125000115, 1.792537377675943803E-15 ) ) ;
#621 = CARTESIAN_POINT ( 'NONE',  ( 13.62649999795161193, 3.702282733725566821, -8.938101187499999156 ) ) ;
#622 = CARTESIAN_POINT ( 'NONE',  ( 11.37357924520434693, 8.910958358165443016, -2.343856150875221367 ) ) ;
#623 = ORIENTED_EDGE ( 'NONE', *, *, #1929, .F. ) ;
#624 = CARTESIAN_POINT ( 'NONE',  ( 5.470249997951610155, -6.320191960612783433, 6.320191960612785209 ) ) ;
#625 = CARTESIAN_POINT ( 'NONE',  ( 11.09524999795161193, 6.320191960612784321, -6.320191960612784321 ) ) ;
#626 = DIRECTION ( 'NONE',  ( 0.000000000000000000, 0.000000000000000000, -1.000000000000000000 ) ) ;
#627 = CARTESIAN_POINT ( 'NONE',  ( 7.907749997951611043, 0.000000000000000000, -8.938101187500000933 ) ) ;
#628 = ADVANCED_FACE ( 'NONE', ( #186 ), #2371, .T. ) ;
#629 = CARTESIAN_POINT ( 'NONE',  ( 8.109221785284365325, -8.845396092024650159, -4.320854063941269807 ) ) ;
#630 = CARTESIAN_POINT ( 'NONE',  ( 14.28274999795161193, 1.094601700972703329E-15, 8.938101187500000933 ) ) ;
#631 = CARTESIAN_POINT ( 'NONE',  ( 9.385193776266861576, -8.626896099044781607, 4.543795596358861211 ) ) ;
#632 = CARTESIAN_POINT ( 'NONE',  ( 6.204894275953034999, -3.159363943705272515, 9.224351521018787636 ) ) ;
#633 = CARTESIAN_POINT ( 'NONE',  ( 11.43965436616015019, 8.980269006850205571, 1.696063345961500213 ) ) ;
#634 = VERTEX_POINT ( 'NONE', #1796 ) ;
#635 = CARTESIAN_POINT ( 'NONE',  ( 6.876499997951611043, -3.702282733725565045, 8.938101187500000933 ) ) ;
#636 = CARTESIAN_POINT ( 'NONE',  ( 6.782749997951609267, 8.938101187500000933, -5.473008504863516646E-16 ) ) ;
#637 = CARTESIAN_POINT ( 'NONE',  ( 8.856985594992325517, 8.848699457070676289, 4.139739689035834225 ) ) ;
#638 = CARTESIAN_POINT ( 'NONE',  ( 9.782749997951610155, 8.938101187500000933, -5.473008504863516646E-16 ) ) ;
#639 = CONICAL_SURFACE ( 'NONE', #1972, 8.890000000000000568, 0.7853981633974432830 ) ;
#640 = CARTESIAN_POINT ( 'NONE',  ( 7.863156260642664819, -8.179352167886273506, 5.307764729347929311 ) ) ;
#641 = EDGE_CURVE ( 'NONE', #2134, #2018, #870, .T. ) ;
#642 = CARTESIAN_POINT ( 'NONE',  ( 15.22493749588273992, -4.041945228131797130, 9.758118988125003668 ) ) ;
#643 = AXIS2_PLACEMENT_3D ( 'NONE', #746, #1544, #2315 ) ;
#644 = CARTESIAN_POINT ( 'NONE',  ( 5.282749999999999169, -9.750000000000000000, -4.038582233137678834 ) ) ;
#645 = CARTESIAN_POINT ( 'NONE',  ( 6.005728007030588067, 4.693576158605897497, 8.546054875662207451 ) ) ;
#646 = CARTESIAN_POINT ( 'NONE',  ( 6.537808987813808592, -9.732886051230527968, -1.393356841644054267 ) ) ;
#647 = CARTESIAN_POINT ( 'NONE',  ( 11.58593320879939981, 3.674241307327638317, 8.207922684843095951 ) ) ;
#648 = VERTEX_POINT ( 'NONE', #1261 ) ;
#649 = CARTESIAN_POINT ( 'NONE',  ( 7.907749997951611043, 8.938101187500000933, -5.473008504863516646E-16 ) ) ;
#650 = CARTESIAN_POINT ( 'NONE',  ( 8.657749997951610155, 1.094601700972703329E-15, 8.938101187500000933 ) ) ;
#651 = CARTESIAN_POINT ( 'NONE',  ( 8.878351566560310104, 8.420627886257888051, 4.914885377062035765 ) ) ;
#652 = CARTESIAN_POINT ( 'NONE',  ( 10.25149999795161193, -3.702282733725565045, 8.938101187500000933 ) ) ;
#653 = CARTESIAN_POINT ( 'NONE',  ( 7.251500000000000945, 6.894291116568838973, -6.894291116568838973 ) ) ;
#654 = CARTESIAN_POINT ( 'NONE',  ( 5.317684994114377339, -1.337907124729569297, 8.837401052548583991 ) ) ;
#655 = ADVANCED_FACE ( 'NONE', ( #45 ), #36, .T. ) ;
#656 = CARTESIAN_POINT ( 'NONE',  ( 6.501500000000000057, -6.894291116568837197, 6.894291116568839861 ) ) ;
#657 = ORIENTED_EDGE ( 'NONE', *, *, #2443, .F. ) ;
#658 = DIRECTION ( 'NONE',  ( 1.000000000000000000, 0.000000000000000000, -0.000000000000000000 ) ) ;
#659 = CARTESIAN_POINT ( 'NONE',  ( 6.782750000000001833, -9.750000000000000000, -4.038582233137678834 ) ) ;
#660 = CARTESIAN_POINT ( 'NONE',  ( 5.563999997951611931, 3.702282733725568598, 8.938101187499999156 ) ) ;
#661 = CARTESIAN_POINT ( 'NONE',  ( 0.000000000000000000, 10.16000000000000014, 0.000000000000000000 ) ) ;
#662 = CARTESIAN_POINT ( 'NONE',  ( 6.032750000000001833, 9.750000000000001776, 4.038582233137676170 ) ) ;
#663 = CARTESIAN_POINT ( 'NONE',  ( 13.53274999795161015, -8.938101187500000933, 1.641902551459054698E-15 ) ) ;
#664 = CARTESIAN_POINT ( 'NONE',  ( 10.53274999795161193, -8.938101187500000933, 1.641902551459054698E-15 ) ) ;
#665 = CARTESIAN_POINT ( 'NONE',  ( 10.11862882420287590, 8.293638585647109096, -5.270246365130375032 ) ) ;
#666 = CARTESIAN_POINT ( 'NONE',  ( 7.693059223151022863, -2.755679151991618170, 9.376914803629054163 ) ) ;
#667 = AXIS2_PLACEMENT_3D ( 'NONE', #2493, #2536, #1508 ) ;
#668 = CARTESIAN_POINT ( 'NONE',  ( 15.13118749588273815, 1.195024918450629005E-15, 9.758118988125000115 ) ) ;
#669 = CIRCLE ( 'NONE', #2245, 10.00000000000000000 ) ;
#670 = CARTESIAN_POINT ( 'NONE',  ( 14.37649999795161015, -3.702282733725565045, 8.938101187500000933 ) ) ;
#671 = AXIS2_PLACEMENT_3D ( 'NONE', #2246, #1846, #2073 ) ;
#672 = VERTEX_POINT ( 'NONE', #661 ) ;
#673 = CARTESIAN_POINT ( 'NONE',  ( 7.068687495882736371, 6.900032108128399955, -6.900032108128399955 ) ) ;
#674 = CARTESIAN_POINT ( 'NONE',  ( 6.813869636618885117, -2.528963917100248704, -9.500861165640307249 ) ) ;
#675 = CARTESIAN_POINT ( 'NONE',  ( 11.31056783321904291, 7.284891755073081399, -5.729348588793551578 ) ) ;
#676 = VERTEX_POINT ( 'NONE', #232 ) ;
#677 = CARTESIAN_POINT ( 'NONE',  ( 6.126499997951611931, 3.702282733725566821, -8.938101187500000933 ) ) ;
#678 = CARTESIAN_POINT ( 'NONE',  ( 4.626499997951610155, 3.702282733725566821, -8.938101187499999156 ) ) ;
#679 =( BOUNDED_CURVE ( )  B_SPLINE_CURVE ( 2, ( #2322, #2259, #1934, #1867, #2308, #662, #73, #1342, #951 ),
 .UNSPECIFIED., .F., .T. ) 
 B_SPLINE_CURVE_WITH_KNOTS ( ( 3, 2, 2, 2, 3 ),
 ( 0.1477868720106991773, 0.1607142857142857262, 0.1785714285714285754, 0.1964285714285714246, 0.2142857142857142738 ),
 .UNSPECIFIED. ) 
 CURVE ( )  GEOMETRIC_REPRESENTATION_ITEM ( )  RATIONAL_B_SPLINE_CURVE ( ( 0.9695741862103504083, 0.9448937166259276932, 1.000000000000000000, 0.9238795325112867385, 1.000000000000000000, 0.9238795325112867385, 1.000000000000000000, 0.9238795325112867385, 1.000000000000000000 ) ) 
 REPRESENTATION_ITEM ( '' )  );
#680 = CARTESIAN_POINT ( 'NONE',  ( 5.001499997951609267, 8.938101187499999156, 3.702282733725566377 ) ) ;
#681 = CARTESIAN_POINT ( 'NONE',  ( 10.72024999795161193, -6.320191960612785209, -6.320191960612781656 ) ) ;
#682 = FACE_OUTER_BOUND ( 'NONE', #2412, .T. ) ;
#683 = CARTESIAN_POINT ( 'NONE',  ( 11.63589881249999003, -8.741034987506006715, 1.945293408056009143 ) ) ;
#684 = EDGE_CURVE ( 'NONE', #808, #350, #1464, .T. ) ;
#685 = CARTESIAN_POINT ( 'NONE',  ( 8.189000000000001833, -9.750000000000000000, 1.791045943753003908E-15 ) ) ;
#686 = VECTOR ( 'NONE', #784, 1000.000000000000000 ) ;
#687 =( BOUNDED_CURVE ( )  B_SPLINE_CURVE ( 2, ( #2043, #2223, #624, #2209, #881, #22, #853, #1048, #1628, #677, #1657, #1250, #1821, #471, #2413, #275, #1833, #635, #2439, #1439, #1643, #459, #2427, #1850, #825, #62, #419, #448, #649, #243, #2030, #1075, #435, #1237, #1449, #2235, #2019, #1866, #1223, #214, #1696, #314, #917, #690, #730, #943, #1307, #1888, #907, #1731, #1899, #128, #2507, #2083, #94, #2477, #742, #103, #2257, #1703, #1106, #482, #703, #930, #2286, #300, #1910, #1130, #1499 ),
 .UNSPECIFIED., .F., .T. ) 
 B_SPLINE_CURVE_WITH_KNOTS ( ( 3, 2, 2, 2, 2, 2, 2, 2, 2, 2, 2, 2, 2, 2, 2, 2, 2, 2, 2, 2, 2, 2, 2, 2, 2, 2, 2, 2, 2, 2, 2, 2, 2, 2, 3 ),
 ( 0.07488894146410551844, 0.08928571428571428770, 0.1071428571428571369, 0.1250000000000000000, 0.1428571428571428492, 0.1607142857142857262, 0.1785714285714285754, 0.1964285714285714246, 0.2142857142857142738, 0.2321428571428571508, 0.2500000000000000000, 0.2678571428571428492, 0.2857142857142856984, 0.3035714285714285476, 0.3214285714285714524, 0.3392857142857143016, 0.3571428571428571508, 0.3750000000000000000, 0.3928571428571428492, 0.4107142857142856984, 0.4285714285714285476, 0.4464285714285714524, 0.4642857142857143016, 0.4821428571428571508, 0.5000000000000000000, 0.5178571428571429047, 0.5357142857142858094, 0.5535714285714286031, 0.5714285714285713969, 0.5892857142857143016, 0.6071428571428570953, 0.6250000000000000000, 0.6428571428571429047, 0.6607142857142856984, 0.6763780449919137849 ),
 .UNSPECIFIED. ) 
 CURVE ( )  GEOMETRIC_REPRESENTATION_ITEM ( )  RATIONAL_B_SPLINE_CURVE ( ( 0.9762154362140040842, 0.9386302116594589240, 1.000000000000000000, 0.9238795325112867385, 1.000000000000000000, 0.9238795325112867385, 1.000000000000000000, 0.9238795325112867385, 1.000000000000000000, 0.9238795325112867385, 1.000000000000000000, 0.9238795325112867385, 1.000000000000000000, 0.9238795325112867385, 1.000000000000000000, 0.9238795325112867385, 1.000000000000000000, 0.9238795325112867385, 1.000000000000000000, 0.9238795325112867385, 1.000000000000000000, 0.9238795325112867385, 1.000000000000000000, 0.9238795325112867385, 1.000000000000000000, 0.9238795325112867385, 1.000000000000000000, 0.9238795325112867385, 1.000000000000000000, 0.9238795325112867385, 1.000000000000000000, 0.9238795325112867385, 1.000000000000000000, 0.9238795325112867385, 1.000000000000000000, 0.9238795325112867385, 1.000000000000000000, 0.9238795325112867385, 1.000000000000000000, 0.9238795325112867385, 1.000000000000000000, 0.9238795325112867385, 1.000000000000000000, 0.9238795325112867385, 1.000000000000000000, 0.9238795325112867385, 1.000000000000000000, 0.9238795325112867385, 1.000000000000000000, 0.9238795325112867385, 1.000000000000000000, 0.9238795325112867385, 1.000000000000000000, 0.9238795325112867385, 1.000000000000000000, 0.9238795325112867385, 1.000000000000000000, 0.9238795325112867385, 1.000000000000000000, 0.9238795325112867385, 1.000000000000000000, 0.9238795325112867385, 1.000000000000000000, 0.9238795325112867385, 1.000000000000000000, 0.9238795325112867385, 1.000000000000000000, 0.9332293699847519219, 0.9835971964114378352 ) ) 
 REPRESENTATION_ITEM ( '' )  );
#688 = DIRECTION ( 'NONE',  ( 0.3432993181780469305, 0.000000000000000000, -0.9392260527362346068 ) ) ;
#689 = CARTESIAN_POINT ( 'NONE',  ( 11.68399999999999572, 0.000000000000000000, 0.000000000000000000 ) ) ;
#690 = CARTESIAN_POINT ( 'NONE',  ( 9.313999997951610155, 8.938101187500000933, -3.702282733725567709 ) ) ;
#691 = EDGE_CURVE ( 'NONE', #1128, #2562, #2400, .T. ) ;
#692 = CARTESIAN_POINT ( 'NONE',  ( 10.80832532755014341, -6.788668497499689813, 7.023442039351611044 ) ) ;
#693 = CARTESIAN_POINT ( 'NONE',  ( 12.87649999795161371, 8.938101187499999156, 3.702282733725566377 ) ) ;
#694 = LINE ( 'NONE', #1310, #393 ) ;
#695 = CARTESIAN_POINT ( 'NONE',  ( 11.93899999795161015, -8.938101187499997380, 3.702282733725571262 ) ) ;
#696 = DIRECTION ( 'NONE',  ( 1.000000000000000000, -0.000000000000000000, -0.000000000000000000 ) ) ;
#697 = CARTESIAN_POINT ( 'NONE',  ( 14.09993749588273815, -9.758118988124998339, -4.041945228131800683 ) ) ;
#698 = CARTESIAN_POINT ( 'NONE',  ( 9.782750000000001833, -9.750000000000000000, -4.038582233137678834 ) ) ;
#699 = CARTESIAN_POINT ( 'NONE',  ( 12.88118749588273637, 0.000000000000000000, -9.758118988125000115 ) ) ;
#700 = CARTESIAN_POINT ( 'NONE',  ( 5.317684994114377339, 7.254196609068946699, 5.228466720954100033 ) ) ;
#701 = VERTEX_POINT ( 'NONE', #2249 ) ;
#702 = CARTESIAN_POINT ( 'NONE',  ( 4.064000000000000057, 0.000000000000000000, -10.16000000000000014 ) ) ;
#703 = CARTESIAN_POINT ( 'NONE',  ( 11.09524999795161193, 6.320191960612784321, 6.320191960612783433 ) ) ;
#704 = CARTESIAN_POINT ( 'NONE',  ( 6.407749997951611043, 8.938101187500000933, -5.473008504863516646E-16 ) ) ;
#705 = DIRECTION ( 'NONE',  ( 1.000000000000000000, -0.000000000000000000, -0.000000000000000000 ) ) ;
#706 = CARTESIAN_POINT ( 'NONE',  ( 11.63589881249999358, -8.845439941456922028, 1.398342052853173589 ) ) ;
#707 = CARTESIAN_POINT ( 'NONE',  ( 6.782749995903221141, -4.038582233137683275, -9.750000000000000000 ) ) ;
#708 = EDGE_CURVE ( 'NONE', #1475, #712, #1037, .T. ) ;
#709 = CARTESIAN_POINT ( 'NONE',  ( 9.970250000000000057, -4.038582233137683275, -9.750000000000000000 ) ) ;
#710 = CIRCLE ( 'NONE', #1707, 9.750000000000001776 ) ;
#711 = DIRECTION ( 'NONE',  ( -0.000000000000000000, -1.000000000000000000, -0.000000000000000000 ) ) ;
#712 = VERTEX_POINT ( 'NONE', #1809 ) ;
#713 = CARTESIAN_POINT ( 'NONE',  ( 5.594889077405091449, 0.000000000000000000, -9.696498548535455342 ) ) ;
#714 = B_SPLINE_CURVE_WITH_KNOTS ( 'NONE', 3,
 ( #1581, #609, #2152, #2553, #986, #377, #1207, #367, #1162, #1175, #1966, #811, #1991, #197, #171, #1371, #999, #1408, #1594, #1569, #2526, #1768, #2342, #2355, #2190, #584, #1147, #1384, #2163, #390, #758, #957 ),
 .UNSPECIFIED., .F., .F.,
 ( 4, 2, 2, 2, 2, 2, 2, 2, 2, 2, 2, 2, 2, 2, 2, 4 ),
 ( 0.02802413701850914318, 0.02941047671080502732, 0.03079681640310090798, 0.03218315609539679212, 0.03356949578769267972, 0.03634217517228444799, 0.03911485455687622320, 0.03980802440302416700, 0.04050119424917210387, 0.04188753394146799147, 0.04327387363376387214, 0.04466021332605975974, 0.04604655301835564041, 0.04743289271065152801, 0.04881923240294740868, 0.05020557209524328934 ),
 .UNSPECIFIED. ) ;
#715 = EDGE_CURVE ( 'NONE', #401, #2324, #687, .T. ) ;
#716 = CARTESIAN_POINT ( 'NONE',  ( 10.06399999795161015, -8.938101187499997380, 3.702282733725571262 ) ) ;
#717 = CARTESIAN_POINT ( 'NONE',  ( 0.000000000000000000, 1.090913674976167664E-15, 8.907986169854885006 ) ) ;
#718 = CARTESIAN_POINT ( 'NONE',  ( 6.126499997951611043, -8.938101187499999156, -3.702282733725568598 ) ) ;
#719 = CARTESIAN_POINT ( 'NONE',  ( 11.63589881249999003, -8.239384531414131629, 3.507867595354047907 ) ) ;
#720 = CARTESIAN_POINT ( 'NONE',  ( 8.657749995903220253, 9.750000000000001776, -4.038582233137677058 ) ) ;
#721 = VERTEX_POINT ( 'NONE', #503 ) ;
#722 = EDGE_CURVE ( 'NONE', #513, #135, #1334, .T. ) ;
#723 = CARTESIAN_POINT ( 'NONE',  ( 9.126500000000000057, 6.894291116568838973, 6.894291116568837197 ) ) ;
#724 = ORIENTED_EDGE ( 'NONE', *, *, #1243, .F. ) ;
#725 = AXIS2_PLACEMENT_3D ( 'NONE', #619, #1419, #1233 ) ;
#726 = AXIS2_PLACEMENT_3D ( 'NONE', #292, #86, #1685 ) ;
#727 = CARTESIAN_POINT ( 'NONE',  ( 9.333725398729020739, -7.485851258385496365, 6.268559476832332500 ) ) ;
#728 = EDGE_LOOP ( 'NONE', ( #2365, #1498, #2175, #2234, #2055, #274, #102, #1422, #2222 ) ) ;
#729 = DIRECTION ( 'NONE',  ( 1.000000000000000000, -0.000000000000000000, -0.000000000000000000 ) ) ;
#730 = CARTESIAN_POINT ( 'NONE',  ( 9.407749997951610155, 8.938101187500000933, -5.473008504863516646E-16 ) ) ;
#731 = FACE_OUTER_BOUND ( 'NONE', #734, .T. ) ;
#732 = CARTESIAN_POINT ( 'NONE',  ( 8.960508194377966973, 6.248846575369699785, 7.518256286739101846 ) ) ;
#733 = CARTESIAN_POINT ( 'NONE',  ( 11.63589881249999891, -6.422232647798416849, 6.240998914274452858 ) ) ;
#734 = EDGE_LOOP ( 'NONE', ( #1343, #1749, #1354, #1952, #324 ) ) ;
#735 = CARTESIAN_POINT ( 'NONE',  ( 11.84525000000000006, 9.750000000000001776, -4.038582233137677058 ) ) ;
#736 = EDGE_CURVE ( 'NONE', #135, #401, #741, .T. ) ;
#737 = CARTESIAN_POINT ( 'NONE',  ( 10.71283362892330793, -3.536803845651473654, 9.110841021488342406 ) ) ;
#738 = DIRECTION ( 'NONE',  ( 1.000000000000000000, -0.000000000000000000, -0.000000000000000000 ) ) ;
#739 = VERTEX_POINT ( 'NONE', #1357 ) ;
#740 = CARTESIAN_POINT ( 'NONE',  ( 5.691501561917172936, 9.436107905933619477, -2.454609192958815189 ) ) ;
#741 = B_SPLINE_CURVE_WITH_KNOTS ( 'NONE', 3,
 ( #2066, #1526, #288, #527, #1512, #1085, #493, #115, #1925, #325, #1320, #2098, #1117, #2075, #2277, #1715, #1875, #2495, #82, #896, #1681, #2300, #2465, #1329, #2110, #1296, #337, #1489, #2266, #1096, #982, #1963, #2340, #1937, #2149, #769, #1766, #152, #168, #2551, #1345, #1566, #782, #568 ),
 .UNSPECIFIED., .F., .F.,
 ( 4, 2, 2, 2, 2, 2, 2, 2, 2, 2, 2, 2, 2, 2, 2, 2, 2, 2, 2, 2, 2, 4 ),
 ( 0.002087269957280410426, 0.003836742668588976474, 0.004711479024243260365, 0.005586215379897544256, 0.007335688091206111171, 0.008210424446860396797, 0.009085160802514678086, 0.01083463351382324587, 0.01258410622513181192, 0.01433357893644037796, 0.01520831529209465925, 0.01608305164774894574, 0.01783252435905750832, 0.01870726071471179308, 0.01958199707036607784, 0.02133146978167464389, 0.02308094249298321340, 0.02395567884863749816, 0.02483041520429177945, 0.02657988791560034897, 0.02832936062690892196, 0.03007883333821749147 ),
 .UNSPECIFIED. ) ;
#742 = CARTESIAN_POINT ( 'NONE',  ( 10.53274999795161193, 0.000000000000000000, -8.938101187500000933 ) ) ;
#743 = DIRECTION ( 'NONE',  ( 0.000000000000000000, 0.000000000000000000, -1.000000000000000000 ) ) ;
#744 = CARTESIAN_POINT ( 'NONE',  ( 5.614597965152452019, 8.199718835053655397, -5.275144474524195104 ) ) ;
#745 = VERTEX_POINT ( 'NONE', #2326 ) ;
#746 = CARTESIAN_POINT ( 'NONE',  ( 11.68399999999999572, 0.000000000000000000, 0.000000000000000000 ) ) ;
#747 = CARTESIAN_POINT ( 'NONE',  ( 7.345249997951610155, -6.320191960612783433, 6.320191960612785209 ) ) ;
#748 = EDGE_LOOP ( 'NONE', ( #374, #2426, #1071, #92 ) ) ;
#749 = CARTESIAN_POINT ( 'NONE',  ( 13.90775000000000539, -4.038582233137675281, 9.750000000000001776 ) ) ;
#750 = CARTESIAN_POINT ( 'NONE',  ( 12.38250000000000028, 0.000000000000000000, 0.000000000000000000 ) ) ;
#751 = VECTOR ( 'NONE', #995, 1000.000000000000000 ) ;
#752 = CARTESIAN_POINT ( 'NONE',  ( 11.75618749588273637, 9.758118988125000115, -5.975124592253145023E-16 ) ) ;
#753 = CARTESIAN_POINT ( 'NONE',  ( 0.000000000000000000, 0.000000000000000000, 0.000000000000000000 ) ) ;
#754 = ORIENTED_EDGE ( 'NONE', *, *, #2443, .T. ) ;
#755 = DIRECTION ( 'NONE',  ( 0.000000000000000000, -1.000000000000000000, 0.000000000000000000 ) ) ;
#756 = CARTESIAN_POINT ( 'NONE',  ( 11.05491299233512592, -4.141941341836199442, 8.588622961816673396 ) ) ;
#757 = CIRCLE ( 'NONE', #2318, 10.16000000000000014 ) ;
#758 = CARTESIAN_POINT ( 'NONE',  ( 10.83156241252295260, -7.523219050918993567, 6.207419906837315260 ) ) ;
#759 = ORIENTED_EDGE ( 'NONE', *, *, #421, .T. ) ;
#760 = CARTESIAN_POINT ( 'NONE',  ( 7.433008992249799718, 7.093922437803500181, 6.737619642684737009 ) ) ;
#761 = CARTESIAN_POINT ( 'NONE',  ( 5.306677564119895329, 0.000000000000000000, 0.000000000000000000 ) ) ;
#762 = CARTESIAN_POINT ( 'NONE',  ( 14.09524999590322203, -9.750000000000000000, -4.038582233137678834 ) ) ;
#763 = CARTESIAN_POINT ( 'NONE',  ( 8.376499995902817020, -2.388061258337338939E-15, -9.750000000000000000 ) ) ;
#764 = EDGE_CURVE ( 'NONE', #745, #2324, #1792, .T. ) ;
#765 = CARTESIAN_POINT ( 'NONE',  ( 11.56399999795161193, -8.938101187499997380, 3.702282733725571262 ) ) ;
#766 = CARTESIAN_POINT ( 'NONE',  ( 9.125576850452237210, 2.034248342942431901E-05, 9.749999999955276664 ) ) ;
#767 = ORIENTED_EDGE ( 'NONE', *, *, #2449, .F. ) ;
#768 = CARTESIAN_POINT ( 'NONE',  ( 5.784760882314620822, 9.701070191051341496, 1.285630199477638458 ) ) ;
#769 = CARTESIAN_POINT ( 'NONE',  ( 5.377652068623250514, -6.500651957520105384, 6.377742154717481071 ) ) ;
#770 = VECTOR ( 'NONE', #1747, 1000.000000000000000 ) ;
#771 = CIRCLE ( 'NONE', #643, 8.890000000000000568 ) ;
#772 = CARTESIAN_POINT ( 'NONE',  ( 8.001499997951610155, 8.938101187499999156, 3.702282733725566377 ) ) ;
#773 = CARTESIAN_POINT ( 'NONE',  ( 8.189000000000001833, -9.750000000000000000, 1.791045943753003908E-15 ) ) ;
#774 = CARTESIAN_POINT ( 'NONE',  ( 7.376919349959688788, 8.450329342256457821, 4.863591384673163098 ) ) ;
#775 = ADVANCED_FACE ( 'NONE', ( #1159 ), #1948, .T. ) ;
#776 = CARTESIAN_POINT ( 'NONE',  ( 9.782749997951610155, 8.938101187500000933, -5.473008504863516646E-16 ) ) ;
#777 = CARTESIAN_POINT ( 'NONE',  ( 15.34379745117631622, -7.801948265656982073, 5.986633967480696761 ) ) ;
#778 = CARTESIAN_POINT ( 'NONE',  ( 9.126500000000000057, 6.894291116568838973, 6.894291116568837197 ) ) ;
#779 = CARTESIAN_POINT ( 'NONE',  ( 6.970249997951611043, -6.320191960612783433, 6.320191960612785209 ) ) ;
#780 = ORIENTED_EDGE ( 'NONE', *, *, #1396, .T. ) ;
#781 = CARTESIAN_POINT ( 'NONE',  ( 5.565639058894966240, 8.659113149051636427, -4.220534495422740839 ) ) ;
#782 = CARTESIAN_POINT ( 'NONE',  ( 5.323732765426569813, -1.920113394095812609, 8.765994510089154090 ) ) ;
#783 = DIRECTION ( 'NONE',  ( 0.000000000000000000, 0.000000000000000000, -1.000000000000000000 ) ) ;
#784 = DIRECTION ( 'NONE',  ( -0.000000000000000000, -1.000000000000000000, -0.000000000000000000 ) ) ;
#785 = CARTESIAN_POINT ( 'NONE',  ( -1.836970198721029589E-15, -10.16000000000000014, 15.00000000000000000 ) ) ;
#786 = CARTESIAN_POINT ( 'NONE',  ( 11.37649999795161548, 8.938101187500000933, 3.702282733725566377 ) ) ;
#787 = CARTESIAN_POINT ( 'NONE',  ( 15.37577406726827611, -8.443756728911017362, 4.874984338740987688 ) ) ;
#788 = DIRECTION ( 'NONE',  ( -1.224646799147353207E-16, -0.000000000000000000, -1.000000000000000000 ) ) ;
#789 = CARTESIAN_POINT ( 'NONE',  ( 13.81868749588273815, -6.900032108128398178, 6.900032108128400843 ) ) ;
#790 = ORIENTED_EDGE ( 'NONE', *, *, #965, .T. ) ;
#791 =( NAMED_UNIT ( * ) PLANE_ANGLE_UNIT ( ) SI_UNIT ( $, .RADIAN. ) );
#792 = CARTESIAN_POINT ( 'NONE',  ( 7.532749997951610155, 0.000000000000000000, -8.938101187500000933 ) ) ;
#793 = CARTESIAN_POINT ( 'NONE',  ( 11.94368749588273815, 6.900032108128399955, 6.900032108128398178 ) ) ;
#794 = CARTESIAN_POINT ( 'NONE',  ( 9.382091161116433042, -8.568294304840916809, 4.653916020247276464 ) ) ;
#795 = ORIENTED_EDGE ( 'NONE', *, *, #2281, .F. ) ;
#797 = VECTOR ( 'NONE', #2263, 1000.000000000000000 ) ;
#796 = CARTESIAN_POINT ( 'NONE',  ( 11.65774999795161193, -8.938101187500000933, 1.641902551459054698E-15 ) ) ;
#798 = CARTESIAN_POINT ( 'NONE',  ( 8.095250000000001833, -9.750000000000000000, 4.038582233137682387 ) ) ;
#799 = CARTESIAN_POINT ( 'NONE',  ( 7.258625524921939132, 9.820608742648513356, 0.2144856044933584893 ) ) ;
#800 = ADVANCED_FACE ( 'NONE', ( #246 ), #1837, .T. ) ;
#801 = CARTESIAN_POINT ( 'NONE',  ( 9.032749997951610155, -8.938101187500000933, 1.641902551459054698E-15 ) ) ;
#802 = CARTESIAN_POINT ( 'NONE',  ( 11.37649999590322025, 0.000000000000000000, -9.750000000000000000 ) ) ;
#803 = CARTESIAN_POINT ( 'NONE',  ( 11.00149999795161371, 3.702282733725566821, -8.938101187499999156 ) ) ;
#804 = CARTESIAN_POINT ( 'NONE',  ( 13.81400000000000183, 1.194030629168669469E-15, 9.750000000000000000 ) ) ;
#805 = ADVANCED_FACE ( 'NONE', ( #2211 ), #309, .T. ) ;
#806 = CARTESIAN_POINT ( 'NONE',  ( 7.345249997951610155, -6.320191960612785209, -6.320191960612781656 ) ) ;
#807 = CARTESIAN_POINT ( 'NONE',  ( 9.376915920049860631, -8.466664081968829692, 4.835269176002475966 ) ) ;
#808 = VERTEX_POINT ( 'NONE', #874 ) ;
#809 = PLANE ( 'NONE',  #2376 ) ;
#810 = CARTESIAN_POINT ( 'NONE',  ( 6.140902248206202785, -0.6521297336945141021, 9.749999915960209762 ) ) ;
#811 = CARTESIAN_POINT ( 'NONE',  ( 11.02784443635401956, -7.923629469426947125, -5.404388572443172833 ) ) ;
#812 = ORIENTED_EDGE ( 'NONE', *, *, #2095, .T. ) ;
#813 = CARTESIAN_POINT ( 'NONE',  ( 7.287706422206468027, 9.718999832083792256, 1.425272751236991375 ) ) ;
#814 = CARTESIAN_POINT ( 'NONE',  ( 10.91243749588273815, -9.758118988124998339, 4.041945228131804235 ) ) ;
#815 = CARTESIAN_POINT ( 'NONE',  ( 15.22024999590322381, -4.038582233137675281, 9.750000000000001776 ) ) ;
#816 = CARTESIAN_POINT ( 'NONE',  ( 8.208528174295905089, -6.327470290346650650, -7.541480729218909218 ) ) ;
#817 = CARTESIAN_POINT ( 'NONE',  ( 5.751499997951611931, -8.938101187499997380, -3.702282733725569042 ) ) ;
#818 = EDGE_CURVE ( 'NONE', #1463, #2399, #2157, .T. ) ;
#819 = CARTESIAN_POINT ( 'NONE',  ( 9.420339884708292644, -9.274976693100583702, 3.287472736727349520 ) ) ;
#820 = ORIENTED_EDGE ( 'NONE', *, *, #1243, .T. ) ;
#821 = FACE_OUTER_BOUND ( 'NONE', #1552, .T. ) ;
#822 = CARTESIAN_POINT ( 'NONE',  ( 13.43899999795160838, -3.702282733725573038, -8.938101187499997380 ) ) ;
#823 = CARTESIAN_POINT ( 'NONE',  ( 11.30590047299684642, 7.105418864389547728, -5.957850776950508909 ) ) ;
#824 = ORIENTED_EDGE ( 'NONE', *, *, #540, .F. ) ;
#825 = CARTESIAN_POINT ( 'NONE',  ( 7.532749997951610155, 0.000000000000000000, -8.938101187500000933 ) ) ;
#826 = CARTESIAN_POINT ( 'NONE',  ( 10.90774999795161193, 0.000000000000000000, -8.938101187500000933 ) ) ;
#827 = CARTESIAN_POINT ( 'NONE',  ( 8.588590074727857626, 7.560998816360574359, -6.276265130922879187 ) ) ;
#828 = CARTESIAN_POINT ( 'NONE',  ( 9.220249997951610155, -6.320191960612785209, -6.320191960612781656 ) ) ;
#829 = CARTESIAN_POINT ( 'NONE',  ( 7.720250000000001833, 4.038582233137669064, 9.750000000000010658 ) ) ;
#830 =( BOUNDED_CURVE ( )  B_SPLINE_CURVE ( 2, ( #348, #2057, #276 ),
 .UNSPECIFIED., .F., .F. ) 
 B_SPLINE_CURVE_WITH_KNOTS ( ( 3, 3 ),
 ( 0.6428571428571427937, 0.6438747805733860963 ),
 .UNSPECIFIED. ) 
 CURVE ( )  GEOMETRIC_REPRESENTATION_ITEM ( )  RATIONAL_B_SPLINE_CURVE ( ( 1.000000000000000444, 0.9956620687131040315, 0.9918185549848654858 ) ) 
 REPRESENTATION_ITEM ( '' )  );
#831 = DIRECTION ( 'NONE',  ( 1.000000000000000000, -0.000000000000000000, -0.000000000000000000 ) ) ;
#832 = CARTESIAN_POINT ( 'NONE',  ( 6.782750000000001833, -9.750000000000000000, -4.038582233137678834 ) ) ;
#833 = CARTESIAN_POINT ( 'NONE',  ( 12.13118749588273637, 1.195024918450629005E-15, 9.758118988125000115 ) ) ;
#834 = CARTESIAN_POINT ( 'NONE',  ( 9.518306251061201095, -9.817114175752113425, -0.6759725702136413217 ) ) ;
#835 = CARTESIAN_POINT ( 'NONE',  ( 11.84524999795161193, -6.320191960612785209, -6.320191960612781656 ) ) ;
#836 = CARTESIAN_POINT ( 'NONE',  ( 11.44945822880585773, 8.843758779650121582, 2.265123690240232968 ) ) ;
#837 = VERTEX_POINT ( 'NONE', #2021 ) ;
#838 = DIRECTION ( 'NONE',  ( -1.000000000000000000, -0.000000000000000000, 0.000000000000000000 ) ) ;
#839 = DIRECTION ( 'NONE',  ( 0.7071067811865439090, 0.000000000000000000, 0.7071067811865512365 ) ) ;
#840 = CARTESIAN_POINT ( 'NONE',  ( 12.40774999795161193, 0.000000000000000000, -8.938101187500000933 ) ) ;
#841 = CARTESIAN_POINT ( 'NONE',  ( 6.220249997951610155, -6.320191960612785209, -6.320191960612781656 ) ) ;
#842 = CARTESIAN_POINT ( 'NONE',  ( 8.797770723677798443, 9.654974429935826663, 1.828025124266036583 ) ) ;
#843 = CARTESIAN_POINT ( 'NONE',  ( 9.126499997951610155, -8.938101187499997380, -3.702282733725569042 ) ) ;
#844 = CARTESIAN_POINT ( 'NONE',  ( -12.99999999999986322, 10.16000000000000014, 15.00000000000000000 ) ) ;
#845 = B_SPLINE_CURVE_WITH_KNOTS ( 'NONE', 3,
 ( #1110, #706, #683, #1484, #719, #2280, #2089, #2499, #328, #2292, #733, #2304, #519, #1335, #1323, #1870, #2115, #1882, #1676, #1080, #77, #486, #1687, #887 ),
 .UNSPECIFIED., .F., .F.,
 ( 4, 2, 2, 2, 2, 2, 2, 2, 2, 2, 2, 4 ),
 ( 0.000000000000000000, 0.001662154756619914396, 0.003324309513239827926, 0.004155386891549785015, 0.004986464269859742539, 0.006648619026479657586, 0.007479696404789615109, 0.008310773783099571765, 0.009972928539719486812, 0.01163508329633940012, 0.01246616067464935765, 0.01329723805295931517 ),
 .UNSPECIFIED. ) ;
#846 =( BOUNDED_CURVE ( )  B_SPLINE_CURVE ( 2, ( #2390, #1648, #653, #463, #475, #1281, #2061, #829, #107 ),
 .UNSPECIFIED., .F., .F. ) 
 B_SPLINE_CURVE_WITH_KNOTS ( ( 3, 2, 2, 2, 3 ),
 ( 0.2857142857142857539, 0.3035714285714286031, 0.3214285714285715079, 0.3392857142857143571, 0.3571428571428572063 ),
 .UNSPECIFIED. ) 
 CURVE ( )  GEOMETRIC_REPRESENTATION_ITEM ( )  RATIONAL_B_SPLINE_CURVE ( ( 0.9999999999999997780, 0.9238795325112869605, 1.000000000000000000, 0.9238795325112867385, 1.000000000000000000, 0.9238795325112867385, 1.000000000000000000, 0.9238795325112865164, 1.000000000000000222 ) ) 
 REPRESENTATION_ITEM ( '' )  );
#847 = CARTESIAN_POINT ( 'NONE',  ( 13.34524999795161015, -6.320191960612785209, -6.320191960612781656 ) ) ;
#848 = ORIENTED_EDGE ( 'NONE', *, *, #708, .T. ) ;
#849 = VECTOR ( 'NONE', #729, 1000.000000000000000 ) ;
#850 = CARTESIAN_POINT ( 'NONE',  ( 5.317684994114377339, 1.053246885276754252, 8.891501444057528403 ) ) ;
#851 = CARTESIAN_POINT ( 'NONE',  ( 5.095249997951610155, 6.320191960612784321, -6.320191960612784321 ) ) ;
#852 = ORIENTED_EDGE ( 'NONE', *, *, #1636, .T. ) ;
#853 = CARTESIAN_POINT ( 'NONE',  ( 5.845249997951610155, -6.320191960612785209, -6.320191960612781656 ) ) ;
#854 = EDGE_CURVE ( 'NONE', #1217, #1128, #1843, .T. ) ;
#855 = CARTESIAN_POINT ( 'NONE',  ( 8.282749997951608378, 8.938101187500000933, -5.473008504863516646E-16 ) ) ;
#856 = CARTESIAN_POINT ( 'NONE',  ( 10.49504199920393610, 5.088142143281729091, 8.347663599046958538 ) ) ;
#857 = CARTESIAN_POINT ( 'NONE',  ( 10.34524999795161193, -6.320191960612783433, 6.320191960612785209 ) ) ;
#858 = AXIS2_PLACEMENT_3D ( 'NONE', #2217, #2035, #604 ) ;
#859 = VECTOR ( 'NONE', #2368, 1000.000000000000000 ) ;
#860 = DIRECTION ( 'NONE',  ( 1.000000000000000000, 0.000000000000000000, -0.000000000000000000 ) ) ;
#861 = AXIS2_PLACEMENT_3D ( 'NONE', #1992, #199, #1014 ) ;
#862 = CARTESIAN_POINT ( 'NONE',  ( 13.15774999795161015, -8.938101187500000933, 1.641902551459054698E-15 ) ) ;
#863 = CARTESIAN_POINT ( 'NONE',  ( 8.662437495882738148, 9.758118988125000115, -4.041945228131798906 ) ) ;
#864 = VERTEX_POINT ( 'NONE', #119 ) ;
#865 = PLANE ( 'NONE',  #1067 ) ;
#866 = CARTESIAN_POINT ( 'NONE',  ( 6.382860719162287033, -8.596959779436566862, 4.771037279594043667 ) ) ;
#867 = CARTESIAN_POINT ( 'NONE',  ( 11.53677616674211315, 6.131914638584060384, 6.664367525107271817 ) ) ;
#868 = EDGE_LOOP ( 'NONE', ( #533, #2285, #1306, #502, #1931 ) ) ;
#869 = ORIENTED_EDGE ( 'NONE', *, *, #1476, .F. ) ;
#870 = LINE ( 'NONE', #1669, #2423 ) ;
#871 = CARTESIAN_POINT ( 'NONE',  ( 4.532749997951610155, 0.000000000000000000, -8.938101187500000933 ) ) ;
#872 = CARTESIAN_POINT ( 'NONE',  ( 14.84524999795161193, -6.320191960612783433, 6.320191960612785209 ) ) ;
#873 = CARTESIAN_POINT ( 'NONE',  ( 9.501499997951611931, 3.702282733725566821, -8.938101187499999156 ) ) ;
#874 = CARTESIAN_POINT ( 'NONE',  ( 4.064000000000000057, 0.000000000000000000, -8.907986169854885006 ) ) ;
#875 = CARTESIAN_POINT ( 'NONE',  ( -12.99999999999986322, -10.16000000000000014, 15.00000000000000000 ) ) ;
#876 = CARTESIAN_POINT ( 'NONE',  ( 14.66243749588274170, 9.758118988125000115, -4.041945228131798906 ) ) ;
#877 = CARTESIAN_POINT ( 'NONE',  ( 5.317684994114377339, -1.337907124729569297, 8.837401052548583991 ) ) ;
#878 = CARTESIAN_POINT ( 'NONE',  ( 12.87649999795161548, -3.702282733725565045, 8.938101187500000933 ) ) ;
#879 = DIRECTION ( 'NONE',  ( 1.000000000000000000, -0.000000000000000000, -0.000000000000000000 ) ) ;
#880 = CARTESIAN_POINT ( 'NONE',  ( 11.51353315010860534, 7.122366289905579073, 5.607851336339625625 ) ) ;
#881 = CARTESIAN_POINT ( 'NONE',  ( 5.657749997951610155, -8.938101187500000933, 1.641902551459054698E-15 ) ) ;
#882 = DIRECTION ( 'NONE',  ( 1.000000000000000000, -0.000000000000000000, -0.000000000000000000 ) ) ;
#883 = CARTESIAN_POINT ( 'NONE',  ( 14.00149999795161193, 3.702282733725566821, -8.938101187499999156 ) ) ;
#884 = CARTESIAN_POINT ( 'NONE',  ( 9.313999997951610155, -3.702282733725573038, -8.938101187499997380 ) ) ;
#885 = CARTESIAN_POINT ( 'NONE',  ( 10.59362180668082942, 1.274671257003948011, 9.688703298044245571 ) ) ;
#886 = ADVANCED_FACE ( 'NONE', ( #682 ), #920, .T. ) ;
#887 = CARTESIAN_POINT ( 'NONE',  ( 11.63589881249999003, 1.094601700972703132E-15, 8.938101187499999156 ) ) ;
#888 = AXIS2_PLACEMENT_3D ( 'NONE', #1776, #2561, #193 ) ;
#889 = CARTESIAN_POINT ( 'NONE',  ( 12.59524999795161371, 6.320191960612784321, 6.320191960612783433 ) ) ;
#890 = VECTOR ( 'NONE', #711, 1000.000000000000000 ) ;
#891 = CARTESIAN_POINT ( 'NONE',  ( 12.69368749588273637, -6.900032108128400843, -6.900032108128397290 ) ) ;
#892 = EDGE_CURVE ( 'NONE', #712, #648, #694, .T. ) ;
#893 = ORIENTED_EDGE ( 'NONE', *, *, #278, .T. ) ;
#894 = LINE ( 'NONE', #1679, #1340 ) ;
#895 = DIRECTION ( 'NONE',  ( 1.000000000000000000, -0.000000000000000000, -0.000000000000000000 ) ) ;
#896 = CARTESIAN_POINT ( 'NONE',  ( 5.473460446928926970, -9.049525028307542129, -2.424919033651117051 ) ) ;
#897 = CARTESIAN_POINT ( 'NONE',  ( 10.82422423856291616, -7.216453896520175881, 6.556317042313990484 ) ) ;
#898 = CARTESIAN_POINT ( 'NONE',  ( 14.87504749374952340, -7.152268111945969231, 5.488115809279600299 ) ) ;
#899 = DIRECTION ( 'NONE',  ( 1.000000000000000000, -0.000000000000000000, -0.000000000000000000 ) ) ;
#900 = CARTESIAN_POINT ( 'NONE',  ( 11.56399999795161015, 3.702282733725568598, 8.938101187499999156 ) ) ;
#901 = CARTESIAN_POINT ( 'NONE',  ( 5.317684994114167729, 8.837401052550628577, 1.337907124715634000 ) ) ;
#902 = CARTESIAN_POINT ( 'NONE',  ( 10.25618749588273815, 9.758118988125000115, -5.975124592253145023E-16 ) ) ;
#903 = CARTESIAN_POINT ( 'NONE',  ( 11.47025000000000006, -4.038582233137683275, -9.750000000000000000 ) ) ;
#904 = AXIS2_PLACEMENT_3D ( 'NONE', #1330, #339, #570 ) ;
#905 = CARTESIAN_POINT ( 'NONE',  ( 5.317684994114380004, 4.987846962571032883, 7.435746499057306558 ) ) ;
#906 = ORIENTED_EDGE ( 'NONE', *, *, #68, .T. ) ;
#907 = CARTESIAN_POINT ( 'NONE',  ( 9.782749997951610155, 1.094601700972703329E-15, 8.938101187500000933 ) ) ;
#908 = CARTESIAN_POINT ( 'NONE',  ( 12.97024999795161193, 6.320191960612784321, 6.320191960612783433 ) ) ;
#909 = CARTESIAN_POINT ( 'NONE',  ( 12.03274999795161015, -8.938101187500000933, 1.641902551459054698E-15 ) ) ;
#910 = CARTESIAN_POINT ( 'NONE',  ( 12.03274999795161015, -8.938101187500000933, 1.641902551459054698E-15 ) ) ;
#911 = LINE ( 'NONE', #1099, #225 ) ;
#912 = CARTESIAN_POINT ( 'NONE',  ( 10.06399999590322203, 6.894291116568838973, -6.894291116568838973 ) ) ;
#913 = CARTESIAN_POINT ( 'NONE',  ( 10.25150000000000006, 6.894291116568838973, -6.894291116568838973 ) ) ;
#914 = DIRECTION ( 'NONE',  ( -0.000000000000000000, -1.000000000000000000, -0.000000000000000000 ) ) ;
#915 = ORIENTED_EDGE ( 'NONE', *, *, #2111, .F. ) ;
#916 = CARTESIAN_POINT ( 'NONE',  ( 5.343581506583049645, 8.991888374911788162, 0.7907809748133158845 ) ) ;
#917 = CARTESIAN_POINT ( 'NONE',  ( 9.220249997951610155, 6.320191960612784321, -6.320191960612784321 ) ) ;
#918 = CARTESIAN_POINT ( 'NONE',  ( 13.72024999795161015, -6.320191960612785209, -6.320191960612781656 ) ) ;
#919 = CARTESIAN_POINT ( 'NONE',  ( 13.90774999795161015, 0.000000000000000000, -8.938101187500000933 ) ) ;
#920 = CYLINDRICAL_SURFACE ( 'NONE', #726, 8.907986169854885006 ) ;
#921 = EDGE_CURVE ( 'NONE', #1191, #577, #2269, .T. ) ;
#922 = CARTESIAN_POINT ( 'NONE',  ( -1.836970198721029589E-15, 10.16000000000000014, -15.00000000000000000 ) ) ;
#923 = CARTESIAN_POINT ( 'NONE',  ( 6.970249995903220253, 4.038582233137677058, -9.750000000000001776 ) ) ;
#924 = PRODUCT_CONTEXT ( 'NONE', #1477, 'mechanical' ) ;
#925 = CARTESIAN_POINT ( 'NONE',  ( 10.06400000000000006, 0.000000000000000000, -9.750000000000000000 ) ) ;
#926 = AXIS2_PLACEMENT_3D ( 'NONE', #1266, #281, #1228 ) ;
#927 = CARTESIAN_POINT ( 'NONE',  ( 7.912437495882735483, -9.758118988124998339, 4.041945228131804235 ) ) ;
#928 = DIRECTION ( 'NONE',  ( 0.000000000000000000, 0.000000000000000000, 1.000000000000000000 ) ) ;
#929 = ORIENTED_EDGE ( 'NONE', *, *, #1960, .T. ) ;
#930 = CARTESIAN_POINT ( 'NONE',  ( 11.18899999795161193, 3.702282733725567709, 8.938101187500000933 ) ) ;
#931 = CARTESIAN_POINT ( 'NONE',  ( 8.376499997951611931, -3.702282733725565045, 8.938101187500000933 ) ) ;
#932 = CARTESIAN_POINT ( 'NONE',  ( 5.306677564119895329, 0.000000000000000000, 0.000000000000000000 ) ) ;
#933 = CARTESIAN_POINT ( 'NONE',  ( 9.045309878567994843, 3.210873940157994433, 9.231653140222789489 ) ) ;
#934 = EDGE_CURVE ( 'NONE', #1635, #1393, #410, .T. ) ;
#935 = CARTESIAN_POINT ( 'NONE',  ( 10.15774999590322203, 9.750000000000001776, -4.038582233137677058 ) ) ;
#936 = VERTEX_POINT ( 'NONE', #2166 ) ;
#937 = CARTESIAN_POINT ( 'NONE',  ( 8.376500000000000057, -6.894291116568839861, -6.894291116568836308 ) ) ;
#938 = STYLED_ITEM ( 'NONE', ( #2391 ), #294 ) ;
#939 = CARTESIAN_POINT ( 'NONE',  ( 10.76196153345831874, -5.317798728774840278, 8.196645045454097556 ) ) ;
#940 = CARTESIAN_POINT ( 'NONE',  ( 10.62650000000000006, 6.894291116568838973, 6.894291116568837197 ) ) ;
#941 = VERTEX_POINT ( 'NONE', #1001 ) ;
#942 = CARTESIAN_POINT ( 'NONE',  ( 5.675972833998828904, 9.265041959622410062, -3.054249630334100907 ) ) ;
#943 = CARTESIAN_POINT ( 'NONE',  ( 9.501499997951610155, 8.938101187500000933, 3.702282733725566377 ) ) ;
#944 = CARTESIAN_POINT ( 'NONE',  ( 9.501499997951611931, 8.938101187499999156, 3.702282733725566377 ) ) ;
#945 = CARTESIAN_POINT ( 'NONE',  ( 5.614751448938211986, 8.203062637267446888, -5.269943228908013033 ) ) ;
#946 = CARTESIAN_POINT ( 'NONE',  ( 9.012031191785981221, 4.471946002208602167, 8.691077615250105026 ) ) ;
#947 = CARTESIAN_POINT ( 'NONE',  ( 15.52751339424810695, 6.730999999999999872, 0.000000000000000000 ) ) ;
#948 = DIRECTION ( 'NONE',  ( 0.000000000000000000, 0.000000000000000000, 1.000000000000000000 ) ) ;
#949 = ORIENTED_EDGE ( 'NONE', *, *, #27, .T. ) ;
#950 = CARTESIAN_POINT ( 'NONE',  ( 7.814000000000001833, 1.194030629168669469E-15, 9.750000000000000000 ) ) ;
#951 = CARTESIAN_POINT ( 'NONE',  ( 6.314000000000000057, 1.194030629168669469E-15, 9.750000000000000000 ) ) ;
#952 = LINE ( 'NONE', #2309, #890 ) ;
#953 = EDGE_LOOP ( 'NONE', ( #434, #1590, #1923, #812 ) ) ;
#954 = DIRECTION ( 'NONE',  ( -0.9730802874900095212, 2.822399193287426428E-17, -0.2304663838792123942 ) ) ;
#955 = CARTESIAN_POINT ( 'NONE',  ( 10.93735560161730014, -2.347635141435321149, 9.350509777568866809 ) ) ;
#956 = CARTESIAN_POINT ( 'NONE',  ( 11.56399999795161193, -8.938101187499997380, 3.702282733725571262 ) ) ;
#957 = CARTESIAN_POINT ( 'NONE',  ( 10.82422423856291616, -7.216453896520175881, 6.556317042313990484 ) ) ;
#958 = CARTESIAN_POINT ( 'NONE',  ( 7.378527299396933969, 8.417019351490113266, 4.921073730299860394 ) ) ;
#959 = CARTESIAN_POINT ( 'NONE',  ( -12.99999999999986322, -10.16000000000000014, 15.00000000000000000 ) ) ;
#960 = ADVANCED_FACE ( 'NONE', ( #1545 ), #1734, .T. ) ;
#961 = CARTESIAN_POINT ( 'NONE',  ( 7.626499995903220253, 1.194030629168669469E-15, 9.750000000000000000 ) ) ;
#962 = DIRECTION ( 'NONE',  ( 0.000000000000000000, 0.000000000000000000, -1.000000000000000000 ) ) ;
#963 = CARTESIAN_POINT ( 'NONE',  ( 9.224937495882738148, -4.041945228131797130, 9.758118988125003668 ) ) ;
#964 = CARTESIAN_POINT ( 'NONE',  ( 6.688999997951611931, 3.702282733725568598, 8.938101187499999156 ) ) ;
#965 = EDGE_CURVE ( 'NONE', #1248, #1475, #143, .T. ) ;
#966 = CARTESIAN_POINT ( 'NONE',  ( 11.66243749588273992, 9.758118988125000115, -4.041945228131798906 ) ) ;
#967 = CARTESIAN_POINT ( 'NONE',  ( 10.62557839352395916, 2.030875187727762784E-05, 9.749999999955425878 ) ) ;
#968 = EDGE_LOOP ( 'NONE', ( #2001, #2051, #273, #1232 ) ) ;
#969 = CARTESIAN_POINT ( 'NONE',  ( 5.594889077405091449, 0.000000000000000000, -9.696498548535455342 ) ) ;
#970 = CARTESIAN_POINT ( 'NONE',  ( 0.000000000000000000, 0.000000000000000000, 0.000000000000000000 ) ) ;
#971 = CARTESIAN_POINT ( 'NONE',  ( 4.064000000000000057, 0.000000000000000000, 0.000000000000000000 ) ) ;
#972 = CARTESIAN_POINT ( 'NONE',  ( 10.15774999795161015, -8.938101187500000933, 1.641902551459054698E-15 ) ) ;
#973 = CARTESIAN_POINT ( 'NONE',  ( 11.61621481334742612, 2.006775986236244425, 8.749728505123659517 ) ) ;
#974 = DIRECTION ( 'NONE',  ( 0.000000000000000000, 0.000000000000000000, -1.000000000000000000 ) ) ;
#975 = CARTESIAN_POINT ( 'NONE',  ( 9.407749997951610155, 0.000000000000000000, -8.938101187500000933 ) ) ;
#976 = CARTESIAN_POINT ( 'NONE',  ( 5.470249997951610155, 6.320191960612784321, 6.320191960612783433 ) ) ;
#977 = ORIENTED_EDGE ( 'NONE', *, *, #722, .F. ) ;
#978 = DIRECTION ( 'NONE',  ( 1.000000000000000000, -0.000000000000000000, -0.000000000000000000 ) ) ;
#979 = CARTESIAN_POINT ( 'NONE',  ( 8.657749997951611931, -8.938101187500000933, 1.641902551459054698E-15 ) ) ;
#980 = ORIENTED_EDGE ( 'NONE', *, *, #78, .F. ) ;
#981 = LINE ( 'NONE', #1591, #1638 ) ;
#982 = CARTESIAN_POINT ( 'NONE',  ( 5.412981002635616434, -8.508328018944306237, 3.545446111522486454 ) ) ;
#983 = AXIS2_PLACEMENT_3D ( 'NONE', #971, #83, #1287 ) ;
#984 = AXIS2_PLACEMENT_3D ( 'NONE', #2347, #978, #2375 ) ;
#985 = CARTESIAN_POINT ( 'NONE',  ( 8.188999997951610155, 3.702282733725568598, 8.938101187499999156 ) ) ;
#986 = CARTESIAN_POINT ( 'NONE',  ( 11.13776313174382793, -2.288540870780773062, -9.166036237499199046 ) ) ;
#987 = EDGE_LOOP ( 'NONE', ( #1765, #1170, #1136, #2422 ) ) ;
#988 = CARTESIAN_POINT ( 'NONE',  ( 16.00199999999999889, 0.000000000000000000, -6.730999999999999872 ) ) ;
#989 = CARTESIAN_POINT ( 'NONE',  ( 7.251499997951610155, -3.702282733725565045, 8.938101187500000933 ) ) ;
#990 = EDGE_CURVE ( 'NONE', #350, #1557, #2216, .T. ) ;
#991 = CARTESIAN_POINT ( 'NONE',  ( 11.28274999590322203, -4.038582233137683275, -9.750000000000000000 ) ) ;
#992 = LINE ( 'NONE', #2533, #2487 ) ;
#993 = CARTESIAN_POINT ( 'NONE',  ( 7.720249997951610155, 6.320191960612784321, -6.320191960612784321 ) ) ;
#994 = EDGE_CURVE ( 'NONE', #672, #1115, #130, .T. ) ;
#995 = DIRECTION ( 'NONE',  ( -1.000000000000000000, -0.000000000000000000, -0.000000000000000000 ) ) ;
#996 = ORIENTED_EDGE ( 'NONE', *, *, #332, .F. ) ;
#997 = CARTESIAN_POINT ( 'NONE',  ( 5.967613955041394469, 6.028706562517972323, 7.674143219215558531 ) ) ;
#998 = CARTESIAN_POINT ( 'NONE',  ( 9.595250000000000057, -9.750000000000000000, 4.038582233137682387 ) ) ;
#999 = CARTESIAN_POINT ( 'NONE',  ( 10.97943967152290767, -9.207105463613848073, -2.708776937612024760 ) ) ;
#1000 = DIRECTION ( 'NONE',  ( 0.000000000000000000, 0.000000000000000000, -1.000000000000000000 ) ) ;
#1001 = CARTESIAN_POINT ( 'NONE',  ( 0.000000000000000000, 1.244241147933710864E-15, 10.16000000000000014 ) ) ;
#1002 = EDGE_CURVE ( 'NONE', #1808, #166, #1101, .T. ) ;
#1003 = CARTESIAN_POINT ( 'NONE',  ( 14.65774999590322203, 9.750000000000001776, -4.038582233137677058 ) ) ;
#1004 = CARTESIAN_POINT ( 'NONE',  ( 0.000000000000000000, 0.000000000000000000, 0.000000000000000000 ) ) ;
#1005 = FACE_OUTER_BOUND ( 'NONE', #1405, .T. ) ;
#1006 = CARTESIAN_POINT ( 'NONE',  ( 11.18899999795161193, 3.702282733725568598, 8.938101187499999156 ) ) ;
#1007 = CARTESIAN_POINT ( 'NONE',  ( 9.378986314063492813, -8.507593971552813272, 4.762884997194350767 ) ) ;
#1008 = ORIENTED_EDGE ( 'NONE', *, *, #1390, .T. ) ;
#1009 = AXIS2_PLACEMENT_3D ( 'NONE', #2323, #550, #928 ) ;
#1010 = ORIENTED_EDGE ( 'NONE', *, *, #715, .F. ) ;
#1011 = CARTESIAN_POINT ( 'NONE',  ( 4.064000000000000057, 0.000000000000000000, 0.000000000000000000 ) ) ;
#1012 = DIRECTION ( 'NONE',  ( 0.7071067811865439090, -0.000000000000000000, 0.7071067811865512365 ) ) ;
#1013 = VERTEX_POINT ( 'NONE', #154 ) ;
#1014 = DIRECTION ( 'NONE',  ( 0.000000000000000000, -0.000000000000000000, 1.000000000000000000 ) ) ;
#1015 = CONICAL_SURFACE ( 'NONE', #541, 8.890000000000000568, 0.2325569418049086567 ) ;
#1016 = CARTESIAN_POINT ( 'NONE',  ( 15.03274999590322203, 4.038582233137677946, 9.750000000000001776 ) ) ;
#1017 = EDGE_CURVE ( 'NONE', #808, #157, #1640, .T. ) ;
#1018 = CARTESIAN_POINT ( 'NONE',  ( 0.000000000000000000, 0.000000000000000000, -10.16000000000000014 ) ) ;
#1019 = CARTESIAN_POINT ( 'NONE',  ( 7.907749997951611043, 8.938101187500000933, -5.473008504863516646E-16 ) ) ;
#1020 = CARTESIAN_POINT ( 'NONE',  ( 12.50618749588273637, -9.758118988125000115, 1.792537377675943803E-15 ) ) ;
#1021 = FACE_OUTER_BOUND ( 'NONE', #1873, .T. ) ;
#1022 = ORIENTED_EDGE ( 'NONE', *, *, #490, .T. ) ;
#1023 = CARTESIAN_POINT ( 'NONE',  ( 6.202694046769554603, -3.076224353236773457, 9.252404979854050637 ) ) ;
#1024 = CARTESIAN_POINT ( 'NONE',  ( 4.907749997951609267, 0.000000000000000000, -8.938101187500000933 ) ) ;
#1025 = ORIENTED_EDGE ( 'NONE', *, *, #1072, .T. ) ;
#1026 = CARTESIAN_POINT ( 'NONE',  ( 0.000000000000000000, 0.000000000000000000, 0.000000000000000000 ) ) ;
#1027 = CARTESIAN_POINT ( 'NONE',  ( 11.19368749588273637, -6.900032108128400843, -6.900032108128397290 ) ) ;
#1028 = CARTESIAN_POINT ( 'NONE',  ( 12.22024999590322203, -4.038582233137675281, 9.750000000000001776 ) ) ;
#1029 = DIRECTION ( 'NONE',  ( 0.000000000000000000, 0.000000000000000000, -1.000000000000000000 ) ) ;
#1030 = AXIS2_PLACEMENT_3D ( 'NONE', #96, #705, #1912 ) ;
#1031 = CARTESIAN_POINT ( 'NONE',  ( 8.342618582095646218, -1.359482686031692866, -9.749999999999998224 ) ) ;
#1032 = CARTESIAN_POINT ( 'NONE',  ( 4.907750000000000057, -4.038582233137675281, 9.750000000000001776 ) ) ;
#1033 = CARTESIAN_POINT ( 'NONE',  ( 9.647121087109784554, -8.029982125341948773, -5.687926301028614517 ) ) ;
#1034 = CARTESIAN_POINT ( 'NONE',  ( 14.37649999795161015, -3.702282733725565045, 8.938101187500000933 ) ) ;
#1035 = CARTESIAN_POINT ( 'NONE',  ( 11.32471861333281993, 7.789098129554677286, -5.021432764050183906 ) ) ;
#1036 = ORIENTED_EDGE ( 'NONE', *, *, #1017, .T. ) ;
#1037 = LINE ( 'NONE', #259, #1890 ) ;
#1038 = CARTESIAN_POINT ( 'NONE',  ( 11.47024999795161193, 6.320191960612784321, 6.320191960612783433 ) ) ;
#1039 = CARTESIAN_POINT ( 'NONE',  ( 8.678591582444530772, 9.339158632302790863, -3.056194224249278779 ) ) ;
#1040 = CARTESIAN_POINT ( 'NONE',  ( 8.001499997951610155, 3.702282733725566821, -8.938101187499999156 ) ) ;
#1041 = CARTESIAN_POINT ( 'NONE',  ( 7.875955028432246152, -8.447392701490123557, 4.868692774165115367 ) ) ;
#1042 = SURFACE_SIDE_STYLE ('',( #2024 ) ) ;
#1043 = CARTESIAN_POINT ( 'NONE',  ( 4.345249999999999169, 9.750000000000001776, -4.038582233137677058 ) ) ;
#1044 = EDGE_CURVE ( 'NONE', #1148, #739, #2176, .T. ) ;
#1045 = CARTESIAN_POINT ( 'NONE',  ( 14.09524999795161015, 6.320191960612784321, 6.320191960612783433 ) ) ;
#1046 = EDGE_LOOP ( 'NONE', ( #2500, #2129, #1059, #767 ) ) ;
#1047 = DIRECTION ( 'NONE',  ( 0.000000000000000000, 0.000000000000000000, -1.000000000000000000 ) ) ;
#1048 = CARTESIAN_POINT ( 'NONE',  ( 5.938999997951612819, -3.702282733725573038, -8.938101187499999156 ) ) ;
#1049 = VECTOR ( 'NONE', #162, 1000.000000000000000 ) ;
#1050 = CARTESIAN_POINT ( 'NONE',  ( 7.813999997951611043, -3.702282733725573038, -8.938101187499997380 ) ) ;
#1051 = CARTESIAN_POINT ( 'NONE',  ( 10.38749059510018036, 8.225502089335913425, 5.239416139734082378 ) ) ;
#1052 = CARTESIAN_POINT ( 'NONE',  ( 8.563999997951610155, 3.702282733725568598, 8.938101187499999156 ) ) ;
#1053 = DIRECTION ( 'NONE',  ( 1.000000000000000000, -0.000000000000000000, -0.000000000000000000 ) ) ;
#1054 =( NAMED_UNIT ( * ) SI_UNIT ( $, .STERADIAN. ) SOLID_ANGLE_UNIT ( ) );
#1055 = CARTESIAN_POINT ( 'NONE',  ( 13.06399999795161015, -8.938101187499997380, 3.702282733725571262 ) ) ;
#1056 = CIRCLE ( 'NONE', #1964, 8.890000000000000568 ) ;
#1057 = CARTESIAN_POINT ( 'NONE',  ( 5.317684994114374675, 2.092193101771072428, 8.705794332278001590 ) ) ;
#1058 = CARTESIAN_POINT ( 'NONE',  ( 11.17427096181184254, 0.000000000000000000, -9.399729038188150199 ) ) ;
#1059 = ORIENTED_EDGE ( 'NONE', *, *, #2258, .F. ) ;
#1060 = VERTEX_POINT ( 'NONE', #2440 ) ;
#1061 = CARTESIAN_POINT ( 'NONE',  ( 10.66094161394509499, -1.487281217937832301, 9.662300417054696666 ) ) ;
#1062 = B_SPLINE_CURVE_WITH_KNOTS ( 'NONE', 3,
 ( #1510, #916, #552, #1187, #1382, #151, #1977, #167, #567, #781, #127, #1129 ),
 .UNSPECIFIED., .F., .F.,
 ( 4, 2, 2, 2, 2, 4 ),
 ( 0.000000000000000000, 0.001695774304966913637, 0.002543661457450370564, 0.003391548609933827275, 0.005087322914900741129, 0.006783097219867654550 ),
 .UNSPECIFIED. ) ;
#1063 = CARTESIAN_POINT ( 'NONE',  ( 13.15774999795161193, 1.094601700972703329E-15, 8.938101187500000933 ) ) ;
#1064 = CARTESIAN_POINT ( 'NONE',  ( 7.907749997951611043, 0.000000000000000000, -8.938101187500000933 ) ) ;
#1065 = CARTESIAN_POINT ( 'NONE',  ( 10.02828206932477251, 5.774848819899780494, -7.950538273903302589 ) ) ;
#1066 = CARTESIAN_POINT ( 'NONE',  ( 7.720249997951610155, -6.320191960612785209, -6.320191960612781656 ) ) ;
#1067 = AXIS2_PLACEMENT_3D ( 'NONE', #414, #17, #658 ) ;
#1068 = CARTESIAN_POINT ( 'NONE',  ( 9.876499995905392737, -3.582091887506007817E-15, -9.750000000000000000 ) ) ;
#1069 = CARTESIAN_POINT ( 'NONE',  ( 14.47493749588273815, 4.041945228131798906, -9.758118988125000115 ) ) ;
#1070 = CARTESIAN_POINT ( 'NONE',  ( 4.251500000000000057, 6.894291116568838973, -6.894291116568838973 ) ) ;
#1071 = ORIENTED_EDGE ( 'NONE', *, *, #2271, .F. ) ;
#1072 = EDGE_CURVE ( 'NONE', #258, #745, #830, .T. ) ;
#1073 = FACE_OUTER_BOUND ( 'NONE', #868, .T. ) ;
#1074 = FACE_OUTER_BOUND ( 'NONE', #145, .T. ) ;
#1075 = CARTESIAN_POINT ( 'NONE',  ( 8.188999997951610155, 3.702282733725567709, 8.938101187500000933 ) ) ;
#1076 = CARTESIAN_POINT ( 'NONE',  ( 10.69584341397981397, -2.878699182240291865, 9.342651967659671541 ) ) ;
#1077 = CARTESIAN_POINT ( 'NONE',  ( 13.90774999795161015, 0.000000000000000000, -8.938101187500000933 ) ) ;
#1078 = CARTESIAN_POINT ( 'NONE',  ( 8.376499997951608378, 8.938101187499999156, 3.702282733725566377 ) ) ;
#1079 = CARTESIAN_POINT ( 'NONE',  ( 9.906997384088088054, 1.223698384197298594, -9.750000000000000000 ) ) ;
#1080 = CARTESIAN_POINT ( 'NONE',  ( 11.63589881249999003, -1.373914864492212784, 8.836106302921423961 ) ) ;
#1081 = EDGE_CURVE ( 'NONE', #2399, #1148, #1196, .T. ) ;
#1082 = CARTESIAN_POINT ( 'NONE',  ( 15.31868749588273815, -6.900032108128398178, 6.900032108128400843 ) ) ;
#1083 = CARTESIAN_POINT ( 'NONE',  ( 5.845250000000000057, 9.750000000000001776, -4.038582233137677058 ) ) ;
#1084 = CARTESIAN_POINT ( 'NONE',  ( 5.317684994114376451, 8.287055875089542667, 3.390548544633005257 ) ) ;
#1085 = CARTESIAN_POINT ( 'NONE',  ( 5.567330301698938833, -2.845763040321423798, -9.195199842415084035 ) ) ;
#1086 = CARTESIAN_POINT ( 'NONE',  ( 5.001499997951609267, 8.938101187499999156, 3.702282733725566377 ) ) ;
#1087 = CARTESIAN_POINT ( 'NONE',  ( 14.18899999795161015, 8.938101187499999156, -3.702282733725567709 ) ) ;
#1088 = CARTESIAN_POINT ( 'NONE',  ( 10.34524999795161193, -6.320191960612783433, 6.320191960612785209 ) ) ;
#1089 = CARTESIAN_POINT ( 'NONE',  ( 0.000000000000000000, 0.000000000000000000, -9.750000000000000000 ) ) ;
#1090 = FACE_OUTER_BOUND ( 'NONE', #470, .T. ) ;
#1091 = CARTESIAN_POINT ( 'NONE',  ( 11.00150000000000006, -6.894291116568837197, 6.894291116568839861 ) ) ;
#1092 = VECTOR ( 'NONE', #914, 1000.000000000000000 ) ;
#1093 = CARTESIAN_POINT ( 'NONE',  ( 6.568482991013133265, -9.466127644798572049, -2.657619534215185375 ) ) ;
#1094 = EDGE_LOOP ( 'NONE', ( #1036, #2531, #2042, #388 ) ) ;
#1095 = CARTESIAN_POINT ( 'NONE',  ( 11.17427096181184254, 0.000000000000000000, -9.399729038188150199 ) ) ;
#1096 = CARTESIAN_POINT ( 'NONE',  ( 5.418958641854575653, -8.729185034120238385, 3.009092218713227407 ) ) ;
#1097 = CARTESIAN_POINT ( 'NONE',  ( 12.59524999795161193, 6.320191960612784321, -6.320191960612784321 ) ) ;
#1098 = PRODUCT_DEFINITION_FORMATION_WITH_SPECIFIED_SOURCE ( 'ANY', '', #2275, .NOT_KNOWN. ) ;
#1099 = CARTESIAN_POINT ( 'NONE',  ( 11.68399999999999572, 1.088711004441996982E-15, -8.890000000000000568 ) ) ;
#1100 = CARTESIAN_POINT ( 'NONE',  ( 8.751499995903220253, 9.750000000000000000, -5.970153145843347347E-16 ) ) ;
#1101 = CIRCLE ( 'NONE', #2544, 7.366000000000001435 ) ;
#1102 = CARTESIAN_POINT ( 'NONE',  ( 8.939000000000000057, 9.750000000000000000, -5.970153145843347347E-16 ) ) ;
#1103 = CARTESIAN_POINT ( 'NONE',  ( 13.16243749588273815, 9.758118988125000115, -4.041945228131798906 ) ) ;
#1104 = CARTESIAN_POINT ( 'NONE',  ( 9.157666048537802084, -1.353344716827415972, 9.677611276990791822 ) ) ;
#1105 = ORIENTED_EDGE ( 'NONE', *, *, #68, .F. ) ;
#1106 = CARTESIAN_POINT ( 'NONE',  ( 10.90774999795161193, 8.938101187500000933, -5.473008504863516646E-16 ) ) ;
#1107 = CARTESIAN_POINT ( 'NONE',  ( 6.876499997951611931, -3.702282733725565045, 8.938101187500000933 ) ) ;
#1108 = LINE ( 'NONE', #717, #13 ) ;
#1109 = CARTESIAN_POINT ( 'NONE',  ( 5.657749997951609267, 1.094601700972703329E-15, 8.938101187500000933 ) ) ;
#1110 = CARTESIAN_POINT ( 'NONE',  ( 11.63589881249999358, -8.897945919262941317, 0.8462926537911947822 ) ) ;
#1111 = CARTESIAN_POINT ( 'NONE',  ( 8.376499995903220253, 0.000000000000000000, -9.750000000000000000 ) ) ;
#1112 = CARTESIAN_POINT ( 'NONE',  ( 11.56400000000000183, 0.000000000000000000, -9.750000000000000000 ) ) ;
#1113 = CARTESIAN_POINT ( 'NONE',  ( 13.34993749588273815, 9.758118988125000115, 4.041945228131798018 ) ) ;
#1114 = DIRECTION ( 'NONE',  ( 0.000000000000000000, 0.000000000000000000, -1.000000000000000000 ) ) ;
#1115 = VERTEX_POINT ( 'NONE', #2517 ) ;
#1116 = FACE_OUTER_BOUND ( 'NONE', #953, .T. ) ;
#1117 = CARTESIAN_POINT ( 'NONE',  ( 5.530269180349776548, -6.098419457275300104, -7.315633887237882327 ) ) ;
#1118 = EDGE_CURVE ( 'NONE', #537, #2350, #1480, .T. ) ;
#1119 = CARTESIAN_POINT ( 'NONE',  ( 11.84524999795161015, -6.320191960612783433, 6.320191960612785209 ) ) ;
#1120 = CARTESIAN_POINT ( 'NONE',  ( 6.032749997951610155, -8.938101187500000933, 1.641902551459054698E-15 ) ) ;
#1121 = DIRECTION ( 'NONE',  ( -1.000000000000000000, 0.000000000000000000, 1.224646799147353207E-16 ) ) ;
#1122 = CARTESIAN_POINT ( 'NONE',  ( 9.313999995903220253, -6.894291116568837197, 6.894291116568839861 ) ) ;
#1123 = ORIENTED_EDGE ( 'NONE', *, *, #1613, .F. ) ;
#1124 = CARTESIAN_POINT ( 'NONE',  ( 7.064000000000000945, 0.000000000000000000, -9.750000000000000000 ) ) ;
#1125 = AXIS2_PLACEMENT_3D ( 'NONE', #2034, #1414, #1609 ) ;
#1126 = CARTESIAN_POINT ( 'NONE',  ( 10.79317785290210985, -6.333934444769146133, 7.439438673064890040 ) ) ;
#1127 = CARTESIAN_POINT ( 'NONE',  ( -12.99999999999986322, 10.16000000000000014, 12.99999999999999822 ) ) ;
#1128 = VERTEX_POINT ( 'NONE', #483 ) ;
#1129 = CARTESIAN_POINT ( 'NONE',  ( 5.614674776137371204, 8.206405995437815903, -5.264731772655644626 ) ) ;
#1130 = CARTESIAN_POINT ( 'NONE',  ( 11.55166084086674694, -8.593538060198854467, 4.046845861026717728 ) ) ;
#1131 = CARTESIAN_POINT ( 'NONE',  ( 10.90774999795161193, 8.938101187500000933, -5.473008504863516646E-16 ) ) ;
#1132 = CARTESIAN_POINT ( 'NONE',  ( 13.72024999795161015, -6.320191960612785209, -6.320191960612781656 ) ) ;
#1133 = CARTESIAN_POINT ( 'NONE',  ( 9.061628228511992234, 2.564870911809019827, 9.429581157760923205 ) ) ;
#1134 = DIRECTION ( 'NONE',  ( -1.000000000000000000, 0.000000000000000000, 0.000000000000000000 ) ) ;
#1135 = CARTESIAN_POINT ( 'NONE',  ( 6.595249995903220253, -9.750000000000000000, -4.038582233137678834 ) ) ;
#1136 = ORIENTED_EDGE ( 'NONE', *, *, #1476, .T. ) ;
#1137 = CARTESIAN_POINT ( 'NONE',  ( 7.251500000000000945, 6.894291116568838973, -6.894291116568838973 ) ) ;
#1138 = CARTESIAN_POINT ( 'NONE',  ( 10.62557839352395916, 2.030875187727762784E-05, 9.749999999955425878 ) ) ;
#1139 = CARTESIAN_POINT ( 'NONE',  ( 7.631187495882736371, 1.195024918450629005E-15, 9.758118988125000115 ) ) ;
#1140 = CARTESIAN_POINT ( 'NONE',  ( 15.52751339424810695, 0.000000000000000000, 0.000000000000000000 ) ) ;
#1141 = ORIENTED_EDGE ( 'NONE', *, *, #1145, .T. ) ;
#1142 = CARTESIAN_POINT ( 'NONE',  ( 6.001261637660290305, 4.856732306630234142, 8.454300467560052823 ) ) ;
#1143 = AXIS2_PLACEMENT_3D ( 'NONE', #105, #1879, #2469 ) ;
#1144 = CARTESIAN_POINT ( 'NONE',  ( 11.60104302218349659, -8.879409352674121791, 1.409315321801821064 ) ) ;
#1145 = EDGE_CURVE ( 'NONE', #513, #864, #679, .T. ) ;
#1146 = CARTESIAN_POINT ( 'NONE',  ( 10.81399999795161193, 8.938101187499999156, -3.702282733725567709 ) ) ;
#1147 = CARTESIAN_POINT ( 'NONE',  ( 10.87506454103431075, -8.921477215586739007, 3.832294623527865429 ) ) ;
#1148 = VERTEX_POINT ( 'NONE', #2119 ) ;
#1149 = CARTESIAN_POINT ( 'NONE',  ( 7.345717951188228234, 9.034063172241006967, 3.715530599782165488 ) ) ;
#1150 = CARTESIAN_POINT ( 'NONE',  ( 11.09524999795161193, 6.320191960612784321, -6.320191960612784321 ) ) ;
#1151 = CARTESIAN_POINT ( 'NONE',  ( 5.751499995903220253, 9.750000000000000000, -5.970153145843347347E-16 ) ) ;
#1152 = ADVANCED_FACE ( 'NONE', ( #1550 ), #639, .T. ) ;
#1153 = LINE ( 'NONE', #1957, #1828 ) ;
#1154 = CARTESIAN_POINT ( 'NONE',  ( 9.407749997951610155, 8.938101187500000933, -5.473008504863516646E-16 ) ) ;
#1155 = CARTESIAN_POINT ( 'NONE',  ( 7.724937495882737259, -4.041945228131797130, 9.758118988125003668 ) ) ;
#1156 = CARTESIAN_POINT ( 'NONE',  ( 16.98306130432302652, 0.000000000000000000, 0.000000000000000000 ) ) ;
#1157 = ORIENTED_EDGE ( 'NONE', *, *, #1960, .F. ) ;
#1158 = CARTESIAN_POINT ( 'NONE',  ( 5.722740359497493046, 9.708457211363024086, -1.228603449433694816 ) ) ;
#1159 = FACE_OUTER_BOUND ( 'NONE', #1319, .T. ) ;
#1160 = CARTESIAN_POINT ( 'NONE',  ( 11.68399999999999572, 0.000000000000000000, 8.890000000000000568 ) ) ;
#1161 = CARTESIAN_POINT ( 'NONE',  ( 8.095249997951610155, 6.320191960612784321, 6.320191960612783433 ) ) ;
#1162 = CARTESIAN_POINT ( 'NONE',  ( 11.09255060156563744, -4.851787002706150709, -8.159097737677583950 ) ) ;
#1163 = ORIENTED_EDGE ( 'NONE', *, *, #411, .F. ) ;
#1164 = CARTESIAN_POINT ( 'NONE',  ( 7.377579614292549159, 8.436691792935793188, 4.887218221709708210 ) ) ;
#1165 = CARTESIAN_POINT ( 'NONE',  ( 8.376499997951610155, 8.938101187500000933, 3.702282733725566377 ) ) ;
#1166 = CARTESIAN_POINT ( 'NONE',  ( 11.75149999590322203, 9.750000000000000000, -5.970153145843347347E-16 ) ) ;
#1167 = LINE ( 'NONE', #1351, #1049 ) ;
#1168 = CARTESIAN_POINT ( 'NONE',  ( 9.876499997951611931, -3.702282733725565045, 8.938101187500000933 ) ) ;
#1169 = CARTESIAN_POINT ( 'NONE',  ( 4.064000000000000057, 0.000000000000000000, 0.000000000000000000 ) ) ;
#1170 = ORIENTED_EDGE ( 'NONE', *, *, #2071, .T. ) ;
#1171 = CARTESIAN_POINT ( 'NONE',  ( 5.695410690185246594, 9.475225698838929844, -2.302557492120452576 ) ) ;
#1172 = CARTESIAN_POINT ( 'NONE',  ( 11.25412664969599419, -6.722670159278977486, 6.478636187606920060 ) ) ;
#1173 = EDGE_CURVE ( 'NONE', #1723, #1543, #2287, .T. ) ;
#1174 = FACE_OUTER_BOUND ( 'NONE', #418, .T. ) ;
#1175 = CARTESIAN_POINT ( 'NONE',  ( 11.07031547940785643, -6.017858604078199392, -7.413279878595930406 ) ) ;
#1176 = CARTESIAN_POINT ( 'NONE',  ( 0.000000000000000000, 0.000000000000000000, 0.000000000000000000 ) ) ;
#1177 = CARTESIAN_POINT ( 'NONE',  ( 10.53274999795161193, -8.938101187500000933, 1.641902551459054698E-15 ) ) ;
#1178 = CARTESIAN_POINT ( 'NONE',  ( 14.18899999590322203, -6.894291116568839861, -6.894291116568836308 ) ) ;
#1179 = AXIS2_PLACEMENT_3D ( 'NONE', #1222, #1627, #1047 ) ;
#1180 = DIRECTION ( 'NONE',  ( 1.000000000000000000, -0.000000000000000000, -0.000000000000000000 ) ) ;
#1181 = ADVANCED_FACE ( 'NONE', ( #1851 ), #1352, .T. ) ;
#1182 = CARTESIAN_POINT ( 'NONE',  ( 8.001499997951610155, 8.938101187499999156, 3.702282733725566377 ) ) ;
#1183 = B_SPLINE_CURVE_WITH_KNOTS ( 'NONE', 3,
 ( #1891, #1720, #1502, #508 ),
 .UNSPECIFIED., .F., .F.,
 ( 4, 4 ),
 ( 0.01329723805295931517, 0.01414554300561628869 ),
 .UNSPECIFIED. ) ;
#1184 = CARTESIAN_POINT ( 'NONE',  ( 9.810346990130920375, -2.660673575132816993, -9.473855322079467456 ) ) ;
#1185 = TOROIDAL_SURFACE ( 'NONE', #1518, 6.466850956541578377, 1.015999999999999348 ) ;
#1186 = ORIENTED_EDGE ( 'NONE', *, *, #57, .F. ) ;
#1187 = CARTESIAN_POINT ( 'NONE',  ( 5.404351888408371885, 9.159078893984002434, -0.6122674381080046579 ) ) ;
#1188 = AXIS2_PLACEMENT_3D ( 'NONE', #750, #289, #524 ) ;
#1189 = ADVANCED_FACE ( 'NONE', ( #1658 ), #112, .T. ) ;
#1190 = VECTOR ( 'NONE', #379, 1000.000000000000000 ) ;
#1191 = VERTEX_POINT ( 'NONE', #1773 ) ;
#1192 = CARTESIAN_POINT ( 'NONE',  ( 13.53274999795161015, 0.000000000000000000, -8.938101187500000933 ) ) ;
#1193 = CARTESIAN_POINT ( 'NONE',  ( 16.00199999999999889, 8.631922963790119011E-16, 6.730999999999999872 ) ) ;
#1194 = ORIENTED_EDGE ( 'NONE', *, *, #153, .F. ) ;
#1195 = CARTESIAN_POINT ( 'NONE',  ( 7.489405238182097690, 5.298576765847303527, 8.220587362281539967 ) ) ;
#1196 = B_SPLINE_CURVE_WITH_KNOTS ( 'NONE', 3,
 ( #1138, #2466, #1061, #1076, #737, #1738, #939, #1126, #692, #2107 ),
 .UNSPECIFIED., .F., .F.,
 ( 4, 2, 2, 2, 4 ),
 ( 0.5218393781400920695, 0.5272120703743954362, 0.5325847626086988029, 0.5379574548430021697, 0.5433301470773055364 ),
 .UNSPECIFIED. ) ;
#1197 = CARTESIAN_POINT ( 'NONE',  ( 8.563999997951610155, 3.702282733725567709, 8.938101187500000933 ) ) ;
#1198 = CARTESIAN_POINT ( 'NONE',  ( 13.25149999590322025, 9.750000000000000000, -5.970153145843347347E-16 ) ) ;
#1199 = CARTESIAN_POINT ( 'NONE',  ( 13.72025000000000006, 4.038582233137677946, 9.750000000000001776 ) ) ;
#1200 = CARTESIAN_POINT ( 'NONE',  ( 0.000000000000000000, 8.243097605060833811E-16, 6.730999999999999872 ) ) ;
#1201 = CARTESIAN_POINT ( 'NONE',  ( 10.62649999795161193, 3.702282733725566821, -8.938101187499999156 ) ) ;
#1202 = CARTESIAN_POINT ( 'NONE',  ( 9.453164634097994679, -9.639299434939317734, 1.979034122751003544 ) ) ;
#1203 = ORIENTED_EDGE ( 'NONE', *, *, #2296, .T. ) ;
#1204 = DIRECTION ( 'NONE',  ( 0.7071067811865512365, 0.000000000000000000, -0.7071067811865439090 ) ) ;
#1205 = CARTESIAN_POINT ( 'NONE',  ( 5.943687495882735483, 6.900032108128399955, 6.900032108128398178 ) ) ;
#1206 = CARTESIAN_POINT ( 'NONE',  ( 13.15774999795161015, -8.938101187500000933, 1.641902551459054698E-15 ) ) ;
#1207 = CARTESIAN_POINT ( 'NONE',  ( 11.11520278064726597, -3.602997117635633906, -8.757754304691779623 ) ) ;
#1208 = ORIENTED_EDGE ( 'NONE', *, *, #1631, .F. ) ;
#1209 = CARTESIAN_POINT ( 'NONE',  ( 7.507541314203589167, 4.649338715208616968, 8.600806071088067384 ) ) ;
#1210 = ADVANCED_FACE ( 'NONE', ( #2559 ), #1213, .T. ) ;
#1211 = CARTESIAN_POINT ( 'NONE',  ( 11.00149999590322025, -9.750000000000000000, 1.791045943753003908E-15 ) ) ;
#1212 = CARTESIAN_POINT ( 'NONE',  ( 9.501499997951611931, 3.702282733725566821, -8.938101187499999156 ) ) ;
#1213 = PLANE ( 'NONE',  #53 ) ;
#1214 = CARTESIAN_POINT ( 'NONE',  ( 5.306677564119895329, 0.000000000000000000, 0.000000000000000000 ) ) ;
#1215 = CARTESIAN_POINT ( 'NONE',  ( 10.81399999795161193, 8.938101187499999156, -3.702282733725567709 ) ) ;
#1216 = CARTESIAN_POINT ( 'NONE',  ( 9.876499995905392737, -3.582091887506007817E-15, -9.750000000000000000 ) ) ;
#1217 = VERTEX_POINT ( 'NONE', #763 ) ;
#1218 = CARTESIAN_POINT ( 'NONE',  ( 0.000000000000000000, 10.16000000000000014, 0.000000000000000000 ) ) ;
#1219 = CIRCLE ( 'NONE', #334, 10.16000000000000014 ) ;
#1220 = CARTESIAN_POINT ( 'NONE',  ( 6.183079237627315372, -2.324870113197130994, 9.474937258598608025 ) ) ;
#1221 = CARTESIAN_POINT ( 'NONE',  ( 11.26909973161343181, 5.433811081099345408, -7.575771452297135333 ) ) ;
#1222 = CARTESIAN_POINT ( 'NONE',  ( 16.51000000000000156, 0.000000000000000000, 0.000000000000000000 ) ) ;
#1223 = CARTESIAN_POINT ( 'NONE',  ( 8.845249997951610155, -6.320191960612785209, -6.320191960612781656 ) ) ;
#1224 = VECTOR ( 'NONE', #2520, 1000.000000000000000 ) ;
#1225 = CARTESIAN_POINT ( 'NONE',  ( 11.65774999590322025, 9.750000000000001776, -4.038582233137677058 ) ) ;
#1226 = CARTESIAN_POINT ( 'NONE',  ( 8.437412034644417247, 2.447209543675263443, -9.516899313483509815 ) ) ;
#1227 = CARTESIAN_POINT ( 'NONE',  ( 6.501499997951611931, 3.702282733725566821, -8.938101187499999156 ) ) ;
#1228 = DIRECTION ( 'NONE',  ( 0.000000000000000000, 0.000000000000000000, -1.000000000000000000 ) ) ;
#1229 = DIRECTION ( 'NONE',  ( 0.000000000000000000, 0.000000000000000000, -1.000000000000000000 ) ) ;
#1230 = CARTESIAN_POINT ( 'NONE',  ( 6.220250000000000945, 4.038582233137677946, 9.750000000000001776 ) ) ;
#1231 = CARTESIAN_POINT ( 'NONE',  ( 5.614674776137371204, 8.206405995437815903, -5.264731772655644626 ) ) ;
#1232 = ORIENTED_EDGE ( 'NONE', *, *, #1572, .F. ) ;
#1233 = DIRECTION ( 'NONE',  ( 0.000000000000000000, 1.000000000000000000, 0.000000000000000000 ) ) ;
#1234 = CARTESIAN_POINT ( 'NONE',  ( 6.412437495882737259, -9.758118988124998339, 4.041945228131804235 ) ) ;
#1235 = DIRECTION ( 'NONE',  ( 0.000000000000000000, 1.000000000000000000, -1.224646799147353207E-16 ) ) ;
#1236 = ORIENTED_EDGE ( 'NONE', *, *, #854, .F. ) ;
#1237 = CARTESIAN_POINT ( 'NONE',  ( 8.376499997951610155, -3.702282733725565045, 8.938101187500000933 ) ) ;
#1238 = VECTOR ( 'NONE', #2140, 1000.000000000000000 ) ;
#1239 = CARTESIAN_POINT ( 'NONE',  ( 11.28274999795161193, 8.938101187500000933, -5.473008504863516646E-16 ) ) ;
#1240 = CARTESIAN_POINT ( 'NONE',  ( 9.937406663832735632, 2.446989618909719777, -9.516941711571105245 ) ) ;
#1241 = CONICAL_SURFACE ( 'NONE', #1805, 8.907986169854885006, 1.220368869134604628 ) ;
#1242 = CARTESIAN_POINT ( 'NONE',  ( 7.910074323110884542, -9.130874645761489106, 3.681391565955655754 ) ) ;
#1243 = EDGE_CURVE ( 'NONE', #122, #1013, #2084, .T. ) ;
#1244 = CARTESIAN_POINT ( 'NONE',  ( 6.314000000000000057, 1.194030629168669469E-15, 9.750000000000000000 ) ) ;
#1245 = CARTESIAN_POINT ( 'NONE',  ( 5.568687495882736371, 6.900032108128399955, -6.900032108128399955 ) ) ;
#1246 = CARTESIAN_POINT ( 'NONE',  ( 14.47024999795161193, -6.320191960612783433, 6.320191960612785209 ) ) ;
#1247 = CARTESIAN_POINT ( 'NONE',  ( 11.34910541366891934, 8.446023283476227661, -3.721432736289456145 ) ) ;
#1248 = VERTEX_POINT ( 'NONE', #1561 ) ;
#1249 = LINE ( 'NONE', #2385, #507 ) ;
#1250 = CARTESIAN_POINT ( 'NONE',  ( 6.313999997951611931, 8.938101187500000933, -3.702282733725567709 ) ) ;
#1251 = CARTESIAN_POINT ( 'NONE',  ( 6.313999997951611043, -3.702282733725573038, -8.938101187499997380 ) ) ;
#1252 = CARTESIAN_POINT ( 'NONE',  ( 0.000000000000000000, 0.000000000000000000, 0.000000000000000000 ) ) ;
#1253 = CARTESIAN_POINT ( 'NONE',  ( 10.43899999795161193, -8.938101187499997380, 3.702282733725571262 ) ) ;
#1254 = FACE_OUTER_BOUND ( 'NONE', #1956, .T. ) ;
#1255 = CARTESIAN_POINT ( 'NONE',  ( 12.40774999795161371, 8.938101187500000933, -5.473008504863516646E-16 ) ) ;
#1256 = ORIENTED_EDGE ( 'NONE', *, *, #1664, .F. ) ;
#1257 = PLANE ( 'NONE',  #671 ) ;
#1258 = CARTESIAN_POINT ( 'NONE',  ( 11.17869218660587194, 0.2896270454342495526, -9.395307813394120799 ) ) ;
#1259 = ORIENTED_EDGE ( 'NONE', *, *, #2557, .T. ) ;
#1260 = ORIENTED_EDGE ( 'NONE', *, *, #1002, .T. ) ;
#1261 = CARTESIAN_POINT ( 'NONE',  ( -7.071067811865363595, -10.16000000000000014, 7.071067811865438202 ) ) ;
#1262 = CIRCLE ( 'NONE', #116, 6.730999999999999872 ) ;
#1263 = CARTESIAN_POINT ( 'NONE',  ( 10.06399999795161015, 3.702282733725568598, 8.938101187499999156 ) ) ;
#1264 = CARTESIAN_POINT ( 'NONE',  ( 10.38172965480402432, 8.349334198379812833, 5.035216462143980110 ) ) ;
#1265 = CARTESIAN_POINT ( 'NONE',  ( 6.313999997951611043, -3.702282733725573038, -8.938101187499997380 ) ) ;
#1266 = CARTESIAN_POINT ( 'NONE',  ( 16.51000000000000156, 0.000000000000000000, 0.000000000000000000 ) ) ;
#1267 = CARTESIAN_POINT ( 'NONE',  ( 9.974937495882738148, 4.041945228131798906, -9.758118988125000115 ) ) ;
#1268 = CARTESIAN_POINT ( 'NONE',  ( 14.18899999795161015, 3.702282733725568598, 8.938101187499999156 ) ) ;
#1269 = SHAPE_DEFINITION_REPRESENTATION ( #2338, #1671 ) ;
#1270 = CARTESIAN_POINT ( 'NONE',  ( 5.317684994114378227, 8.619366416493226879, 2.380569732983420561 ) ) ;
#1271 = CARTESIAN_POINT ( 'NONE',  ( 11.29215063219107229, 6.519848060441830739, -6.612799679332407976 ) ) ;
#1272 = ORIENTED_EDGE ( 'NONE', *, *, #1664, .T. ) ;
#1273 = CARTESIAN_POINT ( 'NONE',  ( 0.000000000000000000, 1.194030629168669469E-15, 9.750000000000000000 ) ) ;
#1274 = EDGE_CURVE ( 'NONE', #672, #446, #1376, .T. ) ;
#1275 = CARTESIAN_POINT ( 'NONE',  ( 5.563999997951611931, -8.938101187499997380, 3.702282733725571262 ) ) ;
#1276 = CARTESIAN_POINT ( 'NONE',  ( 4.720249997951610155, 6.320191960612784321, -6.320191960612784321 ) ) ;
#1277 = CARTESIAN_POINT ( 'NONE',  ( 6.126499997951611043, -8.938101187499997380, -3.702282733725569042 ) ) ;
#1278 = CARTESIAN_POINT ( 'NONE',  ( 10.37540174060050191, 8.481931760598072856, 4.808865040187112250 ) ) ;
#1279 = CARTESIAN_POINT ( 'NONE',  ( 11.28274999795161193, 8.938101187500000933, -5.473008504863516646E-16 ) ) ;
#1280 = VECTOR ( 'NONE', #2172, 1000.000000000000000 ) ;
#1281 = CARTESIAN_POINT ( 'NONE',  ( 7.532750000000000945, 9.750000000000001776, 4.038582233137676170 ) ) ;
#1282 = CARTESIAN_POINT ( 'NONE',  ( 5.095249999999999169, -9.750000000000000000, 4.038582233137682387 ) ) ;
#1283 = ORIENTED_EDGE ( 'NONE', *, *, #994, .T. ) ;
#1284 = CARTESIAN_POINT ( 'NONE',  ( 5.317684994114378227, 8.797448252274708835, 1.601811033054989952 ) ) ;
#1285 = EDGE_LOOP ( 'NONE', ( #1849, #1819, #1702, #623 ) ) ;
#1286 = CARTESIAN_POINT ( 'NONE',  ( 5.614444552634728858, 2.080083232919039293, -9.525531677766291949 ) ) ;
#1287 = DIRECTION ( 'NONE',  ( 0.000000000000000000, 0.000000000000000000, -1.000000000000000000 ) ) ;
#1289 = ADVANCED_FACE ( 'NONE', ( #602 ), #1401, .T. ) ;
#1288 = CARTESIAN_POINT ( 'NONE',  ( 14.47024999795161193, 6.320191960612784321, 6.320191960612783433 ) ) ;
#1290 = CARTESIAN_POINT ( 'NONE',  ( 9.032749997951610155, -8.938101187500000933, 1.641902551459054698E-15 ) ) ;
#1291 = CARTESIAN_POINT ( 'NONE',  ( 16.00199999999999889, 0.000000000000000000, 0.000000000000000000 ) ) ;
#1292 = CARTESIAN_POINT ( 'NONE',  ( 10.62650000000000006, 6.894291116568838973, 6.894291116568837197 ) ) ;
#1293 = CARTESIAN_POINT ( 'NONE',  ( 5.317684994114380004, 0.5290187416862029979, 8.938101187501608536 ) ) ;
#1294 = ORIENTED_EDGE ( 'NONE', *, *, #2569, .F. ) ;
#1295 = DIRECTION ( 'NONE',  ( 0.000000000000000000, 0.000000000000000000, -1.000000000000000000 ) ) ;
#1296 = CARTESIAN_POINT ( 'NONE',  ( 5.439472368987491535, -9.217486064158224579, 1.039193940641484737 ) ) ;
#1297 = CARTESIAN_POINT ( 'NONE',  ( 5.657749997951610155, -8.938101187500000933, 1.641902551459054698E-15 ) ) ;
#1298 = CARTESIAN_POINT ( 'NONE',  ( 11.93899999795161015, -8.938101187499997380, 3.702282733725571262 ) ) ;
#1299 = DIRECTION ( 'NONE',  ( 0.7071067811865439090, 0.000000000000000000, -0.7071067811865512365 ) ) ;
#1300 = DIRECTION ( 'NONE',  ( 0.000000000000000000, 0.000000000000000000, -1.000000000000000000 ) ) ;
#1301 = CARTESIAN_POINT ( 'NONE',  ( 9.970249995903223805, 4.038582233137677058, -9.750000000000001776 ) ) ;
#1302 = FACE_OUTER_BOUND ( 'NONE', #61, .T. ) ;
#1303 = CARTESIAN_POINT ( 'NONE',  ( 7.626500000000000057, 6.894291116568838973, 6.894291116568837197 ) ) ;
#1304 = CARTESIAN_POINT ( 'NONE',  ( 6.881187495882736371, 0.000000000000000000, -9.758118988125000115 ) ) ;
#1305 = CARTESIAN_POINT ( 'NONE',  ( 5.317684994114376451, -2.717668911632295059E-11, 8.938101187499999156 ) ) ;
#1306 = ORIENTED_EDGE ( 'NONE', *, *, #1585, .T. ) ;
#1307 = CARTESIAN_POINT ( 'NONE',  ( 9.595249997951610155, 6.320191960612784321, 6.320191960612783433 ) ) ;
#1308 = CARTESIAN_POINT ( 'NONE',  ( 6.688999997951611931, 3.702282733725568598, 8.938101187499999156 ) ) ;
#1309 = CARTESIAN_POINT ( 'NONE',  ( 14.09524999795161015, 6.320191960612784321, -6.320191960612784321 ) ) ;
#1310 = CARTESIAN_POINT ( 'NONE',  ( 0.000000000000000000, -10.16000000000000014, 0.000000000000000000 ) ) ;
#1311 = DIRECTION ( 'NONE',  ( 0.000000000000000000, 0.000000000000000000, -1.000000000000000000 ) ) ;
#1312 = DIRECTION ( 'NONE',  ( 0.000000000000000000, 0.000000000000000000, -1.000000000000000000 ) ) ;
#1313 = AXIS2_PLACEMENT_3D ( 'NONE', #1415, #2013, #2062 ) ;
#1314 = CARTESIAN_POINT ( 'NONE',  ( 7.907749995903219364, -9.750000000000000000, 4.038582233137682387 ) ) ;
#1315 = AXIS2_PLACEMENT_3D ( 'NONE', #437, #2252, #1869 ) ;
#1316 = CARTESIAN_POINT ( 'NONE',  ( 12.03275000000000539, 9.750000000000001776, 4.038582233137676170 ) ) ;
#1317 = EDGE_CURVE ( 'NONE', #648, #2018, #669, .T. ) ;
#1318 = CARTESIAN_POINT ( 'NONE',  ( 9.279466025463266377, -5.930156727870763866, 7.817849030375346508 ) ) ;
#1319 = EDGE_LOOP ( 'NONE', ( #430, #852, #1360, #980 ) ) ;
#1320 = CARTESIAN_POINT ( 'NONE',  ( 5.538720650057925354, -5.413799667186959930, -7.863928833222780135 ) ) ;
#1321 = CARTESIAN_POINT ( 'NONE',  ( 14.90702406931666424, -7.740630979040070692, 4.469036236630229197 ) ) ;
#1322 = CARTESIAN_POINT ( 'NONE',  ( 6.313999997951611043, -3.702282733725573038, -8.938101187499999156 ) ) ;
#1323 = CARTESIAN_POINT ( 'NONE',  ( 11.63589881250000069, -4.930302034100275677, 7.460327636119185257 ) ) ;
#1324 = CARTESIAN_POINT ( 'NONE',  ( 9.032749995903222029, 4.038582233137677946, 9.750000000000001776 ) ) ;
#1325 = CARTESIAN_POINT ( 'NONE',  ( 7.907750000000002721, -4.038582233137675281, 9.750000000000001776 ) ) ;
#1326 = CARTESIAN_POINT ( 'NONE',  ( 4.720249997951610155, 6.320191960612784321, -6.320191960612784321 ) ) ;
#1327 = CYLINDRICAL_SURFACE ( 'NONE', #1424, 8.907986169854885006 ) ;
#1328 = ORIENTED_EDGE ( 'NONE', *, *, #892, .T. ) ;
#1329 = CARTESIAN_POINT ( 'NONE',  ( 5.453347547649951998, -9.318234348054451388, -0.4092971750298212141 ) ) ;
#1330 = CARTESIAN_POINT ( 'NONE',  ( 0.000000000000000000, -10.16000000000000014, 0.000000000000000000 ) ) ;
#1331 = CARTESIAN_POINT ( 'NONE',  ( 9.970249997951610155, -6.320191960612783433, 6.320191960612785209 ) ) ;
#1332 = CARTESIAN_POINT ( 'NONE',  ( 12.68899999795161193, 8.938101187499999156, -3.702282733725567709 ) ) ;
#1333 = CARTESIAN_POINT ( 'NONE',  ( 6.782749997951609267, 8.938101187500000933, -5.473008504863516646E-16 ) ) ;
#1334 = B_SPLINE_CURVE_WITH_KNOTS ( 'NONE', 3,
 ( #1286, #2486, #515, #713 ),
 .UNSPECIFIED., .F., .F.,
 ( 4, 4 ),
 ( 7.146660712912574768E-17, 0.002087269957280410426 ),
 .UNSPECIFIED. ) ;
#1335 = CARTESIAN_POINT ( 'NONE',  ( 11.63589881249999891, -5.156317249838000549, 7.305988032769487717 ) ) ;
#1336 = CARTESIAN_POINT ( 'NONE',  ( 7.438999995903221141, 6.894291116568838973, 6.894291116568837197 ) ) ;
#1337 = VERTEX_POINT ( 'NONE', #178 ) ;
#1338 = VECTOR ( 'NONE', #1975, 1000.000000000000000 ) ;
#1339 = CARTESIAN_POINT ( 'NONE',  ( 12.97025000000000183, -4.038582233137683275, -9.750000000000000000 ) ) ;
#1340 = VECTOR ( 'NONE', #688, 1000.000000000000000 ) ;
#1341 = APPLICATION_CONTEXT ( 'automotive_design' ) ;
#1342 = CARTESIAN_POINT ( 'NONE',  ( 6.220250000000001833, 4.038582233137677946, 9.750000000000001776 ) ) ;
#1343 = ORIENTED_EDGE ( 'NONE', *, *, #187, .T. ) ;
#1344 = CARTESIAN_POINT ( 'NONE',  ( 5.997621561536019108, 4.988821231947548007, 8.377655849105233088 ) ) ;
#1345 = CARTESIAN_POINT ( 'NONE',  ( 5.342097837034886609, -3.592958762426579522, 8.277481735834017584 ) ) ;
#1346 = CARTESIAN_POINT ( 'NONE',  ( 7.626499997951611043, 3.702282733725566821, -8.938101187499999156 ) ) ;
#1347 = CARTESIAN_POINT ( 'NONE',  ( 14.18899999795161015, 8.938101187499999156, -3.702282733725567709 ) ) ;
#1348 = EDGE_CURVE ( 'NONE', #676, #122, #1586, .T. ) ;
#1349 = CARTESIAN_POINT ( 'NONE',  ( 9.126499997951611931, -8.938101187499999156, -3.702282733725568598 ) ) ;
#1350 = ORIENTED_EDGE ( 'NONE', *, *, #736, .T. ) ;
#1351 = CARTESIAN_POINT ( 'NONE',  ( -12.99999999999986322, 10.16000000000000014, 12.99999999999999822 ) ) ;
#1352 = CYLINDRICAL_SURFACE ( 'NONE', #2420, 9.750000000000000000 ) ;
#1353 = CARTESIAN_POINT ( 'NONE',  ( 0.000000000000000000, 0.000000000000000000, 0.000000000000000000 ) ) ;
#1354 = ORIENTED_EDGE ( 'NONE', *, *, #1145, .F. ) ;
#1355 = LINE ( 'NONE', #387, #392 ) ;
#1356 = AXIS2_PLACEMENT_3D ( 'NONE', #2370, #1980, #1779 ) ;
#1357 = CARTESIAN_POINT ( 'NONE',  ( 10.82422423856291616, -7.216453896520175881, 6.556317042313990484 ) ) ;
#1358 = CARTESIAN_POINT ( 'NONE',  ( 8.938999997951610155, -3.702282733725573038, -8.938101187499997380 ) ) ;
#1359 = CARTESIAN_POINT ( 'NONE',  ( -1.836970198721029589E-15, 10.16000000000000014, -15.00000000000000000 ) ) ;
#1360 = ORIENTED_EDGE ( 'NONE', *, *, #2348, .F. ) ;
#1361 = CARTESIAN_POINT ( 'NONE',  ( 7.625774998056638054, 1.598204903176515633E-05, 9.749999999972406073 ) ) ;
#1362 = CARTESIAN_POINT ( 'NONE',  ( 7.626499997951610155, -8.938101187499999156, -3.702282733725568598 ) ) ;
#1363 = CARTESIAN_POINT ( 'NONE',  ( 14.75149999590322203, 9.750000000000000000, -5.970153145843347347E-16 ) ) ;
#1364 = CARTESIAN_POINT ( 'NONE',  ( 8.564000000000000057, 0.000000000000000000, -9.750000000000000000 ) ) ;
#1365 = CARTESIAN_POINT ( 'NONE',  ( 6.501499997951612819, 8.938101187499999156, 3.702282733725566377 ) ) ;
#1366 = CARTESIAN_POINT ( 'NONE',  ( 10.34525000000000006, 9.750000000000001776, -4.038582233137677058 ) ) ;
#1367 = ORIENTED_EDGE ( 'NONE', *, *, #2095, .F. ) ;
#1368 = CARTESIAN_POINT ( 'NONE',  ( 5.907208743864930334, 7.807931272060438133, 5.899136980412310827 ) ) ;
#1369 = CARTESIAN_POINT ( 'NONE',  ( 11.13939049819544636, -5.300873872077991322, 7.809675209082133307 ) ) ;
#1370 = CARTESIAN_POINT ( 'NONE',  ( 11.09524999795161193, 6.320191960612784321, 6.320191960612783433 ) ) ;
#1371 = CARTESIAN_POINT ( 'NONE',  ( 10.98314993979073506, -9.135982801507413598, -2.927742608700378835 ) ) ;
#1372 = ORIENTED_EDGE ( 'NONE', *, *, #1716, .F. ) ;
#1373 = PLANE ( 'NONE',  #1974 ) ;
#1374 = CARTESIAN_POINT ( 'NONE',  ( 10.15774999795161015, 1.094601700972703329E-15, 8.938101187500000933 ) ) ;
#1375 = CARTESIAN_POINT ( 'NONE',  ( 13.53274999590322025, 4.038582233137677946, 9.750000000000001776 ) ) ;
#1376 = LINE ( 'NONE', #1996, #2568 ) ;
#1377 = EDGE_CURVE ( 'NONE', #721, #1642, #992, .T. ) ;
#1378 = CARTESIAN_POINT ( 'NONE',  ( 6.313999997951611931, 8.938101187499999156, -3.702282733725567709 ) ) ;
#1379 = VECTOR ( 'NONE', #2333, 1000.000000000000000 ) ;
#1380 = LINE ( 'NONE', #399, #1338 ) ;
#1381 = ORIENTED_EDGE ( 'NONE', *, *, #1631, .T. ) ;
#1382 = CARTESIAN_POINT ( 'NONE',  ( 5.416736279989333269, 9.169587697948097471, -0.8968876544934683004 ) ) ;
#1383 = CARTESIAN_POINT ( 'NONE',  ( 6.208205854938789514, -3.283831344694382981, 9.180462247492188865 ) ) ;
#1384 = CARTESIAN_POINT ( 'NONE',  ( 10.86042968949747412, -8.533677267475537676, 4.662583964307693840 ) ) ;
#1385 = CARTESIAN_POINT ( 'NONE',  ( 6.876499993286979695, -1.087483538936146627E-07, -9.750000000000000000 ) ) ;
#1386 = CARTESIAN_POINT ( 'NONE',  ( 9.220249997951610155, -6.320191960612785209, -6.320191960612781656 ) ) ;
#1387 = CARTESIAN_POINT ( 'NONE',  ( 10.81399999590322025, -6.894291116568837197, 6.894291116568839861 ) ) ;
#1388 = CARTESIAN_POINT ( 'NONE',  ( 9.032750000000000057, 9.750000000000001776, 4.038582233137676170 ) ) ;
#1389 = CARTESIAN_POINT ( 'NONE',  ( 10.34524999795161193, -6.320191960612785209, -6.320191960612781656 ) ) ;
#1390 = EDGE_CURVE ( 'NONE', #2454, #2562, #1904, .T. ) ;
#1391 = CARTESIAN_POINT ( 'NONE',  ( 12.31868749588273637, -6.900032108128398178, 6.900032108128400843 ) ) ;
#1392 = DIRECTION ( 'NONE',  ( 0.000000000000000000, 0.000000000000000000, -1.000000000000000000 ) ) ;
#1393 = VERTEX_POINT ( 'NONE', #549 ) ;
#1394 = CARTESIAN_POINT ( 'NONE',  ( 5.982632279497805960, 5.518686530511688559, 8.040548378030173637 ) ) ;
#1395 = CARTESIAN_POINT ( 'NONE',  ( -12.99999999999986322, -10.16000000000000014, -12.99999999999999822 ) ) ;
#1396 = EDGE_CURVE ( 'NONE', #537, #712, #1167, .T. ) ;
#1397 = CARTESIAN_POINT ( 'NONE',  ( -7.071067811865363595, -10.16000000000000014, -7.071067811865438202 ) ) ;
#1398 = CARTESIAN_POINT ( 'NONE',  ( 7.369236089818985924, 8.605910730233702566, 4.586921886265490578 ) ) ;
#1399 = CARTESIAN_POINT ( 'NONE',  ( 9.876499997951610155, 8.938101187500000933, 3.702282733725566377 ) ) ;
#1400 = CARTESIAN_POINT ( 'NONE',  ( 11.56399999590322203, 6.894291116568838973, -6.894291116568838973 ) ) ;
#1401 = CYLINDRICAL_SURFACE ( 'NONE', #1915, 9.750000000000000000 ) ;
#1402 = CARTESIAN_POINT ( 'NONE',  ( 8.845249997951610155, -6.320191960612785209, -6.320191960612781656 ) ) ;
#1403 = CARTESIAN_POINT ( 'NONE',  ( 8.193687495882736371, -6.900032108128400843, -6.900032108128397290 ) ) ;
#1404 = CARTESIAN_POINT ( 'NONE',  ( -12.99999999999986322, -10.16000000000000014, -15.00000000000000000 ) ) ;
#1405 = EDGE_LOOP ( 'NONE', ( #2381, #311, #355, #1260 ) ) ;
#1406 = FACE_OUTER_BOUND ( 'NONE', #748, .T. ) ;
#1407 = CARTESIAN_POINT ( 'NONE',  ( 12.87649999795161548, -3.702282733725565045, 8.938101187500000933 ) ) ;
#1408 = CARTESIAN_POINT ( 'NONE',  ( 10.96839303293274348, -9.396257180571765844, -2.046640827933929874 ) ) ;
#1409 = ORIENTED_EDGE ( 'NONE', *, *, #684, .T. ) ;
#1410 = CARTESIAN_POINT ( 'NONE',  ( 7.171115694246462446, 9.241363263736888101, -3.329799570188797464 ) ) ;
#1411 = CARTESIAN_POINT ( 'NONE',  ( 5.001499997951609267, 3.702282733725566821, -8.938101187499999156 ) ) ;
#1412 = CARTESIAN_POINT ( 'NONE',  ( 10.60930072243342082, 0.6302007152161941406, 9.750000068677543652 ) ) ;
#1413 = CARTESIAN_POINT ( 'NONE',  ( 9.595249997951610155, 6.320191960612784321, -6.320191960612784321 ) ) ;
#1414 = DIRECTION ( 'NONE',  ( 1.000000000000000000, -0.000000000000000000, -0.000000000000000000 ) ) ;
#1415 = CARTESIAN_POINT ( 'NONE',  ( 10.82399999999998741, 0.000000000000000000, 0.000000000000000000 ) ) ;
#1416 = CARTESIAN_POINT ( 'NONE',  ( 5.376500000000000057, -6.894291116568839861, -6.894291116568836308 ) ) ;
#1417 = EDGE_CURVE ( 'NONE', #1557, #2314, #359, .T. ) ;
#1418 = CARTESIAN_POINT ( 'NONE',  ( 9.843337990229958478, -1.330615347262831927, -9.750000000000000000 ) ) ;
#1419 = DIRECTION ( 'NONE',  ( 0.000000000000000000, -0.000000000000000000, 1.000000000000000000 ) ) ;
#1420 = CARTESIAN_POINT ( 'NONE',  ( 6.191730351553978551, -2.659903464203136725, 9.386686342044336939 ) ) ;
#1421 = CARTESIAN_POINT ( 'NONE',  ( 11.49891603726924139, 7.642204670995344173, 4.903002121397608271 ) ) ;
#1422 = ORIENTED_EDGE ( 'NONE', *, *, #27, .F. ) ;
#1423 = CARTESIAN_POINT ( 'NONE',  ( 0.000000000000000000, 0.000000000000000000, -8.907986169854885006 ) ) ;
#1424 = AXIS2_PLACEMENT_3D ( 'NONE', #753, #2284, #1551 ) ;
#1425 = EDGE_CURVE ( 'NONE', #2018, #837, #1153, .T. ) ;
#1426 = CARTESIAN_POINT ( 'NONE',  ( 9.970249997951610155, 6.320191960612784321, 6.320191960612783433 ) ) ;
#1427 = CARTESIAN_POINT ( 'NONE',  ( 8.618649353661197665, 8.294126948343242489, -5.269503321985554933 ) ) ;
#1428 = CARTESIAN_POINT ( 'NONE',  ( 6.782749997951609267, 8.938101187500000933, -5.473008504863516646E-16 ) ) ;
#1429 = DIRECTION ( 'NONE',  ( 1.000000000000000000, -0.000000000000000000, -0.000000000000000000 ) ) ;
#1430 = ORIENTED_EDGE ( 'NONE', *, *, #1559, .F. ) ;
#1431 = CARTESIAN_POINT ( 'NONE',  ( 13.81399999795161015, 8.938101187499999156, -3.702282733725567709 ) ) ;
#1432 = CARTESIAN_POINT ( 'NONE',  ( 12.22493749588273637, -4.041945228131797130, 9.758118988125003668 ) ) ;
#1433 =( NAMED_UNIT ( * ) PLANE_ANGLE_UNIT ( ) SI_UNIT ( $, .RADIAN. ) );
#1434 = CARTESIAN_POINT ( 'NONE',  ( 10.81400000000000006, 1.194030629168669469E-15, 9.750000000000000000 ) ) ;
#1435 = CARTESIAN_POINT ( 'NONE',  ( 6.221257073490248146, -3.769201259978730789, 8.993372397669414653 ) ) ;
#1436 = CARTESIAN_POINT ( 'NONE',  ( 11.39279005714892890, 9.107220133150013552, -1.199080748907289884 ) ) ;
#1437 = VERTEX_POINT ( 'NONE', #2547 ) ;
#1438 = ORIENTED_EDGE ( 'NONE', *, *, #934, .T. ) ;
#1439 = CARTESIAN_POINT ( 'NONE',  ( 7.063999997951611931, -8.938101187499999156, 3.702282733725571706 ) ) ;
#1440 = AXIS2_PLACEMENT_3D ( 'NONE', #970, #1619, #626 ) ;
#1441 = CARTESIAN_POINT ( 'NONE',  ( 8.873596384064176945, 8.518507091041135126, 4.743773535723868839 ) ) ;
#1442 = CARTESIAN_POINT ( 'NONE',  ( 9.688999997951610155, 8.938101187499999156, -3.702282733725567709 ) ) ;
#1443 = CARTESIAN_POINT ( 'NONE',  ( 7.874822163621078452, -8.424589964076583115, 4.908049041357039677 ) ) ;
#1444 = CARTESIAN_POINT ( 'NONE',  ( 5.470250000000000057, -4.038582233137683275, -9.750000000000000000 ) ) ;
#1445 = CARTESIAN_POINT ( 'NONE',  ( 6.125648775720041961, 1.848283205114824665E-05, 9.749999999962501107 ) ) ;
#1446 = CARTESIAN_POINT ( 'NONE',  ( 7.064000000000000945, 0.000000000000000000, -9.750000000000000000 ) ) ;
#1447 = CARTESIAN_POINT ( 'NONE',  ( 11.55618622441654253, 5.199182903671862199, 7.373873463226832570 ) ) ;
#1448 = CARTESIAN_POINT ( 'NONE',  ( 0.000000000000000000, 0.000000000000000000, -9.750000000000000000 ) ) ;
#1449 = CARTESIAN_POINT ( 'NONE',  ( 8.470249997951611931, -6.320191960612783433, 6.320191960612785209 ) ) ;
#1450 = CARTESIAN_POINT ( 'NONE',  ( 14.28274999795161193, 8.938101187500000933, -5.473008504863516646E-16 ) ) ;
#1451 = CARTESIAN_POINT ( 'NONE',  ( 8.563999997951610155, 3.702282733725568598, 8.938101187499999156 ) ) ;
#1452 = CARTESIAN_POINT ( 'NONE',  ( 8.881235781403072238, 8.359873096629964806, 5.017870060530762899 ) ) ;
#1453 = EDGE_CURVE ( 'NONE', #2125, #864, #1574, .T. ) ;
#1454 = CARTESIAN_POINT ( 'NONE',  ( 10.53274999795161193, -8.938101187500000933, 1.641902551459054698E-15 ) ) ;
#1455 = CARTESIAN_POINT ( 'NONE',  ( 7.660019952194048187, -1.434066702378586911, 9.667665256739498503 ) ) ;
#1456 = DIRECTION ( 'NONE',  ( 0.000000000000000000, 0.000000000000000000, 1.000000000000000000 ) ) ;
#1457 = CARTESIAN_POINT ( 'NONE',  ( 5.657750000000000057, 4.038582233137677058, -9.750000000000001776 ) ) ;
#1458 = EDGE_CURVE ( 'NONE', #513, #1060, #710, .T. ) ;
#1459 = ORIENTED_EDGE ( 'NONE', *, *, #1081, .T. ) ;
#1460 = PRODUCT_DEFINITION ( 'UNKNOWN', '', #1098, #569 ) ;
#1461 = CARTESIAN_POINT ( 'NONE',  ( 7.162437495882738148, 9.758118988125000115, -4.041945228131798906 ) ) ;
#1462 = CARTESIAN_POINT ( 'NONE',  ( 6.220249997951610155, -6.320191960612785209, -6.320191960612781656 ) ) ;
#1463 = VERTEX_POINT ( 'NONE', #1068 ) ;
#1464 = LINE ( 'NONE', #1423, #441 ) ;
#1465 = CARTESIAN_POINT ( 'NONE',  ( 0.000000000000000000, 0.000000000000000000, 0.000000000000000000 ) ) ;
#1466 = AXIS2_PLACEMENT_3D ( 'NONE', #844, #2444, #860 ) ;
#1467 = CARTESIAN_POINT ( 'NONE',  ( 4.626499997951610155, 3.702282733725566821, -8.938101187499999156 ) ) ;
#1468 = CARTESIAN_POINT ( 'NONE',  ( 8.001499997951610155, 3.702282733725566821, -8.938101187499999156 ) ) ;
#1469 = CARTESIAN_POINT ( 'NONE',  ( 10.17856629933609369, 9.338801112891594869, -3.057242468689598702 ) ) ;
#1470 = CIRCLE ( 'NONE', #1791, 8.907986169854885006 ) ;
#1471 = CARTESIAN_POINT ( 'NONE',  ( 7.943924400479618342, -9.559943631748190285, 2.349000753523865281 ) ) ;
#1472 = CARTESIAN_POINT ( 'NONE',  ( 14.28743749588273992, -4.041945228131805123, -9.758118988124998339 ) ) ;
#1473 = PLANE ( 'NONE',  #2496 ) ;
#1474 = CARTESIAN_POINT ( 'NONE',  ( 13.43899999795160838, -3.702282733725573038, -8.938101187499997380 ) ) ;
#1475 = VERTEX_POINT ( 'NONE', #875 ) ;
#1476 = EDGE_CURVE ( 'NONE', #166, #1808, #2038, .T. ) ;
#1477 = APPLICATION_CONTEXT ( 'automotive_design' ) ;
#1478 = CARTESIAN_POINT ( 'NONE',  ( 6.876500000000000945, -6.894291116568839861, -6.894291116568836308 ) ) ;
#1479 = CARTESIAN_POINT ( 'NONE',  ( 11.39757643890120242, 9.136235274916778337, -0.9063480357085265116 ) ) ;
#1480 = LINE ( 'NONE', #1535, #1762 ) ;
#1481 = CARTESIAN_POINT ( 'NONE',  ( 4.813999997951610155, 8.938101187499999156, -3.702282733725567709 ) ) ;
#1482 = CARTESIAN_POINT ( 'NONE',  ( 6.970249997951610155, 6.320191960612784321, 6.320191960612783433 ) ) ;
#1483 = CARTESIAN_POINT ( 'NONE',  ( 11.37649999795161548, 8.938101187499999156, 3.702282733725566377 ) ) ;
#1484 = CARTESIAN_POINT ( 'NONE',  ( 11.63589881249999358, -8.437985088566573921, 2.998377351394992285 ) ) ;
#1485 = CARTESIAN_POINT ( 'NONE',  ( 14.94368749588273815, 6.900032108128399955, 6.900032108128398178 ) ) ;
#1486 = CIRCLE ( 'NONE', #2334, 1.015999999999999570 ) ;
#1487 = CARTESIAN_POINT ( 'NONE',  ( 8.845250000000001833, 9.750000000000001776, -4.038582233137677058 ) ) ;
#1488 = CARTESIAN_POINT ( 'NONE',  ( 6.476145330884179430, -9.765501386805519601, 1.142583405574210564 ) ) ;
#1489 = CARTESIAN_POINT ( 'NONE',  ( 5.430738608796305655, -9.054877716607041549, 1.899506494920843336 ) ) ;
#1490 = DIRECTION ( 'NONE',  ( 0.7071067811865439090, 0.000000000000000000, -0.7071067811865512365 ) ) ;
#1491 = CARTESIAN_POINT ( 'NONE',  ( 5.188999997951610155, 3.702282733725568598, 8.938101187499999156 ) ) ;
#1492 = CARTESIAN_POINT ( 'NONE',  ( 13.25149999795161371, -3.702282733725565045, 8.938101187500000933 ) ) ;
#1493 = CARTESIAN_POINT ( 'NONE',  ( 8.893295754956724863, 8.093086736386524649, 5.440602785895543470 ) ) ;
#1494 = LINE ( 'NONE', #2102, #797 ) ;
#1495 = CARTESIAN_POINT ( 'NONE',  ( 9.126499995903220253, 1.194030629168669469E-15, 9.750000000000000000 ) ) ;
#1496 = CARTESIAN_POINT ( 'NONE',  ( 9.876500000000000057, -6.894291116568839861, -6.894291116568836308 ) ) ;
#1497 = CARTESIAN_POINT ( 'NONE',  ( 6.351555414901008056, -7.897087648999427500, 5.857176865579446279 ) ) ;
#1498 = ORIENTED_EDGE ( 'NONE', *, *, #2512, .T. ) ;
#1499 = CARTESIAN_POINT ( 'NONE',  ( 11.63589881249999358, -8.897945919262941317, 0.8462926537911947822 ) ) ;
#1500 = CARTESIAN_POINT ( 'NONE',  ( 14.00149999795161193, 3.702282733725566821, -8.938101187499999156 ) ) ;
#1501 = CARTESIAN_POINT ( 'NONE',  ( 5.563999997951611931, 3.702282733725567709, 8.938101187500000933 ) ) ;
#1502 = CARTESIAN_POINT ( 'NONE',  ( 11.63589881249999536, 0.5645461813457874900, 8.924743111786424876 ) ) ;
#1503 = ADVANCED_FACE ( 'NONE', ( #1254 ), #1632, .T. ) ;
#1504 = CARTESIAN_POINT ( 'NONE',  ( 10.72493749588273992, -4.041945228131797130, 9.758118988125003668 ) ) ;
#1505 = CARTESIAN_POINT ( 'NONE',  ( 7.532749995903220253, 4.038582233137677946, 9.750000000000001776 ) ) ;
#1506 = CARTESIAN_POINT ( 'NONE',  ( 11.75150000000000183, 6.894291116568838973, -6.894291116568838973 ) ) ;
#1507 = CARTESIAN_POINT ( 'NONE',  ( 13.25618749588273637, 9.758118988125000115, -5.975124592253145023E-16 ) ) ;
#1508 = DIRECTION ( 'NONE',  ( 0.000000000000000000, 0.000000000000000000, -1.000000000000000000 ) ) ;
#1509 = ORIENTED_EDGE ( 'NONE', *, *, #169, .F. ) ;
#1510 = CARTESIAN_POINT ( 'NONE',  ( 5.317684994114167729, 8.837401052550628577, 1.337907124715634000 ) ) ;
#1511 = AXIS2_PLACEMENT_3D ( 'NONE', #2050, #2421, #2231 ) ;
#1512 = CARTESIAN_POINT ( 'NONE',  ( 5.573020695406976088, -2.289647051817081724, -9.365222548478195463 ) ) ;
#1513 = CARTESIAN_POINT ( 'NONE',  ( 10.25149999795161193, -8.938101187499997380, -3.702282733725569042 ) ) ;
#1514 = CARTESIAN_POINT ( 'NONE',  ( 14.28274999795161193, 8.938101187500000933, -5.473008504863516646E-16 ) ) ;
#1515 = CARTESIAN_POINT ( 'NONE',  ( 9.125576850452237210, 2.034248342942431901E-05, 9.749999999955276664 ) ) ;
#1516 = DIRECTION ( 'NONE',  ( -0.7071067811865511255, 0.000000000000000000, 0.7071067811865440200 ) ) ;
#1517 = DIRECTION ( 'NONE',  ( 1.000000000000000000, -0.000000000000000000, -0.000000000000000000 ) ) ;
#1518 = AXIS2_PLACEMENT_3D ( 'NONE', #2200, #427, #1229 ) ;
#1519 = CARTESIAN_POINT ( 'NONE',  ( 8.188999995903220253, -6.894291116568839861, -6.894291116568836308 ) ) ;
#1520 = ORIENTED_EDGE ( 'NONE', *, *, #1044, .F. ) ;
#1521 = AXIS2_PLACEMENT_3D ( 'NONE', #1782, #1134, #948 ) ;
#1522 = CARTESIAN_POINT ( 'NONE',  ( 12.50150000000000006, -6.894291116568837197, 6.894291116568839861 ) ) ;
#1523 = B_SPLINE_CURVE_WITH_KNOTS ( 'NONE', 3,
 ( #2325, #1553, #2366, #2135, #942, #1539, #593, #363, #375, #2538, #1578, #740, #1171, #1924, #1158, #1754, #768, #1947, #182, #1741, #1368, #2148, #538, #997, #1394, #1730, #2506, #1344, #351, #1142, #2522, #2037, #645, #2015, #1844, #1827, #2407, #1445 ),
 .UNSPECIFIED., .F., .F.,
 ( 4, 2, 2, 1, 1, 2, 2, 1, 2, 2, 2, 2, 2, 2, 2, 2, 2, 1, 2, 2, 4 ),
 ( 0.02625030050700191686, 0.02933264365158085030, 0.03087381522387031355, 0.03106646167040649775, 0.03116278489367458812, 0.03121094650530863157, 0.03125910811694267155, 0.03164440101001499833, 0.03241498679615965189, 0.03857967308531688733, 0.04474435937447411582, 0.05090904566363135819, 0.05707373195278858669, 0.06015607509736720787, 0.06169724666965650806, 0.06246783245580115468, 0.06266047890233730766, 0.06285312534887346758, 0.06323841824194577355, 0.06940310453110280775, 0.07556779082025984196 ),
 .UNSPECIFIED. ) ;
#1524 = DIRECTION ( 'NONE',  ( 0.000000000000000000, 0.000000000000000000, -1.000000000000000000 ) ) ;
#1525 = ORIENTED_EDGE ( 'NONE', *, *, #1348, .F. ) ;
#1526 = CARTESIAN_POINT ( 'NONE',  ( 5.589593951073233313, -0.5851809793971028961, -9.682011713461614377 ) ) ;
#1527 = CARTESIAN_POINT ( 'NONE',  ( 9.407749997951610155, 8.938101187500000933, -5.473008504863516646E-16 ) ) ;
#1528 = DIRECTION ( 'NONE',  ( 0.000000000000000000, 0.000000000000000000, -1.000000000000000000 ) ) ;
#1529 = CARTESIAN_POINT ( 'NONE',  ( 6.501499997951611931, 3.702282733725566821, -8.938101187500000933 ) ) ;
#1530 = LINE ( 'NONE', #1916, #1788 ) ;
#1531 = EDGE_CURVE ( 'NONE', #721, #1217, #479, .T. ) ;
#1532 = CARTESIAN_POINT ( 'NONE',  ( 5.470249995903221141, 4.038582233137677058, -9.750000000000001776 ) ) ;
#1533 = VERTEX_POINT ( 'NONE', #2240 ) ;
#1534 = CARTESIAN_POINT ( 'NONE',  ( 12.68900000000000006, -9.750000000000000000, 1.791045943753003908E-15 ) ) ;
#1535 = CARTESIAN_POINT ( 'NONE',  ( 0.000000000000000000, 10.16000000000000014, 0.000000000000000000 ) ) ;
#1536 = ADVANCED_FACE ( 'NONE', ( #1825 ), #50, .T. ) ;
#1537 = CARTESIAN_POINT ( 'NONE',  ( 10.25150000000000006, 6.894291116568838973, -6.894291116568838973 ) ) ;
#1538 = ORIENTED_EDGE ( 'NONE', *, *, #715, .T. ) ;
#1539 = CARTESIAN_POINT ( 'NONE',  ( 5.685133735791140452, 9.368446684509148525, -2.701180798993785714 ) ) ;
#1540 = CARTESIAN_POINT ( 'NONE',  ( 11.35405574883895952, -7.695470509063590647, 5.109055832830668997 ) ) ;
#1541 = CARTESIAN_POINT ( 'NONE',  ( 11.28274999795161193, 1.094601700972703329E-15, 8.938101187500000933 ) ) ;
#1542 = CYLINDRICAL_SURFACE ( 'NONE', #1565, 9.750000000000000000 ) ;
#1543 = VERTEX_POINT ( 'NONE', #1813 ) ;
#1544 = DIRECTION ( 'NONE',  ( 1.000000000000000000, -0.000000000000000000, -0.000000000000000000 ) ) ;
#1545 = FACE_OUTER_BOUND ( 'NONE', #1820, .T. ) ;
#1546 = CIRCLE ( 'NONE', #420, 6.730999999999999872 ) ;
#1547 = CARTESIAN_POINT ( 'NONE',  ( 8.751500000000000057, 6.894291116568838973, -6.894291116568838973 ) ) ;
#1548 = CARTESIAN_POINT ( 'NONE',  ( 9.506187495882736371, -9.758118988125000115, 1.792537377675943803E-15 ) ) ;
#1549 = CIRCLE ( 'NONE', #1009, 10.00000000000000000 ) ;
#1550 = FACE_OUTER_BOUND ( 'NONE', #2029, .T. ) ;
#1551 = DIRECTION ( 'NONE',  ( 0.000000000000000000, 0.000000000000000000, -1.000000000000000000 ) ) ;
#1552 = EDGE_LOOP ( 'NONE', ( #596, #320, #2299, #238 ) ) ;
#1553 = CARTESIAN_POINT ( 'NONE',  ( 5.629379334002359236, 8.521269935114871075, -4.773937917645195483 ) ) ;
#1554 = CARTESIAN_POINT ( 'NONE',  ( 11.00447491381356002, -3.392718217220117349, 8.952209209110606025 ) ) ;
#1555 = CARTESIAN_POINT ( 'NONE',  ( 9.595249997951610155, 6.320191960612784321, 6.320191960612783433 ) ) ;
#1556 = CARTESIAN_POINT ( 'NONE',  ( 11.63589881250022628, 0.8462926537792622161, 8.897945919263996473 ) ) ;
#1557 = VERTEX_POINT ( 'NONE', #26 ) ;
#1558 = CARTESIAN_POINT ( 'NONE',  ( 7.452139077205202966, 6.520931179663134181, 7.289062276766267168 ) ) ;
#1559 = EDGE_CURVE ( 'NONE', #1437, #1642, #846, .T. ) ;
#1560 = CARTESIAN_POINT ( 'NONE',  ( 12.68899999590322025, -6.894291116568839861, -6.894291116568836308 ) ) ;
#1561 = CARTESIAN_POINT ( 'NONE',  ( -1.836970198721029589E-15, -10.16000000000000014, 15.00000000000000000 ) ) ;
#1562 = CARTESIAN_POINT ( 'NONE',  ( 11.65774999795161193, -8.938101187500000933, 1.641902551459054698E-15 ) ) ;
#1563 = AXIS2_PLACEMENT_3D ( 'NONE', #158, #2165, #974 ) ;
#1564 = ORIENTED_EDGE ( 'NONE', *, *, #764, .T. ) ;
#1565 = AXIS2_PLACEMENT_3D ( 'NONE', #2302, #354, #495 ) ;
#1566 = CARTESIAN_POINT ( 'NONE',  ( 5.329826275244150757, -2.487415138870036735, 8.639172276477435020 ) ) ;
#1567 = UNCERTAINTY_MEASURE_WITH_UNIT (LENGTH_MEASURE( 1.000000000000000082E-05 ), #226, 'distance_accuracy_value', 'NONE');
#1568 = CARTESIAN_POINT ( 'NONE',  ( 9.126499997951610155, 3.702282733725566821, -8.938101187499999156 ) ) ;
#1569 = CARTESIAN_POINT ( 'NONE',  ( 10.94685657258644085, -9.613547470929640681, -0.6875340818493193007 ) ) ;
#1570 = CARTESIAN_POINT ( 'NONE',  ( 7.403568358116259240, 7.855178413110704305, 5.789892969560434643 ) ) ;
#1571 = CARTESIAN_POINT ( 'NONE',  ( 9.970249997951610155, 6.320191960612784321, 6.320191960612783433 ) ) ;
#1572 = EDGE_CURVE ( 'NONE', #1217, #2454, #293, .T. ) ;
#1573 = CARTESIAN_POINT ( 'NONE',  ( 11.18899999590322025, -6.894291116568839861, -6.894291116568836308 ) ) ;
#1574 = LINE ( 'NONE', #425, #250 ) ;
#1575 = CARTESIAN_POINT ( 'NONE',  ( 9.595249997951610155, 6.320191960612784321, 6.320191960612783433 ) ) ;
#1576 = CARTESIAN_POINT ( 'NONE',  ( 5.306677564119895329, 0.000000000000000000, 0.000000000000000000 ) ) ;
#1577 = ORIENTED_EDGE ( 'NONE', *, *, #2169, .F. ) ;
#1578 = CARTESIAN_POINT ( 'NONE',  ( 5.690035249855685429, 9.420980651332756750, -2.511506790642132891 ) ) ;
#1579 = CARTESIAN_POINT ( 'NONE',  ( 11.18942353567859449, -5.942606927463197408, 7.268646122520409314 ) ) ;
#1580 = DIRECTION ( 'NONE',  ( 1.000000000000000000, -0.000000000000000000, -0.000000000000000000 ) ) ;
#1581 = CARTESIAN_POINT ( 'NONE',  ( 11.17427096181184254, 0.000000000000000000, -9.399729038188150199 ) ) ;
#1582 = CARTESIAN_POINT ( 'NONE',  ( 7.331227591075061945, 9.245129336449114277, 3.153894194514741400 ) ) ;
#1583 = CARTESIAN_POINT ( 'NONE',  ( 11.47024999795161193, 6.320191960612784321, 6.320191960612783433 ) ) ;
#1584 = CARTESIAN_POINT ( 'NONE',  ( 4.907749997951609267, 0.000000000000000000, -8.938101187500000933 ) ) ;
#1585 = EDGE_CURVE ( 'NONE', #1976, #577, #1262, .T. ) ;
#1586 = LINE ( 'NONE', #1018, #583 ) ;
#1587 = CARTESIAN_POINT ( 'NONE',  ( 9.220249997951610155, 6.320191960612784321, -6.320191960612784321 ) ) ;
#1588 = CIRCLE ( 'NONE', #464, 6.730999999999999872 ) ;
#1589 = DIRECTION ( 'NONE',  ( 0.000000000000000000, 0.000000000000000000, -1.000000000000000000 ) ) ;
#1590 = ORIENTED_EDGE ( 'NONE', *, *, #1173, .T. ) ;
#1591 = CARTESIAN_POINT ( 'NONE',  ( -7.071067811865363595, 10.16000000000000014, 7.071067811865438202 ) ) ;
#1592 = CARTESIAN_POINT ( 'NONE',  ( 5.756187495882736371, 9.758118988125000115, -5.975124592253145023E-16 ) ) ;
#1593 = CARTESIAN_POINT ( 'NONE',  ( 11.75149999795161548, -8.938101187499997380, -3.702282733725569042 ) ) ;
#1594 = CARTESIAN_POINT ( 'NONE',  ( 10.96114046548050602, -9.490192208226641668, -1.598257738553666929 ) ) ;
#1595 = CARTESIAN_POINT ( 'NONE',  ( 6.906165256646715100, 1.194919559013233545, -9.694928173252050030 ) ) ;
#1596 = CARTESIAN_POINT ( 'NONE',  ( 9.313999997951610155, -3.702282733725573038, -8.938101187499999156 ) ) ;
#1597 = CARTESIAN_POINT ( 'NONE',  ( 10.81868749588273637, -6.900032108128398178, 6.900032108128400843 ) ) ;
#1598 = CARTESIAN_POINT ( 'NONE',  ( 13.15774999590322025, 9.750000000000001776, -4.038582233137677058 ) ) ;
#1599 = CARTESIAN_POINT ( 'NONE',  ( 13.62650000000000183, 6.894291116568838973, 6.894291116568837197 ) ) ;
#1600 = CARTESIAN_POINT ( 'NONE',  ( 10.06399999795161015, -8.938101187499997380, 3.702282733725571262 ) ) ;
#1601 = DIRECTION ( 'NONE',  ( 1.000000000000000000, -0.000000000000000000, -0.000000000000000000 ) ) ;
#1602 = ORIENTED_EDGE ( 'NONE', *, *, #2490, .T. ) ;
#1603 = CARTESIAN_POINT ( 'NONE',  ( 6.157485422584729307, -1.320499304334998625, 9.684348712108619139 ) ) ;
#1604 = CARTESIAN_POINT ( 'NONE',  ( 8.001500000000001833, -6.894291116568837197, 6.894291116568839861 ) ) ;
#1605 = ORIENTED_EDGE ( 'NONE', *, *, #540, .T. ) ;
#1606 = DIRECTION ( 'NONE',  ( 1.000000000000000000, -0.000000000000000000, -0.000000000000000000 ) ) ;
#1607 = CARTESIAN_POINT ( 'NONE',  ( 12.50149999590322025, -9.750000000000000000, 1.791045943753003908E-15 ) ) ;
#1608 = CARTESIAN_POINT ( 'NONE',  ( 6.970249997951610155, 6.320191960612784321, 6.320191960612783433 ) ) ;
#1609 = DIRECTION ( 'NONE',  ( 0.000000000000000000, 0.000000000000000000, -1.000000000000000000 ) ) ;
#1610 = EDGE_CURVE ( 'NONE', #577, #1976, #1588, .T. ) ;
#1611 = CARTESIAN_POINT ( 'NONE',  ( 7.626499997951611043, 3.702282733725566821, -8.938101187499999156 ) ) ;
#1612 = ORIENTED_EDGE ( 'NONE', *, *, #2383, .T. ) ;
#1613 = EDGE_CURVE ( 'NONE', #2208, #1740, #1494, .T. ) ;
#1614 = CARTESIAN_POINT ( 'NONE',  ( 6.209326930238546538, -3.325842362135718489, 9.165306481976470465 ) ) ;
#1615 = CARTESIAN_POINT ( 'NONE',  ( 5.751499997951611043, -3.702282733725565045, 8.938101187500000933 ) ) ;
#1616 = ORIENTED_EDGE ( 'NONE', *, *, #1081, .F. ) ;
#1617 = DIRECTION ( 'NONE',  ( 1.000000000000000000, -0.000000000000000000, -0.000000000000000000 ) ) ;
#1618 = CARTESIAN_POINT ( 'NONE',  ( 7.251499997951610155, -3.702282733725565045, 8.938101187500000933 ) ) ;
#1619 = DIRECTION ( 'NONE',  ( 1.000000000000000000, -0.000000000000000000, -0.000000000000000000 ) ) ;
#1620 = CARTESIAN_POINT ( 'NONE',  ( 9.407749997951610155, 0.000000000000000000, -8.938101187500000933 ) ) ;
#1621 = DIRECTION ( 'NONE',  ( 0.000000000000000000, 0.000000000000000000, -1.000000000000000000 ) ) ;
#1622 = FILL_AREA_STYLE_COLOUR ( '', #174 ) ;
#1623 = CARTESIAN_POINT ( 'NONE',  ( 6.876500000000000945, -6.894291116568839861, -6.894291116568836308 ) ) ;
#1624 = DIRECTION ( 'NONE',  ( 0.000000000000000000, 0.000000000000000000, -1.000000000000000000 ) ) ;
#1625 = CARTESIAN_POINT ( 'NONE',  ( 12.12649999795161548, 3.702282733725566821, -8.938101187499999156 ) ) ;
#1626 = CARTESIAN_POINT ( 'NONE',  ( 11.57592591160694795, 4.203813932663456043, 7.971472914133522991 ) ) ;
#1627 = DIRECTION ( 'NONE',  ( 1.000000000000000000, -0.000000000000000000, -0.000000000000000000 ) ) ;
#1628 = CARTESIAN_POINT ( 'NONE',  ( 6.032749997951611043, 0.000000000000000000, -8.938101187500000933 ) ) ;
#1629 = CARTESIAN_POINT ( 'NONE',  ( 9.782749997951610155, 8.938101187500000933, -5.473008504863516646E-16 ) ) ;
#1630 = CARTESIAN_POINT ( 'NONE',  ( 10.44285517999035662, 6.797295611994684350, 7.029243621335398373 ) ) ;
#1631 = EDGE_CURVE ( 'NONE', #1115, #1248, #1530, .T. ) ;
#1632 = CYLINDRICAL_SURFACE ( 'NONE', #1125, 10.16000000000000014 ) ;
#1633 = SURFACE_STYLE_USAGE ( .BOTH. , #1042 ) ;
#1634 = CARTESIAN_POINT ( 'NONE',  ( 12.97024999795161015, -6.320191960612783433, 6.320191960612785209 ) ) ;
#1635 = VERTEX_POINT ( 'NONE', #901 ) ;
#1636 = EDGE_CURVE ( 'NONE', #2399, #258, #1698, .T. ) ;
#1637 =( BOUNDED_CURVE ( )  B_SPLINE_CURVE ( 2, ( #255, #287, #1654, #1829, #2274, #659, #1478, #2265, #1446 ),
 .UNSPECIFIED., .F., .T. ) 
 B_SPLINE_CURVE_WITH_KNOTS ( ( 3, 2, 2, 2, 3 ),
 ( 0.2142857142857142738, 0.2321428571428571508, 0.2500000000000000000, 0.2678571428571429047, 0.2857142857142857539 ),
 .UNSPECIFIED. ) 
 CURVE ( )  GEOMETRIC_REPRESENTATION_ITEM ( )  RATIONAL_B_SPLINE_CURVE ( ( 1.000000000000000000, 0.9238795325112867385, 1.000000000000000000, 0.9238795325112867385, 1.000000000000000000, 0.9238795325112867385, 1.000000000000000000, 0.9238795325112865164, 1.000000000000000222 ) ) 
 REPRESENTATION_ITEM ( '' )  );
#1638 = VECTOR ( 'NONE', #755, 1000.000000000000000 ) ;
#1640 = CIRCLE ( 'NONE', #983, 8.907986169854885006 ) ;
#1639 = CARTESIAN_POINT ( 'NONE',  ( 5.317684994114384445, 6.225137178056572296, 6.435488602764611876 ) ) ;
#1641 = CARTESIAN_POINT ( 'NONE',  ( 5.938999997951611043, -8.938101187499997380, 3.702282733725571262 ) ) ;
#1642 = VERTEX_POINT ( 'NONE', #531 ) ;
#1643 = CARTESIAN_POINT ( 'NONE',  ( 7.157749997951611043, -8.938101187500000933, 1.641902551459054698E-15 ) ) ;
#1644 = VECTOR ( 'NONE', #1456, 1000.000000000000000 ) ;
#1645 = CARTESIAN_POINT ( 'NONE',  ( 8.470249997951610155, 6.320191960612784321, 6.320191960612783433 ) ) ;
#1646 = DIRECTION ( 'NONE',  ( 1.000000000000000000, -0.000000000000000000, -0.000000000000000000 ) ) ;
#1647 = CARTESIAN_POINT ( 'NONE',  ( 9.970249997951610155, 6.320191960612784321, 6.320191960612783433 ) ) ;
#1648 = CARTESIAN_POINT ( 'NONE',  ( 7.157750000000001833, 4.038582233137686828, -9.749999999999991118 ) ) ;
#1649 = EDGE_CURVE ( 'NONE', #1740, #607, #2079, .T. ) ;
#1650 = FACE_BOUND ( 'NONE', #2139, .T. ) ;
#1651 = CARTESIAN_POINT ( 'NONE',  ( 6.126500000000000057, 6.894291116568838973, 6.894291116568837197 ) ) ;
#1652 = CARTESIAN_POINT ( 'NONE',  ( 8.756187495882736371, 9.758118988125000115, -5.975124592253145023E-16 ) ) ;
#1653 = ORIENTED_EDGE ( 'NONE', *, *, #153, .T. ) ;
#1654 = CARTESIAN_POINT ( 'NONE',  ( 6.501500000000000057, -6.894291116568837197, 6.894291116568839861 ) ) ;
#1655 = CARTESIAN_POINT ( 'NONE',  ( 6.126499997951611043, -8.938101187499997380, -3.702282733725569042 ) ) ;
#1656 = ORIENTED_EDGE ( 'NONE', *, *, #1531, .F. ) ;
#1657 = CARTESIAN_POINT ( 'NONE',  ( 6.220249997951611043, 6.320191960612784321, -6.320191960612784321 ) ) ;
#1658 = FACE_OUTER_BOUND ( 'NONE', #198, .T. ) ;
#1659 = CARTESIAN_POINT ( 'NONE',  ( 5.845249997951610155, -6.320191960612785209, -6.320191960612781656 ) ) ;
#1660 = CARTESIAN_POINT ( 'NONE',  ( 8.938999997951610155, -8.938101187499997380, 3.702282733725571262 ) ) ;
#1661 = CARTESIAN_POINT ( 'NONE',  ( 10.37942276400199049, 8.398318940175872882, 4.953082409567154620 ) ) ;
#1662 = CARTESIAN_POINT ( 'NONE',  ( 7.875296856259645040, -8.434162967275472766, 4.891567786020695863 ) ) ;
#1663 = CARTESIAN_POINT ( 'NONE',  ( 14.84993749588273992, 9.758118988125000115, 4.041945228131798018 ) ) ;
#1664 = EDGE_CURVE ( 'NONE', #1777, #80, #911, .T. ) ;
#1665 = CARTESIAN_POINT ( 'NONE',  ( 13.62649999795161193, 3.702282733725566821, -8.938101187499999156 ) ) ;
#1666 = CARTESIAN_POINT ( 'NONE',  ( 11.38118749588273637, 0.000000000000000000, -9.758118988125000115 ) ) ;
#1667 = DIRECTION ( 'NONE',  ( 0.000000000000000000, 0.000000000000000000, -1.000000000000000000 ) ) ;
#1668 = CARTESIAN_POINT ( 'NONE',  ( 11.33434955985241999, 8.079926453728333513, -4.519811047574432195 ) ) ;
#1669 = CARTESIAN_POINT ( 'NONE',  ( 0.000000000000000000, -10.16000000000000014, 0.000000000000000000 ) ) ;
#1670 = AXIS2_PLACEMENT_3D ( 'NONE', #1576, #1802, #1624 ) ;
#1671 = ADVANCED_BREP_SHAPE_REPRESENTATION ( 'P001-B105_BikeMount_Rev2D-4', ( #294, #1511 ), #2243 ) ;
#1672 = CARTESIAN_POINT ( 'NONE',  ( 13.25149999795161371, -3.702282733725565045, 8.938101187500000933 ) ) ;
#1673 = CARTESIAN_POINT ( 'NONE',  ( 10.43899999795161193, -8.938101187499997380, 3.702282733725571262 ) ) ;
#1674 = CARTESIAN_POINT ( 'NONE',  ( 10.26803196985765432, 9.808721536833788335, 0.5906941275845211115 ) ) ;
#1675 = AXIS2_PLACEMENT_3D ( 'NONE', #1156, #323, #1114 ) ;
#1676 = CARTESIAN_POINT ( 'NONE',  ( 11.63589881249999003, -2.180231641147255761, 8.685349623508258787 ) ) ;
#1677 = CARTESIAN_POINT ( 'NONE',  ( 12.03274999795161193, 0.000000000000000000, -8.938101187500000933 ) ) ;
#1678 = CARTESIAN_POINT ( 'NONE',  ( 7.443687495882737259, 6.900032108128399955, 6.900032108128398178 ) ) ;
#1679 = CARTESIAN_POINT ( 'NONE',  ( 5.306677564119895329, 0.000000000000000000, -8.907986169854885006 ) ) ;
#1680 = ORIENTED_EDGE ( 'NONE', *, *, #641, .F. ) ;
#1681 = CARTESIAN_POINT ( 'NONE',  ( 5.470513641608732769, -9.113288643689143598, -2.138240845448598382 ) ) ;
#1682 = CARTESIAN_POINT ( 'NONE',  ( 10.82399999999998741, -7.207506600669020713, 6.566165219042601642 ) ) ;
#1683 = CARTESIAN_POINT ( 'NONE',  ( 14.56399999795161015, 3.702282733725568598, 8.938101187499999156 ) ) ;
#1684 = CARTESIAN_POINT ( 'NONE',  ( 14.84524999795161193, -6.320191960612783433, 6.320191960612785209 ) ) ;
#1685 = DIRECTION ( 'NONE',  ( 0.000000000000000000, 0.000000000000000000, -1.000000000000000000 ) ) ;
#1686 = CARTESIAN_POINT ( 'NONE',  ( 11.65774999795161015, 1.094601700972703329E-15, 8.938101187500000933 ) ) ;
#1687 = CARTESIAN_POINT ( 'NONE',  ( 11.63589881250000069, -0.2767119048221604038, 8.938101187500004485 ) ) ;
#1688 = CARTESIAN_POINT ( 'NONE',  ( 10.34993749588273815, 9.758118988125000115, 4.041945228131798018 ) ) ;
#1689 = VECTOR ( 'NONE', #1516, 1000.000000000000000 ) ;
#1690 = ADVANCED_FACE ( 'NONE', ( #2460 ), #2481, .F. ) ;
#1691 = CARTESIAN_POINT ( 'NONE',  ( 7.439000000000000057, 9.750000000000000000, -5.970153145843347347E-16 ) ) ;
#1692 = CARTESIAN_POINT ( 'NONE',  ( 8.568687495882736371, 6.900032108128399955, -6.900032108128399955 ) ) ;
#1693 = CARTESIAN_POINT ( 'NONE',  ( 5.317684994114377339, 8.745820841337915041, 1.863117679210688493 ) ) ;
#1694 = ORIENTED_EDGE ( 'NONE', *, *, #1317, .T. ) ;
#1695 = SPHERICAL_SURFACE ( 'NONE', #2283, 7.429499999999999105 ) ;
#1696 = CARTESIAN_POINT ( 'NONE',  ( 9.032749997951610155, 0.000000000000000000, -8.938101187500000933 ) ) ;
#1697 = CARTESIAN_POINT ( 'NONE',  ( 11.75149999795161371, -3.702282733725565045, 8.938101187500000933 ) ) ;
#1698 = LINE ( 'NONE', #120, #1933 ) ;
#1699 = CARTESIAN_POINT ( 'NONE',  ( 6.032749995903219364, 4.038582233137677946, 9.750000000000001776 ) ) ;
#1700 = CARTESIAN_POINT ( 'NONE',  ( 11.09525000000000183, -9.750000000000000000, 4.038582233137682387 ) ) ;
#1701 = CARTESIAN_POINT ( 'NONE',  ( 9.189539031739952790, -2.629995345276912477, 9.411207490801899667 ) ) ;
#1702 = ORIENTED_EDGE ( 'NONE', *, *, #1572, .T. ) ;
#1703 = CARTESIAN_POINT ( 'NONE',  ( 10.81399999795161193, 8.938101187500000933, -3.702282733725567709 ) ) ;
#1704 = CARTESIAN_POINT ( 'NONE',  ( 14.09524999795161015, 6.320191960612784321, -6.320191960612784321 ) ) ;
#1705 = CARTESIAN_POINT ( 'NONE',  ( 14.56399999795161015, 3.702282733725568598, 8.938101187499999156 ) ) ;
#1706 = CARTESIAN_POINT ( 'NONE',  ( 5.938999997951610155, -8.938101187499999156, 3.702282733725571706 ) ) ;
#1707 = AXIS2_PLACEMENT_3D ( 'NONE', #440, #1053, #1621 ) ;
#1708 = CARTESIAN_POINT ( 'NONE',  ( 11.68399999999999572, 0.000000000000000000, 8.890000000000000568 ) ) ;
#1709 = CARTESIAN_POINT ( 'NONE',  ( 7.157749995903220253, 9.750000000000001776, -4.038582233137677058 ) ) ;
#1710 = ORIENTED_EDGE ( 'NONE', *, *, #1724, .F. ) ;
#1711 = CARTESIAN_POINT ( 'NONE',  ( 10.34525000000000006, 9.750000000000001776, -4.038582233137677058 ) ) ;
#1712 = CARTESIAN_POINT ( 'NONE',  ( 13.44368749588273637, 6.900032108128399955, 6.900032108128398178 ) ) ;
#1713 = CARTESIAN_POINT ( 'NONE',  ( -1.836970198721029589E-15, -10.16000000000000014, -15.00000000000000000 ) ) ;
#1714 = ORIENTED_EDGE ( 'NONE', *, *, #1458, .F. ) ;
#1715 = CARTESIAN_POINT ( 'NONE',  ( 5.505574425540557648, -7.808739061724234709, -5.357423261967305450 ) ) ;
#1716 = EDGE_CURVE ( 'NONE', #607, #1393, #1183, .T. ) ;
#1717 = CARTESIAN_POINT ( 'NONE',  ( 7.063999997951611931, -8.938101187499997380, 3.702282733725571262 ) ) ;
#1718 = CARTESIAN_POINT ( 'NONE',  ( 12.50149999795161371, 3.702282733725566821, -8.938101187499999156 ) ) ;
#1719 = CARTESIAN_POINT ( 'NONE',  ( 9.093622941506010804, 1.274482415329254437, 9.688718087448949134 ) ) ;
#1720 = CARTESIAN_POINT ( 'NONE',  ( 11.63589881250000069, 0.2824479229565057814, 8.938101187500002709 ) ) ;
#1721 = CIRCLE ( 'NONE', #511, 8.907986169854885006 ) ;
#1722 = CARTESIAN_POINT ( 'NONE',  ( 10.25149999590322203, 9.750000000000000000, -5.970153145843347347E-16 ) ) ;
#1723 = VERTEX_POINT ( 'NONE', #305 ) ;
#1724 = EDGE_CURVE ( 'NONE', #2324, #607, #845, .T. ) ;
#1725 = CARTESIAN_POINT ( 'NONE',  ( 10.81400000000000006, 1.194030629168669469E-15, 9.750000000000000000 ) ) ;
#1726 = CARTESIAN_POINT ( 'NONE',  ( 9.131187495882736371, 1.195024918450629005E-15, 9.758118988125000115 ) ) ;
#1727 = CARTESIAN_POINT ( 'NONE',  ( 5.470249997951610155, -6.320191960612783433, 6.320191960612785209 ) ) ;
#1728 = CARTESIAN_POINT ( 'NONE',  ( -12.99999999999986322, 10.16000000000000014, -15.00000000000000000 ) ) ;
#1729 = ORIENTED_EDGE ( 'NONE', *, *, #1173, .F. ) ;
#1730 = CARTESIAN_POINT ( 'NONE',  ( 5.987632855760761430, 5.344745221632908994, 8.157206492258104902 ) ) ;
#1731 = CARTESIAN_POINT ( 'NONE',  ( 9.876499997951610155, -3.702282733725565045, 8.938101187500000933 ) ) ;
#1732 = FACE_OUTER_BOUND ( 'NONE', #968, .T. ) ;
#1733 = CARTESIAN_POINT ( 'NONE',  ( 5.317684994114379116, -0.4447292499684458167, 8.938101187498647349 ) ) ;
#1734 = PLANE ( 'NONE',  #1521 ) ;
#1735 = EDGE_LOOP ( 'NONE', ( #481, #1459, #996, #346 ) ) ;
#1736 = CARTESIAN_POINT ( 'NONE',  ( 8.470250000000000057, -4.038582233137683275, -9.750000000000000000 ) ) ;
#1737 = ADVANCED_FACE ( 'NONE', ( #2471 ), #365, .T. ) ;
#1738 = CARTESIAN_POINT ( 'NONE',  ( 10.74589268866255765, -4.756324205595515053, 8.537785755845360924 ) ) ;
#1739 = LINE ( 'NONE', #1127, #1224 ) ;
#1740 = VERTEX_POINT ( 'NONE', #1160 ) ;
#1741 = CARTESIAN_POINT ( 'NONE',  ( 5.866628817286520636, 8.699411703225290893, 4.481500181933979476 ) ) ;
#1742 = CARTESIAN_POINT ( 'NONE',  ( 11.28596970663225640, -7.072864117748852486, 6.046275363123028157 ) ) ;
#1743 = CARTESIAN_POINT ( 'NONE',  ( 7.157749997951611043, -8.938101187500000933, 1.641902551459054698E-15 ) ) ;
#1744 = CARTESIAN_POINT ( 'NONE',  ( 8.282750000000000057, -9.750000000000000000, -4.038582233137678834 ) ) ;
#1745 = ORIENTED_EDGE ( 'NONE', *, *, #1044, .T. ) ;
#1746 = CARTESIAN_POINT ( 'NONE',  ( 7.392388337809849830, 8.122191686056883242, 5.412039250367070231 ) ) ;
#1747 = DIRECTION ( 'NONE',  ( -1.000000000000000000, 0.000000000000000000, 0.000000000000000000 ) ) ;
#1748 = CARTESIAN_POINT ( 'NONE',  ( 6.501499995903220253, -9.750000000000000000, 1.791045943753003908E-15 ) ) ;
#1749 = ORIENTED_EDGE ( 'NONE', *, *, #1453, .T. ) ;
#1750 = CARTESIAN_POINT ( 'NONE',  ( 8.939000000000000057, 9.750000000000000000, -5.970153145843347347E-16 ) ) ;
#1751 = CARTESIAN_POINT ( 'NONE',  ( 10.90774999795161193, 8.938101187500000933, -5.473008504863516646E-16 ) ) ;
#1752 = FACE_OUTER_BOUND ( 'NONE', #2203, .T. ) ;
#1753 = ORIENTED_EDGE ( 'NONE', *, *, #1853, .F. ) ;
#1754 = CARTESIAN_POINT ( 'NONE',  ( 5.743472873921127153, 9.778223597665752109, -0.3872352457699178019 ) ) ;
#1755 = CARTESIAN_POINT ( 'NONE',  ( 10.98768787239449907, -3.137401419481244069, 9.062661455589369197 ) ) ;
#1756 = CARTESIAN_POINT ( 'NONE',  ( 10.53274999795161193, 0.000000000000000000, -8.938101187500000933 ) ) ;
#1757 = CARTESIAN_POINT ( 'NONE',  ( 11.60107988580456428, 2.852718685649424213, 8.512404907357465689 ) ) ;
#1758 = CARTESIAN_POINT ( 'NONE',  ( 7.112553191444573208, 8.163753808771719633, -5.462918990772283934 ) ) ;
#1759 = CARTESIAN_POINT ( 'NONE',  ( 6.970249997951610155, 6.320191960612784321, 6.320191960612783433 ) ) ;
#1760 = CARTESIAN_POINT ( 'NONE',  ( 5.563999997951611931, 3.702282733725568598, 8.938101187499999156 ) ) ;
#1761 = DIRECTION ( 'NONE',  ( 1.000000000000000000, -0.000000000000000000, -0.000000000000000000 ) ) ;
#1762 = VECTOR ( 'NONE', #1490, 999.9999999999998863 ) ;
#1763 = CARTESIAN_POINT ( 'NONE',  ( 8.938999997951610155, -3.702282733725573038, -8.938101187499997380 ) ) ;
#1764 = CARTESIAN_POINT ( 'NONE',  ( 9.375783318669588695, -8.443986066184265837, 4.874685317494820147 ) ) ;
#1765 = ORIENTED_EDGE ( 'NONE', *, *, #1585, .F. ) ;
#1766 = CARTESIAN_POINT ( 'NONE',  ( 5.374839577644623390, -6.285737403343526708, 6.579033104311308833 ) ) ;
#1767 = CARTESIAN_POINT ( 'NONE',  ( 7.345249997951610155, -6.320191960612785209, -6.320191960612781656 ) ) ;
#1768 = CARTESIAN_POINT ( 'NONE',  ( 10.92601252671597933, -9.633537910598329645, 0.7008917343127332167 ) ) ;
#1769 = DIRECTION ( 'NONE',  ( 1.000000000000000000, -0.000000000000000000, -0.000000000000000000 ) ) ;
#1770 = EDGE_CURVE ( 'NONE', #577, #1808, #1486, .T. ) ;
#1771 = CARTESIAN_POINT ( 'NONE',  ( 10.90774999795161193, 0.000000000000000000, -8.938101187500000933 ) ) ;
#1772 = CARTESIAN_POINT ( 'NONE',  ( 14.84524999590322203, 9.750000000000001776, 4.038582233137676170 ) ) ;
#1773 = CARTESIAN_POINT ( 'NONE',  ( 15.52751339424810695, 0.000000000000000000, -6.730999999999999872 ) ) ;
#1774 = CARTESIAN_POINT ( 'NONE',  ( 13.72493749588273992, -4.041945228131797130, 9.758118988125003668 ) ) ;
#1775 = CARTESIAN_POINT ( 'NONE',  ( 9.126499997951610155, 3.702282733725566821, -8.938101187499999156 ) ) ;
#1776 = CARTESIAN_POINT ( 'NONE',  ( 12.38250000000000028, 0.000000000000000000, 0.000000000000000000 ) ) ;
#1777 = VERTEX_POINT ( 'NONE', #2150 ) ;
#1778 = CARTESIAN_POINT ( 'NONE',  ( 9.970249999999998280, -4.038582233137702815, -9.749999999999978684 ) ) ;
#1779 = DIRECTION ( 'NONE',  ( 0.000000000000000000, 0.000000000000000000, 1.000000000000000000 ) ) ;
#1780 = ORIENTED_EDGE ( 'NONE', *, *, #2193, .T. ) ;
#1781 = CARTESIAN_POINT ( 'NONE',  ( 6.994893908197030719, 4.619640711429413571, -8.668868429373631557 ) ) ;
#1782 = CARTESIAN_POINT ( 'NONE',  ( -12.99999999999986322, 10.16000000000000014, 12.99999999999999822 ) ) ;
#1783 = CARTESIAN_POINT ( 'NONE',  ( 14.93899999590322203, 6.894291116568838973, 6.894291116568837197 ) ) ;
#1784 = CARTESIAN_POINT ( 'NONE',  ( 13.06400000000000183, 0.000000000000000000, -9.750000000000000000 ) ) ;
#1785 = CARTESIAN_POINT ( 'NONE',  ( 9.599937495882739924, -9.758118988124998339, -4.041945228131800683 ) ) ;
#1786 = AXIS2_PLACEMENT_3D ( 'NONE', #1169, #1601, #591 ) ;
#1787 = CARTESIAN_POINT ( 'NONE',  ( 9.313999997951610155, 8.938101187499999156, -3.702282733725567709 ) ) ;
#1788 = VECTOR ( 'NONE', #2070, 1000.000000000000000 ) ;
#1789 = CARTESIAN_POINT ( 'NONE',  ( 9.314000000000001833, 1.194030629168669469E-15, 9.750000000000000000 ) ) ;
#1790 = ORIENTED_EDGE ( 'NONE', *, *, #466, .T. ) ;
#1791 = AXIS2_PLACEMENT_3D ( 'NONE', #1011, #1580, #183 ) ;
#1792 = B_SPLINE_CURVE_WITH_KNOTS ( 'NONE', 3,
 ( #364, #2311, #140, #955, #2136, #1755, #1554, #756, #2539, #1369, #376, #1579, #2351, #1172, #1742, #1540, #553, #539, #2122, #352, #1144, #2523 ),
 .UNSPECIFIED., .F., .F.,
 ( 4, 2, 2, 2, 2, 2, 2, 2, 2, 2, 4 ),
 ( 9.218972092709739097E-17, 0.001682748360747676059, 0.002524122541121467684, 0.003365496721495259309, 0.005048245082242841693, 0.005889619262616632885, 0.006730993442990424076, 0.008413741803738003858, 0.01009649016448558277, 0.01177923852523316169, 0.01346198688598073887 ),
 .UNSPECIFIED. ) ;
#1793 = CARTESIAN_POINT ( 'NONE',  ( 9.782750000000001833, -9.750000000000000000, -4.038582233137678834 ) ) ;
#1794 = CARTESIAN_POINT ( 'NONE',  ( 0.000000000000000000, 0.000000000000000000, 0.000000000000000000 ) ) ;
#1795 = ORIENTED_EDGE ( 'NONE', *, *, #1453, .F. ) ;
#1796 = CARTESIAN_POINT ( 'NONE',  ( 6.876499993286979695, -1.087483538936146627E-07, -9.750000000000000000 ) ) ;
#1797 = CARTESIAN_POINT ( 'NONE',  ( 12.31399999590322025, -6.894291116568837197, 6.894291116568839861 ) ) ;
#1798 = CARTESIAN_POINT ( 'NONE',  ( 7.708935552044446915, -3.374258547493463656, 9.168647529666246854 ) ) ;
#1799 = DIRECTION ( 'NONE',  ( 0.000000000000000000, 0.000000000000000000, -1.000000000000000000 ) ) ;
#1800 = ADVANCED_FACE ( 'NONE', ( #1174 ), #219, .T. ) ;
#1801 = CARTESIAN_POINT ( 'NONE',  ( 5.938999997951611043, -3.702282733725573038, -8.938101187499997380 ) ) ;
#1802 = DIRECTION ( 'NONE',  ( 1.000000000000000000, -0.000000000000000000, -0.000000000000000000 ) ) ;
#1803 = ORIENTED_EDGE ( 'NONE', *, *, #2064, .F. ) ;
#1804 = CARTESIAN_POINT ( 'NONE',  ( 6.318687495882735483, -6.900032108128398178, 6.900032108128400843 ) ) ;
#1805 = AXIS2_PLACEMENT_3D ( 'NONE', #932, #316, #1528 ) ;
#1806 = CARTESIAN_POINT ( 'NONE',  ( 12.68899999795161371, 3.702282733725568598, 8.938101187499999156 ) ) ;
#1807 = CARTESIAN_POINT ( 'NONE',  ( 5.657749997951609267, 1.094601700972703329E-15, 8.938101187500000933 ) ) ;
#1808 = VERTEX_POINT ( 'NONE', #2479 ) ;
#1809 = CARTESIAN_POINT ( 'NONE',  ( -12.99999999999986322, -10.16000000000000014, 12.99999999999999822 ) ) ;
#1810 = CARTESIAN_POINT ( 'NONE',  ( 12.03274999590321848, 4.038582233137677946, 9.750000000000001776 ) ) ;
#1811 = CARTESIAN_POINT ( 'NONE',  ( 10.29773638211730002, 9.655250037464814028, 1.826495128531927969 ) ) ;
#1812 = CARTESIAN_POINT ( 'NONE',  ( 6.688999997951610155, 8.938101187499999156, -3.702282733725567709 ) ) ;
#1813 = CARTESIAN_POINT ( 'NONE',  ( 15.52751339424810695, -6.730999999999999872, 8.243097605060833811E-16 ) ) ;
#1814 = CARTESIAN_POINT ( 'NONE',  ( 10.06868749588273815, 6.900032108128399955, -6.900032108128399955 ) ) ;
#1815 = CARTESIAN_POINT ( 'NONE',  ( 13.72024999795161015, 6.320191960612784321, -6.320191960612784321 ) ) ;
#1816 = CARTESIAN_POINT ( 'NONE',  ( 6.787437495882737259, -4.041945228131805123, -9.758118988124998339 ) ) ;
#1817 = CARTESIAN_POINT ( 'NONE',  ( 12.97024999795161015, -6.320191960612783433, 6.320191960612785209 ) ) ;
#1818 = CARTESIAN_POINT ( 'NONE',  ( 11.27844621843143180, 5.888095475761054409, -7.216432245125009359 ) ) ;
#1819 = ORIENTED_EDGE ( 'NONE', *, *, #1531, .T. ) ;
#1820 = EDGE_LOOP ( 'NONE', ( #780, #161, #589, #2256 ) ) ;
#1821 = CARTESIAN_POINT ( 'NONE',  ( 6.407749997951611043, 8.938101187500000933, -5.473008504863516646E-16 ) ) ;
#1822 = CARTESIAN_POINT ( 'NONE',  ( 7.438999997951610155, -8.938101187499997380, 3.702282733725571262 ) ) ;
#1823 = CARTESIAN_POINT ( 'NONE',  ( 8.708474532294522064, 9.650714355995312133, -1.850383613103630198 ) ) ;
#1824 = CARTESIAN_POINT ( 'NONE',  ( 8.376499997951608378, 8.938101187499999156, 3.702282733725566377 ) ) ;
#1825 = FACE_OUTER_BOUND ( 'NONE', #2164, .T. ) ;
#1826 = CARTESIAN_POINT ( 'NONE',  ( 11.93899999795161193, -3.702282733725573038, -8.938101187499997380 ) ) ;
#1827 = CARTESIAN_POINT ( 'NONE',  ( 6.082956999999634462, 1.699522289959273458, 9.634701252494508594 ) ) ;
#1828 = VECTOR ( 'NONE', #1943, 1000.000000000000000 ) ;
#1829 = CARTESIAN_POINT ( 'NONE',  ( 6.595250000000001833, -9.750000000000000000, 4.038582233137682387 ) ) ;
#1830 = CARTESIAN_POINT ( 'NONE',  ( 11.19715620378985044, 1.450807082515276791, -9.268511690419835247 ) ) ;
#1831 = ORIENTED_EDGE ( 'NONE', *, *, #2253, .T. ) ;
#1832 = LINE ( 'NONE', #1448, #46 ) ;
#1833 = CARTESIAN_POINT ( 'NONE',  ( 6.782749997951610155, 1.094601700972703329E-15, 8.938101187500000933 ) ) ;
#1834 = EDGE_CURVE ( 'NONE', #1060, #2450, #1896, .T. ) ;
#1835 = CARTESIAN_POINT ( 'NONE',  ( 12.31399999795161015, -3.702282733725573038, -8.938101187499997380 ) ) ;
#1836 = CARTESIAN_POINT ( 'NONE',  ( 7.063999997951609267, 3.702282733725568598, 8.938101187499999156 ) ) ;
#1837 = CYLINDRICAL_SURFACE ( 'NONE', #313, 9.750000000000000000 ) ;
#1838 = CARTESIAN_POINT ( 'NONE',  ( 7.063999997951609267, 3.702282733725568598, 8.938101187499999156 ) ) ;
#1839 = CARTESIAN_POINT ( 'NONE',  ( 7.795187233214081246, -6.388161641649183764, 7.383607844559766598 ) ) ;
#1840 = CLOSED_SHELL ( 'NONE', ( #1503, #1880, #2362, #775, #1885, #1181, #1858, #1289, #2039, #655, #1152, #2229, #104, #2198, #2320, #308, #384, #805, #252, #1907, #1987, #800, #1800, #1189, #2090, #886, #2467, #2414, #343, #1690, #215, #2177, #223, #628, #498, #1210, #960, #1536, #1737, #260 ) ) ;
#1841 = CARTESIAN_POINT ( 'NONE',  ( -12.99999999999986322, -10.16000000000000014, -12.99999999999999822 ) ) ;
#1842 = CARTESIAN_POINT ( 'NONE',  ( 11.75149999795161548, -8.938101187499997380, -3.702282733725569042 ) ) ;
#1843 = B_SPLINE_CURVE_WITH_KNOTS ( 'NONE', 3,
 ( #234, #2430, #1226, #24, #2009, #827, #1427, #1039, #1823, #38, #842, #2416, #637, #1441, #2226, #264, #651, #450, #1452, #2238, #1493, #2087, #506, #518, #732, #2290, #946, #933, #1133, #1719, #2480, #1515 ),
 .UNSPECIFIED., .F., .F.,
 ( 4, 2, 2, 2, 2, 2, 2, 2, 2, 1, 1, 2, 2, 2, 2, 2, 4 ),
 ( 0.2999897003174084031, 0.3089724156604523042, 0.3179551310034962608, 0.3269378463465402174, 0.3359205616895841184, 0.3449032770326280195, 0.3493946347041499978, 0.3499560544130902451, 0.3500964093403253208, 0.3502367642675603965, 0.3505174741220304924, 0.3516403135399109314, 0.3538859923756718096, 0.3583773500471936213, 0.3628687077187153776, 0.3673600653902371338, 0.3718514230617589456 ),
 .UNSPECIFIED. ) ;
#1844 = CARTESIAN_POINT ( 'NONE',  ( 6.043641313199120901, 3.262893854954103112, 9.223305694282846190 ) ) ;
#1845 = CIRCLE ( 'NONE', #1313, 9.750000000000000000 ) ;
#1847 = AXIS2_PLACEMENT_3D ( 'NONE', #761, #2352, #2524 ) ;
#1846 = DIRECTION ( 'NONE',  ( 1.000000000000000000, -0.000000000000000000, 0.000000000000000000 ) ) ;
#1848 = CARTESIAN_POINT ( 'NONE',  ( 11.55126903384389436, 5.439475656715671015, 7.204683749178397711 ) ) ;
#1849 = ORIENTED_EDGE ( 'NONE', *, *, #1377, .F. ) ;
#1850 = CARTESIAN_POINT ( 'NONE',  ( 7.438999997951610155, -3.702282733725573038, -8.938101187499999156 ) ) ;
#1851 = FACE_OUTER_BOUND ( 'NONE', #1918, .T. ) ;
#1853 = EDGE_CURVE ( 'NONE', #157, #1557, #1108, .T. ) ;
#1852 = CARTESIAN_POINT ( 'NONE',  ( 14.65774999795161193, 1.094601700972703329E-15, 8.938101187500000933 ) ) ;
#1854 = CARTESIAN_POINT ( 'NONE',  ( 10.25149999795161193, -3.702282733725565045, 8.938101187500000933 ) ) ;
#1855 = CARTESIAN_POINT ( 'NONE',  ( 10.20844692846705115, 9.650470747892459400, -1.851580968681039829 ) ) ;
#1856 = CARTESIAN_POINT ( 'NONE',  ( 7.875426014763493576, -8.436766504349382245, 4.887083356510760979 ) ) ;
#1857 = CARTESIAN_POINT ( 'NONE',  ( 14.56868749588273815, 6.900032108128399955, -6.900032108128399955 ) ) ;
#1858 = ADVANCED_FACE ( 'NONE', ( #1732 ), #327, .T. ) ;
#1859 = DIRECTION ( 'NONE',  ( -1.000000000000000000, 0.000000000000000000, 0.000000000000000000 ) ) ;
#1860 = CARTESIAN_POINT ( 'NONE',  ( 12.12649999795161548, 3.702282733725566821, -8.938101187499999156 ) ) ;
#1861 = CARTESIAN_POINT ( 'NONE',  ( 8.381187495882736371, 0.000000000000000000, -9.758118988125000115 ) ) ;
#1862 = CARTESIAN_POINT ( 'NONE',  ( 7.349937495882738148, 9.758118988125000115, 4.041945228131798018 ) ) ;
#1863 = CARTESIAN_POINT ( 'NONE',  ( 0.000000000000000000, 0.000000000000000000, 0.000000000000000000 ) ) ;
#1864 = CARTESIAN_POINT ( 'NONE',  ( 11.52775465613460426, 6.551900672588697461, 6.264447857416688414 ) ) ;
#1865 = CARTESIAN_POINT ( 'NONE',  ( 12.38250000000000028, 0.000000000000000000, 0.000000000000000000 ) ) ;
#1866 = CARTESIAN_POINT ( 'NONE',  ( 8.751499997951611931, -8.938101187499999156, -3.702282733725568598 ) ) ;
#1867 = CARTESIAN_POINT ( 'NONE',  ( 5.845250000000000057, 9.750000000000001776, -4.038582233137677058 ) ) ;
#1868 = CARTESIAN_POINT ( 'NONE',  ( 9.126499997951610155, -8.938101187499997380, -3.702282733725569042 ) ) ;
#1869 = DIRECTION ( 'NONE',  ( 0.000000000000000000, 0.000000000000000000, 1.000000000000000000 ) ) ;
#1870 = CARTESIAN_POINT ( 'NONE',  ( 11.63589881250000424, -4.232683768270448788, 7.891317757297650282 ) ) ;
#1871 = CARTESIAN_POINT ( 'NONE',  ( 15.34848495115583411, -7.808445078510390935, 5.991619137746407198 ) ) ;
#1872 = CARTESIAN_POINT ( 'NONE',  ( 14.53202415480538789, -7.740632552016600165, 4.469033512142188691 ) ) ;
#1873 = EDGE_LOOP ( 'NONE', ( #573, #893, #1831, #1350, #2462 ) ) ;
#1874 = CYLINDRICAL_SURFACE ( 'NONE', #2451, 6.730999999999999872 ) ;
#1875 = CARTESIAN_POINT ( 'NONE',  ( 5.499728622302377801, -8.114144300016775446, -4.851560554346003862 ) ) ;
#1876 = VECTOR ( 'NONE', #15, 1000.000000000000000 ) ;
#1877 = CARTESIAN_POINT ( 'NONE',  ( 5.188999997951610155, 3.702282733725568598, 8.938101187499999156 ) ) ;
#1878 = CARTESIAN_POINT ( 'NONE',  ( 14.37649999795161015, 8.938101187499999156, 3.702282733725566377 ) ) ;
#1879 = DIRECTION ( 'NONE',  ( 1.000000000000000000, -0.000000000000000000, -0.000000000000000000 ) ) ;
#1880 = ADVANCED_FACE ( 'NONE', ( #85 ), #1241, .T. ) ;
#1881 = CARTESIAN_POINT ( 'NONE',  ( 11.18899999795161193, 8.938101187499999156, -3.702282733725567709 ) ) ;
#1882 = CARTESIAN_POINT ( 'NONE',  ( 11.63589881249999891, -2.707343877177432301, 8.536179329315359610 ) ) ;
#1883 = LINE ( 'NONE', #1841, #1644 ) ;
#1884 = CARTESIAN_POINT ( 'NONE',  ( 11.18900000000000183, -9.750000000000000000, 1.791045943753003908E-15 ) ) ;
#1885 = ADVANCED_FACE ( 'NONE', ( #731 ), #1542, .T. ) ;
#1886 = CARTESIAN_POINT ( 'NONE',  ( 6.629515346880808124, -8.471413563827411508, -4.990557725030620340 ) ) ;
#1887 = ORIENTED_EDGE ( 'NONE', *, *, #603, .F. ) ;
#1888 = CARTESIAN_POINT ( 'NONE',  ( 9.688999997951610155, 3.702282733725567709, 8.938101187500000933 ) ) ;
#1889 = CARTESIAN_POINT ( 'NONE',  ( 12.12649999795161371, -8.938101187499997380, -3.702282733725569042 ) ) ;
#1890 = VECTOR ( 'NONE', #2455, 1000.000000000000000 ) ;
#1891 = CARTESIAN_POINT ( 'NONE',  ( 11.63589881249999003, 1.094601700972703132E-15, 8.938101187499999156 ) ) ;
#1892 = CARTESIAN_POINT ( 'NONE',  ( 10.63118749588273815, 1.195024918450629005E-15, 9.758118988125000115 ) ) ;
#1893 = CARTESIAN_POINT ( 'NONE',  ( 5.376499995903220253, 0.000000000000000000, -9.750000000000000000 ) ) ;
#1894 = CIRCLE ( 'NONE', #1, 1.015999999999999570 ) ;
#1895 = CARTESIAN_POINT ( 'NONE',  ( 9.220250000000001833, 4.038582233137677946, 9.750000000000001776 ) ) ;
#1896 = B_SPLINE_CURVE_WITH_KNOTS ( 'NONE', 3,
 ( #132, #744, #945, #2497 ),
 .UNSPECIFIED., .F., .F.,
 ( 4, 4 ),
 ( 0.02621760130256386989, 0.02625030050700191686 ),
 .UNSPECIFIED. ) ;
#1897 = CARTESIAN_POINT ( 'NONE',  ( 10.15775000000000006, 4.038582233137657518, -9.750000000000017764 ) ) ;
#1898 = ORIENTED_EDGE ( 'NONE', *, *, #818, .F. ) ;
#1899 = CARTESIAN_POINT ( 'NONE',  ( 9.970249997951610155, -6.320191960612783433, 6.320191960612785209 ) ) ;
#1900 = CARTESIAN_POINT ( 'NONE',  ( 12.87649999795161371, 8.938101187499999156, 3.702282733725566377 ) ) ;
#1901 = CYLINDRICAL_SURFACE ( 'NONE', #1143, 6.730999999999999872 ) ;
#1902 = CARTESIAN_POINT ( 'NONE',  ( 5.751499997951610155, -3.702282733725565045, 8.938101187500000933 ) ) ;
#1903 = DIRECTION ( 'NONE',  ( 1.000000000000000000, -0.000000000000000000, -0.000000000000000000 ) ) ;
#1904 =( BOUNDED_CURVE ( )  B_SPLINE_CURVE ( 2, ( #1364, #2514, #1547, #562, #1750, #1388, #778, #190, #2319 ),
 .UNSPECIFIED., .F., .F. ) 
 B_SPLINE_CURVE_WITH_KNOTS ( ( 3, 2, 2, 2, 3 ),
 ( 0.4285714285714285476, 0.4464285714285714524, 0.4642857142857143016, 0.4821428571428571508, 0.5000000000000000000 ),
 .UNSPECIFIED. ) 
 CURVE ( )  GEOMETRIC_REPRESENTATION_ITEM ( )  RATIONAL_B_SPLINE_CURVE ( ( 1.000000000000000000, 0.9238795325112867385, 1.000000000000000000, 0.9238795325112867385, 1.000000000000000000, 0.9238795325112867385, 1.000000000000000000, 0.9238795325112867385, 1.000000000000000000 ) ) 
 REPRESENTATION_ITEM ( '' )  );
#1905 = CARTESIAN_POINT ( 'NONE',  ( 8.001499995903220253, -9.750000000000000000, 1.791045943753003908E-15 ) ) ;
#1906 = CARTESIAN_POINT ( 'NONE',  ( 12.22025000000000183, 4.038582233137677946, 9.750000000000001776 ) ) ;
#1907 = ADVANCED_FACE ( 'NONE', ( #529 ), #1901, .F. ) ;
#1908 = CARTESIAN_POINT ( 'NONE',  ( 11.63589881249999358, -8.897945919262941317, 0.8462926537911947822 ) ) ;
#1909 = ORIENTED_EDGE ( 'NONE', *, *, #1002, .F. ) ;
#1910 = CARTESIAN_POINT ( 'NONE',  ( 11.47024999795161193, -6.320191960612783433, 6.320191960612785209 ) ) ;
#1911 = CARTESIAN_POINT ( 'NONE',  ( 8.282749997951610155, 1.094601700972703329E-15, 8.938101187500000933 ) ) ;
#1912 = DIRECTION ( 'NONE',  ( 0.000000000000000000, 0.000000000000000000, -1.000000000000000000 ) ) ;
#1913 = DIRECTION ( 'NONE',  ( 1.000000000000000000, -0.000000000000000000, -0.000000000000000000 ) ) ;
#1914 = EDGE_CURVE ( 'NONE', #446, #2411, #2384, .T. ) ;
#1915 = AXIS2_PLACEMENT_3D ( 'NONE', #1004, #1180, #2184 ) ;
#1916 = CARTESIAN_POINT ( 'NONE',  ( -1.836970198721029589E-15, 10.16000000000000014, 15.00000000000000000 ) ) ;
#1917 = CARTESIAN_POINT ( 'NONE',  ( 9.407749995903220253, -9.750000000000000000, 4.038582233137682387 ) ) ;
#1918 = EDGE_LOOP ( 'NONE', ( #1022, #114, #1430, #1186 ) ) ;
#1919 = APPLICATION_PROTOCOL_DEFINITION ( 'draft international standard', 'automotive_design', 1998, #1477 ) ;
#1920 = CARTESIAN_POINT ( 'NONE',  ( 9.032750000000000057, 9.750000000000001776, 4.038582233137676170 ) ) ;
#1921 = CARTESIAN_POINT ( 'NONE',  ( 5.376499997951611043, -3.702282733725565045, 8.938101187500000933 ) ) ;
#1922 = FACE_OUTER_BOUND ( 'NONE', #1094, .T. ) ;
#1923 = ORIENTED_EDGE ( 'NONE', *, *, #521, .T. ) ;
#1924 = CARTESIAN_POINT ( 'NONE',  ( 5.699316706765662488, 9.510663247457118885, -2.149590520027897522 ) ) ;
#1925 = CARTESIAN_POINT ( 'NONE',  ( 5.550074417134182703, -4.445678588903136053, -8.498810235751404818 ) ) ;
#1926 = CARTESIAN_POINT ( 'NONE',  ( 9.313999997951610155, 8.938101187499999156, -3.702282733725567709 ) ) ;
#1927 = CARTESIAN_POINT ( 'NONE',  ( 12.40774999795161193, 0.000000000000000000, -8.938101187500000933 ) ) ;
#1928 = CARTESIAN_POINT ( 'NONE',  ( 11.00149999795161548, 3.702282733725566821, -8.938101187500000933 ) ) ;
#1929 = EDGE_CURVE ( 'NONE', #1642, #2454, #489, .T. ) ;
#1930 = CARTESIAN_POINT ( 'NONE',  ( 7.063999995903220253, 6.894291116568838973, -6.894291116568838973 ) ) ;
#1931 = ORIENTED_EDGE ( 'NONE', *, *, #521, .F. ) ;
#1932 = CARTESIAN_POINT ( 'NONE',  ( 7.720250000000001833, 4.038582233137677946, 9.750000000000001776 ) ) ;
#1933 = VECTOR ( 'NONE', #98, 1000.000000000000000 ) ;
#1934 = CARTESIAN_POINT ( 'NONE',  ( 5.751500000000000057, 6.894291116568838973, -6.894291116568838973 ) ) ;
#1935 = LINE ( 'NONE', #2337, #1092 ) ;
#1936 = ORIENTED_EDGE ( 'NONE', *, *, #934, .F. ) ;
#1937 = CARTESIAN_POINT ( 'NONE',  ( 5.386227822041464997, -7.097994840785644577, 5.742742144870786269 ) ) ;
#1938 = CARTESIAN_POINT ( 'NONE',  ( 11.47024999795161193, -6.320191960612783433, 6.320191960612785209 ) ) ;
#1939 = DIRECTION ( 'NONE',  ( 1.000000000000000000, -0.000000000000000000, -0.000000000000000000 ) ) ;
#1940 = LINE ( 'NONE', #785, #1238 ) ;
#1941 = CARTESIAN_POINT ( 'NONE',  ( 11.18899999795161193, 8.938101187500000933, -3.702282733725567709 ) ) ;
#1942 = CARTESIAN_POINT ( 'NONE',  ( 7.345249995903221141, 9.750000000000001776, 4.038582233137676170 ) ) ;
#1943 = DIRECTION ( 'NONE',  ( -0.000000000000000000, 1.000000000000000000, -0.000000000000000000 ) ) ;
#1944 = CARTESIAN_POINT ( 'NONE',  ( 9.501499997951611931, 8.938101187499999156, 3.702282733725566377 ) ) ;
#1945 = CARTESIAN_POINT ( 'NONE',  ( 10.81400000000000006, 1.194030629168669469E-15, 9.750000000000000000 ) ) ;
#1946 = EDGE_LOOP ( 'NONE', ( #1729, #2159, #2105, #1259 ) ) ;
#1947 = CARTESIAN_POINT ( 'NONE',  ( 5.805316376284478608, 9.554156045772995043, 2.117004987055990828 ) ) ;
#1948 = CYLINDRICAL_SURFACE ( 'NONE', #1440, 9.750000000000000000 ) ;
#1949 = DIRECTION ( 'NONE',  ( -0.000000000000000000, -1.000000000000000000, -0.000000000000000000 ) ) ;
#1950 = CARTESIAN_POINT ( 'NONE',  ( 9.220249997951610155, 6.320191960612784321, -6.320191960612784321 ) ) ;
#1951 = LINE ( 'NONE', #2564, #558 ) ;
#1952 = ORIENTED_EDGE ( 'NONE', *, *, #1458, .T. ) ;
#1953 = DIRECTION ( 'NONE',  ( 1.224646799147353207E-16, 0.000000000000000000, -1.000000000000000000 ) ) ;
#1954 = CARTESIAN_POINT ( 'NONE',  ( 8.751499997951611931, -3.702282733725565045, 8.938101187500000933 ) ) ;
#1955 = CARTESIAN_POINT ( 'NONE',  ( 11.47024999590322381, 4.038582233137677058, -9.750000000000001776 ) ) ;
#1956 = EDGE_LOOP ( 'NONE', ( #1612, #2188, #724, #1525, #1203 ) ) ;
#1957 = CARTESIAN_POINT ( 'NONE',  ( -7.071067811865363595, 10.16000000000000014, -7.071067811865438202 ) ) ;
#1958 = CARTESIAN_POINT ( 'NONE',  ( 11.47024999795161193, -6.320191960612783433, 6.320191960612785209 ) ) ;
#1959 = CARTESIAN_POINT ( 'NONE',  ( 8.099937495882736371, -9.758118988124998339, -4.041945228131800683 ) ) ;
#1960 = EDGE_CURVE ( 'NONE', #80, #739, #714, .T. ) ;
#1961 = ORIENTED_EDGE ( 'NONE', *, *, #456, .F. ) ;
#1962 = CARTESIAN_POINT ( 'NONE',  ( 4.064000000000000057, 1.090913674976167664E-15, 8.907986169854885006 ) ) ;
#1963 = CARTESIAN_POINT ( 'NONE',  ( 5.400882801394572219, -7.959847543221628463, 4.582009233044193053 ) ) ;
#1964 = AXIS2_PLACEMENT_3D ( 'NONE', #689, #492, #1295 ) ;
#1965 = CARTESIAN_POINT ( 'NONE',  ( 7.438999997951610155, -3.702282733725573038, -8.938101187499997380 ) ) ;
#1966 = CARTESIAN_POINT ( 'NONE',  ( 11.05672771103760255, -6.711392049347661093, -6.811602039726111002 ) ) ;
#1967 = ORIENTED_EDGE ( 'NONE', *, *, #2490, .F. ) ;
#1968 = CARTESIAN_POINT ( 'NONE',  ( 7.380421213537930569, 8.377433437143855244, 4.988573568749496090 ) ) ;
#1969 = CARTESIAN_POINT ( 'NONE',  ( 8.938999997951610155, -8.938101187499999156, 3.702282733725571706 ) ) ;
#1970 = CARTESIAN_POINT ( 'NONE',  ( 11.09524999590322381, -9.750000000000000000, -4.038582233137678834 ) ) ;
#1971 = DIRECTION ( 'NONE',  ( -0.000000000000000000, 1.000000000000000000, -0.000000000000000000 ) ) ;
#1972 = AXIS2_PLACEMENT_3D ( 'NONE', #124, #2297, #137 ) ;
#1973 = CARTESIAN_POINT ( 'NONE',  ( 7.438999997951610155, -3.702282733725573038, -8.938101187499997380 ) ) ;
#1974 = AXIS2_PLACEMENT_3D ( 'NONE', #557, #585, #1953 ) ;
#1975 = DIRECTION ( 'NONE',  ( -0.000000000000000000, -0.000000000000000000, 1.000000000000000000 ) ) ;
#1976 = VERTEX_POINT ( 'NONE', #1193 ) ;
#1977 = CARTESIAN_POINT ( 'NONE',  ( 5.453817613063542069, 9.150527280543073516, -1.741099474767747068 ) ) ;
#1978 = CARTESIAN_POINT ( 'NONE',  ( 5.381187495882735483, 0.000000000000000000, -9.758118988125000115 ) ) ;
#1979 = CARTESIAN_POINT ( 'NONE',  ( 14.18899999795161015, 3.702282733725568598, 8.938101187499999156 ) ) ;
#1980 = DIRECTION ( 'NONE',  ( -1.000000000000000000, 0.000000000000000000, 0.000000000000000000 ) ) ;
#1981 = CARTESIAN_POINT ( 'NONE',  ( 11.63589881249999003, 1.094601700972703132E-15, 8.938101187499999156 ) ) ;
#1982 = CARTESIAN_POINT ( 'NONE',  ( 8.657749997951610155, 1.094601700972703329E-15, 8.938101187500000933 ) ) ;
#1983 = CARTESIAN_POINT ( 'NONE',  ( 13.90774999590322025, -9.750000000000000000, 4.038582233137682387 ) ) ;
#1984 = CARTESIAN_POINT ( 'NONE',  ( 14.00150000000000183, -6.894291116568837197, 6.894291116568839861 ) ) ;
#1985 = CARTESIAN_POINT ( 'NONE',  ( 10.43899999795161193, -3.702282733725573038, -8.938101187499997380 ) ) ;
#1986 = B_SPLINE_CURVE_WITH_KNOTS ( 'NONE', 3,
 ( #1305, #1293, #850, #1057, #2081, #297, #501, #905, #2255, #1639, #58, #491, #700, #2464, #81, #480, #1084, #468, #1270, #1693, #1284, #2232 ),
 .UNSPECIFIED., .F., .F.,
 ( 4, 2, 2, 2, 2, 2, 2, 2, 2, 2, 4 ),
 ( 0.001345114227646915326, 0.002945167824896340741, 0.004545221422145766590, 0.006145275019395192440, 0.007745328616644620023, 0.009345382213894045872, 0.01014540901251875966, 0.01094543581114347172, 0.01254548940839290104, 0.01334551620701761310, 0.01414554300564232862 ),
 .UNSPECIFIED. ) ;
#1987 = ADVANCED_FACE ( 'NONE', ( #2179 ), #2131, .T. ) ;
#1988 = DIRECTION ( 'NONE',  ( 1.000000000000000000, -0.000000000000000000, -0.000000000000000000 ) ) ;
#1989 = ORIENTED_EDGE ( 'NONE', *, *, #722, .T. ) ;
#1990 = DIRECTION ( 'NONE',  ( 1.000000000000000000, -0.000000000000000000, -0.000000000000000000 ) ) ;
#1991 = CARTESIAN_POINT ( 'NONE',  ( 11.01312764390763022, -8.415376401472597578, -4.630856691282748905 ) ) ;
#1992 = CARTESIAN_POINT ( 'NONE',  ( 0.000000000000000000, 10.16000000000000014, 0.000000000000000000 ) ) ;
#1993 = EDGE_CURVE ( 'NONE', #701, #837, #1951, .T. ) ;
#1994 = CARTESIAN_POINT ( 'NONE',  ( 12.87649999590322025, 0.000000000000000000, -9.750000000000000000 ) ) ;
#1995 = PRODUCT_RELATED_PRODUCT_CATEGORY ( 'part', '', ( #2275 ) ) ;
#1996 = CARTESIAN_POINT ( 'NONE',  ( -1.836970198721029589E-15, 10.16000000000000014, -15.00000000000000000 ) ) ;
#1997 = CARTESIAN_POINT ( 'NONE',  ( 0.000000000000000000, 1.244241147933710864E-15, 10.16000000000000014 ) ) ;
#1998 = CIRCLE ( 'NONE', #888, 7.429499999999999105 ) ;
#1999 = CARTESIAN_POINT ( 'NONE',  ( 11.00149999795161371, 8.938101187499999156, 3.702282733725566377 ) ) ;
#2000 = CARTESIAN_POINT ( 'NONE',  ( 12.41243749588273815, -9.758118988124998339, 4.041945228131804235 ) ) ;
#2001 = ORIENTED_EDGE ( 'NONE', *, *, #854, .T. ) ;
#2002 = CIRCLE ( 'NONE', #340, 6.730999999999999872 ) ;
#2003 = CARTESIAN_POINT ( 'NONE',  ( 6.224937495882737259, -4.041945228131797130, 9.758118988125003668 ) ) ;
#2004 = CARTESIAN_POINT ( 'NONE',  ( 9.689000000000000057, -9.750000000000000000, 1.791045943753003908E-15 ) ) ;
#2005 = DIRECTION ( 'NONE',  ( 0.000000000000000000, 1.224646799147352961E-16, 1.000000000000000000 ) ) ;
#2006 = ORIENTED_EDGE ( 'NONE', *, *, #129, .F. ) ;
#2007 = DIRECTION ( 'NONE',  ( 0.000000000000000000, 0.000000000000000000, -1.000000000000000000 ) ) ;
#2008 = CARTESIAN_POINT ( 'NONE',  ( 12.40774999590322025, -9.750000000000000000, 4.038582233137682387 ) ) ;
#2009 = CARTESIAN_POINT ( 'NONE',  ( 8.528295187777830577, 5.775306968467851298, -7.950222419191242729 ) ) ;
#2010 = CARTESIAN_POINT ( 'NONE',  ( 7.438999997951610155, -8.938101187499997380, 3.702282733725571262 ) ) ;
#2011 = CARTESIAN_POINT ( 'NONE',  ( 7.781884130660920107, -5.969991245729133311, 7.729440331666092234 ) ) ;
#2012 = CARTESIAN_POINT ( 'NONE',  ( 13.53743749588273992, 4.041945228131799794, 9.758118988125000115 ) ) ;
#2013 = DIRECTION ( 'NONE',  ( 1.000000000000000000, -0.000000000000000000, -0.000000000000000000 ) ) ;
#2014 = CARTESIAN_POINT ( 'NONE',  ( 4.439000000000000057, 9.750000000000000000, -5.970153145843347347E-16 ) ) ;
#2015 = CARTESIAN_POINT ( 'NONE',  ( 6.024825388469102982, 3.991066439630903240, 8.927481663778651821 ) ) ;
#2016 = CARTESIAN_POINT ( 'NONE',  ( 12.03274999795161193, 0.000000000000000000, -8.938101187500000933 ) ) ;
#2017 = CARTESIAN_POINT ( 'NONE',  ( 5.376499997951611043, 8.938101187499999156, 3.702282733725566377 ) ) ;
#2018 = VERTEX_POINT ( 'NONE', #1397 ) ;
#2019 = CARTESIAN_POINT ( 'NONE',  ( 8.657749997951611931, -8.938101187500000933, 1.641902551459054698E-15 ) ) ;
#2020 = CARTESIAN_POINT ( 'NONE',  ( 11.37649999795161548, 8.938101187499999156, 3.702282733725566377 ) ) ;
#2021 = CARTESIAN_POINT ( 'NONE',  ( -7.071067811865363595, 10.16000000000000014, -7.071067811865438202 ) ) ;
#2022 = CARTESIAN_POINT ( 'NONE',  ( 6.876499997951610155, 8.938101187499999156, 3.702282733725566377 ) ) ;
#2023 = CARTESIAN_POINT ( 'NONE',  ( 7.820506825150279617, -7.128531566626885585, 6.671604879314018355 ) ) ;
#2024 = SURFACE_STYLE_FILL_AREA ( #397 ) ;
#2025 = CARTESIAN_POINT ( 'NONE',  ( 5.751500000000000057, 6.894291116568838973, -6.894291116568838973 ) ) ;
#2026 = CARTESIAN_POINT ( 'NONE',  ( 13.90774999795161015, 8.938101187500000933, -5.473008504863516646E-16 ) ) ;
#2027 = CARTESIAN_POINT ( 'NONE',  ( 11.19243126806825650, 1.159595285297534417, -9.314198065472179877 ) ) ;
#2028 = ORIENTED_EDGE ( 'NONE', *, *, #1348, .T. ) ;
#2029 = EDGE_LOOP ( 'NONE', ( #2550, #1272, #1803, #1372, #2521 ) ) ;
#2030 = CARTESIAN_POINT ( 'NONE',  ( 8.095249997951610155, 6.320191960612784321, 6.320191960612783433 ) ) ;
#2031 = CARTESIAN_POINT ( 'NONE',  ( 6.501499997951611931, 3.702282733725566821, -8.938101187499999156 ) ) ;
#2032 = CARTESIAN_POINT ( 'NONE',  ( 9.998049006451195098, 4.722943465164847865, -8.617061144111174187 ) ) ;
#2033 = CARTESIAN_POINT ( 'NONE',  ( 10.62649999795161193, -8.938101187499997380, -3.702282733725569042 ) ) ;
#2034 = CARTESIAN_POINT ( 'NONE',  ( 0.000000000000000000, 0.000000000000000000, 0.000000000000000000 ) ) ;
#2035 = DIRECTION ( 'NONE',  ( 0.000000000000000000, -1.000000000000000000, 0.000000000000000000 ) ) ;
#2036 = CARTESIAN_POINT ( 'NONE',  ( 11.84524999795161193, -6.320191960612785209, -6.320191960612781656 ) ) ;
#2037 = CARTESIAN_POINT ( 'NONE',  ( 6.004047877079693230, 4.755174794611914280, 8.512029353946378052 ) ) ;
#2038 = CIRCLE ( 'NONE', #926, 7.366000000000001435 ) ;
#2039 = ADVANCED_FACE ( 'NONE', ( #403 ), #156, .T. ) ;
#2040 = CARTESIAN_POINT ( 'NONE',  ( 6.751841549839354251, -4.869290507723699868, -8.541196130177507229 ) ) ;
#2041 = CARTESIAN_POINT ( 'NONE',  ( 5.188999997951610155, 8.938101187499999156, -3.702282733725567709 ) ) ;
#2042 = ORIENTED_EDGE ( 'NONE', *, *, #990, .F. ) ;
#2043 = CARTESIAN_POINT ( 'NONE',  ( 5.317684994114377339, -1.337907124729569297, 8.837401052548583991 ) ) ;
#2044 = CARTESIAN_POINT ( 'NONE',  ( 14.75149999795161193, -3.702282733725565045, 8.938101187500000933 ) ) ;
#2045 = CARTESIAN_POINT ( 'NONE',  ( 10.15774999795161015, 1.094601700972703329E-15, 8.938101187500000933 ) ) ;
#2046 = CARTESIAN_POINT ( 'NONE',  ( 10.51200843294548193, 4.472939669541825758, 8.690583622964869193 ) ) ;
#2047 = CARTESIAN_POINT ( 'NONE',  ( 7.157749997951610155, 1.094601700972703329E-15, 8.938101187500000933 ) ) ;
#2048 = CARTESIAN_POINT ( 'NONE',  ( 8.142203857722966731, -8.149146660201530779, -5.522881546342082615 ) ) ;
#2049 = CARTESIAN_POINT ( 'NONE',  ( 6.595250000000001833, -9.750000000000000000, 4.038582233137682387 ) ) ;
#2050 = CARTESIAN_POINT ( 'NONE',  ( 0.000000000000000000, 0.000000000000000000, 0.000000000000000000 ) ) ;
#2051 = ORIENTED_EDGE ( 'NONE', *, *, #691, .T. ) ;
#2052 = VECTOR ( 'NONE', #191, 1000.000000000000000 ) ;
#2053 = FACE_OUTER_BOUND ( 'NONE', #210, .T. ) ;
#2054 = CARTESIAN_POINT ( 'NONE',  ( 11.21133884679435333, 2.307430622839304224, -9.092578845461478210 ) ) ;
#2055 = ORIENTED_EDGE ( 'NONE', *, *, #2378, .T. ) ;
#2056 = DIRECTION ( 'NONE',  ( 1.000000000000000000, -0.000000000000000000, -0.000000000000000000 ) ) ;
#2057 = CARTESIAN_POINT ( 'NONE',  ( 10.81895742190772758, -0.2135568644128838234, 9.750000000000003553 ) ) ;
#2058 = CARTESIAN_POINT ( 'NONE',  ( 5.751499997951611931, -8.938101187499997380, -3.702282733725569042 ) ) ;
#2059 = CARTESIAN_POINT ( 'NONE',  ( 6.595249997951609267, 6.320191960612784321, -6.320191960612784321 ) ) ;
#2060 = CARTESIAN_POINT ( 'NONE',  ( 10.39322010185168033, 8.094936084729702941, 5.437854280052075495 ) ) ;
#2061 = CARTESIAN_POINT ( 'NONE',  ( 7.626500000000000057, 6.894291116568838973, 6.894291116568837197 ) ) ;
#2062 = DIRECTION ( 'NONE',  ( 0.000000000000000000, 0.000000000000000000, -1.000000000000000000 ) ) ;
#2063 = CARTESIAN_POINT ( 'NONE',  ( 14.00149999795161193, 8.938101187499999156, 3.702282733725566377 ) ) ;
#2064 = EDGE_CURVE ( 'NONE', #1393, #80, #554, .T. ) ;
#2065 = DIRECTION ( 'NONE',  ( -1.000000000000000000, 0.000000000000000000, 0.000000000000000000 ) ) ;
#2066 = CARTESIAN_POINT ( 'NONE',  ( 5.594889077405091449, 0.000000000000000000, -9.696498548535455342 ) ) ;
#2067 = CARTESIAN_POINT ( 'NONE',  ( 10.82399999999998741, -7.198538085283400001, 6.575996237618803697 ) ) ;
#2068 = CARTESIAN_POINT ( 'NONE',  ( 13.34524999795161015, -6.320191960612783433, 6.320191960612785209 ) ) ;
#2069 = CARTESIAN_POINT ( 'NONE',  ( 9.220249997951610155, -6.320191960612785209, -6.320191960612781656 ) ) ;
#2070 = DIRECTION ( 'NONE',  ( -0.000000000000000000, -1.000000000000000000, -0.000000000000000000 ) ) ;
#2071 = EDGE_CURVE ( 'NONE', #1976, #166, #1894, .T. ) ;
#2072 = CARTESIAN_POINT ( 'NONE',  ( 8.657750000000000057, 4.038582233137677058, -9.750000000000001776 ) ) ;
#2073 = DIRECTION ( 'NONE',  ( 0.000000000000000000, 0.000000000000000000, -1.000000000000000000 ) ) ;
#2074 = LINE ( 'NONE', #299, #849 ) ;
#2075 = CARTESIAN_POINT ( 'NONE',  ( 5.522044201703366184, -6.735655016139637574, -6.720526749455868476 ) ) ;
#2076 = CARTESIAN_POINT ( 'NONE',  ( 6.313999997951611931, 8.938101187499999156, -3.702282733725567709 ) ) ;
#2077 = CARTESIAN_POINT ( 'NONE',  ( 14.87504745322470256, -7.152266980316128731, 5.488116940909439911 ) ) ;
#2078 = CARTESIAN_POINT ( 'NONE',  ( 5.395854736868706425, 8.397632391819355391, 4.242751529406210587 ) ) ;
#2079 = LINE ( 'NONE', #1708, #1689 ) ;
#2080 = CARTESIAN_POINT ( 'NONE',  ( 8.282750000000000057, -9.750000000000000000, -4.038582233137678834 ) ) ;
#2081 = CARTESIAN_POINT ( 'NONE',  ( 5.317684994114377339, 2.611023336412420459, 8.564528518548836900 ) ) ;
#2082 = VERTEX_POINT ( 'NONE', #213 ) ;
#2083 = CARTESIAN_POINT ( 'NONE',  ( 10.25149999795161015, -8.938101187499999156, -3.702282733725568598 ) ) ;
#2084 = CIRCLE ( 'NONE', #984, 10.16000000000000014 ) ;
#2085 = CARTESIAN_POINT ( 'NONE',  ( 6.782749997951610155, 1.094601700972703329E-15, 8.938101187500000933 ) ) ;
#2086 = CARTESIAN_POINT ( 'NONE',  ( 13.34524999795161015, -6.320191960612783433, 6.320191960612785209 ) ) ;
#2087 = CARTESIAN_POINT ( 'NONE',  ( 8.906978987926221336, 7.767737774699809528, 5.904879020757394237 ) ) ;
#2088 = AXIS2_PLACEMENT_3D ( 'NONE', #231, #1606, #1000 ) ;
#2089 = CARTESIAN_POINT ( 'NONE',  ( 11.63589881250000069, -7.733971776929557507, 4.489018386886104217 ) ) ;
#2090 = ADVANCED_FACE ( 'NONE', ( #1074 ), #200, .T. ) ;
#2091 = CARTESIAN_POINT ( 'NONE',  ( 5.938999995903219364, 6.894291116568838973, 6.894291116568837197 ) ) ;
#2092 = ORIENTED_EDGE ( 'NONE', *, *, #1929, .T. ) ;
#2093 = CARTESIAN_POINT ( 'NONE',  ( 12.12650000000000183, 6.894291116568838973, 6.894291116568837197 ) ) ;
#2094 = CARTESIAN_POINT ( 'NONE',  ( 9.037437495882736371, 4.041945228131799794, 9.758118988125000115 ) ) ;
#2095 = EDGE_CURVE ( 'NONE', #1191, #386, #2002, .T. ) ;
#2096 = CARTESIAN_POINT ( 'NONE',  ( 9.320445153206739164, -7.130394744843718158, 6.672760025088420477 ) ) ;
#2097 = EDGE_LOOP ( 'NONE', ( #257, #790, #848, #1328, #1694, #1680, #2475, #1294, #824 ) ) ;
#2098 = CARTESIAN_POINT ( 'NONE',  ( 5.533079565877961237, -5.874707389649369560, -7.506270677051200657 ) ) ;
#2099 = CARTESIAN_POINT ( 'NONE',  ( 6.970249997951611043, -6.320191960612783433, 6.320191960612785209 ) ) ;
#2100 = CARTESIAN_POINT ( 'NONE',  ( 14.65774999795161193, 1.094601700972703329E-15, 8.938101187500000933 ) ) ;
#2101 = CARTESIAN_POINT ( 'NONE',  ( 6.407749997951610155, 0.000000000000000000, -8.938101187500000933 ) ) ;
#2102 = CARTESIAN_POINT ( 'NONE',  ( 11.68399999999999928, 0.000000000000000000, 8.890000000000000568 ) ) ;
#2103 = B_SPLINE_CURVE_WITH_KNOTS ( 'NONE', 3,
 ( #6, #810, #1603, #1220, #1420, #1023, #632, #1383, #1614, #2563, #2206, #1435, #2219, #310, #1497, #866, #2452, #1488, #646, #1093, #1886, #91, #2436, #2040, #674, #70, #2424 ),
 .UNSPECIFIED., .F., .F.,
 ( 4, 2, 2, 2, 2, 1, 2, 2, 2, 2, 2, 2, 2, 4 ),
 ( 0.07556779082025984196, 0.08021948201224633757, 0.08254532760823959925, 0.08312678900723791120, 0.08341751970673705330, 0.08370825040623620927, 0.08487117320423281930, 0.09417455558820572725, 0.1034779379721786213, 0.1127813203561515154, 0.1220847027401244234, 0.1313880851240973313, 0.1406914675080702115, 0.1499948498920431195 ),
 .UNSPECIFIED. ) ;
#2104 = CARTESIAN_POINT ( 'NONE',  ( 6.126499995903219364, 1.194030629168669469E-15, 9.750000000000000000 ) ) ;
#2105 = ORIENTED_EDGE ( 'NONE', *, *, #2281, .T. ) ;
#2106 = CARTESIAN_POINT ( 'NONE',  ( 10.43900000000000006, 9.750000000000000000, -5.970153145843347347E-16 ) ) ;
#2107 = CARTESIAN_POINT ( 'NONE',  ( 10.82375303918781029, -7.189553986803151275, 6.585803935035598577 ) ) ;
#2108 = CARTESIAN_POINT ( 'NONE',  ( 10.43900000000000006, 9.750000000000000000, -5.970153145843347347E-16 ) ) ;
#2109 = ORIENTED_EDGE ( 'NONE', *, *, #2137, .F. ) ;
#2110 = CARTESIAN_POINT ( 'NONE',  ( 5.447993697090629972, -9.311351833396008360, 0.1691535196385503814 ) ) ;
#2111 = EDGE_CURVE ( 'NONE', #157, #808, #1470, .T. ) ;
#2112 = CARTESIAN_POINT ( 'NONE',  ( 12.22024999795161015, -6.320191960612785209, -6.320191960612781656 ) ) ;
#2113 = CARTESIAN_POINT ( 'NONE',  ( 6.876499997951609267, 8.938101187500000933, 3.702282733725566377 ) ) ;
#2114 = CIRCLE ( 'NONE', #1786, 10.16000000000000014 ) ;
#2115 = CARTESIAN_POINT ( 'NONE',  ( 11.63589881249999536, -3.739928712741503958, 8.136891398754968918 ) ) ;
#2116 = CARTESIAN_POINT ( 'NONE',  ( 8.282749995903220253, -4.038582233137683275, -9.750000000000000000 ) ) ;
#2117 = CARTESIAN_POINT ( 'NONE',  ( 7.157750000000001833, 4.038582233137677058, -9.750000000000001776 ) ) ;
#2118 = CARTESIAN_POINT ( 'NONE',  ( 13.06868749588273637, 6.900032108128399955, -6.900032108128399955 ) ) ;
#2119 = CARTESIAN_POINT ( 'NONE',  ( 10.82375303918781029, -7.189553986803151275, 6.585803935035598577 ) ) ;
#2120 = CARTESIAN_POINT ( 'NONE',  ( -7.071067811865363595, 10.16000000000000014, 7.071067811865438202 ) ) ;
#2121 = ORIENTED_EDGE ( 'NONE', *, *, #1914, .F. ) ;
#2122 = CARTESIAN_POINT ( 'NONE',  ( 11.49418513357802496, -8.565620774040336727, 3.064058843815485655 ) ) ;
#2123 = CARTESIAN_POINT ( 'NONE',  ( 8.563999997951611931, -8.938101187499997380, 3.702282733725571262 ) ) ;
#2124 = CARTESIAN_POINT ( 'NONE',  ( 14.37649999795161015, 8.938101187499999156, 3.702282733725566377 ) ) ;
#2125 = VERTEX_POINT ( 'NONE', #2354 ) ;
#2126 = DIRECTION ( 'NONE',  ( -1.000000000000000000, 0.000000000000000000, 0.000000000000000000 ) ) ;
#2127 = CARTESIAN_POINT ( 'NONE',  ( 8.095249997951610155, 6.320191960612784321, -6.320191960612784321 ) ) ;
#2128 = CARTESIAN_POINT ( 'NONE',  ( 8.470249995903220253, 4.038582233137677058, -9.750000000000001776 ) ) ;
#2129 = ORIENTED_EDGE ( 'NONE', *, *, #451, .T. ) ;
#2130 = CARTESIAN_POINT ( 'NONE',  ( 13.43900000000000183, 9.750000000000000000, -5.970153145843347347E-16 ) ) ;
#2131 = CONICAL_SURFACE ( 'NONE', #1356, 8.890000000000000568, 0.7853981633974432830 ) ;
#2132 = CARTESIAN_POINT ( 'NONE',  ( 8.282749997951610155, 1.094601700972703329E-15, 8.938101187500000933 ) ) ;
#2133 = FACE_OUTER_BOUND ( 'NONE', #987, .T. ) ;
#2134 = VERTEX_POINT ( 'NONE', #1395 ) ;
#2135 = CARTESIAN_POINT ( 'NONE',  ( 5.667980786376496383, 9.159000307107827865, -3.357761875788646488 ) ) ;
#2136 = CARTESIAN_POINT ( 'NONE',  ( 10.95416121079876248, -2.615408180267157601, 9.261677952645738898 ) ) ;
#2137 = EDGE_CURVE ( 'NONE', #2562, #8, #2336, .T. ) ;
#2138 = CARTESIAN_POINT ( 'NONE',  ( 11.59599665219094788, 3.131748038304469350, 8.419109078732635254 ) ) ;
#2139 = EDGE_LOOP ( 'NONE', ( #2395, #915 ) ) ;
#2140 = DIRECTION ( 'NONE',  ( -1.224646799147353207E-16, 0.000000000000000000, 1.000000000000000000 ) ) ;
#2141 = CARTESIAN_POINT ( 'NONE',  ( 7.907749997951611043, 0.000000000000000000, -8.938101187500000933 ) ) ;
#2142 = CARTESIAN_POINT ( 'NONE',  ( 5.188999997951610155, 8.938101187499999156, -3.702282733725567709 ) ) ;
#2143 = EDGE_CURVE ( 'NONE', #2125, #634, #2103, .T. ) ;
#2144 = CARTESIAN_POINT ( 'NONE',  ( 5.306677564119895329, 1.090913674976167664E-15, 8.907986169854885006 ) ) ;
#2145 = CARTESIAN_POINT ( 'NONE',  ( 9.782749997951610155, 1.094601700972703329E-15, 8.938101187500000933 ) ) ;
#2146 = CARTESIAN_POINT ( 'NONE',  ( 9.141350093211189076, -0.6851173171772857451, 9.749999925193769457 ) ) ;
#2147 = ORIENTED_EDGE ( 'NONE', *, *, #304, .F. ) ;
#2148 = CARTESIAN_POINT ( 'NONE',  ( 5.927410196927247910, 7.270412864973563316, 6.550168290693084039 ) ) ;
#2149 = CARTESIAN_POINT ( 'NONE',  ( 5.383349028228600730, -6.906229891564990453, 5.960036814568371533 ) ) ;
#2150 = CARTESIAN_POINT ( 'NONE',  ( 11.68399999999999572, 1.088711004441997179E-15, -8.890000000000000568 ) ) ;
#2151 = CARTESIAN_POINT ( 'NONE',  ( 11.18899999795161193, 3.702282733725568598, 8.938101187499999156 ) ) ;
#2152 = CARTESIAN_POINT ( 'NONE',  ( 11.16008601755663676, -0.9164346362481694541, -9.380547980927135043 ) ) ;
#2153 = LINE ( 'NONE', #2181, #1190 ) ;
#2154 = CARTESIAN_POINT ( 'NONE',  ( 5.657749997951609267, 1.094601700972703329E-15, 8.938101187500000933 ) ) ;
#2155 = CARTESIAN_POINT ( 'NONE',  ( 0.000000000000000000, 10.16000000000000014, 0.000000000000000000 ) ) ;
#2156 = CARTESIAN_POINT ( 'NONE',  ( 10.15774999795161015, -8.938101187500000933, 1.641902551459054698E-15 ) ) ;
#2157 = B_SPLINE_CURVE_WITH_KNOTS ( 'NONE', 3,
 ( #2459, #1079, #1240, #2032, #1065, #217, #665, #1469, #1855, #1674, #1811, #2402, #474, #66, #1278, #2196, #1661, #1264, #1051, #2060, #2442, #280, #1630, #48, #856, #2046, #76, #461, #885, #1412, #423 ),
 .UNSPECIFIED., .F., .F.,
 ( 4, 2, 2, 2, 2, 2, 2, 2, 2, 1, 2, 2, 2, 2, 2, 4 ),
 ( 0.4499844544406854108, 0.4589663199031112084, 0.4679481853655370616, 0.4769300508279628592, 0.4859119162903886568, 0.4948937817528145100, 0.4993847144840274366, 0.4999460810754290385, 0.5002267643711297840, 0.5005074476668306405, 0.5016301808496338444, 0.5038756472152403632, 0.5083665799464532897, 0.5128575126776662163, 0.5173484454088791429, 0.5218393781400920695 ),
 .UNSPECIFIED. ) ;
#2158 = CARTESIAN_POINT ( 'NONE',  ( 9.368823084944503776, -8.301418381462031704, 5.115153022903910163 ) ) ;
#2159 = ORIENTED_EDGE ( 'NONE', *, *, #2549, .T. ) ;
#2160 = CARTESIAN_POINT ( 'NONE',  ( 16.51000000000000156, 9.020748322519405197E-16, 7.366000000000001435 ) ) ;
#2161 = CIRCLE ( 'NONE', #1179, 7.747000000000002551 ) ;
#2162 = CARTESIAN_POINT ( 'NONE',  ( 9.407750000000001833, -4.038582233137675281, 9.750000000000001776 ) ) ;
#2163 = CARTESIAN_POINT ( 'NONE',  ( 10.85316234488967346, -8.310782605433486125, 5.063447101614359624 ) ) ;
#2164 = EDGE_LOOP ( 'NONE', ( #35, #566, #1208, #949 ) ) ;
#2165 = DIRECTION ( 'NONE',  ( 1.000000000000000000, -0.000000000000000000, -0.000000000000000000 ) ) ;
#2166 = CARTESIAN_POINT ( 'NONE',  ( -12.99999999999986322, -10.16000000000000014, -15.00000000000000000 ) ) ;
#2167 = CARTESIAN_POINT ( 'NONE',  ( 12.68899999795161193, 8.938101187499999156, -3.702282733725567709 ) ) ;
#2168 = CARTESIAN_POINT ( 'NONE',  ( 13.81399999590322203, -6.894291116568837197, 6.894291116568839861 ) ) ;
#2169 = EDGE_CURVE ( 'NONE', #864, #1437, #1637, .T. ) ;
#2170 = AXIS2_PLACEMENT_3D ( 'NONE', #2445, #2126, #2241 ) ;
#2171 = VECTOR ( 'NONE', #1913, 1000.000000000000000 ) ;
#2172 = DIRECTION ( 'NONE',  ( 1.000000000000000000, -0.000000000000000000, -0.000000000000000000 ) ) ;
#2173 = CARTESIAN_POINT ( 'NONE',  ( 8.470249997951611931, -6.320191960612783433, 6.320191960612785209 ) ) ;
#2174 = CARTESIAN_POINT ( 'NONE',  ( 9.353076571424123742, -7.953989968310120950, 5.644831293168642183 ) ) ;
#2175 = ORIENTED_EDGE ( 'NONE', *, *, #2449, .T. ) ;
#2176 = B_SPLINE_CURVE_WITH_KNOTS ( 'NONE', 3,
 ( #261, #2067, #1682, #897 ),
 .UNSPECIFIED., .F., .F.,
 ( 4, 4 ),
 ( 0.000000000000000000, 1.000000000000000000 ),
 .UNSPECIFIED. ) ;
#2177 = ADVANCED_FACE ( 'NONE', ( #42 ), #1257, .F. ) ;
#2178 = CARTESIAN_POINT ( 'NONE',  ( 15.52751339424810695, 0.000000000000000000, 0.000000000000000000 ) ) ;
#2179 = FACE_OUTER_BOUND ( 'NONE', #2494, .T. ) ;
#2180 = ORIENTED_EDGE ( 'NONE', *, *, #1425, .F. ) ;
#2181 = CARTESIAN_POINT ( 'NONE',  ( -1.836970198721029589E-15, -10.16000000000000014, -15.00000000000000000 ) ) ;
#2182 = CARTESIAN_POINT ( 'NONE',  ( 13.06399999590322025, 6.894291116568838973, -6.894291116568838973 ) ) ;
#2183 = CARTESIAN_POINT ( 'NONE',  ( 6.595249997951609267, 6.320191960612784321, -6.320191960612784321 ) ) ;
#2184 = DIRECTION ( 'NONE',  ( 0.000000000000000000, 0.000000000000000000, -1.000000000000000000 ) ) ;
#2185 = LINE ( 'NONE', #1997, #1280 ) ;
#2186 = CARTESIAN_POINT ( 'NONE',  ( 8.563999997951611931, -8.938101187499997380, 3.702282733725571262 ) ) ;
#2187 = LINE ( 'NONE', #2380, #751 ) ;
#2188 = ORIENTED_EDGE ( 'NONE', *, *, #283, .T. ) ;
#2189 = CARTESIAN_POINT ( 'NONE',  ( 12.59524999795161371, 6.320191960612784321, 6.320191960612783433 ) ) ;
#2190 = CARTESIAN_POINT ( 'NONE',  ( 10.89727128322122596, -9.355895453261531713, 2.514316006483090504 ) ) ;
#2191 = ORIENTED_EDGE ( 'NONE', *, *, #466, .F. ) ;
#2192 = CARTESIAN_POINT ( 'NONE',  ( 7.200330160941932789, 9.581754318055120123, -2.163410349229045959 ) ) ;
#2193 = EDGE_CURVE ( 'NONE', #2314, #1635, #1986, .T. ) ;
#2194 = CARTESIAN_POINT ( 'NONE',  ( 12.50149999795161371, 3.702282733725566821, -8.938101187499999156 ) ) ;
#2195 = CARTESIAN_POINT ( 'NONE',  ( 12.97024999590322025, 4.038582233137677058, -9.750000000000001776 ) ) ;
#2196 = CARTESIAN_POINT ( 'NONE',  ( 10.37816897639743274, 8.424569731406307938, 4.908216293340858627 ) ) ;
#2197 = CARTESIAN_POINT ( 'NONE',  ( 10.81399999795161193, -3.702282733725573038, -8.938101187499997380 ) ) ;
#2198 = ADVANCED_FACE ( 'NONE', ( #2053 ), #1015, .T. ) ;
#2199 = CARTESIAN_POINT ( 'NONE',  ( 7.832523314533315073, -7.450824422568514294, 6.305444126648444225 ) ) ;
#2200 = CARTESIAN_POINT ( 'NONE',  ( 16.98306130432302652, 0.000000000000000000, 0.000000000000000000 ) ) ;
#2201 = CARTESIAN_POINT ( 'NONE',  ( 5.939000000000000057, 9.750000000000000000, -5.970153145843347347E-16 ) ) ;
#2202 = CARTESIAN_POINT ( 'NONE',  ( -12.99999999999986322, 10.16000000000000014, 15.00000000000000000 ) ) ;
#2203 = EDGE_LOOP ( 'NONE', ( #18, #618, #110, #2028, #1967 ) ) ;
#2204 = TOROIDAL_SURFACE ( 'NONE', #1675, 6.466850956541578377, 1.015999999999999348 ) ;
#2205 = CARTESIAN_POINT ( 'NONE',  ( 6.599937495882737259, -9.758118988124998339, -4.041945228131800683 ) ) ;
#2206 = CARTESIAN_POINT ( 'NONE',  ( 6.216288556581507585, -3.585793535225098250, 9.068493052617979444 ) ) ;
#2207 = CARTESIAN_POINT ( 'NONE',  ( 11.22088749390432127, 2.861351201628171914, -8.923567849559146836 ) ) ;
#2208 = VERTEX_POINT ( 'NONE', #271 ) ;
#2209 = CARTESIAN_POINT ( 'NONE',  ( 5.563999997951611931, -8.938101187499999156, 3.702282733725571706 ) ) ;
#2210 = CARTESIAN_POINT ( 'NONE',  ( 5.938999997951611043, -8.938101187499997380, 3.702282733725571262 ) ) ;
#2211 = FACE_OUTER_BOUND ( 'NONE', #548, .T. ) ;
#2212 = CARTESIAN_POINT ( 'NONE',  ( 8.751499997951610155, -3.702282733725565045, 8.938101187500000933 ) ) ;
#2213 = CARTESIAN_POINT ( 'NONE',  ( 7.739401596661164895, -4.512464188288798361, 8.665297757030552717 ) ) ;
#2214 = CARTESIAN_POINT ( 'NONE',  ( 15.03743749588273992, 4.041945228131799794, 9.758118988125000115 ) ) ;
#2215 = CARTESIAN_POINT ( 'NONE',  ( 5.189000000000000057, -9.750000000000000000, 1.791045943753003908E-15 ) ) ;
#2216 = CIRCLE ( 'NONE', #1847, 8.907986169854885006 ) ;
#2217 = CARTESIAN_POINT ( 'NONE',  ( -14.14213562373087640, 10.16000000000000014, 0.000000000000000000 ) ) ;
#2218 = AXIS2_PLACEMENT_3D ( 'NONE', #1176, #1769, #2555 ) ;
#2219 = CARTESIAN_POINT ( 'NONE',  ( 6.257008201055212382, -5.075767434162603564, 8.420635315882336158 ) ) ;
#2220 = CARTESIAN_POINT ( 'NONE',  ( 11.36384106822054285, 8.746601847257897688, -2.899741443019109521 ) ) ;
#2221 = ORIENTED_EDGE ( 'NONE', *, *, #2064, .T. ) ;
#2222 = ORIENTED_EDGE ( 'NONE', *, *, #994, .F. ) ;
#2223 = CARTESIAN_POINT ( 'NONE',  ( 5.395854736868905377, -4.242751529411743050, 8.397632391813825592 ) ) ;
#2224 = CARTESIAN_POINT ( 'NONE',  ( 12.12649999795161371, -8.938101187499997380, -3.702282733725569042 ) ) ;
#2225 = CARTESIAN_POINT ( 'NONE',  ( 5.751499997951611043, -3.702282733725565045, 8.938101187500000933 ) ) ;
#2226 = CARTESIAN_POINT ( 'NONE',  ( 8.875441682901641371, 8.481029247312461550, 4.810456664869049881 ) ) ;
#2227 = CARTESIAN_POINT ( 'NONE',  ( 9.876499997951611931, 8.938101187499999156, 3.702282733725566377 ) ) ;
#2228 = CARTESIAN_POINT ( 'NONE',  ( 8.010569628663867903, -9.837885028762880069, -0.3554503384464328120 ) ) ;
#2229 = ADVANCED_FACE ( 'NONE', ( #1073 ), #1874, .F. ) ;
#2230 = CARTESIAN_POINT ( 'NONE',  ( 12.22024999795161193, 6.320191960612784321, -6.320191960612784321 ) ) ;
#2231 = DIRECTION ( 'NONE',  ( 1.000000000000000000, 0.000000000000000000, 0.000000000000000000 ) ) ;
#2232 = CARTESIAN_POINT ( 'NONE',  ( 5.317684994114167729, 8.837401052550628577, 1.337907124715634000 ) ) ;
#2233 = CARTESIAN_POINT ( 'NONE',  ( 11.46924672698186320, 8.477120652167210224, 3.372434159737706771 ) ) ;
#2234 = ORIENTED_EDGE ( 'NONE', *, *, #1993, .T. ) ;
#2235 = CARTESIAN_POINT ( 'NONE',  ( 8.563999997951611931, -8.938101187499999156, 3.702282733725571706 ) ) ;
#2236 = CARTESIAN_POINT ( 'NONE',  ( 5.563999997951611931, -8.938101187499997380, 3.702282733725571262 ) ) ;
#2237 = CARTESIAN_POINT ( 'NONE',  ( 9.407749997951610155, 0.000000000000000000, -8.938101187500000933 ) ) ;
#2238 = CARTESIAN_POINT ( 'NONE',  ( 8.887569330273050738, 8.223650740864203001, 5.242316479869721491 ) ) ;
#2239 = CARTESIAN_POINT ( 'NONE',  ( 10.72024999795161193, -6.320191960612785209, -6.320191960612781656 ) ) ;
#2240 = CARTESIAN_POINT ( 'NONE',  ( 15.52751339424810695, 8.243097605060833811E-16, 6.730999999999999872 ) ) ;
#2241 = DIRECTION ( 'NONE',  ( 0.000000000000000000, 0.000000000000000000, 1.000000000000000000 ) ) ;
#2242 = CARTESIAN_POINT ( 'NONE',  ( 14.47024999795161193, -6.320191960612783433, 6.320191960612785209 ) ) ;
#2243 =( GEOMETRIC_REPRESENTATION_CONTEXT ( 3 ) GLOBAL_UNCERTAINTY_ASSIGNED_CONTEXT ( ( #1567 ) ) GLOBAL_UNIT_ASSIGNED_CONTEXT ( ( #226, #1433, #165 ) ) REPRESENTATION_CONTEXT ( 'NONE', 'WORKASPACE' ) );
#2244 = EDGE_LOOP ( 'NONE', ( #1909, #869 ) ) ;
#2245 = AXIS2_PLACEMENT_3D ( 'NONE', #371, #1971, #962 ) ;
#2246 = CARTESIAN_POINT ( 'NONE',  ( -12.99999999999986322, 10.16000000000000014, -12.99999999999999822 ) ) ;
#2247 = CARTESIAN_POINT ( 'NONE',  ( 11.24999758594388766, 4.459530533040269695, -8.208961895398438458 ) ) ;
#2248 = EDGE_LOOP ( 'NONE', ( #172, #1653, #2276, #2294 ) ) ;
#2249 = CARTESIAN_POINT ( 'NONE',  ( -12.99999999999986322, 10.16000000000000014, -12.99999999999999822 ) ) ;
#2250 = CARTESIAN_POINT ( 'NONE',  ( 5.095249997951610155, 6.320191960612784321, 6.320191960612783433 ) ) ;
#2251 = CARTESIAN_POINT ( 'NONE',  ( 6.876499997951610155, 8.938101187499999156, 3.702282733725566377 ) ) ;
#2252 = DIRECTION ( 'NONE',  ( -1.000000000000000000, 0.000000000000000000, 0.000000000000000000 ) ) ;
#2253 = EDGE_CURVE ( 'NONE', #350, #135, #894, .T. ) ;
#2254 = CARTESIAN_POINT ( 'NONE',  ( 14.09524999795161015, 6.320191960612784321, 6.320191960612783433 ) ) ;
#2255 = CARTESIAN_POINT ( 'NONE',  ( 5.317684994114383557, 5.425047567080468980, 7.122970260842709678 ) ) ;
#2256 = ORIENTED_EDGE ( 'NONE', *, *, #2357, .T. ) ;
#2257 = CARTESIAN_POINT ( 'NONE',  ( 10.72024999795161193, 6.320191960612784321, -6.320191960612784321 ) ) ;
#2258 = EDGE_CURVE ( 'NONE', #701, #2134, #952, .T. ) ;
#2259 = CARTESIAN_POINT ( 'NONE',  ( 5.685140464769506963, 4.872920297815954704, -8.915661935321724130 ) ) ;
#2260 = AXIS2_PLACEMENT_3D ( 'NONE', #922, #1121, #2489 ) ;
#2261 = CARTESIAN_POINT ( 'NONE',  ( 5.095249997951610155, 6.320191960612784321, 6.320191960612783433 ) ) ;
#2262 = CARTESIAN_POINT ( 'NONE',  ( 8.188999997951610155, 8.938101187499999156, -3.702282733725567709 ) ) ;
#2263 = DIRECTION ( 'NONE',  ( -0.9730802874900095212, 0.000000000000000000, 0.2304663838792123942 ) ) ;
#2264 = CARTESIAN_POINT ( 'NONE',  ( 9.407750000000000057, -4.038582233137675281, 9.750000000000001776 ) ) ;
#2265 = CARTESIAN_POINT ( 'NONE',  ( 6.970250000000000945, -4.038582233137673505, -9.750000000000008882 ) ) ;
#2266 = CARTESIAN_POINT ( 'NONE',  ( 5.427807655822301847, -8.983154598217794273, 2.180049046144878933 ) ) ;
#2267 = CARTESIAN_POINT ( 'NONE',  ( 6.032749997951611043, 0.000000000000000000, -8.938101187500000933 ) ) ;
#2268 = CARTESIAN_POINT ( 'NONE',  ( 14.75149999795161193, -3.702282733725565045, 8.938101187500000933 ) ) ;
#2269 = LINE ( 'NONE', #317, #2171 ) ;
#2270 = CARTESIAN_POINT ( 'NONE',  ( 9.782749995903220253, -4.038582233137683275, -9.750000000000000000 ) ) ;
#2271 = EDGE_CURVE ( 'NONE', #2356, #936, #536, .T. ) ;
#2272 = CARTESIAN_POINT ( 'NONE',  ( 5.306677564119895329, 0.000000000000000000, -8.907986169854885006 ) ) ;
#2273 = CARTESIAN_POINT ( 'NONE',  ( 10.90775000000000183, -4.038582233137675281, 9.750000000000001776 ) ) ;
#2274 = CARTESIAN_POINT ( 'NONE',  ( 6.689000000000000057, -9.750000000000000000, 1.791045943753003908E-15 ) ) ;
#2275 = PRODUCT ( 'P001-B105_BikeMount_Rev2D-4', 'P001-B105_BikeMount_Rev2D-4', '', ( #924 ) ) ;
#2276 = ORIENTED_EDGE ( 'NONE', *, *, #892, .F. ) ;
#2277 = CARTESIAN_POINT ( 'NONE',  ( 5.516772222696489258, -7.120483740461963862, -6.289450560281558467 ) ) ;
#2278 = CARTESIAN_POINT ( 'NONE',  ( 6.501499997951612819, 8.938101187499999156, 3.702282733725566377 ) ) ;
#2279 = CARTESIAN_POINT ( 'NONE',  ( 13.15774999795161193, 1.094601700972703329E-15, 8.938101187500000933 ) ) ;
#2280 = CARTESIAN_POINT ( 'NONE',  ( 11.63589881249999181, -7.869903658959240822, 4.246175238723913559 ) ) ;
#2281 = EDGE_CURVE ( 'NONE', #386, #1533, #426, .T. ) ;
#2282 = CARTESIAN_POINT ( 'NONE',  ( 11.93900000000000183, 9.750000000000000000, -5.970153145843347347E-16 ) ) ;
#2283 = AXIS2_PLACEMENT_3D ( 'NONE', #1865, #2476, #312 ) ;
#2284 = DIRECTION ( 'NONE',  ( 1.000000000000000000, -0.000000000000000000, -0.000000000000000000 ) ) ;
#2285 = ORIENTED_EDGE ( 'NONE', *, *, #304, .T. ) ;
#2286 = CARTESIAN_POINT ( 'NONE',  ( 11.28274999795161193, 1.094601700972703329E-15, 8.938101187500000933 ) ) ;
#2287 = CIRCLE ( 'NONE', #1188, 7.429499999999999105 ) ;
#2288 = CARTESIAN_POINT ( 'NONE',  ( 10.43899999795161193, -3.702282733725573038, -8.938101187499997380 ) ) ;
#2289 = CARTESIAN_POINT ( 'NONE',  ( 14.47024999795161193, 6.320191960612784321, 6.320191960612783433 ) ) ;
#2290 = CARTESIAN_POINT ( 'NONE',  ( 8.995070854947973871, 5.086961970885230500, 8.348357863817833291 ) ) ;
#2291 = AXIS2_PLACEMENT_3D ( 'NONE', #1026, #1617, #2007 ) ;
#2292 = CARTESIAN_POINT ( 'NONE',  ( 11.63589881250001490, -6.791353414956669887, 5.836643624170051226 ) ) ;
#2293 = CARTESIAN_POINT ( 'NONE',  ( 6.220249995903220253, -4.038582233137675281, 9.750000000000001776 ) ) ;
#2294 = ORIENTED_EDGE ( 'NONE', *, *, #1396, .F. ) ;
#2295 = CARTESIAN_POINT ( 'NONE',  ( 12.59525000000000006, -9.750000000000000000, 4.038582233137682387 ) ) ;
#2296 = EDGE_CURVE ( 'NONE', #676, #672, #757, .T. ) ;
#2297 = DIRECTION ( 'NONE',  ( -1.000000000000000000, 0.000000000000000000, 0.000000000000000000 ) ) ;
#2298 = CARTESIAN_POINT ( 'NONE',  ( 10.06400000000000006, 0.000000000000000000, -9.750000000000000000 ) ) ;
#2299 = ORIENTED_EDGE ( 'NONE', *, *, #1993, .F. ) ;
#2300 = CARTESIAN_POINT ( 'NONE',  ( 5.464693198596077828, -9.213249085952597284, -1.562824679550862239 ) ) ;
#2301 = CARTESIAN_POINT ( 'NONE',  ( 7.251499997951610155, -8.938101187499997380, -3.702282733725569042 ) ) ;
#2302 = CARTESIAN_POINT ( 'NONE',  ( 0.000000000000000000, 0.000000000000000000, 0.000000000000000000 ) ) ;
#2303 = CARTESIAN_POINT ( 'NONE',  ( 6.595249997951609267, 6.320191960612784321, -6.320191960612784321 ) ) ;
#2304 = CARTESIAN_POINT ( 'NONE',  ( 11.63589881249999358, -5.808851199919484287, 6.798769908835813780 ) ) ;
#2305 = CARTESIAN_POINT ( 'NONE',  ( 7.813999995903219364, -6.894291116568837197, 6.894291116568839861 ) ) ;
#2306 = CARTESIAN_POINT ( 'NONE',  ( 12.78275000000000183, -9.750000000000000000, -4.038582233137678834 ) ) ;
#2307 = CARTESIAN_POINT ( 'NONE',  ( 9.318687495882736371, -6.900032108128398178, 6.900032108128400843 ) ) ;
#2308 = CARTESIAN_POINT ( 'NONE',  ( 5.939000000000000057, 9.750000000000000000, -5.970153145843347347E-16 ) ) ;
#2309 = CARTESIAN_POINT ( 'NONE',  ( -12.99999999999986322, 10.16000000000000014, -12.99999999999999822 ) ) ;
#2310 = ORIENTED_EDGE ( 'NONE', *, *, #1417, .T. ) ;
#2311 = CARTESIAN_POINT ( 'NONE',  ( 10.85541207579894163, -0.9872555164861948063, 9.684648443465022183 ) ) ;
#2312 = CARTESIAN_POINT ( 'NONE',  ( 8.657749997951611931, -8.938101187500000933, 1.641902551459054698E-15 ) ) ;
#2313 = CARTESIAN_POINT ( 'NONE',  ( 12.97024999795161193, 6.320191960612784321, 6.320191960612783433 ) ) ;
#2314 = VERTEX_POINT ( 'NONE', #565 ) ;
#2315 = DIRECTION ( 'NONE',  ( 0.000000000000000000, 0.000000000000000000, -1.000000000000000000 ) ) ;
#2316 = CARTESIAN_POINT ( 'NONE',  ( 10.43899999795161193, -8.938101187499999156, 3.702282733725571706 ) ) ;
#2317 = CARTESIAN_POINT ( 'NONE',  ( 5.563999995903220253, 6.894291116568838973, -6.894291116568838973 ) ) ;
#2318 = AXIS2_PLACEMENT_3D ( 'NONE', #125, #525, #349 ) ;
#2319 = CARTESIAN_POINT ( 'NONE',  ( 9.314000000000001833, 1.194030629168669469E-15, 9.750000000000000000 ) ) ;
#2320 = ADVANCED_FACE ( 'NONE', ( #2133 ), #2204, .F. ) ;
#2321 =( BOUNDED_CURVE ( )  B_SPLINE_CURVE ( 2, ( #2298, #1897, #1537, #1366, #2108, #2504, #940, #335, #1945 ),
 .UNSPECIFIED., .F., .F. ) 
 B_SPLINE_CURVE_WITH_KNOTS ( ( 3, 2, 2, 2, 3 ),
 ( 0.5714285714285712858, 0.5892857142857141906, 0.6071428571428569843, 0.6249999999999998890, 0.6428571428571427937 ),
 .UNSPECIFIED. ) 
 CURVE ( )  GEOMETRIC_REPRESENTATION_ITEM ( )  RATIONAL_B_SPLINE_CURVE ( ( 1.000000000000000444, 0.9238795325112862944, 1.000000000000000000, 0.9238795325112867385, 1.000000000000000000, 0.9238795325112867385, 1.000000000000000000, 0.9238795325112871826, 0.9999999999999995559 ) ) 
 REPRESENTATION_ITEM ( '' )  );
#2322 = CARTESIAN_POINT ( 'NONE',  ( 5.614444552634728858, 2.080083232919039293, -9.525531677766291949 ) ) ;
#2323 = CARTESIAN_POINT ( 'NONE',  ( -14.14213562373087640, 10.16000000000000014, 0.000000000000000000 ) ) ;
#2324 = VERTEX_POINT ( 'NONE', #1908 ) ;
#2325 = CARTESIAN_POINT ( 'NONE',  ( 5.614674776137371204, 8.206405995437815903, -5.264731772655644626 ) ) ;
#2326 = CARTESIAN_POINT ( 'NONE',  ( 10.82399999999998741, -0.4269089179019937563, 9.740649299498251423 ) ) ;
#2327 = CARTESIAN_POINT ( 'NONE',  ( 11.37649999795161548, -3.702282733725565045, 8.938101187500000933 ) ) ;
#2328 = CARTESIAN_POINT ( 'NONE',  ( 8.376500000000000057, -6.894291116568839861, -6.894291116568836308 ) ) ;
#2329 = CARTESIAN_POINT ( 'NONE',  ( 7.559961524400244492, 2.646852535073958901, 9.408780758993460225 ) ) ;
#2330 = EDGE_CURVE ( 'NONE', #2513, #1475, #1935, .T. ) ;
#2331 = CARTESIAN_POINT ( 'NONE',  ( 8.845249997951610155, -6.320191960612783433, 6.320191960612785209 ) ) ;
#2332 = CARTESIAN_POINT ( 'NONE',  ( 14.00149999590322203, -9.750000000000000000, 1.791045943753003908E-15 ) ) ;
#2333 = DIRECTION ( 'NONE',  ( 0.3432993181780469305, 1.150220179159232885E-16, 0.9392260527362346068 ) ) ;
#2334 = AXIS2_PLACEMENT_3D ( 'NONE', #2508, #1949, #743 ) ;
#2335 = CARTESIAN_POINT ( 'NONE',  ( 6.407749997951611043, 8.938101187500000933, -5.473008504863516646E-16 ) ) ;
#2336 =( BOUNDED_CURVE ( )  B_SPLINE_CURVE ( 2, ( #212, #2162, #582, #998, #2004, #1793, #33, #1778, #2382 ),
 .UNSPECIFIED., .F., .F. ) 
 B_SPLINE_CURVE_WITH_KNOTS ( ( 3, 2, 2, 2, 3 ),
 ( 0.5000000000000000000, 0.5178571428571429047, 0.5357142857142855874, 0.5535714285714284921, 0.5714285714285712858 ),
 .UNSPECIFIED. ) 
 CURVE ( )  GEOMETRIC_REPRESENTATION_ITEM ( )  RATIONAL_B_SPLINE_CURVE ( ( 1.000000000000000000, 0.9238795325112867385, 1.000000000000000000, 0.9238795325112867385, 1.000000000000000000, 0.9238795325112867385, 1.000000000000000000, 0.9238795325112871826, 0.9999999999999995559 ) ) 
 REPRESENTATION_ITEM ( '' )  );
#2337 = CARTESIAN_POINT ( 'NONE',  ( -12.99999999999986322, 10.16000000000000014, 15.00000000000000000 ) ) ;
#2338 = PRODUCT_DEFINITION_SHAPE ( 'NONE', 'NONE',  #1460 ) ;
#2339 = ORIENTED_EDGE ( 'NONE', *, *, #2296, .F. ) ;
#2340 = CARTESIAN_POINT ( 'NONE',  ( 5.394951536504935419, -7.640866239809184890, 5.066028803835613381 ) ) ;
#2341 = CARTESIAN_POINT ( 'NONE',  ( 8.470249997951611931, -6.320191960612783433, 6.320191960612785209 ) ) ;
#2342 = CARTESIAN_POINT ( 'NONE',  ( 10.91895355789884547, -9.596303088649046131, 1.158019061759334223 ) ) ;
#2343 = CARTESIAN_POINT ( 'NONE',  ( 7.542819457312662124, 3.323444440503595665, 9.194831842512879660 ) ) ;
#2344 = CARTESIAN_POINT ( 'NONE',  ( 7.063999997951611043, 3.702282733725567709, 8.938101187500000933 ) ) ;
#2345 = CARTESIAN_POINT ( 'NONE',  ( 12.78274999590322025, -4.038582233137683275, -9.750000000000000000 ) ) ;
#2346 = ORIENTED_EDGE ( 'NONE', *, *, #1610, .T. ) ;
#2347 = CARTESIAN_POINT ( 'NONE',  ( 4.064000000000000057, 0.000000000000000000, 0.000000000000000000 ) ) ;
#2348 = EDGE_CURVE ( 'NONE', #8, #258, #2321, .T. ) ;
#2349 = CARTESIAN_POINT ( 'NONE',  ( 9.970249997951610155, -6.320191960612783433, 6.320191960612785209 ) ) ;
#2350 = VERTEX_POINT ( 'NONE', #2120 ) ;
#2351 = CARTESIAN_POINT ( 'NONE',  ( 11.20577178619605974, -6.144231969067234900, 7.077348288040865576 ) ) ;
#2352 = DIRECTION ( 'NONE',  ( 1.000000000000000000, -0.000000000000000000, -0.000000000000000000 ) ) ;
#2353 = CARTESIAN_POINT ( 'NONE',  ( -1.836970198721029589E-15, 10.16000000000000014, 15.00000000000000000 ) ) ;
#2354 = CARTESIAN_POINT ( 'NONE',  ( 6.125648775720041961, 1.848283205114824665E-05, 9.749999999962501107 ) ) ;
#2355 = CARTESIAN_POINT ( 'NONE',  ( 10.90458922064842717, -9.457593057790578683, 2.064354061336071133 ) ) ;
#2356 = VERTEX_POINT ( 'NONE', #138 ) ;
#2357 = EDGE_CURVE ( 'NONE', #2513, #537, #1739, .T. ) ;
#2358 = CARTESIAN_POINT ( 'NONE',  ( 11.55166084086674516, 4.046845861026644897, 8.593538060198921968 ) ) ;
#2359 = CARTESIAN_POINT ( 'NONE',  ( 10.43899999590322203, 6.894291116568838973, 6.894291116568837197 ) ) ;
#2360 = CARTESIAN_POINT ( 'NONE',  ( 14.03129749579486862, -7.801949499986469583, 5.986632733151209251 ) ) ;
#2361 = CARTESIAN_POINT ( 'NONE',  ( 14.00618749588273815, -9.758118988125000115, 1.792537377675943803E-15 ) ) ;
#2362 = ADVANCED_FACE ( 'NONE', ( #1922 ), #1327, .T. ) ;
#2363 = CARTESIAN_POINT ( 'NONE',  ( 9.688999997951610155, 3.702282733725568598, 8.938101187499999156 ) ) ;
#2364 = CARTESIAN_POINT ( 'NONE',  ( 0.000000000000000000, 0.000000000000000000, 0.000000000000000000 ) ) ;
#2365 = ORIENTED_EDGE ( 'NONE', *, *, #1274, .T. ) ;
#2366 = CARTESIAN_POINT ( 'NONE',  ( 5.644457572088674269, 8.805001694996443362, -4.234601623708374341 ) ) ;
#2367 = CARTESIAN_POINT ( 'NONE',  ( 5.849937495882736371, 9.758118988125000115, 4.041945228131798018 ) ) ;
#2368 = DIRECTION ( 'NONE',  ( -1.224646799147353207E-16, -0.000000000000000000, 1.000000000000000000 ) ) ;
#2369 = CARTESIAN_POINT ( 'NONE',  ( 12.22024999795161193, 6.320191960612784321, -6.320191960612784321 ) ) ;
#2370 = CARTESIAN_POINT ( 'NONE',  ( 11.68399999999999572, 0.000000000000000000, 0.000000000000000000 ) ) ;
#2371 = PLANE ( 'NONE',  #861 ) ;
#2372 = CARTESIAN_POINT ( 'NONE',  ( 7.157749997951610155, 1.094601700972703329E-15, 8.938101187500000933 ) ) ;
#2373 = CARTESIAN_POINT ( 'NONE',  ( 13.34524999590322203, 9.750000000000001776, 4.038582233137676170 ) ) ;
#2374 = CARTESIAN_POINT ( 'NONE',  ( 11.09524999795161193, 6.320191960612784321, -6.320191960612784321 ) ) ;
#2375 = DIRECTION ( 'NONE',  ( 0.000000000000000000, 0.000000000000000000, -1.000000000000000000 ) ) ;
#2376 = AXIS2_PLACEMENT_3D ( 'NONE', #1218, #1204, #2394 ) ;
#2377 = CARTESIAN_POINT ( 'NONE',  ( 5.845249997951610155, -6.320191960612785209, -6.320191960612781656 ) ) ;
#2378 = EDGE_CURVE ( 'NONE', #837, #2350, #1549, .T. ) ;
#2379 = CARTESIAN_POINT ( 'NONE',  ( 12.03743749588273815, 4.041945228131799794, 9.758118988125000115 ) ) ;
#2380 = CARTESIAN_POINT ( 'NONE',  ( -12.99999999999986322, 10.16000000000000014, -15.00000000000000000 ) ) ;
#2381 = ORIENTED_EDGE ( 'NONE', *, *, #2071, .F. ) ;
#2382 = CARTESIAN_POINT ( 'NONE',  ( 10.06400000000000006, 0.000000000000000000, -9.750000000000000000 ) ) ;
#2383 = EDGE_CURVE ( 'NONE', #672, #941, #1219, .T. ) ;
#2384 = LINE ( 'NONE', #1359, #686 ) ;
#2385 = CARTESIAN_POINT ( 'NONE',  ( -12.99999999999986322, 10.16000000000000014, 15.00000000000000000 ) ) ;
#2386 = CARTESIAN_POINT ( 'NONE',  ( 6.950571322862791668, 2.947035428685890412, -9.313133050654430534 ) ) ;
#2387 = CARTESIAN_POINT ( 'NONE',  ( 11.00618749588273637, -9.758118988125000115, 1.792537377675943803E-15 ) ) ;
#2388 = CARTESIAN_POINT ( 'NONE',  ( 13.62649999590322203, 1.194030629168669469E-15, 9.750000000000000000 ) ) ;
#2389 = CARTESIAN_POINT ( 'NONE',  ( 8.657749997951610155, 1.094601700972703329E-15, 8.938101187500000933 ) ) ;
#2390 = CARTESIAN_POINT ( 'NONE',  ( 7.064000000000000945, 0.000000000000000000, -9.750000000000000000 ) ) ;
#2391 = PRESENTATION_STYLE_ASSIGNMENT (( #1633 ) ) ;
#2392 = CARTESIAN_POINT ( 'NONE',  ( 7.063999997951611931, -8.938101187499997380, 3.702282733725571262 ) ) ;
#2393 = EDGE_LOOP ( 'NONE', ( #2147, #795, #1367, #194, #2346 ) ) ;
#2394 = DIRECTION ( 'NONE',  ( -0.7071067811865439090, 0.000000000000000000, -0.7071067811865512365 ) ) ;
#2395 = ORIENTED_EDGE ( 'NONE', *, *, #1017, .F. ) ;
#2396 = CARTESIAN_POINT ( 'NONE',  ( 6.037437495882737259, 4.041945228131799794, 9.758118988125000115 ) ) ;
#2397 = CARTESIAN_POINT ( 'NONE',  ( 12.78274999795161371, 1.094601700972703329E-15, 8.938101187500000933 ) ) ;
#2398 = CARTESIAN_POINT ( 'NONE',  ( 5.282749997951610155, 8.938101187500000933, -5.473008504863516646E-16 ) ) ;
#2399 = VERTEX_POINT ( 'NONE', #967 ) ;
#2400 = LINE ( 'NONE', #1273, #56 ) ;
#2401 = CARTESIAN_POINT ( 'NONE',  ( 11.00149999795161371, 3.702282733725566821, -8.938101187499999156 ) ) ;
#2402 = CARTESIAN_POINT ( 'NONE',  ( 10.34216083785328699, 9.092125853523480572, 3.573528634112054014 ) ) ;
#2403 = CARTESIAN_POINT ( 'NONE',  ( 7.251499997951610155, -3.702282733725565045, 8.938101187500000933 ) ) ;
#2404 = CARTESIAN_POINT ( 'NONE',  ( 8.241870418430243816, -5.202965321230434093, -8.357030796173372522 ) ) ;
#2405 =( LENGTH_UNIT ( ) NAMED_UNIT ( * ) SI_UNIT ( .MILLI., .METRE. ) );
#2406 = CARTESIAN_POINT ( 'NONE',  ( 6.970250000000001833, -4.038582233137683275, -9.750000000000000000 ) ) ;
#2407 = CARTESIAN_POINT ( 'NONE',  ( 6.103456762070130992, 0.8642365693597944265, 9.750000111374129474 ) ) ;
#2408 = B_SPLINE_CURVE_WITH_KNOTS ( 'NONE', 3,
 ( #1385, #2565, #1595, #9, #2386, #1781, #368, #611, #1758, #1410, #2192, #799, #813, #1582, #1149, #2543, #1398, #142, #774, #2528, #1164, #958, #1968, #1746, #1570, #760, #1558, #1195, #1209, #2343, #2329, #405, #574, #1361 ),
 .UNSPECIFIED., .F., .F.,
 ( 4, 2, 2, 2, 2, 2, 2, 2, 1, 1, 2, 2, 1, 1, 2, 2, 2, 2, 4 ),
 ( 0.1499948498920431195, 0.1543802480205459793, 0.1587656461490488391, 0.1675364424060545587, 0.1763072386630602784, 0.1850780349200659980, 0.1938488311770717454, 0.1982342293055745774, 0.1993305788377003063, 0.1998787536037631707, 0.1999472754495210114, 0.2000157972952788799, 0.2001528409867945890, 0.2004269283698260073, 0.2026196274340774928, 0.2070050255625804358, 0.2113904236910833789, 0.2157758218195863498, 0.2201612199480892929 ),
 .UNSPECIFIED. ) ;
#2409 = CARTESIAN_POINT ( 'NONE',  ( 14.50004749374952162, -7.152268111945969231, 5.488115809279600299 ) ) ;
#2410 = CARTESIAN_POINT ( 'NONE',  ( 11.47912824696281753, 8.237061999172391680, 3.899477598014667645 ) ) ;
#2411 = VERTEX_POINT ( 'NONE', #1713 ) ;
#2412 = EDGE_LOOP ( 'NONE', ( #1753, #150, #1409, #2537 ) ) ;
#2413 = CARTESIAN_POINT ( 'NONE',  ( 6.595249997951611043, 6.320191960612784321, 6.320191960612783433 ) ) ;
#2414 = ADVANCED_FACE ( 'NONE', ( #1752 ), #101, .T. ) ;
#2415 = CARTESIAN_POINT ( 'NONE',  ( 11.56399999795161015, 3.702282733725568598, 8.938101187499999156 ) ) ;
#2416 = CARTESIAN_POINT ( 'NONE',  ( 8.842198408015258693, 9.091503786601583315, 3.575120371767182892 ) ) ;
#2417 = CARTESIAN_POINT ( 'NONE',  ( 9.313999997951610155, -3.702282733725573038, -8.938101187499997380 ) ) ;
#2418 = CARTESIAN_POINT ( 'NONE',  ( 7.625774998056638054, 1.598204903176515633E-05, 9.749999999972406073 ) ) ;
#2419 = CARTESIAN_POINT ( 'NONE',  ( 5.001500000000000057, -6.894291116568837197, 6.894291116568839861 ) ) ;
#2420 = AXIS2_PLACEMENT_3D ( 'NONE', #1465, #882, #63 ) ;
#2421 = DIRECTION ( 'NONE',  ( 0.000000000000000000, 0.000000000000000000, 1.000000000000000000 ) ) ;
#2422 = ORIENTED_EDGE ( 'NONE', *, *, #1770, .F. ) ;
#2423 = VECTOR ( 'NONE', #839, 999.9999999999998863 ) ;
#2424 = CARTESIAN_POINT ( 'NONE',  ( 6.876499993286979695, -1.087483538936146627E-07, -9.750000000000000000 ) ) ;
#2425 = CARTESIAN_POINT ( 'NONE',  ( 11.41165107833684900, 9.180946645012120655, -0.03010008058711364370 ) ) ;
#2426 = ORIENTED_EDGE ( 'NONE', *, *, #2569, .T. ) ;
#2427 = CARTESIAN_POINT ( 'NONE',  ( 7.345249997951610155, -6.320191960612785209, -6.320191960612781656 ) ) ;
#2428 = CARTESIAN_POINT ( 'NONE',  ( 12.59524999795161193, 6.320191960612784321, -6.320191960612784321 ) ) ;
#2429 = CARTESIAN_POINT ( 'NONE',  ( 7.157749997951610155, 1.094601700972703329E-15, 8.938101187500000933 ) ) ;
#2430 = CARTESIAN_POINT ( 'NONE',  ( 8.407000097544139905, 1.223808437883036504, -9.750000000000001776 ) ) ;
#2431 = CARTESIAN_POINT ( 'NONE',  ( 7.855108853482981601, -7.999948623002982373, 5.577633482309098056 ) ) ;
#2432 = FACE_BOUND ( 'NONE', #2244, .T. ) ;
#2433 = CARTESIAN_POINT ( 'NONE',  ( 6.407750000000001833, -4.038582233137675281, 9.750000000000001776 ) ) ;
#2434 = CARTESIAN_POINT ( 'NONE',  ( 8.943687495882736371, 6.900032108128399955, 6.900032108128398178 ) ) ;
#2435 = EDGE_LOOP ( 'NONE', ( #404, #2310, #1780, #30, #54, #1714, #1989, #592 ) ) ;
#2436 = CARTESIAN_POINT ( 'NONE',  ( 6.721028263048523854, -5.944487096275262061, -7.831034066286596484 ) ) ;
#2437 = CARTESIAN_POINT ( 'NONE',  ( 6.032749997951610155, -8.938101187500000933, 1.641902551459054698E-15 ) ) ;
#2438 = EDGE_LOOP ( 'NONE', ( #561, #2180, #16, #1194 ) ) ;
#2439 = CARTESIAN_POINT ( 'NONE',  ( 6.970249997951611043, -6.320191960612783433, 6.320191960612785209 ) ) ;
#2440 = CARTESIAN_POINT ( 'NONE',  ( 5.614215212618730355, 8.196374603788681767, -5.280335534256871632 ) ) ;
#2441 = CARTESIAN_POINT ( 'NONE',  ( 8.751499997951610155, -3.702282733725565045, 8.938101187500000933 ) ) ;
#2442 = CARTESIAN_POINT ( 'NONE',  ( 10.40691056564954842, 7.769568082746384441, 5.902483321054589283 ) ) ;
#2443 = EDGE_CURVE ( 'NONE', #1128, #1463, #14, .T. ) ;
#2444 = DIRECTION ( 'NONE',  ( 0.000000000000000000, -0.000000000000000000, 1.000000000000000000 ) ) ;
#2445 = CARTESIAN_POINT ( 'NONE',  ( 4.064000000000000057, 0.000000000000000000, 0.000000000000000000 ) ) ;
#2446 = CARTESIAN_POINT ( 'NONE',  ( 13.90774999795161015, 8.938101187500000933, -5.473008504863516646E-16 ) ) ;
#2447 = CARTESIAN_POINT ( 'NONE',  ( 8.849937495882738148, 9.758118988125000115, 4.041945228131798018 ) ) ;
#2448 = AXIS2_PLACEMENT_3D ( 'NONE', #2364, #1988, #1392 ) ;
#2449 = EDGE_CURVE ( 'NONE', #2356, #701, #1380, .T. ) ;
#2450 = VERTEX_POINT ( 'NONE', #1231 ) ;
#2451 = AXIS2_PLACEMENT_3D ( 'NONE', #1863, #879, #1667 ) ;
#2452 = CARTESIAN_POINT ( 'NONE',  ( 6.445155677153874052, -9.531345808561532351, 2.413288472218500846 ) ) ;
#2453 = CARTESIAN_POINT ( 'NONE',  ( 11.49395021722388321, 7.801139117800127920, 4.655549210381079384 ) ) ;
#2454 = VERTEX_POINT ( 'NONE', #180 ) ;
#2455 = DIRECTION ( 'NONE',  ( 0.000000000000000000, 0.000000000000000000, -1.000000000000000000 ) ) ;
#2456 = CARTESIAN_POINT ( 'NONE',  ( 4.907749997951610155, 8.938101187500000933, -5.473008504863516646E-16 ) ) ;
#2457 = CARTESIAN_POINT ( 'NONE',  ( 14.90702415481180942, -7.740632552134806055, 4.469033511937444025 ) ) ;
#2458 = CARTESIAN_POINT ( 'NONE',  ( 10.62649999795161193, -8.938101187499997380, -3.702282733725569042 ) ) ;
#2459 = CARTESIAN_POINT ( 'NONE',  ( 9.876499995905392737, -3.582091887506007817E-15, -9.750000000000000000 ) ) ;
#2460 = FACE_OUTER_BOUND ( 'NONE', #526, .T. ) ;
#2461 = CARTESIAN_POINT ( 'NONE',  ( 13.25149999795161015, -8.938101187499997380, -3.702282733725569042 ) ) ;
#2462 = ORIENTED_EDGE ( 'NONE', *, *, #411, .T. ) ;
#2463 = CARTESIAN_POINT ( 'NONE',  ( 7.537437495882737259, 4.041945228131799794, 9.758118988125000115 ) ) ;
#2464 = CARTESIAN_POINT ( 'NONE',  ( 5.317684994114374675, 7.551929095269166226, 4.788381734488059038 ) ) ;
#2465 = CARTESIAN_POINT ( 'NONE',  ( 5.461825454749344999, -9.249509229458519499, -1.274727092619401869 ) ) ;
#2466 = CARTESIAN_POINT ( 'NONE',  ( 10.64303002885387528, -0.7539380284040289038, 9.749999917838032104 ) ) ;
#2467 = ADVANCED_FACE ( 'NONE', ( #1021 ), #535, .T. ) ;
#2468 = CARTESIAN_POINT ( 'NONE',  ( 4.907749997951610155, 8.938101187500000933, -5.473008504863516646E-16 ) ) ;
#2469 = DIRECTION ( 'NONE',  ( 0.000000000000000000, 0.000000000000000000, -1.000000000000000000 ) ) ;
#2470 = CARTESIAN_POINT ( 'NONE',  ( 11.84524999795161015, -6.320191960612783433, 6.320191960612785209 ) ) ;
#2471 = FACE_OUTER_BOUND ( 'NONE', #2097, .T. ) ;
#2472 = CARTESIAN_POINT ( 'NONE',  ( 8.751500000000000057, 6.894291116568838973, -6.894291116568838973 ) ) ;
#2473 = CARTESIAN_POINT ( 'NONE',  ( 6.974937495882737259, 4.041945228131798906, -9.758118988125000115 ) ) ;
#2474 = CARTESIAN_POINT ( 'NONE',  ( 11.68399999999999928, 0.000000000000000000, 0.000000000000000000 ) ) ;
#2475 = ORIENTED_EDGE ( 'NONE', *, *, #451, .F. ) ;
#2476 = DIRECTION ( 'NONE',  ( 0.000000000000000000, -0.000000000000000000, 1.000000000000000000 ) ) ;
#2477 = CARTESIAN_POINT ( 'NONE',  ( 10.43899999795161193, -3.702282733725573038, -8.938101187499999156 ) ) ;
#2478 = CARTESIAN_POINT ( 'NONE',  ( 13.62649999795161193, -8.938101187499997380, -3.702282733725569042 ) ) ;
#2479 = CARTESIAN_POINT ( 'NONE',  ( 16.51000000000000156, 0.000000000000000000, -7.366000000000001435 ) ) ;
#2480 = CARTESIAN_POINT ( 'NONE',  ( 9.109299304556021326, 0.6301246751115403555, 9.750000068801831787 ) ) ;
#2481 = PLANE ( 'NONE',  #2260 ) ;
#2482 = CARTESIAN_POINT ( 'NONE',  ( 6.407749995903220253, -9.750000000000000000, 4.038582233137682387 ) ) ;
#2483 = CARTESIAN_POINT ( 'NONE',  ( 9.501500000000000057, -6.894291116568837197, 6.894291116568839861 ) ) ;
#2484 = CARTESIAN_POINT ( 'NONE',  ( 9.205096059615483384, -3.238434827193062304, 9.217279583839250279 ) ) ;
#2485 = ORIENTED_EDGE ( 'NONE', *, *, #57, .T. ) ;
#2486 = CARTESIAN_POINT ( 'NONE',  ( 5.607741742750893543, 1.393118428718862711, -9.656773443490418884 ) ) ;
#2487 = VECTOR ( 'NONE', #1761, 1000.000000000000000 ) ;
#2488 = CARTESIAN_POINT ( 'NONE',  ( 13.43899999795160838, -8.938101187499997380, 3.702282733725571262 ) ) ;
#2489 = DIRECTION ( 'NONE',  ( 1.224646799147353207E-16, 0.000000000000000000, 1.000000000000000000 ) ) ;
#2490 = EDGE_CURVE ( 'NONE', #1013, #122, #2114, .T. ) ;
#2491 = CARTESIAN_POINT ( 'NONE',  ( 8.095249995903220253, -9.750000000000000000, -4.038582233137678834 ) ) ;
#2492 = CARTESIAN_POINT ( 'NONE',  ( 12.31400000000000183, 1.194030629168669469E-15, 9.750000000000000000 ) ) ;
#2493 = CARTESIAN_POINT ( 'NONE',  ( 0.000000000000000000, 0.000000000000000000, 0.000000000000000000 ) ) ;
#2494 = EDGE_LOOP ( 'NONE', ( #1256, #1105, #330, #1710, #139, #4, #1745, #1157 ) ) ;
#2495 = CARTESIAN_POINT ( 'NONE',  ( 5.488082484701686248, -8.618676091136887152, -3.807242768419716317 ) ) ;
#2496 = AXIS2_PLACEMENT_3D ( 'NONE', #356, #1859, #284 ) ;
#2497 = CARTESIAN_POINT ( 'NONE',  ( 5.614674776137371204, 8.206405995437815903, -5.264731772655644626 ) ) ;
#2498 = CARTESIAN_POINT ( 'NONE',  ( 6.220249997951610155, -6.320191960612785209, -6.320191960612781656 ) ) ;
#2499 = CARTESIAN_POINT ( 'NONE',  ( 11.63589881250000246, -7.442716483976529851, 4.956972550185093418 ) ) ;
#2500 = ORIENTED_EDGE ( 'NONE', *, *, #2271, .T. ) ;
#2501 = CARTESIAN_POINT ( 'NONE',  ( 11.37650000000000183, -6.894291116568839861, -6.894291116568836308 ) ) ;
#2502 = ORIENTED_EDGE ( 'NONE', *, *, #1274, .F. ) ;
#2503 = CARTESIAN_POINT ( 'NONE',  ( 5.657749997951610155, -8.938101187500000933, 1.641902551459054698E-15 ) ) ;
#2504 = CARTESIAN_POINT ( 'NONE',  ( 10.53275000000000006, 9.750000000000001776, 4.038582233137676170 ) ) ;
#2505 = ORIENTED_EDGE ( 'NONE', *, *, #2383, .F. ) ;
#2506 = CARTESIAN_POINT ( 'NONE',  ( 5.995125422321426534, 5.078472179836241551, 8.323615508239535998 ) ) ;
#2507 = CARTESIAN_POINT ( 'NONE',  ( 10.15774999795161015, -8.938101187500000933, 1.641902551459054698E-15 ) ) ;
#2508 = CARTESIAN_POINT ( 'NONE',  ( 16.98306130432302652, 0.000000000000000000, -6.466850956541578377 ) ) ;
#2509 = CARTESIAN_POINT ( 'NONE',  ( 12.31399999795161015, -3.702282733725573038, -8.938101187499997380 ) ) ;
#2510 = CARTESIAN_POINT ( 'NONE',  ( 5.317684994114376451, -2.717668911632295059E-11, 8.938101187499999156 ) ) ;
#2511 = CARTESIAN_POINT ( 'NONE',  ( 10.25149999795161015, -3.702282733725565045, 8.938101187500000933 ) ) ;
#2512 = EDGE_CURVE ( 'NONE', #446, #2356, #2187, .T. ) ;
#2513 = VERTEX_POINT ( 'NONE', #2202 ) ;
#2514 = CARTESIAN_POINT ( 'NONE',  ( 8.657750000000000057, 4.038582233137677058, -9.750000000000001776 ) ) ;
#2515 = CARTESIAN_POINT ( 'NONE',  ( 9.412437495882738148, -9.758118988124998339, 4.041945228131804235 ) ) ;
#2516 = ORIENTED_EDGE ( 'NONE', *, *, #2143, .F. ) ;
#2517 = CARTESIAN_POINT ( 'NONE',  ( -1.836970198721029589E-15, 10.16000000000000014, 15.00000000000000000 ) ) ;
#2518 = EDGE_CURVE ( 'NONE', #941, #2082, #201, .T. ) ;
#2519 = CARTESIAN_POINT ( 'NONE',  ( 11.56868749588273637, 6.900032108128399955, -6.900032108128399955 ) ) ;
#2520 = DIRECTION ( 'NONE',  ( 0.000000000000000000, 0.000000000000000000, -1.000000000000000000 ) ) ;
#2521 = ORIENTED_EDGE ( 'NONE', *, *, #1649, .F. ) ;
#2522 = CARTESIAN_POINT ( 'NONE',  ( 6.002375146804609152, 4.816187680286658335, 8.477463141902006782 ) ) ;
#2523 = CARTESIAN_POINT ( 'NONE',  ( 11.63589881249999358, -8.897945919262941317, 0.8462926537911947822 ) ) ;
#2524 = DIRECTION ( 'NONE',  ( 0.000000000000000000, 0.000000000000000000, -1.000000000000000000 ) ) ;
#2525 = CARTESIAN_POINT ( 'NONE',  ( 8.845249997951610155, -6.320191960612785209, -6.320191960612781656 ) ) ;
#2526 = CARTESIAN_POINT ( 'NONE',  ( 10.93987573103584943, -9.642611730062883524, -0.2214250812700892246 ) ) ;
#2527 = ORIENTED_EDGE ( 'NONE', *, *, #32, .T. ) ;
#2528 = CARTESIAN_POINT ( 'NONE',  ( 7.377371244336219824, 8.441000305274915405, 4.879764440627874400 ) ) ;
#2529 = CARTESIAN_POINT ( 'NONE',  ( 9.501499997951610155, 3.702282733725566821, -8.938101187500000933 ) ) ;
#2530 = CARTESIAN_POINT ( 'NONE',  ( 8.563999995903220253, 6.894291116568838973, -6.894291116568838973 ) ) ;
#2531 = ORIENTED_EDGE ( 'NONE', *, *, #1853, .T. ) ;
#2532 = AXIS2_PLACEMENT_3D ( 'NONE', #1140, #738, #1524 ) ;
#2533 = CARTESIAN_POINT ( 'NONE',  ( 0.000000000000000000, 1.194030629168669469E-15, 9.750000000000000000 ) ) ;
#2534 = CARTESIAN_POINT ( 'NONE',  ( 9.787437495882738148, -4.041945228131805123, -9.758118988124998339 ) ) ;
#2535 = CARTESIAN_POINT ( 'NONE',  ( 8.376499997951611931, -3.702282733725565045, 8.938101187500000933 ) ) ;
#2536 = DIRECTION ( 'NONE',  ( 1.000000000000000000, -0.000000000000000000, -0.000000000000000000 ) ) ;
#2537 = ORIENTED_EDGE ( 'NONE', *, *, #278, .F. ) ;
#2538 = CARTESIAN_POINT ( 'NONE',  ( 5.689737924155149784, 9.417901654650240317, -2.523040728635306262 ) ) ;
#2539 = CARTESIAN_POINT ( 'NONE',  ( 11.08864248118840656, -4.619250112285366860, 8.303509653742192853 ) ) ;
#2540 = UNCERTAINTY_MEASURE_WITH_UNIT (LENGTH_MEASURE( 1.000000000000000082E-05 ), #2405, 'distance_accuracy_value', 'NONE');
#2541 = CARTESIAN_POINT ( 'NONE',  ( 7.907749997951611043, 8.938101187500000933, -5.473008504863516646E-16 ) ) ;
#2542 = CARTESIAN_POINT ( 'NONE',  ( 8.564000000000000057, 0.000000000000000000, -9.750000000000000000 ) ) ;
#2543 = CARTESIAN_POINT ( 'NONE',  ( 7.363810031109222720, 8.708279496124221808, 4.387559518941580805 ) ) ;
#2544 = AXIS2_PLACEMENT_3D ( 'NONE', #594, #1517, #1312 ) ;
#2545 = CARTESIAN_POINT ( 'NONE',  ( 7.720249997951610155, -6.320191960612785209, -6.320191960612781656 ) ) ;
#2546 = CARTESIAN_POINT ( 'NONE',  ( 15.31399999590322203, -6.894291116568837197, 6.894291116568839861 ) ) ;
#2547 = CARTESIAN_POINT ( 'NONE',  ( 7.064000000000000945, 0.000000000000000000, -9.750000000000000000 ) ) ;
#2548 = CARTESIAN_POINT ( 'NONE',  ( 6.126499997951611931, 3.702282733725566821, -8.938101187499999156 ) ) ;
#2549 = EDGE_CURVE ( 'NONE', #1723, #386, #1998, .T. ) ;
#2550 = ORIENTED_EDGE ( 'NONE', *, *, #421, .F. ) ;
#2551 = CARTESIAN_POINT ( 'NONE',  ( 5.348311378720592479, -4.133836770164048602, 8.039963091181828503 ) ) ;
#2552 = CARTESIAN_POINT ( 'NONE',  ( 14.28274999795161193, 1.094601700972703329E-15, 8.938101187500000933 ) ) ;
#2553 = CARTESIAN_POINT ( 'NONE',  ( 11.14533743921493780, -1.831234876528651245, -9.260616227243401610 ) ) ;
#2554 = EDGE_LOOP ( 'NONE', ( #2505, #1283, #1381, #1961, #610 ) ) ;
#2555 = DIRECTION ( 'NONE',  ( 0.000000000000000000, 0.000000000000000000, -1.000000000000000000 ) ) ;
#2556 = CARTESIAN_POINT ( 'NONE',  ( 11.28274999795161193, 8.938101187500000933, -5.473008504863516646E-16 ) ) ;
#2557 = EDGE_CURVE ( 'NONE', #1533, #1543, #1546, .T. ) ;
#2558 = CARTESIAN_POINT ( 'NONE',  ( 15.12649999590322203, 1.194030629168669469E-15, 9.750000000000000000 ) ) ;
#2559 = FACE_OUTER_BOUND ( 'NONE', #2248, .T. ) ;
#2560 = CARTESIAN_POINT ( 'NONE',  ( 6.782749997951610155, 1.094601700972703329E-15, 8.938101187500000933 ) ) ;
#2561 = DIRECTION ( 'NONE',  ( 0.000000000000000000, 0.000000000000000000, -1.000000000000000000 ) ) ;
#2562 = VERTEX_POINT ( 'NONE', #1789 ) ;
#2563 = CARTESIAN_POINT ( 'NONE',  ( 6.211316186516874005, -3.400233151565414058, 9.137969404705399867 ) ) ;
#2564 = CARTESIAN_POINT ( 'NONE',  ( 0.000000000000000000, 10.16000000000000014, 0.000000000000000000 ) ) ;
#2565 = CARTESIAN_POINT ( 'NONE',  ( 6.891308556079051684, 0.5961603675451544460, -9.750000006649250039 ) ) ;
#2566 = CARTESIAN_POINT ( 'NONE',  ( 8.470249997951610155, 6.320191960612784321, 6.320191960612783433 ) ) ;
#2567 = CARTESIAN_POINT ( 'NONE',  ( 10.62649999590322203, 1.194030629168669469E-15, 9.750000000000000000 ) ) ;
#2568 = VECTOR ( 'NONE', #788, 1000.000000000000000 ) ;
#2569 = EDGE_CURVE ( 'NONE', #2411, #936, #606, .T. ) ;
#2570 = CARTESIAN_POINT ( 'NONE',  ( 13.15775000000000361, 4.038582233137677058, -9.750000000000001776 ) ) ;
ENDSEC;
END-ISO-10303-21;
