ISO-10303-21;
HEADER;
FILE_DESCRIPTION (( 'STEP AP214' ),
    '1' );
FILE_NAME ('P001-B100_SquareDynamo_Rev2D-6.STEP',
    '2026-04-22T01:41:20',
    ( '' ),
    ( '' ),
    'SwSTEP 2.0',
    'SolidWorks 2026',
    '' );
FILE_SCHEMA (( 'AUTOMOTIVE_DESIGN' ));
ENDSEC;

DATA;
#1 = ORIENTED_EDGE ( 'NONE', *, *, #1936, .F. ) ;
#2 = DIRECTION ( 'NONE',  ( -1.000000000000000000, 0.000000000000000000, 0.000000000000000000 ) ) ;
#3 = LINE ( 'NONE', #224, #2490 ) ;
#4 = ADVANCED_FACE ( 'NONE', ( #1260 ), #2043, .T. ) ;
#5 = ORIENTED_EDGE ( 'NONE', *, *, #834, .F. ) ;
#6 = VECTOR ( 'NONE', #1154, 1000.000000000000000 ) ;
#7 = CARTESIAN_POINT ( 'NONE',  ( 16.00000000000000000, -5.999999999999999112, -5.500000000000000000 ) ) ;
#8 = CIRCLE ( 'NONE', #1449, 9.499999999999998224 ) ;
#9 = CARTESIAN_POINT ( 'NONE',  ( 14.00000000000000000, -3.999999999999999112, 8.000000000000000000 ) ) ;
#10 = ORIENTED_EDGE ( 'NONE', *, *, #1922, .F. ) ;
#11 = CARTESIAN_POINT ( 'NONE',  ( 13.00000000000000178, 4.000000000000000000, -5.500000000000000000 ) ) ;
#12 = ADVANCED_FACE ( 'NONE', ( #1657 ), #1943, .T. ) ;
#13 = EDGE_CURVE ( 'NONE', #1578, #1148, #722, .T. ) ;
#14 = DIRECTION ( 'NONE',  ( 1.000000000000000000, -4.336808689942019708E-16, 0.000000000000000000 ) ) ;
#15 = AXIS2_PLACEMENT_3D ( 'NONE', #2090, #328, #1140 ) ;
#16 = CARTESIAN_POINT ( 'NONE',  ( 0.000000000000000000, 0.000000000000000000, -5.500000000000000000 ) ) ;
#17 = ORIENTED_EDGE ( 'NONE', *, *, #2050, .T. ) ;
#18 = CARTESIAN_POINT ( 'NONE',  ( -14.50000000000000000, -5.000000000000000000, 5.999999999999999112 ) ) ;
#19 = B_SPLINE_CURVE_WITH_KNOTS ( 'NONE', 3,
 ( #2384, #1371, #186, #216, #2546, #1010, #623, #1219 ),
 .UNSPECIFIED., .F., .F.,
 ( 4, 2, 2, 4 ),
 ( 0.000000000000000000, 0.0004124105135571181540, 0.0006186157703356792367, 0.0008248210271142403195 ),
 .UNSPECIFIED. ) ;
#20 = CARTESIAN_POINT ( 'NONE',  ( -7.499999999999999112, 8.000000000000000000, 8.000000000000000000 ) ) ;
#21 = ORIENTED_EDGE ( 'NONE', *, *, #546, .T. ) ;
#22 = DIRECTION ( 'NONE',  ( 1.000000000000000000, -0.000000000000000000, -0.000000000000000000 ) ) ;
#23 = DIRECTION ( 'NONE',  ( -0.000000000000000000, 0.000000000000000000, 1.000000000000000000 ) ) ;
#24 = ORIENTED_EDGE ( 'NONE', *, *, #2457, .T. ) ;
#25 = DIRECTION ( 'NONE',  ( -0.000000000000000000, 0.000000000000000000, 1.000000000000000000 ) ) ;
#26 = CARTESIAN_POINT ( 'NONE',  ( 9.000000000000000000, 10.99999999999999822, -5.500000000000000000 ) ) ;
#27 = CARTESIAN_POINT ( 'NONE',  ( -13.32015621187163745, 6.000000000000000888, -5.499999999999996447 ) ) ;
#28 = B_SPLINE_CURVE_WITH_KNOTS ( 'NONE', 3,
 ( #2037, #859, #683, #669, #2400, #1853, #56 ),
 .UNSPECIFIED., .F., .F.,
 ( 4, 3, 4 ),
 ( 0.000000000000000000, 0.0003201660216929453294, 0.0006403320433858906589 ),
 .UNSPECIFIED. ) ;
#29 = AXIS2_PLACEMENT_3D ( 'NONE', #786, #1550, #443 ) ;
#30 = ORIENTED_EDGE ( 'NONE', *, *, #2029, .T. ) ;
#31 = CARTESIAN_POINT ( 'NONE',  ( 3.469446951953614189E-15, -8.673617379884035472E-16, -5.500000000000000000 ) ) ;
#32 = CARTESIAN_POINT ( 'NONE',  ( -16.00000000000000000, -5.000000000000000000, 5.999999999999996447 ) ) ;
#33 = VERTEX_POINT ( 'NONE', #2063 ) ;
#34 = DIRECTION ( 'NONE',  ( 0.000000000000000000, 0.000000000000000000, -1.000000000000000000 ) ) ;
#35 = DIRECTION ( 'NONE',  ( 0.000000000000000000, -1.000000000000000000, -4.003208021484940018E-16 ) ) ;
#36 = ORIENTED_EDGE ( 'NONE', *, *, #2028, .F. ) ;
#37 = CARTESIAN_POINT ( 'NONE',  ( -16.00000000000000000, -5.000000000000000000, -5.500000000000000000 ) ) ;
#38 = CARTESIAN_POINT ( 'NONE',  ( 16.00000000000000000, -3.999999999999998224, -5.499999999999999112 ) ) ;
#39 = FACE_OUTER_BOUND ( 'NONE', #2391, .T. ) ;
#40 = ORIENTED_EDGE ( 'NONE', *, *, #1377, .T. ) ;
#41 = CARTESIAN_POINT ( 'NONE',  ( -12.45000000000000107, 4.999999999999999112, -2.999999999999999556 ) ) ;
#42 = ADVANCED_FACE ( 'NONE', ( #495 ), #1274, .F. ) ;
#43 = LINE ( 'NONE', #1801, #1208 ) ;
#44 = ADVANCED_FACE ( 'NONE', ( #102 ), #889, .T. ) ;
#45 = ORIENTED_EDGE ( 'NONE', *, *, #1472, .F. ) ;
#46 = CARTESIAN_POINT ( 'NONE',  ( -13.00000000000000178, 4.999999999999999112, -5.500000000000000000 ) ) ;
#47 = CARTESIAN_POINT ( 'NONE',  ( -8.201428076587994553, 3.999999999999998224, 1.000000000000000222 ) ) ;
#48 = ORIENTED_EDGE ( 'NONE', *, *, #2527, .F. ) ;
#49 = ORIENTED_EDGE ( 'NONE', *, *, #1246, .F. ) ;
#50 = FACE_BOUND ( 'NONE', #2151, .T. ) ;
#51 = CIRCLE ( 'NONE', #330, 1.510000000000000009 ) ;
#52 = CARTESIAN_POINT ( 'NONE',  ( 16.00000000000000000, 6.000000000000000888, -5.499999999999996447 ) ) ;
#53 = LINE ( 'NONE', #234, #540 ) ;
#54 = ORIENTED_EDGE ( 'NONE', *, *, #2110, .F. ) ;
#55 = AXIS2_PLACEMENT_3D ( 'NONE', #399, #2168, #1563 ) ;
#56 = CARTESIAN_POINT ( 'NONE',  ( -13.32015621187163923, -3.999999999999998224, -5.499999999999999112 ) ) ;
#57 = CARTESIAN_POINT ( 'NONE',  ( -12.45000000000000107, 4.999999999999999112, -4.999999999999999112 ) ) ;
#58 = VECTOR ( 'NONE', #651, 1000.000000000000000 ) ;
#59 = PRODUCT_DEFINITION_FORMATION_WITH_SPECIFIED_SOURCE ( 'ANY', '', #2249, .NOT_KNOWN. ) ;
#60 = ORIENTED_EDGE ( 'NONE', *, *, #2541, .F. ) ;
#61 = CARTESIAN_POINT ( 'NONE',  ( 7.500000000000000000, 7.999999999999998224, 4.286768589673456054E-15 ) ) ;
#62 = CARTESIAN_POINT ( 'NONE',  ( -13.32015621187163923, -3.999999999999998224, -5.499999999999999112 ) ) ;
#63 = VERTEX_POINT ( 'NONE', #255 ) ;
#64 = ORIENTED_EDGE ( 'NONE', *, *, #1462, .T. ) ;
#65 = AXIS2_PLACEMENT_3D ( 'NONE', #2534, #2150, #184 ) ;
#66 = CYLINDRICAL_SURFACE ( 'NONE', #1862, 0.2500000000000002220 ) ;
#67 = CARTESIAN_POINT ( 'NONE',  ( -16.00000000000000000, -5.999999999999999112, -5.500000000000000000 ) ) ;
#68 = AXIS2_PLACEMENT_3D ( 'NONE', #2539, #1393, #2173 ) ;
#69 = CARTESIAN_POINT ( 'NONE',  ( -11.00000000000000000, -6.000000000000000000, -5.500000000000000000 ) ) ;
#70 = EDGE_CURVE ( 'NONE', #913, #1131, #2461, .T. ) ;
#71 = ORIENTED_EDGE ( 'NONE', *, *, #737, .F. ) ;
#72 = LINE ( 'NONE', #641, #194 ) ;
#73 = CARTESIAN_POINT ( 'NONE',  ( 16.00000000000000000, 6.000000000000000888, -5.499999999999996447 ) ) ;
#74 = ORIENTED_EDGE ( 'NONE', *, *, #834, .T. ) ;
#75 = CARTESIAN_POINT ( 'NONE',  ( -13.55000000000000071, -4.999999999999999112, -2.999999999999999556 ) ) ;
#76 = EDGE_CURVE ( 'NONE', #1641, #460, #304, .T. ) ;
#77 = VERTEX_POINT ( 'NONE', #2275 ) ;
#78 = ORIENTED_EDGE ( 'NONE', *, *, #1597, .T. ) ;
#79 = DIRECTION ( 'NONE',  ( 0.000000000000000000, 0.000000000000000000, -1.000000000000000000 ) ) ;
#80 = CARTESIAN_POINT ( 'NONE',  ( -13.10672200723098335, -6.000000000000000000, -5.497493718553309705 ) ) ;
#81 = CARTESIAN_POINT ( 'NONE',  ( 9.000000000000000000, 10.99999999999999822, 1.000000000000000000 ) ) ;
#82 = DIRECTION ( 'NONE',  ( -0.000000000000000000, -0.000000000000000000, -1.000000000000000000 ) ) ;
#83 = ORIENTED_EDGE ( 'NONE', *, *, #2250, .F. ) ;
#84 = CARTESIAN_POINT ( 'NONE',  ( -14.50000000000000000, -6.000000000000000000, -5.500000000000000000 ) ) ;
#85 = ADVANCED_FACE ( 'NONE', ( #514 ), #1039, .F. ) ;
#86 = ORIENTED_EDGE ( 'NONE', *, *, #1793, .T. ) ;
#87 = ORIENTED_EDGE ( 'NONE', *, *, #2366, .F. ) ;
#88 = CARTESIAN_POINT ( 'NONE',  ( -13.00000000000000178, 4.999999999999999112, -2.999999999999999556 ) ) ;
#89 = DIRECTION ( 'NONE',  ( -1.000000000000000000, 0.000000000000000000, 0.000000000000000000 ) ) ;
#90 = AXIS2_PLACEMENT_3D ( 'NONE', #46, #2405, #395 ) ;
#91 = EDGE_CURVE ( 'NONE', #260, #784, #130, .T. ) ;
#92 = EDGE_CURVE ( 'NONE', #1872, #2428, #744, .T. ) ;
#93 = VECTOR ( 'NONE', #2282, 1000.000000000000000 ) ;
#94 = DIRECTION ( 'NONE',  ( -0.000000000000000000, 0.000000000000000000, 1.000000000000000000 ) ) ;
#95 = VECTOR ( 'NONE', #152, 1000.000000000000000 ) ;
#96 = STYLED_ITEM ( 'NONE', ( #344 ), #2246 ) ;
#97 = CARTESIAN_POINT ( 'NONE',  ( 16.00000000000000000, 5.999999999999996447, 5.999999999999998224 ) ) ;
#98 = ORIENTED_EDGE ( 'NONE', *, *, #2373, .T. ) ;
#99 = DIRECTION ( 'NONE',  ( 1.000000000000000000, 0.000000000000000000, 0.000000000000000000 ) ) ;
#100 = CIRCLE ( 'NONE', #302, 2.000000000000000000 ) ;
#101 = ORIENTED_EDGE ( 'NONE', *, *, #1785, .T. ) ;
#102 = FACE_OUTER_BOUND ( 'NONE', #357, .T. ) ;
#103 = DIRECTION ( 'NONE',  ( 0.000000000000000000, 0.000000000000000000, -1.000000000000000000 ) ) ;
#104 = EDGE_CURVE ( 'NONE', #2264, #1535, #2101, .T. ) ;
#105 = DIRECTION ( 'NONE',  ( -1.000000000000000000, -0.000000000000000000, 0.000000000000000000 ) ) ;
#106 = EDGE_LOOP ( 'NONE', ( #2235, #60 ) ) ;
#107 = PLANE ( 'NONE',  #677 ) ;
#108 = CARTESIAN_POINT ( 'NONE',  ( 3.469446951953614189E-15, -8.673617379884035472E-16, 0.000000000000000000 ) ) ;
#109 = ORIENTED_EDGE ( 'NONE', *, *, #1834, .T. ) ;
#110 = ORIENTED_EDGE ( 'NONE', *, *, #469, .F. ) ;
#111 = VERTEX_POINT ( 'NONE', #120 ) ;
#112 = ADVANCED_FACE ( 'NONE', ( #2121 ), #1724, .T. ) ;
#113 = DIRECTION ( 'NONE',  ( -4.336808689942019708E-16, -1.000000000000000000, -0.000000000000000000 ) ) ;
#114 = EDGE_CURVE ( 'NONE', #111, #465, #1696, .T. ) ;
#115 = ORIENTED_EDGE ( 'NONE', *, *, #1095, .F. ) ;
#116 = PLANE ( 'NONE',  #2244 ) ;
#117 = EDGE_CURVE ( 'NONE', #1077, #1310, #763, .T. ) ;
#118 = EDGE_CURVE ( 'NONE', #2327, #2520, #352, .T. ) ;
#119 = VERTEX_POINT ( 'NONE', #2078 ) ;
#120 = CARTESIAN_POINT ( 'NONE',  ( 12.50000000000000000, 4.999999999999999112, -6.000000000000000000 ) ) ;
#121 = EDGE_LOOP ( 'NONE', ( #2434, #17, #1788, #1611, #1574, #2086, #319, #1975, #964 ) ) ;
#122 = CARTESIAN_POINT ( 'NONE',  ( -16.00000000000000000, 4.000000000000000000, -5.499999999999996447 ) ) ;
#123 = VECTOR ( 'NONE', #461, 1000.000000000000000 ) ;
#124 = CARTESIAN_POINT ( 'NONE',  ( 14.00000000000000000, 0.000000000000000000, 8.000000000000000000 ) ) ;
#125 = AXIS2_PLACEMENT_3D ( 'NONE', #132, #1499, #1147 ) ;
#126 = EDGE_CURVE ( 'NONE', #1423, #415, #906, .T. ) ;
#127 = ORIENTED_EDGE ( 'NONE', *, *, #1561, .T. ) ;
#128 = DIRECTION ( 'NONE',  ( -0.000000000000000000, -0.000000000000000000, -1.000000000000000000 ) ) ;
#129 = ORIENTED_EDGE ( 'NONE', *, *, #1646, .F. ) ;
#130 = LINE ( 'NONE', #523, #1620 ) ;
#131 = VECTOR ( 'NONE', #815, 1000.000000000000000 ) ;
#132 = CARTESIAN_POINT ( 'NONE',  ( 0.000000000000000000, 0.000000000000000000, -4.000000000000000000 ) ) ;
#133 = AXIS2_PLACEMENT_3D ( 'NONE', #2035, #1633, #89 ) ;
#134 = ORIENTED_EDGE ( 'NONE', *, *, #1375, .F. ) ;
#135 = ADVANCED_BREP_SHAPE_REPRESENTATION ( 'P001-B100_SquareDynamo_Rev2D-6', ( #2246, #1158 ), #2399 ) ;
#136 =( NAMED_UNIT ( * ) PLANE_ANGLE_UNIT ( ) SI_UNIT ( $, .RADIAN. ) );
#137 = EDGE_CURVE ( 'NONE', #590, #1224, #1317, .T. ) ;
#138 = DIRECTION ( 'NONE',  ( 0.000000000000000000, 0.000000000000000000, -1.000000000000000000 ) ) ;
#139 = AXIS2_PLACEMENT_3D ( 'NONE', #741, #1107, #1879 ) ;
#140 = ORIENTED_EDGE ( 'NONE', *, *, #1717, .F. ) ;
#141 = DIRECTION ( 'NONE',  ( 0.000000000000000000, 0.000000000000000000, 1.000000000000000000 ) ) ;
#142 = EDGE_CURVE ( 'NONE', #494, #1173, #1136, .T. ) ;
#143 = ORIENTED_EDGE ( 'NONE', *, *, #663, .T. ) ;
#144 = CARTESIAN_POINT ( 'NONE',  ( 13.50000000000000178, -4.999999999999999112, -7.500000000000000000 ) ) ;
#145 = DIRECTION ( 'NONE',  ( -0.000000000000000000, 1.000000000000000000, 4.003208021484941004E-16 ) ) ;
#146 = AXIS2_PLACEMENT_3D ( 'NONE', #1980, #2186, #1372 ) ;
#147 = EDGE_LOOP ( 'NONE', ( #36, #618, #324, #1, #1121, #1538, #327, #1307, #1505, #1821, #922, #1918, #30 ) ) ;
#148 = EDGE_CURVE ( 'NONE', #260, #2264, #917, .T. ) ;
#149 = LINE ( 'NONE', #910, #2139 ) ;
#150 = DIRECTION ( 'NONE',  ( 0.000000000000000000, 0.000000000000000000, -1.000000000000000000 ) ) ;
#151 = ORIENTED_EDGE ( 'NONE', *, *, #1073, .F. ) ;
#152 = DIRECTION ( 'NONE',  ( 0.000000000000000000, 1.000000000000000000, 0.000000000000000000 ) ) ;
#153 = DIRECTION ( 'NONE',  ( 0.000000000000000000, 0.000000000000000000, -1.000000000000000000 ) ) ;
#154 = EDGE_CURVE ( 'NONE', #1252, #2324, #772, .T. ) ;
#155 = EDGE_LOOP ( 'NONE', ( #1607, #2302 ) ) ;
#156 = DIRECTION ( 'NONE',  ( -0.000000000000000000, -1.000000000000000000, -0.000000000000000000 ) ) ;
#157 = CARTESIAN_POINT ( 'NONE',  ( 0.000000000000000000, 0.000000000000000000, -5.500000000000000000 ) ) ;
#158 = EDGE_LOOP ( 'NONE', ( #1231, #2492, #1214, #2159 ) ) ;
#159 = DIRECTION ( 'NONE',  ( 0.000000000000000000, -1.000000000000000000, 0.000000000000000000 ) ) ;
#160 = EDGE_CURVE ( 'NONE', #1715, #63, #929, .T. ) ;
#161 = LINE ( 'NONE', #370, #6 ) ;
#162 = ORIENTED_EDGE ( 'NONE', *, *, #920, .F. ) ;
#163 = LINE ( 'NONE', #1698, #95 ) ;
#164 = TOROIDAL_SURFACE ( 'NONE', #1152, 8.999999999999998224, 0.5000000000000000000 ) ;
#165 = ORIENTED_EDGE ( 'NONE', *, *, #1900, .F. ) ;
#166 = DIRECTION ( 'NONE',  ( 0.000000000000000000, -1.000000000000000000, -4.003208021484940511E-16 ) ) ;
#167 = FACE_OUTER_BOUND ( 'NONE', #249, .T. ) ;
#168 = ORIENTED_EDGE ( 'NONE', *, *, #2198, .T. ) ;
#169 = LINE ( 'NONE', #2521, #1041 ) ;
#170 = VECTOR ( 'NONE', #2479, 1000.000000000000000 ) ;
#171 = CIRCLE ( 'NONE', #1288, 0.2500000000000002220 ) ;
#172 = DIRECTION ( 'NONE',  ( 0.000000000000000000, 0.000000000000000000, 1.000000000000000000 ) ) ;
#173 = VECTOR ( 'NONE', #1475, 1000.000000000000000 ) ;
#174 = EDGE_CURVE ( 'NONE', #452, #1732, #2228, .T. ) ;
#175 = ORIENTED_EDGE ( 'NONE', *, *, #2483, .T. ) ;
#176 = CIRCLE ( 'NONE', #383, 0.5000000000000004441 ) ;
#177 = CARTESIAN_POINT ( 'NONE',  ( -14.00000000000000000, 3.999999999999995559, 6.000000000000000000 ) ) ;
#178 = AXIS2_PLACEMENT_3D ( 'NONE', #2298, #2095, #141 ) ;
#179 = DIRECTION ( 'NONE',  ( -0.000000000000000000, 0.000000000000000000, 1.000000000000000000 ) ) ;
#180 = AXIS2_PLACEMENT_3D ( 'NONE', #31, #1759, #2 ) ;
#181 = VERTEX_POINT ( 'NONE', #2517 ) ;
#182 = DIRECTION ( 'NONE',  ( 0.000000000000000000, -0.000000000000000000, -1.000000000000000000 ) ) ;
#183 = CARTESIAN_POINT ( 'NONE',  ( 8.062257748298547355, -3.999999999999999112, 1.000000000000000000 ) ) ;
#184 = DIRECTION ( 'NONE',  ( 0.000000000000000000, 0.000000000000000000, 1.000000000000000000 ) ) ;
#185 = ORIENTED_EDGE ( 'NONE', *, *, #2025, .F. ) ;
#186 = CARTESIAN_POINT ( 'NONE',  ( -8.338250065206523232, -4.000000000000000000, 0.9537554391086459082 ) ) ;
#187 = CARTESIAN_POINT ( 'NONE',  ( -14.00000000000000000, 0.000000000000000000, 8.000000000000000000 ) ) ;
#188 = LINE ( 'NONE', #787, #2020 ) ;
#189 = EDGE_CURVE ( 'NONE', #449, #1933, #1146, .T. ) ;
#190 = ORIENTED_EDGE ( 'NONE', *, *, #2156, .T. ) ;
#191 = DIRECTION ( 'NONE',  ( 0.000000000000000000, 0.000000000000000000, 1.000000000000000000 ) ) ;
#192 = CARTESIAN_POINT ( 'NONE',  ( -14.00000000000000000, -5.000000000000000000, 8.000000000000000000 ) ) ;
#193 = EDGE_CURVE ( 'NONE', #1489, #1084, #1701, .T. ) ;
#194 = VECTOR ( 'NONE', #1421, 1000.000000000000000 ) ;
#195 = EDGE_CURVE ( 'NONE', #858, #937, #1029, .T. ) ;
#196 = ORIENTED_EDGE ( 'NONE', *, *, #92, .T. ) ;
#197 = EDGE_CURVE ( 'NONE', #452, #1720, #2513, .T. ) ;
#198 = CARTESIAN_POINT ( 'NONE',  ( -16.00000000000000000, 5.999999999999998224, 1.000000000000000000 ) ) ;
#199 = EDGE_CURVE ( 'NONE', #1191, #1772, #1682, .T. ) ;
#200 = CYLINDRICAL_SURFACE ( 'NONE', #717, 2.000000000000000000 ) ;
#201 = ORIENTED_EDGE ( 'NONE', *, *, #1103, .T. ) ;
#202 = DIRECTION ( 'NONE',  ( -0.000000000000000000, 0.000000000000000000, 1.000000000000000000 ) ) ;
#203 = PLANE ( 'NONE',  #29 ) ;
#204 = CARTESIAN_POINT ( 'NONE',  ( 14.00000000000000000, 0.000000000000000000, 6.000000000000000000 ) ) ;
#205 = ORIENTED_EDGE ( 'NONE', *, *, #412, .F. ) ;
#206 = LINE ( 'NONE', #2128, #868 ) ;
#207 = CARTESIAN_POINT ( 'NONE',  ( -16.00000000000000000, 3.999999999999995559, 6.000000000000000000 ) ) ;
#208 = VERTEX_POINT ( 'NONE', #1018 ) ;
#209 = CIRCLE ( 'NONE', #2475, 1.510000000000000009 ) ;
#210 = CARTESIAN_POINT ( 'NONE',  ( 7.040063920164367772, -6.000000000000000000, 0.000000000000000000 ) ) ;
#211 = CIRCLE ( 'NONE', #541, 9.499999999999998224 ) ;
#212 = AXIS2_PLACEMENT_3D ( 'NONE', #2427, #1621, #2036 ) ;
#213 = PLANE ( 'NONE',  #1937 ) ;
#214 = ORIENTED_EDGE ( 'NONE', *, *, #1694, .F. ) ;
#215 = EDGE_LOOP ( 'NONE', ( #1432, #71, #1484, #2180 ) ) ;
#216 = CARTESIAN_POINT ( 'NONE',  ( -8.497128654918668644, -3.999999999999998224, 0.8178875794544722133 ) ) ;
#217 = AXIS2_PLACEMENT_3D ( 'NONE', #1165, #2054, #2065 ) ;
#218 = CARTESIAN_POINT ( 'NONE',  ( -13.00000000000000178, -4.999999999999999112, -4.999999999999999112 ) ) ;
#219 = CIRCLE ( 'NONE', #217, 0.5000000000000004441 ) ;
#220 = LINE ( 'NONE', #1594, #2351 ) ;
#221 = CIRCLE ( 'NONE', #2280, 0.2500000000000002220 ) ;
#222 = ORIENTED_EDGE ( 'NONE', *, *, #1344, .F. ) ;
#223 = CARTESIAN_POINT ( 'NONE',  ( 0.000000000000000000, 3.292893218813448097, 1.249999999999996891 ) ) ;
#224 = CARTESIAN_POINT ( 'NONE',  ( 8.062257748298547355, 3.999999999999998224, 0.000000000000000000 ) ) ;
#225 = ORIENTED_EDGE ( 'NONE', *, *, #1272, .F. ) ;
#226 = DIRECTION ( 'NONE',  ( -0.000000000000000000, 1.000000000000000000, -0.000000000000000000 ) ) ;
#227 = PLANE ( 'NONE',  #2187 ) ;
#228 = PRODUCT_DEFINITION ( 'UNKNOWN', '', #59, #549 ) ;
#229 = FACE_OUTER_BOUND ( 'NONE', #1915, .T. ) ;
#230 = ORIENTED_EDGE ( 'NONE', *, *, #752, .T. ) ;
#231 = DIRECTION ( 'NONE',  ( -0.000000000000000000, -0.000000000000000000, 1.000000000000000000 ) ) ;
#232 = FACE_OUTER_BOUND ( 'NONE', #1170, .T. ) ;
#233 = EDGE_CURVE ( 'NONE', #1021, #2069, #1161, .T. ) ;
#234 = CARTESIAN_POINT ( 'NONE',  ( 8.616843969807044701, 3.999999999999997335, 1.000000000000003553 ) ) ;
#235 = ORIENTED_EDGE ( 'NONE', *, *, #2218, .F. ) ;
#236 = DIRECTION ( 'NONE',  ( 1.000000000000000000, -0.000000000000000000, 0.000000000000000000 ) ) ;
#237 = DIRECTION ( 'NONE',  ( -1.000000000000000000, -0.000000000000000000, -0.000000000000000000 ) ) ;
#238 = ORIENTED_EDGE ( 'NONE', *, *, #1012, .F. ) ;
#239 = FACE_OUTER_BOUND ( 'NONE', #1202, .T. ) ;
#240 = ORIENTED_EDGE ( 'NONE', *, *, #2294, .F. ) ;
#241 = ORIENTED_EDGE ( 'NONE', *, *, #1072, .F. ) ;
#242 = CARTESIAN_POINT ( 'NONE',  ( -13.00000000000000178, -4.999999999999999112, -4.999999999999999112 ) ) ;
#243 = DIRECTION ( 'NONE',  ( -0.000000000000000000, -0.000000000000000000, -1.000000000000000000 ) ) ;
#244 = DIRECTION ( 'NONE',  ( 1.000000000000000000, 0.000000000000000000, 0.000000000000000000 ) ) ;
#245 = EDGE_CURVE ( 'NONE', #757, #2431, #1366, .T. ) ;
#246 = EDGE_LOOP ( 'NONE', ( #1269, #1198, #1217, #1812, #235 ) ) ;
#247 = CARTESIAN_POINT ( 'NONE',  ( 8.497128654918670421, 3.999999999999998224, 0.8178875794544726574 ) ) ;
#248 = DIRECTION ( 'NONE',  ( 0.000000000000000000, 0.000000000000000000, 1.000000000000000000 ) ) ;
#249 = EDGE_LOOP ( 'NONE', ( #140, #838, #1957, #1352 ) ) ;
#250 = CARTESIAN_POINT ( 'NONE',  ( 8.340413658806145492, -3.999999999999998224, -5.500000000000000000 ) ) ;
#251 = FILL_AREA_STYLE ('',( #1229 ) ) ;
#252 = AXIS2_PLACEMENT_3D ( 'NONE', #422, #1612, #1353 ) ;
#253 = AXIS2_PLACEMENT_3D ( 'NONE', #1479, #2269, #508 ) ;
#254 = ORIENTED_EDGE ( 'NONE', *, *, #1645, .F. ) ;
#255 = CARTESIAN_POINT ( 'NONE',  ( -1.999999999999996669, -6.224323781589328565E-16, 0.000000000000000000 ) ) ;
#256 = DIRECTION ( 'NONE',  ( -1.000000000000000000, 0.000000000000000000, -0.000000000000000000 ) ) ;
#257 = VECTOR ( 'NONE', #552, 1000.000000000000000 ) ;
#258 = CARTESIAN_POINT ( 'NONE',  ( 16.00000000000000000, -3.999999999999998224, -5.499999999999999112 ) ) ;
#259 = LINE ( 'NONE', #69, #373 ) ;
#260 = VERTEX_POINT ( 'NONE', #1803 ) ;
#261 = AXIS2_PLACEMENT_3D ( 'NONE', #1705, #159, #1885 ) ;
#262 = CARTESIAN_POINT ( 'NONE',  ( 13.00000000000000178, 4.999999999999999112, -6.000000000000000000 ) ) ;
#263 = CARTESIAN_POINT ( 'NONE',  ( -7.040063920164360667, -6.000000000000000000, -5.500000000000000000 ) ) ;
#264 = EDGE_CURVE ( 'NONE', #208, #2411, #329, .T. ) ;
#265 = EDGE_CURVE ( 'NONE', #2117, #544, #1174, .T. ) ;
#266 = VECTOR ( 'NONE', #454, 1000.000000000000000 ) ;
#267 = ORIENTED_EDGE ( 'NONE', *, *, #1566, .T. ) ;
#268 = CARTESIAN_POINT ( 'NONE',  ( -16.00000000000000000, 5.999999999999998224, 1.000000000000000000 ) ) ;
#269 = VECTOR ( 'NONE', #166, 1000.000000000000000 ) ;
#270 = VERTEX_POINT ( 'NONE', #993 ) ;
#271 = ORIENTED_EDGE ( 'NONE', *, *, #2263, .F. ) ;
#272 = VECTOR ( 'NONE', #337, 1000.000000000000000 ) ;
#273 = CARTESIAN_POINT ( 'NONE',  ( -16.00000000000000000, 3.999999999999997335, 1.000000000000002442 ) ) ;
#274 = PLANE ( 'NONE',  #1684 ) ;
#275 = DIRECTION ( 'NONE',  ( -0.000000000000000000, 0.000000000000000000, 1.000000000000000000 ) ) ;
#276 = CARTESIAN_POINT ( 'NONE',  ( 8.616843969807042924, -3.999999999999994671, 0.6395370082211949692 ) ) ;
#277 = TOROIDAL_SURFACE ( 'NONE', #2253, 1.000000000000000888, 0.5000000000000000000 ) ;
#278 = AXIS2_PLACEMENT_3D ( 'NONE', #287, #458, #2429 ) ;
#279 = ORIENTED_EDGE ( 'NONE', *, *, #76, .T. ) ;
#280 = DIRECTION ( 'NONE',  ( 0.000000000000000000, 0.000000000000000000, -1.000000000000000000 ) ) ;
#281 = EDGE_CURVE ( 'NONE', #2423, #1116, #1600, .T. ) ;
#282 = EDGE_LOOP ( 'NONE', ( #597, #1370, #1511, #905 ) ) ;
#283 = VERTEX_POINT ( 'NONE', #630 ) ;
#284 = DIRECTION ( 'NONE',  ( -0.000000000000000000, -0.000000000000000000, -1.000000000000000000 ) ) ;
#285 = CARTESIAN_POINT ( 'NONE',  ( 8.616843969807044701, 3.999999999999997335, 0.5000000000000000000 ) ) ;
#286 = DIRECTION ( 'NONE',  ( 0.000000000000000000, -0.000000000000000000, -1.000000000000000000 ) ) ;
#287 = CARTESIAN_POINT ( 'NONE',  ( 0.000000000000000000, 0.000000000000000000, 0.5000000000000000000 ) ) ;
#288 = CARTESIAN_POINT ( 'NONE',  ( -7.875000000000000000, 7.999999999999998224, 0.5000000000000042188 ) ) ;
#289 = ORIENTED_EDGE ( 'NONE', *, *, #1703, .F. ) ;
#290 = LINE ( 'NONE', #887, #123 ) ;
#291 = ORIENTED_EDGE ( 'NONE', *, *, #233, .T. ) ;
#292 = CARTESIAN_POINT ( 'NONE',  ( 3.469446951953614189E-15, -8.673617379884035472E-16, 26.16295090390226363 ) ) ;
#293 = CARTESIAN_POINT ( 'NONE',  ( 0.000000000000000000, 5.999999999999997335, 1.249999999999998002 ) ) ;
#294 = EDGE_CURVE ( 'NONE', #1084, #33, #2305, .T. ) ;
#295 = DIRECTION ( 'NONE',  ( -0.000000000000000000, 0.000000000000000000, 1.000000000000000000 ) ) ;
#296 = CIRCLE ( 'NONE', #2307, 0.2500000000000002220 ) ;
#297 = CIRCLE ( 'NONE', #1768, 2.000000000000000000 ) ;
#298 = CARTESIAN_POINT ( 'NONE',  ( 14.00000000000000000, 0.000000000000000000, 8.000000000000000000 ) ) ;
#299 = ORIENTED_EDGE ( 'NONE', *, *, #1544, .F. ) ;
#300 = LINE ( 'NONE', #1424, #1321 ) ;
#301 = DIRECTION ( 'NONE',  ( -0.000000000000000000, 0.000000000000000000, -1.000000000000000000 ) ) ;
#302 = AXIS2_PLACEMENT_3D ( 'NONE', #1998, #670, #642 ) ;
#303 = ORIENTED_EDGE ( 'NONE', *, *, #998, .F. ) ;
#304 = LINE ( 'NONE', #1873, #1368 ) ;
#305 = LINE ( 'NONE', #1064, #2237 ) ;
#306 = VECTOR ( 'NONE', #1883, 1000.000000000000000 ) ;
#307 = CARTESIAN_POINT ( 'NONE',  ( 3.469446951953614189E-15, -8.673617379884035472E-16, -5.500000000000000000 ) ) ;
#308 = AXIS2_PLACEMENT_3D ( 'NONE', #1917, #2076, #153 ) ;
#309 = ORIENTED_EDGE ( 'NONE', *, *, #941, .T. ) ;
#310 = VECTOR ( 'NONE', #1339, 1000.000000000000000 ) ;
#311 = EDGE_CURVE ( 'NONE', #338, #260, #2472, .T. ) ;
#312 = EDGE_CURVE ( 'NONE', #1218, #2445, #2543, .T. ) ;
#313 = CARTESIAN_POINT ( 'NONE',  ( -1.999999999999996669, -6.224323781589328565E-16, -0.5000000000000000000 ) ) ;
#314 = ORIENTED_EDGE ( 'NONE', *, *, #2081, .T. ) ;
#315 = CARTESIAN_POINT ( 'NONE',  ( 12.50000000000000000, -4.999999999999999112, -7.500000000000000000 ) ) ;
#316 = CARTESIAN_POINT ( 'NONE',  ( 12.50000000000000000, -4.999999999999999112, -7.500000000000000000 ) ) ;
#317 = ORIENTED_EDGE ( 'NONE', *, *, #118, .T. ) ;
#318 = CARTESIAN_POINT ( 'NONE',  ( 0.000000000000000000, 0.000000000000000000, -5.500000000000000000 ) ) ;
#319 = ORIENTED_EDGE ( 'NONE', *, *, #479, .F. ) ;
#320 = CARTESIAN_POINT ( 'NONE',  ( 0.000000000000000000, 0.000000000000000000, -0.5000000000000000000 ) ) ;
#321 = EDGE_LOOP ( 'NONE', ( #1356, #2003, #805, #2465 ) ) ;
#322 = DIRECTION ( 'NONE',  ( 1.000000000000000000, 0.000000000000000000, 0.000000000000000000 ) ) ;
#323 = DIRECTION ( 'NONE',  ( -0.000000000000000000, 0.000000000000000000, 1.000000000000000000 ) ) ;
#324 = ORIENTED_EDGE ( 'NONE', *, *, #2027, .T. ) ;
#325 = DIRECTION ( 'NONE',  ( -1.000000000000000000, 0.000000000000000000, 0.000000000000000000 ) ) ;
#326 = CARTESIAN_POINT ( 'NONE',  ( -14.50000000000000000, -5.000000000000000000, 5.999999999999999112 ) ) ;
#327 = ORIENTED_EDGE ( 'NONE', *, *, #2330, .T. ) ;
#328 = DIRECTION ( 'NONE',  ( -0.000000000000000000, 0.000000000000000000, 1.000000000000000000 ) ) ;
#329 = CIRCLE ( 'NONE', #90, 1.049999999999998934 ) ;
#330 = AXIS2_PLACEMENT_3D ( 'NONE', #2326, #150, #1718 ) ;
#331 = VECTOR ( 'NONE', #99, 1000.000000000000000 ) ;
#332 = DIRECTION ( 'NONE',  ( -1.000000000000000000, 0.000000000000000000, 0.000000000000000000 ) ) ;
#333 = AXIS2_PLACEMENT_3D ( 'NONE', #2406, #646, #2210 ) ;
#334 = ORIENTED_EDGE ( 'NONE', *, *, #1564, .F. ) ;
#335 = ADVANCED_FACE ( 'NONE', ( #1008 ), #1576, .F. ) ;
#336 = CARTESIAN_POINT ( 'NONE',  ( -1.510000000000000009, 1.849216666712503192E-16, -4.000000000000000000 ) ) ;
#337 = DIRECTION ( 'NONE',  ( -1.000000000000000000, 0.000000000000000000, 0.000000000000000000 ) ) ;
#338 = VERTEX_POINT ( 'NONE', #1792 ) ;
#339 = DIRECTION ( 'NONE',  ( -0.000000000000000000, -0.000000000000000000, 1.000000000000000000 ) ) ;
#340 = VECTOR ( 'NONE', #1102, 1000.000000000000000 ) ;
#341 = DIRECTION ( 'NONE',  ( 0.000000000000000000, 0.000000000000000000, -1.000000000000000000 ) ) ;
#342 = CIRCLE ( 'NONE', #1416, 0.2500000000000000000 ) ;
#343 = EDGE_LOOP ( 'NONE', ( #291, #653, #1493, #1744, #98 ) ) ;
#344 = PRESENTATION_STYLE_ASSIGNMENT (( #2509 ) ) ;
#345 = CARTESIAN_POINT ( 'NONE',  ( -12.45000000000000107, -4.999999999999999112, -4.999999999999999112 ) ) ;
#346 = CIRCLE ( 'NONE', #2414, 8.999999999999998224 ) ;
#347 = ADVANCED_FACE ( 'NONE', ( #978 ), #825, .T. ) ;
#348 = EDGE_CURVE ( 'NONE', #1872, #494, #809, .T. ) ;
#349 = VERTEX_POINT ( 'NONE', #210 ) ;
#350 = CARTESIAN_POINT ( 'NONE',  ( -8.616843969807044701, 3.999999999999997335, 1.000000000000003553 ) ) ;
#351 = ORIENTED_EDGE ( 'NONE', *, *, #91, .F. ) ;
#352 = LINE ( 'NONE', #144, #918 ) ;
#353 = DIRECTION ( 'NONE',  ( 0.000000000000000000, 0.000000000000000000, -1.000000000000000000 ) ) ;
#354 = EDGE_CURVE ( 'NONE', #1310, #77, #1195, .T. ) ;
#355 = VECTOR ( 'NONE', #1389, 1000.000000000000000 ) ;
#356 = EDGE_CURVE ( 'NONE', #766, #1748, #419, .T. ) ;
#357 = EDGE_LOOP ( 'NONE', ( #2507, #1583 ) ) ;
#358 = SURFACE_SIDE_STYLE ('',( #1297 ) ) ;
#359 = CARTESIAN_POINT ( 'NONE',  ( -13.00000000000000178, 4.999999999999999112, -5.500000000000000000 ) ) ;
#360 = ORIENTED_EDGE ( 'NONE', *, *, #707, .T. ) ;
#361 = DIRECTION ( 'NONE',  ( 0.000000000000000000, -1.000000000000000000, 0.000000000000000000 ) ) ;
#362 = CYLINDRICAL_SURFACE ( 'NONE', #1618, 2.000000000000000000 ) ;
#363 = VERTEX_POINT ( 'NONE', #588 ) ;
#364 = CARTESIAN_POINT ( 'NONE',  ( 0.000000000000000000, 0.000000000000000000, 1.000000000000003553 ) ) ;
#365 = DIRECTION ( 'NONE',  ( -0.000000000000000000, 1.000000000000000000, 4.003208021484941004E-16 ) ) ;
#366 = ORIENTED_EDGE ( 'NONE', *, *, #442, .F. ) ;
#367 = AXIS2_PLACEMENT_3D ( 'NONE', #791, #1745, #2526 ) ;
#368 = ADVANCED_FACE ( 'NONE', ( #602 ), #2178, .F. ) ;
#369 = LINE ( 'NONE', #122, #682 ) ;
#370 = CARTESIAN_POINT ( 'NONE',  ( 9.000000000000000000, 10.99999999999999822, -5.500000000000000000 ) ) ;
#371 = ORIENTED_EDGE ( 'NONE', *, *, #1749, .T. ) ;
#372 = FACE_OUTER_BOUND ( 'NONE', #2052, .T. ) ;
#373 = VECTOR ( 'NONE', #2386, 1000.000000000000000 ) ;
#374 = DIRECTION ( 'NONE',  ( 0.000000000000000000, 1.000000000000000000, 0.000000000000000000 ) ) ;
#375 = ORIENTED_EDGE ( 'NONE', *, *, #1000, .F. ) ;
#376 = DIRECTION ( 'NONE',  ( 0.000000000000000000, 0.000000000000000000, -1.000000000000000000 ) ) ;
#377 = DIRECTION ( 'NONE',  ( 1.000000000000000000, 0.000000000000000000, 0.000000000000000000 ) ) ;
#378 = ORIENTED_EDGE ( 'NONE', *, *, #1544, .T. ) ;
#379 = AXIS2_PLACEMENT_3D ( 'NONE', #242, #2370, #608 ) ;
#380 = EDGE_LOOP ( 'NONE', ( #2347, #940, #2274, #675 ) ) ;
#381 = EDGE_CURVE ( 'NONE', #1252, #2353, #1765, .T. ) ;
#382 = CARTESIAN_POINT ( 'NONE',  ( 14.00000000000000000, -5.000000000000000000, 8.000000000000000000 ) ) ;
#383 = AXIS2_PLACEMENT_3D ( 'NONE', #1456, #2437, #79 ) ;
#384 = DIRECTION ( 'NONE',  ( -0.000000000000000000, -0.000000000000000000, 1.000000000000000000 ) ) ;
#385 = CYLINDRICAL_SURFACE ( 'NONE', #2348, 2.000000000000000000 ) ;
#386 = EDGE_CURVE ( 'NONE', #2480, #208, #985, .T. ) ;
#387 = ADVANCED_FACE ( 'NONE', ( #239 ), #2132, .T. ) ;
#388 = VERTEX_POINT ( 'NONE', #84 ) ;
#389 = VECTOR ( 'NONE', #1735, 1000.000000000000000 ) ;
#390 = CARTESIAN_POINT ( 'NONE',  ( -13.00000000000000178, 4.999999999999999112, -4.999999999999999112 ) ) ;
#391 = AXIS2_PLACEMENT_3D ( 'NONE', #947, #1494, #2493 ) ;
#392 = CARTESIAN_POINT ( 'NONE',  ( 3.469446951953614189E-15, -8.673617379884035472E-16, -0.5000000000000000000 ) ) ;
#393 = AXIS2_PLACEMENT_3D ( 'NONE', #1844, #275, #2418 ) ;
#394 = VERTEX_POINT ( 'NONE', #493 ) ;
#395 = DIRECTION ( 'NONE',  ( 1.000000000000000000, 0.000000000000000000, 0.000000000000000000 ) ) ;
#396 = LINE ( 'NONE', #1959, #477 ) ;
#397 = EDGE_LOOP ( 'NONE', ( #2008, #502, #498, #676 ) ) ;
#398 = ORIENTED_EDGE ( 'NONE', *, *, #1000, .T. ) ;
#399 = CARTESIAN_POINT ( 'NONE',  ( -13.00000000000000178, 4.999999999999999112, -2.999999999999999556 ) ) ;
#400 = CIRCLE ( 'NONE', #491, 0.5000000000000004441 ) ;
#401 = DIRECTION ( 'NONE',  ( -1.000000000000000000, -0.000000000000000000, -0.000000000000000000 ) ) ;
#402 = CARTESIAN_POINT ( 'NONE',  ( -13.00000000000000178, -4.999999999999999112, -5.500000000000000000 ) ) ;
#403 = ORIENTED_EDGE ( 'NONE', *, *, #2091, .T. ) ;
#404 = PLANE ( 'NONE',  #1188 ) ;
#405 = CARTESIAN_POINT ( 'NONE',  ( 7.875000000000000000, 7.999999999999998224, 0.5000000000000042188 ) ) ;
#406 = ORIENTED_EDGE ( 'NONE', *, *, #1938, .T. ) ;
#407 = DIRECTION ( 'NONE',  ( 0.000000000000000000, 0.000000000000000000, -1.000000000000000000 ) ) ;
#408 = DIRECTION ( 'NONE',  ( -0.000000000000000000, -0.000000000000000000, -1.000000000000000000 ) ) ;
#409 = CARTESIAN_POINT ( 'NONE',  ( 7.500000000000000000, 7.999999999999998224, 1.000000000000004441 ) ) ;
#410 = ORIENTED_EDGE ( 'NONE', *, *, #2218, .T. ) ;
#411 = CARTESIAN_POINT ( 'NONE',  ( -13.00000000000000178, -4.999999999999999112, -2.999999999999999556 ) ) ;
#412 = EDGE_CURVE ( 'NONE', #895, #1448, #2130, .T. ) ;
#413 = DIRECTION ( 'NONE',  ( 0.000000000000000000, 1.334402673828313339E-16, -1.000000000000000000 ) ) ;
#414 = CARTESIAN_POINT ( 'NONE',  ( 0.000000000000000000, 8.000000000000000000, 1.000000000000000000 ) ) ;
#415 = VERTEX_POINT ( 'NONE', #250 ) ;
#416 = LINE ( 'NONE', #2344, #1966 ) ;
#417 = EDGE_CURVE ( 'NONE', #937, #1304, #290, .T. ) ;
#418 = DIRECTION ( 'NONE',  ( 0.000000000000000000, -1.000000000000000000, -4.003208021484940018E-16 ) ) ;
#419 = CIRCLE ( 'NONE', #1854, 0.5000000000000004441 ) ;
#420 = ORIENTED_EDGE ( 'NONE', *, *, #547, .T. ) ;
#421 = CIRCLE ( 'NONE', #507, 9.499999999999998224 ) ;
#422 = CARTESIAN_POINT ( 'NONE',  ( -11.00000000000000000, 8.000000000000000000, 8.000000000000000000 ) ) ;
#423 = LINE ( 'NONE', #2148, #425 ) ;
#424 = EDGE_CURVE ( 'NONE', #1077, #2352, #1888, .T. ) ;
#425 = VECTOR ( 'NONE', #979, 1000.000000000000000 ) ;
#426 = DIRECTION ( 'NONE',  ( -0.000000000000000000, -0.000000000000000000, -1.000000000000000000 ) ) ;
#427 = VERTEX_POINT ( 'NONE', #1258 ) ;
#428 = CARTESIAN_POINT ( 'NONE',  ( 7.500000000000001776, 8.000000000000000000, 8.000000000000000000 ) ) ;
#429 = PLANE ( 'NONE',  #926 ) ;
#430 = DIRECTION ( 'NONE',  ( -1.000000000000000000, 0.000000000000000000, 0.000000000000000000 ) ) ;
#431 = AXIS2_PLACEMENT_3D ( 'NONE', #519, #1303, #2500 ) ;
#432 = ORIENTED_EDGE ( 'NONE', *, *, #1103, .F. ) ;
#433 = DIRECTION ( 'NONE',  ( 1.000000000000000000, -0.000000000000000000, -0.000000000000000000 ) ) ;
#434 = DIRECTION ( 'NONE',  ( 0.000000000000000000, 0.000000000000000000, 1.000000000000000000 ) ) ;
#435 = ORIENTED_EDGE ( 'NONE', *, *, #499, .T. ) ;
#436 = CARTESIAN_POINT ( 'NONE',  ( -14.05000000000000071, 4.999999999999999112, -4.999999999999999112 ) ) ;
#437 = DIRECTION ( 'NONE',  ( -0.000000000000000000, 0.000000000000000000, 1.000000000000000000 ) ) ;
#438 = VECTOR ( 'NONE', #1444, 1000.000000000000000 ) ;
#439 = ORIENTED_EDGE ( 'NONE', *, *, #1326, .T. ) ;
#440 = ORIENTED_EDGE ( 'NONE', *, *, #265, .T. ) ;
#441 = LINE ( 'NONE', #828, #131 ) ;
#442 = EDGE_CURVE ( 'NONE', #1111, #895, #986, .T. ) ;
#443 = DIRECTION ( 'NONE',  ( 0.000000000000000000, -4.003208021484940018E-16, 1.000000000000000000 ) ) ;
#444 = EDGE_CURVE ( 'NONE', #1548, #606, #1847, .T. ) ;
#445 = CARTESIAN_POINT ( 'NONE',  ( -11.00000000000000000, -6.000000000000000000, -5.500000000000000000 ) ) ;
#446 = EDGE_LOOP ( 'NONE', ( #824, #2190 ) ) ;
#447 = CARTESIAN_POINT ( 'NONE',  ( -13.32015621187164456, 4.000000000000000000, -5.499999999999996447 ) ) ;
#448 = DIRECTION ( 'NONE',  ( -0.000000000000000000, -0.000000000000000000, 1.000000000000000000 ) ) ;
#449 = VERTEX_POINT ( 'NONE', #2236 ) ;
#450 = DIRECTION ( 'NONE',  ( -1.000000000000000000, 0.000000000000000000, 0.000000000000000000 ) ) ;
#451 = CARTESIAN_POINT ( 'NONE',  ( -13.00000000000000178, 4.999999999999999112, -5.500000000000000000 ) ) ;
#452 = VERTEX_POINT ( 'NONE', #698 ) ;
#453 = EDGE_LOOP ( 'NONE', ( #143, #529, #440, #1991 ) ) ;
#454 = DIRECTION ( 'NONE',  ( -1.000000000000000000, 0.000000000000000000, 0.000000000000000000 ) ) ;
#455 = ADVANCED_FACE ( 'NONE', ( #1655 ), #2040, .T. ) ;
#456 = CARTESIAN_POINT ( 'NONE',  ( -13.00000000000000178, -4.999999999999999112, -5.500000000000000000 ) ) ;
#457 = ORIENTED_EDGE ( 'NONE', *, *, #1713, .T. ) ;
#458 = DIRECTION ( 'NONE',  ( -0.000000000000000000, 0.000000000000000000, 1.000000000000000000 ) ) ;
#459 = DIRECTION ( 'NONE',  ( -1.000000000000000000, -0.000000000000000000, -0.000000000000000000 ) ) ;
#460 = VERTEX_POINT ( 'NONE', #1465 ) ;
#461 = DIRECTION ( 'NONE',  ( 1.000000000000000000, -0.000000000000000000, -0.000000000000000000 ) ) ;
#462 = AXIS2_PLACEMENT_3D ( 'NONE', #758, #1546, #1737 ) ;
#463 = AXIS2_PLACEMENT_3D ( 'NONE', #402, #1569, #2372 ) ;
#464 = EDGE_LOOP ( 'NONE', ( #660, #110, #1949, #214 ) ) ;
#465 = VERTEX_POINT ( 'NONE', #2252 ) ;
#466 = FACE_OUTER_BOUND ( 'NONE', #1369, .T. ) ;
#467 = CIRCLE ( 'NONE', #1524, 0.5000000000000004441 ) ;
#468 = CARTESIAN_POINT ( 'NONE',  ( 0.000000000000000000, 0.000000000000000000, 0.5000000000000000000 ) ) ;
#469 = EDGE_CURVE ( 'NONE', #1708, #955, #849, .T. ) ;
#470 = EDGE_CURVE ( 'NONE', #1508, #1872, #2031, .T. ) ;
#471 = DIRECTION ( 'NONE',  ( 1.000000000000000000, 0.000000000000000000, 0.000000000000000000 ) ) ;
#472 = ORIENTED_EDGE ( 'NONE', *, *, #883, .T. ) ;
#473 = CIRCLE ( 'NONE', #756, 0.2500000000000000000 ) ;
#474 = CARTESIAN_POINT ( 'NONE',  ( -11.95000000000000284, -4.999999999999999112, -5.500000000000000000 ) ) ;
#475 = DIRECTION ( 'NONE',  ( 0.000000000000000000, 0.000000000000000000, -1.000000000000000000 ) ) ;
#476 = ADVANCED_FACE ( 'NONE', ( #2261 ), #1859, .F. ) ;
#477 = VECTOR ( 'NONE', #426, 1000.000000000000000 ) ;
#478 = EDGE_CURVE ( 'NONE', #1748, #338, #2421, .T. ) ;
#479 = EDGE_CURVE ( 'NONE', #363, #1218, #481, .T. ) ;
#480 = ORIENTED_EDGE ( 'NONE', *, *, #2294, .T. ) ;
#481 = LINE ( 'NONE', #268, #2185 ) ;
#482 = VECTOR ( 'NONE', #2087, 1000.000000000000000 ) ;
#483 = ORIENTED_EDGE ( 'NONE', *, *, #769, .T. ) ;
#484 = ORIENTED_EDGE ( 'NONE', *, *, #814, .T. ) ;
#485 = LINE ( 'NONE', #1282, #2276 ) ;
#486 = AXIS2_PLACEMENT_3D ( 'NONE', #1683, #128, #530 ) ;
#487 = FACE_OUTER_BOUND ( 'NONE', #689, .T. ) ;
#488 = CARTESIAN_POINT ( 'NONE',  ( 8.616843969807042924, -3.999999999999995559, 1.000000000000003553 ) ) ;
#489 = CARTESIAN_POINT ( 'NONE',  ( -12.67984378812835722, 4.000000000000000000, -5.500000000000000000 ) ) ;
#490 = CARTESIAN_POINT ( 'NONE',  ( 8.201428076587998106, -3.999999999999999112, 0.9999999999999995559 ) ) ;
#491 = AXIS2_PLACEMENT_3D ( 'NONE', #1624, #1636, #2233 ) ;
#492 = ORIENTED_EDGE ( 'NONE', *, *, #991, .T. ) ;
#493 = CARTESIAN_POINT ( 'NONE',  ( 13.99999999999999822, 3.999999999999997335, 8.000000000000000000 ) ) ;
#494 = VERTEX_POINT ( 'NONE', #1278 ) ;
#495 = FACE_OUTER_BOUND ( 'NONE', #1211, .T. ) ;
#496 = DIRECTION ( 'NONE',  ( -0.000000000000000000, -1.000000000000000000, -4.003208021484940511E-16 ) ) ;
#497 = DIRECTION ( 'NONE',  ( 0.000000000000000000, 4.003208021484940018E-16, -1.000000000000000000 ) ) ;
#498 = ORIENTED_EDGE ( 'NONE', *, *, #1867, .F. ) ;
#499 = EDGE_CURVE ( 'NONE', #2520, #2352, #1979, .T. ) ;
#500 = CARTESIAN_POINT ( 'NONE',  ( -13.00000000000000178, -4.999999999999999112, -2.999999999999999556 ) ) ;
#501 = ORIENTED_EDGE ( 'NONE', *, *, #1531, .F. ) ;
#502 = ORIENTED_EDGE ( 'NONE', *, *, #2293, .T. ) ;
#503 = PLANE ( 'NONE',  #2064 ) ;
#504 = EDGE_CURVE ( 'NONE', #1124, #1776, #300, .T. ) ;
#505 = ADVANCED_FACE ( 'NONE', ( #2224 ), #107, .T. ) ;
#506 = DIRECTION ( 'NONE',  ( -1.000000000000000000, 0.000000000000000000, 0.000000000000000000 ) ) ;
#507 = AXIS2_PLACEMENT_3D ( 'NONE', #2464, #1119, #1901 ) ;
#508 = DIRECTION ( 'NONE',  ( 1.000000000000000000, 0.000000000000000000, 0.000000000000000000 ) ) ;
#509 = EDGE_LOOP ( 'NONE', ( #2314, #21, #1398, #1758 ) ) ;
#510 = DIRECTION ( 'NONE',  ( -0.000000000000000000, -1.000000000000000000, -0.000000000000000000 ) ) ;
#511 = VECTOR ( 'NONE', #2161, 1000.000000000000000 ) ;
#512 = AXIS2_PLACEMENT_3D ( 'NONE', #1650, #2048, #1626 ) ;
#513 = ORIENTED_EDGE ( 'NONE', *, *, #814, .F. ) ;
#514 = FACE_OUTER_BOUND ( 'NONE', #1570, .T. ) ;
#515 = AXIS2_PLACEMENT_3D ( 'NONE', #108, #2262, #1881 ) ;
#516 = ORIENTED_EDGE ( 'NONE', *, *, #1900, .T. ) ;
#517 = DIRECTION ( 'NONE',  ( 1.000000000000000000, 0.000000000000000000, 0.000000000000000000 ) ) ;
#518 = AXIS2_PLACEMENT_3D ( 'NONE', #177, #1542, #961 ) ;
#519 = CARTESIAN_POINT ( 'NONE',  ( 0.000000000000000000, 3.999999999999997335, 1.249999999999997113 ) ) ;
#520 = ORIENTED_EDGE ( 'NONE', *, *, #575, .F. ) ;
#521 = DIRECTION ( 'NONE',  ( 0.000000000000000000, -1.000000000000000000, 0.000000000000000000 ) ) ;
#522 = VERTEX_POINT ( 'NONE', #75 ) ;
#523 = CARTESIAN_POINT ( 'NONE',  ( 14.50000000000000000, -5.000000000000000000, 5.999999999999996447 ) ) ;
#524 = DIRECTION ( 'NONE',  ( 1.000000000000000000, 0.000000000000000000, 0.000000000000000000 ) ) ;
#525 = ORIENTED_EDGE ( 'NONE', *, *, #1406, .F. ) ;
#526 = CARTESIAN_POINT ( 'NONE',  ( 13.50000000000000178, -4.999999999999999112, -7.500000000000000000 ) ) ;
#527 = EDGE_CURVE ( 'NONE', #895, #1740, #211, .T. ) ;
#528 = DIRECTION ( 'NONE',  ( 0.000000000000000000, -1.000000000000000000, 0.000000000000000000 ) ) ;
#529 = ORIENTED_EDGE ( 'NONE', *, *, #2483, .F. ) ;
#530 = DIRECTION ( 'NONE',  ( -1.000000000000000000, 0.000000000000000000, 0.000000000000000000 ) ) ;
#531 = DIRECTION ( 'NONE',  ( -0.000000000000000000, -1.000000000000000000, -0.000000000000000000 ) ) ;
#532 = VERTEX_POINT ( 'NONE', #1305 ) ;
#533 = CARTESIAN_POINT ( 'NONE',  ( 13.00000000000000178, 4.999999999999999112, -6.000000000000000000 ) ) ;
#534 = CARTESIAN_POINT ( 'NONE',  ( -8.062257748298547355, 3.999999999999997335, 1.000000000000000000 ) ) ;
#535 = ORIENTED_EDGE ( 'NONE', *, *, #1610, .T. ) ;
#536 = CARTESIAN_POINT ( 'NONE',  ( 0.000000000000000000, 0.000000000000000000, 0.000000000000000000 ) ) ;
#537 = EDGE_CURVE ( 'NONE', #924, #1021, #163, .T. ) ;
#538 = EDGE_CURVE ( 'NONE', #1387, #2079, #297, .T. ) ;
#539 = VECTOR ( 'NONE', #2392, 1000.000000000000000 ) ;
#540 = VECTOR ( 'NONE', #1634, 1000.000000000000000 ) ;
#541 = AXIS2_PLACEMENT_3D ( 'NONE', #862, #2432, #672 ) ;
#542 = FACE_OUTER_BOUND ( 'NONE', #1408, .T. ) ;
#543 = AXIS2_PLACEMENT_3D ( 'NONE', #1334, #1725, #353 ) ;
#544 = VERTEX_POINT ( 'NONE', #558 ) ;
#545 = CARTESIAN_POINT ( 'NONE',  ( 0.000000000000000000, 0.000000000000000000, 1.000000000000000000 ) ) ;
#546 = EDGE_CURVE ( 'NONE', #1289, #2352, #904, .T. ) ;
#547 = EDGE_CURVE ( 'NONE', #973, #532, #2284, .T. ) ;
#548 = VECTOR ( 'NONE', #2241, 1000.000000000000000 ) ;
#549 = PRODUCT_DEFINITION_CONTEXT ( 'detailed design', #1880, 'design' ) ;
#550 = ORIENTED_EDGE ( 'NONE', *, *, #1221, .T. ) ;
#551 = DIRECTION ( 'NONE',  ( -0.000000000000000000, -0.000000000000000000, -1.000000000000000000 ) ) ;
#552 = DIRECTION ( 'NONE',  ( -0.000000000000000000, -1.000000000000000000, -0.000000000000000000 ) ) ;
#553 = VECTOR ( 'NONE', #1492, 1000.000000000000000 ) ;
#554 = ORIENTED_EDGE ( 'NONE', *, *, #117, .T. ) ;
#555 = CARTESIAN_POINT ( 'NONE',  ( 16.00000000000000000, 6.000000000000000888, -5.499999999999996447 ) ) ;
#556 = CARTESIAN_POINT ( 'NONE',  ( 0.000000000000000000, 3.999999999999997335, 1.499999999999997113 ) ) ;
#557 = ORIENTED_EDGE ( 'NONE', *, *, #1031, .T. ) ;
#558 = CARTESIAN_POINT ( 'NONE',  ( 16.00000000000000000, -3.999999999999998224, -5.499999999999999112 ) ) ;
#559 = CARTESIAN_POINT ( 'NONE',  ( -9.499999999999998224, 0.000000000000000000, 0.5000000000000000000 ) ) ;
#560 = ADVANCED_FACE ( 'NONE', ( #2502 ), #1143, .T. ) ;
#561 = EDGE_LOOP ( 'NONE', ( #432, #1822, #1674, #1599 ) ) ;
#562 = DIRECTION ( 'NONE',  ( 1.000000000000000000, 0.000000000000000000, 0.000000000000000000 ) ) ;
#563 = DIRECTION ( 'NONE',  ( -1.000000000000000000, 0.000000000000000000, 0.000000000000000000 ) ) ;
#564 = EDGE_LOOP ( 'NONE', ( #2310, #1500, #1227, #863, #1327, #101, #886 ) ) ;
#565 = CARTESIAN_POINT ( 'NONE',  ( 0.000000000000000000, 5.999999999999995559, 7.249999999999998224 ) ) ;
#566 = ORIENTED_EDGE ( 'NONE', *, *, #1875, .F. ) ;
#567 = FACE_BOUND ( 'NONE', #446, .T. ) ;
#568 = CARTESIAN_POINT ( 'NONE',  ( 13.00000000000000178, 4.999999999999999112, -5.500000000000000000 ) ) ;
#569 = ORIENTED_EDGE ( 'NONE', *, *, #356, .F. ) ;
#570 = CARTESIAN_POINT ( 'NONE',  ( 14.00000000000000000, -4.000000000000000000, 6.000000000000000000 ) ) ;
#571 = CARTESIAN_POINT ( 'NONE',  ( 12.50000000000000000, 4.999999999999999112, -7.500000000000000000 ) ) ;
#572 = CARTESIAN_POINT ( 'NONE',  ( 13.00000000000000178, 4.999999999999999112, -7.500000000000000000 ) ) ;
#573 = VERTEX_POINT ( 'NONE', #925 ) ;
#574 = ORIENTED_EDGE ( 'NONE', *, *, #1673, .F. ) ;
#575 = EDGE_CURVE ( 'NONE', #2431, #2011, #1088, .T. ) ;
#576 = AXIS2_PLACEMENT_3D ( 'NONE', #390, #1733, #806 ) ;
#577 = FACE_OUTER_BOUND ( 'NONE', #1364, .T. ) ;
#578 = EDGE_CURVE ( 'NONE', #784, #2117, #1132, .T. ) ;
#579 = ADVANCED_FACE ( 'NONE', ( #2109 ), #2478, .T. ) ;
#580 = CARTESIAN_POINT ( 'NONE',  ( 13.00000000000000178, -4.999999999999999112, -7.500000000000000000 ) ) ;
#581 = FACE_OUTER_BOUND ( 'NONE', #1635, .T. ) ;
#582 = VECTOR ( 'NONE', #667, 1000.000000000000000 ) ;
#583 = ORIENTED_EDGE ( 'NONE', *, *, #354, .T. ) ;
#584 = FACE_OUTER_BOUND ( 'NONE', #1723, .T. ) ;
#585 = VECTOR ( 'NONE', #408, 1000.000000000000000 ) ;
#586 = CARTESIAN_POINT ( 'NONE',  ( 0.000000000000000000, 3.999999999999994671, 7.249999999999997335 ) ) ;
#587 = VERTEX_POINT ( 'NONE', #1916 ) ;
#588 = CARTESIAN_POINT ( 'NONE',  ( 7.500000000000001776, 5.999999999999998224, 1.000000000000003553 ) ) ;
#589 = DIRECTION ( 'NONE',  ( -0.000000000000000000, 0.000000000000000000, -1.000000000000000000 ) ) ;
#590 = VERTEX_POINT ( 'NONE', #729 ) ;
#591 = AXIS2_PLACEMENT_3D ( 'NONE', #536, #2281, #517 ) ;
#592 = ORIENTED_EDGE ( 'NONE', *, *, #878, .T. ) ;
#593 = CARTESIAN_POINT ( 'NONE',  ( -1.510000000000000009, 1.849216666712503192E-16, -4.000000000000000000 ) ) ;
#594 = VECTOR ( 'NONE', #856, 1000.000000000000000 ) ;
#595 = DIRECTION ( 'NONE',  ( -0.000000000000000000, 1.000000000000000000, -0.000000000000000000 ) ) ;
#596 = CARTESIAN_POINT ( 'NONE',  ( -8.999999999999998224, 8.000000000000000000, 1.000000000000004441 ) ) ;
#597 = ORIENTED_EDGE ( 'NONE', *, *, #1109, .F. ) ;
#598 = VECTOR ( 'NONE', #975, 1000.000000000000000 ) ;
#599 = CARTESIAN_POINT ( 'NONE',  ( 16.00000000000000000, 4.000000000000000000, -5.499999999999996447 ) ) ;
#600 = CARTESIAN_POINT ( 'NONE',  ( -16.00000000000000000, 4.000000000000000000, -5.499999999999996447 ) ) ;
#601 = ORIENTED_EDGE ( 'NONE', *, *, #1472, .T. ) ;
#602 = FACE_OUTER_BOUND ( 'NONE', #2212, .T. ) ;
#603 = ADVANCED_FACE ( 'NONE', ( #1506 ), #116, .F. ) ;
#604 = CYLINDRICAL_SURFACE ( 'NONE', #1117, 2.000000000000000000 ) ;
#605 = CARTESIAN_POINT ( 'NONE',  ( 0.000000000000000000, 3.999999999999997335, 1.249999999999997113 ) ) ;
#606 = VERTEX_POINT ( 'NONE', #1905 ) ;
#607 = EDGE_LOOP ( 'NONE', ( #928, #569, #314, #1138 ) ) ;
#608 = DIRECTION ( 'NONE',  ( 1.000000000000000000, 0.000000000000000000, 0.000000000000000000 ) ) ;
#609 = AXIS2_PLACEMENT_3D ( 'NONE', #218, #2154, #2169 ) ;
#610 = VECTOR ( 'NONE', #1608, 1000.000000000000000 ) ;
#611 = LINE ( 'NONE', #67, #2157 ) ;
#612 = EDGE_CURVE ( 'NONE', #2336, #63, #691, .T. ) ;
#613 = LINE ( 'NONE', #2537, #1032 ) ;
#614 = EDGE_LOOP ( 'NONE', ( #2014, #1020, #2410, #799 ) ) ;
#615 = CARTESIAN_POINT ( 'NONE',  ( 14.50000000000000000, -5.000000000000000000, -5.500000000000000000 ) ) ;
#616 = ADVANCED_FACE ( 'NONE', ( #1328 ), #2272, .F. ) ;
#617 = CARTESIAN_POINT ( 'NONE',  ( 0.000000000000000000, 3.999999999999994671, 7.249999999999997335 ) ) ;
#618 = ORIENTED_EDGE ( 'NONE', *, *, #1993, .F. ) ;
#619 = CARTESIAN_POINT ( 'NONE',  ( 11.00000000000000000, 8.000000000000000000, -5.500000000000000000 ) ) ;
#620 = DIRECTION ( 'NONE',  ( -0.000000000000000000, -0.000000000000000000, 1.000000000000000000 ) ) ;
#621 = ORIENTED_EDGE ( 'NONE', *, *, #2097, .T. ) ;
#622 = ORIENTED_EDGE ( 'NONE', *, *, #233, .F. ) ;
#623 = CARTESIAN_POINT ( 'NONE',  ( -8.616843969807039372, -3.999999999999998224, 0.5699383998035245646 ) ) ;
#624 = FACE_OUTER_BOUND ( 'NONE', #155, .T. ) ;
#625 = ORIENTED_EDGE ( 'NONE', *, *, #1283, .F. ) ;
#626 = PLANE ( 'NONE',  #512 ) ;
#627 = ADVANCED_FACE ( 'NONE', ( #1314 ), #1926, .F. ) ;
#628 = ORIENTED_EDGE ( 'NONE', *, *, #1751, .T. ) ;
#629 = CIRCLE ( 'NONE', #2515, 1.510000000000000009 ) ;
#630 = CARTESIAN_POINT ( 'NONE',  ( 16.00000000000000000, -5.000000000000000000, 5.999999999999996447 ) ) ;
#631 = CARTESIAN_POINT ( 'NONE',  ( -8.339883943184691617, 3.999999999999997335, 0.9525190253191235801 ) ) ;
#632 = DIRECTION ( 'NONE',  ( 0.000000000000000000, 0.000000000000000000, 1.000000000000000000 ) ) ;
#633 = ORIENTED_EDGE ( 'NONE', *, *, #114, .T. ) ;
#634 = ORIENTED_EDGE ( 'NONE', *, *, #998, .T. ) ;
#635 = CARTESIAN_POINT ( 'NONE',  ( -12.67984378812835722, 4.000000000000000000, -5.500000000000000000 ) ) ;
#636 = CIRCLE ( 'NONE', #55, 0.5500000000000001554 ) ;
#637 = CARTESIAN_POINT ( 'NONE',  ( -12.67984378812836255, -3.999999999999998224, -5.499999999999999112 ) ) ;
#638 = DIRECTION ( 'NONE',  ( -0.000000000000000000, -1.000000000000000000, -0.000000000000000000 ) ) ;
#639 = AXIS2_PLACEMENT_3D ( 'NONE', #1394, #179, #1985 ) ;
#640 = EDGE_LOOP ( 'NONE', ( #205, #366, #1281, #2123 ) ) ;
#641 = CARTESIAN_POINT ( 'NONE',  ( -7.500000000000002665, 3.252606517456515669E-15, 1.000000000000000000 ) ) ;
#642 = DIRECTION ( 'NONE',  ( 2.602085213965210642E-15, -4.336808689942017736E-16, 1.000000000000000000 ) ) ;
#643 = CIRCLE ( 'NONE', #133, 0.5500000000000001554 ) ;
#644 = ORIENTED_EDGE ( 'NONE', *, *, #444, .T. ) ;
#645 = DIRECTION ( 'NONE',  ( -1.000000000000000000, -0.000000000000000000, -0.000000000000000000 ) ) ;
#646 = DIRECTION ( 'NONE',  ( 0.000000000000000000, -1.000000000000000000, -4.003208021484940511E-16 ) ) ;
#647 = EDGE_CURVE ( 'NONE', #2213, #1448, #346, .T. ) ;
#648 = VERTEX_POINT ( 'NONE', #1721 ) ;
#649 = ORIENTED_EDGE ( 'NONE', *, *, #1486, .F. ) ;
#650 = FACE_OUTER_BOUND ( 'NONE', #2059, .T. ) ;
#651 = DIRECTION ( 'NONE',  ( 0.000000000000000000, 4.003208021484940018E-16, -1.000000000000000000 ) ) ;
#652 = DIRECTION ( 'NONE',  ( 0.000000000000000000, 0.000000000000000000, -1.000000000000000000 ) ) ;
#653 = ORIENTED_EDGE ( 'NONE', *, *, #737, .T. ) ;
#654 = CARTESIAN_POINT ( 'NONE',  ( 8.600655127545618228, 3.999999999999997335, 0.6382987329942169108 ) ) ;
#655 = CARTESIAN_POINT ( 'NONE',  ( -16.00000000000000000, 6.000000000000000888, -5.499999999999996447 ) ) ;
#656 = EDGE_LOOP ( 'NONE', ( #2166, #1101, #566, #513, #1839, #289 ) ) ;
#657 = CARTESIAN_POINT ( 'NONE',  ( -13.99999999999999822, -5.000000000000000000, 6.500000000000000888 ) ) ;
#658 = EDGE_CURVE ( 'NONE', #2353, #1155, #2514, .T. ) ;
#659 = ORIENTED_EDGE ( 'NONE', *, *, #1073, .T. ) ;
#660 = ORIENTED_EDGE ( 'NONE', *, *, #1514, .F. ) ;
#661 = DIRECTION ( 'NONE',  ( -0.000000000000000000, -0.000000000000000000, -1.000000000000000000 ) ) ;
#662 = PLANE ( 'NONE',  #724 ) ;
#663 = EDGE_CURVE ( 'NONE', #1772, #283, #754, .T. ) ;
#664 = ADVANCED_FACE ( 'NONE', ( #1290 ), #2075, .F. ) ;
#665 = ADVANCED_FACE ( 'NONE', ( #1984 ), #742, .T. ) ;
#666 = ADVANCED_FACE ( 'NONE', ( #584 ), #1789, .F. ) ;
#667 = DIRECTION ( 'NONE',  ( -1.000000000000000000, -0.000000000000000000, -0.000000000000000000 ) ) ;
#668 = EDGE_LOOP ( 'NONE', ( #1048, #1697, #1896, #1925 ) ) ;
#669 = CARTESIAN_POINT ( 'NONE',  ( -13.00000000000000178, -3.999999999999998224, -5.497493718553309705 ) ) ;
#670 = DIRECTION ( 'NONE',  ( 0.000000000000000000, -1.000000000000000000, -4.003208021484940018E-16 ) ) ;
#671 = ORIENTED_EDGE ( 'NONE', *, *, #154, .T. ) ;
#672 = DIRECTION ( 'NONE',  ( 1.000000000000000000, 0.000000000000000000, 0.000000000000000000 ) ) ;
#673 = AXIS2_PLACEMENT_3D ( 'NONE', #1085, #1666, #2012 ) ;
#674 = CIRCLE ( 'NONE', #1240, 0.5000000000000004441 ) ;
#675 = ORIENTED_EDGE ( 'NONE', *, *, #2091, .F. ) ;
#676 = ORIENTED_EDGE ( 'NONE', *, *, #142, .F. ) ;
#677 = AXIS2_PLACEMENT_3D ( 'NONE', #2209, #450, #1049 ) ;
#678 = DIRECTION ( 'NONE',  ( 1.000000000000000000, 0.000000000000000000, 0.000000000000000000 ) ) ;
#679 = CIRCLE ( 'NONE', #2231, 0.5000000000000004441 ) ;
#680 = DIRECTION ( 'NONE',  ( 0.000000000000000000, -0.000000000000000000, -1.000000000000000000 ) ) ;
#681 = CARTESIAN_POINT ( 'NONE',  ( -13.00000000000000178, 6.000000000000000888, -5.497493718553309705 ) ) ;
#682 = VECTOR ( 'NONE', #2489, 1000.000000000000000 ) ;
#683 = CARTESIAN_POINT ( 'NONE',  ( -12.89327799276902020, -3.999999999999998224, -5.497493718553309705 ) ) ;
#684 = DIRECTION ( 'NONE',  ( 1.000000000000000000, 0.000000000000000000, 0.000000000000000000 ) ) ;
#685 = AXIS2_PLACEMENT_3D ( 'NONE', #617, #418, #1554 ) ;
#686 = ORIENTED_EDGE ( 'NONE', *, *, #1561, .F. ) ;
#687 = CARTESIAN_POINT ( 'NONE',  ( 16.00000000000000000, 0.000000000000000000, 6.000000000000000000 ) ) ;
#688 = AXIS2_PLACEMENT_3D ( 'NONE', #364, #551, #1712 ) ;
#689 = EDGE_LOOP ( 'NONE', ( #1960, #1382, #420, #761 ) ) ;
#690 = DIRECTION ( 'NONE',  ( 1.000000000000000000, 0.000000000000000000, 0.000000000000000000 ) ) ;
#691 = CIRCLE ( 'NONE', #139, 2.000000000000000000 ) ;
#692 = CARTESIAN_POINT ( 'NONE',  ( 0.000000000000000000, 3.999999999999997335, 1.000000000000000000 ) ) ;
#693 = LINE ( 'NONE', #759, #909 ) ;
#694 = ADVANCED_FACE ( 'NONE', ( #372 ), #1553, .F. ) ;
#695 = DIRECTION ( 'NONE',  ( 0.000000000000000000, -1.000000000000000000, 0.000000000000000000 ) ) ;
#696 = EDGE_CURVE ( 'NONE', #1578, #648, #2328, .T. ) ;
#697 = ORIENTED_EDGE ( 'NONE', *, *, #1375, .T. ) ;
#698 = CARTESIAN_POINT ( 'NONE',  ( -13.55000000000000071, -4.999999999999999112, -4.999999999999999112 ) ) ;
#699 = ORIENTED_EDGE ( 'NONE', *, *, #1694, .T. ) ;
#700 = CARTESIAN_POINT ( 'NONE',  ( 0.000000000000000000, 3.292893218813446321, 7.499999999999998224 ) ) ;
#701 = FACE_OUTER_BOUND ( 'NONE', #614, .T. ) ;
#702 = DIRECTION ( 'NONE',  ( 0.000000000000000000, 0.000000000000000000, 1.000000000000000000 ) ) ;
#703 = DIRECTION ( 'NONE',  ( 0.000000000000000000, 0.000000000000000000, -1.000000000000000000 ) ) ;
#704 = ORIENTED_EDGE ( 'NONE', *, *, #1793, .F. ) ;
#705 = CARTESIAN_POINT ( 'NONE',  ( -11.00000000000000000, 10.99999999999999822, 1.000000000000000000 ) ) ;
#706 = FACE_OUTER_BOUND ( 'NONE', #1983, .T. ) ;
#707 = EDGE_CURVE ( 'NONE', #2435, #648, #1379, .T. ) ;
#708 = ORIENTED_EDGE ( 'NONE', *, *, #70, .T. ) ;
#709 = DIRECTION ( 'NONE',  ( -0.000000000000000000, -0.000000000000000000, -1.000000000000000000 ) ) ;
#710 = VECTOR ( 'NONE', #1970, 1000.000000000000000 ) ;
#711 = ORIENTED_EDGE ( 'NONE', *, *, #412, .T. ) ;
#712 = AXIS2_PLACEMENT_3D ( 'NONE', #1431, #818, #471 ) ;
#713 = LINE ( 'NONE', #124, #553 ) ;
#714 = VECTOR ( 'NONE', #932, 1000.000000000000000 ) ;
#715 = ORIENTED_EDGE ( 'NONE', *, *, #1454, .T. ) ;
#716 = DIRECTION ( 'NONE',  ( 1.000000000000000000, 0.000000000000000000, 0.000000000000000000 ) ) ;
#717 = AXIS2_PLACEMENT_3D ( 'NONE', #980, #1932, #1577 ) ;
#718 = LINE ( 'NONE', #1495, #2402 ) ;
#719 = UNCERTAINTY_MEASURE_WITH_UNIT (LENGTH_MEASURE( 1.000000000000000082E-05 ), #1429, 'distance_accuracy_value', 'NONE');
#720 = ORIENTED_EDGE ( 'NONE', *, *, #1671, .F. ) ;
#721 = CARTESIAN_POINT ( 'NONE',  ( -8.999999999999998224, 10.99999999999999822, 8.000000000000000000 ) ) ;
#722 = CIRCLE ( 'NONE', #2408, 9.250000000000001776 ) ;
#723 = ADVANCED_FACE ( 'NONE', ( #2160 ), #779, .T. ) ;
#724 = AXIS2_PLACEMENT_3D ( 'NONE', #1054, #1066, #702 ) ;
#725 = ORIENTED_EDGE ( 'NONE', *, *, #2466, .F. ) ;
#726 = CYLINDRICAL_SURFACE ( 'NONE', #1692, 9.250000000000001776 ) ;
#727 = DIRECTION ( 'NONE',  ( 0.000000000000000000, 0.000000000000000000, -1.000000000000000000 ) ) ;
#728 = ORIENTED_EDGE ( 'NONE', *, *, #547, .F. ) ;
#729 = CARTESIAN_POINT ( 'NONE',  ( -7.500000000000000000, 7.999999999999998224, 4.286768589673456054E-15 ) ) ;
#730 = TOROIDAL_SURFACE ( 'NONE', #609, 1.049999999999999822, 0.5000000000000000000 ) ;
#731 = ORIENTED_EDGE ( 'NONE', *, *, #1710, .F. ) ;
#732 = CARTESIAN_POINT ( 'NONE',  ( -13.00000000000000178, -4.999999999999999112, -4.999999999999999112 ) ) ;
#733 = ADVANCED_FACE ( 'NONE', ( #822 ), #404, .T. ) ;
#734 = CARTESIAN_POINT ( 'NONE',  ( -16.00000000000000000, -5.000000000000000000, 5.999999999999996447 ) ) ;
#735 = ORIENTED_EDGE ( 'NONE', *, *, #1265, .T. ) ;
#736 = CARTESIAN_POINT ( 'NONE',  ( 7.040063920164367772, -6.000000000000000000, 26.16295090390226363 ) ) ;
#737 = EDGE_CURVE ( 'NONE', #2069, #1728, #416, .T. ) ;
#738 = EDGE_CURVE ( 'NONE', #1294, #33, #206, .T. ) ;
#739 = CARTESIAN_POINT ( 'NONE',  ( -14.50000000000000000, -5.000000000000000000, 5.999999999999999112 ) ) ;
#740 = ORIENTED_EDGE ( 'NONE', *, *, #1322, .T. ) ;
#741 = CARTESIAN_POINT ( 'NONE',  ( 3.469446951953614189E-15, -8.673617379884035472E-16, 0.000000000000000000 ) ) ;
#742 = TOROIDAL_SURFACE ( 'NONE', #576, 1.049999999999999822, 0.5000000000000000000 ) ;
#743 = EDGE_LOOP ( 'NONE', ( #1791, #1954, #987, #115 ) ) ;
#744 = LINE ( 'NONE', #1498, #762 ) ;
#745 = CARTESIAN_POINT ( 'NONE',  ( 0.000000000000000000, 0.000000000000000000, -5.500000000000000000 ) ) ;
#746 = VERTEX_POINT ( 'NONE', #974 ) ;
#747 = DIRECTION ( 'NONE',  ( 0.000000000000000000, 0.000000000000000000, 1.000000000000000000 ) ) ;
#748 = AXIS2_PLACEMENT_3D ( 'NONE', #1203, #34, #2196 ) ;
#749 = CIRCLE ( 'NONE', #874, 1.000000000000000888 ) ;
#750 = CARTESIAN_POINT ( 'NONE',  ( -14.00000000000000000, 5.999999999999996447, 6.000000000000000000 ) ) ;
#751 = VECTOR ( 'NONE', #1067, 1000.000000000000000 ) ;
#752 = EDGE_CURVE ( 'NONE', #648, #2458, #1295, .T. ) ;
#753 = VERTEX_POINT ( 'NONE', #988 ) ;
#754 = LINE ( 'NONE', #1530, #1581 ) ;
#755 = FACE_OUTER_BOUND ( 'NONE', #607, .T. ) ;
#756 = AXIS2_PLACEMENT_3D ( 'NONE', #293, #2016, #1658 ) ;
#757 = VERTEX_POINT ( 'NONE', #599 ) ;
#758 = CARTESIAN_POINT ( 'NONE',  ( -13.00000000000000178, -4.999999999999999112, -5.500000000000000000 ) ) ;
#759 = CARTESIAN_POINT ( 'NONE',  ( -14.50000000000000000, -6.000000000000000000, 1.000000000000000000 ) ) ;
#760 = AXIS2_PLACEMENT_3D ( 'NONE', #1030, #1446, #475 ) ;
#761 = ORIENTED_EDGE ( 'NONE', *, *, #2342, .F. ) ;
#762 = VECTOR ( 'NONE', #1342, 1000.000000000000000 ) ;
#763 = CIRCLE ( 'NONE', #2201, 1.000000000000000888 ) ;
#764 = DIRECTION ( 'NONE',  ( 0.000000000000000000, 4.336808689942017736E-16, -1.000000000000000000 ) ) ;
#765 = AXIS2_PLACEMENT_3D ( 'NONE', #1199, #1596, #2192 ) ;
#766 = VERTEX_POINT ( 'NONE', #18 ) ;
#767 = DIRECTION ( 'NONE',  ( -1.000000000000000000, -0.000000000000000000, -0.000000000000000000 ) ) ;
#768 = FACE_OUTER_BOUND ( 'NONE', #2359, .T. ) ;
#769 = EDGE_CURVE ( 'NONE', #2251, #449, #1405, .T. ) ;
#770 = VERTEX_POINT ( 'NONE', #1156 ) ;
#771 = EDGE_CURVE ( 'NONE', #1933, #1438, #1092, .T. ) ;
#772 = LINE ( 'NONE', #1509, #1238 ) ;
#773 = DIRECTION ( 'NONE',  ( 1.000000000000000000, 0.000000000000000000, 0.000000000000000000 ) ) ;
#774 = ORIENTED_EDGE ( 'NONE', *, *, #199, .F. ) ;
#775 = DIRECTION ( 'NONE',  ( -0.000000000000000000, 0.000000000000000000, 1.000000000000000000 ) ) ;
#776 = DIRECTION ( 'NONE',  ( -0.000000000000000000, 0.000000000000000000, 1.000000000000000000 ) ) ;
#777 = CYLINDRICAL_SURFACE ( 'NONE', #943, 0.5000000000000004441 ) ;
#778 = ORIENTED_EDGE ( 'NONE', *, *, #1298, .T. ) ;
#779 = PLANE ( 'NONE',  #367 ) ;
#780 = CARTESIAN_POINT ( 'NONE',  ( 8.999999999999998224, 0.000000000000000000, 1.000000000000000000 ) ) ;
#781 = EDGE_LOOP ( 'NONE', ( #1060, #2321 ) ) ;
#782 = CARTESIAN_POINT ( 'NONE',  ( -8.999999999999998224, 0.000000000000000000, 1.000000000000000000 ) ) ;
#783 = DIRECTION ( 'NONE',  ( 0.000000000000000000, -1.000000000000000000, 0.000000000000000000 ) ) ;
#784 = VERTEX_POINT ( 'NONE', #615 ) ;
#785 = CARTESIAN_POINT ( 'NONE',  ( 12.50000000000000000, -4.999999999999999112, -6.000000000000000000 ) ) ;
#786 = CARTESIAN_POINT ( 'NONE',  ( 16.00000000000000000, 3.999999999999997335, 1.000000000000002442 ) ) ;
#787 = CARTESIAN_POINT ( 'NONE',  ( -11.00000000000000000, 10.99999999999999822, -5.500000000000000000 ) ) ;
#788 = AXIS2_PLACEMENT_3D ( 'NONE', #750, #2116, #764 ) ;
#789 = EDGE_CURVE ( 'NONE', #2445, #1224, #851, .T. ) ;
#790 = ORIENTED_EDGE ( 'NONE', *, *, #2354, .T. ) ;
#791 = CARTESIAN_POINT ( 'NONE',  ( 0.000000000000000000, 0.000000000000000000, 8.000000000000000000 ) ) ;
#792 = VECTOR ( 'NONE', #145, 1000.000000000000000 ) ;
#793 = CARTESIAN_POINT ( 'NONE',  ( 16.00000000000000000, 0.000000000000000000, 0.000000000000000000 ) ) ;
#794 = EDGE_LOOP ( 'NONE', ( #2114, #1471, #1878, #1653, #1690, #2220, #1560, #2279, #78, #1939, #2176, #1345, #1386, #48, #1395, #484, #1806, #535, #1515 ) ) ;
#795 = DIRECTION ( 'NONE',  ( 1.000000000000000000, 0.000000000000000000, 0.000000000000000000 ) ) ;
#796 = DIRECTION ( 'NONE',  ( -1.000000000000000000, -0.000000000000000000, 0.000000000000000000 ) ) ;
#797 = ORIENTED_EDGE ( 'NONE', *, *, #137, .T. ) ;
#798 = CIRCLE ( 'NONE', #591, 9.499999999999998224 ) ;
#799 = ORIENTED_EDGE ( 'NONE', *, *, #1972, .T. ) ;
#800 = EDGE_CURVE ( 'NONE', #1145, #1857, #2530, .T. ) ;
#801 = LINE ( 'NONE', #1579, #1573 ) ;
#802 = VECTOR ( 'NONE', #2378, 1000.000000000000000 ) ;
#803 = LINE ( 'NONE', #1179, #355 ) ;
#804 = DIRECTION ( 'NONE',  ( 0.000000000000000000, 0.000000000000000000, 1.000000000000000000 ) ) ;
#805 = ORIENTED_EDGE ( 'NONE', *, *, #1487, .T. ) ;
#806 = DIRECTION ( 'NONE',  ( 1.000000000000000000, 0.000000000000000000, 0.000000000000000000 ) ) ;
#807 = LINE ( 'NONE', #2174, #802 ) ;
#808 = ORIENTED_EDGE ( 'NONE', *, *, #1645, .T. ) ;
#809 = LINE ( 'NONE', #782, #539 ) ;
#810 = ADVANCED_FACE ( 'NONE', ( #1212, #567 ), #1349, .F. ) ;
#811 = PLANE ( 'NONE',  #1160 ) ;
#812 = ORIENTED_EDGE ( 'NONE', *, *, #1564, .T. ) ;
#813 = VERTEX_POINT ( 'NONE', #41 ) ;
#814 = EDGE_CURVE ( 'NONE', #937, #2239, #28, .T. ) ;
#815 = DIRECTION ( 'NONE',  ( -1.000000000000000000, 0.000000000000000000, 0.000000000000000000 ) ) ;
#816 = VECTOR ( 'NONE', #243, 1000.000000000000000 ) ;
#817 = LINE ( 'NONE', #187, #2374 ) ;
#818 = DIRECTION ( 'NONE',  ( -0.000000000000000000, 0.000000000000000000, 1.000000000000000000 ) ) ;
#819 = EDGE_CURVE ( 'NONE', #1535, #784, #832, .T. ) ;
#820 = ADVANCED_FACE ( 'NONE', ( #1253 ), #1503, .T. ) ;
#821 = ORIENTED_EDGE ( 'NONE', *, *, #1743, .T. ) ;
#822 = FACE_OUTER_BOUND ( 'NONE', #1602, .T. ) ;
#823 = CARTESIAN_POINT ( 'NONE',  ( 0.000000000000000000, 5.999999999999995559, 7.249999999999998224 ) ) ;
#824 = ORIENTED_EDGE ( 'NONE', *, *, #612, .F. ) ;
#825 = CYLINDRICAL_SURFACE ( 'NONE', #2438, 2.000000000000000000 ) ;
#826 = CARTESIAN_POINT ( 'NONE',  ( -16.00000000000000000, -3.999999999999998224, -5.499999999999999112 ) ) ;
#827 = ORIENTED_EDGE ( 'NONE', *, *, #1952, .F. ) ;
#828 = CARTESIAN_POINT ( 'NONE',  ( 11.00000000000000000, -6.000000000000000000, -5.500000000000000000 ) ) ;
#829 = DIRECTION ( 'NONE',  ( 0.000000000000000000, -1.000000000000000000, 0.000000000000000000 ) ) ;
#830 = CARTESIAN_POINT ( 'NONE',  ( -8.999999999999998224, 8.000000000000000000, 8.000000000000000000 ) ) ;
#831 = ORIENTED_EDGE ( 'NONE', *, *, #1108, .F. ) ;
#832 = LINE ( 'NONE', #2024, #438 ) ;
#833 = CARTESIAN_POINT ( 'NONE',  ( -16.00000000000000000, 6.000000000000000888, -5.499999999999996447 ) ) ;
#834 = EDGE_CURVE ( 'NONE', #1641, #181, #869, .T. ) ;
#835 = ORIENTED_EDGE ( 'NONE', *, *, #1676, .F. ) ;
#836 = CIRCLE ( 'NONE', #1483, 2.000000000000000000 ) ;
#837 = CARTESIAN_POINT ( 'NONE',  ( -7.875000000000000000, 7.999999999999998224, 0.5000000000000042188 ) ) ;
#838 = ORIENTED_EDGE ( 'NONE', *, *, #658, .T. ) ;
#839 = VECTOR ( 'NONE', #1358, 1000.000000000000000 ) ;
#840 = DIRECTION ( 'NONE',  ( 0.000000000000000000, 0.000000000000000000, -1.000000000000000000 ) ) ;
#841 = AXIS2_PLACEMENT_3D ( 'NONE', #2067, #1477, #506 ) ;
#842 = LINE ( 'NONE', #445, #582 ) ;
#843 = AXIS2_PLACEMENT_3D ( 'NONE', #288, #1069, #846 ) ;
#844 = ORIENTED_EDGE ( 'NONE', *, *, #245, .F. ) ;
#845 = FACE_OUTER_BOUND ( 'NONE', #1045, .T. ) ;
#846 = DIRECTION ( 'NONE',  ( 0.000000000000000000, 0.000000000000000000, -1.000000000000000000 ) ) ;
#847 = AXIS2_PLACEMENT_3D ( 'NONE', #897, #1482, #1677 ) ;
#848 = ORIENTED_EDGE ( 'NONE', *, *, #13, .T. ) ;
#849 = LINE ( 'NONE', #687, #2442 ) ;
#850 = EDGE_CURVE ( 'NONE', #1159, #2239, #1237, .T. ) ;
#851 = CIRCLE ( 'NONE', #68, 0.6250000000000002220 ) ;
#852 = EDGE_CURVE ( 'NONE', #2445, #1508, #72, .T. ) ;
#853 = EDGE_CURVE ( 'NONE', #1289, #2327, #400, .T. ) ;
#854 = ORIENTED_EDGE ( 'NONE', *, *, #1815, .T. ) ;
#855 = VERTEX_POINT ( 'NONE', #1460 ) ;
#856 = DIRECTION ( 'NONE',  ( -1.000000000000000000, -0.000000000000000000, -0.000000000000000000 ) ) ;
#857 = FACE_OUTER_BOUND ( 'NONE', #215, .T. ) ;
#858 = VERTEX_POINT ( 'NONE', #474 ) ;
#859 = CARTESIAN_POINT ( 'NONE',  ( -12.78656579535934412, -3.999999999999998224, -5.500000000000000000 ) ) ;
#860 = CARTESIAN_POINT ( 'NONE',  ( 7.500000000000000000, 7.999999999999998224, 4.286768589673456054E-15 ) ) ;
#861 = VERTEX_POINT ( 'NONE', #2206 ) ;
#862 = CARTESIAN_POINT ( 'NONE',  ( 0.000000000000000000, 0.000000000000000000, 0.5000000000000000000 ) ) ;
#863 = ORIENTED_EDGE ( 'NONE', *, *, #850, .T. ) ;
#864 = VERTEX_POINT ( 'NONE', #81 ) ;
#865 = APPLICATION_PROTOCOL_DEFINITION ( 'draft international standard', 'automotive_design', 1998, #1880 ) ;
#866 = DIRECTION ( 'NONE',  ( 1.000000000000000000, 0.000000000000000000, 0.000000000000000000 ) ) ;
#867 = CYLINDRICAL_SURFACE ( 'NONE', #212, 2.000000000000000000 ) ;
#868 = VECTOR ( 'NONE', #1005, 1000.000000000000000 ) ;
#869 = LINE ( 'NONE', #1068, #1838 ) ;
#870 = DIRECTION ( 'NONE',  ( 0.000000000000000000, -0.000000000000000000, -1.000000000000000000 ) ) ;
#871 = ORIENTED_EDGE ( 'NONE', *, *, #769, .F. ) ;
#872 = CARTESIAN_POINT ( 'NONE',  ( 0.000000000000000000, 8.000000000000000000, 1.000000000000000000 ) ) ;
#873 = VECTOR ( 'NONE', #22, 1000.000000000000000 ) ;
#874 = AXIS2_PLACEMENT_3D ( 'NONE', #1513, #901, #2107 ) ;
#875 = ORIENTED_EDGE ( 'NONE', *, *, #264, .T. ) ;
#876 = DIRECTION ( 'NONE',  ( 0.000000000000000000, 0.000000000000000000, 1.000000000000000000 ) ) ;
#877 =( NAMED_UNIT ( * ) PLANE_ANGLE_UNIT ( ) SI_UNIT ( $, .RADIAN. ) );
#878 = EDGE_CURVE ( 'NONE', #2411, #2435, #1300, .T. ) ;
#879 = VECTOR ( 'NONE', #1264, 1000.000000000000000 ) ;
#880 = DIRECTION ( 'NONE',  ( -1.000000000000000000, 0.000000000000000000, 0.000000000000000000 ) ) ;
#881 = FACE_OUTER_BOUND ( 'NONE', #1099, .T. ) ;
#882 = AXIS2_PLACEMENT_3D ( 'NONE', #2425, #1040, #1841 ) ;
#883 = EDGE_CURVE ( 'NONE', #1776, #1111, #1754, .T. ) ;
#884 = LINE ( 'NONE', #1680, #1075 ) ;
#885 = CIRCLE ( 'NONE', #1856, 9.499999999999998224 ) ;
#886 = ORIENTED_EDGE ( 'NONE', *, *, #1993, .T. ) ;
#887 = CARTESIAN_POINT ( 'NONE',  ( -16.00000000000000000, -3.999999999999998224, -5.499999999999999112 ) ) ;
#888 = ORIENTED_EDGE ( 'NONE', *, *, #1646, .T. ) ;
#889 = PLANE ( 'NONE',  #2488 ) ;
#890 = DIRECTION ( 'NONE',  ( 0.000000000000000000, 0.000000000000000000, -1.000000000000000000 ) ) ;
#891 = ADVANCED_FACE ( 'NONE', ( #845 ), #277, .F. ) ;
#892 = CARTESIAN_POINT ( 'NONE',  ( 8.340413658806145492, 3.999999999999997335, 0.000000000000000000 ) ) ;
#893 = CARTESIAN_POINT ( 'NONE',  ( 8.616843969807042924, -3.999999999999995559, 0.5000000000000000000 ) ) ;
#894 = EDGE_CURVE ( 'NONE', #2079, #902, #2221, .T. ) ;
#895 = VERTEX_POINT ( 'NONE', #2356 ) ;
#896 = CARTESIAN_POINT ( 'NONE',  ( 0.000000000000000000, 0.000000000000000000, 0.5000000000000000000 ) ) ;
#897 = CARTESIAN_POINT ( 'NONE',  ( -13.00000000000000178, -4.999999999999999112, -4.999999999999999112 ) ) ;
#898 = VERTEX_POINT ( 'NONE', #26 ) ;
#899 = ORIENTED_EDGE ( 'NONE', *, *, #2018, .F. ) ;
#900 = ORIENTED_EDGE ( 'NONE', *, *, #417, .T. ) ;
#901 = DIRECTION ( 'NONE',  ( -0.000000000000000000, 0.000000000000000000, 1.000000000000000000 ) ) ;
#902 = VERTEX_POINT ( 'NONE', #1023 ) ;
#903 = ADVANCED_FACE ( 'NONE', ( #624 ), #2203, .T. ) ;
#904 = LINE ( 'NONE', #315, #1652 ) ;
#905 = ORIENTED_EDGE ( 'NONE', *, *, #1298, .F. ) ;
#906 = LINE ( 'NONE', #1688, #2362 ) ;
#907 = AXIS2_PLACEMENT_3D ( 'NONE', #1628, #1228, #1270 ) ;
#908 = ORIENTED_EDGE ( 'NONE', *, *, #148, .F. ) ;
#909 = VECTOR ( 'NONE', #2102, 1000.000000000000000 ) ;
#910 = CARTESIAN_POINT ( 'NONE',  ( 9.000000000000000000, 10.99999999999999822, 8.000000000000000000 ) ) ;
#911 = DIRECTION ( 'NONE',  ( 0.000000000000000000, 0.000000000000000000, -1.000000000000000000 ) ) ;
#912 = AXIS2_PLACEMENT_3D ( 'NONE', #411, #1415, #1178 ) ;
#913 = VERTEX_POINT ( 'NONE', #971 ) ;
#914 = DIRECTION ( 'NONE',  ( 0.000000000000000000, 0.000000000000000000, -1.000000000000000000 ) ) ;
#915 = CIRCLE ( 'NONE', #1365, 1.049999999999998934 ) ;
#916 = ORIENTED_EDGE ( 'NONE', *, *, #1031, .F. ) ;
#917 = LINE ( 'NONE', #1919, #1445 ) ;
#918 = VECTOR ( 'NONE', #339, 1000.000000000000000 ) ;
#919 = DIRECTION ( 'NONE',  ( 0.000000000000000000, 0.000000000000000000, -1.000000000000000000 ) ) ;
#920 = EDGE_CURVE ( 'NONE', #119, #2336, #1360, .T. ) ;
#921 = ADVANCED_FACE ( 'NONE', ( #2138 ), #429, .F. ) ;
#922 = ORIENTED_EDGE ( 'NONE', *, *, #2096, .T. ) ;
#923 = CARTESIAN_POINT ( 'NONE',  ( -13.99999999999999822, -5.000000000000000000, 6.500000000000000888 ) ) ;
#924 = VERTEX_POINT ( 'NONE', #1209 ) ;
#925 = CARTESIAN_POINT ( 'NONE',  ( 8.616843969807041148, 3.999999999999998224, 0.000000000000000000 ) ) ;
#926 = AXIS2_PLACEMENT_3D ( 'NONE', #38, #1784, #413 ) ;
#927 = CARTESIAN_POINT ( 'NONE',  ( -16.00000000000000000, 6.000000000000000888, -5.499999999999996447 ) ) ;
#928 = ORIENTED_EDGE ( 'NONE', *, *, #2375, .F. ) ;
#929 = LINE ( 'NONE', #2300, #2019 ) ;
#930 = CARTESIAN_POINT ( 'NONE',  ( -11.00000000000000000, 10.99999999999999822, 1.000000000000000000 ) ) ;
#931 = ORIENTED_EDGE ( 'NONE', *, *, #1671, .T. ) ;
#932 = DIRECTION ( 'NONE',  ( -1.000000000000000000, 0.000000000000000000, 0.000000000000000000 ) ) ;
#933 = DIRECTION ( 'NONE',  ( -0.000000000000000000, 0.000000000000000000, 1.000000000000000000 ) ) ;
#934 = ORIENTED_EDGE ( 'NONE', *, *, #852, .T. ) ;
#935 = DIRECTION ( 'NONE',  ( -0.000000000000000000, 0.000000000000000000, 1.000000000000000000 ) ) ;
#936 = LINE ( 'NONE', #927, #170 ) ;
#937 = VERTEX_POINT ( 'NONE', #637 ) ;
#938 = CARTESIAN_POINT ( 'NONE',  ( -14.05000000000000071, -4.999999999999999112, -4.999999999999999112 ) ) ;
#939 = CARTESIAN_POINT ( 'NONE',  ( 0.000000000000000000, 3.292893218813448097, 1.499999999999996891 ) ) ;
#940 = ORIENTED_EDGE ( 'NONE', *, *, #1376, .T. ) ;
#941 = EDGE_CURVE ( 'NONE', #522, #1257, #1133, .T. ) ;
#942 = DIRECTION ( 'NONE',  ( 1.000000000000000000, 0.000000000000000000, 0.000000000000000000 ) ) ;
#943 = AXIS2_PLACEMENT_3D ( 'NONE', #984, #1730, #1361 ) ;
#944 = DIRECTION ( 'NONE',  ( 0.000000000000000000, 0.000000000000000000, -1.000000000000000000 ) ) ;
#945 = ADVANCED_FACE ( 'NONE', ( #2547, #232 ), #203, .F. ) ;
#946 = ORIENTED_EDGE ( 'NONE', *, *, #696, .T. ) ;
#947 = CARTESIAN_POINT ( 'NONE',  ( 13.00000000000000178, -4.999999999999999112, -7.500000000000000000 ) ) ;
#948 = DIRECTION ( 'NONE',  ( -0.000000000000000000, -0.000000000000000000, 1.000000000000000000 ) ) ;
#949 = ORIENTED_EDGE ( 'NONE', *, *, #1836, .T. ) ;
#950 = AXIS2_PLACEMENT_3D ( 'NONE', #1430, #496, #103 ) ;
#951 = DIRECTION ( 'NONE',  ( -0.000000000000000000, -0.000000000000000000, 1.000000000000000000 ) ) ;
#952 = CYLINDRICAL_SURFACE ( 'NONE', #1981, 1.510000000000000009 ) ;
#953 = CIRCLE ( 'NONE', #760, 0.6250000000000002220 ) ;
#954 = CARTESIAN_POINT ( 'NONE',  ( 1.510000000000000009, 0.000000000000000000, -4.000000000000000000 ) ) ;
#955 = VERTEX_POINT ( 'NONE', #1604 ) ;
#956 = CLOSED_SHELL ( 'NONE', ( #627, #2477, #12, #976, #891, #1271, #616, #1747, #476, #560, #820, #112, #2147, #1222, #1184, #2068, #1301, #1153, #723, #2006, #2216, #1331, #85, #1798, #1024, #1105, #2454, #2529, #2055, #810, #603, #1357, #1463, #2508, #44, #2124, #921, #945, #2245, #1411, #505, #387, #1065, #664, #42, #2334, #2177, #1441, #1877, #2409, #2125, #1050, #694, #368, #2407, #455, #335, #1186, #903, #2511, #2175, #1434, #1962, #2422, #1302, #665, #1864, #347, #4, #1833, #1555, #1255, #733, #579, #1169, #666, #1987, #1910 ) ) ;
#957 = DIRECTION ( 'NONE',  ( -0.000000000000000000, -0.000000000000000000, -1.000000000000000000 ) ) ;
#958 = CIRCLE ( 'NONE', #1615, 9.499999999999998224 ) ;
#959 = DIRECTION ( 'NONE',  ( -0.000000000000000000, -4.003208021484940511E-16, 1.000000000000000000 ) ) ;
#960 = EDGE_LOOP ( 'NONE', ( #720, #240, #2297, #774 ) ) ;
#961 = DIRECTION ( 'NONE',  ( 0.000000000000000000, -4.336808689942017736E-16, 1.000000000000000000 ) ) ;
#962 = FACE_OUTER_BOUND ( 'NONE', #2232, .T. ) ;
#963 = EDGE_CURVE ( 'NONE', #587, #1294, #1808, .T. ) ;
#964 = ORIENTED_EDGE ( 'NONE', *, *, #1837, .F. ) ;
#965 = DIRECTION ( 'NONE',  ( 0.000000000000000000, -1.000000000000000000, 0.000000000000000000 ) ) ;
#966 = FACE_OUTER_BOUND ( 'NONE', #1678, .T. ) ;
#967 = CARTESIAN_POINT ( 'NONE',  ( 0.000000000000000000, 0.000000000000000000, 1.000000000000000000 ) ) ;
#968 = ORIENTED_EDGE ( 'NONE', *, *, #1676, .T. ) ;
#969 = CARTESIAN_POINT ( 'NONE',  ( -8.999999999999998224, 8.000000000000000000, -5.500000000000000000 ) ) ;
#970 = EDGE_CURVE ( 'NONE', #544, #1772, #803, .T. ) ;
#971 = CARTESIAN_POINT ( 'NONE',  ( 0.000000000000000000, 3.999999999999994671, 7.499999999999998224 ) ) ;
#972 = CARTESIAN_POINT ( 'NONE',  ( -16.00000000000000000, 3.999999999999997335, 8.000000000000000000 ) ) ;
#973 = VERTEX_POINT ( 'NONE', #1193 ) ;
#974 = CARTESIAN_POINT ( 'NONE',  ( -12.67984378812836255, -6.000000000000000000, -5.500000000000000000 ) ) ;
#975 = DIRECTION ( 'NONE',  ( 0.000000000000000000, 0.000000000000000000, -1.000000000000000000 ) ) ;
#976 = ADVANCED_FACE ( 'NONE', ( #1220 ), #730, .T. ) ;
#977 = EDGE_LOOP ( 'NONE', ( #1828, #40, #808, #2042 ) ) ;
#978 = FACE_OUTER_BOUND ( 'NONE', #1190, .T. ) ;
#979 = DIRECTION ( 'NONE',  ( -0.000000000000000000, -1.000000000000000000, -0.000000000000000000 ) ) ;
#980 = CARTESIAN_POINT ( 'NONE',  ( 3.469446951953614189E-15, -8.673617379884035472E-16, -0.5000000000000000000 ) ) ;
#981 = EDGE_LOOP ( 'NONE', ( #2074, #699, #483, #1761 ) ) ;
#982 = DIRECTION ( 'NONE',  ( 1.000000000000000000, 0.000000000000000000, 0.000000000000000000 ) ) ;
#983 = PLANE ( 'NONE',  #1502 ) ;
#984 = CARTESIAN_POINT ( 'NONE',  ( 14.00000000000000000, -5.000000000000000000, 6.000000000000000000 ) ) ;
#985 = CIRCLE ( 'NONE', #1809, 0.5000000000000004441 ) ;
#986 = CIRCLE ( 'NONE', #1522, 9.499999999999998224 ) ;
#987 = ORIENTED_EDGE ( 'NONE', *, *, #1663, .F. ) ;
#988 = CARTESIAN_POINT ( 'NONE',  ( -7.499999999999999112, 8.000000000000000000, -5.500000000000000000 ) ) ;
#989 = CIRCLE ( 'NONE', #1858, 1.049999999999998934 ) ;
#990 = DIRECTION ( 'NONE',  ( -0.000000000000000000, 0.000000000000000000, 1.000000000000000000 ) ) ;
#991 = EDGE_CURVE ( 'NONE', #1857, #1145, #1586, .T. ) ;
#992 = ORIENTED_EDGE ( 'NONE', *, *, #538, .F. ) ;
#993 = CARTESIAN_POINT ( 'NONE',  ( -13.32015621187163923, -6.000000000000000000, -5.500000000000000000 ) ) ;
#994 = DIRECTION ( 'NONE',  ( -0.000000000000000000, -0.000000000000000000, -1.000000000000000000 ) ) ;
#995 = CIRCLE ( 'NONE', #1659, 1.049999999999998934 ) ;
#996 = ORIENTED_EDGE ( 'NONE', *, *, #2295, .T. ) ;
#997 = CARTESIAN_POINT ( 'NONE',  ( -13.32015621187164456, 4.000000000000000000, -5.499999999999996447 ) ) ;
#998 = EDGE_CURVE ( 'NONE', #1996, #1387, #817, .T. ) ;
#999 = VECTOR ( 'NONE', #1287, 1000.000000000000000 ) ;
#1000 = EDGE_CURVE ( 'NONE', #2327, #1289, #1263, .T. ) ;
#1001 = DIRECTION ( 'NONE',  ( -1.000000000000000000, 0.000000000000000000, 0.000000000000000000 ) ) ;
#1002 = CARTESIAN_POINT ( 'NONE',  ( 14.00000000000000178, 4.999999999999999112, -5.500000000000000000 ) ) ;
#1003 = AXIS2_PLACEMENT_3D ( 'NONE', #533, #1333, #1929 ) ;
#1004 = ORIENTED_EDGE ( 'NONE', *, *, #311, .F. ) ;
#1005 = DIRECTION ( 'NONE',  ( 1.000000000000000000, 0.000000000000000000, 0.000000000000000000 ) ) ;
#1006 = CARTESIAN_POINT ( 'NONE',  ( 0.000000000000000000, 0.000000000000000000, -5.500000000000000000 ) ) ;
#1007 = ORIENTED_EDGE ( 'NONE', *, *, #1902, .F. ) ;
#1008 = FACE_OUTER_BOUND ( 'NONE', #1414, .T. ) ;
#1009 = ORIENTED_EDGE ( 'NONE', *, *, #527, .T. ) ;
#1010 = CARTESIAN_POINT ( 'NONE',  ( -8.600655127545618228, -3.999999999999999112, 0.6382987329942165777 ) ) ;
#1011 = CARTESIAN_POINT ( 'NONE',  ( 2.000000000000003553, -8.673617379884035472E-16, -0.5000000000000000000 ) ) ;
#1012 = EDGE_CURVE ( 'NONE', #2382, #1387, #1796, .T. ) ;
#1013 = CARTESIAN_POINT ( 'NONE',  ( 9.000000000000000000, 10.99999999999999822, 8.000000000000000000 ) ) ;
#1014 = ORIENTED_EDGE ( 'NONE', *, *, #1377, .F. ) ;
#1015 = CARTESIAN_POINT ( 'NONE',  ( 8.201638162799437026, 3.999999999999998224, 1.000000000000000222 ) ) ;
#1016 = DIRECTION ( 'NONE',  ( 0.000000000000000000, 1.000000000000000000, 4.003208021484940511E-16 ) ) ;
#1017 = ORIENTED_EDGE ( 'NONE', *, *, #1081, .T. ) ;
#1018 = CARTESIAN_POINT ( 'NONE',  ( -14.05000000000000071, 4.999999999999999112, -5.500000000000000000 ) ) ;
#1019 = CARTESIAN_POINT ( 'NONE',  ( -8.549172613966605994, 3.999999999999996447, 0.7732198808557314562 ) ) ;
#1020 = ORIENTED_EDGE ( 'NONE', *, *, #2541, .T. ) ;
#1021 = VERTEX_POINT ( 'NONE', #1400 ) ;
#1022 = CARTESIAN_POINT ( 'NONE',  ( 0.000000000000000000, 0.000000000000000000, 1.000000000000000000 ) ) ;
#1023 = CARTESIAN_POINT ( 'NONE',  ( -16.00000000000000000, -4.000000000000000000, 6.000000000000000888 ) ) ;
#1024 = ADVANCED_FACE ( 'NONE', ( #1994 ), #983, .F. ) ;
#1025 = CARTESIAN_POINT ( 'NONE',  ( -13.32015621187163923, -6.000000000000000000, -5.500000000000000000 ) ) ;
#1026 = ORIENTED_EDGE ( 'NONE', *, *, #2373, .F. ) ;
#1027 = CARTESIAN_POINT ( 'NONE',  ( 8.616843969807046477, 3.999999999999999112, 0.5699383998035255638 ) ) ;
#1028 = EDGE_CURVE ( 'NONE', #2423, #1159, #611, .T. ) ;
#1029 = CIRCLE ( 'NONE', #462, 1.049999999999998934 ) ;
#1030 = CARTESIAN_POINT ( 'NONE',  ( 7.875000000000000000, 7.999999999999998224, 0.5000000000000042188 ) ) ;
#1031 = EDGE_CURVE ( 'NONE', #1423, #1077, #1055, .T. ) ;
#1032 = VECTOR ( 'NONE', #959, 1000.000000000000000 ) ;
#1033 = EDGE_CURVE ( 'NONE', #1704, #770, #2045, .T. ) ;
#1034 = EDGE_LOOP ( 'NONE', ( #410, #550, #2271, #2383 ) ) ;
#1035 = AXIS2_PLACEMENT_3D ( 'NONE', #1235, #1418, #1458 ) ;
#1036 = CARTESIAN_POINT ( 'NONE',  ( -13.00000000000000178, -4.999999999999999112, -2.999999999999999556 ) ) ;
#1037 = FACE_BOUND ( 'NONE', #1687, .T. ) ;
#1038 = VERTEX_POINT ( 'NONE', #52 ) ;
#1039 = PLANE ( 'NONE',  #2451 ) ;
#1040 = DIRECTION ( 'NONE',  ( -0.000000000000000000, 0.000000000000000000, 1.000000000000000000 ) ) ;
#1041 = VECTOR ( 'NONE', #2104, 1000.000000000000000 ) ;
#1042 = CARTESIAN_POINT ( 'NONE',  ( 13.00000000000000178, -4.999999999999999112, -5.500000000000000000 ) ) ;
#1043 = AXIS2_PLACEMENT_3D ( 'NONE', #793, #1157, #1790 ) ;
#1044 = FACE_OUTER_BOUND ( 'NONE', #960, .T. ) ;
#1045 = EDGE_LOOP ( 'NONE', ( #1893, #1437, #1177, #1529, #520 ) ) ;
#1046 = CARTESIAN_POINT ( 'NONE',  ( 8.540207611047096137, 3.999999999999998224, 0.7632342565183612981 ) ) ;
#1047 = LINE ( 'NONE', #2193, #2070 ) ;
#1048 = ORIENTED_EDGE ( 'NONE', *, *, #2170, .F. ) ;
#1049 = DIRECTION ( 'NONE',  ( 0.000000000000000000, 0.000000000000000000, -1.000000000000000000 ) ) ;
#1050 = ADVANCED_FACE ( 'NONE', ( #1619 ), #662, .F. ) ;
#1051 = ORIENTED_EDGE ( 'NONE', *, *, #1751, .F. ) ;
#1052 = ORIENTED_EDGE ( 'NONE', *, *, #1267, .F. ) ;
#1053 = DIRECTION ( 'NONE',  ( -1.000000000000000000, 0.000000000000000000, 0.000000000000000000 ) ) ;
#1054 = CARTESIAN_POINT ( 'NONE',  ( 11.00000000000000000, 8.000000000000000000, 8.000000000000000000 ) ) ;
#1055 = CIRCLE ( 'NONE', #2497, 1.000000000000000888 ) ;
#1056 = CARTESIAN_POINT ( 'NONE',  ( -14.00000000000000000, 3.999999999999997335, 8.000000000000000000 ) ) ;
#1057 = EDGE_CURVE ( 'NONE', #1362, #973, #958, .T. ) ;
#1058 = CARTESIAN_POINT ( 'NONE',  ( -13.21343420464066121, 4.000000000000000000, -5.500000000000000000 ) ) ;
#1059 = DIRECTION ( 'NONE',  ( 1.000000000000000000, 0.000000000000000000, 0.000000000000000000 ) ) ;
#1060 = ORIENTED_EDGE ( 'NONE', *, *, #1454, .F. ) ;
#1061 = DIRECTION ( 'NONE',  ( 0.000000000000000000, -0.000000000000000000, -1.000000000000000000 ) ) ;
#1062 = ORIENTED_EDGE ( 'NONE', *, *, #1610, .F. ) ;
#1063 = CARTESIAN_POINT ( 'NONE',  ( -14.50000000000000000, -6.000011999999999901, 5.999999999999999112 ) ) ;
#1064 = CARTESIAN_POINT ( 'NONE',  ( -8.340413658806136610, -4.000000000000002665, 26.16295090390226363 ) ) ;
#1065 = ADVANCED_FACE ( 'NONE', ( #487 ), #2267, .T. ) ;
#1066 = DIRECTION ( 'NONE',  ( 0.000000000000000000, 1.000000000000000000, -0.000000000000000000 ) ) ;
#1067 = DIRECTION ( 'NONE',  ( -1.000000000000000000, -7.885106708985487801E-17, -0.000000000000000000 ) ) ;
#1068 = CARTESIAN_POINT ( 'NONE',  ( -16.00000000000000000, 6.000000000000000888, -5.499999999999996447 ) ) ;
#1069 = DIRECTION ( 'NONE',  ( 0.000000000000000000, 1.000000000000000000, 4.003208021484940511E-16 ) ) ;
#1070 = ORIENTED_EDGE ( 'NONE', *, *, #546, .F. ) ;
#1071 = DIRECTION ( 'NONE',  ( -0.000000000000000000, -1.000000000000000000, -0.000000000000000000 ) ) ;
#1072 = EDGE_CURVE ( 'NONE', #544, #1423, #2017, .T. ) ;
#1073 = EDGE_CURVE ( 'NONE', #1715, #119, #2149, .T. ) ;
#1074 = VECTOR ( 'NONE', #2495, 1000.000000000000000 ) ;
#1075 = VECTOR ( 'NONE', #2072, 1000.000000000000000 ) ;
#1076 = ORIENTED_EDGE ( 'NONE', *, *, #658, .F. ) ;
#1077 = VERTEX_POINT ( 'NONE', #1249 ) ;
#1078 = AXIS2_PLACEMENT_3D ( 'NONE', #2060, #1061, #1817 ) ;
#1079 = CARTESIAN_POINT ( 'NONE',  ( 13.50000000000000178, -4.999999999999999112, -6.000000000000000000 ) ) ;
#1080 = CARTESIAN_POINT ( 'NONE',  ( -13.00000000000000178, 4.999999999999999112, -5.500000000000000000 ) ) ;
#1081 = EDGE_CURVE ( 'NONE', #2011, #465, #176, .T. ) ;
#1082 = CIRCLE ( 'NONE', #379, 0.5500000000000001554 ) ;
#1083 = LINE ( 'NONE', #1868, #2133 ) ;
#1084 = VERTEX_POINT ( 'NONE', #2415 ) ;
#1085 = CARTESIAN_POINT ( 'NONE',  ( 12.00000000000000000, -4.999999999999999112, -6.000000000000000000 ) ) ;
#1086 = CARTESIAN_POINT ( 'NONE',  ( 13.00000000000000178, -4.999999999999999112, -6.000000000000000000 ) ) ;
#1087 = CIRCLE ( 'NONE', #2525, 9.250000000000001776 ) ;
#1088 = CIRCLE ( 'NONE', #1128, 1.000000000000000888 ) ;
#1089 = VERTEX_POINT ( 'NONE', #1842 ) ;
#1090 = DIRECTION ( 'NONE',  ( -1.000000000000000000, 0.000000000000000000, -0.000000000000000000 ) ) ;
#1091 = DIRECTION ( 'NONE',  ( 0.000000000000000000, 0.000000000000000000, 1.000000000000000000 ) ) ;
#1092 = CIRCLE ( 'NONE', #518, 2.000000000000000000 ) ;
#1093 = DIRECTION ( 'NONE',  ( 0.000000000000000000, 1.000000000000000000, 4.336808689942015764E-16 ) ) ;
#1094 = ORIENTED_EDGE ( 'NONE', *, *, #2527, .T. ) ;
#1095 = EDGE_CURVE ( 'NONE', #388, #1116, #2056, .T. ) ;
#1096 = CARTESIAN_POINT ( 'NONE',  ( -11.00000000000000000, -6.000000000000000000, 6.500000000000000888 ) ) ;
#1097 = EDGE_LOOP ( 'NONE', ( #2062, #1840, #1630, #2108 ) ) ;
#1098 = CARTESIAN_POINT ( 'NONE',  ( 14.50000000000000000, -5.000000000000000000, -5.500000000000000000 ) ) ;
#1099 = EDGE_LOOP ( 'NONE', ( #1869, #1135, #1106, #900, #1323 ) ) ;
#1100 = DIRECTION ( 'NONE',  ( -0.000000000000000000, 1.000000000000000000, 1.334402673828313339E-16 ) ) ;
#1101 = ORIENTED_EDGE ( 'NONE', *, *, #174, .T. ) ;
#1102 = DIRECTION ( 'NONE',  ( -0.000000000000000000, 1.000000000000000000, -0.000000000000000000 ) ) ;
#1103 = EDGE_CURVE ( 'NONE', #1257, #522, #643, .T. ) ;
#1104 = CARTESIAN_POINT ( 'NONE',  ( -7.500000000000000000, 6.000000000000000888, -5.500000000000000000 ) ) ;
#1105 = ADVANCED_FACE ( 'NONE', ( #2242 ), #1284, .T. ) ;
#1106 = ORIENTED_EDGE ( 'NONE', *, *, #195, .T. ) ;
#1107 = DIRECTION ( 'NONE',  ( 0.000000000000000000, -0.000000000000000000, -1.000000000000000000 ) ) ;
#1108 = EDGE_CURVE ( 'NONE', #415, #1816, #1087, .T. ) ;
#1109 = EDGE_CURVE ( 'NONE', #1438, #1420, #1644, .T. ) ;
#1110 = EDGE_CURVE ( 'NONE', #2435, #1523, #915, .T. ) ;
#1111 = VERTEX_POINT ( 'NONE', #285 ) ;
#1112 = DIRECTION ( 'NONE',  ( -0.000000000000000000, -0.000000000000000000, 1.000000000000000000 ) ) ;
#1113 = LINE ( 'NONE', #939, #1686 ) ;
#1114 = AXIS2_PLACEMENT_3D ( 'NONE', #938, #2322, #325 ) ;
#1115 = AXIS2_PLACEMENT_3D ( 'NONE', #359, #1141, #1924 ) ;
#1116 = VERTEX_POINT ( 'NONE', #2453 ) ;
#1117 = AXIS2_PLACEMENT_3D ( 'NONE', #1367, #783, #1558 ) ;
#1118 = LINE ( 'NONE', #1336, #714 ) ;
#1119 = DIRECTION ( 'NONE',  ( 0.000000000000000000, -0.000000000000000000, -1.000000000000000000 ) ) ;
#1120 = AXIS2_PLACEMENT_3D ( 'NONE', #2266, #661, #1053 ) ;
#1121 = ORIENTED_EDGE ( 'NONE', *, *, #193, .T. ) ;
#1122 = DIRECTION ( 'NONE',  ( -0.000000000000000000, -0.000000000000000000, 1.000000000000000000 ) ) ;
#1123 = AXIS2_PLACEMENT_3D ( 'NONE', #405, #1967, #1585 ) ;
#1124 = VERTEX_POINT ( 'NONE', #692 ) ;
#1125 = CARTESIAN_POINT ( 'NONE',  ( -7.500000000000000000, 7.999999999999998224, 4.286768589673456054E-15 ) ) ;
#1126 = CARTESIAN_POINT ( 'NONE',  ( 3.061616997868384867E-17, 3.292893218813446321, 6.999999999999997335 ) ) ;
#1127 = VERTEX_POINT ( 'NONE', #1468 ) ;
#1128 = AXIS2_PLACEMENT_3D ( 'NONE', #2084, #2118, #716 ) ;
#1129 = CARTESIAN_POINT ( 'NONE',  ( 13.00000000000000178, -4.999999999999999112, -6.000000000000000000 ) ) ;
#1130 = DIRECTION ( 'NONE',  ( 0.000000000000000000, 4.336808689942017736E-16, -1.000000000000000000 ) ) ;
#1131 = VERTEX_POINT ( 'NONE', #2256 ) ;
#1132 = LINE ( 'NONE', #1098, #1256 ) ;
#1133 = CIRCLE ( 'NONE', #1706, 0.5500000000000001554 ) ;
#1134 = DIRECTION ( 'NONE',  ( -0.000000000000000000, 1.000000000000000000, -0.000000000000000000 ) ) ;
#1135 = ORIENTED_EDGE ( 'NONE', *, *, #2025, .T. ) ;
#1136 = LINE ( 'NONE', #721, #482 ) ;
#1137 = CYLINDRICAL_SURFACE ( 'NONE', #125, 1.510000000000000009 ) ;
#1138 = ORIENTED_EDGE ( 'NONE', *, *, #2029, .F. ) ;
#1139 = EDGE_CURVE ( 'NONE', #363, #606, #2278, .T. ) ;
#1140 = DIRECTION ( 'NONE',  ( 1.000000000000000000, 0.000000000000000000, 0.000000000000000000 ) ) ;
#1141 = DIRECTION ( 'NONE',  ( -0.000000000000000000, 0.000000000000000000, 1.000000000000000000 ) ) ;
#1142 = ORIENTED_EDGE ( 'NONE', *, *, #469, .T. ) ;
#1143 = CYLINDRICAL_SURFACE ( 'NONE', #391, 0.5000000000000004441 ) ;
#1144 = FACE_OUTER_BOUND ( 'NONE', #147, .T. ) ;
#1145 = VERTEX_POINT ( 'NONE', #1670 ) ;
#1146 = LINE ( 'NONE', #1894, #1562 ) ;
#1147 = DIRECTION ( 'NONE',  ( 1.000000000000000000, 0.000000000000000000, 0.000000000000000000 ) ) ;
#1148 = VERTEX_POINT ( 'NONE', #892 ) ;
#1149 = VECTOR ( 'NONE', #1778, 1000.000000000000000 ) ;
#1150 = CARTESIAN_POINT ( 'NONE',  ( 1.510000000000000009, 0.000000000000000000, -0.5000000000000000000 ) ) ;
#1151 = EDGE_CURVE ( 'NONE', #813, #1552, #1354, .T. ) ;
#1152 = AXIS2_PLACEMENT_3D ( 'NONE', #1337, #933, #2523 ) ;
#1153 = ADVANCED_FACE ( 'NONE', ( #2134 ), #811, .T. ) ;
#1154 = DIRECTION ( 'NONE',  ( -0.000000000000000000, 1.000000000000000000, -0.000000000000000000 ) ) ;
#1155 = VERTEX_POINT ( 'NONE', #2165 ) ;
#1156 = CARTESIAN_POINT ( 'NONE',  ( 8.340413658806145492, -3.999999999999999112, 0.000000000000000000 ) ) ;
#1157 = DIRECTION ( 'NONE',  ( 1.000000000000000000, 0.000000000000000000, 0.000000000000000000 ) ) ;
#1158 = AXIS2_PLACEMENT_3D ( 'NONE', #1232, #2436, #678 ) ;
#1159 = VERTEX_POINT ( 'NONE', #826 ) ;
#1160 = AXIS2_PLACEMENT_3D ( 'NONE', #1385, #2544, #1412 ) ;
#1161 = LINE ( 'NONE', #619, #873 ) ;
#1162 = DIRECTION ( 'NONE',  ( -0.000000000000000000, -0.000000000000000000, 1.000000000000000000 ) ) ;
#1163 = ORIENTED_EDGE ( 'NONE', *, *, #312, .T. ) ;
#1164 = ORIENTED_EDGE ( 'NONE', *, *, #1139, .F. ) ;
#1165 = CARTESIAN_POINT ( 'NONE',  ( 12.00000000000000000, 4.999999999999999112, -6.000000000000000000 ) ) ;
#1166 = DIRECTION ( 'NONE',  ( -1.000000000000000000, 0.000000000000000000, 0.000000000000000000 ) ) ;
#1167 = VECTOR ( 'NONE', #1440, 1000.000000000000000 ) ;
#1168 = CARTESIAN_POINT ( 'NONE',  ( 13.00000000000000178, -4.999999999999999112, -5.500000000000000000 ) ) ;
#1169 = ADVANCED_FACE ( 'NONE', ( #1973 ), #1781, .F. ) ;
#1170 = EDGE_LOOP ( 'NONE', ( #1451, #49, #129, #1277, #472, #1404, #222, #996, #649, #844, #1051, #1736, #1541, #2299, #2200, #1679, #592, #360, #1711, #2199, #728, #168 ) ) ;
#1171 = DIRECTION ( 'NONE',  ( -0.000000000000000000, -0.000000000000000000, -1.000000000000000000 ) ) ;
#1172 = LINE ( 'NONE', #2329, #389 ) ;
#1173 = VERTEX_POINT ( 'NONE', #2179 ) ;
#1174 = LINE ( 'NONE', #7, #1649 ) ;
#1175 = CARTESIAN_POINT ( 'NONE',  ( -13.00000000000000178, 4.999999999999999112, -2.999999999999999556 ) ) ;
#1176 = VERTEX_POINT ( 'NONE', #409 ) ;
#1177 = ORIENTED_EDGE ( 'NONE', *, *, #2158, .F. ) ;
#1178 = DIRECTION ( 'NONE',  ( -1.000000000000000000, 0.000000000000000000, 0.000000000000000000 ) ) ;
#1179 = CARTESIAN_POINT ( 'NONE',  ( 16.00000000000000000, -3.999999999999998224, -5.499999999999999112 ) ) ;
#1180 = CARTESIAN_POINT ( 'NONE',  ( -13.00000000000000178, -4.999999999999999112, -5.500000000000000000 ) ) ;
#1181 = EDGE_LOOP ( 'NONE', ( #1427, #735, #1805, #2162, #2504, #821, #2290, #1656, #848, #2053, #835 ) ) ;
#1182 = DIRECTION ( 'NONE',  ( -0.000000000000000000, 1.000000000000000000, 4.003208021484941004E-16 ) ) ;
#1183 = PLANE ( 'NONE',  #1043 ) ;
#1184 = ADVANCED_FACE ( 'NONE', ( #2381 ), #213, .F. ) ;
#1185 = ORIENTED_EDGE ( 'NONE', *, *, #499, .F. ) ;
#1186 = ADVANCED_FACE ( 'NONE', ( #1589 ), #1947, .T. ) ;
#1187 = CARTESIAN_POINT ( 'NONE',  ( -14.00000000000000000, 0.000000000000000000, 6.000000000000000000 ) ) ;
#1188 = AXIS2_PLACEMENT_3D ( 'NONE', #2143, #236, #2360 ) ;
#1189 = CARTESIAN_POINT ( 'NONE',  ( -12.45000000000000107, 4.999999999999999112, -2.999999999999999556 ) ) ;
#1190 = EDGE_LOOP ( 'NONE', ( #165, #1052, #2487, #2120 ) ) ;
#1191 = VERTEX_POINT ( 'NONE', #9 ) ;
#1192 = FACE_OUTER_BOUND ( 'NONE', #1497, .T. ) ;
#1193 = CARTESIAN_POINT ( 'NONE',  ( -8.616843969807044701, 3.999999999999997335, 0.5000000000000000000 ) ) ;
#1194 = DIRECTION ( 'NONE',  ( 0.000000000000000000, 0.000000000000000000, -1.000000000000000000 ) ) ;
#1195 = CIRCLE ( 'NONE', #1520, 1.000000000000000888 ) ;
#1196 = AXIS2_PLACEMENT_3D ( 'NONE', #2296, #1695, #703 ) ;
#1197 = VECTOR ( 'NONE', #2459, 1000.000000000000000 ) ;
#1198 = ORIENTED_EDGE ( 'NONE', *, *, #2288, .F. ) ;
#1199 = CARTESIAN_POINT ( 'NONE',  ( 13.00000000000000178, 4.999999999999999112, -7.500000000000000000 ) ) ;
#1200 = VECTOR ( 'NONE', #1162, 1000.000000000000000 ) ;
#1201 = CARTESIAN_POINT ( 'NONE',  ( 13.00000000000000178, -3.999999999999998224, -5.500000000000000000 ) ) ;
#1202 = EDGE_LOOP ( 'NONE', ( #1667, #1392, #1009, #190, #968 ) ) ;
#1203 = CARTESIAN_POINT ( 'NONE',  ( 0.000000000000000000, 0.000000000000000000, -4.000000000000000000 ) ) ;
#1204 = AXIS2_PLACEMENT_3D ( 'NONE', #88, #1669, #1247 ) ;
#1205 = EDGE_CURVE ( 'NONE', #1448, #1776, #1419, .T. ) ;
#1206 = DIRECTION ( 'NONE',  ( -0.000000000000000000, 0.000000000000000000, 1.000000000000000000 ) ) ;
#1207 = ORIENTED_EDGE ( 'NONE', *, *, #2263, .T. ) ;
#1208 = VECTOR ( 'NONE', #448, 1000.000000000000000 ) ;
#1209 = CARTESIAN_POINT ( 'NONE',  ( 7.500000000000001776, 5.999999999999998224, -5.500000000000000000 ) ) ;
#1210 = FACE_OUTER_BOUND ( 'NONE', #1413, .T. ) ;
#1211 = EDGE_LOOP ( 'NONE', ( #2172, #946, #230, #2002 ) ) ;
#1212 = FACE_OUTER_BOUND ( 'NONE', #1181, .T. ) ;
#1213 = CARTESIAN_POINT ( 'NONE',  ( 8.339883943184691617, -3.999999999999999112, 0.9525190253191228029 ) ) ;
#1214 = ORIENTED_EDGE ( 'NONE', *, *, #1108, .T. ) ;
#1215 = DIRECTION ( 'NONE',  ( 1.224646799147353207E-16, 1.000000000000000000, 0.000000000000000000 ) ) ;
#1216 = PRODUCT_RELATED_PRODUCT_CATEGORY ( 'part', '', ( #2249 ) ) ;
#1217 = ORIENTED_EDGE ( 'NONE', *, *, #2198, .F. ) ;
#1218 = VERTEX_POINT ( 'NONE', #1752 ) ;
#1219 = CARTESIAN_POINT ( 'NONE',  ( -8.616843969807042924, -3.999999999999995559, 0.5000000000000000000 ) ) ;
#1220 = FACE_OUTER_BOUND ( 'NONE', #656, .T. ) ;
#1221 = EDGE_CURVE ( 'NONE', #1362, #1556, #396, .T. ) ;
#1222 = ADVANCED_FACE ( 'NONE', ( #229 ), #200, .T. ) ;
#1223 = DIRECTION ( 'NONE',  ( 0.000000000000000000, -1.000000000000000000, 0.000000000000000000 ) ) ;
#1224 = VERTEX_POINT ( 'NONE', #2367 ) ;
#1225 = CARTESIAN_POINT ( 'NONE',  ( -12.89327799276901843, 4.000000000000000000, -5.497493718553308817 ) ) ;
#1226 = LINE ( 'NONE', #2389, #1532 ) ;
#1227 = ORIENTED_EDGE ( 'NONE', *, *, #1028, .T. ) ;
#1228 = DIRECTION ( 'NONE',  ( -0.000000000000000000, -0.000000000000000000, -1.000000000000000000 ) ) ;
#1229 = FILL_AREA_STYLE_COLOUR ( '', #2022 ) ;
#1230 = ORIENTED_EDGE ( 'NONE', *, *, #1972, .F. ) ;
#1231 = ORIENTED_EDGE ( 'NONE', *, *, #1265, .F. ) ;
#1232 = CARTESIAN_POINT ( 'NONE',  ( 0.000000000000000000, 0.000000000000000000, 0.000000000000000000 ) ) ;
#1233 = DIRECTION ( 'NONE',  ( -1.000000000000000000, 0.000000000000000000, 0.000000000000000000 ) ) ;
#1234 = VECTOR ( 'NONE', #433, 1000.000000000000000 ) ;
#1235 = CARTESIAN_POINT ( 'NONE',  ( -13.00000000000000178, 4.999999999999999112, -4.999999999999999112 ) ) ;
#1236 = EDGE_LOOP ( 'NONE', ( #2304, #492, #812, #2254 ) ) ;
#1237 = LINE ( 'NONE', #1829, #610 ) ;
#1238 = VECTOR ( 'NONE', #1112, 1000.000000000000000 ) ;
#1239 = CARTESIAN_POINT ( 'NONE',  ( -13.00000000000000178, 4.999999999999999112, -4.999999999999999112 ) ) ;
#1240 = AXIS2_PLACEMENT_3D ( 'NONE', #1742, #1540, #944 ) ;
#1241 = ORIENTED_EDGE ( 'NONE', *, *, #894, .F. ) ;
#1242 = PRESENTATION_LAYER_ASSIGNMENT (  '', '', ( #96 ) ) ;
#1243 = DIRECTION ( 'NONE',  ( -1.000000000000000000, 0.000000000000000000, -0.000000000000000000 ) ) ;
#1244 = ORIENTED_EDGE ( 'NONE', *, *, #2170, .T. ) ;
#1245 = ORIENTED_EDGE ( 'NONE', *, *, #1629, .F. ) ;
#1246 = EDGE_CURVE ( 'NONE', #1874, #1124, #1575, .T. ) ;
#1247 = DIRECTION ( 'NONE',  ( -1.000000000000000000, 0.000000000000000000, 0.000000000000000000 ) ) ;
#1248 = AXIS2_PLACEMENT_3D ( 'NONE', #1977, #231, #982 ) ;
#1249 = CARTESIAN_POINT ( 'NONE',  ( 12.00000000000000000, -4.999999999999999112, -5.500000000000000000 ) ) ;
#1250 = AXIS2_PLACEMENT_3D ( 'NONE', #967, #1206, #1397 ) ;
#1251 = DIRECTION ( 'NONE',  ( 0.000000000000000000, 0.000000000000000000, -1.000000000000000000 ) ) ;
#1252 = VERTEX_POINT ( 'NONE', #954 ) ;
#1253 = FACE_OUTER_BOUND ( 'NONE', #2152, .T. ) ;
#1254 = LINE ( 'NONE', #833, #1457 ) ;
#1255 = ADVANCED_FACE ( 'NONE', ( #755 ), #1507, .T. ) ;
#1256 = VECTOR ( 'NONE', #322, 1000.000000000000000 ) ;
#1257 = VERTEX_POINT ( 'NONE', #1291 ) ;
#1258 = CARTESIAN_POINT ( 'NONE',  ( -14.50000000000000000, -6.000000000000000000, 6.000000000000000000 ) ) ;
#1259 = ORIENTED_EDGE ( 'NONE', *, *, #789, .T. ) ;
#1260 = FACE_OUTER_BOUND ( 'NONE', #743, .T. ) ;
#1261 = FACE_OUTER_BOUND ( 'NONE', #2379, .T. ) ;
#1262 = DIRECTION ( 'NONE',  ( -0.000000000000000000, 0.000000000000000000, 1.000000000000000000 ) ) ;
#1263 = CIRCLE ( 'NONE', #2041, 0.5000000000000004441 ) ;
#1264 = DIRECTION ( 'NONE',  ( -0.000000000000000000, -0.000000000000000000, -1.000000000000000000 ) ) ;
#1265 = EDGE_CURVE ( 'NONE', #770, #349, #2141, .T. ) ;
#1266 = CARTESIAN_POINT ( 'NONE',  ( 8.062257748298547355, 3.999999999999997335, 1.000000000000000000 ) ) ;
#1267 = EDGE_CURVE ( 'NONE', #1438, #460, #718, .T. ) ;
#1268 = DIRECTION ( 'NONE',  ( 0.000000000000000000, -1.334402673828313339E-16, 1.000000000000000000 ) ) ;
#1269 = ORIENTED_EDGE ( 'NONE', *, *, #2369, .F. ) ;
#1270 = DIRECTION ( 'NONE',  ( -1.000000000000000000, 0.000000000000000000, 0.000000000000000000 ) ) ;
#1271 = ADVANCED_FACE ( 'NONE', ( #1315 ), #1693, .F. ) ;
#1272 = EDGE_CURVE ( 'NONE', #2213, #1338, #2099, .T. ) ;
#1273 = ORIENTED_EDGE ( 'NONE', *, *, #281, .T. ) ;
#1274 = CYLINDRICAL_SURFACE ( 'NONE', #1534, 9.250000000000001776 ) ;
#1275 = DIRECTION ( 'NONE',  ( -0.000000000000000000, 0.000000000000000000, 1.000000000000000000 ) ) ;
#1276 = CARTESIAN_POINT ( 'NONE',  ( 16.00000000000000000, -4.000000000000000000, 6.000000000000000888 ) ) ;
#1277 = ORIENTED_EDGE ( 'NONE', *, *, #504, .T. ) ;
#1278 = CARTESIAN_POINT ( 'NONE',  ( -8.999999999999998224, 10.99999999999999822, 1.000000000000000000 ) ) ;
#1279 = AXIS2_PLACEMENT_3D ( 'NONE', #1180, #1374, #1935 ) ;
#1280 = ORIENTED_EDGE ( 'NONE', *, *, #381, .F. ) ;
#1281 = ORIENTED_EDGE ( 'NONE', *, *, #883, .F. ) ;
#1282 = CARTESIAN_POINT ( 'NONE',  ( -13.55000000000000071, 4.999999999999999112, -2.999999999999999556 ) ) ;
#1283 = EDGE_CURVE ( 'NONE', #902, #1996, #1292, .T. ) ;
#1284 = PLANE ( 'NONE',  #1739 ) ;
#1285 =( GEOMETRIC_REPRESENTATION_CONTEXT ( 3 ) GLOBAL_UNCERTAINTY_ASSIGNED_CONTEXT ( ( #1685 ) ) GLOBAL_UNIT_ASSIGNED_CONTEXT ( ( #2080, #136, #1691 ) ) REPRESENTATION_CONTEXT ( 'NONE', 'WORKASPACE' ) );
#1286 = AXIS2_PLACEMENT_3D ( 'NONE', #1006, #2119, #1746 ) ;
#1287 = DIRECTION ( 'NONE',  ( -0.000000000000000000, -0.000000000000000000, 1.000000000000000000 ) ) ;
#1288 = AXIS2_PLACEMENT_3D ( 'NONE', #586, #2144, #2319 ) ;
#1289 = VERTEX_POINT ( 'NONE', #316 ) ;
#1290 = FACE_OUTER_BOUND ( 'NONE', #158, .T. ) ;
#1291 = CARTESIAN_POINT ( 'NONE',  ( -12.45000000000000107, -4.999999999999999112, -2.999999999999999556 ) ) ;
#1292 = CIRCLE ( 'NONE', #308, 2.000000000000000000 ) ;
#1293 = EDGE_LOOP ( 'NONE', ( #1335, #740, #1273, #1921, #2039, #1466, #1595, #2403, #2131, #175, #480, #1428 ) ) ;
#1294 = VERTEX_POINT ( 'NONE', #1906 ) ;
#1295 = CIRCLE ( 'NONE', #180, 9.250000000000001776 ) ;
#1296 = EDGE_LOOP ( 'NONE', ( #1435, #2111, #1185, #2498, #1700 ) ) ;
#1297 = SURFACE_STYLE_FILL_AREA ( #251 ) ;
#1298 = EDGE_CURVE ( 'NONE', #1420, #1641, #936, .T. ) ;
#1299 = B_SPLINE_CURVE_WITH_KNOTS ( 'NONE', 3,
 ( #2419, #276, #2248, #1213, #490, #2207 ),
 .UNSPECIFIED., .F., .F.,
 ( 4, 2, 4 ),
 ( 0.000000000000000000, 0.0004124152058436072023, 0.0008248304116872144046 ),
 .UNSPECIFIED. ) ;
#1300 = B_SPLINE_CURVE_WITH_KNOTS ( 'NONE', 3,
 ( #447, #1058, #1648, #2247, #1225, #2009, #489 ),
 .UNSPECIFIED., .F., .F.,
 ( 4, 3, 4 ),
 ( 0.000000000000000000, 0.0003201660216929505336, 0.0006403320433859010672 ),
 .UNSPECIFIED. ) ;
#1301 = ADVANCED_FACE ( 'NONE', ( #2085 ), #1306, .T. ) ;
#1302 = ADVANCED_FACE ( 'NONE', ( #706 ), #2066, .T. ) ;
#1303 = DIRECTION ( 'NONE',  ( 0.000000000000000000, -1.000000000000000000, -4.003208021484940018E-16 ) ) ;
#1304 = VERTEX_POINT ( 'NONE', #1871 ) ;
#1305 = CARTESIAN_POINT ( 'NONE',  ( -8.616843969807041148, 3.999999999999998224, 0.000000000000000000 ) ) ;
#1306 = PLANE ( 'NONE',  #1946 ) ;
#1307 = ORIENTED_EDGE ( 'NONE', *, *, #2439, .F. ) ;
#1308 = DIRECTION ( 'NONE',  ( -1.000000000000000000, -0.000000000000000000, -0.000000000000000000 ) ) ;
#1309 = FACE_OUTER_BOUND ( 'NONE', #2142, .T. ) ;
#1310 = VERTEX_POINT ( 'NONE', #2468 ) ;
#1311 = CARTESIAN_POINT ( 'NONE',  ( -12.67984378812836432, 6.000000000000000888, -5.499999999999996447 ) ) ;
#1312 = CARTESIAN_POINT ( 'NONE',  ( -14.05000000000000071, -4.999999999999999112, -5.500000000000000000 ) ) ;
#1313 = ORIENTED_EDGE ( 'NONE', *, *, #174, .F. ) ;
#1314 = FACE_OUTER_BOUND ( 'NONE', #380, .T. ) ;
#1315 = FACE_OUTER_BOUND ( 'NONE', #1296, .T. ) ;
#1316 = ORIENTED_EDGE ( 'NONE', *, *, #265, .F. ) ;
#1317 = LINE ( 'NONE', #1125, #269 ) ;
#1318 = CARTESIAN_POINT ( 'NONE',  ( 13.00000000000000178, 6.000000000000000888, -5.500000000000000000 ) ) ;
#1319 = AXIS2_PLACEMENT_3D ( 'NONE', #837, #1383, #407 ) ;
#1320 = CIRCLE ( 'NONE', #1035, 0.5500000000000001554 ) ;
#1321 = VECTOR ( 'NONE', #1436, 1000.000000000000000 ) ;
#1322 = EDGE_CURVE ( 'NONE', #2079, #2423, #2273, .T. ) ;
#1323 = ORIENTED_EDGE ( 'NONE', *, *, #1938, .F. ) ;
#1324 = AXIS2_PLACEMENT_3D ( 'NONE', #745, #94, #2323 ) ;
#1325 = DIRECTION ( 'NONE',  ( -0.000000000000000000, 1.000000000000000000, 4.003208021484940511E-16 ) ) ;
#1326 = EDGE_CURVE ( 'NONE', #1535, #1310, #1172, .T. ) ;
#1327 = ORIENTED_EDGE ( 'NONE', *, *, #1875, .T. ) ;
#1328 = FACE_OUTER_BOUND ( 'NONE', #321, .T. ) ;
#1329 = CIRCLE ( 'NONE', #2195, 2.000000000000000000 ) ;
#1330 = DIRECTION ( 'NONE',  ( 0.000000000000000000, 0.000000000000000000, -1.000000000000000000 ) ) ;
#1331 = ADVANCED_FACE ( 'NONE', ( #962 ), #2345, .F. ) ;
#1332 = ORIENTED_EDGE ( 'NONE', *, *, #789, .F. ) ;
#1333 = DIRECTION ( 'NONE',  ( 0.000000000000000000, -0.000000000000000000, -1.000000000000000000 ) ) ;
#1334 = CARTESIAN_POINT ( 'NONE',  ( 14.00000000000000000, -6.000000000000000000, 6.000000000000000000 ) ) ;
#1335 = ORIENTED_EDGE ( 'NONE', *, *, #538, .T. ) ;
#1336 = CARTESIAN_POINT ( 'NONE',  ( -8.062257748298547355, 3.999999999999998224, 0.000000000000000000 ) ) ;
#1337 = CARTESIAN_POINT ( 'NONE',  ( 0.000000000000000000, 0.000000000000000000, 0.5000000000000000000 ) ) ;
#1338 = VERTEX_POINT ( 'NONE', #2129 ) ;
#1339 = DIRECTION ( 'NONE',  ( -0.000000000000000000, -0.000000000000000000, -1.000000000000000000 ) ) ;
#1340 = FACE_OUTER_BOUND ( 'NONE', #1097, .T. ) ;
#1341 = VERTEX_POINT ( 'NONE', #1760 ) ;
#1342 = DIRECTION ( 'NONE',  ( 0.000000000000000000, 0.000000000000000000, -1.000000000000000000 ) ) ;
#1343 = FACE_OUTER_BOUND ( 'NONE', #1642, .T. ) ;
#1344 = EDGE_CURVE ( 'NONE', #1148, #573, #3, .T. ) ;
#1345 = ORIENTED_EDGE ( 'NONE', *, *, #963, .T. ) ;
#1346 = CARTESIAN_POINT ( 'NONE',  ( 14.00000000000000178, -6.000000000000000000, 6.500000000000000888 ) ) ;
#1347 = DIRECTION ( 'NONE',  ( -0.000000000000000000, 0.000000000000000000, 1.000000000000000000 ) ) ;
#1348 = ORIENTED_EDGE ( 'NONE', *, *, #1488, .F. ) ;
#1349 = PLANE ( 'NONE',  #393 ) ;
#1350 = FACE_OUTER_BOUND ( 'NONE', #2368, .T. ) ;
#1351 = VECTOR ( 'NONE', #1773, 1000.000000000000000 ) ;
#1352 = ORIENTED_EDGE ( 'NONE', *, *, #154, .F. ) ;
#1353 = DIRECTION ( 'NONE',  ( 0.000000000000000000, -0.000000000000000000, 1.000000000000000000 ) ) ;
#1354 = LINE ( 'NONE', #1189, #1622 ) ;
#1355 = EDGE_LOOP ( 'NONE', ( #1974, #2083, #1882, #1062 ) ) ;
#1356 = ORIENTED_EDGE ( 'NONE', *, *, #2390, .T. ) ;
#1357 = ADVANCED_FACE ( 'NONE', ( #1144 ), #1927, .F. ) ;
#1358 = DIRECTION ( 'NONE',  ( -0.000000000000000000, -0.000000000000000000, -1.000000000000000000 ) ) ;
#1359 = CIRCLE ( 'NONE', #1279, 1.049999999999998934 ) ;
#1360 = LINE ( 'NONE', #1011, #1835 ) ;
#1361 = DIRECTION ( 'NONE',  ( 0.000000000000000000, 0.000000000000000000, -1.000000000000000000 ) ) ;
#1362 = VERTEX_POINT ( 'NONE', #559 ) ;
#1363 = DIRECTION ( 'NONE',  ( 0.000000000000000000, 0.000000000000000000, 1.000000000000000000 ) ) ;
#1364 = EDGE_LOOP ( 'NONE', ( #725, #134, #2387, #1017, #2225 ) ) ;
#1365 = AXIS2_PLACEMENT_3D ( 'NONE', #1080, #1262, #1660 ) ;
#1366 = LINE ( 'NONE', #1762, #1402 ) ;
#1367 = CARTESIAN_POINT ( 'NONE',  ( -14.00000000000000000, 0.000000000000000000, 6.000000000000000000 ) ) ;
#1368 = VECTOR ( 'NONE', #1485, 1000.000000000000000 ) ;
#1369 = EDGE_LOOP ( 'NONE', ( #715, #2337, #109, #1999 ) ) ;
#1370 = ORIENTED_EDGE ( 'NONE', *, *, #1267, .T. ) ;
#1371 = CARTESIAN_POINT ( 'NONE',  ( -8.201638162799440579, -3.999999999999999112, 1.000000000000000000 ) ) ;
#1372 = DIRECTION ( 'NONE',  ( -1.000000000000000000, -0.000000000000000000, 0.000000000000000000 ) ) ;
#1373 = AXIS2_PLACEMENT_3D ( 'NONE', #568, #990, #2540 ) ;
#1374 = DIRECTION ( 'NONE',  ( -0.000000000000000000, 0.000000000000000000, 1.000000000000000000 ) ) ;
#1375 = EDGE_CURVE ( 'NONE', #2145, #1341, #1899, .T. ) ;
#1376 = EDGE_CURVE ( 'NONE', #1124, #1218, #2528, .T. ) ;
#1377 = EDGE_CURVE ( 'NONE', #590, #753, #1774, .T. ) ;
#1378 = ORIENTED_EDGE ( 'NONE', *, *, #160, .T. ) ;
#1379 = LINE ( 'NONE', #1955, #1234 ) ;
#1380 = DIRECTION ( 'NONE',  ( -0.000000000000000000, 1.000000000000000000, 4.003208021484941004E-16 ) ) ;
#1381 = AXIS2_PLACEMENT_3D ( 'NONE', #2005, #384, #1001 ) ;
#1382 = ORIENTED_EDGE ( 'NONE', *, *, #1057, .T. ) ;
#1383 = DIRECTION ( 'NONE',  ( 0.000000000000000000, -1.000000000000000000, -4.003208021484940511E-16 ) ) ;
#1384 = CARTESIAN_POINT ( 'NONE',  ( -8.616843969807044701, 3.999999999999997335, 0.5000000000000000000 ) ) ;
#1385 = CARTESIAN_POINT ( 'NONE',  ( -16.00000000000000000, 0.000000000000000000, 0.000000000000000000 ) ) ;
#1386 = ORIENTED_EDGE ( 'NONE', *, *, #738, .T. ) ;
#1387 = VERTEX_POINT ( 'NONE', #192 ) ;
#1388 = DIRECTION ( 'NONE',  ( -0.000000000000000000, -1.000000000000000000, -0.000000000000000000 ) ) ;
#1389 = DIRECTION ( 'NONE',  ( 0.000000000000000000, -1.334402673828313339E-16, 1.000000000000000000 ) ) ;
#1390 = DIRECTION ( 'NONE',  ( 0.000000000000000000, 1.000000000000000000, 4.003208021484940511E-16 ) ) ;
#1391 = APPLICATION_CONTEXT ( 'automotive_design' ) ;
#1392 = ORIENTED_EDGE ( 'NONE', *, *, #442, .T. ) ;
#1393 = DIRECTION ( 'NONE',  ( 0.000000000000000000, 1.000000000000000000, 4.003208021484940511E-16 ) ) ;
#1394 = CARTESIAN_POINT ( 'NONE',  ( 0.000000000000000000, 0.000000000000000000, 0.5000000000000000000 ) ) ;
#1395 = ORIENTED_EDGE ( 'NONE', *, *, #417, .F. ) ;
#1396 = DIRECTION ( 'NONE',  ( 0.000000000000000000, 0.000000000000000000, -1.000000000000000000 ) ) ;
#1397 = DIRECTION ( 'NONE',  ( 1.000000000000000000, 0.000000000000000000, 0.000000000000000000 ) ) ;
#1398 = ORIENTED_EDGE ( 'NONE', *, *, #2292, .T. ) ;
#1399 = CYLINDRICAL_SURFACE ( 'NONE', #912, 0.5500000000000001554 ) ;
#1400 = CARTESIAN_POINT ( 'NONE',  ( 7.500000000000001776, 8.000000000000000000, -5.500000000000000000 ) ) ;
#1401 = DIRECTION ( 'NONE',  ( -0.000000000000000000, 0.000000000000000000, 1.000000000000000000 ) ) ;
#1402 = VECTOR ( 'NONE', #1557, 1000.000000000000000 ) ;
#1403 = AXIS2_PLACEMENT_3D ( 'NONE', #1036, #280, #1243 ) ;
#1404 = ORIENTED_EDGE ( 'NONE', *, *, #1968, .T. ) ;
#1405 = LINE ( 'NONE', #2377, #1625 ) ;
#1406 = EDGE_CURVE ( 'NONE', #1257, #1720, #807, .T. ) ;
#1407 = LINE ( 'NONE', #1609, #2404 ) ;
#1408 = EDGE_LOOP ( 'NONE', ( #1616, #1884, #633, #334 ) ) ;
#1409 = DIRECTION ( 'NONE',  ( 1.000000000000000000, 0.000000000000000000, 0.000000000000000000 ) ) ;
#1410 = VECTOR ( 'NONE', #957, 1000.000000000000000 ) ;
#1411 = ADVANCED_FACE ( 'NONE', ( #1350 ), #1183, .T. ) ;
#1412 = DIRECTION ( 'NONE',  ( 0.000000000000000000, 0.000000000000000000, -1.000000000000000000 ) ) ;
#1413 = EDGE_LOOP ( 'NONE', ( #1988, #916, #1591, #854, #1887 ) ) ;
#1414 = EDGE_LOOP ( 'NONE', ( #1332, #934, #2535, #797 ) ) ;
#1415 = DIRECTION ( 'NONE',  ( -0.000000000000000000, -0.000000000000000000, -1.000000000000000000 ) ) ;
#1416 = AXIS2_PLACEMENT_3D ( 'NONE', #2010, #1016, #248 ) ;
#1417 = DIRECTION ( 'NONE',  ( 1.000000000000000000, 0.000000000000000000, 0.000000000000000000 ) ) ;
#1418 = DIRECTION ( 'NONE',  ( 0.000000000000000000, -0.000000000000000000, -1.000000000000000000 ) ) ;
#1419 = CIRCLE ( 'NONE', #1250, 8.999999999999998224 ) ;
#1420 = VERTEX_POINT ( 'NONE', #600 ) ;
#1421 = DIRECTION ( 'NONE',  ( 4.336808689942019708E-16, 1.000000000000000000, 0.000000000000000000 ) ) ;
#1422 = DIRECTION ( 'NONE',  ( 0.000000000000000000, -0.000000000000000000, -1.000000000000000000 ) ) ;
#1423 = VERTEX_POINT ( 'NONE', #1201 ) ;
#1424 = CARTESIAN_POINT ( 'NONE',  ( -16.00000000000000000, 3.999999999999997335, 1.000000000000000000 ) ) ;
#1425 = DIRECTION ( 'NONE',  ( 0.000000000000000000, -0.000000000000000000, -1.000000000000000000 ) ) ;
#1426 = B_SPLINE_CURVE_WITH_KNOTS ( 'NONE', 3,
 ( #1025, #2021, #80, #2312, #2518, #1920, #1909 ),
 .UNSPECIFIED., .F., .F.,
 ( 4, 3, 4 ),
 ( 0.000000000000000000, 0.0003201660216929453294, 0.0006403320433858906589 ),
 .UNSPECIFIED. ) ;
#1427 = ORIENTED_EDGE ( 'NONE', *, *, #1033, .T. ) ;
#1428 = ORIENTED_EDGE ( 'NONE', *, *, #1012, .T. ) ;
#1429 =( LENGTH_UNIT ( ) NAMED_UNIT ( * ) SI_UNIT ( .MILLI., .METRE. ) );
#1430 = CARTESIAN_POINT ( 'NONE',  ( 7.875000000000000000, 5.999999999999998224, 0.5000000000000034417 ) ) ;
#1431 = CARTESIAN_POINT ( 'NONE',  ( 13.00000000000000178, -4.999999999999999112, -6.000000000000000000 ) ) ;
#1432 = ORIENTED_EDGE ( 'NONE', *, *, #1986, .T. ) ;
#1433 = LINE ( 'NONE', #73, #2106 ) ;
#1434 = ADVANCED_FACE ( 'NONE', ( #768 ), #1942, .F. ) ;
#1435 = ORIENTED_EDGE ( 'NONE', *, *, #117, .F. ) ;
#1436 = DIRECTION ( 'NONE',  ( 1.000000000000000000, 0.000000000000000000, 0.000000000000000000 ) ) ;
#1437 = ORIENTED_EDGE ( 'NONE', *, *, #2466, .T. ) ;
#1438 = VERTEX_POINT ( 'NONE', #207 ) ;
#1439 = CARTESIAN_POINT ( 'NONE',  ( 16.00000000000000000, -5.000000000000000000, 5.999999999999996447 ) ) ;
#1440 = DIRECTION ( 'NONE',  ( 0.000000000000000000, 1.000000000000000000, 0.000000000000000000 ) ) ;
#1441 = ADVANCED_FACE ( 'NONE', ( #1543 ), #2484, .T. ) ;
#1442 = CARTESIAN_POINT ( 'NONE',  ( -13.10672200723098335, 6.000000000000000888, -5.497493718553309705 ) ) ;
#1443 = ORIENTED_EDGE ( 'NONE', *, *, #2320, .F. ) ;
#1444 = DIRECTION ( 'NONE',  ( 0.000000000000000000, 1.000000000000000000, 0.000000000000000000 ) ) ;
#1445 = VECTOR ( 'NONE', #156, 1000.000000000000000 ) ;
#1446 = DIRECTION ( 'NONE',  ( -0.000000000000000000, -1.000000000000000000, -4.003208021484940511E-16 ) ) ;
#1447 = CIRCLE ( 'NONE', #1115, 1.049999999999998934 ) ;
#1448 = VERTEX_POINT ( 'NONE', #780 ) ;
#1449 = AXIS2_PLACEMENT_3D ( 'NONE', #1971, #1425, #1819 ) ;
#1450 = DIRECTION ( 'NONE',  ( 0.000000000000000000, 0.000000000000000000, -1.000000000000000000 ) ) ;
#1451 = ORIENTED_EDGE ( 'NONE', *, *, #2018, .T. ) ;
#1452 = ORIENTED_EDGE ( 'NONE', *, *, #504, .F. ) ;
#1453 = DIRECTION ( 'NONE',  ( 0.000000000000000000, 0.000000000000000000, 1.000000000000000000 ) ) ;
#1454 = EDGE_CURVE ( 'NONE', #913, #1127, #1734, .T. ) ;
#1455 = AXIS2_PLACEMENT_3D ( 'NONE', #1022, #775, #1807 ) ;
#1456 = CARTESIAN_POINT ( 'NONE',  ( 14.00000000000000178, 4.999999999999999112, -6.000000000000000000 ) ) ;
#1457 = VECTOR ( 'NONE', #1855, 1000.000000000000000 ) ;
#1458 = DIRECTION ( 'NONE',  ( 1.000000000000000000, 0.000000000000000000, 0.000000000000000000 ) ) ;
#1459 = AXIS2_PLACEMENT_3D ( 'NONE', #2449, #2424, #690 ) ;
#1460 = CARTESIAN_POINT ( 'NONE',  ( 3.061616997868384251E-17, 5.999999999999995559, 6.999999999999998224 ) ) ;
#1461 = CARTESIAN_POINT ( 'NONE',  ( -8.340413658806138386, 3.999999999999997335, 0.000000000000000000 ) ) ;
#1462 = EDGE_CURVE ( 'NONE', #1127, #913, #171, .T. ) ;
#1463 = ADVANCED_FACE ( 'NONE', ( #1340 ), #362, .T. ) ;
#1464 = ORIENTED_EDGE ( 'NONE', *, *, #386, .F. ) ;
#1465 = CARTESIAN_POINT ( 'NONE',  ( -16.00000000000000000, 5.999999999999996447, 5.999999999999998224 ) ) ;
#1466 = ORIENTED_EDGE ( 'NONE', *, *, #478, .T. ) ;
#1467 = CARTESIAN_POINT ( 'NONE',  ( 3.469446951953614189E-15, -8.673617379884035472E-16, 0.000000000000000000 ) ) ;
#1468 = CARTESIAN_POINT ( 'NONE',  ( 3.061616997868384251E-17, 3.999999999999994671, 6.999999999999997335 ) ) ;
#1469 = VECTOR ( 'NONE', #595, 1000.000000000000000 ) ;
#1470 = CYLINDRICAL_SURFACE ( 'NONE', #253, 0.5000000000000004441 ) ;
#1471 = ORIENTED_EDGE ( 'NONE', *, *, #199, .T. ) ;
#1472 = EDGE_CURVE ( 'NONE', #1038, #2145, #1433, .T. ) ;
#1473 = CARTESIAN_POINT ( 'NONE',  ( 8.999999999999998224, 0.000000000000000000, 0.5000000000000000000 ) ) ;
#1474 = ORIENTED_EDGE ( 'NONE', *, *, #1139, .T. ) ;
#1475 = DIRECTION ( 'NONE',  ( -0.000000000000000000, 1.000000000000000000, 4.003208021484941004E-16 ) ) ;
#1476 = CYLINDRICAL_SURFACE ( 'NONE', #1120, 0.5500000000000001554 ) ;
#1477 = DIRECTION ( 'NONE',  ( 0.000000000000000000, 0.000000000000000000, -1.000000000000000000 ) ) ;
#1478 = AXIS2_PLACEMENT_3D ( 'NONE', #2388, #1171, #1965 ) ;
#1479 = CARTESIAN_POINT ( 'NONE',  ( 13.00000000000000178, 4.999999999999999112, -7.500000000000000000 ) ) ;
#1480 = ORIENTED_EDGE ( 'NONE', *, *, #1716, .T. ) ;
#1481 = DIRECTION ( 'NONE',  ( 1.000000000000000000, 7.885106708985487801E-17, 0.000000000000000000 ) ) ;
#1482 = DIRECTION ( 'NONE',  ( -0.000000000000000000, 0.000000000000000000, 1.000000000000000000 ) ) ;
#1483 = AXIS2_PLACEMENT_3D ( 'NONE', #1810, #652, #1797 ) ;
#1484 = ORIENTED_EDGE ( 'NONE', *, *, #1903, .T. ) ;
#1485 = DIRECTION ( 'NONE',  ( 0.000000000000000000, -4.003208021484940511E-16, 1.000000000000000000 ) ) ;
#1486 = EDGE_CURVE ( 'NONE', #2431, #2458, #1814, .T. ) ;
#1487 = EDGE_CURVE ( 'NONE', #1552, #2480, #1866, .T. ) ;
#1488 = EDGE_CURVE ( 'NONE', #861, #1218, #342, .T. ) ;
#1489 = VERTEX_POINT ( 'NONE', #263 ) ;
#1490 = LINE ( 'NONE', #1539, #1818 ) ;
#1491 = MECHANICAL_DESIGN_GEOMETRIC_PRESENTATION_REPRESENTATION (  '', ( #96 ), #1285 ) ;
#1492 = DIRECTION ( 'NONE',  ( 0.000000000000000000, 1.000000000000000000, 0.000000000000000000 ) ) ;
#1493 = ORIENTED_EDGE ( 'NONE', *, *, #1837, .T. ) ;
#1494 = DIRECTION ( 'NONE',  ( -0.000000000000000000, -0.000000000000000000, 1.000000000000000000 ) ) ;
#1495 = CARTESIAN_POINT ( 'NONE',  ( -16.00000000000000000, 0.000000000000000000, 6.000000000000000000 ) ) ;
#1496 = AXIS2_PLACEMENT_3D ( 'NONE', #1086, #323, #1892 ) ;
#1497 = EDGE_LOOP ( 'NONE', ( #525, #2460, #2033, #1831 ) ) ;
#1498 = CARTESIAN_POINT ( 'NONE',  ( -8.999999999999998224, 8.000000000000000000, 8.000000000000000000 ) ) ;
#1499 = DIRECTION ( 'NONE',  ( -0.000000000000000000, -0.000000000000000000, 1.000000000000000000 ) ) ;
#1500 = ORIENTED_EDGE ( 'NONE', *, *, #281, .F. ) ;
#1501 = CARTESIAN_POINT ( 'NONE',  ( 13.99999999999999822, 5.999999999999998224, 8.000000000000000000 ) ) ;
#1502 = AXIS2_PLACEMENT_3D ( 'NONE', #1769, #14, #2371 ) ;
#1503 = TOROIDAL_SURFACE ( 'NONE', #278, 8.999999999999998224, 0.5000000000000000000 ) ;
#1504 = LINE ( 'NONE', #1096, #2098 ) ;
#1505 = ORIENTED_EDGE ( 'NONE', *, *, #1326, .F. ) ;
#1506 = FACE_OUTER_BOUND ( 'NONE', #397, .T. ) ;
#1507 = CYLINDRICAL_SURFACE ( 'NONE', #2238, 0.5000000000000004441 ) ;
#1508 = VERTEX_POINT ( 'NONE', #2026 ) ;
#1509 = CARTESIAN_POINT ( 'NONE',  ( 1.510000000000000009, 0.000000000000000000, -4.000000000000000000 ) ) ;
#1510 = CARTESIAN_POINT ( 'NONE',  ( 16.00000000000000000, -5.000000000000000000, -5.500000000000000000 ) ) ;
#1511 = ORIENTED_EDGE ( 'NONE', *, *, #76, .F. ) ;
#1512 = CARTESIAN_POINT ( 'NONE',  ( 2.000000000000003553, -8.673617379884035472E-16, 0.000000000000000000 ) ) ;
#1513 = CARTESIAN_POINT ( 'NONE',  ( 13.00000000000000178, 4.999999999999999112, -5.500000000000000000 ) ) ;
#1514 = EDGE_CURVE ( 'NONE', #955, #394, #100, .T. ) ;
#1515 = ORIENTED_EDGE ( 'NONE', *, *, #1283, .T. ) ;
#1516 = DIRECTION ( 'NONE',  ( 1.000000000000000000, 0.000000000000000000, 0.000000000000000000 ) ) ;
#1517 = ORIENTED_EDGE ( 'NONE', *, *, #479, .T. ) ;
#1518 = CARTESIAN_POINT ( 'NONE',  ( 13.00000000000000178, -4.999999999999999112, -5.500000000000000000 ) ) ;
#1519 = CARTESIAN_POINT ( 'NONE',  ( 16.00000000000000000, -3.999999999999999112, 8.000000000000000000 ) ) ;
#1520 = AXIS2_PLACEMENT_3D ( 'NONE', #1588, #2380, #1409 ) ;
#1521 = VECTOR ( 'NONE', #497, 1000.000000000000000 ) ;
#1522 = AXIS2_PLACEMENT_3D ( 'NONE', #896, #2051, #1675 ) ;
#1523 = VERTEX_POINT ( 'NONE', #2234 ) ;
#1524 = AXIS2_PLACEMENT_3D ( 'NONE', #2289, #2088, #341 ) ;
#1525 = DIRECTION ( 'NONE',  ( 1.000000000000000000, 0.000000000000000000, 0.000000000000000000 ) ) ;
#1526 = EDGE_CURVE ( 'NONE', #2428, #753, #1047, .T. ) ;
#1527 = VECTOR ( 'NONE', #1603, 1000.000000000000000 ) ;
#1528 = CARTESIAN_POINT ( 'NONE',  ( 12.50000000000000000, 4.999999999999999112, -7.500000000000000000 ) ) ;
#1529 = ORIENTED_EDGE ( 'NONE', *, *, #1081, .F. ) ;
#1530 = CARTESIAN_POINT ( 'NONE',  ( 16.00000000000000000, 0.000000000000000000, 6.000000000000000000 ) ) ;
#1531 = EDGE_CURVE ( 'NONE', #1176, #1548, #953, .T. ) ;
#1532 = VECTOR ( 'NONE', #1268, 1000.000000000000000 ) ;
#1533 = CARTESIAN_POINT ( 'NONE',  ( -11.00000000000000000, -6.000000000000000000, 1.000000000000000000 ) ) ;
#1534 = AXIS2_PLACEMENT_3D ( 'NONE', #292, #709, #1861 ) ;
#1535 = VERTEX_POINT ( 'NONE', #1845 ) ;
#1536 = DIRECTION ( 'NONE',  ( 0.000000000000000000, -1.000000000000000000, 0.000000000000000000 ) ) ;
#1537 = CARTESIAN_POINT ( 'NONE',  ( 9.000000000000000000, 8.000000000000000000, -5.500000000000000000 ) ) ;
#1538 = ORIENTED_EDGE ( 'NONE', *, *, #2452, .T. ) ;
#1539 = CARTESIAN_POINT ( 'NONE',  ( 8.340413658806143715, -4.000000000000002665, 26.16295090390226363 ) ) ;
#1540 = DIRECTION ( 'NONE',  ( 0.000000000000000000, -1.000000000000000000, 0.000000000000000000 ) ) ;
#1541 = ORIENTED_EDGE ( 'NONE', *, *, #1780, .F. ) ;
#1542 = DIRECTION ( 'NONE',  ( 0.000000000000000000, -1.000000000000000000, -4.003208021484940018E-16 ) ) ;
#1543 = FACE_OUTER_BOUND ( 'NONE', #246, .T. ) ;
#1544 = EDGE_CURVE ( 'NONE', #606, #924, #1407, .T. ) ;
#1545 = ORIENTED_EDGE ( 'NONE', *, *, #1526, .F. ) ;
#1546 = DIRECTION ( 'NONE',  ( -0.000000000000000000, 0.000000000000000000, 1.000000000000000000 ) ) ;
#1547 = LINE ( 'NONE', #488, #879 ) ;
#1548 = VERTEX_POINT ( 'NONE', #860 ) ;
#1549 = LINE ( 'NONE', #2338, #839 ) ;
#1550 = DIRECTION ( 'NONE',  ( -0.000000000000000000, 1.000000000000000000, 4.003208021484940018E-16 ) ) ;
#1551 = CARTESIAN_POINT ( 'NONE',  ( 8.062257748298547355, 3.999999999999997335, 1.000000000000000000 ) ) ;
#1552 = VERTEX_POINT ( 'NONE', #57 ) ;
#1553 = PLANE ( 'NONE',  #1719 ) ;
#1554 = DIRECTION ( 'NONE',  ( 0.000000000000000000, 0.000000000000000000, 1.000000000000000000 ) ) ;
#1555 = ADVANCED_FACE ( 'NONE', ( #1637 ), #626, .F. ) ;
#1556 = VERTEX_POINT ( 'NONE', #2444 ) ;
#1557 = DIRECTION ( 'NONE',  ( -1.000000000000000000, -0.000000000000000000, -0.000000000000000000 ) ) ;
#1558 = DIRECTION ( 'NONE',  ( 0.000000000000000000, 0.000000000000000000, -1.000000000000000000 ) ) ;
#1559 = ORIENTED_EDGE ( 'NONE', *, *, #647, .F. ) ;
#1560 = ORIENTED_EDGE ( 'NONE', *, *, #1033, .F. ) ;
#1561 = EDGE_CURVE ( 'NONE', #2283, #2420, #1254, .T. ) ;
#1562 = VECTOR ( 'NONE', #1536, 1000.000000000000000 ) ;
#1563 = DIRECTION ( 'NONE',  ( -1.000000000000000000, 0.000000000000000000, 0.000000000000000000 ) ) ;
#1564 = EDGE_CURVE ( 'NONE', #1145, #465, #43, .T. ) ;
#1565 = CIRCLE ( 'NONE', #463, 1.049999999999998934 ) ;
#1566 = EDGE_CURVE ( 'NONE', #63, #2336, #1329, .T. ) ;
#1567 = CARTESIAN_POINT ( 'NONE',  ( -13.00000000000000178, -4.999999999999999112, -2.999999999999999556 ) ) ;
#1568 = CIRCLE ( 'NONE', #543, 0.5000000000000004441 ) ;
#1569 = DIRECTION ( 'NONE',  ( -0.000000000000000000, 0.000000000000000000, 1.000000000000000000 ) ) ;
#1570 = EDGE_LOOP ( 'NONE', ( #2476, #2531, #2100, #45, #271 ) ) ;
#1571 = CARTESIAN_POINT ( 'NONE',  ( -8.340413658806143715, 3.999999999999987121, 26.16295090390226363 ) ) ;
#1572 = CARTESIAN_POINT ( 'NONE',  ( 3.061616997868383018E-17, 3.292893218813448097, 0.9999999999999970024 ) ) ;
#1573 = VECTOR ( 'NONE', #1592, 1000.000000000000000 ) ;
#1574 = ORIENTED_EDGE ( 'NONE', *, *, #852, .F. ) ;
#1575 = CIRCLE ( 'NONE', #2071, 0.2500000000000000000 ) ;
#1576 = CYLINDRICAL_SURFACE ( 'NONE', #1319, 0.6250000000000002220 ) ;
#1577 = DIRECTION ( 'NONE',  ( 1.000000000000000000, 0.000000000000000000, 0.000000000000000000 ) ) ;
#1578 = VERTEX_POINT ( 'NONE', #1461 ) ;
#1579 = CARTESIAN_POINT ( 'NONE',  ( -11.00000000000000000, -6.000000000000000000, 0.000000000000000000 ) ) ;
#1580 = CARTESIAN_POINT ( 'NONE',  ( -16.00000000000000000, 0.000000000000000000, 6.000000000000000000 ) ) ;
#1581 = VECTOR ( 'NONE', #510, 1000.000000000000000 ) ;
#1582 = LINE ( 'NONE', #972, #2058 ) ;
#1583 = ORIENTED_EDGE ( 'NONE', *, *, #1717, .T. ) ;
#1584 = DIRECTION ( 'NONE',  ( 0.000000000000000000, 0.000000000000000000, 1.000000000000000000 ) ) ;
#1585 = DIRECTION ( 'NONE',  ( 0.000000000000000000, 0.000000000000000000, -1.000000000000000000 ) ) ;
#1586 = CIRCLE ( 'NONE', #1381, 0.5000000000000004441 ) ;
#1587 = ORIENTED_EDGE ( 'NONE', *, *, #1911, .T. ) ;
#1588 = CARTESIAN_POINT ( 'NONE',  ( 13.00000000000000178, -4.999999999999999112, -5.500000000000000000 ) ) ;
#1589 = FACE_OUTER_BOUND ( 'NONE', #1236, .T. ) ;
#1590 = ORIENTED_EDGE ( 'NONE', *, *, #1376, .F. ) ;
#1591 = ORIENTED_EDGE ( 'NONE', *, *, #1836, .F. ) ;
#1592 = DIRECTION ( 'NONE',  ( 1.000000000000000000, 0.000000000000000000, 0.000000000000000000 ) ) ;
#1593 = DIRECTION ( 'NONE',  ( 0.000000000000000000, 0.000000000000000000, -1.000000000000000000 ) ) ;
#1594 = CARTESIAN_POINT ( 'NONE',  ( -16.00000000000000000, 3.999999999999997335, 1.000000000000000000 ) ) ;
#1595 = ORIENTED_EDGE ( 'NONE', *, *, #311, .T. ) ;
#1596 = DIRECTION ( 'NONE',  ( -0.000000000000000000, -0.000000000000000000, 1.000000000000000000 ) ) ;
#1597 = EDGE_CURVE ( 'NONE', #1740, #2213, #1299, .T. ) ;
#1598 = DIRECTION ( 'NONE',  ( 0.000000000000000000, 1.000000000000000000, 4.003208021484940511E-16 ) ) ;
#1599 = ORIENTED_EDGE ( 'NONE', *, *, #2217, .F. ) ;
#1600 = LINE ( 'NONE', #1958, #710 ) ;
#1601 = DIRECTION ( 'NONE',  ( 1.000000000000000000, 0.000000000000000000, 0.000000000000000000 ) ) ;
#1602 = EDGE_LOOP ( 'NONE', ( #2524, #1617, #351, #1904 ) ) ;
#1603 = DIRECTION ( 'NONE',  ( -0.000000000000000000, -0.000000000000000000, -1.000000000000000000 ) ) ;
#1604 = CARTESIAN_POINT ( 'NONE',  ( 16.00000000000000000, 3.999999999999995559, 6.000000000000000000 ) ) ;
#1605 = CARTESIAN_POINT ( 'NONE',  ( -12.67984378812836432, 6.000000000000000888, -5.499999999999996447 ) ) ;
#1606 = CIRCLE ( 'NONE', #788, 2.000000000000000000 ) ;
#1607 = ORIENTED_EDGE ( 'NONE', *, *, #800, .F. ) ;
#1608 = DIRECTION ( 'NONE',  ( 1.000000000000000000, -0.000000000000000000, -0.000000000000000000 ) ) ;
#1609 = CARTESIAN_POINT ( 'NONE',  ( 7.500000000000001776, 5.999999999999998224, 8.000000000000000000 ) ) ;
#1610 = EDGE_CURVE ( 'NONE', #1159, #902, #1226, .T. ) ;
#1611 = ORIENTED_EDGE ( 'NONE', *, *, #470, .F. ) ;
#1612 = DIRECTION ( 'NONE',  ( 0.000000000000000000, 1.000000000000000000, 0.000000000000000000 ) ) ;
#1613 = AXIS2_PLACEMENT_3D ( 'NONE', #1766, #25, #1992 ) ;
#1614 = FACE_OUTER_BOUND ( 'NONE', #2343, .T. ) ;
#1615 = AXIS2_PLACEMENT_3D ( 'NONE', #468, #680, #1824 ) ;
#1616 = ORIENTED_EDGE ( 'NONE', *, *, #800, .T. ) ;
#1617 = ORIENTED_EDGE ( 'NONE', *, *, #819, .T. ) ;
#1618 = AXIS2_PLACEMENT_3D ( 'NONE', #392, #948, #1830 ) ;
#1619 = FACE_OUTER_BOUND ( 'NONE', #343, .T. ) ;
#1620 = VECTOR ( 'NONE', #2112, 1000.000000000000000 ) ;
#1621 = DIRECTION ( 'NONE',  ( 0.000000000000000000, 1.000000000000000000, 0.000000000000000000 ) ) ;
#1622 = VECTOR ( 'NONE', #994, 1000.000000000000000 ) ;
#1623 = ORIENTED_EDGE ( 'NONE', *, *, #264, .F. ) ;
#1624 = CARTESIAN_POINT ( 'NONE',  ( 13.00000000000000178, -4.999999999999999112, -7.500000000000000000 ) ) ;
#1625 = VECTOR ( 'NONE', #767, 1000.000000000000000 ) ;
#1626 = DIRECTION ( 'NONE',  ( -1.000000000000000000, 0.000000000000000000, -0.000000000000000000 ) ) ;
#1627 = ORIENTED_EDGE ( 'NONE', *, *, #348, .T. ) ;
#1628 = CARTESIAN_POINT ( 'NONE',  ( 0.000000000000000000, 0.000000000000000000, 1.000000000000003553 ) ) ;
#1629 = EDGE_CURVE ( 'NONE', #1508, #590, #1941, .T. ) ;
#1630 = ORIENTED_EDGE ( 'NONE', *, *, #920, .T. ) ;
#1631 = DIRECTION ( 'NONE',  ( -1.000000000000000000, 0.000000000000000000, 0.000000000000000000 ) ) ;
#1632 = CARTESIAN_POINT ( 'NONE',  ( -13.55000000000000071, 4.999999999999999112, -4.999999999999999112 ) ) ;
#1633 = DIRECTION ( 'NONE',  ( 0.000000000000000000, 0.000000000000000000, -1.000000000000000000 ) ) ;
#1634 = DIRECTION ( 'NONE',  ( -0.000000000000000000, -0.000000000000000000, -1.000000000000000000 ) ) ;
#1635 = EDGE_LOOP ( 'NONE', ( #2135, #557, #554, #2208, #831 ) ) ;
#1636 = DIRECTION ( 'NONE',  ( 0.000000000000000000, 0.000000000000000000, -1.000000000000000000 ) ) ;
#1637 = FACE_OUTER_BOUND ( 'NONE', #668, .T. ) ;
#1638 = EDGE_LOOP ( 'NONE', ( #309, #201 ) ) ;
#1639 = DIRECTION ( 'NONE',  ( -1.000000000000000000, 0.000000000000000000, 0.000000000000000000 ) ) ;
#1640 = EDGE_CURVE ( 'NONE', #1131, #855, #221, .T. ) ;
#1641 = VERTEX_POINT ( 'NONE', #655 ) ;
#1642 = EDGE_LOOP ( 'NONE', ( #398, #1849 ) ) ;
#1643 = SHAPE_DEFINITION_REPRESENTATION ( #2433, #135 ) ;
#1644 = LINE ( 'NONE', #273, #58 ) ;
#1645 = EDGE_CURVE ( 'NONE', #753, #2420, #2222, .T. ) ;
#1646 = EDGE_CURVE ( 'NONE', #1124, #1874, #1661, .T. ) ;
#1647 = PLANE ( 'NONE',  #1931 ) ;
#1648 = CARTESIAN_POINT ( 'NONE',  ( -13.10672200723098513, 4.000000000000000000, -5.497493718553308817 ) ) ;
#1649 = VECTOR ( 'NONE', #2146, 1000.000000000000000 ) ;
#1650 = CARTESIAN_POINT ( 'NONE',  ( -13.99999999999999822, -5.000000000000000000, 6.500000000000000888 ) ) ;
#1651 = AXIS2_PLACEMENT_3D ( 'NONE', #16, #1347, #2140 ) ;
#1652 = VECTOR ( 'NONE', #1709, 1000.000000000000000 ) ;
#1653 = ORIENTED_EDGE ( 'NONE', *, *, #1072, .T. ) ;
#1654 = AXIS2_PLACEMENT_3D ( 'NONE', #157, #1662, #524 ) ;
#1655 = FACE_OUTER_BOUND ( 'NONE', #1638, .T. ) ;
#1656 = ORIENTED_EDGE ( 'NONE', *, *, #2277, .F. ) ;
#1657 = FACE_OUTER_BOUND ( 'NONE', #2448, .T. ) ;
#1658 = DIRECTION ( 'NONE',  ( 0.000000000000000000, 0.000000000000000000, 1.000000000000000000 ) ) ;
#1659 = AXIS2_PLACEMENT_3D ( 'NONE', #451, #2115, #1525 ) ;
#1660 = DIRECTION ( 'NONE',  ( 1.000000000000000000, 0.000000000000000000, 0.000000000000000000 ) ) ;
#1661 = CIRCLE ( 'NONE', #431, 0.2500000000000000000 ) ;
#1662 = DIRECTION ( 'NONE',  ( -0.000000000000000000, 0.000000000000000000, 1.000000000000000000 ) ) ;
#1663 = EDGE_CURVE ( 'NONE', #1116, #766, #1886, .T. ) ;
#1664 = CARTESIAN_POINT ( 'NONE',  ( -11.95000000000000284, 4.999999999999999112, -4.999999999999999112 ) ) ;
#1665 = EDGE_LOOP ( 'NONE', ( #1076, #1280, #671, #1480 ) ) ;
#1666 = DIRECTION ( 'NONE',  ( 1.224646799147353207E-16, 1.000000000000000000, 0.000000000000000000 ) ) ;
#1667 = ORIENTED_EDGE ( 'NONE', *, *, #1968, .F. ) ;
#1668 = DIRECTION ( 'NONE',  ( 0.000000000000000000, 0.000000000000000000, -1.000000000000000000 ) ) ;
#1669 = DIRECTION ( 'NONE',  ( -0.000000000000000000, -0.000000000000000000, 1.000000000000000000 ) ) ;
#1670 = CARTESIAN_POINT ( 'NONE',  ( 13.50000000000000178, 4.999999999999999112, -7.500000000000000000 ) ) ;
#1671 = EDGE_CURVE ( 'NONE', #2382, #1191, #713, .T. ) ;
#1672 = CARTESIAN_POINT ( 'NONE',  ( 0.000000000000000000, 0.000000000000000000, 0.000000000000000000 ) ) ;
#1673 = EDGE_CURVE ( 'NONE', #1552, #1523, #2447, .T. ) ;
#1674 = ORIENTED_EDGE ( 'NONE', *, *, #2366, .T. ) ;
#1675 = DIRECTION ( 'NONE',  ( 1.000000000000000000, 0.000000000000000000, 0.000000000000000000 ) ) ;
#1676 = EDGE_CURVE ( 'NONE', #1704, #573, #885, .T. ) ;
#1677 = DIRECTION ( 'NONE',  ( 1.000000000000000000, 0.000000000000000000, 0.000000000000000000 ) ) ;
#1678 = EDGE_LOOP ( 'NONE', ( #1241, #992, #303, #625 ) ) ;
#1679 = ORIENTED_EDGE ( 'NONE', *, *, #2320, .T. ) ;
#1680 = CARTESIAN_POINT ( 'NONE',  ( 16.00000000000000000, 6.000000000000000888, -5.499999999999996447 ) ) ;
#1681 = ORIENTED_EDGE ( 'NONE', *, *, #2250, .T. ) ;
#1682 = CIRCLE ( 'NONE', #2094, 2.000000000000000000 ) ;
#1683 = CARTESIAN_POINT ( 'NONE',  ( -13.00000000000000178, 4.999999999999999112, -2.999999999999999556 ) ) ;
#1684 = AXIS2_PLACEMENT_3D ( 'NONE', #830, #2416, #1251 ) ;
#1685 = UNCERTAINTY_MEASURE_WITH_UNIT (LENGTH_MEASURE( 1.000000000000000082E-05 ), #2080, 'distance_accuracy_value', 'NONE');
#1686 = VECTOR ( 'NONE', #365, 1000.000000000000000 ) ;
#1687 = EDGE_LOOP ( 'NONE', ( #2516, #2049 ) ) ;
#1688 = CARTESIAN_POINT ( 'NONE',  ( 16.00000000000000000, -3.999999999999998224, -5.499999999999999112 ) ) ;
#1689 = EDGE_CURVE ( 'NONE', #2011, #2145, #749, .T. ) ;
#1690 = ORIENTED_EDGE ( 'NONE', *, *, #126, .T. ) ;
#1691 =( NAMED_UNIT ( * ) SI_UNIT ( $, .STERADIAN. ) SOLID_ANGLE_UNIT ( ) );
#1692 = AXIS2_PLACEMENT_3D ( 'NONE', #1897, #2536, #2291 ) ;
#1693 = TOROIDAL_SURFACE ( 'NONE', #1496, 1.000000000000000888, 0.5000000000000000000 ) ;
#1694 = EDGE_CURVE ( 'NONE', #394, #2251, #2474, .T. ) ;
#1695 = DIRECTION ( 'NONE',  ( 0.000000000000000000, -1.000000000000000000, 0.000000000000000000 ) ) ;
#1696 = CIRCLE ( 'NONE', #1003, 0.5000000000000004441 ) ;
#1697 = ORIENTED_EDGE ( 'NONE', *, *, #478, .F. ) ;
#1698 = CARTESIAN_POINT ( 'NONE',  ( 7.500000000000001776, 5.999999999999998224, -5.500000000000000000 ) ) ;
#1699 = VECTOR ( 'NONE', #1380, 1000.000000000000000 ) ;
#1700 = ORIENTED_EDGE ( 'NONE', *, *, #354, .F. ) ;
#1701 = LINE ( 'NONE', #1908, #1074 ) ;
#1702 = LINE ( 'NONE', #326, #257 ) ;
#1703 = EDGE_CURVE ( 'NONE', #1720, #858, #2184, .T. ) ;
#1704 = VERTEX_POINT ( 'NONE', #2082 ) ;
#1705 = CARTESIAN_POINT ( 'NONE',  ( 14.00000000000000000, -5.000000000000000000, 6.000000000000000000 ) ) ;
#1706 = AXIS2_PLACEMENT_3D ( 'NONE', #1567, #2339, #1963 ) ;
#1707 = CARTESIAN_POINT ( 'NONE',  ( 14.00000000000000000, 5.999999999999996447, 6.000000000000000000 ) ) ;
#1708 = VERTEX_POINT ( 'NONE', #97 ) ;
#1709 = DIRECTION ( 'NONE',  ( -0.000000000000000000, -0.000000000000000000, 1.000000000000000000 ) ) ;
#1710 = EDGE_CURVE ( 'NONE', #2145, #924, #884, .T. ) ;
#1711 = ORIENTED_EDGE ( 'NONE', *, *, #696, .F. ) ;
#1712 = DIRECTION ( 'NONE',  ( -1.000000000000000000, 0.000000000000000000, 0.000000000000000000 ) ) ;
#1713 = EDGE_CURVE ( 'NONE', #1176, #363, #1083, .T. ) ;
#1714 = LINE ( 'NONE', #1519, #1770 ) ;
#1715 = VERTEX_POINT ( 'NONE', #313 ) ;
#1716 = EDGE_CURVE ( 'NONE', #2324, #1155, #209, .T. ) ;
#1717 = EDGE_CURVE ( 'NONE', #2353, #1252, #629, .T. ) ;
#1718 = DIRECTION ( 'NONE',  ( -1.000000000000000000, 0.000000000000000000, 0.000000000000000000 ) ) ;
#1719 = AXIS2_PLACEMENT_3D ( 'NONE', #1940, #1997, #1584 ) ;
#1720 = VERTEX_POINT ( 'NONE', #345 ) ;
#1721 = CARTESIAN_POINT ( 'NONE',  ( -8.340413658806136610, 4.000000000000000000, -5.500000000000000000 ) ) ;
#1722 = CARTESIAN_POINT ( 'NONE',  ( 16.00000000000000000, 0.000000000000000000, 0.000000000000000000 ) ) ;
#1723 = EDGE_LOOP ( 'NONE', ( #1590, #888, #403, #1944 ) ) ;
#1724 = CYLINDRICAL_SURFACE ( 'NONE', #688, 9.499999999999998224 ) ;
#1725 = DIRECTION ( 'NONE',  ( -0.000000000000000000, -1.000000000000000000, -0.000000000000000000 ) ) ;
#1726 = AXIS2_PLACEMENT_3D ( 'NONE', #1707, #1325, #1130 ) ;
#1727 = AXIS2_PLACEMENT_3D ( 'NONE', #500, #1832, #1639 ) ;
#1728 = VERTEX_POINT ( 'NONE', #2303 ) ;
#1729 = CARTESIAN_POINT ( 'NONE',  ( 14.50000000000000178, -6.000000000000000000, 5.999999999999998224 ) ) ;
#1730 = DIRECTION ( 'NONE',  ( -0.000000000000000000, -1.000000000000000000, -0.000000000000000000 ) ) ;
#1731 = EDGE_CURVE ( 'NONE', #2317, #1089, #1504, .T. ) ;
#1732 = VERTEX_POINT ( 'NONE', #1312 ) ;
#1733 = DIRECTION ( 'NONE',  ( -0.000000000000000000, 0.000000000000000000, 1.000000000000000000 ) ) ;
#1734 = CIRCLE ( 'NONE', #685, 0.2500000000000002220 ) ;
#1735 = DIRECTION ( 'NONE',  ( -1.000000000000000000, 0.000000000000000000, 0.000000000000000000 ) ) ;
#1736 = ORIENTED_EDGE ( 'NONE', *, *, #1514, .T. ) ;
#1737 = DIRECTION ( 'NONE',  ( 1.000000000000000000, 0.000000000000000000, 0.000000000000000000 ) ) ;
#1738 = CARTESIAN_POINT ( 'NONE',  ( 0.000000000000000000, 0.000000000000000000, -4.000000000000000000 ) ) ;
#1739 = AXIS2_PLACEMENT_3D ( 'NONE', #2227, #295, #866 ) ;
#1740 = VERTEX_POINT ( 'NONE', #893 ) ;
#1741 = FACE_OUTER_BOUND ( 'NONE', #1948, .T. ) ;
#1742 = CARTESIAN_POINT ( 'NONE',  ( 14.00000000000000178, -4.999999999999999112, -6.000000000000000000 ) ) ;
#1743 = EDGE_CURVE ( 'NONE', #1294, #1556, #421, .T. ) ;
#1744 = ORIENTED_EDGE ( 'NONE', *, *, #1531, .T. ) ;
#1745 = DIRECTION ( 'NONE',  ( 0.000000000000000000, -0.000000000000000000, 1.000000000000000000 ) ) ;
#1746 = DIRECTION ( 'NONE',  ( 1.000000000000000000, 0.000000000000000000, 0.000000000000000000 ) ) ;
#1747 = ADVANCED_FACE ( 'NONE', ( #542 ), #1470, .T. ) ;
#1748 = VERTEX_POINT ( 'NONE', #923 ) ;
#1749 = EDGE_CURVE ( 'NONE', #2251, #1708, #2229, .T. ) ;
#1750 = DIRECTION ( 'NONE',  ( -8.673617379884035472E-16, 0.000000000000000000, -1.000000000000000000 ) ) ;
#1751 = EDGE_CURVE ( 'NONE', #955, #757, #2456, .T. ) ;
#1752 = CARTESIAN_POINT ( 'NONE',  ( 0.000000000000000000, 5.999999999999998224, 1.000000000000000000 ) ) ;
#1753 = ORIENTED_EDGE ( 'NONE', *, *, #752, .F. ) ;
#1754 = B_SPLINE_CURVE_WITH_KNOTS ( 'NONE', 3,
 ( #1266, #1015, #1800, #247, #1046, #654, #1027, #1813 ),
 .UNSPECIFIED., .F., .F.,
 ( 4, 2, 2, 4 ),
 ( 0.000000000000000000, 0.0004124105135571182624, 0.0006186157703356792367, 0.0008248210271142402111 ),
 .UNSPECIFIED. ) ;
#1755 = PLANE ( 'NONE',  #1455 ) ;
#1756 = CARTESIAN_POINT ( 'NONE',  ( -8.616843969807042924, -3.999999999999995559, 1.000000000000003553 ) ) ;
#1757 = LINE ( 'NONE', #414, #1978 ) ;
#1758 = ORIENTED_EDGE ( 'NONE', *, *, #118, .F. ) ;
#1759 = DIRECTION ( 'NONE',  ( 0.000000000000000000, 0.000000000000000000, -1.000000000000000000 ) ) ;
#1760 = CARTESIAN_POINT ( 'NONE',  ( 12.00000000000000000, 4.999999999999999112, -5.500000000000000000 ) ) ;
#1761 = ORIENTED_EDGE ( 'NONE', *, *, #189, .T. ) ;
#1762 = CARTESIAN_POINT ( 'NONE',  ( 16.00000000000000000, 4.000000000000000000, -5.499999999999996447 ) ) ;
#1763 = FACE_OUTER_BOUND ( 'NONE', #106, .T. ) ;
#1764 = ORIENTED_EDGE ( 'NONE', *, *, #1889, .F. ) ;
#1765 = CIRCLE ( 'NONE', #748, 1.510000000000000009 ) ;
#1766 = CARTESIAN_POINT ( 'NONE',  ( 13.00000000000000178, 4.999999999999999112, -6.000000000000000000 ) ) ;
#1767 = VECTOR ( 'NONE', #638, 1000.000000000000000 ) ;
#1768 = AXIS2_PLACEMENT_3D ( 'NONE', #2318, #521, #914 ) ;
#1769 = CARTESIAN_POINT ( 'NONE',  ( -7.500000000000000000, 6.000000000000000888, 8.000000000000000000 ) ) ;
#1770 = VECTOR ( 'NONE', #563, 1000.000000000000000 ) ;
#1771 = FACE_OUTER_BOUND ( 'NONE', #464, .T. ) ;
#1772 = VERTEX_POINT ( 'NONE', #1276 ) ;
#1773 = DIRECTION ( 'NONE',  ( -0.000000000000000000, -0.000000000000000000, -1.000000000000000000 ) ) ;
#1774 = LINE ( 'NONE', #20, #511 ) ;
#1775 = CIRCLE ( 'NONE', #261, 2.000000000000000000 ) ;
#1776 = VERTEX_POINT ( 'NONE', #1551 ) ;
#1777 = VECTOR ( 'NONE', #113, 1000.000000000000000 ) ;
#1778 = DIRECTION ( 'NONE',  ( -1.000000000000000000, -0.000000000000000000, -0.000000000000000000 ) ) ;
#1779 = CARTESIAN_POINT ( 'NONE',  ( -8.616843969807042924, 3.999999999999994671, 0.6395370082211947471 ) ) ;
#1780 = EDGE_CURVE ( 'NONE', #1933, #394, #1582, .T. ) ;
#1781 = CYLINDRICAL_SURFACE ( 'NONE', #65, 0.2500000000000002220 ) ;
#1782 = ORIENTED_EDGE ( 'NONE', *, *, #1716, .F. ) ;
#1783 = CARTESIAN_POINT ( 'NONE',  ( -7.500000000000000000, 6.000000000000000888, -5.500000000000000000 ) ) ;
#1784 = DIRECTION ( 'NONE',  ( 0.000000000000000000, -1.000000000000000000, -1.334402673828313339E-16 ) ) ;
#1785 = EDGE_CURVE ( 'NONE', #1732, #270, #1565, .T. ) ;
#1786 = VECTOR ( 'NONE', #1122, 1000.000000000000000 ) ;
#1787 = CARTESIAN_POINT ( 'NONE',  ( -8.999999999999998224, 8.000000000000000000, -5.500000000000000000 ) ) ;
#1788 = ORIENTED_EDGE ( 'NONE', *, *, #348, .F. ) ;
#1789 = CYLINDRICAL_SURFACE ( 'NONE', #2341, 0.2500000000000000000 ) ;
#1790 = DIRECTION ( 'NONE',  ( 0.000000000000000000, 0.000000000000000000, -1.000000000000000000 ) ) ;
#1791 = ORIENTED_EDGE ( 'NONE', *, *, #2028, .T. ) ;
#1792 = CARTESIAN_POINT ( 'NONE',  ( 14.00000000000000000, -5.000000000000000000, 6.500000000000000888 ) ) ;
#1793 = EDGE_CURVE ( 'NONE', #1038, #1708, #613, .T. ) ;
#1794 = ORIENTED_EDGE ( 'NONE', *, *, #444, .F. ) ;
#1795 = LINE ( 'NONE', #2153, #2191 ) ;
#1796 = LINE ( 'NONE', #2385, #1913 ) ;
#1797 = DIRECTION ( 'NONE',  ( -1.000000000000000000, 0.000000000000000000, 0.000000000000000000 ) ) ;
#1798 = ADVANCED_FACE ( 'NONE', ( #581 ), #1914, .F. ) ;
#1799 = ORIENTED_EDGE ( 'NONE', *, *, #1673, .T. ) ;
#1800 = CARTESIAN_POINT ( 'NONE',  ( 8.338250065206523232, 3.999999999999997335, 0.9537554391086456862 ) ) ;
#1801 = CARTESIAN_POINT ( 'NONE',  ( 13.50000000000000178, 4.999999999999999112, -7.500000000000000000 ) ) ;
#1802 = ORIENTED_EDGE ( 'NONE', *, *, #1526, .T. ) ;
#1803 = CARTESIAN_POINT ( 'NONE',  ( 14.50000000000000000, -5.000000000000000000, 5.999999999999996447 ) ) ;
#1804 = CARTESIAN_POINT ( 'NONE',  ( 0.000000000000000000, 0.000000000000000000, 8.000000000000000000 ) ) ;
#1805 = ORIENTED_EDGE ( 'NONE', *, *, #2452, .F. ) ;
#1806 = ORIENTED_EDGE ( 'NONE', *, *, #850, .F. ) ;
#1807 = DIRECTION ( 'NONE',  ( 1.000000000000000000, 0.000000000000000000, 0.000000000000000000 ) ) ;
#1808 = LINE ( 'NONE', #1756, #816 ) ;
#1809 = AXIS2_PLACEMENT_3D ( 'NONE', #436, #1215, #2000 ) ;
#1810 = CARTESIAN_POINT ( 'NONE',  ( 3.469446951953614189E-15, -8.673617379884035472E-16, -0.5000000000000000000 ) ) ;
#1811 = CIRCLE ( 'NONE', #1891, 9.250000000000001776 ) ;
#1812 = ORIENTED_EDGE ( 'NONE', *, *, #1057, .F. ) ;
#1813 = CARTESIAN_POINT ( 'NONE',  ( 8.616843969807044701, 3.999999999999997335, 0.5000000000000000000 ) ) ;
#1814 = LINE ( 'NONE', #2401, #2522 ) ;
#1815 = EDGE_CURVE ( 'NONE', #77, #2520, #674, .T. ) ;
#1816 = VERTEX_POINT ( 'NONE', #1953 ) ;
#1817 = DIRECTION ( 'NONE',  ( 1.000000000000000000, 0.000000000000000000, 0.000000000000000000 ) ) ;
#1818 = VECTOR ( 'NONE', #747, 1000.000000000000000 ) ;
#1819 = DIRECTION ( 'NONE',  ( 1.000000000000000000, 0.000000000000000000, 0.000000000000000000 ) ) ;
#1820 = AXIS2_PLACEMENT_3D ( 'NONE', #2215, #1851, #1233 ) ;
#1821 = ORIENTED_EDGE ( 'NONE', *, *, #104, .F. ) ;
#1822 = ORIENTED_EDGE ( 'NONE', *, *, #1406, .T. ) ;
#1823 = APPLICATION_PROTOCOL_DEFINITION ( 'draft international standard', 'automotive_design', 1998, #1391 ) ;
#1824 = DIRECTION ( 'NONE',  ( 1.000000000000000000, 0.000000000000000000, 0.000000000000000000 ) ) ;
#1825 = AXIS2_PLACEMENT_3D ( 'NONE', #1063, #1631, #876 ) ;
#1826 = CARTESIAN_POINT ( 'NONE',  ( -13.21343420464065588, 6.000000000000000888, -5.500000000000000000 ) ) ;
#1827 = AXIS2_PLACEMENT_3D ( 'NONE', #1533, #374, #2361 ) ;
#1828 = ORIENTED_EDGE ( 'NONE', *, *, #137, .F. ) ;
#1829 = CARTESIAN_POINT ( 'NONE',  ( -16.00000000000000000, -3.999999999999998224, -5.499999999999999112 ) ) ;
#1830 = DIRECTION ( 'NONE',  ( 1.000000000000000000, 0.000000000000000000, 0.000000000000000000 ) ) ;
#1831 = ORIENTED_EDGE ( 'NONE', *, *, #197, .T. ) ;
#1832 = DIRECTION ( 'NONE',  ( -0.000000000000000000, -0.000000000000000000, -1.000000000000000000 ) ) ;
#1833 = ADVANCED_FACE ( 'NONE', ( #2510 ), #777, .T. ) ;
#1834 = EDGE_CURVE ( 'NONE', #855, #1131, #296, .T. ) ;
#1835 = VECTOR ( 'NONE', #1951, 1000.000000000000000 ) ;
#1836 = EDGE_CURVE ( 'NONE', #77, #1423, #2270, .T. ) ;
#1837 = EDGE_CURVE ( 'NONE', #1728, #1176, #1757, .T. ) ;
#1838 = VECTOR ( 'NONE', #2047, 1000.000000000000000 ) ;
#1839 = ORIENTED_EDGE ( 'NONE', *, *, #195, .F. ) ;
#1840 = ORIENTED_EDGE ( 'NONE', *, *, #1911, .F. ) ;
#1841 = DIRECTION ( 'NONE',  ( 1.000000000000000000, 0.000000000000000000, 0.000000000000000000 ) ) ;
#1842 = CARTESIAN_POINT ( 'NONE',  ( -13.99999999999999822, -6.000000000000000000, 6.500000000000000888 ) ) ;
#1843 = DIRECTION ( 'NONE',  ( -1.000000000000000000, 0.000000000000000000, 0.000000000000000000 ) ) ;
#1844 = CARTESIAN_POINT ( 'NONE',  ( 0.000000000000000000, 0.000000000000000000, 0.000000000000000000 ) ) ;
#1845 = CARTESIAN_POINT ( 'NONE',  ( 14.50000000000000000, -5.999999999999999112, -5.500000000000000000 ) ) ;
#1846 = ORIENTED_EDGE ( 'NONE', *, *, #386, .T. ) ;
#1847 = LINE ( 'NONE', #61, #1197 ) ;
#1848 = EDGE_LOOP ( 'NONE', ( #908, #1004, #1244, #2240 ) ) ;
#1849 = ORIENTED_EDGE ( 'NONE', *, *, #853, .T. ) ;
#1850 = PLANE ( 'NONE',  #882 ) ;
#1851 = DIRECTION ( 'NONE',  ( -0.000000000000000000, -0.000000000000000000, -1.000000000000000000 ) ) ;
#1852 = DIRECTION ( 'NONE',  ( 1.000000000000000000, 0.000000000000000000, 0.000000000000000000 ) ) ;
#1853 = CARTESIAN_POINT ( 'NONE',  ( -13.21343420464065765, -3.999999999999998224, -5.500000000000000000 ) ) ;
#1854 = AXIS2_PLACEMENT_3D ( 'NONE', #2364, #2349, #2163 ) ;
#1855 = DIRECTION ( 'NONE',  ( 1.000000000000000000, -0.000000000000000000, -0.000000000000000000 ) ) ;
#1856 = AXIS2_PLACEMENT_3D ( 'NONE', #1672, #2057, #1876 ) ;
#1857 = VERTEX_POINT ( 'NONE', #1528 ) ;
#1858 = AXIS2_PLACEMENT_3D ( 'NONE', #456, #1401, #244 ) ;
#1859 = CYLINDRICAL_SURFACE ( 'NONE', #1727, 0.5500000000000001554 ) ;
#1860 = EDGE_LOOP ( 'NONE', ( #1070, #375, #317, #435 ) ) ;
#1861 = DIRECTION ( 'NONE',  ( -1.000000000000000000, 0.000000000000000000, 0.000000000000000000 ) ) ;
#1862 = AXIS2_PLACEMENT_3D ( 'NONE', #2214, #2462, #1453 ) ;
#1863 = PRODUCT_CONTEXT ( 'NONE', #1391, 'mechanical' ) ;
#1864 = ADVANCED_FACE ( 'NONE', ( #1771 ), #385, .T. ) ;
#1865 = CARTESIAN_POINT ( 'NONE',  ( 8.062257748298547355, -3.999999999999998224, 0.000000000000000000 ) ) ;
#1866 = CIRCLE ( 'NONE', #2315, 0.5500000000000001554 ) ;
#1867 = EDGE_CURVE ( 'NONE', #1173, #898, #188, .T. ) ;
#1868 = CARTESIAN_POINT ( 'NONE',  ( 7.500000000000001776, 0.000000000000000000, 1.000000000000000000 ) ) ;
#1869 = ORIENTED_EDGE ( 'NONE', *, *, #1936, .T. ) ;
#1870 = DIRECTION ( 'NONE',  ( 0.000000000000000000, -1.000000000000000000, 0.000000000000000000 ) ) ;
#1871 = CARTESIAN_POINT ( 'NONE',  ( -8.340413658806138386, -3.999999999999998224, -5.500000000000000000 ) ) ;
#1872 = VERTEX_POINT ( 'NONE', #596 ) ;
#1873 = CARTESIAN_POINT ( 'NONE',  ( -16.00000000000000000, 5.999999999999998224, 1.000000000000003775 ) ) ;
#1874 = VERTEX_POINT ( 'NONE', #556 ) ;
#1875 = EDGE_CURVE ( 'NONE', #2239, #1732, #1359, .T. ) ;
#1876 = DIRECTION ( 'NONE',  ( 1.000000000000000000, 0.000000000000000000, 0.000000000000000000 ) ) ;
#1877 = ADVANCED_FACE ( 'NONE', ( #2155 ), #164, .T. ) ;
#1878 = ORIENTED_EDGE ( 'NONE', *, *, #970, .F. ) ;
#1879 = DIRECTION ( 'NONE',  ( 1.000000000000000000, 0.000000000000000000, 0.000000000000000000 ) ) ;
#1880 = APPLICATION_CONTEXT ( 'automotive_design' ) ;
#1881 = DIRECTION ( 'NONE',  ( 1.000000000000000000, 0.000000000000000000, 0.000000000000000000 ) ) ;
#1882 = ORIENTED_EDGE ( 'NONE', *, *, #894, .T. ) ;
#1883 = DIRECTION ( 'NONE',  ( 0.000000000000000000, 0.000000000000000000, -1.000000000000000000 ) ) ;
#1884 = ORIENTED_EDGE ( 'NONE', *, *, #2211, .T. ) ;
#1885 = DIRECTION ( 'NONE',  ( 0.000000000000000000, 0.000000000000000000, -1.000000000000000000 ) ) ;
#1886 = LINE ( 'NONE', #739, #999 ) ;
#1887 = ORIENTED_EDGE ( 'NONE', *, *, #2292, .F. ) ;
#1888 = CIRCLE ( 'NONE', #673, 0.5000000000000004441 ) ;
#1889 = EDGE_CURVE ( 'NONE', #1155, #2324, #51, .T. ) ;
#1890 = DIRECTION ( 'NONE',  ( 0.000000000000000000, -0.000000000000000000, -1.000000000000000000 ) ) ;
#1891 = AXIS2_PLACEMENT_3D ( 'NONE', #2397, #1194, #430 ) ;
#1892 = DIRECTION ( 'NONE',  ( 1.000000000000000000, 0.000000000000000000, 0.000000000000000000 ) ) ;
#1893 = ORIENTED_EDGE ( 'NONE', *, *, #2354, .F. ) ;
#1894 = CARTESIAN_POINT ( 'NONE',  ( -14.00000000000000000, 0.000000000000000000, 8.000000000000000000 ) ) ;
#1895 = LINE ( 'NONE', #1126, #792 ) ;
#1896 = ORIENTED_EDGE ( 'NONE', *, *, #2375, .T. ) ;
#1897 = CARTESIAN_POINT ( 'NONE',  ( 3.469446951953614189E-15, -8.673617379884035472E-16, 26.16295090390226363 ) ) ;
#1898 = TOROIDAL_SURFACE ( 'NONE', #1613, 1.000000000000000888, 0.5000000000000000000 ) ;
#1899 = CIRCLE ( 'NONE', #1373, 1.000000000000000888 ) ;
#1900 = EDGE_CURVE ( 'NONE', #460, #449, #1606, .T. ) ;
#1901 = DIRECTION ( 'NONE',  ( 1.000000000000000000, 0.000000000000000000, 0.000000000000000000 ) ) ;
#1902 = EDGE_CURVE ( 'NONE', #181, #208, #1447, .T. ) ;
#1903 = EDGE_CURVE ( 'NONE', #2069, #898, #161, .T. ) ;
#1904 = ORIENTED_EDGE ( 'NONE', *, *, #148, .T. ) ;
#1905 = CARTESIAN_POINT ( 'NONE',  ( 7.500000000000000000, 5.999999999999998224, 3.486126985376467951E-15 ) ) ;
#1906 = CARTESIAN_POINT ( 'NONE',  ( -8.616843969807042924, -3.999999999999995559, 0.000000000000000000 ) ) ;
#1907 = ORIENTED_EDGE ( 'NONE', *, *, #1922, .T. ) ;
#1908 = CARTESIAN_POINT ( 'NONE',  ( -7.040063920164360667, -6.000000000000000000, 26.16295090390226363 ) ) ;
#1909 = CARTESIAN_POINT ( 'NONE',  ( -12.67984378812836255, -6.000000000000000000, -5.500000000000000000 ) ) ;
#1910 = ADVANCED_FACE ( 'NONE', ( #857 ), #1647, .F. ) ;
#1911 = EDGE_CURVE ( 'NONE', #119, #1715, #836, .T. ) ;
#1912 = ORIENTED_EDGE ( 'NONE', *, *, #1640, .T. ) ;
#1913 = VECTOR ( 'NONE', #401, 1000.000000000000000 ) ;
#1914 = PLANE ( 'NONE',  #1651 ) ;
#1915 = EDGE_LOOP ( 'NONE', ( #151, #1378, #267, #162 ) ) ;
#1916 = CARTESIAN_POINT ( 'NONE',  ( -8.616843969807042924, -3.999999999999995559, 0.5000000000000000000 ) ) ;
#1917 = CARTESIAN_POINT ( 'NONE',  ( -14.00000000000000000, -4.000000000000000000, 6.000000000000000000 ) ) ;
#1918 = ORIENTED_EDGE ( 'NONE', *, *, #1731, .T. ) ;
#1919 = CARTESIAN_POINT ( 'NONE',  ( 14.50000000000000000, -5.000000000000000000, 5.999999999999996447 ) ) ;
#1920 = CARTESIAN_POINT ( 'NONE',  ( -12.78656579535934412, -6.000000000000000000, -5.500000000000000000 ) ) ;
#1921 = ORIENTED_EDGE ( 'NONE', *, *, #1663, .T. ) ;
#1922 = EDGE_CURVE ( 'NONE', #2283, #181, #2257, .T. ) ;
#1923 = DIRECTION ( 'NONE',  ( 0.000000000000000000, -0.000000000000000000, -1.000000000000000000 ) ) ;
#1924 = DIRECTION ( 'NONE',  ( 1.000000000000000000, 0.000000000000000000, 0.000000000000000000 ) ) ;
#1925 = ORIENTED_EDGE ( 'NONE', *, *, #1731, .F. ) ;
#1926 = CYLINDRICAL_SURFACE ( 'NONE', #178, 0.2500000000000000000 ) ;
#1927 = PLANE ( 'NONE',  #1827 ) ;
#1928 = ORIENTED_EDGE ( 'NONE', *, *, #1597, .F. ) ;
#1929 = DIRECTION ( 'NONE',  ( 1.000000000000000000, 0.000000000000000000, 0.000000000000000000 ) ) ;
#1930 = DIRECTION ( 'NONE',  ( -1.000000000000000000, 0.000000000000000000, -0.000000000000000000 ) ) ;
#1931 = AXIS2_PLACEMENT_3D ( 'NONE', #1013, #1843, #1995 ) ;
#1932 = DIRECTION ( 'NONE',  ( -0.000000000000000000, -0.000000000000000000, 1.000000000000000000 ) ) ;
#1933 = VERTEX_POINT ( 'NONE', #1056 ) ;
#1934 = LINE ( 'NONE', #736, #1410 ) ;
#1935 = DIRECTION ( 'NONE',  ( 1.000000000000000000, 0.000000000000000000, 0.000000000000000000 ) ) ;
#1936 = EDGE_CURVE ( 'NONE', #1489, #746, #259, .T. ) ;
#1937 = AXIS2_PLACEMENT_3D ( 'NONE', #2335, #23, #377 ) ;
#1938 = EDGE_CURVE ( 'NONE', #1489, #1304, #1811, .T. ) ;
#1939 = ORIENTED_EDGE ( 'NONE', *, *, #1272, .T. ) ;
#1940 = CARTESIAN_POINT ( 'NONE',  ( 7.500000000000001776, 5.999999999999998224, 8.000000000000000000 ) ) ;
#1941 = CIRCLE ( 'NONE', #843, 0.6250000000000002220 ) ;
#1942 = CYLINDRICAL_SURFACE ( 'NONE', #1123, 0.6250000000000002220 ) ;
#1943 = TOROIDAL_SURFACE ( 'NONE', #1459, 1.049999999999999822, 0.5000000000000000000 ) ;
#1944 = ORIENTED_EDGE ( 'NONE', *, *, #1488, .T. ) ;
#1945 = CARTESIAN_POINT ( 'NONE',  ( 14.00000000000000000, -5.000000000000000000, 6.000000000000000000 ) ) ;
#1946 = AXIS2_PLACEMENT_3D ( 'NONE', #1722, #2061, #301 ) ;
#1947 = CYLINDRICAL_SURFACE ( 'NONE', #2412, 0.5000000000000004441 ) ;
#1948 = EDGE_LOOP ( 'NONE', ( #406, #1094, #2167, #2077 ) ) ;
#1949 = ORIENTED_EDGE ( 'NONE', *, *, #1749, .F. ) ;
#1950 = FACE_OUTER_BOUND ( 'NONE', #1860, .T. ) ;
#1951 = DIRECTION ( 'NONE',  ( -0.000000000000000000, -0.000000000000000000, 1.000000000000000000 ) ) ;
#1952 = EDGE_CURVE ( 'NONE', #1173, #2428, #2441, .T. ) ;
#1953 = CARTESIAN_POINT ( 'NONE',  ( 7.040063920164367772, -6.000000000000000000, -5.500000000000000000 ) ) ;
#1954 = ORIENTED_EDGE ( 'NONE', *, *, #2081, .F. ) ;
#1955 = CARTESIAN_POINT ( 'NONE',  ( -16.00000000000000000, 4.000000000000000000, -5.499999999999996447 ) ) ;
#1956 = DIRECTION ( 'NONE',  ( 1.000000000000000000, -0.000000000000000000, 0.000000000000000000 ) ) ;
#1957 = ORIENTED_EDGE ( 'NONE', *, *, #1889, .T. ) ;
#1958 = CARTESIAN_POINT ( 'NONE',  ( -14.50000000000000000, -5.000000000000000000, -5.500000000000000000 ) ) ;
#1959 = CARTESIAN_POINT ( 'NONE',  ( -9.499999999999998224, 0.000000000000000000, 1.000000000000003553 ) ) ;
#1960 = ORIENTED_EDGE ( 'NONE', *, *, #1221, .F. ) ;
#1961 = CYLINDRICAL_SURFACE ( 'NONE', #1248, 0.5000000000000004441 ) ;
#1962 = ADVANCED_FACE ( 'NONE', ( #1210 ), #2440, .F. ) ;
#1963 = DIRECTION ( 'NONE',  ( -1.000000000000000000, 0.000000000000000000, 0.000000000000000000 ) ) ;
#1964 = ORIENTED_EDGE ( 'NONE', *, *, #1205, .T. ) ;
#1965 = DIRECTION ( 'NONE',  ( -1.000000000000000000, 0.000000000000000000, 0.000000000000000000 ) ) ;
#1966 = VECTOR ( 'NONE', #191, 1000.000000000000000 ) ;
#1967 = DIRECTION ( 'NONE',  ( 0.000000000000000000, -1.000000000000000000, -4.003208021484940511E-16 ) ) ;
#1968 = EDGE_CURVE ( 'NONE', #1111, #573, #53, .T. ) ;
#1969 = ORIENTED_EDGE ( 'NONE', *, *, #1710, .T. ) ;
#1970 = DIRECTION ( 'NONE',  ( 1.000000000000000000, -0.000000000000000000, -0.000000000000000000 ) ) ;
#1971 = CARTESIAN_POINT ( 'NONE',  ( 0.000000000000000000, 0.000000000000000000, 0.5000000000000000000 ) ) ;
#1972 = EDGE_CURVE ( 'NONE', #2480, #1552, #1320, .T. ) ;
#1973 = FACE_OUTER_BOUND ( 'NONE', #2226, .T. ) ;
#1974 = ORIENTED_EDGE ( 'NONE', *, *, #1028, .F. ) ;
#1975 = ORIENTED_EDGE ( 'NONE', *, *, #1713, .F. ) ;
#1976 = AXIS2_PLACEMENT_3D ( 'NONE', #732, #2532, #2332 ) ;
#1977 = CARTESIAN_POINT ( 'NONE',  ( 13.00000000000000178, -4.999999999999999112, -7.500000000000000000 ) ) ;
#1978 = VECTOR ( 'NONE', #2548, 1000.000000000000000 ) ;
#1979 = CIRCLE ( 'NONE', #1078, 0.5000000000000004441 ) ;
#1980 = CARTESIAN_POINT ( 'NONE',  ( 13.00000000000000178, 4.999999999999999112, -7.500000000000000000 ) ) ;
#1981 = AXIS2_PLACEMENT_3D ( 'NONE', #1738, #2533, #773 ) ;
#1982 = CARTESIAN_POINT ( 'NONE',  ( -13.99999999999999822, -3.999999999999999112, 8.000000000000000000 ) ) ;
#1983 = EDGE_LOOP ( 'NONE', ( #1313, #87, #2363, #185, #2512, #2093 ) ) ;
#1984 = FACE_OUTER_BOUND ( 'NONE', #2545, .T. ) ;
#1985 = DIRECTION ( 'NONE',  ( 1.000000000000000000, 0.000000000000000000, 0.000000000000000000 ) ) ;
#1986 = EDGE_CURVE ( 'NONE', #864, #1728, #2204, .T. ) ;
#1987 = ADVANCED_FACE ( 'NONE', ( #39 ), #274, .F. ) ;
#1988 = ORIENTED_EDGE ( 'NONE', *, *, #424, .F. ) ;
#1989 = AXIS2_PLACEMENT_3D ( 'NONE', #1664, #695, #138 ) ;
#1990 = CARTESIAN_POINT ( 'NONE',  ( 3.469446951953614189E-15, -8.673617379884035472E-16, 0.000000000000000000 ) ) ;
#1991 = ORIENTED_EDGE ( 'NONE', *, *, #970, .T. ) ;
#1992 = DIRECTION ( 'NONE',  ( 1.000000000000000000, 0.000000000000000000, 0.000000000000000000 ) ) ;
#1993 = EDGE_CURVE ( 'NONE', #270, #388, #842, .T. ) ;
#1994 = FACE_OUTER_BOUND ( 'NONE', #977, .T. ) ;
#1995 = DIRECTION ( 'NONE',  ( 0.000000000000000000, 0.000000000000000000, 1.000000000000000000 ) ) ;
#1996 = VERTEX_POINT ( 'NONE', #1982 ) ;
#1997 = DIRECTION ( 'NONE',  ( -1.000000000000000000, 0.000000000000000000, 0.000000000000000000 ) ) ;
#1998 = CARTESIAN_POINT ( 'NONE',  ( 14.00000000000000000, 3.999999999999995559, 6.000000000000000000 ) ) ;
#1999 = ORIENTED_EDGE ( 'NONE', *, *, #70, .F. ) ;
#2000 = DIRECTION ( 'NONE',  ( -1.000000000000000000, 0.000000000000000000, 0.000000000000000000 ) ) ;
#2001 = CARTESIAN_POINT ( 'NONE',  ( -8.062257748298547355, 3.999999999999997335, 1.000000000000000000 ) ) ;
#2002 = ORIENTED_EDGE ( 'NONE', *, *, #2295, .F. ) ;
#2003 = ORIENTED_EDGE ( 'NONE', *, *, #1151, .T. ) ;
#2004 = CARTESIAN_POINT ( 'NONE',  ( 13.00000000000000178, 4.999999999999999112, -5.500000000000000000 ) ) ;
#2005 = CARTESIAN_POINT ( 'NONE',  ( 13.00000000000000178, 4.999999999999999112, -7.500000000000000000 ) ) ;
#2006 = ADVANCED_FACE ( 'NONE', ( #1044 ), #867, .T. ) ;
#2007 = CARTESIAN_POINT ( 'NONE',  ( -13.55000000000000071, 4.999999999999999112, -2.999999999999999556 ) ) ;
#2008 = ORIENTED_EDGE ( 'NONE', *, *, #2050, .F. ) ;
#2009 = CARTESIAN_POINT ( 'NONE',  ( -12.78656579535934057, 4.000000000000000000, -5.500000000000000000 ) ) ;
#2010 = CARTESIAN_POINT ( 'NONE',  ( 0.000000000000000000, 5.999999999999997335, 1.249999999999998002 ) ) ;
#2011 = VERTEX_POINT ( 'NONE', #1002 ) ;
#2012 = DIRECTION ( 'NONE',  ( -1.000000000000000000, 0.000000000000000000, 0.000000000000000000 ) ) ;
#2013 = PLANE ( 'NONE',  #333 ) ;
#2014 = ORIENTED_EDGE ( 'NONE', *, *, #1151, .F. ) ;
#2015 = VERTEX_POINT ( 'NONE', #2007 ) ;
#2016 = DIRECTION ( 'NONE',  ( 0.000000000000000000, 1.000000000000000000, 4.003208021484940511E-16 ) ) ;
#2017 = LINE ( 'NONE', #258, #594 ) ;
#2018 = EDGE_CURVE ( 'NONE', #2136, #1124, #220, .T. ) ;
#2019 = VECTOR ( 'NONE', #951, 1000.000000000000000 ) ;
#2020 = VECTOR ( 'NONE', #2358, 1000.000000000000000 ) ;
#2021 = CARTESIAN_POINT ( 'NONE',  ( -13.21343420464065765, -6.000000000000000000, -5.500000000000000000 ) ) ;
#2022 = COLOUR_RGB ( '',0.7921568627450980005, 0.8196078431372548767, 0.9333333333333333481 ) ;
#2023 = ORIENTED_EDGE ( 'NONE', *, *, #2288, .T. ) ;
#2024 = CARTESIAN_POINT ( 'NONE',  ( 14.50000000000000000, -6.000011999999999901, -5.500000000000000000 ) ) ;
#2025 = EDGE_CURVE ( 'NONE', #746, #858, #989, .T. ) ;
#2026 = CARTESIAN_POINT ( 'NONE',  ( -7.499999999999999112, 8.000000000000000000, 1.000000000000000000 ) ) ;
#2027 = EDGE_CURVE ( 'NONE', #270, #746, #1426, .T. ) ;
#2028 = EDGE_CURVE ( 'NONE', #388, #427, #693, .T. ) ;
#2029 = EDGE_CURVE ( 'NONE', #1089, #427, #467, .T. ) ;
#2030 = ORIENTED_EDGE ( 'NONE', *, *, #1867, .T. ) ;
#2031 = LINE ( 'NONE', #872, #2308 ) ;
#2032 = AXIS2_PLACEMENT_3D ( 'NONE', #2004, #202, #2355 ) ;
#2033 = ORIENTED_EDGE ( 'NONE', *, *, #2217, .T. ) ;
#2034 = EDGE_LOOP ( 'NONE', ( #634, #238, #931, #621 ) ) ;
#2035 = CARTESIAN_POINT ( 'NONE',  ( -13.00000000000000178, -4.999999999999999112, -2.999999999999999556 ) ) ;
#2036 = DIRECTION ( 'NONE',  ( 0.000000000000000000, 0.000000000000000000, 1.000000000000000000 ) ) ;
#2037 = CARTESIAN_POINT ( 'NONE',  ( -12.67984378812836255, -3.999999999999998224, -5.499999999999999112 ) ) ;
#2038 = CARTESIAN_POINT ( 'NONE',  ( 3.469446951953614189E-15, -8.673617379884035472E-16, 0.000000000000000000 ) ) ;
#2039 = ORIENTED_EDGE ( 'NONE', *, *, #356, .T. ) ;
#2040 = PLANE ( 'NONE',  #1403 ) ;
#2041 = AXIS2_PLACEMENT_3D ( 'NONE', #580, #1593, #1166 ) ;
#2042 = ORIENTED_EDGE ( 'NONE', *, *, #2457, .F. ) ;
#2043 = PLANE ( 'NONE',  #1825 ) ;
#2044 = CARTESIAN_POINT ( 'NONE',  ( 3.469446951953614189E-15, -8.673617379884035472E-16, -0.5000000000000000000 ) ) ;
#2045 = LINE ( 'NONE', #1865, #266 ) ;
#2046 = CARTESIAN_POINT ( 'NONE',  ( 13.00000000000000178, 4.999999999999999112, -6.000000000000000000 ) ) ;
#2047 = DIRECTION ( 'NONE',  ( 1.000000000000000000, -0.000000000000000000, -0.000000000000000000 ) ) ;
#2048 = DIRECTION ( 'NONE',  ( 0.000000000000000000, 0.000000000000000000, -1.000000000000000000 ) ) ;
#2049 = ORIENTED_EDGE ( 'NONE', *, *, #1834, .F. ) ;
#2050 = EDGE_CURVE ( 'NONE', #864, #494, #2506, .T. ) ;
#2051 = DIRECTION ( 'NONE',  ( 0.000000000000000000, -0.000000000000000000, -1.000000000000000000 ) ) ;
#2052 = EDGE_LOOP ( 'NONE', ( #1026, #644, #378, #2469 ) ) ;
#2053 = ORIENTED_EDGE ( 'NONE', *, *, #1344, .T. ) ;
#2054 = DIRECTION ( 'NONE',  ( 1.224646799147353207E-16, 1.000000000000000000, 0.000000000000000000 ) ) ;
#2055 = ADVANCED_FACE ( 'NONE', ( #881 ), #2113, .F. ) ;
#2056 = LINE ( 'NONE', #2426, #1167 ) ;
#2057 = DIRECTION ( 'NONE',  ( -0.000000000000000000, 0.000000000000000000, 1.000000000000000000 ) ) ;
#2058 = VECTOR ( 'NONE', #2340, 1000.000000000000000 ) ;
#2059 = EDGE_LOOP ( 'NONE', ( #2030, #2394, #622, #2103, #731, #697, #790, #2417, #1753, #2194, #2501, #1681, #127, #254, #1545, #827 ) ) ;
#2060 = CARTESIAN_POINT ( 'NONE',  ( 13.00000000000000178, -4.999999999999999112, -6.000000000000000000 ) ) ;
#2061 = DIRECTION ( 'NONE',  ( 1.000000000000000000, 0.000000000000000000, -0.000000000000000000 ) ) ;
#2062 = ORIENTED_EDGE ( 'NONE', *, *, #160, .F. ) ;
#2063 = CARTESIAN_POINT ( 'NONE',  ( -8.340413658806138386, -3.999999999999998224, 0.000000000000000000 ) ) ;
#2064 = AXIS2_PLACEMENT_3D ( 'NONE', #2044, #890, #256 ) ;
#2065 = DIRECTION ( 'NONE',  ( -1.000000000000000000, 0.000000000000000000, 0.000000000000000000 ) ) ;
#2066 = TOROIDAL_SURFACE ( 'NONE', #847, 1.049999999999999822, 0.5000000000000000000 ) ;
#2067 = CARTESIAN_POINT ( 'NONE',  ( 3.469446951953614189E-15, -8.673617379884035472E-16, -0.5000000000000000000 ) ) ;
#2068 = ADVANCED_FACE ( 'NONE', ( #1309 ), #2496, .F. ) ;
#2069 = VERTEX_POINT ( 'NONE', #1537 ) ;
#2070 = VECTOR ( 'NONE', #1059, 1000.000000000000000 ) ;
#2071 = AXIS2_PLACEMENT_3D ( 'NONE', #605, #35, #632 ) ;
#2072 = DIRECTION ( 'NONE',  ( -1.000000000000000000, -0.000000000000000000, -0.000000000000000000 ) ) ;
#2073 = AXIS2_PLACEMENT_3D ( 'NONE', #2467, #361, #1890 ) ;
#2074 = ORIENTED_EDGE ( 'NONE', *, *, #1780, .T. ) ;
#2075 = CYLINDRICAL_SURFACE ( 'NONE', #1478, 9.250000000000001776 ) ;
#2076 = DIRECTION ( 'NONE',  ( -0.000000000000000000, 1.000000000000000000, 1.334402673828313339E-16 ) ) ;
#2077 = ORIENTED_EDGE ( 'NONE', *, *, #193, .F. ) ;
#2078 = CARTESIAN_POINT ( 'NONE',  ( 2.000000000000003553, -8.673617379884035472E-16, -0.5000000000000000000 ) ) ;
#2079 = VERTEX_POINT ( 'NONE', #734 ) ;
#2080 =( LENGTH_UNIT ( ) NAMED_UNIT ( * ) SI_UNIT ( .MILLI., .METRE. ) );
#2081 = EDGE_CURVE ( 'NONE', #766, #427, #1702, .T. ) ;
#2082 = CARTESIAN_POINT ( 'NONE',  ( 8.616843969807042924, -3.999999999999995559, 0.000000000000000000 ) ) ;
#2083 = ORIENTED_EDGE ( 'NONE', *, *, #1322, .F. ) ;
#2084 = CARTESIAN_POINT ( 'NONE',  ( 13.00000000000000178, 4.999999999999999112, -5.500000000000000000 ) ) ;
#2085 = FACE_OUTER_BOUND ( 'NONE', #453, .T. ) ;
#2086 = ORIENTED_EDGE ( 'NONE', *, *, #312, .F. ) ;
#2087 = DIRECTION ( 'NONE',  ( -0.000000000000000000, -0.000000000000000000, -1.000000000000000000 ) ) ;
#2088 = DIRECTION ( 'NONE',  ( -0.000000000000000000, -1.000000000000000000, -0.000000000000000000 ) ) ;
#2089 = ORIENTED_EDGE ( 'NONE', *, *, #1902, .T. ) ;
#2090 = CARTESIAN_POINT ( 'NONE',  ( 0.000000000000000000, 0.000000000000000000, 1.000000000000000000 ) ) ;
#2091 = EDGE_CURVE ( 'NONE', #1874, #861, #1113, .T. ) ;
#2092 = DIRECTION ( 'NONE',  ( -1.000000000000000000, 0.000000000000000000, 0.000000000000000000 ) ) ;
#2093 = ORIENTED_EDGE ( 'NONE', *, *, #1785, .F. ) ;
#2094 = AXIS2_PLACEMENT_3D ( 'NONE', #570, #1100, #1750 ) ;
#2095 = DIRECTION ( 'NONE',  ( -0.000000000000000000, 1.000000000000000000, 4.003208021484941004E-16 ) ) ;
#2096 = EDGE_CURVE ( 'NONE', #2264, #2317, #1568, .T. ) ;
#2097 = EDGE_CURVE ( 'NONE', #1191, #1996, #1714, .T. ) ;
#2098 = VECTOR ( 'NONE', #105, 1000.000000000000000 ) ;
#2099 = LINE ( 'NONE', #2285, #272 ) ;
#2100 = ORIENTED_EDGE ( 'NONE', *, *, #1689, .T. ) ;
#2101 = LINE ( 'NONE', #2505, #306 ) ;
#2102 = DIRECTION ( 'NONE',  ( 0.000000000000000000, -0.000000000000000000, 1.000000000000000000 ) ) ;
#2103 = ORIENTED_EDGE ( 'NONE', *, *, #537, .F. ) ;
#2104 = DIRECTION ( 'NONE',  ( -0.000000000000000000, -0.000000000000000000, -1.000000000000000000 ) ) ;
#2105 = CIRCLE ( 'NONE', #2032, 1.000000000000000888 ) ;
#2106 = VECTOR ( 'NONE', #237, 1000.000000000000000 ) ;
#2107 = DIRECTION ( 'NONE',  ( 1.000000000000000000, 0.000000000000000000, 0.000000000000000000 ) ) ;
#2108 = ORIENTED_EDGE ( 'NONE', *, *, #612, .T. ) ;
#2109 = FACE_OUTER_BOUND ( 'NONE', #1293, .T. ) ;
#2110 = EDGE_CURVE ( 'NONE', #1127, #855, #1895, .T. ) ;
#2111 = ORIENTED_EDGE ( 'NONE', *, *, #424, .T. ) ;
#2112 = DIRECTION ( 'NONE',  ( 0.000000000000000000, 0.000000000000000000, -1.000000000000000000 ) ) ;
#2113 = PLANE ( 'NONE',  #1654 ) ;
#2114 = ORIENTED_EDGE ( 'NONE', *, *, #2097, .F. ) ;
#2115 = DIRECTION ( 'NONE',  ( -0.000000000000000000, 0.000000000000000000, 1.000000000000000000 ) ) ;
#2116 = DIRECTION ( 'NONE',  ( -0.000000000000000000, 1.000000000000000000, 4.003208021484940511E-16 ) ) ;
#2117 = VERTEX_POINT ( 'NONE', #1510 ) ;
#2118 = DIRECTION ( 'NONE',  ( -0.000000000000000000, 0.000000000000000000, 1.000000000000000000 ) ) ;
#2119 = DIRECTION ( 'NONE',  ( -0.000000000000000000, 0.000000000000000000, 1.000000000000000000 ) ) ;
#2120 = ORIENTED_EDGE ( 'NONE', *, *, #189, .F. ) ;
#2121 = FACE_OUTER_BOUND ( 'NONE', #1034, .T. ) ;
#2122 = CARTESIAN_POINT ( 'NONE',  ( 13.00000000000000178, -4.999999999999999112, -7.500000000000000000 ) ) ;
#2123 = ORIENTED_EDGE ( 'NONE', *, *, #1205, .F. ) ;
#2124 = ADVANCED_FACE ( 'NONE', ( #2455 ), #1137, .T. ) ;
#2125 = ADVANCED_FACE ( 'NONE', ( #1343 ), #2301, .T. ) ;
#2126 = DIRECTION ( 'NONE',  ( 1.000000000000000000, 0.000000000000000000, 0.000000000000000000 ) ) ;
#2127 = ORIENTED_EDGE ( 'NONE', *, *, #578, .F. ) ;
#2128 = CARTESIAN_POINT ( 'NONE',  ( -8.062257748298547355, -3.999999999999998224, 0.000000000000000000 ) ) ;
#2129 = CARTESIAN_POINT ( 'NONE',  ( -8.062257748298547355, -3.999999999999999112, 1.000000000000000000 ) ) ;
#2130 = CIRCLE ( 'NONE', #2346, 0.5000000000000000000 ) ;
#2131 = ORIENTED_EDGE ( 'NONE', *, *, #578, .T. ) ;
#2132 = CYLINDRICAL_SURFACE ( 'NONE', #907, 9.499999999999998224 ) ;
#2133 = VECTOR ( 'NONE', #528, 1000.000000000000000 ) ;
#2134 = FACE_OUTER_BOUND ( 'NONE', #1355, .T. ) ;
#2135 = ORIENTED_EDGE ( 'NONE', *, *, #126, .F. ) ;
#2136 = VERTEX_POINT ( 'NONE', #534 ) ;
#2137 = CARTESIAN_POINT ( 'NONE',  ( 8.340413658806143715, 4.000000000000000000, -5.500000000000000000 ) ) ;
#2138 = FACE_OUTER_BOUND ( 'NONE', #794, .T. ) ;
#2139 = VECTOR ( 'NONE', #2325, 1000.000000000000000 ) ;
#2140 = DIRECTION ( 'NONE',  ( 1.000000000000000000, 0.000000000000000000, 0.000000000000000000 ) ) ;
#2141 = CIRCLE ( 'NONE', #515, 9.250000000000001776 ) ;
#2142 = EDGE_LOOP ( 'NONE', ( #2398, #439, #583, #949, #241, #1316, #2127 ) ) ;
#2143 = CARTESIAN_POINT ( 'NONE',  ( 14.50000000000000000, -6.000011999999999901, 5.999999999999996447 ) ) ;
#2144 = DIRECTION ( 'NONE',  ( 0.000000000000000000, -1.000000000000000000, -4.003208021484940018E-16 ) ) ;
#2145 = VERTEX_POINT ( 'NONE', #1318 ) ;
#2146 = DIRECTION ( 'NONE',  ( 0.000000000000000000, 1.000000000000000000, 4.336808689942015764E-16 ) ) ;
#2147 = ADVANCED_FACE ( 'NONE', ( #167 ), #952, .T. ) ;
#2148 = CARTESIAN_POINT ( 'NONE',  ( 14.00000000000000000, -5.000000000000000000, 6.500000000000000888 ) ) ;
#2149 = CIRCLE ( 'NONE', #841, 2.000000000000000000 ) ;
#2150 = DIRECTION ( 'NONE',  ( -0.000000000000000000, 1.000000000000000000, 4.003208021484941004E-16 ) ) ;
#2151 = EDGE_LOOP ( 'NONE', ( #1782, #1764 ) ) ;
#2152 = EDGE_LOOP ( 'NONE', ( #2494, #711, #1559, #1928 ) ) ;
#2153 = CARTESIAN_POINT ( 'NONE',  ( -13.99999999999999822, -5.000000000000000000, 6.500000000000000888 ) ) ;
#2154 = DIRECTION ( 'NONE',  ( -0.000000000000000000, 0.000000000000000000, 1.000000000000000000 ) ) ;
#2155 = FACE_OUTER_BOUND ( 'NONE', #640, .T. ) ;
#2156 = EDGE_CURVE ( 'NONE', #1740, #1704, #1547, .T. ) ;
#2157 = VECTOR ( 'NONE', #1093, 1000.000000000000000 ) ;
#2158 = EDGE_CURVE ( 'NONE', #465, #111, #679, .T. ) ;
#2159 = ORIENTED_EDGE ( 'NONE', *, *, #2330, .F. ) ;
#2160 = FACE_OUTER_BOUND ( 'NONE', #2034, .T. ) ;
#2161 = DIRECTION ( 'NONE',  ( -0.000000000000000000, -0.000000000000000000, -1.000000000000000000 ) ) ;
#2162 = ORIENTED_EDGE ( 'NONE', *, *, #294, .T. ) ;
#2163 = DIRECTION ( 'NONE',  ( 0.000000000000000000, 0.000000000000000000, -1.000000000000000000 ) ) ;
#2164 = LINE ( 'NONE', #2350, #585 ) ;
#2165 = CARTESIAN_POINT ( 'NONE',  ( -1.510000000000000009, 1.849216666712503192E-16, -0.5000000000000000000 ) ) ;
#2166 = ORIENTED_EDGE ( 'NONE', *, *, #197, .F. ) ;
#2167 = ORIENTED_EDGE ( 'NONE', *, *, #294, .F. ) ;
#2168 = DIRECTION ( 'NONE',  ( -0.000000000000000000, -0.000000000000000000, 1.000000000000000000 ) ) ;
#2169 = DIRECTION ( 'NONE',  ( 1.000000000000000000, 0.000000000000000000, 0.000000000000000000 ) ) ;
#2170 = EDGE_CURVE ( 'NONE', #338, #2317, #423, .T. ) ;
#2171 = DIRECTION ( 'NONE',  ( 0.000000000000000000, 1.000000000000000000, -0.000000000000000000 ) ) ;
#2172 = ORIENTED_EDGE ( 'NONE', *, *, #13, .F. ) ;
#2173 = DIRECTION ( 'NONE',  ( 0.000000000000000000, 0.000000000000000000, -1.000000000000000000 ) ) ;
#2174 = CARTESIAN_POINT ( 'NONE',  ( -12.45000000000000107, -4.999999999999999112, -2.999999999999999556 ) ) ;
#2175 = ADVANCED_FACE ( 'NONE', ( #1763 ), #227, .T. ) ;
#2176 = ORIENTED_EDGE ( 'NONE', *, *, #2369, .T. ) ;
#2177 = ADVANCED_FACE ( 'NONE', ( #2393 ), #2365, .T. ) ;
#2178 = PLANE ( 'NONE',  #252 ) ;
#2179 = CARTESIAN_POINT ( 'NONE',  ( -8.999999999999998224, 10.99999999999999822, -5.500000000000000000 ) ) ;
#2180 = ORIENTED_EDGE ( 'NONE', *, *, #2293, .F. ) ;
#2181 = ORIENTED_EDGE ( 'NONE', *, *, #142, .T. ) ;
#2182 = AXIS2_PLACEMENT_3D ( 'NONE', #1990, #182, #795 ) ;
#2183 = LINE ( 'NONE', #428, #1527 ) ;
#2184 = CIRCLE ( 'NONE', #1196, 0.5000000000000004441 ) ;
#2185 = VECTOR ( 'NONE', #645, 1000.000000000000000 ) ;
#2186 = DIRECTION ( 'NONE',  ( -0.000000000000000000, 0.000000000000000000, -1.000000000000000000 ) ) ;
#2187 = AXIS2_PLACEMENT_3D ( 'NONE', #1175, #589, #796 ) ;
#2188 = CARTESIAN_POINT ( 'NONE',  ( -12.89327799276902020, 6.000000000000000888, -5.497493718553309705 ) ) ;
#2189 = B_SPLINE_CURVE_WITH_KNOTS ( 'NONE', 3,
 ( #1384, #1779, #1019, #631, #47, #2001 ),
 .UNSPECIFIED., .F., .F.,
 ( 4, 2, 4 ),
 ( 3.252606517456513302E-19, 0.0004124152058436070939, 0.0008248304116872138625 ),
 .UNSPECIFIED. ) ;
#2190 = ORIENTED_EDGE ( 'NONE', *, *, #1566, .F. ) ;
#2191 = VECTOR ( 'NONE', #1388, 1000.000000000000000 ) ;
#2192 = DIRECTION ( 'NONE',  ( -1.000000000000000000, 0.000000000000000000, 0.000000000000000000 ) ) ;
#2193 = CARTESIAN_POINT ( 'NONE',  ( -11.00000000000000000, 8.000000000000000000, -5.500000000000000000 ) ) ;
#2194 = ORIENTED_EDGE ( 'NONE', *, *, #707, .F. ) ;
#2195 = AXIS2_PLACEMENT_3D ( 'NONE', #2038, #1422, #684 ) ;
#2196 = DIRECTION ( 'NONE',  ( -1.000000000000000000, 0.000000000000000000, 0.000000000000000000 ) ) ;
#2197 = DIRECTION ( 'NONE',  ( 1.000000000000000000, 0.000000000000000000, 0.000000000000000000 ) ) ;
#2198 = EDGE_CURVE ( 'NONE', #973, #2136, #2189, .T. ) ;
#2199 = ORIENTED_EDGE ( 'NONE', *, *, #2277, .T. ) ;
#2200 = ORIENTED_EDGE ( 'NONE', *, *, #1109, .T. ) ;
#2201 = AXIS2_PLACEMENT_3D ( 'NONE', #1518, #2311, #2481 ) ;
#2202 = FACE_OUTER_BOUND ( 'NONE', #121, .T. ) ;
#2203 = PLANE ( 'NONE',  #146 ) ;
#2204 = LINE ( 'NONE', #2219, #2473 ) ;
#2205 = ORIENTED_EDGE ( 'NONE', *, *, #470, .T. ) ;
#2206 = CARTESIAN_POINT ( 'NONE',  ( 0.000000000000000000, 5.999999999999997335, 1.499999999999998002 ) ) ;
#2207 = CARTESIAN_POINT ( 'NONE',  ( 8.062257748298547355, -3.999999999999999112, 1.000000000000000000 ) ) ;
#2208 = ORIENTED_EDGE ( 'NONE', *, *, #2439, .T. ) ;
#2209 = CARTESIAN_POINT ( 'NONE',  ( -16.00000000000000000, 0.000000000000000000, 0.000000000000000000 ) ) ;
#2210 = DIRECTION ( 'NONE',  ( 0.000000000000000000, 4.003208021484940511E-16, -1.000000000000000000 ) ) ;
#2211 = EDGE_CURVE ( 'NONE', #1857, #111, #2333, .T. ) ;
#2212 = EDGE_LOOP ( 'NONE', ( #2205, #196, #1802, #1014, #1245 ) ) ;
#2213 = VERTEX_POINT ( 'NONE', #183 ) ;
#2214 = CARTESIAN_POINT ( 'NONE',  ( 0.000000000000000000, 3.292893218813446321, 7.249999999999997335 ) ) ;
#2215 = CARTESIAN_POINT ( 'NONE',  ( 0.000000000000000000, 0.000000000000000000, 1.000000000000003553 ) ) ;
#2216 = ADVANCED_FACE ( 'NONE', ( #966 ), #604, .T. ) ;
#2217 = EDGE_CURVE ( 'NONE', #522, #452, #2164, .T. ) ;
#2218 = EDGE_CURVE ( 'NONE', #587, #1362, #8, .T. ) ;
#2219 = CARTESIAN_POINT ( 'NONE',  ( 9.000000000000000000, 0.000000000000000000, 1.000000000000000000 ) ) ;
#2220 = ORIENTED_EDGE ( 'NONE', *, *, #2258, .T. ) ;
#2221 = LINE ( 'NONE', #1580, #1469 ) ;
#2222 = LINE ( 'NONE', #1104, #1777 ) ;
#2223 = ORIENTED_EDGE ( 'NONE', *, *, #878, .F. ) ;
#2224 = FACE_OUTER_BOUND ( 'NONE', #282, .T. ) ;
#2225 = ORIENTED_EDGE ( 'NONE', *, *, #114, .F. ) ;
#2226 = EDGE_LOOP ( 'NONE', ( #54, #64, #708, #1912 ) ) ;
#2227 = CARTESIAN_POINT ( 'NONE',  ( 0.000000000000000000, 0.000000000000000000, 1.000000000000000000 ) ) ;
#2228 = CIRCLE ( 'NONE', #1114, 0.5000000000000004441 ) ;
#2229 = CIRCLE ( 'NONE', #1726, 2.000000000000000000 ) ;
#2230 = DIRECTION ( 'NONE',  ( 1.000000000000000000, 0.000000000000000000, 0.000000000000000000 ) ) ;
#2231 = AXIS2_PLACEMENT_3D ( 'NONE', #2046, #286, #1852 ) ;
#2232 = EDGE_LOOP ( 'NONE', ( #74, #2089, #875, #1443, #778 ) ) ;
#2233 = DIRECTION ( 'NONE',  ( -1.000000000000000000, 0.000000000000000000, 0.000000000000000000 ) ) ;
#2234 = CARTESIAN_POINT ( 'NONE',  ( -11.95000000000000284, 4.999999999999999112, -5.500000000000000000 ) ) ;
#2235 = ORIENTED_EDGE ( 'NONE', *, *, #2390, .F. ) ;
#2236 = CARTESIAN_POINT ( 'NONE',  ( -14.00000000000000000, 5.999999999999998224, 8.000000000000000000 ) ) ;
#2237 = VECTOR ( 'NONE', #1091, 1000.000000000000000 ) ;
#2238 = AXIS2_PLACEMENT_3D ( 'NONE', #2503, #531, #1330 ) ;
#2239 = VERTEX_POINT ( 'NONE', #62 ) ;
#2240 = ORIENTED_EDGE ( 'NONE', *, *, #2096, .F. ) ;
#2241 = DIRECTION ( 'NONE',  ( -0.000000000000000000, -0.000000000000000000, 1.000000000000000000 ) ) ;
#2242 = FACE_OUTER_BOUND ( 'NONE', #2542, .T. ) ;
#2243 = CARTESIAN_POINT ( 'NONE',  ( -12.78656579535934590, 6.000000000000000888, -5.500000000000000000 ) ) ;
#2244 = AXIS2_PLACEMENT_3D ( 'NONE', #705, #2306, #1481 ) ;
#2245 = ADVANCED_FACE ( 'NONE', ( #1037, #1614 ), #2013, .F. ) ;
#2246 = MANIFOLD_SOLID_BREP ( 'Cut-Extrude10', #956 ) ;
#2247 = CARTESIAN_POINT ( 'NONE',  ( -13.00000000000000178, 4.000000000000000000, -5.497493718553308817 ) ) ;
#2248 = CARTESIAN_POINT ( 'NONE',  ( 8.549172613966605994, -3.999999999999999112, 0.7732198808557301239 ) ) ;
#2249 = PRODUCT ( 'P001-B100_SquareDynamo_Rev2D-6', 'P001-B100_SquareDynamo_Rev2D-6', '', ( #1863 ) ) ;
#2250 = EDGE_CURVE ( 'NONE', #1523, #2283, #995, .T. ) ;
#2251 = VERTEX_POINT ( 'NONE', #1501 ) ;
#2252 = CARTESIAN_POINT ( 'NONE',  ( 13.50000000000000178, 4.999999999999999112, -6.000000000000000000 ) ) ;
#2253 = AXIS2_PLACEMENT_3D ( 'NONE', #262, #776, #1417 ) ;
#2254 = ORIENTED_EDGE ( 'NONE', *, *, #2158, .T. ) ;
#2255 = DIRECTION ( 'NONE',  ( 1.000000000000000000, 0.000000000000000000, 0.000000000000000000 ) ) ;
#2256 = CARTESIAN_POINT ( 'NONE',  ( 0.000000000000000000, 5.999999999999995559, 7.499999999999999112 ) ) ;
#2257 = B_SPLINE_CURVE_WITH_KNOTS ( 'NONE', 3,
 ( #1605, #2243, #2188, #681, #1442, #1826, #27 ),
 .UNSPECIFIED., .F., .F.,
 ( 4, 3, 4 ),
 ( 0.000000000000000000, 0.0003201660216929435947, 0.0006403320433858871895 ),
 .UNSPECIFIED. ) ;
#2258 = EDGE_CURVE ( 'NONE', #415, #770, #1490, .T. ) ;
#2259 = CARTESIAN_POINT ( 'NONE',  ( 16.00000000000000000, 3.999999999999997335, 1.000000000000002442 ) ) ;
#2260 = ORIENTED_EDGE ( 'NONE', *, *, #1110, .F. ) ;
#2261 = FACE_OUTER_BOUND ( 'NONE', #561, .T. ) ;
#2262 = DIRECTION ( 'NONE',  ( 0.000000000000000000, -0.000000000000000000, -1.000000000000000000 ) ) ;
#2263 = EDGE_CURVE ( 'NONE', #757, #1038, #2499, .T. ) ;
#2264 = VERTEX_POINT ( 'NONE', #1729 ) ;
#2265 = CARTESIAN_POINT ( 'NONE',  ( 0.000000000000000000, 0.000000000000000000, -4.000000000000000000 ) ) ;
#2266 = CARTESIAN_POINT ( 'NONE',  ( -13.00000000000000178, 4.999999999999999112, -2.999999999999999556 ) ) ;
#2267 = CYLINDRICAL_SURFACE ( 'NONE', #1820, 9.499999999999998224 ) ;
#2268 = AXIS2_PLACEMENT_3D ( 'NONE', #1945, #226, #1396 ) ;
#2269 = DIRECTION ( 'NONE',  ( -0.000000000000000000, -0.000000000000000000, 1.000000000000000000 ) ) ;
#2270 = CIRCLE ( 'NONE', #2396, 1.000000000000000888 ) ;
#2271 = ORIENTED_EDGE ( 'NONE', *, *, #1743, .F. ) ;
#2272 = CYLINDRICAL_SURFACE ( 'NONE', #486, 0.5500000000000001554 ) ;
#2273 = LINE ( 'NONE', #32, #598 ) ;
#2274 = ORIENTED_EDGE ( 'NONE', *, *, #2485, .T. ) ;
#2275 = CARTESIAN_POINT ( 'NONE',  ( 14.00000000000000178, -4.999999999999999112, -5.500000000000000000 ) ) ;
#2276 = VECTOR ( 'NONE', #284, 1000.000000000000000 ) ;
#2277 = EDGE_CURVE ( 'NONE', #1578, #532, #1118, .T. ) ;
#2278 = CIRCLE ( 'NONE', #950, 0.6250000000000002220 ) ;
#2279 = ORIENTED_EDGE ( 'NONE', *, *, #2156, .F. ) ;
#2280 = AXIS2_PLACEMENT_3D ( 'NONE', #823, #1598, #434 ) ;
#2281 = DIRECTION ( 'NONE',  ( 0.000000000000000000, -0.000000000000000000, -1.000000000000000000 ) ) ;
#2282 = DIRECTION ( 'NONE',  ( 0.000000000000000000, 1.000000000000000000, -0.000000000000000000 ) ) ;
#2283 = VERTEX_POINT ( 'NONE', #1311 ) ;
#2284 = LINE ( 'NONE', #350, #310 ) ;
#2285 = CARTESIAN_POINT ( 'NONE',  ( 16.00000000000000000, -3.999999999999999112, 1.000000000000000000 ) ) ;
#2286 = ORIENTED_EDGE ( 'NONE', *, *, #1487, .F. ) ;
#2287 = DIRECTION ( 'NONE',  ( -0.000000000000000000, 0.000000000000000000, 1.000000000000000000 ) ) ;
#2288 = EDGE_CURVE ( 'NONE', #2136, #1338, #2519, .T. ) ;
#2289 = CARTESIAN_POINT ( 'NONE',  ( -14.00000000000000000, -6.000000000000000000, 6.000000000000000000 ) ) ;
#2290 = ORIENTED_EDGE ( 'NONE', *, *, #2342, .T. ) ;
#2291 = DIRECTION ( 'NONE',  ( -1.000000000000000000, 0.000000000000000000, 0.000000000000000000 ) ) ;
#2292 = EDGE_CURVE ( 'NONE', #2352, #2520, #2357, .T. ) ;
#2293 = EDGE_CURVE ( 'NONE', #864, #898, #149, .T. ) ;
#2294 = EDGE_CURVE ( 'NONE', #283, #2382, #1775, .T. ) ;
#2295 = EDGE_CURVE ( 'NONE', #1148, #2458, #169, .T. ) ;
#2296 = CARTESIAN_POINT ( 'NONE',  ( -11.95000000000000284, -4.999999999999999112, -4.999999999999999112 ) ) ;
#2297 = ORIENTED_EDGE ( 'NONE', *, *, #663, .F. ) ;
#2298 = CARTESIAN_POINT ( 'NONE',  ( 0.000000000000000000, 3.292893218813448097, 1.249999999999996891 ) ) ;
#2299 = ORIENTED_EDGE ( 'NONE', *, *, #771, .T. ) ;
#2300 = CARTESIAN_POINT ( 'NONE',  ( -1.999999999999996669, -6.224323781589328565E-16, -0.5000000000000000000 ) ) ;
#2301 = PLANE ( 'NONE',  #2443 ) ;
#2302 = ORIENTED_EDGE ( 'NONE', *, *, #991, .F. ) ;
#2303 = CARTESIAN_POINT ( 'NONE',  ( 9.000000000000000000, 8.000000000000000000, 1.000000000000000000 ) ) ;
#2304 = ORIENTED_EDGE ( 'NONE', *, *, #2211, .F. ) ;
#2305 = CIRCLE ( 'NONE', #2182, 9.250000000000001776 ) ;
#2306 = DIRECTION ( 'NONE',  ( 7.885106708985487801E-17, -1.000000000000000000, 0.000000000000000000 ) ) ;
#2307 = AXIS2_PLACEMENT_3D ( 'NONE', #565, #1390, #804 ) ;
#2308 = VECTOR ( 'NONE', #2446, 1000.000000000000000 ) ;
#2309 = AXIS2_PLACEMENT_3D ( 'NONE', #1804, #437, #2197 ) ;
#2310 = ORIENTED_EDGE ( 'NONE', *, *, #1095, .T. ) ;
#2311 = DIRECTION ( 'NONE',  ( -0.000000000000000000, 0.000000000000000000, 1.000000000000000000 ) ) ;
#2312 = CARTESIAN_POINT ( 'NONE',  ( -13.00000000000000178, -6.000000000000000000, -5.497493718553309705 ) ) ;
#2313 = CIRCLE ( 'NONE', #1204, 0.5500000000000001554 ) ;
#2314 = ORIENTED_EDGE ( 'NONE', *, *, #853, .F. ) ;
#2315 = AXIS2_PLACEMENT_3D ( 'NONE', #1239, #870, #2430 ) ;
#2316 = DIRECTION ( 'NONE',  ( -0.000000000000000000, 0.000000000000000000, 1.000000000000000000 ) ) ;
#2317 = VERTEX_POINT ( 'NONE', #1346 ) ;
#2318 = CARTESIAN_POINT ( 'NONE',  ( -14.00000000000000000, -5.000000000000000000, 6.000000000000000000 ) ) ;
#2319 = DIRECTION ( 'NONE',  ( 0.000000000000000000, 0.000000000000000000, 1.000000000000000000 ) ) ;
#2320 = EDGE_CURVE ( 'NONE', #1420, #2411, #369, .T. ) ;
#2321 = ORIENTED_EDGE ( 'NONE', *, *, #1462, .F. ) ;
#2322 = DIRECTION ( 'NONE',  ( 1.224646799147353207E-16, 1.000000000000000000, 0.000000000000000000 ) ) ;
#2323 = DIRECTION ( 'NONE',  ( 1.000000000000000000, 0.000000000000000000, 0.000000000000000000 ) ) ;
#2324 = VERTEX_POINT ( 'NONE', #1150 ) ;
#2325 = DIRECTION ( 'NONE',  ( -0.000000000000000000, -0.000000000000000000, -1.000000000000000000 ) ) ;
#2326 = CARTESIAN_POINT ( 'NONE',  ( 0.000000000000000000, 0.000000000000000000, -0.5000000000000000000 ) ) ;
#2327 = VERTEX_POINT ( 'NONE', #526 ) ;
#2328 = LINE ( 'NONE', #1571, #1351 ) ;
#2329 = CARTESIAN_POINT ( 'NONE',  ( 11.00000000000000000, -6.000000000000000000, -5.500000000000000000 ) ) ;
#2330 = EDGE_CURVE ( 'NONE', #349, #1816, #1934, .T. ) ;
#2331 = ORIENTED_EDGE ( 'NONE', *, *, #1952, .T. ) ;
#2332 = DIRECTION ( 'NONE',  ( 1.000000000000000000, 0.000000000000000000, 0.000000000000000000 ) ) ;
#2333 = LINE ( 'NONE', #571, #1200 ) ;
#2334 = ADVANCED_FACE ( 'NONE', ( #1741 ), #726, .F. ) ;
#2335 = CARTESIAN_POINT ( 'NONE',  ( 0.000000000000000000, 0.000000000000000000, -5.500000000000000000 ) ) ;
#2336 = VERTEX_POINT ( 'NONE', #1512 ) ;
#2337 = ORIENTED_EDGE ( 'NONE', *, *, #2110, .T. ) ;
#2338 = CARTESIAN_POINT ( 'NONE',  ( -7.500000000000000000, 6.000000000000000888, 8.000000000000000000 ) ) ;
#2339 = DIRECTION ( 'NONE',  ( 0.000000000000000000, 0.000000000000000000, -1.000000000000000000 ) ) ;
#2340 = DIRECTION ( 'NONE',  ( 1.000000000000000000, 0.000000000000000000, 0.000000000000000000 ) ) ;
#2341 = AXIS2_PLACEMENT_3D ( 'NONE', #223, #1182, #1363 ) ;
#2342 = EDGE_CURVE ( 'NONE', #1556, #532, #798, .T. ) ;
#2343 = EDGE_LOOP ( 'NONE', ( #1517, #1348, #2376, #1163, #1259, #24, #686, #1907, #5, #279, #516, #871, #371, #704, #601, #1969, #299, #1164 ) ) ;
#2344 = CARTESIAN_POINT ( 'NONE',  ( 9.000000000000000000, 8.000000000000000000, 8.000000000000000000 ) ) ;
#2345 = PLANE ( 'NONE',  #1286 ) ;
#2346 = AXIS2_PLACEMENT_3D ( 'NONE', #1473, #1870, #1450 ) ;
#2347 = ORIENTED_EDGE ( 'NONE', *, *, #1246, .T. ) ;
#2348 = AXIS2_PLACEMENT_3D ( 'NONE', #204, #2171, #172 ) ;
#2349 = DIRECTION ( 'NONE',  ( -0.000000000000000000, 1.000000000000000000, -0.000000000000000000 ) ) ;
#2350 = CARTESIAN_POINT ( 'NONE',  ( -13.55000000000000071, -4.999999999999999112, -2.999999999999999556 ) ) ;
#2351 = VECTOR ( 'NONE', #2230, 1000.000000000000000 ) ;
#2352 = VERTEX_POINT ( 'NONE', #785 ) ;
#2353 = VERTEX_POINT ( 'NONE', #593 ) ;
#2354 = EDGE_CURVE ( 'NONE', #1341, #2431, #2105, .T. ) ;
#2355 = DIRECTION ( 'NONE',  ( 1.000000000000000000, 0.000000000000000000, 0.000000000000000000 ) ) ;
#2356 = CARTESIAN_POINT ( 'NONE',  ( 9.499999999999998224, 0.000000000000000000, 0.5000000000000000000 ) ) ;
#2357 = CIRCLE ( 'NONE', #2482, 0.5000000000000004441 ) ;
#2358 = DIRECTION ( 'NONE',  ( 1.000000000000000000, 0.000000000000000000, 0.000000000000000000 ) ) ;
#2359 = EDGE_LOOP ( 'NONE', ( #1474, #1794, #501, #457 ) ) ;
#2360 = DIRECTION ( 'NONE',  ( 0.000000000000000000, 0.000000000000000000, -1.000000000000000000 ) ) ;
#2361 = DIRECTION ( 'NONE',  ( 0.000000000000000000, -0.000000000000000000, 1.000000000000000000 ) ) ;
#2362 = VECTOR ( 'NONE', #1308, 1000.000000000000000 ) ;
#2363 = ORIENTED_EDGE ( 'NONE', *, *, #1703, .T. ) ;
#2364 = CARTESIAN_POINT ( 'NONE',  ( -14.00000000000000000, -5.000000000000000000, 6.000000000000000000 ) ) ;
#2365 = PLANE ( 'NONE',  #2309 ) ;
#2366 = EDGE_CURVE ( 'NONE', #1720, #452, #1082, .T. ) ;
#2367 = CARTESIAN_POINT ( 'NONE',  ( -7.500000000000000000, 5.999999999999998224, 3.486126985376467951E-15 ) ) ;
#2368 = EDGE_LOOP ( 'NONE', ( #86, #1142, #628, #1207 ) ) ;
#2369 = EDGE_CURVE ( 'NONE', #1338, #587, #19, .T. ) ;
#2370 = DIRECTION ( 'NONE',  ( 0.000000000000000000, -0.000000000000000000, -1.000000000000000000 ) ) ;
#2371 = DIRECTION ( 'NONE',  ( 4.336808689942019708E-16, 1.000000000000000000, 0.000000000000000000 ) ) ;
#2372 = DIRECTION ( 'NONE',  ( 1.000000000000000000, 0.000000000000000000, 0.000000000000000000 ) ) ;
#2373 = EDGE_CURVE ( 'NONE', #1548, #1021, #2183, .T. ) ;
#2374 = VECTOR ( 'NONE', #829, 1000.000000000000000 ) ;
#2375 = EDGE_CURVE ( 'NONE', #1748, #1089, #1795, .T. ) ;
#2376 = ORIENTED_EDGE ( 'NONE', *, *, #2485, .F. ) ;
#2377 = CARTESIAN_POINT ( 'NONE',  ( -16.00000000000000000, 5.999999999999998224, 8.000000000000000000 ) ) ;
#2378 = DIRECTION ( 'NONE',  ( -0.000000000000000000, -0.000000000000000000, -1.000000000000000000 ) ) ;
#2379 = EDGE_LOOP ( 'NONE', ( #1587, #659 ) ) ;
#2380 = DIRECTION ( 'NONE',  ( -0.000000000000000000, 0.000000000000000000, 1.000000000000000000 ) ) ;
#2381 = FACE_OUTER_BOUND ( 'NONE', #564, .T. ) ;
#2382 = VERTEX_POINT ( 'NONE', #382 ) ;
#2383 = ORIENTED_EDGE ( 'NONE', *, *, #963, .F. ) ;
#2384 = CARTESIAN_POINT ( 'NONE',  ( -8.062257748298547355, -3.999999999999999112, 1.000000000000000000 ) ) ;
#2385 = CARTESIAN_POINT ( 'NONE',  ( -13.99999999999999822, -5.000000000000000000, 8.000000000000000000 ) ) ;
#2386 = DIRECTION ( 'NONE',  ( -1.000000000000000000, -0.000000000000000000, -0.000000000000000000 ) ) ;
#2387 = ORIENTED_EDGE ( 'NONE', *, *, #1689, .F. ) ;
#2388 = CARTESIAN_POINT ( 'NONE',  ( 3.469446951953614189E-15, -8.673617379884035472E-16, 26.16295090390226363 ) ) ;
#2389 = CARTESIAN_POINT ( 'NONE',  ( -16.00000000000000000, -3.999999999999998224, -5.499999999999999112 ) ) ;
#2390 = EDGE_CURVE ( 'NONE', #2015, #813, #636, .T. ) ;
#2391 = EDGE_LOOP ( 'NONE', ( #1627, #2181, #2331, #2471 ) ) ;
#2392 = DIRECTION ( 'NONE',  ( 0.000000000000000000, 1.000000000000000000, -0.000000000000000000 ) ) ;
#2393 = FACE_OUTER_BOUND ( 'NONE', #981, .T. ) ;
#2394 = ORIENTED_EDGE ( 'NONE', *, *, #1903, .F. ) ;
#2395 = CARTESIAN_POINT ( 'NONE',  ( -7.500000000000000000, 5.999999999999998224, 1.000000000000003553 ) ) ;
#2396 = AXIS2_PLACEMENT_3D ( 'NONE', #1168, #2316, #2126 ) ;
#2397 = CARTESIAN_POINT ( 'NONE',  ( 3.469446951953614189E-15, -8.673617379884035472E-16, -5.500000000000000000 ) ) ;
#2398 = ORIENTED_EDGE ( 'NONE', *, *, #819, .F. ) ;
#2399 =( GEOMETRIC_REPRESENTATION_CONTEXT ( 3 ) GLOBAL_UNCERTAINTY_ASSIGNED_CONTEXT ( ( #719 ) ) GLOBAL_UNIT_ASSIGNED_CONTEXT ( ( #1429, #877, #2450 ) ) REPRESENTATION_CONTEXT ( 'NONE', 'WORKASPACE' ) );
#2400 = CARTESIAN_POINT ( 'NONE',  ( -13.10672200723098335, -3.999999999999998224, -5.497493718553309705 ) ) ;
#2401 = CARTESIAN_POINT ( 'NONE',  ( 16.00000000000000000, 4.000000000000000000, -5.499999999999996447 ) ) ;
#2402 = VECTOR ( 'NONE', #1134, 1000.000000000000000 ) ;
#2403 = ORIENTED_EDGE ( 'NONE', *, *, #91, .T. ) ;
#2404 = VECTOR ( 'NONE', #82, 1000.000000000000000 ) ;
#2405 = DIRECTION ( 'NONE',  ( -0.000000000000000000, 0.000000000000000000, 1.000000000000000000 ) ) ;
#2406 = CARTESIAN_POINT ( 'NONE',  ( 16.00000000000000000, 5.999999999999998224, 1.000000000000003775 ) ) ;
#2407 = ADVANCED_FACE ( 'NONE', ( #1192 ), #1399, .F. ) ;
#2408 = AXIS2_PLACEMENT_3D ( 'NONE', #1467, #2470, #2255 ) ;
#2409 = ADVANCED_FACE ( 'NONE', ( #1950 ), #1961, .T. ) ;
#2410 = ORIENTED_EDGE ( 'NONE', *, *, #2486, .T. ) ;
#2411 = VERTEX_POINT ( 'NONE', #997 ) ;
#2412 = AXIS2_PLACEMENT_3D ( 'NONE', #572, #620, #1601 ) ;
#2413 = LINE ( 'NONE', #1439, #548 ) ;
#2414 = AXIS2_PLACEMENT_3D ( 'NONE', #545, #935, #1516 ) ;
#2415 = CARTESIAN_POINT ( 'NONE',  ( -7.040063920164360667, -6.000000000000000000, 0.000000000000000000 ) ) ;
#2416 = DIRECTION ( 'NONE',  ( 1.000000000000000000, 0.000000000000000000, 0.000000000000000000 ) ) ;
#2417 = ORIENTED_EDGE ( 'NONE', *, *, #1486, .T. ) ;
#2418 = DIRECTION ( 'NONE',  ( 1.000000000000000000, 0.000000000000000000, 0.000000000000000000 ) ) ;
#2419 = CARTESIAN_POINT ( 'NONE',  ( 8.616843969807042924, -3.999999999999995559, 0.5000000000000000000 ) ) ;
#2420 = VERTEX_POINT ( 'NONE', #1783 ) ;
#2421 = LINE ( 'NONE', #657, #331 ) ;
#2422 = ADVANCED_FACE ( 'NONE', ( #577 ), #1898, .F. ) ;
#2423 = VERTEX_POINT ( 'NONE', #37 ) ;
#2424 = DIRECTION ( 'NONE',  ( -0.000000000000000000, 0.000000000000000000, 1.000000000000000000 ) ) ;
#2425 = CARTESIAN_POINT ( 'NONE',  ( 0.000000000000000000, 0.000000000000000000, -5.500000000000000000 ) ) ;
#2426 = CARTESIAN_POINT ( 'NONE',  ( -14.50000000000000000, -6.000011999999999901, -5.500000000000000000 ) ) ;
#2427 = CARTESIAN_POINT ( 'NONE',  ( 14.00000000000000000, 0.000000000000000000, 6.000000000000000000 ) ) ;
#2428 = VERTEX_POINT ( 'NONE', #969 ) ;
#2429 = DIRECTION ( 'NONE',  ( 1.000000000000000000, 0.000000000000000000, 0.000000000000000000 ) ) ;
#2430 = DIRECTION ( 'NONE',  ( 1.000000000000000000, 0.000000000000000000, 0.000000000000000000 ) ) ;
#2431 = VERTEX_POINT ( 'NONE', #11 ) ;
#2432 = DIRECTION ( 'NONE',  ( 0.000000000000000000, -0.000000000000000000, -1.000000000000000000 ) ) ;
#2433 = PRODUCT_DEFINITION_SHAPE ( 'NONE', 'NONE',  #228 ) ;
#2434 = ORIENTED_EDGE ( 'NONE', *, *, #1986, .F. ) ;
#2435 = VERTEX_POINT ( 'NONE', #635 ) ;
#2436 = DIRECTION ( 'NONE',  ( 0.000000000000000000, 0.000000000000000000, 1.000000000000000000 ) ) ;
#2437 = DIRECTION ( 'NONE',  ( 0.000000000000000000, -1.000000000000000000, 0.000000000000000000 ) ) ;
#2438 = AXIS2_PLACEMENT_3D ( 'NONE', #1187, #965, #376 ) ;
#2439 = EDGE_CURVE ( 'NONE', #1310, #1816, #441, .T. ) ;
#2440 = TOROIDAL_SURFACE ( 'NONE', #712, 1.000000000000000888, 0.5000000000000000000 ) ;
#2441 = LINE ( 'NONE', #1787, #1767 ) ;
#2442 = VECTOR ( 'NONE', #1071, 1000.000000000000000 ) ;
#2443 = AXIS2_PLACEMENT_3D ( 'NONE', #2122, #919, #1930 ) ;
#2444 = CARTESIAN_POINT ( 'NONE',  ( -9.499999999999998224, 0.000000000000000000, 0.000000000000000000 ) ) ;
#2445 = VERTEX_POINT ( 'NONE', #2395 ) ;
#2446 = DIRECTION ( 'NONE',  ( -1.000000000000000000, 0.000000000000000000, -0.000000000000000000 ) ) ;
#2447 = CIRCLE ( 'NONE', #1989, 0.5000000000000004441 ) ;
#2448 = EDGE_LOOP ( 'NONE', ( #1230, #1846, #1007, #10, #83, #574 ) ) ;
#2449 = CARTESIAN_POINT ( 'NONE',  ( -13.00000000000000178, 4.999999999999999112, -4.999999999999999112 ) ) ;
#2450 =( NAMED_UNIT ( * ) SI_UNIT ( $, .STERADIAN. ) SOLID_ANGLE_UNIT ( ) );
#2451 = AXIS2_PLACEMENT_3D ( 'NONE', #318, #2287, #562 ) ;
#2452 = EDGE_CURVE ( 'NONE', #1084, #349, #801, .T. ) ;
#2453 = CARTESIAN_POINT ( 'NONE',  ( -14.50000000000000000, -5.000000000000000000, -5.500000000000000000 ) ) ;
#2454 = ADVANCED_FACE ( 'NONE', ( #2202 ), #1755, .T. ) ;
#2455 = FACE_OUTER_BOUND ( 'NONE', #1665, .T. ) ;
#2456 = LINE ( 'NONE', #2259, #1521 ) ;
#2457 = EDGE_CURVE ( 'NONE', #1224, #2420, #1549, .T. ) ;
#2458 = VERTEX_POINT ( 'NONE', #2137 ) ;
#2459 = DIRECTION ( 'NONE',  ( 0.000000000000000000, -1.000000000000000000, -4.003208021484940511E-16 ) ) ;
#2460 = ORIENTED_EDGE ( 'NONE', *, *, #941, .F. ) ;
#2461 = LINE ( 'NONE', #700, #173 ) ;
#2462 = DIRECTION ( 'NONE',  ( -0.000000000000000000, 1.000000000000000000, 4.003208021484941004E-16 ) ) ;
#2463 = DIRECTION ( 'NONE',  ( 1.000000000000000000, 0.000000000000000000, 0.000000000000000000 ) ) ;
#2464 = CARTESIAN_POINT ( 'NONE',  ( 0.000000000000000000, 0.000000000000000000, 0.000000000000000000 ) ) ;
#2465 = ORIENTED_EDGE ( 'NONE', *, *, #2486, .F. ) ;
#2466 = EDGE_CURVE ( 'NONE', #1341, #111, #219, .T. ) ;
#2467 = CARTESIAN_POINT ( 'NONE',  ( -14.00000000000000000, -5.000000000000000000, 6.000000000000000000 ) ) ;
#2468 = CARTESIAN_POINT ( 'NONE',  ( 13.00000000000000178, -6.000000000000000000, -5.500000000000000000 ) ) ;
#2469 = ORIENTED_EDGE ( 'NONE', *, *, #537, .T. ) ;
#2470 = DIRECTION ( 'NONE',  ( 0.000000000000000000, -0.000000000000000000, -1.000000000000000000 ) ) ;
#2471 = ORIENTED_EDGE ( 'NONE', *, *, #92, .F. ) ;
#2472 = CIRCLE ( 'NONE', #2268, 0.5000000000000004441 ) ;
#2473 = VECTOR ( 'NONE', #1223, 1000.000000000000000 ) ;
#2474 = LINE ( 'NONE', #298, #93 ) ;
#2475 = AXIS2_PLACEMENT_3D ( 'NONE', #320, #911, #332 ) ;
#2476 = ORIENTED_EDGE ( 'NONE', *, *, #245, .T. ) ;
#2477 = ADVANCED_FACE ( 'NONE', ( #466 ), #66, .F. ) ;
#2478 = PLANE ( 'NONE',  #2073 ) ;
#2479 = DIRECTION ( 'NONE',  ( 0.000000000000000000, 1.000000000000000000, 0.000000000000000000 ) ) ;
#2480 = VERTEX_POINT ( 'NONE', #1632 ) ;
#2481 = DIRECTION ( 'NONE',  ( 1.000000000000000000, 0.000000000000000000, 0.000000000000000000 ) ) ;
#2482 = AXIS2_PLACEMENT_3D ( 'NONE', #1129, #1923, #942 ) ;
#2483 = EDGE_CURVE ( 'NONE', #2117, #283, #2413, .T. ) ;
#2484 = TOROIDAL_SURFACE ( 'NONE', #639, 8.999999999999998224, 0.5000000000000000000 ) ;
#2485 = EDGE_CURVE ( 'NONE', #1218, #861, #473, .T. ) ;
#2486 = EDGE_CURVE ( 'NONE', #2015, #2480, #485, .T. ) ;
#2487 = ORIENTED_EDGE ( 'NONE', *, *, #771, .F. ) ;
#2488 = AXIS2_PLACEMENT_3D ( 'NONE', #2265, #1668, #1090 ) ;
#2489 = DIRECTION ( 'NONE',  ( 1.000000000000000000, -0.000000000000000000, -0.000000000000000000 ) ) ;
#2490 = VECTOR ( 'NONE', #1956, 1000.000000000000000 ) ;
#2491 = CARTESIAN_POINT ( 'NONE',  ( 0.000000000000000000, 0.000000000000000000, -4.000000000000000000 ) ) ;
#2492 = ORIENTED_EDGE ( 'NONE', *, *, #2258, .F. ) ;
#2493 = DIRECTION ( 'NONE',  ( 1.000000000000000000, 0.000000000000000000, 0.000000000000000000 ) ) ;
#2494 = ORIENTED_EDGE ( 'NONE', *, *, #527, .F. ) ;
#2495 = DIRECTION ( 'NONE',  ( 0.000000000000000000, 0.000000000000000000, 1.000000000000000000 ) ) ;
#2496 = PLANE ( 'NONE',  #1324 ) ;
#2497 = AXIS2_PLACEMENT_3D ( 'NONE', #1042, #1275, #2463 ) ;
#2498 = ORIENTED_EDGE ( 'NONE', *, *, #1815, .F. ) ;
#2499 = LINE ( 'NONE', #555, #340 ) ;
#2500 = DIRECTION ( 'NONE',  ( 0.000000000000000000, 0.000000000000000000, 1.000000000000000000 ) ) ;
#2501 = ORIENTED_EDGE ( 'NONE', *, *, #1110, .T. ) ;
#2502 = FACE_OUTER_BOUND ( 'NONE', #509, .T. ) ;
#2503 = CARTESIAN_POINT ( 'NONE',  ( -14.00000000000000000, -5.000000000000000000, 6.000000000000000000 ) ) ;
#2504 = ORIENTED_EDGE ( 'NONE', *, *, #738, .F. ) ;
#2505 = CARTESIAN_POINT ( 'NONE',  ( 14.50000000000000178, -6.000000000000000000, 1.000000000000000000 ) ) ;
#2506 = LINE ( 'NONE', #930, #751 ) ;
#2507 = ORIENTED_EDGE ( 'NONE', *, *, #381, .T. ) ;
#2508 = ADVANCED_FACE ( 'NONE', ( #50, #1261 ), #503, .T. ) ;
#2509 = SURFACE_STYLE_USAGE ( .BOTH. , #358 ) ;
#2510 = FACE_OUTER_BOUND ( 'NONE', #1848, .T. ) ;
#2511 = ADVANCED_FACE ( 'NONE', ( #701 ), #1476, .F. ) ;
#2512 = ORIENTED_EDGE ( 'NONE', *, *, #2027, .F. ) ;
#2513 = CIRCLE ( 'NONE', #1976, 0.5500000000000001554 ) ;
#2514 = LINE ( 'NONE', #336, #1786 ) ;
#2515 = AXIS2_PLACEMENT_3D ( 'NONE', #2491, #727, #2092 ) ;
#2516 = ORIENTED_EDGE ( 'NONE', *, *, #1640, .F. ) ;
#2517 = CARTESIAN_POINT ( 'NONE',  ( -13.32015621187163745, 6.000000000000000888, -5.499999999999996447 ) ) ;
#2518 = CARTESIAN_POINT ( 'NONE',  ( -12.89327799276902020, -6.000000000000000000, -5.497493718553309705 ) ) ;
#2519 = CIRCLE ( 'NONE', #15, 8.999999999999998224 ) ;
#2520 = VERTEX_POINT ( 'NONE', #1079 ) ;
#2521 = CARTESIAN_POINT ( 'NONE',  ( 8.340413658806149044, 3.999999999999987121, 26.16295090390226363 ) ) ;
#2522 = VECTOR ( 'NONE', #459, 1000.000000000000000 ) ;
#2523 = DIRECTION ( 'NONE',  ( 1.000000000000000000, 0.000000000000000000, 0.000000000000000000 ) ) ;
#2524 = ORIENTED_EDGE ( 'NONE', *, *, #104, .T. ) ;
#2525 = AXIS2_PLACEMENT_3D ( 'NONE', #307, #840, #880 ) ;
#2526 = DIRECTION ( 'NONE',  ( 1.000000000000000000, 0.000000000000000000, -0.000000000000000000 ) ) ;
#2527 = EDGE_CURVE ( 'NONE', #1304, #33, #305, .T. ) ;
#2528 = LINE ( 'NONE', #1572, #1699 ) ;
#2529 = ADVANCED_FACE ( 'NONE', ( #650 ), #1850, .F. ) ;
#2530 = CIRCLE ( 'NONE', #765, 0.5000000000000004441 ) ;
#2531 = ORIENTED_EDGE ( 'NONE', *, *, #575, .T. ) ;
#2532 = DIRECTION ( 'NONE',  ( 0.000000000000000000, -0.000000000000000000, -1.000000000000000000 ) ) ;
#2533 = DIRECTION ( 'NONE',  ( -0.000000000000000000, -0.000000000000000000, 1.000000000000000000 ) ) ;
#2534 = CARTESIAN_POINT ( 'NONE',  ( 0.000000000000000000, 3.292893218813446321, 7.249999999999997335 ) ) ;
#2535 = ORIENTED_EDGE ( 'NONE', *, *, #1629, .T. ) ;
#2536 = DIRECTION ( 'NONE',  ( -0.000000000000000000, -0.000000000000000000, -1.000000000000000000 ) ) ;
#2537 = CARTESIAN_POINT ( 'NONE',  ( 16.00000000000000000, 5.999999999999998224, 1.000000000000003775 ) ) ;
#2538 = ORIENTED_EDGE ( 'NONE', *, *, #647, .T. ) ;
#2539 = CARTESIAN_POINT ( 'NONE',  ( -7.875000000000000000, 5.999999999999998224, 0.5000000000000034417 ) ) ;
#2540 = DIRECTION ( 'NONE',  ( 1.000000000000000000, 0.000000000000000000, 0.000000000000000000 ) ) ;
#2541 = EDGE_CURVE ( 'NONE', #813, #2015, #2313, .T. ) ;
#2542 = EDGE_LOOP ( 'NONE', ( #899, #2023, #225, #2538, #1964, #1452 ) ) ;
#2543 = LINE ( 'NONE', #198, #1149 ) ;
#2544 = DIRECTION ( 'NONE',  ( -1.000000000000000000, 0.000000000000000000, 0.000000000000000000 ) ) ;
#2545 = EDGE_LOOP ( 'NONE', ( #1464, #2286, #1799, #2260, #2223, #1623 ) ) ;
#2546 = CARTESIAN_POINT ( 'NONE',  ( -8.540207611047096137, -3.999999999999999112, 0.7632342565183606320 ) ) ;
#2547 = FACE_BOUND ( 'NONE', #781, .T. ) ;
#2548 = DIRECTION ( 'NONE',  ( -1.000000000000000000, 0.000000000000000000, 0.000000000000000000 ) ) ;
ENDSEC;
END-ISO-10303-21;
