ISO-10303-21;
HEADER;
FILE_DESCRIPTION (( 'STEP AP214' ),
    '1' );
FILE_NAME ('P001-B103_FrontCover_Rev2D-3.STEP',
    '2026-05-12T02:40:58',
    ( '' ),
    ( '' ),
    'SwSTEP 2.0',
    'SolidWorks 2026',
    '' );
FILE_SCHEMA (( 'AUTOMOTIVE_DESIGN' ));
ENDSEC;

DATA;
#1 = ORIENTED_EDGE ( 'NONE', *, *, #514, .T. ) ;
#2 = EDGE_CURVE ( 'NONE', #634, #336, #282, .T. ) ;
#3 = CYLINDRICAL_SURFACE ( 'NONE', #861, 2.000000000000000000 ) ;
#4 = VECTOR ( 'NONE', #964, 1000.000000000000000 ) ;
#5 = VERTEX_POINT ( 'NONE', #2243 ) ;
#6 = AXIS2_PLACEMENT_3D ( 'NONE', #1774, #1586, #1253 ) ;
#7 = VECTOR ( 'NONE', #106, 1000.000000000000000 ) ;
#8 = CARTESIAN_POINT ( 'NONE',  ( 2.000000000000001776, -16.49999999999999289, -5.999999999999998224 ) ) ;
#9 = AXIS2_PLACEMENT_3D ( 'NONE', #2250, #1169, #150 ) ;
#10 = AXIS2_PLACEMENT_3D ( 'NONE', #1183, #2205, #752 ) ;
#11 = CARTESIAN_POINT ( 'NONE',  ( 12.00000000000000000, 3.250000000000011990, 17.99999999999999645 ) ) ;
#12 = CIRCLE ( 'NONE', #1052, 2.000000000000001776 ) ;
#13 = FACE_BOUND ( 'NONE', #182, .T. ) ;
#14 = CARTESIAN_POINT ( 'NONE',  ( 45.00000000000000000, -12.49999999999999289, -14.00000000000000178 ) ) ;
#15 = DIRECTION ( 'NONE',  ( 1.000000000000000000, 0.000000000000000000, 0.000000000000000000 ) ) ;
#16 = CIRCLE ( 'NONE', #242, 2.149999999999999023 ) ;
#17 = AXIS2_PLACEMENT_3D ( 'NONE', #1359, #628, #119 ) ;
#18 = VECTOR ( 'NONE', #2258, 1000.000000000000000 ) ;
#19 = ORIENTED_EDGE ( 'NONE', *, *, #1204, .T. ) ;
#20 = STYLED_ITEM ( 'NONE', ( #897 ), #186 ) ;
#21 = DIRECTION ( 'NONE',  ( 0.000000000000000000, 1.000000000000000000, -0.000000000000000000 ) ) ;
#22 = VERTEX_POINT ( 'NONE', #490 ) ;
#23 = ADVANCED_FACE ( 'NONE', ( #2253 ), #827, .T. ) ;
#24 = CARTESIAN_POINT ( 'NONE',  ( 46.00000000000000000, 12.84999999999999964, 14.34999999999999432 ) ) ;
#25 = ORIENTED_EDGE ( 'NONE', *, *, #507, .F. ) ;
#26 = DIRECTION ( 'NONE',  ( -1.000000000000000000, -7.228014483236695816E-17, 0.000000000000000000 ) ) ;
#27 =( NAMED_UNIT ( * ) PLANE_ANGLE_UNIT ( ) SI_UNIT ( $, .RADIAN. ) );
#28 = DIRECTION ( 'NONE',  ( 0.000000000000000000, 1.185325231278994233E-16, -1.000000000000000000 ) ) ;
#29 = LINE ( 'NONE', #1395, #2151 ) ;
#30 = ORIENTED_EDGE ( 'NONE', *, *, #592, .T. ) ;
#31 = EDGE_CURVE ( 'NONE', #1029, #22, #354, .T. ) ;
#32 = PLANE ( 'NONE',  #1617 ) ;
#33 = ORIENTED_EDGE ( 'NONE', *, *, #1939, .F. ) ;
#34 = ORIENTED_EDGE ( 'NONE', *, *, #240, .F. ) ;
#35 = CARTESIAN_POINT ( 'NONE',  ( 47.00000000000000000, -13.13500000000000156, -14.63499999999999091 ) ) ;
#36 = DIRECTION ( 'NONE',  ( -1.000000000000000000, -1.445602896647339163E-16, 0.000000000000000000 ) ) ;
#37 = EDGE_CURVE ( 'NONE', #601, #1117, #1926, .T. ) ;
#38 = CARTESIAN_POINT ( 'NONE',  ( 0.06996775957201725737, -14.99999999999999822, -14.35000000000000853 ) ) ;
#39 = APPLICATION_PROTOCOL_DEFINITION ( 'draft international standard', 'automotive_design', 1998, #2306 ) ;
#40 = CARTESIAN_POINT ( 'NONE',  ( -1.936491673103724054, 16.24999999999999289, 4.000000000000000000 ) ) ;
#41 = EDGE_LOOP ( 'NONE', ( #2041, #1314, #1666, #1683 ) ) ;
#42 = CARTESIAN_POINT ( 'NONE',  ( 0.08932778435937049899, 13.40703191219960821, 16.43132864196313037 ) ) ;
#43 = ORIENTED_EDGE ( 'NONE', *, *, #707, .T. ) ;
#44 = AXIS2_PLACEMENT_3D ( 'NONE', #1011, #260, #270 ) ;
#45 = DIRECTION ( 'NONE',  ( 0.000000000000000000, 0.000000000000000000, 1.000000000000000000 ) ) ;
#46 = ORIENTED_EDGE ( 'NONE', *, *, #1338, .F. ) ;
#47 = VECTOR ( 'NONE', #632, 1000.000000000000000 ) ;
#48 = AXIS2_PLACEMENT_3D ( 'NONE', #432, #757, #253 ) ;
#49 = DIRECTION ( 'NONE',  ( 1.000000000000000000, -0.000000000000000000, -0.000000000000000000 ) ) ;
#50 = LINE ( 'NONE', #2310, #1964 ) ;
#51 = CARTESIAN_POINT ( 'NONE',  ( -0.6864916731037242759, 16.74999999999999289, 5.346291201783627933 ) ) ;
#52 = LINE ( 'NONE', #204, #829 ) ;
#53 = AXIS2_PLACEMENT_3D ( 'NONE', #838, #981, #1565 ) ;
#54 = EDGE_CURVE ( 'NONE', #1820, #1480, #1019, .T. ) ;
#55 = ORIENTED_EDGE ( 'NONE', *, *, #629, .F. ) ;
#56 = TOROIDAL_SURFACE ( 'NONE', #672, 2.000000000000000000, 2.000000000000000000 ) ;
#57 = CIRCLE ( 'NONE', #791, 0.5150000000000015676 ) ;
#58 = PLANE ( 'NONE',  #48 ) ;
#59 = AXIS2_PLACEMENT_3D ( 'NONE', #14, #521, #693 ) ;
#60 = ORIENTED_EDGE ( 'NONE', *, *, #1753, .T. ) ;
#61 = DIRECTION ( 'NONE',  ( -1.000000000000000000, 0.000000000000000000, 0.000000000000000000 ) ) ;
#62 = VERTEX_POINT ( 'NONE', #1532 ) ;
#63 = DIRECTION ( 'NONE',  ( 0.000000000000000000, 0.000000000000000000, 1.000000000000000000 ) ) ;
#64 = ADVANCED_FACE ( 'NONE', ( #1348 ), #811, .F. ) ;
#65 = DIRECTION ( 'NONE',  ( 1.000000000000000000, 0.000000000000000000, 0.000000000000000000 ) ) ;
#66 = LINE ( 'NONE', #1133, #857 ) ;
#67 = CARTESIAN_POINT ( 'NONE',  ( 46.00000000000000000, -13.13500000000000156, -15.14999999999999325 ) ) ;
#68 = DIRECTION ( 'NONE',  ( 0.000000000000000000, 0.000000000000000000, 1.000000000000000000 ) ) ;
#69 = ORIENTED_EDGE ( 'NONE', *, *, #1261, .F. ) ;
#70 = CARTESIAN_POINT ( 'NONE',  ( 0.08937786361430596904, 14.93094682548448304, 14.90862134762194557 ) ) ;
#71 = ADVANCED_FACE ( 'NONE', ( #461 ), #836, .F. ) ;
#72 = ORIENTED_EDGE ( 'NONE', *, *, #500, .T. ) ;
#73 = ORIENTED_EDGE ( 'NONE', *, *, #441, .F. ) ;
#74 = CARTESIAN_POINT ( 'NONE',  ( 0.06350832689627551597, -12.50000000000000000, 16.49999999999999289 ) ) ;
#75 = CARTESIAN_POINT ( 'NONE',  ( -1.936491673103724054, 16.24999999999999289, 4.000000000000000000 ) ) ;
#76 = CARTESIAN_POINT ( 'NONE',  ( 47.00000000000000000, -13.65000000000000036, -14.63499999999999091 ) ) ;
#77 = CARTESIAN_POINT ( 'NONE',  ( 15.25000000000001421, -9.870578585667566250E-15, 17.99999999999999645 ) ) ;
#78 = EDGE_LOOP ( 'NONE', ( #1159, #256, #2167, #1058 ) ) ;
#79 = CARTESIAN_POINT ( 'NONE',  ( 46.00000000000000711, -14.99999999999999822, 6.000000000000017764 ) ) ;
#80 = VERTEX_POINT ( 'NONE', #802 ) ;
#81 = DIRECTION ( 'NONE',  ( 1.000000000000000000, 0.000000000000000000, -0.000000000000000000 ) ) ;
#82 = EDGE_LOOP ( 'NONE', ( #1987, #2093, #1246, #1610, #970, #1477, #1399, #352, #676, #1438 ) ) ;
#83 = LINE ( 'NONE', #2291, #2007 ) ;
#84 = LINE ( 'NONE', #1120, #1050 ) ;
#85 = CARTESIAN_POINT ( 'NONE',  ( 0.06996775957201356588, 15.00000000000000178, -14.35000000000000853 ) ) ;
#86 = CIRCLE ( 'NONE', #818, 0.5150000000000015676 ) ;
#87 = LINE ( 'NONE', #1572, #1957 ) ;
#88 = VECTOR ( 'NONE', #248, 1000.000000000000000 ) ;
#89 = LINE ( 'NONE', #472, #1060 ) ;
#90 = AXIS2_PLACEMENT_3D ( 'NONE', #2003, #763, #393 ) ;
#91 = DIRECTION ( 'NONE',  ( 0.4472135954999582608, -0.8944271909999157444, 0.000000000000000000 ) ) ;
#92 = ADVANCED_FACE ( 'NONE', ( #655 ), #621, .T. ) ;
#93 = VECTOR ( 'NONE', #289, 1000.000000000000000 ) ;
#94 = EDGE_LOOP ( 'NONE', ( #380, #1138, #2065, #485 ) ) ;
#95 = AXIS2_PLACEMENT_3D ( 'NONE', #224, #1081, #1647 ) ;
#96 = CARTESIAN_POINT ( 'NONE',  ( -1.936491673103724054, -15.49999999999999289, 4.000000000000000000 ) ) ;
#97 = VERTEX_POINT ( 'NONE', #272 ) ;
#98 = EDGE_CURVE ( 'NONE', #1231, #157, #1731, .T. ) ;
#99 = CARTESIAN_POINT ( 'NONE',  ( 4.063508326896275946, 15.49999999999999289, -4.000000000000000000 ) ) ;
#100 = LINE ( 'NONE', #626, #1166 ) ;
#101 = EDGE_CURVE ( 'NONE', #1283, #538, #2271, .T. ) ;
#102 = DIRECTION ( 'NONE',  ( 1.000000000000000000, 0.000000000000000000, -0.000000000000000000 ) ) ;
#103 = CARTESIAN_POINT ( 'NONE',  ( 46.00000000000000000, -12.84999999999999609, 14.34999999999999432 ) ) ;
#104 = CARTESIAN_POINT ( 'NONE',  ( 46.00000000000000000, 15.00000000000000178, 16.49999999999999289 ) ) ;
#105 = EDGE_LOOP ( 'NONE', ( #162, #2140, #890, #1266, #2316, #991 ) ) ;
#106 = DIRECTION ( 'NONE',  ( -0.000000000000000000, -0.000000000000000000, 1.000000000000000000 ) ) ;
#107 = DIRECTION ( 'NONE',  ( 0.000000000000000000, 0.000000000000000000, 1.000000000000000000 ) ) ;
#108 = ORIENTED_EDGE ( 'NONE', *, *, #2034, .F. ) ;
#109 = CARTESIAN_POINT ( 'NONE',  ( 47.00000000000000000, 12.50000000000000000, 13.99999999999999467 ) ) ;
#110 = CARTESIAN_POINT ( 'NONE',  ( 0.1068540588530141611, 14.47032337728197149, -15.77027105815507646 ) ) ;
#111 = EDGE_CURVE ( 'NONE', #287, #880, #1339, .T. ) ;
#112 = DIRECTION ( 'NONE',  ( 0.000000000000000000, -1.000000000000000000, 0.000000000000000000 ) ) ;
#113 = DIRECTION ( 'NONE',  ( 0.000000000000000000, 0.000000000000000000, 1.000000000000000000 ) ) ;
#114 = ORIENTED_EDGE ( 'NONE', *, *, #298, .T. ) ;
#115 = CARTESIAN_POINT ( 'NONE',  ( 0.06996775957202050478, -12.84999999999999609, -16.50000000000000711 ) ) ;
#116 = ORIENTED_EDGE ( 'NONE', *, *, #1185, .F. ) ;
#117 = AXIS2_PLACEMENT_3D ( 'NONE', #1631, #203, #1856 ) ;
#118 = FACE_OUTER_BOUND ( 'NONE', #994, .T. ) ;
#119 = DIRECTION ( 'NONE',  ( 0.000000000000000000, 0.000000000000000000, 1.000000000000000000 ) ) ;
#120 = EDGE_CURVE ( 'NONE', #2281, #1658, #645, .T. ) ;
#121 = PLANE ( 'NONE',  #1514 ) ;
#122 = CYLINDRICAL_SURFACE ( 'NONE', #493, 2.000000000000001776 ) ;
#123 = ORIENTED_EDGE ( 'NONE', *, *, #1943, .T. ) ;
#124 = COLOUR_RGB ( '',0.7921568627450980005, 0.8196078431372548767, 0.9333333333333333481 ) ;
#125 = VECTOR ( 'NONE', #1533, 1000.000000000000000 ) ;
#126 = LINE ( 'NONE', #830, #2191 ) ;
#127 = CARTESIAN_POINT ( 'NONE',  ( 2.000000000000001776, 14.50000000000000000, -5.999999999999998224 ) ) ;
#128 = EDGE_LOOP ( 'NONE', ( #46, #1798, #610, #185 ) ) ;
#129 = VECTOR ( 'NONE', #892, 1000.000000000000000 ) ;
#130 = AXIS2_PLACEMENT_3D ( 'NONE', #291, #1911, #790 ) ;
#131 = EDGE_CURVE ( 'NONE', #2165, #1103, #89, .T. ) ;
#132 = CARTESIAN_POINT ( 'NONE',  ( 45.00000000000000000, 14.50000000000000000, 0.000000000000000000 ) ) ;
#133 = DIRECTION ( 'NONE',  ( -1.000000000000000000, 0.000000000000000000, 0.000000000000000000 ) ) ;
#134 = ORIENTED_EDGE ( 'NONE', *, *, #1697, .F. ) ;
#135 = EDGE_CURVE ( 'NONE', #2236, #2281, #2089, .T. ) ;
#136 = FACE_OUTER_BOUND ( 'NONE', #139, .T. ) ;
#137 = DIRECTION ( 'NONE',  ( 1.000000000000000000, -0.000000000000000000, -0.000000000000000000 ) ) ;
#138 = ORIENTED_EDGE ( 'NONE', *, *, #1901, .T. ) ;
#139 = EDGE_LOOP ( 'NONE', ( #1646, #1254, #1792, #518 ) ) ;
#140 = DIRECTION ( 'NONE',  ( 0.000000000000000000, 8.673617379884034486E-16, -1.000000000000000000 ) ) ;
#141 = EDGE_CURVE ( 'NONE', #1317, #1817, #1903, .T. ) ;
#142 = CARTESIAN_POINT ( 'NONE',  ( 2.000000000000001776, -12.49999999999999289, -16.00000000000000000 ) ) ;
#143 = DIRECTION ( 'NONE',  ( 1.000000000000000000, -0.000000000000000000, 0.000000000000000000 ) ) ;
#144 = FACE_OUTER_BOUND ( 'NONE', #844, .T. ) ;
#145 = ORIENTED_EDGE ( 'NONE', *, *, #604, .T. ) ;
#146 = FACE_OUTER_BOUND ( 'NONE', #78, .T. ) ;
#147 = DIRECTION ( 'NONE',  ( 0.000000000000000000, 0.000000000000000000, -1.000000000000000000 ) ) ;
#148 = LINE ( 'NONE', #843, #1059 ) ;
#149 = ORIENTED_EDGE ( 'NONE', *, *, #483, .F. ) ;
#150 = DIRECTION ( 'NONE',  ( 1.000000000000000000, 0.000000000000000000, -0.000000000000000000 ) ) ;
#151 = ORIENTED_EDGE ( 'NONE', *, *, #742, .T. ) ;
#152 = FACE_OUTER_BOUND ( 'NONE', #946, .T. ) ;
#153 = CARTESIAN_POINT ( 'NONE',  ( 0.06350832689627572414, 15.00000000000000178, -14.00000000000000533 ) ) ;
#154 = LINE ( 'NONE', #2143, #1914 ) ;
#155 = AXIS2_PLACEMENT_3D ( 'NONE', #1402, #2125, #516 ) ;
#156 = DIRECTION ( 'NONE',  ( -1.000000000000000000, 0.000000000000000000, 0.000000000000000000 ) ) ;
#157 = VERTEX_POINT ( 'NONE', #2298 ) ;
#158 = VECTOR ( 'NONE', #171, 1000.000000000000000 ) ;
#159 = CARTESIAN_POINT ( 'NONE',  ( 2.000000000000000000, -12.49999999999999289, 15.99999999999999289 ) ) ;
#160 = DIRECTION ( 'NONE',  ( 0.000000000000000000, 0.000000000000000000, 1.000000000000000000 ) ) ;
#161 = ORIENTED_EDGE ( 'NONE', *, *, #2114, .F. ) ;
#162 = ORIENTED_EDGE ( 'NONE', *, *, #1261, .T. ) ;
#163 = EDGE_CURVE ( 'NONE', #1986, #482, #368, .T. ) ;
#164 = VECTOR ( 'NONE', #582, 1000.000000000000000 ) ;
#165 = EDGE_CURVE ( 'NONE', #758, #1018, #1573, .T. ) ;
#166 = PRESENTATION_LAYER_ASSIGNMENT (  '', '', ( #20 ) ) ;
#167 = CARTESIAN_POINT ( 'NONE',  ( 47.00000000000000000, -14.49999999999999467, -14.00000000000000355 ) ) ;
#168 = DIRECTION ( 'NONE',  ( 0.000000000000000000, 0.000000000000000000, -1.000000000000000000 ) ) ;
#169 = CARTESIAN_POINT ( 'NONE',  ( 0.09337529874572136901, -13.54386348341107471, -16.38979168057523239 ) ) ;
#170 = ORIENTED_EDGE ( 'NONE', *, *, #353, .F. ) ;
#171 = DIRECTION ( 'NONE',  ( 0.000000000000000000, -1.000000000000000000, 0.000000000000000000 ) ) ;
#172 = ORIENTED_EDGE ( 'NONE', *, *, #1013, .T. ) ;
#173 = EDGE_LOOP ( 'NONE', ( #349, #278 ) ) ;
#174 = CARTESIAN_POINT ( 'NONE',  ( 47.00000000000000000, 12.50000000000000000, -16.00000000000000000 ) ) ;
#175 = ORIENTED_EDGE ( 'NONE', *, *, #824, .T. ) ;
#176 = CARTESIAN_POINT ( 'NONE',  ( 47.00000000000000000, -12.49999999999999289, -14.00000000000000178 ) ) ;
#177 = PLANE ( 'NONE',  #1522 ) ;
#178 = ADVANCED_FACE ( 'NONE', ( #1252 ), #1021, .T. ) ;
#179 = FACE_OUTER_BOUND ( 'NONE', #1243, .T. ) ;
#180 = VERTEX_POINT ( 'NONE', #340 ) ;
#181 = CARTESIAN_POINT ( 'NONE',  ( 46.00000000000000000, -14.99999999999999822, 16.49999999999999289 ) ) ;
#182 = EDGE_LOOP ( 'NONE', ( #1278, #429, #571, #1422 ) ) ;
#183 = ORIENTED_EDGE ( 'NONE', *, *, #917, .T. ) ;
#184 = CARTESIAN_POINT ( 'NONE',  ( 45.00000000000000000, 12.50000000000000000, -14.00000000000000533 ) ) ;
#185 = ORIENTED_EDGE ( 'NONE', *, *, #54, .F. ) ;
#186 = MANIFOLD_SOLID_BREP ( 'Mirror10', #2085 ) ;
#187 = DIRECTION ( 'NONE',  ( 0.000000000000000000, 1.000000000000000000, -0.000000000000000000 ) ) ;
#188 = CARTESIAN_POINT ( 'NONE',  ( 0.06350832689627644578, 12.50000000000000711, -16.50000000000000711 ) ) ;
#189 = CARTESIAN_POINT ( 'NONE',  ( 12.00000000000000000, -9.870578585667566250E-15, 17.99999999999999645 ) ) ;
#190 = CARTESIAN_POINT ( 'NONE',  ( 46.00000000000000000, -13.65000000000000036, 14.63499999999999446 ) ) ;
#191 = EDGE_CURVE ( 'NONE', #275, #2203, #2160, .T. ) ;
#192 = ORIENTED_EDGE ( 'NONE', *, *, #1697, .T. ) ;
#193 = CIRCLE ( 'NONE', #1652, 4.000000000000000000 ) ;
#194 = PLANE ( 'NONE',  #945 ) ;
#195 = LINE ( 'NONE', #902, #1513 ) ;
#196 = ORIENTED_EDGE ( 'NONE', *, *, #745, .F. ) ;
#197 = CYLINDRICAL_SURFACE ( 'NONE', #1520, 4.000000000000000000 ) ;
#198 = ORIENTED_EDGE ( 'NONE', *, *, #302, .T. ) ;
#199 = VECTOR ( 'NONE', #1134, 1000.000000000000000 ) ;
#200 = VECTOR ( 'NONE', #329, 1000.000000000000000 ) ;
#201 = DIRECTION ( 'NONE',  ( 1.000000000000000000, -0.000000000000000000, 0.000000000000000000 ) ) ;
#202 = VECTOR ( 'NONE', #1022, 1000.000000000000000 ) ;
#203 = DIRECTION ( 'NONE',  ( 1.000000000000000000, -0.000000000000000000, 0.000000000000000000 ) ) ;
#204 = CARTESIAN_POINT ( 'NONE',  ( 47.00000000000000000, 13.13500000000000156, 15.14999999999999325 ) ) ;
#205 = CARTESIAN_POINT ( 'NONE',  ( 2.000000000000001776, 16.50000000000000000, -5.999999999999998224 ) ) ;
#206 = EDGE_CURVE ( 'NONE', #776, #1644, #433, .T. ) ;
#207 = AXIS2_PLACEMENT_3D ( 'NONE', #687, #2312, #711 ) ;
#208 = CIRCLE ( 'NONE', #1363, 2.000000000000000000 ) ;
#209 = ORIENTED_EDGE ( 'NONE', *, *, #1238, .T. ) ;
#210 = LINE ( 'NONE', #2199, #1009 ) ;
#211 = VERTEX_POINT ( 'NONE', #2131 ) ;
#212 = ORIENTED_EDGE ( 'NONE', *, *, #2119, .T. ) ;
#213 = EDGE_CURVE ( 'NONE', #2138, #478, #1209, .T. ) ;
#214 = DIRECTION ( 'NONE',  ( 0.000000000000000000, 0.000000000000000000, 1.000000000000000000 ) ) ;
#215 = ORIENTED_EDGE ( 'NONE', *, *, #1825, .T. ) ;
#216 = DIRECTION ( 'NONE',  ( 0.000000000000000000, 0.000000000000000000, -1.000000000000000000 ) ) ;
#217 = CARTESIAN_POINT ( 'NONE',  ( 0.06556836238618259094, 15.00000000000000178, 14.23321217410142658 ) ) ;
#218 = CARTESIAN_POINT ( 'NONE',  ( -0.6864916731037242759, -16.74999999999999289, 5.346291201783627933 ) ) ;
#219 = ADVANCED_FACE ( 'NONE', ( #1773, #1218 ), #1228, .F. ) ;
#220 = ORIENTED_EDGE ( 'NONE', *, *, #987, .F. ) ;
#221 = CARTESIAN_POINT ( 'NONE',  ( 0.1059594780967176020, 14.16095595454661016, 16.05989648782422208 ) ) ;
#222 = VERTEX_POINT ( 'NONE', #1951 ) ;
#223 = VERTEX_POINT ( 'NONE', #1065 ) ;
#224 = CARTESIAN_POINT ( 'NONE',  ( 47.00000000000000000, 13.13500000000000156, 14.63499999999999446 ) ) ;
#225 = ORIENTED_EDGE ( 'NONE', *, *, #840, .F. ) ;
#226 = EDGE_CURVE ( 'NONE', #437, #1863, #789, .T. ) ;
#227 = CARTESIAN_POINT ( 'NONE',  ( 46.00000000000000000, -16.49999999999999289, 17.99999999999999645 ) ) ;
#228 = DIRECTION ( 'NONE',  ( 0.000000000000000000, 1.000000000000000000, 6.603439192907526451E-17 ) ) ;
#229 = CARTESIAN_POINT ( 'NONE',  ( 4.063508326896275946, -15.49999999999999289, 4.000000000000000000 ) ) ;
#230 = ORIENTED_EDGE ( 'NONE', *, *, #1025, .F. ) ;
#231 = FACE_OUTER_BOUND ( 'NONE', #1920, .T. ) ;
#232 = ORIENTED_EDGE ( 'NONE', *, *, #614, .T. ) ;
#233 = ADVANCED_FACE ( 'NONE', ( #1585 ), #177, .T. ) ;
#234 = VECTOR ( 'NONE', #1064, 1000.000000000000000 ) ;
#235 = CARTESIAN_POINT ( 'NONE',  ( -0.9364916731037241648, 16.74999999999999289, 4.000000000000000000 ) ) ;
#236 = ORIENTED_EDGE ( 'NONE', *, *, #2002, .F. ) ;
#237 = DIRECTION ( 'NONE',  ( -1.000000000000000000, 0.000000000000000000, -4.336808689942017736E-16 ) ) ;
#238 = CARTESIAN_POINT ( 'NONE',  ( 12.00000000000000000, -9.870578585667566250E-15, 12.99999999999999467 ) ) ;
#239 = CARTESIAN_POINT ( 'NONE',  ( 46.00000000000000000, 12.85000000000000142, -16.50000000000000711 ) ) ;
#240 = EDGE_CURVE ( 'NONE', #1820, #405, #1605, .T. ) ;
#241 = VERTEX_POINT ( 'NONE', #2157 ) ;
#242 = AXIS2_PLACEMENT_3D ( 'NONE', #549, #1297, #373 ) ;
#243 = DIRECTION ( 'NONE',  ( 0.000000000000000000, 1.000000000000000000, 0.000000000000000000 ) ) ;
#244 = EDGE_LOOP ( 'NONE', ( #697, #1123 ) ) ;
#245 = DIRECTION ( 'NONE',  ( 0.000000000000000000, 0.000000000000000000, -1.000000000000000000 ) ) ;
#246 = VERTEX_POINT ( 'NONE', #922 ) ;
#247 = LINE ( 'NONE', #1152, #391 ) ;
#248 = DIRECTION ( 'NONE',  ( -1.000000000000000000, -0.000000000000000000, -0.000000000000000000 ) ) ;
#249 = CARTESIAN_POINT ( 'NONE',  ( 0.06350832689627579353, 15.00000000000000178, 14.11655052956853496 ) ) ;
#250 = FACE_OUTER_BOUND ( 'NONE', #1580, .T. ) ;
#251 = EDGE_LOOP ( 'NONE', ( #502, #2139, #134, #1006, #1164, #1826, #1090, #1976 ) ) ;
#252 = EDGE_CURVE ( 'NONE', #1184, #1330, #1806, .T. ) ;
#253 = DIRECTION ( 'NONE',  ( -0.000000000000000000, 0.000000000000000000, 1.000000000000000000 ) ) ;
#254 = ORIENTED_EDGE ( 'NONE', *, *, #1980, .F. ) ;
#255 = CARTESIAN_POINT ( 'NONE',  ( -1.936491673103724054, 15.49999999999999289, 4.000000000000000000 ) ) ;
#256 = ORIENTED_EDGE ( 'NONE', *, *, #1279, .T. ) ;
#257 = DIRECTION ( 'NONE',  ( -1.000000000000000000, 0.000000000000000000, 0.000000000000000000 ) ) ;
#258 = CYLINDRICAL_SURFACE ( 'NONE', #2080, 3.250000000000011546 ) ;
#259 = DIRECTION ( 'NONE',  ( -0.000000000000000000, -1.185325231278994233E-16, 1.000000000000000000 ) ) ;
#260 = DIRECTION ( 'NONE',  ( 7.228014483236695816E-17, -1.000000000000000000, -0.000000000000000000 ) ) ;
#261 = ORIENTED_EDGE ( 'NONE', *, *, #1188, .F. ) ;
#262 = ADVANCED_FACE ( 'NONE', ( #564 ), #1676, .T. ) ;
#263 = DIRECTION ( 'NONE',  ( 0.000000000000000000, 1.000000000000000000, 0.000000000000000000 ) ) ;
#264 = ORIENTED_EDGE ( 'NONE', *, *, #572, .F. ) ;
#265 = CARTESIAN_POINT ( 'NONE',  ( -1.936491673103724054, 15.49999999999999289, -4.000000000000000000 ) ) ;
#266 = ORIENTED_EDGE ( 'NONE', *, *, #824, .F. ) ;
#267 = AXIS2_PLACEMENT_3D ( 'NONE', #1263, #2179, #425 ) ;
#268 = FACE_BOUND ( 'NONE', #173, .T. ) ;
#269 = ADVANCED_BREP_SHAPE_REPRESENTATION ( 'P001-B103_FrontCover_Rev2D-3', ( #186, #2075 ), #896 ) ;
#270 = DIRECTION ( 'NONE',  ( -1.000000000000000000, 0.000000000000000000, 0.000000000000000000 ) ) ;
#271 = VECTOR ( 'NONE', #1599, 1000.000000000000000 ) ;
#272 = CARTESIAN_POINT ( 'NONE',  ( -0.6864916731037242759, -16.74999999999999289, -4.000000000000000000 ) ) ;
#273 = ADVANCED_FACE ( 'NONE', ( #1643 ), #1311, .F. ) ;
#274 = DIRECTION ( 'NONE',  ( -0.000000000000000000, -0.000000000000000000, -1.000000000000000000 ) ) ;
#275 = VERTEX_POINT ( 'NONE', #77 ) ;
#276 = VECTOR ( 'NONE', #2083, 1000.000000000000000 ) ;
#277 = LINE ( 'NONE', #2056, #679 ) ;
#278 = ORIENTED_EDGE ( 'NONE', *, *, #1710, .F. ) ;
#279 = EDGE_CURVE ( 'NONE', #1453, #867, #52, .T. ) ;
#280 = CARTESIAN_POINT ( 'NONE',  ( 46.00000000000000000, -12.84999999999999609, -16.50000000000000711 ) ) ;
#281 = DIRECTION ( 'NONE',  ( 0.000000000000000000, 0.000000000000000000, -1.000000000000000000 ) ) ;
#282 = LINE ( 'NONE', #2062, #1437 ) ;
#283 = CARTESIAN_POINT ( 'NONE',  ( 47.00000000000000000, 12.50000000000000000, 15.99999999999999289 ) ) ;
#284 = EDGE_LOOP ( 'NONE', ( #33, #2150, #1198, #2030 ) ) ;
#285 = DIRECTION ( 'NONE',  ( -1.000000000000000000, 0.000000000000000000, -0.000000000000000000 ) ) ;
#286 = EDGE_LOOP ( 'NONE', ( #1222, #2318, #1946, #371, #183, #2304, #1024, #899 ) ) ;
#287 = VERTEX_POINT ( 'NONE', #753 ) ;
#288 = EDGE_CURVE ( 'NONE', #1534, #374, #2120, .T. ) ;
#289 = DIRECTION ( 'NONE',  ( -1.000000000000000000, 0.000000000000000000, 0.000000000000000000 ) ) ;
#290 = CARTESIAN_POINT ( 'NONE',  ( -0.9364916731037241648, -16.74999999999999289, 5.346291201783627933 ) ) ;
#291 = CARTESIAN_POINT ( 'NONE',  ( 45.00000000000000000, -12.49999999999999289, -16.00000000000000000 ) ) ;
#292 = FACE_OUTER_BOUND ( 'NONE', #1376, .T. ) ;
#293 = FACE_OUTER_BOUND ( 'NONE', #1425, .T. ) ;
#294 = VERTEX_POINT ( 'NONE', #1823 ) ;
#295 = FACE_OUTER_BOUND ( 'NONE', #82, .T. ) ;
#296 = LINE ( 'NONE', #1755, #1705 ) ;
#297 = ORIENTED_EDGE ( 'NONE', *, *, #1939, .T. ) ;
#298 = EDGE_CURVE ( 'NONE', #1696, #1187, #2180, .T. ) ;
#299 = AXIS2_PLACEMENT_3D ( 'NONE', #883, #668, #704 ) ;
#300 = ORIENTED_EDGE ( 'NONE', *, *, #331, .F. ) ;
#301 = CARTESIAN_POINT ( 'NONE',  ( -1.936491673103724054, -15.49999999999999289, -4.000000000000000000 ) ) ;
#302 = EDGE_CURVE ( 'NONE', #770, #2084, #775, .T. ) ;
#303 = CARTESIAN_POINT ( 'NONE',  ( 12.00000000000000000, -3.250000000000011990, 16.49999999999999289 ) ) ;
#304 = ORIENTED_EDGE ( 'NONE', *, *, #2326, .T. ) ;
#305 = AXIS2_PLACEMENT_3D ( 'NONE', #1893, #143, #2074 ) ;
#306 = VECTOR ( 'NONE', #784, 1000.000000000000000 ) ;
#307 = EDGE_CURVE ( 'NONE', #651, #97, #741, .T. ) ;
#308 = LINE ( 'NONE', #1931, #1775 ) ;
#309 = LINE ( 'NONE', #515, #1318 ) ;
#310 = DIRECTION ( 'NONE',  ( 1.000000000000000000, 0.000000000000000000, 0.000000000000000000 ) ) ;
#311 = VERTEX_POINT ( 'NONE', #67 ) ;
#312 = VERTEX_POINT ( 'NONE', #1111 ) ;
#313 = VECTOR ( 'NONE', #1479, 1000.000000000000000 ) ;
#314 = CARTESIAN_POINT ( 'NONE',  ( 0.06996775957201573082, -12.84999999999999609, 16.49999999999999289 ) ) ;
#315 = FACE_OUTER_BOUND ( 'NONE', #1898, .T. ) ;
#316 = DIRECTION ( 'NONE',  ( 0.000000000000000000, 0.000000000000000000, 1.000000000000000000 ) ) ;
#317 = DIRECTION ( 'NONE',  ( -1.000000000000000000, 0.000000000000000000, -4.336808689942017736E-16 ) ) ;
#318 = CARTESIAN_POINT ( 'NONE',  ( 12.00000000000000000, 3.250000000000011990, 16.49999999999999289 ) ) ;
#319 = EDGE_CURVE ( 'NONE', #1566, #1569, #954, .T. ) ;
#320 = ORIENTED_EDGE ( 'NONE', *, *, #2177, .T. ) ;
#321 = CYLINDRICAL_SURFACE ( 'NONE', #1284, 2.149999999999999023 ) ;
#322 = PLANE ( 'NONE',  #1428 ) ;
#323 = DIRECTION ( 'NONE',  ( -1.000000000000000000, 0.000000000000000000, 0.000000000000000000 ) ) ;
#324 = ORIENTED_EDGE ( 'NONE', *, *, #1112, .F. ) ;
#325 = ORIENTED_EDGE ( 'NONE', *, *, #1232, .F. ) ;
#326 = DIRECTION ( 'NONE',  ( 1.000000000000000000, -0.000000000000000000, 0.000000000000000000 ) ) ;
#327 = LINE ( 'NONE', #1967, #2115 ) ;
#328 = EDGE_CURVE ( 'NONE', #1298, #157, #608, .T. ) ;
#329 = DIRECTION ( 'NONE',  ( 4.336808689942014285E-16, -1.000000000000000000, 0.000000000000000000 ) ) ;
#330 = ORIENTED_EDGE ( 'NONE', *, *, #279, .T. ) ;
#331 = EDGE_CURVE ( 'NONE', #665, #312, #1809, .T. ) ;
#332 = CARTESIAN_POINT ( 'NONE',  ( 47.00000000000000000, -12.49999999999999289, 15.99999999999999289 ) ) ;
#333 = LINE ( 'NONE', #865, #1482 ) ;
#334 = ORIENTED_EDGE ( 'NONE', *, *, #298, .F. ) ;
#335 = FACE_OUTER_BOUND ( 'NONE', #398, .T. ) ;
#336 = VERTEX_POINT ( 'NONE', #1471 ) ;
#337 = EDGE_CURVE ( 'NONE', #1103, #640, #2004, .T. ) ;
#338 = EDGE_CURVE ( 'NONE', #651, #734, #2029, .T. ) ;
#339 = DIRECTION ( 'NONE',  ( -1.000000000000000000, 0.000000000000000000, 0.000000000000000000 ) ) ;
#340 = CARTESIAN_POINT ( 'NONE',  ( 46.00000000000000000, -13.65000000000000036, 14.63499999999999446 ) ) ;
#341 = CARTESIAN_POINT ( 'NONE',  ( 0.06350832689627572414, 15.00000000000000178, 14.00000000000000178 ) ) ;
#342 = AXIS2_PLACEMENT_3D ( 'NONE', #819, #1687, #2252 ) ;
#343 = DIRECTION ( 'NONE',  ( -0.000000000000000000, -1.000000000000000000, -0.000000000000000000 ) ) ;
#344 = EDGE_LOOP ( 'NONE', ( #960, #886, #1681, #72 ) ) ;
#345 = TOROIDAL_SURFACE ( 'NONE', #1200, 2.000000000000000000, 2.000000000000000000 ) ;
#346 = CYLINDRICAL_SURFACE ( 'NONE', #394, 2.000000000000000000 ) ;
#347 = DIRECTION ( 'NONE',  ( 0.000000000000000000, 0.000000000000000000, -1.000000000000000000 ) ) ;
#348 = CARTESIAN_POINT ( 'NONE',  ( 45.00000000000000000, 12.50000000000000000, 17.99999999999999645 ) ) ;
#349 = ORIENTED_EDGE ( 'NONE', *, *, #1487, .F. ) ;
#350 = AXIS2_PLACEMENT_3D ( 'NONE', #109, #1889, #607 ) ;
#351 = ORIENTED_EDGE ( 'NONE', *, *, #930, .F. ) ;
#352 = ORIENTED_EDGE ( 'NONE', *, *, #1721, .T. ) ;
#353 = EDGE_CURVE ( 'NONE', #2266, #876, #1835, .T. ) ;
#354 = CIRCLE ( 'NONE', #719, 3.250000000000011546 ) ;
#355 = VECTOR ( 'NONE', #995, 1000.000000000000000 ) ;
#356 = DIRECTION ( 'NONE',  ( 1.000000000000000000, -0.000000000000000000, -0.000000000000000000 ) ) ;
#357 = CARTESIAN_POINT ( 'NONE',  ( 45.00000000000000000, 0.000000000000000000, 15.99999999999999289 ) ) ;
#358 = DIRECTION ( 'NONE',  ( 1.000000000000000000, 0.000000000000000000, 4.336808689942017736E-16 ) ) ;
#359 = ORIENTED_EDGE ( 'NONE', *, *, #1858, .T. ) ;
#360 = CARTESIAN_POINT ( 'NONE',  ( 2.000000000000001776, 14.50000000000000000, 17.99999999999999645 ) ) ;
#361 = CARTESIAN_POINT ( 'NONE',  ( 4.063508326896275946, 16.50000000000000000, -5.999999999999999112 ) ) ;
#362 = ORIENTED_EDGE ( 'NONE', *, *, #678, .F. ) ;
#363 = ORIENTED_EDGE ( 'NONE', *, *, #1570, .T. ) ;
#364 = DIRECTION ( 'NONE',  ( -1.000000000000000000, 0.000000000000000000, -0.000000000000000000 ) ) ;
#365 = ORIENTED_EDGE ( 'NONE', *, *, #849, .T. ) ;
#366 = ADVANCED_FACE ( 'NONE', ( #932 ), #2216, .F. ) ;
#367 = DIRECTION ( 'NONE',  ( 0.000000000000000000, -1.000000000000000000, 0.000000000000000000 ) ) ;
#368 = LINE ( 'NONE', #1615, #2200 ) ;
#369 = ORIENTED_EDGE ( 'NONE', *, *, #1762, .T. ) ;
#370 = LINE ( 'NONE', #1078, #1691 ) ;
#371 = ORIENTED_EDGE ( 'NONE', *, *, #1583, .T. ) ;
#372 = ORIENTED_EDGE ( 'NONE', *, *, #552, .F. ) ;
#373 = DIRECTION ( 'NONE',  ( 0.000000000000000000, 0.000000000000000000, 1.000000000000000000 ) ) ;
#374 = VERTEX_POINT ( 'NONE', #239 ) ;
#375 = EDGE_CURVE ( 'NONE', #1600, #1658, #943, .T. ) ;
#376 = DIRECTION ( 'NONE',  ( 0.000000000000000000, 0.000000000000000000, 1.000000000000000000 ) ) ;
#377 = PLANE ( 'NONE',  #117 ) ;
#378 = FACE_BOUND ( 'NONE', #244, .T. ) ;
#379 = DIRECTION ( 'NONE',  ( -0.000000000000000000, 1.000000000000000000, -0.000000000000000000 ) ) ;
#380 = ORIENTED_EDGE ( 'NONE', *, *, #2076, .F. ) ;
#381 = ADVANCED_FACE ( 'NONE', ( #378, #250 ), #1328, .T. ) ;
#382 = VECTOR ( 'NONE', #15, 1000.000000000000000 ) ;
#383 = CARTESIAN_POINT ( 'NONE',  ( 46.00000000000000000, 13.13500000000000156, -14.63499999999999091 ) ) ;
#384 = CARTESIAN_POINT ( 'NONE',  ( 0.06556836238618296564, 12.73321217410143191, -16.50000000000000711 ) ) ;
#385 = VERTEX_POINT ( 'NONE', #2294 ) ;
#386 = ORIENTED_EDGE ( 'NONE', *, *, #1294, .F. ) ;
#387 = AXIS2_PLACEMENT_3D ( 'NONE', #1244, #1039, #699 ) ;
#388 = EDGE_CURVE ( 'NONE', #2057, #903, #801, .T. ) ;
#389 = CYLINDRICAL_SURFACE ( 'NONE', #1700, 0.5150000000000015676 ) ;
#390 = CARTESIAN_POINT ( 'NONE',  ( 47.00000000000000000, -12.49999999999999289, -16.00000000000000000 ) ) ;
#391 = VECTOR ( 'NONE', #2214, 1000.000000000000000 ) ;
#392 = CARTESIAN_POINT ( 'NONE',  ( 47.00000000000000000, 14.50000000000000000, 13.99999999999999467 ) ) ;
#393 = DIRECTION ( 'NONE',  ( -1.000000000000000000, 0.000000000000000000, 0.000000000000000000 ) ) ;
#394 = AXIS2_PLACEMENT_3D ( 'NONE', #360, #1451, #2327 ) ;
#395 = ORIENTED_EDGE ( 'NONE', *, *, #1526, .F. ) ;
#396 = EDGE_CURVE ( 'NONE', #1863, #891, #764, .T. ) ;
#397 = CARTESIAN_POINT ( 'NONE',  ( 0.09337529874571902366, 13.54386348341108182, 16.38979168057522173 ) ) ;
#398 = EDGE_LOOP ( 'NONE', ( #937, #743, #948, #908 ) ) ;
#399 = VERTEX_POINT ( 'NONE', #1877 ) ;
#400 = FACE_OUTER_BOUND ( 'NONE', #1454, .T. ) ;
#401 = CARTESIAN_POINT ( 'NONE',  ( 46.00000000000000000, -12.49999999999999289, 13.99999999999999467 ) ) ;
#402 = PLANE ( 'NONE',  #566 ) ;
#403 = DIRECTION ( 'NONE',  ( -0.000000000000000000, -1.185325231278994233E-16, 1.000000000000000000 ) ) ;
#404 = CARTESIAN_POINT ( 'NONE',  ( 0.06996775957201617491, 15.00000000000000178, 14.34999999999999432 ) ) ;
#405 = VERTEX_POINT ( 'NONE', #1154 ) ;
#406 = ADVANCED_FACE ( 'NONE', ( #268, #335 ), #974, .F. ) ;
#407 = DIRECTION ( 'NONE',  ( 1.000000000000000000, 0.000000000000000000, 0.000000000000000000 ) ) ;
#408 = ORIENTED_EDGE ( 'NONE', *, *, #1487, .T. ) ;
#409 = ADVANCED_FACE ( 'NONE', ( #1529 ), #1091, .T. ) ;
#410 = DIRECTION ( 'NONE',  ( -0.000000000000000000, -0.000000000000000000, 1.000000000000000000 ) ) ;
#411 = DIRECTION ( 'NONE',  ( -4.336808689942013792E-16, -1.000000000000000000, -0.000000000000000000 ) ) ;
#412 = SHAPE_DEFINITION_REPRESENTATION ( #2290, #269 ) ;
#413 = CARTESIAN_POINT ( 'NONE',  ( -0.6864916731037242759, -16.74999999999999289, 4.000000000000000000 ) ) ;
#414 = ORIENTED_EDGE ( 'NONE', *, *, #1044, .T. ) ;
#415 = CARTESIAN_POINT ( 'NONE',  ( 12.00000000000000000, -9.870578585667566250E-15, 16.49999999999999289 ) ) ;
#416 = ORIENTED_EDGE ( 'NONE', *, *, #135, .F. ) ;
#417 = CIRCLE ( 'NONE', #267, 2.000000000000000000 ) ;
#418 = DIRECTION ( 'NONE',  ( 0.000000000000000000, -1.000000000000000000, 0.000000000000000000 ) ) ;
#419 = EDGE_LOOP ( 'NONE', ( #2174, #644, #1095, #1859 ) ) ;
#420 = VECTOR ( 'NONE', #1037, 1000.000000000000000 ) ;
#421 = CIRCLE ( 'NONE', #1768, 5.000000000000000888 ) ;
#422 = PLANE ( 'NONE',  #1205 ) ;
#423 = EDGE_CURVE ( 'NONE', #1620, #246, #1904, .T. ) ;
#424 = DIRECTION ( 'NONE',  ( 0.000000000000000000, 0.000000000000000000, -1.000000000000000000 ) ) ;
#425 = DIRECTION ( 'NONE',  ( 0.000000000000000000, 0.000000000000000000, -1.000000000000000000 ) ) ;
#426 = DIRECTION ( 'NONE',  ( 1.000000000000000000, -0.000000000000000000, -0.000000000000000000 ) ) ;
#427 = VECTOR ( 'NONE', #1181, 1000.000000000000000 ) ;
#428 = APPLICATION_CONTEXT ( 'automotive_design' ) ;
#429 = ORIENTED_EDGE ( 'NONE', *, *, #736, .T. ) ;
#430 = VECTOR ( 'NONE', #1892, 1000.000000000000000 ) ;
#431 = AXIS2_PLACEMENT_3D ( 'NONE', #1423, #1400, #877 ) ;
#432 = CARTESIAN_POINT ( 'NONE',  ( -1.936491673103724054, 0.000000000000000000, 0.000000000000000000 ) ) ;
#433 = CIRCLE ( 'NONE', #869, 2.000000000000000000 ) ;
#434 = EDGE_LOOP ( 'NONE', ( #1789, #1079, #2012, #709 ) ) ;
#435 = ADVANCED_FACE ( 'NONE', ( #292 ), #121, .F. ) ;
#436 = CARTESIAN_POINT ( 'NONE',  ( 47.00000000000000000, 12.50000000000000000, -16.00000000000000000 ) ) ;
#437 = VERTEX_POINT ( 'NONE', #1349 ) ;
#438 = CARTESIAN_POINT ( 'NONE',  ( 47.00000000000000000, -13.13500000000000156, 15.14999999999999503 ) ) ;
#439 = CARTESIAN_POINT ( 'NONE',  ( 0.06350832689627555760, 14.99999999999993250, 5.999999999999997335 ) ) ;
#440 = CARTESIAN_POINT ( 'NONE',  ( 0.07530697649411707828, 15.00000000000000000, -14.49173658571699974 ) ) ;
#441 = EDGE_CURVE ( 'NONE', #665, #1986, #1750, .T. ) ;
#442 = ORIENTED_EDGE ( 'NONE', *, *, #2326, .F. ) ;
#443 = DIRECTION ( 'NONE',  ( -0.000000000000000000, -0.000000000000000000, -1.000000000000000000 ) ) ;
#444 = EDGE_LOOP ( 'NONE', ( #715, #1270, #1151, #517 ) ) ;
#445 = DIRECTION ( 'NONE',  ( 0.000000000000000000, 0.000000000000000000, -1.000000000000000000 ) ) ;
#446 = ORIENTED_EDGE ( 'NONE', *, *, #944, .F. ) ;
#447 = DIRECTION ( 'NONE',  ( 1.000000000000000000, 0.000000000000000000, -0.000000000000000000 ) ) ;
#448 = ADVANCED_FACE ( 'NONE', ( #1014 ), #837, .T. ) ;
#449 = CARTESIAN_POINT ( 'NONE',  ( 0.06996775957201660512, 12.85000000000000142, -16.50000000000000711 ) ) ;
#450 = LINE ( 'NONE', #2261, #1997 ) ;
#451 = DIRECTION ( 'NONE',  ( 1.000000000000000000, 0.000000000000000000, -0.000000000000000000 ) ) ;
#452 = DIRECTION ( 'NONE',  ( 0.000000000000000000, 0.000000000000000000, 1.000000000000000000 ) ) ;
#453 = CARTESIAN_POINT ( 'NONE',  ( 45.00000000000000000, 16.50000000000000000, -14.00000000000000533 ) ) ;
#454 = EDGE_CURVE ( 'NONE', #1569, #1093, #491, .T. ) ;
#455 = ORIENTED_EDGE ( 'NONE', *, *, #2319, .F. ) ;
#456 = LINE ( 'NONE', #1320, #355 ) ;
#457 = VERTEX_POINT ( 'NONE', #847 ) ;
#458 = CIRCLE ( 'NONE', #968, 2.000000000000001776 ) ;
#459 = CARTESIAN_POINT ( 'NONE',  ( 2.000000000000001776, 12.50000000000000000, 13.99999999999999467 ) ) ;
#460 = AXIS2_PLACEMENT_3D ( 'NONE', #2183, #599, #1102 ) ;
#461 = FACE_OUTER_BOUND ( 'NONE', #128, .T. ) ;
#462 = DIRECTION ( 'NONE',  ( -1.000000000000000000, 0.000000000000000000, -0.000000000000000000 ) ) ;
#463 = CIRCLE ( 'NONE', #1735, 0.5150000000000015676 ) ;
#464 = ORIENTED_EDGE ( 'NONE', *, *, #1725, .F. ) ;
#465 = EDGE_CURVE ( 'NONE', #1634, #457, #327, .T. ) ;
#466 = CIRCLE ( 'NONE', #1441, 5.000000000000000888 ) ;
#467 = DIRECTION ( 'NONE',  ( -0.000000000000000000, -1.000000000000000000, 0.000000000000000000 ) ) ;
#468 = PLANE ( 'NONE',  #1888 ) ;
#469 = ORIENTED_EDGE ( 'NONE', *, *, #1271, .F. ) ;
#470 = ORIENTED_EDGE ( 'NONE', *, *, #1366, .F. ) ;
#471 = CARTESIAN_POINT ( 'NONE',  ( 2.000000000000001776, -16.49999999999999289, -14.00000000000000533 ) ) ;
#472 = CARTESIAN_POINT ( 'NONE',  ( 46.00000000000000000, 12.84999999999999964, 16.49999999999999289 ) ) ;
#473 = FACE_OUTER_BOUND ( 'NONE', #513, .T. ) ;
#474 = EDGE_CURVE ( 'NONE', #180, #1757, #1448, .T. ) ;
#475 = ORIENTED_EDGE ( 'NONE', *, *, #840, .T. ) ;
#476 = DIRECTION ( 'NONE',  ( 0.000000000000000000, 0.000000000000000000, -1.000000000000000000 ) ) ;
#477 = DIRECTION ( 'NONE',  ( 0.000000000000000000, 0.000000000000000000, -1.000000000000000000 ) ) ;
#478 = VERTEX_POINT ( 'NONE', #1084 ) ;
#479 = EDGE_CURVE ( 'NONE', #287, #311, #154, .T. ) ;
#480 = DIRECTION ( 'NONE',  ( 0.000000000000000000, 1.000000000000000000, 0.000000000000000000 ) ) ;
#481 = CARTESIAN_POINT ( 'NONE',  ( -0.9364916731037241648, 16.74999999999999289, 5.346291201783627933 ) ) ;
#482 = VERTEX_POINT ( 'NONE', #205 ) ;
#483 = EDGE_CURVE ( 'NONE', #686, #180, #2117, .T. ) ;
#484 = CARTESIAN_POINT ( 'NONE',  ( 17.51500000000006452, 2.890000000000026326, -18.00000000000000355 ) ) ;
#485 = ORIENTED_EDGE ( 'NONE', *, *, #2307, .F. ) ;
#486 = ORIENTED_EDGE ( 'NONE', *, *, #1157, .T. ) ;
#487 = VECTOR ( 'NONE', #281, 1000.000000000000000 ) ;
#488 = ADVANCED_FACE ( 'NONE', ( #1597 ), #860, .F. ) ;
#489 = CARTESIAN_POINT ( 'NONE',  ( 0.06350832689627682048, -14.99999999999999822, -14.11655052956854561 ) ) ;
#490 = CARTESIAN_POINT ( 'NONE',  ( 15.25000000000001421, -9.870578585667566250E-15, 16.49999999999999289 ) ) ;
#491 = LINE ( 'NONE', #1928, #496 ) ;
#492 = AXIS2_PLACEMENT_3D ( 'NONE', #1992, #1787, #1048 ) ;
#493 = AXIS2_PLACEMENT_3D ( 'NONE', #1542, #263, #113 ) ;
#494 = CARTESIAN_POINT ( 'NONE',  ( 46.00000000000000000, -12.49999999999999289, -18.00000000000000355 ) ) ;
#495 = ORIENTED_EDGE ( 'NONE', *, *, #2248, .T. ) ;
#496 = VECTOR ( 'NONE', #317, 1000.000000000000000 ) ;
#497 = VECTOR ( 'NONE', #1875, 1000.000000000000000 ) ;
#498 = DIRECTION ( 'NONE',  ( -0.000000000000000000, 1.000000000000000000, 0.000000000000000000 ) ) ;
#499 = FACE_OUTER_BOUND ( 'NONE', #2208, .T. ) ;
#500 = EDGE_CURVE ( 'NONE', #1330, #1213, #683, .T. ) ;
#501 = DIRECTION ( 'NONE',  ( -1.000000000000000000, 0.000000000000000000, 0.000000000000000000 ) ) ;
#502 = ORIENTED_EDGE ( 'NONE', *, *, #1899, .F. ) ;
#503 = ORIENTED_EDGE ( 'NONE', *, *, #2189, .F. ) ;
#504 = AXIS2_PLACEMENT_3D ( 'NONE', #698, #1576, #888 ) ;
#505 = CARTESIAN_POINT ( 'NONE',  ( -1.936491673103724054, 15.49999999999999289, 4.000000000000000000 ) ) ;
#506 = VECTOR ( 'NONE', #1431, 1000.000000000000000 ) ;
#507 = EDGE_CURVE ( 'NONE', #2305, #776, #533, .T. ) ;
#508 = CARTESIAN_POINT ( 'NONE',  ( 4.063508326896275946, -15.49999999999999289, 4.000000000000000000 ) ) ;
#509 = DIRECTION ( 'NONE',  ( -1.000000000000000000, 0.000000000000000000, 0.000000000000000000 ) ) ;
#510 = EDGE_CURVE ( 'NONE', #482, #2112, #2132, .T. ) ;
#511 = CARTESIAN_POINT ( 'NONE',  ( 0.06350832689627672334, -14.99999999999999822, -14.00000000000001066 ) ) ;
#512 = CARTESIAN_POINT ( 'NONE',  ( 46.00000000000000000, -14.99999999999999822, 16.49999999999999289 ) ) ;
#513 = EDGE_LOOP ( 'NONE', ( #1959, #2146, #594, #236, #365, #760, #1208, #304, #232, #2259, #1730 ) ) ;
#514 = EDGE_CURVE ( 'NONE', #2228, #2315, #1276, .T. ) ;
#515 = CARTESIAN_POINT ( 'NONE',  ( 0.000000000000000000, -12.84999999999999609, 16.49999999999999289 ) ) ;
#516 = DIRECTION ( 'NONE',  ( 1.000000000000000000, 0.000000000000000000, 0.000000000000000000 ) ) ;
#517 = ORIENTED_EDGE ( 'NONE', *, *, #1570, .F. ) ;
#518 = ORIENTED_EDGE ( 'NONE', *, *, #288, .F. ) ;
#519 = ADVANCED_FACE ( 'NONE', ( #2171 ), #522, .T. ) ;
#520 = DIRECTION ( 'NONE',  ( 1.000000000000000000, -0.000000000000000000, 0.000000000000000000 ) ) ;
#521 = DIRECTION ( 'NONE',  ( 1.000000000000000000, -0.000000000000000000, 0.000000000000000000 ) ) ;
#522 = CYLINDRICAL_SURFACE ( 'NONE', #1160, 2.000000000000001776 ) ;
#523 = CARTESIAN_POINT ( 'NONE',  ( 46.00000000000000000, 12.50000000000000000, -14.00000000000000533 ) ) ;
#524 = ORIENTED_EDGE ( 'NONE', *, *, #338, .F. ) ;
#525 = EDGE_CURVE ( 'NONE', #659, #437, #911, .T. ) ;
#526 = DIRECTION ( 'NONE',  ( 1.000000000000000000, 0.000000000000000000, 0.000000000000000000 ) ) ;
#527 = DIRECTION ( 'NONE',  ( 0.000000000000000000, 0.000000000000000000, -1.000000000000000000 ) ) ;
#528 = ORIENTED_EDGE ( 'NONE', *, *, #2307, .T. ) ;
#529 = B_SPLINE_CURVE_WITH_KNOTS ( 'NONE', 3,
 ( #2035, #1684, #2099, #74 ),
 .UNSPECIFIED., .F., .F.,
 ( 4, 4 ),
 ( 0.000000000000000000, 0.0003491440667509428976 ),
 .UNSPECIFIED. ) ;
#530 = ORIENTED_EDGE ( 'NONE', *, *, #213, .F. ) ;
#531 = EDGE_CURVE ( 'NONE', #2112, #2267, #29, .T. ) ;
#532 = DIRECTION ( 'NONE',  ( -0.000000000000000000, -0.000000000000000000, 1.000000000000000000 ) ) ;
#533 = LINE ( 'NONE', #511, #1544 ) ;
#534 = VECTOR ( 'NONE', #1406, 1000.000000000000000 ) ;
#535 = FACE_OUTER_BOUND ( 'NONE', #782, .T. ) ;
#536 = ORIENTED_EDGE ( 'NONE', *, *, #1607, .T. ) ;
#537 = CARTESIAN_POINT ( 'NONE',  ( 2.000000000000001776, -16.49999999999999289, -14.00000000000000533 ) ) ;
#538 = VERTEX_POINT ( 'NONE', #1066 ) ;
#539 = ADVANCED_FACE ( 'NONE', ( #1807 ), #1760, .F. ) ;
#540 = DIRECTION ( 'NONE',  ( -1.000000000000000000, 0.000000000000000000, 0.000000000000000000 ) ) ;
#541 = ORIENTED_EDGE ( 'NONE', *, *, #1667, .T. ) ;
#542 = CARTESIAN_POINT ( 'NONE',  ( -0.9364916731037241648, 16.74999999999999289, -4.000000000000000000 ) ) ;
#543 =( GEOMETRIC_REPRESENTATION_CONTEXT ( 3 ) GLOBAL_UNCERTAINTY_ASSIGNED_CONTEXT ( ( #1062 ) ) GLOBAL_UNIT_ASSIGNED_CONTEXT ( ( #682, #705, #859 ) ) REPRESENTATION_CONTEXT ( 'NONE', 'WORKASPACE' ) );
#544 = PLANE ( 'NONE',  #299 ) ;
#545 = ORIENTED_EDGE ( 'NONE', *, *, #1182, .F. ) ;
#546 = DIRECTION ( 'NONE',  ( -1.000000000000000000, 0.000000000000000000, 0.000000000000000000 ) ) ;
#547 = EDGE_LOOP ( 'NONE', ( #1426, #1344, #1765, #1002 ) ) ;
#548 = ORIENTED_EDGE ( 'NONE', *, *, #1825, .F. ) ;
#549 = CARTESIAN_POINT ( 'NONE',  ( 46.00000000000000000, -12.84999999999999609, -14.35000000000000853 ) ) ;
#550 = ORIENTED_EDGE ( 'NONE', *, *, #2023, .F. ) ;
#551 = CARTESIAN_POINT ( 'NONE',  ( 4.063508326896275946, 15.49999999999999289, -4.000000000000000000 ) ) ;
#552 = EDGE_CURVE ( 'NONE', #1715, #1978, #874, .T. ) ;
#553 =( LENGTH_UNIT ( ) NAMED_UNIT ( * ) SI_UNIT ( .MILLI., .METRE. ) );
#554 = SURFACE_STYLE_USAGE ( .BOTH. , #1407 ) ;
#555 = DIRECTION ( 'NONE',  ( -1.000000000000000000, -0.000000000000000000, -0.000000000000000000 ) ) ;
#556 = ORIENTED_EDGE ( 'NONE', *, *, #1895, .T. ) ;
#557 = DIRECTION ( 'NONE',  ( -1.000000000000000000, 0.000000000000000000, 0.000000000000000000 ) ) ;
#558 = EDGE_LOOP ( 'NONE', ( #845, #631, #198, #732 ) ) ;
#559 = EDGE_CURVE ( 'NONE', #1575, #312, #458, .T. ) ;
#560 = ORIENTED_EDGE ( 'NONE', *, *, #1025, .T. ) ;
#561 = DIRECTION ( 'NONE',  ( 0.000000000000000000, 0.000000000000000000, 1.000000000000000000 ) ) ;
#562 = DIRECTION ( 'NONE',  ( 1.000000000000000000, -0.000000000000000000, -0.000000000000000000 ) ) ;
#563 = DIRECTION ( 'NONE',  ( 1.000000000000000000, -0.000000000000000000, -0.000000000000000000 ) ) ;
#564 = FACE_OUTER_BOUND ( 'NONE', #558, .T. ) ;
#565 = ORIENTED_EDGE ( 'NONE', *, *, #1435, .T. ) ;
#566 = AXIS2_PLACEMENT_3D ( 'NONE', #51, #1990, #1273 ) ;
#567 = FACE_OUTER_BOUND ( 'NONE', #2135, .T. ) ;
#568 = EDGE_LOOP ( 'NONE', ( #1258, #2022, #2149, #1595, #1115, #700 ) ) ;
#569 = VERTEX_POINT ( 'NONE', #661 ) ;
#570 = CARTESIAN_POINT ( 'NONE',  ( 47.00000000000000000, -13.13500000000000156, 15.14999999999999503 ) ) ;
#571 = ORIENTED_EDGE ( 'NONE', *, *, #1366, .T. ) ;
#572 = EDGE_CURVE ( 'NONE', #385, #1715, #1387, .T. ) ;
#573 = CARTESIAN_POINT ( 'NONE',  ( 0.08937786361430730131, -14.93094682548447771, -14.90862134762195623 ) ) ;
#574 = DIRECTION ( 'NONE',  ( -0.000000000000000000, -1.000000000000000000, 0.000000000000000000 ) ) ;
#575 = AXIS2_PLACEMENT_3D ( 'NONE', #1563, #1381, #1713 ) ;
#576 = ADVANCED_FACE ( 'NONE', ( #499 ), #2082, .T. ) ;
#577 = EDGE_LOOP ( 'NONE', ( #866, #266, #2126, #1355 ) ) ;
#578 = B_SPLINE_CURVE_WITH_KNOTS ( 'NONE', 3,
 ( #805, #1516, #2067, #115 ),
 .UNSPECIFIED., .F., .F.,
 ( 4, 4 ),
 ( 0.000000000000000000, 0.0003500596010260173703 ),
 .UNSPECIFIED. ) ;
#579 = CARTESIAN_POINT ( 'NONE',  ( 17.51500000000006452, 2.890000000000026326, -16.50000000000000711 ) ) ;
#580 = EDGE_CURVE ( 'NONE', #1978, #2228, #2300, .T. ) ;
#581 = ORIENTED_EDGE ( 'NONE', *, *, #952, .T. ) ;
#582 = DIRECTION ( 'NONE',  ( -0.000000000000000000, -1.000000000000000000, -0.000000000000000000 ) ) ;
#583 = ORIENTED_EDGE ( 'NONE', *, *, #2226, .F. ) ;
#584 = ADVANCED_FACE ( 'NONE', ( #295 ), #322, .T. ) ;
#585 = LINE ( 'NONE', #1108, #1924 ) ;
#586 = LINE ( 'NONE', #596, #2197 ) ;
#587 = DIRECTION ( 'NONE',  ( 1.000000000000000000, 0.000000000000000000, 0.000000000000000000 ) ) ;
#588 = DIRECTION ( 'NONE',  ( 0.000000000000000000, 0.000000000000000000, -1.000000000000000000 ) ) ;
#589 = EDGE_LOOP ( 'NONE', ( #2221, #1140, #416, #1101 ) ) ;
#590 = DIRECTION ( 'NONE',  ( -0.000000000000000000, -1.000000000000000000, -0.000000000000000000 ) ) ;
#591 = ORIENTED_EDGE ( 'NONE', *, *, #465, .T. ) ;
#592 = EDGE_CURVE ( 'NONE', #2301, #671, #2066, .T. ) ;
#593 = DIRECTION ( 'NONE',  ( -1.000000000000000000, -0.000000000000000000, -0.000000000000000000 ) ) ;
#594 = ORIENTED_EDGE ( 'NONE', *, *, #31, .F. ) ;
#595 = DIRECTION ( 'NONE',  ( 4.336808689942014285E-16, 1.000000000000000000, 0.000000000000000000 ) ) ;
#596 = CARTESIAN_POINT ( 'NONE',  ( -1.936491673103724054, 15.49999999999999289, 4.000000000000000000 ) ) ;
#597 = DIRECTION ( 'NONE',  ( 1.000000000000000000, 1.445602896647339163E-16, 0.000000000000000000 ) ) ;
#598 = ORIENTED_EDGE ( 'NONE', *, *, #1013, .F. ) ;
#599 = DIRECTION ( 'NONE',  ( -0.000000000000000000, -0.000000000000000000, -1.000000000000000000 ) ) ;
#600 = EDGE_CURVE ( 'NONE', #1782, #749, #126, .T. ) ;
#601 = VERTEX_POINT ( 'NONE', #2279 ) ;
#602 = DIRECTION ( 'NONE',  ( 1.000000000000000000, -0.000000000000000000, -0.000000000000000000 ) ) ;
#603 = EDGE_LOOP ( 'NONE', ( #1474, #2264, #69, #1648 ) ) ;
#604 = EDGE_CURVE ( 'NONE', #659, #1566, #2100, .T. ) ;
#605 = AXIS2_PLACEMENT_3D ( 'NONE', #1383, #462, #1175 ) ;
#606 = DIRECTION ( 'NONE',  ( 0.000000000000000000, 0.000000000000000000, -1.000000000000000000 ) ) ;
#607 = DIRECTION ( 'NONE',  ( 0.000000000000000000, 0.000000000000000000, -1.000000000000000000 ) ) ;
#608 = LINE ( 'NONE', #1497, #612 ) ;
#609 = AXIS2_PLACEMENT_3D ( 'NONE', #894, #1821, #376 ) ;
#610 = ORIENTED_EDGE ( 'NONE', *, *, #614, .F. ) ;
#611 = CARTESIAN_POINT ( 'NONE',  ( 0.06350832689627672334, -14.99999999999999822, -5.999999999999998224 ) ) ;
#612 = VECTOR ( 'NONE', #574, 1000.000000000000000 ) ;
#613 = ORIENTED_EDGE ( 'NONE', *, *, #1828, .F. ) ;
#614 = EDGE_CURVE ( 'NONE', #1480, #986, #309, .T. ) ;
#615 = ORIENTED_EDGE ( 'NONE', *, *, #1324, .F. ) ;
#616 = CARTESIAN_POINT ( 'NONE',  ( 2.000000000000000000, 14.50000000000000000, 13.99999999999999467 ) ) ;
#617 = CARTESIAN_POINT ( 'NONE',  ( 0.06350832689627672334, -14.99999999999999822, 13.99999999999999289 ) ) ;
#618 = CARTESIAN_POINT ( 'NONE',  ( 0.1059587324181974766, 14.16116126914025131, -16.05967230500779408 ) ) ;
#619 = ADVANCED_FACE ( 'NONE', ( #2303 ), #1601, .F. ) ;
#620 = CARTESIAN_POINT ( 'NONE',  ( 0.06350832689627672334, -14.99999999999999822, -14.00000000000001066 ) ) ;
#621 = PLANE ( 'NONE',  #1248 ) ;
#622 = DIRECTION ( 'NONE',  ( 0.000000000000000000, 0.000000000000000000, -1.000000000000000000 ) ) ;
#623 = ORIENTED_EDGE ( 'NONE', *, *, #2076, .T. ) ;
#624 = DIRECTION ( 'NONE',  ( 0.000000000000000000, 0.000000000000000000, -1.000000000000000000 ) ) ;
#625 = ORIENTED_EDGE ( 'NONE', *, *, #2063, .T. ) ;
#626 = CARTESIAN_POINT ( 'NONE',  ( 0.000000000000000000, -14.99999999999999822, -14.35000000000000853 ) ) ;
#627 = CARTESIAN_POINT ( 'NONE',  ( 47.00000000000000000, 13.64999999999999858, 14.63499999999999446 ) ) ;
#628 = DIRECTION ( 'NONE',  ( -1.000000000000000000, 0.000000000000000000, 0.000000000000000000 ) ) ;
#629 = EDGE_CURVE ( 'NONE', #1625, #1283, #2147, .T. ) ;
#630 = CARTESIAN_POINT ( 'NONE',  ( 46.00000000000000000, -12.84999999999999609, -16.50000000000000711 ) ) ;
#631 = ORIENTED_EDGE ( 'NONE', *, *, #952, .F. ) ;
#632 = DIRECTION ( 'NONE',  ( 1.000000000000000000, -0.000000000000000000, -0.000000000000000000 ) ) ;
#633 = FACE_OUTER_BOUND ( 'NONE', #1415, .T. ) ;
#634 = VERTEX_POINT ( 'NONE', #2313 ) ;
#635 = VECTOR ( 'NONE', #1089, 1000.000000000000000 ) ;
#636 = EDGE_CURVE ( 'NONE', #634, #385, #2109, .T. ) ;
#637 = DIRECTION ( 'NONE',  ( -1.000000000000000000, 0.000000000000000000, 0.000000000000000000 ) ) ;
#638 = DIRECTION ( 'NONE',  ( 1.000000000000000000, -0.000000000000000000, -0.000000000000000000 ) ) ;
#639 = LINE ( 'NONE', #494, #1547 ) ;
#640 = VERTEX_POINT ( 'NONE', #725 ) ;
#641 = CIRCLE ( 'NONE', #2087, 0.5149999999999997913 ) ;
#642 = EDGE_CURVE ( 'NONE', #211, #241, #195, .T. ) ;
#643 = CARTESIAN_POINT ( 'NONE',  ( -1.936491673103724054, 16.24999999999999289, -4.000000000000000000 ) ) ;
#644 = ORIENTED_EDGE ( 'NONE', *, *, #2152, .T. ) ;
#645 = LINE ( 'NONE', #1704, #794 ) ;
#646 = LINE ( 'NONE', #104, #1515 ) ;
#647 = ORIENTED_EDGE ( 'NONE', *, *, #1526, .T. ) ;
#648 = DIRECTION ( 'NONE',  ( 0.000000000000000000, 0.000000000000000000, -1.000000000000000000 ) ) ;
#649 = FACE_OUTER_BOUND ( 'NONE', #766, .T. ) ;
#650 = ORIENTED_EDGE ( 'NONE', *, *, #756, .T. ) ;
#651 = VERTEX_POINT ( 'NONE', #1763 ) ;
#652 = EDGE_CURVE ( 'NONE', #2084, #1453, #1582, .T. ) ;
#653 = CARTESIAN_POINT ( 'NONE',  ( 0.07531178132438107187, -12.99186413630100212, 16.50000000000000000 ) ) ;
#654 = CARTESIAN_POINT ( 'NONE',  ( 46.00000000000000000, 15.00000000000000178, -14.35000000000000853 ) ) ;
#655 = FACE_OUTER_BOUND ( 'NONE', #1936, .T. ) ;
#656 = DIRECTION ( 'NONE',  ( 0.000000000000000000, -1.000000000000000000, 0.000000000000000000 ) ) ;
#657 = EDGE_CURVE ( 'NONE', #839, #294, #1256, .T. ) ;
#658 = DIRECTION ( 'NONE',  ( -0.000000000000000000, -0.000000000000000000, 1.000000000000000000 ) ) ;
#659 = VERTEX_POINT ( 'NONE', #1975 ) ;
#660 = CARTESIAN_POINT ( 'NONE',  ( 46.00000000000000000, 12.85000000000000142, -14.35000000000000853 ) ) ;
#661 = CARTESIAN_POINT ( 'NONE',  ( 47.00000000000000000, -14.49999999999999467, 13.99999999999999467 ) ) ;
#662 = CARTESIAN_POINT ( 'NONE',  ( 46.00000000000000000, 3.250000000000015099, 16.49999999999999289 ) ) ;
#663 = ORIENTED_EDGE ( 'NONE', *, *, #98, .T. ) ;
#664 = CARTESIAN_POINT ( 'NONE',  ( 0.08029915301313343690, 14.98612074811562245, -14.63136446082923570 ) ) ;
#665 = VERTEX_POINT ( 'NONE', #1623 ) ;
#666 = EDGE_CURVE ( 'NONE', #22, #275, #1791, .T. ) ;
#667 = CARTESIAN_POINT ( 'NONE',  ( 45.00000000000000000, -14.49999999999999467, -14.00000000000000355 ) ) ;
#668 = DIRECTION ( 'NONE',  ( 1.000000000000000000, -0.000000000000000000, 0.000000000000000000 ) ) ;
#669 = AXIS2_PLACEMENT_3D ( 'NONE', #688, #1590, #1801 ) ;
#670 = CARTESIAN_POINT ( 'NONE',  ( 0.08030811730523536307, -13.13161514051374290, -16.48609606050344212 ) ) ;
#671 = VERTEX_POINT ( 'NONE', #2136 ) ;
#672 = AXIS2_PLACEMENT_3D ( 'NONE', #1082, #941, #1795 ) ;
#673 = CARTESIAN_POINT ( 'NONE',  ( -1.936491673103724054, 15.49999999999999289, -4.000000000000000000 ) ) ;
#674 = FACE_OUTER_BOUND ( 'NONE', #1824, .T. ) ;
#675 = FACE_OUTER_BOUND ( 'NONE', #958, .T. ) ;
#676 = ORIENTED_EDGE ( 'NONE', *, *, #2296, .T. ) ;
#677 = ORIENTED_EDGE ( 'NONE', *, *, #1871, .T. ) ;
#678 = EDGE_CURVE ( 'NONE', #891, #5, #885, .T. ) ;
#679 = VECTOR ( 'NONE', #771, 1000.000000000000000 ) ;
#680 = VECTOR ( 'NONE', #2273, 1000.000000000000000 ) ;
#681 = DIRECTION ( 'NONE',  ( 0.000000000000000000, -1.000000000000000000, 0.000000000000000000 ) ) ;
#682 =( LENGTH_UNIT ( ) NAMED_UNIT ( * ) SI_UNIT ( .MILLI., .METRE. ) );
#683 = LINE ( 'NONE', #1616, #420 ) ;
#684 = EDGE_CURVE ( 'NONE', #1757, #311, #86, .T. ) ;
#685 = PLANE ( 'NONE',  #1280 ) ;
#686 = VERTEX_POINT ( 'NONE', #1224 ) ;
#687 = CARTESIAN_POINT ( 'NONE',  ( 45.00000000000000000, 12.50000000000000000, -16.00000000000000000 ) ) ;
#688 = CARTESIAN_POINT ( 'NONE',  ( 12.00000000000000000, -9.870578585667566250E-15, 17.99999999999999645 ) ) ;
#689 = ORIENTED_EDGE ( 'NONE', *, *, #792, .F. ) ;
#690 = EDGE_LOOP ( 'NONE', ( #470, #1498, #1778, #1752, #1536, #735, #677 ) ) ;
#691 = VERTEX_POINT ( 'NONE', #1436 ) ;
#692 = CARTESIAN_POINT ( 'NONE',  ( 2.000000000000001776, -16.49999999999999289, 15.99999999999999289 ) ) ;
#693 = DIRECTION ( 'NONE',  ( 0.000000000000000000, 0.000000000000000000, -1.000000000000000000 ) ) ;
#694 = DIRECTION ( 'NONE',  ( -0.000000000000000000, -0.000000000000000000, 1.000000000000000000 ) ) ;
#695 = CARTESIAN_POINT ( 'NONE',  ( 0.09993263620556058768, -13.80314685791346818, -16.28228044056885082 ) ) ;
#696 = EDGE_CURVE ( 'NONE', #241, #275, #710, .T. ) ;
#697 = ORIENTED_EDGE ( 'NONE', *, *, #738, .T. ) ;
#698 = CARTESIAN_POINT ( 'NONE',  ( 2.000000000000001776, -14.49999999999999467, 17.99999999999999645 ) ) ;
#699 = DIRECTION ( 'NONE',  ( 0.000000000000000000, 0.000000000000000000, 1.000000000000000000 ) ) ;
#700 = ORIENTED_EDGE ( 'NONE', *, *, #1105, .F. ) ;
#701 = EDGE_LOOP ( 'NONE', ( #2043, #175, #689, #2293 ) ) ;
#702 = EDGE_CURVE ( 'NONE', #1830, #1068, #1054, .T. ) ;
#703 = CARTESIAN_POINT ( 'NONE',  ( -1.936491673103724054, -16.24999999999999289, 4.000000000000000000 ) ) ;
#704 = DIRECTION ( 'NONE',  ( 0.000000000000000000, 0.000000000000000000, -1.000000000000000000 ) ) ;
#705 =( NAMED_UNIT ( * ) PLANE_ANGLE_UNIT ( ) SI_UNIT ( $, .RADIAN. ) );
#706 = DIRECTION ( 'NONE',  ( -1.000000000000000000, -0.000000000000000000, -0.000000000000000000 ) ) ;
#707 = EDGE_CURVE ( 'NONE', #2112, #1566, #1424, .T. ) ;
#708 = VECTOR ( 'NONE', #1551, 1000.000000000000000 ) ;
#709 = ORIENTED_EDGE ( 'NONE', *, *, #337, .F. ) ;
#710 = CIRCLE ( 'NONE', #669, 3.250000000000011546 ) ;
#711 = DIRECTION ( 'NONE',  ( 0.000000000000000000, 0.000000000000000000, 1.000000000000000000 ) ) ;
#712 = CARTESIAN_POINT ( 'NONE',  ( 2.000000000000001776, 14.50000000000000000, 17.99999999999999645 ) ) ;
#713 = VERTEX_POINT ( 'NONE', #1452 ) ;
#714 = MECHANICAL_DESIGN_GEOMETRIC_PRESENTATION_REPRESENTATION (  '', ( #20 ), #543 ) ;
#715 = ORIENTED_EDGE ( 'NONE', *, *, #1993, .F. ) ;
#716 = ADVANCED_FACE ( 'NONE', ( #674 ), #1815, .T. ) ;
#717 = CARTESIAN_POINT ( 'NONE',  ( 47.00000000000000000, 13.13500000000000156, -14.63499999999999091 ) ) ;
#718 = CIRCLE ( 'NONE', #609, 2.000000000000000000 ) ;
#719 = AXIS2_PLACEMENT_3D ( 'NONE', #1880, #1012, #133 ) ;
#720 = CIRCLE ( 'NONE', #207, 2.000000000000000000 ) ;
#721 = DIRECTION ( 'NONE',  ( 1.000000000000000000, 0.000000000000000000, -0.000000000000000000 ) ) ;
#722 = CARTESIAN_POINT ( 'NONE',  ( 2.000000000000001776, 12.50000000000000000, 17.99999999999999645 ) ) ;
#723 = CARTESIAN_POINT ( 'NONE',  ( 45.00000000000000000, 14.50000000000000000, 13.99999999999999467 ) ) ;
#724 = ORIENTED_EDGE ( 'NONE', *, *, #525, .F. ) ;
#725 = CARTESIAN_POINT ( 'NONE',  ( 46.00000000000000000, 15.00000000000000178, 14.34999999999999432 ) ) ;
#726 = ORIENTED_EDGE ( 'NONE', *, *, #666, .T. ) ;
#727 = ORIENTED_EDGE ( 'NONE', *, *, #2274, .T. ) ;
#728 = ADVANCED_FACE ( 'NONE', ( #1609 ), #3, .T. ) ;
#729 = LINE ( 'NONE', #1457, #825 ) ;
#730 = CARTESIAN_POINT ( 'NONE',  ( 0.06350832689627572414, 15.00000000000000178, 14.00000000000000178 ) ) ;
#731 = DIRECTION ( 'NONE',  ( 1.000000000000000000, 0.000000000000000000, 4.336808689942017736E-16 ) ) ;
#732 = ORIENTED_EDGE ( 'NONE', *, *, #1185, .T. ) ;
#733 = DIRECTION ( 'NONE',  ( -0.000000000000000000, -0.000000000000000000, -1.000000000000000000 ) ) ;
#734 = VERTEX_POINT ( 'NONE', #1577 ) ;
#735 = ORIENTED_EDGE ( 'NONE', *, *, #37, .F. ) ;
#736 = EDGE_CURVE ( 'NONE', #1658, #1296, #370, .T. ) ;
#737 = LINE ( 'NONE', #570, #164 ) ;
#738 = EDGE_CURVE ( 'NONE', #1317, #1830, #421, .T. ) ;
#739 = FACE_OUTER_BOUND ( 'NONE', #1909, .T. ) ;
#740 = DIRECTION ( 'NONE',  ( 1.000000000000000000, 0.000000000000000000, 4.336808689942017736E-16 ) ) ;
#741 = LINE ( 'NONE', #218, #1433 ) ;
#742 = EDGE_CURVE ( 'NONE', #1978, #839, #1655, .T. ) ;
#743 = ORIENTED_EDGE ( 'NONE', *, *, #328, .T. ) ;
#744 = CARTESIAN_POINT ( 'NONE',  ( 0.08032094826945140875, 14.98609534819326683, 14.63194709422157480 ) ) ;
#745 = EDGE_CURVE ( 'NONE', #1830, #1317, #1962, .T. ) ;
#746 = VERTEX_POINT ( 'NONE', #2231 ) ;
#747 = AXIS2_PLACEMENT_3D ( 'NONE', #523, #1067, #1941 ) ;
#748 = FACE_OUTER_BOUND ( 'NONE', #434, .T. ) ;
#749 = VERTEX_POINT ( 'NONE', #2031 ) ;
#750 = DIRECTION ( 'NONE',  ( -1.000000000000000000, 0.000000000000000000, -0.000000000000000000 ) ) ;
#751 = AXIS2_PLACEMENT_3D ( 'NONE', #841, #1854, #595 ) ;
#752 = DIRECTION ( 'NONE',  ( 0.000000000000000000, 0.000000000000000000, -1.000000000000000000 ) ) ;
#753 = CARTESIAN_POINT ( 'NONE',  ( 47.00000000000000000, -13.13500000000000156, -15.14999999999999325 ) ) ;
#754 = AXIS2_PLACEMENT_3D ( 'NONE', #1285, #540, #45 ) ;
#755 = ORIENTED_EDGE ( 'NONE', *, *, #1805, .T. ) ;
#756 = EDGE_CURVE ( 'NONE', #2267, #1569, #778, .T. ) ;
#757 = DIRECTION ( 'NONE',  ( -1.000000000000000000, 0.000000000000000000, -0.000000000000000000 ) ) ;
#758 = VERTEX_POINT ( 'NONE', #1847 ) ;
#759 = DIRECTION ( 'NONE',  ( 0.000000000000000000, 0.000000000000000000, 1.000000000000000000 ) ) ;
#760 = ORIENTED_EDGE ( 'NONE', *, *, #913, .T. ) ;
#761 = FACE_OUTER_BOUND ( 'NONE', #1286, .T. ) ;
#762 = LINE ( 'NONE', #1685, #1475 ) ;
#763 = DIRECTION ( 'NONE',  ( 0.000000000000000000, 0.000000000000000000, -1.000000000000000000 ) ) ;
#764 = B_SPLINE_CURVE_WITH_KNOTS ( 'NONE', 3,
 ( #85, #440, #664, #2051, #1538, #1686, #1891, #1145, #110, #2241, #618, #1337, #1935, #1214, #2060, #2127, #1947, #449 ),
 .UNSPECIFIED., .F., .F.,
 ( 4, 2, 2, 2, 2, 2, 2, 2, 4 ),
 ( -0.001679688507281597082, -0.001259672950539938302, -0.0008396573937982794141, -0.0004196418370566205262, 3.737196850382533408E-07, 0.0004203892764266970328, 0.0008404048331683560292, 0.001260420389910014592, 0.001680435946651673588 ),
 .UNSPECIFIED. ) ;
#765 = FACE_OUTER_BOUND ( 'NONE', #547, .T. ) ;
#766 = EDGE_LOOP ( 'NONE', ( #464, #261, #334, #1846 ) ) ;
#767 = B_SPLINE_CURVE_WITH_KNOTS ( 'NONE', 3,
 ( #947, #1331, #1316, #42, #397, #1139, #2210, #221, #1657, #925, #2042, #2021, #70, #744, #1476, #404 ),
 .UNSPECIFIED., .F., .F.,
 ( 4, 2, 2, 2, 2, 2, 2, 4 ),
 ( 0.000000000000000000, 0.0004210105768430529613, 0.0008420211536861059226, 0.001263031730529158830, 0.001684042307372211845, 0.002526063461058310287, 0.002947074037901357014, 0.003368084614744404175 ),
 .UNSPECIFIED. ) ;
#768 = ADVANCED_FACE ( 'NONE', ( #567 ), #956, .F. ) ;
#769 = CARTESIAN_POINT ( 'NONE',  ( -1.936491673103724054, 15.49999999999999289, -4.000000000000000000 ) ) ;
#770 = VERTEX_POINT ( 'NONE', #1295 ) ;
#771 = DIRECTION ( 'NONE',  ( -1.000000000000000000, 0.000000000000000000, 0.000000000000000000 ) ) ;
#772 = ORIENTED_EDGE ( 'NONE', *, *, #2104, .F. ) ;
#773 = DIRECTION ( 'NONE',  ( -1.000000000000000000, -0.000000000000000000, -4.336808689942017736E-16 ) ) ;
#774 = DIRECTION ( 'NONE',  ( 0.000000000000000000, -0.000000000000000000, 1.000000000000000000 ) ) ;
#775 = LINE ( 'NONE', #2207, #1739 ) ;
#776 = VERTEX_POINT ( 'NONE', #611 ) ;
#777 = EDGE_CURVE ( 'NONE', #2165, #1838, #767, .T. ) ;
#778 = LINE ( 'NONE', #1635, #938 ) ;
#779 = EDGE_LOOP ( 'NONE', ( #1237, #1723, #2102, #1390 ) ) ;
#780 = VECTOR ( 'NONE', #1606, 1000.000000000000000 ) ;
#781 = DIRECTION ( 'NONE',  ( 0.000000000000000000, 0.000000000000000000, 1.000000000000000000 ) ) ;
#782 = EDGE_LOOP ( 'NONE', ( #73, #1868, #455, #320 ) ) ;
#783 = EDGE_CURVE ( 'NONE', #538, #758, #2054, .T. ) ;
#784 = DIRECTION ( 'NONE',  ( 0.000000000000000000, 1.000000000000000000, 0.000000000000000000 ) ) ;
#785 = LINE ( 'NONE', #1521, #1694 ) ;
#786 = VECTOR ( 'NONE', #259, 1000.000000000000000 ) ;
#787 = CIRCLE ( 'NONE', #2113, 2.000000000000000000 ) ;
#788 = CYLINDRICAL_SURFACE ( 'NONE', #1470, 2.000000000000001776 ) ;
#789 = B_SPLINE_CURVE_WITH_KNOTS ( 'NONE', 3,
 ( #153, #2170, #1036, #884 ),
 .UNSPECIFIED., .F., .F.,
 ( 4, 4 ),
 ( 0.000000000000000000, 0.0003500596010260173703 ),
 .UNSPECIFIED. ) ;
#790 = DIRECTION ( 'NONE',  ( 0.000000000000000000, 0.000000000000000000, 1.000000000000000000 ) ) ;
#791 = AXIS2_PLACEMENT_3D ( 'NONE', #383, #1053, #1974 ) ;
#792 = EDGE_CURVE ( 'NONE', #1439, #2301, #210, .T. ) ;
#793 = CARTESIAN_POINT ( 'NONE',  ( 0.06350832689627551597, -12.50000000000000000, 16.49999999999999289 ) ) ;
#794 = VECTOR ( 'NONE', #112, 1000.000000000000000 ) ;
#795 = EDGE_LOOP ( 'NONE', ( #1836, #2013, #1593, #1033 ) ) ;
#796 = DIRECTION ( 'NONE',  ( 0.000000000000000000, 0.000000000000000000, -1.000000000000000000 ) ) ;
#797 = ORIENTED_EDGE ( 'NONE', *, *, #1157, .F. ) ;
#798 = CARTESIAN_POINT ( 'NONE',  ( 47.00000000000000000, 14.50000000000000000, 13.99999999999999822 ) ) ;
#799 = ADVANCED_FACE ( 'NONE', ( #1114 ), #32, .T. ) ;
#800 = FACE_OUTER_BOUND ( 'NONE', #2175, .T. ) ;
#801 = LINE ( 'NONE', #1042, #786 ) ;
#802 = CARTESIAN_POINT ( 'NONE',  ( 4.063508326896275058, -15.00000000000000000, -5.999999999999998224 ) ) ;
#803 = CARTESIAN_POINT ( 'NONE',  ( 47.00000000000000000, 13.65000000000000213, -14.63499999999999091 ) ) ;
#804 = ORIENTED_EDGE ( 'NONE', *, *, #707, .F. ) ;
#805 = CARTESIAN_POINT ( 'NONE',  ( 0.06350832689627644578, -12.49999999999999289, -16.50000000000000711 ) ) ;
#806 = ORIENTED_EDGE ( 'NONE', *, *, #1450, .F. ) ;
#807 = ADVANCED_FACE ( 'NONE', ( #231 ), #1461, .F. ) ;
#808 = DIRECTION ( 'NONE',  ( -1.000000000000000000, -0.000000000000000000, -0.000000000000000000 ) ) ;
#809 = ADVANCED_FACE ( 'NONE', ( #936 ), #58, .T. ) ;
#810 = CARTESIAN_POINT ( 'NONE',  ( 0.06996775957201725737, -14.99999999999999822, -14.35000000000000853 ) ) ;
#811 = PLANE ( 'NONE',  #1327 ) ;
#812 = EDGE_CURVE ( 'NONE', #22, #923, #1356, .T. ) ;
#813 = FACE_OUTER_BOUND ( 'NONE', #603, .T. ) ;
#814 = ORIENTED_EDGE ( 'NONE', *, *, #500, .F. ) ;
#815 = PLANE ( 'NONE',  #1662 ) ;
#816 = VERTEX_POINT ( 'NONE', #1680 ) ;
#817 = VECTOR ( 'NONE', #1420, 1000.000000000000000 ) ;
#818 = AXIS2_PLACEMENT_3D ( 'NONE', #1234, #526, #347 ) ;
#819 = CARTESIAN_POINT ( 'NONE',  ( 45.00000000000000000, -12.49999999999999289, 15.99999999999999289 ) ) ;
#820 = CIRCLE ( 'NONE', #53, 2.000000000000000000 ) ;
#821 = ORIENTED_EDGE ( 'NONE', *, *, #1717, .T. ) ;
#822 = DIRECTION ( 'NONE',  ( 1.000000000000000000, 0.000000000000000000, -0.000000000000000000 ) ) ;
#823 = FACE_OUTER_BOUND ( 'NONE', #94, .T. ) ;
#824 = EDGE_CURVE ( 'NONE', #157, #2301, #1391, .T. ) ;
#825 = VECTOR ( 'NONE', #562, 1000.000000000000000 ) ;
#826 = ORIENTED_EDGE ( 'NONE', *, *, #696, .F. ) ;
#827 = TOROIDAL_SURFACE ( 'NONE', #1055, 2.000000000000000000, 2.000000000000000000 ) ;
#828 = CIRCLE ( 'NONE', #1398, 4.000000000000000000 ) ;
#829 = VECTOR ( 'NONE', #1099, 1000.000000000000000 ) ;
#830 = CARTESIAN_POINT ( 'NONE',  ( -1.936491673103724054, -15.49999999999999289, 4.000000000000000000 ) ) ;
#831 = CARTESIAN_POINT ( 'NONE',  ( -0.9364916731037241648, -16.74999999999999289, 4.000000000000000000 ) ) ;
#832 = ORIENTED_EDGE ( 'NONE', *, *, #2277, .T. ) ;
#833 = CIRCLE ( 'NONE', #1734, 2.000000000000000000 ) ;
#834 = VERTEX_POINT ( 'NONE', #630 ) ;
#835 = CARTESIAN_POINT ( 'NONE',  ( 0.06556836238618349300, -14.99999999999999822, -14.23321217410143902 ) ) ;
#836 = CYLINDRICAL_SURFACE ( 'NONE', #1972, 2.149999999999999023 ) ;
#837 = PLANE ( 'NONE',  #1201 ) ;
#838 = CARTESIAN_POINT ( 'NONE',  ( 2.000000000000001776, -14.49999999999999467, -14.00000000000000533 ) ) ;
#839 = VERTEX_POINT ( 'NONE', #283 ) ;
#840 = EDGE_CURVE ( 'NONE', #538, #1611, #1692, .T. ) ;
#841 = CARTESIAN_POINT ( 'NONE',  ( -0.6864916731037242759, -16.74999999999999289, 5.346291201783627933 ) ) ;
#842 = CARTESIAN_POINT ( 'NONE',  ( 46.00000000000000000, -12.49999999999999289, 17.99999999999999645 ) ) ;
#843 = CARTESIAN_POINT ( 'NONE',  ( 46.00000000000000000, -13.13500000000000156, 15.14999999999999503 ) ) ;
#844 = EDGE_LOOP ( 'NONE', ( #1087, #727, #264, #1178 ) ) ;
#845 = ORIENTED_EDGE ( 'NONE', *, *, #388, .F. ) ;
#846 = FILL_AREA_STYLE_COLOUR ( '', #124 ) ;
#847 = CARTESIAN_POINT ( 'NONE',  ( -0.9364916731037241648, -16.74999999999999289, 4.000000000000000000 ) ) ;
#848 = CARTESIAN_POINT ( 'NONE',  ( 0.1068512570294154751, -14.27107202998090685, -15.96946025618690257 ) ) ;
#849 = EDGE_CURVE ( 'NONE', #223, #2095, #2244, .T. ) ;
#850 = ORIENTED_EDGE ( 'NONE', *, *, #742, .F. ) ;
#851 = DIRECTION ( 'NONE',  ( -1.000000000000000000, 0.000000000000000000, -0.000000000000000000 ) ) ;
#852 = DIRECTION ( 'NONE',  ( 0.000000000000000000, 0.000000000000000000, -1.000000000000000000 ) ) ;
#853 = DIRECTION ( 'NONE',  ( 1.000000000000000000, 2.168404344971008868E-16, 0.000000000000000000 ) ) ;
#854 = ORIENTED_EDGE ( 'NONE', *, *, #1618, .F. ) ;
#855 = CARTESIAN_POINT ( 'NONE',  ( 0.1032065187963052411, -13.93275282117946112, 16.22843867464550627 ) ) ;
#856 = EDGE_CURVE ( 'NONE', #2159, #399, #2287, .T. ) ;
#857 = VECTOR ( 'NONE', #1834, 1000.000000000000000 ) ;
#858 = CARTESIAN_POINT ( 'NONE',  ( -0.6864916731037240538, -16.24999999999999289, 5.346291201783627933 ) ) ;
#859 =( NAMED_UNIT ( * ) SI_UNIT ( $, .STERADIAN. ) SOLID_ANGLE_UNIT ( ) );
#860 = PLANE ( 'NONE',  #6 ) ;
#861 = AXIS2_PLACEMENT_3D ( 'NONE', #712, #2162, #546 ) ;
#862 = CARTESIAN_POINT ( 'NONE',  ( 0.08932778435937281658, -13.40703191219960644, -16.43132864196314102 ) ) ;
#863 = ORIENTED_EDGE ( 'NONE', *, *, #1463, .F. ) ;
#864 = CARTESIAN_POINT ( 'NONE',  ( 0.06350832689627644578, 12.50000000000000711, -16.50000000000000711 ) ) ;
#865 = CARTESIAN_POINT ( 'NONE',  ( -1.936491673103724054, -15.49999999999999289, 4.000000000000000000 ) ) ;
#866 = ORIENTED_EDGE ( 'NONE', *, *, #1589, .T. ) ;
#867 = VERTEX_POINT ( 'NONE', #1371 ) ;
#868 = VECTOR ( 'NONE', #2161, 1000.000000000000000 ) ;
#869 = AXIS2_PLACEMENT_3D ( 'NONE', #1027, #532, #509 ) ;
#870 = VECTOR ( 'NONE', #1727, 1000.000000000000000 ) ;
#871 = ADVANCED_FACE ( 'NONE', ( #293 ), #1524, .F. ) ;
#872 = FACE_OUTER_BOUND ( 'NONE', #444, .T. ) ;
#873 = DIRECTION ( 'NONE',  ( 0.8944271909999157444, -0.4472135954999582608, 0.000000000000000000 ) ) ;
#874 = LINE ( 'NONE', #2323, #1961 ) ;
#875 = PLANE ( 'NONE',  #1884 ) ;
#876 = VERTEX_POINT ( 'NONE', #1158 ) ;
#877 = DIRECTION ( 'NONE',  ( -1.000000000000000000, -7.228014483236695816E-17, 0.000000000000000000 ) ) ;
#878 = DIRECTION ( 'NONE',  ( 1.000000000000000000, 1.445602896647339163E-16, -0.000000000000000000 ) ) ;
#879 = ORIENTED_EDGE ( 'NONE', *, *, #629, .T. ) ;
#880 = VERTEX_POINT ( 'NONE', #1906 ) ;
#881 = CARTESIAN_POINT ( 'NONE',  ( 0.09337529874571971755, -14.88979168057522529, 15.04386348341107826 ) ) ;
#882 = B_SPLINE_CURVE_WITH_KNOTS ( 'NONE', 3,
 ( #1341, #1714, #2064, #2262 ),
 .UNSPECIFIED., .F., .F.,
 ( 4, 4 ),
 ( 0.000000000000000000, 0.0003500596010260138466 ),
 .UNSPECIFIED. ) ;
#883 = CARTESIAN_POINT ( 'NONE',  ( 4.063508326896275946, 16.50000000000000000, 6.000000000000000888 ) ) ;
#884 = CARTESIAN_POINT ( 'NONE',  ( 0.06996775957201356588, 15.00000000000000178, -14.35000000000000853 ) ) ;
#885 = B_SPLINE_CURVE_WITH_KNOTS ( 'NONE', 3,
 ( #1995, #384, #2124, #864 ),
 .UNSPECIFIED., .F., .F.,
 ( 4, 4 ),
 ( 0.000000000000000000, 0.0003491440667509412171 ),
 .UNSPECIFIED. ) ;
#886 = ORIENTED_EDGE ( 'NONE', *, *, #2189, .T. ) ;
#887 = ADVANCED_FACE ( 'NONE', ( #813 ), #122, .T. ) ;
#888 = DIRECTION ( 'NONE',  ( 1.000000000000000000, 0.000000000000000000, 0.000000000000000000 ) ) ;
#889 = DIRECTION ( 'NONE',  ( 0.000000000000000000, -0.000000000000000000, 1.000000000000000000 ) ) ;
#890 = ORIENTED_EDGE ( 'NONE', *, *, #1379, .F. ) ;
#891 = VERTEX_POINT ( 'NONE', #993 ) ;
#892 = DIRECTION ( 'NONE',  ( 1.000000000000000000, 0.000000000000000000, 0.000000000000000000 ) ) ;
#893 = ORIENTED_EDGE ( 'NONE', *, *, #240, .T. ) ;
#894 = CARTESIAN_POINT ( 'NONE',  ( 2.000000000000001776, 12.50000000000000000, -16.00000000000000000 ) ) ;
#895 = CARTESIAN_POINT ( 'NONE',  ( 0.06996775957201356588, 12.84999999999999964, 16.49999999999999289 ) ) ;
#896 =( GEOMETRIC_REPRESENTATION_CONTEXT ( 3 ) GLOBAL_UNCERTAINTY_ASSIGNED_CONTEXT ( ( #1418 ) ) GLOBAL_UNIT_ASSIGNED_CONTEXT ( ( #553, #27, #1822 ) ) REPRESENTATION_CONTEXT ( 'NONE', 'WORKASPACE' ) );
#897 = PRESENTATION_STYLE_ASSIGNMENT (( #554 ) ) ;
#898 = CARTESIAN_POINT ( 'NONE',  ( 47.00000000000000000, -13.65000000000000036, 14.63499999999999446 ) ) ;
#899 = ORIENTED_EDGE ( 'NONE', *, *, #510, .T. ) ;
#900 = ADVANCED_FACE ( 'NONE', ( #823 ), #345, .T. ) ;
#901 = CARTESIAN_POINT ( 'NONE',  ( 0.06350832689627561312, 16.50000000000000000, -5.999999999999999112 ) ) ;
#902 = CARTESIAN_POINT ( 'NONE',  ( 12.00000000000000000, -3.250000000000011990, 17.99999999999999645 ) ) ;
#903 = VERTEX_POINT ( 'NONE', #2097 ) ;
#904 = AXIS2_PLACEMENT_3D ( 'NONE', #1122, #1843, #597 ) ;
#905 = VECTOR ( 'NONE', #1144, 1000.000000000000000 ) ;
#906 = ORIENTED_EDGE ( 'NONE', *, *, #1147, .T. ) ;
#907 = CARTESIAN_POINT ( 'NONE',  ( 2.000000000000001776, -16.49999999999999289, 13.99999999999999467 ) ) ;
#908 = ORIENTED_EDGE ( 'NONE', *, *, #1271, .T. ) ;
#909 = FACE_OUTER_BOUND ( 'NONE', #1352, .T. ) ;
#910 = CARTESIAN_POINT ( 'NONE',  ( 46.00000000000000000, 12.85000000000000142, -14.35000000000000853 ) ) ;
#911 = LINE ( 'NONE', #341, #817 ) ;
#912 = EDGE_LOOP ( 'NONE', ( #1268, #1977, #1005, #1466, #2325, #528, #536, #2247 ) ) ;
#913 = EDGE_CURVE ( 'NONE', #2095, #2165, #882, .T. ) ;
#914 = DIRECTION ( 'NONE',  ( -1.000000000000000000, 0.000000000000000000, -0.000000000000000000 ) ) ;
#915 = ORIENTED_EDGE ( 'NONE', *, *, #279, .F. ) ;
#916 = ORIENTED_EDGE ( 'NONE', *, *, #1878, .T. ) ;
#917 = EDGE_CURVE ( 'NONE', #2228, #665, #1016, .T. ) ;
#918 = LINE ( 'NONE', #1804, #313 ) ;
#919 = ADVANCED_FACE ( 'NONE', ( #1870 ), #1192, .F. ) ;
#920 = CARTESIAN_POINT ( 'NONE',  ( -0.6864916731037242759, 16.74999999999999289, 4.000000000000000000 ) ) ;
#921 = CARTESIAN_POINT ( 'NONE',  ( 0.1024845426506002521, -13.92659410515550000, -16.21635919548710447 ) ) ;
#922 = CARTESIAN_POINT ( 'NONE',  ( -0.9364916731037241648, 16.74999999999999289, -4.000000000000000000 ) ) ;
#923 = VERTEX_POINT ( 'NONE', #303 ) ;
#924 = EDGE_CURVE ( 'NONE', #157, #2138, #639, .T. ) ;
#925 = CARTESIAN_POINT ( 'NONE',  ( 0.1068548877190732133, 14.56807619982530078, 15.67253662128721992 ) ) ;
#926 = EDGE_LOOP ( 'NONE', ( #2172, #149, #2098, #486 ) ) ;
#927 = DIRECTION ( 'NONE',  ( 0.000000000000000000, 0.000000000000000000, 1.000000000000000000 ) ) ;
#928 = ORIENTED_EDGE ( 'NONE', *, *, #856, .T. ) ;
#929 = DIRECTION ( 'NONE',  ( 0.000000000000000000, 0.000000000000000000, -1.000000000000000000 ) ) ;
#930 = EDGE_CURVE ( 'NONE', #1439, #2305, #820, .T. ) ;
#931 = DIRECTION ( 'NONE',  ( -1.000000000000000000, 0.000000000000000000, -0.000000000000000000 ) ) ;
#932 = FACE_OUTER_BOUND ( 'NONE', #2276, .T. ) ;
#933 = EDGE_LOOP ( 'NONE', ( #1051, #550, #548, #772 ) ) ;
#934 = CIRCLE ( 'NONE', #1239, 4.000000000000000000 ) ;
#935 = AXIS2_PLACEMENT_3D ( 'NONE', #2257, #984, #1932 ) ;
#936 = FACE_OUTER_BOUND ( 'NONE', #419, .T. ) ;
#937 = ORIENTED_EDGE ( 'NONE', *, *, #2319, .T. ) ;
#938 = VECTOR ( 'NONE', #590, 1000.000000000000000 ) ;
#939 = VECTOR ( 'NONE', #1310, 1000.000000000000000 ) ;
#940 = ORIENTED_EDGE ( 'NONE', *, *, #783, .T. ) ;
#941 = DIRECTION ( 'NONE',  ( -1.000000000000000000, 0.000000000000000000, 0.000000000000000000 ) ) ;
#942 = PLANE ( 'NONE',  #2268 ) ;
#943 = LINE ( 'NONE', #1665, #1010 ) ;
#944 = EDGE_CURVE ( 'NONE', #1534, #640, #646, .T. ) ;
#945 = AXIS2_PLACEMENT_3D ( 'NONE', #901, #1069, #851 ) ;
#946 = EDGE_LOOP ( 'NONE', ( #1636, #55, #625, #225 ) ) ;
#947 = CARTESIAN_POINT ( 'NONE',  ( 0.06996775957201356588, 12.84999999999999964, 16.49999999999999289 ) ) ;
#948 = ORIENTED_EDGE ( 'NONE', *, *, #924, .T. ) ;
#949 = DIRECTION ( 'NONE',  ( -1.000000000000000000, 0.000000000000000000, 0.000000000000000000 ) ) ;
#950 = EDGE_LOOP ( 'NONE', ( #1072, #172, #1548, #650 ) ) ;
#951 = PLANE ( 'NONE',  #751 ) ;
#952 = EDGE_CURVE ( 'NONE', #770, #2057, #1364, .T. ) ;
#953 = CARTESIAN_POINT ( 'NONE',  ( 47.00000000000000000, -13.65000000000000036, 14.63499999999999446 ) ) ;
#954 = LINE ( 'NONE', #1301, #2011 ) ;
#955 = ORIENTED_EDGE ( 'NONE', *, *, #1805, .F. ) ;
#956 = CYLINDRICAL_SURFACE ( 'NONE', #2077, 5.000000000000000888 ) ;
#957 = ADVANCED_FACE ( 'NONE', ( #2078 ), #2230, .T. ) ;
#958 = EDGE_LOOP ( 'NONE', ( #123, #2090, #1848, #1958 ) ) ;
#959 = LINE ( 'NONE', #1127, #1852 ) ;
#960 = ORIENTED_EDGE ( 'NONE', *, *, #1221, .F. ) ;
#961 = CARTESIAN_POINT ( 'NONE',  ( 47.00000000000000000, -13.13500000000000156, 14.63499999999999446 ) ) ;
#962 = DIRECTION ( 'NONE',  ( -0.000000000000000000, -0.000000000000000000, 1.000000000000000000 ) ) ;
#963 = ADVANCED_FACE ( 'NONE', ( #473 ), #685, .T. ) ;
#964 = DIRECTION ( 'NONE',  ( 0.000000000000000000, 0.000000000000000000, -1.000000000000000000 ) ) ;
#965 = DIRECTION ( 'NONE',  ( 0.000000000000000000, 0.000000000000000000, -1.000000000000000000 ) ) ;
#966 = DIRECTION ( 'NONE',  ( 0.000000000000000000, 1.000000000000000000, 0.000000000000000000 ) ) ;
#967 = ORIENTED_EDGE ( 'NONE', *, *, #1085, .T. ) ;
#968 = AXIS2_PLACEMENT_3D ( 'NONE', #1219, #1940, #476 ) ;
#969 = DIRECTION ( 'NONE',  ( 1.000000000000000000, -0.000000000000000000, -0.000000000000000000 ) ) ;
#970 = ORIENTED_EDGE ( 'NONE', *, *, #226, .T. ) ;
#971 = VECTOR ( 'NONE', #1706, 1000.000000000000000 ) ;
#972 = CARTESIAN_POINT ( 'NONE',  ( 47.00000000000000000, -13.13500000000000156, -14.63499999999999091 ) ) ;
#973 = DIRECTION ( 'NONE',  ( 0.000000000000000000, -1.000000000000000000, 0.000000000000000000 ) ) ;
#974 = PLANE ( 'NONE',  #975 ) ;
#975 = AXIS2_PLACEMENT_3D ( 'NONE', #1702, #1766, #102 ) ;
#976 = VECTOR ( 'NONE', #1143, 1000.000000000000000 ) ;
#977 = CARTESIAN_POINT ( 'NONE',  ( 46.00000000000000000, 13.13500000000000156, -15.14999999999999147 ) ) ;
#978 = DIRECTION ( 'NONE',  ( 0.000000000000000000, 1.000000000000000000, 6.603439192907526451E-17 ) ) ;
#979 = AXIS2_PLACEMENT_3D ( 'NONE', #1354, #602, #1343 ) ;
#980 = VECTOR ( 'NONE', #2321, 1000.000000000000000 ) ;
#981 = DIRECTION ( 'NONE',  ( -0.000000000000000000, -0.000000000000000000, -1.000000000000000000 ) ) ;
#982 = ADVANCED_FACE ( 'NONE', ( #1751 ), #875, .F. ) ;
#983 = ORIENTED_EDGE ( 'NONE', *, *, #507, .T. ) ;
#984 = DIRECTION ( 'NONE',  ( -1.000000000000000000, 0.000000000000000000, -0.000000000000000000 ) ) ;
#985 = LINE ( 'NONE', #1535, #2008 ) ;
#986 = VERTEX_POINT ( 'NONE', #1761 ) ;
#987 = EDGE_CURVE ( 'NONE', #1226, #1994, #2299, .T. ) ;
#988 = CARTESIAN_POINT ( 'NONE',  ( 2.000000000000001776, -16.49999999999999289, -16.00000000000000000 ) ) ;
#989 = ADVANCED_FACE ( 'NONE', ( #144 ), #1289, .T. ) ;
#990 = CARTESIAN_POINT ( 'NONE',  ( 2.000000000000001776, -12.49999999999999289, -14.00000000000000178 ) ) ;
#991 = ORIENTED_EDGE ( 'NONE', *, *, #913, .F. ) ;
#992 = DIRECTION ( 'NONE',  ( 0.000000000000000000, 0.000000000000000000, -1.000000000000000000 ) ) ;
#993 = CARTESIAN_POINT ( 'NONE',  ( 0.06996775957201660512, 12.85000000000000142, -16.50000000000000711 ) ) ;
#994 = EDGE_LOOP ( 'NONE', ( #1, #806, #300, #1918 ) ) ;
#995 = DIRECTION ( 'NONE',  ( -1.000000000000000000, 0.000000000000000000, 0.000000000000000000 ) ) ;
#996 = ORIENTED_EDGE ( 'NONE', *, *, #1618, .T. ) ;
#997 = ORIENTED_EDGE ( 'NONE', *, *, #1204, .F. ) ;
#998 = EDGE_CURVE ( 'NONE', #1555, #222, #2096, .T. ) ;
#999 = CARTESIAN_POINT ( 'NONE',  ( 4.063508326896275946, 16.50000000000000000, -5.999999999999999112 ) ) ;
#1000 = CARTESIAN_POINT ( 'NONE',  ( 12.51500000000006452, 2.890000000000026326, -2.357864376269051654 ) ) ;
#1001 = CARTESIAN_POINT ( 'NONE',  ( 0.06350832689627672334, -14.99999999999999822, -14.00000000000001066 ) ) ;
#1002 = ORIENTED_EDGE ( 'NONE', *, *, #483, .T. ) ;
#1003 = DIRECTION ( 'NONE',  ( 0.000000000000000000, -1.000000000000000000, 0.000000000000000000 ) ) ;
#1004 = DIRECTION ( 'NONE',  ( 1.000000000000000000, -0.000000000000000000, -0.000000000000000000 ) ) ;
#1005 = ORIENTED_EDGE ( 'NONE', *, *, #1450, .T. ) ;
#1006 = ORIENTED_EDGE ( 'NONE', *, *, #652, .F. ) ;
#1007 = AXIS2_PLACEMENT_3D ( 'NONE', #176, #520, #1925 ) ;
#1008 = ADVANCED_FACE ( 'NONE', ( #535 ), #1397, .T. ) ;
#1009 = VECTOR ( 'NONE', #1860, 1000.000000000000000 ) ;
#1010 = VECTOR ( 'NONE', #426, 1000.000000000000000 ) ;
#1011 = CARTESIAN_POINT ( 'NONE',  ( 2.000000000000001776, 3.250000000000013323, 15.99999999999999289 ) ) ;
#1012 = DIRECTION ( 'NONE',  ( 0.000000000000000000, 0.000000000000000000, -1.000000000000000000 ) ) ;
#1013 = EDGE_CURVE ( 'NONE', #1093, #62, #787, .T. ) ;
#1014 = FACE_OUTER_BOUND ( 'NONE', #284, .T. ) ;
#1015 = VECTOR ( 'NONE', #808, 1000.000000000000000 ) ;
#1016 = LINE ( 'NONE', #453, #1241 ) ;
#1017 = CIRCLE ( 'NONE', #1020, 4.000000000000000000 ) ;
#1018 = VERTEX_POINT ( 'NONE', #1206 ) ;
#1019 = CIRCLE ( 'NONE', #17, 2.149999999999999023 ) ;
#1020 = AXIS2_PLACEMENT_3D ( 'NONE', #1708, #2246, #107 ) ;
#1021 = TOROIDAL_SURFACE ( 'NONE', #59, 2.000000000000000000, 2.000000000000000000 ) ;
#1022 = DIRECTION ( 'NONE',  ( -0.000000000000000000, 0.000000000000000000, 1.000000000000000000 ) ) ;
#1023 = CARTESIAN_POINT ( 'NONE',  ( 2.000000000000001776, -3.250000000000013323, 15.99999999999999289 ) ) ;
#1024 = ORIENTED_EDGE ( 'NONE', *, *, #163, .T. ) ;
#1025 = EDGE_CURVE ( 'NONE', #311, #2122, #2017, .T. ) ;
#1026 = LINE ( 'NONE', #1748, #1274 ) ;
#1027 = CARTESIAN_POINT ( 'NONE',  ( 2.000000000000001776, -14.49999999999999467, -5.999999999999998224 ) ) ;
#1028 = CARTESIAN_POINT ( 'NONE',  ( 4.063508326896275946, 16.50000000000000000, -5.999999999999999112 ) ) ;
#1029 = VERTEX_POINT ( 'NONE', #318 ) ;
#1030 = EDGE_CURVE ( 'NONE', #876, #1330, #50, .T. ) ;
#1031 = DIRECTION ( 'NONE',  ( 1.000000000000000000, 0.000000000000000000, -0.000000000000000000 ) ) ;
#1032 = CARTESIAN_POINT ( 'NONE',  ( 0.06996775957202050478, -14.99999999999999822, 14.34999999999999432 ) ) ;
#1033 = ORIENTED_EDGE ( 'NONE', *, *, #696, .T. ) ;
#1034 = DIRECTION ( 'NONE',  ( -0.000000000000000000, 1.000000000000000000, -0.000000000000000000 ) ) ;
#1035 = PRODUCT ( 'P001-B103_FrontCover_Rev2D-3', 'P001-B103_FrontCover_Rev2D-3', '', ( #1642 ) ) ;
#1036 = CARTESIAN_POINT ( 'NONE',  ( 0.06557529347707140299, 15.00000000000000178, -14.23339616909050953 ) ) ;
#1037 = DIRECTION ( 'NONE',  ( -0.000000000000000000, -0.000000000000000000, 1.000000000000000000 ) ) ;
#1038 = EDGE_LOOP ( 'NONE', ( #1741, #1142, #2233, #369 ) ) ;
#1039 = DIRECTION ( 'NONE',  ( 1.000000000000000000, 0.000000000000000000, -0.000000000000000000 ) ) ;
#1040 = CYLINDRICAL_SURFACE ( 'NONE', #155, 2.000000000000001776 ) ;
#1041 = VERTEX_POINT ( 'NONE', #1788 ) ;
#1042 = CARTESIAN_POINT ( 'NONE',  ( 46.00000000000000000, 13.64999999999999858, 14.63499999999999446 ) ) ;
#1043 = ORIENTED_EDGE ( 'NONE', *, *, #514, .F. ) ;
#1044 = EDGE_CURVE ( 'NONE', #1226, #1117, #1833, .T. ) ;
#1045 = CIRCLE ( 'NONE', #44, 2.000000000000000000 ) ;
#1046 = CYLINDRICAL_SURFACE ( 'NONE', #1579, 2.000000000000001776 ) ;
#1047 = CARTESIAN_POINT ( 'NONE',  ( 4.063508326896275946, 16.50000000000000000, 6.000000000000000888 ) ) ;
#1048 = DIRECTION ( 'NONE',  ( 1.000000000000000000, 0.000000000000000000, 0.000000000000000000 ) ) ;
#1049 = AXIS2_PLACEMENT_3D ( 'NONE', #2218, #1511, #1837 ) ;
#1050 = VECTOR ( 'NONE', #2059, 1000.000000000000000 ) ;
#1051 = ORIENTED_EDGE ( 'NONE', *, *, #465, .F. ) ;
#1052 = AXIS2_PLACEMENT_3D ( 'NONE', #1262, #1288, #2204 ) ;
#1053 = DIRECTION ( 'NONE',  ( 1.000000000000000000, 0.000000000000000000, -0.000000000000000000 ) ) ;
#1054 = LINE ( 'NONE', #1955, #1808 ) ;
#1055 = AXIS2_PLACEMENT_3D ( 'NONE', #1203, #1720, #1172 ) ;
#1056 = CARTESIAN_POINT ( 'NONE',  ( 45.00000000000000000, -14.49999999999999467, 13.99999999999999467 ) ) ;
#1057 = ORIENTED_EDGE ( 'NONE', *, *, #1063, .T. ) ;
#1058 = ORIENTED_EDGE ( 'NONE', *, *, #2070, .T. ) ;
#1059 = VECTOR ( 'NONE', #2280, 1000.000000000000000 ) ;
#1060 = VECTOR ( 'NONE', #638, 1000.000000000000000 ) ;
#1061 = EDGE_LOOP ( 'NONE', ( #19, #1104, #996, #1907 ) ) ;
#1062 = UNCERTAINTY_MEASURE_WITH_UNIT (LENGTH_MEASURE( 1.000000000000000082E-05 ), #682, 'distance_accuracy_value', 'NONE');
#1063 = EDGE_CURVE ( 'NONE', #80, #713, #1421, .T. ) ;
#1064 = DIRECTION ( 'NONE',  ( 0.000000000000000000, 0.000000000000000000, -1.000000000000000000 ) ) ;
#1065 = CARTESIAN_POINT ( 'NONE',  ( 0.06350832689629225258, 3.250000000000013323, 16.49999999999998934 ) ) ;
#1066 = CARTESIAN_POINT ( 'NONE',  ( 0.06350832689627555760, -14.99999999999992539, 5.999999999999997335 ) ) ;
#1067 = DIRECTION ( 'NONE',  ( -1.000000000000000000, 0.000000000000000000, 0.000000000000000000 ) ) ;
#1068 = VERTEX_POINT ( 'NONE', #2324 ) ;
#1069 = DIRECTION ( 'NONE',  ( 0.000000000000000000, 0.000000000000000000, -1.000000000000000000 ) ) ;
#1070 = DIRECTION ( 'NONE',  ( -0.000000000000000000, -0.000000000000000000, 1.000000000000000000 ) ) ;
#1071 = ORIENTED_EDGE ( 'NONE', *, *, #2119, .F. ) ;
#1072 = ORIENTED_EDGE ( 'NONE', *, *, #454, .T. ) ;
#1073 = CYLINDRICAL_SURFACE ( 'NONE', #1553, 2.149999999999999023 ) ;
#1074 = ORIENTED_EDGE ( 'NONE', *, *, #1308, .T. ) ;
#1075 = DIRECTION ( 'NONE',  ( -1.000000000000000000, 0.000000000000000000, -0.000000000000000000 ) ) ;
#1076 = DIRECTION ( 'NONE',  ( 0.000000000000000000, 0.000000000000000000, -1.000000000000000000 ) ) ;
#1077 = ORIENTED_EDGE ( 'NONE', *, *, #1960, .F. ) ;
#1078 = CARTESIAN_POINT ( 'NONE',  ( 4.063508326896275946, 15.49999999999999289, 4.000000000000000000 ) ) ;
#1079 = ORIENTED_EDGE ( 'NONE', *, *, #777, .T. ) ;
#1080 = ADVANCED_FACE ( 'NONE', ( #179 ), #1468, .T. ) ;
#1081 = DIRECTION ( 'NONE',  ( -1.000000000000000000, -0.000000000000000000, -0.000000000000000000 ) ) ;
#1082 = CARTESIAN_POINT ( 'NONE',  ( 2.000000000000001776, -12.49999999999999289, -14.00000000000000178 ) ) ;
#1083 = DIRECTION ( 'NONE',  ( 1.000000000000000000, -0.000000000000000000, -0.000000000000000000 ) ) ;
#1084 = CARTESIAN_POINT ( 'NONE',  ( 0.06350832689627644578, -12.49999999999999289, -16.50000000000000711 ) ) ;
#1085 = EDGE_CURVE ( 'NONE', #405, #222, #100, .T. ) ;
#1086 = AXIS2_PLACEMENT_3D ( 'NONE', #1668, #243, #1499 ) ;
#1087 = ORIENTED_EDGE ( 'NONE', *, *, #2239, .F. ) ;
#1088 = VECTOR ( 'NONE', #228, 1000.000000000000000 ) ;
#1089 = DIRECTION ( 'NONE',  ( 0.000000000000000000, 0.000000000000000000, -1.000000000000000000 ) ) ;
#1090 = ORIENTED_EDGE ( 'NONE', *, *, #111, .F. ) ;
#1091 = TOROIDAL_SURFACE ( 'NONE', #305, 2.000000000000000000, 2.000000000000000000 ) ;
#1092 = TOROIDAL_SURFACE ( 'NONE', #1549, 2.000000000000000000, 2.000000000000000000 ) ;
#1093 = VERTEX_POINT ( 'NONE', #439 ) ;
#1094 = FACE_OUTER_BOUND ( 'NONE', #701, .T. ) ;
#1095 = ORIENTED_EDGE ( 'NONE', *, *, #2023, .T. ) ;
#1096 = AXIS2_PLACEMENT_3D ( 'NONE', #961, #1031, #63 ) ;
#1097 = DIRECTION ( 'NONE',  ( -1.000000000000000000, 0.000000000000000000, -0.000000000000000000 ) ) ;
#1098 = APPLICATION_PROTOCOL_DEFINITION ( 'draft international standard', 'automotive_design', 1998, #428 ) ;
#1099 = DIRECTION ( 'NONE',  ( -1.000000000000000000, -0.000000000000000000, -0.000000000000000000 ) ) ;
#1100 = EDGE_CURVE ( 'NONE', #758, #80, #785, .T. ) ;
#1101 = ORIENTED_EDGE ( 'NONE', *, *, #1871, .F. ) ;
#1102 = DIRECTION ( 'NONE',  ( 1.000000000000000000, 0.000000000000000000, 0.000000000000000000 ) ) ;
#1103 = VERTEX_POINT ( 'NONE', #1153 ) ;
#1104 = ORIENTED_EDGE ( 'NONE', *, *, #206, .T. ) ;
#1105 = EDGE_CURVE ( 'NONE', #1611, #1954, #2269, .T. ) ;
#1106 = DIRECTION ( 'NONE',  ( -1.000000000000000000, -0.000000000000000000, -0.000000000000000000 ) ) ;
#1107 = ORIENTED_EDGE ( 'NONE', *, *, #474, .T. ) ;
#1108 = CARTESIAN_POINT ( 'NONE',  ( 12.00000000000000000, 3.250000000000011990, 12.99999999999999467 ) ) ;
#1109 = CARTESIAN_POINT ( 'NONE',  ( 0.1059594780967203637, -14.16095595454660483, -16.05989648782423984 ) ) ;
#1110 = CARTESIAN_POINT ( 'NONE',  ( 4.063508326896275946, 16.24999999999999289, 4.000000000000000000 ) ) ;
#1111 = CARTESIAN_POINT ( 'NONE',  ( 47.00000000000000000, 14.50000000000000000, -14.00000000000000533 ) ) ;
#1112 = EDGE_CURVE ( 'NONE', #1994, #2281, #2240, .T. ) ;
#1113 = ORIENTED_EDGE ( 'NONE', *, *, #1182, .T. ) ;
#1114 = FACE_OUTER_BOUND ( 'NONE', #690, .T. ) ;
#1115 = ORIENTED_EDGE ( 'NONE', *, *, #1581, .F. ) ;
#1116 = DIRECTION ( 'NONE',  ( -1.000000000000000000, 0.000000000000000000, 0.000000000000000000 ) ) ;
#1117 = VERTEX_POINT ( 'NONE', #1300 ) ;
#1118 = ADVANCED_FACE ( 'NONE', ( #800 ), #1866, .T. ) ;
#1119 = CARTESIAN_POINT ( 'NONE',  ( 2.000000000000001776, 12.50000000000000000, -18.00000000000000355 ) ) ;
#1120 = CARTESIAN_POINT ( 'NONE',  ( 2.000000000000001776, 16.50000000000000000, 13.99999999999999467 ) ) ;
#1121 = FACE_OUTER_BOUND ( 'NONE', #912, .T. ) ;
#1122 = CARTESIAN_POINT ( 'NONE',  ( 12.00000000000000000, -3.250000000000011990, 12.99999999999999467 ) ) ;
#1123 = ORIENTED_EDGE ( 'NONE', *, *, #745, .T. ) ;
#1124 = VECTOR ( 'NONE', #2072, 1000.000000000000000 ) ;
#1125 = DIRECTION ( 'NONE',  ( -1.000000000000000000, 0.000000000000000000, 0.000000000000000000 ) ) ;
#1126 = ORIENTED_EDGE ( 'NONE', *, *, #2222, .T. ) ;
#1127 = CARTESIAN_POINT ( 'NONE',  ( -0.9364916731037241648, 16.74999999999999289, 4.000000000000000000 ) ) ;
#1128 = ORIENTED_EDGE ( 'NONE', *, *, #1973, .F. ) ;
#1129 = VECTOR ( 'NONE', #1388, 1000.000000000000000 ) ;
#1130 = CARTESIAN_POINT ( 'NONE',  ( 46.00000000000000000, -16.49999999999999289, 17.99999999999999645 ) ) ;
#1131 = AXIS2_PLACEMENT_3D ( 'NONE', #227, #929, #750 ) ;
#1132 = DIRECTION ( 'NONE',  ( 0.000000000000000000, -1.000000000000000000, 0.000000000000000000 ) ) ;
#1133 = CARTESIAN_POINT ( 'NONE',  ( 46.00000000000000000, -14.99999999999999822, 16.49999999999999289 ) ) ;
#1134 = DIRECTION ( 'NONE',  ( 0.000000000000000000, 0.000000000000000000, -1.000000000000000000 ) ) ;
#1135 = AXIS2_PLACEMENT_3D ( 'NONE', #484, #1210, #257 ) ;
#1136 = ADVANCED_FACE ( 'NONE', ( #1664 ), #258, .F. ) ;
#1137 = AXIS2_PLACEMENT_3D ( 'NONE', #910, #1486, #1991 ) ;
#1138 = ORIENTED_EDGE ( 'NONE', *, *, #2274, .F. ) ;
#1139 = CARTESIAN_POINT ( 'NONE',  ( 0.09993263620555811744, 13.80314685791347884, 16.28228044056884372 ) ) ;
#1140 = ORIENTED_EDGE ( 'NONE', *, *, #1112, .T. ) ;
#1141 = CARTESIAN_POINT ( 'NONE',  ( 22.51500000000006452, 2.890000000000026770, -16.50000000000000711 ) ) ;
#1142 = ORIENTED_EDGE ( 'NONE', *, *, #580, .T. ) ;
#1143 = DIRECTION ( 'NONE',  ( 1.000000000000000000, -0.000000000000000000, -0.000000000000000000 ) ) ;
#1144 = DIRECTION ( 'NONE',  ( 1.000000000000000000, -0.000000000000000000, -0.000000000000000000 ) ) ;
#1145 = CARTESIAN_POINT ( 'NONE',  ( 0.1059482774547033795, 14.56066455807588333, -15.65993901436680780 ) ) ;
#1146 = ORIENTED_EDGE ( 'NONE', *, *, #1672, .F. ) ;
#1147 = EDGE_CURVE ( 'NONE', #1184, #97, #762, .T. ) ;
#1148 = DIRECTION ( 'NONE',  ( 1.000000000000000000, 0.000000000000000000, 4.336808689942017736E-16 ) ) ;
#1149 = ORIENTED_EDGE ( 'NONE', *, *, #165, .F. ) ;
#1150 = CARTESIAN_POINT ( 'NONE',  ( 46.00000000000000000, -14.99999999999999822, 14.34999999999999432 ) ) ;
#1151 = ORIENTED_EDGE ( 'NONE', *, *, #636, .T. ) ;
#1152 = CARTESIAN_POINT ( 'NONE',  ( 46.00000000000000000, -14.99999999999999822, -16.50000000000000711 ) ) ;
#1153 = CARTESIAN_POINT ( 'NONE',  ( 46.00000000000000000, 12.85000000000000142, 16.49999999999999289 ) ) ;
#1154 = CARTESIAN_POINT ( 'NONE',  ( 46.00000000000000000, -14.99999999999999822, -14.35000000000000853 ) ) ;
#1155 = EDGE_CURVE ( 'NONE', #62, #816, #84, .T. ) ;
#1156 = DIRECTION ( 'NONE',  ( -1.000000000000000000, 0.000000000000000000, 0.000000000000000000 ) ) ;
#1157 = EDGE_CURVE ( 'NONE', #2311, #1757, #1346, .T. ) ;
#1158 = CARTESIAN_POINT ( 'NONE',  ( 4.063508326896275946, -15.49999999999999289, -4.000000000000000888 ) ) ;
#1159 = ORIENTED_EDGE ( 'NONE', *, *, #2002, .T. ) ;
#1160 = AXIS2_PLACEMENT_3D ( 'NONE', #357, #1952, #1265 ) ;
#1161 = ADVANCED_FACE ( 'NONE', ( #2224 ), #1092, .T. ) ;
#1162 = CARTESIAN_POINT ( 'NONE',  ( 46.00000000000000000, 15.00000000000000178, 16.49999999999999289 ) ) ;
#1163 = LINE ( 'NONE', #643, #2086 ) ;
#1164 = ORIENTED_EDGE ( 'NONE', *, *, #302, .F. ) ;
#1165 = AXIS2_PLACEMENT_3D ( 'NONE', #1267, #2328, #2173 ) ;
#1166 = VECTOR ( 'NONE', #2027, 1000.000000000000000 ) ;
#1167 = DIRECTION ( 'NONE',  ( -1.000000000000000000, 0.000000000000000000, 0.000000000000000000 ) ) ;
#1168 = EDGE_CURVE ( 'NONE', #2315, #839, #1393, .T. ) ;
#1169 = DIRECTION ( 'NONE',  ( 0.000000000000000000, 0.000000000000000000, 1.000000000000000000 ) ) ;
#1170 = VECTOR ( 'NONE', #49, 1000.000000000000000 ) ;
#1171 = CARTESIAN_POINT ( 'NONE',  ( 47.00000000000000000, -13.13500000000000156, 15.14999999999999503 ) ) ;
#1172 = DIRECTION ( 'NONE',  ( 0.000000000000000000, 0.000000000000000000, 1.000000000000000000 ) ) ;
#1173 = AXIS2_PLACEMENT_3D ( 'NONE', #1682, #81, #781 ) ;
#1174 = AXIS2_PLACEMENT_3D ( 'NONE', #142, #2142, #316 ) ;
#1175 = DIRECTION ( 'NONE',  ( 0.000000000000000000, 0.000000000000000000, -1.000000000000000000 ) ) ;
#1176 = ORIENTED_EDGE ( 'NONE', *, *, #1408, .T. ) ;
#1177 = DIRECTION ( 'NONE',  ( 1.000000000000000000, 0.000000000000000000, 0.000000000000000000 ) ) ;
#1178 = ORIENTED_EDGE ( 'NONE', *, *, #1779, .T. ) ;
#1179 = ORIENTED_EDGE ( 'NONE', *, *, #1973, .T. ) ;
#1180 = CARTESIAN_POINT ( 'NONE',  ( 46.00000000000000000, 13.65000000000000213, -14.63499999999999091 ) ) ;
#1181 = DIRECTION ( 'NONE',  ( 0.000000000000000000, 0.000000000000000000, 1.000000000000000000 ) ) ;
#1182 = EDGE_CURVE ( 'NONE', #1555, #834, #1495, .T. ) ;
#1183 = CARTESIAN_POINT ( 'NONE',  ( 45.00000000000000000, 12.50000000000000000, -14.00000000000000533 ) ) ;
#1184 = VERTEX_POINT ( 'NONE', #1711 ) ;
#1185 = EDGE_CURVE ( 'NONE', #2084, #903, #2069, .T. ) ;
#1186 = DIRECTION ( 'NONE',  ( -0.000000000000000000, -0.000000000000000000, 1.000000000000000000 ) ) ;
#1187 = VERTEX_POINT ( 'NONE', #1537 ) ;
#1188 = EDGE_CURVE ( 'NONE', #1187, #1600, #586, .T. ) ;
#1189 = LINE ( 'NONE', #290, #1124 ) ;
#1190 = CARTESIAN_POINT ( 'NONE',  ( -0.6864916731037242759, 16.74999999999999289, -4.000000000000000000 ) ) ;
#1191 = DIRECTION ( 'NONE',  ( -1.000000000000000000, 0.000000000000000000, 0.000000000000000000 ) ) ;
#1192 = CYLINDRICAL_SURFACE ( 'NONE', #1771, 0.5150000000000015676 ) ;
#1193 = ORIENTED_EDGE ( 'NONE', *, *, #1784, .T. ) ;
#1194 = DIRECTION ( 'NONE',  ( 0.000000000000000000, 0.000000000000000000, -1.000000000000000000 ) ) ;
#1195 = CARTESIAN_POINT ( 'NONE',  ( 46.00000000000000000, 15.00000000000000178, -5.999999999999998224 ) ) ;
#1196 = FACE_OUTER_BOUND ( 'NONE', #779, .T. ) ;
#1197 = VECTOR ( 'NONE', #1719, 1000.000000000000000 ) ;
#1198 = ORIENTED_EDGE ( 'NONE', *, *, #1927, .F. ) ;
#1199 = ADVANCED_FACE ( 'NONE', ( #2036 ), #942, .T. ) ;
#1200 = AXIS2_PLACEMENT_3D ( 'NONE', #1894, #1554, #622 ) ;
#1201 = AXIS2_PLACEMENT_3D ( 'NONE', #2286, #656, #1382 ) ;
#1202 = LINE ( 'NONE', #188, #534 ) ;
#1203 = CARTESIAN_POINT ( 'NONE',  ( 2.000000000000001776, 12.50000000000000000, -14.00000000000000533 ) ) ;
#1204 = EDGE_CURVE ( 'NONE', #80, #776, #1505, .T. ) ;
#1205 = AXIS2_PLACEMENT_3D ( 'NONE', #2110, #2238, #1373 ) ;
#1206 = CARTESIAN_POINT ( 'NONE',  ( 4.063508326896275946, -16.49999999999999289, 6.000000000000000888 ) ) ;
#1207 = TOROIDAL_SURFACE ( 'NONE', #1814, 2.000000000000000000, 2.000000000000000000 ) ;
#1208 = ORIENTED_EDGE ( 'NONE', *, *, #131, .T. ) ;
#1209 = CIRCLE ( 'NONE', #1174, 2.000000000000000000 ) ;
#1210 = DIRECTION ( 'NONE',  ( 0.000000000000000000, 0.000000000000000000, -1.000000000000000000 ) ) ;
#1211 = CARTESIAN_POINT ( 'NONE',  ( 45.00000000000000000, 0.000000000000000000, -16.00000000000000000 ) ) ;
#1212 = CARTESIAN_POINT ( 'NONE',  ( -1.936491673103724054, 15.49999999999999289, 4.000000000000000000 ) ) ;
#1213 = VERTEX_POINT ( 'NONE', #1718 ) ;
#1214 = CARTESIAN_POINT ( 'NONE',  ( 0.09334613993933503495, 13.54281780795568579, -16.39015468637650841 ) ) ;
#1215 = ORIENTED_EDGE ( 'NONE', *, *, #2134, .T. ) ;
#1216 = ADVANCED_FACE ( 'NONE', ( #1733, #1378 ), #1938, .F. ) ;
#1217 = LINE ( 'NONE', #1949, #2270 ) ;
#1218 = FACE_BOUND ( 'NONE', #1546, .T. ) ;
#1219 = CARTESIAN_POINT ( 'NONE',  ( 47.00000000000000000, 12.50000000000000000, -14.00000000000000533 ) ) ;
#1220 = CARTESIAN_POINT ( 'NONE',  ( 0.06996775957202050478, -12.84999999999999609, -16.50000000000000711 ) ) ;
#1221 = EDGE_CURVE ( 'NONE', #734, #1213, #1613, .T. ) ;
#1222 = ORIENTED_EDGE ( 'NONE', *, *, #531, .T. ) ;
#1223 = CARTESIAN_POINT ( 'NONE',  ( 0.06350832689627572414, 15.00000000000000178, 14.00000000000000178 ) ) ;
#1224 = CARTESIAN_POINT ( 'NONE',  ( 47.00000000000000000, -13.65000000000000036, 14.63499999999999446 ) ) ;
#1225 = ORIENTED_EDGE ( 'NONE', *, *, #1672, .T. ) ;
#1226 = VERTEX_POINT ( 'NONE', #920 ) ;
#1227 = CARTESIAN_POINT ( 'NONE',  ( 2.000000000000001776, -14.49999999999999467, 17.99999999999999645 ) ) ;
#1228 = PLANE ( 'NONE',  #1818 ) ;
#1229 = CARTESIAN_POINT ( 'NONE',  ( 0.06350832689627561312, 16.50000000000000000, -5.999999999999999112 ) ) ;
#1230 = DIRECTION ( 'NONE',  ( 4.336808689942017736E-16, -0.000000000000000000, -1.000000000000000000 ) ) ;
#1231 = VERTEX_POINT ( 'NONE', #390 ) ;
#1232 = EDGE_CURVE ( 'NONE', #1018, #1283, #2168, .T. ) ;
#1233 = FACE_OUTER_BOUND ( 'NONE', #1560, .T. ) ;
#1234 = CARTESIAN_POINT ( 'NONE',  ( 46.00000000000000000, -13.13500000000000156, -14.63499999999999091 ) ) ;
#1235 = LINE ( 'NONE', #831, #1483 ) ;
#1236 = ORIENTED_EDGE ( 'NONE', *, *, #1472, .T. ) ;
#1237 = ORIENTED_EDGE ( 'NONE', *, *, #736, .F. ) ;
#1238 = EDGE_CURVE ( 'NONE', #1117, #246, #2026, .T. ) ;
#1239 = AXIS2_PLACEMENT_3D ( 'NONE', #1772, #356, #1240 ) ;
#1240 = DIRECTION ( 'NONE',  ( 0.000000000000000000, 0.000000000000000000, 1.000000000000000000 ) ) ;
#1241 = VECTOR ( 'NONE', #274, 1000.000000000000000 ) ;
#1242 = CARTESIAN_POINT ( 'NONE',  ( 0.09340274673389144244, -14.88942364903371285, -15.04487233453781947 ) ) ;
#1243 = EDGE_LOOP ( 'NONE', ( #1384, #583, #1293, #469 ) ) ;
#1244 = CARTESIAN_POINT ( 'NONE',  ( 47.00000000000000000, 13.13500000000000156, 14.63499999999999446 ) ) ;
#1245 = ORIENTED_EDGE ( 'NONE', *, *, #1147, .F. ) ;
#1246 = ORIENTED_EDGE ( 'NONE', *, *, #604, .F. ) ;
#1247 = CIRCLE ( 'NONE', #2158, 2.000000000000000000 ) ;
#1248 = AXIS2_PLACEMENT_3D ( 'NONE', #1688, #1737, #451 ) ;
#1249 = ORIENTED_EDGE ( 'NONE', *, *, #1993, .T. ) ;
#1250 = ADVANCED_FACE ( 'NONE', ( #909 ), #56, .T. ) ;
#1251 = CARTESIAN_POINT ( 'NONE',  ( 4.063508326896275946, 16.50000000000000000, 6.000000000000000888 ) ) ;
#1252 = FACE_OUTER_BOUND ( 'NONE', #577, .T. ) ;
#1253 = DIRECTION ( 'NONE',  ( 0.000000000000000000, -0.000000000000000000, 1.000000000000000000 ) ) ;
#1254 = ORIENTED_EDGE ( 'NONE', *, *, #396, .T. ) ;
#1255 = CARTESIAN_POINT ( 'NONE',  ( 4.063508326896275058, 15.00000000000000178, -5.999999999999998224 ) ) ;
#1256 = LINE ( 'NONE', #332, #158 ) ;
#1257 = ORIENTED_EDGE ( 'NONE', *, *, #141, .F. ) ;
#1258 = ORIENTED_EDGE ( 'NONE', *, *, #2063, .F. ) ;
#1259 = DIRECTION ( 'NONE',  ( 0.000000000000000000, 0.000000000000000000, -1.000000000000000000 ) ) ;
#1260 = ORIENTED_EDGE ( 'NONE', *, *, #600, .F. ) ;
#1261 = EDGE_CURVE ( 'NONE', #2095, #2159, #12, .T. ) ;
#1262 = CARTESIAN_POINT ( 'NONE',  ( 2.000000000000000000, 12.50000000000000000, 15.99999999999999289 ) ) ;
#1263 = CARTESIAN_POINT ( 'NONE',  ( 47.00000000000000000, -12.49999999999999289, 13.99999999999999467 ) ) ;
#1264 = DIRECTION ( 'NONE',  ( -0.4472135954999582608, -0.8944271909999157444, 0.000000000000000000 ) ) ;
#1265 = DIRECTION ( 'NONE',  ( 0.000000000000000000, 0.000000000000000000, 1.000000000000000000 ) ) ;
#1266 = ORIENTED_EDGE ( 'NONE', *, *, #2296, .F. ) ;
#1267 = CARTESIAN_POINT ( 'NONE',  ( 0.06350832689627561312, 16.50000000000000000, -5.999999999999999112 ) ) ;
#1268 = ORIENTED_EDGE ( 'NONE', *, *, #1828, .T. ) ;
#1269 = CARTESIAN_POINT ( 'NONE',  ( -1.936491673103724054, -16.24999999999999289, 4.000000000000000000 ) ) ;
#1270 = ORIENTED_EDGE ( 'NONE', *, *, #2, .F. ) ;
#1271 = EDGE_CURVE ( 'NONE', #2138, #1041, #2016, .T. ) ;
#1272 = CARTESIAN_POINT ( 'NONE',  ( -1.936491673103724054, -15.49999999999999289, 4.000000000000000000 ) ) ;
#1273 = DIRECTION ( 'NONE',  ( 4.336808689942014285E-16, -1.000000000000000000, 0.000000000000000000 ) ) ;
#1274 = VECTOR ( 'NONE', #1034, 1000.000000000000000 ) ;
#1275 = DIRECTION ( 'NONE',  ( 0.000000000000000000, 0.000000000000000000, 1.000000000000000000 ) ) ;
#1276 = CIRCLE ( 'NONE', #1510, 2.000000000000001776 ) ;
#1277 = VECTOR ( 'NONE', #1985, 1000.000000000000000 ) ;
#1278 = ORIENTED_EDGE ( 'NONE', *, *, #120, .T. ) ;
#1279 = EDGE_CURVE ( 'NONE', #1029, #2203, #585, .T. ) ;
#1280 = AXIS2_PLACEMENT_3D ( 'NONE', #512, #1574, #931 ) ;
#1281 = DIRECTION ( 'NONE',  ( 1.000000000000000000, 0.000000000000000000, 0.000000000000000000 ) ) ;
#1282 = ORIENTED_EDGE ( 'NONE', *, *, #1717, .F. ) ;
#1283 = VERTEX_POINT ( 'NONE', #1650 ) ;
#1284 = AXIS2_PLACEMENT_3D ( 'NONE', #660, #447, #1323 ) ;
#1285 = CARTESIAN_POINT ( 'NONE',  ( 46.00000000000000000, 12.50000000000000000, 13.99999999999999467 ) ) ;
#1286 = EDGE_LOOP ( 'NONE', ( #1802, #2164, #1282, #724 ) ) ;
#1287 = CIRCLE ( 'NONE', #1360, 0.5150000000000015676 ) ;
#1288 = DIRECTION ( 'NONE',  ( 0.000000000000000000, 1.000000000000000000, -0.000000000000000000 ) ) ;
#1289 = CYLINDRICAL_SURFACE ( 'NONE', #1319, 4.000000000000000000 ) ;
#1290 = CARTESIAN_POINT ( 'NONE',  ( 45.00000000000000000, -16.49999999999999289, -14.00000000000000533 ) ) ;
#1291 = DIRECTION ( 'NONE',  ( -1.000000000000000000, 0.000000000000000000, 0.000000000000000000 ) ) ;
#1292 = CIRCLE ( 'NONE', #1742, 2.000000000000001776 ) ;
#1293 = ORIENTED_EDGE ( 'NONE', *, *, #1308, .F. ) ;
#1294 = EDGE_CURVE ( 'NONE', #1634, #1782, #1832, .T. ) ;
#1295 = CARTESIAN_POINT ( 'NONE',  ( 47.00000000000000000, 13.65000000000000213, -14.63499999999999091 ) ) ;
#1296 = VERTEX_POINT ( 'NONE', #551 ) ;
#1297 = DIRECTION ( 'NONE',  ( -1.000000000000000000, 0.000000000000000000, 0.000000000000000000 ) ) ;
#1298 = VERTEX_POINT ( 'NONE', #1840 ) ;
#1299 = DIRECTION ( 'NONE',  ( 0.000000000000000000, 0.000000000000000000, -1.000000000000000000 ) ) ;
#1300 = CARTESIAN_POINT ( 'NONE',  ( -0.6864916731037242759, 16.74999999999999289, -4.000000000000000000 ) ) ;
#1301 = CARTESIAN_POINT ( 'NONE',  ( 4.063508326896274170, 15.00000000000000178, 16.49999999999999289 ) ) ;
#1302 = ORIENTED_EDGE ( 'NONE', *, *, #1878, .F. ) ;
#1303 = DIRECTION ( 'NONE',  ( 0.000000000000000000, 0.000000000000000000, -1.000000000000000000 ) ) ;
#1304 = B_SPLINE_CURVE_WITH_KNOTS ( 'NONE', 3,
 ( #1937, #2283, #2317, #1571, #881, #1377, #1603, #1561, #1732, #1923, #855, #1769, #1404, #2128, #653, #314 ),
 .UNSPECIFIED., .F., .F.,
 ( 4, 2, 2, 2, 2, 2, 2, 4 ),
 ( 0.000000000000000000, 0.0004210105768430533950, 0.0008420211536861067899, 0.001263031730529160131, 0.001684042307372213580, 0.002526063461058312889, 0.002947074037901360050, 0.003368084614744407644 ),
 .UNSPECIFIED. ) ;
#1305 = EDGE_LOOP ( 'NONE', ( #395, #1811, #541, #581 ) ) ;
#1306 = CARTESIAN_POINT ( 'NONE',  ( 46.00000000000000000, -13.65000000000000036, -14.63499999999999091 ) ) ;
#1307 = EDGE_LOOP ( 'NONE', ( #1883, #1872, #1260, #1179 ) ) ;
#1308 = EDGE_CURVE ( 'NONE', #1041, #5, #718, .T. ) ;
#1309 = CARTESIAN_POINT ( 'NONE',  ( 47.00000000000000000, 13.13500000000000156, 15.14999999999999503 ) ) ;
#1310 = DIRECTION ( 'NONE',  ( 1.000000000000000000, -0.000000000000000000, -0.000000000000000000 ) ) ;
#1311 = PLANE ( 'NONE',  #1853 ) ;
#1312 = ADVANCED_FACE ( 'NONE', ( #739 ), #1630, .F. ) ;
#1313 = CYLINDRICAL_SURFACE ( 'NONE', #2260, 0.5149999999999997913 ) ;
#1314 = ORIENTED_EDGE ( 'NONE', *, *, #1639, .F. ) ;
#1315 = AXIS2_PLACEMENT_3D ( 'NONE', #1227, #1785, #1446 ) ;
#1316 = CARTESIAN_POINT ( 'NONE',  ( 0.08030811730523318426, 13.13161514051374645, 16.48609606050342791 ) ) ;
#1317 = VERTEX_POINT ( 'NONE', #1979 ) ;
#1318 = VECTOR ( 'NONE', #557, 1000.000000000000000 ) ;
#1319 = AXIS2_PLACEMENT_3D ( 'NONE', #401, #156, #1641 ) ;
#1320 = CARTESIAN_POINT ( 'NONE',  ( 46.00000000000000000, 12.50000000000000000, 17.99999999999999645 ) ) ;
#1321 = ORIENTED_EDGE ( 'NONE', *, *, #1813, .T. ) ;
#1322 = AXIS2_PLACEMENT_3D ( 'NONE', #2155, #201, #1299 ) ;
#1323 = DIRECTION ( 'NONE',  ( 0.000000000000000000, 0.000000000000000000, -1.000000000000000000 ) ) ;
#1324 = EDGE_CURVE ( 'NONE', #2203, #399, #1429, .T. ) ;
#1325 = VECTOR ( 'NONE', #681, 1000.000000000000000 ) ;
#1326 = DIRECTION ( 'NONE',  ( 0.000000000000000000, 0.000000000000000000, -1.000000000000000000 ) ) ;
#1327 = AXIS2_PLACEMENT_3D ( 'NONE', #2073, #2285, #1156 ) ;
#1328 = PLANE ( 'NONE',  #9 ) ;
#1329 = VECTOR ( 'NONE', #978, 1000.000000000000000 ) ;
#1330 = VERTEX_POINT ( 'NONE', #1445 ) ;
#1331 = CARTESIAN_POINT ( 'NONE',  ( 0.07531176869125963402, 12.99186380093807713, 16.49999999999999289 ) ) ;
#1332 = ORIENTED_EDGE ( 'NONE', *, *, #141, .T. ) ;
#1333 = LINE ( 'NONE', #265, #1777 ) ;
#1334 = EDGE_LOOP ( 'NONE', ( #598, #1707, #1460, #2053 ) ) ;
#1335 = DIRECTION ( 'NONE',  ( -1.000000000000000000, 0.000000000000000000, 0.000000000000000000 ) ) ;
#1336 = CARTESIAN_POINT ( 'NONE',  ( 47.00000000000000000, -13.13500000000000156, -15.14999999999999325 ) ) ;
#1337 = CARTESIAN_POINT ( 'NONE',  ( 0.1025125705525368192, 13.92823081243609806, -16.21535293693111512 ) ) ;
#1338 = EDGE_CURVE ( 'NONE', #1954, #1820, #729, .T. ) ;
#1339 = LINE ( 'NONE', #1540, #1329 ) ;
#1340 = EDGE_CURVE ( 'NONE', #923, #336, #2001, .T. ) ;
#1341 = CARTESIAN_POINT ( 'NONE',  ( 0.06350832689627551597, 12.50000000000000000, 16.49999999999999289 ) ) ;
#1342 = ORIENTED_EDGE ( 'NONE', *, *, #338, .T. ) ;
#1343 = DIRECTION ( 'NONE',  ( 0.000000000000000000, 0.000000000000000000, 1.000000000000000000 ) ) ;
#1344 = ORIENTED_EDGE ( 'NONE', *, *, #2134, .F. ) ;
#1345 = ADVANCED_FACE ( 'NONE', ( #1467 ), #2192, .F. ) ;
#1346 = LINE ( 'NONE', #1876, #88 ) ;
#1347 = PLANE ( 'NONE',  #1879 ) ;
#1348 = FACE_OUTER_BOUND ( 'NONE', #1503, .T. ) ;
#1349 = CARTESIAN_POINT ( 'NONE',  ( 0.06350832689627572414, 15.00000000000000178, -14.00000000000000533 ) ) ;
#1350 = DIRECTION ( 'NONE',  ( 0.8944271909999157444, 0.4472135954999582608, 0.000000000000000000 ) ) ;
#1351 = EDGE_CURVE ( 'NONE', #2311, #287, #463, .T. ) ;
#1352 = EDGE_LOOP ( 'NONE', ( #2068, #1669, #530, #161, #1449, #1071 ) ) ;
#1353 = CIRCLE ( 'NONE', #342, 2.000000000000001776 ) ;
#1354 = CARTESIAN_POINT ( 'NONE',  ( 2.000000000000001776, 12.50000000000000000, 13.99999999999999467 ) ) ;
#1355 = ORIENTED_EDGE ( 'NONE', *, *, #2251, .F. ) ;
#1356 = CIRCLE ( 'NONE', #2000, 3.250000000000011546 ) ;
#1357 = ORIENTED_EDGE ( 'NONE', *, *, #388, .T. ) ;
#1358 = DIRECTION ( 'NONE',  ( -1.000000000000000000, 0.000000000000000000, 0.000000000000000000 ) ) ;
#1359 = CARTESIAN_POINT ( 'NONE',  ( 46.00000000000000000, -12.84999999999999609, 14.34999999999999432 ) ) ;
#1360 = AXIS2_PLACEMENT_3D ( 'NONE', #717, #2166, #759 ) ;
#1361 = B_SPLINE_CURVE_WITH_KNOTS ( 'NONE', 3,
 ( #1469, #217, #249, #730 ),
 .UNSPECIFIED., .F., .F.,
 ( 4, 4 ),
 ( 0.000000000000000000, 0.0003491440667509394823 ),
 .UNSPECIFIED. ) ;
#1362 = VECTOR ( 'NONE', #1083, 1000.000000000000000 ) ;
#1363 = AXIS2_PLACEMENT_3D ( 'NONE', #127, #1186, #1956 ) ;
#1364 = LINE ( 'NONE', #803, #125 ) ;
#1365 = ORIENTED_EDGE ( 'NONE', *, *, #1541, .F. ) ;
#1366 = EDGE_CURVE ( 'NONE', #1296, #2236, #1699, .T. ) ;
#1367 = CARTESIAN_POINT ( 'NONE',  ( 46.00000000000000000, -13.13500000000000156, 14.63499999999999446 ) ) ;
#1368 = ORIENTED_EDGE ( 'NONE', *, *, #738, .F. ) ;
#1369 = LINE ( 'NONE', #654, #1197 ) ;
#1370 = DIRECTION ( 'NONE',  ( 1.000000000000000000, 0.000000000000000000, 0.000000000000000000 ) ) ;
#1371 = CARTESIAN_POINT ( 'NONE',  ( 46.00000000000000000, 13.13500000000000156, 15.14999999999999325 ) ) ;
#1372 = VERTEX_POINT ( 'NONE', #2278 ) ;
#1373 = DIRECTION ( 'NONE',  ( 0.000000000000000000, 0.000000000000000000, -1.000000000000000000 ) ) ;
#1374 = DIRECTION ( 'NONE',  ( 0.000000000000000000, -0.000000000000000000, -1.000000000000000000 ) ) ;
#1375 = DIRECTION ( 'NONE',  ( 0.000000000000000000, 0.000000000000000000, 1.000000000000000000 ) ) ;
#1376 = EDGE_LOOP ( 'NONE', ( #1638, #1411, #906, #2188, #215, #1948, #1236 ) ) ;
#1377 = CARTESIAN_POINT ( 'NONE',  ( 0.09993263620555881133, -14.78228044056884904, 15.30314685791346996 ) ) ;
#1378 = FACE_BOUND ( 'NONE', #1756, .T. ) ;
#1379 = EDGE_CURVE ( 'NONE', #1525, #816, #1812, .T. ) ;
#1380 = DIRECTION ( 'NONE',  ( 0.000000000000000000, -1.000000000000000000, 0.000000000000000000 ) ) ;
#1381 = DIRECTION ( 'NONE',  ( 4.336808689942017736E-16, -0.000000000000000000, -1.000000000000000000 ) ) ;
#1382 = DIRECTION ( 'NONE',  ( 0.000000000000000000, -0.000000000000000000, -1.000000000000000000 ) ) ;
#1383 = CARTESIAN_POINT ( 'NONE',  ( 45.00000000000000000, -12.49999999999999289, -14.00000000000000178 ) ) ;
#1384 = ORIENTED_EDGE ( 'NONE', *, *, #213, .T. ) ;
#1385 = ADVANCED_FACE ( 'NONE', ( #1743 ), #422, .F. ) ;
#1386 = CARTESIAN_POINT ( 'NONE',  ( -1.936491673103724054, -15.49999999999999289, -4.000000000000000000 ) ) ;
#1387 = LINE ( 'NONE', #842, #47 ) ;
#1388 = DIRECTION ( 'NONE',  ( 1.000000000000000000, 7.228014483236695816E-17, 0.000000000000000000 ) ) ;
#1389 = CIRCLE ( 'NONE', #1007, 1.999999999999998224 ) ;
#1390 = ORIENTED_EDGE ( 'NONE', *, *, #1865, .T. ) ;
#1391 = CIRCLE ( 'NONE', #605, 4.000000000000000000 ) ;
#1392 = DIRECTION ( 'NONE',  ( 0.000000000000000000, 1.000000000000000000, 8.673617379884035472E-16 ) ) ;
#1393 = CIRCLE ( 'NONE', #350, 2.000000000000000000 ) ;
#1394 = VECTOR ( 'NONE', #1506, 1000.000000000000000 ) ;
#1395 = CARTESIAN_POINT ( 'NONE',  ( 4.063508326896275946, 16.50000000000000000, 6.000000000000000888 ) ) ;
#1396 = VECTOR ( 'NONE', #237, 1000.000000000000000 ) ;
#1397 = CYLINDRICAL_SURFACE ( 'NONE', #747, 4.000000000000000000 ) ;
#1398 = AXIS2_PLACEMENT_3D ( 'NONE', #184, #364, #1259 ) ;
#1399 = ORIENTED_EDGE ( 'NONE', *, *, #944, .T. ) ;
#1400 = DIRECTION ( 'NONE',  ( -7.228014483236695816E-17, 1.000000000000000000, 0.000000000000000000 ) ) ;
#1401 = DIRECTION ( 'NONE',  ( -0.000000000000000000, 1.000000000000000000, 0.000000000000000000 ) ) ;
#1402 = CARTESIAN_POINT ( 'NONE',  ( 45.00000000000000000, -14.49999999999999467, 0.000000000000000000 ) ) ;
#1403 = ORIENTED_EDGE ( 'NONE', *, *, #684, .T. ) ;
#1404 = CARTESIAN_POINT ( 'NONE',  ( 0.08937786361430596904, -13.40862134762194913, 16.43094682548448304 ) ) ;
#1405 = ADVANCED_FACE ( 'NONE', ( #2223 ), #1673, .F. ) ;
#1406 = DIRECTION ( 'NONE',  ( 0.000000000000000000, -1.000000000000000000, 0.000000000000000000 ) ) ;
#1407 = SURFACE_SIDE_STYLE ('',( #1982 ) ) ;
#1408 = EDGE_CURVE ( 'NONE', #1994, #601, #308, .T. ) ;
#1409 = DIRECTION ( 'NONE',  ( 0.000000000000000000, 0.000000000000000000, 1.000000000000000000 ) ) ;
#1410 = DIRECTION ( 'NONE',  ( 0.000000000000000000, -1.000000000000000000, 0.000000000000000000 ) ) ;
#1411 = ORIENTED_EDGE ( 'NONE', *, *, #252, .F. ) ;
#1412 = ADVANCED_FACE ( 'NONE', ( #1494 ), #951, .T. ) ;
#1413 = DIRECTION ( 'NONE',  ( 0.000000000000000000, 0.000000000000000000, 1.000000000000000000 ) ) ;
#1414 = ORIENTED_EDGE ( 'NONE', *, *, #191, .F. ) ;
#1415 = EDGE_LOOP ( 'NONE', ( #2055, #755, #414, #209 ) ) ;
#1416 = EDGE_CURVE ( 'NONE', #986, #634, #529, .T. ) ;
#1417 = ORIENTED_EDGE ( 'NONE', *, *, #288, .T. ) ;
#1418 = UNCERTAINTY_MEASURE_WITH_UNIT (LENGTH_MEASURE( 1.000000000000000082E-05 ), #553, 'distance_accuracy_value', 'NONE');
#1419 = LINE ( 'NONE', #2141, #1507 ) ;
#1420 = DIRECTION ( 'NONE',  ( 0.000000000000000000, 0.000000000000000000, -1.000000000000000000 ) ) ;
#1421 = LINE ( 'NONE', #1028, #2195 ) ;
#1422 = ORIENTED_EDGE ( 'NONE', *, *, #135, .T. ) ;
#1423 = CARTESIAN_POINT ( 'NONE',  ( 12.00000000000000000, 3.250000000000011990, 12.99999999999999467 ) ) ;
#1424 = LINE ( 'NONE', #361, #1277 ) ;
#1425 = EDGE_LOOP ( 'NONE', ( #114, #1709, #1629, #1126 ) ) ;
#1426 = ORIENTED_EDGE ( 'NONE', *, *, #1895, .F. ) ;
#1427 = ORIENTED_EDGE ( 'NONE', *, *, #31, .T. ) ;
#1428 = AXIS2_PLACEMENT_3D ( 'NONE', #1162, #1003, #1374 ) ;
#1429 = LINE ( 'NONE', #11, #1698 ) ;
#1430 = CARTESIAN_POINT ( 'NONE',  ( 45.00000000000000000, -12.49999999999999289, 13.99999999999999467 ) ) ;
#1431 = DIRECTION ( 'NONE',  ( 0.000000000000000000, 0.000000000000000000, -1.000000000000000000 ) ) ;
#1432 = AXIS2_PLACEMENT_3D ( 'NONE', #181, #1401, #889 ) ;
#1433 = VECTOR ( 'NONE', #588, 1000.000000000000000 ) ;
#1434 = EDGE_LOOP ( 'NONE', ( #854, #1896, #2201, #30, #1456, #879, #325, #254 ) ) ;
#1435 = EDGE_CURVE ( 'NONE', #834, #374, #247, .T. ) ;
#1436 = CARTESIAN_POINT ( 'NONE',  ( 46.00000000000000000, -13.13500000000000156, 15.14999999999999503 ) ) ;
#1437 = VECTOR ( 'NONE', #480, 1000.000000000000000 ) ;
#1438 = ORIENTED_EDGE ( 'NONE', *, *, #2144, .T. ) ;
#1439 = VERTEX_POINT ( 'NONE', #1519 ) ;
#1440 = EDGE_CURVE ( 'NONE', #2267, #62, #83, .T. ) ;
#1441 = AXIS2_PLACEMENT_3D ( 'NONE', #1829, #2024, #1116 ) ;
#1442 = VECTOR ( 'NONE', #1459, 1000.000000000000000 ) ;
#1443 = DIRECTION ( 'NONE',  ( 0.000000000000000000, 0.000000000000000000, -1.000000000000000000 ) ) ;
#1444 = ORIENTED_EDGE ( 'NONE', *, *, #1340, .T. ) ;
#1445 = CARTESIAN_POINT ( 'NONE',  ( 4.063508326896275946, -16.24999999999999289, -3.999999999999999112 ) ) ;
#1446 = DIRECTION ( 'NONE',  ( 1.000000000000000000, 0.000000000000000000, 0.000000000000000000 ) ) ;
#1447 = CARTESIAN_POINT ( 'NONE',  ( 46.00000000000000000, 0.000000000000000000, 0.000000000000000000 ) ) ;
#1448 = LINE ( 'NONE', #190, #780 ) ;
#1449 = ORIENTED_EDGE ( 'NONE', *, *, #930, .T. ) ;
#1450 = EDGE_CURVE ( 'NONE', #312, #2315, #1504, .T. ) ;
#1451 = DIRECTION ( 'NONE',  ( 0.000000000000000000, 0.000000000000000000, -1.000000000000000000 ) ) ;
#1452 = CARTESIAN_POINT ( 'NONE',  ( 4.063508326896275946, -16.49999999999999289, -5.999999999999999112 ) ) ;
#1453 = VERTEX_POINT ( 'NONE', #1309 ) ;
#1454 = EDGE_LOOP ( 'NONE', ( #1500, #116, #1592, #330 ) ) ;
#1455 = FACE_OUTER_BOUND ( 'NONE', #1038, .T. ) ;
#1456 = ORIENTED_EDGE ( 'NONE', *, *, #2239, .T. ) ;
#1457 = CARTESIAN_POINT ( 'NONE',  ( 46.00000000000000000, -14.99999999999999822, 14.34999999999999432 ) ) ;
#1458 = ADVANCED_FACE ( 'NONE', ( #136 ), #321, .F. ) ;
#1459 = DIRECTION ( 'NONE',  ( 0.000000000000000000, 0.000000000000000000, 1.000000000000000000 ) ) ;
#1460 = ORIENTED_EDGE ( 'NONE', *, *, #1379, .T. ) ;
#1461 = CYLINDRICAL_SURFACE ( 'NONE', #1049, 5.000000000000000888 ) ;
#1462 = ORIENTED_EDGE ( 'NONE', *, *, #1338, .T. ) ;
#1463 = EDGE_CURVE ( 'NONE', #1187, #1620, #1567, .T. ) ;
#1464 = VERTEX_POINT ( 'NONE', #438 ) ;
#1465 = CARTESIAN_POINT ( 'NONE',  ( -1.936491673103724054, 16.24999999999999289, -4.000000000000000000 ) ) ;
#1466 = ORIENTED_EDGE ( 'NONE', *, *, #1168, .T. ) ;
#1467 = FACE_OUTER_BOUND ( 'NONE', #1491, .T. ) ;
#1468 = CYLINDRICAL_SURFACE ( 'NONE', #1922, 2.000000000000001776 ) ;
#1469 = CARTESIAN_POINT ( 'NONE',  ( 0.06996775957201617491, 15.00000000000000178, 14.34999999999999432 ) ) ;
#1470 = AXIS2_PLACEMENT_3D ( 'NONE', #132, #1539, #637 ) ;
#1471 = CARTESIAN_POINT ( 'NONE',  ( 0.06350832689629225258, -3.250000000000013767, 16.49999999999998934 ) ) ;
#1472 = EDGE_CURVE ( 'NONE', #749, #876, #1557, .T. ) ;
#1473 = VECTOR ( 'NONE', #1070, 1000.000000000000000 ) ;
#1474 = ORIENTED_EDGE ( 'NONE', *, *, #2070, .F. ) ;
#1475 = VECTOR ( 'NONE', #411, 1000.000000000000000 ) ;
#1476 = CARTESIAN_POINT ( 'NONE',  ( 0.07531178132438055839, 15.00000000000001066, 14.49186413630100390 ) ) ;
#1477 = ORIENTED_EDGE ( 'NONE', *, *, #2052, .T. ) ;
#1478 = VECTOR ( 'NONE', #1097, 1000.000000000000000 ) ;
#1479 = DIRECTION ( 'NONE',  ( 0.000000000000000000, 0.000000000000000000, -1.000000000000000000 ) ) ;
#1480 = VERTEX_POINT ( 'NONE', #1864 ) ;
#1481 = CIRCLE ( 'NONE', #979, 4.000000000000000000 ) ;
#1482 = VECTOR ( 'NONE', #1004, 1000.000000000000000 ) ;
#1483 = VECTOR ( 'NONE', #310, 1000.000000000000000 ) ;
#1484 = CARTESIAN_POINT ( 'NONE',  ( 0.1032065187963070452, -14.72843867464550982, -15.43275282117947178 ) ) ;
#1485 = FACE_BOUND ( 'NONE', #251, .T. ) ;
#1486 = DIRECTION ( 'NONE',  ( -1.000000000000000000, 0.000000000000000000, 0.000000000000000000 ) ) ;
#1487 = EDGE_CURVE ( 'NONE', #1817, #1068, #2116, .T. ) ;
#1488 = ORIENTED_EDGE ( 'NONE', *, *, #337, .T. ) ;
#1489 = DIRECTION ( 'NONE',  ( 0.000000000000000000, 0.000000000000000000, -1.000000000000000000 ) ) ;
#1490 = EDGE_CURVE ( 'NONE', #1464, #686, #1970, .T. ) ;
#1491 = EDGE_LOOP ( 'NONE', ( #826, #1767, #363, #2020, #1746, #1321, #928, #615, #1414 ) ) ;
#1492 = CARTESIAN_POINT ( 'NONE',  ( 12.51500000000006452, 2.890000000000026326, -18.00000000000000355 ) ) ;
#1493 = ORIENTED_EDGE ( 'NONE', *, *, #111, .T. ) ;
#1494 = FACE_OUTER_BOUND ( 'NONE', #1983, .T. ) ;
#1495 = LINE ( 'NONE', #280, #939 ) ;
#1496 = FACE_OUTER_BOUND ( 'NONE', #2047, .T. ) ;
#1497 = CARTESIAN_POINT ( 'NONE',  ( 45.00000000000000000, -12.49999999999999289, -18.00000000000000355 ) ) ;
#1498 = ORIENTED_EDGE ( 'NONE', *, *, #1865, .F. ) ;
#1499 = DIRECTION ( 'NONE',  ( 0.000000000000000000, 0.000000000000000000, 1.000000000000000000 ) ) ;
#1500 = ORIENTED_EDGE ( 'NONE', *, *, #1858, .F. ) ;
#1501 = ADVANCED_FACE ( 'NONE', ( #761 ), #346, .T. ) ;
#1502 = LINE ( 'NONE', #255, #2048 ) ;
#1503 = EDGE_LOOP ( 'NONE', ( #832, #1128, #386, #591, #297, #1342, #1527 ) ) ;
#1504 = LINE ( 'NONE', #798, #202 ) ;
#1505 = LINE ( 'NONE', #1900, #93 ) ;
#1506 = DIRECTION ( 'NONE',  ( 4.336808689942014285E-16, 1.000000000000000000, 0.000000000000000000 ) ) ;
#1507 = VECTOR ( 'NONE', #339, 1000.000000000000000 ) ;
#1508 = CARTESIAN_POINT ( 'NONE',  ( 47.00000000000000000, -13.13500000000000156, 14.63499999999999446 ) ) ;
#1509 = ORIENTED_EDGE ( 'NONE', *, *, #1100, .F. ) ;
#1510 = AXIS2_PLACEMENT_3D ( 'NONE', #723, #168, #1633 ) ;
#1511 = DIRECTION ( 'NONE',  ( -0.000000000000000000, -0.000000000000000000, -1.000000000000000000 ) ) ;
#1512 = ORIENTED_EDGE ( 'NONE', *, *, #702, .T. ) ;
#1513 = VECTOR ( 'NONE', #878, 1000.000000000000000 ) ;
#1514 = AXIS2_PLACEMENT_3D ( 'NONE', #301, #452, #822 ) ;
#1515 = VECTOR ( 'NONE', #658, 1000.000000000000000 ) ;
#1516 = CARTESIAN_POINT ( 'NONE',  ( 0.06350832689627644578, -12.61668653367533288, -16.50000000000000711 ) ) ;
#1517 = EDGE_LOOP ( 'NONE', ( #1427, #726, #1874, #1661 ) ) ;
#1518 = ADVANCED_FACE ( 'NONE', ( #146 ), #1800, .F. ) ;
#1519 = CARTESIAN_POINT ( 'NONE',  ( 2.000000000000001776, -16.49999999999999289, -14.00000000000000533 ) ) ;
#1520 = AXIS2_PLACEMENT_3D ( 'NONE', #2153, #1819, #214 ) ;
#1521 = CARTESIAN_POINT ( 'NONE',  ( 4.063508326896274170, -14.99999999999999822, 16.49999999999999289 ) ) ;
#1522 = AXIS2_PLACEMENT_3D ( 'NONE', #1797, #1264, #873 ) ;
#1523 = CARTESIAN_POINT ( 'NONE',  ( 2.000000000000001776, -14.49999999999999467, 13.99999999999999467 ) ) ;
#1524 = PLANE ( 'NONE',  #1919 ) ;
#1525 = VERTEX_POINT ( 'NONE', #1223 ) ;
#1526 = EDGE_CURVE ( 'NONE', #2122, #2057, #57, .T. ) ;
#1527 = ORIENTED_EDGE ( 'NONE', *, *, #1221, .T. ) ;
#1528 = DIRECTION ( 'NONE',  ( 0.000000000000000000, -6.603439192907526451E-17, 1.000000000000000000 ) ) ;
#1529 = FACE_OUTER_BOUND ( 'NONE', #1963, .T. ) ;
#1530 = ADVANCED_FACE ( 'NONE', ( #1754 ), #194, .F. ) ;
#1531 = DIRECTION ( 'NONE',  ( 0.000000000000000000, 0.000000000000000000, 1.000000000000000000 ) ) ;
#1532 = CARTESIAN_POINT ( 'NONE',  ( 2.000000000000001776, 16.50000000000000000, 6.000000000000000000 ) ) ;
#1533 = DIRECTION ( 'NONE',  ( -1.000000000000000000, -0.000000000000000000, -0.000000000000000000 ) ) ;
#1534 = VERTEX_POINT ( 'NONE', #1622 ) ;
#1535 = CARTESIAN_POINT ( 'NONE',  ( 47.00000000000000000, 13.13500000000000156, -15.14999999999999147 ) ) ;
#1536 = ORIENTED_EDGE ( 'NONE', *, *, #1238, .F. ) ;
#1537 = CARTESIAN_POINT ( 'NONE',  ( -1.936491673103724054, 16.24999999999999289, 4.000000000000000000 ) ) ;
#1538 = CARTESIAN_POINT ( 'NONE',  ( 0.09335797446278046308, 14.88998856555860861, -15.04325973261883398 ) ) ;
#1539 = DIRECTION ( 'NONE',  ( 0.000000000000000000, 0.000000000000000000, -1.000000000000000000 ) ) ;
#1540 = CARTESIAN_POINT ( 'NONE',  ( 47.00000000000000000, -13.13500000000000156, -15.14999999999999325 ) ) ;
#1541 = EDGE_CURVE ( 'NONE', #1575, #1298, #720, .T. ) ;
#1542 = CARTESIAN_POINT ( 'NONE',  ( 2.000000000000001776, -16.49999999999999289, 15.99999999999999289 ) ) ;
#1543 = ORIENTED_EDGE ( 'NONE', *, *, #510, .F. ) ;
#1544 = VECTOR ( 'NONE', #1409, 1000.000000000000000 ) ;
#1545 = CARTESIAN_POINT ( 'NONE',  ( 4.063508326896275946, -16.49999999999999289, 6.000000000000000888 ) ) ;
#1546 = EDGE_LOOP ( 'NONE', ( #556, #1107, #1403, #560, #647, #1357, #359, #916 ) ) ;
#1547 = VECTOR ( 'NONE', #2255, 1000.000000000000000 ) ;
#1548 = ORIENTED_EDGE ( 'NONE', *, *, #1440, .F. ) ;
#1549 = AXIS2_PLACEMENT_3D ( 'NONE', #459, #1167, #1841 ) ;
#1550 = ADVANCED_FACE ( 'NONE', ( #1233 ), #2123, .T. ) ;
#1551 = DIRECTION ( 'NONE',  ( -1.000000000000000000, -0.000000000000000000, -0.000000000000000000 ) ) ;
#1552 = CARTESIAN_POINT ( 'NONE',  ( 4.063508326896275946, 16.24999999999999289, 4.000000000000000000 ) ) ;
#1553 = AXIS2_PLACEMENT_3D ( 'NONE', #24, #407, #1443 ) ;
#1554 = DIRECTION ( 'NONE',  ( 1.000000000000000000, -0.000000000000000000, 0.000000000000000000 ) ) ;
#1555 = VERTEX_POINT ( 'NONE', #1790 ) ;
#1556 = EDGE_CURVE ( 'NONE', #1372, #1696, #2302, .T. ) ;
#1557 = LINE ( 'NONE', #1386, #976 ) ;
#1558 = CARTESIAN_POINT ( 'NONE',  ( 2.000000000000001776, 16.50000000000000000, -14.00000000000000533 ) ) ;
#1559 = ORIENTED_EDGE ( 'NONE', *, *, #1044, .F. ) ;
#1560 = EDGE_LOOP ( 'NONE', ( #1930, #25, #351, #108 ) ) ;
#1561 = CARTESIAN_POINT ( 'NONE',  ( 0.1059594780967185873, -14.55989648782422385, 15.66095595454660305 ) ) ;
#1562 = LINE ( 'NONE', #1171, #708 ) ;
#1563 = CARTESIAN_POINT ( 'NONE',  ( 2.000000000000001776, -14.49999999999999467, 5.999999999999998224 ) ) ;
#1564 = CARTESIAN_POINT ( 'NONE',  ( 46.00000000000000000, 16.50000000000000000, -14.00000000000000533 ) ) ;
#1565 = DIRECTION ( 'NONE',  ( -1.000000000000000000, 0.000000000000000000, 0.000000000000000000 ) ) ;
#1566 = VERTEX_POINT ( 'NONE', #1255 ) ;
#1567 = LINE ( 'NONE', #2049, #497 ) ;
#1568 = LINE ( 'NONE', #662, #1129 ) ;
#1569 = VERTEX_POINT ( 'NONE', #1984 ) ;
#1570 = EDGE_CURVE ( 'NONE', #211, #385, #2181, .T. ) ;
#1571 = CARTESIAN_POINT ( 'NONE',  ( 0.08932778435937148431, -14.93132864196313392, 14.90703191219960111 ) ) ;
#1572 = CARTESIAN_POINT ( 'NONE',  ( -1.936491673103724054, -15.49999999999999289, -4.000000000000000000 ) ) ;
#1573 = LINE ( 'NONE', #1047, #980 ) ;
#1574 = DIRECTION ( 'NONE',  ( 0.000000000000000000, 0.000000000000000000, -1.000000000000000000 ) ) ;
#1575 = VERTEX_POINT ( 'NONE', #174 ) ;
#1576 = DIRECTION ( 'NONE',  ( 0.000000000000000000, 0.000000000000000000, 1.000000000000000000 ) ) ;
#1577 = CARTESIAN_POINT ( 'NONE',  ( -0.6864916731037240538, -16.24999999999999289, 4.000000000000000000 ) ) ;
#1578 = DIRECTION ( 'NONE',  ( -0.000000000000000000, -0.000000000000000000, 1.000000000000000000 ) ) ;
#1579 = AXIS2_PLACEMENT_3D ( 'NONE', #692, #1965, #2156 ) ;
#1580 = EDGE_LOOP ( 'NONE', ( #495, #1934, #1839, #1193, #1113, #565 ) ) ;
#1581 = EDGE_CURVE ( 'NONE', #1954, #986, #1304, .T. ) ;
#1582 = CIRCLE ( 'NONE', #387, 0.5149999999999981259 ) ;
#1583 = EDGE_CURVE ( 'NONE', #816, #2228, #1217, .T. ) ;
#1584 = CARTESIAN_POINT ( 'NONE',  ( 45.00000000000000000, 16.50000000000000000, 13.99999999999999467 ) ) ;
#1585 = FACE_OUTER_BOUND ( 'NONE', #933, .T. ) ;
#1586 = DIRECTION ( 'NONE',  ( 0.000000000000000000, 1.000000000000000000, 0.000000000000000000 ) ) ;
#1587 = CARTESIAN_POINT ( 'NONE',  ( 0.07531178132438189066, -15.00000000000000000, -14.49186413630101455 ) ) ;
#1588 = EDGE_LOOP ( 'NONE', ( #1745, #1225, #34, #1678, #442, #1488, #446, #1417 ) ) ;
#1589 = EDGE_CURVE ( 'NONE', #2213, #2301, #1247, .T. ) ;
#1590 = DIRECTION ( 'NONE',  ( 0.000000000000000000, 0.000000000000000000, 1.000000000000000000 ) ) ;
#1591 = LINE ( 'NONE', #2101, #2237 ) ;
#1592 = ORIENTED_EDGE ( 'NONE', *, *, #652, .T. ) ;
#1593 = ORIENTED_EDGE ( 'NONE', *, *, #1960, .T. ) ;
#1594 = CARTESIAN_POINT ( 'NONE',  ( 2.000000000000001776, -12.49999999999999289, 17.99999999999999645 ) ) ;
#1595 = ORIENTED_EDGE ( 'NONE', *, *, #1416, .F. ) ;
#1596 = CARTESIAN_POINT ( 'NONE',  ( 12.00000000000000000, 3.250000000000011990, 17.99999999999999645 ) ) ;
#1597 = FACE_OUTER_BOUND ( 'NONE', #344, .T. ) ;
#1598 = PRODUCT_RELATED_PRODUCT_CATEGORY ( 'part', '', ( #1035 ) ) ;
#1599 = DIRECTION ( 'NONE',  ( 0.000000000000000000, 0.000000000000000000, -1.000000000000000000 ) ) ;
#1600 = VERTEX_POINT ( 'NONE', #505 ) ;
#1601 = PLANE ( 'NONE',  #1165 ) ;
#1602 = ORIENTED_EDGE ( 'NONE', *, *, #987, .T. ) ;
#1603 = CARTESIAN_POINT ( 'NONE',  ( 0.1024845426505985729, -14.71635919548709737, 15.42659410515550178 ) ) ;
#1604 = CARTESIAN_POINT ( 'NONE',  ( 4.063508326896275946, 16.24999999999999289, -4.000000000000000888 ) ) ;
#1605 = LINE ( 'NONE', #2332, #506 ) ;
#1606 = DIRECTION ( 'NONE',  ( 0.000000000000000000, 0.000000000000000000, -1.000000000000000000 ) ) ;
#1607 = EDGE_CURVE ( 'NONE', #569, #2213, #918, .T. ) ;
#1608 = ORIENTED_EDGE ( 'NONE', *, *, #1030, .F. ) ;
#1609 = FACE_OUTER_BOUND ( 'NONE', #1334, .T. ) ;
#1610 = ORIENTED_EDGE ( 'NONE', *, *, #525, .T. ) ;
#1611 = VERTEX_POINT ( 'NONE', #2202 ) ;
#1612 = CIRCLE ( 'NONE', #2038, 4.000000000000000000 ) ;
#1613 = LINE ( 'NONE', #703, #1170 ) ;
#1614 = LINE ( 'NONE', #1758, #1842 ) ;
#1615 = CARTESIAN_POINT ( 'NONE',  ( 2.000000000000001776, 16.50000000000000000, 13.99999999999999467 ) ) ;
#1616 = CARTESIAN_POINT ( 'NONE',  ( 4.063508326896275946, -16.24999999999999289, 4.000000000000000000 ) ) ;
#1617 = AXIS2_PLACEMENT_3D ( 'NONE', #769, #1303, #914 ) ;
#1618 = EDGE_CURVE ( 'NONE', #1644, #713, #2187, .T. ) ;
#1619 = VECTOR ( 'NONE', #992, 1000.000000000000000 ) ;
#1620 = VERTEX_POINT ( 'NONE', #235 ) ;
#1621 = AXIS2_PLACEMENT_3D ( 'NONE', #616, #648, #1335 ) ;
#1622 = CARTESIAN_POINT ( 'NONE',  ( 46.00000000000000000, 15.00000000000000178, -14.35000000000000853 ) ) ;
#1623 = CARTESIAN_POINT ( 'NONE',  ( 45.00000000000000000, 16.50000000000000000, -14.00000000000000533 ) ) ;
#1624 = EDGE_LOOP ( 'NONE', ( #1783, #1057, #1656, #1149 ) ) ;
#1625 = VERTEX_POINT ( 'NONE', #907 ) ;
#1626 = ADVANCED_FACE ( 'NONE', ( #1660 ), #1207, .T. ) ;
#1627 = AXIS2_PLACEMENT_3D ( 'NONE', #2194, #1653, #28 ) ;
#1628 = CARTESIAN_POINT ( 'NONE',  ( 2.000000000000001776, -12.49999999999999289, 13.99999999999999467 ) ) ;
#1629 = ORIENTED_EDGE ( 'NONE', *, *, #423, .T. ) ;
#1630 = CYLINDRICAL_SURFACE ( 'NONE', #1849, 2.149999999999999023 ) ;
#1631 = CARTESIAN_POINT ( 'NONE',  ( 47.00000000000000000, 0.000000000000000000, 0.000000000000000000 ) ) ;
#1632 = DIRECTION ( 'NONE',  ( -4.336808689942017736E-16, 0.000000000000000000, 1.000000000000000000 ) ) ;
#1633 = DIRECTION ( 'NONE',  ( -1.000000000000000000, 0.000000000000000000, 0.000000000000000000 ) ) ;
#1634 = VERTEX_POINT ( 'NONE', #1269 ) ;
#1635 = CARTESIAN_POINT ( 'NONE',  ( 4.063508326896275946, 16.50000000000000000, 6.000000000000000888 ) ) ;
#1636 = ORIENTED_EDGE ( 'NONE', *, *, #101, .F. ) ;
#1637 = ORIENTED_EDGE ( 'NONE', *, *, #642, .T. ) ;
#1638 = ORIENTED_EDGE ( 'NONE', *, *, #1030, .T. ) ;
#1639 = EDGE_CURVE ( 'NONE', #665, #1298, #828, .T. ) ;
#1640 = CARTESIAN_POINT ( 'NONE',  ( 46.00000000000000000, -3.250000000000006217, 16.49999999999999289 ) ) ;
#1641 = DIRECTION ( 'NONE',  ( 0.000000000000000000, 0.000000000000000000, 1.000000000000000000 ) ) ;
#1642 = PRODUCT_CONTEXT ( 'NONE', #428, 'mechanical' ) ;
#1643 = FACE_OUTER_BOUND ( 'NONE', #2211, .T. ) ;
#1644 = VERTEX_POINT ( 'NONE', #8 ) ;
#1645 = DIRECTION ( 'NONE',  ( -1.000000000000000000, 0.000000000000000000, 0.000000000000000000 ) ) ;
#1646 = ORIENTED_EDGE ( 'NONE', *, *, #2052, .F. ) ;
#1647 = DIRECTION ( 'NONE',  ( 0.000000000000000000, 0.000000000000000000, 1.000000000000000000 ) ) ;
#1648 = ORIENTED_EDGE ( 'NONE', *, *, #849, .F. ) ;
#1649 = ADVANCED_FACE ( 'NONE', ( #1094 ), #197, .T. ) ;
#1650 = CARTESIAN_POINT ( 'NONE',  ( 2.000000000000001776, -16.49999999999999289, 5.999999999999998224 ) ) ;
#1651 = CARTESIAN_POINT ( 'NONE',  ( -0.6864916731037242759, 16.74999999999999289, 5.346291201783627933 ) ) ;
#1652 = AXIS2_PLACEMENT_3D ( 'NONE', #990, #2061, #1910 ) ;
#1653 = DIRECTION ( 'NONE',  ( 0.000000000000000000, -1.000000000000000000, -1.185325231278994233E-16 ) ) ;
#1654 = ADVANCED_FACE ( 'NONE', ( #748 ), #1073, .F. ) ;
#1655 = CIRCLE ( 'NONE', #1086, 2.000000000000001776 ) ;
#1656 = ORIENTED_EDGE ( 'NONE', *, *, #1980, .T. ) ;
#1657 = CARTESIAN_POINT ( 'NONE',  ( 0.1068512570294128938, 14.27107202998090862, 15.96946025618689546 ) ) ;
#1658 = VERTEX_POINT ( 'NONE', #1794 ) ;
#1659 = VECTOR ( 'NONE', #1989, 1000.000000000000000 ) ;
#1660 = FACE_OUTER_BOUND ( 'NONE', #568, .T. ) ;
#1661 = ORIENTED_EDGE ( 'NONE', *, *, #1279, .F. ) ;
#1662 = AXIS2_PLACEMENT_3D ( 'NONE', #2111, #501, #1375 ) ;
#1663 = CARTESIAN_POINT ( 'NONE',  ( 46.00000000000000000, -12.84999999999999609, -14.35000000000000853 ) ) ;
#1664 = FACE_OUTER_BOUND ( 'NONE', #1517, .T. ) ;
#1665 = CARTESIAN_POINT ( 'NONE',  ( -1.936491673103724054, 15.49999999999999289, 4.000000000000000000 ) ) ;
#1666 = ORIENTED_EDGE ( 'NONE', *, *, #331, .T. ) ;
#1667 = EDGE_CURVE ( 'NONE', #880, #770, #1287, .T. ) ;
#1668 = CARTESIAN_POINT ( 'NONE',  ( 45.00000000000000000, 12.50000000000000000, 15.99999999999999289 ) ) ;
#1669 = ORIENTED_EDGE ( 'NONE', *, *, #1784, .F. ) ;
#1670 = LINE ( 'NONE', #1695, #18 ) ;
#1671 = ORIENTED_EDGE ( 'NONE', *, *, #756, .F. ) ;
#1672 = EDGE_CURVE ( 'NONE', #834, #405, #16, .T. ) ;
#1673 = PLANE ( 'NONE',  #2045 ) ;
#1674 = DIRECTION ( 'NONE',  ( -0.000000000000000000, 1.000000000000000000, 0.000000000000000000 ) ) ;
#1675 = LINE ( 'NONE', #2018, #1724 ) ;
#1676 = PLANE ( 'NONE',  #1627 ) ;
#1677 = ADVANCED_FACE ( 'NONE', ( #400 ), #1988, .F. ) ;
#1678 = ORIENTED_EDGE ( 'NONE', *, *, #54, .T. ) ;
#1679 = ADVANCED_FACE ( 'NONE', ( #1455 ), #2176, .T. ) ;
#1680 = CARTESIAN_POINT ( 'NONE',  ( 2.000000000000001776, 16.50000000000000000, 13.99999999999999467 ) ) ;
#1681 = ORIENTED_EDGE ( 'NONE', *, *, #252, .T. ) ;
#1682 = CARTESIAN_POINT ( 'NONE',  ( 46.00000000000000000, 13.13500000000000156, 14.63499999999999446 ) ) ;
#1683 = ORIENTED_EDGE ( 'NONE', *, *, #559, .F. ) ;
#1684 = CARTESIAN_POINT ( 'NONE',  ( 0.06556836238618207746, -12.73321217410142658, 16.49999999999999289 ) ) ;
#1685 = CARTESIAN_POINT ( 'NONE',  ( -0.6864916731037242759, -16.74999999999999289, -4.000000000000000000 ) ) ;
#1686 = CARTESIAN_POINT ( 'NONE',  ( 0.09991466495940277970, 14.78266177755506483, -15.30235542632900803 ) ) ;
#1687 = DIRECTION ( 'NONE',  ( 0.000000000000000000, 1.000000000000000000, 0.000000000000000000 ) ) ;
#1688 = CARTESIAN_POINT ( 'NONE',  ( -1.936491673103724054, 15.49999999999999289, 4.000000000000000000 ) ) ;
#1689 = ADVANCED_FACE ( 'NONE', ( #1998 ), #389, .F. ) ;
#1690 = AXIS2_PLACEMENT_3D ( 'NONE', #1211, #467, #2091 ) ;
#1691 = VECTOR ( 'NONE', #852, 1000.000000000000000 ) ;
#1692 = LINE ( 'NONE', #1001, #1845 ) ;
#1693 = ORIENTED_EDGE ( 'NONE', *, *, #37, .T. ) ;
#1694 = VECTOR ( 'NONE', #1326, 1000.000000000000000 ) ;
#1695 = CARTESIAN_POINT ( 'NONE',  ( -1.936491673103724054, -16.24999999999999289, -4.000000000000000000 ) ) ;
#1696 = VERTEX_POINT ( 'NONE', #1465 ) ;
#1697 = EDGE_CURVE ( 'NONE', #1453, #1464, #737, .T. ) ;
#1698 = VECTOR ( 'NONE', #26, 1000.000000000000000 ) ;
#1699 = LINE ( 'NONE', #99, #306 ) ;
#1700 = AXIS2_PLACEMENT_3D ( 'NONE', #35, #1106, #927 ) ;
#1701 = DIRECTION ( 'NONE',  ( 0.000000000000000000, -1.000000000000000000, -6.603439192907526451E-17 ) ) ;
#1702 = CARTESIAN_POINT ( 'NONE',  ( 46.00000000000000000, -16.49999999999999289, -18.00000000000000355 ) ) ;
#1703 = LINE ( 'NONE', #1867, #4 ) ;
#1704 = CARTESIAN_POINT ( 'NONE',  ( 4.063508326896275946, 15.49999999999999289, 4.000000000000000000 ) ) ;
#1705 = VECTOR ( 'NONE', #1578, 1000.000000000000000 ) ;
#1706 = DIRECTION ( 'NONE',  ( 0.000000000000000000, -1.000000000000000000, 0.000000000000000000 ) ) ;
#1707 = ORIENTED_EDGE ( 'NONE', *, *, #2144, .F. ) ;
#1708 = CARTESIAN_POINT ( 'NONE',  ( 2.000000000000001776, -12.49999999999999289, 13.99999999999999467 ) ) ;
#1709 = ORIENTED_EDGE ( 'NONE', *, *, #1463, .T. ) ;
#1710 = EDGE_CURVE ( 'NONE', #1068, #1817, #466, .T. ) ;
#1711 = CARTESIAN_POINT ( 'NONE',  ( -0.6864916731037242759, -16.24999999999999289, -4.000000000000000000 ) ) ;
#1712 = CARTESIAN_POINT ( 'NONE',  ( 2.000000000000001776, -12.49999999999999289, -18.00000000000000355 ) ) ;
#1713 = DIRECTION ( 'NONE',  ( 1.000000000000000000, 0.000000000000000000, 4.336808689942017736E-16 ) ) ;
#1714 = CARTESIAN_POINT ( 'NONE',  ( 0.06350832689627551597, 12.61668653367533821, 16.49999999999999289 ) ) ;
#1715 = VERTEX_POINT ( 'NONE', #2046 ) ;
#1716 = ORIENTED_EDGE ( 'NONE', *, *, #2277, .F. ) ;
#1717 = EDGE_CURVE ( 'NONE', #437, #1986, #2234, .T. ) ;
#1718 = CARTESIAN_POINT ( 'NONE',  ( 4.063508326896275946, -16.24999999999999289, 4.000000000000000000 ) ) ;
#1719 = DIRECTION ( 'NONE',  ( 1.000000000000000000, -0.000000000000000000, -0.000000000000000000 ) ) ;
#1720 = DIRECTION ( 'NONE',  ( -1.000000000000000000, 0.000000000000000000, 0.000000000000000000 ) ) ;
#1721 = EDGE_CURVE ( 'NONE', #640, #1838, #277, .T. ) ;
#1722 = DIRECTION ( 'NONE',  ( 0.000000000000000000, 0.000000000000000000, 1.000000000000000000 ) ) ;
#1723 = ORIENTED_EDGE ( 'NONE', *, *, #375, .F. ) ;
#1724 = VECTOR ( 'NONE', #563, 1000.000000000000000 ) ;
#1725 = EDGE_CURVE ( 'NONE', #1600, #1372, #1502, .T. ) ;
#1726 = CARTESIAN_POINT ( 'NONE',  ( 45.00000000000000000, -16.49999999999999289, 13.99999999999999467 ) ) ;
#1727 = DIRECTION ( 'NONE',  ( -1.000000000000000000, -0.000000000000000000, -0.000000000000000000 ) ) ;
#1728 = ORIENTED_EDGE ( 'NONE', *, *, #1710, .T. ) ;
#1729 = AXIS2_PLACEMENT_3D ( 'NONE', #159, #21, #1413 ) ;
#1730 = ORIENTED_EDGE ( 'NONE', *, *, #2, .T. ) ;
#1731 = CIRCLE ( 'NONE', #130, 2.000000000000000000 ) ;
#1732 = CARTESIAN_POINT ( 'NONE',  ( 0.1068512570294135461, -14.46946025618689546, 15.77107202998090330 ) ) ;
#1733 = FACE_OUTER_BOUND ( 'NONE', #1624, .T. ) ;
#1734 = AXIS2_PLACEMENT_3D ( 'NONE', #1023, #1744, #853 ) ;
#1735 = AXIS2_PLACEMENT_3D ( 'NONE', #972, #1915, #1194 ) ;
#1736 = CARTESIAN_POINT ( 'NONE',  ( 0.06350832689627551597, 12.50000000000000000, 16.49999999999999289 ) ) ;
#1737 = DIRECTION ( 'NONE',  ( 0.000000000000000000, 0.000000000000000000, 1.000000000000000000 ) ) ;
#1738 = AXIS2_PLACEMENT_3D ( 'NONE', #2220, #624, #949 ) ;
#1739 = VECTOR ( 'NONE', #403, 1000.000000000000000 ) ;
#1740 = CARTESIAN_POINT ( 'NONE',  ( -1.936491673103724054, 16.24999999999999289, 5.346291201783627933 ) ) ;
#1741 = ORIENTED_EDGE ( 'NONE', *, *, #1813, .F. ) ;
#1742 = AXIS2_PLACEMENT_3D ( 'NONE', #1056, #1908, #323 ) ;
#1743 = FACE_OUTER_BOUND ( 'NONE', #1307, .T. ) ;
#1744 = DIRECTION ( 'NONE',  ( -1.445602896647339163E-16, 1.000000000000000000, -0.000000000000000000 ) ) ;
#1745 = ORIENTED_EDGE ( 'NONE', *, *, #1435, .F. ) ;
#1746 = ORIENTED_EDGE ( 'NONE', *, *, #552, .T. ) ;
#1747 = DIRECTION ( 'NONE',  ( 1.000000000000000000, -0.000000000000000000, -0.000000000000000000 ) ) ;
#1748 = CARTESIAN_POINT ( 'NONE',  ( 4.063508326896275946, -15.49999999999999289, 4.000000000000000000 ) ) ;
#1749 = FILL_AREA_STYLE ('',( #846 ) ) ;
#1750 = LINE ( 'NONE', #1564, #2229 ) ;
#1751 = FACE_OUTER_BOUND ( 'NONE', #950, .T. ) ;
#1752 = ORIENTED_EDGE ( 'NONE', *, *, #2222, .F. ) ;
#1753 = EDGE_CURVE ( 'NONE', #880, #2122, #985, .T. ) ;
#1754 = FACE_OUTER_BOUND ( 'NONE', #1061, .T. ) ;
#1755 = CARTESIAN_POINT ( 'NONE',  ( 12.00000000000000000, -3.250000000000011990, 12.99999999999999467 ) ) ;
#1756 = EDGE_LOOP ( 'NONE', ( #170, #1716, #814, #1608 ) ) ;
#1757 = VERTEX_POINT ( 'NONE', #1306 ) ;
#1758 = CARTESIAN_POINT ( 'NONE',  ( 0.000000000000000000, 12.85000000000000142, -16.50000000000000711 ) ) ;
#1759 = DIRECTION ( 'NONE',  ( 0.000000000000000000, 0.000000000000000000, 1.000000000000000000 ) ) ;
#1760 = CYLINDRICAL_SURFACE ( 'NONE', #492, 3.250000000000011546 ) ;
#1761 = CARTESIAN_POINT ( 'NONE',  ( 0.06996775957201573082, -12.84999999999999609, 16.49999999999999289 ) ) ;
#1762 = EDGE_CURVE ( 'NONE', #816, #2159, #1481, .T. ) ;
#1763 = CARTESIAN_POINT ( 'NONE',  ( -0.6864916731037242759, -16.74999999999999289, 4.000000000000000000 ) ) ;
#1764 = PLANE ( 'NONE',  #2186 ) ;
#1765 = ORIENTED_EDGE ( 'NONE', *, *, #1490, .T. ) ;
#1766 = DIRECTION ( 'NONE',  ( 0.000000000000000000, 0.000000000000000000, 1.000000000000000000 ) ) ;
#1767 = ORIENTED_EDGE ( 'NONE', *, *, #642, .F. ) ;
#1768 = AXIS2_PLACEMENT_3D ( 'NONE', #579, #443, #1281 ) ;
#1769 = CARTESIAN_POINT ( 'NONE',  ( 0.09340274673388983262, -13.54487233453780881, 16.38942364903371285 ) ) ;
#1770 = PRODUCT_DEFINITION ( 'UNKNOWN', '', #1999, #2129 ) ;
#1771 = AXIS2_PLACEMENT_3D ( 'NONE', #2107, #2275, #1912 ) ;
#1772 = CARTESIAN_POINT ( 'NONE',  ( 2.000000000000001776, 12.50000000000000000, -14.00000000000000533 ) ) ;
#1773 = FACE_OUTER_BOUND ( 'NONE', #1588, .T. ) ;
#1774 = CARTESIAN_POINT ( 'NONE',  ( -1.936491673103724054, -16.24999999999999289, 4.000000000000000000 ) ) ;
#1775 = VECTOR ( 'NONE', #606, 1000.000000000000000 ) ;
#1776 = DIRECTION ( 'NONE',  ( -4.336808689942017736E-16, 0.000000000000000000, 1.000000000000000000 ) ) ;
#1777 = VECTOR ( 'NONE', #969, 1000.000000000000000 ) ;
#1778 = ORIENTED_EDGE ( 'NONE', *, *, #1556, .T. ) ;
#1779 = EDGE_CURVE ( 'NONE', #385, #1625, #1017, .T. ) ;
#1780 = DIRECTION ( 'NONE',  ( -0.000000000000000000, -0.000000000000000000, -1.000000000000000000 ) ) ;
#1781 = LINE ( 'NONE', #1545, #2088 ) ;
#1782 = VERTEX_POINT ( 'NONE', #96 ) ;
#1783 = ORIENTED_EDGE ( 'NONE', *, *, #1100, .T. ) ;
#1784 = EDGE_CURVE ( 'NONE', #478, #1555, #578, .T. ) ;
#1785 = DIRECTION ( 'NONE',  ( 0.000000000000000000, 0.000000000000000000, 1.000000000000000000 ) ) ;
#1786 = DIRECTION ( 'NONE',  ( 1.000000000000000000, 0.000000000000000000, 0.000000000000000000 ) ) ;
#1787 = DIRECTION ( 'NONE',  ( -0.000000000000000000, -0.000000000000000000, 1.000000000000000000 ) ) ;
#1788 = CARTESIAN_POINT ( 'NONE',  ( 2.000000000000001776, 12.50000000000000000, -18.00000000000000355 ) ) ;
#1789 = ORIENTED_EDGE ( 'NONE', *, *, #131, .F. ) ;
#1790 = CARTESIAN_POINT ( 'NONE',  ( 0.06996775957202050478, -12.84999999999999609, -16.50000000000000711 ) ) ;
#1791 = LINE ( 'NONE', #1944, #1473 ) ;
#1792 = ORIENTED_EDGE ( 'NONE', *, *, #2248, .F. ) ;
#1793 = ORIENTED_EDGE ( 'NONE', *, *, #328, .F. ) ;
#1794 = CARTESIAN_POINT ( 'NONE',  ( 4.063508326896275946, 15.49999999999999289, 4.000000000000000000 ) ) ;
#1795 = DIRECTION ( 'NONE',  ( 0.000000000000000000, 0.000000000000000000, 1.000000000000000000 ) ) ;
#1796 = DIRECTION ( 'NONE',  ( 0.000000000000000000, 0.000000000000000000, -1.000000000000000000 ) ) ;
#1797 = CARTESIAN_POINT ( 'NONE',  ( -1.936491673103724054, -16.24999999999999289, 5.346291201783627933 ) ) ;
#1798 = ORIENTED_EDGE ( 'NONE', *, *, #1581, .T. ) ;
#1799 = ADVANCED_FACE ( 'NONE', ( #633 ), #1850, .F. ) ;
#1800 = PLANE ( 'NONE',  #431 ) ;
#1801 = DIRECTION ( 'NONE',  ( 1.000000000000000000, 0.000000000000000000, 0.000000000000000000 ) ) ;
#1802 = ORIENTED_EDGE ( 'NONE', *, *, #1901, .F. ) ;
#1803 = VECTOR ( 'NONE', #2320, 1000.000000000000000 ) ;
#1804 = CARTESIAN_POINT ( 'NONE',  ( 47.00000000000000000, -14.49999999999999467, -14.00000000000000533 ) ) ;
#1805 = EDGE_CURVE ( 'NONE', #1620, #1226, #959, .T. ) ;
#1806 = LINE ( 'NONE', #1857, #1362 ) ;
#1807 = FACE_OUTER_BOUND ( 'NONE', #795, .T. ) ;
#1808 = VECTOR ( 'NONE', #1780, 1000.000000000000000 ) ;
#1809 = CIRCLE ( 'NONE', #90, 2.000000000000001776 ) ;
#1810 = AXIS2_PLACEMENT_3D ( 'NONE', #1336, #1528, #1701 ) ;
#1811 = ORIENTED_EDGE ( 'NONE', *, *, #1753, .F. ) ;
#1812 = CIRCLE ( 'NONE', #1621, 2.000000000000000000 ) ;
#1813 = EDGE_CURVE ( 'NONE', #1978, #2159, #456, .T. ) ;
#1814 = AXIS2_PLACEMENT_3D ( 'NONE', #1628, #61, #561 ) ;
#1815 = PLANE ( 'NONE',  #1432 ) ;
#1816 = ORIENTED_EDGE ( 'NONE', *, *, #702, .F. ) ;
#1817 = VERTEX_POINT ( 'NONE', #1492 ) ;
#1818 = AXIS2_PLACEMENT_3D ( 'NONE', #1447, #326, #1076 ) ;
#1819 = DIRECTION ( 'NONE',  ( -1.000000000000000000, -0.000000000000000000, 0.000000000000000000 ) ) ;
#1820 = VERTEX_POINT ( 'NONE', #1150 ) ;
#1821 = DIRECTION ( 'NONE',  ( 0.000000000000000000, 1.000000000000000000, 0.000000000000000000 ) ) ;
#1822 =( NAMED_UNIT ( * ) SI_UNIT ( $, .STERADIAN. ) SOLID_ANGLE_UNIT ( ) );
#1823 = CARTESIAN_POINT ( 'NONE',  ( 47.00000000000000000, -12.49999999999999289, 15.99999999999999289 ) ) ;
#1824 = EDGE_LOOP ( 'NONE', ( #1913, #475, #2106, #1462, #893, #967, #212, #983, #997, #1509 ) ) ;
#1825 = EDGE_CURVE ( 'NONE', #746, #2182, #1670, .T. ) ;
#1826 = ORIENTED_EDGE ( 'NONE', *, *, #1667, .F. ) ;
#1827 = ORIENTED_EDGE ( 'NONE', *, *, #1085, .F. ) ;
#1828 = EDGE_CURVE ( 'NONE', #1231, #1575, #1897, .T. ) ;
#1829 = CARTESIAN_POINT ( 'NONE',  ( 17.51500000000006452, 2.890000000000026326, -18.00000000000000355 ) ) ;
#1830 = VERTEX_POINT ( 'NONE', #1141 ) ;
#1831 = ADVANCED_FACE ( 'NONE', ( #1886 ), #468, .T. ) ;
#1832 = LINE ( 'NONE', #1272, #1659 ) ;
#1833 = LINE ( 'NONE', #1651, #271 ) ;
#1834 = DIRECTION ( 'NONE',  ( -0.000000000000000000, -1.000000000000000000, -0.000000000000000000 ) ) ;
#1835 = LINE ( 'NONE', #229, #199 ) ;
#1836 = ORIENTED_EDGE ( 'NONE', *, *, #666, .F. ) ;
#1837 = DIRECTION ( 'NONE',  ( -1.000000000000000000, 0.000000000000000000, 0.000000000000000000 ) ) ;
#1838 = VERTEX_POINT ( 'NONE', #2212 ) ;
#1839 = ORIENTED_EDGE ( 'NONE', *, *, #2226, .T. ) ;
#1840 = CARTESIAN_POINT ( 'NONE',  ( 45.00000000000000000, 12.50000000000000000, -18.00000000000000355 ) ) ;
#1841 = DIRECTION ( 'NONE',  ( 0.000000000000000000, 0.000000000000000000, 1.000000000000000000 ) ) ;
#1842 = VECTOR ( 'NONE', #1981, 1000.000000000000000 ) ;
#1843 = DIRECTION ( 'NONE',  ( 1.445602896647339163E-16, -1.000000000000000000, 0.000000000000000000 ) ) ;
#1844 = DIRECTION ( 'NONE',  ( 0.000000000000000000, 1.000000000000000000, -0.000000000000000000 ) ) ;
#1845 = VECTOR ( 'NONE', #1722, 1000.000000000000000 ) ;
#1846 = ORIENTED_EDGE ( 'NONE', *, *, #1556, .F. ) ;
#1847 = CARTESIAN_POINT ( 'NONE',  ( 4.063508326896275058, -15.00000000000000000, 6.000000000000001776 ) ) ;
#1848 = ORIENTED_EDGE ( 'NONE', *, *, #1589, .F. ) ;
#1849 = AXIS2_PLACEMENT_3D ( 'NONE', #1663, #721, #216 ) ;
#1850 = PLANE ( 'NONE',  #2308 ) ;
#1851 = ORIENTED_EDGE ( 'NONE', *, *, #1351, .T. ) ;
#1852 = VECTOR ( 'NONE', #1177, 1000.000000000000000 ) ;
#1853 = AXIS2_PLACEMENT_3D ( 'NONE', #2225, #1632, #731 ) ;
#1854 = DIRECTION ( 'NONE',  ( 1.000000000000000000, -4.336808689942014285E-16, 0.000000000000000000 ) ) ;
#1855 = CARTESIAN_POINT ( 'NONE',  ( 0.06996775957202050478, -14.99999999999999822, 14.34999999999999432 ) ) ;
#1856 = DIRECTION ( 'NONE',  ( 0.000000000000000000, 0.000000000000000000, -1.000000000000000000 ) ) ;
#1857 = CARTESIAN_POINT ( 'NONE',  ( -1.936491673103724054, -16.24999999999999289, -4.000000000000000000 ) ) ;
#1858 = EDGE_CURVE ( 'NONE', #903, #867, #2198, .T. ) ;
#1859 = ORIENTED_EDGE ( 'NONE', *, *, #1294, .T. ) ;
#1860 = DIRECTION ( 'NONE',  ( 1.000000000000000000, 0.000000000000000000, -0.000000000000000000 ) ) ;
#1861 = ORIENTED_EDGE ( 'NONE', *, *, #479, .T. ) ;
#1862 = CARTESIAN_POINT ( 'NONE',  ( 47.00000000000000000, -13.13500000000000156, 15.14999999999999503 ) ) ;
#1863 = VERTEX_POINT ( 'NONE', #1873 ) ;
#1864 = CARTESIAN_POINT ( 'NONE',  ( 46.00000000000000000, -12.84999999999999609, 16.49999999999999289 ) ) ;
#1865 = EDGE_CURVE ( 'NONE', #1372, #1296, #1333, .T. ) ;
#1866 = PLANE ( 'NONE',  #1810 ) ;
#1867 = CARTESIAN_POINT ( 'NONE',  ( 0.06350832689627572414, 15.00000000000000178, 14.00000000000000178 ) ) ;
#1868 = ORIENTED_EDGE ( 'NONE', *, *, #1639, .T. ) ;
#1869 = B_SPLINE_CURVE_WITH_KNOTS ( 'NONE', 3,
 ( #810, #835, #489, #620 ),
 .UNSPECIFIED., .F., .F.,
 ( 4, 4 ),
 ( 0.000000000000000000, 0.0003491440667509446865 ),
 .UNSPECIFIED. ) ;
#1870 = FACE_OUTER_BOUND ( 'NONE', #1305, .T. ) ;
#1871 = EDGE_CURVE ( 'NONE', #601, #2236, #1163, .T. ) ;
#1872 = ORIENTED_EDGE ( 'NONE', *, *, #1472, .F. ) ;
#1873 = CARTESIAN_POINT ( 'NONE',  ( 0.06996775957201356588, 15.00000000000000178, -14.35000000000000853 ) ) ;
#1874 = ORIENTED_EDGE ( 'NONE', *, *, #191, .T. ) ;
#1875 = DIRECTION ( 'NONE',  ( 0.8944271909999157444, 0.4472135954999582608, 0.000000000000000000 ) ) ;
#1876 = CARTESIAN_POINT ( 'NONE',  ( 47.00000000000000000, -13.65000000000000036, -14.63499999999999091 ) ) ;
#1877 = CARTESIAN_POINT ( 'NONE',  ( 2.000000000000001776, 3.250000000000013323, 17.99999999999999645 ) ) ;
#1878 = EDGE_CURVE ( 'NONE', #867, #691, #148, .T. ) ;
#1879 = AXIS2_PLACEMENT_3D ( 'NONE', #1902, #1380, #2272 ) ;
#1880 = CARTESIAN_POINT ( 'NONE',  ( 12.00000000000000000, -9.870578585667566250E-15, 16.49999999999999289 ) ) ;
#1881 = VECTOR ( 'NONE', #1148, 1000.000000000000000 ) ;
#1882 = CARTESIAN_POINT ( 'NONE',  ( 2.000000000000001776, -12.49999999999999289, 17.99999999999999645 ) ) ;
#1883 = ORIENTED_EDGE ( 'NONE', *, *, #353, .T. ) ;
#1884 = AXIS2_PLACEMENT_3D ( 'NONE', #1929, #1776, #358 ) ;
#1885 = ADVANCED_FACE ( 'NONE', ( #649 ), #815, .T. ) ;
#1886 = FACE_OUTER_BOUND ( 'NONE', #2256, .T. ) ;
#1887 = ORIENTED_EDGE ( 'NONE', *, *, #101, .T. ) ;
#1888 = AXIS2_PLACEMENT_3D ( 'NONE', #1862, #796, #285 ) ;
#1889 = DIRECTION ( 'NONE',  ( 1.000000000000000000, -0.000000000000000000, 0.000000000000000000 ) ) ;
#1890 = AXIS2_PLACEMENT_3D ( 'NONE', #189, #1759, #1786 ) ;
#1891 = CARTESIAN_POINT ( 'NONE',  ( 0.1024676626825648112, 14.71685334561727743, -15.42571931170487787 ) ) ;
#1892 = DIRECTION ( 'NONE',  ( -4.336808689942013792E-16, 1.000000000000000000, -0.000000000000000000 ) ) ;
#1893 = CARTESIAN_POINT ( 'NONE',  ( 45.00000000000000000, 12.50000000000000000, 13.99999999999999467 ) ) ;
#1894 = CARTESIAN_POINT ( 'NONE',  ( 45.00000000000000000, -12.49999999999999289, 13.99999999999999467 ) ) ;
#1895 = EDGE_CURVE ( 'NONE', #691, #180, #641, .T. ) ;
#1896 = ORIENTED_EDGE ( 'NONE', *, *, #2034, .T. ) ;
#1897 = LINE ( 'NONE', #436, #276 ) ;
#1898 = EDGE_LOOP ( 'NONE', ( #1971, #1671, #1996, #43 ) ) ;
#1899 = EDGE_CURVE ( 'NONE', #686, #2311, #1591, .T. ) ;
#1900 = CARTESIAN_POINT ( 'NONE',  ( 46.00000000000000000, -14.99999999999999822, -5.999999999999998224 ) ) ;
#1901 = EDGE_CURVE ( 'NONE', #482, #659, #208, .T. ) ;
#1902 = CARTESIAN_POINT ( 'NONE',  ( 46.00000000000000000, 16.50000000000000000, 17.99999999999999645 ) ) ;
#1903 = LINE ( 'NONE', #1000, #680 ) ;
#1904 = LINE ( 'NONE', #481, #1619 ) ;
#1905 = ADVANCED_FACE ( 'NONE', ( #1196 ), #2137, .T. ) ;
#1906 = CARTESIAN_POINT ( 'NONE',  ( 47.00000000000000000, 13.13500000000000156, -15.14999999999999147 ) ) ;
#1907 = ORIENTED_EDGE ( 'NONE', *, *, #1063, .F. ) ;
#1908 = DIRECTION ( 'NONE',  ( 0.000000000000000000, 0.000000000000000000, -1.000000000000000000 ) ) ;
#1909 = EDGE_LOOP ( 'NONE', ( #545, #2154, #1827, #1146 ) ) ;
#1910 = DIRECTION ( 'NONE',  ( 0.000000000000000000, 0.000000000000000000, 1.000000000000000000 ) ) ;
#1911 = DIRECTION ( 'NONE',  ( -0.000000000000000000, 1.000000000000000000, 0.000000000000000000 ) ) ;
#1912 = DIRECTION ( 'NONE',  ( 0.000000000000000000, 0.000000000000000000, 1.000000000000000000 ) ) ;
#1913 = ORIENTED_EDGE ( 'NONE', *, *, #783, .F. ) ;
#1914 = VECTOR ( 'NONE', #706, 1000.000000000000000 ) ;
#1915 = DIRECTION ( 'NONE',  ( 1.000000000000000000, 0.000000000000000000, 0.000000000000000000 ) ) ;
#1916 = DIRECTION ( 'NONE',  ( 1.000000000000000000, 0.000000000000000000, 0.000000000000000000 ) ) ;
#1917 = LINE ( 'NONE', #2314, #870 ) ;
#1918 = ORIENTED_EDGE ( 'NONE', *, *, #917, .F. ) ;
#1919 = AXIS2_PLACEMENT_3D ( 'NONE', #1740, #91, #1350 ) ;
#1920 = EDGE_LOOP ( 'NONE', ( #1816, #1368, #1332, #408 ) ) ;
#1921 = AXIS2_PLACEMENT_3D ( 'NONE', #2039, #1291, #2019 ) ;
#1922 = AXIS2_PLACEMENT_3D ( 'NONE', #988, #973, #424 ) ;
#1923 = CARTESIAN_POINT ( 'NONE',  ( 0.1068548877190737129, -14.17253662128721814, 16.06807619982529900 ) ) ;
#1924 = VECTOR ( 'NONE', #410, 1000.000000000000000 ) ;
#1925 = DIRECTION ( 'NONE',  ( 0.000000000000000000, 0.000000000000000000, -1.000000000000000000 ) ) ;
#1926 = LINE ( 'NONE', #1190, #430 ) ;
#1927 = EDGE_CURVE ( 'NONE', #97, #746, #1917, .T. ) ;
#1928 = CARTESIAN_POINT ( 'NONE',  ( 46.00000000000000711, 15.00000000000000178, 6.000000000000017764 ) ) ;
#1929 = CARTESIAN_POINT ( 'NONE',  ( 0.06350832689627561312, 16.50000000000000000, 5.999999999999999112 ) ) ;
#1930 = ORIENTED_EDGE ( 'NONE', *, *, #206, .F. ) ;
#1931 = CARTESIAN_POINT ( 'NONE',  ( -0.6864916731037240538, 16.24999999999999289, 5.346291201783627933 ) ) ;
#1932 = DIRECTION ( 'NONE',  ( 0.000000000000000000, 0.000000000000000000, -1.000000000000000000 ) ) ;
#1933 = DIRECTION ( 'NONE',  ( 0.000000000000000000, -1.000000000000000000, -0.000000000000000000 ) ) ;
#1934 = ORIENTED_EDGE ( 'NONE', *, *, #678, .T. ) ;
#1935 = CARTESIAN_POINT ( 'NONE',  ( 0.09991530551950089656, 13.80235505156999665, -16.28267884427642542 ) ) ;
#1936 = EDGE_LOOP ( 'NONE', ( #2184, #324, #220, #955, #863, #2289, #2079 ) ) ;
#1937 = CARTESIAN_POINT ( 'NONE',  ( 0.06996775957202050478, -14.99999999999999822, 14.34999999999999432 ) ) ;
#1938 = PLANE ( 'NONE',  #1322 ) ;
#1939 = EDGE_CURVE ( 'NONE', #457, #651, #1235, .T. ) ;
#1940 = DIRECTION ( 'NONE',  ( 1.000000000000000000, -0.000000000000000000, 0.000000000000000000 ) ) ;
#1941 = DIRECTION ( 'NONE',  ( 0.000000000000000000, 0.000000000000000000, 1.000000000000000000 ) ) ;
#1942 = ORIENTED_EDGE ( 'NONE', *, *, #396, .F. ) ;
#1943 = EDGE_CURVE ( 'NONE', #569, #671, #1292, .T. ) ;
#1944 = CARTESIAN_POINT ( 'NONE',  ( 15.25000000000001243, -9.870578585667566250E-15, 12.99999999999999467 ) ) ;
#1945 = FACE_OUTER_BOUND ( 'NONE', #589, .T. ) ;
#1946 = ORIENTED_EDGE ( 'NONE', *, *, #1155, .T. ) ;
#1947 = CARTESIAN_POINT ( 'NONE',  ( 0.07530698143435694825, 12.99173671686218334, -16.50000000000000355 ) ) ;
#1948 = ORIENTED_EDGE ( 'NONE', *, *, #2152, .F. ) ;
#1949 = CARTESIAN_POINT ( 'NONE',  ( 46.00000000000000000, 16.50000000000000000, 13.99999999999999467 ) ) ;
#1950 = LINE ( 'NONE', #858, #234 ) ;
#1951 = CARTESIAN_POINT ( 'NONE',  ( 0.06996775957201725737, -14.99999999999999822, -14.35000000000000853 ) ) ;
#1952 = DIRECTION ( 'NONE',  ( 0.000000000000000000, 1.000000000000000000, 0.000000000000000000 ) ) ;
#1953 = CARTESIAN_POINT ( 'NONE',  ( 0.08032094826945250510, -14.98609534819326150, -14.63194709422159079 ) ) ;
#1954 = VERTEX_POINT ( 'NONE', #1032 ) ;
#1955 = CARTESIAN_POINT ( 'NONE',  ( 22.51500000000006452, 2.890000000000026770, -2.357864376269051654 ) ) ;
#1956 = DIRECTION ( 'NONE',  ( -1.000000000000000000, 8.673617379884035472E-16, 0.000000000000000000 ) ) ;
#1957 = VECTOR ( 'NONE', #367, 1000.000000000000000 ) ;
#1958 = ORIENTED_EDGE ( 'NONE', *, *, #1607, .F. ) ;
#1959 = ORIENTED_EDGE ( 'NONE', *, *, #1340, .F. ) ;
#1960 = EDGE_CURVE ( 'NONE', #923, #241, #296, .T. ) ;
#1961 = VECTOR ( 'NONE', #379, 1000.000000000000000 ) ;
#1962 = CIRCLE ( 'NONE', #460, 5.000000000000000888 ) ;
#1963 = EDGE_LOOP ( 'NONE', ( #151, #2025, #1043, #2006 ) ) ;
#1964 = VECTOR ( 'NONE', #1410, 1000.000000000000000 ) ;
#1965 = DIRECTION ( 'NONE',  ( 0.000000000000000000, 1.000000000000000000, 0.000000000000000000 ) ) ;
#1966 = DIRECTION ( 'NONE',  ( 0.000000000000000000, 0.000000000000000000, 1.000000000000000000 ) ) ;
#1967 = CARTESIAN_POINT ( 'NONE',  ( -1.936491673103724054, -16.24999999999999289, 4.000000000000000000 ) ) ;
#1968 = VECTOR ( 'NONE', #187, 1000.000000000000000 ) ;
#1969 = CARTESIAN_POINT ( 'NONE',  ( -0.6864916731037242759, 16.74999999999999289, 4.000000000000000000 ) ) ;
#1970 = CIRCLE ( 'NONE', #1096, 0.5149999999999997913 ) ;
#1971 = ORIENTED_EDGE ( 'NONE', *, *, #319, .T. ) ;
#1972 = AXIS2_PLACEMENT_3D ( 'NONE', #103, #1370, #965 ) ;
#1973 = EDGE_CURVE ( 'NONE', #1782, #2266, #333, .T. ) ;
#1974 = DIRECTION ( 'NONE',  ( 0.000000000000000000, 0.000000000000000000, 1.000000000000000000 ) ) ;
#1975 = CARTESIAN_POINT ( 'NONE',  ( 0.06350832689627555760, 14.99999999999993250, -5.999999999999998224 ) ) ;
#1976 = ORIENTED_EDGE ( 'NONE', *, *, #1351, .F. ) ;
#1977 = ORIENTED_EDGE ( 'NONE', *, *, #559, .T. ) ;
#1978 = VERTEX_POINT ( 'NONE', #348 ) ;
#1979 = CARTESIAN_POINT ( 'NONE',  ( 12.51500000000006452, 2.890000000000026326, -16.50000000000000711 ) ) ;
#1980 = EDGE_CURVE ( 'NONE', #713, #1018, #1781, .T. ) ;
#1981 = DIRECTION ( 'NONE',  ( -1.000000000000000000, 0.000000000000000000, 0.000000000000000000 ) ) ;
#1982 = SURFACE_STYLE_FILL_AREA ( #1749 ) ;
#1983 = EDGE_LOOP ( 'NONE', ( #524, #2185, #1245, #503 ) ) ;
#1984 = CARTESIAN_POINT ( 'NONE',  ( 4.063508326896275058, 15.00000000000000178, 6.000000000000001776 ) ) ;
#1985 = DIRECTION ( 'NONE',  ( -0.000000000000000000, -1.000000000000000000, -0.000000000000000000 ) ) ;
#1986 = VERTEX_POINT ( 'NONE', #1558 ) ;
#1987 = ORIENTED_EDGE ( 'NONE', *, *, #454, .F. ) ;
#1988 = CYLINDRICAL_SURFACE ( 'NONE', #95, 0.5149999999999981259 ) ;
#1989 = DIRECTION ( 'NONE',  ( -0.000000000000000000, 1.000000000000000000, -0.000000000000000000 ) ) ;
#1990 = DIRECTION ( 'NONE',  ( -1.000000000000000000, -4.336808689942014285E-16, 0.000000000000000000 ) ) ;
#1991 = DIRECTION ( 'NONE',  ( 0.000000000000000000, 0.000000000000000000, 1.000000000000000000 ) ) ;
#1992 = CARTESIAN_POINT ( 'NONE',  ( 12.00000000000000000, -9.870578585667566250E-15, 12.99999999999999467 ) ) ;
#1993 = EDGE_CURVE ( 'NONE', #336, #211, #833, .T. ) ;
#1994 = VERTEX_POINT ( 'NONE', #2292 ) ;
#1995 = CARTESIAN_POINT ( 'NONE',  ( 0.06996775957201660512, 12.85000000000000142, -16.50000000000000711 ) ) ;
#1996 = ORIENTED_EDGE ( 'NONE', *, *, #531, .F. ) ;
#1997 = VECTOR ( 'NONE', #2242, 1000.000000000000000 ) ;
#1998 = FACE_OUTER_BOUND ( 'NONE', #2217, .T. ) ;
#1999 = PRODUCT_DEFINITION_FORMATION_WITH_SPECIFIED_SOURCE ( 'ANY', '', #1035, .NOT_KNOWN. ) ;
#2000 = AXIS2_PLACEMENT_3D ( 'NONE', #415, #1489, #1125 ) ;
#2001 = LINE ( 'NONE', #1640, #2232 ) ;
#2002 = EDGE_CURVE ( 'NONE', #223, #1029, #1568, .T. ) ;
#2003 = CARTESIAN_POINT ( 'NONE',  ( 45.00000000000000000, 14.50000000000000000, -14.00000000000000533 ) ) ;
#2004 = CIRCLE ( 'NONE', #1921, 2.149999999999999023 ) ;
#2005 = ADVANCED_FACE ( 'NONE', ( #675 ), #1040, .T. ) ;
#2006 = ORIENTED_EDGE ( 'NONE', *, *, #580, .F. ) ;
#2007 = VECTOR ( 'NONE', #773, 1000.000000000000000 ) ;
#2008 = VECTOR ( 'NONE', #593, 1000.000000000000000 ) ;
#2009 = CARTESIAN_POINT ( 'NONE',  ( 17.51500000000006452, 2.890000000000026326, -2.357864376269051654 ) ) ;
#2010 = ADVANCED_FACE ( 'NONE', ( #1945 ), #1764, .T. ) ;
#2011 = VECTOR ( 'NONE', #1275, 1000.000000000000000 ) ;
#2012 = ORIENTED_EDGE ( 'NONE', *, *, #1721, .F. ) ;
#2013 = ORIENTED_EDGE ( 'NONE', *, *, #812, .T. ) ;
#2014 = CARTESIAN_POINT ( 'NONE',  ( 0.06350832689627561312, -16.49999999999999289, -5.999999999999999112 ) ) ;
#2015 = ADVANCED_FACE ( 'NONE', ( #765 ), #1313, .F. ) ;
#2016 = LINE ( 'NONE', #1119, #1968 ) ;
#2017 = LINE ( 'NONE', #2121, #1088 ) ;
#2018 = CARTESIAN_POINT ( 'NONE',  ( 46.00000000000000000, 12.50000000000000000, -18.00000000000000355 ) ) ;
#2019 = DIRECTION ( 'NONE',  ( 0.000000000000000000, 0.000000000000000000, 1.000000000000000000 ) ) ;
#2020 = ORIENTED_EDGE ( 'NONE', *, *, #572, .T. ) ;
#2021 = CARTESIAN_POINT ( 'NONE',  ( 0.09340274673388974935, 14.88942364903371818, 15.04487233453780703 ) ) ;
#2022 = ORIENTED_EDGE ( 'NONE', *, *, #1779, .F. ) ;
#2023 = EDGE_CURVE ( 'NONE', #2182, #1634, #450, .T. ) ;
#2024 = DIRECTION ( 'NONE',  ( 0.000000000000000000, 0.000000000000000000, -1.000000000000000000 ) ) ;
#2025 = ORIENTED_EDGE ( 'NONE', *, *, #1168, .F. ) ;
#2026 = LINE ( 'NONE', #542, #1478 ) ;
#2027 = DIRECTION ( 'NONE',  ( -1.000000000000000000, -0.000000000000000000, 0.000000000000000000 ) ) ;
#2028 = DIRECTION ( 'NONE',  ( 0.000000000000000000, 0.000000000000000000, 1.000000000000000000 ) ) ;
#2029 = LINE ( 'NONE', #413, #1394 ) ;
#2030 = ORIENTED_EDGE ( 'NONE', *, *, #307, .F. ) ;
#2031 = CARTESIAN_POINT ( 'NONE',  ( -1.936491673103724054, -15.49999999999999289, -4.000000000000000000 ) ) ;
#2032 = ORIENTED_EDGE ( 'NONE', *, *, #165, .T. ) ;
#2033 = EDGE_LOOP ( 'NONE', ( #145, #804, #1543, #138 ) ) ;
#2034 = EDGE_CURVE ( 'NONE', #1644, #1439, #2105, .T. ) ;
#2035 = CARTESIAN_POINT ( 'NONE',  ( 0.06996775957201573082, -12.84999999999999609, 16.49999999999999289 ) ) ;
#2036 = FACE_OUTER_BOUND ( 'NONE', #926, .T. ) ;
#2037 = CARTESIAN_POINT ( 'NONE',  ( 0.06350832689627672334, -14.99999999999999822, -14.00000000000001066 ) ) ;
#2038 = AXIS2_PLACEMENT_3D ( 'NONE', #1430, #1075, #1796 ) ;
#2039 = CARTESIAN_POINT ( 'NONE',  ( 46.00000000000000000, 12.84999999999999964, 14.34999999999999432 ) ) ;
#2040 = VECTOR ( 'NONE', #1916, 1000.000000000000000 ) ;
#2041 = ORIENTED_EDGE ( 'NONE', *, *, #1541, .T. ) ;
#2042 = CARTESIAN_POINT ( 'NONE',  ( 0.1032065187963050051, 14.72843867464550804, 15.43275282117945757 ) ) ;
#2043 = ORIENTED_EDGE ( 'NONE', *, *, #924, .F. ) ;
#2044 = ADVANCED_FACE ( 'NONE', ( #118 ), #788, .T. ) ;
#2045 = AXIS2_PLACEMENT_3D ( 'NONE', #1130, #498, #2058 ) ;
#2046 = CARTESIAN_POINT ( 'NONE',  ( 45.00000000000000000, -12.49999999999999289, 17.99999999999999645 ) ) ;
#2047 = EDGE_LOOP ( 'NONE', ( #1559, #1602, #1176, #1693 ) ) ;
#2048 = VECTOR ( 'NONE', #245, 1000.000000000000000 ) ;
#2049 = CARTESIAN_POINT ( 'NONE',  ( -1.936491673103724054, 16.24999999999999289, 4.000000000000000000 ) ) ;
#2050 = CARTESIAN_POINT ( 'NONE',  ( 0.06557529347707236056, -14.99999999999999822, 14.23339616909049710 ) ) ;
#2051 = CARTESIAN_POINT ( 'NONE',  ( 0.08931248135444916358, 14.93145122539699621, -14.90654164861321895 ) ) ;
#2052 = EDGE_CURVE ( 'NONE', #1863, #1534, #1369, .T. ) ;
#2053 = ORIENTED_EDGE ( 'NONE', *, *, #1155, .F. ) ;
#2054 = LINE ( 'NONE', #79, #1881 ) ;
#2055 = ORIENTED_EDGE ( 'NONE', *, *, #423, .F. ) ;
#2056 = CARTESIAN_POINT ( 'NONE',  ( 0.000000000000000000, 15.00000000000000178, 14.34999999999999432 ) ) ;
#2057 = VERTEX_POINT ( 'NONE', #1180 ) ;
#2058 = DIRECTION ( 'NONE',  ( 0.000000000000000000, -0.000000000000000000, 1.000000000000000000 ) ) ;
#2059 = DIRECTION ( 'NONE',  ( 0.000000000000000000, 0.000000000000000000, 1.000000000000000000 ) ) ;
#2060 = CARTESIAN_POINT ( 'NONE',  ( 0.08939056679878633338, 13.40907681964092468, -16.43078257284766153 ) ) ;
#2061 = DIRECTION ( 'NONE',  ( 1.000000000000000000, -0.000000000000000000, -0.000000000000000000 ) ) ;
#2062 = CARTESIAN_POINT ( 'NONE',  ( 0.06350832689627551597, -12.50000000000000000, 16.49999999999999289 ) ) ;
#2063 = EDGE_CURVE ( 'NONE', #1625, #1611, #2148, .T. ) ;
#2064 = CARTESIAN_POINT ( 'NONE',  ( 0.06557529347707082013, 12.73339616909050243, 16.49999999999999289 ) ) ;
#2065 = ORIENTED_EDGE ( 'NONE', *, *, #1943, .F. ) ;
#2066 = LINE ( 'NONE', #1726, #7 ) ;
#2067 = CARTESIAN_POINT ( 'NONE',  ( 0.06557529347707252709, -12.73339616909049710, -16.50000000000000711 ) ) ;
#2068 = ORIENTED_EDGE ( 'NONE', *, *, #998, .F. ) ;
#2069 = LINE ( 'NONE', #2215, #1015 ) ;
#2070 = EDGE_CURVE ( 'NONE', #399, #223, #1045, .T. ) ;
#2071 = AXIS2_PLACEMENT_3D ( 'NONE', #1523, #2094, #1358 ) ;
#2072 = DIRECTION ( 'NONE',  ( 0.000000000000000000, 0.000000000000000000, -1.000000000000000000 ) ) ;
#2073 = CARTESIAN_POINT ( 'NONE',  ( -1.936491673103724054, -15.49999999999999289, 4.000000000000000000 ) ) ;
#2074 = DIRECTION ( 'NONE',  ( 0.000000000000000000, 0.000000000000000000, -1.000000000000000000 ) ) ;
#2075 = AXIS2_PLACEMENT_3D ( 'NONE', #2206, #2028, #587 ) ;
#2076 = EDGE_CURVE ( 'NONE', #1715, #294, #1353, .T. ) ;
#2077 = AXIS2_PLACEMENT_3D ( 'NONE', #2009, #733, #1645 ) ;
#2078 = FACE_OUTER_BOUND ( 'NONE', #41, .T. ) ;
#2079 = ORIENTED_EDGE ( 'NONE', *, *, #375, .T. ) ;
#2080 = AXIS2_PLACEMENT_3D ( 'NONE', #238, #962, #65 ) ;
#2081 = ADVANCED_FACE ( 'NONE', ( #2284 ), #1347, .F. ) ;
#2082 = CYLINDRICAL_SURFACE ( 'NONE', #1690, 2.000000000000001776 ) ;
#2083 = DIRECTION ( 'NONE',  ( 0.000000000000000000, 1.000000000000000000, -0.000000000000000000 ) ) ;
#2084 = VERTEX_POINT ( 'NONE', #627 ) ;
#2085 = CLOSED_SHELL ( 'NONE', ( #768, #1136, #1216, #1405, #2209, #728, #2254, #406, #2081, #1345, #381, #584, #963, #716, #1458, #1312, #1654, #71, #2288, #219, #2015, #1199, #1689, #1118, #919, #262, #1677, #1831, #1008, #1649, #989, #1679, #900, #2005, #519, #178, #409, #576, #2044, #957, #1626, #887, #1550, #1161, #1250, #1501, #1080, #23, #539, #366, #1518, #807, #982, #619, #2263, #273, #1530, #1385, #435, #488, #64, #809, #233, #448, #1412, #1905, #92, #2010, #799, #1885, #871, #1799, #2322 ) ) ;
#2086 = VECTOR ( 'NONE', #137, 1000.000000000000000 ) ;
#2087 = AXIS2_PLACEMENT_3D ( 'NONE', #1367, #2265, #2092 ) ;
#2088 = VECTOR ( 'NONE', #160, 1000.000000000000000 ) ;
#2089 = LINE ( 'NONE', #1552, #427 ) ;
#2090 = ORIENTED_EDGE ( 'NONE', *, *, #592, .F. ) ;
#2091 = DIRECTION ( 'NONE',  ( 0.000000000000000000, 0.000000000000000000, -1.000000000000000000 ) ) ;
#2092 = DIRECTION ( 'NONE',  ( 0.000000000000000000, 0.000000000000000000, 1.000000000000000000 ) ) ;
#2093 = ORIENTED_EDGE ( 'NONE', *, *, #319, .F. ) ;
#2094 = DIRECTION ( 'NONE',  ( -0.000000000000000000, -0.000000000000000000, -1.000000000000000000 ) ) ;
#2095 = VERTEX_POINT ( 'NONE', #1736 ) ;
#2096 = B_SPLINE_CURVE_WITH_KNOTS ( 'NONE', 3,
 ( #1220, #2145, #670, #862, #169, #695, #921, #1109, #848, #2193, #1484, #1242, #573, #1953, #1587, #38 ),
 .UNSPECIFIED., .F., .F.,
 ( 4, 2, 2, 2, 2, 2, 2, 4 ),
 ( 0.000000000000000000, 0.0004210105768430491666, 0.0008420211536860983332, 0.001263031730529147554, 0.001684042307372196666, 0.002526063461058302480, 0.002947074037901353111, 0.003368084614744403741 ),
 .UNSPECIFIED. ) ;
#2097 = CARTESIAN_POINT ( 'NONE',  ( 46.00000000000000000, 13.64999999999999858, 14.63499999999999446 ) ) ;
#2098 = ORIENTED_EDGE ( 'NONE', *, *, #1899, .T. ) ;
#2099 = CARTESIAN_POINT ( 'NONE',  ( 0.06350832689627559924, -12.61655052956853496, 16.49999999999999289 ) ) ;
#2100 = LINE ( 'NONE', #1195, #2040 ) ;
#2101 = CARTESIAN_POINT ( 'NONE',  ( 47.00000000000000000, -13.65000000000000036, 14.63499999999999446 ) ) ;
#2102 = ORIENTED_EDGE ( 'NONE', *, *, #1725, .T. ) ;
#2103 = ORIENTED_EDGE ( 'NONE', *, *, #479, .F. ) ;
#2104 = EDGE_CURVE ( 'NONE', #457, #746, #1189, .T. ) ;
#2105 = LINE ( 'NONE', #471, #487 ) ;
#2106 = ORIENTED_EDGE ( 'NONE', *, *, #1105, .T. ) ;
#2107 = CARTESIAN_POINT ( 'NONE',  ( 47.00000000000000000, 13.13500000000000156, -14.63499999999999091 ) ) ;
#2108 = ORIENTED_EDGE ( 'NONE', *, *, #657, .F. ) ;
#2109 = CIRCLE ( 'NONE', #1729, 2.000000000000001776 ) ;
#2110 = CARTESIAN_POINT ( 'NONE',  ( -1.936491673103724054, -15.49999999999999289, 4.000000000000000000 ) ) ;
#2111 = CARTESIAN_POINT ( 'NONE',  ( -1.936491673103724054, 0.000000000000000000, 0.000000000000000000 ) ) ;
#2112 = VERTEX_POINT ( 'NONE', #999 ) ;
#2113 = AXIS2_PLACEMENT_3D ( 'NONE', #2133, #1230, #740 ) ;
#2114 = EDGE_CURVE ( 'NONE', #1439, #2138, #193, .T. ) ;
#2115 = VECTOR ( 'NONE', #2309, 1000.000000000000000 ) ;
#2116 = CIRCLE ( 'NONE', #1135, 5.000000000000000888 ) ;
#2117 = LINE ( 'NONE', #898, #2190 ) ;
#2118 = AXIS2_PLACEMENT_3D ( 'NONE', #1212, #1933, #527 ) ;
#2119 = EDGE_CURVE ( 'NONE', #222, #2305, #1869, .T. ) ;
#2120 = CIRCLE ( 'NONE', #1137, 2.149999999999999023 ) ;
#2121 = CARTESIAN_POINT ( 'NONE',  ( 46.00000000000000000, -13.13500000000000156, -15.14999999999999325 ) ) ;
#2122 = VERTEX_POINT ( 'NONE', #977 ) ;
#2123 = CYLINDRICAL_SURFACE ( 'NONE', #504, 2.000000000000000000 ) ;
#2124 = CARTESIAN_POINT ( 'NONE',  ( 0.06350832689627651517, 12.61655052956854206, -16.50000000000000711 ) ) ;
#2125 = DIRECTION ( 'NONE',  ( 0.000000000000000000, 0.000000000000000000, 1.000000000000000000 ) ) ;
#2126 = ORIENTED_EDGE ( 'NONE', *, *, #98, .F. ) ;
#2127 = CARTESIAN_POINT ( 'NONE',  ( 0.08037876784307712574, 13.13364650471408446, -16.48582950304789208 ) ) ;
#2128 = CARTESIAN_POINT ( 'NONE',  ( 0.08032094826945129773, -13.13194709422157835, 16.48609534819325972 ) ) ;
#2129 = PRODUCT_DEFINITION_CONTEXT ( 'detailed design', #2306, 'design' ) ;
#2130 = CARTESIAN_POINT ( 'NONE',  ( -1.936491673103724054, -16.24999999999999289, -4.000000000000000000 ) ) ;
#2131 = CARTESIAN_POINT ( 'NONE',  ( 2.000000000000001776, -3.250000000000013323, 17.99999999999999645 ) ) ;
#2132 = LINE ( 'NONE', #1229, #382 ) ;
#2133 = CARTESIAN_POINT ( 'NONE',  ( 2.000000000000001776, 14.50000000000000000, 5.999999999999998224 ) ) ;
#2134 = EDGE_CURVE ( 'NONE', #1464, #691, #1562, .T. ) ;
#2135 = EDGE_LOOP ( 'NONE', ( #196, #1512, #1728, #1257 ) ) ;
#2136 = CARTESIAN_POINT ( 'NONE',  ( 45.00000000000000000, -16.49999999999999289, 13.99999999999999467 ) ) ;
#2137 = PLANE ( 'NONE',  #2118 ) ;
#2138 = VERTEX_POINT ( 'NONE', #1712 ) ;
#2139 = ORIENTED_EDGE ( 'NONE', *, *, #1490, .F. ) ;
#2140 = ORIENTED_EDGE ( 'NONE', *, *, #1762, .F. ) ;
#2141 = CARTESIAN_POINT ( 'NONE',  ( 46.00000000000000000, -16.49999999999999289, 13.99999999999999467 ) ) ;
#2142 = DIRECTION ( 'NONE',  ( 0.000000000000000000, 1.000000000000000000, 0.000000000000000000 ) ) ;
#2143 = CARTESIAN_POINT ( 'NONE',  ( 47.00000000000000000, -13.13500000000000156, -15.14999999999999325 ) ) ;
#2144 = EDGE_CURVE ( 'NONE', #1525, #1093, #1703, .T. ) ;
#2145 = CARTESIAN_POINT ( 'NONE',  ( 0.07531176869126147977, -12.99186380093807180, -16.50000000000000711 ) ) ;
#2146 = ORIENTED_EDGE ( 'NONE', *, *, #812, .F. ) ;
#2147 = LINE ( 'NONE', #537, #635 ) ;
#2148 = CIRCLE ( 'NONE', #2071, 2.000000000000000000 ) ;
#2149 = ORIENTED_EDGE ( 'NONE', *, *, #636, .F. ) ;
#2150 = ORIENTED_EDGE ( 'NONE', *, *, #2104, .T. ) ;
#2151 = VECTOR ( 'NONE', #694, 1000.000000000000000 ) ;
#2152 = EDGE_CURVE ( 'NONE', #749, #2182, #87, .T. ) ;
#2153 = CARTESIAN_POINT ( 'NONE',  ( 46.00000000000000000, -12.49999999999999289, -14.00000000000000178 ) ) ;
#2154 = ORIENTED_EDGE ( 'NONE', *, *, #998, .T. ) ;
#2155 = CARTESIAN_POINT ( 'NONE',  ( 4.063508326896275946, 16.50000000000000000, 6.000000000000000888 ) ) ;
#2156 = DIRECTION ( 'NONE',  ( 0.000000000000000000, 0.000000000000000000, 1.000000000000000000 ) ) ;
#2157 = CARTESIAN_POINT ( 'NONE',  ( 12.00000000000000000, -3.250000000000011990, 17.99999999999999645 ) ) ;
#2158 = AXIS2_PLACEMENT_3D ( 'NONE', #667, #140, #1392 ) ;
#2159 = VERTEX_POINT ( 'NONE', #722 ) ;
#2160 = CIRCLE ( 'NONE', #1890, 3.250000000000011546 ) ;
#2161 = DIRECTION ( 'NONE',  ( 0.000000000000000000, 1.000000000000000000, 0.000000000000000000 ) ) ;
#2162 = DIRECTION ( 'NONE',  ( 0.000000000000000000, 0.000000000000000000, -1.000000000000000000 ) ) ;
#2163 = CARTESIAN_POINT ( 'NONE',  ( -1.936491673103724054, 16.24999999999999289, 4.000000000000000000 ) ) ;
#2164 = ORIENTED_EDGE ( 'NONE', *, *, #163, .F. ) ;
#2165 = VERTEX_POINT ( 'NONE', #895 ) ;
#2166 = DIRECTION ( 'NONE',  ( 1.000000000000000000, 0.000000000000000000, -0.000000000000000000 ) ) ;
#2167 = ORIENTED_EDGE ( 'NONE', *, *, #1324, .T. ) ;
#2168 = LINE ( 'NONE', #2178, #1396 ) ;
#2169 = LINE ( 'NONE', #2297, #1803 ) ;
#2170 = CARTESIAN_POINT ( 'NONE',  ( 0.06350832689627572414, 15.00000000000000178, -14.11668653367534532 ) ) ;
#2171 = FACE_OUTER_BOUND ( 'NONE', #2295, .T. ) ;
#2172 = ORIENTED_EDGE ( 'NONE', *, *, #474, .F. ) ;
#2173 = DIRECTION ( 'NONE',  ( -1.000000000000000000, 0.000000000000000000, -0.000000000000000000 ) ) ;
#2174 = ORIENTED_EDGE ( 'NONE', *, *, #600, .T. ) ;
#2175 = EDGE_LOOP ( 'NONE', ( #230, #2103, #1493, #60 ) ) ;
#2176 = CYLINDRICAL_SURFACE ( 'NONE', #754, 4.000000000000000000 ) ;
#2177 = EDGE_CURVE ( 'NONE', #1041, #1986, #934, .T. ) ;
#2178 = CARTESIAN_POINT ( 'NONE',  ( 0.06350832689627561312, -16.49999999999999289, 5.999999999999999112 ) ) ;
#2179 = DIRECTION ( 'NONE',  ( 1.000000000000000000, -0.000000000000000000, 0.000000000000000000 ) ) ;
#2180 = LINE ( 'NONE', #40, #1442 ) ;
#2181 = LINE ( 'NONE', #1594, #1325 ) ;
#2182 = VERTEX_POINT ( 'NONE', #2130 ) ;
#2183 = CARTESIAN_POINT ( 'NONE',  ( 17.51500000000006452, 2.890000000000026326, -16.50000000000000711 ) ) ;
#2184 = ORIENTED_EDGE ( 'NONE', *, *, #120, .F. ) ;
#2185 = ORIENTED_EDGE ( 'NONE', *, *, #307, .T. ) ;
#2186 = AXIS2_PLACEMENT_3D ( 'NONE', #2163, #1844, #68 ) ;
#2187 = LINE ( 'NONE', #2014, #129 ) ;
#2188 = ORIENTED_EDGE ( 'NONE', *, *, #1927, .T. ) ;
#2189 = EDGE_CURVE ( 'NONE', #734, #1184, #1950, .T. ) ;
#2190 = VECTOR ( 'NONE', #555, 1000.000000000000000 ) ;
#2191 = VECTOR ( 'NONE', #147, 1000.000000000000000 ) ;
#2192 = PLANE ( 'NONE',  #1131 ) ;
#2193 = CARTESIAN_POINT ( 'NONE',  ( 0.1068548877190757113, -14.56807619982530433, -15.67253662128723413 ) ) ;
#2194 = CARTESIAN_POINT ( 'NONE',  ( 47.00000000000000000, 13.64999999999999858, 14.63499999999999446 ) ) ;
#2195 = VECTOR ( 'NONE', #343, 1000.000000000000000 ) ;
#2196 = ORIENTED_EDGE ( 'NONE', *, *, #2177, .F. ) ;
#2197 = VECTOR ( 'NONE', #1132, 1000.000000000000000 ) ;
#2198 = CIRCLE ( 'NONE', #1173, 0.5149999999999981259 ) ;
#2199 = CARTESIAN_POINT ( 'NONE',  ( 46.00000000000000000, -16.49999999999999289, -14.00000000000000533 ) ) ;
#2200 = VECTOR ( 'NONE', #1966, 1000.000000000000000 ) ;
#2201 = ORIENTED_EDGE ( 'NONE', *, *, #792, .T. ) ;
#2202 = CARTESIAN_POINT ( 'NONE',  ( 0.06350832689627672334, -14.99999999999999822, 13.99999999999999289 ) ) ;
#2203 = VERTEX_POINT ( 'NONE', #1596 ) ;
#2204 = DIRECTION ( 'NONE',  ( 0.000000000000000000, 0.000000000000000000, 1.000000000000000000 ) ) ;
#2205 = DIRECTION ( 'NONE',  ( 1.000000000000000000, -0.000000000000000000, 0.000000000000000000 ) ) ;
#2206 = CARTESIAN_POINT ( 'NONE',  ( 0.000000000000000000, 0.000000000000000000, 0.000000000000000000 ) ) ;
#2207 = CARTESIAN_POINT ( 'NONE',  ( 47.00000000000000000, 13.64999999999999858, 14.63499999999999446 ) ) ;
#2208 = EDGE_LOOP ( 'NONE', ( #663, #1793, #1365, #613 ) ) ;
#2209 = ADVANCED_FACE ( 'NONE', ( #152 ), #2331, .T. ) ;
#2210 = CARTESIAN_POINT ( 'NONE',  ( 0.1024845426505975460, 13.92659410515550711, 16.21635919548709381 ) ) ;
#2211 = EDGE_LOOP ( 'NONE', ( #940, #2032, #2282, #1887 ) ) ;
#2212 = CARTESIAN_POINT ( 'NONE',  ( 0.06996775957201617491, 15.00000000000000178, 14.34999999999999432 ) ) ;
#2213 = VERTEX_POINT ( 'NONE', #167 ) ;
#2214 = DIRECTION ( 'NONE',  ( 0.000000000000000000, 1.000000000000000000, 0.000000000000000000 ) ) ;
#2215 = CARTESIAN_POINT ( 'NONE',  ( 47.00000000000000000, 13.64999999999999858, 14.63499999999999446 ) ) ;
#2216 = PLANE ( 'NONE',  #904 ) ;
#2217 = EDGE_LOOP ( 'NONE', ( #2219, #797, #1851, #1861 ) ) ;
#2218 = CARTESIAN_POINT ( 'NONE',  ( 17.51500000000006452, 2.890000000000026326, -2.357864376269051654 ) ) ;
#2219 = ORIENTED_EDGE ( 'NONE', *, *, #684, .F. ) ;
#2220 = CARTESIAN_POINT ( 'NONE',  ( 2.000000000000000000, 14.50000000000000000, -14.00000000000000533 ) ) ;
#2221 = ORIENTED_EDGE ( 'NONE', *, *, #1408, .F. ) ;
#2222 = EDGE_CURVE ( 'NONE', #246, #1696, #2169, .T. ) ;
#2223 = FACE_OUTER_BOUND ( 'NONE', #1434, .T. ) ;
#2224 = FACE_OUTER_BOUND ( 'NONE', #105, .T. ) ;
#2225 = CARTESIAN_POINT ( 'NONE',  ( 0.06350832689627561312, 16.50000000000000000, 5.999999999999999112 ) ) ;
#2226 = EDGE_CURVE ( 'NONE', #5, #478, #1202, .T. ) ;
#2227 = VECTOR ( 'NONE', #966, 1000.000000000000000 ) ;
#2228 = VERTEX_POINT ( 'NONE', #1584 ) ;
#2229 = VECTOR ( 'NONE', #1191, 1000.000000000000000 ) ;
#2230 = TOROIDAL_SURFACE ( 'NONE', #10, 2.000000000000000000, 2.000000000000000000 ) ;
#2231 = CARTESIAN_POINT ( 'NONE',  ( -0.9364916731037241648, -16.74999999999999289, -4.000000000000000000 ) ) ;
#2232 = VECTOR ( 'NONE', #36, 1000.000000000000000 ) ;
#2233 = ORIENTED_EDGE ( 'NONE', *, *, #1583, .F. ) ;
#2234 = CIRCLE ( 'NONE', #1738, 2.000000000000000000 ) ;
#2235 = CARTESIAN_POINT ( 'NONE',  ( -0.9364916731037241648, 16.74999999999999289, 5.346291201783627933 ) ) ;
#2236 = VERTEX_POINT ( 'NONE', #1604 ) ;
#2237 = VECTOR ( 'NONE', #477, 1000.000000000000000 ) ;
#2238 = DIRECTION ( 'NONE',  ( 0.000000000000000000, -1.000000000000000000, -0.000000000000000000 ) ) ;
#2239 = EDGE_CURVE ( 'NONE', #671, #1625, #1419, .T. ) ;
#2240 = LINE ( 'NONE', #75, #905 ) ;
#2241 = CARTESIAN_POINT ( 'NONE',  ( 0.1068508739350754744, 14.26970029258214367, -15.97082349589385153 ) ) ;
#2242 = DIRECTION ( 'NONE',  ( -0.000000000000000000, -0.000000000000000000, 1.000000000000000000 ) ) ;
#2243 = CARTESIAN_POINT ( 'NONE',  ( 0.06350832689627644578, 12.50000000000000711, -16.50000000000000711 ) ) ;
#2244 = LINE ( 'NONE', #793, #2227 ) ;
#2245 = ORIENTED_EDGE ( 'NONE', *, *, #226, .F. ) ;
#2246 = DIRECTION ( 'NONE',  ( 1.000000000000000000, -0.000000000000000000, -0.000000000000000000 ) ) ;
#2247 = ORIENTED_EDGE ( 'NONE', *, *, #2251, .T. ) ;
#2248 = EDGE_CURVE ( 'NONE', #374, #891, #1614, .T. ) ;
#2249 = CARTESIAN_POINT ( 'NONE',  ( 0.06350832689627669558, -14.99999999999999822, 14.11668653367533111 ) ) ;
#2250 = CARTESIAN_POINT ( 'NONE',  ( 46.00000000000000000, -14.99999999999999822, -16.50000000000000711 ) ) ;
#2251 = EDGE_CURVE ( 'NONE', #2213, #1231, #1389, .T. ) ;
#2252 = DIRECTION ( 'NONE',  ( 0.000000000000000000, 0.000000000000000000, 1.000000000000000000 ) ) ;
#2253 = FACE_OUTER_BOUND ( 'NONE', #2330, .T. ) ;
#2254 = ADVANCED_FACE ( 'NONE', ( #872 ), #1046, .T. ) ;
#2255 = DIRECTION ( 'NONE',  ( -1.000000000000000000, -0.000000000000000000, 0.000000000000000000 ) ) ;
#2256 = EDGE_LOOP ( 'NONE', ( #1302, #915, #192, #1215 ) ) ;
#2257 = CARTESIAN_POINT ( 'NONE',  ( 45.00000000000000000, 12.50000000000000000, 13.99999999999999467 ) ) ;
#2258 = DIRECTION ( 'NONE',  ( -0.8944271909999157444, 0.4472135954999582608, -0.000000000000000000 ) ) ;
#2259 = ORIENTED_EDGE ( 'NONE', *, *, #1416, .T. ) ;
#2260 = AXIS2_PLACEMENT_3D ( 'NONE', #1508, #2329, #1531 ) ;
#2261 = CARTESIAN_POINT ( 'NONE',  ( -1.936491673103724054, -16.24999999999999289, 4.000000000000000000 ) ) ;
#2262 = CARTESIAN_POINT ( 'NONE',  ( 0.06996775957201356588, 12.84999999999999964, 16.49999999999999289 ) ) ;
#2263 = ADVANCED_FACE ( 'NONE', ( #13, #315 ), #544, .F. ) ;
#2264 = ORIENTED_EDGE ( 'NONE', *, *, #856, .F. ) ;
#2265 = DIRECTION ( 'NONE',  ( 1.000000000000000000, 0.000000000000000000, -0.000000000000000000 ) ) ;
#2266 = VERTEX_POINT ( 'NONE', #508 ) ;
#2267 = VERTEX_POINT ( 'NONE', #1251 ) ;
#2268 = AXIS2_PLACEMENT_3D ( 'NONE', #953, #1674, #774 ) ;
#2269 = B_SPLINE_CURVE_WITH_KNOTS ( 'NONE', 3,
 ( #617, #2249, #2050, #1855 ),
 .UNSPECIFIED., .F., .F.,
 ( 4, 4 ),
 ( 0.000000000000000000, 0.0003500596010260156356 ),
 .UNSPECIFIED. ) ;
#2270 = VECTOR ( 'NONE', #1747, 1000.000000000000000 ) ;
#2271 = CIRCLE ( 'NONE', #575, 2.000000000000000000 ) ;
#2272 = DIRECTION ( 'NONE',  ( 0.000000000000000000, -0.000000000000000000, -1.000000000000000000 ) ) ;
#2273 = DIRECTION ( 'NONE',  ( -0.000000000000000000, -0.000000000000000000, -1.000000000000000000 ) ) ;
#2274 = EDGE_CURVE ( 'NONE', #671, #1715, #1612, .T. ) ;
#2275 = DIRECTION ( 'NONE',  ( -1.000000000000000000, -0.000000000000000000, -0.000000000000000000 ) ) ;
#2276 = EDGE_LOOP ( 'NONE', ( #1444, #1249, #1637, #1077 ) ) ;
#2277 = EDGE_CURVE ( 'NONE', #1213, #2266, #1026, .T. ) ;
#2278 = CARTESIAN_POINT ( 'NONE',  ( -1.936491673103724054, 15.49999999999999289, -4.000000000000000000 ) ) ;
#2279 = CARTESIAN_POINT ( 'NONE',  ( -0.6864916731037240538, 16.24999999999999289, -4.000000000000000000 ) ) ;
#2280 = DIRECTION ( 'NONE',  ( -0.000000000000000000, -1.000000000000000000, -0.000000000000000000 ) ) ;
#2281 = VERTEX_POINT ( 'NONE', #1110 ) ;
#2282 = ORIENTED_EDGE ( 'NONE', *, *, #1232, .T. ) ;
#2283 = CARTESIAN_POINT ( 'NONE',  ( 0.07531176869126098017, -14.99999999999999822, 14.49186380093807180 ) ) ;
#2284 = FACE_OUTER_BOUND ( 'NONE', #286, .T. ) ;
#2285 = DIRECTION ( 'NONE',  ( -0.000000000000000000, 0.000000000000000000, -1.000000000000000000 ) ) ;
#2286 = CARTESIAN_POINT ( 'NONE',  ( -0.9364916731037241648, -16.74999999999999289, 5.346291201783627933 ) ) ;
#2287 = LINE ( 'NONE', #1882, #971 ) ;
#2288 = ADVANCED_FACE ( 'NONE', ( #1121, #1485 ), #377, .T. ) ;
#2289 = ORIENTED_EDGE ( 'NONE', *, *, #1188, .T. ) ;
#2290 = PRODUCT_DEFINITION_SHAPE ( 'NONE', 'NONE',  #1770 ) ;
#2291 = CARTESIAN_POINT ( 'NONE',  ( 0.06350832689627561312, 16.50000000000000000, 5.999999999999999112 ) ) ;
#2292 = CARTESIAN_POINT ( 'NONE',  ( -0.6864916731037242759, 16.24999999999999289, 4.000000000000000000 ) ) ;
#2293 = ORIENTED_EDGE ( 'NONE', *, *, #2114, .T. ) ;
#2294 = CARTESIAN_POINT ( 'NONE',  ( 2.000000000000001776, -12.49999999999999289, 17.99999999999999645 ) ) ;
#2295 = EDGE_LOOP ( 'NONE', ( #623, #2108, #850, #372 ) ) ;
#2296 = EDGE_CURVE ( 'NONE', #1838, #1525, #1361, .T. ) ;
#2297 = CARTESIAN_POINT ( 'NONE',  ( -1.936491673103724054, 16.24999999999999289, -4.000000000000000000 ) ) ;
#2298 = CARTESIAN_POINT ( 'NONE',  ( 45.00000000000000000, -12.49999999999999289, -18.00000000000000355 ) ) ;
#2299 = LINE ( 'NONE', #1969, #200 ) ;
#2300 = CIRCLE ( 'NONE', #935, 4.000000000000000000 ) ;
#2301 = VERTEX_POINT ( 'NONE', #1290 ) ;
#2302 = LINE ( 'NONE', #673, #868 ) ;
#2303 = FACE_OUTER_BOUND ( 'NONE', #2033, .T. ) ;
#2304 = ORIENTED_EDGE ( 'NONE', *, *, #441, .T. ) ;
#2305 = VERTEX_POINT ( 'NONE', #2037 ) ;
#2306 = APPLICATION_CONTEXT ( 'automotive_design' ) ;
#2307 = EDGE_CURVE ( 'NONE', #294, #569, #417, .T. ) ;
#2308 = AXIS2_PLACEMENT_3D ( 'NONE', #2235, #418, #445 ) ;
#2309 = DIRECTION ( 'NONE',  ( 0.8944271909999157444, -0.4472135954999582608, 0.000000000000000000 ) ) ;
#2310 = CARTESIAN_POINT ( 'NONE',  ( 4.063508326896275946, -15.49999999999999289, -4.000000000000000000 ) ) ;
#2311 = VERTEX_POINT ( 'NONE', #76 ) ;
#2312 = DIRECTION ( 'NONE',  ( -0.000000000000000000, 1.000000000000000000, 0.000000000000000000 ) ) ;
#2313 = CARTESIAN_POINT ( 'NONE',  ( 0.06350832689627551597, -12.50000000000000000, 16.49999999999999289 ) ) ;
#2314 = CARTESIAN_POINT ( 'NONE',  ( -0.9364916731037241648, -16.74999999999999289, -4.000000000000000000 ) ) ;
#2315 = VERTEX_POINT ( 'NONE', #392 ) ;
#2316 = ORIENTED_EDGE ( 'NONE', *, *, #777, .F. ) ;
#2317 = CARTESIAN_POINT ( 'NONE',  ( 0.08030811730523416958, -14.98609606050342968, 14.63161514051373935 ) ) ;
#2318 = ORIENTED_EDGE ( 'NONE', *, *, #1440, .T. ) ;
#2319 = EDGE_CURVE ( 'NONE', #1041, #1298, #1675, .T. ) ;
#2320 = DIRECTION ( 'NONE',  ( -0.8944271909999157444, -0.4472135954999582608, 0.000000000000000000 ) ) ;
#2321 = DIRECTION ( 'NONE',  ( -0.000000000000000000, -1.000000000000000000, -0.000000000000000000 ) ) ;
#2322 = ADVANCED_FACE ( 'NONE', ( #1496 ), #402, .F. ) ;
#2323 = CARTESIAN_POINT ( 'NONE',  ( 45.00000000000000000, 12.50000000000000000, 17.99999999999999645 ) ) ;
#2324 = CARTESIAN_POINT ( 'NONE',  ( 22.51500000000006452, 2.890000000000026770, -18.00000000000000355 ) ) ;
#2325 = ORIENTED_EDGE ( 'NONE', *, *, #657, .T. ) ;
#2326 = EDGE_CURVE ( 'NONE', #1103, #1480, #66, .T. ) ;
#2327 = DIRECTION ( 'NONE',  ( -1.000000000000000000, 0.000000000000000000, 0.000000000000000000 ) ) ;
#2328 = DIRECTION ( 'NONE',  ( 0.000000000000000000, 0.000000000000000000, -1.000000000000000000 ) ) ;
#2329 = DIRECTION ( 'NONE',  ( -1.000000000000000000, -0.000000000000000000, -0.000000000000000000 ) ) ;
#2330 = EDGE_LOOP ( 'NONE', ( #821, #2196, #1074, #362, #1942, #2245 ) ) ;
#2331 = CYLINDRICAL_SURFACE ( 'NONE', #1315, 2.000000000000000000 ) ;
#2332 = CARTESIAN_POINT ( 'NONE',  ( 46.00000000000000000, -14.99999999999999822, 16.49999999999999289 ) ) ;
ENDSEC;
END-ISO-10303-21;
