ISO-10303-21;
HEADER;
FILE_DESCRIPTION (( 'STEP AP214' ),
    '1' );
FILE_NAME ('P001-B119_BobbinDriveShaft-3.STEP',
    '2026-04-26T06:12:45',
    ( '' ),
    ( '' ),
    'SwSTEP 2.0',
    'SolidWorks 2026',
    '' );
FILE_SCHEMA (( 'AUTOMOTIVE_DESIGN' ));
ENDSEC;

DATA;
#1 = ORIENTED_EDGE ( 'NONE', *, *, #995, .F. ) ;
#2 = CYLINDRICAL_SURFACE ( 'NONE', #859, 3.500000000000000000 ) ;
#3 = CARTESIAN_POINT ( 'NONE',  ( -3.500000000000000000, 0.000000000000000000, 15.00000000000000000 ) ) ;
#4 = SURFACE_STYLE_FILL_AREA ( #470 ) ;
#5 = CARTESIAN_POINT ( 'NONE',  ( 11.25000000000000000, 13.50000000000000355, 31.50000000000001421 ) ) ;
#6 = ORIENTED_EDGE ( 'NONE', *, *, #554, .F. ) ;
#7 = EDGE_CURVE ( 'NONE', #459, #931, #59, .T. ) ;
#8 = ORIENTED_EDGE ( 'NONE', *, *, #1133, .F. ) ;
#9 = FACE_BOUND ( 'NONE', #1192, .T. ) ;
#10 = DIRECTION ( 'NONE',  ( 0.000000000000000000, 0.000000000000000000, -1.000000000000000000 ) ) ;
#11 = DIRECTION ( 'NONE',  ( -0.000000000000000000, -0.000000000000000000, 1.000000000000000000 ) ) ;
#12 = CARTESIAN_POINT ( 'NONE',  ( 0.000000000000000000, 0.000000000000000000, 0.000000000000000000 ) ) ;
#13 = ORIENTED_EDGE ( 'NONE', *, *, #1201, .F. ) ;
#14 = ADVANCED_FACE ( 'NONE', ( #1419 ), #1198, .T. ) ;
#15 = EDGE_CURVE ( 'NONE', #466, #405, #769, .T. ) ;
#16 = ORIENTED_EDGE ( 'NONE', *, *, #936, .T. ) ;
#17 = DIRECTION ( 'NONE',  ( -1.000000000000000000, 0.000000000000000000, 0.000000000000000000 ) ) ;
#18 = CARTESIAN_POINT ( 'NONE',  ( 3.999999999999999112, 3.000000000000000000, 6.000000000000000000 ) ) ;
#19 = FACE_BOUND ( 'NONE', #909, .T. ) ;
#20 = FACE_OUTER_BOUND ( 'NONE', #986, .T. ) ;
#21 = ORIENTED_EDGE ( 'NONE', *, *, #886, .T. ) ;
#22 = ORIENTED_EDGE ( 'NONE', *, *, #734, .F. ) ;
#23 = PLANE ( 'NONE',  #52 ) ;
#24 = AXIS2_PLACEMENT_3D ( 'NONE', #196, #897, #1461 ) ;
#25 = DIRECTION ( 'NONE',  ( 0.000000000000000000, -0.000000000000000000, -1.000000000000000000 ) ) ;
#26 =( NAMED_UNIT ( * ) SI_UNIT ( $, .STERADIAN. ) SOLID_ANGLE_UNIT ( ) );
#27 = CIRCLE ( 'NONE', #715, 4.999999999999999112 ) ;
#28 = LINE ( 'NONE', #377, #1244 ) ;
#29 = VERTEX_POINT ( 'NONE', #179 ) ;
#30 = EDGE_CURVE ( 'NONE', #593, #788, #1367, .T. ) ;
#31 = ORIENTED_EDGE ( 'NONE', *, *, #250, .T. ) ;
#32 = CARTESIAN_POINT ( 'NONE',  ( 0.000000000000000000, 0.000000000000000000, -2.000000000000000000 ) ) ;
#33 = CARTESIAN_POINT ( 'NONE',  ( 0.000000000000000000, 0.000000000000000000, 0.000000000000000000 ) ) ;
#34 = ADVANCED_FACE ( 'NONE', ( #629 ), #1210, .T. ) ;
#35 = SURFACE_SIDE_STYLE ('',( #4 ) ) ;
#36 = CARTESIAN_POINT ( 'NONE',  ( -8.500000000000000000, 1.040949779275250140E-15, 18.00000000000000000 ) ) ;
#37 = EDGE_CURVE ( 'NONE', #861, #964, #915, .T. ) ;
#38 = ORIENTED_EDGE ( 'NONE', *, *, #1437, .T. ) ;
#39 = ORIENTED_EDGE ( 'NONE', *, *, #1090, .T. ) ;
#40 = CARTESIAN_POINT ( 'NONE',  ( -9.249999999999998224, -7.500000000000000000, 31.50000000000000711 ) ) ;
#41 = AXIS2_PLACEMENT_3D ( 'NONE', #1462, #874, #1253 ) ;
#42 = CARTESIAN_POINT ( 'NONE',  ( 0.000000000000000000, 0.000000000000000000, 10.00000000000000000 ) ) ;
#43 = CARTESIAN_POINT ( 'NONE',  ( -3.500000000000000000, 0.000000000000000000, 23.00000000000000000 ) ) ;
#44 = DIRECTION ( 'NONE',  ( 1.000000000000000000, 0.000000000000000000, 0.000000000000000000 ) ) ;
#45 = EDGE_LOOP ( 'NONE', ( #152, #774 ) ) ;
#46 = ORIENTED_EDGE ( 'NONE', *, *, #621, .F. ) ;
#47 = DIRECTION ( 'NONE',  ( 1.000000000000000000, 0.000000000000000000, 0.000000000000000000 ) ) ;
#48 = DIRECTION ( 'NONE',  ( 0.000000000000000000, 0.000000000000000000, -1.000000000000000000 ) ) ;
#49 = LINE ( 'NONE', #283, #760 ) ;
#50 = AXIS2_PLACEMENT_3D ( 'NONE', #360, #264, #1051 ) ;
#51 = DIRECTION ( 'NONE',  ( 1.000000000000000000, 0.000000000000000000, 0.000000000000000000 ) ) ;
#52 = AXIS2_PLACEMENT_3D ( 'NONE', #143, #1010, #572 ) ;
#53 = ORIENTED_EDGE ( 'NONE', *, *, #156, .T. ) ;
#54 = EDGE_CURVE ( 'NONE', #364, #486, #199, .T. ) ;
#55 = LINE ( 'NONE', #852, #698 ) ;
#56 = EDGE_CURVE ( 'NONE', #1029, #153, #1122, .T. ) ;
#57 = CARTESIAN_POINT ( 'NONE',  ( 0.000000000000000000, 0.000000000000000000, 10.00000000000000000 ) ) ;
#58 = ADVANCED_FACE ( 'NONE', ( #543 ), #793, .F. ) ;
#59 = LINE ( 'NONE', #515, #270 ) ;
#60 = VECTOR ( 'NONE', #973, 1000.000000000000000 ) ;
#61 = ORIENTED_EDGE ( 'NONE', *, *, #1204, .F. ) ;
#62 = VECTOR ( 'NONE', #1195, 1000.000000000000000 ) ;
#63 = LINE ( 'NONE', #40, #247 ) ;
#64 = LINE ( 'NONE', #744, #1203 ) ;
#65 = CIRCLE ( 'NONE', #802, 2.450000000000000622 ) ;
#66 = DIRECTION ( 'NONE',  ( -1.156482317317870344E-15, -0.000000000000000000, 1.000000000000000000 ) ) ;
#67 = ORIENTED_EDGE ( 'NONE', *, *, #315, .T. ) ;
#68 = ORIENTED_EDGE ( 'NONE', *, *, #1069, .F. ) ;
#69 = PLANE ( 'NONE',  #75 ) ;
#70 = DIRECTION ( 'NONE',  ( 1.000000000000000000, 0.000000000000000000, 0.000000000000000000 ) ) ;
#71 = CIRCLE ( 'NONE', #244, 3.500000000000000000 ) ;
#72 = ADVANCED_FACE ( 'NONE', ( #316 ), #559, .T. ) ;
#73 = CARTESIAN_POINT ( 'NONE',  ( 3.999999999999999112, 4.000000000000000000, 10.00000000000000000 ) ) ;
#74 = VERTEX_POINT ( 'NONE', #1115 ) ;
#75 = AXIS2_PLACEMENT_3D ( 'NONE', #311, #1103, #517 ) ;
#76 = AXIS2_PLACEMENT_3D ( 'NONE', #607, #123, #599 ) ;
#77 = ORIENTED_EDGE ( 'NONE', *, *, #1094, .F. ) ;
#78 = FACE_OUTER_BOUND ( 'NONE', #1262, .T. ) ;
#79 = PRODUCT_DEFINITION_CONTEXT ( 'detailed design', #431, 'design' ) ;
#80 = ORIENTED_EDGE ( 'NONE', *, *, #549, .T. ) ;
#81 = EDGE_CURVE ( 'NONE', #551, #331, #907, .T. ) ;
#82 = FACE_OUTER_BOUND ( 'NONE', #379, .T. ) ;
#83 = EDGE_CURVE ( 'NONE', #530, #371, #198, .T. ) ;
#84 = DIRECTION ( 'NONE',  ( 2.168404344971008868E-16, -1.000000000000000000, 0.000000000000000000 ) ) ;
#85 = AXIS2_PLACEMENT_3D ( 'NONE', #203, #778, #655 ) ;
#86 = VERTEX_POINT ( 'NONE', #1246 ) ;
#87 = CARTESIAN_POINT ( 'NONE',  ( -11.25000000000000000, 13.50000000000000355, 28.00000000000001421 ) ) ;
#88 = ORIENTED_EDGE ( 'NONE', *, *, #451, .T. ) ;
#89 = CARTESIAN_POINT ( 'NONE',  ( 0.000000000000000000, 0.000000000000000000, 15.00000000000000000 ) ) ;
#90 = DIRECTION ( 'NONE',  ( 0.000000000000000000, -0.000000000000000000, 1.000000000000000000 ) ) ;
#91 = VECTOR ( 'NONE', #1006, 1000.000000000000000 ) ;
#92 = ORIENTED_EDGE ( 'NONE', *, *, #734, .T. ) ;
#93 = ADVANCED_FACE ( 'NONE', ( #548, #536 ), #772, .F. ) ;
#94 = DIRECTION ( 'NONE',  ( 0.000000000000000000, 0.000000000000000000, 1.000000000000000000 ) ) ;
#95 = VECTOR ( 'NONE', #416, 1000.000000000000000 ) ;
#96 = CARTESIAN_POINT ( 'NONE',  ( 11.25000000000000000, 13.50000000000000355, 31.50000000000001421 ) ) ;
#97 = VERTEX_POINT ( 'NONE', #1254 ) ;
#98 = EDGE_CURVE ( 'NONE', #1215, #153, #1456, .T. ) ;
#99 = CARTESIAN_POINT ( 'NONE',  ( -11.25000000000000000, -36.54886114323221591, 31.50000000000001421 ) ) ;
#100 = CARTESIAN_POINT ( 'NONE',  ( -16.00000000000000000, 13.50000000000000355, 33.00000000000000000 ) ) ;
#101 = CARTESIAN_POINT ( 'NONE',  ( -4.000000000000001776, 4.000000000000000000, 10.00000000000000000 ) ) ;
#102 = VERTEX_POINT ( 'NONE', #662 ) ;
#103 = AXIS2_PLACEMENT_3D ( 'NONE', #768, #1450, #871 ) ;
#104 = CARTESIAN_POINT ( 'NONE',  ( 0.000000000000000000, 0.000000000000000000, 2.000000000000000000 ) ) ;
#105 = VECTOR ( 'NONE', #966, 1000.000000000000000 ) ;
#106 = CARTESIAN_POINT ( 'NONE',  ( -16.00000000000000000, 13.50000000000000355, 33.00000000000000000 ) ) ;
#107 = CARTESIAN_POINT ( 'NONE',  ( 0.000000000000000000, 0.000000000000000000, 15.00000000000000000 ) ) ;
#108 = DIRECTION ( 'NONE',  ( 0.000000000000000000, 0.000000000000000000, 1.000000000000000000 ) ) ;
#109 =( GEOMETRIC_REPRESENTATION_CONTEXT ( 3 ) GLOBAL_UNCERTAINTY_ASSIGNED_CONTEXT ( ( #981 ) ) GLOBAL_UNIT_ASSIGNED_CONTEXT ( ( #345, #1041, #26 ) ) REPRESENTATION_CONTEXT ( 'NONE', 'WORKASPACE' ) );
#110 = ORIENTED_EDGE ( 'NONE', *, *, #208, .F. ) ;
#111 = VERTEX_POINT ( 'NONE', #679 ) ;
#112 = DIRECTION ( 'NONE',  ( 1.000000000000000000, 2.664535259100375697E-15, 0.000000000000000000 ) ) ;
#113 = DIRECTION ( 'NONE',  ( -0.000000000000000000, 1.000000000000000000, -0.000000000000000000 ) ) ;
#114 = LINE ( 'NONE', #137, #945 ) ;
#115 = DIRECTION ( 'NONE',  ( 0.000000000000000000, 0.000000000000000000, -1.000000000000000000 ) ) ;
#116 = ORIENTED_EDGE ( 'NONE', *, *, #714, .T. ) ;
#117 = VECTOR ( 'NONE', #352, 1000.000000000000000 ) ;
#118 = ORIENTED_EDGE ( 'NONE', *, *, #1274, .F. ) ;
#119 = FACE_OUTER_BOUND ( 'NONE', #749, .T. ) ;
#120 = VECTOR ( 'NONE', #512, 1000.000000000000000 ) ;
#121 = CARTESIAN_POINT ( 'NONE',  ( 0.000000000000000000, 0.000000000000000000, 11.00000000000000000 ) ) ;
#122 = PLANE ( 'NONE',  #1236 ) ;
#123 = DIRECTION ( 'NONE',  ( -3.469446951953611033E-15, 0.000000000000000000, 1.000000000000000000 ) ) ;
#124 = VERTEX_POINT ( 'NONE', #881 ) ;
#125 = ORIENTED_EDGE ( 'NONE', *, *, #821, .T. ) ;
#126 = CARTESIAN_POINT ( 'NONE',  ( 0.000000000000000000, 0.000000000000000000, 13.00000000000000000 ) ) ;
#127 = FACE_BOUND ( 'NONE', #969, .T. ) ;
#128 = AXIS2_PLACEMENT_3D ( 'NONE', #510, #853, #48 ) ;
#129 = CARTESIAN_POINT ( 'NONE',  ( -8.500000000000000000, 1.040949779275250140E-15, 23.00000000000000000 ) ) ;
#130 = CARTESIAN_POINT ( 'NONE',  ( -3.000000000000001776, 3.000000000000000000, 10.00000000000000000 ) ) ;
#131 = AXIS2_PLACEMENT_3D ( 'NONE', #488, #948, #47 ) ;
#132 = ORIENTED_EDGE ( 'NONE', *, *, #806, .F. ) ;
#133 = EDGE_CURVE ( 'NONE', #1240, #219, #999, .T. ) ;
#134 = ORIENTED_EDGE ( 'NONE', *, *, #1317, .F. ) ;
#135 = LINE ( 'NONE', #589, #1119 ) ;
#136 = DIRECTION ( 'NONE',  ( -0.000000000000000000, 0.000000000000000000, 1.000000000000000000 ) ) ;
#137 = CARTESIAN_POINT ( 'NONE',  ( 16.00000000000000000, 13.50000000000000355, 33.00000000000000000 ) ) ;
#138 = CARTESIAN_POINT ( 'NONE',  ( 0.000000000000000000, 0.000000000000000000, 2.000000000000000000 ) ) ;
#139 = EDGE_CURVE ( 'NONE', #586, #1215, #1350, .T. ) ;
#140 = ORIENTED_EDGE ( 'NONE', *, *, #139, .T. ) ;
#141 = ORIENTED_EDGE ( 'NONE', *, *, #1034, .T. ) ;
#142 = ADVANCED_FACE ( 'NONE', ( #218 ), #863, .F. ) ;
#143 = CARTESIAN_POINT ( 'NONE',  ( 9.249999999999998224, -36.54886114323221591, 31.50000000000000711 ) ) ;
#144 = EDGE_CURVE ( 'NONE', #124, #410, #673, .T. ) ;
#145 = EDGE_CURVE ( 'NONE', #505, #1427, #1407, .T. ) ;
#146 = AXIS2_PLACEMENT_3D ( 'NONE', #904, #1107, #1011 ) ;
#147 = PLANE ( 'NONE',  #423 ) ;
#148 = AXIS2_PLACEMENT_3D ( 'NONE', #130, #354, #233 ) ;
#149 = LINE ( 'NONE', #463, #762 ) ;
#150 = AXIS2_PLACEMENT_3D ( 'NONE', #343, #221, #919 ) ;
#151 = EDGE_CURVE ( 'NONE', #405, #466, #1295, .T. ) ;
#152 = ORIENTED_EDGE ( 'NONE', *, *, #648, .T. ) ;
#153 = VERTEX_POINT ( 'NONE', #5 ) ;
#154 = CARTESIAN_POINT ( 'NONE',  ( 0.000000000000000000, 0.000000000000000000, 10.00000000000000000 ) ) ;
#155 = DIRECTION ( 'NONE',  ( 0.000000000000000000, -0.000000000000000000, -1.000000000000000000 ) ) ;
#156 = EDGE_CURVE ( 'NONE', #735, #248, #457, .T. ) ;
#157 = CARTESIAN_POINT ( 'NONE',  ( 16.00000000000000000, 13.50000000000000355, 23.00000000000000000 ) ) ;
#158 = LINE ( 'NONE', #848, #828 ) ;
#159 = ORIENTED_EDGE ( 'NONE', *, *, #15, .T. ) ;
#160 = ORIENTED_EDGE ( 'NONE', *, *, #888, .F. ) ;
#161 = DIRECTION ( 'NONE',  ( 0.000000000000000000, -0.000000000000000000, -1.000000000000000000 ) ) ;
#162 = CARTESIAN_POINT ( 'NONE',  ( 11.25000000000000000, -36.54886114323221591, 28.00000000000001421 ) ) ;
#163 = DIRECTION ( 'NONE',  ( 1.000000000000000000, 0.000000000000000000, 0.000000000000000000 ) ) ;
#164 = ADVANCED_FACE ( 'NONE', ( #1170 ), #485, .F. ) ;
#165 = ORIENTED_EDGE ( 'NONE', *, *, #1113, .T. ) ;
#166 = EDGE_CURVE ( 'NONE', #186, #525, #28, .T. ) ;
#167 = EDGE_LOOP ( 'NONE', ( #141, #645 ) ) ;
#168 = CYLINDRICAL_SURFACE ( 'NONE', #712, 3.500000000000000000 ) ;
#169 = DIRECTION ( 'NONE',  ( 1.000000000000000000, 0.000000000000000000, 0.000000000000000000 ) ) ;
#170 = VECTOR ( 'NONE', #478, 1000.000000000000000 ) ;
#171 = AXIS2_PLACEMENT_3D ( 'NONE', #1099, #984, #670 ) ;
#172 = CARTESIAN_POINT ( 'NONE',  ( -4.000000000000000000, -4.000000000000000000, 10.00000000000000000 ) ) ;
#173 = ORIENTED_EDGE ( 'NONE', *, *, #289, .T. ) ;
#174 = EDGE_LOOP ( 'NONE', ( #516, #1028, #619, #68 ) ) ;
#175 = FACE_OUTER_BOUND ( 'NONE', #1009, .T. ) ;
#176 = DIRECTION ( 'NONE',  ( -1.156482317317870542E-15, 0.000000000000000000, 1.000000000000000000 ) ) ;
#177 = DIRECTION ( 'NONE',  ( 0.000000000000000000, -0.000000000000000000, -1.000000000000000000 ) ) ;
#178 = FACE_OUTER_BOUND ( 'NONE', #385, .T. ) ;
#179 = CARTESIAN_POINT ( 'NONE',  ( -3.000000000000001776, 4.000000000000000000, 6.000000000000000000 ) ) ;
#180 = CIRCLE ( 'NONE', #367, 3.500000000000000000 ) ;
#181 = VECTOR ( 'NONE', #1182, 1000.000000000000000 ) ;
#182 = ORIENTED_EDGE ( 'NONE', *, *, #315, .F. ) ;
#183 = DIRECTION ( 'NONE',  ( -0.000000000000000000, -0.000000000000000000, -1.000000000000000000 ) ) ;
#184 = CARTESIAN_POINT ( 'NONE',  ( -3.500000000000000000, 0.000000000000000000, 6.000000000000000000 ) ) ;
#185 = DIRECTION ( 'NONE',  ( 1.000000000000000000, 0.000000000000000000, 0.000000000000000000 ) ) ;
#186 = VERTEX_POINT ( 'NONE', #1151 ) ;
#187 = EDGE_CURVE ( 'NONE', #1123, #551, #149, .T. ) ;
#188 = CARTESIAN_POINT ( 'NONE',  ( -1.500000000000000000, 0.000000000000000000, -2.000000000000000000 ) ) ;
#189 = EDGE_LOOP ( 'NONE', ( #1179, #386 ) ) ;
#190 = CARTESIAN_POINT ( 'NONE',  ( 1.500000000000000000, 1.836970198721029934E-16, 0.000000000000000000 ) ) ;
#191 = DIRECTION ( 'NONE',  ( 0.000000000000000000, -1.000000000000000000, 0.000000000000000000 ) ) ;
#192 = ORIENTED_EDGE ( 'NONE', *, *, #204, .T. ) ;
#193 = ORIENTED_EDGE ( 'NONE', *, *, #166, .F. ) ;
#194 = DIRECTION ( 'NONE',  ( 3.469446951953611033E-15, 0.000000000000000000, 1.000000000000000000 ) ) ;
#195 = ORIENTED_EDGE ( 'NONE', *, *, #1037, .T. ) ;
#196 = CARTESIAN_POINT ( 'NONE',  ( 0.000000000000000000, 0.000000000000000000, 6.000000000000000000 ) ) ;
#197 = DIRECTION ( 'NONE',  ( -0.000000000000000000, -0.000000000000000000, -1.000000000000000000 ) ) ;
#198 = LINE ( 'NONE', #443, #408 ) ;
#199 = CIRCLE ( 'NONE', #1324, 4.999999999999999112 ) ;
#200 = EDGE_LOOP ( 'NONE', ( #1363, #192, #630, #780 ) ) ;
#201 = DIRECTION ( 'NONE',  ( 1.000000000000000000, 0.000000000000000000, 0.000000000000000000 ) ) ;
#202 = DIRECTION ( 'NONE',  ( 0.000000000000000000, 0.000000000000000000, 1.000000000000000000 ) ) ;
#203 = CARTESIAN_POINT ( 'NONE',  ( 0.000000000000000000, 0.000000000000000000, 15.00000000000000000 ) ) ;
#204 = EDGE_CURVE ( 'NONE', #788, #97, #801, .T. ) ;
#205 = ORIENTED_EDGE ( 'NONE', *, *, #1201, .T. ) ;
#206 = ADVANCED_FACE ( 'NONE', ( #238 ), #591, .T. ) ;
#207 = DIRECTION ( 'NONE',  ( 1.000000000000000000, 0.000000000000000000, 0.000000000000000000 ) ) ;
#208 = EDGE_CURVE ( 'NONE', #812, #486, #1370, .T. ) ;
#209 = DIRECTION ( 'NONE',  ( -0.000000000000000000, 0.000000000000000000, 1.000000000000000000 ) ) ;
#210 = CARTESIAN_POINT ( 'NONE',  ( -3.500000000000000000, 0.000000000000000000, 11.00000000000000000 ) ) ;
#211 = VECTOR ( 'NONE', #1265, 1000.000000000000000 ) ;
#212 = CARTESIAN_POINT ( 'NONE',  ( 0.000000000000000000, 0.000000000000000000, 18.00000000000000000 ) ) ;
#213 = EDGE_LOOP ( 'NONE', ( #1329, #837 ) ) ;
#214 = CIRCLE ( 'NONE', #261, 2.000000000000000000 ) ;
#215 = AXIS2_PLACEMENT_3D ( 'NONE', #639, #322, #424 ) ;
#216 = CARTESIAN_POINT ( 'NONE',  ( -16.00000000000000000, 13.50000000000000355, 33.00000000000000000 ) ) ;
#217 = LINE ( 'NONE', #1353, #763 ) ;
#218 = FACE_OUTER_BOUND ( 'NONE', #378, .T. ) ;
#219 = VERTEX_POINT ( 'NONE', #1033 ) ;
#220 = ORIENTED_EDGE ( 'NONE', *, *, #1420, .F. ) ;
#221 = DIRECTION ( 'NONE',  ( 0.000000000000000000, 0.000000000000000000, -1.000000000000000000 ) ) ;
#222 = ADVANCED_BREP_SHAPE_REPRESENTATION ( 'P001-B119_BobbinDriveShaft-3', ( #481, #857 ), #521 ) ;
#223 = FACE_OUTER_BOUND ( 'NONE', #213, .T. ) ;
#224 = DIRECTION ( 'NONE',  ( -0.000000000000000000, 1.000000000000000000, -0.000000000000000000 ) ) ;
#225 = CIRCLE ( 'NONE', #894, 3.500000000000000000 ) ;
#226 = EDGE_LOOP ( 'NONE', ( #302, #38, #1443, #1075 ) ) ;
#227 = AXIS2_PLACEMENT_3D ( 'NONE', #678, #376, #1386 ) ;
#228 = EDGE_LOOP ( 'NONE', ( #1414, #576 ) ) ;
#229 = FACE_OUTER_BOUND ( 'NONE', #452, .T. ) ;
#230 = EDGE_CURVE ( 'NONE', #1448, #1227, #596, .T. ) ;
#231 = LINE ( 'NONE', #469, #211 ) ;
#232 = SURFACE_STYLE_USAGE ( .BOTH. , #35 ) ;
#233 = DIRECTION ( 'NONE',  ( 1.000000000000000000, 0.000000000000000000, 0.000000000000000000 ) ) ;
#234 = ORIENTED_EDGE ( 'NONE', *, *, #716, .F. ) ;
#235 = ORIENTED_EDGE ( 'NONE', *, *, #361, .T. ) ;
#236 = CARTESIAN_POINT ( 'NONE',  ( 11.25000000000000000, -7.500000000000000000, 31.50000000000001421 ) ) ;
#237 = FACE_BOUND ( 'NONE', #940, .T. ) ;
#238 = FACE_OUTER_BOUND ( 'NONE', #1022, .T. ) ;
#239 = ORIENTED_EDGE ( 'NONE', *, *, #953, .F. ) ;
#240 = ORIENTED_EDGE ( 'NONE', *, *, #667, .F. ) ;
#241 = DIRECTION ( 'NONE',  ( 0.000000000000000000, -0.000000000000000000, -1.000000000000000000 ) ) ;
#242 = AXIS2_PLACEMENT_3D ( 'NONE', #1444, #987, #201 ) ;
#243 = CARTESIAN_POINT ( 'NONE',  ( 16.00000000000000000, -13.49999999999999822, 33.00000000000000000 ) ) ;
#244 = AXIS2_PLACEMENT_3D ( 'NONE', #489, #1416, #611 ) ;
#245 = DIRECTION ( 'NONE',  ( 1.000000000000000000, 0.000000000000000000, 0.000000000000000000 ) ) ;
#246 = CARTESIAN_POINT ( 'NONE',  ( 0.000000000000000000, 0.000000000000000000, 2.000000000000000000 ) ) ;
#247 = VECTOR ( 'NONE', #1422, 1000.000000000000000 ) ;
#248 = VERTEX_POINT ( 'NONE', #1393 ) ;
#249 = EDGE_CURVE ( 'NONE', #1319, #459, #1095, .T. ) ;
#250 = EDGE_CURVE ( 'NONE', #1255, #931, #346, .T. ) ;
#251 = EDGE_LOOP ( 'NONE', ( #487, #1371, #688 ) ) ;
#252 = CARTESIAN_POINT ( 'NONE',  ( 9.250000000000000000, -36.54886114323221591, 33.00000000000000711 ) ) ;
#253 = ADVANCED_FACE ( 'NONE', ( #20 ), #471, .F. ) ;
#254 = EDGE_CURVE ( 'NONE', #29, #1319, #1176, .T. ) ;
#255 = DIRECTION ( 'NONE',  ( -1.000000000000000000, 0.000000000000000000, -0.000000000000000000 ) ) ;
#256 = CARTESIAN_POINT ( 'NONE',  ( 0.000000000000000000, 0.000000000000000000, 6.000000000000000000 ) ) ;
#257 = CARTESIAN_POINT ( 'NONE',  ( -4.999999999999999112, 6.123233995736765296E-16, -4.142135623730947458 ) ) ;
#258 = ORIENTED_EDGE ( 'NONE', *, *, #509, .F. ) ;
#259 = VERTEX_POINT ( 'NONE', #1293 ) ;
#260 = FACE_OUTER_BOUND ( 'NONE', #348, .T. ) ;
#261 = AXIS2_PLACEMENT_3D ( 'NONE', #190, #967, #1207 ) ;
#262 = DIRECTION ( 'NONE',  ( 0.000000000000000000, 0.000000000000000000, -1.000000000000000000 ) ) ;
#263 = AXIS2_PLACEMENT_3D ( 'NONE', #12, #835, #1163 ) ;
#264 = DIRECTION ( 'NONE',  ( -0.000000000000000000, 0.000000000000000000, 1.000000000000000000 ) ) ;
#265 = ORIENTED_EDGE ( 'NONE', *, *, #1380, .T. ) ;
#266 = ORIENTED_EDGE ( 'NONE', *, *, #549, .F. ) ;
#267 = PLANE ( 'NONE',  #628 ) ;
#268 = DIRECTION ( 'NONE',  ( 1.000000000000000000, 0.000000000000000000, 0.000000000000000000 ) ) ;
#269 = EDGE_CURVE ( 'NONE', #74, #861, #693, .T. ) ;
#270 = VECTOR ( 'NONE', #84, 1000.000000000000000 ) ;
#271 = DIRECTION ( 'NONE',  ( -0.000000000000000000, 1.000000000000000000, -0.000000000000000000 ) ) ;
#272 = ORIENTED_EDGE ( 'NONE', *, *, #956, .F. ) ;
#273 = ORIENTED_EDGE ( 'NONE', *, *, #538, .F. ) ;
#274 = DIRECTION ( 'NONE',  ( 1.000000000000000000, 0.000000000000000000, 0.000000000000000000 ) ) ;
#275 = FACE_OUTER_BOUND ( 'NONE', #656, .T. ) ;
#276 = EDGE_CURVE ( 'NONE', #963, #327, #908, .T. ) ;
#277 = DIRECTION ( 'NONE',  ( 0.000000000000000000, -0.000000000000000000, -1.000000000000000000 ) ) ;
#278 = ORIENTED_EDGE ( 'NONE', *, *, #953, .T. ) ;
#279 = ORIENTED_EDGE ( 'NONE', *, *, #779, .F. ) ;
#280 = CARTESIAN_POINT ( 'NONE',  ( 3.500000000000000000, 4.286263797015736595E-16, 13.00000000000000000 ) ) ;
#281 = DIRECTION ( 'NONE',  ( 0.000000000000000000, -0.000000000000000000, -1.000000000000000000 ) ) ;
#282 = CIRCLE ( 'NONE', #50, 1.000000000000000000 ) ;
#283 = CARTESIAN_POINT ( 'NONE',  ( -9.249999999999998224, -36.54886114323221591, 31.50000000000000711 ) ) ;
#284 = DIRECTION ( 'NONE',  ( 0.000000000000000000, 0.000000000000000000, -1.000000000000000000 ) ) ;
#285 = ORIENTED_EDGE ( 'NONE', *, *, #249, .T. ) ;
#286 = ORIENTED_EDGE ( 'NONE', *, *, #151, .T. ) ;
#287 = CARTESIAN_POINT ( 'NONE',  ( 11.25000000000000000, -36.54886114323221591, 28.00000000000001421 ) ) ;
#288 = CARTESIAN_POINT ( 'NONE',  ( 0.000000000000000000, 0.000000000000000000, 18.00000000000000000 ) ) ;
#289 = EDGE_CURVE ( 'NONE', #551, #1255, #1426, .T. ) ;
#290 = VECTOR ( 'NONE', #1226, 1000.000000000000000 ) ;
#291 = DIRECTION ( 'NONE',  ( 1.000000000000000000, 0.000000000000000000, 0.000000000000000000 ) ) ;
#292 = ORIENTED_EDGE ( 'NONE', *, *, #1271, .F. ) ;
#293 = AXIS2_PLACEMENT_3D ( 'NONE', #432, #194, #864 ) ;
#294 = EDGE_CURVE ( 'NONE', #931, #1123, #282, .T. ) ;
#295 = ORIENTED_EDGE ( 'NONE', *, *, #606, .T. ) ;
#296 = EDGE_CURVE ( 'NONE', #505, #74, #569, .T. ) ;
#297 = CARTESIAN_POINT ( 'NONE',  ( 0.000000000000000000, 0.000000000000000000, 13.00000000000000000 ) ) ;
#298 = CIRCLE ( 'NONE', #702, 1.000000000000000000 ) ;
#299 = VERTEX_POINT ( 'NONE', #157 ) ;
#300 = CARTESIAN_POINT ( 'NONE',  ( -3.500000000000000000, 0.000000000000000000, 2.000000000000000000 ) ) ;
#301 = ORIENTED_EDGE ( 'NONE', *, *, #406, .T. ) ;
#302 = ORIENTED_EDGE ( 'NONE', *, *, #1000, .F. ) ;
#303 = CARTESIAN_POINT ( 'NONE',  ( 0.000000000000000000, 0.000000000000000000, 10.00000000000000000 ) ) ;
#304 = ORIENTED_EDGE ( 'NONE', *, *, #1111, .F. ) ;
#305 = FACE_OUTER_BOUND ( 'NONE', #978, .T. ) ;
#306 = CARTESIAN_POINT ( 'NONE',  ( -11.25000000000000000, 13.50000000000000355, 31.50000000000001421 ) ) ;
#307 = DIRECTION ( 'NONE',  ( 0.000000000000000000, 0.000000000000000000, -1.000000000000000000 ) ) ;
#308 = AXIS2_PLACEMENT_3D ( 'NONE', #618, #177, #501 ) ;
#309 = VECTOR ( 'NONE', #291, 1000.000000000000000 ) ;
#310 = ORIENTED_EDGE ( 'NONE', *, *, #1037, .F. ) ;
#311 = CARTESIAN_POINT ( 'NONE',  ( 16.00000000000000000, 13.50000000000000355, 33.00000000000000000 ) ) ;
#312 = DIRECTION ( 'NONE',  ( -0.000000000000000000, 0.000000000000000000, 1.000000000000000000 ) ) ;
#313 = ADVANCED_FACE ( 'NONE', ( #914 ), #1278, .T. ) ;
#314 = DIRECTION ( 'NONE',  ( -0.000000000000000000, -0.000000000000000000, -1.000000000000000000 ) ) ;
#315 = EDGE_CURVE ( 'NONE', #466, #1015, #214, .T. ) ;
#316 = FACE_OUTER_BOUND ( 'NONE', #1130, .T. ) ;
#317 = AXIS2_PLACEMENT_3D ( 'NONE', #297, #94, #1345 ) ;
#318 = AXIS2_PLACEMENT_3D ( 'NONE', #57, #375, #1410 ) ;
#319 = APPLICATION_PROTOCOL_DEFINITION ( 'draft international standard', 'automotive_design', 1998, #431 ) ;
#320 = EDGE_CURVE ( 'NONE', #1035, #111, #49, .T. ) ;
#321 = LINE ( 'NONE', #1433, #1127 ) ;
#322 = DIRECTION ( 'NONE',  ( 0.000000000000000000, -0.000000000000000000, -1.000000000000000000 ) ) ;
#323 = PRESENTATION_LAYER_ASSIGNMENT (  '', '', ( #585 ) ) ;
#324 = CYLINDRICAL_SURFACE ( 'NONE', #811, 2.450000000000000622 ) ;
#325 = CARTESIAN_POINT ( 'NONE',  ( -3.000000000000001776, 3.000000000000000000, 10.00000000000000000 ) ) ;
#326 = AXIS2_PLACEMENT_3D ( 'NONE', #359, #700, #815 ) ;
#327 = VERTEX_POINT ( 'NONE', #1411 ) ;
#328 = CARTESIAN_POINT ( 'NONE',  ( 0.000000000000000000, 0.000000000000000000, 10.00000000000000000 ) ) ;
#329 = PLANE ( 'NONE',  #171 ) ;
#330 = CARTESIAN_POINT ( 'NONE',  ( -4.000000000000000000, -4.000000000000000000, 6.000000000000000000 ) ) ;
#331 = VERTEX_POINT ( 'NONE', #724 ) ;
#332 = CIRCLE ( 'NONE', #449, 2.450000000000000622 ) ;
#333 = VECTOR ( 'NONE', #1057, 1000.000000000000000 ) ;
#334 = ORIENTED_EDGE ( 'NONE', *, *, #582, .F. ) ;
#335 = CYLINDRICAL_SURFACE ( 'NONE', #879, 3.500000000000000000 ) ;
#336 = DIRECTION ( 'NONE',  ( 0.000000000000000000, -1.000000000000000000, 0.000000000000000000 ) ) ;
#337 = DIRECTION ( 'NONE',  ( 0.000000000000000000, -0.000000000000000000, 1.000000000000000000 ) ) ;
#338 = CARTESIAN_POINT ( 'NONE',  ( 0.000000000000000000, 0.000000000000000000, 0.000000000000000000 ) ) ;
#339 = EDGE_LOOP ( 'NONE', ( #910, #285 ) ) ;
#340 = EDGE_CURVE ( 'NONE', #525, #1029, #866, .T. ) ;
#341 = EDGE_CURVE ( 'NONE', #641, #29, #951, .T. ) ;
#342 = EDGE_LOOP ( 'NONE', ( #125, #428 ) ) ;
#343 = CARTESIAN_POINT ( 'NONE',  ( 2.999999999999999112, 3.000000000000000000, 10.00000000000000000 ) ) ;
#344 = CARTESIAN_POINT ( 'NONE',  ( 0.000000000000000000, 0.000000000000000000, 10.00000000000000000 ) ) ;
#345 =( LENGTH_UNIT ( ) NAMED_UNIT ( * ) SI_UNIT ( .MILLI., .METRE. ) );
#346 = LINE ( 'NONE', #370, #972 ) ;
#347 = VECTOR ( 'NONE', #434, 1000.000000000000000 ) ;
#348 = EDGE_LOOP ( 'NONE', ( #39, #1137, #947 ) ) ;
#349 = ORIENTED_EDGE ( 'NONE', *, *, #830, .F. ) ;
#350 = PLANE ( 'NONE',  #429 ) ;
#351 = EDGE_CURVE ( 'NONE', #299, #1131, #1322, .T. ) ;
#352 = DIRECTION ( 'NONE',  ( -1.000000000000000000, -0.000000000000000000, -0.000000000000000000 ) ) ;
#353 = CARTESIAN_POINT ( 'NONE',  ( 2.999999999999999112, 3.000000000000000000, 10.00000000000000000 ) ) ;
#354 = DIRECTION ( 'NONE',  ( -0.000000000000000000, 0.000000000000000000, 1.000000000000000000 ) ) ;
#355 = CIRCLE ( 'NONE', #1091, 4.999999999999999112 ) ;
#356 = ORIENTED_EDGE ( 'NONE', *, *, #1069, .T. ) ;
#357 = CYLINDRICAL_SURFACE ( 'NONE', #665, 3.500000000000000000 ) ;
#358 = CARTESIAN_POINT ( 'NONE',  ( -4.000000000000001776, 4.000000000000000000, 10.00000000000000000 ) ) ;
#359 = CARTESIAN_POINT ( 'NONE',  ( 3.000000000000000000, -3.000000000000000000, 10.00000000000000000 ) ) ;
#360 = CARTESIAN_POINT ( 'NONE',  ( -3.000000000000000000, -3.000000000000000000, 10.00000000000000000 ) ) ;
#361 = EDGE_CURVE ( 'NONE', #1222, #876, #746, .T. ) ;
#362 = ADVANCED_FACE ( 'NONE', ( #519 ), #324, .T. ) ;
#363 = ORIENTED_EDGE ( 'NONE', *, *, #1375, .F. ) ;
#364 = VERTEX_POINT ( 'NONE', #1441 ) ;
#365 = AXIS2_PLACEMENT_3D ( 'NONE', #212, #786, #672 ) ;
#366 = CARTESIAN_POINT ( 'NONE',  ( 2.450000000000000622, 3.000384657911016356E-16, 15.00000000000000000 ) ) ;
#367 = AXIS2_PLACEMENT_3D ( 'NONE', #104, #637, #207 ) ;
#368 = FACE_OUTER_BOUND ( 'NONE', #681, .T. ) ;
#369 = AXIS2_PLACEMENT_3D ( 'NONE', #288, #155, #495 ) ;
#370 = CARTESIAN_POINT ( 'NONE',  ( -4.000000000000000000, -3.000000000000000888, 10.00000000000000000 ) ) ;
#371 = VERTEX_POINT ( 'NONE', #898 ) ;
#372 = EDGE_CURVE ( 'NONE', #755, #1459, #661, .T. ) ;
#373 = ORIENTED_EDGE ( 'NONE', *, *, #821, .F. ) ;
#374 = DIRECTION ( 'NONE',  ( 0.000000000000000000, -1.000000000000000000, 0.000000000000000000 ) ) ;
#375 = DIRECTION ( 'NONE',  ( 0.000000000000000000, -0.000000000000000000, -1.000000000000000000 ) ) ;
#376 = DIRECTION ( 'NONE',  ( 0.000000000000000000, 0.000000000000000000, 1.000000000000000000 ) ) ;
#377 = CARTESIAN_POINT ( 'NONE',  ( -16.00000000000000000, 13.50000000000000355, 33.00000000000000000 ) ) ;
#378 = EDGE_LOOP ( 'NONE', ( #1117, #6, #356, #1158 ) ) ;
#379 = EDGE_LOOP ( 'NONE', ( #286, #67, #796, #239 ) ) ;
#380 = CARTESIAN_POINT ( 'NONE',  ( 0.000000000000000000, 0.000000000000000000, 10.00000000000000000 ) ) ;
#381 = AXIS2_PLACEMENT_3D ( 'NONE', #928, #575, #1270 ) ;
#382 = DIRECTION ( 'NONE',  ( 1.000000000000000000, -1.776356839400250465E-15, 0.000000000000000000 ) ) ;
#383 = AXIS2_PLACEMENT_3D ( 'NONE', #563, #241, #112 ) ;
#384 = DIRECTION ( 'NONE',  ( -1.000000000000000000, 0.000000000000000000, 0.000000000000000000 ) ) ;
#385 = EDGE_LOOP ( 'NONE', ( #1071, #1045, #1110, #301 ) ) ;
#386 = ORIENTED_EDGE ( 'NONE', *, *, #577, .T. ) ;
#387 = PLANE ( 'NONE',  #1453 ) ;
#388 = DIRECTION ( 'NONE',  ( 0.000000000000000000, 0.000000000000000000, 1.000000000000000000 ) ) ;
#389 = CYLINDRICAL_SURFACE ( 'NONE', #838, 2.450000000000000622 ) ;
#390 = ORIENTED_EDGE ( 'NONE', *, *, #830, .T. ) ;
#391 = ORIENTED_EDGE ( 'NONE', *, *, #139, .F. ) ;
#392 = DIRECTION ( 'NONE',  ( -0.000000000000000000, 0.000000000000000000, 1.000000000000000000 ) ) ;
#393 = PLANE ( 'NONE',  #1451 ) ;
#394 = CARTESIAN_POINT ( 'NONE',  ( 2.450000000000000622, 3.000384657911016356E-16, 15.00000000000000000 ) ) ;
#395 = CARTESIAN_POINT ( 'NONE',  ( -11.25000000000000000, -36.54886114323221591, 28.00000000000001421 ) ) ;
#396 = DIRECTION ( 'NONE',  ( -0.000000000000000000, 0.000000000000000000, -1.000000000000000000 ) ) ;
#397 = EDGE_LOOP ( 'NONE', ( #1457, #620, #1389, #21 ) ) ;
#398 = CARTESIAN_POINT ( 'NONE',  ( -11.25000000000000000, 13.50000000000000355, 31.50000000000001421 ) ) ;
#399 = LINE ( 'NONE', #1196, #438 ) ;
#400 = DIRECTION ( 'NONE',  ( -1.000000000000000000, 0.000000000000000000, -0.000000000000000000 ) ) ;
#401 = AXIS2_PLACEMENT_3D ( 'NONE', #584, #922, #708 ) ;
#402 = EDGE_CURVE ( 'NONE', #102, #1323, #529, .T. ) ;
#403 = ADVANCED_FACE ( 'NONE', ( #777 ), #640, .F. ) ;
#404 = ORIENTED_EDGE ( 'NONE', *, *, #56, .T. ) ;
#405 = VERTEX_POINT ( 'NONE', #792 ) ;
#406 = EDGE_CURVE ( 'NONE', #923, #876, #1160, .T. ) ;
#407 = DIRECTION ( 'NONE',  ( -0.000000000000000000, 1.000000000000000000, -0.000000000000000000 ) ) ;
#408 = VECTOR ( 'NONE', #1007, 1000.000000000000000 ) ;
#409 = DIRECTION ( 'NONE',  ( 0.000000000000000000, 0.000000000000000000, -1.000000000000000000 ) ) ;
#410 = VERTEX_POINT ( 'NONE', #210 ) ;
#411 = ORIENTED_EDGE ( 'NONE', *, *, #917, .F. ) ;
#412 = EDGE_CURVE ( 'NONE', #964, #861, #558, .T. ) ;
#413 = DIRECTION ( 'NONE',  ( 0.000000000000000000, 0.000000000000000000, -1.000000000000000000 ) ) ;
#414 = ORIENTED_EDGE ( 'NONE', *, *, #412, .T. ) ;
#415 = AXIS2_PLACEMENT_3D ( 'NONE', #1197, #1066, #163 ) ;
#416 = DIRECTION ( 'NONE',  ( -0.000000000000000000, -0.000000000000000000, 1.000000000000000000 ) ) ;
#417 = CARTESIAN_POINT ( 'NONE',  ( -16.00000000000000000, -13.49999999999999822, 33.00000000000000000 ) ) ;
#418 = ORIENTED_EDGE ( 'NONE', *, *, #372, .F. ) ;
#419 = ORIENTED_EDGE ( 'NONE', *, *, #294, .F. ) ;
#420 = APPLICATION_CONTEXT ( 'automotive_design' ) ;
#421 = EDGE_CURVE ( 'NONE', #444, #1131, #1012, .T. ) ;
#422 = DIRECTION ( 'NONE',  ( 0.000000000000000000, 0.000000000000000000, 1.000000000000000000 ) ) ;
#423 = AXIS2_PLACEMENT_3D ( 'NONE', #33, #10, #255 ) ;
#424 = DIRECTION ( 'NONE',  ( 1.000000000000000000, 0.000000000000000000, 0.000000000000000000 ) ) ;
#425 = CARTESIAN_POINT ( 'NONE',  ( -4.000000000000000000, -4.000000000000000000, 10.00000000000000000 ) ) ;
#426 = DIRECTION ( 'NONE',  ( 1.000000000000000000, 0.000000000000000000, 0.000000000000000000 ) ) ;
#427 = ADVANCED_FACE ( 'NONE', ( #1455 ), #1225, .F. ) ;
#428 = ORIENTED_EDGE ( 'NONE', *, *, #806, .T. ) ;
#429 = AXIS2_PLACEMENT_3D ( 'NONE', #805, #1263, #713 ) ;
#430 = DIRECTION ( 'NONE',  ( -0.000000000000000000, -0.000000000000000000, -1.000000000000000000 ) ) ;
#431 = APPLICATION_CONTEXT ( 'automotive_design' ) ;
#432 = CARTESIAN_POINT ( 'NONE',  ( -9.249999999999998224, -36.54886114323221591, 31.50000000000000711 ) ) ;
#433 = DIRECTION ( 'NONE',  ( -0.000000000000000000, -0.000000000000000000, -1.000000000000000000 ) ) ;
#434 = DIRECTION ( 'NONE',  ( -0.000000000000000000, -0.000000000000000000, -1.000000000000000000 ) ) ;
#435 = CARTESIAN_POINT ( 'NONE',  ( 0.000000000000000000, 0.000000000000000000, 11.00000000000000000 ) ) ;
#436 = CIRCLE ( 'NONE', #939, 5.000000000000000888 ) ;
#437 = EDGE_LOOP ( 'NONE', ( #1434, #562, #132, #53 ) ) ;
#438 = VECTOR ( 'NONE', #834, 1000.000000000000000 ) ;
#439 = VECTOR ( 'NONE', #603, 1000.000000000000000 ) ;
#440 = DIRECTION ( 'NONE',  ( 1.000000000000000000, 0.000000000000000000, 0.000000000000000000 ) ) ;
#441 = CARTESIAN_POINT ( 'NONE',  ( 0.000000000000000000, 0.000000000000000000, 4.000000000000000000 ) ) ;
#442 = DIRECTION ( 'NONE',  ( -1.000000000000000000, 0.000000000000000000, 0.000000000000000000 ) ) ;
#443 = CARTESIAN_POINT ( 'NONE',  ( -11.25000000000000000, -36.54886114323221591, 28.00000000000001421 ) ) ;
#444 = VERTEX_POINT ( 'NONE', #1100 ) ;
#445 = ORIENTED_EDGE ( 'NONE', *, *, #451, .F. ) ;
#446 = EDGE_CURVE ( 'NONE', #371, #1421, #1335, .T. ) ;
#447 = DIRECTION ( 'NONE',  ( -0.000000000000000000, -0.000000000000000000, -1.000000000000000000 ) ) ;
#448 = DIRECTION ( 'NONE',  ( 1.000000000000000000, 0.000000000000000000, 0.000000000000000000 ) ) ;
#449 = AXIS2_PLACEMENT_3D ( 'NONE', #89, #1216, #1224 ) ;
#450 = DIRECTION ( 'NONE',  ( -0.000000000000000000, 0.000000000000000000, 1.000000000000000000 ) ) ;
#451 = EDGE_CURVE ( 'NONE', #918, #532, #225, .T. ) ;
#452 = EDGE_LOOP ( 'NONE', ( #16, #1178, #414, #1408 ) ) ;
#453 = EDGE_LOOP ( 'NONE', ( #872, #1328 ) ) ;
#454 = FACE_OUTER_BOUND ( 'NONE', #480, .T. ) ;
#455 = PLANE ( 'NONE',  #991 ) ;
#456 = FACE_OUTER_BOUND ( 'NONE', #638, .T. ) ;
#457 = LINE ( 'NONE', #1336, #663 ) ;
#458 = ORIENTED_EDGE ( 'NONE', *, *, #1181, .F. ) ;
#459 = VERTEX_POINT ( 'NONE', #1377 ) ;
#460 = FACE_BOUND ( 'NONE', #453, .T. ) ;
#461 = CARTESIAN_POINT ( 'NONE',  ( -3.500000000000000000, 0.000000000000000000, 13.00000000000000000 ) ) ;
#462 = PRESENTATION_STYLE_ASSIGNMENT (( #232 ) ) ;
#463 = CARTESIAN_POINT ( 'NONE',  ( -3.000000000000000000, -4.000000000000000000, 10.00000000000000000 ) ) ;
#464 = VECTOR ( 'NONE', #11, 1000.000000000000000 ) ;
#465 = ORIENTED_EDGE ( 'NONE', *, *, #54, .F. ) ;
#466 = VERTEX_POINT ( 'NONE', #565 ) ;
#467 = DIRECTION ( 'NONE',  ( -1.000000000000000000, 0.000000000000000000, 0.000000000000000000 ) ) ;
#468 = ADVANCED_FACE ( 'NONE', ( #1135 ), #707, .F. ) ;
#469 = CARTESIAN_POINT ( 'NONE',  ( 9.249999999999998224, -7.500000000000000000, 31.50000000000000711 ) ) ;
#470 = FILL_AREA_STYLE ('',( #1169 ) ) ;
#471 = PLANE ( 'NONE',  #76 ) ;
#472 = CIRCLE ( 'NONE', #1067, 4.999999999999999112 ) ;
#473 = VERTEX_POINT ( 'NONE', #1399 ) ;
#474 = ADVANCED_FACE ( 'NONE', ( #913 ), #122, .T. ) ;
#475 = ORIENTED_EDGE ( 'NONE', *, *, #1354, .F. ) ;
#476 = CIRCLE ( 'NONE', #24, 3.500000000000000000 ) ;
#477 = DIRECTION ( 'NONE',  ( -1.000000000000000000, 0.000000000000000000, -3.469446951953611033E-15 ) ) ;
#478 = DIRECTION ( 'NONE',  ( 1.000000000000000000, 0.000000000000000000, 0.000000000000000000 ) ) ;
#479 = DIRECTION ( 'NONE',  ( -1.000000000000000000, -0.000000000000000000, -0.000000000000000000 ) ) ;
#480 = EDGE_LOOP ( 'NONE', ( #608, #1093, #829, #279 ) ) ;
#481 = MANIFOLD_SOLID_BREP ( 'Boss-Extrude4', #1052 ) ;
#482 = VERTEX_POINT ( 'NONE', #921 ) ;
#483 = CARTESIAN_POINT ( 'NONE',  ( -16.00000000000000000, 13.50000000000000355, 33.00000000000000000 ) ) ;
#484 = CARTESIAN_POINT ( 'NONE',  ( 0.000000000000000000, 0.000000000000000000, 10.00000000000000000 ) ) ;
#485 = PLANE ( 'NONE',  #787 ) ;
#486 = VERTEX_POINT ( 'NONE', #943 ) ;
#487 = ORIENTED_EDGE ( 'NONE', *, *, #1250, .T. ) ;
#488 = CARTESIAN_POINT ( 'NONE',  ( 0.000000000000000000, 0.000000000000000000, 10.00000000000000000 ) ) ;
#489 = CARTESIAN_POINT ( 'NONE',  ( 0.000000000000000000, 0.000000000000000000, 11.00000000000000000 ) ) ;
#490 = EDGE_CURVE ( 'NONE', #186, #299, #114, .T. ) ;
#491 = ORIENTED_EDGE ( 'NONE', *, *, #133, .F. ) ;
#492 = EDGE_CURVE ( 'NONE', #1459, #735, #298, .T. ) ;
#493 = PLANE ( 'NONE',  #1282 ) ;
#494 = AXIS2_PLACEMENT_3D ( 'NONE', #395, #409, #400 ) ;
#495 = DIRECTION ( 'NONE',  ( 1.000000000000000000, 0.000000000000000000, 0.000000000000000000 ) ) ;
#496 = ORIENTED_EDGE ( 'NONE', *, *, #710, .T. ) ;
#497 = ORIENTED_EDGE ( 'NONE', *, *, #577, .F. ) ;
#498 = DIRECTION ( 'NONE',  ( -0.000000000000000000, -0.000000000000000000, -1.000000000000000000 ) ) ;
#499 = CARTESIAN_POINT ( 'NONE',  ( 3.500000000000000000, 4.286263797015736595E-16, 23.00000000000000000 ) ) ;
#500 = AXIS2_PLACEMENT_3D ( 'NONE', #303, #1221, #545 ) ;
#501 = DIRECTION ( 'NONE',  ( 1.000000000000000000, 0.000000000000000000, 0.000000000000000000 ) ) ;
#502 = AXIS2_PLACEMENT_3D ( 'NONE', #518, #858, #169 ) ;
#503 = FACE_OUTER_BOUND ( 'NONE', #950, .T. ) ;
#504 = AXIS2_PLACEMENT_3D ( 'NONE', #32, #1397, #1048 ) ;
#505 = VERTEX_POINT ( 'NONE', #129 ) ;
#506 = ORIENTED_EDGE ( 'NONE', *, *, #30, .F. ) ;
#507 = MECHANICAL_DESIGN_GEOMETRIC_PRESENTATION_REPRESENTATION (  '', ( #585 ), #109 ) ;
#508 = CARTESIAN_POINT ( 'NONE',  ( -2.450000000000000622, 0.000000000000000000, 2.000000000000000000 ) ) ;
#509 = EDGE_CURVE ( 'NONE', #1227, #1448, #65, .T. ) ;
#510 = CARTESIAN_POINT ( 'NONE',  ( -1.500000000000000000, 0.000000000000000000, 0.000000000000000000 ) ) ;
#511 = ADVANCED_FACE ( 'NONE', ( #19, #927 ), #1018, .T. ) ;
#512 = DIRECTION ( 'NONE',  ( -1.156482317317870344E-15, -0.000000000000000000, -1.000000000000000000 ) ) ;
#513 = LINE ( 'NONE', #1430, #930 ) ;
#514 = ADVANCED_FACE ( 'NONE', ( #456 ), #1369, .T. ) ;
#515 = CARTESIAN_POINT ( 'NONE',  ( -4.000000000000001776, 4.000000000000000000, 10.00000000000000000 ) ) ;
#516 = ORIENTED_EDGE ( 'NONE', *, *, #145, .F. ) ;
#517 = DIRECTION ( 'NONE',  ( 0.000000000000000000, 0.000000000000000000, 1.000000000000000000 ) ) ;
#518 = CARTESIAN_POINT ( 'NONE',  ( 0.000000000000000000, 0.000000000000000000, 2.000000000000000000 ) ) ;
#519 = FACE_OUTER_BOUND ( 'NONE', #893, .T. ) ;
#520 = DIRECTION ( 'NONE',  ( 1.084202172485504434E-16, -1.000000000000000000, 0.000000000000000000 ) ) ;
#521 =( GEOMETRIC_REPRESENTATION_CONTEXT ( 3 ) GLOBAL_UNCERTAINTY_ASSIGNED_CONTEXT ( ( #1429 ) ) GLOBAL_UNIT_ASSIGNED_CONTEXT ( ( #993, #643, #883 ) ) REPRESENTATION_CONTEXT ( 'NONE', 'WORKASPACE' ) );
#522 = AXIS2_PLACEMENT_3D ( 'NONE', #1013, #450, #1362 ) ;
#523 = ORIENTED_EDGE ( 'NONE', *, *, #538, .T. ) ;
#524 = AXIS2_PLACEMENT_3D ( 'NONE', #216, #668, #752 ) ;
#525 = VERTEX_POINT ( 'NONE', #1277 ) ;
#526 = PLANE ( 'NONE',  #103 ) ;
#527 = ORIENTED_EDGE ( 'NONE', *, *, #406, .F. ) ;
#528 = CARTESIAN_POINT ( 'NONE',  ( 4.999999999999999112, 0.000000000000000000, 10.00000000000000000 ) ) ;
#529 = LINE ( 'NONE', #417, #347 ) ;
#530 = VERTEX_POINT ( 'NONE', #800 ) ;
#531 = ADVANCED_FACE ( 'NONE', ( #1162 ), #1211, .T. ) ;
#532 = VERTEX_POINT ( 'NONE', #184 ) ;
#533 = CARTESIAN_POINT ( 'NONE',  ( 0.000000000000000000, 0.000000000000000000, -4.142135623730947458 ) ) ;
#534 = ORIENTED_EDGE ( 'NONE', *, *, #412, .F. ) ;
#535 = DIRECTION ( 'NONE',  ( 0.000000000000000000, 0.000000000000000000, -1.000000000000000000 ) ) ;
#536 = FACE_OUTER_BOUND ( 'NONE', #882, .T. ) ;
#537 = ADVANCED_FACE ( 'NONE', ( #725 ), #841, .F. ) ;
#538 = EDGE_CURVE ( 'NONE', #111, #219, #158, .T. ) ;
#539 = EDGE_LOOP ( 'NONE', ( #419, #766, #842, #1063 ) ) ;
#540 = DIRECTION ( 'NONE',  ( -1.000000000000000000, 0.000000000000000000, 0.000000000000000000 ) ) ;
#541 = FACE_OUTER_BOUND ( 'NONE', #1021, .T. ) ;
#542 = CARTESIAN_POINT ( 'NONE',  ( 0.000000000000000000, 0.000000000000000000, 15.00000000000000000 ) ) ;
#543 = FACE_OUTER_BOUND ( 'NONE', #437, .T. ) ;
#544 = ORIENTED_EDGE ( 'NONE', *, *, #1109, .F. ) ;
#545 = DIRECTION ( 'NONE',  ( 1.000000000000000000, 1.776356839400250465E-15, 0.000000000000000000 ) ) ;
#546 = CARTESIAN_POINT ( 'NONE',  ( 0.000000000000000000, 0.000000000000000000, 0.000000000000000000 ) ) ;
#547 = DIRECTION ( 'NONE',  ( 0.000000000000000000, 1.000000000000000000, 0.000000000000000000 ) ) ;
#548 = FACE_BOUND ( 'NONE', #1146, .T. ) ;
#549 = EDGE_CURVE ( 'NONE', #641, #1255, #1185, .T. ) ;
#550 = CIRCLE ( 'NONE', #500, 4.999999999999999112 ) ;
#551 = VERTEX_POINT ( 'NONE', #1424 ) ;
#552 = CIRCLE ( 'NONE', #128, 2.000000000000000000 ) ;
#553 = CIRCLE ( 'NONE', #1232, 4.999999999999999112 ) ;
#554 = EDGE_CURVE ( 'NONE', #1427, #505, #896, .T. ) ;
#555 = CYLINDRICAL_SURFACE ( 'NONE', #745, 4.999999999999999112 ) ;
#556 = ADVANCED_FACE ( 'NONE', ( #178 ), #389, .T. ) ;
#557 = DIRECTION ( 'NONE',  ( -1.000000000000000000, 0.000000000000000000, 0.000000000000000000 ) ) ;
#558 = CIRCLE ( 'NONE', #727, 3.500000000000000000 ) ;
#559 = CYLINDRICAL_SURFACE ( 'NONE', #578, 1.000000000000000000 ) ;
#560 = EDGE_CURVE ( 'NONE', #696, #788, #27, .T. ) ;
#561 = ORIENTED_EDGE ( 'NONE', *, *, #850, .T. ) ;
#562 = ORIENTED_EDGE ( 'NONE', *, *, #254, .T. ) ;
#563 = CARTESIAN_POINT ( 'NONE',  ( 0.000000000000000000, 0.000000000000000000, 10.00000000000000000 ) ) ;
#564 = PLANE ( 'NONE',  #1140 ) ;
#565 = CARTESIAN_POINT ( 'NONE',  ( 3.500000000000000000, 4.286263797015736595E-16, 0.000000000000000000 ) ) ;
#566 = DIRECTION ( 'NONE',  ( 0.000000000000000000, 0.000000000000000000, -1.000000000000000000 ) ) ;
#567 = CIRCLE ( 'NONE', #1383, 3.500000000000000000 ) ;
#568 = ORIENTED_EDGE ( 'NONE', *, *, #204, .F. ) ;
#569 = CIRCLE ( 'NONE', #1405, 5.000000000000000888 ) ;
#570 = ORIENTED_EDGE ( 'NONE', *, *, #1303, .T. ) ;
#571 = VECTOR ( 'NONE', #1167, 1000.000000000000000 ) ;
#572 = DIRECTION ( 'NONE',  ( -1.156482317317870542E-15, 0.000000000000000000, -1.000000000000000000 ) ) ;
#573 = DIRECTION ( 'NONE',  ( -0.000000000000000000, -0.000000000000000000, -1.000000000000000000 ) ) ;
#574 = CARTESIAN_POINT ( 'NONE',  ( 0.000000000000000000, 0.000000000000000000, -2.000000000000000000 ) ) ;
#575 = DIRECTION ( 'NONE',  ( 0.000000000000000000, -0.000000000000000000, -1.000000000000000000 ) ) ;
#576 = ORIENTED_EDGE ( 'NONE', *, *, #632, .T. ) ;
#577 = EDGE_CURVE ( 'NONE', #1123, #593, #1191, .T. ) ;
#578 = AXIS2_PLACEMENT_3D ( 'NONE', #325, #566, #1234 ) ;
#579 = ORIENTED_EDGE ( 'NONE', *, *, #1090, .F. ) ;
#580 = CARTESIAN_POINT ( 'NONE',  ( -9.250000000000000000, -7.499999999999998224, 33.00000000000000000 ) ) ;
#581 = PLANE ( 'NONE',  #1116 ) ;
#582 = EDGE_CURVE ( 'NONE', #929, #530, #513, .T. ) ;
#583 = DIRECTION ( 'NONE',  ( 0.000000000000000000, 0.000000000000000000, 1.000000000000000000 ) ) ;
#584 = CARTESIAN_POINT ( 'NONE',  ( -16.00000000000000000, -7.499999999999998224, 33.00000000000000000 ) ) ;
#585 = STYLED_ITEM ( 'NONE', ( #462 ), #481 ) ;
#586 = VERTEX_POINT ( 'NONE', #1074 ) ;
#587 = ADVANCED_FACE ( 'NONE', ( #503 ), #1418, .F. ) ;
#588 = ORIENTED_EDGE ( 'NONE', *, *, #254, .F. ) ;
#589 = CARTESIAN_POINT ( 'NONE',  ( -9.250000000000000000, -7.500000000000000000, 33.00000000000000711 ) ) ;
#590 = CARTESIAN_POINT ( 'NONE',  ( 3.999999999999995559, -3.000000000000003997, 10.00000000000000000 ) ) ;
#591 = PLANE ( 'NONE',  #401 ) ;
#592 = VECTOR ( 'NONE', #1276, 1000.000000000000000 ) ;
#593 = VERTEX_POINT ( 'NONE', #867 ) ;
#594 = VERTEX_POINT ( 'NONE', #300 ) ;
#595 = CARTESIAN_POINT ( 'NONE',  ( 11.25000000000000000, 13.50000000000000355, 28.00000000000001421 ) ) ;
#596 = CIRCLE ( 'NONE', #263, 2.450000000000000622 ) ;
#597 = LINE ( 'NONE', #1017, #592 ) ;
#598 = CARTESIAN_POINT ( 'NONE',  ( 0.000000000000000000, 0.000000000000000000, 0.000000000000000000 ) ) ;
#599 = DIRECTION ( 'NONE',  ( 1.000000000000000000, 0.000000000000000000, 3.469446951953611033E-15 ) ) ;
#600 = ORIENTED_EDGE ( 'NONE', *, *, #276, .F. ) ;
#601 = ORIENTED_EDGE ( 'NONE', *, *, #320, .F. ) ;
#602 = AXIS2_PLACEMENT_3D ( 'NONE', #748, #1068, #51 ) ;
#603 = DIRECTION ( 'NONE',  ( -0.000000000000000000, 1.000000000000000000, -0.000000000000000000 ) ) ;
#604 = ADVANCED_FACE ( 'NONE', ( #754 ), #1059, .T. ) ;
#605 = FACE_OUTER_BOUND ( 'NONE', #1372, .T. ) ;
#606 = EDGE_CURVE ( 'NONE', #97, #331, #1269, .T. ) ;
#607 = CARTESIAN_POINT ( 'NONE',  ( 11.25000000000000000, -36.54886114323221591, 31.50000000000001421 ) ) ;
#608 = ORIENTED_EDGE ( 'NONE', *, *, #632, .F. ) ;
#609 = ORIENTED_EDGE ( 'NONE', *, *, #83, .F. ) ;
#610 = DIRECTION ( 'NONE',  ( 1.000000000000000000, 0.000000000000000000, 0.000000000000000000 ) ) ;
#611 = DIRECTION ( 'NONE',  ( 1.000000000000000000, 0.000000000000000000, 0.000000000000000000 ) ) ;
#612 = CARTESIAN_POINT ( 'NONE',  ( 9.249999999999998224, 13.50000000000000355, 31.50000000000000711 ) ) ;
#613 = ORIENTED_EDGE ( 'NONE', *, *, #1274, .T. ) ;
#614 = VECTOR ( 'NONE', #262, 1000.000000000000000 ) ;
#615 = ORIENTED_EDGE ( 'NONE', *, *, #340, .T. ) ;
#616 = DIRECTION ( 'NONE',  ( 0.000000000000000000, 0.000000000000000000, 1.000000000000000000 ) ) ;
#617 = LINE ( 'NONE', #499, #60 ) ;
#618 = CARTESIAN_POINT ( 'NONE',  ( -3.000000000000001776, 3.000000000000000000, 6.000000000000000000 ) ) ;
#619 = ORIENTED_EDGE ( 'NONE', *, *, #1437, .F. ) ;
#620 = ORIENTED_EDGE ( 'NONE', *, *, #1156, .F. ) ;
#621 = EDGE_CURVE ( 'NONE', #153, #1337, #217, .T. ) ;
#622 = LINE ( 'NONE', #722, #822 ) ;
#623 = CARTESIAN_POINT ( 'NONE',  ( -4.000000000000001776, 3.000000000000000000, 10.00000000000000000 ) ) ;
#624 = VECTOR ( 'NONE', #1327, 1000.000000000000000 ) ;
#625 = DIRECTION ( 'NONE',  ( -1.000000000000000000, -0.000000000000000000, -0.000000000000000000 ) ) ;
#626 = AXIS2_PLACEMENT_3D ( 'NONE', #949, #388, #1205 ) ;
#627 = CARTESIAN_POINT ( 'NONE',  ( 0.000000000000000000, 0.000000000000000000, 15.00000000000000000 ) ) ;
#628 = AXIS2_PLACEMENT_3D ( 'NONE', #154, #392, #965 ) ;
#629 = FACE_OUTER_BOUND ( 'NONE', #982, .T. ) ;
#630 = ORIENTED_EDGE ( 'NONE', *, *, #1420, .T. ) ;
#631 = CARTESIAN_POINT ( 'NONE',  ( -2.450000000000000622, 0.000000000000000000, 13.00000000000000000 ) ) ;
#632 = EDGE_CURVE ( 'NONE', #1431, #810, #567, .T. ) ;
#633 = ORIENTED_EDGE ( 'NONE', *, *, #1111, .T. ) ;
#634 = ORIENTED_EDGE ( 'NONE', *, *, #151, .F. ) ;
#635 = APPLICATION_PROTOCOL_DEFINITION ( 'draft international standard', 'automotive_design', 1998, #420 ) ;
#636 = VECTOR ( 'NONE', #113, 1000.000000000000000 ) ;
#637 = DIRECTION ( 'NONE',  ( 0.000000000000000000, 0.000000000000000000, 1.000000000000000000 ) ) ;
#638 = EDGE_LOOP ( 'NONE', ( #506, #234, #1166, #568 ) ) ;
#639 = CARTESIAN_POINT ( 'NONE',  ( 3.000000000000000000, -3.000000000000000000, 6.000000000000000000 ) ) ;
#640 = PLANE ( 'NONE',  #750 ) ;
#641 = VERTEX_POINT ( 'NONE', #653 ) ;
#642 = ORIENTED_EDGE ( 'NONE', *, *, #714, .F. ) ;
#643 =( NAMED_UNIT ( * ) PLANE_ANGLE_UNIT ( ) SI_UNIT ( $, .RADIAN. ) );
#644 = DIRECTION ( 'NONE',  ( 1.000000000000000000, 0.000000000000000000, 0.000000000000000000 ) ) ;
#645 = ORIENTED_EDGE ( 'NONE', *, *, #492, .T. ) ;
#646 = AXIS2_PLACEMENT_3D ( 'NONE', #1463, #765, #1108 ) ;
#647 = LINE ( 'NONE', #1341, #1292 ) ;
#648 = EDGE_CURVE ( 'NONE', #1193, #1015, #783, .T. ) ;
#649 = CARTESIAN_POINT ( 'NONE',  ( -9.250000000000000000, -36.54886114323221591, 33.00000000000000711 ) ) ;
#650 = ORIENTED_EDGE ( 'NONE', *, *, #1374, .F. ) ;
#651 = FACE_OUTER_BOUND ( 'NONE', #742, .T. ) ;
#652 = CARTESIAN_POINT ( 'NONE',  ( 8.500000000000000000, 0.000000000000000000, 18.00000000000000000 ) ) ;
#653 = CARTESIAN_POINT ( 'NONE',  ( -4.000000000000001776, 3.000000000000000000, 6.000000000000000000 ) ) ;
#654 = CARTESIAN_POINT ( 'NONE',  ( 0.000000000000000000, 0.000000000000000000, 15.00000000000000000 ) ) ;
#655 = DIRECTION ( 'NONE',  ( 1.000000000000000000, 0.000000000000000000, -0.000000000000000000 ) ) ;
#656 = EDGE_LOOP ( 'NONE', ( #140, #1302, #924, #475 ) ) ;
#657 = ADVANCED_FACE ( 'NONE', ( #82 ), #903, .T. ) ;
#658 = CARTESIAN_POINT ( 'NONE',  ( -16.00000000000000000, 13.50000000000000355, 23.00000000000000000 ) ) ;
#659 = ADVANCED_FACE ( 'NONE', ( #1334 ), #329, .F. ) ;
#660 = DIRECTION ( 'NONE',  ( 1.000000000000000000, 0.000000000000000000, 0.000000000000000000 ) ) ;
#661 = LINE ( 'NONE', #1361, #1267 ) ;
#662 = CARTESIAN_POINT ( 'NONE',  ( -16.00000000000000000, -13.49999999999999822, 33.00000000000000000 ) ) ;
#663 = VECTOR ( 'NONE', #307, 1000.000000000000000 ) ;
#664 = AXIS2_PLACEMENT_3D ( 'NONE', #441, #1004, #1348 ) ;
#665 = AXIS2_PLACEMENT_3D ( 'NONE', #1023, #820, #690 ) ;
#666 = EDGE_LOOP ( 'NONE', ( #634, #694 ) ) ;
#667 = EDGE_CURVE ( 'NONE', #1131, #1323, #1114, .T. ) ;
#668 = DIRECTION ( 'NONE',  ( 1.000000000000000000, 0.000000000000000000, -0.000000000000000000 ) ) ;
#669 = EDGE_CURVE ( 'NONE', #532, #918, #476, .T. ) ;
#670 = DIRECTION ( 'NONE',  ( 1.000000000000000000, 0.000000000000000000, 0.000000000000000000 ) ) ;
#671 = ADVANCED_FACE ( 'NONE', ( #305 ), #776, .T. ) ;
#672 = DIRECTION ( 'NONE',  ( 1.000000000000000000, 0.000000000000000000, 0.000000000000000000 ) ) ;
#673 = CIRCLE ( 'NONE', #1177, 3.500000000000000000 ) ;
#674 = ORIENTED_EDGE ( 'NONE', *, *, #731, .F. ) ;
#675 = VERTEX_POINT ( 'NONE', #1120 ) ;
#676 = DIRECTION ( 'NONE',  ( -0.000000000000000000, -0.000000000000000000, -1.000000000000000000 ) ) ;
#677 = CARTESIAN_POINT ( 'NONE',  ( 2.999999999999999112, 4.000000000000000000, 10.00000000000000000 ) ) ;
#678 = CARTESIAN_POINT ( 'NONE',  ( 0.000000000000000000, 0.000000000000000000, 13.00000000000000000 ) ) ;
#679 = CARTESIAN_POINT ( 'NONE',  ( -9.249999999999998224, 13.50000000000000355, 31.50000000000000711 ) ) ;
#680 = ORIENTED_EDGE ( 'NONE', *, *, #710, .F. ) ;
#681 = EDGE_LOOP ( 'NONE', ( #1047, #1344 ) ) ;
#682 = CARTESIAN_POINT ( 'NONE',  ( 0.000000000000000000, 0.000000000000000000, 2.000000000000000000 ) ) ;
#683 = CARTESIAN_POINT ( 'NONE',  ( -4.000000000000001776, 4.000000000000000000, 6.000000000000000000 ) ) ;
#684 = VECTOR ( 'NONE', #807, 1000.000000000000000 ) ;
#685 = DIRECTION ( 'NONE',  ( 0.000000000000000000, -0.000000000000000000, 1.000000000000000000 ) ) ;
#686 = EDGE_CURVE ( 'NONE', #675, #1222, #1043, .T. ) ;
#687 = ORIENTED_EDGE ( 'NONE', *, *, #402, .T. ) ;
#688 = ORIENTED_EDGE ( 'NONE', *, *, #979, .T. ) ;
#689 = EDGE_CURVE ( 'NONE', #444, #102, #1446, .T. ) ;
#690 = DIRECTION ( 'NONE',  ( -1.000000000000000000, 0.000000000000000000, 0.000000000000000000 ) ) ;
#691 = DIRECTION ( 'NONE',  ( 0.000000000000000000, 0.000000000000000000, 1.000000000000000000 ) ) ;
#692 = DIRECTION ( 'NONE',  ( 0.000000000000000000, 0.000000000000000000, -1.000000000000000000 ) ) ;
#693 = LINE ( 'NONE', #43, #1359 ) ;
#694 = ORIENTED_EDGE ( 'NONE', *, *, #15, .F. ) ;
#695 = VECTOR ( 'NONE', #1439, 1000.000000000000000 ) ;
#696 = VERTEX_POINT ( 'NONE', #528 ) ;
#697 = FACE_OUTER_BOUND ( 'NONE', #226, .T. ) ;
#698 = VECTOR ( 'NONE', #616, 1000.000000000000000 ) ;
#699 = CARTESIAN_POINT ( 'NONE',  ( 0.000000000000000000, 0.000000000000000000, 23.00000000000000000 ) ) ;
#700 = DIRECTION ( 'NONE',  ( 0.000000000000000000, 0.000000000000000000, -1.000000000000000000 ) ) ;
#701 = DIRECTION ( 'NONE',  ( -2.168404344971008868E-16, 1.000000000000000000, 0.000000000000000000 ) ) ;
#702 = AXIS2_PLACEMENT_3D ( 'NONE', #353, #1150, #1286 ) ;
#703 = ORIENTED_EDGE ( 'NONE', *, *, #156, .F. ) ;
#704 = EDGE_LOOP ( 'NONE', ( #1165, #349, #240, #1212 ) ) ;
#705 = LINE ( 'NONE', #1139, #571 ) ;
#706 = LINE ( 'NONE', #461, #1465 ) ;
#707 = PLANE ( 'NONE',  #1058 ) ;
#708 = DIRECTION ( 'NONE',  ( 0.000000000000000000, -0.000000000000000000, 1.000000000000000000 ) ) ;
#709 = ORIENTED_EDGE ( 'NONE', *, *, #276, .T. ) ;
#710 = EDGE_CURVE ( 'NONE', #1222, #675, #332, .T. ) ;
#711 = ORIENTED_EDGE ( 'NONE', *, *, #187, .T. ) ;
#712 = AXIS2_PLACEMENT_3D ( 'NONE', #1326, #430, #540 ) ;
#713 = DIRECTION ( 'NONE',  ( 1.000000000000000000, 0.000000000000000000, -0.000000000000000000 ) ) ;
#714 = EDGE_CURVE ( 'NONE', #963, #1227, #1440, .T. ) ;
#715 = AXIS2_PLACEMENT_3D ( 'NONE', #1308, #277, #44 ) ;
#716 = EDGE_CURVE ( 'NONE', #331, #593, #1245, .T. ) ;
#717 = CIRCLE ( 'NONE', #1296, 2.450000000000000622 ) ;
#718 = LINE ( 'NONE', #1089, #181 ) ;
#719 = DIRECTION ( 'NONE',  ( -1.000000000000000000, 1.224646799147352961E-16, 0.000000000000000000 ) ) ;
#720 = ORIENTED_EDGE ( 'NONE', *, *, #1445, .F. ) ;
#721 = ORIENTED_EDGE ( 'NONE', *, *, #54, .T. ) ;
#722 = CARTESIAN_POINT ( 'NONE',  ( 3.999999999999999112, 4.000000000000000000, 6.000000000000000000 ) ) ;
#723 = LINE ( 'NONE', #1299, #105 ) ;
#724 = CARTESIAN_POINT ( 'NONE',  ( 3.000000000000000000, -4.000000000000000000, 6.000000000000000000 ) ) ;
#725 = FACE_OUTER_BOUND ( 'NONE', #200, .T. ) ;
#726 = DIRECTION ( 'NONE',  ( -1.000000000000000000, 0.000000000000000000, 0.000000000000000000 ) ) ;
#727 = AXIS2_PLACEMENT_3D ( 'NONE', #107, #1121, #764 ) ;
#728 = ORIENTED_EDGE ( 'NONE', *, *, #582, .T. ) ;
#729 = CARTESIAN_POINT ( 'NONE',  ( -2.450000000000000622, 0.000000000000000000, 0.000000000000000000 ) ) ;
#730 = DIRECTION ( 'NONE',  ( 1.000000000000000000, 0.000000000000000000, -0.000000000000000000 ) ) ;
#731 = EDGE_CURVE ( 'NONE', #532, #594, #647, .T. ) ;
#732 = ADVANCED_FACE ( 'NONE', ( #1233 ), #1218, .F. ) ;
#733 = ORIENTED_EDGE ( 'NONE', *, *, #996, .F. ) ;
#734 = EDGE_CURVE ( 'NONE', #929, #1421, #998, .T. ) ;
#735 = VERTEX_POINT ( 'NONE', #677 ) ;
#736 = PLANE ( 'NONE',  #1347 ) ;
#737 = ADVANCED_FACE ( 'NONE', ( #223 ), #1134, .T. ) ;
#738 = AXIS2_PLACEMENT_3D ( 'NONE', #246, #944, #808 ) ;
#739 = CARTESIAN_POINT ( 'NONE',  ( 2.450000000000000622, 3.000384657911016356E-16, 2.000000000000000000 ) ) ;
#740 = AXIS2_PLACEMENT_3D ( 'NONE', #933, #1284, #797 ) ;
#741 = ORIENTED_EDGE ( 'NONE', *, *, #716, .T. ) ;
#742 = EDGE_LOOP ( 'NONE', ( #265, #1036, #988, #1272 ) ) ;
#743 = DIRECTION ( 'NONE',  ( -1.084202172485504434E-16, 1.000000000000000000, -0.000000000000000000 ) ) ;
#744 = CARTESIAN_POINT ( 'NONE',  ( -2.450000000000000622, 0.000000000000000000, 15.00000000000000000 ) ) ;
#745 = AXIS2_PLACEMENT_3D ( 'NONE', #533, #422, #440 ) ;
#746 = LINE ( 'NONE', #394, #1070 ) ;
#747 = AXIS2_PLACEMENT_3D ( 'NONE', #42, #1404, #382 ) ;
#748 = CARTESIAN_POINT ( 'NONE',  ( 3.000000000000000000, -3.000000000000000000, 10.00000000000000000 ) ) ;
#749 = EDGE_LOOP ( 'NONE', ( #1283, #1396, #615, #1261 ) ) ;
#750 = AXIS2_PLACEMENT_3D ( 'NONE', #425, #547, #337 ) ;
#751 = DIRECTION ( 'NONE',  ( 0.000000000000000000, 0.000000000000000000, 1.000000000000000000 ) ) ;
#752 = DIRECTION ( 'NONE',  ( -0.000000000000000000, 0.000000000000000000, -1.000000000000000000 ) ) ;
#753 = ORIENTED_EDGE ( 'NONE', *, *, #56, .F. ) ;
#754 = FACE_OUTER_BOUND ( 'NONE', #1217, .T. ) ;
#755 = VERTEX_POINT ( 'NONE', #18 ) ;
#756 = ORIENTED_EDGE ( 'NONE', *, *, #1354, .T. ) ;
#757 = EDGE_CURVE ( 'NONE', #473, #259, #231, .T. ) ;
#758 = CARTESIAN_POINT ( 'NONE',  ( 0.000000000000000000, 0.000000000000000000, 10.00000000000000000 ) ) ;
#759 = ORIENTED_EDGE ( 'NONE', *, *, #208, .T. ) ;
#760 = VECTOR ( 'NONE', #271, 1000.000000000000000 ) ;
#761 = CARTESIAN_POINT ( 'NONE',  ( 0.000000000000000000, 0.000000000000000000, 2.000000000000000000 ) ) ;
#762 = VECTOR ( 'NONE', #1387, 1000.000000000000000 ) ;
#763 = VECTOR ( 'NONE', #433, 1000.000000000000000 ) ;
#764 = DIRECTION ( 'NONE',  ( 1.000000000000000000, 0.000000000000000000, 0.000000000000000000 ) ) ;
#765 = DIRECTION ( 'NONE',  ( 0.000000000000000000, 0.000000000000000000, 1.000000000000000000 ) ) ;
#766 = ORIENTED_EDGE ( 'NONE', *, *, #250, .F. ) ;
#767 = SHAPE_DEFINITION_REPRESENTATION ( #1187, #222 ) ;
#768 = CARTESIAN_POINT ( 'NONE',  ( 0.000000000000000000, 0.000000000000000000, 33.00000000000000000 ) ) ;
#769 = CIRCLE ( 'NONE', #1300, 3.500000000000000000 ) ;
#770 = CARTESIAN_POINT ( 'NONE',  ( 3.000000000000000000, -4.000000000000000000, 10.00000000000000000 ) ) ;
#771 = CIRCLE ( 'NONE', #1079, 4.999999999999999112 ) ;
#772 = PLANE ( 'NONE',  #85 ) ;
#773 = VECTOR ( 'NONE', #1320, 1000.000000000000000 ) ;
#774 = ORIENTED_EDGE ( 'NONE', *, *, #1339, .T. ) ;
#775 = LINE ( 'NONE', #1112, #695 ) ;
#776 = CYLINDRICAL_SURFACE ( 'NONE', #906, 2.450000000000000622 ) ;
#777 = FACE_OUTER_BOUND ( 'NONE', #901, .T. ) ;
#778 = DIRECTION ( 'NONE',  ( 0.000000000000000000, 0.000000000000000000, 1.000000000000000000 ) ) ;
#779 = EDGE_CURVE ( 'NONE', #810, #410, #706, .T. ) ;
#780 = ORIENTED_EDGE ( 'NONE', *, *, #372, .T. ) ;
#781 = EDGE_CURVE ( 'NONE', #248, #29, #1168, .T. ) ;
#782 = FACE_OUTER_BOUND ( 'NONE', #1173, .T. ) ;
#783 = CIRCLE ( 'NONE', #146, 1.500000000000000000 ) ;
#784 = DIRECTION ( 'NONE',  ( -1.000000000000000000, 0.000000000000000000, 0.000000000000000000 ) ) ;
#785 = VECTOR ( 'NONE', #191, 1000.000000000000000 ) ;
#786 = DIRECTION ( 'NONE',  ( -0.000000000000000000, 0.000000000000000000, 1.000000000000000000 ) ) ;
#787 = AXIS2_PLACEMENT_3D ( 'NONE', #1026, #1400, #701 ) ;
#788 = VERTEX_POINT ( 'NONE', #590 ) ;
#789 = ORIENTED_EDGE ( 'NONE', *, *, #37, .F. ) ;
#790 = FACE_OUTER_BOUND ( 'NONE', #397, .T. ) ;
#791 = CARTESIAN_POINT ( 'NONE',  ( -16.00000000000000000, -13.49999999999999822, 33.00000000000000000 ) ) ;
#792 = CARTESIAN_POINT ( 'NONE',  ( -3.500000000000000000, 0.000000000000000000, 0.000000000000000000 ) ) ;
#793 = PLANE ( 'NONE',  #1027 ) ;
#794 = VECTOR ( 'NONE', #426, 1000.000000000000000 ) ;
#795 = ORIENTED_EDGE ( 'NONE', *, *, #885, .F. ) ;
#796 = ORIENTED_EDGE ( 'NONE', *, *, #648, .F. ) ;
#797 = DIRECTION ( 'NONE',  ( 1.000000000000000000, 0.000000000000000000, -0.000000000000000000 ) ) ;
#798 = ADVANCED_FACE ( 'NONE', ( #1031 ), #564, .F. ) ;
#799 = DIRECTION ( 'NONE',  ( -0.000000000000000000, 0.000000000000000000, 1.000000000000000000 ) ) ;
#800 = CARTESIAN_POINT ( 'NONE',  ( -11.25000000000000000, -7.500000000000000000, 28.00000000000001421 ) ) ;
#801 = LINE ( 'NONE', #1260, #1046 ) ;
#802 = AXIS2_PLACEMENT_3D ( 'NONE', #598, #583, #245 ) ;
#803 = ORIENTED_EDGE ( 'NONE', *, *, #689, .F. ) ;
#804 = ORIENTED_EDGE ( 'NONE', *, *, #669, .T. ) ;
#805 = CARTESIAN_POINT ( 'NONE',  ( 0.000000000000000000, 0.000000000000000000, 11.00000000000000000 ) ) ;
#806 = EDGE_CURVE ( 'NONE', #735, #1319, #1024, .T. ) ;
#807 = DIRECTION ( 'NONE',  ( -1.000000000000000000, -0.000000000000000000, -0.000000000000000000 ) ) ;
#808 = DIRECTION ( 'NONE',  ( 1.000000000000000000, 0.000000000000000000, 0.000000000000000000 ) ) ;
#809 = AXIS2_PLACEMENT_3D ( 'NONE', #546, #535, #784 ) ;
#810 = VERTEX_POINT ( 'NONE', #1285 ) ;
#811 = AXIS2_PLACEMENT_3D ( 'NONE', #654, #197, #442 ) ;
#812 = VERTEX_POINT ( 'NONE', #814 ) ;
#813 = DIRECTION ( 'NONE',  ( -0.000000000000000000, -0.000000000000000000, -1.000000000000000000 ) ) ;
#814 = CARTESIAN_POINT ( 'NONE',  ( -4.999999999999999112, 6.123233995736765296E-16, 10.00000000000000000 ) ) ;
#815 = DIRECTION ( 'NONE',  ( -1.000000000000000000, 0.000000000000000000, 0.000000000000000000 ) ) ;
#816 = DIRECTION ( 'NONE',  ( 1.224646799147353207E-16, 1.000000000000000000, 0.000000000000000000 ) ) ;
#817 = ORIENTED_EDGE ( 'NONE', *, *, #1020, .F. ) ;
#818 = AXIS2_PLACEMENT_3D ( 'NONE', #328, #895, #1214 ) ;
#819 = CIRCLE ( 'NONE', #502, 3.500000000000000000 ) ;
#820 = DIRECTION ( 'NONE',  ( -0.000000000000000000, -0.000000000000000000, -1.000000000000000000 ) ) ;
#821 = EDGE_CURVE ( 'NONE', #1319, #735, #472, .T. ) ;
#822 = VECTOR ( 'NONE', #743, 1000.000000000000000 ) ;
#823 = DIRECTION ( 'NONE',  ( -0.000000000000000000, 0.000000000000000000, 1.000000000000000000 ) ) ;
#824 = DIRECTION ( 'NONE',  ( -0.000000000000000000, -0.000000000000000000, -1.000000000000000000 ) ) ;
#825 = DIRECTION ( 'NONE',  ( -0.000000000000000000, -0.000000000000000000, -1.000000000000000000 ) ) ;
#826 = COLOUR_RGB ( '',0.7921568627450980005, 0.8196078431372548767, 0.9333333333333333481 ) ;
#827 = ADVANCED_FACE ( 'NONE', ( #237, #1368 ), #147, .F. ) ;
#828 = VECTOR ( 'NONE', #66, 1000.000000000000000 ) ;
#829 = ORIENTED_EDGE ( 'NONE', *, *, #144, .T. ) ;
#830 = EDGE_CURVE ( 'NONE', #1323, #482, #597, .T. ) ;
#831 = ADVANCED_FACE ( 'NONE', ( #942 ), #1141, .T. ) ;
#832 = ORIENTED_EDGE ( 'NONE', *, *, #421, .T. ) ;
#833 = LINE ( 'NONE', #280, #62 ) ;
#834 = DIRECTION ( 'NONE',  ( -0.000000000000000000, 1.000000000000000000, -0.000000000000000000 ) ) ;
#835 = DIRECTION ( 'NONE',  ( 0.000000000000000000, 0.000000000000000000, 1.000000000000000000 ) ) ;
#836 = ORIENTED_EDGE ( 'NONE', *, *, #686, .T. ) ;
#837 = ORIENTED_EDGE ( 'NONE', *, *, #30, .T. ) ;
#838 = AXIS2_PLACEMENT_3D ( 'NONE', #627, #1083, #860 ) ;
#839 = FACE_BOUND ( 'NONE', #1186, .T. ) ;
#840 = CARTESIAN_POINT ( 'NONE',  ( 0.000000000000000000, 0.000000000000000000, 10.00000000000000000 ) ) ;
#841 = PLANE ( 'NONE',  #1330 ) ;
#842 = ORIENTED_EDGE ( 'NONE', *, *, #289, .F. ) ;
#843 = ORIENTED_EDGE ( 'NONE', *, *, #230, .F. ) ;
#844 = AXIS2_PLACEMENT_3D ( 'NONE', #1085, #1425, #185 ) ;
#845 = CARTESIAN_POINT ( 'NONE',  ( 3.500000000000000000, 4.286263797015736595E-16, 13.00000000000000000 ) ) ;
#846 = CARTESIAN_POINT ( 'NONE',  ( -4.000000000000000000, -3.000000000000000888, 10.00000000000000000 ) ) ;
#847 = EDGE_CURVE ( 'NONE', #102, #849, #934, .T. ) ;
#848 = CARTESIAN_POINT ( 'NONE',  ( -9.250000000000000000, 13.50000000000000355, 33.00000000000000711 ) ) ;
#849 = VERTEX_POINT ( 'NONE', #243 ) ;
#850 = EDGE_CURVE ( 'NONE', #486, #364, #355, .T. ) ;
#851 = ORIENTED_EDGE ( 'NONE', *, *, #402, .F. ) ;
#852 = CARTESIAN_POINT ( 'NONE',  ( 4.999999999999999112, 0.000000000000000000, -4.142135623730947458 ) ) ;
#853 = DIRECTION ( 'NONE',  ( -0.000000000000000000, -1.000000000000000000, -0.000000000000000000 ) ) ;
#854 = CARTESIAN_POINT ( 'NONE',  ( 0.000000000000000000, 0.000000000000000000, 0.000000000000000000 ) ) ;
#855 = ORIENTED_EDGE ( 'NONE', *, *, #995, .T. ) ;
#856 = DIRECTION ( 'NONE',  ( -0.000000000000000000, 0.000000000000000000, 1.000000000000000000 ) ) ;
#857 = AXIS2_PLACEMENT_3D ( 'NONE', #1220, #751, #1228 ) ;
#858 = DIRECTION ( 'NONE',  ( 0.000000000000000000, 0.000000000000000000, 1.000000000000000000 ) ) ;
#859 = AXIS2_PLACEMENT_3D ( 'NONE', #1275, #676, #467 ) ;
#860 = DIRECTION ( 'NONE',  ( -1.000000000000000000, 0.000000000000000000, 0.000000000000000000 ) ) ;
#861 = VERTEX_POINT ( 'NONE', #3 ) ;
#862 = EDGE_LOOP ( 'NONE', ( #642, #118, #1247, #971 ) ) ;
#863 = TOROIDAL_SURFACE ( 'NONE', #365, 8.500000000000000000, 5.000000000000000000 ) ;
#864 = DIRECTION ( 'NONE',  ( 1.000000000000000000, 0.000000000000000000, -3.469446951953611033E-15 ) ) ;
#865 = EDGE_LOOP ( 'NONE', ( #1356, #418, #310, #703 ) ) ;
#866 = LINE ( 'NONE', #612, #120 ) ;
#867 = CARTESIAN_POINT ( 'NONE',  ( 3.000000000000000000, -4.000000000000000000, 10.00000000000000000 ) ) ;
#868 = EDGE_LOOP ( 'NONE', ( #80, #31, #870, #1054 ) ) ;
#869 = ADVANCED_FACE ( 'NONE', ( #368 ), #455, .T. ) ;
#870 = ORIENTED_EDGE ( 'NONE', *, *, #7, .F. ) ;
#871 = DIRECTION ( 'NONE',  ( 1.000000000000000000, 0.000000000000000000, 0.000000000000000000 ) ) ;
#872 = ORIENTED_EDGE ( 'NONE', *, *, #886, .F. ) ;
#873 = CARTESIAN_POINT ( 'NONE',  ( 2.450000000000000622, 3.000384657911016356E-16, 2.000000000000000000 ) ) ;
#874 = DIRECTION ( 'NONE',  ( -0.000000000000000000, 0.000000000000000000, 1.000000000000000000 ) ) ;
#875 = DIRECTION ( 'NONE',  ( 0.000000000000000000, 0.000000000000000000, -1.000000000000000000 ) ) ;
#876 = VERTEX_POINT ( 'NONE', #1149 ) ;
#877 = FACE_OUTER_BOUND ( 'NONE', #167, .T. ) ;
#878 = ADVANCED_FACE ( 'NONE', ( #127, #926 ), #581, .F. ) ;
#879 = AXIS2_PLACEMENT_3D ( 'NONE', #1460, #813, #1257 ) ;
#880 = CARTESIAN_POINT ( 'NONE',  ( 0.000000000000000000, 0.000000000000000000, 13.00000000000000000 ) ) ;
#881 = CARTESIAN_POINT ( 'NONE',  ( 3.500000000000000000, 4.286263797015736595E-16, 11.00000000000000000 ) ) ;
#882 = EDGE_LOOP ( 'NONE', ( #789, #534 ) ) ;
#883 =( NAMED_UNIT ( * ) SI_UNIT ( $, .STERADIAN. ) SOLID_ANGLE_UNIT ( ) );
#884 = CARTESIAN_POINT ( 'NONE',  ( -11.25000000000000000, -7.500000000000000000, 28.00000000000001421 ) ) ;
#885 = EDGE_CURVE ( 'NONE', #459, #641, #1073, .T. ) ;
#886 = EDGE_CURVE ( 'NONE', #410, #124, #71, .T. ) ;
#887 = DIRECTION ( 'NONE',  ( 0.000000000000000000, 0.000000000000000000, 1.000000000000000000 ) ) ;
#888 = EDGE_CURVE ( 'NONE', #219, #444, #723, .T. ) ;
#889 = DIRECTION ( 'NONE',  ( -0.000000000000000000, -0.000000000000000000, 1.000000000000000000 ) ) ;
#890 = CIRCLE ( 'NONE', #318, 4.999999999999999112 ) ;
#891 = DIRECTION ( 'NONE',  ( 1.000000000000000000, 0.000000000000000000, 0.000000000000000000 ) ) ;
#892 = CIRCLE ( 'NONE', #131, 4.999999999999999112 ) ;
#893 = EDGE_LOOP ( 'NONE', ( #680, #235, #855, #817 ) ) ;
#894 = AXIS2_PLACEMENT_3D ( 'NONE', #256, #1143, #1032 ) ;
#895 = DIRECTION ( 'NONE',  ( 0.000000000000000000, -0.000000000000000000, -1.000000000000000000 ) ) ;
#896 = CIRCLE ( 'NONE', #415, 8.500000000000000000 ) ;
#897 = DIRECTION ( 'NONE',  ( 0.000000000000000000, 0.000000000000000000, 1.000000000000000000 ) ) ;
#898 = CARTESIAN_POINT ( 'NONE',  ( -11.25000000000000000, 13.50000000000000355, 28.00000000000001421 ) ) ;
#899 = DIRECTION ( 'NONE',  ( -0.000000000000000000, 1.000000000000000000, -0.000000000000000000 ) ) ;
#900 = ORIENTED_EDGE ( 'NONE', *, *, #1374, .T. ) ;
#901 = EDGE_LOOP ( 'NONE', ( #497, #711, #937, #741 ) ) ;
#902 = CARTESIAN_POINT ( 'NONE',  ( 2.450000000000000622, 3.000384657911016356E-16, 0.000000000000000000 ) ) ;
#903 = TOROIDAL_SURFACE ( 'NONE', #809, 1.500000000000000000, 2.000000000000000000 ) ;
#904 = CARTESIAN_POINT ( 'NONE',  ( 0.000000000000000000, 0.000000000000000000, -2.000000000000000000 ) ) ;
#905 = AXIS2_PLACEMENT_3D ( 'NONE', #138, #1042, #1287 ) ;
#906 = AXIS2_PLACEMENT_3D ( 'NONE', #761, #1126, #557 ) ;
#907 = LINE ( 'NONE', #330, #794 ) ;
#908 = CIRCLE ( 'NONE', #738, 2.450000000000000622 ) ;
#909 = EDGE_LOOP ( 'NONE', ( #527, #1 ) ) ;
#910 = ORIENTED_EDGE ( 'NONE', *, *, #983, .T. ) ;
#911 = DIRECTION ( 'NONE',  ( -0.000000000000000000, 1.000000000000000000, -0.000000000000000000 ) ) ;
#912 = DIRECTION ( 'NONE',  ( -0.000000000000000000, 0.000000000000000000, 1.000000000000000000 ) ) ;
#913 = FACE_OUTER_BOUND ( 'NONE', #45, .T. ) ;
#914 = FACE_OUTER_BOUND ( 'NONE', #862, .T. ) ;
#915 = CIRCLE ( 'NONE', #646, 3.500000000000000000 ) ;
#916 = EDGE_LOOP ( 'NONE', ( #160, #273, #77, #1053, #304, #46, #753, #1325, #193, #1092, #1101, #1281 ) ) ;
#917 = EDGE_CURVE ( 'NONE', #849, #482, #718, .T. ) ;
#918 = VERTEX_POINT ( 'NONE', #1175 ) ;
#919 = DIRECTION ( 'NONE',  ( -1.000000000000000000, 0.000000000000000000, 0.000000000000000000 ) ) ;
#920 = DIRECTION ( 'NONE',  ( 1.000000000000000000, 0.000000000000000000, 0.000000000000000000 ) ) ;
#921 = CARTESIAN_POINT ( 'NONE',  ( 16.00000000000000000, -13.49999999999999822, 23.00000000000000000 ) ) ;
#922 = DIRECTION ( 'NONE',  ( 0.000000000000000000, 1.000000000000000000, 0.000000000000000000 ) ) ;
#923 = VERTEX_POINT ( 'NONE', #631 ) ;
#924 = ORIENTED_EDGE ( 'NONE', *, *, #621, .T. ) ;
#925 = FACE_OUTER_BOUND ( 'NONE', #1331, .T. ) ;
#926 = FACE_OUTER_BOUND ( 'NONE', #704, .T. ) ;
#927 = FACE_OUTER_BOUND ( 'NONE', #228, .T. ) ;
#928 = CARTESIAN_POINT ( 'NONE',  ( -3.000000000000000000, -3.000000000000000000, 6.000000000000000000 ) ) ;
#929 = VERTEX_POINT ( 'NONE', #1305 ) ;
#930 = VECTOR ( 'NONE', #968, 1000.000000000000000 ) ;
#931 = VERTEX_POINT ( 'NONE', #846 ) ;
#932 = VECTOR ( 'NONE', #911, 1000.000000000000000 ) ;
#933 = CARTESIAN_POINT ( 'NONE',  ( 0.000000000000000000, 0.000000000000000000, 2.000000000000000000 ) ) ;
#934 = LINE ( 'NONE', #1398, #170 ) ;
#935 = DIRECTION ( 'NONE',  ( 0.000000000000000000, 0.000000000000000000, -1.000000000000000000 ) ) ;
#936 = EDGE_CURVE ( 'NONE', #74, #86, #1280, .T. ) ;
#937 = ORIENTED_EDGE ( 'NONE', *, *, #81, .T. ) ;
#938 = ADVANCED_FACE ( 'NONE', ( #275 ), #393, .F. ) ;
#939 = AXIS2_PLACEMENT_3D ( 'NONE', #652, #1428, #413 ) ;
#940 = EDGE_LOOP ( 'NONE', ( #843, #258 ) ) ;
#941 = FACE_OUTER_BOUND ( 'NONE', #916, .T. ) ;
#942 = FACE_OUTER_BOUND ( 'NONE', #339, .T. ) ;
#943 = CARTESIAN_POINT ( 'NONE',  ( -4.999999999999999112, 6.123233995736765296E-16, 11.00000000000000000 ) ) ;
#944 = DIRECTION ( 'NONE',  ( 0.000000000000000000, 0.000000000000000000, 1.000000000000000000 ) ) ;
#945 = VECTOR ( 'NONE', #824, 1000.000000000000000 ) ;
#946 = ORIENTED_EDGE ( 'NONE', *, *, #320, .T. ) ;
#947 = ORIENTED_EDGE ( 'NONE', *, *, #7, .T. ) ;
#948 = DIRECTION ( 'NONE',  ( 0.000000000000000000, -0.000000000000000000, -1.000000000000000000 ) ) ;
#949 = CARTESIAN_POINT ( 'NONE',  ( 0.000000000000000000, 0.000000000000000000, 13.00000000000000000 ) ) ;
#950 = EDGE_LOOP ( 'NONE', ( #165, #756, #633, #609 ) ) ;
#951 = CIRCLE ( 'NONE', #308, 1.000000000000000000 ) ;
#952 = ORIENTED_EDGE ( 'NONE', *, *, #757, .F. ) ;
#953 = EDGE_CURVE ( 'NONE', #405, #1193, #552, .T. ) ;
#954 = CARTESIAN_POINT ( 'NONE',  ( 0.000000000000000000, 0.000000000000000000, 10.00000000000000000 ) ) ;
#955 = PLANE ( 'NONE',  #1346 ) ;
#956 = EDGE_CURVE ( 'NONE', #812, #459, #771, .T. ) ;
#957 = EDGE_LOOP ( 'NONE', ( #390, #411, #1464, #687 ) ) ;
#958 = ORIENTED_EDGE ( 'NONE', *, *, #509, .T. ) ;
#959 = DIRECTION ( 'NONE',  ( 1.000000000000000000, 0.000000000000000000, 0.000000000000000000 ) ) ;
#960 = VECTOR ( 'NONE', #1423, 1000.000000000000000 ) ;
#961 = CARTESIAN_POINT ( 'NONE',  ( 3.999999999999999112, 4.000000000000000000, 10.00000000000000000 ) ) ;
#962 = CARTESIAN_POINT ( 'NONE',  ( -16.00000000000000000, 13.50000000000000355, 23.00000000000000000 ) ) ;
#963 = VERTEX_POINT ( 'NONE', #739 ) ;
#964 = VERTEX_POINT ( 'NONE', #1321 ) ;
#965 = DIRECTION ( 'NONE',  ( 1.000000000000000000, 0.000000000000000000, 0.000000000000000000 ) ) ;
#966 = DIRECTION ( 'NONE',  ( -1.000000000000000000, -0.000000000000000000, -0.000000000000000000 ) ) ;
#967 = DIRECTION ( 'NONE',  ( -1.224646799147353207E-16, 1.000000000000000000, 0.000000000000000000 ) ) ;
#968 = DIRECTION ( 'NONE',  ( 0.000000000000000000, 0.000000000000000000, -1.000000000000000000 ) ) ;
#969 = EDGE_LOOP ( 'NONE', ( #1249, #1138 ) ) ;
#970 = AXIS2_PLACEMENT_3D ( 'NONE', #1161, #136, #1385 ) ;
#971 = ORIENTED_EDGE ( 'NONE', *, *, #230, .T. ) ;
#972 = VECTOR ( 'NONE', #685, 1000.000000000000000 ) ;
#973 = DIRECTION ( 'NONE',  ( -0.000000000000000000, -0.000000000000000000, -1.000000000000000000 ) ) ;
#974 = CARTESIAN_POINT ( 'NONE',  ( -4.000000000000001776, 4.000000000000000000, 6.000000000000000000 ) ) ;
#975 = EDGE_CURVE ( 'NONE', #473, #1029, #399, .T. ) ;
#976 = ADVANCED_FACE ( 'NONE', ( #605 ), #955, .F. ) ;
#977 = ORIENTED_EDGE ( 'NONE', *, *, #1113, .F. ) ;
#978 = EDGE_LOOP ( 'NONE', ( #600, #116, #958, #363 ) ) ;
#979 = EDGE_CURVE ( 'NONE', #788, #1459, #1080, .T. ) ;
#980 = PLANE ( 'NONE',  #293 ) ;
#981 = UNCERTAINTY_MEASURE_WITH_UNIT (LENGTH_MEASURE( 1.000000000000000082E-05 ), #345, 'distance_accuracy_value', 'NONE');
#982 = EDGE_LOOP ( 'NONE', ( #272, #759, #465, #134, #1288, #1087, #373, #1381 ) ) ;
#983 = EDGE_CURVE ( 'NONE', #459, #1319, #890, .T. ) ;
#984 = DIRECTION ( 'NONE',  ( -0.000000000000000000, 0.000000000000000000, 1.000000000000000000 ) ) ;
#985 = CARTESIAN_POINT ( 'NONE',  ( -3.000000000000000000, -3.000000000000000000, 10.00000000000000000 ) ) ;
#986 = EDGE_LOOP ( 'NONE', ( #205, #1310, #404, #1333 ) ) ;
#987 = DIRECTION ( 'NONE',  ( 0.000000000000000000, -0.000000000000000000, -1.000000000000000000 ) ) ;
#988 = ORIENTED_EDGE ( 'NONE', *, *, #1164, .F. ) ;
#989 = DIRECTION ( 'NONE',  ( 1.000000000000000000, 0.000000000000000000, 0.000000000000000000 ) ) ;
#990 = DIRECTION ( 'NONE',  ( 0.000000000000000000, -0.000000000000000000, -1.000000000000000000 ) ) ;
#991 = AXIS2_PLACEMENT_3D ( 'NONE', #344, #799, #1258 ) ;
#992 = ORIENTED_EDGE ( 'NONE', *, *, #133, .T. ) ;
#993 =( LENGTH_UNIT ( ) NAMED_UNIT ( * ) SI_UNIT ( .MILLI., .METRE. ) );
#994 = AXIS2_PLACEMENT_3D ( 'NONE', #1238, #209, #660 ) ;
#995 = EDGE_CURVE ( 'NONE', #876, #923, #1153, .T. ) ;
#996 = EDGE_CURVE ( 'NONE', #594, #1106, #819, .T. ) ;
#997 = PLANE ( 'NONE',  #1005 ) ;
#998 = LINE ( 'NONE', #99, #636 ) ;
#999 = LINE ( 'NONE', #649, #1104 ) ;
#1000 = EDGE_CURVE ( 'NONE', #86, #964, #617, .T. ) ;
#1001 = ORIENTED_EDGE ( 'NONE', *, *, #446, .T. ) ;
#1002 = LINE ( 'NONE', #884, #624 ) ;
#1003 = VECTOR ( 'NONE', #224, 1000.000000000000000 ) ;
#1004 = DIRECTION ( 'NONE',  ( -0.000000000000000000, -0.000000000000000000, -1.000000000000000000 ) ) ;
#1005 = AXIS2_PLACEMENT_3D ( 'NONE', #758, #312, #644 ) ;
#1006 = DIRECTION ( 'NONE',  ( -0.000000000000000000, -0.000000000000000000, -1.000000000000000000 ) ) ;
#1007 = DIRECTION ( 'NONE',  ( -0.000000000000000000, 1.000000000000000000, -0.000000000000000000 ) ) ;
#1008 = CIRCLE ( 'NONE', #1206, 3.500000000000000000 ) ;
#1009 = EDGE_LOOP ( 'NONE', ( #1401, #173, #266, #1294, #1438, #195, #220, #295 ) ) ;
#1010 = DIRECTION ( 'NONE',  ( 1.000000000000000000, 0.000000000000000000, -1.156482317317870542E-15 ) ) ;
#1011 = DIRECTION ( 'NONE',  ( -1.000000000000000000, 0.000000000000000000, 0.000000000000000000 ) ) ;
#1012 = LINE ( 'NONE', #100, #91 ) ;
#1013 = CARTESIAN_POINT ( 'NONE',  ( 0.000000000000000000, 0.000000000000000000, 23.00000000000000000 ) ) ;
#1014 = ORIENTED_EDGE ( 'NONE', *, *, #1364, .F. ) ;
#1015 = VERTEX_POINT ( 'NONE', #1312 ) ;
#1016 = DIRECTION ( 'NONE',  ( 0.000000000000000000, 0.000000000000000000, 1.000000000000000000 ) ) ;
#1017 = CARTESIAN_POINT ( 'NONE',  ( -16.00000000000000000, -13.49999999999999822, 23.00000000000000000 ) ) ;
#1018 = PLANE ( 'NONE',  #227 ) ;
#1019 = DIRECTION ( 'NONE',  ( -1.000000000000000000, 0.000000000000000000, 0.000000000000000000 ) ) ;
#1020 = EDGE_CURVE ( 'NONE', #675, #923, #64, .T. ) ;
#1021 = EDGE_LOOP ( 'NONE', ( #992, #1432, #1256, #1379, #1297, #1309, #61, #1200 ) ) ;
#1022 = EDGE_LOOP ( 'NONE', ( #458, #952, #13, #391, #977, #334, #650, #292 ) ) ;
#1023 = CARTESIAN_POINT ( 'NONE',  ( 0.000000000000000000, 0.000000000000000000, 13.00000000000000000 ) ) ;
#1024 = LINE ( 'NONE', #358, #684 ) ;
#1025 = DIRECTION ( 'NONE',  ( -1.000000000000000000, 0.000000000000000000, -0.000000000000000000 ) ) ;
#1026 = CARTESIAN_POINT ( 'NONE',  ( -4.000000000000001776, 4.000000000000000000, 10.00000000000000000 ) ) ;
#1027 = AXIS2_PLACEMENT_3D ( 'NONE', #101, #1442, #990 ) ;
#1028 = ORIENTED_EDGE ( 'NONE', *, *, #296, .T. ) ;
#1029 = VERTEX_POINT ( 'NONE', #1291 ) ;
#1030 = CYLINDRICAL_SURFACE ( 'NONE', #150, 1.000000000000000000 ) ;
#1031 = FACE_OUTER_BOUND ( 'NONE', #957, .T. ) ;
#1032 = DIRECTION ( 'NONE',  ( 1.000000000000000000, 0.000000000000000000, 0.000000000000000000 ) ) ;
#1033 = CARTESIAN_POINT ( 'NONE',  ( -9.250000000000000000, 13.50000000000000355, 33.00000000000000711 ) ) ;
#1034 = EDGE_CURVE ( 'NONE', #735, #1459, #1395, .T. ) ;
#1035 = VERTEX_POINT ( 'NONE', #1231 ) ;
#1036 = ORIENTED_EDGE ( 'NONE', *, *, #490, .F. ) ;
#1037 = EDGE_CURVE ( 'NONE', #248, #755, #1077, .T. ) ;
#1038 = DIRECTION ( 'NONE',  ( 1.156482317317870542E-15, 0.000000000000000000, -1.000000000000000000 ) ) ;
#1039 = ADVANCED_FACE ( 'NONE', ( #877 ), #997, .T. ) ;
#1040 = CARTESIAN_POINT ( 'NONE',  ( 0.000000000000000000, 0.000000000000000000, 10.00000000000000000 ) ) ;
#1041 =( NAMED_UNIT ( * ) PLANE_ANGLE_UNIT ( ) SI_UNIT ( $, .RADIAN. ) );
#1042 = DIRECTION ( 'NONE',  ( -0.000000000000000000, -0.000000000000000000, -1.000000000000000000 ) ) ;
#1043 = CIRCLE ( 'NONE', #1243, 2.450000000000000622 ) ;
#1044 = PRODUCT_DEFINITION_FORMATION_WITH_SPECIFIED_SOURCE ( 'ANY', '', #1062, .NOT_KNOWN. ) ;
#1045 = ORIENTED_EDGE ( 'NONE', *, *, #686, .F. ) ;
#1046 = VECTOR ( 'NONE', #935, 1000.000000000000000 ) ;
#1047 = ORIENTED_EDGE ( 'NONE', *, *, #1364, .T. ) ;
#1048 = DIRECTION ( 'NONE',  ( -1.000000000000000000, 0.000000000000000000, 0.000000000000000000 ) ) ;
#1049 = DIRECTION ( 'NONE',  ( 1.000000000000000000, 1.776356839400250465E-15, 0.000000000000000000 ) ) ;
#1050 = DIRECTION ( 'NONE',  ( -1.000000000000000000, 0.000000000000000000, -0.000000000000000000 ) ) ;
#1051 = DIRECTION ( 'NONE',  ( 1.000000000000000000, 0.000000000000000000, 0.000000000000000000 ) ) ;
#1052 = CLOSED_SHELL ( 'NONE', ( #362, #1248, #732, #1199, #1452, #671, #657, #34, #1314, #427, #659, #1315, #1402, #1154, #474, #531, #827, #313, #1208, #604, #1417, #537, #403, #514, #737, #164, #14, #869, #58, #72, #831, #1266, #1039, #1229, #511, #206, #1306, #253, #938, #587, #468, #1088, #976, #1084, #1349, #1183, #798, #1458, #878, #142, #1223, #93, #556 ) ) ;
#1053 = ORIENTED_EDGE ( 'NONE', *, *, #446, .F. ) ;
#1054 = ORIENTED_EDGE ( 'NONE', *, *, #885, .T. ) ;
#1055 = FACE_OUTER_BOUND ( 'NONE', #189, .T. ) ;
#1056 = DIRECTION ( 'NONE',  ( -1.000000000000000000, 0.000000000000000000, -1.156482317317870542E-15 ) ) ;
#1057 = DIRECTION ( 'NONE',  ( -0.000000000000000000, -0.000000000000000000, 1.000000000000000000 ) ) ;
#1058 = AXIS2_PLACEMENT_3D ( 'NONE', #1259, #1050, #1268 ) ;
#1059 = CYLINDRICAL_SURFACE ( 'NONE', #664, 3.500000000000000000 ) ;
#1060 = VECTOR ( 'NONE', #1313, 1000.000000000000000 ) ;
#1061 = EDGE_LOOP ( 'NONE', ( #110, #579, #1014, #720, #544, #1171, #1147, #1076 ) ) ;
#1062 = PRODUCT ( 'P001-B119_BobbinDriveShaft-3', 'P001-B119_BobbinDriveShaft-3', '', ( #1213 ) ) ;
#1063 = ORIENTED_EDGE ( 'NONE', *, *, #187, .F. ) ;
#1064 = LINE ( 'NONE', #287, #773 ) ;
#1065 = DIRECTION ( 'NONE',  ( -0.000000000000000000, 0.000000000000000000, -1.000000000000000000 ) ) ;
#1066 = DIRECTION ( 'NONE',  ( -0.000000000000000000, 0.000000000000000000, 1.000000000000000000 ) ) ;
#1067 = AXIS2_PLACEMENT_3D ( 'NONE', #1040, #25, #1049 ) ;
#1068 = DIRECTION ( 'NONE',  ( -0.000000000000000000, 0.000000000000000000, 1.000000000000000000 ) ) ;
#1069 = EDGE_CURVE ( 'NONE', #1427, #86, #436, .T. ) ;
#1070 = VECTOR ( 'NONE', #1082, 1000.000000000000000 ) ;
#1071 = ORIENTED_EDGE ( 'NONE', *, *, #361, .F. ) ;
#1072 = CARTESIAN_POINT ( 'NONE',  ( -16.00000000000000000, -13.49999999999999822, 23.00000000000000000 ) ) ;
#1073 = LINE ( 'NONE', #623, #614 ) ;
#1074 = CARTESIAN_POINT ( 'NONE',  ( 11.25000000000000000, -7.500000000000000000, 28.00000000000001421 ) ) ;
#1075 = ORIENTED_EDGE ( 'NONE', *, *, #37, .T. ) ;
#1076 = ORIENTED_EDGE ( 'NONE', *, *, #850, .F. ) ;
#1077 = CIRCLE ( 'NONE', #242, 1.000000000000000000 ) ;
#1078 = DIRECTION ( 'NONE',  ( 0.000000000000000000, -0.000000000000000000, -1.000000000000000000 ) ) ;
#1079 = AXIS2_PLACEMENT_3D ( 'NONE', #840, #281, #70 ) ;
#1080 = LINE ( 'NONE', #961, #960 ) ;
#1081 = VECTOR ( 'NONE', #498, 1000.000000000000000 ) ;
#1082 = DIRECTION ( 'NONE',  ( -0.000000000000000000, -0.000000000000000000, -1.000000000000000000 ) ) ;
#1083 = DIRECTION ( 'NONE',  ( -0.000000000000000000, -0.000000000000000000, -1.000000000000000000 ) ) ;
#1084 = ADVANCED_FACE ( 'NONE', ( #541 ), #526, .T. ) ;
#1085 = CARTESIAN_POINT ( 'NONE',  ( 0.000000000000000000, 0.000000000000000000, -4.142135623730947458 ) ) ;
#1086 = AXIS2_PLACEMENT_3D ( 'NONE', #1209, #284, #384 ) ;
#1087 = ORIENTED_EDGE ( 'NONE', *, *, #1034, .F. ) ;
#1088 = ADVANCED_FACE ( 'NONE', ( #78 ), #980, .F. ) ;
#1089 = CARTESIAN_POINT ( 'NONE',  ( 16.00000000000000000, -13.49999999999999822, 33.00000000000000000 ) ) ;
#1090 = EDGE_CURVE ( 'NONE', #931, #812, #550, .T. ) ;
#1091 = AXIS2_PLACEMENT_3D ( 'NONE', #121, #691, #1376 ) ;
#1092 = ORIENTED_EDGE ( 'NONE', *, *, #490, .T. ) ;
#1093 = ORIENTED_EDGE ( 'NONE', *, *, #1355, .T. ) ;
#1094 = EDGE_CURVE ( 'NONE', #1421, #111, #775, .T. ) ;
#1095 = CIRCLE ( 'NONE', #148, 1.000000000000000000 ) ;
#1096 = CARTESIAN_POINT ( 'NONE',  ( 9.250000000000000000, -7.500000000000000000, 33.00000000000000711 ) ) ;
#1097 = ORIENTED_EDGE ( 'NONE', *, *, #1133, .T. ) ;
#1098 = AXIS2_PLACEMENT_3D ( 'NONE', #126, #447, #17 ) ;
#1099 = CARTESIAN_POINT ( 'NONE',  ( 0.000000000000000000, 0.000000000000000000, 10.00000000000000000 ) ) ;
#1100 = CARTESIAN_POINT ( 'NONE',  ( -16.00000000000000000, 13.50000000000000355, 33.00000000000000000 ) ) ;
#1101 = ORIENTED_EDGE ( 'NONE', *, *, #351, .T. ) ;
#1102 = ORIENTED_EDGE ( 'NONE', *, *, #669, .F. ) ;
#1103 = DIRECTION ( 'NONE',  ( -1.000000000000000000, 0.000000000000000000, 0.000000000000000000 ) ) ;
#1104 = VECTOR ( 'NONE', #899, 1000.000000000000000 ) ;
#1105 = CARTESIAN_POINT ( 'NONE',  ( 3.500000000000000000, 4.286263797015736595E-16, 2.000000000000000000 ) ) ;
#1106 = VERTEX_POINT ( 'NONE', #1105 ) ;
#1107 = DIRECTION ( 'NONE',  ( 0.000000000000000000, 0.000000000000000000, -1.000000000000000000 ) ) ;
#1108 = DIRECTION ( 'NONE',  ( 1.000000000000000000, 0.000000000000000000, 0.000000000000000000 ) ) ;
#1109 = EDGE_CURVE ( 'NONE', #788, #593, #1449, .T. ) ;
#1110 = ORIENTED_EDGE ( 'NONE', *, *, #1020, .T. ) ;
#1111 = EDGE_CURVE ( 'NONE', #1337, #371, #1118, .T. ) ;
#1112 = CARTESIAN_POINT ( 'NONE',  ( -9.249999999999998224, 13.50000000000000355, 31.50000000000000711 ) ) ;
#1113 = EDGE_CURVE ( 'NONE', #530, #586, #1002, .T. ) ;
#1114 = LINE ( 'NONE', #1360, #1384 ) ;
#1115 = CARTESIAN_POINT ( 'NONE',  ( -3.500000000000000000, 7.347880794884118750E-16, 18.00000000000000000 ) ) ;
#1116 = AXIS2_PLACEMENT_3D ( 'NONE', #699, #823, #268 ) ;
#1117 = ORIENTED_EDGE ( 'NONE', *, *, #296, .F. ) ;
#1118 = LINE ( 'NONE', #87, #1279 ) ;
#1119 = VECTOR ( 'NONE', #1038, 1000.000000000000000 ) ;
#1120 = CARTESIAN_POINT ( 'NONE',  ( -2.450000000000000622, 0.000000000000000000, 15.00000000000000000 ) ) ;
#1121 = DIRECTION ( 'NONE',  ( 0.000000000000000000, 0.000000000000000000, 1.000000000000000000 ) ) ;
#1122 = LINE ( 'NONE', #96, #290 ) ;
#1123 = VERTEX_POINT ( 'NONE', #1237 ) ;
#1124 = DIRECTION ( 'NONE',  ( -1.000000000000000000, -0.000000000000000000, -0.000000000000000000 ) ) ;
#1125 = AXIS2_PLACEMENT_3D ( 'NONE', #985, #396, #1436 ) ;
#1126 = DIRECTION ( 'NONE',  ( -0.000000000000000000, -0.000000000000000000, -1.000000000000000000 ) ) ;
#1127 = VECTOR ( 'NONE', #407, 1000.000000000000000 ) ;
#1128 = DIRECTION ( 'NONE',  ( 0.000000000000000000, 0.000000000000000000, 1.000000000000000000 ) ) ;
#1129 = DIRECTION ( 'NONE',  ( 0.000000000000000000, 0.000000000000000000, 1.000000000000000000 ) ) ;
#1130 = EDGE_LOOP ( 'NONE', ( #1406, #588, #1155, #795 ) ) ;
#1131 = VERTEX_POINT ( 'NONE', #658 ) ;
#1132 = LINE ( 'NONE', #252, #932 ) ;
#1133 = EDGE_CURVE ( 'NONE', #1106, #594, #180, .T. ) ;
#1134 = PLANE ( 'NONE',  #970 ) ;
#1135 = FACE_OUTER_BOUND ( 'NONE', #1365, .T. ) ;
#1136 = DIRECTION ( 'NONE',  ( 1.000000000000000000, 0.000000000000000000, 0.000000000000000000 ) ) ;
#1137 = ORIENTED_EDGE ( 'NONE', *, *, #956, .T. ) ;
#1138 = ORIENTED_EDGE ( 'NONE', *, *, #145, .T. ) ;
#1139 = CARTESIAN_POINT ( 'NONE',  ( 3.500000000000000000, 4.286263797015736595E-16, 4.000000000000000000 ) ) ;
#1140 = AXIS2_PLACEMENT_3D ( 'NONE', #791, #1392, #1252 ) ;
#1141 = PLANE ( 'NONE',  #1264 ) ;
#1142 = VECTOR ( 'NONE', #625, 1000.000000000000000 ) ;
#1143 = DIRECTION ( 'NONE',  ( 0.000000000000000000, 0.000000000000000000, 1.000000000000000000 ) ) ;
#1144 = CARTESIAN_POINT ( 'NONE',  ( -3.000000000000001776, 4.000000000000000000, 10.00000000000000000 ) ) ;
#1145 = PRODUCT_RELATED_PRODUCT_CATEGORY ( 'part', '', ( #1062 ) ) ;
#1146 = EDGE_LOOP ( 'NONE', ( #836, #496 ) ) ;
#1147 = ORIENTED_EDGE ( 'NONE', *, *, #1317, .T. ) ;
#1148 = PLANE ( 'NONE',  #740 ) ;
#1149 = CARTESIAN_POINT ( 'NONE',  ( 2.450000000000000622, 3.000384657911016356E-16, 13.00000000000000000 ) ) ;
#1150 = DIRECTION ( 'NONE',  ( -0.000000000000000000, 0.000000000000000000, 1.000000000000000000 ) ) ;
#1151 = CARTESIAN_POINT ( 'NONE',  ( 16.00000000000000000, 13.50000000000000355, 33.00000000000000000 ) ) ;
#1152 = CIRCLE ( 'NONE', #317, 3.500000000000000000 ) ;
#1153 = CIRCLE ( 'NONE', #626, 2.450000000000000622 ) ;
#1154 = ADVANCED_FACE ( 'NONE', ( #1332 ), #555, .T. ) ;
#1155 = ORIENTED_EDGE ( 'NONE', *, *, #341, .F. ) ;
#1156 = EDGE_CURVE ( 'NONE', #810, #1431, #1152, .T. ) ;
#1157 = CIRCLE ( 'NONE', #504, 1.500000000000000000 ) ;
#1158 = ORIENTED_EDGE ( 'NONE', *, *, #936, .F. ) ;
#1159 = CARTESIAN_POINT ( 'NONE',  ( -4.000000000000000000, -3.000000000000000888, 6.000000000000000000 ) ) ;
#1160 = CIRCLE ( 'NONE', #1184, 2.450000000000000622 ) ;
#1161 = CARTESIAN_POINT ( 'NONE',  ( 0.000000000000000000, 0.000000000000000000, 10.00000000000000000 ) ) ;
#1162 = FACE_OUTER_BOUND ( 'NONE', #1390, .T. ) ;
#1163 = DIRECTION ( 'NONE',  ( 1.000000000000000000, 0.000000000000000000, 0.000000000000000000 ) ) ;
#1164 = EDGE_CURVE ( 'NONE', #849, #186, #321, .T. ) ;
#1165 = ORIENTED_EDGE ( 'NONE', *, *, #1380, .F. ) ;
#1166 = ORIENTED_EDGE ( 'NONE', *, *, #606, .F. ) ;
#1167 = DIRECTION ( 'NONE',  ( -0.000000000000000000, -0.000000000000000000, -1.000000000000000000 ) ) ;
#1168 = LINE ( 'NONE', #683, #117 ) ;
#1169 = FILL_AREA_STYLE_COLOUR ( '', #826 ) ;
#1170 = FACE_OUTER_BOUND ( 'NONE', #868, .T. ) ;
#1171 = ORIENTED_EDGE ( 'NONE', *, *, #560, .F. ) ;
#1172 = AXIS2_PLACEMENT_3D ( 'NONE', #338, #115, #1019 ) ;
#1173 = EDGE_LOOP ( 'NONE', ( #1219, #851, #803, #832 ) ) ;
#1174 = LINE ( 'NONE', #1403, #439 ) ;
#1175 = CARTESIAN_POINT ( 'NONE',  ( 3.500000000000000000, 4.286263797015736595E-16, 6.000000000000000000 ) ) ;
#1176 = LINE ( 'NONE', #1144, #333 ) ;
#1177 = AXIS2_PLACEMENT_3D ( 'NONE', #1343, #1129, #1136 ) ;
#1178 = ORIENTED_EDGE ( 'NONE', *, *, #1000, .T. ) ;
#1179 = ORIENTED_EDGE ( 'NONE', *, *, #1445, .T. ) ;
#1180 = CARTESIAN_POINT ( 'NONE',  ( 0.000000000000000000, 0.000000000000000000, 18.00000000000000000 ) ) ;
#1181 = EDGE_CURVE ( 'NONE', #259, #1240, #1352, .T. ) ;
#1182 = DIRECTION ( 'NONE',  ( -0.000000000000000000, -0.000000000000000000, -1.000000000000000000 ) ) ;
#1183 = ADVANCED_FACE ( 'NONE', ( #782 ), #1242, .F. ) ;
#1184 = AXIS2_PLACEMENT_3D ( 'NONE', #880, #1128, #1342 ) ;
#1185 = LINE ( 'NONE', #974, #1060 ) ;
#1186 = EDGE_LOOP ( 'NONE', ( #804, #88 ) ) ;
#1187 = PRODUCT_DEFINITION_SHAPE ( 'NONE', 'NONE',  #1307 ) ;
#1188 = ORIENTED_EDGE ( 'NONE', *, *, #731, .T. ) ;
#1189 = FACE_OUTER_BOUND ( 'NONE', #1273, .T. ) ;
#1190 = CARTESIAN_POINT ( 'NONE',  ( -9.250000000000000000, -36.54886114323221591, 33.00000000000000711 ) ) ;
#1191 = LINE ( 'NONE', #172, #309 ) ;
#1192 = EDGE_LOOP ( 'NONE', ( #613, #709 ) ) ;
#1193 = VERTEX_POINT ( 'NONE', #188 ) ;
#1194 = CIRCLE ( 'NONE', #383, 4.999999999999999112 ) ;
#1195 = DIRECTION ( 'NONE',  ( -0.000000000000000000, -0.000000000000000000, -1.000000000000000000 ) ) ;
#1196 = CARTESIAN_POINT ( 'NONE',  ( 9.249999999999998224, -36.54886114323221591, 31.50000000000000711 ) ) ;
#1197 = CARTESIAN_POINT ( 'NONE',  ( 0.000000000000000000, 0.000000000000000000, 23.00000000000000000 ) ) ;
#1198 = CYLINDRICAL_SURFACE ( 'NONE', #1125, 1.000000000000000000 ) ;
#1199 = ADVANCED_FACE ( 'NONE', ( #454 ), #1358, .T. ) ;
#1200 = ORIENTED_EDGE ( 'NONE', *, *, #1181, .T. ) ;
#1201 = EDGE_CURVE ( 'NONE', #1215, #473, #1391, .T. ) ;
#1202 = CARTESIAN_POINT ( 'NONE',  ( 8.500000000000000000, 0.000000000000000000, 23.00000000000000000 ) ) ;
#1203 = VECTOR ( 'NONE', #183, 1000.000000000000000 ) ;
#1204 = EDGE_CURVE ( 'NONE', #259, #525, #1132, .T. ) ;
#1205 = DIRECTION ( 'NONE',  ( 1.000000000000000000, 0.000000000000000000, 0.000000000000000000 ) ) ;
#1206 = AXIS2_PLACEMENT_3D ( 'NONE', #1180, #161, #610 ) ;
#1207 = DIRECTION ( 'NONE',  ( -1.000000000000000000, -1.224646799147353207E-16, 0.000000000000000000 ) ) ;
#1208 = ADVANCED_FACE ( 'NONE', ( #9, #925 ), #1148, .F. ) ;
#1209 = CARTESIAN_POINT ( 'NONE',  ( 0.000000000000000000, 0.000000000000000000, 0.000000000000000000 ) ) ;
#1210 = CYLINDRICAL_SURFACE ( 'NONE', #844, 4.999999999999999112 ) ;
#1211 = TOROIDAL_SURFACE ( 'NONE', #1086, 1.500000000000000000, 2.000000000000000000 ) ;
#1212 = ORIENTED_EDGE ( 'NONE', *, *, #351, .F. ) ;
#1213 = PRODUCT_CONTEXT ( 'NONE', #420, 'mechanical' ) ;
#1214 = DIRECTION ( 'NONE',  ( 1.000000000000000000, 0.000000000000000000, 0.000000000000000000 ) ) ;
#1215 = VERTEX_POINT ( 'NONE', #236 ) ;
#1216 = DIRECTION ( 'NONE',  ( 0.000000000000000000, 0.000000000000000000, 1.000000000000000000 ) ) ;
#1217 = EDGE_LOOP ( 'NONE', ( #1235, #1102, #1188, #1413 ) ) ;
#1218 = TOROIDAL_SURFACE ( 'NONE', #994, 8.500000000000000000, 5.000000000000000000 ) ;
#1219 = ORIENTED_EDGE ( 'NONE', *, *, #667, .T. ) ;
#1220 = CARTESIAN_POINT ( 'NONE',  ( 0.000000000000000000, 0.000000000000000000, 0.000000000000000000 ) ) ;
#1221 = DIRECTION ( 'NONE',  ( 0.000000000000000000, -0.000000000000000000, -1.000000000000000000 ) ) ;
#1222 = VERTEX_POINT ( 'NONE', #366 ) ;
#1223 = ADVANCED_FACE ( 'NONE', ( #697 ), #2, .T. ) ;
#1224 = DIRECTION ( 'NONE',  ( 1.000000000000000000, 0.000000000000000000, 0.000000000000000000 ) ) ;
#1225 = PLANE ( 'NONE',  #41 ) ;
#1226 = DIRECTION ( 'NONE',  ( 1.000000000000000000, -0.000000000000000000, 3.469446951953611033E-15 ) ) ;
#1227 = VERTEX_POINT ( 'NONE', #902 ) ;
#1228 = DIRECTION ( 'NONE',  ( 1.000000000000000000, 0.000000000000000000, 0.000000000000000000 ) ) ;
#1229 = ADVANCED_FACE ( 'NONE', ( #790 ), #357, .T. ) ;
#1230 = VECTOR ( 'NONE', #90, 1000.000000000000000 ) ;
#1231 = CARTESIAN_POINT ( 'NONE',  ( -9.249999999999998224, -7.500000000000000000, 31.50000000000000711 ) ) ;
#1232 = AXIS2_PLACEMENT_3D ( 'NONE', #954, #1304, #274 ) ;
#1233 = FACE_OUTER_BOUND ( 'NONE', #174, .T. ) ;
#1234 = DIRECTION ( 'NONE',  ( -1.000000000000000000, 0.000000000000000000, 0.000000000000000000 ) ) ;
#1235 = ORIENTED_EDGE ( 'NONE', *, *, #1303, .F. ) ;
#1236 = AXIS2_PLACEMENT_3D ( 'NONE', #574, #692, #1025 ) ;
#1237 = CARTESIAN_POINT ( 'NONE',  ( -3.000000000000000000, -4.000000000000000000, 10.00000000000000000 ) ) ;
#1238 = CARTESIAN_POINT ( 'NONE',  ( 0.000000000000000000, 0.000000000000000000, 18.00000000000000000 ) ) ;
#1239 = CARTESIAN_POINT ( 'NONE',  ( 11.25000000000000000, -7.500000000000000000, 28.00000000000001421 ) ) ;
#1240 = VERTEX_POINT ( 'NONE', #580 ) ;
#1241 = VECTOR ( 'NONE', #1435, 1000.000000000000000 ) ;
#1242 = PLANE ( 'NONE',  #524 ) ;
#1243 = AXIS2_PLACEMENT_3D ( 'NONE', #542, #887, #989 ) ;
#1244 = VECTOR ( 'NONE', #479, 1000.000000000000000 ) ;
#1245 = LINE ( 'NONE', #770, #95 ) ;
#1246 = CARTESIAN_POINT ( 'NONE',  ( 3.500000000000000000, 0.000000000000000000, 18.00000000000000000 ) ) ;
#1247 = ORIENTED_EDGE ( 'NONE', *, *, #1375, .T. ) ;
#1248 = ADVANCED_FACE ( 'NONE', ( #229 ), #335, .T. ) ;
#1249 = ORIENTED_EDGE ( 'NONE', *, *, #554, .T. ) ;
#1250 = EDGE_CURVE ( 'NONE', #1459, #696, #1194, .T. ) ;
#1251 = DIRECTION ( 'NONE',  ( 1.000000000000000000, 0.000000000000000000, 0.000000000000000000 ) ) ;
#1252 = DIRECTION ( 'NONE',  ( 0.000000000000000000, -0.000000000000000000, 1.000000000000000000 ) ) ;
#1253 = DIRECTION ( 'NONE',  ( 1.000000000000000000, 0.000000000000000000, 0.000000000000000000 ) ) ;
#1254 = CARTESIAN_POINT ( 'NONE',  ( 4.000000000000000000, -3.000000000000000000, 6.000000000000000000 ) ) ;
#1255 = VERTEX_POINT ( 'NONE', #1159 ) ;
#1256 = ORIENTED_EDGE ( 'NONE', *, *, #689, .T. ) ;
#1257 = DIRECTION ( 'NONE',  ( -1.000000000000000000, 0.000000000000000000, 0.000000000000000000 ) ) ;
#1258 = DIRECTION ( 'NONE',  ( 1.000000000000000000, 0.000000000000000000, 0.000000000000000000 ) ) ;
#1259 = CARTESIAN_POINT ( 'NONE',  ( -11.25000000000000000, -36.54886114323221591, 31.50000000000001421 ) ) ;
#1260 = CARTESIAN_POINT ( 'NONE',  ( 4.000000000000000000, -3.000000000000000000, 10.00000000000000000 ) ) ;
#1261 = ORIENTED_EDGE ( 'NONE', *, *, #975, .F. ) ;
#1262 = EDGE_LOOP ( 'NONE', ( #900, #92, #1357, #601 ) ) ;
#1263 = DIRECTION ( 'NONE',  ( 0.000000000000000000, 0.000000000000000000, 1.000000000000000000 ) ) ;
#1264 = AXIS2_PLACEMENT_3D ( 'NONE', #484, #912, #920 ) ;
#1265 = DIRECTION ( 'NONE',  ( 1.156482317317870542E-15, -0.000000000000000000, 1.000000000000000000 ) ) ;
#1266 = ADVANCED_FACE ( 'NONE', ( #1366 ), #1030, .T. ) ;
#1267 = VECTOR ( 'NONE', #889, 1000.000000000000000 ) ;
#1268 = DIRECTION ( 'NONE',  ( -0.000000000000000000, 0.000000000000000000, 1.000000000000000000 ) ) ;
#1269 = CIRCLE ( 'NONE', #215, 1.000000000000000000 ) ;
#1270 = DIRECTION ( 'NONE',  ( 1.000000000000000000, 0.000000000000000000, 0.000000000000000000 ) ) ;
#1271 = EDGE_CURVE ( 'NONE', #1240, #1035, #135, .T. ) ;
#1272 = ORIENTED_EDGE ( 'NONE', *, *, #917, .T. ) ;
#1273 = EDGE_LOOP ( 'NONE', ( #445, #570, #1097, #674 ) ) ;
#1274 = EDGE_CURVE ( 'NONE', #327, #963, #717, .T. ) ;
#1275 = CARTESIAN_POINT ( 'NONE',  ( 0.000000000000000000, 0.000000000000000000, 23.00000000000000000 ) ) ;
#1276 = DIRECTION ( 'NONE',  ( 1.000000000000000000, 0.000000000000000000, 0.000000000000000000 ) ) ;
#1277 = CARTESIAN_POINT ( 'NONE',  ( 9.250000000000000000, 13.50000000000000355, 33.00000000000000711 ) ) ;
#1278 = CYLINDRICAL_SURFACE ( 'NONE', #905, 2.450000000000000622 ) ;
#1279 = VECTOR ( 'NONE', #1124, 1000.000000000000000 ) ;
#1280 = CIRCLE ( 'NONE', #369, 3.500000000000000000 ) ;
#1281 = ORIENTED_EDGE ( 'NONE', *, *, #421, .F. ) ;
#1282 = AXIS2_PLACEMENT_3D ( 'NONE', #380, #856, #959 ) ;
#1283 = ORIENTED_EDGE ( 'NONE', *, *, #757, .T. ) ;
#1284 = DIRECTION ( 'NONE',  ( 0.000000000000000000, 0.000000000000000000, 1.000000000000000000 ) ) ;
#1285 = CARTESIAN_POINT ( 'NONE',  ( -3.500000000000000000, 0.000000000000000000, 13.00000000000000000 ) ) ;
#1286 = DIRECTION ( 'NONE',  ( 1.000000000000000000, 0.000000000000000000, 0.000000000000000000 ) ) ;
#1287 = DIRECTION ( 'NONE',  ( -1.000000000000000000, 0.000000000000000000, 0.000000000000000000 ) ) ;
#1288 = ORIENTED_EDGE ( 'NONE', *, *, #1250, .F. ) ;
#1289 = ORIENTED_EDGE ( 'NONE', *, *, #1271, .T. ) ;
#1290 = LINE ( 'NONE', #508, #1081 ) ;
#1291 = CARTESIAN_POINT ( 'NONE',  ( 9.249999999999998224, 13.50000000000000355, 31.50000000000000711 ) ) ;
#1292 = VECTOR ( 'NONE', #314, 1000.000000000000000 ) ;
#1293 = CARTESIAN_POINT ( 'NONE',  ( 9.250000000000000000, -7.500000000000000000, 33.00000000000000711 ) ) ;
#1294 = ORIENTED_EDGE ( 'NONE', *, *, #341, .T. ) ;
#1295 = CIRCLE ( 'NONE', #1172, 3.500000000000000000 ) ;
#1296 = AXIS2_PLACEMENT_3D ( 'NONE', #682, #1016, #1251 ) ;
#1297 = ORIENTED_EDGE ( 'NONE', *, *, #1164, .T. ) ;
#1298 = DIRECTION ( 'NONE',  ( -0.000000000000000000, 0.000000000000000000, 1.000000000000000000 ) ) ;
#1299 = CARTESIAN_POINT ( 'NONE',  ( -16.00000000000000000, 13.50000000000000355, 33.00000000000000000 ) ) ;
#1300 = AXIS2_PLACEMENT_3D ( 'NONE', #854, #875, #726 ) ;
#1301 = ORIENTED_EDGE ( 'NONE', *, *, #83, .T. ) ;
#1302 = ORIENTED_EDGE ( 'NONE', *, *, #98, .T. ) ;
#1303 = EDGE_CURVE ( 'NONE', #918, #1106, #705, .T. ) ;
#1304 = DIRECTION ( 'NONE',  ( 0.000000000000000000, -0.000000000000000000, -1.000000000000000000 ) ) ;
#1305 = CARTESIAN_POINT ( 'NONE',  ( -11.25000000000000000, -7.500000000000000000, 31.50000000000001421 ) ) ;
#1306 = ADVANCED_FACE ( 'NONE', ( #119 ), #23, .F. ) ;
#1307 = PRODUCT_DEFINITION ( 'UNKNOWN', '', #1044, #79 ) ;
#1308 = CARTESIAN_POINT ( 'NONE',  ( 0.000000000000000000, 0.000000000000000000, 10.00000000000000000 ) ) ;
#1309 = ORIENTED_EDGE ( 'NONE', *, *, #166, .T. ) ;
#1310 = ORIENTED_EDGE ( 'NONE', *, *, #975, .T. ) ;
#1311 = CARTESIAN_POINT ( 'NONE',  ( -3.000000000000001776, 4.000000000000000000, 10.00000000000000000 ) ) ;
#1312 = CARTESIAN_POINT ( 'NONE',  ( 1.500000000000000000, 3.061616997868383141E-16, -2.000000000000000000 ) ) ;
#1313 = DIRECTION ( 'NONE',  ( 2.168404344971008868E-16, -1.000000000000000000, 0.000000000000000000 ) ) ;
#1314 = ADVANCED_FACE ( 'NONE', ( #460, #1373 ), #350, .T. ) ;
#1315 = ADVANCED_FACE ( 'NONE', ( #260 ), #267, .F. ) ;
#1316 = ORIENTED_EDGE ( 'NONE', *, *, #1339, .F. ) ;
#1317 = EDGE_CURVE ( 'NONE', #696, #364, #55, .T. ) ;
#1318 = VECTOR ( 'NONE', #1378, 1000.000000000000000 ) ;
#1319 = VERTEX_POINT ( 'NONE', #1311 ) ;
#1320 = DIRECTION ( 'NONE',  ( -0.000000000000000000, 1.000000000000000000, -0.000000000000000000 ) ) ;
#1321 = CARTESIAN_POINT ( 'NONE',  ( 3.500000000000000000, 4.286263797015736595E-16, 15.00000000000000000 ) ) ;
#1322 = LINE ( 'NONE', #962, #1142 ) ;
#1323 = VERTEX_POINT ( 'NONE', #1072 ) ;
#1324 = AXIS2_PLACEMENT_3D ( 'NONE', #435, #108, #891 ) ;
#1325 = ORIENTED_EDGE ( 'NONE', *, *, #340, .F. ) ;
#1326 = CARTESIAN_POINT ( 'NONE',  ( 0.000000000000000000, 0.000000000000000000, 4.000000000000000000 ) ) ;
#1327 = DIRECTION ( 'NONE',  ( 1.000000000000000000, -0.000000000000000000, 0.000000000000000000 ) ) ;
#1328 = ORIENTED_EDGE ( 'NONE', *, *, #144, .F. ) ;
#1329 = ORIENTED_EDGE ( 'NONE', *, *, #1109, .T. ) ;
#1330 = AXIS2_PLACEMENT_3D ( 'NONE', #73, #1412, #520 ) ;
#1331 = EDGE_LOOP ( 'NONE', ( #733, #8 ) ) ;
#1332 = FACE_OUTER_BOUND ( 'NONE', #1061, .T. ) ;
#1333 = ORIENTED_EDGE ( 'NONE', *, *, #98, .F. ) ;
#1334 = FACE_OUTER_BOUND ( 'NONE', #342, .T. ) ;
#1335 = LINE ( 'NONE', #306, #464 ) ;
#1336 = CARTESIAN_POINT ( 'NONE',  ( 2.999999999999999112, 4.000000000000000000, 10.00000000000000000 ) ) ;
#1337 = VERTEX_POINT ( 'NONE', #595 ) ;
#1338 = CARTESIAN_POINT ( 'NONE',  ( 3.999999999999999112, 3.000000000000000000, 10.00000000000000000 ) ) ;
#1339 = EDGE_CURVE ( 'NONE', #1015, #1193, #1157, .T. ) ;
#1340 = DIRECTION ( 'NONE',  ( -1.000000000000000000, 0.000000000000000000, 0.000000000000000000 ) ) ;
#1341 = CARTESIAN_POINT ( 'NONE',  ( -3.500000000000000000, 0.000000000000000000, 4.000000000000000000 ) ) ;
#1342 = DIRECTION ( 'NONE',  ( 1.000000000000000000, 0.000000000000000000, 0.000000000000000000 ) ) ;
#1343 = CARTESIAN_POINT ( 'NONE',  ( 0.000000000000000000, 0.000000000000000000, 11.00000000000000000 ) ) ;
#1344 = ORIENTED_EDGE ( 'NONE', *, *, #294, .T. ) ;
#1345 = DIRECTION ( 'NONE',  ( 1.000000000000000000, 0.000000000000000000, 0.000000000000000000 ) ) ;
#1346 = AXIS2_PLACEMENT_3D ( 'NONE', #1190, #1056, #176 ) ;
#1347 = AXIS2_PLACEMENT_3D ( 'NONE', #483, #374, #1078 ) ;
#1348 = DIRECTION ( 'NONE',  ( -1.000000000000000000, 0.000000000000000000, 0.000000000000000000 ) ) ;
#1349 = ADVANCED_FACE ( 'NONE', ( #941 ), #736, .F. ) ;
#1350 = LINE ( 'NONE', #1239, #1230 ) ;
#1351 = EDGE_LOOP ( 'NONE', ( #721, #561 ) ) ;
#1352 = LINE ( 'NONE', #1096, #1394 ) ;
#1353 = CARTESIAN_POINT ( 'NONE',  ( 11.25000000000000000, 13.50000000000000355, 28.00000000000001421 ) ) ;
#1354 = EDGE_CURVE ( 'NONE', #586, #1337, #1064, .T. ) ;
#1355 = EDGE_CURVE ( 'NONE', #1431, #124, #833, .T. ) ;
#1356 = ORIENTED_EDGE ( 'NONE', *, *, #492, .F. ) ;
#1357 = ORIENTED_EDGE ( 'NONE', *, *, #1094, .T. ) ;
#1358 = CYLINDRICAL_SURFACE ( 'NONE', #1098, 3.500000000000000000 ) ;
#1359 = VECTOR ( 'NONE', #825, 1000.000000000000000 ) ;
#1360 = CARTESIAN_POINT ( 'NONE',  ( -16.00000000000000000, 13.50000000000000355, 23.00000000000000000 ) ) ;
#1361 = CARTESIAN_POINT ( 'NONE',  ( 3.999999999999999112, 3.000000000000000000, 10.00000000000000000 ) ) ;
#1362 = DIRECTION ( 'NONE',  ( 1.000000000000000000, 0.000000000000000000, 0.000000000000000000 ) ) ;
#1363 = ORIENTED_EDGE ( 'NONE', *, *, #979, .F. ) ;
#1364 = EDGE_CURVE ( 'NONE', #1123, #931, #892, .T. ) ;
#1365 = EDGE_LOOP ( 'NONE', ( #728, #1301, #1001, #22 ) ) ;
#1366 = FACE_OUTER_BOUND ( 'NONE', #865, .T. ) ;
#1367 = CIRCLE ( 'NONE', #602, 1.000000000000000000 ) ;
#1368 = FACE_OUTER_BOUND ( 'NONE', #666, .T. ) ;
#1369 = CYLINDRICAL_SURFACE ( 'NONE', #326, 1.000000000000000000 ) ;
#1370 = LINE ( 'NONE', #257, #1318 ) ;
#1371 = ORIENTED_EDGE ( 'NONE', *, *, #560, .T. ) ;
#1372 = EDGE_LOOP ( 'NONE', ( #1289, #946, #523, #491 ) ) ;
#1373 = FACE_OUTER_BOUND ( 'NONE', #1351, .T. ) ;
#1374 = EDGE_CURVE ( 'NONE', #1035, #929, #63, .T. ) ;
#1375 = EDGE_CURVE ( 'NONE', #327, #1448, #1290, .T. ) ;
#1376 = DIRECTION ( 'NONE',  ( 1.000000000000000000, 0.000000000000000000, 0.000000000000000000 ) ) ;
#1377 = CARTESIAN_POINT ( 'NONE',  ( -4.000000000000001776, 3.000000000000000000, 10.00000000000000000 ) ) ;
#1378 = DIRECTION ( 'NONE',  ( 0.000000000000000000, 0.000000000000000000, 1.000000000000000000 ) ) ;
#1379 = ORIENTED_EDGE ( 'NONE', *, *, #847, .T. ) ;
#1380 = EDGE_CURVE ( 'NONE', #482, #299, #1174, .T. ) ;
#1381 = ORIENTED_EDGE ( 'NONE', *, *, #983, .F. ) ;
#1382 = CARTESIAN_POINT ( 'NONE',  ( 11.25000000000000000, -7.500000000000000000, 31.50000000000001421 ) ) ;
#1383 = AXIS2_PLACEMENT_3D ( 'NONE', #1454, #202, #448 ) ;
#1384 = VECTOR ( 'NONE', #336, 1000.000000000000000 ) ;
#1385 = DIRECTION ( 'NONE',  ( 1.000000000000000000, 0.000000000000000000, 0.000000000000000000 ) ) ;
#1386 = DIRECTION ( 'NONE',  ( 1.000000000000000000, 0.000000000000000000, -0.000000000000000000 ) ) ;
#1387 = DIRECTION ( 'NONE',  ( -0.000000000000000000, 0.000000000000000000, -1.000000000000000000 ) ) ;
#1388 = VECTOR ( 'NONE', #477, 1000.000000000000000 ) ;
#1389 = ORIENTED_EDGE ( 'NONE', *, *, #779, .T. ) ;
#1390 = EDGE_LOOP ( 'NONE', ( #182, #159, #278, #1316 ) ) ;
#1391 = LINE ( 'NONE', #1382, #1388 ) ;
#1392 = DIRECTION ( 'NONE',  ( 0.000000000000000000, 1.000000000000000000, 0.000000000000000000 ) ) ;
#1393 = CARTESIAN_POINT ( 'NONE',  ( 2.999999999999999112, 4.000000000000000000, 6.000000000000000000 ) ) ;
#1394 = VECTOR ( 'NONE', #1340, 1000.000000000000000 ) ;
#1395 = CIRCLE ( 'NONE', #747, 4.999999999999999112 ) ;
#1396 = ORIENTED_EDGE ( 'NONE', *, *, #1204, .T. ) ;
#1397 = DIRECTION ( 'NONE',  ( 0.000000000000000000, 0.000000000000000000, -1.000000000000000000 ) ) ;
#1398 = CARTESIAN_POINT ( 'NONE',  ( -16.00000000000000000, -13.49999999999999822, 33.00000000000000000 ) ) ;
#1399 = CARTESIAN_POINT ( 'NONE',  ( 9.249999999999998224, -7.500000000000000000, 31.50000000000000711 ) ) ;
#1400 = DIRECTION ( 'NONE',  ( 1.000000000000000000, 2.168404344971008868E-16, -0.000000000000000000 ) ) ;
#1401 = ORIENTED_EDGE ( 'NONE', *, *, #81, .F. ) ;
#1402 = ADVANCED_FACE ( 'NONE', ( #1055 ), #493, .F. ) ;
#1403 = CARTESIAN_POINT ( 'NONE',  ( 16.00000000000000000, 13.50000000000000355, 23.00000000000000000 ) ) ;
#1404 = DIRECTION ( 'NONE',  ( 0.000000000000000000, -0.000000000000000000, -1.000000000000000000 ) ) ;
#1405 = AXIS2_PLACEMENT_3D ( 'NONE', #36, #816, #719 ) ;
#1406 = ORIENTED_EDGE ( 'NONE', *, *, #249, .F. ) ;
#1407 = CIRCLE ( 'NONE', #522, 8.500000000000000000 ) ;
#1408 = ORIENTED_EDGE ( 'NONE', *, *, #269, .F. ) ;
#1409 = DIRECTION ( 'NONE',  ( 1.000000000000000000, 0.000000000000000000, 0.000000000000000000 ) ) ;
#1410 = DIRECTION ( 'NONE',  ( 1.000000000000000000, -5.329070518200751394E-15, 0.000000000000000000 ) ) ;
#1411 = CARTESIAN_POINT ( 'NONE',  ( -2.450000000000000622, 0.000000000000000000, 2.000000000000000000 ) ) ;
#1412 = DIRECTION ( 'NONE',  ( -1.000000000000000000, -1.084202172485504434E-16, 0.000000000000000000 ) ) ;
#1413 = ORIENTED_EDGE ( 'NONE', *, *, #996, .T. ) ;
#1414 = ORIENTED_EDGE ( 'NONE', *, *, #1156, .T. ) ;
#1415 = CARTESIAN_POINT ( 'NONE',  ( 0.000000000000000000, 0.000000000000000000, 6.000000000000000000 ) ) ;
#1416 = DIRECTION ( 'NONE',  ( 0.000000000000000000, 0.000000000000000000, 1.000000000000000000 ) ) ;
#1417 = ADVANCED_FACE ( 'NONE', ( #839, #175 ), #387, .F. ) ;
#1418 = PLANE ( 'NONE',  #494 ) ;
#1419 = FACE_OUTER_BOUND ( 'NONE', #539, .T. ) ;
#1420 = EDGE_CURVE ( 'NONE', #97, #755, #622, .T. ) ;
#1421 = VERTEX_POINT ( 'NONE', #398 ) ;
#1422 = DIRECTION ( 'NONE',  ( -1.000000000000000000, 0.000000000000000000, 3.469446951953611033E-15 ) ) ;
#1423 = DIRECTION ( 'NONE',  ( -1.084202172485504434E-16, 1.000000000000000000, -0.000000000000000000 ) ) ;
#1424 = CARTESIAN_POINT ( 'NONE',  ( -3.000000000000000000, -4.000000000000000000, 6.000000000000000000 ) ) ;
#1425 = DIRECTION ( 'NONE',  ( 0.000000000000000000, 0.000000000000000000, 1.000000000000000000 ) ) ;
#1426 = CIRCLE ( 'NONE', #381, 1.000000000000000000 ) ;
#1427 = VERTEX_POINT ( 'NONE', #1202 ) ;
#1428 = DIRECTION ( 'NONE',  ( 0.000000000000000000, -1.000000000000000000, 0.000000000000000000 ) ) ;
#1429 = UNCERTAINTY_MEASURE_WITH_UNIT (LENGTH_MEASURE( 1.000000000000000082E-05 ), #993, 'distance_accuracy_value', 'NONE');
#1430 = CARTESIAN_POINT ( 'NONE',  ( -11.25000000000000000, -7.500000000000000000, 31.50000000000001421 ) ) ;
#1431 = VERTEX_POINT ( 'NONE', #845 ) ;
#1432 = ORIENTED_EDGE ( 'NONE', *, *, #888, .T. ) ;
#1433 = CARTESIAN_POINT ( 'NONE',  ( 16.00000000000000000, 13.50000000000000355, 33.00000000000000000 ) ) ;
#1434 = ORIENTED_EDGE ( 'NONE', *, *, #781, .T. ) ;
#1435 = DIRECTION ( 'NONE',  ( -0.000000000000000000, -0.000000000000000000, -1.000000000000000000 ) ) ;
#1436 = DIRECTION ( 'NONE',  ( -1.000000000000000000, 0.000000000000000000, 0.000000000000000000 ) ) ;
#1437 = EDGE_CURVE ( 'NONE', #86, #74, #1008, .T. ) ;
#1438 = ORIENTED_EDGE ( 'NONE', *, *, #781, .F. ) ;
#1439 = DIRECTION ( 'NONE',  ( 1.000000000000000000, -0.000000000000000000, -3.469446951953611033E-15 ) ) ;
#1440 = LINE ( 'NONE', #873, #1241 ) ;
#1441 = CARTESIAN_POINT ( 'NONE',  ( 4.999999999999999112, 0.000000000000000000, 11.00000000000000000 ) ) ;
#1442 = DIRECTION ( 'NONE',  ( 0.000000000000000000, -1.000000000000000000, 0.000000000000000000 ) ) ;
#1443 = ORIENTED_EDGE ( 'NONE', *, *, #269, .T. ) ;
#1444 = CARTESIAN_POINT ( 'NONE',  ( 2.999999999999999112, 3.000000000000000000, 6.000000000000000000 ) ) ;
#1445 = EDGE_CURVE ( 'NONE', #593, #1123, #553, .T. ) ;
#1446 = LINE ( 'NONE', #106, #785 ) ;
#1447 = CARTESIAN_POINT ( 'NONE',  ( 11.25000000000000000, -36.54886114323221591, 31.50000000000001421 ) ) ;
#1448 = VERTEX_POINT ( 'NONE', #729 ) ;
#1449 = CIRCLE ( 'NONE', #818, 4.999999999999999112 ) ;
#1450 = DIRECTION ( 'NONE',  ( -0.000000000000000000, 0.000000000000000000, 1.000000000000000000 ) ) ;
#1451 = AXIS2_PLACEMENT_3D ( 'NONE', #162, #730, #1065 ) ;
#1452 = ADVANCED_FACE ( 'NONE', ( #1189 ), #168, .T. ) ;
#1453 = AXIS2_PLACEMENT_3D ( 'NONE', #1415, #1298, #1409 ) ;
#1454 = CARTESIAN_POINT ( 'NONE',  ( 0.000000000000000000, 0.000000000000000000, 13.00000000000000000 ) ) ;
#1455 = FACE_OUTER_BOUND ( 'NONE', #251, .T. ) ;
#1456 = LINE ( 'NONE', #1447, #1003 ) ;
#1457 = ORIENTED_EDGE ( 'NONE', *, *, #1355, .F. ) ;
#1458 = ADVANCED_FACE ( 'NONE', ( #651 ), #69, .F. ) ;
#1459 = VERTEX_POINT ( 'NONE', #1338 ) ;
#1460 = CARTESIAN_POINT ( 'NONE',  ( 0.000000000000000000, 0.000000000000000000, 23.00000000000000000 ) ) ;
#1461 = DIRECTION ( 'NONE',  ( 1.000000000000000000, 0.000000000000000000, 0.000000000000000000 ) ) ;
#1462 = CARTESIAN_POINT ( 'NONE',  ( 0.000000000000000000, 0.000000000000000000, 10.00000000000000000 ) ) ;
#1463 = CARTESIAN_POINT ( 'NONE',  ( 0.000000000000000000, 0.000000000000000000, 15.00000000000000000 ) ) ;
#1464 = ORIENTED_EDGE ( 'NONE', *, *, #847, .F. ) ;
#1465 = VECTOR ( 'NONE', #573, 1000.000000000000000 ) ;
ENDSEC;
END-ISO-10303-21;
