ISO-10303-21;
HEADER;
FILE_DESCRIPTION (( 'STEP AP214' ),
    '1' );
FILE_NAME ('P001-B100_SquareDynamo_Rev2C_3.STEP',
    '2026-04-17T21:13:51',
    ( '' ),
    ( '' ),
    'SwSTEP 2.0',
    'SolidWorks 2026',
    '' );
FILE_SCHEMA (( 'AUTOMOTIVE_DESIGN' ));
ENDSEC;

DATA;
#1 = DIRECTION ( 'NONE',  ( 1.000000000000000000, 0.000000000000000000, 0.000000000000000000 ) ) ;
#2 = EDGE_CURVE ( 'NONE', #3437, #132, #2324, .T. ) ;
#3 = PLANE ( 'NONE',  #207 ) ;
#4 = ORIENTED_EDGE ( 'NONE', *, *, #1920, .F. ) ;
#5 = VECTOR ( 'NONE', #488, 1000.000000000000000 ) ;
#6 = VERTEX_POINT ( 'NONE', #872 ) ;
#7 = CARTESIAN_POINT ( 'NONE',  ( 10.00000000000000000, 12.50000000000000000, 10.51737757881003965 ) ) ;
#8 = VERTEX_POINT ( 'NONE', #1689 ) ;
#9 = ORIENTED_EDGE ( 'NONE', *, *, #639, .F. ) ;
#10 = CYLINDRICAL_SURFACE ( 'NONE', #704, 2.000000000000000000 ) ;
#11 = ADVANCED_FACE ( 'NONE', ( #311, #1421 ), #1976, .T. ) ;
#12 = VECTOR ( 'NONE', #2320, 1000.000000000000000 ) ;
#13 = EDGE_CURVE ( 'NONE', #6, #463, #3526, .T. ) ;
#14 = ORIENTED_EDGE ( 'NONE', *, *, #545, .F. ) ;
#15 = DIRECTION ( 'NONE',  ( 0.000000000000000000, -1.000000000000000000, -0.000000000000000000 ) ) ;
#16 = ORIENTED_EDGE ( 'NONE', *, *, #2219, .F. ) ;
#17 = CARTESIAN_POINT ( 'NONE',  ( 9.000000000000001776, 0.000000000000000000, -12.49999999999999289 ) ) ;
#18 = AXIS2_PLACEMENT_3D ( 'NONE', #304, #1930, #2789 ) ;
#19 = CARTESIAN_POINT ( 'NONE',  ( 2.064241470802838485, -13.57514302490166003, -1.556987414448552709 ) ) ;
#20 = LINE ( 'NONE', #1969, #12 ) ;
#21 = DIRECTION ( 'NONE',  ( 1.000000000000000000, 0.000000000000000000, 0.000000000000000000 ) ) ;
#22 = CARTESIAN_POINT ( 'NONE',  ( 1.000000000000000888, 15.50000000000000178, -2.433618704727590565 ) ) ;
#23 = ORIENTED_EDGE ( 'NONE', *, *, #105, .F. ) ;
#24 = ORIENTED_EDGE ( 'NONE', *, *, #2317, .T. ) ;
#25 = DIRECTION ( 'NONE',  ( -1.000000000000000000, 0.000000000000000000, 0.000000000000000000 ) ) ;
#26 = DIRECTION ( 'NONE',  ( 1.000000000000000000, -0.000000000000000000, -0.000000000000000000 ) ) ;
#27 = DIRECTION ( 'NONE',  ( -0.000000000000000000, 1.000000000000000000, -0.000000000000000000 ) ) ;
#28 = PLANE ( 'NONE',  #1298 ) ;
#29 = ORIENTED_EDGE ( 'NONE', *, *, #2216, .F. ) ;
#30 = EDGE_CURVE ( 'NONE', #2279, #1457, #416, .T. ) ;
#31 = PLANE ( 'NONE',  #3570 ) ;
#32 = CARTESIAN_POINT ( 'NONE',  ( 1.000000000000000888, 14.08803417760343457, 0.5916770628586147662 ) ) ;
#33 = CIRCLE ( 'NONE', #1818, 1.599999999999996314 ) ;
#34 = EDGE_CURVE ( 'NONE', #849, #3076, #3304, .T. ) ;
#35 = AXIS2_PLACEMENT_3D ( 'NONE', #1230, #3123, #651 ) ;
#36 = ORIENTED_EDGE ( 'NONE', *, *, #3085, .F. ) ;
#37 = DIRECTION ( 'NONE',  ( 1.000000000000000000, -0.000000000000000000, -0.000000000000000000 ) ) ;
#38 = FACE_BOUND ( 'NONE', #3446, .T. ) ;
#39 = DIRECTION ( 'NONE',  ( -1.000000000000000000, -0.000000000000000000, -0.000000000000000000 ) ) ;
#40 = AXIS2_PLACEMENT_3D ( 'NONE', #2686, #2734, #2151 ) ;
#41 = DIRECTION ( 'NONE',  ( 0.000000000000000000, 0.000000000000000000, -1.000000000000000000 ) ) ;
#42 = FACE_OUTER_BOUND ( 'NONE', #1364, .T. ) ;
#43 = EDGE_LOOP ( 'NONE', ( #1913, #1997, #1577, #2122 ) ) ;
#44 = ORIENTED_EDGE ( 'NONE', *, *, #13, .T. ) ;
#45 = DIRECTION ( 'NONE',  ( 0.000000000000000000, 0.000000000000000000, -1.000000000000000000 ) ) ;
#46 = DIRECTION ( 'NONE',  ( 0.000000000000000000, 0.000000000000000000, 1.000000000000000000 ) ) ;
#47 = EDGE_CURVE ( 'NONE', #1722, #2459, #1340, .T. ) ;
#48 = ORIENTED_EDGE ( 'NONE', *, *, #1520, .T. ) ;
#49 = DIRECTION ( 'NONE',  ( 1.000000000000000000, 0.000000000000000000, 0.000000000000000000 ) ) ;
#50 = ADVANCED_FACE ( 'NONE', ( #2763 ), #61, .F. ) ;
#51 = DIRECTION ( 'NONE',  ( 0.000000000000000000, 0.000000000000000000, -1.000000000000000000 ) ) ;
#52 = DIRECTION ( 'NONE',  ( 0.000000000000000000, 0.000000000000000000, -1.000000000000000000 ) ) ;
#53 = ORIENTED_EDGE ( 'NONE', *, *, #545, .T. ) ;
#54 = FACE_OUTER_BOUND ( 'NONE', #2482, .T. ) ;
#55 = EDGE_CURVE ( 'NONE', #98, #1252, #3137, .T. ) ;
#56 = CARTESIAN_POINT ( 'NONE',  ( 7.937014774843873965, 13.50000000926209509, 1.176660022041200460 ) ) ;
#57 = AXIS2_PLACEMENT_3D ( 'NONE', #876, #517, #1955 ) ;
#58 = DIRECTION ( 'NONE',  ( -1.000000000000000000, 0.000000000000000000, 0.000000000000000000 ) ) ;
#59 = DIRECTION ( 'NONE',  ( 0.000000000000000000, 0.000000000000000000, 1.000000000000000000 ) ) ;
#60 = CYLINDRICAL_SURFACE ( 'NONE', #3518, 2.000000000000000000 ) ;
#61 = CYLINDRICAL_SURFACE ( 'NONE', #2563, 2.000000000000000000 ) ;
#62 = DIRECTION ( 'NONE',  ( 0.000000000000000000, 1.000000000000000000, -1.951563910473907981E-15 ) ) ;
#63 = VECTOR ( 'NONE', #1023, 1000.000000000000000 ) ;
#64 = ADVANCED_FACE ( 'NONE', ( #847 ), #1188, .T. ) ;
#65 = ORIENTED_EDGE ( 'NONE', *, *, #1442, .T. ) ;
#66 = VERTEX_POINT ( 'NONE', #885 ) ;
#67 = VERTEX_POINT ( 'NONE', #3082 ) ;
#68 = CIRCLE ( 'NONE', #2705, 2.000000000000000000 ) ;
#69 = LINE ( 'NONE', #656, #468 ) ;
#70 = ORIENTED_EDGE ( 'NONE', *, *, #179, .T. ) ;
#71 = DIRECTION ( 'NONE',  ( 0.000000000000000000, -0.000000000000000000, 1.000000000000000000 ) ) ;
#72 = ORIENTED_EDGE ( 'NONE', *, *, #2865, .F. ) ;
#73 = EDGE_CURVE ( 'NONE', #695, #2359, #2275, .T. ) ;
#74 = VECTOR ( 'NONE', #1864, 1000.000000000000000 ) ;
#75 = PLANE ( 'NONE',  #877 ) ;
#76 = DIRECTION ( 'NONE',  ( 0.000000000000000000, 0.000000000000000000, 1.000000000000000000 ) ) ;
#77 = EDGE_CURVE ( 'NONE', #2161, #2696, #3374, .T. ) ;
#78 = B_SPLINE_CURVE_WITH_KNOTS ( 'NONE', 3,
 ( #1479, #3360, #1975, #333, #1707, #1459, #2012, #890, #1236, #2559 ),
 .UNSPECIFIED., .F., .F.,
 ( 4, 2, 2, 2, 4 ),
 ( -1.555540800150910310E-05, 0.0005924406791623357043, 0.001200436766326180502, 0.001808432853490025407, 0.002416428940653869879 ),
 .UNSPECIFIED. ) ;
#79 = EDGE_LOOP ( 'NONE', ( #277, #2991 ) ) ;
#80 = CARTESIAN_POINT ( 'NONE',  ( 3.000000000000000888, 11.50000000000000000, -10.49999999999999289 ) ) ;
#81 = DIRECTION ( 'NONE',  ( 0.000000000000000000, -0.000000000000000000, 1.000000000000000000 ) ) ;
#82 = EDGE_CURVE ( 'NONE', #1871, #2593, #481, .T. ) ;
#83 = LINE ( 'NONE', #302, #1250 ) ;
#84 = CYLINDRICAL_SURFACE ( 'NONE', #3242, 2.000000000000000000 ) ;
#85 = AXIS2_PLACEMENT_3D ( 'NONE', #796, #1614, #1367 ) ;
#86 = DIRECTION ( 'NONE',  ( -0.000000000000000000, 1.000000000000000000, -0.000000000000000000 ) ) ;
#87 = CARTESIAN_POINT ( 'NONE',  ( 10.00000000000000000, -17.50000000000000000, 19.50000000000000000 ) ) ;
#88 = ORIENTED_EDGE ( 'NONE', *, *, #1344, .T. ) ;
#89 = ORIENTED_EDGE ( 'NONE', *, *, #3099, .F. ) ;
#90 = ORIENTED_EDGE ( 'NONE', *, *, #1359, .T. ) ;
#91 = CIRCLE ( 'NONE', #2046, 2.000000000000000000 ) ;
#92 = ADVANCED_FACE ( 'NONE', ( #1662 ), #3315, .F. ) ;
#93 = CARTESIAN_POINT ( 'NONE',  ( 10.00000000000000000, -15.50000000000000178, -17.49999999999999645 ) ) ;
#94 = DIRECTION ( 'NONE',  ( -0.000000000000000000, 1.000000000000000000, -0.000000000000000000 ) ) ;
#95 = VERTEX_POINT ( 'NONE', #1436 ) ;
#96 = CARTESIAN_POINT ( 'NONE',  ( 7.000000000000000888, 13.50000000000000178, 10.49999999999999822 ) ) ;
#97 = MANIFOLD_SOLID_BREP ( 'Fillet4', #2551 ) ;
#98 = VERTEX_POINT ( 'NONE', #492 ) ;
#99 = ORIENTED_EDGE ( 'NONE', *, *, #946, .T. ) ;
#100 = CARTESIAN_POINT ( 'NONE',  ( 1.000000000000000888, -15.21896650572946008, 0.7941626280643349078 ) ) ;
#101 = CARTESIAN_POINT ( 'NONE',  ( 10.00000000000000000, 12.50000000000000000, 18.48262242118995502 ) ) ;
#102 = CARTESIAN_POINT ( 'NONE',  ( 8.999999999999825917, 14.09804945031996048, 0.2418115239281432571 ) ) ;
#103 = CARTESIAN_POINT ( 'NONE',  ( 10.00000000000000000, -15.50000000000000178, -17.49999999999999645 ) ) ;
#104 = FACE_OUTER_BOUND ( 'NONE', #1458, .T. ) ;
#105 = EDGE_CURVE ( 'NONE', #396, #2598, #2515, .T. ) ;
#106 = VERTEX_POINT ( 'NONE', #2809 ) ;
#107 = ORIENTED_EDGE ( 'NONE', *, *, #3418, .T. ) ;
#108 = CARTESIAN_POINT ( 'NONE',  ( 10.00000000000000000, -5.500000000000000000, -9.499999999999996447 ) ) ;
#109 = LINE ( 'NONE', #2292, #1993 ) ;
#110 = ORIENTED_EDGE ( 'NONE', *, *, #3237, .F. ) ;
#111 = EDGE_CURVE ( 'NONE', #2998, #1197, #3376, .T. ) ;
#112 = DIRECTION ( 'NONE',  ( -0.8660254037844387076, 0.000000000000000000, -0.4999999999999998335 ) ) ;
#113 = APPLICATION_PROTOCOL_DEFINITION ( 'draft international standard', 'automotive_design', 1998, #356 ) ;
#114 = VERTEX_POINT ( 'NONE', #1478 ) ;
#115 = CARTESIAN_POINT ( 'NONE',  ( 12.00000000000000000, 12.50000000000000000, -10.51737757881003965 ) ) ;
#116 = DIRECTION ( 'NONE',  ( 0.000000000000000000, 0.000000000000000000, -1.000000000000000000 ) ) ;
#117 = EDGE_CURVE ( 'NONE', #2284, #1722, #2579, .T. ) ;
#118 = DIRECTION ( 'NONE',  ( 0.000000000000000000, 0.000000000000000000, 1.000000000000000000 ) ) ;
#119 = DIRECTION ( 'NONE',  ( 0.000000000000000000, -1.000000000000000000, 0.000000000000000000 ) ) ;
#120 =( GEOMETRIC_REPRESENTATION_CONTEXT ( 3 ) GLOBAL_UNCERTAINTY_ASSIGNED_CONTEXT ( ( #546 ) ) GLOBAL_UNIT_ASSIGNED_CONTEXT ( ( #2237, #3386, #1467 ) ) REPRESENTATION_CONTEXT ( 'NONE', 'WORKASPACE' ) );
#121 = TOROIDAL_SURFACE ( 'NONE', #2132, 4.000000000000000000, 2.000000000000000000 ) ;
#122 = ORIENTED_EDGE ( 'NONE', *, *, #273, .T. ) ;
#123 = LINE ( 'NONE', #1763, #898 ) ;
#124 = VECTOR ( 'NONE', #735, 1000.000000000000227 ) ;
#125 = DIRECTION ( 'NONE',  ( 0.000000000000000000, 0.000000000000000000, 1.000000000000000000 ) ) ;
#126 = CARTESIAN_POINT ( 'NONE',  ( 10.00000000000000000, 5.500000000000001776, -7.499999999999996447 ) ) ;
#127 = DIRECTION ( 'NONE',  ( 0.000000000000000000, 0.000000000000000000, -1.000000000000000000 ) ) ;
#128 = ORIENTED_EDGE ( 'NONE', *, *, #2865, .T. ) ;
#129 = CIRCLE ( 'NONE', #229, 2.000000000000000000 ) ;
#130 = CARTESIAN_POINT ( 'NONE',  ( 7.000000000000000888, -11.50000000000000178, -8.499999999999992895 ) ) ;
#131 = CARTESIAN_POINT ( 'NONE',  ( 1.000000000000000888, -15.50000000000000178, -1.722455817479328966 ) ) ;
#132 = VERTEX_POINT ( 'NONE', #425 ) ;
#133 = DIRECTION ( 'NONE',  ( 0.000000000000000000, 0.000000000000000000, -1.000000000000000000 ) ) ;
#134 = CARTESIAN_POINT ( 'NONE',  ( 9.000000000000001776, 15.50000000000000000, -19.49999999999999645 ) ) ;
#135 = DIRECTION ( 'NONE',  ( 0.000000000000000000, 0.000000000000000000, -1.000000000000000000 ) ) ;
#136 = CARTESIAN_POINT ( 'NONE',  ( 9.000000000000001776, -14.81608031986651142, -0.2817865751317591427 ) ) ;
#137 = ORIENTED_EDGE ( 'NONE', *, *, #2331, .T. ) ;
#138 = DIRECTION ( 'NONE',  ( 0.000000000000000000, 0.000000000000000000, 1.000000000000000000 ) ) ;
#139 = CARTESIAN_POINT ( 'NONE',  ( 5.000000000000001776, -5.500000000000000000, 5.000000000000000000 ) ) ;
#140 = DIRECTION ( 'NONE',  ( 0.000000000000000000, -1.000000000000000000, 0.000000000000000000 ) ) ;
#141 = ORIENTED_EDGE ( 'NONE', *, *, #105, .T. ) ;
#142 = VECTOR ( 'NONE', #2967, 1000.000000000000000 ) ;
#143 = FACE_OUTER_BOUND ( 'NONE', #680, .T. ) ;
#144 = ADVANCED_FACE ( 'NONE', ( #2594 ), #538, .F. ) ;
#145 = DIRECTION ( 'NONE',  ( 0.000000000000000000, 0.000000000000000000, 1.000000000000000000 ) ) ;
#146 = EDGE_LOOP ( 'NONE', ( #3279, #3169, #36, #1678 ) ) ;
#147 = DIRECTION ( 'NONE',  ( -0.9999619230641713097, 1.068692376572941468E-18, -0.008726535498373953759 ) ) ;
#148 = AXIS2_PLACEMENT_3D ( 'NONE', #1594, #1328, #2691 ) ;
#149 = CARTESIAN_POINT ( 'NONE',  ( 0.000000000000000000, 17.50000000000000000, -17.49999999999999289 ) ) ;
#150 = DIRECTION ( 'NONE',  ( 1.000000000000000000, -0.000000000000000000, -0.000000000000000000 ) ) ;
#151 = CARTESIAN_POINT ( 'NONE',  ( 9.000000000000001776, -15.00557673259623037, -0.4730084627987156676 ) ) ;
#152 = VECTOR ( 'NONE', #971, 1000.000000000000000 ) ;
#153 = EDGE_LOOP ( 'NONE', ( #288, #1078, #137, #161, #2287 ) ) ;
#154 = VECTOR ( 'NONE', #1156, 1000.000000000000000 ) ;
#155 = CARTESIAN_POINT ( 'NONE',  ( 1.000000000000000888, -13.85980923342397197, -1.228478618755125540 ) ) ;
#156 = CARTESIAN_POINT ( 'NONE',  ( 1.000000000000000888, -15.50000000000000178, 17.50000000000000000 ) ) ;
#157 = ORIENTED_EDGE ( 'NONE', *, *, #1850, .T. ) ;
#158 = AXIS2_PLACEMENT_3D ( 'NONE', #400, #1808, #2407 ) ;
#159 = CARTESIAN_POINT ( 'NONE',  ( 1.000000000000000888, -11.50000000000000178, -10.49999999999999289 ) ) ;
#160 = B_SPLINE_CURVE_WITH_KNOTS ( 'NONE', 3,
 ( #2817, #2542, #3385, #2276, #933, #2859, #3436, #1999, #640, #337 ),
 .UNSPECIFIED., .F., .F.,
 ( 4, 2, 2, 2, 4 ),
 ( 0.000000000000000000, 0.0005994228920325661483, 0.001198845784065132297, 0.001798268676097698445, 0.002397691568130264593 ),
 .UNSPECIFIED. ) ;
#161 = ORIENTED_EDGE ( 'NONE', *, *, #2519, .T. ) ;
#162 = LINE ( 'NONE', #3234, #1104 ) ;
#163 = EDGE_CURVE ( 'NONE', #1713, #990, #123, .T. ) ;
#164 = DIRECTION ( 'NONE',  ( -0.8660254037844385966, 0.000000000000000000, 0.5000000000000000000 ) ) ;
#165 = CARTESIAN_POINT ( 'NONE',  ( 9.000000000000001776, -15.00342960745859777, 0.4708614676658790521 ) ) ;
#166 = B_SPLINE_CURVE_WITH_KNOTS ( 'NONE', 3,
 ( #2018, #131, #2668, #1263 ),
 .UNSPECIFIED., .F., .F.,
 ( 4, 4 ),
 ( 0.000000000000000000, 0.0008778992349005513944 ),
 .UNSPECIFIED. ) ;
#167 = DIRECTION ( 'NONE',  ( -0.000000000000000000, 1.000000000000000000, -0.000000000000000000 ) ) ;
#168 = CYLINDRICAL_SURFACE ( 'NONE', #1959, 2.000000000000000000 ) ;
#169 = CYLINDRICAL_SURFACE ( 'NONE', #2295, 2.000000000000000000 ) ;
#170 = ORIENTED_EDGE ( 'NONE', *, *, #314, .F. ) ;
#171 = LINE ( 'NONE', #2342, #3190 ) ;
#172 = EDGE_CURVE ( 'NONE', #242, #695, #2674, .T. ) ;
#173 = DIRECTION ( 'NONE',  ( -1.000000000000000000, -0.000000000000000000, -0.000000000000000000 ) ) ;
#174 = ORIENTED_EDGE ( 'NONE', *, *, #1979, .F. ) ;
#175 = AXIS2_PLACEMENT_3D ( 'NONE', #2181, #1902, #1124 ) ;
#176 = DIRECTION ( 'NONE',  ( 1.000000000000000000, 0.000000000000000000, 0.000000000000000000 ) ) ;
#177 = CIRCLE ( 'NONE', #2833, 1.417075716794923945 ) ;
#178 = ORIENTED_EDGE ( 'NONE', *, *, #2000, .F. ) ;
#179 = EDGE_CURVE ( 'NONE', #1130, #2839, #2341, .T. ) ;
#180 = DIRECTION ( 'NONE',  ( -1.000000000000000000, -0.000000000000000000, -0.000000000000000000 ) ) ;
#181 = VECTOR ( 'NONE', #2891, 1000.000000000000000 ) ;
#182 = CARTESIAN_POINT ( 'NONE',  ( 5.000000000000000888, 13.50000000000000178, 3.149999999999999911 ) ) ;
#183 = DIRECTION ( 'NONE',  ( 0.000000000000000000, 1.000000000000000000, 1.517883041479706208E-15 ) ) ;
#184 = CARTESIAN_POINT ( 'NONE',  ( 19.50436326774918427, -12.50000000000000000, -14.49999999999999645 ) ) ;
#185 = ADVANCED_FACE ( 'NONE', ( #3145 ), #3028, .F. ) ;
#186 = CYLINDRICAL_SURFACE ( 'NONE', #1515, 2.000000000000001776 ) ;
#187 = DIRECTION ( 'NONE',  ( -1.000000000000000000, 0.000000000000000000, 0.000000000000000000 ) ) ;
#188 = EDGE_CURVE ( 'NONE', #2792, #2527, #2917, .T. ) ;
#189 = VERTEX_POINT ( 'NONE', #2890 ) ;
#190 = CARTESIAN_POINT ( 'NONE',  ( 1.000000000000000888, -14.81477925230223569, -0.2804748040744856619 ) ) ;
#191 = DIRECTION ( 'NONE',  ( -1.000000000000000000, 0.000000000000000000, 0.000000000000000000 ) ) ;
#192 = ORIENTED_EDGE ( 'NONE', *, *, #2346, .F. ) ;
#193 = DIRECTION ( 'NONE',  ( -0.000000000000000000, 1.000000000000000000, -0.000000000000000000 ) ) ;
#194 = AXIS2_PLACEMENT_3D ( 'NONE', #3180, #706, #138 ) ;
#195 = ORIENTED_EDGE ( 'NONE', *, *, #762, .F. ) ;
#196 = DIRECTION ( 'NONE',  ( -1.000000000000000000, 0.000000000000000000, 0.000000000000000000 ) ) ;
#197 = CARTESIAN_POINT ( 'NONE',  ( 20.00000000000000000, 12.50000000000000000, -13.08292428320507383 ) ) ;
#198 = DIRECTION ( 'NONE',  ( 0.000000000000000000, 0.000000000000000000, 1.000000000000000000 ) ) ;
#199 = B_SPLINE_CURVE_WITH_KNOTS ( 'NONE', 3,
 ( #774, #283, #219, #1592, #527, #3541, #2471, #1327, #1396, #3258, #1624, #2453, #549, #2706 ),
 .UNSPECIFIED., .F., .F.,
 ( 4, 2, 2, 2, 2, 2, 4 ),
 ( 0.000000000000000000, 0.001223362171936848847, 0.002446724343873697693, 0.003058405429842122117, 0.003670086515810546540, 0.004281767601778970964, 0.004893448687747395387 ),
 .UNSPECIFIED. ) ;
#200 = CARTESIAN_POINT ( 'NONE',  ( 19.50436326774918427, -12.50000000000000000, -14.49999999999999645 ) ) ;
#201 = CARTESIAN_POINT ( 'NONE',  ( 9.000000000000001776, -15.50000000000000178, -2.020725942163691613 ) ) ;
#202 = ORIENTED_EDGE ( 'NONE', *, *, #2720, .T. ) ;
#203 = DIRECTION ( 'NONE',  ( 0.000000000000000000, -0.000000000000000000, -1.000000000000000000 ) ) ;
#204 = EDGE_CURVE ( 'NONE', #3557, #3356, #2398, .T. ) ;
#205 = DIRECTION ( 'NONE',  ( 0.000000000000000000, 0.000000000000000000, 1.000000000000000000 ) ) ;
#206 = ORIENTED_EDGE ( 'NONE', *, *, #1634, .F. ) ;
#207 = AXIS2_PLACEMENT_3D ( 'NONE', #3560, #2994, #3543 ) ;
#208 = CARTESIAN_POINT ( 'NONE',  ( 9.000000000000001776, 15.50000000000000178, -2.433618704727591453 ) ) ;
#209 = ADVANCED_FACE ( 'NONE', ( #1423 ), #28, .F. ) ;
#210 = ORIENTED_EDGE ( 'NONE', *, *, #3263, .T. ) ;
#211 = AXIS2_PLACEMENT_3D ( 'NONE', #1635, #3270, #2433 ) ;
#212 = CARTESIAN_POINT ( 'NONE',  ( 10.00000000000000000, -5.500000000000000000, 9.500000000000000000 ) ) ;
#213 = PLANE ( 'NONE',  #240 ) ;
#214 = FACE_OUTER_BOUND ( 'NONE', #296, .T. ) ;
#215 = CYLINDRICAL_SURFACE ( 'NONE', #418, 2.000000000000000000 ) ;
#216 = EDGE_CURVE ( 'NONE', #221, #3383, #2525, .T. ) ;
#217 = CARTESIAN_POINT ( 'NONE',  ( 10.00000000000000000, -7.500000000000000000, 9.500000000000000000 ) ) ;
#218 = ORIENTED_EDGE ( 'NONE', *, *, #1771, .F. ) ;
#219 = CARTESIAN_POINT ( 'NONE',  ( 9.000000000000003553, 15.42281632692050053, -1.625279558249122847 ) ) ;
#220 = CARTESIAN_POINT ( 'NONE',  ( 5.000000000000000888, 13.50000000000000178, 0.000000000000000000 ) ) ;
#221 = VERTEX_POINT ( 'NONE', #2731 ) ;
#222 = EDGE_CURVE ( 'NONE', #532, #242, #1575, .T. ) ;
#223 = DIRECTION ( 'NONE',  ( 0.000000000000000000, 0.000000000000000000, -1.000000000000000000 ) ) ;
#224 = ORIENTED_EDGE ( 'NONE', *, *, #2382, .T. ) ;
#225 = FACE_OUTER_BOUND ( 'NONE', #552, .T. ) ;
#226 = VECTOR ( 'NONE', #289, 1000.000000000000000 ) ;
#227 = DIRECTION ( 'NONE',  ( 0.000000000000000000, 0.000000000000000000, -1.000000000000000000 ) ) ;
#228 = CARTESIAN_POINT ( 'NONE',  ( 1.000000000000000888, 15.23774571818758616, 0.8310610425886828523 ) ) ;
#229 = AXIS2_PLACEMENT_3D ( 'NONE', #1758, #2243, #3101 ) ;
#230 = DIRECTION ( 'NONE',  ( 1.000000000000000000, -0.000000000000000000, -0.000000000000000000 ) ) ;
#231 = CARTESIAN_POINT ( 'NONE',  ( 9.000000000000001776, 15.37724754551420148, -1.426634115089739474 ) ) ;
#232 = ORIENTED_EDGE ( 'NONE', *, *, #1909, .F. ) ;
#233 = AXIS2_PLACEMENT_3D ( 'NONE', #2644, #3195, #1555 ) ;
#234 = CARTESIAN_POINT ( 'NONE',  ( 3.000000000000000888, 15.50000000000000178, -2.433618704727590565 ) ) ;
#235 = CARTESIAN_POINT ( 'NONE',  ( 5.000000000000003553, -13.50000000000000178, -3.175426480542941743 ) ) ;
#236 = AXIS2_PLACEMENT_3D ( 'NONE', #427, #1529, #550 ) ;
#237 = AXIS2_PLACEMENT_3D ( 'NONE', #804, #2133, #3573 ) ;
#238 = VERTEX_POINT ( 'NONE', #1319 ) ;
#239 = VERTEX_POINT ( 'NONE', #326 ) ;
#240 = AXIS2_PLACEMENT_3D ( 'NONE', #1322, #1338, #873 ) ;
#241 = LINE ( 'NONE', #1102, #878 ) ;
#242 = VERTEX_POINT ( 'NONE', #825 ) ;
#243 = PLANE ( 'NONE',  #2700 ) ;
#244 = MECHANICAL_DESIGN_GEOMETRIC_PRESENTATION_REPRESENTATION (  '', ( #1067 ), #2857 ) ;
#245 = FACE_OUTER_BOUND ( 'NONE', #1159, .T. ) ;
#246 = ADVANCED_FACE ( 'NONE', ( #1174 ), #1692, .T. ) ;
#247 = CARTESIAN_POINT ( 'NONE',  ( 9.000000000000001776, -15.50000000000000711, -1.724891777631920586 ) ) ;
#248 = DIRECTION ( 'NONE',  ( 0.000000000000000000, 0.000000000000000000, 1.000000000000000000 ) ) ;
#249 = DIRECTION ( 'NONE',  ( 0.000000000000000000, 0.000000000000000000, 1.000000000000000000 ) ) ;
#250 = PRESENTATION_STYLE_ASSIGNMENT (( #2472 ) ) ;
#251 = DIRECTION ( 'NONE',  ( 0.000000000000000000, 0.000000000000000000, -1.000000000000000000 ) ) ;
#252 = ORIENTED_EDGE ( 'NONE', *, *, #486, .F. ) ;
#253 = CARTESIAN_POINT ( 'NONE',  ( 9.000000000000001776, -17.50000000000000000, 19.50000000000000000 ) ) ;
#254 = ORIENTED_EDGE ( 'NONE', *, *, #2945, .T. ) ;
#255 = ADVANCED_FACE ( 'NONE', ( #588 ), #1246, .F. ) ;
#256 = CARTESIAN_POINT ( 'NONE',  ( 1.000000000000000888, -11.50000000000000178, 8.499999999999998224 ) ) ;
#257 = CARTESIAN_POINT ( 'NONE',  ( 2.900091147718115270, 13.50000000000000178, 2.351511486765941683 ) ) ;
#258 = EDGE_CURVE ( 'NONE', #2459, #889, #20, .T. ) ;
#259 = EDGE_LOOP ( 'NONE', ( #1163, #1859, #2520, #3303 ) ) ;
#260 = CYLINDRICAL_SURFACE ( 'NONE', #2666, 2.000000000000000000 ) ;
#261 = DIRECTION ( 'NONE',  ( -1.000000000000000000, 0.000000000000000000, 0.000000000000000000 ) ) ;
#262 = DIRECTION ( 'NONE',  ( 0.000000000000000000, -0.000000000000000000, 1.000000000000000000 ) ) ;
#263 = CARTESIAN_POINT ( 'NONE',  ( 1.000000000000000888, 15.50000000000000000, 2.025753506377894197 ) ) ;
#264 = ORIENTED_EDGE ( 'NONE', *, *, #331, .T. ) ;
#265 = B_SPLINE_CURVE_WITH_KNOTS ( 'NONE', 3,
 ( #868, #263, #1931, #2425, #3337, #1663, #1398, #2209, #3033, #3280, #3011, #2496, #2744, #22 ),
 .UNSPECIFIED., .F., .F.,
 ( 4, 2, 2, 2, 2, 2, 4 ),
 ( 0.000000000000000000, 0.001223362171936848630, 0.002446724343873697260, 0.003058405429842121683, 0.003670086515810546540, 0.004281767601778970964, 0.004893448687747393652 ),
 .UNSPECIFIED. ) ;
#266 = EDGE_LOOP ( 'NONE', ( #3443, #3507, #210, #122, #3307, #3363 ) ) ;
#267 = EDGE_CURVE ( 'NONE', #879, #840, #2043, .T. ) ;
#268 = CARTESIAN_POINT ( 'NONE',  ( 3.000000000000000888, -11.50000000000000178, -8.499999999999992895 ) ) ;
#269 = ORIENTED_EDGE ( 'NONE', *, *, #2737, .T. ) ;
#270 = DIRECTION ( 'NONE',  ( 1.000000000000000000, -0.000000000000000000, -0.000000000000000000 ) ) ;
#271 = CARTESIAN_POINT ( 'NONE',  ( 2.546558922827132143, 13.49999999758684055, -1.983626002652385756 ) ) ;
#272 = AXIS2_PLACEMENT_3D ( 'NONE', #2060, #915, #3113 ) ;
#273 = EDGE_CURVE ( 'NONE', #3523, #1483, #2788, .T. ) ;
#274 = CIRCLE ( 'NONE', #3292, 5.000000000000000000 ) ;
#275 = ORIENTED_EDGE ( 'NONE', *, *, #1562, .T. ) ;
#276 = DIRECTION ( 'NONE',  ( 1.000000000000000000, 0.000000000000000000, 0.000000000000000000 ) ) ;
#277 = ORIENTED_EDGE ( 'NONE', *, *, #3477, .T. ) ;
#278 = DIRECTION ( 'NONE',  ( -1.000000000000000000, 0.000000000000000000, 0.000000000000000000 ) ) ;
#279 = AXIS2_PLACEMENT_3D ( 'NONE', #3493, #1781, #3229 ) ;
#280 = ORIENTED_EDGE ( 'NONE', *, *, #1958, .F. ) ;
#281 = CYLINDRICAL_SURFACE ( 'NONE', #839, 5.000000000000000000 ) ;
#282 = AXIS2_PLACEMENT_3D ( 'NONE', #3139, #21, #1133 ) ;
#283 = CARTESIAN_POINT ( 'NONE',  ( 9.000000000000001776, 15.49999999999999822, -2.025753506377893753 ) ) ;
#284 = VERTEX_POINT ( 'NONE', #1652 ) ;
#285 = DIRECTION ( 'NONE',  ( 1.000000000000000000, 0.000000000000000000, 0.000000000000000000 ) ) ;
#286 = ADVANCED_FACE ( 'NONE', ( #1410 ), #2512, .F. ) ;
#287 = ORIENTED_EDGE ( 'NONE', *, *, #3008, .T. ) ;
#288 = ORIENTED_EDGE ( 'NONE', *, *, #267, .F. ) ;
#289 = DIRECTION ( 'NONE',  ( -0.000000000000000000, 1.000000000000000000, -0.000000000000000000 ) ) ;
#290 = VECTOR ( 'NONE', #2955, 1000.000000000000000 ) ;
#291 = VERTEX_POINT ( 'NONE', #101 ) ;
#292 = DIRECTION ( 'NONE',  ( -0.000000000000000000, -0.000000000000000000, 1.000000000000000000 ) ) ;
#293 = CARTESIAN_POINT ( 'NONE',  ( 9.000000000000001776, -15.50000000000000178, -19.49999999999999289 ) ) ;
#294 = DIRECTION ( 'NONE',  ( -1.000000000000000000, -0.000000000000000000, -0.000000000000000000 ) ) ;
#295 = PRESENTATION_LAYER_ASSIGNMENT (  '', '', ( #1067 ) ) ;
#296 = EDGE_LOOP ( 'NONE', ( #870, #3143, #350, #3110 ) ) ;
#297 = CARTESIAN_POINT ( 'NONE',  ( 7.000000000000000888, -13.50000000000000178, 10.49999999999999822 ) ) ;
#298 = CARTESIAN_POINT ( 'NONE',  ( 9.000000000000001776, 13.85769686447937943, 1.920340638378506437 ) ) ;
#299 = CIRCLE ( 'NONE', #964, 1.599999999999996314 ) ;
#300 = ORIENTED_EDGE ( 'NONE', *, *, #82, .T. ) ;
#301 = ADVANCED_FACE ( 'NONE', ( #2347 ), #715, .F. ) ;
#302 = CARTESIAN_POINT ( 'NONE',  ( 7.750000000000001776, -9.500000000000001776, -1.587713240271472648 ) ) ;
#303 = DIRECTION ( 'NONE',  ( 1.000000000000000000, 0.000000000000000000, 0.000000000000000000 ) ) ;
#304 = CARTESIAN_POINT ( 'NONE',  ( 0.000000000000000000, 15.50000000000000000, 17.50000000000000000 ) ) ;
#305 = CARTESIAN_POINT ( 'NONE',  ( 10.00000000000000000, 12.50000000000000000, -14.49999999999999645 ) ) ;
#306 = ORIENTED_EDGE ( 'NONE', *, *, #997, .F. ) ;
#307 = ORIENTED_EDGE ( 'NONE', *, *, #2331, .F. ) ;
#308 = EDGE_CURVE ( 'NONE', #990, #2614, #166, .T. ) ;
#309 = CYLINDRICAL_SURFACE ( 'NONE', #3009, 2.000000000000000000 ) ;
#310 = AXIS2_PLACEMENT_3D ( 'NONE', #2343, #1283, #461 ) ;
#311 = FACE_OUTER_BOUND ( 'NONE', #2569, .T. ) ;
#312 = DIRECTION ( 'NONE',  ( -1.000000000000000000, -0.000000000000000000, -0.000000000000000000 ) ) ;
#313 = ORIENTED_EDGE ( 'NONE', *, *, #2052, .T. ) ;
#314 = EDGE_CURVE ( 'NONE', #2575, #1531, #3454, .T. ) ;
#315 = DIRECTION ( 'NONE',  ( 1.000000000000000000, 0.000000000000000000, 0.000000000000000000 ) ) ;
#316 = CARTESIAN_POINT ( 'NONE',  ( 1.000000000000000888, 13.69580610274847920, -2.231869944486954527 ) ) ;
#317 = B_SPLINE_CURVE_WITH_KNOTS ( 'NONE', 3,
 ( #2985, #1882, #3071, #2522, #1027, #2130, #782, #2117, #1308, #470 ),
 .UNSPECIFIED., .F., .F.,
 ( 4, 2, 2, 2, 4 ),
 ( -1.555540800149976202E-05, 0.0005924406791623605326, 0.001200436766326220834, 0.001808432853490081135, 0.002416428940653941437 ),
 .UNSPECIFIED. ) ;
#318 = VECTOR ( 'NONE', #3245, 1000.000000000000000 ) ;
#319 = EDGE_LOOP ( 'NONE', ( #2078, #1260, #3349, #2023 ) ) ;
#320 = ADVANCED_FACE ( 'NONE', ( #700 ), #3469, .F. ) ;
#321 = CARTESIAN_POINT ( 'NONE',  ( 11.98254692900324514, -12.50000000000000000, 14.49999999999999645 ) ) ;
#322 = DIRECTION ( 'NONE',  ( 1.000000000000000000, -0.000000000000000000, -0.000000000000000000 ) ) ;
#323 = ORIENTED_EDGE ( 'NONE', *, *, #2432, .F. ) ;
#324 = CARTESIAN_POINT ( 'NONE',  ( 2.250000000000002220, -13.50000000000000178, -1.587713240271470205 ) ) ;
#325 = EDGE_CURVE ( 'NONE', #2307, #2527, #1192, .T. ) ;
#326 = CARTESIAN_POINT ( 'NONE',  ( 20.00000000000000000, -12.50000000000000000, 15.91707571679492084 ) ) ;
#327 = PLANE ( 'NONE',  #2143 ) ;
#328 = CARTESIAN_POINT ( 'NONE',  ( 20.00000000000000000, 12.50000000000000000, -14.49999999999999645 ) ) ;
#329 = CARTESIAN_POINT ( 'NONE',  ( 9.000000000000001776, -15.35404962177391752, 1.154700538379197283 ) ) ;
#330 = ORIENTED_EDGE ( 'NONE', *, *, #2963, .T. ) ;
#331 = EDGE_CURVE ( 'NONE', #648, #613, #2183, .T. ) ;
#332 = VERTEX_POINT ( 'NONE', #2819 ) ;
#333 = CARTESIAN_POINT ( 'NONE',  ( 8.854115975606061895, -14.57884945400970089, -1.298133876117814500 ) ) ;
#334 = DIRECTION ( 'NONE',  ( 0.000000000000000000, 0.000000000000000000, 1.000000000000000000 ) ) ;
#335 = EDGE_LOOP ( 'NONE', ( #2177, #3246 ) ) ;
#336 = ORIENTED_EDGE ( 'NONE', *, *, #2631, .F. ) ;
#337 = CARTESIAN_POINT ( 'NONE',  ( 1.000000000000000888, -15.35404962177395660, 1.154700538379232810 ) ) ;
#338 = CARTESIAN_POINT ( 'NONE',  ( 5.000000000000001776, -5.500000000000000000, 5.000000000000000000 ) ) ;
#339 = ORIENTED_EDGE ( 'NONE', *, *, #961, .T. ) ;
#340 = PLANE ( 'NONE',  #3530 ) ;
#341 = CARTESIAN_POINT ( 'NONE',  ( 9.000000000000001776, 15.49999999021022390, 2.227145702218721990 ) ) ;
#342 = VECTOR ( 'NONE', #469, 1000.000000000000000 ) ;
#343 = DIRECTION ( 'NONE',  ( 1.000000000000000000, -0.000000000000000000, -0.000000000000000000 ) ) ;
#344 = PLANE ( 'NONE',  #1471 ) ;
#345 = DIRECTION ( 'NONE',  ( -0.000000000000000000, -1.000000000000000000, -0.000000000000000000 ) ) ;
#346 = ORIENTED_EDGE ( 'NONE', *, *, #1940, .T. ) ;
#347 = CARTESIAN_POINT ( 'NONE',  ( 1.000000000000000888, 15.50000000000000178, -2.433618704727590565 ) ) ;
#348 = AXIS2_PLACEMENT_3D ( 'NONE', #268, #3053, #1380 ) ;
#349 = ORIENTED_EDGE ( 'NONE', *, *, #1611, .F. ) ;
#350 = ORIENTED_EDGE ( 'NONE', *, *, #1723, .F. ) ;
#351 = CIRCLE ( 'NONE', #2603, 2.000000000000001776 ) ;
#352 = DIRECTION ( 'NONE',  ( -1.000000000000000000, -0.000000000000000000, -0.000000000000000000 ) ) ;
#353 = DIRECTION ( 'NONE',  ( -0.000000000000000000, 1.000000000000000000, -0.000000000000000000 ) ) ;
#354 = AXIS2_PLACEMENT_3D ( 'NONE', #1657, #2528, #2221 ) ;
#355 = ORIENTED_EDGE ( 'NONE', *, *, #2054, .F. ) ;
#356 = APPLICATION_CONTEXT ( 'automotive_design' ) ;
#357 = LINE ( 'NONE', #1980, #1446 ) ;
#358 = CARTESIAN_POINT ( 'NONE',  ( 19.50000000000000000, 12.50000000000000000, -14.49999999999999645 ) ) ;
#359 = AXIS2_PLACEMENT_3D ( 'NONE', #2502, #26, #1142 ) ;
#360 = CIRCLE ( 'NONE', #1399, 1.982698575061616175 ) ;
#361 = EDGE_LOOP ( 'NONE', ( #1243, #72, #1961, #1544 ) ) ;
#362 = EDGE_CURVE ( 'NONE', #3284, #926, #3537, .T. ) ;
#363 = CIRCLE ( 'NONE', #768, 2.000000000000000000 ) ;
#364 = CARTESIAN_POINT ( 'NONE',  ( 2.344070064047203861, -13.50000000000001243, 1.642024617071817127 ) ) ;
#365 = CARTESIAN_POINT ( 'NONE',  ( 8.999999999999827693, 14.01474724863937205, -1.336834351558318534 ) ) ;
#366 = CARTESIAN_POINT ( 'NONE',  ( 5.000000000000000888, 5.500000000000000000, 0.000000000000000000 ) ) ;
#367 = CARTESIAN_POINT ( 'NONE',  ( 10.00000000000000000, -17.50000000000000000, 19.50000000000000000 ) ) ;
#368 = DIRECTION ( 'NONE',  ( 0.000000000000000000, 0.000000000000000000, 1.000000000000000000 ) ) ;
#369 = ORIENTED_EDGE ( 'NONE', *, *, #536, .F. ) ;
#370 = CARTESIAN_POINT ( 'NONE',  ( 10.00000000000000000, 12.50000000000000000, 14.49999999999999645 ) ) ;
#371 = EDGE_LOOP ( 'NONE', ( #568, #3495, #3105, #1266 ) ) ;
#372 = VERTEX_POINT ( 'NONE', #1434 ) ;
#373 = VERTEX_POINT ( 'NONE', #904 ) ;
#374 = TOROIDAL_SURFACE ( 'NONE', #902, 4.000000000000000000, 2.000000000000000000 ) ;
#375 = CARTESIAN_POINT ( 'NONE',  ( 7.000000000000000888, 11.50000000000000178, 12.49999999999999822 ) ) ;
#376 = DIRECTION ( 'NONE',  ( 0.000000000000000000, 0.000000000000000000, 1.000000000000000000 ) ) ;
#377 = ORIENTED_EDGE ( 'NONE', *, *, #2709, .F. ) ;
#378 = CARTESIAN_POINT ( 'NONE',  ( 0.000000000000000000, -17.50000000000000000, 17.50000000000000000 ) ) ;
#379 = ADVANCED_FACE ( 'NONE', ( #2824 ), #344, .F. ) ;
#380 = VERTEX_POINT ( 'NONE', #3515 ) ;
#381 = CARTESIAN_POINT ( 'NONE',  ( 0.000000000000000000, 15.50000000000000000, -19.49999999999999645 ) ) ;
#382 = CARTESIAN_POINT ( 'NONE',  ( 7.453441077172825224, 13.49999999758683167, 1.983626002652386644 ) ) ;
#383 = VECTOR ( 'NONE', #386, 1000.000000000000000 ) ;
#384 = AXIS2_PLACEMENT_3D ( 'NONE', #3539, #565, #3291 ) ;
#385 = DIRECTION ( 'NONE',  ( -1.000000000000000000, 0.000000000000000000, -0.000000000000000000 ) ) ;
#386 = DIRECTION ( 'NONE',  ( 0.000000000000000000, 0.000000000000000000, -1.000000000000000000 ) ) ;
#387 = EDGE_LOOP ( 'NONE', ( #1388, #1893, #2810, #834 ) ) ;
#388 = ORIENTED_EDGE ( 'NONE', *, *, #2353, .T. ) ;
#389 = ORIENTED_EDGE ( 'NONE', *, *, #1776, .F. ) ;
#390 = CARTESIAN_POINT ( 'NONE',  ( 10.00000000000000000, 7.500000000000000888, 9.500000000000000000 ) ) ;
#391 = CARTESIAN_POINT ( 'NONE',  ( 1.000000000000000888, 11.50000000000000178, 12.49999999999999822 ) ) ;
#392 = ORIENTED_EDGE ( 'NONE', *, *, #2236, .T. ) ;
#393 = EDGE_CURVE ( 'NONE', #3557, #2456, #1807, .T. ) ;
#394 = CYLINDRICAL_SURFACE ( 'NONE', #2081, 2.000000000000000000 ) ;
#395 = ORIENTED_EDGE ( 'NONE', *, *, #2615, .T. ) ;
#396 = VERTEX_POINT ( 'NONE', #803 ) ;
#397 = CARTESIAN_POINT ( 'NONE',  ( 1.000000000000000888, -15.50000000000000178, 19.50000000000000000 ) ) ;
#398 = CARTESIAN_POINT ( 'NONE',  ( 7.000000000000000888, 11.50000000000000178, 10.49999999999999822 ) ) ;
#399 = CARTESIAN_POINT ( 'NONE',  ( 10.00000000000000000, -7.500000000000000000, -9.499999999999996447 ) ) ;
#400 = CARTESIAN_POINT ( 'NONE',  ( 12.00000000000000000, -12.50000000000000000, 18.48262242118995502 ) ) ;
#401 = VECTOR ( 'NONE', #3232, 1000.000000000000000 ) ;
#402 = ORIENTED_EDGE ( 'NONE', *, *, #1219, .T. ) ;
#403 = ORIENTED_EDGE ( 'NONE', *, *, #3497, .T. ) ;
#404 = DIRECTION ( 'NONE',  ( 1.000000000000000000, 0.000000000000000000, 0.000000000000000000 ) ) ;
#405 = VECTOR ( 'NONE', #1285, 1000.000000000000000 ) ;
#406 = CARTESIAN_POINT ( 'NONE',  ( 2.735493744062712729, -13.50000000000000355, -1.868013184095958179 ) ) ;
#407 = ADVANCED_FACE ( 'NONE', ( #1387 ), #3293, .F. ) ;
#408 = EDGE_CURVE ( 'NONE', #450, #3322, #299, .T. ) ;
#409 = DIRECTION ( 'NONE',  ( -0.000000000000000000, 1.000000000000000000, -0.000000000000000000 ) ) ;
#410 = ORIENTED_EDGE ( 'NONE', *, *, #431, .T. ) ;
#411 = AXIS2_PLACEMENT_3D ( 'NONE', #2028, #905, #1970 ) ;
#412 = PLANE ( 'NONE',  #1612 ) ;
#413 = ORIENTED_EDGE ( 'NONE', *, *, #547, .T. ) ;
#414 = EDGE_LOOP ( 'NONE', ( #392, #330, #1675, #3413 ) ) ;
#415 = DIRECTION ( 'NONE',  ( -0.000000000000000000, 0.000000000000000000, 1.000000000000000000 ) ) ;
#416 = CIRCLE ( 'NONE', #891, 0.5000000000000004441 ) ;
#417 = FACE_OUTER_BOUND ( 'NONE', #1094, .T. ) ;
#418 = AXIS2_PLACEMENT_3D ( 'NONE', #1924, #785, #522 ) ;
#419 = CIRCLE ( 'NONE', #533, 2.000000000000000000 ) ;
#420 = CARTESIAN_POINT ( 'NONE',  ( 9.000000000000001776, 11.50000000000000000, -12.49999999999999289 ) ) ;
#421 = DIRECTION ( 'NONE',  ( 1.000000000000000000, 0.000000000000000000, -0.000000000000000000 ) ) ;
#422 = EDGE_CURVE ( 'NONE', #2195, #962, #2394, .T. ) ;
#423 = ORIENTED_EDGE ( 'NONE', *, *, #1833, .T. ) ;
#424 = VECTOR ( 'NONE', #3065, 1000.000000000000000 ) ;
#425 = CARTESIAN_POINT ( 'NONE',  ( 10.00000000000000000, 17.50000000000000000, -17.49999999999999289 ) ) ;
#426 = CARTESIAN_POINT ( 'NONE',  ( 2.873434300305917954, -13.50000000000000178, -1.947653201375181498 ) ) ;
#427 = CARTESIAN_POINT ( 'NONE',  ( 1.000000000000000888, 15.50000000000000178, -17.49999999999999289 ) ) ;
#428 = DIRECTION ( 'NONE',  ( 0.000000000000000000, 0.000000000000000000, 1.000000000000000000 ) ) ;
#429 = ORIENTED_EDGE ( 'NONE', *, *, #3300, .T. ) ;
#430 = AXIS2_PLACEMENT_3D ( 'NONE', #2656, #3225, #1756 ) ;
#431 = EDGE_CURVE ( 'NONE', #1270, #2509, #3182, .T. ) ;
#432 = CARTESIAN_POINT ( 'NONE',  ( 9.000000000000001776, -15.50000000000000178, -2.020725942163691613 ) ) ;
#433 = DIRECTION ( 'NONE',  ( -1.000000000000000000, 0.000000000000000000, 0.000000000000000000 ) ) ;
#434 = ORIENTED_EDGE ( 'NONE', *, *, #600, .T. ) ;
#435 = DIRECTION ( 'NONE',  ( 0.000000000000000000, 0.000000000000000000, 1.000000000000000000 ) ) ;
#436 = VECTOR ( 'NONE', #1912, 1000.000000000000000 ) ;
#437 = CARTESIAN_POINT ( 'NONE',  ( 10.00000000000000000, -12.50000000000000000, -18.48262242118995502 ) ) ;
#438 = EDGE_CURVE ( 'NONE', #2210, #1035, #3005, .T. ) ;
#439 = LINE ( 'NONE', #2051, #2549 ) ;
#440 = CARTESIAN_POINT ( 'NONE',  ( 7.150816286331305172, -13.50000000000000178, -1.933652118652186225 ) ) ;
#441 = VERTEX_POINT ( 'NONE', #675 ) ;
#442 = CARTESIAN_POINT ( 'NONE',  ( 1.000000000000000888, -15.45018280308711311, -1.409874909892255390 ) ) ;
#443 = CIRCLE ( 'NONE', #2235, 1.599999999999996314 ) ;
#444 = DIRECTION ( 'NONE',  ( 0.000000000000000000, 0.000000000000000000, -1.000000000000000000 ) ) ;
#445 = ADVANCED_FACE ( 'NONE', ( #987 ), #2498, .F. ) ;
#446 = ORIENTED_EDGE ( 'NONE', *, *, #2553, .F. ) ;
#447 = DIRECTION ( 'NONE',  ( 0.000000000000000000, 0.000000000000000000, 1.000000000000000000 ) ) ;
#448 = TOROIDAL_SURFACE ( 'NONE', #1823, 4.000000000000000000, 2.000000000000000000 ) ;
#449 = PRODUCT_DEFINITION ( 'UNKNOWN', '', #2750, #2741 ) ;
#450 = VERTEX_POINT ( 'NONE', #2350 ) ;
#451 = DIRECTION ( 'NONE',  ( 1.000000000000000000, 0.000000000000000000, 0.000000000000000000 ) ) ;
#452 = FACE_OUTER_BOUND ( 'NONE', #3072, .T. ) ;
#453 = ADVANCED_FACE ( 'NONE', ( #1717 ), #374, .F. ) ;
#454 = CARTESIAN_POINT ( 'NONE',  ( 9.000000000000001776, -13.88296587816037153, 1.344469069302024922 ) ) ;
#455 =( BOUNDED_SURFACE ( )  B_SPLINE_SURFACE ( 3, 2, ( 
 ( #2717, #1323, #1056 ),
 ( #1106, #2404, #257 ),
 ( #2182, #3042, #2417 ),
 ( #3287, #2131, #3569 ),
 ( #3503, #783, #1865 ),
 ( #505, #1601, #2699 ),
 ( #228, #1957, #1712 ),
 ( #3057, #32, #1165 ),
 ( #2800, #3094, #577 ),
 ( #859, #934, #2019 ),
 ( #3133, #1186, #3075 ),
 ( #1654, #2258, #2278 ),
 ( #2218, #2753, #2001 ),
 ( #3404, #642, #2298 ),
 ( #1695, #604, #271 ),
 ( #1730, #316, #3365 ),
 ( #1428, #2818, #3325 ),
 ( #1385, #2526, #1674 ) ),
 .UNSPECIFIED., .F., .F., .F. ) 
 B_SPLINE_SURFACE_WITH_KNOTS ( ( 4, 2, 2, 2, 2, 2, 2, 2, 4 ),
 ( 3, 3 ),
 ( 0.003395891113235252178, 0.004002461542308103498, 0.004609031971380955252, 0.005215602400453807005, 0.005822172829526657892, 0.006428743258599508778, 0.007035313687672360532, 0.007641884116745212285, 0.008248454545818063172 ),
 ( 0.000000000000000000, 1.000000000000000000 ),
 .UNSPECIFIED. ) 
 GEOMETRIC_REPRESENTATION_ITEM ( )  RATIONAL_B_SPLINE_SURFACE ( (
 ( 1.000000000000000000, 0.7071067811865475727, 1.000000000000000000),
 ( 1.000000000000000000, 0.7247573172492813853, 1.000000000000000000),
 ( 1.000000000000000000, 0.7435303802131318918, 1.000000000000000000),
 ( 1.000000000000000000, 0.7816317172495826915, 1.000000000000000000),
 ( 1.000000000000000000, 0.8010647610724164203, 1.000000000000000000),
 ( 1.000000000000000000, 0.8373440686494326712, 1.000000000000000000),
 ( 1.000000000000000000, 0.8541645094323930820, 1.000000000000000000),
 ( 1.000000000000000000, 0.8790003181671395271, 1.000000000000000000),
 ( 1.000000000000000000, 0.8867697668310280390, 1.000000000000000000),
 ( 1.000000000000000000, 0.8879753897143606300, 1.000000000000000000),
 ( 1.000000000000000000, 0.8811483549126878367, 1.000000000000000000),
 ( 1.000000000000000000, 0.8569713102377938263, 1.000000000000000000),
 ( 1.000000000000000000, 0.8400769734029930325, 1.000000000000000000),
 ( 1.000000000000000000, 0.8032899633895872471, 1.000000000000000000),
 ( 1.000000000000000000, 0.7834171631309606587, 1.000000000000000000),
 ( 1.000000000000000000, 0.7443181933463313138, 1.000000000000000000),
 ( 1.000000000000000000, 0.7249751732636503521, 1.000000000000000000),
 ( 1.000000000000000000, 0.7071067811865473507, 1.000000000000000000) ) ) 
 REPRESENTATION_ITEM ( '' )  SURFACE ( )  );
#456 = DIRECTION ( 'NONE',  ( -1.000000000000000000, 0.000000000000000000, 0.000000000000000000 ) ) ;
#457 = DIRECTION ( 'NONE',  ( 1.000000000000000000, 0.000000000000000000, -0.000000000000000000 ) ) ;
#458 = ORIENTED_EDGE ( 'NONE', *, *, #748, .T. ) ;
#460 = CARTESIAN_POINT ( 'NONE',  ( 2.470938826473607186, -13.50000000000000000, -1.715272331210442758 ) ) ;
#459 = VECTOR ( 'NONE', #2544, 1000.000000000000000 ) ;
#461 = DIRECTION ( 'NONE',  ( 0.8660254037844389297, 0.000000000000000000, 0.4999999999999996114 ) ) ;
#462 = VECTOR ( 'NONE', #2148, 1000.000000000000000 ) ;
#463 = VERTEX_POINT ( 'NONE', #2823 ) ;
#464 = CONICAL_SURFACE ( 'NONE', #2474, 2.000000000000000000, 0.008726646259971666819 ) ;
#465 = DIRECTION ( 'NONE',  ( 0.000000000000000000, -0.000000000000000000, -1.000000000000000000 ) ) ;
#466 = VECTOR ( 'NONE', #3146, 1000.000000000000000 ) ;
#467 = ORIENTED_EDGE ( 'NONE', *, *, #2617, .F. ) ;
#468 = VECTOR ( 'NONE', #2580, 1000.000000000000000 ) ;
#469 = DIRECTION ( 'NONE',  ( -0.000000000000000000, 1.000000000000000000, -0.000000000000000000 ) ) ;
#470 = CARTESIAN_POINT ( 'NONE',  ( 7.750000000000001776, -13.50000000000000178, 1.587713240271470427 ) ) ;
#471 = DIRECTION ( 'NONE',  ( 0.000000000000000000, 1.000000000000000000, -9.912705577010325549E-17 ) ) ;
#472 = ADVANCED_FACE ( 'NONE', ( #2513 ), #2106, .F. ) ;
#473 = CARTESIAN_POINT ( 'NONE',  ( 3.000000000000000888, 13.50000000000000178, 10.49999999999999822 ) ) ;
#474 = DIRECTION ( 'NONE',  ( 0.000000000000000000, 0.000000000000000000, 1.000000000000000000 ) ) ;
#475 = ORIENTED_EDGE ( 'NONE', *, *, #30, .T. ) ;
#476 = LINE ( 'NONE', #3458, #2543 ) ;
#477 = CIRCLE ( 'NONE', #354, 1.917056678327011099 ) ;
#478 = DIRECTION ( 'NONE',  ( 0.000000000000000000, 0.000000000000000000, 1.000000000000000000 ) ) ;
#479 = ORIENTED_EDGE ( 'NONE', *, *, #1559, .T. ) ;
#480 = ORIENTED_EDGE ( 'NONE', *, *, #3073, .T. ) ;
#481 = CIRCLE ( 'NONE', #1804, 4.000000000000000000 ) ;
#482 = ADVANCED_FACE ( 'NONE', ( #2619 ), #2277, .T. ) ;
#483 = CARTESIAN_POINT ( 'NONE',  ( 7.000000000000000888, 15.50000000000000178, -8.499999999999992895 ) ) ;
#484 = VECTOR ( 'NONE', #1885, 1000.000000000000000 ) ;
#485 = ORIENTED_EDGE ( 'NONE', *, *, #2730, .F. ) ;
#486 = EDGE_CURVE ( 'NONE', #2509, #626, #2566, .T. ) ;
#487 = CYLINDRICAL_SURFACE ( 'NONE', #2156, 2.000000000000000000 ) ;
#488 = DIRECTION ( 'NONE',  ( -1.000000000000000000, -0.000000000000000000, 0.000000000000000000 ) ) ;
#489 = DIRECTION ( 'NONE',  ( -1.000000000000000000, 0.000000000000000000, 0.000000000000000000 ) ) ;
#490 = EDGE_CURVE ( 'NONE', #189, #956, #2390, .T. ) ;
#491 = DIRECTION ( 'NONE',  ( 0.000000000000000000, -1.000000000000000000, -0.000000000000000000 ) ) ;
#492 = CARTESIAN_POINT ( 'NONE',  ( 0.000000000000000000, 15.50000000000000000, 19.50000000000000000 ) ) ;
#493 = CARTESIAN_POINT ( 'NONE',  ( 7.000000000000000888, 15.50000000000000178, 2.433618704727591453 ) ) ;
#494 = EDGE_LOOP ( 'NONE', ( #3124, #1762, #887, #2853 ) ) ;
#495 = CARTESIAN_POINT ( 'NONE',  ( 1.000000000000000888, 11.50000000000000000, 10.49999999999999822 ) ) ;
#496 = LINE ( 'NONE', #2613, #2684 ) ;
#497 = AXIS2_PLACEMENT_3D ( 'NONE', #1726, #2831, #2581 ) ;
#498 = ORIENTED_EDGE ( 'NONE', *, *, #1240, .F. ) ;
#499 = ORIENTED_EDGE ( 'NONE', *, *, #1771, .T. ) ;
#500 = VECTOR ( 'NONE', #2790, 1000.000000000000000 ) ;
#501 = CARTESIAN_POINT ( 'NONE',  ( 19.50436326774920914, -12.50000000000000000, 16.41705667832700755 ) ) ;
#502 = ORIENTED_EDGE ( 'NONE', *, *, #2236, .F. ) ;
#503 = DIRECTION ( 'NONE',  ( 1.000000000000000000, -0.000000000000000000, -0.000000000000000000 ) ) ;
#504 = EDGE_CURVE ( 'NONE', #1006, #888, #2918, .T. ) ;
#505 = CARTESIAN_POINT ( 'NONE',  ( 1.000000000000000888, 15.28610752001754847, 1.029358755323579677 ) ) ;
#506 = FACE_OUTER_BOUND ( 'NONE', #1877, .T. ) ;
#507 = CARTESIAN_POINT ( 'NONE',  ( 7.442340854482883294, 13.49999999767281267, -1.996791907944930999 ) ) ;
#508 = ORIENTED_EDGE ( 'NONE', *, *, #2997, .F. ) ;
#509 = DIRECTION ( 'NONE',  ( 0.000000000000000000, 0.000000000000000000, -1.000000000000000000 ) ) ;
#510 = DIRECTION ( 'NONE',  ( -0.000000000000000000, -1.000000000000000000, -0.000000000000000000 ) ) ;
#511 = ORIENTED_EDGE ( 'NONE', *, *, #1429, .T. ) ;
#512 = ORIENTED_EDGE ( 'NONE', *, *, #222, .F. ) ;
#513 = EDGE_CURVE ( 'NONE', #1591, #2811, #3485, .T. ) ;
#514 = ADVANCED_FACE ( 'NONE', ( #845 ), #281, .T. ) ;
#515 = LINE ( 'NONE', #253, #2541 ) ;
#516 = EDGE_LOOP ( 'NONE', ( #1824, #1443, #1610, #1876 ) ) ;
#517 = DIRECTION ( 'NONE',  ( -0.000000000000000000, 1.000000000000000000, 0.000000000000000000 ) ) ;
#518 = VECTOR ( 'NONE', #2179, 1000.000000000000000 ) ;
#519 = DIRECTION ( 'NONE',  ( 0.000000000000000000, 0.000000000000000000, 1.000000000000000000 ) ) ;
#520 = CARTESIAN_POINT ( 'NONE',  ( 10.00000000000000000, 5.500000000000001776, 9.500000000000000000 ) ) ;
#521 = AXIS2_PLACEMENT_3D ( 'NONE', #986, #708, #2647 ) ;
#522 = DIRECTION ( 'NONE',  ( 1.000000000000000000, 0.000000000000000000, 0.000000000000000000 ) ) ;
#523 = EDGE_CURVE ( 'NONE', #1498, #332, #91, .T. ) ;
#524 = DIRECTION ( 'NONE',  ( -1.000000000000000000, 0.000000000000000000, 0.000000000000000000 ) ) ;
#525 = EDGE_LOOP ( 'NONE', ( #3377, #3152, #2059, #2080 ) ) ;
#526 = AXIS2_PLACEMENT_3D ( 'NONE', #1832, #2671, #1039 ) ;
#527 = CARTESIAN_POINT ( 'NONE',  ( 9.000000000000001776, 15.14035771568517674, -0.4350847026542807860 ) ) ;
#528 = DIRECTION ( 'NONE',  ( -1.000000000000000000, 0.000000000000000000, 0.000000000000000000 ) ) ;
#529 = ORIENTED_EDGE ( 'NONE', *, *, #1990, .T. ) ;
#530 = EDGE_CURVE ( 'NONE', #3054, #2164, #2970, .T. ) ;
#531 = ORIENTED_EDGE ( 'NONE', *, *, #1900, .F. ) ;
#532 = VERTEX_POINT ( 'NONE', #2784 ) ;
#533 = AXIS2_PLACEMENT_3D ( 'NONE', #2024, #1774, #2354 ) ;
#534 = LINE ( 'NONE', #1366, #1560 ) ;
#535 = ORIENTED_EDGE ( 'NONE', *, *, #3473, .T. ) ;
#536 = EDGE_CURVE ( 'NONE', #759, #3284, #649, .T. ) ;
#537 = DIRECTION ( 'NONE',  ( 0.000000000000000000, 0.000000000000000000, -1.000000000000000000 ) ) ;
#538 = CONICAL_SURFACE ( 'NONE', #194, 3.149999999999999911, 0.7853981633974497223 ) ;
#539 = LINE ( 'NONE', #559, #3285 ) ;
#540 = VECTOR ( 'NONE', #3327, 1000.000000000000000 ) ;
#541 = DIRECTION ( 'NONE',  ( 0.000000000000000000, 0.000000000000000000, 1.000000000000000000 ) ) ;
#542 = ORIENTED_EDGE ( 'NONE', *, *, #2947, .T. ) ;
#543 = CARTESIAN_POINT ( 'NONE',  ( 11.98254692900324514, -12.50000000000000000, 14.49999999999999645 ) ) ;
#544 = CARTESIAN_POINT ( 'NONE',  ( 9.000000000000000000, 13.50000000000000178, -2.433618704727591453 ) ) ;
#545 = EDGE_CURVE ( 'NONE', #2340, #2614, #2102, .T. ) ;
#546 = UNCERTAINTY_MEASURE_WITH_UNIT (LENGTH_MEASURE( 1.000000000000000082E-05 ), #2237, 'distance_accuracy_value', 'NONE');
#547 = EDGE_CURVE ( 'NONE', #372, #863, #2282, .T. ) ;
#548 = ORIENTED_EDGE ( 'NONE', *, *, #1212, .T. ) ;
#549 = CARTESIAN_POINT ( 'NONE',  ( 9.000000000000003553, 15.50000000000000533, 2.224946836721986010 ) ) ;
#550 = DIRECTION ( 'NONE',  ( 0.000000000000000000, 0.000000000000000000, -1.000000000000000000 ) ) ;
#551 = CARTESIAN_POINT ( 'NONE',  ( 0.000000000000000000, -15.50000000000000178, -19.49999999999999289 ) ) ;
#552 = EDGE_LOOP ( 'NONE', ( #2689, #3091, #502, #2540 ) ) ;
#553 = ORIENTED_EDGE ( 'NONE', *, *, #928, .F. ) ;
#554 = ORIENTED_EDGE ( 'NONE', *, *, #2572, .F. ) ;
#555 = CARTESIAN_POINT ( 'NONE',  ( 3.000000000000000888, -11.50000000000000178, 10.49999999999999822 ) ) ;
#556 = EDGE_CURVE ( 'NONE', #1770, #3450, #779, .T. ) ;
#557 = EDGE_LOOP ( 'NONE', ( #1898, #2222, #2212, #1297 ) ) ;
#558 = FACE_OUTER_BOUND ( 'NONE', #974, .T. ) ;
#559 = CARTESIAN_POINT ( 'NONE',  ( 7.000000000000000888, -13.50000000000000178, 10.49999999999999822 ) ) ;
#560 = AXIS2_PLACEMENT_3D ( 'NONE', #2449, #1110, #806 ) ;
#561 = VECTOR ( 'NONE', #2922, 1000.000000000000000 ) ;
#562 = ORIENTED_EDGE ( 'NONE', *, *, #1212, .F. ) ;
#563 = EDGE_CURVE ( 'NONE', #2664, #1798, #83, .T. ) ;
#564 = CARTESIAN_POINT ( 'NONE',  ( 0.9999999999997528644, -13.62394127200123428, 1.949168423798592231 ) ) ;
#565 = DIRECTION ( 'NONE',  ( 1.000000000000000000, 0.000000000000000000, 0.000000000000000000 ) ) ;
#566 = DIRECTION ( 'NONE',  ( 1.000000000000000000, 0.000000000000000000, 0.000000000000000000 ) ) ;
#567 = DIRECTION ( 'NONE',  ( -1.000000000000000000, 0.000000000000000000, 0.000000000000000000 ) ) ;
#568 = ORIENTED_EDGE ( 'NONE', *, *, #523, .F. ) ;
#569 = DIRECTION ( 'NONE',  ( 0.000000000000000000, 0.000000000000000000, -1.000000000000000000 ) ) ;
#570 = FACE_OUTER_BOUND ( 'NONE', #2194, .T. ) ;
#571 = EDGE_LOOP ( 'NONE', ( #1239, #1923, #2518, #1114, #2127 ) ) ;
#572 = ORIENTED_EDGE ( 'NONE', *, *, #163, .T. ) ;
#573 = ORIENTED_EDGE ( 'NONE', *, *, #1649, .F. ) ;
#574 = DIRECTION ( 'NONE',  ( -0.000000000000000000, -1.000000000000000000, -0.000000000000000000 ) ) ;
#575 = ORIENTED_EDGE ( 'NONE', *, *, #2635, .F. ) ;
#576 = DIRECTION ( 'NONE',  ( -0.000000000000000000, -0.000000000000000000, 1.000000000000000000 ) ) ;
#577 = CARTESIAN_POINT ( 'NONE',  ( 1.854558977283622401, 13.50000000211551487, 0.3631138571986648467 ) ) ;
#578 = AXIS2_PLACEMENT_3D ( 'NONE', #3533, #1617, #2166 ) ;
#579 = AXIS2_PLACEMENT_3D ( 'NONE', #2768, #25, #1141 ) ;
#580 = ORIENTED_EDGE ( 'NONE', *, *, #2191, .T. ) ;
#581 = CARTESIAN_POINT ( 'NONE',  ( 2.999999999999998668, -13.50000000000000178, 2.020725942163687616 ) ) ;
#582 = VERTEX_POINT ( 'NONE', #1411 ) ;
#583 = PLANE ( 'NONE',  #3551 ) ;
#584 = AXIS2_PLACEMENT_3D ( 'NONE', #729, #3475, #2959 ) ;
#585 = ADVANCED_FACE ( 'NONE', ( #1011 ), #487, .T. ) ;
#586 = DIRECTION ( 'NONE',  ( 0.000000000000000000, 0.000000000000000000, -1.000000000000000000 ) ) ;
#587 = CARTESIAN_POINT ( 'NONE',  ( 1.145826382531976328, -14.57898255851785940, -1.298106329499925327 ) ) ;
#588 = FACE_OUTER_BOUND ( 'NONE', #797, .T. ) ;
#589 = CYLINDRICAL_SURFACE ( 'NONE', #2954, 2.000000000000000000 ) ;
#590 = ORIENTED_EDGE ( 'NONE', *, *, #2256, .T. ) ;
#591 = DIRECTION ( 'NONE',  ( -0.000000000000000000, 1.000000000000000000, 0.000000000000000000 ) ) ;
#592 = PLANE ( 'NONE',  #2401 ) ;
#593 = EDGE_LOOP ( 'NONE', ( #1752, #1658, #3052, #1927 ) ) ;
#594 = EDGE_CURVE ( 'NONE', #926, #1197, #2651, .T. ) ;
#595 = ORIENTED_EDGE ( 'NONE', *, *, #47, .T. ) ;
#596 = DIRECTION ( 'NONE',  ( 0.000000000000000000, 0.000000000000000000, 1.000000000000000000 ) ) ;
#597 = AXIS2_PLACEMENT_3D ( 'NONE', #1868, #230, #2185 ) ;
#598 = DIRECTION ( 'NONE',  ( 0.000000000000000000, 0.000000000000000000, 1.000000000000000000 ) ) ;
#599 = ORIENTED_EDGE ( 'NONE', *, *, #672, .T. ) ;
#600 = EDGE_CURVE ( 'NONE', #1650, #3474, #609, .T. ) ;
#601 = VECTOR ( 'NONE', #415, 1000.000000000000000 ) ;
#602 = CARTESIAN_POINT ( 'NONE',  ( 5.000000000000000888, 13.50000000000000178, -3.149999999999999911 ) ) ;
#603 = DIRECTION ( 'NONE',  ( 0.000000000000000000, -1.000000000000000000, 0.000000000000000000 ) ) ;
#604 = CARTESIAN_POINT ( 'NONE',  ( 1.000000000000000888, 13.85769686447938120, -1.920340638378463360 ) ) ;
#605 = VECTOR ( 'NONE', #979, 1000.000000000000000 ) ;
#606 = ORIENTED_EDGE ( 'NONE', *, *, #82, .F. ) ;
#607 = CARTESIAN_POINT ( 'NONE',  ( 1.000000000000000888, -13.50000000000000355, 2.020725942163687616 ) ) ;
#608 = CARTESIAN_POINT ( 'NONE',  ( 7.821564001596521543, 13.49999999334696632, 1.420018686347266135 ) ) ;
#609 = CIRCLE ( 'NONE', #1069, 3.982622421189957684 ) ;
#610 = CARTESIAN_POINT ( 'NONE',  ( 3.000000000000000888, -11.50000000000000178, -8.499999999999992895 ) ) ;
#611 = CARTESIAN_POINT ( 'NONE',  ( 7.000000000000000888, -15.50000000000000178, 2.020725942163690281 ) ) ;
#612 = FACE_OUTER_BOUND ( 'NONE', #811, .T. ) ;
#613 = VERTEX_POINT ( 'NONE', #2400 ) ;
#614 = ORIENTED_EDGE ( 'NONE', *, *, #2068, .F. ) ;
#615 = ORIENTED_EDGE ( 'NONE', *, *, #2336, .T. ) ;
#616 = DIRECTION ( 'NONE',  ( -1.000000000000000000, 0.000000000000000000, 0.000000000000000000 ) ) ;
#617 = EDGE_CURVE ( 'NONE', #2195, #1032, #3486, .T. ) ;
#618 = VECTOR ( 'NONE', #1563, 1000.000000000000000 ) ;
#619 = CARTESIAN_POINT ( 'NONE',  ( 3.000000000000000888, -15.50000000000000178, -8.499999999999992895 ) ) ;
#620 = EDGE_LOOP ( 'NONE', ( #1598, #688, #389, #3092 ) ) ;
#621 = DIRECTION ( 'NONE',  ( 0.8660254037844387076, 0.000000000000000000, 0.4999999999999998335 ) ) ;
#622 = ADVANCED_FACE ( 'NONE', ( #718 ), #3461, .F. ) ;
#623 = DIRECTION ( 'NONE',  ( -1.000000000000000000, 0.000000000000000000, 0.000000000000000000 ) ) ;
#624 = AXIS2_PLACEMENT_3D ( 'NONE', #1461, #94, #3400 ) ;
#625 = AXIS2_PLACEMENT_3D ( 'NONE', #3439, #2883, #2953 ) ;
#626 = VERTEX_POINT ( 'NONE', #781 ) ;
#627 = CARTESIAN_POINT ( 'NONE',  ( 2.733370013230986384, -13.49999999999996803, 1.866787047528483123 ) ) ;
#628 = CARTESIAN_POINT ( 'NONE',  ( 9.000000000000181188, 14.09661990740013593, -0.3149476078616781360 ) ) ;
#629 = AXIS2_PLACEMENT_3D ( 'NONE', #2121, #739, #2358 ) ;
#630 = CARTESIAN_POINT ( 'NONE',  ( 3.000000000000000888, -15.35404962177391930, 10.49999999999999822 ) ) ;
#631 = CARTESIAN_POINT ( 'NONE',  ( 12.00000000000000000, 12.50000000000000000, 14.49999999999999645 ) ) ;
#632 = DIRECTION ( 'NONE',  ( 1.000000000000000000, 0.000000000000000000, 0.000000000000000000 ) ) ;
#633 = FACE_OUTER_BOUND ( 'NONE', #494, .T. ) ;
#634 = ORIENTED_EDGE ( 'NONE', *, *, #1071, .F. ) ;
#635 = CARTESIAN_POINT ( 'NONE',  ( 3.000000000000000888, 11.50000000000000000, -8.499999999999992895 ) ) ;
#636 = CYLINDRICAL_SURFACE ( 'NONE', #497, 2.000000000000000000 ) ;
#637 = ORIENTED_EDGE ( 'NONE', *, *, #2694, .F. ) ;
#638 = EDGE_CURVE ( 'NONE', #2909, #2792, #1053, .T. ) ;
#639 = EDGE_CURVE ( 'NONE', #1117, #2811, #2638, .T. ) ;
#640 = CARTESIAN_POINT ( 'NONE',  ( 1.000000000000000222, -15.15707844786689051, 1.188256702072829629 ) ) ;
#641 = CARTESIAN_POINT ( 'NONE',  ( 1.000000000000000888, 13.50000000000000178, 8.499999999999998224 ) ) ;
#642 = CARTESIAN_POINT ( 'NONE',  ( 1.000000000000000888, 13.92408370284146280, -1.732940572463067097 ) ) ;
#643 = EDGE_CURVE ( 'NONE', #2138, #3322, #2950, .T. ) ;
#644 = ORIENTED_EDGE ( 'NONE', *, *, #2, .T. ) ;
#645 = FACE_OUTER_BOUND ( 'NONE', #1127, .T. ) ;
#646 = CARTESIAN_POINT ( 'NONE',  ( 7.214509561688772443, 13.50000000241317188, 2.247241146426108838 ) ) ;
#647 = VECTOR ( 'NONE', #3250, 1000.000000000000000 ) ;
#648 = VERTEX_POINT ( 'NONE', #212 ) ;
#649 = LINE ( 'NONE', #3079, #1855 ) ;
#650 = CARTESIAN_POINT ( 'NONE',  ( 9.000000000000001776, 11.50000000000000178, 8.499999999999998224 ) ) ;
#651 = DIRECTION ( 'NONE',  ( 0.000000000000000000, 0.000000000000000000, 1.000000000000000000 ) ) ;
#652 = AXIS2_PLACEMENT_3D ( 'NONE', #2458, #2197, #1629 ) ;
#653 = ORIENTED_EDGE ( 'NONE', *, *, #2694, .T. ) ;
#654 = ORIENTED_EDGE ( 'NONE', *, *, #1850, .F. ) ;
#655 = CIRCLE ( 'NONE', #2901, 2.000000000000000000 ) ;
#656 = CARTESIAN_POINT ( 'NONE',  ( 9.000000000000001776, -15.50000000000000178, 1.734723475976807094E-15 ) ) ;
#657 = CARTESIAN_POINT ( 'NONE',  ( 5.000000000000002665, -13.50000000000000178, 3.175426480542941743 ) ) ;
#658 = ADVANCED_FACE ( 'NONE', ( #2983 ), #2652, .F. ) ;
#659 = AXIS2_PLACEMENT_3D ( 'NONE', #1143, #1952, #2503 ) ;
#660 = ORIENTED_EDGE ( 'NONE', *, *, #2351, .F. ) ;
#661 = DIRECTION ( 'NONE',  ( -0.9999619230641713097, -1.068692376572941468E-18, 0.008726535498373953759 ) ) ;
#662 = ADVANCED_FACE ( 'NONE', ( #1570 ), #2895, .T. ) ;
#663 = DIRECTION ( 'NONE',  ( 1.000000000000000000, 0.000000000000000000, 0.000000000000000000 ) ) ;
#664 = AXIS2_PLACEMENT_3D ( 'NONE', #3471, #1790, #2906 ) ;
#665 = ORIENTED_EDGE ( 'NONE', *, *, #3574, .F. ) ;
#666 = VECTOR ( 'NONE', #147, 1000.000000000000000 ) ;
#667 = CARTESIAN_POINT ( 'NONE',  ( 3.000000000000000888, -13.50000000000000178, -2.020725942163688504 ) ) ;
#668 = FACE_BOUND ( 'NONE', #830, .T. ) ;
#669 = LINE ( 'NONE', #2283, #2767 ) ;
#670 = AXIS2_PLACEMENT_3D ( 'NONE', #328, #1, #1134 ) ;
#671 = CARTESIAN_POINT ( 'NONE',  ( 9.000000000000001776, -15.50000000000000178, 1.734723475976807094E-15 ) ) ;
#672 = EDGE_CURVE ( 'NONE', #2456, #1891, #765, .T. ) ;
#673 = ORIENTED_EDGE ( 'NONE', *, *, #2351, .T. ) ;
#674 = DIRECTION ( 'NONE',  ( 0.000000000000000000, 0.000000000000000000, -1.000000000000000000 ) ) ;
#675 = CARTESIAN_POINT ( 'NONE',  ( 3.000000000000000888, -11.50000000000000178, -10.49999999999999289 ) ) ;
#676 = DIRECTION ( 'NONE',  ( 0.000000000000000000, 0.000000000000000000, 1.000000000000000000 ) ) ;
#677 = ORIENTED_EDGE ( 'NONE', *, *, #2361, .T. ) ;
#678 = LINE ( 'NONE', #1768, #1949 ) ;
#679 = ORIENTED_EDGE ( 'NONE', *, *, #2713, .F. ) ;
#680 = EDGE_LOOP ( 'NONE', ( #2408, #1783, #3233, #554 ) ) ;
#681 = AXIS2_PLACEMENT_3D ( 'NONE', #1748, #3432, #694 ) ;
#682 = DIRECTION ( 'NONE',  ( 4.589859562207735199E-16, -1.573666135614080780E-15, 1.000000000000000000 ) ) ;
#683 = DIRECTION ( 'NONE',  ( -1.000000000000000000, 0.000000000000000000, -0.000000000000000000 ) ) ;
#684 = TOROIDAL_SURFACE ( 'NONE', #3549, 1.417075716794924167, 0.5000000000000000000 ) ;
#685 = ADVANCED_FACE ( 'NONE', ( #225 ), #1337, .F. ) ;
#686 = CARTESIAN_POINT ( 'NONE',  ( 1.000000000000000888, 15.50000000000000178, 8.499999999999998224 ) ) ;
#687 = FACE_OUTER_BOUND ( 'NONE', #361, .T. ) ;
#688 = ORIENTED_EDGE ( 'NONE', *, *, #3473, .F. ) ;
#689 = VERTEX_POINT ( 'NONE', #749 ) ;
#690 = CIRCLE ( 'NONE', #40, 3.149999999999999911 ) ;
#691 = EDGE_CURVE ( 'NONE', #373, #2909, #1557, .T. ) ;
#692 = CARTESIAN_POINT ( 'NONE',  ( 10.00000000000000000, 7.500000000000000888, 9.500000000000000000 ) ) ;
#693 = CARTESIAN_POINT ( 'NONE',  ( 20.00000000000000000, -12.50000000000000000, -14.49999999999999645 ) ) ;
#694 = DIRECTION ( 'NONE',  ( 0.000000000000000000, 0.000000000000000000, -1.000000000000000000 ) ) ;
#695 = VERTEX_POINT ( 'NONE', #1536 ) ;
#696 = DIRECTION ( 'NONE',  ( 0.4999999999999998335, 0.000000000000000000, -0.8660254037844387076 ) ) ;
#697 = ORIENTED_EDGE ( 'NONE', *, *, #2849, .T. ) ;
#698 = CARTESIAN_POINT ( 'NONE',  ( 3.000000000000000444, -15.50000000000000355, -2.020725942163686284 ) ) ;
#699 = LINE ( 'NONE', #996, #2986 ) ;
#700 = FACE_OUTER_BOUND ( 'NONE', #2094, .T. ) ;
#701 = DIRECTION ( 'NONE',  ( 0.000000000000000000, 0.000000000000000000, -1.000000000000000000 ) ) ;
#702 = CARTESIAN_POINT ( 'NONE',  ( 9.000000000000001776, 11.50000000000000178, 12.49999999999999822 ) ) ;
#703 = EDGE_CURVE ( 'NONE', #3029, #380, #162, .T. ) ;
#704 = AXIS2_PLACEMENT_3D ( 'NONE', #256, #2484, #1936 ) ;
#705 = ORIENTED_EDGE ( 'NONE', *, *, #2617, .T. ) ;
#706 = DIRECTION ( 'NONE',  ( -0.000000000000000000, 1.000000000000000000, -0.000000000000000000 ) ) ;
#707 = VECTOR ( 'NONE', #1613, 1000.000000000000000 ) ;
#708 = DIRECTION ( 'NONE',  ( 0.000000000000000000, -1.000000000000000000, -0.000000000000000000 ) ) ;
#709 = DIRECTION ( 'NONE',  ( 0.000000000000000000, 0.000000000000000000, -1.000000000000000000 ) ) ;
#710 = CARTESIAN_POINT ( 'NONE',  ( 1.000000000000000888, 11.50000000000000000, -12.49999999999999289 ) ) ;
#711 = EDGE_CURVE ( 'NONE', #3322, #114, #2098, .T. ) ;
#712 = ORIENTED_EDGE ( 'NONE', *, *, #1539, .F. ) ;
#713 = CIRCLE ( 'NONE', #2089, 2.000000000000000000 ) ;
#714 = FACE_BOUND ( 'NONE', #1082, .T. ) ;
#715 = CYLINDRICAL_SURFACE ( 'NONE', #3081, 2.000000000000000000 ) ;
#716 = ORIENTED_EDGE ( 'NONE', *, *, #530, .T. ) ;
#717 = ADVANCED_FACE ( 'NONE', ( #2683 ), #1289, .T. ) ;
#718 = FACE_OUTER_BOUND ( 'NONE', #2142, .T. ) ;
#719 = ORIENTED_EDGE ( 'NONE', *, *, #817, .F. ) ;
#720 = CARTESIAN_POINT ( 'NONE',  ( 19.50436326774920914, -12.50000000000000000, 12.58294332167298712 ) ) ;
#721 = DIRECTION ( 'NONE',  ( 0.000000000000000000, 0.000000000000000000, -1.000000000000000000 ) ) ;
#722 = AXIS2_PLACEMENT_3D ( 'NONE', #900, #3346, #2280 ) ;
#723 = ADVANCED_FACE ( 'NONE', ( #857 ), #243, .T. ) ;
#724 = DIRECTION ( 'NONE',  ( 0.000000000000000000, 1.000000000000000000, 2.870967352741618266E-13 ) ) ;
#725 = CARTESIAN_POINT ( 'NONE',  ( 10.00000000000000000, 12.50000000000000000, -10.51737757881003965 ) ) ;
#726 = EDGE_LOOP ( 'NONE', ( #3566, #1609, #192, #1221, #1101, #2557, #218, #844, #1335, #2397, #3039, #697, #1626, #542 ) ) ;
#727 = EDGE_CURVE ( 'NONE', #8, #1035, #3548, .T. ) ;
#728 = AXIS2_PLACEMENT_3D ( 'NONE', #2355, #2086, #1805 ) ;
#729 = CARTESIAN_POINT ( 'NONE',  ( 11.98254692900324514, 12.50000000000000000, -14.49999999999999645 ) ) ;
#730 = DIRECTION ( 'NONE',  ( 0.000000000000000000, 0.000000000000000000, 1.000000000000000000 ) ) ;
#731 = CARTESIAN_POINT ( 'NONE',  ( 0.000000000000000000, -15.50000000000000178, 17.50000000000000000 ) ) ;
#732 = ORIENTED_EDGE ( 'NONE', *, *, #3345, .T. ) ;
#733 = AXIS2_PLACEMENT_3D ( 'NONE', #2531, #923, #1679 ) ;
#734 = EDGE_CURVE ( 'NONE', #1035, #2505, #1279, .T. ) ;
#735 = DIRECTION ( 'NONE',  ( 0.8660254037844385966, 0.000000000000000000, -0.5000000000000000000 ) ) ;
#736 = DIRECTION ( 'NONE',  ( -0.000000000000000000, 1.000000000000000000, -0.000000000000000000 ) ) ;
#737 = DIRECTION ( 'NONE',  ( 0.000000000000000000, 1.000000000000000000, 0.000000000000000000 ) ) ;
#738 = CARTESIAN_POINT ( 'NONE',  ( 0.000000000000000000, 7.500000000000000888, -7.499999999999994671 ) ) ;
#739 = DIRECTION ( 'NONE',  ( 0.000000000000000000, -1.000000000000000000, 0.000000000000000000 ) ) ;
#740 = AXIS2_PLACEMENT_3D ( 'NONE', #2273, #3382, #127 ) ;
#741 = VERTEX_POINT ( 'NONE', #1653 ) ;
#742 = DIRECTION ( 'NONE',  ( 0.000000000000000000, 0.000000000000000000, -1.000000000000000000 ) ) ;
#743 = CARTESIAN_POINT ( 'NONE',  ( 0.000000000000000000, -17.50000000000000000, 19.50000000000000000 ) ) ;
#744 = EDGE_LOOP ( 'NONE', ( #2677, #573, #3243, #3500 ) ) ;
#745 = VECTOR ( 'NONE', #3047, 1000.000000000000000 ) ;
#746 = DIRECTION ( 'NONE',  ( -1.000000000000000000, 0.000000000000000000, 0.000000000000000000 ) ) ;
#747 = ORIENTED_EDGE ( 'NONE', *, *, #1995, .F. ) ;
#748 = EDGE_CURVE ( 'NONE', #3450, #1770, #3127, .T. ) ;
#749 = CARTESIAN_POINT ( 'NONE',  ( 9.000000000000001776, 17.50000000000000000, -17.49999999999999289 ) ) ;
#750 = LINE ( 'NONE', #3535, #74 ) ;
#751 = CARTESIAN_POINT ( 'NONE',  ( 9.000000000000001776, 15.50000000000000178, 2.433618704727591453 ) ) ;
#752 = EDGE_CURVE ( 'NONE', #813, #2494, #2949, .T. ) ;
#753 = CARTESIAN_POINT ( 'NONE',  ( 7.000000000000000888, 15.50000000000039257, -2.433618704726628668 ) ) ;
#754 = CARTESIAN_POINT ( 'NONE',  ( 9.000000000000000000, -13.87577082012443519, -1.495924890743212110 ) ) ;
#755 = VERTEX_POINT ( 'NONE', #1672 ) ;
#756 = DIRECTION ( 'NONE',  ( 0.000000000000000000, 0.000000000000000000, 1.000000000000000000 ) ) ;
#757 = DIRECTION ( 'NONE',  ( 0.000000000000000000, 1.000000000000000000, 1.224646799147353207E-16 ) ) ;
#758 = CIRCLE ( 'NONE', #937, 1.417075716794923945 ) ;
#759 = VERTEX_POINT ( 'NONE', #3055 ) ;
#760 = CIRCLE ( 'NONE', #2085, 2.000000000000000000 ) ;
#761 = DIRECTION ( 'NONE',  ( 0.000000000000000000, 0.000000000000000000, 1.000000000000000000 ) ) ;
#762 = EDGE_CURVE ( 'NONE', #2811, #1531, #1608, .T. ) ;
#763 = CIRCLE ( 'NONE', #3239, 2.000000000000001776 ) ;
#764 = EDGE_LOOP ( 'NONE', ( #548, #2770, #2585, #1417 ) ) ;
#765 = LINE ( 'NONE', #1551, #814 ) ;
#766 = CARTESIAN_POINT ( 'NONE',  ( 12.00000000000000000, -12.50000000000000000, 14.49999999999999645 ) ) ;
#767 = CARTESIAN_POINT ( 'NONE',  ( 9.000000000000001776, -15.35404962177388555, -1.154700538379030750 ) ) ;
#768 = AXIS2_PLACEMENT_3D ( 'NONE', #2796, #2952, #227 ) ;
#769 = AXIS2_PLACEMENT_3D ( 'NONE', #2326, #3199, #1480 ) ;
#770 = CIRCLE ( 'NONE', #2908, 5.000000000000000000 ) ;
#771 = CARTESIAN_POINT ( 'NONE',  ( 10.00000000000000000, -12.50000000000000000, 16.49999999999999645 ) ) ;
#772 = CARTESIAN_POINT ( 'NONE',  ( 5.000000000000003553, -13.50000000000000178, -3.175426480542941743 ) ) ;
#773 = EDGE_LOOP ( 'NONE', ( #1686, #128, #994, #306, #3212 ) ) ;
#774 = CARTESIAN_POINT ( 'NONE',  ( 9.000000000000001776, 15.50000000000000178, -2.433618704727591453 ) ) ;
#775 = CARTESIAN_POINT ( 'NONE',  ( 10.00000000000000000, -17.50000000000000000, 17.50000000000000000 ) ) ;
#776 = DIRECTION ( 'NONE',  ( 0.000000000000000000, 0.000000000000000000, 1.000000000000000000 ) ) ;
#777 = ORIENTED_EDGE ( 'NONE', *, *, #3176, .T. ) ;
#778 = CARTESIAN_POINT ( 'NONE',  ( 1.000000000000000888, 15.50000000000000000, 17.50000000000000000 ) ) ;
#779 = CIRCLE ( 'NONE', #2794, 1.982698575061616175 ) ;
#780 = ORIENTED_EDGE ( 'NONE', *, *, #2900, .F. ) ;
#781 = CARTESIAN_POINT ( 'NONE',  ( 0.000000000000000000, -5.500000000000000000, -9.499999999999996447 ) ) ;
#782 = CARTESIAN_POINT ( 'NONE',  ( 8.412919961238269906, -13.92475984705734504, 1.450237819558022556 ) ) ;
#783 = CARTESIAN_POINT ( 'NONE',  ( 0.9999999999998873124, 13.91706197212899632, 1.754563613895130603 ) ) ;
#784 = VECTOR ( 'NONE', #1376, 1000.000000000000114 ) ;
#785 = DIRECTION ( 'NONE',  ( 0.000000000000000000, 0.000000000000000000, 1.000000000000000000 ) ) ;
#786 = CARTESIAN_POINT ( 'NONE',  ( 7.209897992590850180, 13.50000000232719088, -2.251345767528647457 ) ) ;
#787 = ADVANCED_FACE ( 'NONE', ( #1146 ), #10, .T. ) ;
#788 = ORIENTED_EDGE ( 'NONE', *, *, #1248, .T. ) ;
#789 = DIRECTION ( 'NONE',  ( 0.000000000000000000, 0.000000000000000000, -1.000000000000000000 ) ) ;
#790 = PLANE ( 'NONE',  #148 ) ;
#791 = EDGE_LOOP ( 'NONE', ( #48, #3115, #553, #2352 ) ) ;
#792 = ORIENTED_EDGE ( 'NONE', *, *, #809, .T. ) ;
#793 = EDGE_LOOP ( 'NONE', ( #932, #99, #2045, #410, #2190, #2071, #2269, #1564, #3357, #2582 ) ) ;
#794 = VECTOR ( 'NONE', #1196, 1000.000000000000000 ) ;
#795 = DIRECTION ( 'NONE',  ( -0.000000000000000000, -1.000000000000000000, -0.000000000000000000 ) ) ;
#796 = CARTESIAN_POINT ( 'NONE',  ( 19.50436326774918072, 12.50000000000000000, -14.49999999999999645 ) ) ;
#797 = EDGE_LOOP ( 'NONE', ( #3035, #1103, #195, #1724 ) ) ;
#798 = VECTOR ( 'NONE', #1522, 1000.000000000000114 ) ;
#799 = CIRCLE ( 'NONE', #2066, 0.5000000000000004441 ) ;
#800 = DIRECTION ( 'NONE',  ( 1.000000000000000000, -0.000000000000000000, -0.000000000000000000 ) ) ;
#801 = CARTESIAN_POINT ( 'NONE',  ( 5.000000000000000888, 5.500000000000000000, 0.000000000000000000 ) ) ;
#802 = CARTESIAN_POINT ( 'NONE',  ( 1.000000000000000888, -15.35404962177395660, 1.154700538379232810 ) ) ;
#803 = CARTESIAN_POINT ( 'NONE',  ( 9.000000000000001776, 17.50000000000000000, 17.50000000000000000 ) ) ;
#804 = CARTESIAN_POINT ( 'NONE',  ( 5.000000000000000888, 5.500000000000000000, 0.000000000000000000 ) ) ;
#805 = EDGE_CURVE ( 'NONE', #2593, #3396, #3411, .T. ) ;
#806 = DIRECTION ( 'NONE',  ( 0.000000000000000000, 0.000000000000000000, 1.000000000000000000 ) ) ;
#807 = ORIENTED_EDGE ( 'NONE', *, *, #1984, .T. ) ;
#808 = CARTESIAN_POINT ( 'NONE',  ( 10.00000000000000000, 15.50000000000000000, 17.50000000000000000 ) ) ;
#809 = EDGE_CURVE ( 'NONE', #3416, #1252, #2234, .T. ) ;
#810 = DIRECTION ( 'NONE',  ( 0.000000000000000000, 0.000000000000000000, 1.000000000000000000 ) ) ;
#811 = EDGE_LOOP ( 'NONE', ( #3144, #1180, #178, #89 ) ) ;
#812 = DIRECTION ( 'NONE',  ( 0.000000000000000000, 0.000000000000000000, -1.000000000000000000 ) ) ;
#813 = VERTEX_POINT ( 'NONE', #1404 ) ;
#814 = VECTOR ( 'NONE', #2366, 1000.000000000000000 ) ;
#815 = CARTESIAN_POINT ( 'NONE',  ( 11.98254692900325225, 12.50000000000000000, 14.49999999999999645 ) ) ;
#816 = CIRCLE ( 'NONE', #1505, 2.000000000000000000 ) ;
#817 = EDGE_CURVE ( 'NONE', #2792, #2545, #1383, .T. ) ;
#818 = CARTESIAN_POINT ( 'NONE',  ( 0.000000000000000000, -7.500000000000000000, 7.500000000000000000 ) ) ;
#819 = AXIS2_PLACEMENT_3D ( 'NONE', #3089, #616, #3128 ) ;
#820 = ORIENTED_EDGE ( 'NONE', *, *, #2432, .T. ) ;
#821 = DIRECTION ( 'NONE',  ( 1.000000000000000000, 0.000000000000000000, 0.000000000000000000 ) ) ;
#822 = FACE_OUTER_BOUND ( 'NONE', #1880, .T. ) ;
#823 = ADVANCED_FACE ( 'NONE', ( #3074 ), #31, .T. ) ;
#824 = ORIENTED_EDGE ( 'NONE', *, *, #188, .F. ) ;
#825 = CARTESIAN_POINT ( 'NONE',  ( 19.50436326774918072, 12.50000000000000000, -16.41705667832700755 ) ) ;
#826 = DIRECTION ( 'NONE',  ( 0.000000000000000000, 0.000000000000000000, -1.000000000000000000 ) ) ;
#827 = ORIENTED_EDGE ( 'NONE', *, *, #936, .F. ) ;
#828 = FACE_OUTER_BOUND ( 'NONE', #1482, .T. ) ;
#829 = VECTOR ( 'NONE', #3311, 1000.000000000000114 ) ;
#830 = EDGE_LOOP ( 'NONE', ( #280, #1144, #1232, #2727, #807, #1148, #2692, #2977, #1155, #44 ) ) ;
#831 = EDGE_LOOP ( 'NONE', ( #287, #1402 ) ) ;
#832 = AXIS2_PLACEMENT_3D ( 'NONE', #2488, #880, #1715 ) ;
#833 = CARTESIAN_POINT ( 'NONE',  ( 10.00000000000000000, -7.500000000000000000, 7.500000000000000000 ) ) ;
#834 = ORIENTED_EDGE ( 'NONE', *, *, #3224, .F. ) ;
#835 = EDGE_CURVE ( 'NONE', #2486, #2442, #3003, .T. ) ;
#836 = CARTESIAN_POINT ( 'NONE',  ( 11.98254692900324514, 12.50000000000000000, -14.49999999999999645 ) ) ;
#837 = ORIENTED_EDGE ( 'NONE', *, *, #222, .T. ) ;
#838 = DIRECTION ( 'NONE',  ( -1.000000000000000000, -0.000000000000000000, -0.000000000000000000 ) ) ;
#839 = AXIS2_PLACEMENT_3D ( 'NONE', #1452, #1173, #2242 ) ;
#840 = VERTEX_POINT ( 'NONE', #602 ) ;
#841 = FACE_OUTER_BOUND ( 'NONE', #2864, .T. ) ;
#842 = ORIENTED_EDGE ( 'NONE', *, *, #172, .T. ) ;
#843 = LINE ( 'NONE', #1925, #745 ) ;
#844 = ORIENTED_EDGE ( 'NONE', *, *, #2145, .T. ) ;
#845 = FACE_OUTER_BOUND ( 'NONE', #972, .T. ) ;
#846 = CARTESIAN_POINT ( 'NONE',  ( 1.000000000000000888, -15.50000000000000178, -8.499999999999992895 ) ) ;
#847 = FACE_OUTER_BOUND ( 'NONE', #43, .T. ) ;
#848 = CARTESIAN_POINT ( 'NONE',  ( 9.000000000000001776, -15.35404962177391752, 1.154700538379197283 ) ) ;
#849 = VERTEX_POINT ( 'NONE', #2217 ) ;
#850 = EDGE_LOOP ( 'NONE', ( #1636, #23, #2578, #2375 ) ) ;
#851 = DIRECTION ( 'NONE',  ( 1.000000000000000000, 0.000000000000000000, 0.000000000000000000 ) ) ;
#852 = VERTEX_POINT ( 'NONE', #1921 ) ;
#853 =( BOUNDED_SURFACE ( )  B_SPLINE_SURFACE ( 3, 2, ( 
 ( #1077, #544, #3520 ),
 ( #1060, #2740, #2154 ),
 ( #3256, #1343, #786 ),
 ( #1869, #2990, #507 ),
 ( #231, #2435, #2171 ),
 ( #881, #365, #2863 ),
 ( #3060, #2281, #3098 ),
 ( #3390, #1432, #2529 ),
 ( #2025, #628, #2006 ),
 ( #1129, #102, #1964 ),
 ( #2822, #1698, #1208 ),
 ( #1716, #3078, #56 ),
 ( #3370, #2511, #608 ),
 ( #2571, #2262, #2548 ),
 ( #2240, #298, #382 ),
 ( #1487, #2588, #646 ),
 ( #341, #3117, #1736 ),
 ( #1470, #1450, #1755 ) ),
 .UNSPECIFIED., .F., .F., .F. ) 
 B_SPLINE_SURFACE_WITH_KNOTS ( ( 4, 2, 2, 2, 2, 2, 2, 2, 4 ),
 ( 3, 3 ),
 ( 0.003395891113235253913, 0.004002461542308105233, 0.004609031971380956987, 0.005215602400453808740, 0.005822172829526659626, 0.006428743258599510513, 0.007035313687672362266, 0.007641884116745214020, 0.008248454545818064906 ),
 ( 0.000000000000000000, 1.000000000000000000 ),
 .UNSPECIFIED. ) 
 GEOMETRIC_REPRESENTATION_ITEM ( )  RATIONAL_B_SPLINE_SURFACE ( (
 ( 1.000000000000000000, 0.7071067811865473507, 1.000000000000000000),
 ( 1.000000000000000000, 0.7247573172492471905, 1.000000000000000000),
 ( 1.000000000000000000, 0.7435303802131768558, 1.000000000000000000),
 ( 1.000000000000000000, 0.7816317172495376164, 1.000000000000000000),
 ( 1.000000000000000000, 0.8010647610724275225, 1.000000000000000000),
 ( 1.000000000000000000, 0.8373440686494211249, 1.000000000000000000),
 ( 1.000000000000000000, 0.8541645094323816467, 1.000000000000000000),
 ( 1.000000000000000000, 0.8790003181671505184, 1.000000000000000000),
 ( 1.000000000000000000, 0.8867697668310280390, 1.000000000000000000),
 ( 1.000000000000000000, 0.8879753897143606300, 1.000000000000000000),
 ( 1.000000000000000000, 0.8811483549126878367, 1.000000000000000000),
 ( 1.000000000000000000, 0.8569713102377938263, 1.000000000000000000),
 ( 1.000000000000000000, 0.8400769734030160141, 1.000000000000000000),
 ( 1.000000000000000000, 0.8032899633895640434, 1.000000000000000000),
 ( 1.000000000000000000, 0.7834171631309604367, 1.000000000000000000),
 ( 1.000000000000000000, 0.7443181933463310918, 1.000000000000000000),
 ( 1.000000000000000000, 0.7249751732636502410, 1.000000000000000000),
 ( 1.000000000000000000, 0.7071067811865472397, 1.000000000000000000) ) ) 
 REPRESENTATION_ITEM ( '' )  SURFACE ( )  );
#854 = ORIENTED_EDGE ( 'NONE', *, *, #1275, .T. ) ;
#855 = CIRCLE ( 'NONE', #2873, 2.000000000000000000 ) ;
#856 = VECTOR ( 'NONE', #471, 1000.000000000000000 ) ;
#857 = FACE_OUTER_BOUND ( 'NONE', #153, .T. ) ;
#858 = ADVANCED_FACE ( 'NONE', ( #558 ), #3343, .F. ) ;
#859 = CARTESIAN_POINT ( 'NONE',  ( 1.000000000000000888, 15.13452214722088840, -0.1773036155252317170 ) ) ;
#860 = AXIS2_PLACEMENT_3D ( 'NONE', #184, #1834, #3488 ) ;
#861 = ORIENTED_EDGE ( 'NONE', *, *, #2713, .T. ) ;
#862 = CARTESIAN_POINT ( 'NONE',  ( 9.000000000000001776, 0.000000000000000000, 12.49999999999999822 ) ) ;
#863 = VERTEX_POINT ( 'NONE', #1072 ) ;
#864 = EDGE_CURVE ( 'NONE', #2359, #695, #758, .T. ) ;
#865 = PLANE ( 'NONE',  #3220 ) ;
#866 = CARTESIAN_POINT ( 'NONE',  ( 1.894762530802336808, -13.67545804708509927, -1.523019391429587532 ) ) ;
#867 = DIRECTION ( 'NONE',  ( -0.000000000000000000, -1.000000000000000000, -0.000000000000000000 ) ) ;
#868 = CARTESIAN_POINT ( 'NONE',  ( 1.000000000000000888, 15.50000000000000178, 2.433618704727591453 ) ) ;
#869 = EDGE_CURVE ( 'NONE', #242, #532, #2016, .T. ) ;
#870 = ORIENTED_EDGE ( 'NONE', *, *, #2286, .T. ) ;
#871 = DIRECTION ( 'NONE',  ( 0.000000000000000000, 0.000000000000000000, -1.000000000000000000 ) ) ;
#872 = CARTESIAN_POINT ( 'NONE',  ( 10.00000000000000000, 7.500000000000000888, -7.499999999999994671 ) ) ;
#873 = DIRECTION ( 'NONE',  ( 0.000000000000000000, -1.000000000000000000, 9.912705577010325549E-17 ) ) ;
#874 = ORIENTED_EDGE ( 'NONE', *, *, #3085, .T. ) ;
#875 = PRODUCT_DEFINITION_SHAPE ( 'NONE', 'NONE',  #449 ) ;
#876 = CARTESIAN_POINT ( 'NONE',  ( 10.00000000000000000, -17.50000000000000000, 19.50000000000000000 ) ) ;
#877 = AXIS2_PLACEMENT_3D ( 'NONE', #973, #696, #112 ) ;
#878 = VECTOR ( 'NONE', #795, 1000.000000000000000 ) ;
#879 = VERTEX_POINT ( 'NONE', #3267 ) ;
#880 = DIRECTION ( 'NONE',  ( -0.000000000000000000, 1.000000000000000000, 0.000000000000000000 ) ) ;
#881 = CARTESIAN_POINT ( 'NONE',  ( 9.000000000000001776, 15.28610752001754847, -1.029358755323579899 ) ) ;
#882 = VECTOR ( 'NONE', #2123, 1000.000000000000000 ) ;
#883 = CARTESIAN_POINT ( 'NONE',  ( 9.000000000000001776, -11.50000000000000178, -8.499999999999992895 ) ) ;
#884 = DIRECTION ( 'NONE',  ( -0.000000000000000000, -0.000000000000000000, 1.000000000000000000 ) ) ;
#885 = CARTESIAN_POINT ( 'NONE',  ( 19.50436326774918427, 12.50000000000000000, 12.58294332167298712 ) ) ;
#886 = CARTESIAN_POINT ( 'NONE',  ( 7.000000000000001776, -15.50000000000000178, -2.020725942163691169 ) ) ;
#887 = ORIENTED_EDGE ( 'NONE', *, *, #408, .T. ) ;
#888 = VERTEX_POINT ( 'NONE', #1881 ) ;
#889 = VERTEX_POINT ( 'NONE', #1729 ) ;
#890 = CARTESIAN_POINT ( 'NONE',  ( 8.105206195802422187, -13.67543967847712771, -1.523025638818111815 ) ) ;
#891 = AXIS2_PLACEMENT_3D ( 'NONE', #1237, #970, #709 ) ;
#892 = AXIS2_PLACEMENT_3D ( 'NONE', #1489, #1264, #3425 ) ;
#893 = CARTESIAN_POINT ( 'NONE',  ( 12.00000000000000000, -12.50000000000000000, -18.48262242118995502 ) ) ;
#894 = ORIENTED_EDGE ( 'NONE', *, *, #325, .T. ) ;
#895 = CIRCLE ( 'NONE', #2152, 4.000000000000000000 ) ;
#896 = LINE ( 'NONE', #96, #2250 ) ;
#897 = LINE ( 'NONE', #1937, #1904 ) ;
#898 = VECTOR ( 'NONE', #1235, 1000.000000000000000 ) ;
#899 = EDGE_LOOP ( 'NONE', ( #1705, #508, #1978, #2014 ) ) ;
#900 = CARTESIAN_POINT ( 'NONE',  ( 10.00000000000000000, -17.50000000000000000, -19.49999999999999289 ) ) ;
#901 = CARTESIAN_POINT ( 'NONE',  ( 5.000000000000000888, 11.95000000000000284, 1.599999999999996314 ) ) ;
#902 = AXIS2_PLACEMENT_3D ( 'NONE', #610, #566, #1518 ) ;
#903 = CARTESIAN_POINT ( 'NONE',  ( 1.000000000000000888, -15.35404962177391930, -1.154700538379023422 ) ) ;
#904 = CARTESIAN_POINT ( 'NONE',  ( 9.000000000000001776, -15.50000000000000178, 8.499999999999998224 ) ) ;
#905 = DIRECTION ( 'NONE',  ( 1.000000000000000000, 0.000000000000000000, 0.000000000000000000 ) ) ;
#906 = ORIENTED_EDGE ( 'NONE', *, *, #2565, .F. ) ;
#907 = DIRECTION ( 'NONE',  ( 1.000000000000000000, 0.000000000000000000, 0.000000000000000000 ) ) ;
#908 = EDGE_CURVE ( 'NONE', #532, #2486, #357, .T. ) ;
#909 = ORIENTED_EDGE ( 'NONE', *, *, #1819, .F. ) ;
#910 = EDGE_LOOP ( 'NONE', ( #1670, #2241, #2203, #1793 ) ) ;
#911 = CARTESIAN_POINT ( 'NONE',  ( 3.000000000000000888, 13.50000000000000178, 2.433618704727591453 ) ) ;
#912 = DIRECTION ( 'NONE',  ( -1.000000000000000000, -0.000000000000000000, -0.000000000000000000 ) ) ;
#913 = EDGE_CURVE ( 'NONE', #3017, #2230, #2468, .T. ) ;
#914 = EDGE_LOOP ( 'NONE', ( #2091, #3249, #3329, #2333 ) ) ;
#915 = DIRECTION ( 'NONE',  ( -0.000000000000000000, 1.000000000000000000, -0.000000000000000000 ) ) ;
#916 = CARTESIAN_POINT ( 'NONE',  ( 10.00000000000000000, 17.50000000000000000, 19.50000000000000000 ) ) ;
#917 = AXIS2_PLACEMENT_3D ( 'NONE', #3214, #191, #3230 ) ;
#918 = AXIS2_PLACEMENT_3D ( 'NONE', #2070, #3178, #457 ) ;
#919 = ORIENTED_EDGE ( 'NONE', *, *, #1958, .T. ) ;
#920 = CARTESIAN_POINT ( 'NONE',  ( 19.50000000000000000, -12.50000000000000000, 14.49999999999999645 ) ) ;
#921 = LINE ( 'NONE', #2223, #1205 ) ;
#922 = ADVANCED_FACE ( 'NONE', ( #1499 ), #3402, .F. ) ;
#923 = DIRECTION ( 'NONE',  ( -1.000000000000000000, -0.000000000000000000, -0.000000000000000000 ) ) ;
#924 = DIRECTION ( 'NONE',  ( 0.000000000000000000, 0.000000000000000000, -1.000000000000000000 ) ) ;
#925 = DIRECTION ( 'NONE',  ( -1.000000000000000000, 0.000000000000000000, -0.000000000000000000 ) ) ;
#926 = VERTEX_POINT ( 'NONE', #1444 ) ;
#927 = ORIENTED_EDGE ( 'NONE', *, *, #1301, .T. ) ;
#928 = EDGE_CURVE ( 'NONE', #2726, #3153, #160, .T. ) ;
#929 = DIRECTION ( 'NONE',  ( 1.000000000000000000, 0.000000000000000000, 0.000000000000000000 ) ) ;
#930 = CARTESIAN_POINT ( 'NONE',  ( 12.00000000000000000, -12.50000000000000000, 10.51737757881003965 ) ) ;
#931 = ORIENTED_EDGE ( 'NONE', *, *, #639, .T. ) ;
#932 = ORIENTED_EDGE ( 'NONE', *, *, #1041, .T. ) ;
#933 = CARTESIAN_POINT ( 'NONE',  ( 1.452685371083622501, -14.07164256192465501, 1.412252764894276202 ) ) ;
#934 = CARTESIAN_POINT ( 'NONE',  ( 1.000000000000089484, 14.09804945031995871, -0.2418115239281903028 ) ) ;
#935 = ORIENTED_EDGE ( 'NONE', *, *, #3542, .T. ) ;
#936 = EDGE_CURVE ( 'NONE', #879, #1302, #896, .T. ) ;
#937 = AXIS2_PLACEMENT_3D ( 'NONE', #1693, #315, #2430 ) ;
#938 = CARTESIAN_POINT ( 'NONE',  ( 1.000000000000000888, -13.86836708638676186, 1.533292947694708142 ) ) ;
#939 = FACE_BOUND ( 'NONE', #79, .T. ) ;
#940 = CIRCLE ( 'NONE', #1209, 3.982622421189957684 ) ;
#941 = ORIENTED_EDGE ( 'NONE', *, *, #3157, .F. ) ;
#942 = DIRECTION ( 'NONE',  ( 0.000000000000000000, 0.000000000000000000, 1.000000000000000000 ) ) ;
#943 = CARTESIAN_POINT ( 'NONE',  ( 9.000000000000001776, 15.50000000000000178, 1.734723475976807094E-15 ) ) ;
#944 = CIRCLE ( 'NONE', #3359, 2.000000000000000000 ) ;
#945 = ORIENTED_EDGE ( 'NONE', *, *, #3099, .T. ) ;
#946 = EDGE_CURVE ( 'NONE', #613, #3427, #2758, .T. ) ;
#947 = ORIENTED_EDGE ( 'NONE', *, *, #55, .F. ) ;
#948 = DIRECTION ( 'NONE',  ( -1.000000000000000000, 0.000000000000000000, 0.000000000000000000 ) ) ;
#949 = DIRECTION ( 'NONE',  ( 0.000000000000000000, -1.000000000000000000, 0.000000000000000000 ) ) ;
#950 = EDGE_LOOP ( 'NONE', ( #1875, #3387, #2852, #2704 ) ) ;
#951 = AXIS2_PLACEMENT_3D ( 'NONE', #1835, #981, #135 ) ;
#952 = CARTESIAN_POINT ( 'NONE',  ( 5.000000000000001776, -7.500000000000000000, 5.000000000000000000 ) ) ;
#953 = DIRECTION ( 'NONE',  ( 1.000000000000000000, 0.000000000000000000, 0.000000000000000000 ) ) ;
#954 = ADVANCED_FACE ( 'NONE', ( #2564 ), #75, .F. ) ;
#955 = AXIS2_PLACEMENT_3D ( 'NONE', #1310, #821, #3538 ) ;
#956 = VERTEX_POINT ( 'NONE', #952 ) ;
#957 = AXIS2_PLACEMENT_3D ( 'NONE', #1486, #1012, #435 ) ;
#958 = CARTESIAN_POINT ( 'NONE',  ( 2.250000000000002220, -13.50000000000000178, -1.587713240271470205 ) ) ;
#959 = CARTESIAN_POINT ( 'NONE',  ( 10.00000000000000000, -17.50000000000000000, -19.49999999999999289 ) ) ;
#960 = AXIS2_PLACEMENT_3D ( 'NONE', #1540, #167, #541 ) ;
#961 = EDGE_CURVE ( 'NONE', #2459, #3416, #1203, .T. ) ;
#962 = VERTEX_POINT ( 'NONE', #378 ) ;
#963 = DIRECTION ( 'NONE',  ( -0.000000000000000000, 1.000000000000000000, -0.000000000000000000 ) ) ;
#964 = AXIS2_PLACEMENT_3D ( 'NONE', #1677, #1151, #3476 ) ;
#965 = CARTESIAN_POINT ( 'NONE',  ( 10.00000000000000000, -7.500000000000000000, 9.500000000000000000 ) ) ;
#966 = ORIENTED_EDGE ( 'NONE', *, *, #2, .F. ) ;
#967 = EDGE_LOOP ( 'NONE', ( #665, #174, #1179, #1198, #1448 ) ) ;
#968 = CARTESIAN_POINT ( 'NONE',  ( 3.000000000000000888, -15.50000000000000178, 8.499999999999998224 ) ) ;
#969 = FACE_OUTER_BOUND ( 'NONE', #1233, .T. ) ;
#970 = DIRECTION ( 'NONE',  ( 0.000000000000000000, -1.000000000000000000, 0.000000000000000000 ) ) ;
#971 = DIRECTION ( 'NONE',  ( -0.8660254037844388186, 0.000000000000000000, -0.4999999999999996114 ) ) ;
#972 = EDGE_LOOP ( 'NONE', ( #1280, #716, #3067, #355, #1568 ) ) ;
#973 = CARTESIAN_POINT ( 'NONE',  ( 5.000000000000003553, -9.500000000000001776, -3.175426480542941743 ) ) ;
#974 = EDGE_LOOP ( 'NONE', ( #935, #599, #1948, #2589 ) ) ;
#975 = ADVANCED_FACE ( 'NONE', ( #2600 ), #121, .F. ) ;
#976 = DIRECTION ( 'NONE',  ( 0.000000000000000000, 0.000000000000000000, -1.000000000000000000 ) ) ;
#977 = LINE ( 'NONE', #2654, #798 ) ;
#978 = CIRCLE ( 'NONE', #1710, 3.982622421189957684 ) ;
#979 = DIRECTION ( 'NONE',  ( -0.9999619230641713097, 0.000000000000000000, -0.008726535498373953759 ) ) ;
#980 = ADVANCED_FACE ( 'NONE', ( #2877 ), #2599, .F. ) ;
#981 = DIRECTION ( 'NONE',  ( -1.000000000000000000, -0.000000000000000000, -0.000000000000000000 ) ) ;
#982 = FACE_OUTER_BOUND ( 'NONE', #1779, .T. ) ;
#983 = EDGE_LOOP ( 'NONE', ( #1919, #1320, #269, #202, #2791, #2787, #2851, #595 ) ) ;
#984 = VECTOR ( 'NONE', #1309, 1000.000000000000000 ) ;
#985 = DIRECTION ( 'NONE',  ( 0.000000000000000000, -1.000000000000000000, 0.000000000000000000 ) ) ;
#986 = CARTESIAN_POINT ( 'NONE',  ( 1.000000000000000888, -13.50000000000000178, 10.49999999999999822 ) ) ;
#987 = FACE_OUTER_BOUND ( 'NONE', #2422, .T. ) ;
#988 = EDGE_CURVE ( 'NONE', #3427, #1270, #2042, .T. ) ;
#989 = DIRECTION ( 'NONE',  ( -1.000000000000000000, 0.000000000000000000, 0.000000000000000000 ) ) ;
#990 = VERTEX_POINT ( 'NONE', #3419 ) ;
#991 = FACE_OUTER_BOUND ( 'NONE', #850, .T. ) ;
#992 = ADVANCED_FACE ( 'NONE', ( #2896 ), #394, .F. ) ;
#993 = DIRECTION ( 'NONE',  ( -1.000000000000000000, 0.000000000000000000, 0.000000000000000000 ) ) ;
#994 = ORIENTED_EDGE ( 'NONE', *, *, #563, .F. ) ;
#995 = DIRECTION ( 'NONE',  ( -0.9999619230641713097, 0.000000000000000000, 0.008726535498373953759 ) ) ;
#996 = CARTESIAN_POINT ( 'NONE',  ( 1.000000000000000888, 11.50000000000000000, -10.49999999999999289 ) ) ;
#997 = EDGE_CURVE ( 'NONE', #863, #2664, #678, .T. ) ;
#998 = DIRECTION ( 'NONE',  ( 1.000000000000000000, 0.000000000000000000, -0.000000000000000000 ) ) ;
#999 = DIRECTION ( 'NONE',  ( 0.000000000000000000, 0.000000000000000000, -1.000000000000000000 ) ) ;
#1000 = UNCERTAINTY_MEASURE_WITH_UNIT (LENGTH_MEASURE( 1.000000000000000082E-05 ), #1097, 'distance_accuracy_value', 'NONE');
#1001 = VECTOR ( 'NONE', #3020, 1000.000000000000000 ) ;
#1002 = ORIENTED_EDGE ( 'NONE', *, *, #3353, .T. ) ;
#1003 = VECTOR ( 'NONE', #1879, 1000.000000000000000 ) ;
#1004 = CARTESIAN_POINT ( 'NONE',  ( 10.00000000000000000, -12.50000000000000000, -10.51737757881003965 ) ) ;
#1005 = LINE ( 'NONE', #3459, #3395 ) ;
#1006 = VERTEX_POINT ( 'NONE', #1427 ) ;
#1007 = CIRCLE ( 'NONE', #1792, 4.000000000000000000 ) ;
#1008 = EDGE_CURVE ( 'NONE', #2392, #1691, #2524, .T. ) ;
#1009 = CARTESIAN_POINT ( 'NONE',  ( 5.000000000000000888, 13.50000000000000178, -1.599999999999994316 ) ) ;
#1010 = AXIS2_PLACEMENT_3D ( 'NONE', #2389, #963, #1806 ) ;
#1011 = FACE_OUTER_BOUND ( 'NONE', #3202, .T. ) ;
#1012 = DIRECTION ( 'NONE',  ( -0.000000000000000000, 1.000000000000000000, -0.000000000000000000 ) ) ;
#1013 = CARTESIAN_POINT ( 'NONE',  ( 9.000000000000001776, 0.000000000000000000, 1.734723475976807094E-15 ) ) ;
#1014 = CIRCLE ( 'NONE', #1061, 1.982698575061616175 ) ;
#1015 = DIRECTION ( 'NONE',  ( -0.000000000000000000, -1.000000000000000000, -0.000000000000000000 ) ) ;
#1016 = DIRECTION ( 'NONE',  ( 0.000000000000000000, 0.000000000000000000, 1.000000000000000000 ) ) ;
#1017 = ORIENTED_EDGE ( 'NONE', *, *, #2993, .F. ) ;
#1018 = CARTESIAN_POINT ( 'NONE',  ( 0.9999999999998204769, -13.73644242309708829, -1.827960768296942762 ) ) ;
#1019 = ADVANCED_FACE ( 'NONE', ( #991 ), #1318, .T. ) ;
#1020 = CARTESIAN_POINT ( 'NONE',  ( 7.000000000000000888, -15.50000000000000178, 1.734723475976807094E-15 ) ) ;
#1021 = ORIENTED_EDGE ( 'NONE', *, *, #172, .F. ) ;
#1022 = AXIS2_PLACEMENT_3D ( 'NONE', #883, #39, #1394 ) ;
#1023 = DIRECTION ( 'NONE',  ( -0.000000000000000000, 1.000000000000000000, -0.000000000000000000 ) ) ;
#1024 = DIRECTION ( 'NONE',  ( 0.000000000000000000, 0.000000000000000000, 1.000000000000000000 ) ) ;
#1025 = VERTEX_POINT ( 'NONE', #2680 ) ;
#1026 = DIRECTION ( 'NONE',  ( 0.000000000000000000, 0.000000000000000000, -1.000000000000000000 ) ) ;
#1027 = CARTESIAN_POINT ( 'NONE',  ( 8.767581492100527285, -14.39780768792466148, 1.336392687574100124 ) ) ;
#1028 = CARTESIAN_POINT ( 'NONE',  ( 7.671331887893892976, -13.49999999999996270, 1.633132295972531622 ) ) ;
#1029 = CARTESIAN_POINT ( 'NONE',  ( 10.00000000000000000, -15.50000000000000178, 19.50000000000000000 ) ) ;
#1030 = CARTESIAN_POINT ( 'NONE',  ( 9.000000000000000000, -13.88324703813434624, -1.345831300664510843 ) ) ;
#1031 = CIRCLE ( 'NONE', #625, 3.982622421189957684 ) ;
#1032 = VERTEX_POINT ( 'NONE', #3511 ) ;
#1033 = CARTESIAN_POINT ( 'NONE',  ( 11.98254692900325225, -12.50000000000000000, -16.48269857506160818 ) ) ;
#1034 = DIRECTION ( 'NONE',  ( 1.000000000000000000, 0.000000000000000000, 0.000000000000000000 ) ) ;
#1035 = VERTEX_POINT ( 'NONE', #1799 ) ;
#1036 = LINE ( 'NONE', #1843, #3348 ) ;
#1037 = ORIENTED_EDGE ( 'NONE', *, *, #2104, .T. ) ;
#1038 = DIRECTION ( 'NONE',  ( 1.000000000000000000, 0.000000000000000000, 0.000000000000000000 ) ) ;
#1039 = DIRECTION ( 'NONE',  ( 0.000000000000000000, 0.000000000000000000, -1.000000000000000000 ) ) ;
#1040 = CARTESIAN_POINT ( 'NONE',  ( 9.000000000000001776, -15.45092049649370836, -1.431218075240036303 ) ) ;
#1041 = EDGE_CURVE ( 'NONE', #2505, #613, #1036, .T. ) ;
#1042 = DIRECTION ( 'NONE',  ( 0.000000000000000000, 0.000000000000000000, 1.000000000000000000 ) ) ;
#1043 = CARTESIAN_POINT ( 'NONE',  ( 9.000000000000001776, 15.50000000000000178, 1.734723475976807094E-15 ) ) ;
#1044 = ORIENTED_EDGE ( 'NONE', *, *, #1920, .T. ) ;
#1045 = LINE ( 'NONE', #2762, #3578 ) ;
#1046 = CARTESIAN_POINT ( 'NONE',  ( 2.250000000000002220, -13.50000000000000178, 1.587713240271472204 ) ) ;
#1047 = AXIS2_PLACEMENT_3D ( 'NONE', #3171, #2584, #3093 ) ;
#1048 = ORIENTED_EDGE ( 'NONE', *, *, #2546, .F. ) ;
#1049 = AXIS2_PLACEMENT_3D ( 'NONE', #635, #929, #674 ) ;
#1050 = CARTESIAN_POINT ( 'NONE',  ( 19.50436326774918427, -12.50000000000000000, -12.58294332167298712 ) ) ;
#1051 = CIRCLE ( 'NONE', #2139, 4.000000000000000000 ) ;
#1052 = ORIENTED_EDGE ( 'NONE', *, *, #55, .T. ) ;
#1053 = LINE ( 'NONE', #3465, #647 ) ;
#1054 = CARTESIAN_POINT ( 'NONE',  ( 5.000000000000000888, -9.500000000000001776, 1.599999999999993650 ) ) ;
#1055 = EDGE_CURVE ( 'NONE', #1935, #441, #3248, .T. ) ;
#1056 = CARTESIAN_POINT ( 'NONE',  ( 3.000000000000000888, 13.50000000000000178, 2.433618704727591009 ) ) ;
#1057 = CONICAL_SURFACE ( 'NONE', #3266, 3.149999999999999911, 0.7853981633974497223 ) ;
#1058 = VECTOR ( 'NONE', #2738, 1000.000000000000000 ) ;
#1059 = CARTESIAN_POINT ( 'NONE',  ( 5.000000000000000888, 7.500000000000000000, 0.000000000000000000 ) ) ;
#1060 = CARTESIAN_POINT ( 'NONE',  ( 9.000000000000001776, 15.49999999201093281, -2.229763917406418994 ) ) ;
#1061 = AXIS2_PLACEMENT_3D ( 'NONE', #321, #1503, #2621 ) ;
#1062 = EDGE_LOOP ( 'NONE', ( #919, #1905, #2272, #3540 ) ) ;
#1063 =( BOUNDED_SURFACE ( )  B_SPLINE_SURFACE ( 3, 2, ( 
 ( #2074, #3181, #2911 ),
 ( #2928, #2378, #426 ),
 ( #442, #1018, #406 ),
 ( #2057, #2109, #460 ),
 ( #1254, #2662, #1528 ),
 ( #190, #155, #2360 ) ),
 .UNSPECIFIED., .F., .F., .F. ) 
 B_SPLINE_SURFACE_WITH_KNOTS ( ( 4, 2, 4 ),
 ( 3, 3 ),
 ( 0.4912131156307432689, 0.6250688006935704033, 0.7589244857563974822 ),
 ( 0.000000000000000000, 1.000000000000000000 ),
 .UNSPECIFIED. ) 
 GEOMETRIC_REPRESENTATION_ITEM ( )  RATIONAL_B_SPLINE_SURFACE ( (
 ( 1.000000000000000000, 0.7071067811865456854, 1.000000000000000000),
 ( 1.000000000000000000, 0.7295123333406238197, 1.000000000000000000),
 ( 1.000000000000000000, 0.7527169685395783683, 1.000000000000000000),
 ( 1.000000000000000000, 0.7954379703253410261, 1.000000000000000000),
 ( 1.000000000000000000, 0.8148352274803951634, 1.000000000000000000),
 ( 1.000000000000000000, 0.8296913352679728959, 1.000000000000000000) ) ) 
 REPRESENTATION_ITEM ( '' )  SURFACE ( )  );
#1064 = DIRECTION ( 'NONE',  ( 1.000000000000000000, 0.000000000000000000, 0.000000000000000000 ) ) ;
#1065 = CARTESIAN_POINT ( 'NONE',  ( 9.000000000000001776, -15.50000000000000178, 2.020725942163690281 ) ) ;
#1066 = ORIENTED_EDGE ( 'NONE', *, *, #1288, .T. ) ;
#1067 = STYLED_ITEM ( 'NONE', ( #250 ), #97 ) ;
#1068 = CARTESIAN_POINT ( 'NONE',  ( 0.000000000000000000, -7.500000000000000000, 0.000000000000000000 ) ) ;
#1069 = AXIS2_PLACEMENT_3D ( 'NONE', #2115, #196, #3501 ) ;
#1070 = ORIENTED_EDGE ( 'NONE', *, *, #752, .T. ) ;
#1071 = EDGE_CURVE ( 'NONE', #889, #1492, #760, .T. ) ;
#1072 = CARTESIAN_POINT ( 'NONE',  ( 5.000000000000003553, -9.500000000000001776, -3.175426480542941743 ) ) ;
#1073 = CARTESIAN_POINT ( 'NONE',  ( 9.000000000000001776, -15.50000000000000178, -2.020725942163691613 ) ) ;
#1074 = EDGE_CURVE ( 'NONE', #1302, #1656, #2421, .T. ) ;
#1075 = AXIS2_PLACEMENT_3D ( 'NONE', #2175, #1625, #810 ) ;
#1076 = DIRECTION ( 'NONE',  ( -0.000000000000000000, 1.000000000000000000, -0.000000000000000000 ) ) ;
#1077 = CARTESIAN_POINT ( 'NONE',  ( 9.000000000000001776, 15.50000000000000178, -2.433618704727591897 ) ) ;
#1078 = ORIENTED_EDGE ( 'NONE', *, *, #936, .T. ) ;
#1079 = DIRECTION ( 'NONE',  ( 0.000000000000000000, 0.000000000000000000, 1.000000000000000000 ) ) ;
#1080 = PLANE ( 'NONE',  #1075 ) ;
#1081 = VERTEX_POINT ( 'NONE', #2931 ) ;
#1082 = EDGE_LOOP ( 'NONE', ( #2870, #1761 ) ) ;
#1083 = VECTOR ( 'NONE', #251, 1000.000000000000000 ) ;
#1084 = ADVANCED_FACE ( 'NONE', ( #714, #1582 ), #412, .T. ) ;
#1085 = DIRECTION ( 'NONE',  ( 0.000000000000000000, 1.000000000000000000, 0.000000000000000000 ) ) ;
#1086 = ORIENTED_EDGE ( 'NONE', *, *, #638, .T. ) ;
#1087 = AXIS2_PLACEMENT_3D ( 'NONE', #2608, #3506, #1542 ) ;
#1088 = VECTOR ( 'NONE', #51, 1000.000000000000000 ) ;
#1089 = DIRECTION ( 'NONE',  ( 0.000000000000000000, -1.734723475976807094E-15, 1.000000000000000000 ) ) ;
#1090 = CARTESIAN_POINT ( 'NONE',  ( 3.000000000000000888, 13.50000000000000178, -2.433618704727591453 ) ) ;
#1091 = ADVANCED_FACE ( 'NONE', ( #143 ), #1671, .T. ) ;
#1092 = LINE ( 'NONE', #1851, #1849 ) ;
#1093 = LINE ( 'NONE', #2702, #2637 ) ;
#1094 = EDGE_LOOP ( 'NONE', ( #2620, #3036, #1627, #3510 ) ) ;
#1095 = DIRECTION ( 'NONE',  ( -1.000000000000000000, -0.000000000000000000, -0.000000000000000000 ) ) ;
#1096 = CARTESIAN_POINT ( 'NONE',  ( 5.000000000000002665, -13.50000000000000178, 3.175426480542940411 ) ) ;
#1097 =( LENGTH_UNIT ( ) NAMED_UNIT ( * ) SI_UNIT ( .MILLI., .METRE. ) );
#1098 = CARTESIAN_POINT ( 'NONE',  ( 3.000000000000000888, -13.50000000000000178, 8.499999999999998224 ) ) ;
#1099 = EDGE_CURVE ( 'NONE', #2238, #2732, #1258, .T. ) ;
#1100 = ORIENTED_EDGE ( 'NONE', *, *, #556, .T. ) ;
#1101 = ORIENTED_EDGE ( 'NONE', *, *, #1649, .T. ) ;
#1102 = CARTESIAN_POINT ( 'NONE',  ( 5.000000000000000888, -5.500000000000000000, -5.000000000000000000 ) ) ;
#1103 = ORIENTED_EDGE ( 'NONE', *, *, #2546, .T. ) ;
#1104 = VECTOR ( 'NONE', #1846, 1000.000000000000000 ) ;
#1105 = CARTESIAN_POINT ( 'NONE',  ( 20.00000000000000000, -12.50000000000000000, -14.49999999999999645 ) ) ;
#1106 = CARTESIAN_POINT ( 'NONE',  ( 1.000000000000000888, 15.49999999201093281, 2.229763917406434981 ) ) ;
#1107 = CIRCLE ( 'NONE', #2659, 1.599999999999993650 ) ;
#1108 = ORIENTED_EDGE ( 'NONE', *, *, #864, .F. ) ;
#1109 = CYLINDRICAL_SURFACE ( 'NONE', #2264, 2.000000000000000000 ) ;
#1110 = DIRECTION ( 'NONE',  ( -0.000000000000000000, 1.000000000000000000, -0.000000000000000000 ) ) ;
#1111 = ORIENTED_EDGE ( 'NONE', *, *, #3542, .F. ) ;
#1112 = AXIS2_PLACEMENT_3D ( 'NONE', #693, #1795, #2912 ) ;
#1113 = DIRECTION ( 'NONE',  ( 0.000000000000000000, 0.000000000000000000, 1.000000000000000000 ) ) ;
#1114 = ORIENTED_EDGE ( 'NONE', *, *, #3366, .F. ) ;
#1115 = CARTESIAN_POINT ( 'NONE',  ( 11.98254692900325225, -12.50000000000000000, -12.51730142493838116 ) ) ;
#1116 = VECTOR ( 'NONE', #1170, 1000.000000000000000 ) ;
#1117 = VERTEX_POINT ( 'NONE', #1050 ) ;
#1118 = EDGE_LOOP ( 'NONE', ( #16, #2134, #590, #1100 ) ) ;
#1119 = ORIENTED_EDGE ( 'NONE', *, *, #1833, .F. ) ;
#1120 = EDGE_CURVE ( 'NONE', #3322, #450, #2255, .T. ) ;
#1121 = VECTOR ( 'NONE', #736, 1000.000000000000000 ) ;
#1122 = LINE ( 'NONE', #3340, #707 ) ;
#1123 = VERTEX_POINT ( 'NONE', #432 ) ;
#1124 = DIRECTION ( 'NONE',  ( 0.000000000000000000, 0.000000000000000000, 1.000000000000000000 ) ) ;
#1125 = AXIS2_PLACEMENT_3D ( 'NONE', #1780, #404, #3430 ) ;
#1126 = DIRECTION ( 'NONE',  ( 0.000000000000000000, 0.000000000000000000, -1.000000000000000000 ) ) ;
#1127 = EDGE_LOOP ( 'NONE', ( #2893, #1485, #2188, #2899, #2274 ) ) ;
#1128 = LINE ( 'NONE', #2004, #1116 ) ;
#1129 = CARTESIAN_POINT ( 'NONE',  ( 9.000000000000001776, 15.13452214722088662, 0.1773036155252309953 ) ) ;
#1130 = VERTEX_POINT ( 'NONE', #2634 ) ;
#1131 = CARTESIAN_POINT ( 'NONE',  ( 1.452685371083619392, -14.07164256192466034, -1.412252764894281976 ) ) ;
#1132 = DIRECTION ( 'NONE',  ( -1.000000000000000000, 0.000000000000000000, 0.000000000000000000 ) ) ;
#1133 = DIRECTION ( 'NONE',  ( 0.000000000000000000, 0.000000000000000000, 1.000000000000000000 ) ) ;
#1134 = DIRECTION ( 'NONE',  ( 0.000000000000000000, 0.000000000000000000, -1.000000000000000000 ) ) ;
#1135 = FACE_OUTER_BOUND ( 'NONE', #2215, .T. ) ;
#1136 = VERTEX_POINT ( 'NONE', #208 ) ;
#1137 = EDGE_CURVE ( 'NONE', #532, #2359, #2022, .T. ) ;
#1138 = ORIENTED_EDGE ( 'NONE', *, *, #73, .F. ) ;
#1139 = VERTEX_POINT ( 'NONE', #2616 ) ;
#1140 = CIRCLE ( 'NONE', #1419, 2.000000000000000000 ) ;
#1141 = DIRECTION ( 'NONE',  ( 0.000000000000000000, 0.000000000000000000, 1.000000000000000000 ) ) ;
#1142 = DIRECTION ( 'NONE',  ( 0.000000000000000000, 0.000000000000000000, 1.000000000000000000 ) ) ;
#1143 = CARTESIAN_POINT ( 'NONE',  ( 5.000000000000000888, -5.500000000000000000, 0.000000000000000000 ) ) ;
#1144 = ORIENTED_EDGE ( 'NONE', *, *, #2989, .T. ) ;
#1145 = AXIS2_PLACEMENT_3D ( 'NONE', #2555, #86, #2009 ) ;
#1146 = FACE_OUTER_BOUND ( 'NONE', #3320, .T. ) ;
#1147 = AXIS2_PLACEMENT_3D ( 'NONE', #2925, #1251, #2339 ) ;
#1148 = ORIENTED_EDGE ( 'NONE', *, *, #1739, .F. ) ;
#1149 = LINE ( 'NONE', #297, #2376 ) ;
#1150 = LINE ( 'NONE', #3347, #2405 ) ;
#1151 = DIRECTION ( 'NONE',  ( -0.000000000000000000, 1.000000000000000000, -0.000000000000000000 ) ) ;
#1152 = ORIENTED_EDGE ( 'NONE', *, *, #1242, .T. ) ;
#1153 = DIRECTION ( 'NONE',  ( 0.000000000000000000, 0.000000000000000000, -1.000000000000000000 ) ) ;
#1154 = LINE ( 'NONE', #3352, #1234 ) ;
#1155 = ORIENTED_EDGE ( 'NONE', *, *, #2506, .F. ) ;
#1156 = DIRECTION ( 'NONE',  ( 0.000000000000000000, 0.000000000000000000, 1.000000000000000000 ) ) ;
#1157 = ORIENTED_EDGE ( 'NONE', *, *, #2303, .F. ) ;
#1158 = EDGE_LOOP ( 'NONE', ( #2948, #1178, #446, #2055 ) ) ;
#1159 = EDGE_LOOP ( 'NONE', ( #429, #2604, #3289, #3313 ) ) ;
#1160 = CARTESIAN_POINT ( 'NONE',  ( 10.00000000000000000, 15.50000000000000000, 19.50000000000000000 ) ) ;
#1161 = ORIENTED_EDGE ( 'NONE', *, *, #2553, .T. ) ;
#1162 = DIRECTION ( 'NONE',  ( 0.000000000000000000, 0.000000000000000000, -1.000000000000000000 ) ) ;
#1163 = ORIENTED_EDGE ( 'NONE', *, *, #13, .F. ) ;
#1164 = DIRECTION ( 'NONE',  ( -1.000000000000000000, 0.000000000000000000, 0.000000000000000000 ) ) ;
#1165 = CARTESIAN_POINT ( 'NONE',  ( 1.910050578481759631, 13.49999999127584083, 0.6756359630568267161 ) ) ;
#1166 = AXIS2_PLACEMENT_3D ( 'NONE', #3221, #1831, #2751 ) ;
#1167 = VECTOR ( 'NONE', #2291, 1000.000000000000000 ) ;
#1168 = EDGE_LOOP ( 'NONE', ( #9, #3135, #2328, #423 ) ) ;
#1169 = ADVANCED_FACE ( 'NONE', ( #2345 ), #2077, .T. ) ;
#1170 = DIRECTION ( 'NONE',  ( 1.000000000000000000, -0.000000000000000000, -0.000000000000000000 ) ) ;
#1171 = CARTESIAN_POINT ( 'NONE',  ( 9.000000000000001776, -17.50000000000000000, 17.50000000000000000 ) ) ;
#1172 = VECTOR ( 'NONE', #3213, 1000.000000000000000 ) ;
#1173 = DIRECTION ( 'NONE',  ( -0.000000000000000000, 1.000000000000000000, -0.000000000000000000 ) ) ;
#1174 = FACE_OUTER_BOUND ( 'NONE', #2440, .T. ) ;
#1175 = DIRECTION ( 'NONE',  ( -1.000000000000000000, 0.000000000000000000, 0.000000000000000000 ) ) ;
#1176 = DIRECTION ( 'NONE',  ( 1.000000000000000000, 0.000000000000000000, 0.000000000000000000 ) ) ;
#1177 = CARTESIAN_POINT ( 'NONE',  ( 1.000000000000000888, -13.50000000000000178, -12.49999999999999289 ) ) ;
#1178 = ORIENTED_EDGE ( 'NONE', *, *, #163, .F. ) ;
#1179 = ORIENTED_EDGE ( 'NONE', *, *, #1240, .T. ) ;
#1180 = ORIENTED_EDGE ( 'NONE', *, *, #2623, .T. ) ;
#1181 = LINE ( 'NONE', #108, #3295 ) ;
#1182 = TOROIDAL_SURFACE ( 'NONE', #1292, 1.417075716794924167, 0.5000000000000000000 ) ;
#1183 = DIRECTION ( 'NONE',  ( 0.000000000000000000, -0.000000000000000000, -1.000000000000000000 ) ) ;
#1184 = EDGE_LOOP ( 'NONE', ( #2160, #1500, #3189, #2199 ) ) ;
#1185 = DIRECTION ( 'NONE',  ( 0.000000000000000000, 0.000000000000000000, 1.000000000000000000 ) ) ;
#1186 = CARTESIAN_POINT ( 'NONE',  ( 1.000000000000045075, 14.09082442068763719, -0.5305016308829396676 ) ) ;
#1187 = EDGE_CURVE ( 'NONE', #852, #450, #3462, .T. ) ;
#1188 = CONICAL_SURFACE ( 'NONE', #1403, 2.000000000000000000, 0.008726646259971666819 ) ;
#1189 = ORIENTED_EDGE ( 'NONE', *, *, #1120, .F. ) ;
#1190 = DIRECTION ( 'NONE',  ( 0.8660254037844384856, 0.000000000000000000, -0.5000000000000002220 ) ) ;
#1191 = CARTESIAN_POINT ( 'NONE',  ( 1.000000000000000888, -15.50000000000000178, 2.020725942163690281 ) ) ;
#1192 = CIRCLE ( 'NONE', #2437, 4.000000000000000000 ) ;
#1193 = EDGE_CURVE ( 'NONE', #189, #3197, #274, .T. ) ;
#1194 = DIRECTION ( 'NONE',  ( 0.000000000000000000, -1.000000000000000000, -0.000000000000000000 ) ) ;
#1195 = DIRECTION ( 'NONE',  ( 0.000000000000000000, 0.000000000000000000, 1.000000000000000000 ) ) ;
#1196 = DIRECTION ( 'NONE',  ( 0.000000000000000000, -0.000000000000000000, -1.000000000000000000 ) ) ;
#1197 = VERTEX_POINT ( 'NONE', #2113 ) ;
#1198 = ORIENTED_EDGE ( 'NONE', *, *, #3468, .T. ) ;
#1199 = CARTESIAN_POINT ( 'NONE',  ( 10.00000000000000000, -12.50000000000000000, -14.49999999999999645 ) ) ;
#1200 = CARTESIAN_POINT ( 'NONE',  ( 0.000000000000000000, -7.500000000000000000, -7.499999999999994671 ) ) ;
#1201 = ORIENTED_EDGE ( 'NONE', *, *, #762, .T. ) ;
#1202 = EDGE_CURVE ( 'NONE', #2238, #3219, #3203, .T. ) ;
#1203 = LINE ( 'NONE', #2296, #1890 ) ;
#1204 = ORIENTED_EDGE ( 'NONE', *, *, #869, .F. ) ;
#1205 = VECTOR ( 'NONE', #2804, 1000.000000000000000 ) ;
#1206 = CARTESIAN_POINT ( 'NONE',  ( 1.000000000000000888, -13.85982010994899305, 1.228532732307965558 ) ) ;
#1207 = ADVANCED_FACE ( 'NONE', ( #2649, #3498 ), #3565, .T. ) ;
#1208 = CARTESIAN_POINT ( 'NONE',  ( 8.105105165921774102, 13.49999999073790846, 0.6073765867205486169 ) ) ;
#1209 = AXIS2_PLACEMENT_3D ( 'NONE', #1848, #1370, #198 ) ;
#1210 = AXIS2_PLACEMENT_3D ( 'NONE', #1659, #1361, #2756 ) ;
#1211 = PLANE ( 'NONE',  #2026 ) ;
#1212 = EDGE_CURVE ( 'NONE', #2726, #2340, #1332, .T. ) ;
#1213 = CARTESIAN_POINT ( 'NONE',  ( 7.000000000000000888, 15.50000000000000178, 1.734723475976807094E-15 ) ) ;
#1214 = ORIENTED_EDGE ( 'NONE', *, *, #1055, .T. ) ;
#1215 = ORIENTED_EDGE ( 'NONE', *, *, #809, .F. ) ;
#1216 = VERTEX_POINT ( 'NONE', #833 ) ;
#1217 = CARTESIAN_POINT ( 'NONE',  ( 10.00000000000000000, 15.50000000000000000, -19.49999999999999645 ) ) ;
#1218 = DIRECTION ( 'NONE',  ( -1.000000000000000000, 0.000000000000000000, 0.000000000000000000 ) ) ;
#1219 = EDGE_CURVE ( 'NONE', #1691, #2545, #1917, .T. ) ;
#1220 = CARTESIAN_POINT ( 'NONE',  ( 1.000000000000000888, -15.35404962177391930, -1.154700538379023422 ) ) ;
#1221 = ORIENTED_EDGE ( 'NONE', *, *, #2993, .T. ) ;
#1222 = DIRECTION ( 'NONE',  ( -0.000000000000000000, 0.000000000000000000, -1.000000000000000000 ) ) ;
#1223 = ORIENTED_EDGE ( 'NONE', *, *, #835, .F. ) ;
#1224 = AXIS2_PLACEMENT_3D ( 'NONE', #1466, #1241, #1185 ) ;
#1225 = DIRECTION ( 'NONE',  ( 0.000000000000000000, -1.000000000000000000, 0.000000000000000000 ) ) ;
#1226 = CARTESIAN_POINT ( 'NONE',  ( 7.000000000000000000, -13.50000000000000178, 2.020725942163690281 ) ) ;
#1227 = AXIS2_PLACEMENT_3D ( 'NONE', #483, #1814, #176 ) ;
#1228 = CARTESIAN_POINT ( 'NONE',  ( 1.000000000000000888, -11.50000000000000178, 8.499999999999998224 ) ) ;
#1229 = CYLINDRICAL_SURFACE ( 'NONE', #2487, 5.000000000000000000 ) ;
#1230 = CARTESIAN_POINT ( 'NONE',  ( 10.00000000000000000, -5.500000000000000000, -7.499999999999994671 ) ) ;
#1231 = TOROIDAL_SURFACE ( 'NONE', #1451, 1.417075716794924167, 0.5000000000000000000 ) ;
#1232 = ORIENTED_EDGE ( 'NONE', *, *, #2973, .F. ) ;
#1233 = EDGE_LOOP ( 'NONE', ( #53, #3281, #1157, #2749 ) ) ;
#1234 = VECTOR ( 'NONE', #884, 1000.000000000000000 ) ;
#1235 = DIRECTION ( 'NONE',  ( -0.000000000000000000, -0.000000000000000000, 1.000000000000000000 ) ) ;
#1236 = CARTESIAN_POINT ( 'NONE',  ( 7.935741426463759574, -13.57513610650535796, -1.556990243366304316 ) ) ;
#1237 = CARTESIAN_POINT ( 'NONE',  ( 19.50000000000000000, -12.50000000000000000, 13.08292428320507383 ) ) ;
#1238 = LINE ( 'NONE', #657, #152 ) ;
#1239 = ORIENTED_EDGE ( 'NONE', *, *, #2128, .T. ) ;
#1240 = EDGE_CURVE ( 'NONE', #2249, #3197, #241, .T. ) ;
#1241 = DIRECTION ( 'NONE',  ( 0.000000000000000000, 1.000000000000000000, -1.224646799147353207E-16 ) ) ;
#1242 = EDGE_CURVE ( 'NONE', #1346, #2279, #2478, .T. ) ;
#1243 = ORIENTED_EDGE ( 'NONE', *, *, #1426, .T. ) ;
#1244 = DIRECTION ( 'NONE',  ( -1.000000000000000000, -0.000000000000000000, -0.000000000000000000 ) ) ;
#1245 = FACE_OUTER_BOUND ( 'NONE', #516, .T. ) ;
#1246 = TOROIDAL_SURFACE ( 'NONE', #1350, 3.982622421189957684, 2.000000000000000000 ) ;
#1247 = ORIENTED_EDGE ( 'NONE', *, *, #513, .T. ) ;
#1248 = EDGE_CURVE ( 'NONE', #2307, #2593, #2711, .T. ) ;
#1249 = DIRECTION ( 'NONE',  ( -0.000000000000000000, 0.000000000000000000, -1.000000000000000000 ) ) ;
#1250 = VECTOR ( 'NONE', #1259, 1000.000000000000000 ) ;
#1251 = DIRECTION ( 'NONE',  ( 0.000000000000000000, 0.000000000000000000, 1.000000000000000000 ) ) ;
#1252 = VERTEX_POINT ( 'NONE', #1351 ) ;
#1253 = DIRECTION ( 'NONE',  ( -0.000000000000000000, -0.000000000000000000, 1.000000000000000000 ) ) ;
#1254 = CARTESIAN_POINT ( 'NONE',  ( 1.000000000000000888, -15.04188335667172005, -0.5092477331194606993 ) ) ;
#1255 = FACE_OUTER_BOUND ( 'NONE', #2411, .T. ) ;
#1256 = VERTEX_POINT ( 'NONE', #2729 ) ;
#1257 = AXIS2_PLACEMENT_3D ( 'NONE', #156, #3201, #2914 ) ;
#1258 = LINE ( 'NONE', #1533, #1331 ) ;
#1259 = DIRECTION ( 'NONE',  ( -0.000000000000000000, -1.000000000000000000, -0.000000000000000000 ) ) ;
#1260 = ORIENTED_EDGE ( 'NONE', *, *, #594, .T. ) ;
#1261 = DIRECTION ( 'NONE',  ( 0.000000000000000000, 0.000000000000000000, 1.000000000000000000 ) ) ;
#1262 = FACE_OUTER_BOUND ( 'NONE', #1631, .T. ) ;
#1263 = CARTESIAN_POINT ( 'NONE',  ( 1.000000000000000888, -15.35404962177391930, -1.154700538379023422 ) ) ;
#1264 = DIRECTION ( 'NONE',  ( -1.000000000000000000, 0.000000000000000000, 0.000000000000000000 ) ) ;
#1265 = DIRECTION ( 'NONE',  ( 1.000000000000000000, 0.000000000000000000, 0.000000000000000000 ) ) ;
#1266 = ORIENTED_EDGE ( 'NONE', *, *, #1497, .T. ) ;
#1267 = CIRCLE ( 'NONE', #2178, 2.000000000000000000 ) ;
#1268 = CARTESIAN_POINT ( 'NONE',  ( 1.000000000000000888, -11.50000000000000178, 10.49999999999999822 ) ) ;
#1269 = FACE_OUTER_BOUND ( 'NONE', #3512, .T. ) ;
#1270 = VERTEX_POINT ( 'NONE', #1068 ) ;
#1271 = DIRECTION ( 'NONE',  ( 0.000000000000000000, 0.000000000000000000, 1.000000000000000000 ) ) ;
#1272 = DIRECTION ( 'NONE',  ( 0.000000000000000000, 0.000000000000000000, -1.000000000000000000 ) ) ;
#1273 = LINE ( 'NONE', #2368, #666 ) ;
#1274 = CARTESIAN_POINT ( 'NONE',  ( 9.000000000000000000, -13.87619069719302978, 1.493388454102070773 ) ) ;
#1275 = EDGE_CURVE ( 'NONE', #372, #2340, #534, .T. ) ;
#1276 = EDGE_CURVE ( 'NONE', #1032, #1139, #3235, .T. ) ;
#1277 = FACE_OUTER_BOUND ( 'NONE', #764, .T. ) ;
#1278 = PLANE ( 'NONE',  #918 ) ;
#1279 = CIRCLE ( 'NONE', #2193, 2.000000000000000000 ) ;
#1280 = ORIENTED_EDGE ( 'NONE', *, *, #1559, .F. ) ;
#1281 = CIRCLE ( 'NONE', #1954, 5.000000000000000000 ) ;
#1282 = PLANE ( 'NONE',  #2198 ) ;
#1283 = DIRECTION ( 'NONE',  ( -0.4999999999999996114, 0.000000000000000000, 0.8660254037844389297 ) ) ;
#1284 = ORIENTED_EDGE ( 'NONE', *, *, #997, .T. ) ;
#1285 = DIRECTION ( 'NONE',  ( -1.000000000000000000, -0.000000000000000000, -0.000000000000000000 ) ) ;
#1286 = VECTOR ( 'NONE', #37, 1000.000000000000000 ) ;
#1287 = VERTEX_POINT ( 'NONE', #555 ) ;
#1288 = EDGE_CURVE ( 'NONE', #3076, #849, #177, .T. ) ;
#1289 = CYLINDRICAL_SURFACE ( 'NONE', #1166, 2.000000000000000000 ) ;
#1290 = CARTESIAN_POINT ( 'NONE',  ( 1.000000000000000888, -11.50000000000000178, 12.49999999999999822 ) ) ;
#1291 = CARTESIAN_POINT ( 'NONE',  ( 8.999999999999703348, -13.64813720412252707, 1.935198870607414356 ) ) ;
#1292 = AXIS2_PLACEMENT_3D ( 'NONE', #920, #276, #1735 ) ;
#1293 = AXIS2_PLACEMENT_3D ( 'NONE', #1357, #3222, #1690 ) ;
#1294 = CARTESIAN_POINT ( 'NONE',  ( 0.000000000000000000, 5.500000000000001776, -9.499999999999996447 ) ) ;
#1295 = CARTESIAN_POINT ( 'NONE',  ( 9.000000000000000000, -13.76086635269492042, -1.791604885311858908 ) ) ;
#1296 = EDGE_CURVE ( 'NONE', #1492, #98, #3546, .T. ) ;
#1297 = ORIENTED_EDGE ( 'NONE', *, *, #438, .F. ) ;
#1298 = AXIS2_PLACEMENT_3D ( 'NONE', #916, #603, #2799 ) ;
#1299 = CARTESIAN_POINT ( 'NONE',  ( 10.00000000000000000, -15.50000000000000178, 17.50000000000000000 ) ) ;
#1300 = DIRECTION ( 'NONE',  ( 0.000000000000000000, 0.000000000000000000, -1.000000000000000000 ) ) ;
#1301 = EDGE_CURVE ( 'NONE', #582, #8, #1281, .T. ) ;
#1302 = VERTEX_POINT ( 'NONE', #3301 ) ;
#1303 = DIRECTION ( 'NONE',  ( -0.000000000000000000, 1.000000000000000000, -0.000000000000000000 ) ) ;
#1304 = EDGE_LOOP ( 'NONE', ( #1605, #2302, #3572, #2056, #498 ) ) ;
#1305 = EDGE_CURVE ( 'NONE', #741, #926, #515, .T. ) ;
#1306 = DIRECTION ( 'NONE',  ( 1.000000000000000000, 0.000000000000000000, -0.000000000000000000 ) ) ;
#1307 = EDGE_CURVE ( 'NONE', #2505, #3499, #1401, .T. ) ;
#1308 = CARTESIAN_POINT ( 'NONE',  ( 7.935741426463759574, -13.57513610650535796, 1.556990243366300541 ) ) ;
#1309 = DIRECTION ( 'NONE',  ( 0.000000000000000000, 0.000000000000000000, -1.000000000000000000 ) ) ;
#1310 = CARTESIAN_POINT ( 'NONE',  ( 19.50000000000000000, -12.50000000000000000, 14.49999999999999645 ) ) ;
#1311 = CARTESIAN_POINT ( 'NONE',  ( 9.000000000000001776, -15.18088142948370312, -0.7258242115204085465 ) ) ;
#1312 = VECTOR ( 'NONE', #3103, 1000.000000000000000 ) ;
#1313 = EDGE_LOOP ( 'NONE', ( #1381, #2815, #2710, #264 ) ) ;
#1314 = LINE ( 'NONE', #1794, #882 ) ;
#1315 = CARTESIAN_POINT ( 'NONE',  ( 9.000000000000001776, 15.50000000000000000, 17.50000000000000000 ) ) ;
#1316 = ORIENTED_EDGE ( 'NONE', *, *, #2263, .T. ) ;
#1317 = EDGE_CURVE ( 'NONE', #2732, #441, #1837, .T. ) ;
#1318 = CYLINDRICAL_SURFACE ( 'NONE', #1786, 2.000000000000001776 ) ;
#1319 = CARTESIAN_POINT ( 'NONE',  ( 10.00000000000000000, -5.500000000000000000, -9.499999999999996447 ) ) ;
#1320 = ORIENTED_EDGE ( 'NONE', *, *, #1071, .T. ) ;
#1321 = CARTESIAN_POINT ( 'NONE',  ( 10.00000000000000000, -15.50000000000000178, 19.50000000000000000 ) ) ;
#1322 = CARTESIAN_POINT ( 'NONE',  ( 10.00000000000000000, -17.50000000000000000, -19.49999999999999289 ) ) ;
#1323 = CARTESIAN_POINT ( 'NONE',  ( 1.000000000000000888, 13.50000000000000178, 2.433618704727591009 ) ) ;
#1324 = DIRECTION ( 'NONE',  ( 1.000000000000000000, -0.000000000000000000, -0.000000000000000000 ) ) ;
#1325 = DIRECTION ( 'NONE',  ( -0.000000000000000000, 1.000000000000000000, 0.000000000000000000 ) ) ;
#1326 = ORIENTED_EDGE ( 'NONE', *, *, #3119, .T. ) ;
#1327 = CARTESIAN_POINT ( 'NONE',  ( 9.000000000000003553, 15.22933516512934560, 0.7943357220237911021 ) ) ;
#1328 = DIRECTION ( 'NONE',  ( 1.000000000000000000, 0.000000000000000000, 0.000000000000000000 ) ) ;
#1329 = VERTEX_POINT ( 'NONE', #7 ) ;
#1330 = EDGE_CURVE ( 'NONE', #284, #2726, #1122, .T. ) ;
#1331 = VECTOR ( 'NONE', #2916, 1000.000000000000000 ) ;
#1332 = LINE ( 'NONE', #1934, #1382 ) ;
#1333 = EDGE_CURVE ( 'NONE', #626, #1953, #3282, .T. ) ;
#1334 = CIRCLE ( 'NONE', #279, 2.000000000000000000 ) ;
#1335 = ORIENTED_EDGE ( 'NONE', *, *, #1497, .F. ) ;
#1336 = EDGE_CURVE ( 'NONE', #3383, #3406, #2314, .T. ) ;
#1337 = CYLINDRICAL_SURFACE ( 'NONE', #2418, 2.000000000000000000 ) ;
#1338 = DIRECTION ( 'NONE',  ( -0.000000000000000000, 9.912705577010325549E-17, 1.000000000000000000 ) ) ;
#1339 = DIRECTION ( 'NONE',  ( 0.000000000000000000, 0.000000000000000000, 1.000000000000000000 ) ) ;
#1340 = CIRCLE ( 'NONE', #236, 1.999999999999998224 ) ;
#1341 = CIRCLE ( 'NONE', #1967, 1.917056678327009545 ) ;
#1342 = FACE_OUTER_BOUND ( 'NONE', #1501, .T. ) ;
#1343 = CARTESIAN_POINT ( 'NONE',  ( 9.000000000000000000, 13.69193794781138962, -2.236532016947544221 ) ) ;
#1344 = EDGE_CURVE ( 'NONE', #3416, #2284, #1733, .T. ) ;
#1345 = CIRCLE ( 'NONE', #3368, 1.999999999999998224 ) ;
#1346 = VERTEX_POINT ( 'NONE', #501 ) ;
#1347 = DIRECTION ( 'NONE',  ( -0.000000000000000000, -2.168404344971008621E-16, 1.000000000000000000 ) ) ;
#1348 = CARTESIAN_POINT ( 'NONE',  ( 7.000000000000000888, -13.50000000000000178, 8.499999999999998224 ) ) ;
#1349 = ORIENTED_EDGE ( 'NONE', *, *, #3119, .F. ) ;
#1350 = AXIS2_PLACEMENT_3D ( 'NONE', #2785, #1132, #3351 ) ;
#1351 = CARTESIAN_POINT ( 'NONE',  ( 0.000000000000000000, 17.50000000000000000, 17.50000000000000000 ) ) ;
#1352 = ADVANCED_FACE ( 'NONE', ( #2695 ), #2196, .T. ) ;
#1353 = AXIS2_PLACEMENT_3D ( 'NONE', #2491, #3333, #586 ) ;
#1354 = ORIENTED_EDGE ( 'NONE', *, *, #1520, .F. ) ;
#1355 = EDGE_CURVE ( 'NONE', #2998, #741, #3109, .T. ) ;
#1356 = CARTESIAN_POINT ( 'NONE',  ( 1.000000000000000888, 13.50000000000000178, 10.49999999999999822 ) ) ;
#1357 = CARTESIAN_POINT ( 'NONE',  ( 12.00000000000000000, 12.50000000000000000, 18.48262242118995502 ) ) ;
#1358 = DIRECTION ( 'NONE',  ( -0.000000000000000000, -0.000000000000000000, 1.000000000000000000 ) ) ;
#1359 = EDGE_CURVE ( 'NONE', #2494, #2210, #1495, .T. ) ;
#1360 = CARTESIAN_POINT ( 'NONE',  ( 1.000000000000000888, -13.50000000000000178, 10.49999999999999822 ) ) ;
#1361 = DIRECTION ( 'NONE',  ( 1.000000000000000000, 0.000000000000000000, 0.000000000000000000 ) ) ;
#1362 = CARTESIAN_POINT ( 'NONE',  ( 7.000000000000000888, -11.50000000000000178, -12.49999999999999289 ) ) ;
#1363 = DIRECTION ( 'NONE',  ( 0.000000000000000000, 0.000000000000000000, 1.000000000000000000 ) ) ;
#1364 = EDGE_LOOP ( 'NONE', ( #2469, #1214, #2962, #1645 ) ) ;
#1365 = CIRCLE ( 'NONE', #2801, 1.599999999999996314 ) ;
#1366 = CARTESIAN_POINT ( 'NONE',  ( 2.250000000000002220, -9.500000000000001776, -1.587713240271470205 ) ) ;
#1367 = DIRECTION ( 'NONE',  ( 0.000000000000000000, 0.000000000000000000, -1.000000000000000000 ) ) ;
#1368 = ORIENTED_EDGE ( 'NONE', *, *, #3399, .F. ) ;
#1369 = DIRECTION ( 'NONE',  ( 1.000000000000000000, 0.000000000000000000, 0.000000000000000000 ) ) ;
#1370 = DIRECTION ( 'NONE',  ( -1.000000000000000000, 0.000000000000000000, 0.000000000000000000 ) ) ;
#1371 = ORIENTED_EDGE ( 'NONE', *, *, #1895, .F. ) ;
#1372 = DIRECTION ( 'NONE',  ( 0.000000000000000000, 1.000000000000000000, 1.224646799147353207E-16 ) ) ;
#1373 = EDGE_CURVE ( 'NONE', #221, #3396, #3188, .T. ) ;
#1374 = DIRECTION ( 'NONE',  ( 0.000000000000000000, 1.000000000000000000, 1.224646799147353207E-16 ) ) ;
#1375 = SURFACE_SIDE_STYLE ('',( #2266 ) ) ;
#1376 = DIRECTION ( 'NONE',  ( 0.8660254037844387076, 0.000000000000000000, 0.4999999999999998335 ) ) ;
#1377 = ORIENTED_EDGE ( 'NONE', *, *, #2054, .T. ) ;
#1378 = ADVANCED_FACE ( 'NONE', ( #3414 ), #1747, .F. ) ;
#1379 = AXIS2_PLACEMENT_3D ( 'NONE', #2774, #1632, #2733 ) ;
#1380 = DIRECTION ( 'NONE',  ( 0.000000000000000000, 0.000000000000000000, -1.000000000000000000 ) ) ;
#1381 = ORIENTED_EDGE ( 'NONE', *, *, #1041, .F. ) ;
#1382 = VECTOR ( 'NONE', #2441, 1000.000000000000000 ) ;
#1383 = LINE ( 'NONE', #2507, #1001 ) ;
#1384 = CIRCLE ( 'NONE', #3417, 2.000000000000000000 ) ;
#1385 = CARTESIAN_POINT ( 'NONE',  ( 1.000000000000000888, 15.50000000000000178, -2.433618704727592341 ) ) ;
#1386 = CIRCLE ( 'NONE', #282, 1.982698575061614399 ) ;
#1387 = FACE_OUTER_BOUND ( 'NONE', #259, .T. ) ;
#1388 = ORIENTED_EDGE ( 'NONE', *, *, #913, .F. ) ;
#1389 = CARTESIAN_POINT ( 'NONE',  ( 1.000000000000000888, -15.50000000000000178, 2.020725942163680955 ) ) ;
#1390 = EDGE_CURVE ( 'NONE', #2161, #3401, #2370, .T. ) ;
#1391 = DIRECTION ( 'NONE',  ( 0.000000000000000000, 0.000000000000000000, -1.000000000000000000 ) ) ;
#1392 = EDGE_LOOP ( 'NONE', ( #3299, #1189, #3317, #2114, #403, #2648 ) ) ;
#1393 = AXIS2_PLACEMENT_3D ( 'NONE', #753, #3441, #724 ) ;
#1394 = DIRECTION ( 'NONE',  ( 0.000000000000000000, 0.000000000000000000, -1.000000000000000000 ) ) ;
#1395 = AXIS2_PLACEMENT_3D ( 'NONE', #358, #2508, #1126 ) ;
#1396 = CARTESIAN_POINT ( 'NONE',  ( 9.000000000000001776, 15.27838271131984982, 0.9967042710048391596 ) ) ;
#1397 = ORIENTED_EDGE ( 'NONE', *, *, #3477, .F. ) ;
#1398 = CARTESIAN_POINT ( 'NONE',  ( 1.000000000000000888, 15.15648860074966464, -0.3847637400226714410 ) ) ;
#1399 = AXIS2_PLACEMENT_3D ( 'NONE', #543, #1324, #2434 ) ;
#1400 = ORIENTED_EDGE ( 'NONE', *, *, #3176, .F. ) ;
#1401 = LINE ( 'NONE', #3015, #1003 ) ;
#1402 = ORIENTED_EDGE ( 'NONE', *, *, #3484, .T. ) ;
#1403 = AXIS2_PLACEMENT_3D ( 'NONE', #1414, #1946, #3032 ) ;
#1404 = CARTESIAN_POINT ( 'NONE',  ( 5.000000000000000888, 7.500000000000000000, 5.000000000000000000 ) ) ;
#1405 = AXIS2_PLACEMENT_3D ( 'NONE', #3392, #2007, #1153 ) ;
#1406 = LINE ( 'NONE', #338, #459 ) ;
#1407 = ORIENTED_EDGE ( 'NONE', *, *, #1723, .T. ) ;
#1408 = CARTESIAN_POINT ( 'NONE',  ( 1.000000000000000888, -15.44905691613769783, 1.404970363622951135 ) ) ;
#1409 = DIRECTION ( 'NONE',  ( 0.000000000000000000, 0.000000000000000000, 1.000000000000000000 ) ) ;
#1410 = FACE_OUTER_BOUND ( 'NONE', #1463, .T. ) ;
#1411 = CARTESIAN_POINT ( 'NONE',  ( 5.000000000000001776, 7.500000000000000000, -5.000000000000000000 ) ) ;
#1412 = CARTESIAN_POINT ( 'NONE',  ( 10.00000000000000000, 12.50000000000000000, 14.49999999999999645 ) ) ;
#1413 = CARTESIAN_POINT ( 'NONE',  ( 10.00000000000000000, 5.500000000000000888, 7.500000000000000000 ) ) ;
#1414 = CARTESIAN_POINT ( 'NONE',  ( 10.00000000000000000, -12.50000000000000000, 14.49999999999999645 ) ) ;
#1415 = DIRECTION ( 'NONE',  ( 1.000000000000000000, 0.000000000000000000, -0.000000000000000000 ) ) ;
#1416 = ORIENTED_EDGE ( 'NONE', *, *, #2624, .F. ) ;
#1417 = ORIENTED_EDGE ( 'NONE', *, *, #1330, .T. ) ;
#1418 = ORIENTED_EDGE ( 'NONE', *, *, #1074, .F. ) ;
#1419 = AXIS2_PLACEMENT_3D ( 'NONE', #886, #1971, #62 ) ;
#1420 = DIRECTION ( 'NONE',  ( 0.000000000000000000, -1.000000000000000000, 0.000000000000000000 ) ) ;
#1421 = FACE_BOUND ( 'NONE', #2108, .T. ) ;
#1422 = CYLINDRICAL_SURFACE ( 'NONE', #659, 5.000000000000000000 ) ;
#1423 = FACE_OUTER_BOUND ( 'NONE', #1746, .T. ) ;
#1424 = ORIENTED_EDGE ( 'NONE', *, *, #1593, .F. ) ;
#1425 = AXIS2_PLACEMENT_3D ( 'NONE', #370, #3141, #1475 ) ;
#1426 = EDGE_CURVE ( 'NONE', #1687, #1798, #78, .T. ) ;
#1427 = CARTESIAN_POINT ( 'NONE',  ( 9.000000000000001776, -11.50000000000000178, -12.49999999999999289 ) ) ;
#1428 = CARTESIAN_POINT ( 'NONE',  ( 1.000000000000000888, 15.49999999021022390, -2.227145702218688239 ) ) ;
#1429 = EDGE_CURVE ( 'NONE', #1580, #2249, #2765, .T. ) ;
#1430 = ORIENTED_EDGE ( 'NONE', *, *, #748, .F. ) ;
#1431 = CARTESIAN_POINT ( 'NONE',  ( 5.000000000000000888, 5.500000000000000000, 1.599999999999996314 ) ) ;
#1432 = CARTESIAN_POINT ( 'NONE',  ( 9.000000000000000000, 14.08803417760360865, -0.5916770628584776537 ) ) ;
#1433 = CARTESIAN_POINT ( 'NONE',  ( 1.030359547723021851, -14.95504430224425363, -1.224690872011952036 ) ) ;
#1434 = CARTESIAN_POINT ( 'NONE',  ( 2.250000000000002220, -9.500000000000001776, -1.587713240271470205 ) ) ;
#1435 = FACE_OUTER_BOUND ( 'NONE', #2628, .T. ) ;
#1436 = CARTESIAN_POINT ( 'NONE',  ( 10.00000000000000000, -7.500000000000000000, -7.499999999999994671 ) ) ;
#1437 = ORIENTED_EDGE ( 'NONE', *, *, #2145, .F. ) ;
#1438 = ORIENTED_EDGE ( 'NONE', *, *, #1604, .T. ) ;
#1439 = FACE_OUTER_BOUND ( 'NONE', #1974, .T. ) ;
#1440 = EDGE_LOOP ( 'NONE', ( #634, #3044, #947, #2860 ) ) ;
#1441 = FACE_OUTER_BOUND ( 'NONE', #2413, .T. ) ;
#1442 = EDGE_CURVE ( 'NONE', #2780, #2211, #816, .T. ) ;
#1443 = ORIENTED_EDGE ( 'NONE', *, *, #2128, .F. ) ;
#1444 = CARTESIAN_POINT ( 'NONE',  ( 9.000000000000001776, -15.50000000000000178, 19.50000000000000000 ) ) ;
#1445 = ADVANCED_FACE ( 'NONE', ( #2854 ), #464, .T. ) ;
#1446 = VECTOR ( 'NONE', #661, 1000.000000000000000 ) ;
#1447 = AXIS2_PLACEMENT_3D ( 'NONE', #2144, #1548, #1829 ) ;
#1448 = ORIENTED_EDGE ( 'NONE', *, *, #2033, .F. ) ;
#1449 = FACE_OUTER_BOUND ( 'NONE', #571, .T. ) ;
#1450 = CARTESIAN_POINT ( 'NONE',  ( 9.000000000000001776, 13.49999999999999822, 2.433618704727591897 ) ) ;
#1451 = AXIS2_PLACEMENT_3D ( 'NONE', #2974, #1064, #509 ) ;
#1452 = CARTESIAN_POINT ( 'NONE',  ( 5.000000000000000888, 5.500000000000000000, 0.000000000000000000 ) ) ;
#1453 = CARTESIAN_POINT ( 'NONE',  ( 0.000000000000000000, -17.50000000000000000, 19.50000000000000000 ) ) ;
#1454 = CYLINDRICAL_SURFACE ( 'NONE', #1145, 1.599999999999994316 ) ;
#1455 = ADVANCED_FACE ( 'NONE', ( #1439 ), #309, .T. ) ;
#1456 = EDGE_LOOP ( 'NONE', ( #1547, #3173, #2889, #2679 ) ) ;
#1457 = VERTEX_POINT ( 'NONE', #2521 ) ;
#1458 = EDGE_LOOP ( 'NONE', ( #24, #2294, #1844, #4 ) ) ;
#1459 = CARTESIAN_POINT ( 'NONE',  ( 8.547255506130237990, -14.07157413818066516, -1.412270057487218233 ) ) ;
#1460 = AXIS2_PLACEMENT_3D ( 'NONE', #2357, #1372, #248 ) ;
#1461 = CARTESIAN_POINT ( 'NONE',  ( 7.000000000000000888, 11.50000000000000000, -12.49999999999999289 ) ) ;
#1462 = ADVANCED_FACE ( 'NONE', ( #2036 ), #2538, .T. ) ;
#1463 = EDGE_LOOP ( 'NONE', ( #2337, #660, #14, #562 ) ) ;
#1464 = CONICAL_SURFACE ( 'NONE', #1908, 2.000000000000000000, 0.008726646259971666819 ) ;
#1465 = EDGE_CURVE ( 'NONE', #3406, #3149, #713, .T. ) ;
#1466 = CARTESIAN_POINT ( 'NONE',  ( 19.50000000000000000, 12.50000000000000000, 15.91707571679492084 ) ) ;
#1467 =( NAMED_UNIT ( * ) SI_UNIT ( $, .STERADIAN. ) SOLID_ANGLE_UNIT ( ) );
#1468 = VECTOR ( 'NONE', #2035, 1000.000000000000000 ) ;
#1469 = ORIENTED_EDGE ( 'NONE', *, *, #2447, .F. ) ;
#1470 = CARTESIAN_POINT ( 'NONE',  ( 9.000000000000001776, 15.50000000000000178, 2.433618704727592341 ) ) ;
#1471 = AXIS2_PLACEMENT_3D ( 'NONE', #367, #1741, #2573 ) ;
#1472 = VERTEX_POINT ( 'NONE', #2829 ) ;
#1473 = EDGE_CURVE ( 'NONE', #373, #2736, #69, .T. ) ;
#1474 = CARTESIAN_POINT ( 'NONE',  ( 11.98254692900325225, 12.50000000000000000, 16.48269857506160818 ) ) ;
#1475 = DIRECTION ( 'NONE',  ( 0.000000000000000000, 0.000000000000000000, 1.000000000000000000 ) ) ;
#1476 = ORIENTED_EDGE ( 'NONE', *, *, #1683, .T. ) ;
#1477 = EDGE_LOOP ( 'NONE', ( #346, #1017, #1418, #827 ) ) ;
#1478 = CARTESIAN_POINT ( 'NONE',  ( 5.000000000000000888, 13.50000000000000178, 3.149999999999999911 ) ) ;
#1479 = CARTESIAN_POINT ( 'NONE',  ( 9.000000000000001776, -15.35404962177388555, -1.154700538379030750 ) ) ;
#1480 = DIRECTION ( 'NONE',  ( 0.000000000000000000, -0.000000000000000000, 1.000000000000000000 ) ) ;
#1481 = DIRECTION ( 'NONE',  ( 0.000000000000000000, 1.000000000000000000, 1.224646799147353207E-16 ) ) ;
#1482 = EDGE_LOOP ( 'NONE', ( #1773, #480 ) ) ;
#1483 = VERTEX_POINT ( 'NONE', #911 ) ;
#1484 = DIRECTION ( 'NONE',  ( 1.000000000000000000, -0.000000000000000000, -0.000000000000000000 ) ) ;
#1485 = ORIENTED_EDGE ( 'NONE', *, *, #3468, .F. ) ;
#1486 = CARTESIAN_POINT ( 'NONE',  ( 5.000000000000000888, 13.50000000000000178, 0.000000000000000000 ) ) ;
#1487 = CARTESIAN_POINT ( 'NONE',  ( 9.000000000000001776, 15.48050607628893438, 2.018462411778580545 ) ) ;
#1488 = ORIENTED_EDGE ( 'NONE', *, *, #2219, .T. ) ;
#1489 = CARTESIAN_POINT ( 'NONE',  ( 10.00000000000000000, -5.500000000000000000, 7.500000000000000000 ) ) ;
#1490 = CARTESIAN_POINT ( 'NONE',  ( 1.000000000000000888, 15.50000000000000178, -10.49999999999999112 ) ) ;
#1491 = EDGE_CURVE ( 'NONE', #626, #238, #1181, .T. ) ;
#1492 = VERTEX_POINT ( 'NONE', #3380 ) ;
#1493 = ORIENTED_EDGE ( 'NONE', *, *, #393, .T. ) ;
#1494 = DIRECTION ( 'NONE',  ( 1.000000000000000000, -0.000000000000000000, -0.000000000000000000 ) ) ;
#1495 = LINE ( 'NONE', #390, #1167 ) ;
#1496 = DIRECTION ( 'NONE',  ( -0.000000000000000000, 0.000000000000000000, 1.000000000000000000 ) ) ;
#1497 = EDGE_CURVE ( 'NONE', #373, #332, #1007, .T. ) ;
#1498 = VERTEX_POINT ( 'NONE', #1545 ) ;
#1499 = FACE_OUTER_BOUND ( 'NONE', #1184, .T. ) ;
#1500 = ORIENTED_EDGE ( 'NONE', *, *, #2475, .T. ) ;
#1501 = EDGE_LOOP ( 'NONE', ( #2926, #575, #1354, #719 ) ) ;
#1502 = VECTOR ( 'NONE', #2313, 1000.000000000000000 ) ;
#1503 = DIRECTION ( 'NONE',  ( 1.000000000000000000, -0.000000000000000000, -0.000000000000000000 ) ) ;
#1504 = DIRECTION ( 'NONE',  ( 1.000000000000000000, 0.000000000000000000, 0.000000000000000000 ) ) ;
#1505 = AXIS2_PLACEMENT_3D ( 'NONE', #2251, #1218, #596 ) ;
#1506 = PLANE ( 'NONE',  #2773 ) ;
#1507 = CARTESIAN_POINT ( 'NONE',  ( 9.000000000000000000, -13.85996805956877864, -1.229271251961124412 ) ) ;
#1508 = CIRCLE ( 'NONE', #2481, 2.000000000000000000 ) ;
#1509 = ORIENTED_EDGE ( 'NONE', *, *, #2945, .F. ) ;
#1510 = ORIENTED_EDGE ( 'NONE', *, *, #3366, .T. ) ;
#1511 = VECTOR ( 'NONE', #867, 1000.000000000000000 ) ;
#1512 = DIRECTION ( 'NONE',  ( 1.000000000000000000, -0.000000000000000000, -0.000000000000000000 ) ) ;
#1513 = DIRECTION ( 'NONE',  ( -0.000000000000000000, 1.000000000000000000, -0.000000000000000000 ) ) ;
#1514 = ORIENTED_EDGE ( 'NONE', *, *, #2395, .F. ) ;
#1515 = AXIS2_PLACEMENT_3D ( 'NONE', #2105, #2625, #3209 ) ;
#1516 = DIRECTION ( 'NONE',  ( 1.000000000000000000, 0.000000000000000000, 0.000000000000000000 ) ) ;
#1517 = CIRCLE ( 'NONE', #3142, 2.000000000000000000 ) ;
#1518 = DIRECTION ( 'NONE',  ( 0.000000000000000000, 0.000000000000000000, -1.000000000000000000 ) ) ;
#1519 = EDGE_LOOP ( 'NONE', ( #1785, #3367, #2207, #1509 ) ) ;
#1520 = EDGE_CURVE ( 'NONE', #2545, #3294, #1334, .T. ) ;
#1521 = LINE ( 'NONE', #2150, #2913 ) ;
#1522 = DIRECTION ( 'NONE',  ( -0.8660254037844384856, 0.000000000000000000, 0.5000000000000002220 ) ) ;
#1523 = FACE_OUTER_BOUND ( 'NONE', #3066, .T. ) ;
#1524 = AXIS2_PLACEMENT_3D ( 'NONE', #2414, #180, #52 ) ;
#1525 = CARTESIAN_POINT ( 'NONE',  ( 7.670420065215394878, -13.50000000000004796, -1.633658737041506992 ) ) ;
#1526 = ORIENTED_EDGE ( 'NONE', *, *, #2191, .F. ) ;
#1527 = CARTESIAN_POINT ( 'NONE',  ( 19.50000000000000000, 12.50000000000000000, -15.91707571679492084 ) ) ;
#1528 = CARTESIAN_POINT ( 'NONE',  ( 2.345152668355434233, -13.49999999999994493, -1.642649658960532832 ) ) ;
#1529 = DIRECTION ( 'NONE',  ( 1.000000000000000000, 0.000000000000000000, 0.000000000000000000 ) ) ;
#1530 = FACE_OUTER_BOUND ( 'NONE', #1838, .T. ) ;
#1531 = VERTEX_POINT ( 'NONE', #1033 ) ;
#1532 = VECTOR ( 'NONE', #3494, 1000.000000000000114 ) ;
#1533 = CARTESIAN_POINT ( 'NONE',  ( 3.000000000000000888, -13.50000000000000178, -10.49999999999999112 ) ) ;
#1534 = EDGE_CURVE ( 'NONE', #2164, #813, #171, .T. ) ;
#1535 = ADVANCED_FACE ( 'NONE', ( #1578 ), #1282, .T. ) ;
#1536 = CARTESIAN_POINT ( 'NONE',  ( 20.00000000000000000, 12.50000000000000000, -15.91707571679492084 ) ) ;
#1537 = ORIENTED_EDGE ( 'NONE', *, *, #3371, .F. ) ;
#1538 = CARTESIAN_POINT ( 'NONE',  ( 9.000000000000001776, -13.85997751895200558, 1.229318625409955290 ) ) ;
#1539 = EDGE_CURVE ( 'NONE', #1197, #759, #763, .T. ) ;
#1540 = CARTESIAN_POINT ( 'NONE',  ( 5.000000000000000888, 13.50000000000000178, 0.000000000000000000 ) ) ;
#1541 = DIRECTION ( 'NONE',  ( 0.000000000000000000, 0.000000000000000000, 1.000000000000000000 ) ) ;
#1542 = DIRECTION ( 'NONE',  ( 0.000000000000000000, 0.000000000000000000, 1.000000000000000000 ) ) ;
#1543 = AXIS2_PLACEMENT_3D ( 'NONE', #2956, #187, #1016 ) ;
#1544 = ORIENTED_EDGE ( 'NONE', *, *, #3429, .F. ) ;
#1545 = CARTESIAN_POINT ( 'NONE',  ( 7.000000000000000888, -11.50000000000000178, 10.49999999999999822 ) ) ;
#1546 = CARTESIAN_POINT ( 'NONE',  ( 7.000000000000000888, -13.50000000000000178, 2.020725942163690281 ) ) ;
#1547 = ORIENTED_EDGE ( 'NONE', *, *, #1984, .F. ) ;
#1548 = DIRECTION ( 'NONE',  ( 0.000000000000000000, 1.000000000000000000, -1.224646799147353207E-16 ) ) ;
#1549 = ADVANCED_FACE ( 'NONE', ( #1561 ), #2942, .T. ) ;
#1550 = ORIENTED_EDGE ( 'NONE', *, *, #2631, .T. ) ;
#1551 = CARTESIAN_POINT ( 'NONE',  ( 10.00000000000000000, -17.50000000000000000, -17.49999999999999289 ) ) ;
#1552 = EDGE_CURVE ( 'NONE', #450, #840, #1314, .T. ) ;
#1553 = PLANE ( 'NONE',  #1684 ) ;
#1554 = CARTESIAN_POINT ( 'NONE',  ( 9.000000000000001776, -15.42743303380485820, 1.320403681571642451 ) ) ;
#1555 = DIRECTION ( 'NONE',  ( 0.000000000000000000, 0.000000000000000000, -1.000000000000000000 ) ) ;
#1556 = DIRECTION ( 'NONE',  ( -0.000000000000000000, -1.000000000000000000, -0.000000000000000000 ) ) ;
#1557 = CIRCLE ( 'NONE', #3186, 2.000000000000000000 ) ;
#1558 = ORIENTED_EDGE ( 'NONE', *, *, #1219, .F. ) ;
#1559 = EDGE_CURVE ( 'NONE', #3054, #582, #2678, .T. ) ;
#1560 = VECTOR ( 'NONE', #574, 1000.000000000000000 ) ;
#1561 = FACE_OUTER_BOUND ( 'NONE', #2344, .T. ) ;
#1562 = EDGE_CURVE ( 'NONE', #3427, #1216, #2409, .T. ) ;
#1563 = DIRECTION ( 'NONE',  ( -0.000000000000000000, -0.000000000000000000, 1.000000000000000000 ) ) ;
#1564 = ORIENTED_EDGE ( 'NONE', *, *, #1862, .T. ) ;
#1565 = VECTOR ( 'NONE', #345, 1000.000000000000000 ) ;
#1566 = EDGE_CURVE ( 'NONE', #1287, #1498, #1825, .T. ) ;
#1567 = CARTESIAN_POINT ( 'NONE',  ( 2.250000000000002220, -13.50000000000000178, -1.587713240271470205 ) ) ;
#1568 = ORIENTED_EDGE ( 'NONE', *, *, #1301, .F. ) ;
#1569 = EDGE_CURVE ( 'NONE', #2442, #2486, #3464, .T. ) ;
#1570 = FACE_OUTER_BOUND ( 'NONE', #387, .T. ) ;
#1571 = FACE_OUTER_BOUND ( 'NONE', #967, .T. ) ;
#1572 = CARTESIAN_POINT ( 'NONE',  ( 3.000000000000000888, 13.50000000000000178, -8.499999999999992895 ) ) ;
#1573 = VECTOR ( 'NONE', #15, 1000.000000000000000 ) ;
#1574 = DIRECTION ( 'NONE',  ( -0.000000000000000000, 0.000000000000000000, 1.000000000000000000 ) ) ;
#1575 = CIRCLE ( 'NONE', #85, 1.917056678327011099 ) ;
#1576 = EDGE_CURVE ( 'NONE', #132, #2598, #476, .T. ) ;
#1577 = ORIENTED_EDGE ( 'NONE', *, *, #2068, .T. ) ;
#1578 = FACE_OUTER_BOUND ( 'NONE', #1766, .T. ) ;
#1579 = LINE ( 'NONE', #2630, #1532 ) ;
#1580 = VERTEX_POINT ( 'NONE', #139 ) ;
#1581 = ADVANCED_FACE ( 'NONE', ( #969 ), #1063, .F. ) ;
#1582 = FACE_OUTER_BOUND ( 'NONE', #2452, .T. ) ;
#1583 = ORIENTED_EDGE ( 'NONE', *, *, #3484, .F. ) ;
#1584 = DIRECTION ( 'NONE',  ( 0.000000000000000000, 0.7071067811865465735, 0.7071067811865485719 ) ) ;
#1585 = LINE ( 'NONE', #2685, #2027 ) ;
#1586 = CARTESIAN_POINT ( 'NONE',  ( 2.250000000000002220, -9.500000000000001776, 1.587713240271472204 ) ) ;
#1587 = AXIS2_PLACEMENT_3D ( 'NONE', #1708, #2597, #1162 ) ;
#1588 = DIRECTION ( 'NONE',  ( 0.000000000000000000, 0.000000000000000000, 1.000000000000000000 ) ) ;
#1589 = FACE_OUTER_BOUND ( 'NONE', #1644, .T. ) ;
#1590 = CIRCLE ( 'NONE', #1986, 2.000000000000000000 ) ;
#1591 = VERTEX_POINT ( 'NONE', #1004 ) ;
#1592 = CARTESIAN_POINT ( 'NONE',  ( 9.000000000000000000, 15.24062107592540904, -0.8310722227815623420 ) ) ;
#1593 = EDGE_CURVE ( 'NONE', #106, #1302, #1839, .T. ) ;
#1594 = CARTESIAN_POINT ( 'NONE',  ( 7.750000000000001776, -9.500000000000001776, -1.587713240271472648 ) ) ;
#1595 = ORIENTED_EDGE ( 'NONE', *, *, #908, .F. ) ;
#1596 = ORIENTED_EDGE ( 'NONE', *, *, #3008, .F. ) ;
#1597 = CARTESIAN_POINT ( 'NONE',  ( 5.000000000000000888, 7.500000000000000000, 0.000000000000000000 ) ) ;
#1598 = ORIENTED_EDGE ( 'NONE', *, *, #691, .T. ) ;
#1599 = CARTESIAN_POINT ( 'NONE',  ( 1.000000000000000888, 11.50000000000000178, 8.499999999999998224 ) ) ;
#1600 = DIRECTION ( 'NONE',  ( 0.000000000000000000, 2.602085213965213008E-15, -1.000000000000000000 ) ) ;
#1601 = CARTESIAN_POINT ( 'NONE',  ( 1.000000000000108358, 14.01474724863920152, 1.336834351558212175 ) ) ;
#1602 = DIRECTION ( 'NONE',  ( 0.000000000000000000, -1.000000000000000000, -0.000000000000000000 ) ) ;
#1603 = CARTESIAN_POINT ( 'NONE',  ( 20.00000000000000000, 12.50000000000000000, 13.08292428320507383 ) ) ;
#1604 = EDGE_CURVE ( 'NONE', #3406, #3396, #1910, .T. ) ;
#1605 = ORIENTED_EDGE ( 'NONE', *, *, #1429, .F. ) ;
#1606 = DIRECTION ( 'NONE',  ( -0.000000000000000000, -1.000000000000000000, -0.000000000000000000 ) ) ;
#1607 = LINE ( 'NONE', #3298, #436 ) ;
#1608 = CIRCLE ( 'NONE', #1379, 1.982698575061614399 ) ;
#1609 = ORIENTED_EDGE ( 'NONE', *, *, #3237, .T. ) ;
#1610 = ORIENTED_EDGE ( 'NONE', *, *, #2443, .F. ) ;
#1611 = EDGE_CURVE ( 'NONE', #1329, #3450, #1508, .T. ) ;
#1612 = AXIS2_PLACEMENT_3D ( 'NONE', #2364, #3480, #465 ) ;
#1613 = DIRECTION ( 'NONE',  ( -0.000000000000000000, -1.000000000000000000, -0.000000000000000000 ) ) ;
#1614 = DIRECTION ( 'NONE',  ( -1.000000000000000000, -0.000000000000000000, -0.000000000000000000 ) ) ;
#1615 = AXIS2_PLACEMENT_3D ( 'NONE', #2690, #567, #3579 ) ;
#1616 = ORIENTED_EDGE ( 'NONE', *, *, #1373, .F. ) ;
#1617 = DIRECTION ( 'NONE',  ( -1.000000000000000000, -0.000000000000000000, -0.000000000000000000 ) ) ;
#1618 = DIRECTION ( 'NONE',  ( -0.000000000000000000, 0.000000000000000000, 1.000000000000000000 ) ) ;
#1619 = DIRECTION ( 'NONE',  ( 0.000000000000000000, 0.000000000000000000, 1.000000000000000000 ) ) ;
#1620 = CIRCLE ( 'NONE', #664, 5.000000000000000000 ) ;
#1621 = FACE_OUTER_BOUND ( 'NONE', #2820, .T. ) ;
#1622 = DIRECTION ( 'NONE',  ( 1.000000000000000000, 0.000000000000000000, 0.000000000000000000 ) ) ;
#1623 = CIRCLE ( 'NONE', #1293, 2.000000000000001776 ) ;
#1624 = CARTESIAN_POINT ( 'NONE',  ( 9.000000000000001776, 15.41630303214763131, 1.605575915429486633 ) ) ;
#1625 = DIRECTION ( 'NONE',  ( 1.000000000000000000, 0.000000000000000000, -0.000000000000000000 ) ) ;
#1626 = ORIENTED_EDGE ( 'NONE', *, *, #3429, .T. ) ;
#1627 = ORIENTED_EDGE ( 'NONE', *, *, #2982, .T. ) ;
#1628 = ORIENTED_EDGE ( 'NONE', *, *, #617, .F. ) ;
#1629 = DIRECTION ( 'NONE',  ( 0.000000000000000000, 0.000000000000000000, -1.000000000000000000 ) ) ;
#1630 = AXIS2_PLACEMENT_3D ( 'NONE', #1938, #294, #1960 ) ;
#1631 = EDGE_LOOP ( 'NONE', ( #2562, #1493, #1111, #3344, #2639, #1760, #1734, #677 ) ) ;
#1632 = DIRECTION ( 'NONE',  ( 1.000000000000000000, 0.000000000000000000, 0.000000000000000000 ) ) ;
#1633 = EDGE_CURVE ( 'NONE', #1216, #189, #1045, .T. ) ;
#1634 = EDGE_CURVE ( 'NONE', #755, #3401, #1897, .T. ) ;
#1635 = CARTESIAN_POINT ( 'NONE',  ( 19.50436326774920914, -12.50000000000000000, 14.49999999999999645 ) ) ;
#1636 = ORIENTED_EDGE ( 'NONE', *, *, #1655, .F. ) ;
#1637 = FACE_OUTER_BOUND ( 'NONE', #2323, .T. ) ;
#1638 = ADVANCED_FACE ( 'NONE', ( #3244 ), #2189, .T. ) ;
#1639 = FACE_OUTER_BOUND ( 'NONE', #950, .T. ) ;
#1640 = ORIENTED_EDGE ( 'NONE', *, *, #2720, .F. ) ;
#1641 = CARTESIAN_POINT ( 'NONE',  ( 20.00000000000000000, 12.50000000000000000, -14.49999999999999645 ) ) ;
#1642 = FILL_AREA_STYLE ('',( #2533 ) ) ;
#1643 = FACE_OUTER_BOUND ( 'NONE', #146, .T. ) ;
#1644 = EDGE_LOOP ( 'NONE', ( #3261, #2693, #2233, #2299, #275 ) ) ;
#1645 = ORIENTED_EDGE ( 'NONE', *, *, #3399, .T. ) ;
#1646 = AXIS2_PLACEMENT_3D ( 'NONE', #2606, #2065, #721 ) ;
#1647 = CARTESIAN_POINT ( 'NONE',  ( 1.000000000000000888, 13.50000000000000178, 12.49999999999999822 ) ) ;
#1648 = CARTESIAN_POINT ( 'NONE',  ( 7.000000000000000888, 11.50000000000000000, -8.499999999999992895 ) ) ;
#1649 = EDGE_CURVE ( 'NONE', #1136, #3338, #199, .T. ) ;
#1650 = VERTEX_POINT ( 'NONE', #3278 ) ;
#1651 = CIRCLE ( 'NONE', #1210, 4.000000000000000000 ) ;
#1652 = CARTESIAN_POINT ( 'NONE',  ( 2.250000000000002220, -9.500000000000001776, 1.587713240271472204 ) ) ;
#1653 = CARTESIAN_POINT ( 'NONE',  ( 9.000000000000001776, 15.50000000000000000, 19.50000000000000000 ) ) ;
#1654 = CARTESIAN_POINT ( 'NONE',  ( 1.000000000000000888, 15.22956718565654377, -0.7954001595948216874 ) ) ;
#1655 = EDGE_CURVE ( 'NONE', #2598, #2998, #351, .T. ) ;
#1656 = VERTEX_POINT ( 'NONE', #1888 ) ;
#1657 = CARTESIAN_POINT ( 'NONE',  ( 19.50436326774918427, 12.50000000000000000, 14.49999999999999645 ) ) ;
#1658 = ORIENTED_EDGE ( 'NONE', *, *, #2044, .F. ) ;
#1659 = CARTESIAN_POINT ( 'NONE',  ( 1.000000000000000888, -11.50000000000000178, -8.499999999999992895 ) ) ;
#1660 = CARTESIAN_POINT ( 'NONE',  ( 0.000000000000000000, -5.500000000000000000, -7.499999999999994671 ) ) ;
#1661 = DIRECTION ( 'NONE',  ( 1.000000000000000000, 0.000000000000000000, 0.000000000000000000 ) ) ;
#1662 = FACE_OUTER_BOUND ( 'NONE', #3012, .T. ) ;
#1663 = CARTESIAN_POINT ( 'NONE',  ( 1.000000000000000888, 15.13447869286191150, -0.1764948619735070001 ) ) ;
#1664 = ORIENTED_EDGE ( 'NONE', *, *, #2982, .F. ) ;
#1665 = ORIENTED_EDGE ( 'NONE', *, *, #1336, .T. ) ;
#1666 = EDGE_CURVE ( 'NONE', #3474, #1650, #2957, .T. ) ;
#1667 = AXIS2_PLACEMENT_3D ( 'NONE', #2834, #1484, #2329 ) ;
#1668 = CARTESIAN_POINT ( 'NONE',  ( 7.000000000000000888, 11.50000000000000178, 8.499999999999998224 ) ) ;
#1669 = ORIENTED_EDGE ( 'NONE', *, *, #438, .T. ) ;
#1670 = ORIENTED_EDGE ( 'NONE', *, *, #1276, .F. ) ;
#1671 = TOROIDAL_SURFACE ( 'NONE', #2898, 1.417075716794924167, 0.5000000000000000000 ) ;
#1672 = CARTESIAN_POINT ( 'NONE',  ( 1.000000000000000888, 15.50000000000000178, -8.499999999999992895 ) ) ;
#1673 = AXIS2_PLACEMENT_3D ( 'NONE', #2174, #2992, #3296 ) ;
#1674 = CARTESIAN_POINT ( 'NONE',  ( 3.000000000000001776, 13.50000000000000178, -2.433618704727591453 ) ) ;
#1675 = ORIENTED_EDGE ( 'NONE', *, *, #1683, .F. ) ;
#1676 = DIRECTION ( 'NONE',  ( -1.000000000000000000, 0.000000000000000000, 0.000000000000000000 ) ) ;
#1677 = CARTESIAN_POINT ( 'NONE',  ( 5.000000000000000888, 11.95000000000000284, 0.000000000000000000 ) ) ;
#1678 = ORIENTED_EDGE ( 'NONE', *, *, #563, .T. ) ;
#1679 = DIRECTION ( 'NONE',  ( 0.000000000000000000, 0.000000000000000000, -1.000000000000000000 ) ) ;
#1680 = DIRECTION ( 'NONE',  ( 0.000000000000000000, 0.000000000000000000, 1.000000000000000000 ) ) ;
#1681 = CARTESIAN_POINT ( 'NONE',  ( 3.000000000000000888, 11.50000000000000000, -12.49999999999999289 ) ) ;
#1682 = CARTESIAN_POINT ( 'NONE',  ( 1.000000000000000888, -13.50000000000000178, -10.49999999999999289 ) ) ;
#1683 = EDGE_CURVE ( 'NONE', #1006, #1935, #655, .T. ) ;
#1684 = AXIS2_PLACEMENT_3D ( 'NONE', #3438, #1787, #164 ) ;
#1685 = ORIENTED_EDGE ( 'NONE', *, *, #3318, .T. ) ;
#1686 = ORIENTED_EDGE ( 'NONE', *, *, #2096, .T. ) ;
#1687 = VERTEX_POINT ( 'NONE', #2424 ) ;
#1688 = DIRECTION ( 'NONE',  ( 0.000000000000000000, 0.000000000000000000, -1.000000000000000000 ) ) ;
#1689 = CARTESIAN_POINT ( 'NONE',  ( 0.000000000000000000, 7.500000000000000888, 0.000000000000000000 ) ) ;
#1690 = DIRECTION ( 'NONE',  ( 0.000000000000000000, 0.000000000000000000, -1.000000000000000000 ) ) ;
#1691 = VERTEX_POINT ( 'NONE', #1096 ) ;
#1692 = CONICAL_SURFACE ( 'NONE', #2103, 2.000000000000000000, 0.008726646259971666819 ) ;
#1693 = CARTESIAN_POINT ( 'NONE',  ( 20.00000000000000000, 12.50000000000000000, -14.49999999999999645 ) ) ;
#1694 = VECTOR ( 'NONE', #3147, 1000.000000000000000 ) ;
#1695 = CARTESIAN_POINT ( 'NONE',  ( 1.000000000000000888, 15.41658568536363028, -1.606997646736735064 ) ) ;
#1696 = ORIENTED_EDGE ( 'NONE', *, *, #2158, .T. ) ;
#1697 = CARTESIAN_POINT ( 'NONE',  ( 7.750000000000001776, -9.500000000000001776, 1.587713240271470427 ) ) ;
#1698 = CARTESIAN_POINT ( 'NONE',  ( 9.000000000000001776, 14.09082442068781660, 0.5305016308828384153 ) ) ;
#1699 = ORIENTED_EDGE ( 'NONE', *, *, #2206, .F. ) ;
#1700 = CIRCLE ( 'NONE', #3095, 3.149999999999999911 ) ;
#1701 = DIRECTION ( 'NONE',  ( 0.000000000000000000, 0.000000000000000000, 1.000000000000000000 ) ) ;
#1702 = FACE_OUTER_BOUND ( 'NONE', #910, .T. ) ;
#1703 = LINE ( 'NONE', #2826, #1932 ) ;
#1704 = ORIENTED_EDGE ( 'NONE', *, *, #1137, .F. ) ;
#1705 = ORIENTED_EDGE ( 'NONE', *, *, #1854, .F. ) ;
#1706 = EDGE_CURVE ( 'NONE', #2477, #1081, #1107, .T. ) ;
#1707 = CARTESIAN_POINT ( 'NONE',  ( 8.767581492100529061, -14.39780768792466148, -1.336392687574105231 ) ) ;
#1708 = CARTESIAN_POINT ( 'NONE',  ( 1.000000000000000888, 11.50000000000000000, -8.499999999999992895 ) ) ;
#1709 = ORIENTED_EDGE ( 'NONE', *, *, #3001, .T. ) ;
#1710 = AXIS2_PLACEMENT_3D ( 'NONE', #305, #2516, #2848 ) ;
#1711 = CARTESIAN_POINT ( 'NONE',  ( 5.000000000000002665, -9.500000000000001776, 3.175426480542941743 ) ) ;
#1712 = CARTESIAN_POINT ( 'NONE',  ( 2.082228782262008249, 13.50000000872416273, 1.221017068115365589 ) ) ;
#1713 = VERTEX_POINT ( 'NONE', #846 ) ;
#1714 = ADVANCED_FACE ( 'NONE', ( #1857 ), #1231, .T. ) ;
#1715 = DIRECTION ( 'NONE',  ( 0.000000000000000000, -0.000000000000000000, 1.000000000000000000 ) ) ;
#1716 = CARTESIAN_POINT ( 'NONE',  ( 9.000000000000001776, 15.22956718565654377, 0.7954001595948216874 ) ) ;
#1717 = FACE_OUTER_BOUND ( 'NONE', #3038, .T. ) ;
#1718 = ADVANCED_FACE ( 'NONE', ( #3049 ), #2157, .T. ) ;
#1719 = CARTESIAN_POINT ( 'NONE',  ( 9.000000000000001776, 15.50000000000000178, 8.499999999999998224 ) ) ;
#1720 =( NAMED_UNIT ( * ) SI_UNIT ( $, .STERADIAN. ) SOLID_ANGLE_UNIT ( ) );
#1721 = PLANE ( 'NONE',  #2517 ) ;
#1722 = VERTEX_POINT ( 'NONE', #1872 ) ;
#1723 = EDGE_CURVE ( 'NONE', #2941, #3523, #68, .T. ) ;
#1724 = ORIENTED_EDGE ( 'NONE', *, *, #513, .F. ) ;
#1725 = DIRECTION ( 'NONE',  ( 0.000000000000000000, 0.000000000000000000, 1.000000000000000000 ) ) ;
#1726 = CARTESIAN_POINT ( 'NONE',  ( 3.000000000000000888, -13.50000000000000178, -12.49999999999999289 ) ) ;
#1727 = ORIENTED_EDGE ( 'NONE', *, *, #34, .F. ) ;
#1728 = ORIENTED_EDGE ( 'NONE', *, *, #1979, .T. ) ;
#1729 = CARTESIAN_POINT ( 'NONE',  ( 1.000000000000000888, 17.50000000000000000, 17.50000000000000000 ) ) ;
#1730 = CARTESIAN_POINT ( 'NONE',  ( 1.000000000000000888, 15.48050607628893438, -2.018462411778625842 ) ) ;
#1731 = AXIS2_PLACEMENT_3D ( 'NONE', #815, #1369, #2444 ) ;
#1732 = ADVANCED_FACE ( 'NONE', ( #1702 ), #60, .T. ) ;
#1733 = CIRCLE ( 'NONE', #579, 2.000000000000000000 ) ;
#1734 = ORIENTED_EDGE ( 'NONE', *, *, #2353, .F. ) ;
#1735 = DIRECTION ( 'NONE',  ( 0.000000000000000000, 0.000000000000000000, -1.000000000000000000 ) ) ;
#1736 = CARTESIAN_POINT ( 'NONE',  ( 7.101095457673655353, 13.50000000000000178, 2.350536308294748800 ) ) ;
#1737 = EDGE_CURVE ( 'NONE', #1953, #1939, #129, .T. ) ;
#1738 = AXIS2_PLACEMENT_3D ( 'NONE', #1810, #3031, #2742 ) ;
#1739 = EDGE_CURVE ( 'NONE', #3499, #648, #2866, .T. ) ;
#1740 = CARTESIAN_POINT ( 'NONE',  ( 11.98254692900325225, 12.50000000000000000, 14.49999999999999645 ) ) ;
#1741 = DIRECTION ( 'NONE',  ( 0.000000000000000000, 0.000000000000000000, -1.000000000000000000 ) ) ;
#1742 = FACE_OUTER_BOUND ( 'NONE', #2712, .T. ) ;
#1743 = LINE ( 'NONE', #1177, #500 ) ;
#1744 = EDGE_LOOP ( 'NONE', ( #3014, #313, #732, #644, #3126, #2746, #2363, #2465 ) ) ;
#1745 = CIRCLE ( 'NONE', #1393, 1.999999999999998224 ) ;
#1746 = EDGE_LOOP ( 'NONE', ( #792, #1685, #2011, #339 ) ) ;
#1747 = CYLINDRICAL_SURFACE ( 'NONE', #2602, 1.599999999999994316 ) ;
#1748 = CARTESIAN_POINT ( 'NONE',  ( 10.00000000000000000, -5.500000000000000000, 7.500000000000000000 ) ) ;
#1749 = EDGE_LOOP ( 'NONE', ( #2632, #499, #2902, #1665 ) ) ;
#1750 = DIRECTION ( 'NONE',  ( 0.000000000000000000, 0.000000000000000000, -1.000000000000000000 ) ) ;
#1751 = VECTOR ( 'NONE', #1494, 1000.000000000000000 ) ;
#1752 = ORIENTED_EDGE ( 'NONE', *, *, #1819, .T. ) ;
#1753 = ADVANCED_FACE ( 'NONE', ( #3121 ), #1211, .F. ) ;
#1754 = CARTESIAN_POINT ( 'NONE',  ( 1.000000000000000888, 13.50000000000000178, -8.499999999999992895 ) ) ;
#1755 = CARTESIAN_POINT ( 'NONE',  ( 7.000000000000000000, 13.50000000000000178, 2.433618704727591453 ) ) ;
#1756 = DIRECTION ( 'NONE',  ( 0.000000000000000000, 0.000000000000000000, -1.000000000000000000 ) ) ;
#1757 = ADVANCED_FACE ( 'NONE', ( #1435 ), #589, .T. ) ;
#1758 = CARTESIAN_POINT ( 'NONE',  ( 0.000000000000000000, 5.500000000000001776, -7.499999999999996447 ) ) ;
#1759 = CARTESIAN_POINT ( 'NONE',  ( 20.00000000000000000, -12.50000000000000000, 14.49999999999999645 ) ) ;
#1760 = ORIENTED_EDGE ( 'NONE', *, *, #2682, .T. ) ;
#1761 = ORIENTED_EDGE ( 'NONE', *, *, #3108, .F. ) ;
#1762 = ORIENTED_EDGE ( 'NONE', *, *, #1187, .T. ) ;
#1763 = CARTESIAN_POINT ( 'NONE',  ( 1.000000000000000888, -15.50000000000000178, 10.49999999999999822 ) ) ;
#1764 = DIRECTION ( 'NONE',  ( 1.000000000000000000, 0.000000000000000000, 0.000000000000000000 ) ) ;
#1765 = CARTESIAN_POINT ( 'NONE',  ( 19.50436326774918427, 12.50000000000000000, 14.49999999999999645 ) ) ;
#1766 = EDGE_LOOP ( 'NONE', ( #1377, #1070, #90, #1669, #2248 ) ) ;
#1767 = AXIS2_PLACEMENT_3D ( 'NONE', #1765, #912, #1996 ) ;
#1768 = CARTESIAN_POINT ( 'NONE',  ( 5.000000000000003553, -9.500000000000001776, -3.175426480542941743 ) ) ;
#1769 = VECTOR ( 'NONE', #776, 1000.000000000000000 ) ;
#1770 = VERTEX_POINT ( 'NONE', #1474 ) ;
#1771 = EDGE_CURVE ( 'NONE', #3149, #1812, #1051, .T. ) ;
#1772 = CIRCLE ( 'NONE', #1087, 0.5000000000000004441 ) ;
#1773 = ORIENTED_EDGE ( 'NONE', *, *, #2816, .T. ) ;
#1774 = DIRECTION ( 'NONE',  ( -0.000000000000000000, -0.000000000000000000, 1.000000000000000000 ) ) ;
#1775 = CARTESIAN_POINT ( 'NONE',  ( 3.000000000000000888, 11.50000000000000178, 10.49999999999999822 ) ) ;
#1776 = EDGE_CURVE ( 'NONE', #2736, #2759, #944, .T. ) ;
#1777 = FACE_OUTER_BOUND ( 'NONE', #525, .T. ) ;
#1778 = CARTESIAN_POINT ( 'NONE',  ( 9.000000000000001776, -13.64642273612367163, -1.936188720967177090 ) ) ;
#1779 = EDGE_LOOP ( 'NONE', ( #3086, #1438, #2650, #2535 ) ) ;
#1780 = CARTESIAN_POINT ( 'NONE',  ( 7.000000000000000888, 11.50000000000000178, 8.499999999999998224 ) ) ;
#1781 = DIRECTION ( 'NONE',  ( 0.000000000000000000, -0.000000000000000000, 1.000000000000000000 ) ) ;
#1782 = LINE ( 'NONE', #2892, #2735 ) ;
#1783 = ORIENTED_EDGE ( 'NONE', *, *, #913, .T. ) ;
#1784 = CARTESIAN_POINT ( 'NONE',  ( 0.000000000000000000, -7.500000000000000000, 9.500000000000000000 ) ) ;
#1785 = ORIENTED_EDGE ( 'NONE', *, *, #1796, .T. ) ;
#1786 = AXIS2_PLACEMENT_3D ( 'NONE', #3448, #746, #761 ) ;
#1787 = DIRECTION ( 'NONE',  ( -0.5000000000000001110, 0.000000000000000000, -0.8660254037844387076 ) ) ;
#1788 = CARTESIAN_POINT ( 'NONE',  ( 9.000000000000001776, -15.50000000000000178, 2.020725942163692945 ) ) ;
#1789 = VECTOR ( 'NONE', #2748, 1000.000000000000000 ) ;
#1790 = DIRECTION ( 'NONE',  ( 0.000000000000000000, 1.000000000000000000, 0.000000000000000000 ) ) ;
#1791 = CARTESIAN_POINT ( 'NONE',  ( 1.000000000000000888, -15.35404962177395660, 1.154700538379232810 ) ) ;
#1792 = AXIS2_PLACEMENT_3D ( 'NONE', #1994, #2393, #742 ) ;
#1793 = ORIENTED_EDGE ( 'NONE', *, *, #1926, .F. ) ;
#1794 = CARTESIAN_POINT ( 'NONE',  ( 5.000000000000000888, 13.50000000000000178, -3.149999999999999911 ) ) ;
#1795 = DIRECTION ( 'NONE',  ( 1.000000000000000000, 0.000000000000000000, 0.000000000000000000 ) ) ;
#1796 = EDGE_CURVE ( 'NONE', #1871, #221, #1384, .T. ) ;
#1797 = CARTESIAN_POINT ( 'NONE',  ( 5.000000000000000888, -5.500000000000000000, -1.599999999999996314 ) ) ;
#1798 = VERTEX_POINT ( 'NONE', #2847 ) ;
#1799 = CARTESIAN_POINT ( 'NONE',  ( 0.000000000000000000, 7.500000000000000888, 7.500000000000000000 ) ) ;
#1800 = DIRECTION ( 'NONE',  ( 0.000000000000000000, 0.000000000000000000, -1.000000000000000000 ) ) ;
#1801 = ORIENTED_EDGE ( 'NONE', *, *, #2963, .F. ) ;
#1802 = DIRECTION ( 'NONE',  ( 1.000000000000000000, 0.000000000000000000, 0.000000000000000000 ) ) ;
#1803 = LINE ( 'NONE', #2118, #561 ) ;
#1804 = AXIS2_PLACEMENT_3D ( 'NONE', #2743, #1176, #2724 ) ;
#1805 = DIRECTION ( 'NONE',  ( 0.000000000000000000, 0.000000000000000000, 1.000000000000000000 ) ) ;
#1806 = DIRECTION ( 'NONE',  ( 0.000000000000000000, 0.000000000000000000, 1.000000000000000000 ) ) ;
#1807 = CIRCLE ( 'NONE', #1524, 2.000000000000001776 ) ;
#1808 = DIRECTION ( 'NONE',  ( 0.000000000000000000, -1.000000000000000000, 0.000000000000000000 ) ) ;
#1809 = ORIENTED_EDGE ( 'NONE', *, *, #2336, .F. ) ;
#1810 = CARTESIAN_POINT ( 'NONE',  ( 7.000000000000000888, 11.50000000000000000, -8.499999999999992895 ) ) ;
#1811 = CARTESIAN_POINT ( 'NONE',  ( 10.00000000000000000, -15.50000000000000178, -19.49999999999999289 ) ) ;
#1812 = VERTEX_POINT ( 'NONE', #1719 ) ;
#1813 = EDGE_CURVE ( 'NONE', #1139, #1722, #669, .T. ) ;
#1814 = DIRECTION ( 'NONE',  ( -0.000000000000000000, 0.000000000000000000, 1.000000000000000000 ) ) ;
#1815 = AXIS2_PLACEMENT_3D ( 'NONE', #893, #1481, #676 ) ;
#1816 = DIRECTION ( 'NONE',  ( 0.000000000000000000, 4.336808689942017736E-16, 1.000000000000000000 ) ) ;
#1817 = DIRECTION ( 'NONE',  ( 0.000000000000000000, 0.000000000000000000, 1.000000000000000000 ) ) ;
#1818 = AXIS2_PLACEMENT_3D ( 'NONE', #2855, #353, #376 ) ;
#1819 = EDGE_CURVE ( 'NONE', #2307, #1287, #3068, .T. ) ;
#1820 = TOROIDAL_SURFACE ( 'NONE', #1646, 1.417075716794924167, 0.5000000000000000000 ) ;
#1821 = DIRECTION ( 'NONE',  ( -1.000000000000000000, 0.000000000000000000, 0.000000000000000000 ) ) ;
#1822 = CARTESIAN_POINT ( 'NONE',  ( 7.300803960248503977, -13.50000000000003730, -1.847056694741000538 ) ) ;
#1823 = AXIS2_PLACEMENT_3D ( 'NONE', #3575, #1907, #1886 ) ;
#1824 = ORIENTED_EDGE ( 'NONE', *, *, #1776, .T. ) ;
#1825 = LINE ( 'NONE', #1268, #181 ) ;
#1826 = CARTESIAN_POINT ( 'NONE',  ( 7.750000000000001776, -13.50000000000000178, -1.587713240271472648 ) ) ;
#1827 = ADVANCED_FACE ( 'NONE', ( #1742 ), #1956, .F. ) ;
#1828 = ORIENTED_EDGE ( 'NONE', *, *, #2836, .F. ) ;
#1829 = DIRECTION ( 'NONE',  ( 0.000000000000000000, 0.000000000000000000, 1.000000000000000000 ) ) ;
#1830 = EDGE_LOOP ( 'NONE', ( #2550, #395 ) ) ;
#1831 = DIRECTION ( 'NONE',  ( 1.000000000000000000, -0.000000000000000000, 0.000000000000000000 ) ) ;
#1832 = CARTESIAN_POINT ( 'NONE',  ( 20.00000000000000000, 12.50000000000000000, 14.49999999999999645 ) ) ;
#1833 = EDGE_CURVE ( 'NONE', #1531, #2811, #1386, .T. ) ;
#1834 = DIRECTION ( 'NONE',  ( -1.000000000000000000, -0.000000000000000000, -0.000000000000000000 ) ) ;
#1835 = CARTESIAN_POINT ( 'NONE',  ( 10.00000000000000000, 12.50000000000000000, -14.49999999999999645 ) ) ;
#1836 = CARTESIAN_POINT ( 'NONE',  ( 7.750000000000001776, -9.500000000000001776, -1.587713240271472648 ) ) ;
#1837 = CIRCLE ( 'NONE', #348, 2.000000000000000000 ) ;
#1838 = EDGE_LOOP ( 'NONE', ( #1537, #3319, #1727, #1664 ) ) ;
#1839 = CIRCLE ( 'NONE', #1738, 2.000000000000000000 ) ;
#1840 = DIRECTION ( 'NONE',  ( -0.000000000000000000, 1.000000000000000000, -0.000000000000000000 ) ) ;
#1841 = LINE ( 'NONE', #1811, #318 ) ;
#1842 = ORIENTED_EDGE ( 'NONE', *, *, #1055, .F. ) ;
#1843 = CARTESIAN_POINT ( 'NONE',  ( 0.000000000000000000, -7.500000000000000000, 9.500000000000000000 ) ) ;
#1844 = ORIENTED_EDGE ( 'NONE', *, *, #3172, .F. ) ;
#1845 = CONICAL_SURFACE ( 'NONE', #951, 2.000000000000000000, 0.008726646259971666819 ) ;
#1846 = DIRECTION ( 'NONE',  ( -0.000000000000000000, -1.000000000000000000, -0.000000000000000000 ) ) ;
#1847 = CARTESIAN_POINT ( 'NONE',  ( 1.000000000000000888, 17.50000000000000000, -17.49999999999999289 ) ) ;
#1848 = CARTESIAN_POINT ( 'NONE',  ( 10.00000000000000000, 12.50000000000000000, 14.49999999999999645 ) ) ;
#1849 = VECTOR ( 'NONE', #2718, 1000.000000000000000 ) ;
#1850 = EDGE_CURVE ( 'NONE', #98, #1256, #2226, .T. ) ;
#1851 = CARTESIAN_POINT ( 'NONE',  ( 3.000000000000000888, 13.50000000000000178, -10.49999999999999289 ) ) ;
#1852 = CYLINDRICAL_SURFACE ( 'NONE', #2067, 2.000000000000000000 ) ;
#1853 = ORIENTED_EDGE ( 'NONE', *, *, #216, .T. ) ;
#1854 = EDGE_CURVE ( 'NONE', #1025, #441, #1901, .T. ) ;
#1855 = VECTOR ( 'NONE', #3350, 1000.000000000000000 ) ;
#1856 = ADVANCED_FACE ( 'NONE', ( #2786 ), #84, .F. ) ;
#1857 = FACE_OUTER_BOUND ( 'NONE', #2316, .T. ) ;
#1858 = CARTESIAN_POINT ( 'NONE',  ( 9.000000000000001776, -15.50000000000000178, 2.020725942163690281 ) ) ;
#1859 = ORIENTED_EDGE ( 'NONE', *, *, #2382, .F. ) ;
#1860 = DIRECTION ( 'NONE',  ( 1.000000000000000000, 0.000000000000000000, 0.000000000000000000 ) ) ;
#1861 = ORIENTED_EDGE ( 'NONE', *, *, #805, .T. ) ;
#1862 = EDGE_CURVE ( 'NONE', #1939, #8, #1154, .T. ) ;
#1863 = CARTESIAN_POINT ( 'NONE',  ( 1.000000000000000888, -17.50000000000000000, 19.50000000000000000 ) ) ;
#1864 = DIRECTION ( 'NONE',  ( -0.8660254037844388186, 0.000000000000000000, -0.4999999999999996114 ) ) ;
#1865 = CARTESIAN_POINT ( 'NONE',  ( 2.434497183154759270, 13.50000000635329123, 1.841824006921017665 ) ) ;
#1866 = ADVANCED_FACE ( 'NONE', ( #3080 ), #327, .T. ) ;
#1867 = TOROIDAL_SURFACE ( 'NONE', #1543, 3.982622421189957684, 2.000000000000000000 ) ;
#1868 = CARTESIAN_POINT ( 'NONE',  ( 10.00000000000000000, -15.50000000000000178, -17.49999999999999645 ) ) ;
#1869 = CARTESIAN_POINT ( 'NONE',  ( 9.000000000000001776, 15.41999545781960101, -1.625596388526920677 ) ) ;
#1870 = TOROIDAL_SURFACE ( 'NONE', #3104, 3.982622421189957684, 2.000000000000000000 ) ;
#1871 = VERTEX_POINT ( 'NONE', #686 ) ;
#1872 = CARTESIAN_POINT ( 'NONE',  ( 1.000000000000000888, 15.50000000000000000, -19.49999999999999645 ) ) ;
#1873 = CIRCLE ( 'NONE', #158, 2.000000000000001776 ) ;
#1874 = LINE ( 'NONE', #1947, #1083 ) ;
#1875 = ORIENTED_EDGE ( 'NONE', *, *, #2567, .T. ) ;
#1876 = ORIENTED_EDGE ( 'NONE', *, *, #2894, .F. ) ;
#1877 = EDGE_LOOP ( 'NONE', ( #2536, #2125, #2254, #580 ) ) ;
#1878 = CARTESIAN_POINT ( 'NONE',  ( 9.000000000000001776, -17.50000000000000000, -19.49999999999999289 ) ) ;
#1879 = DIRECTION ( 'NONE',  ( 1.000000000000000000, -0.000000000000000000, -0.000000000000000000 ) ) ;
#1880 = EDGE_LOOP ( 'NONE', ( #654, #1052, #1215, #88, #2681, #65, #679, #1550 ) ) ;
#1881 = CARTESIAN_POINT ( 'NONE',  ( 9.000000000000001776, -15.50000000000000178, -8.499999999999992895 ) ) ;
#1882 = CARTESIAN_POINT ( 'NONE',  ( 9.000000000000001776, -15.15426128433913000, 1.188736636261355617 ) ) ;
#1883 = DIRECTION ( 'NONE',  ( 0.000000000000000000, 0.000000000000000000, -1.000000000000000000 ) ) ;
#1885 = DIRECTION ( 'NONE',  ( 0.000000000000000000, 0.000000000000000000, -1.000000000000000000 ) ) ;
#1884 = CARTESIAN_POINT ( 'NONE',  ( 5.000000000000003553, -13.50000000000000178, -3.175426480542941743 ) ) ;
#1886 = DIRECTION ( 'NONE',  ( 0.000000000000000000, 0.000000000000000000, -1.000000000000000000 ) ) ;
#1887 = ORIENTED_EDGE ( 'NONE', *, *, #3073, .F. ) ;
#1888 = CARTESIAN_POINT ( 'NONE',  ( 9.000000000000001776, 15.50000000000000178, -8.499999999999992895 ) ) ;
#1889 = CARTESIAN_POINT ( 'NONE',  ( 9.000000000000001776, -15.45178797152718353, 1.433694279364284396 ) ) ;
#1890 = VECTOR ( 'NONE', #2017, 1000.000000000000000 ) ;
#1891 = VERTEX_POINT ( 'NONE', #2607 ) ;
#1892 = ADVANCED_FACE ( 'NONE', ( #1777 ), #168, .T. ) ;
#1893 = ORIENTED_EDGE ( 'NONE', *, *, #2583, .F. ) ;
#1894 = AXIS2_PLACEMENT_3D ( 'NONE', #3398, #1764, #3431 ) ;
#1895 = EDGE_CURVE ( 'NONE', #2138, #852, #2377, .T. ) ;
#1896 = CARTESIAN_POINT ( 'NONE',  ( 1.000000000000000888, 0.000000000000000000, 1.734723475976807094E-15 ) ) ;
#1897 = CIRCLE ( 'NONE', #1673, 2.000000000000000000 ) ;
#1898 = ORIENTED_EDGE ( 'NONE', *, *, #3562, .F. ) ;
#1900 = EDGE_CURVE ( 'NONE', #114, #2832, #3521, .T. ) ;
#1899 = VECTOR ( 'NONE', #995, 1000.000000000000000 ) ;
#1901 = CIRCLE ( 'NONE', #2769, 2.000000000000000000 ) ;
#1902 = DIRECTION ( 'NONE',  ( -0.000000000000000000, 1.000000000000000000, -0.000000000000000000 ) ) ;
#1903 = CARTESIAN_POINT ( 'NONE',  ( 1.000000000000000888, -15.50000000000000711, 1.724891777631991419 ) ) ;
#1904 = VECTOR ( 'NONE', #2485, 1000.000000000000227 ) ;
#1905 = ORIENTED_EDGE ( 'NONE', *, *, #2661, .T. ) ;
#1906 = DIRECTION ( 'NONE',  ( 0.000000000000000000, -1.000000000000000000, -0.000000000000000000 ) ) ;
#1907 = DIRECTION ( 'NONE',  ( 1.000000000000000000, 0.000000000000000000, 0.000000000000000000 ) ) ;
#1908 = AXIS2_PLACEMENT_3D ( 'NONE', #3517, #312, #598 ) ;
#1909 = EDGE_CURVE ( 'NONE', #1287, #2792, #2031, .T. ) ;
#1910 = LINE ( 'NONE', #495, #2423 ) ;
#1911 = DIRECTION ( 'NONE',  ( -0.000000000000000000, 1.000000000000000000, 0.000000000000000000 ) ) ;
#1912 = DIRECTION ( 'NONE',  ( -0.000000000000000000, -0.000000000000000000, -1.000000000000000000 ) ) ;
#1913 = ORIENTED_EDGE ( 'NONE', *, *, #3211, .F. ) ;
#1914 = ADVANCED_FACE ( 'NONE', ( #2338 ), #1845, .T. ) ;
#1915 = ORIENTED_EDGE ( 'NONE', *, *, #308, .T. ) ;
#1916 = VECTOR ( 'NONE', #2504, 1000.000000000000000 ) ;
#1917 = LINE ( 'NONE', #2427, #518 ) ;
#1918 = AXIS2_PLACEMENT_3D ( 'NONE', #1648, #953, #3048 ) ;
#1919 = ORIENTED_EDGE ( 'NONE', *, *, #258, .T. ) ;
#1920 = EDGE_CURVE ( 'NONE', #3383, #2832, #439, .T. ) ;
#1921 = CARTESIAN_POINT ( 'NONE',  ( 5.000000000000000888, 5.500000000000000000, -1.599999999999996314 ) ) ;
#1922 = CARTESIAN_POINT ( 'NONE',  ( 10.00000000000000000, -12.50000000000000000, -14.49999999999999645 ) ) ;
#1923 = ORIENTED_EDGE ( 'NONE', *, *, #2709, .T. ) ;
#1924 = CARTESIAN_POINT ( 'NONE',  ( 7.000000000000000888, -15.35404962177391752, 10.49999999999999822 ) ) ;
#1925 = CARTESIAN_POINT ( 'NONE',  ( 10.00000000000000000, -12.50000000000000000, 12.49999999999999467 ) ) ;
#1926 = EDGE_CURVE ( 'NONE', #1139, #2780, #3158, .T. ) ;
#1927 = ORIENTED_EDGE ( 'NONE', *, *, #1248, .F. ) ;
#1928 = CARTESIAN_POINT ( 'NONE',  ( 2.250000000000002220, -9.500000000000001776, -1.587713240271470205 ) ) ;
#1929 = DIRECTION ( 'NONE',  ( 0.000000000000000000, 0.000000000000000000, -1.000000000000000000 ) ) ;
#1930 = DIRECTION ( 'NONE',  ( -1.000000000000000000, 0.000000000000000000, 0.000000000000000000 ) ) ;
#1931 = CARTESIAN_POINT ( 'NONE',  ( 1.000000000000000888, 15.42281632692050053, 1.625279558249122625 ) ) ;
#1932 = VECTOR ( 'NONE', #3426, 1000.000000000000000 ) ;
#1933 = VERTEX_POINT ( 'NONE', #2884 ) ;
#1934 = CARTESIAN_POINT ( 'NONE',  ( 2.250000000000002220, -13.50000000000000178, 1.587713240271472204 ) ) ;
#1935 = VERTEX_POINT ( 'NONE', #2371 ) ;
#1936 = DIRECTION ( 'NONE',  ( 0.000000000000000000, 0.000000000000000000, -1.000000000000000000 ) ) ;
#1937 = CARTESIAN_POINT ( 'NONE',  ( 2.250000000000002220, -13.50000000000000178, -1.587713240271470205 ) ) ;
#1938 = CARTESIAN_POINT ( 'NONE',  ( 9.000000000000001776, -15.50000000000000178, 17.50000000000000000 ) ) ;
#1939 = VERTEX_POINT ( 'NONE', #738 ) ;
#1940 = EDGE_CURVE ( 'NONE', #879, #1136, #1745, .T. ) ;
#1941 = CARTESIAN_POINT ( 'NONE',  ( 10.00000000000000000, 15.50000000000000000, -19.49999999999999645 ) ) ;
#1942 = CARTESIAN_POINT ( 'NONE',  ( 10.00000000000000000, 0.000000000000000000, 0.000000000000000000 ) ) ;
#1943 = CARTESIAN_POINT ( 'NONE',  ( 1.587026311794132782, -13.92481035056259486, -1.450223960310078386 ) ) ;
#1944 = CARTESIAN_POINT ( 'NONE',  ( 3.000000000000000888, -11.50000000000000178, -12.49999999999999289 ) ) ;
#1945 = ORIENTED_EDGE ( 'NONE', *, *, #2346, .T. ) ;
#1946 = DIRECTION ( 'NONE',  ( -1.000000000000000000, -0.000000000000000000, -0.000000000000000000 ) ) ;
#1947 = CARTESIAN_POINT ( 'NONE',  ( 10.00000000000000000, -17.50000000000000000, 19.50000000000000000 ) ) ;
#1948 = ORIENTED_EDGE ( 'NONE', *, *, #2871, .F. ) ;
#1949 = VECTOR ( 'NONE', #621, 1000.000000000000114 ) ;
#1950 = CARTESIAN_POINT ( 'NONE',  ( 5.000000000000000888, -5.500000000000000000, 0.000000000000000000 ) ) ;
#1951 = EDGE_LOOP ( 'NONE', ( #2111, #1371, #2063, #3163 ) ) ;
#1952 = DIRECTION ( 'NONE',  ( -0.000000000000000000, -1.000000000000000000, -0.000000000000000000 ) ) ;
#1953 = VERTEX_POINT ( 'NONE', #1294 ) ;
#1954 = AXIS2_PLACEMENT_3D ( 'NONE', #1597, #3264, #2996 ) ;
#1955 = DIRECTION ( 'NONE',  ( 0.000000000000000000, -0.000000000000000000, 1.000000000000000000 ) ) ;
#1956 = TOROIDAL_SURFACE ( 'NONE', #411, 4.000000000000000000, 2.000000000000000000 ) ;
#1957 = CARTESIAN_POINT ( 'NONE',  ( 1.000000000000000888, 14.04799714593769622, 1.100442529077799936 ) ) ;
#1958 = EDGE_CURVE ( 'NONE', #238, #463, #2590, .T. ) ;
#1959 = AXIS2_PLACEMENT_3D ( 'NONE', #2321, #3455, #1541 ) ;
#1960 = DIRECTION ( 'NONE',  ( 0.000000000000000000, 0.000000000000000000, -1.000000000000000000 ) ) ;
#1961 = ORIENTED_EDGE ( 'NONE', *, *, #3024, .F. ) ;
#1962 = CARTESIAN_POINT ( 'NONE',  ( 1.000000000000105915, -13.88774562618711705, 1.367500670834605359 ) ) ;
#1963 = CIRCLE ( 'NONE', #3194, 5.000000000000000000 ) ;
#1964 = CARTESIAN_POINT ( 'NONE',  ( 8.153999718646300465, 13.49999999788452065, 0.2791713407925474066 ) ) ;
#1965 = CIRCLE ( 'NONE', #2665, 2.000000000000000000 ) ;
#1966 = ADVANCED_FACE ( 'NONE', ( #1277 ), #1506, .F. ) ;
#1967 = AXIS2_PLACEMENT_3D ( 'NONE', #200, #2419, #1042 ) ;
#1968 = DIRECTION ( 'NONE',  ( -1.000000000000000000, 0.000000000000000000, 0.000000000000000000 ) ) ;
#1969 = CARTESIAN_POINT ( 'NONE',  ( 1.000000000000000888, 17.50000000000000000, 19.50000000000000000 ) ) ;
#1970 = DIRECTION ( 'NONE',  ( 0.000000000000000000, 0.000000000000000000, -1.000000000000000000 ) ) ;
#1971 = DIRECTION ( 'NONE',  ( -7.103056718736872263E-16, 1.984159645399225490E-15, 1.000000000000000000 ) ) ;
#1972 = ORIENTED_EDGE ( 'NONE', *, *, #1593, .T. ) ;
#1973 = ADVANCED_FACE ( 'NONE', ( #2069 ), #1229, .T. ) ;
#1974 = EDGE_LOOP ( 'NONE', ( #3122, #3532, #3130, #3106 ) ) ;
#1975 = CARTESIAN_POINT ( 'NONE',  ( 8.969602402636782656, -14.95486579616633094, -1.224724159872976337 ) ) ;
#1976 = PLANE ( 'NONE',  #769 ) ;
#1977 = CARTESIAN_POINT ( 'NONE',  ( 3.000000000000000888, -13.50000000000000178, 2.020725942163690281 ) ) ;
#1978 = ORIENTED_EDGE ( 'NONE', *, *, #77, .F. ) ;
#1979 = EDGE_CURVE ( 'NONE', #2249, #1580, #1620, .T. ) ;
#1980 = CARTESIAN_POINT ( 'NONE',  ( 10.00000000000000000, 12.50000000000000000, -12.49999999999999467 ) ) ;
#1981 = FACE_OUTER_BOUND ( 'NONE', #2611, .T. ) ;
#1982 = VERTEX_POINT ( 'NONE', #420 ) ;
#1983 = CARTESIAN_POINT ( 'NONE',  ( 7.750000000000001776, -13.50000000000000178, 1.587713240271470427 ) ) ;
#1984 = EDGE_CURVE ( 'NONE', #1216, #648, #3019, .T. ) ;
#1985 = FACE_BOUND ( 'NONE', #726, .T. ) ;
#1986 = AXIS2_PLACEMENT_3D ( 'NONE', #930, #757, #205 ) ;
#1987 = ADVANCED_FACE ( 'NONE', ( #1523 ), #186, .T. ) ;
#1988 = DIRECTION ( 'NONE',  ( 0.000000000000000000, 1.000000000000000000, -0.000000000000000000 ) ) ;
#1989 = CARTESIAN_POINT ( 'NONE',  ( 3.000000000000000888, -13.50000000000000178, 12.49999999999999822 ) ) ;
#1990 = EDGE_CURVE ( 'NONE', #1256, #2288, #3490, .T. ) ;
#1991 = DIRECTION ( 'NONE',  ( 0.000000000000000000, 0.000000000000000000, -1.000000000000000000 ) ) ;
#1992 = ORIENTED_EDGE ( 'NONE', *, *, #3489, .F. ) ;
#1993 = VECTOR ( 'NONE', #1496, 1000.000000000000000 ) ;
#1994 = CARTESIAN_POINT ( 'NONE',  ( 9.000000000000001776, -11.50000000000000178, 8.499999999999998224 ) ) ;
#1995 = EDGE_CURVE ( 'NONE', #67, #2442, #2037, .T. ) ;
#1996 = DIRECTION ( 'NONE',  ( 0.000000000000000000, 0.000000000000000000, 1.000000000000000000 ) ) ;
#1997 = ORIENTED_EDGE ( 'NONE', *, *, #3489, .T. ) ;
#1998 = VECTOR ( 'NONE', #444, 1000.000000000000000 ) ;
#1999 = CARTESIAN_POINT ( 'NONE',  ( 1.030359547723024072, -14.95504430224424475, 1.224690872011941600 ) ) ;
#2000 = EDGE_CURVE ( 'NONE', #3479, #1472, #360, .T. ) ;
#2001 = CARTESIAN_POINT ( 'NONE',  ( 2.178435998403643659, 13.49999999334691658, -1.420018686347323644 ) ) ;
#2002 = AXIS2_PLACEMENT_3D ( 'NONE', #3241, #2719, #249 ) ;
#2003 = ORIENTED_EDGE ( 'NONE', *, *, #752, .F. ) ;
#2004 = CARTESIAN_POINT ( 'NONE',  ( 10.00000000000000000, -17.50000000000000000, -17.49999999999999289 ) ) ;
#2005 = EDGE_LOOP ( 'NONE', ( #3192, #572, #1915, #673, #2793, #2399, #3434, #788, #606, #254, #2766, #1002, #2032, #2876 ) ) ;
#2006 = CARTESIAN_POINT ( 'NONE',  ( 8.145441022716335411, 13.50000000211548290, -0.3631138571985979557 ) ) ;
#2007 = DIRECTION ( 'NONE',  ( 0.000000000000000000, -1.000000000000000000, 0.000000000000000000 ) ) ;
#2008 = CARTESIAN_POINT ( 'NONE',  ( 10.00000000000000000, -17.50000000000000000, 19.50000000000000000 ) ) ;
#2009 = DIRECTION ( 'NONE',  ( 0.000000000000000000, 0.000000000000000000, 1.000000000000000000 ) ) ;
#2010 = ORIENTED_EDGE ( 'NONE', *, *, #362, .F. ) ;
#2011 = ORIENTED_EDGE ( 'NONE', *, *, #258, .F. ) ;
#2012 = CARTESIAN_POINT ( 'NONE',  ( 8.412919961238273459, -13.92475984705734504, -1.450237819558023222 ) ) ;
#2013 = CARTESIAN_POINT ( 'NONE',  ( 11.98254692900324514, 12.50000000000000000, -12.51730142493838116 ) ) ;
#2014 = ORIENTED_EDGE ( 'NONE', *, *, #2021, .F. ) ;
#2015 = ADVANCED_FACE ( 'NONE', ( #1637 ), #3424, .T. ) ;
#2016 = CIRCLE ( 'NONE', #578, 1.917056678327011099 ) ;
#2017 = DIRECTION ( 'NONE',  ( -1.000000000000000000, 0.000000000000000000, 0.000000000000000000 ) ) ;
#2018 = CARTESIAN_POINT ( 'NONE',  ( 1.000000000000000888, -15.50000000000000178, -2.020725942163688504 ) ) ;
#2019 = CARTESIAN_POINT ( 'NONE',  ( 1.846000281353746386, 13.49999999788448868, -0.2791713407926206814 ) ) ;
#2020 = VECTOR ( 'NONE', #292, 1000.000000000000000 ) ;
#2021 = EDGE_CURVE ( 'NONE', #441, #2161, #1092, .T. ) ;
#2022 = CIRCLE ( 'NONE', #1447, 0.5000000000000004441 ) ;
#2023 = ORIENTED_EDGE ( 'NONE', *, *, #1355, .T. ) ;
#2024 = CARTESIAN_POINT ( 'NONE',  ( 7.000000000000000888, 15.50000000000000178, 8.499999999999998224 ) ) ;
#2025 = CARTESIAN_POINT ( 'NONE',  ( 9.000000000000001776, 15.13834103494992256, -0.2306051829833556943 ) ) ;
#2026 = AXIS2_PLACEMENT_3D ( 'NONE', #2008, #3062, #385 ) ;
#2027 = VECTOR ( 'NONE', #2416, 1000.000000000000000 ) ;
#2028 = CARTESIAN_POINT ( 'NONE',  ( 3.000000000000000888, 11.50000000000000178, 8.499999999999998224 ) ) ;
#2029 = DIRECTION ( 'NONE',  ( 0.000000000000000000, 0.000000000000000000, 1.000000000000000000 ) ) ;
#2030 = ORIENTED_EDGE ( 'NONE', *, *, #2816, .F. ) ;
#2031 = CIRCLE ( 'NONE', #233, 2.000000000000000000 ) ;
#2032 = ORIENTED_EDGE ( 'NONE', *, *, #2567, .F. ) ;
#2033 = EDGE_CURVE ( 'NONE', #956, #1270, #770, .T. ) ;
#2034 = TOROIDAL_SURFACE ( 'NONE', #1395, 1.417075716794924167, 0.5000000000000000000 ) ;
#2035 = DIRECTION ( 'NONE',  ( -0.000000000000000000, -0.000000000000000000, 1.000000000000000000 ) ) ;
#2036 = FACE_OUTER_BOUND ( 'NONE', #1440, .T. ) ;
#2037 = CIRCLE ( 'NONE', #1460, 2.000000000000001776 ) ;
#2038 = FACE_OUTER_BOUND ( 'NONE', #899, .T. ) ;
#2039 = ADVANCED_FACE ( 'NONE', ( #1621 ), #3026, .T. ) ;
#2040 = ORIENTED_EDGE ( 'NONE', *, *, #594, .F. ) ;
#2041 = CIRCLE ( 'NONE', #2778, 2.000000000000000000 ) ;
#2042 = LINE ( 'NONE', #1784, #1502 ) ;
#2043 = CIRCLE ( 'NONE', #728, 3.149999999999999911 ) ;
#2044 = EDGE_CURVE ( 'NONE', #3396, #1287, #2406, .T. ) ;
#2045 = ORIENTED_EDGE ( 'NONE', *, *, #988, .T. ) ;
#2046 = AXIS2_PLACEMENT_3D ( 'NONE', #3335, #3120, #1701 ) ;
#2047 = ORIENTED_EDGE ( 'NONE', *, *, #2737, .F. ) ;
#2048 = CARTESIAN_POINT ( 'NONE',  ( 9.000000000000001776, 11.50000000000000000, -8.499999999999992895 ) ) ;
#2049 = CARTESIAN_POINT ( 'NONE',  ( 9.000000000000001776, -15.49999999925753791, 1.668316407924989919 ) ) ;
#2050 =( BOUNDED_SURFACE ( )  B_SPLINE_SURFACE ( 3, 2, ( 
 ( #2676, #2372, #201 ),
 ( #440, #1778, #3491 ),
 ( #1822, #1295, #2626 ),
 ( #3227, #754, #1311 ),
 ( #1525, #1030, #151 ),
 ( #2885, #1507, #136 ) ),
 .UNSPECIFIED., .F., .F., .F. ) 
 B_SPLINE_SURFACE_WITH_KNOTS ( ( 4, 2, 4 ),
 ( 3, 3 ),
 ( 0.4935130164345474801, 0.6093106868488343819, 0.7251083572631212837 ),
 ( 0.000000000000000000, 1.000000000000000000 ),
 .UNSPECIFIED. ) 
 GEOMETRIC_REPRESENTATION_ITEM ( )  RATIONAL_B_SPLINE_SURFACE ( (
 ( 1.000000000000000000, 0.7071067811865473507, 1.000000000000000000),
 ( 1.000000000000000000, 0.7337900378399360157, 1.000000000000000000),
 ( 1.000000000000000000, 0.7587062721335164905, 1.000000000000000000),
 ( 1.000000000000000000, 0.8003820604056122168, 1.000000000000000000),
 ( 1.000000000000000000, 0.8171559564597059566, 1.000000000000000000),
 ( 1.000000000000000000, 0.8296057548235249435, 1.000000000000000000) ) ) 
 REPRESENTATION_ITEM ( '' )  SURFACE ( )  );
#2051 = CARTESIAN_POINT ( 'NONE',  ( 7.000000000000000888, 13.50000000000000178, 10.49999999999999822 ) ) ;
#2052 = EDGE_CURVE ( 'NONE', #1891, #2966, #2964, .T. ) ;
#2053 = LINE ( 'NONE', #943, #154 ) ;
#2054 = EDGE_CURVE ( 'NONE', #8, #813, #2776, .T. ) ;
#2055 = ORIENTED_EDGE ( 'NONE', *, *, #1099, .F. ) ;
#2056 = ORIENTED_EDGE ( 'NONE', *, *, #1193, .T. ) ;
#2057 = CARTESIAN_POINT ( 'NONE',  ( 1.000000000000000888, -15.22146572850976654, -0.7989114983511773627 ) ) ;
#2058 = DIRECTION ( 'NONE',  ( 1.000000000000000000, 0.000000000000000000, 0.000000000000000000 ) ) ;
#2059 = ORIENTED_EDGE ( 'NONE', *, *, #1344, .F. ) ;
#2060 = CARTESIAN_POINT ( 'NONE',  ( 5.000000000000000888, 13.50000000000000178, 0.000000000000000000 ) ) ;
#2061 = TOROIDAL_SURFACE ( 'NONE', #917, 3.982622421189957684, 2.000000000000000000 ) ;
#2062 = CIRCLE ( 'NONE', #384, 1.417075716794923945 ) ;
#2063 = ORIENTED_EDGE ( 'NONE', *, *, #643, .T. ) ;
#2064 = LINE ( 'NONE', #2903, #601 ) ;
#2065 = DIRECTION ( 'NONE',  ( 1.000000000000000000, 0.000000000000000000, 0.000000000000000000 ) ) ;
#2066 = AXIS2_PLACEMENT_3D ( 'NONE', #2202, #2462, #1619 ) ;
#2067 = AXIS2_PLACEMENT_3D ( 'NONE', #3276, #1391, #524 ) ;
#2068 = EDGE_CURVE ( 'NONE', #1346, #3479, #2701, .T. ) ;
#2069 = FACE_OUTER_BOUND ( 'NONE', #1304, .T. ) ;
#2070 = CARTESIAN_POINT ( 'NONE',  ( 1.000000000000000888, -13.50000000000000178, 10.49999999999999822 ) ) ;
#2071 = ORIENTED_EDGE ( 'NONE', *, *, #1333, .T. ) ;
#2072 = ADVANCED_FACE ( 'NONE', ( #1342 ), #260, .F. ) ;
#2073 = EDGE_CURVE ( 'NONE', #2575, #1117, #1341, .T. ) ;
#2074 = CARTESIAN_POINT ( 'NONE',  ( 1.000000000000000888, -15.50000000000000178, -2.020725942163689837 ) ) ;
#2075 = CARTESIAN_POINT ( 'NONE',  ( 19.50000000000000000, -12.50000000000000000, -14.49999999999999645 ) ) ;
#2076 = ORIENTED_EDGE ( 'NONE', *, *, #2374, .T. ) ;
#2077 = CYLINDRICAL_SURFACE ( 'NONE', #3355, 5.000000000000000000 ) ;
#2078 = ORIENTED_EDGE ( 'NONE', *, *, #1305, .T. ) ;
#2079 = DIRECTION ( 'NONE',  ( -0.000000000000000000, -0.000000000000000000, 1.000000000000000000 ) ) ;
#2080 = ORIENTED_EDGE ( 'NONE', *, *, #961, .F. ) ;
#2081 = AXIS2_PLACEMENT_3D ( 'NONE', #3364, #3151, #1164 ) ;
#2082 = CARTESIAN_POINT ( 'NONE',  ( 5.000000000000000888, 13.50000000000000178, 1.599999999999994316 ) ) ;
#2083 = PLANE ( 'NONE',  #2935 ) ;
#2084 = ADVANCED_FACE ( 'NONE', ( #3274, #3505 ), #2153, .T. ) ;
#2085 = AXIS2_PLACEMENT_3D ( 'NONE', #778, #1860, #2383 ) ;
#2086 = DIRECTION ( 'NONE',  ( -0.000000000000000000, 1.000000000000000000, -0.000000000000000000 ) ) ;
#2087 = DIRECTION ( 'NONE',  ( -0.000000000000000000, 1.000000000000000000, -0.000000000000000000 ) ) ;
#2088 = CARTESIAN_POINT ( 'NONE',  ( 5.000000000000003553, -9.500000000000001776, -3.175426480542941743 ) ) ;
#2089 = AXIS2_PLACEMENT_3D ( 'NONE', #375, #1420, #45 ) ;
#2090 = ADVANCED_FACE ( 'NONE', ( #3240 ), #1109, .F. ) ;
#2091 = ORIENTED_EDGE ( 'NONE', *, *, #869, .T. ) ;
#2092 = DIRECTION ( 'NONE',  ( 0.000000000000000000, -1.000000000000000000, 0.000000000000000000 ) ) ;
#2093 = CARTESIAN_POINT ( 'NONE',  ( 1.000000000000000888, -13.50000000000000178, -8.499999999999992895 ) ) ;
#2094 = EDGE_LOOP ( 'NONE', ( #2880, #1437, #2426, #1699 ) ) ;
#2095 = DIRECTION ( 'NONE',  ( 0.000000000000000000, 1.000000000000000000, 0.000000000000000000 ) ) ;
#2096 = EDGE_CURVE ( 'NONE', #3219, #2839, #2204, .T. ) ;
#2097 = AXIS2_PLACEMENT_3D ( 'NONE', #2318, #2587, #1261 ) ;
#2098 = LINE ( 'NONE', #182, #2828 ) ;
#2099 = LINE ( 'NONE', #2082, #1121 ) ;
#2100 = CARTESIAN_POINT ( 'NONE',  ( 9.000000000000001776, -14.81615802034309581, 0.2818649872139465939 ) ) ;
#2101 = ADVANCED_FACE ( 'NONE', ( #841 ), #215, .F. ) ;
#2102 = B_SPLINE_CURVE_WITH_KNOTS ( 'NONE', 3,
 ( #324, #19, #866, #1943, #1131, #3061, #587, #1433, #2265, #903 ),
 .UNSPECIFIED., .F., .F.,
 ( 4, 2, 2, 2, 4 ),
 ( 0.000000000000000000, 0.0005994228920325679914, 0.001198845784065135983, 0.001798268676097703866, 0.002397691568130271966 ),
 .UNSPECIFIED. ) ;
#2103 = AXIS2_PLACEMENT_3D ( 'NONE', #1412, #1095, #2470 ) ;
#2104 = EDGE_CURVE ( 'NONE', #1483, #221, #2988, .T. ) ;
#2105 = CARTESIAN_POINT ( 'NONE',  ( 10.00000000000000000, -15.50000000000000178, 17.50000000000000000 ) ) ;
#2106 = TOROIDAL_SURFACE ( 'NONE', #2332, 3.982622421189957684, 2.000000000000000000 ) ;
#2107 = LINE ( 'NONE', #1836, #3552 ) ;
#2108 = EDGE_LOOP ( 'NONE', ( #2843, #1416 ) ) ;
#2109 = CARTESIAN_POINT ( 'NONE',  ( 1.000000000000174083, -13.86776919140803876, -1.535839635499338662 ) ) ;
#2110 = PLANE ( 'NONE',  #310 ) ;
#2111 = ORIENTED_EDGE ( 'NONE', *, *, #1187, .F. ) ;
#2112 = ADVANCED_FACE ( 'NONE', ( #506 ), #2570, .F. ) ;
#2113 = CARTESIAN_POINT ( 'NONE',  ( 10.00000000000000000, -15.50000000000000178, 19.50000000000000000 ) ) ;
#2114 = ORIENTED_EDGE ( 'NONE', *, *, #1900, .T. ) ;
#2115 = CARTESIAN_POINT ( 'NONE',  ( 10.00000000000000000, -12.50000000000000000, 14.49999999999999645 ) ) ;
#2116 = CIRCLE ( 'NONE', #1767, 1.917056678327011099 ) ;
#2117 = CARTESIAN_POINT ( 'NONE',  ( 8.105206195802422187, -13.67543967847712771, 1.523025638818111371 ) ) ;
#2118 = CARTESIAN_POINT ( 'NONE',  ( 1.000000000000000888, 15.50000000000000178, -10.49999999999999112 ) ) ;
#2119 = AXIS2_PLACEMENT_3D ( 'NONE', #217, #1325, #3554 ) ;
#2120 = CARTESIAN_POINT ( 'NONE',  ( 10.00000000000000000, -15.50000000000000178, -19.49999999999999289 ) ) ;
#2121 = CARTESIAN_POINT ( 'NONE',  ( 5.000000000000000888, -9.500000000000001776, 0.000000000000000000 ) ) ;
#2122 = ORIENTED_EDGE ( 'NONE', *, *, #2000, .T. ) ;
#2123 = DIRECTION ( 'NONE',  ( 8.659560562354946417E-17, 0.7071067811865465735, -0.7071067811865485719 ) ) ;
#2124 = DIRECTION ( 'NONE',  ( 0.000000000000000000, 1.000000000000000000, 0.000000000000000000 ) ) ;
#2125 = ORIENTED_EDGE ( 'NONE', *, *, #2641, .T. ) ;
#2126 = CARTESIAN_POINT ( 'NONE',  ( 5.000000000000000888, -7.500000000000000000, 0.000000000000000000 ) ) ;
#2127 = ORIENTED_EDGE ( 'NONE', *, *, #703, .T. ) ;
#2128 = EDGE_CURVE ( 'NONE', #380, #2759, #2547, .T. ) ;
#2129 = CARTESIAN_POINT ( 'NONE',  ( 7.000000000000000888, -15.50000000000000178, 8.499999999999998224 ) ) ;
#2130 = CARTESIAN_POINT ( 'NONE',  ( 8.547255506130236213, -14.07157413818066338, 1.412270057487212016 ) ) ;
#2131 = CARTESIAN_POINT ( 'NONE',  ( 1.000000000000000888, 13.85104042294123516, 1.935622650725270066 ) ) ;
#2132 = AXIS2_PLACEMENT_3D ( 'NONE', #130, #49, #1750 ) ;
#2133 = DIRECTION ( 'NONE',  ( 0.000000000000000000, -1.000000000000000000, 0.000000000000000000 ) ) ;
#2134 = ORIENTED_EDGE ( 'NONE', *, *, #2583, .T. ) ;
#2135 = PLANE ( 'NONE',  #2002 ) ;
#2136 = AXIS2_PLACEMENT_3D ( 'NONE', #3218, #1303, #447 ) ;
#2137 = ADVANCED_FACE ( 'NONE', ( #54 ), #1182, .T. ) ;
#2138 = VERTEX_POINT ( 'NONE', #1431 ) ;
#2139 = AXIS2_PLACEMENT_3D ( 'NONE', #650, #2493, #924 ) ;
#2140 = DIRECTION ( 'NONE',  ( -1.000000000000000000, -0.000000000000000000, -0.000000000000000000 ) ) ;
#2141 = CARTESIAN_POINT ( 'NONE',  ( 7.750000000000001776, -9.500000000000001776, -1.587713240271472648 ) ) ;
#2142 = EDGE_LOOP ( 'NONE', ( #909, #894, #824, #232 ) ) ;
#2143 = AXIS2_PLACEMENT_3D ( 'NONE', #2532, #118, #998 ) ;
#2144 = CARTESIAN_POINT ( 'NONE',  ( 19.50000000000000000, 12.50000000000000000, -13.08292428320507383 ) ) ;
#2145 = EDGE_CURVE ( 'NONE', #3149, #332, #3388, .T. ) ;
#2146 = ORIENTED_EDGE ( 'NONE', *, *, #2149, .T. ) ;
#2147 = VECTOR ( 'NONE', #150, 1000.000000000000000 ) ;
#2148 = DIRECTION ( 'NONE',  ( -0.9999619230641713097, -1.068692376572941468E-18, 0.008726535498373953759 ) ) ;
#2149 = EDGE_CURVE ( 'NONE', #2211, #1032, #1128, .T. ) ;
#2150 = CARTESIAN_POINT ( 'NONE',  ( 9.000000000000001776, 17.50000000000000000, 19.50000000000000000 ) ) ;
#2151 = DIRECTION ( 'NONE',  ( 0.000000000000000000, 0.000000000000000000, 1.000000000000000000 ) ) ;
#2152 = AXIS2_PLACEMENT_3D ( 'NONE', #2048, #1244, #976 ) ;
#2153 = PLANE ( 'NONE',  #237 ) ;
#2154 = CARTESIAN_POINT ( 'NONE',  ( 7.099908852281727967, 13.50000000000000178, -2.351511486766053594 ) ) ;
#2155 = ORIENTED_EDGE ( 'NONE', *, *, #2374, .F. ) ;
#2156 = AXIS2_PLACEMENT_3D ( 'NONE', #1599, #1306, #3191 ) ;
#2157 = PLANE ( 'NONE',  #2373 ) ;
#2158 = EDGE_CURVE ( 'NONE', #3017, #66, #477, .T. ) ;
#2159 = CARTESIAN_POINT ( 'NONE',  ( 20.00000000000000000, -12.50000000000000000, 14.49999999999999645 ) ) ;
#2160 = ORIENTED_EDGE ( 'NONE', *, *, #1706, .T. ) ;
#2161 = VERTEX_POINT ( 'NONE', #80 ) ;
#2162 = DIRECTION ( 'NONE',  ( 1.000000000000000000, 0.000000000000000000, 0.000000000000000000 ) ) ;
#2163 =( BOUNDED_SURFACE ( )  B_SPLINE_SURFACE ( 3, 2, ( 
 ( #2840, #1206, #2300 ),
 ( #3097, #1962, #364 ),
 ( #100, #938, #3045 ),
 ( #1408, #2779, #627 ),
 ( #3059, #564, #2755 ),
 ( #1389, #607, #581 ) ),
 .UNSPECIFIED., .F., .F., .F. ) 
 B_SPLINE_SURFACE_WITH_KNOTS ( ( 4, 2, 4 ),
 ( 3, 3 ),
 ( 0.2260808633119079647, 0.3586469894713251172, 0.4912131156307422697 ),
 ( 0.000000000000000000, 1.000000000000000000 ),
 .UNSPECIFIED. ) 
 GEOMETRIC_REPRESENTATION_ITEM ( )  RATIONAL_B_SPLINE_SURFACE ( (
 ( 1.000000000000000000, 0.8296854936549212800, 1.000000000000000000),
 ( 1.000000000000000000, 0.8149966083464235123, 1.000000000000000000),
 ( 1.000000000000000000, 0.7957606519094844177, 1.000000000000000000),
 ( 1.000000000000000000, 0.7530691453001969737, 1.000000000000000000),
 ( 1.000000000000000000, 0.7296941410418220642, 1.000000000000000000),
 ( 1.000000000000000000, 0.7071067811865479058, 1.000000000000000000) ) ) 
 REPRESENTATION_ITEM ( '' )  SURFACE ( )  );
#2164 = VERTEX_POINT ( 'NONE', #2261 ) ;
#2165 = VECTOR ( 'NONE', #510, 1000.000000000000000 ) ;
#2166 = DIRECTION ( 'NONE',  ( 0.000000000000000000, 0.000000000000000000, -1.000000000000000000 ) ) ;
#2167 = DIRECTION ( 'NONE',  ( -1.000000000000000000, 0.000000000000000000, 0.000000000000000000 ) ) ;
#2168 = FACE_OUTER_BOUND ( 'NONE', #914, .T. ) ;
#2169 = AXIS2_PLACEMENT_3D ( 'NONE', #619, #71, #2058 ) ;
#2170 = DIRECTION ( 'NONE',  ( 1.000000000000000000, 0.000000000000000000, 0.000000000000000000 ) ) ;
#2171 = CARTESIAN_POINT ( 'NONE',  ( 7.565502816845292244, 13.50000000635327524, -1.841824006920867784 ) ) ;
#2172 = VECTOR ( 'NONE', #1034, 1000.000000000000000 ) ;
#2173 = ADVANCED_FACE ( 'NONE', ( #1449 ), #340, .F. ) ;
#2174 = CARTESIAN_POINT ( 'NONE',  ( 3.000000000000000888, 15.50000000000000178, -8.499999999999992895 ) ) ;
#2175 = CARTESIAN_POINT ( 'NONE',  ( 20.00000000000000000, 12.50000000000000000, 14.49999999999999645 ) ) ;
#2176 = ORIENTED_EDGE ( 'NONE', *, *, #30, .F. ) ;
#2177 = ORIENTED_EDGE ( 'NONE', *, *, #73, .T. ) ;
#2178 = AXIS2_PLACEMENT_3D ( 'NONE', #493, #2467, #1622 ) ;
#2179 = DIRECTION ( 'NONE',  ( -0.8660254037844388186, 0.000000000000000000, -0.4999999999999996114 ) ) ;
#2180 = ORIENTED_EDGE ( 'NONE', *, *, #1296, .T. ) ;
#2181 = CARTESIAN_POINT ( 'NONE',  ( 5.000000000000000888, 7.500000000000000000, 0.000000000000000000 ) ) ;
#2182 = CARTESIAN_POINT ( 'NONE',  ( 1.000000000000000888, 15.48126893046841168, 2.026956986410517469 ) ) ;
#2183 = LINE ( 'NONE', #3023, #540 ) ;
#2184 = ORIENTED_EDGE ( 'NONE', *, *, #2849, .F. ) ;
#2185 = DIRECTION ( 'NONE',  ( 0.000000000000000000, 0.000000000000000000, 1.000000000000000000 ) ) ;
#2186 = ADVANCED_FACE ( 'NONE', ( #645 ), #3330, .T. ) ;
#2187 = FACE_OUTER_BOUND ( 'NONE', #744, .T. ) ;
#2188 = ORIENTED_EDGE ( 'NONE', *, *, #1193, .F. ) ;
#2189 = CYLINDRICAL_SURFACE ( 'NONE', #1615, 2.000000000000000000 ) ;
#2190 = ORIENTED_EDGE ( 'NONE', *, *, #486, .T. ) ;
#2191 = EDGE_CURVE ( 'NONE', #3356, #3437, #3369, .T. ) ;
#2192 = DIRECTION ( 'NONE',  ( -0.000000000000000000, 1.000000000000000000, -0.000000000000000000 ) ) ;
#2193 = AXIS2_PLACEMENT_3D ( 'NONE', #3324, #270, #1089 ) ;
#2194 = EDGE_LOOP ( 'NONE', ( #2646, #3547 ) ) ;
#2195 = VERTEX_POINT ( 'NONE', #3407 ) ;
#2196 = CONICAL_SURFACE ( 'NONE', #3463, 2.000000000000000000, 0.008726646259971666819 ) ;
#2197 = DIRECTION ( 'NONE',  ( 1.000000000000000000, 0.000000000000000000, 0.000000000000000000 ) ) ;
#2198 = AXIS2_PLACEMENT_3D ( 'NONE', #692, #2092, #203 ) ;
#2199 = ORIENTED_EDGE ( 'NONE', *, *, #2263, .F. ) ;
#2200 = DIRECTION ( 'NONE',  ( 0.000000000000000000, 0.000000000000000000, -1.000000000000000000 ) ) ;
#2201 = ADVANCED_FACE ( 'NONE', ( #3116 ), #2163, .F. ) ;
#2202 = CARTESIAN_POINT ( 'NONE',  ( 19.50000000000000000, -12.50000000000000000, -13.08292428320507383 ) ) ;
#2203 = ORIENTED_EDGE ( 'NONE', *, *, #1442, .F. ) ;
#2204 = LINE ( 'NONE', #1884, #829 ) ;
#2205 = DIRECTION ( 'NONE',  ( 0.000000000000000000, 0.000000000000000000, 1.000000000000000000 ) ) ;
#2206 = EDGE_CURVE ( 'NONE', #1498, #3406, #1149, .T. ) ;
#2207 = ORIENTED_EDGE ( 'NONE', *, *, #2286, .F. ) ;
#2208 = DIRECTION ( 'NONE',  ( 0.000000000000000000, 0.000000000000000000, 1.000000000000000000 ) ) ;
#2209 = CARTESIAN_POINT ( 'NONE',  ( 1.000000000000000888, 15.22933516512934737, -0.7943357220237902139 ) ) ;
#2210 = VERTEX_POINT ( 'NONE', #3077 ) ;
#2211 = VERTEX_POINT ( 'NONE', #2803 ) ;
#2212 = ORIENTED_EDGE ( 'NONE', *, *, #734, .F. ) ;
#2213 = COLOUR_RGB ( '',0.7921568627450980005, 0.8196078431372548767, 0.9333333333333333481 ) ;
#2214 = CARTESIAN_POINT ( 'NONE',  ( 0.000000000000000000, -7.500000000000000000, -9.499999999999996447 ) ) ;
#2215 = EDGE_LOOP ( 'NONE', ( #1583, #2869, #3397, #2155 ) ) ;
#2216 = EDGE_CURVE ( 'NONE', #1472, #3479, #1014, .T. ) ;
#2217 = CARTESIAN_POINT ( 'NONE',  ( 20.00000000000000000, -12.50000000000000000, -15.91707571679492084 ) ) ;
#2218 = CARTESIAN_POINT ( 'NONE',  ( 1.000000000000000888, 15.27865565065751596, -0.9978526203317280574 ) ) ;
#2219 = EDGE_CURVE ( 'NONE', #66, #3450, #1273, .T. ) ;
#2220 = ORIENTED_EDGE ( 'NONE', *, *, #1491, .F. ) ;
#2221 = DIRECTION ( 'NONE',  ( 0.000000000000000000, 0.000000000000000000, 1.000000000000000000 ) ) ;
#2222 = ORIENTED_EDGE ( 'NONE', *, *, #1307, .F. ) ;
#2223 = CARTESIAN_POINT ( 'NONE',  ( 0.000000000000000000, -17.50000000000000000, -19.49999999999999289 ) ) ;
#2224 = B_SPLINE_CURVE_WITH_KNOTS ( 'NONE', 3,
 ( #767, #1040, #247, #1073 ),
 .UNSPECIFIED., .F., .F.,
 ( 4, 4 ),
 ( 0.001018319164168123491, 0.001893881273373251807 ),
 .UNSPECIFIED. ) ;
#2225 = ORIENTED_EDGE ( 'NONE', *, *, #1317, .T. ) ;
#2226 = LINE ( 'NONE', #1453, #1511 ) ;
#2227 = CARTESIAN_POINT ( 'NONE',  ( 10.00000000000000000, -17.50000000000000000, 19.50000000000000000 ) ) ;
#2228 = CARTESIAN_POINT ( 'NONE',  ( 12.00000000000000000, 12.50000000000000000, 14.49999999999999645 ) ) ;
#2229 = CIRCLE ( 'NONE', #3165, 0.5000000000000004441 ) ;
#2230 = VERTEX_POINT ( 'NONE', #3487 ) ;
#2231 = DIRECTION ( 'NONE',  ( 0.000000000000000000, -1.000000000000000000, 0.000000000000000000 ) ) ;
#2232 = CARTESIAN_POINT ( 'NONE',  ( 9.000000000000001776, 15.50000000000000178, -17.49999999999999289 ) ) ;
#2233 = ORIENTED_EDGE ( 'NONE', *, *, #2033, .T. ) ;
#2234 = LINE ( 'NONE', #3286, #2020 ) ;
#2235 = AXIS2_PLACEMENT_3D ( 'NONE', #3208, #737, #1817 ) ;
#2236 = EDGE_CURVE ( 'NONE', #888, #1130, #2490, .T. ) ;
#2237 =( LENGTH_UNIT ( ) NAMED_UNIT ( * ) SI_UNIT ( .MILLI., .METRE. ) );
#2238 = VERTEX_POINT ( 'NONE', #667 ) ;
#2239 = DIRECTION ( 'NONE',  ( -0.000000000000000000, 1.000000000000000000, 0.000000000000000000 ) ) ;
#2240 = CARTESIAN_POINT ( 'NONE',  ( 9.000000000000001776, 15.41658568536363028, 1.606997646736779695 ) ) ;
#2241 = ORIENTED_EDGE ( 'NONE', *, *, #2149, .F. ) ;
#2242 = DIRECTION ( 'NONE',  ( 0.000000000000000000, 0.000000000000000000, 1.000000000000000000 ) ) ;
#2243 = DIRECTION ( 'NONE',  ( 1.000000000000000000, -0.000000000000000000, -0.000000000000000000 ) ) ;
#2244 = DIRECTION ( 'NONE',  ( 0.000000000000000000, -1.000000000000000000, 0.000000000000000000 ) ) ;
#2245 = CARTESIAN_POINT ( 'NONE',  ( 7.000000000000000888, -11.50000000000000178, -8.499999999999992895 ) ) ;
#2246 = ADVANCED_FACE ( 'NONE', ( #3451 ), #2850, .F. ) ;
#2247 = ORIENTED_EDGE ( 'NONE', *, *, #2565, .T. ) ;
#2248 = ORIENTED_EDGE ( 'NONE', *, *, #727, .F. ) ;
#2249 = VERTEX_POINT ( 'NONE', #3466 ) ;
#2250 = VECTOR ( 'NONE', #1222, 1000.000000000000000 ) ;
#2251 = CARTESIAN_POINT ( 'NONE',  ( 0.000000000000000000, -15.50000000000000178, -17.49999999999999645 ) ) ;
#2252 = CYLINDRICAL_SURFACE ( 'NONE', #681, 2.000000000000000000 ) ;
#2253 = ADVANCED_FACE ( 'NONE', ( #2921 ), #2386, .T. ) ;
#2254 = ORIENTED_EDGE ( 'NONE', *, *, #204, .T. ) ;
#2255 = CIRCLE ( 'NONE', #2136, 1.599999999999996314 ) ;
#2256 = EDGE_CURVE ( 'NONE', #3017, #1770, #2640, .T. ) ;
#2257 = AXIS2_PLACEMENT_3D ( 'NONE', #3373, #3393, #942 ) ;
#2258 = CARTESIAN_POINT ( 'NONE',  ( 0.9999999999999549249, 14.05311242812340033, -1.057067239178332230 ) ) ;
#2259 = ADVANCED_FACE ( 'NONE', ( #2334 ), #2653, .F. ) ;
#2260 = EDGE_LOOP ( 'NONE', ( #2560, #1066 ) ) ;
#2261 = CARTESIAN_POINT ( 'NONE',  ( 5.000000000000000888, 5.500000000000000000, 5.000000000000000000 ) ) ;
#2262 = CARTESIAN_POINT ( 'NONE',  ( 8.999999999999998224, 13.92408370284164576, 1.732940572463164353 ) ) ;
#2263 = EDGE_CURVE ( 'NONE', #2477, #2530, #2099, .T. ) ;
#2264 = AXIS2_PLACEMENT_3D ( 'NONE', #2971, #1588, #2687 ) ;
#2265 = CARTESIAN_POINT ( 'NONE',  ( 0.9999999999999995559, -15.15707844786769343, -1.188256702077490568 ) ) ;
#2266 = SURFACE_STYLE_FILL_AREA ( #1642 ) ;
#2267 = CARTESIAN_POINT ( 'NONE',  ( 5.000000000000001776, 5.500000000000000000, -5.000000000000000000 ) ) ;
#2268 = VECTOR ( 'NONE', #503, 1000.000000000000000 ) ;
#2269 = ORIENTED_EDGE ( 'NONE', *, *, #1737, .T. ) ;
#2270 = EDGE_LOOP ( 'NONE', ( #1709, #777 ) ) ;
#2271 = DIRECTION ( 'NONE',  ( 1.000000000000000000, -0.000000000000000000, -0.000000000000000000 ) ) ;
#2272 = ORIENTED_EDGE ( 'NONE', *, *, #1333, .F. ) ;
#2273 = CARTESIAN_POINT ( 'NONE',  ( 19.50000000000000000, 12.50000000000000000, 13.08292428320507383 ) ) ;
#2274 = ORIENTED_EDGE ( 'NONE', *, *, #2464, .T. ) ;
#2275 = CIRCLE ( 'NONE', #670, 1.417075716794923945 ) ;
#2276 = CARTESIAN_POINT ( 'NONE',  ( 1.587026311794136779, -13.92481035056259309, 1.450223960310072169 ) ) ;
#2277 = CONICAL_SURFACE ( 'NONE', #733, 2.000000000000000000, 0.008726646259971666819 ) ;
#2278 = CARTESIAN_POINT ( 'NONE',  ( 2.062985225156116709, 13.50000000926207555, -1.176660022041059017 ) ) ;
#2279 = VERTEX_POINT ( 'NONE', #720 ) ;
#2280 = DIRECTION ( 'NONE',  ( 0.000000000000000000, -1.000000000000000000, 9.912705577010325549E-17 ) ) ;
#2281 = CARTESIAN_POINT ( 'NONE',  ( 9.000000000000001776, 14.04799714593751858, -1.100442529077950038 ) ) ;
#2282 = LINE ( 'NONE', #1928, #2618 ) ;
#2283 = CARTESIAN_POINT ( 'NONE',  ( 1.000000000000000888, -17.50000000000000000, -19.49999999999999289 ) ) ;
#2284 = VERTEX_POINT ( 'NONE', #381 ) ;
#2285 = DIRECTION ( 'NONE',  ( 0.000000000000000000, 0.000000000000000000, -1.000000000000000000 ) ) ;
#2286 = EDGE_CURVE ( 'NONE', #1933, #1483, #1517, .T. ) ;
#2287 = ORIENTED_EDGE ( 'NONE', *, *, #3263, .F. ) ;
#2288 = VERTEX_POINT ( 'NONE', #397 ) ;
#2289 = ORIENTED_EDGE ( 'NONE', *, *, #3556, .T. ) ;
#2290 = AXIS2_PLACEMENT_3D ( 'NONE', #2875, #949, #1183 ) ;
#2291 = DIRECTION ( 'NONE',  ( -0.000000000000000000, -0.000000000000000000, 1.000000000000000000 ) ) ;
#2292 = CARTESIAN_POINT ( 'NONE',  ( 3.000000000000000888, 13.50000000000000178, 10.49999999999999822 ) ) ;
#2293 = ADVANCED_FACE ( 'NONE', ( #452 ), #1553, .F. ) ;
#2294 = ORIENTED_EDGE ( 'NONE', *, *, #3125, .F. ) ;
#2295 = AXIS2_PLACEMENT_3D ( 'NONE', #2907, #421, #999 ) ;
#2296 = CARTESIAN_POINT ( 'NONE',  ( 10.00000000000000000, 17.50000000000000000, -17.49999999999999289 ) ) ;
#2297 = DIRECTION ( 'NONE',  ( -0.000000000000000000, 1.000000000000000000, 0.000000000000000000 ) ) ;
#2298 = CARTESIAN_POINT ( 'NONE',  ( 2.420254223710300856, 13.50000000665308519, -1.822796862417740638 ) ) ;
#2299 = ORIENTED_EDGE ( 'NONE', *, *, #988, .F. ) ;
#2300 = CARTESIAN_POINT ( 'NONE',  ( 2.246487926474359131, -13.50000000000000178, 1.585685543676026654 ) ) ;
#2301 = DIRECTION ( 'NONE',  ( 0.000000000000000000, 1.000000000000000000, 0.000000000000000000 ) ) ;
#2302 = ORIENTED_EDGE ( 'NONE', *, *, #3574, .T. ) ;
#2303 = EDGE_CURVE ( 'NONE', #2238, #990, #2041, .T. ) ;
#2304 = DIRECTION ( 'NONE',  ( 0.000000000000000000, 0.000000000000000000, -1.000000000000000000 ) ) ;
#2305 = CARTESIAN_POINT ( 'NONE',  ( 10.00000000000000000, 15.50000000000000000, 19.50000000000000000 ) ) ;
#2306 = ORIENTED_EDGE ( 'NONE', *, *, #1202, .F. ) ;
#2307 = VERTEX_POINT ( 'NONE', #1290 ) ;
#2308 = PRODUCT_RELATED_PRODUCT_CATEGORY ( 'part', '', ( #2861 ) ) ;
#2309 = DIRECTION ( 'NONE',  ( 0.000000000000000000, 1.000000000000000000, 0.000000000000000000 ) ) ;
#2310 = CARTESIAN_POINT ( 'NONE',  ( 5.000000000000000888, -5.500000000000000000, 1.599999999999996314 ) ) ;
#2311 = EDGE_LOOP ( 'NONE', ( #2497, #307, #1424, #1368 ) ) ;
#2312 = VECTOR ( 'NONE', #576, 1000.000000000000000 ) ;
#2313 = DIRECTION ( 'NONE',  ( 0.000000000000000000, 0.000000000000000000, -1.000000000000000000 ) ) ;
#2314 = CIRCLE ( 'NONE', #2703, 2.000000000000000000 ) ;
#2315 = AXIS2_PLACEMENT_3D ( 'NONE', #2723, #261, #2208 ) ;
#2316 = EDGE_LOOP ( 'NONE', ( #512, #2380, #1138, #1021 ) ) ;
#2317 = EDGE_CURVE ( 'NONE', #3383, #1812, #419, .T. ) ;
#2318 = CARTESIAN_POINT ( 'NONE',  ( 10.00000000000000000, -15.50000000000000178, 17.50000000000000000 ) ) ;
#2319 = FACE_OUTER_BOUND ( 'NONE', #1313, .T. ) ;
#2320 = DIRECTION ( 'NONE',  ( -0.000000000000000000, 0.000000000000000000, 1.000000000000000000 ) ) ;
#2321 = CARTESIAN_POINT ( 'NONE',  ( 10.00000000000000000, 15.50000000000000178, -17.49999999999999289 ) ) ;
#2322 = DIRECTION ( 'NONE',  ( 0.000000000000000000, 0.000000000000000000, -1.000000000000000000 ) ) ;
#2323 = EDGE_LOOP ( 'NONE', ( #1349, #1992, #475, #1887 ) ) ;
#2324 = CIRCLE ( 'NONE', #359, 2.000000000000000000 ) ;
#2325 = DIRECTION ( 'NONE',  ( 0.000000000000000000, 0.000000000000000000, 1.000000000000000000 ) ) ;
#2326 = CARTESIAN_POINT ( 'NONE',  ( 5.000000000000000888, -5.500000000000000000, 0.000000000000000000 ) ) ;
#2327 = CARTESIAN_POINT ( 'NONE',  ( 19.50436326774918427, -12.50000000000000000, -16.41705667832700755 ) ) ;
#2328 = ORIENTED_EDGE ( 'NONE', *, *, #314, .T. ) ;
#2329 = DIRECTION ( 'NONE',  ( 0.000000000000000000, 0.000000000000000000, 1.000000000000000000 ) ) ;
#2330 = AXIS2_PLACEMENT_3D ( 'NONE', #630, #2760, #58 ) ;
#2331 = EDGE_CURVE ( 'NONE', #1302, #3401, #3136, .T. ) ;
#2332 = AXIS2_PLACEMENT_3D ( 'NONE', #631, #1968, #3372 ) ;
#2333 = ORIENTED_EDGE ( 'NONE', *, *, #3272, .F. ) ;
#2334 = FACE_OUTER_BOUND ( 'NONE', #3420, .T. ) ;
#2335 = CARTESIAN_POINT ( 'NONE',  ( 9.000000000000001776, -13.76243081159188542, 1.789088907564228448 ) ) ;
#2336 = EDGE_CURVE ( 'NONE', #3058, #2486, #3309, .T. ) ;
#2337 = ORIENTED_EDGE ( 'NONE', *, *, #928, .T. ) ;
#2338 = FACE_OUTER_BOUND ( 'NONE', #3257, .T. ) ;
#2339 = DIRECTION ( 'NONE',  ( 1.000000000000000000, 0.000000000000000000, 0.000000000000000000 ) ) ;
#2340 = VERTEX_POINT ( 'NONE', #958 ) ;
#2341 = LINE ( 'NONE', #2629, #1468 ) ;
#2342 = CARTESIAN_POINT ( 'NONE',  ( 5.000000000000000888, 5.500000000000000000, 5.000000000000000000 ) ) ;
#2343 = CARTESIAN_POINT ( 'NONE',  ( 5.000000000000002665, -9.500000000000001776, 3.175426480542941743 ) ) ;
#2344 = EDGE_LOOP ( 'NONE', ( #377, #535, #1086, #3262, #1558 ) ) ;
#2345 = FACE_OUTER_BOUND ( 'NONE', #3460, .T. ) ;
#2346 = EDGE_CURVE ( 'NONE', #1656, #1982, #895, .T. ) ;
#2347 = FACE_OUTER_BOUND ( 'NONE', #3179, .T. ) ;
#2348 = AXIS2_PLACEMENT_3D ( 'NONE', #731, #3184, #428 ) ;
#2349 = VECTOR ( 'NONE', #3006, 1000.000000000000000 ) ;
#2350 = CARTESIAN_POINT ( 'NONE',  ( 5.000000000000000888, 11.95000000000000284, -1.599999999999996314 ) ) ;
#2351 = EDGE_CURVE ( 'NONE', #2614, #3153, #2064, .T. ) ;
#2352 = ORIENTED_EDGE ( 'NONE', *, *, #2500, .F. ) ;
#2353 = EDGE_CURVE ( 'NONE', #689, #396, #1521, .T. ) ;
#2354 = DIRECTION ( 'NONE',  ( -1.000000000000000000, 0.000000000000000000, 0.000000000000000000 ) ) ;
#2355 = CARTESIAN_POINT ( 'NONE',  ( 5.000000000000000888, 13.50000000000000178, 0.000000000000000000 ) ) ;
#2356 = ADVANCED_BREP_SHAPE_REPRESENTATION ( 'P001-B100_SquareDynamo_Rev2C_3', ( #97, #2460 ), #120 ) ;
#2357 = CARTESIAN_POINT ( 'NONE',  ( 12.00000000000000000, 12.50000000000000000, -18.48262242118995502 ) ) ;
#2358 = DIRECTION ( 'NONE',  ( 0.000000000000000000, 0.000000000000000000, -1.000000000000000000 ) ) ;
#2359 = VERTEX_POINT ( 'NONE', #197 ) ;
#2360 = CARTESIAN_POINT ( 'NONE',  ( 2.246449152724993237, -13.50000000000000178, -1.585663157641393095 ) ) ;
#2361 = EDGE_CURVE ( 'NONE', #689, #3356, #1345, .T. ) ;
#2362 = LINE ( 'NONE', #2396, #618 ) ;
#2363 = ORIENTED_EDGE ( 'NONE', *, *, #111, .T. ) ;
#2364 = CARTESIAN_POINT ( 'NONE',  ( 0.000000000000000000, -9.500000000000001776, 0.000000000000000000 ) ) ;
#2365 = ADVANCED_FACE ( 'NONE', ( #245 ), #213, .F. ) ;
#2366 = DIRECTION ( 'NONE',  ( 1.000000000000000000, -0.000000000000000000, -0.000000000000000000 ) ) ;
#2367 = AXIS2_PLACEMENT_3D ( 'NONE', #2670, #2385, #2415 ) ;
#2368 = CARTESIAN_POINT ( 'NONE',  ( 10.00000000000000000, 12.50000000000000000, 12.49999999999999467 ) ) ;
#2369 = CARTESIAN_POINT ( 'NONE',  ( 7.303248434254403954, -13.50000000000000178, 1.845645377015577404 ) ) ;
#2370 = CIRCLE ( 'NONE', #1049, 2.000000000000000000 ) ;
#2371 = CARTESIAN_POINT ( 'NONE',  ( 7.000000000000000888, -11.50000000000000178, -10.49999999999999289 ) ) ;
#2372 = CARTESIAN_POINT ( 'NONE',  ( 9.000000000000000000, -13.50000000000000178, -2.020725942163692057 ) ) ;
#2373 = AXIS2_PLACEMENT_3D ( 'NONE', #1641, #1661, #789 ) ;
#2374 = EDGE_CURVE ( 'NONE', #291, #1770, #1623, .T. ) ;
#2375 = ORIENTED_EDGE ( 'NONE', *, *, #1355, .F. ) ;
#2376 = VECTOR ( 'NONE', #2239, 1000.000000000000000 ) ;
#2377 = CIRCLE ( 'NONE', #1010, 1.599999999999996314 ) ;
#2378 = CARTESIAN_POINT ( 'NONE',  ( 0.9999999999998470113, -13.62293663087014117, -1.949748410265927490 ) ) ;
#2379 = FACE_OUTER_BOUND ( 'NONE', #620, .T. ) ;
#2380 = ORIENTED_EDGE ( 'NONE', *, *, #1137, .T. ) ;
#2381 = ADVANCED_FACE ( 'NONE', ( #2402 ), #1464, .T. ) ;
#2382 = EDGE_CURVE ( 'NONE', #1939, #6, #3502, .T. ) ;
#2383 = DIRECTION ( 'NONE',  ( 0.000000000000000000, 0.000000000000000000, -1.000000000000000000 ) ) ;
#2384 = ORIENTED_EDGE ( 'NONE', *, *, #3272, .T. ) ;
#2385 = DIRECTION ( 'NONE',  ( 1.000000000000000000, 0.000000000000000000, 0.000000000000000000 ) ) ;
#2386 = CYLINDRICAL_SURFACE ( 'NONE', #2097, 2.000000000000001776 ) ;
#2387 = CARTESIAN_POINT ( 'NONE',  ( 9.000000000000001776, -13.49999999999999822, 2.020725942163690281 ) ) ;
#2388 = AXIS2_PLACEMENT_3D ( 'NONE', #2227, #1911, #262 ) ;
#2389 = CARTESIAN_POINT ( 'NONE',  ( 5.000000000000000888, 5.500000000000000000, 0.000000000000000000 ) ) ;
#2390 = CIRCLE ( 'NONE', #3030, 5.000000000000000000 ) ;
#2391 = DIRECTION ( 'NONE',  ( 0.000000000000000000, 0.000000000000000000, -1.000000000000000000 ) ) ;
#2392 = VERTEX_POINT ( 'NONE', #2698 ) ;
#2393 = DIRECTION ( 'NONE',  ( -1.000000000000000000, -0.000000000000000000, -0.000000000000000000 ) ) ;
#2394 = LINE ( 'NONE', #775, #3379 ) ;
#2395 = EDGE_CURVE ( 'NONE', #1498, #2909, #363, .T. ) ;
#2396 = CARTESIAN_POINT ( 'NONE',  ( 1.000000000000000888, -15.50000000000000178, 10.49999999999999822 ) ) ;
#2397 = ORIENTED_EDGE ( 'NONE', *, *, #1473, .T. ) ;
#2398 = LINE ( 'NONE', #1878, #1916 ) ;
#2399 = ORIENTED_EDGE ( 'NONE', *, *, #2635, .T. ) ;
#2400 = CARTESIAN_POINT ( 'NONE',  ( 0.000000000000000000, -5.500000000000000000, 9.500000000000000000 ) ) ;
#2401 = AXIS2_PLACEMENT_3D ( 'NONE', #1682, #2285, #925 ) ;
#2402 = FACE_OUTER_BOUND ( 'NONE', #3564, .T. ) ;
#2403 = ADVANCED_FACE ( 'NONE', ( #1571 ), #1422, .T. ) ;
#2404 = CARTESIAN_POINT ( 'NONE',  ( 1.000000000000000666, 13.59761562648324862, 2.353396107589118547 ) ) ;
#2405 = VECTOR ( 'NONE', #322, 1000.000000000000000 ) ;
#2406 = LINE ( 'NONE', #3519, #2845 ) ;
#2407 = DIRECTION ( 'NONE',  ( 0.000000000000000000, 0.000000000000000000, -1.000000000000000000 ) ) ;
#2408 = ORIENTED_EDGE ( 'NONE', *, *, #2158, .F. ) ;
#2409 = LINE ( 'NONE', #3198, #2835 ) ;
#2410 = DIRECTION ( 'NONE',  ( 0.000000000000000000, 0.000000000000000000, -1.000000000000000000 ) ) ;
#2411 = EDGE_LOOP ( 'NONE', ( #402, #3342, #2802, #1469, #3215 ) ) ;
#2412 = CARTESIAN_POINT ( 'NONE',  ( 19.50000000000000000, 12.50000000000000000, 14.49999999999999645 ) ) ;
#2413 = EDGE_LOOP ( 'NONE', ( #3428, #2830, #388, #141 ) ) ;
#2414 = CARTESIAN_POINT ( 'NONE',  ( 9.000000000000001776, -15.50000000000000178, -17.49999999999999645 ) ) ;
#2415 = DIRECTION ( 'NONE',  ( 0.000000000000000000, 0.000000000000000000, -1.000000000000000000 ) ) ;
#2416 = DIRECTION ( 'NONE',  ( -0.000000000000000000, 1.000000000000000000, -0.000000000000000000 ) ) ;
#2417 = CARTESIAN_POINT ( 'NONE',  ( 2.790102007409367868, 13.50000000232717490, 2.251345767528781128 ) ) ;
#2418 = AXIS2_PLACEMENT_3D ( 'NONE', #3449, #1026, #993 ) ;
#2419 = DIRECTION ( 'NONE',  ( -1.000000000000000000, -0.000000000000000000, -0.000000000000000000 ) ) ;
#2420 = DIRECTION ( 'NONE',  ( -0.9999619230641713097, 0.000000000000000000, -0.008726535498373953759 ) ) ;
#2421 = CIRCLE ( 'NONE', #1227, 2.000000000000000000 ) ;
#2422 = EDGE_LOOP ( 'NONE', ( #3559, #1945, #467, #1972 ) ) ;
#2423 = VECTOR ( 'NONE', #2140, 1000.000000000000000 ) ;
#2424 = CARTESIAN_POINT ( 'NONE',  ( 9.000000000000001776, -15.35404962177388555, -1.154700538379030750 ) ) ;
#2425 = CARTESIAN_POINT ( 'NONE',  ( 1.000000000000000666, 15.24062107592540904, 0.8310722227815628971 ) ) ;
#2426 = ORIENTED_EDGE ( 'NONE', *, *, #1465, .F. ) ;
#2427 = CARTESIAN_POINT ( 'NONE',  ( 5.000000000000002665, -13.50000000000000178, 3.175426480542941743 ) ) ;
#2428 = ORIENTED_EDGE ( 'NONE', *, *, #3216, .T. ) ;
#2429 = VECTOR ( 'NONE', #1574, 1000.000000000000000 ) ;
#2430 = DIRECTION ( 'NONE',  ( 0.000000000000000000, 0.000000000000000000, -1.000000000000000000 ) ) ;
#2431 = CARTESIAN_POINT ( 'NONE',  ( 11.98254692900324514, 12.50000000000000000, -16.48269857506160818 ) ) ;
#2432 = EDGE_CURVE ( 'NONE', #2164, #3054, #1963, .T. ) ;
#2433 = DIRECTION ( 'NONE',  ( 0.000000000000000000, 0.000000000000000000, -1.000000000000000000 ) ) ;
#2434 = DIRECTION ( 'NONE',  ( 0.000000000000000000, 0.000000000000000000, -1.000000000000000000 ) ) ;
#2435 = CARTESIAN_POINT ( 'NONE',  ( 9.000000000000179412, 13.91706197212881513, -1.754563613895015362 ) ) ;
#2436 = ORIENTED_EDGE ( 'NONE', *, *, #3522, .T. ) ;
#2437 = AXIS2_PLACEMENT_3D ( 'NONE', #1228, #2446, #3043 ) ;
#2438 = DIRECTION ( 'NONE',  ( 0.000000000000000000, -1.000000000000000000, -2.168404344971008868E-16 ) ) ;
#2439 = CARTESIAN_POINT ( 'NONE',  ( 7.000000000000000888, -13.50000000000000178, -2.020725942163692057 ) ) ;
#2440 = EDGE_LOOP ( 'NONE', ( #1696, #1488, #458, #2586 ) ) ;
#2441 = DIRECTION ( 'NONE',  ( 0.000000000000000000, 0.000000000000000000, -1.000000000000000000 ) ) ;
#2442 = VERTEX_POINT ( 'NONE', #2431 ) ;
#2443 = EDGE_CURVE ( 'NONE', #3034, #380, #317, .T. ) ;
#2444 = DIRECTION ( 'NONE',  ( 0.000000000000000000, 0.000000000000000000, 1.000000000000000000 ) ) ;
#2445 = CARTESIAN_POINT ( 'NONE',  ( 10.00000000000000000, 12.50000000000000000, -14.49999999999999645 ) ) ;
#2446 = DIRECTION ( 'NONE',  ( 1.000000000000000000, 0.000000000000000000, 0.000000000000000000 ) ) ;
#2447 = EDGE_CURVE ( 'NONE', #2392, #284, #750, .T. ) ;
#2448 = EDGE_CURVE ( 'NONE', #3265, #2230, #2772, .T. ) ;
#2449 = CARTESIAN_POINT ( 'NONE',  ( 5.000000000000000888, 13.50000000000000178, 0.000000000000000000 ) ) ;
#2450 = CIRCLE ( 'NONE', #1257, 2.000000000000000000 ) ;
#2451 = AXIS2_PLACEMENT_3D ( 'NONE', #3472, #1265, #2391 ) ;
#2452 = EDGE_LOOP ( 'NONE', ( #1510, #3096, #2436, #413, #1284, #874 ) ) ;
#2453 = CARTESIAN_POINT ( 'NONE',  ( 9.000000000000003553, 15.48031530726646210, 2.016839590670747473 ) ) ;
#2454 = LINE ( 'NONE', #3316, #2165 ) ;
#2455 = ORIENTED_EDGE ( 'NONE', *, *, #1909, .T. ) ;
#2456 = VERTEX_POINT ( 'NONE', #3236 ) ;
#2457 = ADVANCED_FACE ( 'NONE', ( #3000 ), #3470, .F. ) ;
#2458 = CARTESIAN_POINT ( 'NONE',  ( 1.000000000000000888, -15.50000000000000178, -17.49999999999999645 ) ) ;
#2459 = VERTEX_POINT ( 'NONE', #1847 ) ;
#2460 = AXIS2_PLACEMENT_3D ( 'NONE', #3482, #1024, #663 ) ;
#2461 = DIRECTION ( 'NONE',  ( -0.000000000000000000, -1.000000000000000000, -0.000000000000000000 ) ) ;
#2462 = DIRECTION ( 'NONE',  ( 0.000000000000000000, 1.000000000000000000, -1.224646799147353207E-16 ) ) ;
#2463 = B_SPLINE_CURVE_WITH_KNOTS ( 'NONE', 3,
 ( #1065, #2473, #1889, #848 ),
 .UNSPECIFIED., .F., .F.,
 ( 4, 4 ),
 ( 0.000000000000000000, 0.0008778992349003829094 ),
 .UNSPECIFIED. ) ;
#2464 = EDGE_CURVE ( 'NONE', #95, #2509, #2968, .T. ) ;
#2465 = ORIENTED_EDGE ( 'NONE', *, *, #1539, .T. ) ;
#2466 = CARTESIAN_POINT ( 'NONE',  ( 3.000000000000000888, -15.50000000000000178, 10.49999999999999822 ) ) ;
#2467 = DIRECTION ( 'NONE',  ( -0.000000000000000000, 0.000000000000000000, 1.000000000000000000 ) ) ;
#2468 = CIRCLE ( 'NONE', #1224, 0.5000000000000004441 ) ;
#2469 = ORIENTED_EDGE ( 'NONE', *, *, #2900, .T. ) ;
#2470 = DIRECTION ( 'NONE',  ( 0.000000000000000000, 0.000000000000000000, 1.000000000000000000 ) ) ;
#2471 = CARTESIAN_POINT ( 'NONE',  ( 9.000000000000001776, 15.15648860074966287, 0.3847637400226721072 ) ) ;
#2472 = SURFACE_STYLE_USAGE ( .BOTH. , #1375 ) ;
#2473 = CARTESIAN_POINT ( 'NONE',  ( 9.000000000000001776, -15.50000000000000178, 1.722455817479387807 ) ) ;
#2474 = AXIS2_PLACEMENT_3D ( 'NONE', #1199, #2795, #1688 ) ;
#2475 = EDGE_CURVE ( 'NONE', #1081, #2708, #1585, .T. ) ;
#2476 = ORIENTED_EDGE ( 'NONE', *, *, #1569, .T. ) ;
#2477 = VERTEX_POINT ( 'NONE', #1054 ) ;
#2478 = CIRCLE ( 'NONE', #3064, 1.917056678327009545 ) ;
#2479 = CARTESIAN_POINT ( 'NONE',  ( 20.00000000000000000, -12.50000000000000000, -14.49999999999999645 ) ) ;
#2480 = EDGE_LOOP ( 'NONE', ( #349, #1596, #2076, #1430 ) ) ;
#2481 = AXIS2_PLACEMENT_3D ( 'NONE', #3010, #1374, #1079 ) ;
#2482 = EDGE_LOOP ( 'NONE', ( #2777, #1326, #2030, #2176 ) ) ;
#2483 = ADVANCED_FACE ( 'NONE', ( #3090 ), #1057, .F. ) ;
#2484 = DIRECTION ( 'NONE',  ( 1.000000000000000000, 0.000000000000000000, 0.000000000000000000 ) ) ;
#2485 = DIRECTION ( 'NONE',  ( 0.8660254037844385966, 0.000000000000000000, -0.5000000000000000000 ) ) ;
#2486 = VERTEX_POINT ( 'NONE', #2013 ) ;
#2487 = AXIS2_PLACEMENT_3D ( 'NONE', #3177, #1015, #701 ) ;
#2488 = CARTESIAN_POINT ( 'NONE',  ( 10.00000000000000000, -7.500000000000000000, 9.500000000000000000 ) ) ;
#2489 = FACE_BOUND ( 'NONE', #793, .T. ) ;
#2490 = CIRCLE ( 'NONE', #2556, 2.000000000000000000 ) ;
#2491 = CARTESIAN_POINT ( 'NONE',  ( 10.00000000000000000, 5.500000000000001776, -7.499999999999996447 ) ) ;
#2492 = DIRECTION ( 'NONE',  ( -0.000000000000000000, 1.000000000000000000, -0.000000000000000000 ) ) ;
#2493 = DIRECTION ( 'NONE',  ( -1.000000000000000000, -0.000000000000000000, -0.000000000000000000 ) ) ;
#2494 = VERTEX_POINT ( 'NONE', #3148 ) ;
#2495 = AXIS2_PLACEMENT_3D ( 'NONE', #1527, #985, #2872 ) ;
#2496 = CARTESIAN_POINT ( 'NONE',  ( 1.000000000000000888, 15.48031530726646032, -2.016839590670747473 ) ) ;
#2497 = ORIENTED_EDGE ( 'NONE', *, *, #1390, .T. ) ;
#2498 = TOROIDAL_SURFACE ( 'NONE', #1918, 4.000000000000000000, 2.000000000000000000 ) ;
#2499 = DIRECTION ( 'NONE',  ( -0.000000000000000000, -1.000000000000000000, -0.000000000000000000 ) ) ;
#2500 = EDGE_CURVE ( 'NONE', #2545, #2726, #1238, .T. ) ;
#2501 = DIRECTION ( 'NONE',  ( -1.000000000000000000, -0.000000000000000000, -0.000000000000000000 ) ) ;
#2502 = CARTESIAN_POINT ( 'NONE',  ( 10.00000000000000000, 15.50000000000000178, -17.49999999999999289 ) ) ;
#2503 = DIRECTION ( 'NONE',  ( 0.000000000000000000, 0.000000000000000000, -1.000000000000000000 ) ) ;
#2504 = DIRECTION ( 'NONE',  ( 0.000000000000000000, 1.000000000000000000, -9.912705577010325549E-17 ) ) ;
#2505 = VERTEX_POINT ( 'NONE', #3415 ) ;
#2506 = EDGE_CURVE ( 'NONE', #6, #2494, #1782, .T. ) ;
#2507 = CARTESIAN_POINT ( 'NONE',  ( 3.000000000000000888, -13.50000000000000178, -10.49999999999999112 ) ) ;
#2508 = DIRECTION ( 'NONE',  ( 1.000000000000000000, 0.000000000000000000, 0.000000000000000000 ) ) ;
#2509 = VERTEX_POINT ( 'NONE', #1200 ) ;
#2510 = DIRECTION ( 'NONE',  ( 0.5000000000000003331, -0.000000000000000000, 0.8660254037844385966 ) ) ;
#2511 = CARTESIAN_POINT ( 'NONE',  ( 9.000000000000000000, 14.02091472115884407, 1.301268849755183421 ) ) ;
#2512 = CYLINDRICAL_SURFACE ( 'NONE', #2330, 2.000000000000000000 ) ;
#2513 = FACE_OUTER_BOUND ( 'NONE', #2480, .T. ) ;
#2514 = DIRECTION ( 'NONE',  ( 1.000000000000000000, 0.000000000000000000, 0.000000000000000000 ) ) ;
#2515 = LINE ( 'NONE', #3084, #424 ) ;
#2516 = DIRECTION ( 'NONE',  ( -1.000000000000000000, 0.000000000000000000, 0.000000000000000000 ) ) ;
#2517 = AXIS2_PLACEMENT_3D ( 'NONE', #1759, #1415, #2029 ) ;
#2518 = ORIENTED_EDGE ( 'NONE', *, *, #1008, .F. ) ;
#2519 = EDGE_CURVE ( 'NONE', #3401, #3523, #109, .T. ) ;
#2520 = ORIENTED_EDGE ( 'NONE', *, *, #1737, .F. ) ;
#2521 = CARTESIAN_POINT ( 'NONE',  ( 20.00000000000000000, -12.50000000000000000, 13.08292428320507383 ) ) ;
#2522 = CARTESIAN_POINT ( 'NONE',  ( 8.854115975606061895, -14.57884945400969734, 1.298133876117819607 ) ) ;
#2523 = ORIENTED_EDGE ( 'NONE', *, *, #2464, .F. ) ;
#2524 = LINE ( 'NONE', #1711, #401 ) ;
#2525 = LINE ( 'NONE', #641, #3150 ) ;
#2526 = CARTESIAN_POINT ( 'NONE',  ( 1.000000000000000888, 13.50000000000000178, -2.433618704727591453 ) ) ;
#2527 = VERTEX_POINT ( 'NONE', #2561 ) ;
#2528 = DIRECTION ( 'NONE',  ( -1.000000000000000000, -0.000000000000000000, -0.000000000000000000 ) ) ;
#2529 = CARTESIAN_POINT ( 'NONE',  ( 8.089949421518356942, 13.49999999127586925, -0.6756359630566133312 ) ) ;
#2530 = VERTEX_POINT ( 'NONE', #2310 ) ;
#2531 = CARTESIAN_POINT ( 'NONE',  ( 10.00000000000000000, -12.50000000000000000, -14.49999999999999645 ) ) ;
#2532 = CARTESIAN_POINT ( 'NONE',  ( 10.00000000000000000, -7.500000000000000000, -9.499999999999996447 ) ) ;
#2533 = FILL_AREA_STYLE_COLOUR ( '', #2213 ) ;
#2534 = CYLINDRICAL_SURFACE ( 'NONE', #3160, 2.000000000000000000 ) ;
#2535 = ORIENTED_EDGE ( 'NONE', *, *, #1566, .T. ) ;
#2536 = ORIENTED_EDGE ( 'NONE', *, *, #3345, .F. ) ;
#2537 = AXIS2_PLACEMENT_3D ( 'NONE', #2936, #451, #1272 ) ;
#2538 = CYLINDRICAL_SURFACE ( 'NONE', #819, 2.000000000000001776 ) ;
#2539 = PLANE ( 'NONE',  #2290 ) ;
#2540 = ORIENTED_EDGE ( 'NONE', *, *, #2947, .F. ) ;
#2541 = VECTOR ( 'NONE', #2231, 1000.000000000000000 ) ;
#2542 = CARTESIAN_POINT ( 'NONE',  ( 2.064241470802802958, -13.57514302490167601, 1.556987414448777418 ) ) ;
#2543 = VECTOR ( 'NONE', #2612, 1000.000000000000000 ) ;
#2544 = DIRECTION ( 'NONE',  ( -0.000000000000000000, -1.000000000000000000, -0.000000000000000000 ) ) ;
#2545 = VERTEX_POINT ( 'NONE', #1977 ) ;
#2546 = EDGE_CURVE ( 'NONE', #3358, #1531, #3391, .T. ) ;
#2547 = LINE ( 'NONE', #1983, #2714 ) ;
#2548 = CARTESIAN_POINT ( 'NONE',  ( 7.579745776289539272, 13.50000000665303723, 1.822796862417795927 ) ) ;
#2549 = VECTOR ( 'NONE', #1249, 1000.000000000000000 ) ;
#2550 = ORIENTED_EDGE ( 'NONE', *, *, #1895, .T. ) ;
#2551 = CLOSED_SHELL ( 'NONE', ( #2246, #3041, #2858, #255, #1091, #1714, #2137, #2655, #246, #2381, #3453, #1445, #1169, #1973, #2483, #2979, #922, #1535, #2186, #3254, #1207, #2039, #3283, #2259, #1753, #92, #2365, #209, #3305, #3200, #379, #858, #2112, #2568, #1866, #2905, #3423, #3323, #2960, #1549, #3134, #723, #1378, #144, #2173, #2887, #954, #2293, #1966, #2757, #1084, #1455, #1638, #407, #1856, #2596, #3154, #2253, #1019, #622, #2072, #787, #50, #2201, #658, #1827, #286, #2771, #320, #585, #3167, #1581, #3384, #185, #3534, #2090, #2101, #3018, #992, #2610, #453, #3069, #3277, #3204, #1757, #685, #3131, #717, #975, #445, #301, #1462, #1892, #1732, #1987, #11, #2403, #514, #2084, #482, #823, #1914, #1718, #64, #2923, #1352, #2910, #3332, #2015, #3563, #662, #980, #472, #2457, #2673 ) ) ;
#2552 = DIRECTION ( 'NONE',  ( 0.000000000000000000, 0.000000000000000000, 1.000000000000000000 ) ) ;
#2553 = EDGE_CURVE ( 'NONE', #2732, #1713, #2868, .T. ) ;
#2554 = DIRECTION ( 'NONE',  ( 0.000000000000000000, 0.000000000000000000, 1.000000000000000000 ) ) ;
#2555 = CARTESIAN_POINT ( 'NONE',  ( 5.000000000000000888, 13.50000000000000178, 0.000000000000000000 ) ) ;
#2556 = AXIS2_PLACEMENT_3D ( 'NONE', #2882, #2862, #1802 ) ;
#2557 = ORIENTED_EDGE ( 'NONE', *, *, #3125, .T. ) ;
#2558 = ORIENTED_EDGE ( 'NONE', *, *, #1426, .F. ) ;
#2559 = CARTESIAN_POINT ( 'NONE',  ( 7.750000000000001776, -13.50000000000000178, -1.587713240271472648 ) ) ;
#2560 = ORIENTED_EDGE ( 'NONE', *, *, #34, .T. ) ;
#2561 = CARTESIAN_POINT ( 'NONE',  ( 1.000000000000000888, -15.50000000000000178, 8.499999999999998224 ) ) ;
#2562 = ORIENTED_EDGE ( 'NONE', *, *, #204, .F. ) ;
#2563 = AXIS2_PLACEMENT_3D ( 'NONE', #1989, #591, #3102 ) ;
#2564 = FACE_OUTER_BOUND ( 'NONE', #773, .T. ) ;
#2565 = EDGE_CURVE ( 'NONE', #2494, #582, #3161, .T. ) ;
#2566 = CIRCLE ( 'NONE', #2722, 2.000000000000000000 ) ;
#2567 = EDGE_CURVE ( 'NONE', #2696, #755, #3217, .T. ) ;
#2568 = ADVANCED_FACE ( 'NONE', ( #1441 ), #2539, .F. ) ;
#2569 = EDGE_LOOP ( 'NONE', ( #1728, #511 ) ) ;
#2570 = PLANE ( 'NONE',  #722 ) ;
#2571 = CARTESIAN_POINT ( 'NONE',  ( 9.000000000000001776, 15.37216949935986676, 1.403650483261233317 ) ) ;
#2572 = EDGE_CURVE ( 'NONE', #66, #3265, #3326, .T. ) ;
#2573 = DIRECTION ( 'NONE',  ( -1.000000000000000000, 0.000000000000000000, -0.000000000000000000 ) ) ;
#2574 = CARTESIAN_POINT ( 'NONE',  ( 10.00000000000000000, -7.500000000000000000, 9.500000000000000000 ) ) ;
#2575 = VERTEX_POINT ( 'NONE', #2327 ) ;
#2576 = APPLICATION_CONTEXT ( 'automotive_design' ) ;
#2577 = CARTESIAN_POINT ( 'NONE',  ( 19.50436326774918427, 12.50000000000000000, 16.41705667832700755 ) ) ;
#2578 = ORIENTED_EDGE ( 'NONE', *, *, #2682, .F. ) ;
#2579 = LINE ( 'NONE', #1217, #1751 ) ;
#2580 = DIRECTION ( 'NONE',  ( 0.000000000000000000, 0.000000000000000000, -1.000000000000000000 ) ) ;
#2581 = DIRECTION ( 'NONE',  ( 0.000000000000000000, 0.000000000000000000, -1.000000000000000000 ) ) ;
#2582 = ORIENTED_EDGE ( 'NONE', *, *, #734, .T. ) ;
#2583 = EDGE_CURVE ( 'NONE', #66, #3017, #2116, .T. ) ;
#2584 = DIRECTION ( 'NONE',  ( -1.000000000000000000, 0.000000000000000000, 0.000000000000000000 ) ) ;
#2585 = ORIENTED_EDGE ( 'NONE', *, *, #3522, .F. ) ;
#2586 = ORIENTED_EDGE ( 'NONE', *, *, #2256, .F. ) ;
#2587 = DIRECTION ( 'NONE',  ( -1.000000000000000000, 0.000000000000000000, 0.000000000000000000 ) ) ;
#2588 = CARTESIAN_POINT ( 'NONE',  ( 9.000000000000001776, 13.69580610274848098, 2.231869944486907453 ) ) ;
#2589 = ORIENTED_EDGE ( 'NONE', *, *, #536, .T. ) ;
#2590 = LINE ( 'NONE', #399, #290 ) ;
#2591 = LINE ( 'NONE', #965, #1312 ) ;
#2592 = CIRCLE ( 'NONE', #3056, 3.982622421189957684 ) ;
#2593 = VERTEX_POINT ( 'NONE', #391 ) ;
#2594 = FACE_OUTER_BOUND ( 'NONE', #1392, .T. ) ;
#2595 = DIRECTION ( 'NONE',  ( 0.000000000000000000, 0.000000000000000000, 1.000000000000000000 ) ) ;
#2596 = ADVANCED_FACE ( 'NONE', ( #3129 ), #2252, .F. ) ;
#2597 = DIRECTION ( 'NONE',  ( 1.000000000000000000, 0.000000000000000000, 0.000000000000000000 ) ) ;
#2598 = VERTEX_POINT ( 'NONE', #3111 ) ;
#2599 = TOROIDAL_SURFACE ( 'NONE', #1047, 3.982622421189957684, 2.000000000000000000 ) ;
#2600 = FACE_OUTER_BOUND ( 'NONE', #414, .T. ) ;
#2601 = APPLICATION_PROTOCOL_DEFINITION ( 'draft international standard', 'automotive_design', 1998, #2576 ) ;
#2602 = AXIS2_PLACEMENT_3D ( 'NONE', #2874, #2813, #2595 ) ;
#2603 = AXIS2_PLACEMENT_3D ( 'NONE', #808, #3558, #1113 ) ;
#2604 = ORIENTED_EDGE ( 'NONE', *, *, #117, .T. ) ;
#2605 = DIRECTION ( 'NONE',  ( -1.000000000000000000, 0.000000000000000000, -0.000000000000000000 ) ) ;
#2606 = CARTESIAN_POINT ( 'NONE',  ( 19.50000000000000000, -12.50000000000000000, -14.49999999999999645 ) ) ;
#2607 = CARTESIAN_POINT ( 'NONE',  ( 10.00000000000000000, -17.50000000000000000, -17.49999999999999289 ) ) ;
#2608 = CARTESIAN_POINT ( 'NONE',  ( 19.50000000000000000, -12.50000000000000000, 15.91707571679492084 ) ) ;
#2609 = AXIS2_PLACEMENT_3D ( 'NONE', #1059, #1076, #3290 ) ;
#2610 = ADVANCED_FACE ( 'NONE', ( #2038 ), #636, .F. ) ;
#2611 = EDGE_LOOP ( 'NONE', ( #1704, #1204, #842, #1108 ) ) ;
#2612 = DIRECTION ( 'NONE',  ( -0.000000000000000000, -0.000000000000000000, 1.000000000000000000 ) ) ;
#2613 = CARTESIAN_POINT ( 'NONE',  ( 1.000000000000000888, -17.50000000000000000, 19.50000000000000000 ) ) ;
#2614 = VERTEX_POINT ( 'NONE', #1220 ) ;
#2615 = EDGE_CURVE ( 'NONE', #852, #2138, #33, .T. ) ;
#2616 = CARTESIAN_POINT ( 'NONE',  ( 1.000000000000000888, -15.50000000000000178, -19.49999999999999289 ) ) ;
#2617 = EDGE_CURVE ( 'NONE', #106, #1982, #2808, .T. ) ;
#2618 = VECTOR ( 'NONE', #3100, 1000.000000000000227 ) ;
#2619 = FACE_OUTER_BOUND ( 'NONE', #1168, .T. ) ;
#2620 = ORIENTED_EDGE ( 'NONE', *, *, #3513, .F. ) ;
#2621 = DIRECTION ( 'NONE',  ( 0.000000000000000000, 0.000000000000000000, -1.000000000000000000 ) ) ;
#2622 = CARTESIAN_POINT ( 'NONE',  ( 7.752948880317676483, -13.50000000000000178, 1.586010703426250945 ) ) ;
#2623 = EDGE_CURVE ( 'NONE', #3474, #1472, #1590, .T. ) ;
#2624 = EDGE_CURVE ( 'NONE', #2708, #2530, #1365, .T. ) ;
#2625 = DIRECTION ( 'NONE',  ( -1.000000000000000000, 0.000000000000000000, 0.000000000000000000 ) ) ;
#2626 = CARTESIAN_POINT ( 'NONE',  ( 9.000000000000001776, -15.42899147502336454, -1.326048952472526299 ) ) ;
#2627 = CIRCLE ( 'NONE', #2348, 2.000000000000001776 ) ;
#2628 = EDGE_LOOP ( 'NONE', ( #2225, #1842, #1801, #637 ) ) ;
#2629 = CARTESIAN_POINT ( 'NONE',  ( 7.000000000000000888, -13.50000000000000178, 10.49999999999999822 ) ) ;
#2630 = CARTESIAN_POINT ( 'NONE',  ( 7.750000000000001776, -13.50000000000000178, 1.587713240271470427 ) ) ;
#2631 = EDGE_CURVE ( 'NONE', #962, #1256, #2627, .T. ) ;
#2632 = ORIENTED_EDGE ( 'NONE', *, *, #1465, .T. ) ;
#2633 = AXIS2_PLACEMENT_3D ( 'NONE', #2814, #1513, #46 ) ;
#2634 = CARTESIAN_POINT ( 'NONE',  ( 7.000000000000000888, -13.50000000000000178, -8.499999999999992895 ) ) ;
#2635 = EDGE_CURVE ( 'NONE', #3294, #2527, #2362, .T. ) ;
#2636 = CIRCLE ( 'NONE', #3328, 2.000000000000000000 ) ;
#2637 = VECTOR ( 'NONE', #2420, 1000.000000000000000 ) ;
#2638 = LINE ( 'NONE', #3516, #462 ) ;
#2639 = ORIENTED_EDGE ( 'NONE', *, *, #1305, .F. ) ;
#2640 = LINE ( 'NONE', #3193, #1899 ) ;
#2641 = EDGE_CURVE ( 'NONE', #2966, #3557, #1841, .T. ) ;
#2642 = LINE ( 'NONE', #959, #856 ) ;
#2643 = CIRCLE ( 'NONE', #3555, 3.982622421189957684 ) ;
#2644 = CARTESIAN_POINT ( 'NONE',  ( 3.000000000000000888, -11.50000000000000178, 8.499999999999998224 ) ) ;
#2645 = FACE_OUTER_BOUND ( 'NONE', #1519, .T. ) ;
#2646 = ORIENTED_EDGE ( 'NONE', *, *, #2448, .T. ) ;
#2647 = DIRECTION ( 'NONE',  ( 0.000000000000000000, 0.000000000000000000, -1.000000000000000000 ) ) ;
#2648 = ORIENTED_EDGE ( 'NONE', *, *, #267, .T. ) ;
#2649 = FACE_OUTER_BOUND ( 'NONE', #983, .T. ) ;
#2650 = ORIENTED_EDGE ( 'NONE', *, *, #2044, .T. ) ;
#2651 = LINE ( 'NONE', #1321, #142 ) ;
#2652 = TOROIDAL_SURFACE ( 'NONE', #2537, 4.000000000000000000, 2.000000000000000000 ) ;
#2653 = CYLINDRICAL_SURFACE ( 'NONE', #957, 1.599999999999994316 ) ;
#2654 = CARTESIAN_POINT ( 'NONE',  ( 7.750000000000001776, -9.500000000000001776, 1.587713240271470427 ) ) ;
#2655 = ADVANCED_FACE ( 'NONE', ( #1530 ), #684, .T. ) ;
#2656 = CARTESIAN_POINT ( 'NONE',  ( 7.000000000000000888, 0.000000000000000000, 12.49999999999999822 ) ) ;
#2657 = DIRECTION ( 'NONE',  ( 0.000000000000000000, 0.000000000000000000, 1.000000000000000000 ) ) ;
#2658 = LINE ( 'NONE', #1043, #3107 ) ;
#2659 = AXIS2_PLACEMENT_3D ( 'NONE', #3508, #3524, #826 ) ;
#2660 = ORIENTED_EDGE ( 'NONE', *, *, #3353, .F. ) ;
#2661 = EDGE_CURVE ( 'NONE', #463, #1953, #1005, .T. ) ;
#2662 = CARTESIAN_POINT ( 'NONE',  ( 1.000000000000285105, -13.88808374234880816, -1.369120005816163443 ) ) ;
#2663 = CARTESIAN_POINT ( 'NONE',  ( 5.000000000000000888, -5.500000000000000000, 0.000000000000000000 ) ) ;
#2664 = VERTEX_POINT ( 'NONE', #2141 ) ;
#2665 = AXIS2_PLACEMENT_3D ( 'NONE', #2837, #623, #76 ) ;
#2666 = AXIS2_PLACEMENT_3D ( 'NONE', #2466, #3255, #2170 ) ;
#2667 = DIRECTION ( 'NONE',  ( 0.000000000000000000, 0.000000000000000000, -1.000000000000000000 ) ) ;
#2668 = CARTESIAN_POINT ( 'NONE',  ( 1.000000000000000888, -15.45178797152716577, -1.433694279364171598 ) ) ;
#2669 = ORIENTED_EDGE ( 'NONE', *, *, #1202, .T. ) ;
#2670 = CARTESIAN_POINT ( 'NONE',  ( 19.50000000000000000, 12.50000000000000000, 14.49999999999999645 ) ) ;
#2671 = DIRECTION ( 'NONE',  ( 1.000000000000000000, 0.000000000000000000, 0.000000000000000000 ) ) ;
#2672 = DIRECTION ( 'NONE',  ( 0.000000000000000000, 1.000000000000000000, 0.000000000000000000 ) ) ;
#2673 = ADVANCED_FACE ( 'NONE', ( #1269 ), #2061, .F. ) ;
#2674 = CIRCLE ( 'NONE', #2495, 0.5000000000000004441 ) ;
#2675 = DIRECTION ( 'NONE',  ( 0.000000000000000000, 0.000000000000000000, 1.000000000000000000 ) ) ;
#2676 = CARTESIAN_POINT ( 'NONE',  ( 7.000000000000000888, -13.50000000000000178, -2.020725942163692057 ) ) ;
#2677 = ORIENTED_EDGE ( 'NONE', *, *, #3172, .T. ) ;
#2678 = LINE ( 'NONE', #3166, #1172 ) ;
#2679 = ORIENTED_EDGE ( 'NONE', *, *, #331, .F. ) ;
#2680 = CARTESIAN_POINT ( 'NONE',  ( 1.000000000000000888, -11.50000000000000178, -12.49999999999999289 ) ) ;
#2681 = ORIENTED_EDGE ( 'NONE', *, *, #3300, .F. ) ;
#2682 = EDGE_CURVE ( 'NONE', #741, #396, #2636, .T. ) ;
#2683 = FACE_OUTER_BOUND ( 'NONE', #2311, .T. ) ;
#2684 = VECTOR ( 'NONE', #140, 1000.000000000000000 ) ;
#2685 = CARTESIAN_POINT ( 'NONE',  ( 5.000000000000000888, 13.50000000000000178, -1.599999999999994316 ) ) ;
#2686 = CARTESIAN_POINT ( 'NONE',  ( 5.000000000000000888, 13.50000000000000178, 0.000000000000000000 ) ) ;
#2687 = DIRECTION ( 'NONE',  ( 1.000000000000000000, 0.000000000000000000, 0.000000000000000000 ) ) ;
#2688 = PLANE ( 'NONE',  #2119 ) ;
#2689 = ORIENTED_EDGE ( 'NONE', *, *, #3024, .T. ) ;
#2690 = CARTESIAN_POINT ( 'NONE',  ( 10.00000000000000000, 15.50000000000000178, -17.49999999999999289 ) ) ;
#2691 = DIRECTION ( 'NONE',  ( 0.000000000000000000, 0.000000000000000000, -1.000000000000000000 ) ) ;
#2692 = ORIENTED_EDGE ( 'NONE', *, *, #3562, .T. ) ;
#2693 = ORIENTED_EDGE ( 'NONE', *, *, #490, .T. ) ;
#2694 = EDGE_CURVE ( 'NONE', #2732, #1130, #2961, .T. ) ;
#2695 = FACE_OUTER_BOUND ( 'NONE', #1118, .T. ) ;
#2696 = VERTEX_POINT ( 'NONE', #710 ) ;
#2697 = CARTESIAN_POINT ( 'NONE',  ( 3.000000000000000888, -11.50000000000000178, 8.499999999999998224 ) ) ;
#2698 = CARTESIAN_POINT ( 'NONE',  ( 5.000000000000002665, -9.500000000000001776, 3.175426480542941743 ) ) ;
#2699 = CARTESIAN_POINT ( 'NONE',  ( 2.196735830224204378, 13.49999999364671233, 1.454589353591896783 ) ) ;
#2700 = AXIS2_PLACEMENT_3D ( 'NONE', #1356, #2999, #2715 ) ;
#2701 = LINE ( 'NONE', #771, #1058 ) ;
#2702 = CARTESIAN_POINT ( 'NONE',  ( 10.00000000000000000, 12.50000000000000000, -16.49999999999999645 ) ) ;
#2703 = AXIS2_PLACEMENT_3D ( 'NONE', #1668, #2980, #812 ) ;
#2704 = ORIENTED_EDGE ( 'NONE', *, *, #77, .T. ) ;
#2705 = AXIS2_PLACEMENT_3D ( 'NONE', #234, #1347, #2438 ) ;
#2706 = CARTESIAN_POINT ( 'NONE',  ( 9.000000000000001776, 15.50000000000000178, 2.433618704727591453 ) ) ;
#2707 = LINE ( 'NONE', #235, #784 ) ;
#2708 = VERTEX_POINT ( 'NONE', #1797 ) ;
#2709 = EDGE_CURVE ( 'NONE', #2759, #1691, #1579, .T. ) ;
#2710 = ORIENTED_EDGE ( 'NONE', *, *, #1739, .T. ) ;
#2711 = LINE ( 'NONE', #1647, #226 ) ;
#2712 = EDGE_LOOP ( 'NONE', ( #300, #1861, #1616, #3228 ) ) ;
#2713 = EDGE_CURVE ( 'NONE', #962, #2211, #3509, .T. ) ;
#2714 = VECTOR ( 'NONE', #2821, 1000.000000000000114 ) ;
#2715 = DIRECTION ( 'NONE',  ( 0.000000000000000000, -0.000000000000000000, 1.000000000000000000 ) ) ;
#2716 = CARTESIAN_POINT ( 'NONE',  ( 10.00000000000000000, 7.500000000000000888, -7.499999999999996447 ) ) ;
#2717 = CARTESIAN_POINT ( 'NONE',  ( 1.000000000000000888, 15.50000000000000178, 2.433618704727591897 ) ) ;
#2718 = DIRECTION ( 'NONE',  ( -0.000000000000000000, 1.000000000000000000, 0.000000000000000000 ) ) ;
#2719 = DIRECTION ( 'NONE',  ( -1.000000000000000000, 0.000000000000000000, 0.000000000000000000 ) ) ;
#2720 = EDGE_CURVE ( 'NONE', #2288, #2195, #2450, .T. ) ;
#2721 = EDGE_LOOP ( 'NONE', ( #2978, #2220, #252, #2523 ) ) ;
#2722 = AXIS2_PLACEMENT_3D ( 'NONE', #1660, #343, #59 ) ;
#2723 = CARTESIAN_POINT ( 'NONE',  ( 10.00000000000000000, -12.50000000000000000, 14.49999999999999645 ) ) ;
#2724 = DIRECTION ( 'NONE',  ( 0.000000000000000000, 0.000000000000000000, -1.000000000000000000 ) ) ;
#2725 = CARTESIAN_POINT ( 'NONE',  ( 7.000000000000000888, 13.50000000000000178, 2.433618704727591453 ) ) ;
#2726 = VERTEX_POINT ( 'NONE', #1046 ) ;
#2727 = ORIENTED_EDGE ( 'NONE', *, *, #1633, .F. ) ;
#2728 = ORIENTED_EDGE ( 'NONE', *, *, #1995, .T. ) ;
#2729 = CARTESIAN_POINT ( 'NONE',  ( 0.000000000000000000, -15.50000000000000178, 19.50000000000000000 ) ) ;
#2730 = EDGE_CURVE ( 'NONE', #1798, #380, #3445, .T. ) ;
#2731 = CARTESIAN_POINT ( 'NONE',  ( 3.000000000000000888, 13.50000000000000178, 8.499999999999998224 ) ) ;
#2732 = VERTEX_POINT ( 'NONE', #2976 ) ;
#2733 = DIRECTION ( 'NONE',  ( 0.000000000000000000, 0.000000000000000000, 1.000000000000000000 ) ) ;
#2734 = DIRECTION ( 'NONE',  ( -0.000000000000000000, 1.000000000000000000, -0.000000000000000000 ) ) ;
#2735 = VECTOR ( 'NONE', #3168, 1000.000000000000000 ) ;
#2736 = VERTEX_POINT ( 'NONE', #1858 ) ;
#2737 = EDGE_CURVE ( 'NONE', #1492, #2288, #496, .T. ) ;
#2739 = CARTESIAN_POINT ( 'NONE',  ( 0.000000000000000000, 7.500000000000000888, 7.500000000000000000 ) ) ;
#2738 = DIRECTION ( 'NONE',  ( -0.9999619230641713097, 0.000000000000000000, 0.008726535498373953759 ) ) ;
#2740 = CARTESIAN_POINT ( 'NONE',  ( 9.000000000000689226, 13.59761562648284183, -2.353396107588866748 ) ) ;
#2741 = PRODUCT_DEFINITION_CONTEXT ( 'detailed design', #2576, 'design' ) ;
#2742 = DIRECTION ( 'NONE',  ( 0.000000000000000000, 0.000000000000000000, -1.000000000000000000 ) ) ;
#2743 = CARTESIAN_POINT ( 'NONE',  ( 1.000000000000000888, 11.50000000000000178, 8.499999999999998224 ) ) ;
#2744 = CARTESIAN_POINT ( 'NONE',  ( 1.000000000000000666, 15.50000000000000000, -2.224946836721984234 ) ) ;
#2745 = ORIENTED_EDGE ( 'NONE', *, *, #2073, .T. ) ;
#2746 = ORIENTED_EDGE ( 'NONE', *, *, #1655, .T. ) ;
#2747 = ORIENTED_EDGE ( 'NONE', *, *, #2519, .F. ) ;
#2748 = DIRECTION ( 'NONE',  ( -1.000000000000000000, 0.000000000000000000, 0.000000000000000000 ) ) ;
#2749 = ORIENTED_EDGE ( 'NONE', *, *, #3556, .F. ) ;
#2750 = PRODUCT_DEFINITION_FORMATION_WITH_SPECIFIED_SOURCE ( 'ANY', '', #2861, .NOT_KNOWN. ) ;
#2751 = DIRECTION ( 'NONE',  ( 0.000000000000000000, 0.000000000000000000, -1.000000000000000000 ) ) ;
#2752 = AXIS2_PLACEMENT_3D ( 'NONE', #2445, #838, #1883 ) ;
#2753 = CARTESIAN_POINT ( 'NONE',  ( 1.000000000000000888, 14.02091472115902171, -1.301268849755267354 ) ) ;
#2754 = ORIENTED_EDGE ( 'NONE', *, *, #3001, .F. ) ;
#2755 = CARTESIAN_POINT ( 'NONE',  ( 2.872415518200269968, -13.50000000000000178, 1.947065007252275493 ) ) ;
#2756 = DIRECTION ( 'NONE',  ( 0.000000000000000000, 0.000000000000000000, -1.000000000000000000 ) ) ;
#2757 = ADVANCED_FACE ( 'NONE', ( #1255 ), #2110, .F. ) ;
#2758 = CIRCLE ( 'NONE', #1667, 2.000000000000000000 ) ;
#2759 = VERTEX_POINT ( 'NONE', #1546 ) ;
#2760 = DIRECTION ( 'NONE',  ( 0.000000000000000000, 0.000000000000000000, -1.000000000000000000 ) ) ;
#2761 = CARTESIAN_POINT ( 'NONE',  ( 5.000000000000000888, -7.500000000000000000, 0.000000000000000000 ) ) ;
#2762 = CARTESIAN_POINT ( 'NONE',  ( 10.00000000000000000, -7.500000000000000000, 9.500000000000000000 ) ) ;
#2763 = FACE_OUTER_BOUND ( 'NONE', #593, .T. ) ;
#2764 = DIRECTION ( 'NONE',  ( -1.000000000000000000, 0.000000000000000000, 0.000000000000000000 ) ) ;
#2765 = CIRCLE ( 'NONE', #3576, 5.000000000000000000 ) ;
#2766 = ORIENTED_EDGE ( 'NONE', *, *, #2781, .T. ) ;
#2767 = VECTOR ( 'NONE', #2825, 1000.000000000000000 ) ;
#2768 = CARTESIAN_POINT ( 'NONE',  ( 0.000000000000000000, 15.50000000000000178, -17.49999999999999289 ) ) ;
#2769 = AXIS2_PLACEMENT_3D ( 'NONE', #1944, #1988, #2554 ) ;
#2770 = ORIENTED_EDGE ( 'NONE', *, *, #1275, .F. ) ;
#2771 = ADVANCED_FACE ( 'NONE', ( #2379 ), #3478, .F. ) ;
#2772 = CIRCLE ( 'NONE', #526, 1.417075716794923945 ) ;
#2773 = AXIS2_PLACEMENT_3D ( 'NONE', #2939, #456, #2657 ) ;
#2774 = CARTESIAN_POINT ( 'NONE',  ( 11.98254692900325225, -12.50000000000000000, -14.49999999999999645 ) ) ;
#2775 = CARTESIAN_POINT ( 'NONE',  ( 9.000000000000001776, -17.50000000000000000, 19.50000000000000000 ) ) ;
#2776 = CIRCLE ( 'NONE', #2609, 5.000000000000000000 ) ;
#2777 = ORIENTED_EDGE ( 'NONE', *, *, #1242, .F. ) ;
#2778 = AXIS2_PLACEMENT_3D ( 'NONE', #698, #682, #183 ) ;
#2779 = CARTESIAN_POINT ( 'NONE',  ( 1.000000000000000888, -13.73793999621271666, 1.825895156151369880 ) ) ;
#2780 = VERTEX_POINT ( 'NONE', #551 ) ;
#2781 = EDGE_CURVE ( 'NONE', #1933, #2941, #265, .T. ) ;
#2782 =( BOUNDED_SURFACE ( )  B_SPLINE_SURFACE ( 3, 2, ( 
 ( #2622, #1538, #2100 ),
 ( #1028, #454, #165 ),
 ( #3175, #1274, #3223 ),
 ( #2369, #2335, #1554 ),
 ( #3452, #1291, #2049 ),
 ( #1226, #2387, #1788 ) ),
 .UNSPECIFIED., .F., .F., .F. ) 
 B_SPLINE_SURFACE_WITH_KNOTS ( ( 4, 2, 4 ),
 ( 3, 3 ),
 ( 0.2592575094527312385, 0.3763852629436394981, 0.4935130164345478132 ),
 ( 0.000000000000000000, 1.000000000000000000 ),
 .UNSPECIFIED. ) 
 GEOMETRIC_REPRESENTATION_ITEM ( )  RATIONAL_B_SPLINE_SURFACE ( (
 ( 1.000000000000000000, 0.8296006389097217992, 1.000000000000000000),
 ( 1.000000000000000000, 0.8172918284384659282, 1.000000000000000000),
 ( 1.000000000000000000, 0.8006895941191678467, 1.000000000000000000),
 ( 1.000000000000000000, 0.7591076163799651555, 1.000000000000000000),
 ( 1.000000000000000000, 0.7341030496602393152, 1.000000000000000000),
 ( 1.000000000000000000, 0.7071067811865472397, 1.000000000000000000) ) ) 
 REPRESENTATION_ITEM ( '' )  SURFACE ( )  );
#2783 = FACE_OUTER_BOUND ( 'NONE', #1744, .T. ) ;
#2784 = CARTESIAN_POINT ( 'NONE',  ( 19.50436326774918072, 12.50000000000000000, -12.58294332167298535 ) ) ;
#2785 = CARTESIAN_POINT ( 'NONE',  ( 12.00000000000000000, -12.50000000000000000, -14.49999999999999645 ) ) ;
#2786 = FACE_OUTER_BOUND ( 'NONE', #557, .T. ) ;
#2787 = ORIENTED_EDGE ( 'NONE', *, *, #1276, .T. ) ;
#2788 = CIRCLE ( 'NONE', #960, 3.149999999999999911 ) ;
#2789 = DIRECTION ( 'NONE',  ( 0.000000000000000000, 0.000000000000000000, 1.000000000000000000 ) ) ;
#2790 = DIRECTION ( 'NONE',  ( -0.000000000000000000, -1.000000000000000000, 0.000000000000000000 ) ) ;
#2791 = ORIENTED_EDGE ( 'NONE', *, *, #617, .T. ) ;
#2792 = VERTEX_POINT ( 'NONE', #1098 ) ;
#2793 = ORIENTED_EDGE ( 'NONE', *, *, #3433, .T. ) ;
#2794 = AXIS2_PLACEMENT_3D ( 'NONE', #1740, #2846, #2552 ) ;
#2795 = DIRECTION ( 'NONE',  ( -1.000000000000000000, -0.000000000000000000, -0.000000000000000000 ) ) ;
#2796 = CARTESIAN_POINT ( 'NONE',  ( 7.000000000000000888, -11.50000000000000178, 8.499999999999998224 ) ) ;
#2797 = ORIENTED_EDGE ( 'NONE', *, *, #1534, .F. ) ;
#2798 = CARTESIAN_POINT ( 'NONE',  ( 0.000000000000000000, 7.500000000000000888, 9.500000000000000000 ) ) ;
#2799 = DIRECTION ( 'NONE',  ( 0.000000000000000000, -0.000000000000000000, -1.000000000000000000 ) ) ;
#2800 = CARTESIAN_POINT ( 'NONE',  ( 1.000000000000000888, 15.13834103494992434, 0.2306051829833556110 ) ) ;
#2801 = AXIS2_PLACEMENT_3D ( 'NONE', #2663, #2124, #478 ) ;
#2802 = ORIENTED_EDGE ( 'NONE', *, *, #1330, .F. ) ;
#2803 = CARTESIAN_POINT ( 'NONE',  ( 0.000000000000000000, -17.50000000000000000, -17.49999999999999289 ) ) ;
#2804 = DIRECTION ( 'NONE',  ( 0.000000000000000000, 1.000000000000000000, -9.912705577010325549E-17 ) ) ;
#2805 = DIRECTION ( 'NONE',  ( -8.673617379884035472E-16, 0.000000000000000000, 1.000000000000000000 ) ) ;
#2806 = CARTESIAN_POINT ( 'NONE',  ( 1.000000000000000888, -11.50000000000000178, -8.499999999999992895 ) ) ;
#2807 = CARTESIAN_POINT ( 'NONE',  ( 10.00000000000000000, -15.50000000000000178, -19.49999999999999289 ) ) ;
#2808 = CIRCLE ( 'NONE', #624, 2.000000000000000000 ) ;
#2809 = CARTESIAN_POINT ( 'NONE',  ( 7.000000000000000888, 11.50000000000000000, -10.49999999999999289 ) ) ;
#2810 = ORIENTED_EDGE ( 'NONE', *, *, #2572, .T. ) ;
#2811 = VERTEX_POINT ( 'NONE', #1115 ) ;
#2812 = CIRCLE ( 'NONE', #629, 1.599999999999993650 ) ;
#2813 = DIRECTION ( 'NONE',  ( -0.000000000000000000, 1.000000000000000000, -0.000000000000000000 ) ) ;
#2814 = CARTESIAN_POINT ( 'NONE',  ( 5.000000000000000888, 7.500000000000000000, 0.000000000000000000 ) ) ;
#2815 = ORIENTED_EDGE ( 'NONE', *, *, #1307, .T. ) ;
#2816 = EDGE_CURVE ( 'NONE', #1457, #239, #2933, .T. ) ;
#2817 = CARTESIAN_POINT ( 'NONE',  ( 2.250000000000002220, -13.50000000000000178, 1.587713240271472204 ) ) ;
#2818 = CARTESIAN_POINT ( 'NONE',  ( 0.9999999999997388755, 13.59876219744639059, -2.352453827549486842 ) ) ;
#2819 = CARTESIAN_POINT ( 'NONE',  ( 9.000000000000001776, -11.50000000000000178, 12.49999999999999822 ) ) ;
#2820 = EDGE_LOOP ( 'NONE', ( #653, #70, #2930, #2306, #3457 ) ) ;
#2821 = DIRECTION ( 'NONE',  ( -0.8660254037844384856, 0.000000000000000000, 0.5000000000000002220 ) ) ;
#2822 = CARTESIAN_POINT ( 'NONE',  ( 9.000000000000001776, 15.15660667164434550, 0.3856665032663460502 ) ) ;
#2823 = CARTESIAN_POINT ( 'NONE',  ( 10.00000000000000000, 5.500000000000001776, -9.499999999999996447 ) ) ;
#2824 = FACE_OUTER_BOUND ( 'NONE', #319, .T. ) ;
#2825 = DIRECTION ( 'NONE',  ( 0.000000000000000000, 1.000000000000000000, -9.912705577010325549E-17 ) ) ;
#2826 = CARTESIAN_POINT ( 'NONE',  ( 10.00000000000000000, 17.50000000000000000, -17.49999999999999289 ) ) ;
#2827 = EDGE_LOOP ( 'NONE', ( #1853, #1044, #531, #1828, #1037 ) ) ;
#2828 = VECTOR ( 'NONE', #1584, 1000.000000000000000 ) ;
#2829 = CARTESIAN_POINT ( 'NONE',  ( 11.98254692900324514, -12.50000000000000000, 12.51730142493838116 ) ) ;
#2830 = ORIENTED_EDGE ( 'NONE', *, *, #2934, .T. ) ;
#2831 = DIRECTION ( 'NONE',  ( 0.000000000000000000, -1.000000000000000000, 0.000000000000000000 ) ) ;
#2832 = VERTEX_POINT ( 'NONE', #2725 ) ;
#2833 = AXIS2_PLACEMENT_3D ( 'NONE', #2479, #2162, #871 ) ;
#2834 = CARTESIAN_POINT ( 'NONE',  ( 0.000000000000000000, -5.500000000000000000, 7.500000000000000000 ) ) ;
#2835 = VECTOR ( 'NONE', #1512, 1000.000000000000000 ) ;
#2836 = EDGE_CURVE ( 'NONE', #1483, #114, #1700, .T. ) ;
#2837 = CARTESIAN_POINT ( 'NONE',  ( 10.00000000000000000, 5.500000000000000888, 7.500000000000000000 ) ) ;
#2838 = AXIS2_PLACEMENT_3D ( 'NONE', #3207, #3174, #3155 ) ;
#2839 = VERTEX_POINT ( 'NONE', #2439 ) ;
#2840 = CARTESIAN_POINT ( 'NONE',  ( 1.000000000000000888, -14.81486813795313573, 0.2805643482130355526 ) ) ;
#2841 = AXIS2_PLACEMENT_3D ( 'NONE', #766, #2167, #519 ) ;
#2842 = FACE_BOUND ( 'NONE', #831, .T. ) ;
#2843 = ORIENTED_EDGE ( 'NONE', *, *, #3418, .F. ) ;
#2844 = AXIS2_PLACEMENT_3D ( 'NONE', #126, #3183, #730 ) ;
#2845 = VECTOR ( 'NONE', #491, 1000.000000000000000 ) ;
#2846 = DIRECTION ( 'NONE',  ( 1.000000000000000000, 0.000000000000000000, 0.000000000000000000 ) ) ;
#2847 = CARTESIAN_POINT ( 'NONE',  ( 7.750000000000001776, -13.50000000000000178, -1.587713240271472648 ) ) ;
#2848 = DIRECTION ( 'NONE',  ( 0.000000000000000000, 0.000000000000000000, 1.000000000000000000 ) ) ;
#2849 = EDGE_CURVE ( 'NONE', #3034, #1687, #1607, .T. ) ;
#2850 = TOROIDAL_SURFACE ( 'NONE', #2838, 3.982622421189957684, 2.000000000000000000 ) ;
#2851 = ORIENTED_EDGE ( 'NONE', *, *, #1813, .T. ) ;
#2852 = ORIENTED_EDGE ( 'NONE', *, *, #1390, .F. ) ;
#2853 = ORIENTED_EDGE ( 'NONE', *, *, #643, .F. ) ;
#2854 = FACE_OUTER_BOUND ( 'NONE', #3051, .T. ) ;
#2855 = CARTESIAN_POINT ( 'NONE',  ( 5.000000000000000888, 5.500000000000000000, 0.000000000000000000 ) ) ;
#2856 = ORIENTED_EDGE ( 'NONE', *, *, #2443, .T. ) ;
#2857 =( GEOMETRIC_REPRESENTATION_CONTEXT ( 3 ) GLOBAL_UNCERTAINTY_ASSIGNED_CONTEXT ( ( #1000 ) ) GLOBAL_UNIT_ASSIGNED_CONTEXT ( ( #1097, #3140, #1720 ) ) REPRESENTATION_CONTEXT ( 'NONE', 'WORKASPACE' ) );
#2858 = ADVANCED_FACE ( 'NONE', ( #1135 ), #1870, .F. ) ;
#2859 = CARTESIAN_POINT ( 'NONE',  ( 1.232355912028648914, -14.39791950182695857, 1.336368060167926197 ) ) ;
#2860 = ORIENTED_EDGE ( 'NONE', *, *, #1296, .F. ) ;
#2861 = PRODUCT ( 'P001-B100_SquareDynamo_Rev2C_3', 'P001-B100_SquareDynamo_Rev2C_3', '', ( #2897 ) ) ;
#2862 = DIRECTION ( 'NONE',  ( 0.000000000000000000, 0.000000000000000000, 1.000000000000000000 ) ) ;
#2863 = CARTESIAN_POINT ( 'NONE',  ( 7.803264169775746772, 13.49999999364672831, -1.454589353592049106 ) ) ;
#2864 = EDGE_LOOP ( 'NONE', ( #2856, #485, #2558, #2184 ) ) ;
#2865 = EDGE_CURVE ( 'NONE', #2839, #1798, #2707, .T. ) ;
#2866 = LINE ( 'NONE', #2574, #1565 ) ;
#2867 = CARTESIAN_POINT ( 'NONE',  ( 19.50000000000000000, -12.50000000000000000, -15.91707571679492084 ) ) ;
#2868 = CIRCLE ( 'NONE', #2169, 2.000000000000000000 ) ;
#2869 = ORIENTED_EDGE ( 'NONE', *, *, #1611, .T. ) ;
#2870 = ORIENTED_EDGE ( 'NONE', *, *, #1706, .F. ) ;
#2871 = EDGE_CURVE ( 'NONE', #759, #1891, #1874, .T. ) ;
#2872 = DIRECTION ( 'NONE',  ( 0.000000000000000000, 0.000000000000000000, -1.000000000000000000 ) ) ;
#2873 = AXIS2_PLACEMENT_3D ( 'NONE', #2245, #907, #1991 ) ;
#2874 = CARTESIAN_POINT ( 'NONE',  ( 5.000000000000000888, 13.50000000000000178, 0.000000000000000000 ) ) ;
#2875 = CARTESIAN_POINT ( 'NONE',  ( 10.00000000000000000, 17.50000000000000000, 19.50000000000000000 ) ) ;
#2876 = ORIENTED_EDGE ( 'NONE', *, *, #2997, .T. ) ;
#2877 = FACE_OUTER_BOUND ( 'NONE', #2944, .T. ) ;
#2878 = CIRCLE ( 'NONE', #211, 1.917056678327009545 ) ;
#2879 = SHAPE_DEFINITION_REPRESENTATION ( #875, #2356 ) ;
#2880 = ORIENTED_EDGE ( 'NONE', *, *, #523, .T. ) ;
#2881 = ORIENTED_EDGE ( 'NONE', *, *, #422, .F. ) ;
#2882 = CARTESIAN_POINT ( 'NONE',  ( 7.000000000000000888, -15.50000000000000178, -8.499999999999992895 ) ) ;
#2883 = DIRECTION ( 'NONE',  ( -1.000000000000000000, 0.000000000000000000, 0.000000000000000000 ) ) ;
#2884 = CARTESIAN_POINT ( 'NONE',  ( 1.000000000000000888, 15.50000000000000178, 2.433618704727591453 ) ) ;
#2885 = CARTESIAN_POINT ( 'NONE',  ( 7.752982833745243774, -13.50000000000000178, -1.585991100405709453 ) ) ;
#2886 = AXIS2_PLACEMENT_3D ( 'NONE', #3422, #3156, #683 ) ;
#2887 = ADVANCED_FACE ( 'NONE', ( #1643 ), #790, .F. ) ;
#2888 = ORIENTED_EDGE ( 'NONE', *, *, #1854, .T. ) ;
#2889 = ORIENTED_EDGE ( 'NONE', *, *, #946, .F. ) ;
#2890 = CARTESIAN_POINT ( 'NONE',  ( 10.00000000000000178, -7.500000000000000000, 0.000000000000000000 ) ) ;
#2891 = DIRECTION ( 'NONE',  ( 1.000000000000000000, 0.000000000000000000, 0.000000000000000000 ) ) ;
#2892 = CARTESIAN_POINT ( 'NONE',  ( 10.00000000000000000, 7.500000000000000888, 9.500000000000000000 ) ) ;
#2893 = ORIENTED_EDGE ( 'NONE', *, *, #431, .F. ) ;
#2894 = EDGE_CURVE ( 'NONE', #2736, #3034, #2463, .T. ) ;
#2895 = TOROIDAL_SURFACE ( 'NONE', #2367, 1.417075716794924167, 0.5000000000000000000 ) ;
#2896 = FACE_OUTER_BOUND ( 'NONE', #3483, .T. ) ;
#2897 = PRODUCT_CONTEXT ( 'NONE', #356, 'mechanical' ) ;
#2898 = AXIS2_PLACEMENT_3D ( 'NONE', #2412, #1516, #2667 ) ;
#2899 = ORIENTED_EDGE ( 'NONE', *, *, #2973, .T. ) ;
#2900 = EDGE_CURVE ( 'NONE', #106, #1935, #2454, .T. ) ;
#2901 = AXIS2_PLACEMENT_3D ( 'NONE', #1362, #1606, #3314 ) ;
#2902 = ORIENTED_EDGE ( 'NONE', *, *, #2317, .F. ) ;
#2903 = CARTESIAN_POINT ( 'NONE',  ( 1.000000000000000888, -15.35404962177391930, 10.49999999999999822 ) ) ;
#2904 = PLANE ( 'NONE',  #2886 ) ;
#2905 = ADVANCED_FACE ( 'NONE', ( #3525 ), #3, .T. ) ;
#2906 = DIRECTION ( 'NONE',  ( 0.000000000000000000, 0.000000000000000000, 1.000000000000000000 ) ) ;
#2907 = CARTESIAN_POINT ( 'NONE',  ( 10.00000000000000000, -5.500000000000000000, -7.499999999999994671 ) ) ;
#2908 = AXIS2_PLACEMENT_3D ( 'NONE', #3553, #1906, #2675 ) ;
#2909 = VERTEX_POINT ( 'NONE', #1348 ) ;
#2910 = ADVANCED_FACE ( 'NONE', ( #570 ), #1080, .T. ) ;
#2911 = CARTESIAN_POINT ( 'NONE',  ( 3.000000000000011546, -13.50000000000000178, -2.020725942163694278 ) ) ;
#2912 = DIRECTION ( 'NONE',  ( 0.000000000000000000, 0.000000000000000000, -1.000000000000000000 ) ) ;
#2913 = VECTOR ( 'NONE', #1618, 1000.000000000000000 ) ;
#2914 = DIRECTION ( 'NONE',  ( 0.000000000000000000, 0.000000000000000000, -1.000000000000000000 ) ) ;
#2915 = ORIENTED_EDGE ( 'NONE', *, *, #1373, .T. ) ;
#2916 = DIRECTION ( 'NONE',  ( 0.000000000000000000, 0.000000000000000000, -1.000000000000000000 ) ) ;
#2917 = CIRCLE ( 'NONE', #3481, 2.000000000000000000 ) ;
#2918 = CIRCLE ( 'NONE', #1022, 4.000000000000000000 ) ;
#2919 = CARTESIAN_POINT ( 'NONE',  ( 5.000000000000000888, 13.50000000000000178, 1.599999999999994316 ) ) ;
#2920 = ORIENTED_EDGE ( 'NONE', *, *, #1666, .T. ) ;
#2921 = FACE_OUTER_BOUND ( 'NONE', #3412, .T. ) ;
#2922 = DIRECTION ( 'NONE',  ( 0.000000000000000000, -0.000000000000000000, -1.000000000000000000 ) ) ;
#2923 = ADVANCED_FACE ( 'NONE', ( #828 ), #1721, .T. ) ;
#2924 = DIRECTION ( 'NONE',  ( 0.000000000000000000, 0.000000000000000000, 1.000000000000000000 ) ) ;
#2925 = CARTESIAN_POINT ( 'NONE',  ( 7.000000000000000888, 15.50000000000000178, 1.734723475976807094E-15 ) ) ;
#2926 = ORIENTED_EDGE ( 'NONE', *, *, #188, .T. ) ;
#2927 = B_SPLINE_CURVE_WITH_KNOTS ( 'NONE', 3,
 ( #802, #2969, #1903, #3536 ),
 .UNSPECIFIED., .F., .F.,
 ( 4, 4 ),
 ( 0.001018319164168333827, 0.001893881273373247253 ),
 .UNSPECIFIED. ) ;
#2928 = CARTESIAN_POINT ( 'NONE',  ( 1.000000000000000888, -15.49999998068365414, -1.728434979053796505 ) ) ;
#2929 = DIRECTION ( 'NONE',  ( 1.000000000000000000, 0.000000000000000000, 0.000000000000000000 ) ) ;
#2930 = ORIENTED_EDGE ( 'NONE', *, *, #2096, .F. ) ;
#2931 = CARTESIAN_POINT ( 'NONE',  ( 5.000000000000000888, -9.500000000000001776, -1.599999999999993650 ) ) ;
#2932 = CARTESIAN_POINT ( 'NONE',  ( 7.000000000000000888, 0.000000000000000000, -12.49999999999999289 ) ) ;
#2933 = CIRCLE ( 'NONE', #3544, 1.417075716794923945 ) ;
#2934 = EDGE_CURVE ( 'NONE', #132, #689, #1703, .T. ) ;
#2935 = AXIS2_PLACEMENT_3D ( 'NONE', #1013, #1504, #116 ) ;
#2936 = CARTESIAN_POINT ( 'NONE',  ( 7.000000000000000888, -11.50000000000000178, 8.499999999999998224 ) ) ;
#2937 = DIRECTION ( 'NONE',  ( 0.000000000000000000, -1.000000000000000000, 4.336808689942017736E-16 ) ) ;
#2938 = CARTESIAN_POINT ( 'NONE',  ( 7.000000000000000888, 13.50000000000000178, 8.499999999999998224 ) ) ;
#2939 = CARTESIAN_POINT ( 'NONE',  ( 2.250000000000002220, -9.500000000000001776, 1.587713240271472204 ) ) ;
#2940 = CYLINDRICAL_SURFACE ( 'NONE', #1147, 2.000000000000000000 ) ;
#2941 = VERTEX_POINT ( 'NONE', #347 ) ;
#2942 = PLANE ( 'NONE',  #521 ) ;
#2943 = DIRECTION ( 'NONE',  ( 0.000000000000000000, 0.000000000000000000, -1.000000000000000000 ) ) ;
#2944 = EDGE_LOOP ( 'NONE', ( #1048, #1397, #1247, #1119 ) ) ;
#2945 = EDGE_CURVE ( 'NONE', #1871, #1933, #3375, .T. ) ;
#2946 = DIRECTION ( 'NONE',  ( 0.000000000000000000, 0.000000000000000000, 1.000000000000000000 ) ) ;
#2947 = EDGE_CURVE ( 'NONE', #1123, #888, #3394, .T. ) ;
#2948 = ORIENTED_EDGE ( 'NONE', *, *, #2303, .T. ) ;
#2949 = CIRCLE ( 'NONE', #175, 5.000000000000000000 ) ;
#2950 = LINE ( 'NONE', #2919, #342 ) ;
#2951 = VECTOR ( 'NONE', #1085, 1000.000000000000000 ) ;
#2952 = DIRECTION ( 'NONE',  ( 1.000000000000000000, 0.000000000000000000, 0.000000000000000000 ) ) ;
#2953 = DIRECTION ( 'NONE',  ( 0.000000000000000000, 0.000000000000000000, 1.000000000000000000 ) ) ;
#2954 = AXIS2_PLACEMENT_3D ( 'NONE', #2806, #632, #2304 ) ;
#2955 = DIRECTION ( 'NONE',  ( 0.000000000000000000, 1.000000000000000000, 0.000000000000000000 ) ) ;
#2956 = CARTESIAN_POINT ( 'NONE',  ( 12.00000000000000000, -12.50000000000000000, 14.49999999999999645 ) ) ;
#2957 = CIRCLE ( 'NONE', #2315, 3.982622421189957684 ) ;
#2958 = ORIENTED_EDGE ( 'NONE', *, *, #2475, .F. ) ;
#2959 = DIRECTION ( 'NONE',  ( 0.000000000000000000, 0.000000000000000000, -1.000000000000000000 ) ) ;
#2960 = ADVANCED_FACE ( 'NONE', ( #42 ), #592, .T. ) ;
#2961 = LINE ( 'NONE', #2093, #2172 ) ;
#2962 = ORIENTED_EDGE ( 'NONE', *, *, #2021, .T. ) ;
#2963 = EDGE_CURVE ( 'NONE', #1130, #1935, #855, .T. ) ;
#2964 = CIRCLE ( 'NONE', #597, 2.000000000000000000 ) ;
#2965 = DIRECTION ( 'NONE',  ( -0.000000000000000000, -1.000000000000000000, -0.000000000000000000 ) ) ;
#2966 = VERTEX_POINT ( 'NONE', #2807 ) ;
#2967 = DIRECTION ( 'NONE',  ( 1.000000000000000000, -0.000000000000000000, -0.000000000000000000 ) ) ;
#2968 = LINE ( 'NONE', #3269, #5 ) ;
#2969 = CARTESIAN_POINT ( 'NONE',  ( 1.000000000000000888, -15.45092049649373322, 1.431218075240177301 ) ) ;
#2970 = CIRCLE ( 'NONE', #3435, 5.000000000000000000 ) ;
#2971 = CARTESIAN_POINT ( 'NONE',  ( 3.000000000000000888, -15.50000000000000178, 10.49999999999999822 ) ) ;
#2972 = CARTESIAN_POINT ( 'NONE',  ( 10.00000000000000000, 12.50000000000000000, -14.49999999999999645 ) ) ;
#2973 = EDGE_CURVE ( 'NONE', #189, #95, #2591, .T. ) ;
#2974 = CARTESIAN_POINT ( 'NONE',  ( 19.50000000000000000, 12.50000000000000000, -14.49999999999999645 ) ) ;
#2975 = DIRECTION ( 'NONE',  ( -1.000000000000000000, 0.000000000000000000, 0.000000000000000000 ) ) ;
#2976 = CARTESIAN_POINT ( 'NONE',  ( 3.000000000000000888, -13.50000000000000178, -8.499999999999992895 ) ) ;
#2977 = ORIENTED_EDGE ( 'NONE', *, *, #1359, .F. ) ;
#2978 = ORIENTED_EDGE ( 'NONE', *, *, #2989, .F. ) ;
#2979 = ADVANCED_FACE ( 'NONE', ( #633 ), #1454, .F. ) ;
#2980 = DIRECTION ( 'NONE',  ( 1.000000000000000000, 0.000000000000000000, 0.000000000000000000 ) ) ;
#2981 = ORIENTED_EDGE ( 'NONE', *, *, #422, .T. ) ;
#2982 = EDGE_CURVE ( 'NONE', #2575, #849, #2229, .T. ) ;
#2983 = FACE_OUTER_BOUND ( 'NONE', #371, .T. ) ;
#2984 = CIRCLE ( 'NONE', #1425, 3.982622421189957684 ) ;
#2985 = CARTESIAN_POINT ( 'NONE',  ( 9.000000000000001776, -15.35404962177391752, 1.154700538379197283 ) ) ;
#2986 = VECTOR ( 'NONE', #3467, 1000.000000000000000 ) ;
#2987 = CARTESIAN_POINT ( 'NONE',  ( 11.98254692900324514, -12.50000000000000000, 16.48269857506160818 ) ) ;
#2988 = LINE ( 'NONE', #473, #2429 ) ;
#2989 = EDGE_CURVE ( 'NONE', #238, #95, #3268, .T. ) ;
#2990 = CARTESIAN_POINT ( 'NONE',  ( 9.000000000000000000, 13.85104042294106641, -1.935622650725391747 ) ) ;
#2991 = ORIENTED_EDGE ( 'NONE', *, *, #3389, .T. ) ;
#2992 = DIRECTION ( 'NONE',  ( 0.000000000000000000, 0.000000000000000000, 1.000000000000000000 ) ) ;
#2993 = EDGE_CURVE ( 'NONE', #1656, #1136, #2053, .T. ) ;
#2994 = DIRECTION ( 'NONE',  ( 0.000000000000000000, -1.000000000000000000, 0.000000000000000000 ) ) ;
#2995 = ORIENTED_EDGE ( 'NONE', *, *, #1317, .F. ) ;
#2996 = DIRECTION ( 'NONE',  ( 0.000000000000000000, 0.000000000000000000, 1.000000000000000000 ) ) ;
#2997 = EDGE_CURVE ( 'NONE', #2696, #1025, #1743, .T. ) ;
#2998 = VERTEX_POINT ( 'NONE', #2305 ) ;
#2999 = DIRECTION ( 'NONE',  ( 0.000000000000000000, 1.000000000000000000, 0.000000000000000000 ) ) ;
#3000 = FACE_OUTER_BOUND ( 'NONE', #3339, .T. ) ;
#3001 = EDGE_CURVE ( 'NONE', #3058, #67, #978, .T. ) ;
#3002 = DIRECTION ( 'NONE',  ( 0.000000000000000000, 0.000000000000000000, 1.000000000000000000 ) ) ;
#3003 = CIRCLE ( 'NONE', #3514, 1.982698575061616175 ) ;
#3005 = LINE ( 'NONE', #2739, #1694 ) ;
#3004 = DIRECTION ( 'NONE',  ( 0.000000000000000000, 0.000000000000000000, -1.000000000000000000 ) ) ;
#3006 = DIRECTION ( 'NONE',  ( -0.000000000000000000, 1.000000000000000000, 0.000000000000000000 ) ) ;
#3007 = AXIS2_PLACEMENT_3D ( 'NONE', #1896, #851, #223 ) ;
#3008 = EDGE_CURVE ( 'NONE', #291, #1329, #2984, .T. ) ;
#3009 = AXIS2_PLACEMENT_3D ( 'NONE', #93, #948, #1725 ) ;
#3010 = CARTESIAN_POINT ( 'NONE',  ( 12.00000000000000000, 12.50000000000000000, 10.51737757881003965 ) ) ;
#3011 = CARTESIAN_POINT ( 'NONE',  ( 1.000000000000000888, 15.41630303214763131, -1.605575915429486189 ) ) ;
#3012 = EDGE_LOOP ( 'NONE', ( #861, #2146, #1628, #2981 ) ) ;
#3013 = ORIENTED_EDGE ( 'NONE', *, *, #2506, .T. ) ;
#3014 = ORIENTED_EDGE ( 'NONE', *, *, #2871, .T. ) ;
#3015 = CARTESIAN_POINT ( 'NONE',  ( 10.00000000000000000, 5.500000000000000888, 9.500000000000000000 ) ) ;
#3016 = VECTOR ( 'NONE', #1821, 1000.000000000000000 ) ;
#3017 = VERTEX_POINT ( 'NONE', #2577 ) ;
#3018 = ADVANCED_FACE ( 'NONE', ( #104 ), #2534, .F. ) ;
#3019 = CIRCLE ( 'NONE', #892, 2.000000000000000000 ) ;
#3020 = DIRECTION ( 'NONE',  ( 0.000000000000000000, 0.000000000000000000, -1.000000000000000000 ) ) ;
#3021 = CARTESIAN_POINT ( 'NONE',  ( 11.98254692900325225, 12.50000000000000000, 12.51730142493838116 ) ) ;
#3022 = VECTOR ( 'NONE', #2605, 1000.000000000000000 ) ;
#3023 = CARTESIAN_POINT ( 'NONE',  ( 0.000000000000000000, -5.500000000000000000, 9.500000000000000000 ) ) ;
#3024 = EDGE_CURVE ( 'NONE', #1123, #2839, #1140, .T. ) ;
#3025 = ORIENTED_EDGE ( 'NONE', *, *, #1604, .F. ) ;
#3026 = PLANE ( 'NONE',  #3527 ) ;
#3027 = LINE ( 'NONE', #17, #2349 ) ;
#3028 = TOROIDAL_SURFACE ( 'NONE', #1125, 4.000000000000000000, 2.000000000000000000 ) ;
#3029 = VERTEX_POINT ( 'NONE', #3083 ) ;
#3030 = AXIS2_PLACEMENT_3D ( 'NONE', #2761, #1194, #2805 ) ;
#3031 = DIRECTION ( 'NONE',  ( 1.000000000000000000, 0.000000000000000000, 0.000000000000000000 ) ) ;
#3032 = DIRECTION ( 'NONE',  ( 0.000000000000000000, 0.000000000000000000, 1.000000000000000000 ) ) ;
#3033 = CARTESIAN_POINT ( 'NONE',  ( 1.000000000000000666, 15.27838271131984804, -0.9967042710048374943 ) ) ;
#3034 = VERTEX_POINT ( 'NONE', #329 ) ;
#3035 = ORIENTED_EDGE ( 'NONE', *, *, #3389, .F. ) ;
#3036 = ORIENTED_EDGE ( 'NONE', *, *, #2073, .F. ) ;
#3037 = CARTESIAN_POINT ( 'NONE',  ( 10.00000000000000000, 15.50000000000000000, 19.50000000000000000 ) ) ;
#3038 = EDGE_LOOP ( 'NONE', ( #2428, #2888, #2995, #1161 ) ) ;
#3039 = ORIENTED_EDGE ( 'NONE', *, *, #2894, .T. ) ;
#3040 = CARTESIAN_POINT ( 'NONE',  ( 3.000000000000000888, 11.50000000000000178, 12.49999999999999822 ) ) ;
#3041 = ADVANCED_FACE ( 'NONE', ( #612 ), #1867, .F. ) ;
#3042 = CARTESIAN_POINT ( 'NONE',  ( 1.000000000000000888, 13.69193794781121021, 2.236532016947687662 ) ) ;
#3043 = DIRECTION ( 'NONE',  ( 0.000000000000000000, 0.000000000000000000, -1.000000000000000000 ) ) ;
#3044 = ORIENTED_EDGE ( 'NONE', *, *, #3318, .F. ) ;
#3045 = CARTESIAN_POINT ( 'NONE',  ( 2.468882505319850651, -13.50000000000003375, 1.714085113638874391 ) ) ;
#3046 = EDGE_LOOP ( 'NONE', ( #2047, #2180, #157, #529 ) ) ;
#3047 = DIRECTION ( 'NONE',  ( -0.9999619230641713097, 1.068692376572941468E-18, -0.008726535498373953759 ) ) ;
#3048 = DIRECTION ( 'NONE',  ( 0.000000000000000000, 0.000000000000000000, -1.000000000000000000 ) ) ;
#3049 = FACE_OUTER_BOUND ( 'NONE', #335, .T. ) ;
#3050 = ORIENTED_EDGE ( 'NONE', *, *, #2216, .T. ) ;
#3051 = EDGE_LOOP ( 'NONE', ( #2745, #931, #1201, #170 ) ) ;
#3052 = ORIENTED_EDGE ( 'NONE', *, *, #805, .F. ) ;
#3053 = DIRECTION ( 'NONE',  ( 1.000000000000000000, 0.000000000000000000, 0.000000000000000000 ) ) ;
#3054 = VERTEX_POINT ( 'NONE', #2267 ) ;
#3055 = CARTESIAN_POINT ( 'NONE',  ( 10.00000000000000000, -17.50000000000000000, 17.50000000000000000 ) ) ;
#3056 = AXIS2_PLACEMENT_3D ( 'NONE', #1922, #489, #1339 ) ;
#3057 = CARTESIAN_POINT ( 'NONE',  ( 1.000000000000000888, 15.16332784145123647, 0.4317493609303468816 ) ) ;
#3058 = VERTEX_POINT ( 'NONE', #725 ) ;
#3059 = CARTESIAN_POINT ( 'NONE',  ( 1.000000000000000888, -15.50000001945624462, 1.726082202466197035 ) ) ;
#3060 = CARTESIAN_POINT ( 'NONE',  ( 9.000000000000001776, 15.23774571818758616, -0.8310610425886834074 ) ) ;
#3061 = CARTESIAN_POINT ( 'NONE',  ( 1.232355912028645806, -14.39791950182695857, -1.336368060167939964 ) ) ;
#3062 = DIRECTION ( 'NONE',  ( 0.000000000000000000, 0.000000000000000000, -1.000000000000000000 ) ) ;
#3063 = DIRECTION ( 'NONE',  ( 0.000000000000000000, 0.000000000000000000, -1.000000000000000000 ) ) ;
#3064 = AXIS2_PLACEMENT_3D ( 'NONE', #3321, #2501, #3531 ) ;
#3065 = DIRECTION ( 'NONE',  ( 1.000000000000000000, -0.000000000000000000, -0.000000000000000000 ) ) ;
#3066 = EDGE_LOOP ( 'NONE', ( #1640, #3087, #336, #2881 ) ) ;
#3067 = ORIENTED_EDGE ( 'NONE', *, *, #1534, .T. ) ;
#3068 = CIRCLE ( 'NONE', #2257, 2.000000000000000000 ) ;
#3069 = ADVANCED_FACE ( 'NONE', ( #687 ), #2050, .F. ) ;
#3070 = CARTESIAN_POINT ( 'NONE',  ( 10.00000000000000000, 12.50000000000000000, 14.49999999999999645 ) ) ;
#3071 = CARTESIAN_POINT ( 'NONE',  ( 8.969602402636782656, -14.95486579616633094, 1.224724159872995877 ) ) ;
#3072 = EDGE_LOOP ( 'NONE', ( #2289, #2669, #941, #3381, #854 ) ) ;
#3073 = EDGE_CURVE ( 'NONE', #239, #1457, #3447, .T. ) ;
#3074 = FACE_OUTER_BOUND ( 'NONE', #2260, .T. ) ;
#3075 = CARTESIAN_POINT ( 'NONE',  ( 1.894894834078238999, 13.49999999073792800, -0.6073765867206938340 ) ) ;
#3076 = VERTEX_POINT ( 'NONE', #3210 ) ;
#3077 = CARTESIAN_POINT ( 'NONE',  ( 10.00000000000000000, 7.500000000000000888, 7.500000000000000000 ) ) ;
#3078 = CARTESIAN_POINT ( 'NONE',  ( 9.000000000000001776, 14.05311242812321559, 1.057067239178434148 ) ) ;
#3079 = CARTESIAN_POINT ( 'NONE',  ( 10.00000000000000000, -17.50000000000000000, 17.50000000000000000 ) ) ;
#3080 = FACE_OUTER_BOUND ( 'NONE', #1062, .T. ) ;
#3081 = AXIS2_PLACEMENT_3D ( 'NONE', #2932, #2297, #3132 ) ;
#3082 = CARTESIAN_POINT ( 'NONE',  ( 10.00000000000000000, 12.50000000000000000, -18.48262242118995502 ) ) ;
#3083 = CARTESIAN_POINT ( 'NONE',  ( 7.750000000000001776, -9.500000000000001776, 1.587713240271470427 ) ) ;
#3084 = CARTESIAN_POINT ( 'NONE',  ( 10.00000000000000000, 17.50000000000000000, 17.50000000000000000 ) ) ;
#3085 = EDGE_CURVE ( 'NONE', #2664, #3029, #2107, .T. ) ;
#3086 = ORIENTED_EDGE ( 'NONE', *, *, #2206, .T. ) ;
#3087 = ORIENTED_EDGE ( 'NONE', *, *, #1990, .F. ) ;
#3088 = VECTOR ( 'NONE', #3206, 1000.000000000000000 ) ;
#3089 = CARTESIAN_POINT ( 'NONE',  ( 10.00000000000000000, 15.50000000000000000, 17.50000000000000000 ) ) ;
#3090 = FACE_OUTER_BOUND ( 'NONE', #266, .T. ) ;
#3091 = ORIENTED_EDGE ( 'NONE', *, *, #179, .F. ) ;
#3092 = ORIENTED_EDGE ( 'NONE', *, *, #1473, .F. ) ;
#3093 = DIRECTION ( 'NONE',  ( 0.000000000000000000, 0.000000000000000000, 1.000000000000000000 ) ) ;
#3094 = CARTESIAN_POINT ( 'NONE',  ( 0.9999999999999124034, 14.09661990740013415, 0.3149476078617208796 ) ) ;
#3095 = AXIS2_PLACEMENT_3D ( 'NONE', #220, #2192, #3259 ) ;
#3096 = ORIENTED_EDGE ( 'NONE', *, *, #2447, .T. ) ;
#3097 = CARTESIAN_POINT ( 'NONE',  ( 1.000000000000000888, -15.03938402937566288, 0.5067569714836626105 ) ) ;
#3098 = CARTESIAN_POINT ( 'NONE',  ( 7.917771217737876732, 13.50000000872413430, -1.221017068115581194 ) ) ;
#3099 = EDGE_CURVE ( 'NONE', #1650, #3479, #1873, .T. ) ;
#3100 = DIRECTION ( 'NONE',  ( 0.8660254037844385966, 0.000000000000000000, -0.5000000000000000000 ) ) ;
#3101 = DIRECTION ( 'NONE',  ( 0.000000000000000000, 0.000000000000000000, 1.000000000000000000 ) ) ;
#3102 = DIRECTION ( 'NONE',  ( 0.000000000000000000, 0.000000000000000000, 1.000000000000000000 ) ) ;
#3103 = DIRECTION ( 'NONE',  ( 0.000000000000000000, 0.000000000000000000, -1.000000000000000000 ) ) ;
#3104 = AXIS2_PLACEMENT_3D ( 'NONE', #2228, #528, #1363 ) ;
#3105 = ORIENTED_EDGE ( 'NONE', *, *, #691, .F. ) ;
#3106 = ORIENTED_EDGE ( 'NONE', *, *, #2641, .F. ) ;
#3107 = VECTOR ( 'NONE', #3159, 1000.000000000000000 ) ;
#3108 = EDGE_CURVE ( 'NONE', #1081, #2477, #2812, .T. ) ;
#3109 = LINE ( 'NONE', #1160, #466 ) ;
#3110 = ORIENTED_EDGE ( 'NONE', *, *, #2781, .F. ) ;
#3111 = CARTESIAN_POINT ( 'NONE',  ( 10.00000000000000000, 17.50000000000000000, 17.50000000000000000 ) ) ;
#3112 = EDGE_LOOP ( 'NONE', ( #966, #1526, #3504, #3302 ) ) ;
#3113 = DIRECTION ( 'NONE',  ( 0.000000000000000000, 0.000000000000000000, 1.000000000000000000 ) ) ;
#3114 = LINE ( 'NONE', #2775, #1088 ) ;
#3115 = ORIENTED_EDGE ( 'NONE', *, *, #3433, .F. ) ;
#3116 = FACE_OUTER_BOUND ( 'NONE', #791, .T. ) ;
#3117 = CARTESIAN_POINT ( 'NONE',  ( 9.000000000000175859, 13.59876219744650605, 2.352453827549646270 ) ) ;
#3118 = CONICAL_SURFACE ( 'NONE', #2752, 2.000000000000000000, 0.008726646259971666819 ) ;
#3119 = EDGE_CURVE ( 'NONE', #1346, #239, #1772, .T. ) ;
#3120 = DIRECTION ( 'NONE',  ( 0.000000000000000000, -1.000000000000000000, -0.000000000000000000 ) ) ;
#3121 = FACE_OUTER_BOUND ( 'NONE', #3046, .T. ) ;
#3122 = ORIENTED_EDGE ( 'NONE', *, *, #2052, .F. ) ;
#3123 = DIRECTION ( 'NONE',  ( -1.000000000000000000, 0.000000000000000000, 0.000000000000000000 ) ) ;
#3124 = ORIENTED_EDGE ( 'NONE', *, *, #2615, .F. ) ;
#3125 = EDGE_CURVE ( 'NONE', #3338, #1812, #2658, .T. ) ;
#3126 = ORIENTED_EDGE ( 'NONE', *, *, #1576, .T. ) ;
#3127 = CIRCLE ( 'NONE', #1731, 1.982698575061616175 ) ;
#3128 = DIRECTION ( 'NONE',  ( 0.000000000000000000, 0.000000000000000000, 1.000000000000000000 ) ) ;
#3129 = FACE_OUTER_BOUND ( 'NONE', #1456, .T. ) ;
#3130 = ORIENTED_EDGE ( 'NONE', *, *, #393, .F. ) ;
#3131 = ADVANCED_FACE ( 'NONE', ( #3442 ), #2940, .F. ) ;
#3132 = DIRECTION ( 'NONE',  ( 0.000000000000000000, 0.000000000000000000, 1.000000000000000000 ) ) ;
#3133 = CARTESIAN_POINT ( 'NONE',  ( 1.000000000000000888, 15.15660667164434550, -0.3856665032663461612 ) ) ;
#3134 = ADVANCED_FACE ( 'NONE', ( #982 ), #1278, .T. ) ;
#3135 = ORIENTED_EDGE ( 'NONE', *, *, #3371, .T. ) ;
#3136 = LINE ( 'NONE', #1754, #3022 ) ;
#3137 = CIRCLE ( 'NONE', #18, 2.000000000000001776 ) ;
#3138 = FACE_OUTER_BOUND ( 'NONE', #2827, .T. ) ;
#3139 = CARTESIAN_POINT ( 'NONE',  ( 11.98254692900325225, -12.50000000000000000, -14.49999999999999645 ) ) ;
#3140 =( NAMED_UNIT ( * ) PLANE_ANGLE_UNIT ( ) SI_UNIT ( $, .RADIAN. ) );
#3141 = DIRECTION ( 'NONE',  ( -1.000000000000000000, 0.000000000000000000, 0.000000000000000000 ) ) ;
#3142 = AXIS2_PLACEMENT_3D ( 'NONE', #3421, #1816, #2937 ) ;
#3143 = ORIENTED_EDGE ( 'NONE', *, *, #273, .F. ) ;
#3144 = ORIENTED_EDGE ( 'NONE', *, *, #1666, .F. ) ;
#3145 = FACE_OUTER_BOUND ( 'NONE', #1749, .T. ) ;
#3146 = DIRECTION ( 'NONE',  ( -1.000000000000000000, 0.000000000000000000, 0.000000000000000000 ) ) ;
#3147 = DIRECTION ( 'NONE',  ( -1.000000000000000000, 0.000000000000000000, 0.000000000000000000 ) ) ;
#3148 = CARTESIAN_POINT ( 'NONE',  ( 10.00000000000000178, 7.500000000000000000, 0.000000000000000000 ) ) ;
#3149 = VERTEX_POINT ( 'NONE', #702 ) ;
#3150 = VECTOR ( 'NONE', #3403, 1000.000000000000000 ) ;
#3151 = DIRECTION ( 'NONE',  ( 0.000000000000000000, 0.000000000000000000, -1.000000000000000000 ) ) ;
#3152 = ORIENTED_EDGE ( 'NONE', *, *, #117, .F. ) ;
#3153 = VERTEX_POINT ( 'NONE', #1791 ) ;
#3154 = ADVANCED_FACE ( 'NONE', ( #3196 ), #169, .F. ) ;
#3155 = DIRECTION ( 'NONE',  ( 0.000000000000000000, 0.000000000000000000, 1.000000000000000000 ) ) ;
#3156 = DIRECTION ( 'NONE',  ( 0.000000000000000000, 0.000000000000000000, -1.000000000000000000 ) ) ;
#3157 = EDGE_CURVE ( 'NONE', #863, #3219, #3456, .T. ) ;
#3158 = LINE ( 'NONE', #2120, #3016 ) ;
#3159 = DIRECTION ( 'NONE',  ( 0.000000000000000000, 0.000000000000000000, 1.000000000000000000 ) ) ;
#3160 = AXIS2_PLACEMENT_3D ( 'NONE', #1213, #3354, #3410 ) ;
#3161 = CIRCLE ( 'NONE', #2633, 5.000000000000000000 ) ;
#3162 = EDGE_LOOP ( 'NONE', ( #323, #3231 ) ) ;
#3163 = ORIENTED_EDGE ( 'NONE', *, *, #1120, .T. ) ;
#3164 = DIRECTION ( 'NONE',  ( -1.000000000000000000, 0.000000000000000000, 0.000000000000000000 ) ) ;
#3165 = AXIS2_PLACEMENT_3D ( 'NONE', #2867, #119, #2322 ) ;
#3166 = CARTESIAN_POINT ( 'NONE',  ( 5.000000000000001776, 5.500000000000000000, -5.000000000000000000 ) ) ;
#3167 = ADVANCED_FACE ( 'NONE', ( #2645 ), #1852, .F. ) ;
#3168 = DIRECTION ( 'NONE',  ( -0.000000000000000000, -0.000000000000000000, 1.000000000000000000 ) ) ;
#3169 = ORIENTED_EDGE ( 'NONE', *, *, #703, .F. ) ;
#3170 = VECTOR ( 'NONE', #1556, 1000.000000000000000 ) ;
#3171 = CARTESIAN_POINT ( 'NONE',  ( 12.00000000000000000, -12.50000000000000000, -14.49999999999999645 ) ) ;
#3172 = EDGE_CURVE ( 'NONE', #2832, #3338, #1267, .T. ) ;
#3173 = ORIENTED_EDGE ( 'NONE', *, *, #1562, .F. ) ;
#3174 = DIRECTION ( 'NONE',  ( -1.000000000000000000, 0.000000000000000000, 0.000000000000000000 ) ) ;
#3175 = CARTESIAN_POINT ( 'NONE',  ( 7.562686241507353913, -13.50000000000000178, 1.695858889160118066 ) ) ;
#3176 = EDGE_CURVE ( 'NONE', #67, #3058, #2643, .T. ) ;
#3177 = CARTESIAN_POINT ( 'NONE',  ( 5.000000000000000888, -5.500000000000000000, 0.000000000000000000 ) ) ;
#3178 = DIRECTION ( 'NONE',  ( 0.000000000000000000, -0.000000000000000000, 1.000000000000000000 ) ) ;
#3179 = EDGE_LOOP ( 'NONE', ( #1476, #780, #705, #110 ) ) ;
#3180 = CARTESIAN_POINT ( 'NONE',  ( 5.000000000000000888, 13.50000000000000178, 0.000000000000000000 ) ) ;
#3181 = CARTESIAN_POINT ( 'NONE',  ( 1.000000000000000888, -13.49999999999999289, -2.020725942163694278 ) ) ;
#3182 = LINE ( 'NONE', #3275, #484 ) ;
#3183 = DIRECTION ( 'NONE',  ( -1.000000000000000000, 0.000000000000000000, 0.000000000000000000 ) ) ;
#3184 = DIRECTION ( 'NONE',  ( -1.000000000000000000, 0.000000000000000000, 0.000000000000000000 ) ) ;
#3185 = ORIENTED_EDGE ( 'NONE', *, *, #1569, .F. ) ;
#3186 = AXIS2_PLACEMENT_3D ( 'NONE', #2129, #2079, #433 ) ;
#3187 = CARTESIAN_POINT ( 'NONE',  ( 5.000000000000000888, 5.500000000000000000, 0.000000000000000000 ) ) ;
#3188 = CIRCLE ( 'NONE', #1894, 2.000000000000000000 ) ;
#3189 = ORIENTED_EDGE ( 'NONE', *, *, #2624, .T. ) ;
#3190 = VECTOR ( 'NONE', #1840, 1000.000000000000000 ) ;
#3191 = DIRECTION ( 'NONE',  ( 0.000000000000000000, 0.000000000000000000, -1.000000000000000000 ) ) ;
#3192 = ORIENTED_EDGE ( 'NONE', *, *, #3216, .F. ) ;
#3193 = CARTESIAN_POINT ( 'NONE',  ( 10.00000000000000000, 12.50000000000000000, 16.49999999999999645 ) ) ;
#3194 = AXIS2_PLACEMENT_3D ( 'NONE', #801, #27, #3341 ) ;
#3195 = DIRECTION ( 'NONE',  ( 1.000000000000000000, 0.000000000000000000, 0.000000000000000000 ) ) ;
#3196 = FACE_OUTER_BOUND ( 'NONE', #2721, .T. ) ;
#3197 = VERTEX_POINT ( 'NONE', #3312 ) ;
#3198 = CARTESIAN_POINT ( 'NONE',  ( 10.00000000000000000, -7.500000000000000000, 7.500000000000000000 ) ) ;
#3199 = DIRECTION ( 'NONE',  ( 0.000000000000000000, 1.000000000000000000, 0.000000000000000000 ) ) ;
#3200 = ADVANCED_FACE ( 'NONE', ( #822, #2489 ), #2135, .T. ) ;
#3201 = DIRECTION ( 'NONE',  ( 1.000000000000000000, 0.000000000000000000, 0.000000000000000000 ) ) ;
#3202 = EDGE_LOOP ( 'NONE', ( #2915, #3025, #3561, #3378 ) ) ;
#3203 = LINE ( 'NONE', #1567, #124 ) ;
#3204 = ADVANCED_FACE ( 'NONE', ( #1639 ), #448, .F. ) ;
#3205 = VECTOR ( 'NONE', #2499, 1000.000000000000000 ) ;
#3206 = DIRECTION ( 'NONE',  ( 0.000000000000000000, 0.000000000000000000, -1.000000000000000000 ) ) ;
#3207 = CARTESIAN_POINT ( 'NONE',  ( 12.00000000000000000, 12.50000000000000000, -14.49999999999999645 ) ) ;
#3208 = CARTESIAN_POINT ( 'NONE',  ( 5.000000000000000888, -5.500000000000000000, 0.000000000000000000 ) ) ;
#3209 = DIRECTION ( 'NONE',  ( 0.000000000000000000, 0.000000000000000000, 1.000000000000000000 ) ) ;
#3210 = CARTESIAN_POINT ( 'NONE',  ( 20.00000000000000000, -12.50000000000000000, -13.08292428320507383 ) ) ;
#3211 = EDGE_CURVE ( 'NONE', #2279, #1472, #843, .T. ) ;
#3212 = ORIENTED_EDGE ( 'NONE', *, *, #3157, .T. ) ;
#3213 = DIRECTION ( 'NONE',  ( -0.000000000000000000, 1.000000000000000000, -0.000000000000000000 ) ) ;
#3214 = CARTESIAN_POINT ( 'NONE',  ( 12.00000000000000000, 12.50000000000000000, -14.49999999999999645 ) ) ;
#3215 = ORIENTED_EDGE ( 'NONE', *, *, #1008, .T. ) ;
#3216 = EDGE_CURVE ( 'NONE', #1713, #1025, #1651, .T. ) ;
#3217 = CIRCLE ( 'NONE', #1587, 4.000000000000000000 ) ;
#3218 = CARTESIAN_POINT ( 'NONE',  ( 5.000000000000000888, 11.95000000000000284, 0.000000000000000000 ) ) ;
#3219 = VERTEX_POINT ( 'NONE', #772 ) ;
#3220 = AXIS2_PLACEMENT_3D ( 'NONE', #1942, #1676, #1409 ) ;
#3221 = CARTESIAN_POINT ( 'NONE',  ( 1.000000000000000888, 11.50000000000000000, -8.499999999999992895 ) ) ;
#3222 = DIRECTION ( 'NONE',  ( 0.000000000000000000, -1.000000000000000000, 0.000000000000000000 ) ) ;
#3223 = CARTESIAN_POINT ( 'NONE',  ( 9.000000000000001776, -15.17820540470414237, 0.7212577301490319392 ) ) ;
#3224 = EDGE_CURVE ( 'NONE', #2230, #3265, #2062, .T. ) ;
#3225 = DIRECTION ( 'NONE',  ( 0.000000000000000000, -1.000000000000000000, -0.000000000000000000 ) ) ;
#3226 = CARTESIAN_POINT ( 'NONE',  ( 5.000000000000000888, 13.50000000000000178, 0.000000000000000000 ) ) ;
#3227 = CARTESIAN_POINT ( 'NONE',  ( 7.560708897070781198, -13.49999999999996447, -1.697000509502772259 ) ) ;
#3228 = ORIENTED_EDGE ( 'NONE', *, *, #1796, .F. ) ;
#3229 = DIRECTION ( 'NONE',  ( 1.000000000000000000, 0.000000000000000000, 0.000000000000000000 ) ) ;
#3230 = DIRECTION ( 'NONE',  ( 0.000000000000000000, 0.000000000000000000, 1.000000000000000000 ) ) ;
#3231 = ORIENTED_EDGE ( 'NONE', *, *, #530, .F. ) ;
#3232 = DIRECTION ( 'NONE',  ( -0.000000000000000000, -1.000000000000000000, -0.000000000000000000 ) ) ;
#3233 = ORIENTED_EDGE ( 'NONE', *, *, #2448, .F. ) ;
#3234 = CARTESIAN_POINT ( 'NONE',  ( 7.750000000000001776, -9.500000000000001776, 1.587713240271470427 ) ) ;
#3235 = CIRCLE ( 'NONE', #652, 2.000000000000001776 ) ;
#3236 = CARTESIAN_POINT ( 'NONE',  ( 9.000000000000001776, -17.50000000000000000, -17.49999999999999289 ) ) ;
#3237 = EDGE_CURVE ( 'NONE', #1006, #1982, #3027, .T. ) ;
#3238 = CARTESIAN_POINT ( 'NONE',  ( 10.00000000000000000, -12.50000000000000000, 10.51737757881003965 ) ) ;
#3239 = AXIS2_PLACEMENT_3D ( 'NONE', #1299, #3444, #756 ) ;
#3240 = FACE_OUTER_BOUND ( 'NONE', #1158, .T. ) ;
#3241 = CARTESIAN_POINT ( 'NONE',  ( 0.000000000000000000, 0.000000000000000000, 0.000000000000000000 ) ) ;
#3242 = AXIS2_PLACEMENT_3D ( 'NONE', #1413, #2514, #41 ) ;
#3243 = ORIENTED_EDGE ( 'NONE', *, *, #1940, .F. ) ;
#3244 = FACE_OUTER_BOUND ( 'NONE', #3112, .T. ) ;
#3245 = DIRECTION ( 'NONE',  ( -1.000000000000000000, 0.000000000000000000, 0.000000000000000000 ) ) ;
#3246 = ORIENTED_EDGE ( 'NONE', *, *, #864, .T. ) ;
#3247 = AXIS2_PLACEMENT_3D ( 'NONE', #115, #1225, #133 ) ;
#3248 = LINE ( 'NONE', #159, #405 ) ;
#3249 = ORIENTED_EDGE ( 'NONE', *, *, #908, .T. ) ;
#3250 = DIRECTION ( 'NONE',  ( -1.000000000000000000, -0.000000000000000000, -0.000000000000000000 ) ) ;
#3251 = AXIS2_PLACEMENT_3D ( 'NONE', #1681, #2244, #569 ) ;
#3252 = DIRECTION ( 'NONE',  ( -1.000000000000000000, -0.000000000000000000, -0.000000000000000000 ) ) ;
#3253 = LINE ( 'NONE', #1586, #984 ) ;
#3254 = ADVANCED_FACE ( 'NONE', ( #1589 ), #2688, .T. ) ;
#3255 = DIRECTION ( 'NONE',  ( 0.000000000000000000, 0.000000000000000000, 1.000000000000000000 ) ) ;
#3256 = CARTESIAN_POINT ( 'NONE',  ( 9.000000000000001776, 15.48126893046823582, -2.026956986410539230 ) ) ;
#3257 = EDGE_LOOP ( 'NONE', ( #1595, #837, #2384, #2476 ) ) ;
#3258 = CARTESIAN_POINT ( 'NONE',  ( 9.000000000000003553, 15.37187192822329429, 1.402323355981428543 ) ) ;
#3259 = DIRECTION ( 'NONE',  ( 0.000000000000000000, 0.000000000000000000, 1.000000000000000000 ) ) ;
#3260 = AXIS2_PLACEMENT_3D ( 'NONE', #1020, #2943, #2764 ) ;
#3261 = ORIENTED_EDGE ( 'NONE', *, *, #1633, .T. ) ;
#3262 = ORIENTED_EDGE ( 'NONE', *, *, #817, .T. ) ;
#3263 = EDGE_CURVE ( 'NONE', #840, #3523, #3271, .T. ) ;
#3264 = DIRECTION ( 'NONE',  ( -0.000000000000000000, 1.000000000000000000, -0.000000000000000000 ) ) ;
#3265 = VERTEX_POINT ( 'NONE', #1603 ) ;
#3266 = AXIS2_PLACEMENT_3D ( 'NONE', #3361, #409, #334 ) ;
#3267 = CARTESIAN_POINT ( 'NONE',  ( 7.000000000000000888, 13.50000000000000178, -2.433618704727591453 ) ) ;
#3268 = CIRCLE ( 'NONE', #35, 2.000000000000000000 ) ;
#3269 = CARTESIAN_POINT ( 'NONE',  ( 0.000000000000000000, -7.500000000000000000, -7.499999999999994671 ) ) ;
#3270 = DIRECTION ( 'NONE',  ( -1.000000000000000000, -0.000000000000000000, -0.000000000000000000 ) ) ;
#3271 = CIRCLE ( 'NONE', #560, 3.149999999999999911 ) ;
#3272 = EDGE_CURVE ( 'NONE', #242, #2442, #1093, .T. ) ;
#3273 = CIRCLE ( 'NONE', #860, 1.917056678327009545 ) ;
#3275 = CARTESIAN_POINT ( 'NONE',  ( 0.000000000000000000, -7.500000000000000000, 9.500000000000000000 ) ) ;
#3274 = FACE_BOUND ( 'NONE', #1830, .T. ) ;
#3276 = CARTESIAN_POINT ( 'NONE',  ( 3.000000000000000888, 15.50000000000000178, 10.49999999999999822 ) ) ;
#3277 = ADVANCED_FACE ( 'NONE', ( #2187 ), #853, .F. ) ;
#3278 = CARTESIAN_POINT ( 'NONE',  ( 10.00000000000000000, -12.50000000000000000, 18.48262242118995502 ) ) ;
#3279 = ORIENTED_EDGE ( 'NONE', *, *, #2730, .T. ) ;
#3280 = CARTESIAN_POINT ( 'NONE',  ( 1.000000000000000888, 15.37187192822329429, -1.402323355981427655 ) ) ;
#3281 = ORIENTED_EDGE ( 'NONE', *, *, #308, .F. ) ;
#3282 = LINE ( 'NONE', #2214, #2951 ) ;
#3283 = ADVANCED_FACE ( 'NONE', ( #3138 ), #583, .T. ) ;
#3284 = VERTEX_POINT ( 'NONE', #1171 ) ;
#3285 = VECTOR ( 'NONE', #1358, 1000.000000000000000 ) ;
#3286 = CARTESIAN_POINT ( 'NONE',  ( 0.000000000000000000, 17.50000000000000000, 19.50000000000000000 ) ) ;
#3287 = CARTESIAN_POINT ( 'NONE',  ( 1.000000000000000888, 15.41999545781942160, 1.625596388526942881 ) ) ;
#3288 = AXIS2_PLACEMENT_3D ( 'NONE', #2697, #1038, #1800 ) ;
#3289 = ORIENTED_EDGE ( 'NONE', *, *, #1813, .F. ) ;
#3290 = DIRECTION ( 'NONE',  ( 0.000000000000000000, 0.000000000000000000, 1.000000000000000000 ) ) ;
#3291 = DIRECTION ( 'NONE',  ( 0.000000000000000000, 0.000000000000000000, -1.000000000000000000 ) ) ;
#3292 = AXIS2_PLACEMENT_3D ( 'NONE', #2126, #2095, #2946 ) ;
#3293 = CYLINDRICAL_SURFACE ( 'NONE', #1353, 2.000000000000000000 ) ;
#3294 = VERTEX_POINT ( 'NONE', #1191 ) ;
#3295 = VECTOR ( 'NONE', #2271, 1000.000000000000000 ) ;
#3296 = DIRECTION ( 'NONE',  ( 1.000000000000000000, 0.000000000000000000, 0.000000000000000000 ) ) ;
#3297 = ORIENTED_EDGE ( 'NONE', *, *, #3211, .T. ) ;
#3298 = CARTESIAN_POINT ( 'NONE',  ( 9.000000000000001776, -15.35404962177391752, 1.734723475976807094E-15 ) ) ;
#3299 = ORIENTED_EDGE ( 'NONE', *, *, #1552, .F. ) ;
#3300 = EDGE_CURVE ( 'NONE', #2780, #2284, #921, .T. ) ;
#3301 = CARTESIAN_POINT ( 'NONE',  ( 7.000000000000000888, 13.50000000000000178, -8.499999999999992895 ) ) ;
#3302 = ORIENTED_EDGE ( 'NONE', *, *, #2934, .F. ) ;
#3303 = ORIENTED_EDGE ( 'NONE', *, *, #2661, .F. ) ;
#3304 = CIRCLE ( 'NONE', #1112, 1.417075716794923945 ) ;
#3305 = ADVANCED_FACE ( 'NONE', ( #939, #2842, #38, #3331, #2783, #668 ), #865, .F. ) ;
#3306 = DIRECTION ( 'NONE',  ( 1.000000000000000000, 0.000000000000000000, 0.000000000000000000 ) ) ;
#3307 = ORIENTED_EDGE ( 'NONE', *, *, #2836, .T. ) ;
#3308 = CARTESIAN_POINT ( 'NONE',  ( 10.00000000000000000, 15.50000000000000000, -19.49999999999999645 ) ) ;
#3309 = CIRCLE ( 'NONE', #3247, 2.000000000000000000 ) ;
#3310 = EDGE_LOOP ( 'NONE', ( #2247, #927, #3529, #224, #3013 ) ) ;
#3311 = DIRECTION ( 'NONE',  ( 0.8660254037844387076, 0.000000000000000000, 0.4999999999999998335 ) ) ;
#3312 = CARTESIAN_POINT ( 'NONE',  ( 5.000000000000000888, -7.500000000000000000, -5.000000000000000000 ) ) ;
#3313 = ORIENTED_EDGE ( 'NONE', *, *, #1926, .T. ) ;
#3314 = DIRECTION ( 'NONE',  ( 0.000000000000000000, 0.000000000000000000, 1.000000000000000000 ) ) ;
#3315 = PLANE ( 'NONE',  #2388 ) ;
#3316 = CARTESIAN_POINT ( 'NONE',  ( 7.000000000000000888, -13.50000000000000178, -10.49999999999999289 ) ) ;
#3317 = ORIENTED_EDGE ( 'NONE', *, *, #711, .T. ) ;
#3318 = EDGE_CURVE ( 'NONE', #1252, #889, #1150, .T. ) ;
#3319 = ORIENTED_EDGE ( 'NONE', *, *, #3513, .T. ) ;
#3320 = EDGE_LOOP ( 'NONE', ( #2455, #3496, #1514, #3545 ) ) ;
#3321 = CARTESIAN_POINT ( 'NONE',  ( 19.50436326774920914, -12.50000000000000000, 14.49999999999999645 ) ) ;
#3322 = VERTEX_POINT ( 'NONE', #901 ) ;
#3323 = ADVANCED_FACE ( 'NONE', ( #1985, #1262 ), #2083, .F. ) ;
#3324 = CARTESIAN_POINT ( 'NONE',  ( 0.000000000000000000, 5.500000000000000888, 7.500000000000000000 ) ) ;
#3325 = CARTESIAN_POINT ( 'NONE',  ( 2.898904542326278921, 13.50000000000000178, -2.350536308294798538 ) ) ;
#3326 = CIRCLE ( 'NONE', #740, 0.5000000000000004441 ) ;
#3327 = DIRECTION ( 'NONE',  ( -1.000000000000000000, 0.000000000000000000, 0.000000000000000000 ) ) ;
#3328 = AXIS2_PLACEMENT_3D ( 'NONE', #1315, #173, #2410 ) ;
#3329 = ORIENTED_EDGE ( 'NONE', *, *, #835, .T. ) ;
#3330 = PLANE ( 'NONE',  #832 ) ;
#3331 = FACE_BOUND ( 'NONE', #2270, .T. ) ;
#3332 = ADVANCED_FACE ( 'NONE', ( #417 ), #1820, .T. ) ;
#3333 = DIRECTION ( 'NONE',  ( 1.000000000000000000, 0.000000000000000000, -0.000000000000000000 ) ) ;
#3334 = ORIENTED_EDGE ( 'NONE', *, *, #3108, .T. ) ;
#3335 = CARTESIAN_POINT ( 'NONE',  ( 7.000000000000000888, -11.50000000000000178, 12.49999999999999822 ) ) ;
#3336 = DIRECTION ( 'NONE',  ( -1.000000000000000000, 0.000000000000000000, 0.000000000000000000 ) ) ;
#3337 = CARTESIAN_POINT ( 'NONE',  ( 1.000000000000000666, 15.14035771568517852, 0.4350847026542807860 ) ) ;
#3338 = VERTEX_POINT ( 'NONE', #751 ) ;
#3339 = EDGE_LOOP ( 'NONE', ( #3528, #3577, #945, #29 ) ) ;
#3340 = CARTESIAN_POINT ( 'NONE',  ( 2.250000000000002220, -9.500000000000001776, 1.587713240271472204 ) ) ;
#3341 = DIRECTION ( 'NONE',  ( 0.000000000000000000, 0.000000000000000000, 1.000000000000000000 ) ) ;
#3342 = ORIENTED_EDGE ( 'NONE', *, *, #2500, .T. ) ;
#3343 = PLANE ( 'NONE',  #57 ) ;
#3344 = ORIENTED_EDGE ( 'NONE', *, *, #362, .T. ) ;
#3345 = EDGE_CURVE ( 'NONE', #2966, #3437, #2642, .T. ) ;
#3346 = DIRECTION ( 'NONE',  ( -0.000000000000000000, 9.912705577010325549E-17, 1.000000000000000000 ) ) ;
#3347 = CARTESIAN_POINT ( 'NONE',  ( 10.00000000000000000, 17.50000000000000000, 17.50000000000000000 ) ) ;
#3348 = VECTOR ( 'NONE', #2965, 1000.000000000000000 ) ;
#3349 = ORIENTED_EDGE ( 'NONE', *, *, #111, .F. ) ;
#3350 = DIRECTION ( 'NONE',  ( -1.000000000000000000, 0.000000000000000000, 0.000000000000000000 ) ) ;
#3351 = DIRECTION ( 'NONE',  ( 0.000000000000000000, 0.000000000000000000, 1.000000000000000000 ) ) ;
#3352 = CARTESIAN_POINT ( 'NONE',  ( 0.000000000000000000, 7.500000000000000888, 9.500000000000000000 ) ) ;
#3353 = EDGE_CURVE ( 'NONE', #2941, #755, #1803, .T. ) ;
#3354 = DIRECTION ( 'NONE',  ( 0.000000000000000000, 0.000000000000000000, 1.000000000000000000 ) ) ;
#3355 = AXIS2_PLACEMENT_3D ( 'NONE', #3187, #193, #1271 ) ;
#3356 = VERTEX_POINT ( 'NONE', #134 ) ;
#3357 = ORIENTED_EDGE ( 'NONE', *, *, #727, .T. ) ;
#3358 = VERTEX_POINT ( 'NONE', #437 ) ;
#3359 = AXIS2_PLACEMENT_3D ( 'NONE', #611, #1680, #303 ) ;
#3360 = CARTESIAN_POINT ( 'NONE',  ( 8.999999999999998224, -15.15426128434020825, -1.188736636267632596 ) ) ;
#3361 = CARTESIAN_POINT ( 'NONE',  ( 5.000000000000000888, 13.50000000000000178, 0.000000000000000000 ) ) ;
#3362 = AXIS2_PLACEMENT_3D ( 'NONE', #3226, #2087, #2924 ) ;
#3363 = ORIENTED_EDGE ( 'NONE', *, *, #711, .F. ) ;
#3364 = CARTESIAN_POINT ( 'NONE',  ( 3.000000000000000888, 15.50000000000000178, 10.49999999999999822 ) ) ;
#3365 = CARTESIAN_POINT ( 'NONE',  ( 2.785490438311272854, 13.50000000241316300, -2.247241146426110614 ) ) ;
#3366 = EDGE_CURVE ( 'NONE', #3029, #2392, #977, .T. ) ;
#3367 = ORIENTED_EDGE ( 'NONE', *, *, #2104, .F. ) ;
#3368 = AXIS2_PLACEMENT_3D ( 'NONE', #2232, #3252, #1600 ) ;
#3369 = LINE ( 'NONE', #1941, #1286 ) ;
#3370 = CARTESIAN_POINT ( 'NONE',  ( 9.000000000000001776, 15.27865565065751596, 0.9978526203317048537 ) ) ;
#3371 = EDGE_CURVE ( 'NONE', #1117, #2575, #3273, .T. ) ;
#3372 = DIRECTION ( 'NONE',  ( 0.000000000000000000, 0.000000000000000000, 1.000000000000000000 ) ) ;
#3373 = CARTESIAN_POINT ( 'NONE',  ( 3.000000000000000888, -11.50000000000000178, 12.49999999999999822 ) ) ;
#3374 = CIRCLE ( 'NONE', #3251, 2.000000000000000000 ) ;
#3375 = LINE ( 'NONE', #1490, #794 ) ;
#3376 = LINE ( 'NONE', #87, #3205 ) ;
#3377 = ORIENTED_EDGE ( 'NONE', *, *, #47, .F. ) ;
#3378 = ORIENTED_EDGE ( 'NONE', *, *, #216, .F. ) ;
#3379 = VECTOR ( 'NONE', #2975, 1000.000000000000000 ) ;
#3380 = CARTESIAN_POINT ( 'NONE',  ( 1.000000000000000888, 15.50000000000000000, 19.50000000000000000 ) ) ;
#3381 = ORIENTED_EDGE ( 'NONE', *, *, #547, .F. ) ;
#3382 = DIRECTION ( 'NONE',  ( 0.000000000000000000, -1.000000000000000000, 0.000000000000000000 ) ) ;
#3383 = VERTEX_POINT ( 'NONE', #2938 ) ;
#3384 = ADVANCED_FACE ( 'NONE', ( #1245 ), #2782, .F. ) ;
#3385 = CARTESIAN_POINT ( 'NONE',  ( 1.894762530802335698, -13.67545804708509927, 1.523019391429609071 ) ) ;
#3386 =( NAMED_UNIT ( * ) PLANE_ANGLE_UNIT ( ) SI_UNIT ( $, .RADIAN. ) );
#3387 = ORIENTED_EDGE ( 'NONE', *, *, #1634, .T. ) ;
#3388 = LINE ( 'NONE', #862, #1573 ) ;
#3389 = EDGE_CURVE ( 'NONE', #3358, #1591, #1031, .T. ) ;
#3390 = CARTESIAN_POINT ( 'NONE',  ( 9.000000000000001776, 15.16332784145123647, -0.4317493609303474367 ) ) ;
#3391 = CIRCLE ( 'NONE', #1815, 2.000000000000001776 ) ;
#3392 = CARTESIAN_POINT ( 'NONE',  ( 12.00000000000000000, -12.50000000000000000, -10.51737757881003965 ) ) ;
#3393 = DIRECTION ( 'NONE',  ( -0.000000000000000000, -1.000000000000000000, -0.000000000000000000 ) ) ;
#3394 = LINE ( 'NONE', #671, #383 ) ;
#3395 = VECTOR ( 'NONE', #989, 1000.000000000000000 ) ;
#3396 = VERTEX_POINT ( 'NONE', #1775 ) ;
#3397 = ORIENTED_EDGE ( 'NONE', *, *, #556, .F. ) ;
#3398 = CARTESIAN_POINT ( 'NONE',  ( 3.000000000000000888, 11.50000000000000178, 8.499999999999998224 ) ) ;
#3399 = EDGE_CURVE ( 'NONE', #2161, #106, #699, .T. ) ;
#3400 = DIRECTION ( 'NONE',  ( 0.000000000000000000, 0.000000000000000000, -1.000000000000000000 ) ) ;
#3401 = VERTEX_POINT ( 'NONE', #1572 ) ;
#3402 = CYLINDRICAL_SURFACE ( 'NONE', #272, 1.599999999999994316 ) ;
#3403 = DIRECTION ( 'NONE',  ( 1.000000000000000000, 0.000000000000000000, -0.000000000000000000 ) ) ;
#3404 = CARTESIAN_POINT ( 'NONE',  ( 1.000000000000000888, 15.37216949935986676, -1.403650483261210891 ) ) ;
#3405 = AXIS2_PLACEMENT_3D ( 'NONE', #3550, #2672, #3002 ) ;
#3406 = VERTEX_POINT ( 'NONE', #398 ) ;
#3407 = CARTESIAN_POINT ( 'NONE',  ( 1.000000000000000888, -17.50000000000000000, 17.50000000000000000 ) ) ;
#3408 = CARTESIAN_POINT ( 'NONE',  ( 1.000000000000000888, 13.50000000000000178, 10.49999999999999822 ) ) ;
#3409 = CARTESIAN_POINT ( 'NONE',  ( 3.000000000000000888, 15.50000000000000178, 8.499999999999998224 ) ) ;
#3410 = DIRECTION ( 'NONE',  ( 1.000000000000000000, 0.000000000000000000, 0.000000000000000000 ) ) ;
#3411 = CIRCLE ( 'NONE', #3571, 2.000000000000000000 ) ;
#3412 = EDGE_LOOP ( 'NONE', ( #712, #2040, #2010, #369 ) ) ;
#3413 = ORIENTED_EDGE ( 'NONE', *, *, #504, .T. ) ;
#3414 = FACE_OUTER_BOUND ( 'NONE', #1951, .T. ) ;
#3415 = CARTESIAN_POINT ( 'NONE',  ( 0.000000000000000000, 5.500000000000001776, 9.500000000000000000 ) ) ;
#3416 = VERTEX_POINT ( 'NONE', #149 ) ;
#3417 = AXIS2_PLACEMENT_3D ( 'NONE', #3409, #1195, #1175 ) ;
#3418 = EDGE_CURVE ( 'NONE', #2530, #2708, #443, .T. ) ;
#3419 = CARTESIAN_POINT ( 'NONE',  ( 1.000000000000000888, -15.50000000000000178, -2.020725942163688504 ) ) ;
#3420 = EDGE_LOOP ( 'NONE', ( #2958, #3334, #1316, #107 ) ) ;
#3421 = CARTESIAN_POINT ( 'NONE',  ( 3.000000000000000888, 15.50000000000000178, 2.433618704727590565 ) ) ;
#3422 = CARTESIAN_POINT ( 'NONE',  ( 10.00000000000000000, -7.500000000000000000, 9.500000000000000000 ) ) ;
#3423 = ADVANCED_FACE ( 'NONE', ( #2319 ), #2904, .T. ) ;
#3424 = TOROIDAL_SURFACE ( 'NONE', #955, 1.417075716794924167, 0.5000000000000000000 ) ;
#3425 = DIRECTION ( 'NONE',  ( 0.000000000000000000, 0.000000000000000000, 1.000000000000000000 ) ) ;
#3426 = DIRECTION ( 'NONE',  ( -1.000000000000000000, 0.000000000000000000, 0.000000000000000000 ) ) ;
#3427 = VERTEX_POINT ( 'NONE', #818 ) ;
#3428 = ORIENTED_EDGE ( 'NONE', *, *, #1576, .F. ) ;
#3429 = EDGE_CURVE ( 'NONE', #1687, #1123, #2224, .T. ) ;
#3430 = DIRECTION ( 'NONE',  ( 0.000000000000000000, 0.000000000000000000, -1.000000000000000000 ) ) ;
#3431 = DIRECTION ( 'NONE',  ( 0.000000000000000000, 0.000000000000000000, -1.000000000000000000 ) ) ;
#3432 = DIRECTION ( 'NONE',  ( 1.000000000000000000, 0.000000000000000000, 0.000000000000000000 ) ) ;
#3433 = EDGE_CURVE ( 'NONE', #3153, #3294, #2927, .T. ) ;
#3434 = ORIENTED_EDGE ( 'NONE', *, *, #325, .F. ) ;
#3435 = AXIS2_PLACEMENT_3D ( 'NONE', #366, #2492, #145 ) ;
#3436 = CARTESIAN_POINT ( 'NONE',  ( 1.145826382531979659, -14.57898255851785052, 1.298106329499918887 ) ) ;
#3437 = VERTEX_POINT ( 'NONE', #3308 ) ;
#3438 = CARTESIAN_POINT ( 'NONE',  ( 2.250000000000002220, -9.500000000000001776, -1.587713240271470205 ) ) ;
#3439 = CARTESIAN_POINT ( 'NONE',  ( 10.00000000000000000, -12.50000000000000000, -14.49999999999999645 ) ) ;
#3440 = CARTESIAN_POINT ( 'NONE',  ( 10.00000000000000000, -12.50000000000000000, -16.49999999999999645 ) ) ;
#3441 = DIRECTION ( 'NONE',  ( 0.000000000000000000, -2.870967352741054830E-13, 1.000000000000000000 ) ) ;
#3442 = FACE_OUTER_BOUND ( 'NONE', #1477, .T. ) ;
#3443 = ORIENTED_EDGE ( 'NONE', *, *, #408, .F. ) ;
#3444 = DIRECTION ( 'NONE',  ( 1.000000000000000000, -0.000000000000000000, -0.000000000000000000 ) ) ;
#3445 = LINE ( 'NONE', #1826, #1769 ) ;
#3446 = EDGE_LOOP ( 'NONE', ( #434, #2920 ) ) ;
#3447 = CIRCLE ( 'NONE', #2451, 1.417075716794923945 ) ;
#3448 = CARTESIAN_POINT ( 'NONE',  ( 10.00000000000000000, 15.50000000000000000, 17.50000000000000000 ) ) ;
#3449 = CARTESIAN_POINT ( 'NONE',  ( 7.000000000000000888, -15.50000000000000178, 1.734723475976807094E-15 ) ) ;
#3450 = VERTEX_POINT ( 'NONE', #3021 ) ;
#3451 = FACE_OUTER_BOUND ( 'NONE', #3492, .T. ) ;
#3452 = CARTESIAN_POINT ( 'NONE',  ( 7.152597804594011066, -13.50000000000000178, 1.932623558603339564 ) ) ;
#3453 = ADVANCED_FACE ( 'NONE', ( #2168 ), #3118, .T. ) ;
#3454 = LINE ( 'NONE', #3440, #605 ) ;
#3455 = DIRECTION ( 'NONE',  ( -1.000000000000000000, 0.000000000000000000, 0.000000000000000000 ) ) ;
#3456 = LINE ( 'NONE', #2088, #3170 ) ;
#3457 = ORIENTED_EDGE ( 'NONE', *, *, #1099, .T. ) ;
#3458 = CARTESIAN_POINT ( 'NONE',  ( 10.00000000000000000, 17.50000000000000000, 19.50000000000000000 ) ) ;
#3459 = CARTESIAN_POINT ( 'NONE',  ( 0.000000000000000000, 5.500000000000001776, -9.499999999999996447 ) ) ;
#3460 = EDGE_LOOP ( 'NONE', ( #820, #479, #906, #2003, #2797 ) ) ;
#3461 = TOROIDAL_SURFACE ( 'NONE', #3288, 4.000000000000000000, 2.000000000000000000 ) ;
#3462 = LINE ( 'NONE', #1009, #63 ) ;
#3463 = AXIS2_PLACEMENT_3D ( 'NONE', #3070, #352, #125 ) ;
#3464 = CIRCLE ( 'NONE', #584, 1.982698575061616175 ) ;
#3465 = CARTESIAN_POINT ( 'NONE',  ( 1.000000000000000888, -13.50000000000000178, 8.499999999999998224 ) ) ;
#3466 = CARTESIAN_POINT ( 'NONE',  ( 5.000000000000000888, -5.500000000000000000, -5.000000000000000000 ) ) ;
#3467 = DIRECTION ( 'NONE',  ( 1.000000000000000000, -0.000000000000000000, 0.000000000000000000 ) ) ;
#3468 = EDGE_CURVE ( 'NONE', #3197, #1270, #3567, .T. ) ;
#3469 = CYLINDRICAL_SURFACE ( 'NONE', #430, 2.000000000000000000 ) ;
#3470 = TOROIDAL_SURFACE ( 'NONE', #2841, 3.982622421189957684, 2.000000000000000000 ) ;
#3471 = CARTESIAN_POINT ( 'NONE',  ( 5.000000000000000888, -5.500000000000000000, 0.000000000000000000 ) ) ;
#3472 = CARTESIAN_POINT ( 'NONE',  ( 20.00000000000000000, -12.50000000000000000, 14.49999999999999645 ) ) ;
#3473 = EDGE_CURVE ( 'NONE', #2759, #2909, #539, .T. ) ;
#3474 = VERTEX_POINT ( 'NONE', #3238 ) ;
#3475 = DIRECTION ( 'NONE',  ( 1.000000000000000000, -0.000000000000000000, -0.000000000000000000 ) ) ;
#3476 = DIRECTION ( 'NONE',  ( 0.000000000000000000, 0.000000000000000000, 1.000000000000000000 ) ) ;
#3477 = EDGE_CURVE ( 'NONE', #1591, #3358, #2592, .T. ) ;
#3478 = CYLINDRICAL_SURFACE ( 'NONE', #3260, 2.000000000000000000 ) ;
#3479 = VERTEX_POINT ( 'NONE', #2987 ) ;
#3480 = DIRECTION ( 'NONE',  ( 0.000000000000000000, -1.000000000000000000, 0.000000000000000000 ) ) ;
#3481 = AXIS2_PLACEMENT_3D ( 'NONE', #968, #1253, #3164 ) ;
#3482 = CARTESIAN_POINT ( 'NONE',  ( 0.000000000000000000, 0.000000000000000000, 0.000000000000000000 ) ) ;
#3483 = EDGE_LOOP ( 'NONE', ( #1407, #2747, #206, #2660 ) ) ;
#3484 = EDGE_CURVE ( 'NONE', #1329, #291, #940, .T. ) ;
#3485 = CIRCLE ( 'NONE', #1405, 2.000000000000000000 ) ;
#3486 = LINE ( 'NONE', #1863, #3088 ) ;
#3487 = CARTESIAN_POINT ( 'NONE',  ( 20.00000000000000000, 12.50000000000000000, 15.91707571679492084 ) ) ;
#3488 = DIRECTION ( 'NONE',  ( 0.000000000000000000, 0.000000000000000000, 1.000000000000000000 ) ) ;
#3489 = EDGE_CURVE ( 'NONE', #2279, #1346, #2878, .T. ) ;
#3490 = LINE ( 'NONE', #1029, #2147 ) ;
#3491 = CARTESIAN_POINT ( 'NONE',  ( 9.000000000000001776, -15.50000000069724493, -1.672430648115447616 ) ) ;
#3492 = EDGE_LOOP ( 'NONE', ( #1400, #2728, #1223, #1809 ) ) ;
#3493 = CARTESIAN_POINT ( 'NONE',  ( 3.000000000000000888, -15.50000000000000178, 2.020725942163690281 ) ) ;
#3494 = DIRECTION ( 'NONE',  ( -0.8660254037844384856, 0.000000000000000000, 0.5000000000000002220 ) ) ;
#3495 = ORIENTED_EDGE ( 'NONE', *, *, #2395, .T. ) ;
#3496 = ORIENTED_EDGE ( 'NONE', *, *, #638, .F. ) ;
#3497 = EDGE_CURVE ( 'NONE', #2832, #879, #690, .T. ) ;
#3498 = FACE_BOUND ( 'NONE', #2005, .T. ) ;
#3499 = VERTEX_POINT ( 'NONE', #520 ) ;
#3500 = ORIENTED_EDGE ( 'NONE', *, *, #3497, .F. ) ;
#3501 = DIRECTION ( 'NONE',  ( 0.000000000000000000, 0.000000000000000000, 1.000000000000000000 ) ) ;
#3502 = LINE ( 'NONE', #2716, #2268 ) ;
#3503 = CARTESIAN_POINT ( 'NONE',  ( 1.000000000000000888, 15.37724754551420148, 1.426634115089739252 ) ) ;
#3504 = ORIENTED_EDGE ( 'NONE', *, *, #2361, .F. ) ;
#3505 = FACE_OUTER_BOUND ( 'NONE', #3162, .T. ) ;
#3506 = DIRECTION ( 'NONE',  ( 0.000000000000000000, 1.000000000000000000, -1.224646799147353207E-16 ) ) ;
#3507 = ORIENTED_EDGE ( 'NONE', *, *, #1552, .T. ) ;
#3508 = CARTESIAN_POINT ( 'NONE',  ( 5.000000000000000888, -9.500000000000001776, 0.000000000000000000 ) ) ;
#3509 = LINE ( 'NONE', #743, #1998 ) ;
#3510 = ORIENTED_EDGE ( 'NONE', *, *, #1288, .F. ) ;
#3511 = CARTESIAN_POINT ( 'NONE',  ( 1.000000000000000888, -17.50000000000000000, -17.49999999999999289 ) ) ;
#3512 = EDGE_LOOP ( 'NONE', ( #747, #2754, #615, #3185 ) ) ;
#3513 = EDGE_CURVE ( 'NONE', #1117, #3076, #799, .T. ) ;
#3514 = AXIS2_PLACEMENT_3D ( 'NONE', #836, #800, #2200 ) ;
#3515 = CARTESIAN_POINT ( 'NONE',  ( 7.750000000000001776, -13.50000000000000178, 1.587713240271470427 ) ) ;
#3516 = CARTESIAN_POINT ( 'NONE',  ( 10.00000000000000000, -12.50000000000000000, -12.49999999999999467 ) ) ;
#3517 = CARTESIAN_POINT ( 'NONE',  ( 10.00000000000000000, -12.50000000000000000, 14.49999999999999645 ) ) ;
#3518 = AXIS2_PLACEMENT_3D ( 'NONE', #103, #3336, #368 ) ;
#3519 = CARTESIAN_POINT ( 'NONE',  ( 3.000000000000000888, -13.50000000000000178, 10.49999999999999822 ) ) ;
#3520 = CARTESIAN_POINT ( 'NONE',  ( 7.000000000000000888, 13.50000000000000178, -2.433618704727591009 ) ) ;
#3521 = CIRCLE ( 'NONE', #3362, 3.149999999999999911 ) ;
#3522 = EDGE_CURVE ( 'NONE', #284, #372, #3253, .T. ) ;
#3523 = VERTEX_POINT ( 'NONE', #1090 ) ;
#3524 = DIRECTION ( 'NONE',  ( 0.000000000000000000, -1.000000000000000000, 0.000000000000000000 ) ) ;
#3525 = FACE_OUTER_BOUND ( 'NONE', #3310, .T. ) ;
#3526 = CIRCLE ( 'NONE', #2844, 2.000000000000000000 ) ;
#3527 = AXIS2_PLACEMENT_3D ( 'NONE', #1360, #1602, #3004 ) ;
#3528 = ORIENTED_EDGE ( 'NONE', *, *, #2623, .F. ) ;
#3529 = ORIENTED_EDGE ( 'NONE', *, *, #1862, .F. ) ;
#3530 = AXIS2_PLACEMENT_3D ( 'NONE', #1697, #2510, #1190 ) ;
#3531 = DIRECTION ( 'NONE',  ( 0.000000000000000000, 0.000000000000000000, -1.000000000000000000 ) ) ;
#3532 = ORIENTED_EDGE ( 'NONE', *, *, #672, .F. ) ;
#3533 = CARTESIAN_POINT ( 'NONE',  ( 19.50436326774918072, 12.50000000000000000, -14.49999999999999645 ) ) ;
#3534 = ADVANCED_FACE ( 'NONE', ( #214 ), #455, .F. ) ;
#3535 = CARTESIAN_POINT ( 'NONE',  ( 5.000000000000002665, -9.500000000000001776, 3.175426480542941743 ) ) ;
#3536 = CARTESIAN_POINT ( 'NONE',  ( 1.000000000000000888, -15.50000000000000178, 2.020725942163690281 ) ) ;
#3537 = CIRCLE ( 'NONE', #1630, 2.000000000000000000 ) ;
#3538 = DIRECTION ( 'NONE',  ( 0.000000000000000000, 0.000000000000000000, -1.000000000000000000 ) ) ;
#3539 = CARTESIAN_POINT ( 'NONE',  ( 20.00000000000000000, 12.50000000000000000, 14.49999999999999645 ) ) ;
#3540 = ORIENTED_EDGE ( 'NONE', *, *, #1491, .T. ) ;
#3541 = CARTESIAN_POINT ( 'NONE',  ( 9.000000000000003553, 15.13447869286190794, 0.1764948619735073332 ) ) ;
#3542 = EDGE_CURVE ( 'NONE', #3284, #2456, #3114, .T. ) ;
#3543 = DIRECTION ( 'NONE',  ( 0.000000000000000000, -0.000000000000000000, -1.000000000000000000 ) ) ;
#3544 = AXIS2_PLACEMENT_3D ( 'NONE', #2159, #285, #3063 ) ;
#3545 = ORIENTED_EDGE ( 'NONE', *, *, #1566, .F. ) ;
#3546 = LINE ( 'NONE', #3037, #1789 ) ;
#3547 = ORIENTED_EDGE ( 'NONE', *, *, #3224, .T. ) ;
#3548 = LINE ( 'NONE', #2798, #2312 ) ;
#3549 = AXIS2_PLACEMENT_3D ( 'NONE', #2075, #2929, #1300 ) ;
#3550 = CARTESIAN_POINT ( 'NONE',  ( 5.000000000000000888, -7.500000000000000000, 0.000000000000000000 ) ) ;
#3551 = AXIS2_PLACEMENT_3D ( 'NONE', #3408, #2301, #81 ) ;
#3552 = VECTOR ( 'NONE', #474, 1000.000000000000000 ) ;
#3553 = CARTESIAN_POINT ( 'NONE',  ( 5.000000000000000888, -7.500000000000000000, 0.000000000000000000 ) ) ;
#3554 = DIRECTION ( 'NONE',  ( 0.000000000000000000, -0.000000000000000000, 1.000000000000000000 ) ) ;
#3555 = AXIS2_PLACEMENT_3D ( 'NONE', #2972, #278, #2205 ) ;
#3556 = EDGE_CURVE ( 'NONE', #2340, #2238, #897, .T. ) ;
#3557 = VERTEX_POINT ( 'NONE', #293 ) ;
#3558 = DIRECTION ( 'NONE',  ( 1.000000000000000000, -0.000000000000000000, -0.000000000000000000 ) ) ;
#3559 = ORIENTED_EDGE ( 'NONE', *, *, #1074, .T. ) ;
#3560 = CARTESIAN_POINT ( 'NONE',  ( 10.00000000000000000, 7.500000000000000888, 9.500000000000000000 ) ) ;
#3561 = ORIENTED_EDGE ( 'NONE', *, *, #1336, .F. ) ;
#3562 = EDGE_CURVE ( 'NONE', #3499, #2210, #1965, .T. ) ;
#3563 = ADVANCED_FACE ( 'NONE', ( #1981 ), #2034, .T. ) ;
#3564 = EDGE_LOOP ( 'NONE', ( #1152, #3297, #3050, #614 ) ) ;
#3565 = PLANE ( 'NONE',  #3007 ) ;
#3566 = ORIENTED_EDGE ( 'NONE', *, *, #504, .F. ) ;
#3567 = CIRCLE ( 'NONE', #3405, 5.000000000000000000 ) ;
#3568 = DIRECTION ( 'NONE',  ( 0.000000000000000000, 0.000000000000000000, -1.000000000000000000 ) ) ;
#3569 = CARTESIAN_POINT ( 'NONE',  ( 2.557659145516900434, 13.49999999767282866, 1.996791907944795330 ) ) ;
#3570 = AXIS2_PLACEMENT_3D ( 'NONE', #1105, #3306, #537 ) ;
#3571 = AXIS2_PLACEMENT_3D ( 'NONE', #3040, #2461, #3568 ) ;
#3572 = ORIENTED_EDGE ( 'NONE', *, *, #490, .F. ) ;
#3573 = DIRECTION ( 'NONE',  ( 0.000000000000000000, 0.000000000000000000, 1.000000000000000000 ) ) ;
#3574 = EDGE_CURVE ( 'NONE', #1580, #956, #1406, .T. ) ;
#3575 = CARTESIAN_POINT ( 'NONE',  ( 3.000000000000000888, 11.50000000000000000, -8.499999999999992895 ) ) ;
#3576 = AXIS2_PLACEMENT_3D ( 'NONE', #1950, #2309, #2325 ) ;
#3577 = ORIENTED_EDGE ( 'NONE', *, *, #600, .F. ) ;
#3578 = VECTOR ( 'NONE', #1929, 1000.000000000000000 ) ;
#3579 = DIRECTION ( 'NONE',  ( 0.000000000000000000, 0.000000000000000000, 1.000000000000000000 ) ) ;
ENDSEC;
END-ISO-10303-21;
