ISO-10303-21;
HEADER;
FILE_DESCRIPTION (( 'STEP AP214' ),
    '1' );
FILE_NAME ('P001-B101_RearEnclosure_Rev2D-3.STEP',
    '2026-05-06T23:02:44',
    ( '' ),
    ( '' ),
    'SwSTEP 2.0',
    'SolidWorks 2026',
    '' );
FILE_SCHEMA (( 'AUTOMOTIVE_DESIGN' ));
ENDSEC;

DATA;
#1 = VERTEX_POINT ( 'NONE', #1903 ) ;
#2 = CARTESIAN_POINT ( 'NONE',  ( 15.99999999999999289, 13.50000000000000000, 35.00000000000000000 ) ) ;
#3 = AXIS2_PLACEMENT_3D ( 'NONE', #1037, #1662, #1186 ) ;
#4 = VECTOR ( 'NONE', #778, 1000.000000000000000 ) ;
#5 = FACE_OUTER_BOUND ( 'NONE', #546, .T. ) ;
#6 = DIRECTION ( 'NONE',  ( 1.000000000000000000, 2.140784458307804350E-16, 2.262288689053293121E-16 ) ) ;
#7 = EDGE_CURVE ( 'NONE', #1301, #1440, #262, .T. ) ;
#8 = LINE ( 'NONE', #584, #452 ) ;
#9 = ORIENTED_EDGE ( 'NONE', *, *, #342, .F. ) ;
#10 = CARTESIAN_POINT ( 'NONE',  ( -14.00000000000000711, 13.50000000000000000, 0.000000000000000000 ) ) ;
#11 = ORIENTED_EDGE ( 'NONE', *, *, #792, .F. ) ;
#12 = CARTESIAN_POINT ( 'NONE',  ( -9.099999999999999645, 6.500000000000000000, 1.799999999999999378 ) ) ;
#13 = CARTESIAN_POINT ( 'NONE',  ( -14.00000000000000533, -6.499999999999999112, 33.00000000000000000 ) ) ;
#14 = ORIENTED_EDGE ( 'NONE', *, *, #89, .T. ) ;
#15 = CARTESIAN_POINT ( 'NONE',  ( -16.00000000000000711, 13.50000000000000000, 35.00000000000000000 ) ) ;
#16 = CIRCLE ( 'NONE', #1627, 3.750000000000000000 ) ;
#17 = EDGE_CURVE ( 'NONE', #909, #378, #854, .T. ) ;
#18 = CARTESIAN_POINT ( 'NONE',  ( 13.99999999999998579, 2.997098241630923034E-15, 13.50000000000001421 ) ) ;
#19 = ORIENTED_EDGE ( 'NONE', *, *, #1556, .F. ) ;
#20 = VECTOR ( 'NONE', #1251, 1000.000000000000000 ) ;
#21 = FACE_OUTER_BOUND ( 'NONE', #167, .T. ) ;
#22 = ORIENTED_EDGE ( 'NONE', *, *, #304, .F. ) ;
#23 = CARTESIAN_POINT ( 'NONE',  ( 11.50000000000000000, 2.461902127053975323E-15, 17.75000000000001066 ) ) ;
#24 = AXIS2_PLACEMENT_3D ( 'NONE', #373, #644, #791 ) ;
#25 = DIRECTION ( 'NONE',  ( 1.000000000000000000, -0.000000000000000000, 0.000000000000000000 ) ) ;
#26 = ORIENTED_EDGE ( 'NONE', *, *, #1106, .F. ) ;
#27 = LINE ( 'NONE', #771, #1401 ) ;
#28 = LINE ( 'NONE', #478, #1699 ) ;
#29 = VECTOR ( 'NONE', #316, 1000.000000000000000 ) ;
#30 = ORIENTED_EDGE ( 'NONE', *, *, #1508, .F. ) ;
#31 = FILL_AREA_STYLE_COLOUR ( '', #755 ) ;
#32 = EDGE_CURVE ( 'NONE', #1258, #1306, #687, .T. ) ;
#33 = ORIENTED_EDGE ( 'NONE', *, *, #447, .F. ) ;
#34 = LINE ( 'NONE', #620, #186 ) ;
#35 = ADVANCED_FACE ( 'NONE', ( #864 ), #1030, .F. ) ;
#36 = DIRECTION ( 'NONE',  ( 1.000000000000000000, 2.140784458307804350E-16, 2.262288689053293121E-16 ) ) ;
#37 = ORIENTED_EDGE ( 'NONE', *, *, #886, .F. ) ;
#38 = EDGE_CURVE ( 'NONE', #190, #99, #530, .T. ) ;
#39 = PLANE ( 'NONE',  #1304 ) ;
#40 = CIRCLE ( 'NONE', #1837, 2.000000000000000000 ) ;
#41 = CARTESIAN_POINT ( 'NONE',  ( -9.099999999999999645, 13.50000000000000000, -5.572142936120456341E-16 ) ) ;
#42 = VERTEX_POINT ( 'NONE', #416 ) ;
#43 = DIRECTION ( 'NONE',  ( 0.000000000000000000, -0.000000000000000000, -1.000000000000000000 ) ) ;
#44 = EDGE_LOOP ( 'NONE', ( #770, #188, #1694, #1664 ) ) ;
#45 = DIRECTION ( 'NONE',  ( 1.000000000000000000, 2.140784458307804350E-16, 2.262288689053293121E-16 ) ) ;
#46 = CARTESIAN_POINT ( 'NONE',  ( -10.00000000000000533, -6.500000000000000888, 11.00000000000000000 ) ) ;
#47 = VERTEX_POINT ( 'NONE', #1018 ) ;
#48 = FACE_OUTER_BOUND ( 'NONE', #1395, .T. ) ;
#49 = CARTESIAN_POINT ( 'NONE',  ( -16.00000000000000711, 23.00000000000000000, 19.75000000000000000 ) ) ;
#50 = ORIENTED_EDGE ( 'NONE', *, *, #155, .T. ) ;
#51 = VERTEX_POINT ( 'NONE', #272 ) ;
#52 = DIRECTION ( 'NONE',  ( 0.000000000000000000, 0.000000000000000000, -1.000000000000000000 ) ) ;
#53 = LINE ( 'NONE', #1572, #1385 ) ;
#54 = ORIENTED_EDGE ( 'NONE', *, *, #1421, .F. ) ;
#55 = AXIS2_PLACEMENT_3D ( 'NONE', #1576, #656, #59 ) ;
#56 = VECTOR ( 'NONE', #1303, 1000.000000000000000 ) ;
#57 = FACE_BOUND ( 'NONE', #1623, .T. ) ;
#58 = EDGE_CURVE ( 'NONE', #586, #1629, #1635, .T. ) ;
#59 = DIRECTION ( 'NONE',  ( 1.000000000000000000, 0.000000000000000000, 0.000000000000000000 ) ) ;
#60 = EDGE_LOOP ( 'NONE', ( #93, #534, #358, #1870 ) ) ;
#61 = ORIENTED_EDGE ( 'NONE', *, *, #1556, .T. ) ;
#62 = LINE ( 'NONE', #1264, #1128 ) ;
#63 = AXIS2_PLACEMENT_3D ( 'NONE', #1795, #559, #550 ) ;
#64 = CARTESIAN_POINT ( 'NONE',  ( -14.00000000000000711, 13.50000000000000000, 12.99999999999999822 ) ) ;
#65 = VERTEX_POINT ( 'NONE', #1919 ) ;
#66 = LINE ( 'NONE', #655, #1335 ) ;
#67 = CIRCLE ( 'NONE', #1712, 6.000000000000000000 ) ;
#68 = CARTESIAN_POINT ( 'NONE',  ( 15.99999999999998224, 3.425255133292483411E-15, 17.75000000000001066 ) ) ;
#69 = ORIENTED_EDGE ( 'NONE', *, *, #1864, .F. ) ;
#70 = APPLICATION_PROTOCOL_DEFINITION ( 'draft international standard', 'automotive_design', 1998, #1868 ) ;
#71 = ORIENTED_EDGE ( 'NONE', *, *, #1102, .T. ) ;
#72 = DIRECTION ( 'NONE',  ( 0.000000000000000000, 0.000000000000000000, -1.000000000000000000 ) ) ;
#73 = DIRECTION ( 'NONE',  ( 1.000000000000000000, 0.000000000000000000, 0.000000000000000000 ) ) ;
#74 = CARTESIAN_POINT ( 'NONE',  ( -9.099999999999999645, -6.500000000000000000, -5.572142936120456341E-16 ) ) ;
#75 = EDGE_CURVE ( 'NONE', #1046, #1934, #895, .T. ) ;
#76 = DIRECTION ( 'NONE',  ( -1.000000000000000000, 0.000000000000000000, 0.000000000000000000 ) ) ;
#77 = VERTEX_POINT ( 'NONE', #1146 ) ;
#78 = EDGE_CURVE ( 'NONE', #1723, #1596, #696, .T. ) ;
#79 =( NAMED_UNIT ( * ) SI_UNIT ( $, .STERADIAN. ) SOLID_ANGLE_UNIT ( ) );
#80 = VERTEX_POINT ( 'NONE', #1461 ) ;
#81 = VECTOR ( 'NONE', #1075, 1000.000000000000000 ) ;
#82 = CARTESIAN_POINT ( 'NONE',  ( 15.99999999999999289, 13.50000000000000000, 0.000000000000000000 ) ) ;
#83 = AXIS2_PLACEMENT_3D ( 'NONE', #1274, #1895, #516 ) ;
#84 = LINE ( 'NONE', #816, #760 ) ;
#85 = AXIS2_PLACEMENT_3D ( 'NONE', #1178, #97, #683 ) ;
#86 = DIRECTION ( 'NONE',  ( 0.000000000000000000, 0.000000000000000000, -1.000000000000000000 ) ) ;
#87 = CARTESIAN_POINT ( 'NONE',  ( -14.00000000000000711, 13.50000000000000000, 12.99999999999999822 ) ) ;
#88 = EDGE_LOOP ( 'NONE', ( #1414, #1399, #321, #1512, #1698, #392 ) ) ;
#89 = EDGE_CURVE ( 'NONE', #782, #181, #926, .T. ) ;
#90 = ORIENTED_EDGE ( 'NONE', *, *, #119, .T. ) ;
#91 = LINE ( 'NONE', #233, #1519 ) ;
#92 = ADVANCED_FACE ( 'NONE', ( #1176 ), #1473, .F. ) ;
#93 = ORIENTED_EDGE ( 'NONE', *, *, #1890, .T. ) ;
#94 = CIRCLE ( 'NONE', #491, 4.250000000000001776 ) ;
#95 = LINE ( 'NONE', #856, #603 ) ;
#96 = ADVANCED_FACE ( 'NONE', ( #873 ), #1604, .T. ) ;
#97 = DIRECTION ( 'NONE',  ( 0.000000000000000000, 0.000000000000000000, -1.000000000000000000 ) ) ;
#98 = SURFACE_STYLE_USAGE ( .BOTH. , #775 ) ;
#99 = VERTEX_POINT ( 'NONE', #1929 ) ;
#100 = CIRCLE ( 'NONE', #1579, 2.000000000000000000 ) ;
#101 = ORIENTED_EDGE ( 'NONE', *, *, #1491, .T. ) ;
#102 = FACE_OUTER_BOUND ( 'NONE', #1481, .T. ) ;
#103 = ORIENTED_EDGE ( 'NONE', *, *, #1568, .F. ) ;
#104 = DIRECTION ( 'NONE',  ( -0.000000000000000000, 0.000000000000000000, 1.000000000000000000 ) ) ;
#105 = EDGE_CURVE ( 'NONE', #77, #1907, #1784, .T. ) ;
#106 = PLANE ( 'NONE',  #1942 ) ;
#107 = LINE ( 'NONE', #690, #56 ) ;
#108 = DIRECTION ( 'NONE',  ( 1.000000000000000000, 2.140784458307804350E-16, 2.262288689053293121E-16 ) ) ;
#109 = EDGE_CURVE ( 'NONE', #1934, #1046, #94, .T. ) ;
#110 = VERTEX_POINT ( 'NONE', #388 ) ;
#111 = EDGE_CURVE ( 'NONE', #505, #42, #836, .T. ) ;
#112 = EDGE_LOOP ( 'NONE', ( #1308, #1592 ) ) ;
#113 = DIRECTION ( 'NONE',  ( -0.000000000000000000, 0.000000000000000000, -1.000000000000000000 ) ) ;
#114 = DIRECTION ( 'NONE',  ( 1.000000000000000000, 2.140784458307804350E-16, 2.262288689053293121E-16 ) ) ;
#115 = VECTOR ( 'NONE', #1949, 1000.000000000000000 ) ;
#116 = LINE ( 'NONE', #1768, #1885 ) ;
#117 = VECTOR ( 'NONE', #1396, 1000.000000000000000 ) ;
#118 = DIRECTION ( 'NONE',  ( 0.000000000000000000, -0.000000000000000000, -1.000000000000000000 ) ) ;
#119 = EDGE_CURVE ( 'NONE', #151, #964, #436, .T. ) ;
#120 = CARTESIAN_POINT ( 'NONE',  ( 15.99999999999999289, 11.50000000000000000, 35.00000000000000000 ) ) ;
#121 = ORIENTED_EDGE ( 'NONE', *, *, #1114, .T. ) ;
#122 = VECTOR ( 'NONE', #420, 1000.000000000000000 ) ;
#123 = VERTEX_POINT ( 'NONE', #598 ) ;
#124 = DIRECTION ( 'NONE',  ( 0.000000000000000000, 0.000000000000000000, 1.000000000000000000 ) ) ;
#125 = DIRECTION ( 'NONE',  ( 1.000000000000000000, 0.000000000000000000, 0.000000000000000000 ) ) ;
#126 = LINE ( 'NONE', #398, #1853 ) ;
#127 = AXIS2_PLACEMENT_3D ( 'NONE', #408, #104, #125 ) ;
#128 = PLANE ( 'NONE',  #1465 ) ;
#129 = CARTESIAN_POINT ( 'NONE',  ( 13.99999999999999112, 11.50000000000000000, 0.000000000000000000 ) ) ;
#130 = ORIENTED_EDGE ( 'NONE', *, *, #879, .T. ) ;
#131 = EDGE_CURVE ( 'NONE', #190, #1173, #1951, .T. ) ;
#132 = ORIENTED_EDGE ( 'NONE', *, *, #105, .F. ) ;
#133 = VECTOR ( 'NONE', #1121, 1000.000000000000000 ) ;
#134 = PLANE ( 'NONE',  #219 ) ;
#135 = CARTESIAN_POINT ( 'NONE',  ( 14.99999999999998579, 3.211176687461703617E-15, 17.75000000000001066 ) ) ;
#136 = FACE_OUTER_BOUND ( 'NONE', #1847, .T. ) ;
#137 = CARTESIAN_POINT ( 'NONE',  ( -14.00000000000000533, 13.50000000000000000, 33.00000000000000000 ) ) ;
#138 = LINE ( 'NONE', #1497, #1214 ) ;
#139 = VERTEX_POINT ( 'NONE', #921 ) ;
#140 = ADVANCED_FACE ( 'NONE', ( #1674 ), #578, .F. ) ;
#141 = CARTESIAN_POINT ( 'NONE',  ( -12.00000000000000533, -10.97213595499957783, 31.00000000000000000 ) ) ;
#142 = EDGE_CURVE ( 'NONE', #77, #1570, #1638, .T. ) ;
#143 = VERTEX_POINT ( 'NONE', #1339 ) ;
#144 = ORIENTED_EDGE ( 'NONE', *, *, #414, .F. ) ;
#145 = DIRECTION ( 'NONE',  ( -1.239088197126290570E-16, 1.000000000000000000, -0.000000000000000000 ) ) ;
#146 = MECHANICAL_DESIGN_GEOMETRIC_PRESENTATION_REPRESENTATION (  '', ( #1691 ), #670 ) ;
#147 = EDGE_CURVE ( 'NONE', #269, #422, #1081, .T. ) ;
#148 = LINE ( 'NONE', #738, #1367 ) ;
#149 = DIRECTION ( 'NONE',  ( 1.000000000000000000, 0.000000000000000000, 0.000000000000000000 ) ) ;
#150 = AXIS2_PLACEMENT_3D ( 'NONE', #68, #946, #1738 ) ;
#151 = VERTEX_POINT ( 'NONE', #1821 ) ;
#152 = CARTESIAN_POINT ( 'NONE',  ( 9.099999999999999645, 13.50000000000000000, -5.572142936120456341E-16 ) ) ;
#153 = ORIENTED_EDGE ( 'NONE', *, *, #1948, .T. ) ;
#154 = DIRECTION ( 'NONE',  ( 0.000000000000000000, 0.000000000000000000, -1.000000000000000000 ) ) ;
#155 = EDGE_CURVE ( 'NONE', #332, #151, #590, .T. ) ;
#156 = DIRECTION ( 'NONE',  ( 1.156482317317871725E-15, 0.000000000000000000, -1.000000000000000000 ) ) ;
#157 = DIRECTION ( 'NONE',  ( -0.000000000000000000, -0.000000000000000000, 1.000000000000000000 ) ) ;
#158 = LINE ( 'NONE', #1953, #29 ) ;
#159 = EDGE_LOOP ( 'NONE', ( #668, #413 ) ) ;
#160 = FACE_BOUND ( 'NONE', #1578, .T. ) ;
#161 = ORIENTED_EDGE ( 'NONE', *, *, #1818, .T. ) ;
#162 = DIRECTION ( 'NONE',  ( 1.000000000000000000, 2.140784458307804350E-16, 2.262288689053293121E-16 ) ) ;
#163 = DIRECTION ( 'NONE',  ( 1.000000000000000000, 0.000000000000000000, 0.000000000000000000 ) ) ;
#164 = VERTEX_POINT ( 'NONE', #182 ) ;
#165 = FACE_OUTER_BOUND ( 'NONE', #458, .T. ) ;
#166 = DIRECTION ( 'NONE',  ( -0.000000000000000000, -1.000000000000000000, -0.000000000000000000 ) ) ;
#167 = EDGE_LOOP ( 'NONE', ( #1240, #700, #1365, #1589 ) ) ;
#168 = ADVANCED_FACE ( 'NONE', ( #319 ), #1695, .T. ) ;
#169 = EDGE_LOOP ( 'NONE', ( #349, #1677, #230, #232, #14, #501, #1569 ) ) ;
#170 = PLANE ( 'NONE',  #1893 ) ;
#171 = LINE ( 'NONE', #1048, #347 ) ;
#172 = ORIENTED_EDGE ( 'NONE', *, *, #1529, .T. ) ;
#173 = DIRECTION ( 'NONE',  ( 1.000000000000000000, 0.000000000000000000, 0.000000000000000000 ) ) ;
#174 = EDGE_CURVE ( 'NONE', #338, #782, #445, .T. ) ;
#175 = DIRECTION ( 'NONE',  ( 0.000000000000000000, 1.000000000000000000, 0.000000000000000000 ) ) ;
#176 = ORIENTED_EDGE ( 'NONE', *, *, #1092, .T. ) ;
#177 = AXIS2_PLACEMENT_3D ( 'NONE', #418, #988, #409 ) ;
#178 = VECTOR ( 'NONE', #518, 1000.000000000000000 ) ;
#179 = VECTOR ( 'NONE', #275, 1000.000000000000000 ) ;
#180 = DIRECTION ( 'NONE',  ( 1.000000000000000000, 0.000000000000000000, 0.000000000000000000 ) ) ;
#181 = VERTEX_POINT ( 'NONE', #12 ) ;
#182 = CARTESIAN_POINT ( 'NONE',  ( -12.00000000000000533, -6.500000000000000000, 31.00000000000000000 ) ) ;
#183 = DIRECTION ( 'NONE',  ( 1.000000000000000000, 2.140784458307804350E-16, 2.262288689053293121E-16 ) ) ;
#184 = EDGE_LOOP ( 'NONE', ( #835, #878, #1134, #1084 ) ) ;
#185 = LINE ( 'NONE', #1678, #1183 ) ;
#186 = VECTOR ( 'NONE', #1237, 1000.000000000000000 ) ;
#187 = CARTESIAN_POINT ( 'NONE',  ( 11.09999999999999964, -6.500000000000000000, 1.799999999999999378 ) ) ;
#188 = ORIENTED_EDGE ( 'NONE', *, *, #1630, .T. ) ;
#189 = CARTESIAN_POINT ( 'NONE',  ( 9.099999999999999645, 13.50000000000000000, 1.799999999999999378 ) ) ;
#190 = VERTEX_POINT ( 'NONE', #894 ) ;
#191 = DIRECTION ( 'NONE',  ( 0.5999999999999990896, 0.000000000000000000, 0.8000000000000005995 ) ) ;
#192 = DIRECTION ( 'NONE',  ( -1.000000000000000000, 0.000000000000000000, 0.000000000000000000 ) ) ;
#193 = EDGE_CURVE ( 'NONE', #1258, #139, #726, .T. ) ;
#194 = ORIENTED_EDGE ( 'NONE', *, *, #1225, .T. ) ;
#195 = ADVANCED_FACE ( 'NONE', ( #1055 ), #1503, .T. ) ;
#196 = DIRECTION ( 'NONE',  ( 0.000000000000000000, 0.000000000000000000, -1.000000000000000000 ) ) ;
#197 = CARTESIAN_POINT ( 'NONE',  ( -11.50000000000000000, -6.499999999999999112, 33.00000000000000000 ) ) ;
#198 = ORIENTED_EDGE ( 'NONE', *, *, #1284, .T. ) ;
#199 = VERTEX_POINT ( 'NONE', #1946 ) ;
#200 = CARTESIAN_POINT ( 'NONE',  ( -10.00000000000000533, -6.500000000000000000, 14.99999999999999822 ) ) ;
#201 = EDGE_CURVE ( 'NONE', #1187, #278, #1684, .T. ) ;
#202 = CYLINDRICAL_SURFACE ( 'NONE', #463, 4.250000000000000000 ) ;
#203 = ORIENTED_EDGE ( 'NONE', *, *, #38, .F. ) ;
#204 = LINE ( 'NONE', #362, #570 ) ;
#205 = PLANE ( 'NONE',  #1504 ) ;
#206 = ORIENTED_EDGE ( 'NONE', *, *, #1864, .T. ) ;
#207 = ORIENTED_EDGE ( 'NONE', *, *, #1061, .T. ) ;
#208 = FACE_OUTER_BOUND ( 'NONE', #597, .T. ) ;
#209 = DIRECTION ( 'NONE',  ( 0.000000000000000000, 0.000000000000000000, 1.000000000000000000 ) ) ;
#210 = EDGE_LOOP ( 'NONE', ( #872, #1212, #613, #1150, #1581 ) ) ;
#211 = ADVANCED_FACE ( 'NONE', ( #1070 ), #735, .F. ) ;
#212 = DIRECTION ( 'NONE',  ( 0.000000000000000000, 0.000000000000000000, -1.000000000000000000 ) ) ;
#213 = DIRECTION ( 'NONE',  ( 0.000000000000000000, 0.000000000000000000, 1.000000000000000000 ) ) ;
#214 = ORIENTED_EDGE ( 'NONE', *, *, #371, .F. ) ;
#215 = ORIENTED_EDGE ( 'NONE', *, *, #1155, .T. ) ;
#216 = CARTESIAN_POINT ( 'NONE',  ( 0.000000000000000000, 0.000000000000000000, 0.000000000000000000 ) ) ;
#217 = CARTESIAN_POINT ( 'NONE',  ( 11.50000000000000000, 13.50000000000000000, 33.00000000000000000 ) ) ;
#218 = DIRECTION ( 'NONE',  ( -1.000000000000000000, 0.000000000000000000, -0.000000000000000000 ) ) ;
#219 = AXIS2_PLACEMENT_3D ( 'NONE', #1205, #442, #1045 ) ;
#220 = AXIS2_PLACEMENT_3D ( 'NONE', #1348, #301, #1804 ) ;
#221 = CARTESIAN_POINT ( 'NONE',  ( -12.50000000000000178, 13.50000000000000000, 9.000000000000000000 ) ) ;
#222 = LINE ( 'NONE', #1389, #1350 ) ;
#223 = ORIENTED_EDGE ( 'NONE', *, *, #1193, .F. ) ;
#224 = ORIENTED_EDGE ( 'NONE', *, *, #633, .F. ) ;
#225 = FACE_OUTER_BOUND ( 'NONE', #60, .T. ) ;
#226 = ORIENTED_EDGE ( 'NONE', *, *, #1778, .T. ) ;
#227 = DIRECTION ( 'NONE',  ( 1.000000000000000000, 2.140784458307804350E-16, 2.262288689053293121E-16 ) ) ;
#228 = DIRECTION ( 'NONE',  ( -1.000000000000000000, 0.000000000000000000, 0.000000000000000000 ) ) ;
#229 = LINE ( 'NONE', #818, #1082 ) ;
#230 = ORIENTED_EDGE ( 'NONE', *, *, #1663, .F. ) ;
#231 = ADVANCED_FACE ( 'NONE', ( #1347 ), #170, .T. ) ;
#232 = ORIENTED_EDGE ( 'NONE', *, *, #704, .T. ) ;
#233 = CARTESIAN_POINT ( 'NONE',  ( -14.00000000000000711, 13.50000000000000000, 35.00000000000000000 ) ) ;
#234 = FACE_OUTER_BOUND ( 'NONE', #297, .T. ) ;
#235 = AXIS2_PLACEMENT_3D ( 'NONE', #1807, #927, #1549 ) ;
#236 = CARTESIAN_POINT ( 'NONE',  ( -12.00000000000000711, 13.50000000000000000, 14.99999999999999822 ) ) ;
#237 = DIRECTION ( 'NONE',  ( -1.000000000000000000, 0.000000000000000000, 0.000000000000000000 ) ) ;
#238 = ORIENTED_EDGE ( 'NONE', *, *, #1785, .T. ) ;
#239 = DIRECTION ( 'NONE',  ( -0.000000000000000000, -0.000000000000000000, -1.000000000000000000 ) ) ;
#240 = ORIENTED_EDGE ( 'NONE', *, *, #1390, .T. ) ;
#241 = FACE_OUTER_BOUND ( 'NONE', #1058, .T. ) ;
#242 = VECTOR ( 'NONE', #987, 1000.000000000000000 ) ;
#243 = ORIENTED_EDGE ( 'NONE', *, *, #677, .F. ) ;
#244 = DIRECTION ( 'NONE',  ( 0.000000000000000000, 1.000000000000000000, -0.000000000000000000 ) ) ;
#245 = CARTESIAN_POINT ( 'NONE',  ( -12.00000000000000711, -10.97213595499957783, 11.00000000000000000 ) ) ;
#246 = EDGE_CURVE ( 'NONE', #676, #1536, #34, .T. ) ;
#247 = DIRECTION ( 'NONE',  ( -0.000000000000000000, -1.000000000000000000, -0.000000000000000000 ) ) ;
#248 = CARTESIAN_POINT ( 'NONE',  ( 13.99999999999999289, -11.50000000000000178, 35.00000000000000000 ) ) ;
#249 = ORIENTED_EDGE ( 'NONE', *, *, #1948, .F. ) ;
#250 = VECTOR ( 'NONE', #454, 1000.000000000000000 ) ;
#251 = EDGE_LOOP ( 'NONE', ( #1457, #1250, #548, #1555 ) ) ;
#252 = EDGE_CURVE ( 'NONE', #1027, #1811, #884, .T. ) ;
#253 = CARTESIAN_POINT ( 'NONE',  ( 1.000000000000000000, -6.499999999999998224, 7.500000000000000000 ) ) ;
#254 = DIRECTION ( 'NONE',  ( 4.081702296416015011E-16, 0.000000000000000000, -1.000000000000000000 ) ) ;
#255 = EDGE_CURVE ( 'NONE', #685, #1054, #62, .T. ) ;
#256 = PLANE ( 'NONE',  #480 ) ;
#257 = CARTESIAN_POINT ( 'NONE',  ( 18.70761493398643438, 0.000000000000000000, 23.00000000000000000 ) ) ;
#258 = LINE ( 'NONE', #1923, #761 ) ;
#259 = ORIENTED_EDGE ( 'NONE', *, *, #1538, .T. ) ;
#260 = ORIENTED_EDGE ( 'NONE', *, *, #147, .T. ) ;
#261 = PLANE ( 'NONE',  #1137 ) ;
#262 = LINE ( 'NONE', #1156, #1480 ) ;
#263 = DIRECTION ( 'NONE',  ( 0.000000000000000000, 1.000000000000000000, 0.000000000000000000 ) ) ;
#264 = EDGE_CURVE ( 'NONE', #861, #734, #630, .T. ) ;
#265 = VECTOR ( 'NONE', #543, 1000.000000000000000 ) ;
#266 = CARTESIAN_POINT ( 'NONE',  ( -9.475000000000001421, 6.000000000000000000, 1.799999999999999378 ) ) ;
#267 = CARTESIAN_POINT ( 'NONE',  ( -16.00000000000000711, -11.50000000000000178, 35.00000000000000000 ) ) ;
#268 = VERTEX_POINT ( 'NONE', #648 ) ;
#269 = VERTEX_POINT ( 'NONE', #200 ) ;
#270 = AXIS2_PLACEMENT_3D ( 'NONE', #1665, #904, #1359 ) ;
#271 = CARTESIAN_POINT ( 'NONE',  ( 18.70761493398643438, 23.00000000000000000, 26.25000000000000355 ) ) ;
#272 = CARTESIAN_POINT ( 'NONE',  ( 11.50000000000000355, 13.50000000000000000, 9.000000000000000000 ) ) ;
#273 = AXIS2_PLACEMENT_3D ( 'NONE', #1400, #485, #341 ) ;
#274 = EDGE_CURVE ( 'NONE', #510, #1204, #1419, .T. ) ;
#275 = DIRECTION ( 'NONE',  ( 1.000000000000000000, 0.000000000000000000, 0.000000000000000000 ) ) ;
#276 = LINE ( 'NONE', #1932, #1220 ) ;
#277 = FACE_OUTER_BOUND ( 'NONE', #1263, .T. ) ;
#278 = VERTEX_POINT ( 'NONE', #1873 ) ;
#279 = LINE ( 'NONE', #892, #1450 ) ;
#280 = VERTEX_POINT ( 'NONE', #784 ) ;
#281 = EDGE_CURVE ( 'NONE', #632, #1661, #660, .T. ) ;
#282 = CARTESIAN_POINT ( 'NONE',  ( 11.09999999999999964, 13.50000000000000000, 1.799999999999999378 ) ) ;
#283 = CARTESIAN_POINT ( 'NONE',  ( -11.09999999999999964, 13.50000000000000000, 4.999999999999999112 ) ) ;
#284 = CARTESIAN_POINT ( 'NONE',  ( -16.00000000000000711, -13.50000000000000000, 35.00000000000000000 ) ) ;
#285 = CARTESIAN_POINT ( 'NONE',  ( -9.475000000000001421, 6.000000000000000000, -1.030776406404414480 ) ) ;
#286 = EDGE_LOOP ( 'NONE', ( #1246, #1588, #198, #1051, #1644, #1824, #1244, #464 ) ) ;
#287 = EDGE_CURVE ( 'NONE', #378, #328, #495, .T. ) ;
#288 = CARTESIAN_POINT ( 'NONE',  ( 11.50000000000000000, -42.21064267133819925, 33.00000000000000000 ) ) ;
#289 = ORIENTED_EDGE ( 'NONE', *, *, #394, .F. ) ;
#290 = DIRECTION ( 'NONE',  ( 0.000000000000000000, 0.000000000000000000, 1.000000000000000000 ) ) ;
#291 = DIRECTION ( 'NONE',  ( 1.000000000000000000, 0.000000000000000000, 0.000000000000000000 ) ) ;
#292 = ADVANCED_FACE ( 'NONE', ( #208 ), #931, .F. ) ;
#293 = AXIS2_PLACEMENT_3D ( 'NONE', #1241, #1845, #477 ) ;
#294 = CARTESIAN_POINT ( 'NONE',  ( -14.00000000000000533, 13.50000000000000000, 26.25000000000000355 ) ) ;
#295 = LINE ( 'NONE', #889, #1566 ) ;
#296 = AXIS2_PLACEMENT_3D ( 'NONE', #1567, #383, #213 ) ;
#297 = EDGE_LOOP ( 'NONE', ( #412, #1122, #1654, #1671 ) ) ;
#298 = DIRECTION ( 'NONE',  ( -0.000000000000000000, -0.000000000000000000, 1.000000000000000000 ) ) ;
#299 = EDGE_LOOP ( 'NONE', ( #1223, #1710, #783, #1269, #1843, #1182, #1426, #679, #637, #1253, #1151, #309, #1064, #1429, #607, #206, #207, #1792, #1642, #1743, #1924, #1104, #757, #1834, #1533, #1409, #1432, #1008, #1162 ) ) ;
#300 = CARTESIAN_POINT ( 'NONE',  ( -8.849999999999999645, 6.000000000000000000, -1.030776406404414480 ) ) ;
#301 = DIRECTION ( 'NONE',  ( 1.000000000000000000, 2.140784458307804350E-16, 2.262288689053293121E-16 ) ) ;
#302 = ORIENTED_EDGE ( 'NONE', *, *, #142, .F. ) ;
#303 = DIRECTION ( 'NONE',  ( 1.000000000000000000, -0.000000000000000000, 0.000000000000000000 ) ) ;
#304 = EDGE_CURVE ( 'NONE', #318, #1383, #638, .T. ) ;
#305 = ADVANCED_FACE ( 'NONE', ( #777 ), #1255, .F. ) ;
#306 = DIRECTION ( 'NONE',  ( -1.000000000000000000, 1.239088197126290570E-16, -0.000000000000000000 ) ) ;
#307 = ORIENTED_EDGE ( 'NONE', *, *, #953, .T. ) ;
#308 = LINE ( 'NONE', #863, #250 ) ;
#309 = ORIENTED_EDGE ( 'NONE', *, *, #1377, .T. ) ;
#310 = DIRECTION ( 'NONE',  ( 1.000000000000000000, 0.000000000000000000, 0.000000000000000000 ) ) ;
#311 = VECTOR ( 'NONE', #724, 1000.000000000000000 ) ;
#312 = LINE ( 'NONE', #449, #1551 ) ;
#313 = ORIENTED_EDGE ( 'NONE', *, *, #287, .T. ) ;
#314 = ADVANCED_FACE ( 'NONE', ( #1553 ), #1093, .T. ) ;
#315 = DIRECTION ( 'NONE',  ( 0.000000000000000000, 0.000000000000000000, 1.000000000000000000 ) ) ;
#316 = DIRECTION ( 'NONE',  ( -0.000000000000000000, -1.000000000000000000, -0.000000000000000000 ) ) ;
#317 = ORIENTED_EDGE ( 'NONE', *, *, #643, .F. ) ;
#318 = VERTEX_POINT ( 'NONE', #1863 ) ;
#319 = FACE_OUTER_BOUND ( 'NONE', #1194, .T. ) ;
#320 = DIRECTION ( 'NONE',  ( -0.000000000000000000, 1.000000000000000000, -0.000000000000000000 ) ) ;
#321 = ORIENTED_EDGE ( 'NONE', *, *, #944, .T. ) ;
#322 = CARTESIAN_POINT ( 'NONE',  ( 9.099999999999999645, 13.50000000000000000, 1.799999999999999378 ) ) ;
#323 = EDGE_CURVE ( 'NONE', #632, #1358, #1716, .T. ) ;
#324 = DIRECTION ( 'NONE',  ( -1.000000000000000000, 0.000000000000000000, 0.000000000000000000 ) ) ;
#325 = VERTEX_POINT ( 'NONE', #1412 ) ;
#326 = AXIS2_PLACEMENT_3D ( 'NONE', #1364, #594, #1530 ) ;
#327 = FACE_OUTER_BOUND ( 'NONE', #1817, .T. ) ;
#328 = VERTEX_POINT ( 'NONE', #1726 ) ;
#329 = DIRECTION ( 'NONE',  ( 0.000000000000000000, 1.000000000000000000, 0.000000000000000000 ) ) ;
#330 = AXIS2_PLACEMENT_3D ( 'NONE', #1779, #552, #410 ) ;
#331 = DIRECTION ( 'NONE',  ( 0.000000000000000000, 0.000000000000000000, -1.000000000000000000 ) ) ;
#332 = VERTEX_POINT ( 'NONE', #804 ) ;
#333 = ADVANCED_FACE ( 'NONE', ( #1521 ), #1660, .F. ) ;
#334 = VECTOR ( 'NONE', #72, 1000.000000000000000 ) ;
#335 = DIRECTION ( 'NONE',  ( -0.000000000000000000, -0.000000000000000000, -1.000000000000000000 ) ) ;
#336 = VECTOR ( 'NONE', #1539, 1000.000000000000000 ) ;
#337 = CYLINDRICAL_SURFACE ( 'NONE', #235, 0.6250000000000005551 ) ;
#338 = VERTEX_POINT ( 'NONE', #1509 ) ;
#339 = EDGE_CURVE ( 'NONE', #1596, #909, #158, .T. ) ;
#340 = EDGE_LOOP ( 'NONE', ( #972, #1882, #556, #1499 ) ) ;
#341 = DIRECTION ( 'NONE',  ( -1.000000000000000000, 0.000000000000000000, 0.000000000000000000 ) ) ;
#342 = EDGE_CURVE ( 'NONE', #1747, #909, #773, .T. ) ;
#343 = CARTESIAN_POINT ( 'NONE',  ( 13.99999999999999289, -11.50000000000000178, 35.00000000000000000 ) ) ;
#344 = VECTOR ( 'NONE', #1357, 1000.000000000000000 ) ;
#345 = CIRCLE ( 'NONE', #1548, 2.000000000000000000 ) ;
#346 = CARTESIAN_POINT ( 'NONE',  ( -1.000000000000000000, -6.499999999999998224, 4.999999999999997335 ) ) ;
#347 = VECTOR ( 'NONE', #875, 1000.000000000000000 ) ;
#348 = FACE_OUTER_BOUND ( 'NONE', #1728, .T. ) ;
#349 = ORIENTED_EDGE ( 'NONE', *, *, #669, .T. ) ;
#350 = ORIENTED_EDGE ( 'NONE', *, *, #1431, .T. ) ;
#351 = DIRECTION ( 'NONE',  ( 0.000000000000000000, 1.000000000000000000, 0.000000000000000000 ) ) ;
#352 = EDGE_CURVE ( 'NONE', #356, #1090, #1386, .T. ) ;
#353 = DIRECTION ( 'NONE',  ( -1.000000000000000000, 0.000000000000000000, 0.000000000000000000 ) ) ;
#354 = DIRECTION ( 'NONE',  ( 2.262288689053293121E-16, 0.000000000000000000, -1.000000000000000000 ) ) ;
#355 = CARTESIAN_POINT ( 'NONE',  ( 11.50000000000000355, -6.499999999999999112, 9.000000000000001776 ) ) ;
#356 = VERTEX_POINT ( 'NONE', #1816 ) ;
#357 = VECTOR ( 'NONE', #1757, 1000.000000000000000 ) ;
#358 = ORIENTED_EDGE ( 'NONE', *, *, #669, .F. ) ;
#359 = CARTESIAN_POINT ( 'NONE',  ( -10.00000000000000178, -10.97213595499957783, 31.00000000000000000 ) ) ;
#360 = DIRECTION ( 'NONE',  ( -1.156482317317871725E-15, 0.000000000000000000, -1.000000000000000000 ) ) ;
#361 = AXIS2_PLACEMENT_3D ( 'NONE', #1222, #1211, #451 ) ;
#362 = CARTESIAN_POINT ( 'NONE',  ( -12.00000000000000533, 13.50000000000000000, 31.00000000000000000 ) ) ;
#363 = LINE ( 'NONE', #1713, #1471 ) ;
#364 = DIRECTION ( 'NONE',  ( -1.239088197126290570E-16, 1.000000000000000000, -0.000000000000000000 ) ) ;
#365 = AXIS2_PLACEMENT_3D ( 'NONE', #1198, #162, #1525 ) ;
#366 = ORIENTED_EDGE ( 'NONE', *, *, #1404, .F. ) ;
#367 = VERTEX_POINT ( 'NONE', #899 ) ;
#368 = CARTESIAN_POINT ( 'NONE',  ( 18.70761493398643438, 3.980102097228896259E-16, 19.75000000000000000 ) ) ;
#369 = ORIENTED_EDGE ( 'NONE', *, *, #1491, .F. ) ;
#370 = LINE ( 'NONE', #1711, #945 ) ;
#371 = EDGE_CURVE ( 'NONE', #47, #1285, #762, .T. ) ;
#372 = EDGE_CURVE ( 'NONE', #1901, #1781, #1375, .T. ) ;
#373 = CARTESIAN_POINT ( 'NONE',  ( 1.000000000000000000, -6.499999999999998224, 42.28010988928051717 ) ) ;
#374 =( NAMED_UNIT ( * ) SI_UNIT ( $, .STERADIAN. ) SOLID_ANGLE_UNIT ( ) );
#375 = EDGE_LOOP ( 'NONE', ( #468, #54, #928, #11 ) ) ;
#376 = AXIS2_PLACEMENT_3D ( 'NONE', #1526, #1796, #428 ) ;
#377 =( NAMED_UNIT ( * ) PLANE_ANGLE_UNIT ( ) SI_UNIT ( $, .RADIAN. ) );
#378 = VERTEX_POINT ( 'NONE', #460 ) ;
#379 = FACE_OUTER_BOUND ( 'NONE', #1690, .T. ) ;
#380 = ORIENTED_EDGE ( 'NONE', *, *, #1624, .F. ) ;
#381 = VERTEX_POINT ( 'NONE', #440 ) ;
#382 = LINE ( 'NONE', #1382, #1351 ) ;
#383 = DIRECTION ( 'NONE',  ( -1.000000000000000000, 0.000000000000000000, 0.000000000000000000 ) ) ;
#384 = CARTESIAN_POINT ( 'NONE',  ( -16.00000000000000711, 11.50000000000000000, 35.00000000000000000 ) ) ;
#385 = ORIENTED_EDGE ( 'NONE', *, *, #1420, .F. ) ;
#386 = VERTEX_POINT ( 'NONE', #18 ) ;
#387 = LINE ( 'NONE', #1292, #1648 ) ;
#388 = CARTESIAN_POINT ( 'NONE',  ( -1.000000000000000888, -6.499999999999999112, 33.00000000000000000 ) ) ;
#389 = LINE ( 'NONE', #1607, #179 ) ;
#390 = CARTESIAN_POINT ( 'NONE',  ( -9.475000000000001421, 6.000000000000000000, 0.000000000000000000 ) ) ;
#391 = LINE ( 'NONE', #1941, #1463 ) ;
#392 = ORIENTED_EDGE ( 'NONE', *, *, #78, .F. ) ;
#393 = VERTEX_POINT ( 'NONE', #1352 ) ;
#394 = EDGE_CURVE ( 'NONE', #1849, #984, #8, .T. ) ;
#395 = VECTOR ( 'NONE', #351, 1000.000000000000000 ) ;
#396 = DIRECTION ( 'NONE',  ( 1.084202172485504434E-16, -1.000000000000000000, 0.000000000000000000 ) ) ;
#397 = DIRECTION ( 'NONE',  ( 0.000000000000000000, 0.000000000000000000, -1.000000000000000000 ) ) ;
#398 = CARTESIAN_POINT ( 'NONE',  ( -9.099999999999999645, 6.500000000000000000, -1.030776406404414480 ) ) ;
#399 = DIRECTION ( 'NONE',  ( 0.000000000000000000, 0.000000000000000000, 1.000000000000000000 ) ) ;
#400 = DIRECTION ( 'NONE',  ( 0.000000000000000000, 1.000000000000000000, 0.000000000000000000 ) ) ;
#401 = ORIENTED_EDGE ( 'NONE', *, *, #677, .T. ) ;
#402 = AXIS2_PLACEMENT_3D ( 'NONE', #271, #113, #1591 ) ;
#403 = VECTOR ( 'NONE', #1874, 1000.000000000000000 ) ;
#404 = VECTOR ( 'NONE', #1486, 1000.000000000000000 ) ;
#405 = ORIENTED_EDGE ( 'NONE', *, *, #1106, .T. ) ;
#406 = FACE_OUTER_BOUND ( 'NONE', #1206, .T. ) ;
#407 = ADVANCED_FACE ( 'NONE', ( #1243 ), #1231, .T. ) ;
#408 = CARTESIAN_POINT ( 'NONE',  ( -12.50000000000000178, -42.21064267133819925, 9.000000000000000000 ) ) ;
#409 = DIRECTION ( 'NONE',  ( 0.000000000000000000, 0.000000000000000000, -1.000000000000000000 ) ) ;
#410 = DIRECTION ( 'NONE',  ( 0.000000000000000000, 0.000000000000000000, 1.000000000000000000 ) ) ;
#411 = CARTESIAN_POINT ( 'NONE',  ( 14.99999999999998934, 3.777458460057350911E-15, 21.50000000000001066 ) ) ;
#412 = ORIENTED_EDGE ( 'NONE', *, *, #1501, .F. ) ;
#413 = ORIENTED_EDGE ( 'NONE', *, *, #1624, .T. ) ;
#414 = EDGE_CURVE ( 'NONE', #80, #280, #481, .T. ) ;
#415 = CARTESIAN_POINT ( 'NONE',  ( -0.9999999999999991118, -13.25000000000000000, 0.000000000000000000 ) ) ;
#416 = CARTESIAN_POINT ( 'NONE',  ( -16.00000000000000711, -11.50000000000000178, 35.00000000000000000 ) ) ;
#417 = EDGE_CURVE ( 'NONE', #659, #964, #1633, .T. ) ;
#418 = CARTESIAN_POINT ( 'NONE',  ( 13.99999999999998757, 2.997098241630923428E-15, 17.75000000000001066 ) ) ;
#419 = VECTOR ( 'NONE', #697, 1000.000000000000000 ) ;
#420 = DIRECTION ( 'NONE',  ( -0.000000000000000000, -0.000000000000000000, 1.000000000000000000 ) ) ;
#421 = CARTESIAN_POINT ( 'NONE',  ( 15.99999999999998579, 3.425255133292484199E-15, 17.75000000000001066 ) ) ;
#422 = VERTEX_POINT ( 'NONE', #1826 ) ;
#423 = EDGE_CURVE ( 'NONE', #903, #1411, #1858, .T. ) ;
#424 = ORIENTED_EDGE ( 'NONE', *, *, #1685, .F. ) ;
#425 = DIRECTION ( 'NONE',  ( 0.000000000000000000, -0.000000000000000000, -1.000000000000000000 ) ) ;
#426 = ORIENTED_EDGE ( 'NONE', *, *, #1175, .T. ) ;
#427 = CARTESIAN_POINT ( 'NONE',  ( 0.000000000000000000, -6.500000000000000000, 0.000000000000000000 ) ) ;
#428 = DIRECTION ( 'NONE',  ( 1.000000000000000000, 0.000000000000000000, 0.000000000000000000 ) ) ;
#429 = EDGE_CURVE ( 'NONE', #1187, #681, #1063, .T. ) ;
#430 = CARTESIAN_POINT ( 'NONE',  ( -16.00000000000000711, 11.50000000000000000, 26.25000000000000355 ) ) ;
#431 = LINE ( 'NONE', #1780, #1469 ) ;
#432 = EDGE_CURVE ( 'NONE', #1661, #393, #1076, .T. ) ;
#433 = ORIENTED_EDGE ( 'NONE', *, *, #616, .F. ) ;
#434 = CARTESIAN_POINT ( 'NONE',  ( -1.000000000000000000, -6.499999999999998224, 42.28010988928051717 ) ) ;
#435 = ORIENTED_EDGE ( 'NONE', *, *, #1210, .T. ) ;
#436 = LINE ( 'NONE', #765, #832 ) ;
#437 = UNCERTAINTY_MEASURE_WITH_UNIT (LENGTH_MEASURE( 1.000000000000000082E-05 ), #1900, 'distance_accuracy_value', 'NONE');
#438 = LINE ( 'NONE', #1040, #961 ) ;
#439 = PLANE ( 'NONE',  #293 ) ;
#440 = CARTESIAN_POINT ( 'NONE',  ( 12.50000000000000000, 13.50000000000000000, 7.500000000000000000 ) ) ;
#441 = ORIENTED_EDGE ( 'NONE', *, *, #705, .T. ) ;
#442 = DIRECTION ( 'NONE',  ( -1.000000000000000000, -2.140784458307804350E-16, -2.262288689053293121E-16 ) ) ;
#443 = ORIENTED_EDGE ( 'NONE', *, *, #1785, .F. ) ;
#444 = EDGE_CURVE ( 'NONE', #471, #51, #28, .T. ) ;
#445 = LINE ( 'NONE', #300, #1099 ) ;
#446 = ADVANCED_FACE ( 'NONE', ( #1703 ), #337, .T. ) ;
#447 = EDGE_CURVE ( 'NONE', #280, #367, #781, .T. ) ;
#448 = EDGE_CURVE ( 'NONE', #1536, #328, #295, .T. ) ;
#449 = CARTESIAN_POINT ( 'NONE',  ( -12.50000000000000000, -6.499999999999999112, 7.500000000000000000 ) ) ;
#450 = CARTESIAN_POINT ( 'NONE',  ( -11.09999999999999964, -6.500000000000000000, 4.999999999999999112 ) ) ;
#451 = DIRECTION ( 'NONE',  ( 0.000000000000000000, 0.000000000000000000, 1.000000000000000000 ) ) ;
#452 = VECTOR ( 'NONE', #908, 1000.000000000000000 ) ;
#453 = ORIENTED_EDGE ( 'NONE', *, *, #1580, .F. ) ;
#454 = DIRECTION ( 'NONE',  ( 1.000000000000000000, 0.000000000000000000, 0.000000000000000000 ) ) ;
#455 = ORIENTED_EDGE ( 'NONE', *, *, #1117, .T. ) ;
#456 = CARTESIAN_POINT ( 'NONE',  ( -14.00000000000000711, -6.499999999999999112, 12.99999999999999822 ) ) ;
#457 = DIRECTION ( 'NONE',  ( 0.000000000000000000, 0.000000000000000000, -1.000000000000000000 ) ) ;
#458 = EDGE_LOOP ( 'NONE', ( #121, #601, #1181, #1317 ) ) ;
#459 = PLANE ( 'NONE',  #511 ) ;
#460 = CARTESIAN_POINT ( 'NONE',  ( 11.09999999999999964, -6.500000000000000000, 4.999999999999999112 ) ) ;
#461 = ORIENTED_EDGE ( 'NONE', *, *, #1155, .F. ) ;
#462 = DIRECTION ( 'NONE',  ( 1.000000000000000000, 0.000000000000000000, 0.000000000000000000 ) ) ;
#463 = AXIS2_PLACEMENT_3D ( 'NONE', #1257, #1402, #1266 ) ;
#464 = ORIENTED_EDGE ( 'NONE', *, *, #1193, .T. ) ;
#465 = DIRECTION ( 'NONE',  ( -0.000000000000000000, 0.000000000000000000, 1.000000000000000000 ) ) ;
#466 = VECTOR ( 'NONE', #457, 1000.000000000000000 ) ;
#467 = LINE ( 'NONE', #580, #1649 ) ;
#468 = ORIENTED_EDGE ( 'NONE', *, *, #423, .F. ) ;
#469 = DIRECTION ( 'NONE',  ( 1.000000000000000000, 0.000000000000000000, -0.000000000000000000 ) ) ;
#470 = DIRECTION ( 'NONE',  ( 1.084202172485504434E-16, 1.000000000000000000, 0.000000000000000000 ) ) ;
#471 = VERTEX_POINT ( 'NONE', #355 ) ;
#472 = DIRECTION ( 'NONE',  ( 1.000000000000000000, 0.000000000000000000, 0.000000000000000000 ) ) ;
#473 = ORIENTED_EDGE ( 'NONE', *, *, #973, .F. ) ;
#474 = DIRECTION ( 'NONE',  ( -0.000000000000000000, -1.000000000000000000, -0.000000000000000000 ) ) ;
#475 = DIRECTION ( 'NONE',  ( -1.000000000000000000, 0.000000000000000000, 0.000000000000000000 ) ) ;
#476 = ORIENTED_EDGE ( 'NONE', *, *, #323, .T. ) ;
#477 = DIRECTION ( 'NONE',  ( -1.000000000000000000, 0.000000000000000000, 0.000000000000000000 ) ) ;
#478 = CARTESIAN_POINT ( 'NONE',  ( 11.50000000000000355, -42.21064267133819925, 9.000000000000000000 ) ) ;
#479 = ORIENTED_EDGE ( 'NONE', *, *, #1184, .T. ) ;
#480 = AXIS2_PLACEMENT_3D ( 'NONE', #688, #1462, #1637 ) ;
#481 = CIRCLE ( 'NONE', #361, 3.250000000000002665 ) ;
#482 = CIRCLE ( 'NONE', #728, 2.000000000000001776 ) ;
#483 = CYLINDRICAL_SURFACE ( 'NONE', #712, 5.999999999999998224 ) ;
#484 = EDGE_LOOP ( 'NONE', ( #1197, #1111, #779, #647, #1403, #1734 ) ) ;
#485 = DIRECTION ( 'NONE',  ( 0.000000000000000000, 0.000000000000000000, -1.000000000000000000 ) ) ;
#486 = AXIS2_PLACEMENT_3D ( 'NONE', #390, #1148, #1331 ) ;
#487 = FACE_OUTER_BOUND ( 'NONE', #1493, .T. ) ;
#488 = VECTOR ( 'NONE', #1042, 1000.000000000000000 ) ;
#489 = DIRECTION ( 'NONE',  ( 0.000000000000000000, 0.000000000000000000, -1.000000000000000000 ) ) ;
#490 = CARTESIAN_POINT ( 'NONE',  ( 15.99999999999999289, 11.50000000000000000, 35.00000000000000000 ) ) ;
#491 = AXIS2_PLACEMENT_3D ( 'NONE', #1494, #1293, #1756 ) ;
#492 = ORIENTED_EDGE ( 'NONE', *, *, #105, .T. ) ;
#493 = DIRECTION ( 'NONE',  ( 1.000000000000000000, 0.000000000000000000, 0.000000000000000000 ) ) ;
#494 = ORIENTED_EDGE ( 'NONE', *, *, #352, .F. ) ;
#495 = LINE ( 'NONE', #1105, #891 ) ;
#496 = FACE_OUTER_BOUND ( 'NONE', #589, .T. ) ;
#497 = ORIENTED_EDGE ( 'NONE', *, *, #1071, .T. ) ;
#498 = VECTOR ( 'NONE', #298, 1000.000000000000000 ) ;
#499 = CARTESIAN_POINT ( 'NONE',  ( 9.099999999999999645, 6.500000000000000000, 1.799999999999999378 ) ) ;
#500 = DIRECTION ( 'NONE',  ( -0.000000000000000000, -0.000000000000000000, -1.000000000000000000 ) ) ;
#501 = ORIENTED_EDGE ( 'NONE', *, *, #1355, .F. ) ;
#502 = ORIENTED_EDGE ( 'NONE', *, *, #1950, .F. ) ;
#503 = DIRECTION ( 'NONE',  ( 1.000000000000000000, -0.000000000000000000, -0.000000000000000000 ) ) ;
#504 = DIRECTION ( 'NONE',  ( -1.000000000000000000, 0.000000000000000000, 0.000000000000000000 ) ) ;
#505 = VERTEX_POINT ( 'NONE', #1407 ) ;
#506 = EDGE_CURVE ( 'NONE', #1285, #1411, #977, .T. ) ;
#507 = CARTESIAN_POINT ( 'NONE',  ( 15.99999999999999289, -11.50000000000000178, 35.00000000000000000 ) ) ;
#508 = PRODUCT_RELATED_PRODUCT_CATEGORY ( 'part', '', ( #1614 ) ) ;
#509 = DIRECTION ( 'NONE',  ( -0.000000000000000000, -0.000000000000000000, 1.000000000000000000 ) ) ;
#510 = VERTEX_POINT ( 'NONE', #1268 ) ;
#511 = AXIS2_PLACEMENT_3D ( 'NONE', #1059, #1721, #807 ) ;
#512 = ORIENTED_EDGE ( 'NONE', *, *, #545, .F. ) ;
#513 = VECTOR ( 'NONE', #1456, 1000.000000000000000 ) ;
#514 = LINE ( 'NONE', #1727, #1926 ) ;
#515 = CIRCLE ( 'NONE', #486, 0.6250000000000005551 ) ;
#516 = DIRECTION ( 'NONE',  ( 0.000000000000000000, 0.000000000000000000, -1.000000000000000000 ) ) ;
#517 = AXIS2_PLACEMENT_3D ( 'NONE', #23, #744, #1803 ) ;
#518 = DIRECTION ( 'NONE',  ( -1.239088197126290570E-16, -1.000000000000000000, 0.000000000000000000 ) ) ;
#519 = CARTESIAN_POINT ( 'NONE',  ( 13.99999999999998757, 2.997098241630923428E-15, 17.75000000000001066 ) ) ;
#520 = ORIENTED_EDGE ( 'NONE', *, *, #1074, .T. ) ;
#521 = ORIENTED_EDGE ( 'NONE', *, *, #1184, .F. ) ;
#522 = DIRECTION ( 'NONE',  ( 1.000000000000000000, 0.000000000000000000, 0.000000000000000000 ) ) ;
#523 = LINE ( 'NONE', #943, #1185 ) ;
#524 = AXIS2_PLACEMENT_3D ( 'NONE', #651, #504, #941 ) ;
#525 = LINE ( 'NONE', #1131, #1406 ) ;
#526 = CARTESIAN_POINT ( 'NONE',  ( -16.00000000000000711, 11.50000000000000000, 19.75000000000000000 ) ) ;
#527 = ORIENTED_EDGE ( 'NONE', *, *, #886, .T. ) ;
#528 = ORIENTED_EDGE ( 'NONE', *, *, #737, .T. ) ;
#529 = DIRECTION ( 'NONE',  ( 1.000000000000000000, 0.000000000000000000, 0.000000000000000000 ) ) ;
#530 = LINE ( 'NONE', #1616, #992 ) ;
#531 = LINE ( 'NONE', #1167, #1086 ) ;
#532 = DIRECTION ( 'NONE',  ( 1.000000000000000000, 2.140784458307804350E-16, 2.262288689053293121E-16 ) ) ;
#533 = CARTESIAN_POINT ( 'NONE',  ( -1.000000000000000000, -6.499999999999998224, 0.000000000000000000 ) ) ;
#534 = ORIENTED_EDGE ( 'NONE', *, *, #1001, .T. ) ;
#535 = ORIENTED_EDGE ( 'NONE', *, *, #799, .F. ) ;
#536 = ADVANCED_FACE ( 'NONE', ( #1416 ), #1558, .F. ) ;
#537 = VECTOR ( 'NONE', #1259, 1000.000000000000114 ) ;
#538 = CARTESIAN_POINT ( 'NONE',  ( 12.50000000000000178, -42.21064267133819925, 9.000000000000000000 ) ) ;
#539 = DIRECTION ( 'NONE',  ( 0.5999999999999995337, 0.000000000000000000, 0.8000000000000003775 ) ) ;
#540 = CARTESIAN_POINT ( 'NONE',  ( -11.09999999999999964, -6.500000000000000000, 1.799999999999999378 ) ) ;
#541 = VECTOR ( 'NONE', #809, 1000.000000000000000 ) ;
#542 = CARTESIAN_POINT ( 'NONE',  ( 12.50000000000000178, -42.21064267133819925, 9.000000000000000000 ) ) ;
#543 = DIRECTION ( 'NONE',  ( -0.000000000000000000, -0.000000000000000000, -1.000000000000000000 ) ) ;
#544 = ORIENTED_EDGE ( 'NONE', *, *, #1746, .T. ) ;
#545 = EDGE_CURVE ( 'NONE', #1285, #1536, #1749, .T. ) ;
#546 = EDGE_LOOP ( 'NONE', ( #1361, #813, #1945, #1338 ) ) ;
#547 = DIRECTION ( 'NONE',  ( 0.000000000000000000, 0.000000000000000000, 1.000000000000000000 ) ) ;
#548 = ORIENTED_EDGE ( 'NONE', *, *, #1860, .T. ) ;
#549 = EDGE_CURVE ( 'NONE', #786, #681, #363, .T. ) ;
#550 = DIRECTION ( 'NONE',  ( -1.000000000000000000, 0.000000000000000000, 0.000000000000000000 ) ) ;
#551 = CARTESIAN_POINT ( 'NONE',  ( -12.00000000000000533, -10.97213595499957783, 31.00000000000000000 ) ) ;
#552 = DIRECTION ( 'NONE',  ( 0.000000000000000000, 1.000000000000000000, -0.000000000000000000 ) ) ;
#553 = PLANE ( 'NONE',  #1631 ) ;
#554 = ORIENTED_EDGE ( 'NONE', *, *, #1061, .F. ) ;
#555 = VECTOR ( 'NONE', #985, 1000.000000000000000 ) ;
#556 = ORIENTED_EDGE ( 'NONE', *, *, #1763, .F. ) ;
#557 = EDGE_CURVE ( 'NONE', #1540, #471, #1887, .T. ) ;
#558 = CARTESIAN_POINT ( 'NONE',  ( -11.09999999999999964, 13.50000000000000000, 1.799999999999999378 ) ) ;
#559 = DIRECTION ( 'NONE',  ( -0.000000000000000000, -0.000000000000000000, 1.000000000000000000 ) ) ;
#560 = CARTESIAN_POINT ( 'NONE',  ( -9.099999999999999645, 13.50000000000000000, 1.799999999999999378 ) ) ;
#561 = DIRECTION ( 'NONE',  ( 4.081702296416018462E-16, 0.000000000000000000, -1.000000000000000000 ) ) ;
#562 = DIRECTION ( 'NONE',  ( 0.8000000000000003775, 0.000000000000000000, -0.5999999999999995337 ) ) ;
#563 = ORIENTED_EDGE ( 'NONE', *, *, #1685, .T. ) ;
#564 = ORIENTED_EDGE ( 'NONE', *, *, #1297, .T. ) ;
#565 = FACE_OUTER_BOUND ( 'NONE', #44, .T. ) ;
#566 = VECTOR ( 'NONE', #979, 1000.000000000000000 ) ;
#567 = ORIENTED_EDGE ( 'NONE', *, *, #1377, .F. ) ;
#568 = ADVANCED_FACE ( 'NONE', ( #1731 ), #664, .F. ) ;
#569 = DIRECTION ( 'NONE',  ( -1.445602896647339163E-16, 0.000000000000000000, 1.000000000000000000 ) ) ;
#570 = VECTOR ( 'NONE', #1415, 1000.000000000000000 ) ;
#571 = VECTOR ( 'NONE', #1680, 1000.000000000000000 ) ;
#572 = CARTESIAN_POINT ( 'NONE',  ( 9.099999999999999645, 5.500000000000000000, 1.799999999999999378 ) ) ;
#573 = DIRECTION ( 'NONE',  ( -0.000000000000000000, -0.000000000000000000, 1.000000000000000000 ) ) ;
#574 = ORIENTED_EDGE ( 'NONE', *, *, #963, .T. ) ;
#575 = VECTOR ( 'NONE', #191, 1000.000000000000114 ) ;
#576 = DIRECTION ( 'NONE',  ( -0.000000000000000000, -1.000000000000000000, -0.000000000000000000 ) ) ;
#577 = ORIENTED_EDGE ( 'NONE', *, *, #142, .T. ) ;
#578 = PLANE ( 'NONE',  #270 ) ;
#579 = AXIS2_PLACEMENT_3D ( 'NONE', #1484, #1009, #397 ) ;
#580 = CARTESIAN_POINT ( 'NONE',  ( -1.000000000000000000, -6.500000000000000000, 0.000000000000000000 ) ) ;
#581 = VECTOR ( 'NONE', #1656, 1000.000000000000000 ) ;
#582 = DIRECTION ( 'NONE',  ( -1.000000000000000000, 0.000000000000000000, 0.000000000000000000 ) ) ;
#583 = DIRECTION ( 'NONE',  ( -0.000000000000000000, 0.000000000000000000, 1.000000000000000000 ) ) ;
#584 = CARTESIAN_POINT ( 'NONE',  ( 9.099999999999999645, -6.500000000000000000, -5.572142936120456341E-16 ) ) ;
#585 = ADVANCED_FACE ( 'NONE', ( #348 ), #205, .T. ) ;
#586 = VERTEX_POINT ( 'NONE', #1425 ) ;
#587 = EDGE_CURVE ( 'NONE', #1291, #505, #1762, .T. ) ;
#588 = LINE ( 'NONE', #152, #838 ) ;
#589 = EDGE_LOOP ( 'NONE', ( #595, #1379, #1790, #307 ) ) ;
#590 = LINE ( 'NONE', #1047, #1708 ) ;
#591 = CARTESIAN_POINT ( 'NONE',  ( -11.50000000000000355, -6.500000000000000000, 9.000000000000000000 ) ) ;
#592 = CARTESIAN_POINT ( 'NONE',  ( 0.9999999999999991118, -13.25000000000000000, 27.00000000000000355 ) ) ;
#593 = EDGE_CURVE ( 'NONE', #199, #1448, #1277, .T. ) ;
#594 = DIRECTION ( 'NONE',  ( 0.000000000000000000, 1.000000000000000000, -0.000000000000000000 ) ) ;
#595 = ORIENTED_EDGE ( 'NONE', *, *, #658, .F. ) ;
#596 = LINE ( 'NONE', #1366, #311 ) ;
#597 = EDGE_LOOP ( 'NONE', ( #1687, #883, #1145, #520 ) ) ;
#598 = CARTESIAN_POINT ( 'NONE',  ( 13.99999999999999112, -13.50000000000000000, 0.000000000000000000 ) ) ;
#599 = CIRCLE ( 'NONE', #604, 3.250000000000002665 ) ;
#600 = DIRECTION ( 'NONE',  ( 0.000000000000000000, 0.000000000000000000, 1.000000000000000000 ) ) ;
#601 = ORIENTED_EDGE ( 'NONE', *, *, #1844, .T. ) ;
#602 = CARTESIAN_POINT ( 'NONE',  ( -10.00000000000000533, 13.50000000000000000, 11.00000000000000000 ) ) ;
#603 = VECTOR ( 'NONE', #826, 1000.000000000000000 ) ;
#604 = AXIS2_PLACEMENT_3D ( 'NONE', #1159, #1314, #1914 ) ;
#605 = CARTESIAN_POINT ( 'NONE',  ( -12.50000000000000000, -42.21064267133819925, 7.500000000000000000 ) ) ;
#606 = VECTOR ( 'NONE', #247, 1000.000000000000000 ) ;
#607 = ORIENTED_EDGE ( 'NONE', *, *, #255, .T. ) ;
#608 = ADVANCED_FACE ( 'NONE', ( #1142, #1877 ), #955, .F. ) ;
#609 = CARTESIAN_POINT ( 'NONE',  ( 12.50000000000000000, -42.21064267133819925, 7.500000000000000000 ) ) ;
#610 = VERTEX_POINT ( 'NONE', #221 ) ;
#611 = DIRECTION ( 'NONE',  ( 1.000000000000000000, 0.000000000000000000, 0.000000000000000000 ) ) ;
#612 = CARTESIAN_POINT ( 'NONE',  ( 9.099999999999999645, 13.50000000000000000, 1.799999999999999378 ) ) ;
#613 = ORIENTED_EDGE ( 'NONE', *, *, #1746, .F. ) ;
#614 = LINE ( 'NONE', #1836, #81 ) ;
#615 = DIRECTION ( 'NONE',  ( -1.156482317317871725E-15, 0.000000000000000000, 1.000000000000000000 ) ) ;
#616 = EDGE_CURVE ( 'NONE', #984, #1747, #525, .T. ) ;
#617 = ORIENTED_EDGE ( 'NONE', *, *, #174, .T. ) ;
#618 = CARTESIAN_POINT ( 'NONE',  ( -14.00000000000000711, -11.50000000000000000, 0.000000000000000000 ) ) ;
#619 = ORIENTED_EDGE ( 'NONE', *, *, #1126, .T. ) ;
#620 = CARTESIAN_POINT ( 'NONE',  ( 12.50000000000000000, -6.499999999999999112, 7.500000000000000000 ) ) ;
#621 = AXIS2_PLACEMENT_3D ( 'NONE', #1755, #974, #124 ) ;
#622 = LINE ( 'NONE', #1239, #709 ) ;
#623 = ORIENTED_EDGE ( 'NONE', *, *, #352, .T. ) ;
#624 = VECTOR ( 'NONE', #183, 1000.000000000000000 ) ;
#625 = CARTESIAN_POINT ( 'NONE',  ( 15.99999999999998579, 3.777458460057350911E-15, 21.50000000000001066 ) ) ;
#626 = EDGE_CURVE ( 'NONE', #1398, #51, #968, .T. ) ;
#627 = DIRECTION ( 'NONE',  ( 0.000000000000000000, 0.000000000000000000, -1.000000000000000000 ) ) ;
#628 = ORIENTED_EDGE ( 'NONE', *, *, #246, .T. ) ;
#629 = ORIENTED_EDGE ( 'NONE', *, *, #1044, .F. ) ;
#630 = LINE ( 'NONE', #1392, #675 ) ;
#631 = LINE ( 'NONE', #785, #1646 ) ;
#632 = VERTEX_POINT ( 'NONE', #1585 ) ;
#633 = EDGE_CURVE ( 'NONE', #1880, #164, #1435, .T. ) ;
#634 = LINE ( 'NONE', #663, #117 ) ;
#635 = DIRECTION ( 'NONE',  ( -0.000000000000000000, 1.000000000000000000, -0.000000000000000000 ) ) ;
#636 = ORIENTED_EDGE ( 'NONE', *, *, #1844, .F. ) ;
#637 = ORIENTED_EDGE ( 'NONE', *, *, #1905, .T. ) ;
#638 = LINE ( 'NONE', #1571, #827 ) ;
#639 = CIRCLE ( 'NONE', #1021, 4.249999999999998224 ) ;
#640 = DIRECTION ( 'NONE',  ( 1.000000000000000000, 2.140784458307804350E-16, 2.262288689053293121E-16 ) ) ;
#641 = ORIENTED_EDGE ( 'NONE', *, *, #1022, .T. ) ;
#642 = PLANE ( 'NONE',  #1276 ) ;
#643 = EDGE_CURVE ( 'NONE', #1254, #1892, #1373, .T. ) ;
#644 = DIRECTION ( 'NONE',  ( 0.000000000000000000, 1.000000000000000000, -0.000000000000000000 ) ) ;
#645 = VECTOR ( 'NONE', #844, 1000.000000000000000 ) ;
#646 = VERTEX_POINT ( 'NONE', #236 ) ;
#647 = ORIENTED_EDGE ( 'NONE', *, *, #1719, .F. ) ;
#648 = CARTESIAN_POINT ( 'NONE',  ( -9.099999999999999645, 5.500000000000001776, -5.572142936120456341E-16 ) ) ;
#649 = EDGE_CURVE ( 'NONE', #1219, #1683, #1397, .T. ) ;
#650 = EDGE_CURVE ( 'NONE', #695, #1811, #1857, .T. ) ;
#651 = CARTESIAN_POINT ( 'NONE',  ( -11.09999999999999964, 13.50000000000000000, 1.799999999999999378 ) ) ;
#652 = ORIENTED_EDGE ( 'NONE', *, *, #1175, .F. ) ;
#653 = AXIS2_PLACEMENT_3D ( 'NONE', #703, #1451, #547 ) ;
#654 = VECTOR ( 'NONE', #1115, 1000.000000000000000 ) ;
#655 = CARTESIAN_POINT ( 'NONE',  ( -12.50000000000000000, 13.50000000000000000, 7.500000000000000000 ) ) ;
#656 = DIRECTION ( 'NONE',  ( -0.000000000000000000, 0.000000000000000000, 1.000000000000000000 ) ) ;
#657 = VERTEX_POINT ( 'NONE', #430 ) ;
#658 = EDGE_CURVE ( 'NONE', #268, #586, #1788, .T. ) ;
#659 = VERTEX_POINT ( 'NONE', #572 ) ;
#660 = LINE ( 'NONE', #1562, #575 ) ;
#661 = DIRECTION ( 'NONE',  ( -1.000000000000000000, 0.000000000000000000, 0.000000000000000000 ) ) ;
#662 = ORIENTED_EDGE ( 'NONE', *, *, #1544, .T. ) ;
#663 = CARTESIAN_POINT ( 'NONE',  ( -12.00000000000000533, -10.97213595499957783, 33.00000000000000000 ) ) ;
#664 = CYLINDRICAL_SURFACE ( 'NONE', #150, 3.750000000000000000 ) ;
#665 = FACE_OUTER_BOUND ( 'NONE', #375, .T. ) ;
#666 = ORIENTED_EDGE ( 'NONE', *, *, #432, .F. ) ;
#667 = AXIS2_PLACEMENT_3D ( 'NONE', #1777, #1912, #682 ) ;
#668 = ORIENTED_EDGE ( 'NONE', *, *, #131, .T. ) ;
#669 = EDGE_CURVE ( 'NONE', #685, #1112, #276, .T. ) ;
#670 =( GEOMETRIC_REPRESENTATION_CONTEXT ( 3 ) GLOBAL_UNCERTAINTY_ASSIGNED_CONTEXT ( ( #1199 ) ) GLOBAL_UNIT_ASSIGNED_CONTEXT ( ( #1532, #674, #374 ) ) REPRESENTATION_CONTEXT ( 'NONE', 'WORKASPACE' ) );
#671 = DIRECTION ( 'NONE',  ( -0.000000000000000000, 1.000000000000000000, -0.000000000000000000 ) ) ;
#672 = LINE ( 'NONE', #1565, #1696 ) ;
#673 = CARTESIAN_POINT ( 'NONE',  ( -12.00000000000000533, -6.500000000000000000, 33.00000000000000000 ) ) ;
#674 =( NAMED_UNIT ( * ) PLANE_ANGLE_UNIT ( ) SI_UNIT ( $, .RADIAN. ) );
#675 = VECTOR ( 'NONE', #1247, 1000.000000000000114 ) ;
#676 = VERTEX_POINT ( 'NONE', #1323 ) ;
#677 = EDGE_CURVE ( 'NONE', #143, #386, #857, .T. ) ;
#678 = SHAPE_DEFINITION_REPRESENTATION ( #1307, #1026 ) ;
#679 = ORIENTED_EDGE ( 'NONE', *, *, #372, .T. ) ;
#680 = LINE ( 'NONE', #1017, #1388 ) ;
#681 = VERTEX_POINT ( 'NONE', #137 ) ;
#682 = DIRECTION ( 'NONE',  ( 1.000000000000000000, 0.000000000000000000, -0.000000000000000000 ) ) ;
#683 = DIRECTION ( 'NONE',  ( -1.000000000000000000, 0.000000000000000000, 0.000000000000000000 ) ) ;
#684 = EDGE_LOOP ( 'NONE', ( #441, #401 ) ) ;
#685 = VERTEX_POINT ( 'NONE', #1618 ) ;
#686 = DIRECTION ( 'NONE',  ( 1.000000000000000000, 0.000000000000000000, -1.156482317317871725E-15 ) ) ;
#687 = LINE ( 'NONE', #1766, #1381 ) ;
#688 = CARTESIAN_POINT ( 'NONE',  ( -16.00000000000000711, 13.50000000000000000, 35.00000000000000000 ) ) ;
#689 = EDGE_CURVE ( 'NONE', #338, #268, #515, .T. ) ;
#690 = CARTESIAN_POINT ( 'NONE',  ( 9.099999999999999645, 5.500000000000000888, -1.030776406404414480 ) ) ;
#691 = DIRECTION ( 'NONE',  ( 0.000000000000000000, 0.000000000000000000, -1.000000000000000000 ) ) ;
#692 = ORIENTED_EDGE ( 'NONE', *, *, #1800, .T. ) ;
#693 = ORIENTED_EDGE ( 'NONE', *, *, #1393, .T. ) ;
#694 = CARTESIAN_POINT ( 'NONE',  ( 0.9999999999999991118, -13.25000000000000000, 0.000000000000000000 ) ) ;
#695 = VERTEX_POINT ( 'NONE', #839 ) ;
#696 = LINE ( 'NONE', #282, #242 ) ;
#697 = DIRECTION ( 'NONE',  ( 0.000000000000000000, 1.000000000000000000, 0.000000000000000000 ) ) ;
#698 = DIRECTION ( 'NONE',  ( 1.000000000000000000, 0.000000000000000000, 0.000000000000000000 ) ) ;
#699 = DIRECTION ( 'NONE',  ( 0.000000000000000000, -0.000000000000000000, -1.000000000000000000 ) ) ;
#700 = ORIENTED_EDGE ( 'NONE', *, *, #963, .F. ) ;
#701 = ORIENTED_EDGE ( 'NONE', *, *, #75, .T. ) ;
#702 = ADVANCED_FACE ( 'NONE', ( #847 ), #721, .F. ) ;
#703 = CARTESIAN_POINT ( 'NONE',  ( -9.099999999999999645, 13.50000000000000000, -5.572142936120456341E-16 ) ) ;
#704 = EDGE_CURVE ( 'NONE', #731, #782, #1854, .T. ) ;
#705 = EDGE_CURVE ( 'NONE', #386, #143, #639, .T. ) ;
#706 = ORIENTED_EDGE ( 'NONE', *, *, #252, .T. ) ;
#707 = DIRECTION ( 'NONE',  ( 0.000000000000000000, 0.000000000000000000, -1.000000000000000000 ) ) ;
#708 = CARTESIAN_POINT ( 'NONE',  ( 1.000000000000000000, -6.499999999999998224, 42.28010988928051717 ) ) ;
#709 = VECTOR ( 'NONE', #1283, 1000.000000000000000 ) ;
#710 = DIRECTION ( 'NONE',  ( 1.000000000000000000, 0.000000000000000000, 0.000000000000000000 ) ) ;
#711 = EDGE_LOOP ( 'NONE', ( #1531, #1773, #1449, #1652 ) ) ;
#712 = AXIS2_PLACEMENT_3D ( 'NONE', #1132, #180, #1848 ) ;
#713 = VERTEX_POINT ( 'NONE', #1455 ) ;
#714 = EDGE_CURVE ( 'NONE', #1, #659, #107, .T. ) ;
#715 = ADVANCED_FACE ( 'NONE', ( #1940 ), #1445, .T. ) ;
#716 = AXIS2_PLACEMENT_3D ( 'NONE', #1200, #913, #1031 ) ;
#717 = PLANE ( 'NONE',  #1262 ) ;
#718 = ORIENTED_EDGE ( 'NONE', *, *, #32, .T. ) ;
#719 = CARTESIAN_POINT ( 'NONE',  ( -16.00000000000000711, 13.50000000000000000, 0.000000000000000000 ) ) ;
#720 = LINE ( 'NONE', #976, #790 ) ;
#721 = PLANE ( 'NONE',  #1281 ) ;
#722 = DIRECTION ( 'NONE',  ( 1.000000000000000000, 0.000000000000000000, 0.000000000000000000 ) ) ;
#723 = EDGE_LOOP ( 'NONE', ( #37, #317, #1611, #426 ) ) ;
#724 = DIRECTION ( 'NONE',  ( -0.000000000000000000, 1.000000000000000000, -0.000000000000000000 ) ) ;
#725 = ORIENTED_EDGE ( 'NONE', *, *, #689, .T. ) ;
#726 = LINE ( 'NONE', #1380, #581 ) ;
#727 = LINE ( 'NONE', #896, #1141 ) ;
#728 = AXIS2_PLACEMENT_3D ( 'NONE', #1312, #1920, #1157 ) ;
#729 = LINE ( 'NONE', #450, #1659 ) ;
#730 = CARTESIAN_POINT ( 'NONE',  ( 11.09999999999999964, 13.50000000000000000, 4.999999999999999112 ) ) ;
#731 = VERTEX_POINT ( 'NONE', #1170 ) ;
#732 = VECTOR ( 'NONE', #1513, 1000.000000000000000 ) ;
#733 = LINE ( 'NONE', #1793, #741 ) ;
#734 = VERTEX_POINT ( 'NONE', #1002 ) ;
#735 = CYLINDRICAL_SURFACE ( 'NONE', #365, 4.250000000000000000 ) ;
#736 = LINE ( 'NONE', #1666, #1485 ) ;
#737 = EDGE_CURVE ( 'NONE', #1540, #900, #1295, .T. ) ;
#738 = CARTESIAN_POINT ( 'NONE',  ( 15.99999999999998224, 3.884497682972741399E-15, 21.50000000000001066 ) ) ;
#739 = DIRECTION ( 'NONE',  ( -1.000000000000000000, 0.000000000000000000, -1.156482317317871725E-15 ) ) ;
#740 = ORIENTED_EDGE ( 'NONE', *, *, #1763, .T. ) ;
#741 = VECTOR ( 'NONE', #576, 1000.000000000000000 ) ;
#742 = DIRECTION ( 'NONE',  ( -0.000000000000000000, -1.000000000000000000, -0.000000000000000000 ) ) ;
#743 = VERTEX_POINT ( 'NONE', #1759 ) ;
#744 = DIRECTION ( 'NONE',  ( 1.000000000000000000, 2.140784458307804350E-16, 2.262288689053293121E-16 ) ) ;
#745 = CARTESIAN_POINT ( 'NONE',  ( -14.00000000000000711, 13.50000000000000000, 19.75000000000000000 ) ) ;
#746 = ORIENTED_EDGE ( 'NONE', *, *, #32, .F. ) ;
#747 = DIRECTION ( 'NONE',  ( 1.000000000000000000, -1.239088197126290570E-16, 0.000000000000000000 ) ) ;
#748 = ADVANCED_FACE ( 'NONE', ( #1913 ), #1158, .F. ) ;
#749 = CARTESIAN_POINT ( 'NONE',  ( 13.99999999999999112, 13.50000000000000000, 35.00000000000000000 ) ) ;
#750 = ORIENTED_EDGE ( 'NONE', *, *, #1580, .T. ) ;
#751 = EDGE_CURVE ( 'NONE', #1090, #338, #1886, .T. ) ;
#752 = DIRECTION ( 'NONE',  ( 1.239088197126290570E-16, -1.000000000000000000, 0.000000000000000000 ) ) ;
#753 = ORIENTED_EDGE ( 'NONE', *, *, #1778, .F. ) ;
#754 = DIRECTION ( 'NONE',  ( 1.000000000000000000, 0.000000000000000000, -0.000000000000000000 ) ) ;
#755 = COLOUR_RGB ( '',0.7921568627450980005, 0.8196078431372548767, 0.9333333333333333481 ) ;
#756 = CARTESIAN_POINT ( 'NONE',  ( -16.00000000000000711, 3.980102097228896259E-16, 19.75000000000000000 ) ) ;
#757 = ORIENTED_EDGE ( 'NONE', *, *, #264, .T. ) ;
#758 = ADVANCED_FACE ( 'NONE', ( #1313 ), #1922, .T. ) ;
#759 = DIRECTION ( 'NONE',  ( 1.239088197126290570E-16, 1.000000000000000000, 0.000000000000000000 ) ) ;
#760 = VECTOR ( 'NONE', #1286, 1000.000000000000000 ) ;
#761 = VECTOR ( 'NONE', #848, 1000.000000000000000 ) ;
#762 = LINE ( 'NONE', #197, #1478 ) ;
#763 = ORIENTED_EDGE ( 'NONE', *, *, #1704, .T. ) ;
#764 = ORIENTED_EDGE ( 'NONE', *, *, #1809, .T. ) ;
#765 = CARTESIAN_POINT ( 'NONE',  ( 9.099999999999999645, 6.500000000000000000, -1.030776406404414480 ) ) ;
#766 = AXIS2_PLACEMENT_3D ( 'NONE', #1216, #1227, #611 ) ;
#767 = EDGE_CURVE ( 'NONE', #713, #646, #1011, .T. ) ;
#768 = ADVANCED_FACE ( 'NONE', ( #1476 ), #128, .F. ) ;
#769 = CARTESIAN_POINT ( 'NONE',  ( 11.50000000000000000, 3.136695245058944019E-15, 21.07500000000001350 ) ) ;
#770 = ORIENTED_EDGE ( 'NONE', *, *, #1202, .T. ) ;
#771 = CARTESIAN_POINT ( 'NONE',  ( -12.00000000000000533, 13.50000000000000000, 33.00000000000000000 ) ) ;
#772 = AXIS2_PLACEMENT_3D ( 'NONE', #427, #244, #1319 ) ;
#773 = LINE ( 'NONE', #187, #336 ) ;
#774 = ORIENTED_EDGE ( 'NONE', *, *, #193, .F. ) ;
#775 = SURFACE_SIDE_STYLE ('',( #1296 ) ) ;
#776 = ORIENTED_EDGE ( 'NONE', *, *, #429, .F. ) ;
#777 = FACE_OUTER_BOUND ( 'NONE', #1073, .T. ) ;
#778 = DIRECTION ( 'NONE',  ( -1.000000000000000000, 0.000000000000000000, 0.000000000000000000 ) ) ;
#779 = ORIENTED_EDGE ( 'NONE', *, *, #953, .F. ) ;
#780 = DIRECTION ( 'NONE',  ( -1.000000000000000000, 0.000000000000000000, -0.000000000000000000 ) ) ;
#781 = LINE ( 'NONE', #1203, #488 ) ;
#782 = VERTEX_POINT ( 'NONE', #1658 ) ;
#783 = ORIENTED_EDGE ( 'NONE', *, *, #994, .T. ) ;
#784 = CARTESIAN_POINT ( 'NONE',  ( -14.00000000000000533, 0.000000000000000000, 26.25000000000000355 ) ) ;
#785 = CARTESIAN_POINT ( 'NONE',  ( 15.99999999999998224, 3.425255133292483411E-15, 14.00000000000001243 ) ) ;
#786 = VERTEX_POINT ( 'NONE', #294 ) ;
#787 = DIRECTION ( 'NONE',  ( -0.000000000000000000, -0.000000000000000000, -1.000000000000000000 ) ) ;
#788 = AXIS2_PLACEMENT_3D ( 'NONE', #1384, #303, #1362 ) ;
#789 = ADVANCED_FACE ( 'NONE', ( #887 ), #1342, .F. ) ;
#790 = VECTOR ( 'NONE', #263, 1000.000000000000000 ) ;
#791 = DIRECTION ( 'NONE',  ( 0.000000000000000000, 0.000000000000000000, 1.000000000000000000 ) ) ;
#792 = EDGE_CURVE ( 'NONE', #1411, #1524, #185, .T. ) ;
#793 = ORIENTED_EDGE ( 'NONE', *, *, #587, .T. ) ;
#794 = ORIENTED_EDGE ( 'NONE', *, *, #281, .F. ) ;
#795 = CARTESIAN_POINT ( 'NONE',  ( 15.99999999999998224, 3.425255133292483411E-15, 17.75000000000001066 ) ) ;
#796 = LINE ( 'NONE', #814, #403 ) ;
#797 = ORIENTED_EDGE ( 'NONE', *, *, #1606, .F. ) ;
#798 = CARTESIAN_POINT ( 'NONE',  ( -9.099999999999999645, -6.500000000000000000, 1.799999999999999378 ) ) ;
#799 = EDGE_CURVE ( 'NONE', #1915, #1160, #1507, .T. ) ;
#800 = AXIS2_PLACEMENT_3D ( 'NONE', #605, #739, #615 ) ;
#801 = CARTESIAN_POINT ( 'NONE',  ( -12.00000000000000533, -10.97213595499957783, 33.00000000000000000 ) ) ;
#802 = EDGE_LOOP ( 'NONE', ( #1458, #30, #101, #1908, #461, #774, #718, #918, #226, #1751, #1442, #1875, #911, #1437, #1724 ) ) ;
#803 = ORIENTED_EDGE ( 'NONE', *, *, #1297, .F. ) ;
#804 = CARTESIAN_POINT ( 'NONE',  ( 9.099999999999999645, 13.50000000000000000, 0.000000000000000000 ) ) ;
#805 = CARTESIAN_POINT ( 'NONE',  ( -14.00000000000000711, 11.50000000000000000, 19.75000000000000000 ) ) ;
#806 = AXIS2_PLACEMENT_3D ( 'NONE', #1439, #1861, #493 ) ;
#807 = DIRECTION ( 'NONE',  ( -1.000000000000000000, 0.000000000000000000, 0.000000000000000000 ) ) ;
#808 = CIRCLE ( 'NONE', #220, 3.750000000000000000 ) ;
#809 = DIRECTION ( 'NONE',  ( 1.445602896647339163E-16, 0.000000000000000000, -1.000000000000000000 ) ) ;
#810 = EDGE_CURVE ( 'NONE', #199, #1516, #1805, .T. ) ;
#811 = PRESENTATION_STYLE_ASSIGNMENT (( #98 ) ) ;
#812 = ORIENTED_EDGE ( 'NONE', *, *, #704, .F. ) ;
#813 = ORIENTED_EDGE ( 'NONE', *, *, #1606, .T. ) ;
#814 = CARTESIAN_POINT ( 'NONE',  ( 11.09999999999999964, 13.50000000000000000, 4.999999999999999112 ) ) ;
#815 = EDGE_LOOP ( 'NONE', ( #1417, #1872, #19, #1715 ) ) ;
#816 = CARTESIAN_POINT ( 'NONE',  ( -11.50000000000000355, -42.21064267133819925, 9.000000000000000000 ) ) ;
#817 = DIRECTION ( 'NONE',  ( 0.000000000000000000, 0.000000000000000000, 1.000000000000000000 ) ) ;
#818 = CARTESIAN_POINT ( 'NONE',  ( -16.00000000000000711, -13.50000000000000000, 0.000000000000000000 ) ) ;
#819 = EDGE_LOOP ( 'NONE', ( #144, #564, #1043, #33 ) ) ;
#820 = VECTOR ( 'NONE', #157, 1000.000000000000000 ) ;
#821 = EDGE_CURVE ( 'NONE', #332, #1723, #1374, .T. ) ;
#822 = AXIS2_PLACEMENT_3D ( 'NONE', #954, #196, #780 ) ;
#823 = EDGE_LOOP ( 'NONE', ( #914, #453, #1069, #473 ) ) ;
#824 = AXIS2_PLACEMENT_3D ( 'NONE', #1838, #1050, #1670 ) ;
#825 = PLANE ( 'NONE',  #653 ) ;
#826 = DIRECTION ( 'NONE',  ( -1.000000000000000000, -0.000000000000000000, -0.000000000000000000 ) ) ;
#827 = VECTOR ( 'NONE', #1707, 1000.000000000000000 ) ;
#828 = DIRECTION ( 'NONE',  ( 1.000000000000000000, 0.000000000000000000, 0.000000000000000000 ) ) ;
#829 = PLANE ( 'NONE',  #1433 ) ;
#830 = VERTEX_POINT ( 'NONE', #625 ) ;
#831 = ORIENTED_EDGE ( 'NONE', *, *, #1336, .F. ) ;
#832 = VECTOR ( 'NONE', #1543, 1000.000000000000000 ) ;
#833 = DIRECTION ( 'NONE',  ( -0.000000000000000000, 0.000000000000000000, 1.000000000000000000 ) ) ;
#834 = EDGE_CURVE ( 'NONE', #1901, #1291, #1528, .T. ) ;
#835 = ORIENTED_EDGE ( 'NONE', *, *, #193, .T. ) ;
#836 = LINE ( 'NONE', #1452, #1608 ) ;
#837 = DIRECTION ( 'NONE',  ( -1.000000000000000000, 0.000000000000000000, 0.000000000000000000 ) ) ;
#838 = VECTOR ( 'NONE', #742, 1000.000000000000000 ) ;
#839 = CARTESIAN_POINT ( 'NONE',  ( 15.99999999999999289, 11.50000000000000000, 0.000000000000000000 ) ) ;
#840 = DIRECTION ( 'NONE',  ( 1.000000000000000000, 0.000000000000000000, 0.000000000000000000 ) ) ;
#841 = ORIENTED_EDGE ( 'NONE', *, *, #1655, .F. ) ;
#842 = ORIENTED_EDGE ( 'NONE', *, *, #1126, .F. ) ;
#843 = LINE ( 'NONE', #1622, #555 ) ;
#844 = DIRECTION ( 'NONE',  ( 1.000000000000000000, -0.000000000000000000, -0.000000000000000000 ) ) ;
#845 = ADVANCED_FACE ( 'NONE', ( #1085 ), #1201, .T. ) ;
#846 = PLANE ( 'NONE',  #966 ) ;
#847 = FACE_OUTER_BOUND ( 'NONE', #286, .T. ) ;
#848 = DIRECTION ( 'NONE',  ( -0.000000000000000000, -1.000000000000000000, -0.000000000000000000 ) ) ;
#849 = EDGE_LOOP ( 'NONE', ( #153, #313, #1101, #71, #1229, #535 ) ) ;
#850 = ADVANCED_FACE ( 'NONE', ( #1537 ), #1518, .F. ) ;
#851 = ADVANCED_FACE ( 'NONE', ( #907 ), #439, .F. ) ;
#852 = ORIENTED_EDGE ( 'NONE', *, *, #821, .F. ) ;
#853 = PLANE ( 'NONE',  #1233 ) ;
#854 = LINE ( 'NONE', #1910, #1195 ) ;
#855 = AXIS2_PLACEMENT_3D ( 'NONE', #285, #573, #840 ) ;
#856 = CARTESIAN_POINT ( 'NONE',  ( -16.00000000000000711, 13.50000000000000000, 0.000000000000000000 ) ) ;
#857 = CIRCLE ( 'NONE', #1124, 4.249999999999998224 ) ;
#858 = DIRECTION ( 'NONE',  ( 0.000000000000000000, 0.000000000000000000, 1.000000000000000000 ) ) ;
#859 = EDGE_CURVE ( 'NONE', #1839, #1828, #27, .T. ) ;
#860 = CARTESIAN_POINT ( 'NONE',  ( 9.475000000000001421, 6.000000000000000000, 0.000000000000000000 ) ) ;
#861 = VERTEX_POINT ( 'NONE', #602 ) ;
#862 = ORIENTED_EDGE ( 'NONE', *, *, #1140, .F. ) ;
#863 = CARTESIAN_POINT ( 'NONE',  ( -12.00000000000000711, 13.50000000000000000, 14.99999999999999822 ) ) ;
#864 = FACE_OUTER_BOUND ( 'NONE', #1470, .T. ) ;
#865 = CARTESIAN_POINT ( 'NONE',  ( 9.099999999999999645, 13.50000000000000000, 1.799999999999999378 ) ) ;
#866 = DIRECTION ( 'NONE',  ( 1.000000000000000000, 2.140784458307804350E-16, 2.262288689053293121E-16 ) ) ;
#867 = LINE ( 'NONE', #990, #1725 ) ;
#868 = VECTOR ( 'NONE', #1682, 1000.000000000000000 ) ;
#869 =( GEOMETRIC_REPRESENTATION_CONTEXT ( 3 ) GLOBAL_UNCERTAINTY_ASSIGNED_CONTEXT ( ( #437 ) ) GLOBAL_UNIT_ASSIGNED_CONTEXT ( ( #1900, #377, #79 ) ) REPRESENTATION_CONTEXT ( 'NONE', 'WORKASPACE' ) );
#870 = ORIENTED_EDGE ( 'NONE', *, *, #1044, .T. ) ;
#871 = CARTESIAN_POINT ( 'NONE',  ( 13.99999999999999112, -13.50000000000000000, 35.00000000000000000 ) ) ;
#872 = ORIENTED_EDGE ( 'NONE', *, *, #549, .F. ) ;
#873 = FACE_OUTER_BOUND ( 'NONE', #802, .T. ) ;
#874 = EDGE_CURVE ( 'NONE', #328, #938, #729, .T. ) ;
#875 = DIRECTION ( 'NONE',  ( 1.000000000000000000, 2.140784458307804350E-16, 2.262288689053293121E-16 ) ) ;
#876 = DIRECTION ( 'NONE',  ( 0.000000000000000000, 1.000000000000000000, 0.000000000000000000 ) ) ;
#877 = CARTESIAN_POINT ( 'NONE',  ( 11.50000000000000355, 13.50000000000000000, 9.000000000000000000 ) ) ;
#878 = ORIENTED_EDGE ( 'NONE', *, *, #1060, .T. ) ;
#879 = EDGE_CURVE ( 'NONE', #280, #786, #614, .T. ) ;
#880 = DIRECTION ( 'NONE',  ( 0.000000000000000000, 1.000000000000000000, 0.000000000000000000 ) ) ;
#881 = ADVANCED_FACE ( 'NONE', ( #1825 ), #39, .F. ) ;
#882 = AXIS2_PLACEMENT_3D ( 'NONE', #1041, #1209, #1349 ) ;
#883 = ORIENTED_EDGE ( 'NONE', *, *, #131, .F. ) ;
#884 = LINE ( 'NONE', #2, #1767 ) ;
#885 = CARTESIAN_POINT ( 'NONE',  ( 15.99999999999999289, -11.50000000000000178, 0.000000000000000000 ) ) ;
#886 = EDGE_CURVE ( 'NONE', #1892, #830, #148, .T. ) ;
#887 = FACE_OUTER_BOUND ( 'NONE', #1490, .T. ) ;
#888 = AXIS2_PLACEMENT_3D ( 'NONE', #266, #1023, #1770 ) ;
#889 = CARTESIAN_POINT ( 'NONE',  ( 1.000000000000000000, -6.499999999999998224, 42.28010988928051717 ) ) ;
#890 = EDGE_LOOP ( 'NONE', ( #1552, #692, #706, #455, #980, #793, #1802, #1015 ) ) ;
#891 = VECTOR ( 'NONE', #950, 1000.000000000000000 ) ;
#892 = CARTESIAN_POINT ( 'NONE',  ( -10.00000000000000533, -6.500000000000000000, 11.00000000000000000 ) ) ;
#893 = ORIENTED_EDGE ( 'NONE', *, *, #1287, .F. ) ;
#894 = CARTESIAN_POINT ( 'NONE',  ( 11.50000000000000000, 2.461902127053975323E-15, 14.42500000000001315 ) ) ;
#895 = CIRCLE ( 'NONE', #1921, 4.250000000000001776 ) ;
#896 = CARTESIAN_POINT ( 'NONE',  ( -14.00000000000000711, -26.65564437074638349, 12.99999999999999822 ) ) ;
#897 = ORIENTED_EDGE ( 'NONE', *, *, #859, .F. ) ;
#898 = CARTESIAN_POINT ( 'NONE',  ( 18.70761493398643438, 23.00000000000000000, 19.75000000000000000 ) ) ;
#899 = CARTESIAN_POINT ( 'NONE',  ( -16.00000000000000711, 3.980102097228899218E-16, 26.25000000000000355 ) ) ;
#900 = VERTEX_POINT ( 'NONE', #1049 ) ;
#901 = VECTOR ( 'NONE', #1318, 1000.000000000000000 ) ;
#902 = PLANE ( 'NONE',  #1065 ) ;
#903 = VERTEX_POINT ( 'NONE', #592 ) ;
#904 = DIRECTION ( 'NONE',  ( 0.000000000000000000, -1.000000000000000000, 0.000000000000000000 ) ) ;
#905 = CARTESIAN_POINT ( 'NONE',  ( -12.00000000000000711, -6.499999999999999112, 12.99999999999999822 ) ) ;
#906 = ORIENTED_EDGE ( 'NONE', *, *, #1871, .T. ) ;
#907 = FACE_OUTER_BOUND ( 'NONE', #1782, .T. ) ;
#908 = DIRECTION ( 'NONE',  ( 1.000000000000000000, -0.000000000000000000, -0.000000000000000000 ) ) ;
#909 = VERTEX_POINT ( 'NONE', #1669 ) ;
#910 = LINE ( 'NONE', #384, #566 ) ;
#911 = ORIENTED_EDGE ( 'NONE', *, *, #1326, .F. ) ;
#912 = CARTESIAN_POINT ( 'NONE',  ( -10.00000000000000533, -10.97213595499957783, 11.00000000000000000 ) ) ;
#913 = DIRECTION ( 'NONE',  ( 0.8000000000000005995, 0.000000000000000000, -0.5999999999999990896 ) ) ;
#914 = ORIENTED_EDGE ( 'NONE', *, *, #1800, .F. ) ;
#915 = CARTESIAN_POINT ( 'NONE',  ( -16.00000000000000711, -13.50000000000000000, 35.00000000000000000 ) ) ;
#916 = CARTESIAN_POINT ( 'NONE',  ( -14.00000000000000533, -26.65564437074638349, 33.00000000000000000 ) ) ;
#917 = VECTOR ( 'NONE', #989, 1000.000000000000000 ) ;
#918 = ORIENTED_EDGE ( 'NONE', *, *, #1575, .T. ) ;
#919 = DIRECTION ( 'NONE',  ( 8.673617379884033007E-17, 0.000000000000000000, 1.000000000000000000 ) ) ;
#920 = EDGE_LOOP ( 'NONE', ( #652, #1226 ) ) ;
#921 = CARTESIAN_POINT ( 'NONE',  ( -12.50000000000000178, -6.499999999999999112, 9.000000000000000000 ) ) ;
#922 = ADVANCED_FACE ( 'NONE', ( #165 ), #459, .F. ) ;
#923 = LINE ( 'NONE', #1249, #999 ) ;
#924 = ORIENTED_EDGE ( 'NONE', *, *, #1736, .T. ) ;
#925 = DIRECTION ( 'NONE',  ( -1.156482317317871725E-15, 0.000000000000000000, 1.000000000000000000 ) ) ;
#926 = CIRCLE ( 'NONE', #63, 0.6250000000000005551 ) ;
#927 = DIRECTION ( 'NONE',  ( -0.000000000000000000, -0.000000000000000000, 1.000000000000000000 ) ) ;
#928 = ORIENTED_EDGE ( 'NONE', *, *, #1520, .F. ) ;
#929 = ADVANCED_FACE ( 'NONE', ( #48 ), #1129, .F. ) ;
#930 = ORIENTED_EDGE ( 'NONE', *, *, #423, .T. ) ;
#931 = CYLINDRICAL_SURFACE ( 'NONE', #1095, 3.324999999999999734 ) ;
#932 = DIRECTION ( 'NONE',  ( -0.000000000000000000, -1.000000000000000000, -0.000000000000000000 ) ) ;
#933 = EDGE_CURVE ( 'NONE', #42, #199, #1851, .T. ) ;
#934 = EDGE_CURVE ( 'NONE', #386, #1046, #1118, .T. ) ;
#935 = LINE ( 'NONE', #507, #983 ) ;
#936 = DIRECTION ( 'NONE',  ( -0.000000000000000000, -0.000000000000000000, -1.000000000000000000 ) ) ;
#937 = ORIENTED_EDGE ( 'NONE', *, *, #1033, .T. ) ;
#938 = VERTEX_POINT ( 'NONE', #346 ) ;
#939 = CARTESIAN_POINT ( 'NONE',  ( -12.00000000000000711, -6.500000000000000000, 11.00000000000000000 ) ) ;
#940 = ADVANCED_FACE ( 'NONE', ( #1867 ), #1855, .F. ) ;
#941 = DIRECTION ( 'NONE',  ( 0.000000000000000000, 0.000000000000000000, 1.000000000000000000 ) ) ;
#942 = ORIENTED_EDGE ( 'NONE', *, *, #1896, .F. ) ;
#943 = CARTESIAN_POINT ( 'NONE',  ( -11.09999999999999964, -6.500000000000000000, 1.799999999999999378 ) ) ;
#944 = EDGE_CURVE ( 'NONE', #659, #1747, #370, .T. ) ;
#945 = VECTOR ( 'NONE', #1434, 1000.000000000000000 ) ;
#946 = DIRECTION ( 'NONE',  ( 1.000000000000000000, 2.140784458307804350E-16, 2.262288689053293121E-16 ) ) ;
#947 = ORIENTED_EDGE ( 'NONE', *, *, #1520, .T. ) ;
#948 = VECTOR ( 'NONE', #86, 1000.000000000000000 ) ;
#949 = ORIENTED_EDGE ( 'NONE', *, *, #1060, .F. ) ;
#950 = DIRECTION ( 'NONE',  ( -1.000000000000000000, -0.000000000000000000, -0.000000000000000000 ) ) ;
#951 = CARTESIAN_POINT ( 'NONE',  ( 1.000000000000000888, -6.499999999999999112, 33.00000000000000000 ) ) ;
#952 = ORIENTED_EDGE ( 'NONE', *, *, #1149, .T. ) ;
#953 = EDGE_CURVE ( 'NONE', #991, #586, #1729, .T. ) ;
#954 = CARTESIAN_POINT ( 'NONE',  ( -9.099999999999999645, 13.50000000000000000, 1.799999999999999378 ) ) ;
#955 = PLANE ( 'NONE',  #296 ) ;
#956 = CARTESIAN_POINT ( 'NONE',  ( 9.099999999999999645, -6.500000000000000000, 1.799999999999999378 ) ) ;
#957 = EDGE_CURVE ( 'NONE', #393, #1358, #967, .T. ) ;
#958 = ORIENTED_EDGE ( 'NONE', *, *, #593, .T. ) ;
#959 = LINE ( 'NONE', #1410, #1234 ) ;
#960 = ORIENTED_EDGE ( 'NONE', *, *, #1806, .T. ) ;
#961 = VECTOR ( 'NONE', #291, 1000.000000000000000 ) ;
#962 = DIRECTION ( 'NONE',  ( 0.000000000000000000, 0.000000000000000000, -1.000000000000000000 ) ) ;
#963 = EDGE_CURVE ( 'NONE', #1880, #1828, #634, .T. ) ;
#964 = VERTEX_POINT ( 'NONE', #499 ) ;
#965 = AXIS2_PLACEMENT_3D ( 'NONE', #1577, #1447, #237 ) ;
#966 = AXIS2_PLACEMENT_3D ( 'NONE', #551, #707, #1930 ) ;
#967 = LINE ( 'NONE', #1584, #537 ) ;
#968 = LINE ( 'NONE', #1120, #541 ) ;
#969 = LINE ( 'NONE', #1278, #1248 ) ;
#970 = ORIENTED_EDGE ( 'NONE', *, *, #394, .T. ) ;
#971 = APPLICATION_PROTOCOL_DEFINITION ( 'draft international standard', 'automotive_design', 1998, #1769 ) ;
#972 = ORIENTED_EDGE ( 'NONE', *, *, #933, .F. ) ;
#973 = EDGE_CURVE ( 'NONE', #1027, #1282, #935, .T. ) ;
#974 = DIRECTION ( 'NONE',  ( 0.000000000000000000, 1.000000000000000000, -0.000000000000000000 ) ) ;
#975 = ORIENTED_EDGE ( 'NONE', *, *, #155, .F. ) ;
#976 = CARTESIAN_POINT ( 'NONE',  ( -10.00000000000000533, -10.97213595499957783, 11.00000000000000000 ) ) ;
#977 = LINE ( 'NONE', #1252, #178 ) ;
#978 = AXIS2_PLACEMENT_3D ( 'NONE', #618, #43, #472 ) ;
#979 = DIRECTION ( 'NONE',  ( 0.000000000000000000, 0.000000000000000000, -1.000000000000000000 ) ) ;
#980 = ORIENTED_EDGE ( 'NONE', *, *, #834, .T. ) ;
#981 = AXIS2_PLACEMENT_3D ( 'NONE', #898, #315, #469 ) ;
#982 = LINE ( 'NONE', #1753, #1582 ) ;
#983 = VECTOR ( 'NONE', #489, 1000.000000000000000 ) ;
#984 = VERTEX_POINT ( 'NONE', #1557 ) ;
#985 = DIRECTION ( 'NONE',  ( -1.000000000000000000, 0.000000000000000000, 0.000000000000000000 ) ) ;
#986 = EDGE_CURVE ( 'NONE', #1258, #734, #84, .T. ) ;
#987 = DIRECTION ( 'NONE',  ( 1.000000000000000000, -0.000000000000000000, -0.000000000000000000 ) ) ;
#988 = DIRECTION ( 'NONE',  ( 1.000000000000000000, 2.140784458307804350E-16, 2.262288689053293121E-16 ) ) ;
#989 = DIRECTION ( 'NONE',  ( -0.000000000000000000, 1.000000000000000000, -0.000000000000000000 ) ) ;
#990 = CARTESIAN_POINT ( 'NONE',  ( -12.00000000000000711, -26.65564437074638349, 12.99999999999999822 ) ) ;
#991 = VERTEX_POINT ( 'NONE', #798 ) ;
#992 = VECTOR ( 'NONE', #114, 1000.000000000000000 ) ;
#993 = ORIENTED_EDGE ( 'NONE', *, *, #649, .T. ) ;
#994 = EDGE_CURVE ( 'NONE', #1358, #1839, #204, .T. ) ;
#995 = FACE_OUTER_BOUND ( 'NONE', #251, .T. ) ;
#996 = DIRECTION ( 'NONE',  ( 1.000000000000000000, 2.140784458307804350E-16, 2.262288689053293121E-16 ) ) ;
#997 = DIRECTION ( 'NONE',  ( -0.000000000000000000, -0.000000000000000000, 1.000000000000000000 ) ) ;
#998 = VECTOR ( 'NONE', #880, 1000.000000000000000 ) ;
#999 = VECTOR ( 'NONE', #932, 1000.000000000000000 ) ;
#1000 = ADVANCED_FACE ( 'NONE', ( #1405, #57 ), #642, .T. ) ;
#1001 = EDGE_CURVE ( 'NONE', #325, #1112, #523, .T. ) ;
#1002 = CARTESIAN_POINT ( 'NONE',  ( -11.50000000000000355, 13.50000000000000000, 9.000000000000000000 ) ) ;
#1003 = PRODUCT_DEFINITION ( 'UNKNOWN', '', #1138, #1636 ) ;
#1004 = DIRECTION ( 'NONE',  ( 1.000000000000000000, 0.000000000000000000, 0.000000000000000000 ) ) ;
#1005 = ORIENTED_EDGE ( 'NONE', *, *, #1404, .T. ) ;
#1006 = ORIENTED_EDGE ( 'NONE', *, *, #111, .F. ) ;
#1007 = LINE ( 'NONE', #609, #868 ) ;
#1008 = ORIENTED_EDGE ( 'NONE', *, *, #1860, .F. ) ;
#1009 = DIRECTION ( 'NONE',  ( 1.000000000000000000, -0.000000000000000000, 0.000000000000000000 ) ) ;
#1010 = LINE ( 'NONE', #1020, #357 ) ;
#1011 = LINE ( 'NONE', #1626, #1700 ) ;
#1012 = DIRECTION ( 'NONE',  ( -1.000000000000000000, -0.000000000000000000, -0.000000000000000000 ) ) ;
#1013 = ORIENTED_EDGE ( 'NONE', *, *, #650, .F. ) ;
#1014 = PRESENTATION_LAYER_ASSIGNMENT (  '', '', ( #1691 ) ) ;
#1015 = ORIENTED_EDGE ( 'NONE', *, *, #933, .T. ) ;
#1016 = VECTOR ( 'NONE', #1814, 1000.000000000000000 ) ;
#1017 = CARTESIAN_POINT ( 'NONE',  ( -12.00000000000000533, -6.500000000000000000, 31.00000000000000000 ) ) ;
#1018 = CARTESIAN_POINT ( 'NONE',  ( 11.50000000000000000, -6.499999999999999112, 33.00000000000000000 ) ) ;
#1019 = AXIS2_PLACEMENT_3D ( 'NONE', #519, #1235, #1587 ) ;
#1020 = CARTESIAN_POINT ( 'NONE',  ( -12.50000000000000178, -42.21064267133819925, 9.000000000000000000 ) ) ;
#1021 = AXIS2_PLACEMENT_3D ( 'NONE', #1797, #866, #561 ) ;
#1022 = EDGE_CURVE ( 'NONE', #657, #367, #672, .T. ) ;
#1023 = DIRECTION ( 'NONE',  ( -0.000000000000000000, -0.000000000000000000, 1.000000000000000000 ) ) ;
#1024 = LINE ( 'NONE', #267, #513 ) ;
#1025 = ORIENTED_EDGE ( 'NONE', *, *, #973, .T. ) ;
#1026 = ADVANCED_BREP_SHAPE_REPRESENTATION ( 'P001-B101_RearEnclosure_Rev2D-3', ( #1752, #806 ), #869 ) ;
#1027 = VERTEX_POINT ( 'NONE', #1574 ) ;
#1028 = CARTESIAN_POINT ( 'NONE',  ( 0.000000000000000000, 0.000000000000000000, 33.00000000000000000 ) ) ;
#1029 = ORIENTED_EDGE ( 'NONE', *, *, #1736, .F. ) ;
#1030 = PLANE ( 'NONE',  #579 ) ;
#1031 = DIRECTION ( 'NONE',  ( -0.5999999999999990896, 0.000000000000000000, -0.8000000000000005995 ) ) ;
#1032 = DIRECTION ( 'NONE',  ( -0.000000000000000000, -1.000000000000000000, -0.000000000000000000 ) ) ;
#1033 = EDGE_CURVE ( 'NONE', #1383, #610, #66, .T. ) ;
#1034 = CYLINDRICAL_SURFACE ( 'NONE', #855, 0.6250000000000005551 ) ;
#1035 = ADVANCED_FACE ( 'NONE', ( #1876 ), #1547, .F. ) ;
#1036 = EDGE_LOOP ( 'NONE', ( #1820, #617, #812, #103 ) ) ;
#1037 = CARTESIAN_POINT ( 'NONE',  ( 11.50000000000000000, 2.461902127053975323E-15, 17.75000000000001066 ) ) ;
#1038 = ORIENTED_EDGE ( 'NONE', *, *, #1809, .F. ) ;
#1039 = DIRECTION ( 'NONE',  ( -0.000000000000000000, -0.000000000000000000, 1.000000000000000000 ) ) ;
#1040 = CARTESIAN_POINT ( 'NONE',  ( -12.50000000000000178, 13.50000000000000000, 9.000000000000000000 ) ) ;
#1041 = CARTESIAN_POINT ( 'NONE',  ( 15.99999999999998224, 3.425255133292483411E-15, 17.75000000000001066 ) ) ;
#1042 = DIRECTION ( 'NONE',  ( -1.000000000000000000, 0.000000000000000000, 0.000000000000000000 ) ) ;
#1043 = ORIENTED_EDGE ( 'NONE', *, *, #1818, .F. ) ;
#1044 = EDGE_CURVE ( 'NONE', #510, #646, #1147, .T. ) ;
#1045 = DIRECTION ( 'NONE',  ( -2.262288689053293121E-16, 0.000000000000000000, 1.000000000000000000 ) ) ;
#1046 = VERTEX_POINT ( 'NONE', #1625 ) ;
#1047 = CARTESIAN_POINT ( 'NONE',  ( 9.099999999999999645, 13.50000000000000000, -5.572142936120456341E-16 ) ) ;
#1048 = CARTESIAN_POINT ( 'NONE',  ( 15.99999999999998224, 3.832450194008977857E-15, 21.07500000000001350 ) ) ;
#1049 = CARTESIAN_POINT ( 'NONE',  ( 12.50000000000000178, 13.50000000000000000, 9.000000000000000000 ) ) ;
#1050 = DIRECTION ( 'NONE',  ( -0.000000000000000000, 0.000000000000000000, -1.000000000000000000 ) ) ;
#1051 = ORIENTED_EDGE ( 'NONE', *, *, #1630, .F. ) ;
#1052 = DIRECTION ( 'NONE',  ( -0.000000000000000000, 0.000000000000000000, 1.000000000000000000 ) ) ;
#1053 = ADVANCED_FACE ( 'NONE', ( #1617 ), #106, .T. ) ;
#1054 = VERTEX_POINT ( 'NONE', #560 ) ;
#1055 = FACE_OUTER_BOUND ( 'NONE', #890, .T. ) ;
#1056 = VECTOR ( 'NONE', #166, 1000.000000000000000 ) ;
#1057 = DIRECTION ( 'NONE',  ( -0.000000000000000000, 0.000000000000000000, -1.000000000000000000 ) ) ;
#1058 = EDGE_LOOP ( 'NONE', ( #512, #214, #1144, #1376, #1125, #26 ) ) ;
#1059 = CARTESIAN_POINT ( 'NONE',  ( -11.50000000000000178, -26.65564437074638349, 12.99999999999999822 ) ) ;
#1060 = EDGE_CURVE ( 'NONE', #139, #610, #1010, .T. ) ;
#1061 = EDGE_CURVE ( 'NONE', #356, #1570, #95, .T. ) ;
#1062 = AXIS2_PLACEMENT_3D ( 'NONE', #1735, #36, #962 ) ;
#1063 = LINE ( 'NONE', #916, #571 ) ;
#1064 = ORIENTED_EDGE ( 'NONE', *, *, #799, .T. ) ;
#1065 = AXIS2_PLACEMENT_3D ( 'NONE', #1028, #1810, #462 ) ;
#1066 = VECTOR ( 'NONE', #475, 1000.000000000000000 ) ;
#1067 = AXIS2_PLACEMENT_3D ( 'NONE', #1218, #1057, #1515 ) ;
#1068 = FACE_OUTER_BOUND ( 'NONE', #112, .T. ) ;
#1069 = ORIENTED_EDGE ( 'NONE', *, *, #1704, .F. ) ;
#1070 = FACE_OUTER_BOUND ( 'NONE', #1371, .T. ) ;
#1071 = EDGE_CURVE ( 'NONE', #1306, #861, #720, .T. ) ;
#1072 = FACE_OUTER_BOUND ( 'NONE', #1036, .T. ) ;
#1073 = EDGE_LOOP ( 'NONE', ( #763, #1561, #740, #132, #577, #554, #623, #1271, #725, #1108, #1935, #1029, #259, #424, #970, #797, #942, #975, #1621, #1840, #1550 ) ) ;
#1074 = EDGE_CURVE ( 'NONE', #99, #65, #1883, .T. ) ;
#1075 = DIRECTION ( 'NONE',  ( 0.000000000000000000, 1.000000000000000000, 0.000000000000000000 ) ) ;
#1076 = LINE ( 'NONE', #1689, #1597 ) ;
#1077 = ADVANCED_FACE ( 'NONE', ( #1475 ), #1748, .F. ) ;
#1078 = ORIENTED_EDGE ( 'NONE', *, *, #934, .F. ) ;
#1079 = FILL_AREA_STYLE ('',( #31 ) ) ;
#1080 = ORIENTED_EDGE ( 'NONE', *, *, #1152, .F. ) ;
#1081 = LINE ( 'NONE', #1841, #1891 ) ;
#1082 = VECTOR ( 'NONE', #1651, 1000.000000000000000 ) ;
#1083 = CARTESIAN_POINT ( 'NONE',  ( -11.50000000000000178, 13.50000000000000000, 12.99999999999999822 ) ) ;
#1084 = ORIENTED_EDGE ( 'NONE', *, *, #986, .F. ) ;
#1085 = FACE_OUTER_BOUND ( 'NONE', #1327, .T. ) ;
#1086 = VECTOR ( 'NONE', #1321, 1000.000000000000000 ) ;
#1087 = VECTOR ( 'NONE', #76, 1000.000000000000000 ) ;
#1088 = VECTOR ( 'NONE', #1454, 1000.000000000000000 ) ;
#1089 = DIRECTION ( 'NONE',  ( -0.000000000000000000, 1.000000000000000000, -0.000000000000000000 ) ) ;
#1090 = VERTEX_POINT ( 'NONE', #1593 ) ;
#1091 = EDGE_LOOP ( 'NONE', ( #223, #947, #1764, #924, #435, #1080, #369 ) ) ;
#1092 = EDGE_CURVE ( 'NONE', #318, #676, #531, .T. ) ;
#1093 = CYLINDRICAL_SURFACE ( 'NONE', #273, 2.000000000000000000 ) ;
#1094 = ADVANCED_FACE ( 'NONE', ( #136 ), #256, .F. ) ;
#1095 = AXIS2_PLACEMENT_3D ( 'NONE', #795, #45, #52 ) ;
#1096 = CARTESIAN_POINT ( 'NONE',  ( -0.9999999999999991118, -13.25000000000000000, 27.00000000000000355 ) ) ;
#1097 = CLOSED_SHELL ( 'NONE', ( #211, #929, #850, #1217, #1668, #1639, #1094, #314, #1702, #702, #1600, #768, #407, #1363, #35, #1180, #608, #881, #195, #305, #1340, #715, #1166, #1035, #1316, #1077, #789, #940, #1428, #758, #446, #1856, #536, #96, #1453, #851, #1517, #1514, #1590, #92, #333, #140, #1692, #1675, #568, #292, #1000, #1356, #845, #1474, #748, #1720, #922, #1053, #168, #231, #585, #1130, #1830, #1242 ) ) ;
#1098 = DIRECTION ( 'NONE',  ( 1.000000000000000000, 0.000000000000000000, 0.000000000000000000 ) ) ;
#1099 = VECTOR ( 'NONE', #1039, 1000.000000000000000 ) ;
#1100 = DIRECTION ( 'NONE',  ( -0.000000000000000000, -0.000000000000000000, 1.000000000000000000 ) ) ;
#1101 = ORIENTED_EDGE ( 'NONE', *, *, #874, .T. ) ;
#1102 = EDGE_CURVE ( 'NONE', #938, #325, #116, .T. ) ;
#1103 = AXIS2_PLACEMENT_3D ( 'NONE', #1829, #1944, #425 ) ;
#1104 = ORIENTED_EDGE ( 'NONE', *, *, #1950, .T. ) ;
#1105 = CARTESIAN_POINT ( 'NONE',  ( -11.09999999999999964, -6.500000000000000000, 4.999999999999999112 ) ) ;
#1106 = EDGE_CURVE ( 'NONE', #1536, #1290, #1294, .T. ) ;
#1107 = PLANE ( 'NONE',  #1320 ) ;
#1108 = ORIENTED_EDGE ( 'NONE', *, *, #658, .T. ) ;
#1109 = CARTESIAN_POINT ( 'NONE',  ( 13.99999999999998401, 4.250000000000001776, 17.75000000000001066 ) ) ;
#1110 = CARTESIAN_POINT ( 'NONE',  ( 1.000000000000000000, -6.499999999999998224, 42.28010988928051717 ) ) ;
#1111 = ORIENTED_EDGE ( 'NONE', *, *, #58, .F. ) ;
#1112 = VERTEX_POINT ( 'NONE', #540 ) ;
#1113 = DIRECTION ( 'NONE',  ( 1.000000000000000000, 0.000000000000000000, 0.000000000000000000 ) ) ;
#1114 = EDGE_CURVE ( 'NONE', #278, #1204, #389, .T. ) ;
#1115 = DIRECTION ( 'NONE',  ( 8.673617379884034239E-17, 0.000000000000000000, 1.000000000000000000 ) ) ;
#1116 = AXIS2_PLACEMENT_3D ( 'NONE', #129, #699, #149 ) ;
#1117 = EDGE_CURVE ( 'NONE', #1811, #1901, #482, .T. ) ;
#1118 = LINE ( 'NONE', #1737, #20 ) ;
#1119 = VECTOR ( 'NONE', #787, 1000.000000000000000 ) ;
#1120 = CARTESIAN_POINT ( 'NONE',  ( 11.50000000000000000, 13.50000000000000000, 33.00000000000000000 ) ) ;
#1121 = DIRECTION ( 'NONE',  ( 1.000000000000000000, -0.000000000000000000, -0.000000000000000000 ) ) ;
#1122 = ORIENTED_EDGE ( 'NONE', *, *, #1586, .T. ) ;
#1123 = CIRCLE ( 'NONE', #1116, 2.000000000000001776 ) ;
#1124 = AXIS2_PLACEMENT_3D ( 'NONE', #1191, #532, #1488 ) ;
#1125 = ORIENTED_EDGE ( 'NONE', *, *, #1431, .F. ) ;
#1126 = EDGE_CURVE ( 'NONE', #1090, #181, #126, .T. ) ;
#1127 = CARTESIAN_POINT ( 'NONE',  ( 1.000000000000000000, -7.249999999999999112, 33.00000000000000000 ) ) ;
#1128 = VECTOR ( 'NONE', #503, 1000.000000000000000 ) ;
#1129 = CYLINDRICAL_SURFACE ( 'NONE', #83, 3.324999999999999734 ) ;
#1130 = ADVANCED_FACE ( 'NONE', ( #234 ), #846, .T. ) ;
#1131 = CARTESIAN_POINT ( 'NONE',  ( 9.099999999999999645, -6.500000000000000000, 1.799999999999999378 ) ) ;
#1132 = CARTESIAN_POINT ( 'NONE',  ( 0.000000000000000000, -7.249999999999999112, 27.00000000000000355 ) ) ;
#1133 = EDGE_LOOP ( 'NONE', ( #1542, #1025, #172, #1502 ) ) ;
#1134 = ORIENTED_EDGE ( 'NONE', *, *, #1270, .T. ) ;
#1135 = PLANE ( 'NONE',  #621 ) ;
#1136 = ORIENTED_EDGE ( 'NONE', *, *, #17, .T. ) ;
#1137 = AXIS2_PLACEMENT_3D ( 'NONE', #1601, #833, #1634 ) ;
#1138 = PRODUCT_DEFINITION_FORMATION_WITH_SPECIFIED_SOURCE ( 'ANY', '', #1614, .NOT_KNOWN. ) ;
#1139 = DIRECTION ( 'NONE',  ( 0.000000000000000000, 0.000000000000000000, -1.000000000000000000 ) ) ;
#1140 = EDGE_CURVE ( 'NONE', #1723, #964, #1177, .T. ) ;
#1141 = VECTOR ( 'NONE', #320, 1000.000000000000000 ) ;
#1142 = FACE_BOUND ( 'NONE', #920, .T. ) ;
#1143 = FACE_OUTER_BOUND ( 'NONE', #210, .T. ) ;
#1144 = ORIENTED_EDGE ( 'NONE', *, *, #1202, .F. ) ;
#1145 = ORIENTED_EDGE ( 'NONE', *, *, #38, .T. ) ;
#1146 = CARTESIAN_POINT ( 'NONE',  ( -16.00000000000000711, 11.50000000000000000, 0.000000000000000000 ) ) ;
#1147 = LINE ( 'NONE', #1787, #419 ) ;
#1148 = DIRECTION ( 'NONE',  ( 0.000000000000000000, -0.000000000000000000, -1.000000000000000000 ) ) ;
#1149 = EDGE_CURVE ( 'NONE', #328, #1849, #1330, .T. ) ;
#1150 = ORIENTED_EDGE ( 'NONE', *, *, #587, .F. ) ;
#1151 = ORIENTED_EDGE ( 'NONE', *, *, #78, .T. ) ;
#1152 = EDGE_CURVE ( 'NONE', #676, #938, #382, .T. ) ;
#1153 = VECTOR ( 'NONE', #1260, 1000.000000000000000 ) ;
#1154 = DIRECTION ( 'NONE',  ( 1.000000000000000000, 1.239088197126290570E-16, -0.000000000000000000 ) ) ;
#1155 = EDGE_CURVE ( 'NONE', #139, #318, #312, .T. ) ;
#1156 = CARTESIAN_POINT ( 'NONE',  ( -0.9999999999999991118, -13.25000000000000000, 0.000000000000000000 ) ) ;
#1157 = DIRECTION ( 'NONE',  ( 1.000000000000000000, 0.000000000000000000, 0.000000000000000000 ) ) ;
#1158 = CYLINDRICAL_SURFACE ( 'NONE', #1408, 3.250000000000002665 ) ;
#1159 = CARTESIAN_POINT ( 'NONE',  ( -16.00000000000000711, 0.000000000000000000, 23.00000000000000000 ) ) ;
#1160 = VERTEX_POINT ( 'NONE', #283 ) ;
#1161 = EDGE_CURVE ( 'NONE', #1173, #65, #171, .T. ) ;
#1162 = ORIENTED_EDGE ( 'NONE', *, *, #626, .F. ) ;
#1163 = LINE ( 'NONE', #1472, #1487 ) ;
#1164 = VERTEX_POINT ( 'NONE', #745 ) ;
#1165 = EDGE_LOOP ( 'NONE', ( #1899, #1918, #1298, #1346 ) ) ;
#1166 = ADVANCED_FACE ( 'NONE', ( #1208 ), #1341, .T. ) ;
#1167 = CARTESIAN_POINT ( 'NONE',  ( 12.50000000000000000, -6.499999999999999112, 7.500000000000000000 ) ) ;
#1168 = CIRCLE ( 'NONE', #3, 3.324999999999999734 ) ;
#1169 = CIRCLE ( 'NONE', #1062, 3.750000000000000000 ) ;
#1170 = CARTESIAN_POINT ( 'NONE',  ( -9.099999999999999645, 5.500000000000000888, 1.799999999999999378 ) ) ;
#1171 = DIRECTION ( 'NONE',  ( 0.000000000000000000, -1.000000000000000000, 0.000000000000000000 ) ) ;
#1172 = ORIENTED_EDGE ( 'NONE', *, *, #879, .F. ) ;
#1173 = VERTEX_POINT ( 'NONE', #769 ) ;
#1174 = CARTESIAN_POINT ( 'NONE',  ( 13.99999999999999112, -13.50000000000000000, 35.00000000000000000 ) ) ;
#1175 = EDGE_CURVE ( 'NONE', #743, #830, #808, .T. ) ;
#1176 = FACE_OUTER_BOUND ( 'NONE', #184, .T. ) ;
#1177 = LINE ( 'NONE', #865, #404 ) ;
#1178 = CARTESIAN_POINT ( 'NONE',  ( 13.99999999999999112, 11.50000000000000000, 35.00000000000000000 ) ) ;
#1179 = CARTESIAN_POINT ( 'NONE',  ( -9.099999999999999645, 13.50000000000000000, -5.572142936120456341E-16 ) ) ;
#1180 = ADVANCED_FACE ( 'NONE', ( #5 ), #1947, .F. ) ;
#1181 = ORIENTED_EDGE ( 'NONE', *, *, #1309, .T. ) ;
#1182 = ORIENTED_EDGE ( 'NONE', *, *, #1483, .T. ) ;
#1183 = VECTOR ( 'NONE', #582, 1000.000000000000000 ) ;
#1184 = EDGE_CURVE ( 'NONE', #1683, #77, #1228, .T. ) ;
#1185 = VECTOR ( 'NONE', #335, 1000.000000000000000 ) ;
#1186 = DIRECTION ( 'NONE',  ( 0.000000000000000000, 0.000000000000000000, -1.000000000000000000 ) ) ;
#1187 = VERTEX_POINT ( 'NONE', #13 ) ;
#1188 = VECTOR ( 'NONE', #627, 1000.000000000000000 ) ;
#1189 = CARTESIAN_POINT ( 'NONE',  ( -16.00000000000000711, 11.50000000000000000, 35.00000000000000000 ) ) ;
#1190 = AXIS2_PLACEMENT_3D ( 'NONE', #1464, #118, #698 ) ;
#1191 = CARTESIAN_POINT ( 'NONE',  ( 13.99999999999998401, 2.997098241630923034E-15, 17.75000000000001066 ) ) ;
#1192 = CARTESIAN_POINT ( 'NONE',  ( 13.99999999999999112, 13.50000000000000000, 35.00000000000000000 ) ) ;
#1193 = EDGE_CURVE ( 'NONE', #1524, #110, #1495, .T. ) ;
#1194 = EDGE_LOOP ( 'NONE', ( #1718, #497, #502, #1236 ) ) ;
#1195 = VECTOR ( 'NONE', #1645, 1000.000000000000000 ) ;
#1196 = CARTESIAN_POINT ( 'NONE',  ( 0.9999999999999991118, -13.25000000000000000, 0.000000000000000000 ) ) ;
#1197 = ORIENTED_EDGE ( 'NONE', *, *, #1210, .F. ) ;
#1198 = CARTESIAN_POINT ( 'NONE',  ( 15.99999999999998224, 3.425255133292483411E-15, 17.75000000000001066 ) ) ;
#1199 = UNCERTAINTY_MEASURE_WITH_UNIT (LENGTH_MEASURE( 1.000000000000000082E-05 ), #1532, 'distance_accuracy_value', 'NONE');
#1200 = CARTESIAN_POINT ( 'NONE',  ( -10.00000000000000178, -9.000000000000003553, 31.00000000000000000 ) ) ;
#1201 = PLANE ( 'NONE',  #981 ) ;
#1202 = EDGE_CURVE ( 'NONE', #471, #47, #1833, .T. ) ;
#1203 = CARTESIAN_POINT ( 'NONE',  ( 18.70761493398643438, 3.980102097228899218E-16, 26.25000000000000355 ) ) ;
#1204 = VERTEX_POINT ( 'NONE', #905 ) ;
#1205 = CARTESIAN_POINT ( 'NONE',  ( 14.99999999999998579, 4.250000000000005329, 17.75000000000001066 ) ) ;
#1206 = EDGE_LOOP ( 'NONE', ( #1673, #842, #494, #69 ) ) ;
#1207 = DIRECTION ( 'NONE',  ( -0.000000000000000000, 1.000000000000000000, -0.000000000000000000 ) ) ;
#1208 = FACE_OUTER_BOUND ( 'NONE', #340, .T. ) ;
#1209 = DIRECTION ( 'NONE',  ( 1.000000000000000000, 2.140784458307804350E-16, 2.262288689053293121E-16 ) ) ;
#1210 = EDGE_CURVE ( 'NONE', #1629, #938, #467, .T. ) ;
#1211 = DIRECTION ( 'NONE',  ( -1.000000000000000000, 0.000000000000000000, 8.673617379884033007E-17 ) ) ;
#1212 = ORIENTED_EDGE ( 'NONE', *, *, #1287, .T. ) ;
#1213 = CARTESIAN_POINT ( 'NONE',  ( 11.09999999999999964, 13.50000000000000000, 1.799999999999999378 ) ) ;
#1214 = VECTOR ( 'NONE', #1012, 1000.000000000000000 ) ;
#1215 = ORIENTED_EDGE ( 'NONE', *, *, #287, .F. ) ;
#1216 = CARTESIAN_POINT ( 'NONE',  ( -14.00000000000000711, 11.50000000000000000, 0.000000000000000000 ) ) ;
#1217 = ADVANCED_FACE ( 'NONE', ( #1072 ), #1535, .T. ) ;
#1218 = CARTESIAN_POINT ( 'NONE',  ( -14.00000000000000711, -11.50000000000000000, 35.00000000000000000 ) ) ;
#1219 = VERTEX_POINT ( 'NONE', #756 ) ;
#1220 = VECTOR ( 'NONE', #1032, 1000.000000000000000 ) ;
#1221 = DIRECTION ( 'NONE',  ( -1.000000000000000000, -0.000000000000000000, -0.000000000000000000 ) ) ;
#1222 = CARTESIAN_POINT ( 'NONE',  ( -14.00000000000000533, 0.000000000000000000, 23.00000000000000000 ) ) ;
#1223 = ORIENTED_EDGE ( 'NONE', *, *, #1284, .F. ) ;
#1224 = FACE_BOUND ( 'NONE', #159, .T. ) ;
#1225 = EDGE_CURVE ( 'NONE', #143, #1934, #1686, .T. ) ;
#1226 = ORIENTED_EDGE ( 'NONE', *, *, #1931, .F. ) ;
#1227 = DIRECTION ( 'NONE',  ( 0.000000000000000000, -0.000000000000000000, -1.000000000000000000 ) ) ;
#1228 = LINE ( 'NONE', #1189, #466 ) ;
#1229 = ORIENTED_EDGE ( 'NONE', *, *, #1890, .F. ) ;
#1230 = DIRECTION ( 'NONE',  ( -0.000000000000000000, -0.000000000000000000, 1.000000000000000000 ) ) ;
#1231 = PLANE ( 'NONE',  #326 ) ;
#1232 = ORIENTED_EDGE ( 'NONE', *, *, #1117, .F. ) ;
#1233 = AXIS2_PLACEMENT_3D ( 'NONE', #538, #686, #1765 ) ;
#1234 = VECTOR ( 'NONE', #1598, 1000.000000000000000 ) ;
#1235 = DIRECTION ( 'NONE',  ( 1.000000000000000000, 2.140784458307804350E-16, 2.262288689053293121E-16 ) ) ;
#1236 = ORIENTED_EDGE ( 'NONE', *, *, #147, .F. ) ;
#1237 = DIRECTION ( 'NONE',  ( 1.000000000000000000, 0.000000000000000000, 0.000000000000000000 ) ) ;
#1238 = EDGE_CURVE ( 'NONE', #278, #1706, #727, .T. ) ;
#1239 = CARTESIAN_POINT ( 'NONE',  ( 0.9999999999999991118, -13.25000000000000000, 27.00000000000000355 ) ) ;
#1240 = ORIENTED_EDGE ( 'NONE', *, *, #1506, .T. ) ;
#1241 = CARTESIAN_POINT ( 'NONE',  ( 12.50000000000000000, -42.21064267133819925, 7.500000000000000000 ) ) ;
#1242 = ADVANCED_FACE ( 'NONE', ( #1657 ), #1813, .T. ) ;
#1243 = FACE_OUTER_BOUND ( 'NONE', #484, .T. ) ;
#1244 = ORIENTED_EDGE ( 'NONE', *, *, #792, .T. ) ;
#1245 = DIRECTION ( 'NONE',  ( -1.239088197126290570E-16, -1.000000000000000000, 0.000000000000000000 ) ) ;
#1246 = ORIENTED_EDGE ( 'NONE', *, *, #1508, .T. ) ;
#1247 = DIRECTION ( 'NONE',  ( -0.5999999999999994227, -0.000000000000000000, -0.8000000000000003775 ) ) ;
#1248 = VECTOR ( 'NONE', #1888, 1000.000000000000000 ) ;
#1249 = CARTESIAN_POINT ( 'NONE',  ( -9.099999999999999645, 13.50000000000000000, 1.799999999999999378 ) ) ;
#1250 = ORIENTED_EDGE ( 'NONE', *, *, #444, .T. ) ;
#1251 = DIRECTION ( 'NONE',  ( 1.000000000000000000, 2.140784458307804350E-16, 2.262288689053293121E-16 ) ) ;
#1252 = CARTESIAN_POINT ( 'NONE',  ( 1.000000000000000000, -6.499999999999998224, 33.00000000000000000 ) ) ;
#1253 = ORIENTED_EDGE ( 'NONE', *, *, #821, .T. ) ;
#1254 = VERTEX_POINT ( 'NONE', #1647 ) ;
#1255 = PLANE ( 'NONE',  #1605 ) ;
#1256 = AXIS2_PLACEMENT_3D ( 'NONE', #1369, #465, #310 ) ;
#1257 = CARTESIAN_POINT ( 'NONE',  ( 15.99999999999998224, 3.425255133292483411E-15, 17.75000000000001066 ) ) ;
#1258 = VERTEX_POINT ( 'NONE', #591 ) ;
#1259 = DIRECTION ( 'NONE',  ( -0.5999999999999990896, -0.000000000000000000, -0.8000000000000005995 ) ) ;
#1260 = DIRECTION ( 'NONE',  ( -0.000000000000000000, 0.000000000000000000, -1.000000000000000000 ) ) ;
#1261 = EDGE_LOOP ( 'NONE', ( #746, #1954, #1714, #1368 ) ) ;
#1262 = AXIS2_PLACEMENT_3D ( 'NONE', #434, #1523, #752 ) ;
#1263 = EDGE_LOOP ( 'NONE', ( #1418, #1603, #619, #1632 ) ) ;
#1264 = CARTESIAN_POINT ( 'NONE',  ( -9.099999999999999645, 13.50000000000000000, 1.799999999999999378 ) ) ;
#1265 = VECTOR ( 'NONE', #1139, 1000.000000000000000 ) ;
#1266 = DIRECTION ( 'NONE',  ( 0.000000000000000000, 0.000000000000000000, -1.000000000000000000 ) ) ;
#1267 = CARTESIAN_POINT ( 'NONE',  ( 11.09999999999999964, 13.50000000000000000, 1.799999999999999378 ) ) ;
#1268 = CARTESIAN_POINT ( 'NONE',  ( -12.00000000000000711, -6.500000000000000000, 14.99999999999999822 ) ) ;
#1269 = ORIENTED_EDGE ( 'NONE', *, *, #859, .T. ) ;
#1270 = EDGE_CURVE ( 'NONE', #610, #734, #438, .T. ) ;
#1271 = ORIENTED_EDGE ( 'NONE', *, *, #751, .T. ) ;
#1272 = LINE ( 'NONE', #64, #654 ) ;
#1273 = ORIENTED_EDGE ( 'NONE', *, *, #767, .F. ) ;
#1274 = CARTESIAN_POINT ( 'NONE',  ( 15.99999999999998224, 3.425255133292483411E-15, 17.75000000000001066 ) ) ;
#1275 = CIRCLE ( 'NONE', #1815, 0.6250000000000005551 ) ;
#1276 = AXIS2_PLACEMENT_3D ( 'NONE', #1109, #227, #354 ) ;
#1277 = LINE ( 'NONE', #1288, #1153 ) ;
#1278 = CARTESIAN_POINT ( 'NONE',  ( -12.00000000000000711, -6.500000000000000000, 14.99999999999999822 ) ) ;
#1279 = ORIENTED_EDGE ( 'NONE', *, *, #274, .F. ) ;
#1280 = VECTOR ( 'NONE', #936, 1000.000000000000000 ) ;
#1281 = AXIS2_PLACEMENT_3D ( 'NONE', #1640, #1650, #828 ) ;
#1282 = VERTEX_POINT ( 'NONE', #885 ) ;
#1283 = DIRECTION ( 'NONE',  ( 1.000000000000000000, -0.000000000000000000, -0.000000000000000000 ) ) ;
#1284 = EDGE_CURVE ( 'NONE', #393, #1398, #736, .T. ) ;
#1285 = VERTEX_POINT ( 'NONE', #951 ) ;
#1286 = DIRECTION ( 'NONE',  ( -0.000000000000000000, 1.000000000000000000, -0.000000000000000000 ) ) ;
#1287 = EDGE_CURVE ( 'NONE', #786, #657, #345, .T. ) ;
#1288 = CARTESIAN_POINT ( 'NONE',  ( -14.00000000000000711, -13.50000000000000000, 35.00000000000000000 ) ) ;
#1289 = CARTESIAN_POINT ( 'NONE',  ( 13.99999999999999289, -11.50000000000000178, 0.000000000000000000 ) ) ;
#1290 = VERTEX_POINT ( 'NONE', #1563 ) ;
#1291 = VERTEX_POINT ( 'NONE', #1881 ) ;
#1292 = CARTESIAN_POINT ( 'NONE',  ( -11.50000000000000000, 13.50000000000000000, 33.00000000000000000 ) ) ;
#1293 = DIRECTION ( 'NONE',  ( 1.000000000000000000, 2.140784458307804350E-16, 2.262288689053293121E-16 ) ) ;
#1294 = LINE ( 'NONE', #1904, #1088 ) ;
#1295 = LINE ( 'NONE', #542, #917 ) ;
#1296 = SURFACE_STYLE_FILL_AREA ( #1079 ) ;
#1297 = EDGE_CURVE ( 'NONE', #80, #1219, #1545, .T. ) ;
#1298 = ORIENTED_EDGE ( 'NONE', *, *, #714, .T. ) ;
#1299 = ORIENTED_EDGE ( 'NONE', *, *, #1390, .F. ) ;
#1300 = CARTESIAN_POINT ( 'NONE',  ( -1.000000000000000000, -7.249999999999999112, 27.00000000000000355 ) ) ;
#1301 = VERTEX_POINT ( 'NONE', #1096 ) ;
#1302 = DIRECTION ( 'NONE',  ( -1.000000000000000000, -0.000000000000000000, -0.000000000000000000 ) ) ;
#1303 = DIRECTION ( 'NONE',  ( -0.000000000000000000, -0.000000000000000000, 1.000000000000000000 ) ) ;
#1304 = AXIS2_PLACEMENT_3D ( 'NONE', #284, #876, #1496 ) ;
#1305 = CARTESIAN_POINT ( 'NONE',  ( -11.50000000000000355, -9.000000000000003553, 9.000000000000000000 ) ) ;
#1306 = VERTEX_POINT ( 'NONE', #46 ) ;
#1307 = PRODUCT_DEFINITION_SHAPE ( 'NONE', 'NONE',  #1003 ) ;
#1308 = ORIENTED_EDGE ( 'NONE', *, *, #75, .F. ) ;
#1309 = EDGE_CURVE ( 'NONE', #713, #1706, #1697, .T. ) ;
#1310 = DIRECTION ( 'NONE',  ( 1.000000000000000000, -0.000000000000000000, -0.000000000000000000 ) ) ;
#1311 = DIRECTION ( 'NONE',  ( -0.000000000000000000, -0.000000000000000000, -1.000000000000000000 ) ) ;
#1312 = CARTESIAN_POINT ( 'NONE',  ( 13.99999999999999112, 11.50000000000000000, 35.00000000000000000 ) ) ;
#1313 = FACE_OUTER_BOUND ( 'NONE', #1423, .T. ) ;
#1314 = DIRECTION ( 'NONE',  ( 1.000000000000000000, 0.000000000000000000, 0.000000000000000000 ) ) ;
#1315 = ORIENTED_EDGE ( 'NONE', *, *, #934, .T. ) ;
#1316 = ADVANCED_FACE ( 'NONE', ( #225 ), #1394, .F. ) ;
#1317 = ORIENTED_EDGE ( 'NONE', *, *, #1238, .F. ) ;
#1318 = DIRECTION ( 'NONE',  ( -0.000000000000000000, -0.000000000000000000, -1.000000000000000000 ) ) ;
#1319 = DIRECTION ( 'NONE',  ( 0.000000000000000000, 0.000000000000000000, 1.000000000000000000 ) ) ;
#1320 = AXIS2_PLACEMENT_3D ( 'NONE', #1717, #353, #209 ) ;
#1321 = DIRECTION ( 'NONE',  ( 1.000000000000000000, 0.000000000000000000, 0.000000000000000000 ) ) ;
#1322 = AXIS2_PLACEMENT_3D ( 'NONE', #612, #25, #1360 ) ;
#1323 = CARTESIAN_POINT ( 'NONE',  ( -1.000000000000000888, -6.499999999999999112, 7.500000000000000000 ) ) ;
#1324 = CARTESIAN_POINT ( 'NONE',  ( -12.00000000000000533, 13.50000000000000000, 33.00000000000000000 ) ) ;
#1325 = ORIENTED_EDGE ( 'NONE', *, *, #957, .F. ) ;
#1326 = EDGE_CURVE ( 'NONE', #1880, #1187, #53, .T. ) ;
#1327 = EDGE_LOOP ( 'NONE', ( #1038, #366, #1527, #803 ) ) ;
#1328 = LINE ( 'NONE', #871, #498 ) ;
#1329 = DIRECTION ( 'NONE',  ( 0.000000000000000000, -1.000000000000000000, 0.000000000000000000 ) ) ;
#1330 = LINE ( 'NONE', #1938, #1265 ) ;
#1331 = DIRECTION ( 'NONE',  ( 1.000000000000000000, 0.000000000000000000, 0.000000000000000000 ) ) ;
#1332 = CARTESIAN_POINT ( 'NONE',  ( 14.99999999999998401, 3.624612354183939085E-15, 22.00000000000001421 ) ) ;
#1333 = CIRCLE ( 'NONE', #1498, 2.000000000000000000 ) ;
#1334 = ORIENTED_EDGE ( 'NONE', *, *, #1022, .F. ) ;
#1335 = VECTOR ( 'NONE', #925, 1000.000000000000000 ) ;
#1336 = EDGE_CURVE ( 'NONE', #1254, #743, #631, .T. ) ;
#1337 = FACE_OUTER_BOUND ( 'NONE', #299, .T. ) ;
#1338 = ORIENTED_EDGE ( 'NONE', *, *, #944, .F. ) ;
#1339 = CARTESIAN_POINT ( 'NONE',  ( 13.99999999999998224, 3.624612354183938296E-15, 22.00000000000001421 ) ) ;
#1340 = ADVANCED_FACE ( 'NONE', ( #1583 ), #1709, .T. ) ;
#1341 = CYLINDRICAL_SURFACE ( 'NONE', #1067, 2.000000000000000000 ) ;
#1342 = PLANE ( 'NONE',  #788 ) ;
#1343 = CARTESIAN_POINT ( 'NONE',  ( 11.09999999999999964, 13.50000000000000000, 4.999999999999999112 ) ) ;
#1344 = ORIENTED_EDGE ( 'NONE', *, *, #810, .F. ) ;
#1345 = PLANE ( 'NONE',  #1927 ) ;
#1346 = ORIENTED_EDGE ( 'NONE', *, *, #417, .T. ) ;
#1347 = FACE_OUTER_BOUND ( 'NONE', #1479, .T. ) ;
#1348 = CARTESIAN_POINT ( 'NONE',  ( 15.99999999999998579, 3.425255133292484199E-15, 17.75000000000001066 ) ) ;
#1349 = DIRECTION ( 'NONE',  ( 0.000000000000000000, 0.000000000000000000, -1.000000000000000000 ) ) ;
#1350 = VECTOR ( 'NONE', #1245, 1000.000000000000000 ) ;
#1351 = VECTOR ( 'NONE', #1823, 1000.000000000000000 ) ;
#1352 = CARTESIAN_POINT ( 'NONE',  ( -8.500000000000003553, 13.50000000000000000, 33.00000000000000000 ) ) ;
#1353 = VECTOR ( 'NONE', #569, 1000.000000000000000 ) ;
#1354 = ORIENTED_EDGE ( 'NONE', *, *, #549, .T. ) ;
#1355 = EDGE_CURVE ( 'NONE', #1054, #181, #923, .T. ) ;
#1356 = ADVANCED_FACE ( 'NONE', ( #487 ), #202, .F. ) ;
#1357 = DIRECTION ( 'NONE',  ( 0.000000000000000000, 0.000000000000000000, 1.000000000000000000 ) ) ;
#1358 = VERTEX_POINT ( 'NONE', #1865 ) ;
#1359 = DIRECTION ( 'NONE',  ( 0.000000000000000000, -0.000000000000000000, -1.000000000000000000 ) ) ;
#1360 = DIRECTION ( 'NONE',  ( 0.000000000000000000, 0.000000000000000000, -1.000000000000000000 ) ) ;
#1361 = ORIENTED_EDGE ( 'NONE', *, *, #714, .F. ) ;
#1362 = DIRECTION ( 'NONE',  ( 0.000000000000000000, 0.000000000000000000, -1.000000000000000000 ) ) ;
#1363 = ADVANCED_FACE ( 'NONE', ( #496 ), #1107, .F. ) ;
#1364 = CARTESIAN_POINT ( 'NONE',  ( 0.000000000000000000, -6.500000000000000000, 0.000000000000000000 ) ) ;
#1365 = ORIENTED_EDGE ( 'NONE', *, *, #1326, .T. ) ;
#1366 = CARTESIAN_POINT ( 'NONE',  ( 11.50000000000000000, -42.21064267133819925, 33.00000000000000000 ) ) ;
#1367 = VECTOR ( 'NONE', #6, 1000.000000000000000 ) ;
#1368 = ORIENTED_EDGE ( 'NONE', *, *, #1071, .F. ) ;
#1369 = CARTESIAN_POINT ( 'NONE',  ( 0.000000000000000000, 0.000000000000000000, 35.00000000000000000 ) ) ;
#1370 = CARTESIAN_POINT ( 'NONE',  ( -1.000000000000000000, -6.499999999999998224, 33.00000000000000000 ) ) ;
#1371 = EDGE_LOOP ( 'NONE', ( #243, #194, #1391, #1078 ) ) ;
#1372 = VECTOR ( 'NONE', #364, 1000.000000000000000 ) ;
#1373 = CIRCLE ( 'NONE', #1822, 3.750000000000000000 ) ;
#1374 = LINE ( 'NONE', #322, #820 ) ;
#1375 = LINE ( 'NONE', #749, #1188 ) ;
#1376 = ORIENTED_EDGE ( 'NONE', *, *, #557, .F. ) ;
#1377 = EDGE_CURVE ( 'NONE', #1596, #1915, #796, .T. ) ;
#1378 = CARTESIAN_POINT ( 'NONE',  ( 13.99999999999999112, 13.50000000000000000, 0.000000000000000000 ) ) ;
#1379 = ORIENTED_EDGE ( 'NONE', *, *, #1568, .T. ) ;
#1380 = CARTESIAN_POINT ( 'NONE',  ( -12.50000000000000178, -6.499999999999999112, 9.000000000000000000 ) ) ;
#1381 = VECTOR ( 'NONE', #539, 1000.000000000000000 ) ;
#1382 = CARTESIAN_POINT ( 'NONE',  ( -1.000000000000000000, -6.499999999999998224, 42.28010988928051717 ) ) ;
#1383 = VERTEX_POINT ( 'NONE', #1413 ) ;
#1384 = CARTESIAN_POINT ( 'NONE',  ( 11.09999999999999964, 13.50000000000000000, 4.999999999999999112 ) ) ;
#1385 = VECTOR ( 'NONE', #1852, 1000.000000000000000 ) ;
#1386 = LINE ( 'NONE', #41, #1056 ) ;
#1387 = ORIENTED_EDGE ( 'NONE', *, *, #1074, .F. ) ;
#1388 = VECTOR ( 'NONE', #522, 1000.000000000000000 ) ;
#1389 = CARTESIAN_POINT ( 'NONE',  ( 1.000000000000000000, -6.499999999999998224, 0.000000000000000000 ) ) ;
#1390 = EDGE_CURVE ( 'NONE', #1706, #1164, #1272, .T. ) ;
#1391 = ORIENTED_EDGE ( 'NONE', *, *, #109, .T. ) ;
#1392 = CARTESIAN_POINT ( 'NONE',  ( -11.50000000000000355, 13.50000000000000000, 9.000000000000000000 ) ) ;
#1393 = EDGE_CURVE ( 'NONE', #900, #381, #514, .T. ) ;
#1394 = PLANE ( 'NONE',  #524 ) ;
#1395 = EDGE_LOOP ( 'NONE', ( #380, #1460, #238, #203 ) ) ;
#1396 = DIRECTION ( 'NONE',  ( 0.000000000000000000, 1.000000000000000000, 0.000000000000000000 ) ) ;
#1397 = LINE ( 'NONE', #49, #1602 ) ;
#1398 = VERTEX_POINT ( 'NONE', #217 ) ;
#1399 = ORIENTED_EDGE ( 'NONE', *, *, #417, .F. ) ;
#1400 = CARTESIAN_POINT ( 'NONE',  ( -14.00000000000000711, 11.50000000000000000, 35.00000000000000000 ) ) ;
#1401 = VECTOR ( 'NONE', #1230, 1000.000000000000000 ) ;
#1402 = DIRECTION ( 'NONE',  ( 1.000000000000000000, 2.140784458307804350E-16, 2.262288689053293121E-16 ) ) ;
#1403 = ORIENTED_EDGE ( 'NONE', *, *, #1001, .F. ) ;
#1404 = EDGE_CURVE ( 'NONE', #1683, #1164, #100, .T. ) ;
#1405 = FACE_OUTER_BOUND ( 'NONE', #684, .T. ) ;
#1406 = VECTOR ( 'NONE', #509, 1000.000000000000000 ) ;
#1407 = CARTESIAN_POINT ( 'NONE',  ( -16.00000000000000711, 11.50000000000000000, 35.00000000000000000 ) ) ;
#1408 = AXIS2_PLACEMENT_3D ( 'NONE', #257, #1609, #399 ) ;
#1409 = ORIENTED_EDGE ( 'NONE', *, *, #1806, .F. ) ;
#1410 = CARTESIAN_POINT ( 'NONE',  ( -14.00000000000000711, 13.50000000000000000, 35.00000000000000000 ) ) ;
#1411 = VERTEX_POINT ( 'NONE', #1127 ) ;
#1412 = CARTESIAN_POINT ( 'NONE',  ( -11.09999999999999964, -6.500000000000000000, 4.999999999999999112 ) ) ;
#1413 = CARTESIAN_POINT ( 'NONE',  ( -12.50000000000000000, 13.50000000000000000, 7.500000000000000000 ) ) ;
#1414 = ORIENTED_EDGE ( 'NONE', *, *, #1140, .T. ) ;
#1415 = DIRECTION ( 'NONE',  ( -1.000000000000000000, -0.000000000000000000, -0.000000000000000000 ) ) ;
#1416 = FACE_OUTER_BOUND ( 'NONE', #711, .T. ) ;
#1417 = ORIENTED_EDGE ( 'NONE', *, *, #7, .F. ) ;
#1418 = ORIENTED_EDGE ( 'NONE', *, *, #174, .F. ) ;
#1419 = LINE ( 'NONE', #939, #334 ) ;
#1420 = EDGE_CURVE ( 'NONE', #1892, #1254, #1169, .T. ) ;
#1421 = EDGE_CURVE ( 'NONE', #1301, #903, #622, .T. ) ;
#1422 = DIRECTION ( 'NONE',  ( -0.000000000000000000, -0.000000000000000000, -1.000000000000000000 ) ) ;
#1423 = EDGE_LOOP ( 'NONE', ( #1754, #1215, #1772, #9, #433, #289 ) ) ;
#1424 = DIRECTION ( 'NONE',  ( -0.000000000000000000, 0.000000000000000000, 1.000000000000000000 ) ) ;
#1425 = CARTESIAN_POINT ( 'NONE',  ( -9.099999999999999645, -6.500000000000000000, -5.572142936120456341E-16 ) ) ;
#1426 = ORIENTED_EDGE ( 'NONE', *, *, #834, .F. ) ;
#1427 = EDGE_CURVE ( 'NONE', #1160, #685, #1928, .T. ) ;
#1428 = ADVANCED_FACE ( 'NONE', ( #406 ), #825, .F. ) ;
#1429 = ORIENTED_EDGE ( 'NONE', *, *, #1427, .T. ) ;
#1430 = LINE ( 'NONE', #82, #1774 ) ;
#1431 = EDGE_CURVE ( 'NONE', #1290, #1540, #1163, .T. ) ;
#1432 = ORIENTED_EDGE ( 'NONE', *, *, #1393, .F. ) ;
#1433 = AXIS2_PLACEMENT_3D ( 'NONE', #1595, #1732, #919 ) ;
#1434 = DIRECTION ( 'NONE',  ( -0.000000000000000000, -1.000000000000000000, -0.000000000000000000 ) ) ;
#1435 = LINE ( 'NONE', #673, #948 ) ;
#1436 = CYLINDRICAL_SURFACE ( 'NONE', #965, 2.000000000000000000 ) ;
#1437 = ORIENTED_EDGE ( 'NONE', *, *, #633, .T. ) ;
#1438 = AXIS2_PLACEMENT_3D ( 'NONE', #1846, #306, #470 ) ;
#1439 = CARTESIAN_POINT ( 'NONE',  ( 0.000000000000000000, 0.000000000000000000, 0.000000000000000000 ) ) ;
#1440 = VERTEX_POINT ( 'NONE', #415 ) ;
#1441 = DIRECTION ( 'NONE',  ( 1.156482317317871725E-15, 0.000000000000000000, 1.000000000000000000 ) ) ;
#1442 = ORIENTED_EDGE ( 'NONE', *, *, #1114, .F. ) ;
#1443 = ORIENTED_EDGE ( 'NONE', *, *, #643, .T. ) ;
#1444 = DIRECTION ( 'NONE',  ( 0.000000000000000000, 0.000000000000000000, 1.000000000000000000 ) ) ;
#1445 = CYLINDRICAL_SURFACE ( 'NONE', #85, 2.000000000000000000 ) ;
#1446 = AXIS2_PLACEMENT_3D ( 'NONE', #912, #1832, #154 ) ;
#1447 = DIRECTION ( 'NONE',  ( 0.000000000000000000, 0.000000000000000000, -1.000000000000000000 ) ) ;
#1448 = VERTEX_POINT ( 'NONE', #1909 ) ;
#1449 = ORIENTED_EDGE ( 'NONE', *, *, #1152, .T. ) ;
#1450 = VECTOR ( 'NONE', #1052, 1000.000000000000000 ) ;
#1451 = DIRECTION ( 'NONE',  ( -1.000000000000000000, 0.000000000000000000, 0.000000000000000000 ) ) ;
#1452 = CARTESIAN_POINT ( 'NONE',  ( -16.00000000000000711, 13.50000000000000000, 35.00000000000000000 ) ) ;
#1453 = ADVANCED_FACE ( 'NONE', ( #241 ), #1135, .T. ) ;
#1454 = DIRECTION ( 'NONE',  ( 1.000000000000000000, 0.000000000000000000, 0.000000000000000000 ) ) ;
#1455 = CARTESIAN_POINT ( 'NONE',  ( -12.00000000000000711, 13.50000000000000000, 12.99999999999999822 ) ) ;
#1456 = DIRECTION ( 'NONE',  ( 0.000000000000000000, -0.000000000000000000, 1.000000000000000000 ) ) ;
#1457 = ORIENTED_EDGE ( 'NONE', *, *, #557, .T. ) ;
#1458 = ORIENTED_EDGE ( 'NONE', *, *, #281, .T. ) ;
#1459 = LINE ( 'NONE', #694, #1741 ) ;
#1460 = ORIENTED_EDGE ( 'NONE', *, *, #1161, .T. ) ;
#1461 = CARTESIAN_POINT ( 'NONE',  ( -14.00000000000000533, 3.980102097228896259E-16, 19.75000000000000000 ) ) ;
#1462 = DIRECTION ( 'NONE',  ( 1.000000000000000000, 0.000000000000000000, -0.000000000000000000 ) ) ;
#1463 = VECTOR ( 'NONE', #1171, 1000.000000000000000 ) ;
#1464 = CARTESIAN_POINT ( 'NONE',  ( -9.475000000000001421, 6.000000000000000000, 0.000000000000000000 ) ) ;
#1465 = AXIS2_PLACEMENT_3D ( 'NONE', #708, #747, #759 ) ;
#1466 = DIRECTION ( 'NONE',  ( -0.000000000000000000, 0.000000000000000000, 1.000000000000000000 ) ) ;
#1467 = ORIENTED_EDGE ( 'NONE', *, *, #414, .T. ) ;
#1468 = AXIS2_PLACEMENT_3D ( 'NONE', #1267, #212, #218 ) ;
#1469 = VECTOR ( 'NONE', #1760, 1000.000000000000000 ) ;
#1470 = EDGE_LOOP ( 'NONE', ( #90, #862, #852, #50 ) ) ;
#1471 = VECTOR ( 'NONE', #1100, 1000.000000000000000 ) ;
#1472 = CARTESIAN_POINT ( 'NONE',  ( 12.50000000000000178, -6.499999999999999112, 9.000000000000000000 ) ) ;
#1473 = PLANE ( 'NONE',  #127 ) ;
#1474 = ADVANCED_FACE ( 'NONE', ( #379 ), #1917, .T. ) ;
#1475 = FACE_OUTER_BOUND ( 'NONE', #849, .T. ) ;
#1476 = FACE_OUTER_BOUND ( 'NONE', #1522, .T. ) ;
#1477 = CARTESIAN_POINT ( 'NONE',  ( 0.9999999999999991118, -13.25000000000000000, 0.000000000000000000 ) ) ;
#1478 = VECTOR ( 'NONE', #324, 1000.000000000000000 ) ;
#1479 = EDGE_LOOP ( 'NONE', ( #753, #260, #841, #629 ) ) ;
#1480 = VECTOR ( 'NONE', #1311, 1000.000000000000000 ) ;
#1481 = EDGE_LOOP ( 'NONE', ( #350, #528, #693, #1859 ) ) ;
#1482 = LINE ( 'NONE', #1801, #1613 ) ;
#1483 = EDGE_CURVE ( 'NONE', #681, #1291, #91, .T. ) ;
#1484 = CARTESIAN_POINT ( 'NONE',  ( 9.099999999999999645, 13.50000000000000000, 1.799999999999999378 ) ) ;
#1485 = VECTOR ( 'NONE', #163, 1000.000000000000000 ) ;
#1486 = DIRECTION ( 'NONE',  ( -0.000000000000000000, -1.000000000000000000, -0.000000000000000000 ) ) ;
#1487 = VECTOR ( 'NONE', #1441, 1000.000000000000000 ) ;
#1488 = DIRECTION ( 'NONE',  ( 4.081702296416018462E-16, 0.000000000000000000, -1.000000000000000000 ) ) ;
#1489 = CARTESIAN_POINT ( 'NONE',  ( 1.000000000000000000, -6.499999999999998224, 0.000000000000000000 ) ) ;
#1490 = EDGE_LOOP ( 'NONE', ( #1620, #1136, #249, #567 ) ) ;
#1491 = EDGE_CURVE ( 'NONE', #110, #676, #1902, .T. ) ;
#1492 = DIRECTION ( 'NONE',  ( 1.445602896647339163E-16, 0.000000000000000000, -1.000000000000000000 ) ) ;
#1493 = EDGE_LOOP ( 'NONE', ( #1761, #1794, #1315, #701 ) ) ;
#1494 = CARTESIAN_POINT ( 'NONE',  ( 14.99999999999998579, 3.211176687461703617E-15, 17.75000000000001066 ) ) ;
#1495 = LINE ( 'NONE', #1370, #1742 ) ;
#1496 = DIRECTION ( 'NONE',  ( 0.000000000000000000, -0.000000000000000000, 1.000000000000000000 ) ) ;
#1497 = CARTESIAN_POINT ( 'NONE',  ( -16.00000000000000711, 13.50000000000000000, 0.000000000000000000 ) ) ;
#1498 = AXIS2_PLACEMENT_3D ( 'NONE', #248, #583, #710 ) ;
#1499 = ORIENTED_EDGE ( 'NONE', *, *, #593, .F. ) ;
#1500 = CARTESIAN_POINT ( 'NONE',  ( -8.500000000000003553, -6.500000000000000888, 33.00000000000000000 ) ) ;
#1501 = EDGE_CURVE ( 'NONE', #164, #632, #680, .T. ) ;
#1502 = ORIENTED_EDGE ( 'NONE', *, *, #650, .T. ) ;
#1503 = PLANE ( 'NONE',  #1256 ) ;
#1504 = AXIS2_PLACEMENT_3D ( 'NONE', #801, #228, #817 ) ;
#1505 = CARTESIAN_POINT ( 'NONE',  ( 15.99999999999998224, 3.945730022930108185E-15, 22.00000000000001421 ) ) ;
#1506 = EDGE_CURVE ( 'NONE', #681, #1828, #387, .T. ) ;
#1507 = LINE ( 'NONE', #1688, #1016 ) ;
#1508 = EDGE_CURVE ( 'NONE', #110, #1661, #843, .T. ) ;
#1509 = CARTESIAN_POINT ( 'NONE',  ( -8.849999999999999645, 6.000000000000000000, 0.000000000000000000 ) ) ;
#1510 = ORIENTED_EDGE ( 'NONE', *, *, #304, .T. ) ;
#1511 = FACE_OUTER_BOUND ( 'NONE', #1091, .T. ) ;
#1512 = ORIENTED_EDGE ( 'NONE', *, *, #342, .T. ) ;
#1513 = DIRECTION ( 'NONE',  ( -8.673617379884033007E-17, 0.000000000000000000, -1.000000000000000000 ) ) ;
#1514 = ADVANCED_FACE ( 'NONE', ( #995 ), #261, .F. ) ;
#1515 = DIRECTION ( 'NONE',  ( -1.000000000000000000, 0.000000000000000000, 0.000000000000000000 ) ) ;
#1516 = VERTEX_POINT ( 'NONE', #1174 ) ;
#1517 = ADVANCED_FACE ( 'NONE', ( #102 ), #853, .F. ) ;
#1518 = CYLINDRICAL_SURFACE ( 'NONE', #882, 3.750000000000000000 ) ;
#1519 = VECTOR ( 'NONE', #1783, 1000.000000000000000 ) ;
#1520 = EDGE_CURVE ( 'NONE', #1524, #1301, #67, .T. ) ;
#1521 = FACE_OUTER_BOUND ( 'NONE', #1573, .T. ) ;
#1522 = EDGE_LOOP ( 'NONE', ( #61, #930, #1733, #1943, #1705, #952, #563 ) ) ;
#1523 = DIRECTION ( 'NONE',  ( -1.000000000000000000, -1.239088197126290570E-16, 0.000000000000000000 ) ) ;
#1524 = VERTEX_POINT ( 'NONE', #1615 ) ;
#1525 = DIRECTION ( 'NONE',  ( 0.000000000000000000, 0.000000000000000000, -1.000000000000000000 ) ) ;
#1526 = CARTESIAN_POINT ( 'NONE',  ( -9.475000000000001421, 6.000000000000000000, -1.030776406404414480 ) ) ;
#1527 = ORIENTED_EDGE ( 'NONE', *, *, #649, .F. ) ;
#1528 = LINE ( 'NONE', #15, #115 ) ;
#1529 = EDGE_CURVE ( 'NONE', #1282, #695, #1430, .T. ) ;
#1530 = DIRECTION ( 'NONE',  ( 0.000000000000000000, 0.000000000000000000, 1.000000000000000000 ) ) ;
#1531 = ORIENTED_EDGE ( 'NONE', *, *, #448, .F. ) ;
#1532 =( LENGTH_UNIT ( ) NAMED_UNIT ( * ) SI_UNIT ( .MILLI., .METRE. ) );
#1533 = ORIENTED_EDGE ( 'NONE', *, *, #1033, .F. ) ;
#1534 = CARTESIAN_POINT ( 'NONE',  ( -12.00000000000000711, -10.97213595499957783, 14.99999999999999822 ) ) ;
#1535 = CYLINDRICAL_SURFACE ( 'NONE', #376, 0.6250000000000005551 ) ;
#1536 = VERTEX_POINT ( 'NONE', #253 ) ;
#1537 = FACE_OUTER_BOUND ( 'NONE', #1559, .T. ) ;
#1538 = EDGE_CURVE ( 'NONE', #1440, #1925, #1459, .T. ) ;
#1539 = DIRECTION ( 'NONE',  ( 1.000000000000000000, -0.000000000000000000, -0.000000000000000000 ) ) ;
#1540 = VERTEX_POINT ( 'NONE', #1775 ) ;
#1541 = DIRECTION ( 'NONE',  ( 0.000000000000000000, -0.000000000000000000, -1.000000000000000000 ) ) ;
#1542 = ORIENTED_EDGE ( 'NONE', *, *, #252, .F. ) ;
#1543 = DIRECTION ( 'NONE',  ( -0.000000000000000000, -0.000000000000000000, 1.000000000000000000 ) ) ;
#1544 = EDGE_CURVE ( 'NONE', #1290, #381, #1007, .T. ) ;
#1545 = LINE ( 'NONE', #368, #1066 ) ;
#1546 = ORIENTED_EDGE ( 'NONE', *, *, #1931, .T. ) ;
#1547 = PLANE ( 'NONE',  #822 ) ;
#1548 = AXIS2_PLACEMENT_3D ( 'NONE', #1842, #1554, #661 ) ;
#1549 = DIRECTION ( 'NONE',  ( 1.000000000000000000, 0.000000000000000000, 0.000000000000000000 ) ) ;
#1550 = ORIENTED_EDGE ( 'NONE', *, *, #1529, .F. ) ;
#1551 = VECTOR ( 'NONE', #156, 1000.000000000000000 ) ;
#1552 = ORIENTED_EDGE ( 'NONE', *, *, #810, .T. ) ;
#1553 = FACE_OUTER_BOUND ( 'NONE', #1667, .T. ) ;
#1554 = DIRECTION ( 'NONE',  ( 0.000000000000000000, 0.000000000000000000, 1.000000000000000000 ) ) ;
#1555 = ORIENTED_EDGE ( 'NONE', *, *, #737, .F. ) ;
#1556 = EDGE_CURVE ( 'NONE', #1925, #903, #1643, .T. ) ;
#1557 = CARTESIAN_POINT ( 'NONE',  ( 9.099999999999999645, -6.500000000000000000, -5.572142936120456341E-16 ) ) ;
#1558 = PLANE ( 'NONE',  #24 ) ;
#1559 = EDGE_LOOP ( 'NONE', ( #385, #527, #1546, #831 ) ) ;
#1560 = DIRECTION ( 'NONE',  ( -0.000000000000000000, -1.000000000000000000, -0.000000000000000000 ) ) ;
#1561 = ORIENTED_EDGE ( 'NONE', *, *, #1786, .F. ) ;
#1562 = CARTESIAN_POINT ( 'NONE',  ( -10.00000000000000178, -6.500000000000000000, 31.00000000000000000 ) ) ;
#1563 = CARTESIAN_POINT ( 'NONE',  ( 12.50000000000000000, -6.499999999999999112, 7.500000000000000000 ) ) ;
#1564 = EDGE_LOOP ( 'NONE', ( #1232, #1013, #1740, #1862 ) ) ;
#1565 = CARTESIAN_POINT ( 'NONE',  ( -16.00000000000000711, 23.00000000000000000, 26.25000000000000355 ) ) ;
#1566 = VECTOR ( 'NONE', #500, 1000.000000000000000 ) ;
#1567 = CARTESIAN_POINT ( 'NONE',  ( 15.99999999999999289, 13.50000000000000000, 35.00000000000000000 ) ) ;
#1568 = EDGE_CURVE ( 'NONE', #268, #731, #1482, .T. ) ;
#1569 = ORIENTED_EDGE ( 'NONE', *, *, #255, .F. ) ;
#1570 = VERTEX_POINT ( 'NONE', #10 ) ;
#1571 = CARTESIAN_POINT ( 'NONE',  ( -12.50000000000000000, -42.21064267133819925, 7.500000000000000000 ) ) ;
#1572 = CARTESIAN_POINT ( 'NONE',  ( -11.50000000000000000, -6.499999999999999112, 33.00000000000000000 ) ) ;
#1573 = EDGE_LOOP ( 'NONE', ( #215, #1510, #937, #949 ) ) ;
#1574 = CARTESIAN_POINT ( 'NONE',  ( 15.99999999999999289, -11.50000000000000178, 35.00000000000000000 ) ) ;
#1575 = EDGE_CURVE ( 'NONE', #1306, #269, #279, .T. ) ;
#1576 = CARTESIAN_POINT ( 'NONE',  ( -14.00000000000000711, 11.50000000000000000, 35.00000000000000000 ) ) ;
#1577 = CARTESIAN_POINT ( 'NONE',  ( -14.00000000000000711, 11.50000000000000000, 35.00000000000000000 ) ) ;
#1578 = EDGE_LOOP ( 'NONE', ( #1443, #1681 ) ) ;
#1579 = AXIS2_PLACEMENT_3D ( 'NONE', #805, #1422, #73 ) ;
#1580 = EDGE_CURVE ( 'NONE', #123, #1516, #1328, .T. ) ;
#1581 = ORIENTED_EDGE ( 'NONE', *, *, #1483, .F. ) ;
#1582 = VECTOR ( 'NONE', #239, 1000.000000000000000 ) ;
#1583 = FACE_OUTER_BOUND ( 'NONE', #823, .T. ) ;
#1584 = CARTESIAN_POINT ( 'NONE',  ( -10.00000000000000178, 13.50000000000000000, 31.00000000000000000 ) ) ;
#1585 = CARTESIAN_POINT ( 'NONE',  ( -10.00000000000000355, -6.500000000000000000, 31.00000000000000000 ) ) ;
#1586 = EDGE_CURVE ( 'NONE', #164, #1839, #1936, .T. ) ;
#1587 = DIRECTION ( 'NONE',  ( 0.000000000000000000, 0.000000000000000000, -1.000000000000000000 ) ) ;
#1588 = ORIENTED_EDGE ( 'NONE', *, *, #432, .T. ) ;
#1589 = ORIENTED_EDGE ( 'NONE', *, *, #429, .T. ) ;
#1590 = ADVANCED_FACE ( 'NONE', ( #1224, #565 ), #1345, .F. ) ;
#1591 = DIRECTION ( 'NONE',  ( -1.000000000000000000, 0.000000000000000000, 0.000000000000000000 ) ) ;
#1592 = ORIENTED_EDGE ( 'NONE', *, *, #109, .F. ) ;
#1593 = CARTESIAN_POINT ( 'NONE',  ( -9.099999999999999645, 6.500000000000000000, 0.000000000000000000 ) ) ;
#1594 = DIRECTION ( 'NONE',  ( 1.000000000000000000, 2.140784458307804350E-16, 2.262288689053293121E-16 ) ) ;
#1595 = CARTESIAN_POINT ( 'NONE',  ( -14.00000000000000711, -26.65564437074638349, 12.99999999999999822 ) ) ;
#1596 = VERTEX_POINT ( 'NONE', #1213 ) ;
#1597 = VECTOR ( 'NONE', #175, 1000.000000000000000 ) ;
#1598 = DIRECTION ( 'NONE',  ( -0.000000000000000000, -0.000000000000000000, 1.000000000000000000 ) ) ;
#1599 = EDGE_LOOP ( 'NONE', ( #794, #476, #1325, #666 ) ) ;
#1600 = ADVANCED_FACE ( 'NONE', ( #1511 ), #717, .F. ) ;
#1601 = CARTESIAN_POINT ( 'NONE',  ( 11.50000000000000355, -42.21064267133819925, 9.000000000000000000 ) ) ;
#1602 = VECTOR ( 'NONE', #635, 1000.000000000000000 ) ;
#1603 = ORIENTED_EDGE ( 'NONE', *, *, #751, .F. ) ;
#1604 = PLANE ( 'NONE',  #772 ) ;
#1605 = AXIS2_PLACEMENT_3D ( 'NONE', #216, #1850, #1113 ) ;
#1606 = EDGE_CURVE ( 'NONE', #1, #984, #588, .T. ) ;
#1607 = CARTESIAN_POINT ( 'NONE',  ( -11.50000000000000178, -6.499999999999999112, 12.99999999999999822 ) ) ;
#1608 = VECTOR ( 'NONE', #1812, 1000.000000000000000 ) ;
#1609 = DIRECTION ( 'NONE',  ( -1.000000000000000000, 0.000000000000000000, 0.000000000000000000 ) ) ;
#1610 = DIRECTION ( 'NONE',  ( -0.5999999999999995337, 0.000000000000000000, -0.8000000000000003775 ) ) ;
#1611 = ORIENTED_EDGE ( 'NONE', *, *, #1336, .T. ) ;
#1612 = ORIENTED_EDGE ( 'NONE', *, *, #201, .T. ) ;
#1613 = VECTOR ( 'NONE', #1653, 1000.000000000000000 ) ;
#1614 = PRODUCT ( 'P001-B101_RearEnclosure_Rev2D-3', 'P001-B101_RearEnclosure_Rev2D-3', '', ( #1879 ) ) ;
#1615 = CARTESIAN_POINT ( 'NONE',  ( -1.000000000000000000, -7.249999999999999112, 33.00000000000000000 ) ) ;
#1616 = CARTESIAN_POINT ( 'NONE',  ( 15.99999999999998224, 3.425255133292483411E-15, 14.42500000000001315 ) ) ;
#1617 = FACE_OUTER_BOUND ( 'NONE', #1937, .T. ) ;
#1618 = CARTESIAN_POINT ( 'NONE',  ( -11.09999999999999964, 13.50000000000000000, 1.799999999999999378 ) ) ;
#1619 = LINE ( 'NONE', #1179, #265 ) ;
#1620 = ORIENTED_EDGE ( 'NONE', *, *, #339, .T. ) ;
#1621 = ORIENTED_EDGE ( 'NONE', *, *, #1905, .F. ) ;
#1622 = CARTESIAN_POINT ( 'NONE',  ( -11.50000000000000000, -6.499999999999999112, 33.00000000000000000 ) ) ;
#1623 = EDGE_LOOP ( 'NONE', ( #1387, #443 ) ) ;
#1624 = EDGE_CURVE ( 'NONE', #1173, #190, #1168, .T. ) ;
#1625 = CARTESIAN_POINT ( 'NONE',  ( 14.99999999999998757, 3.211176687461703617E-15, 13.50000000000001066 ) ) ;
#1626 = CARTESIAN_POINT ( 'NONE',  ( -12.00000000000000711, 13.50000000000000000, 11.00000000000000000 ) ) ;
#1627 = AXIS2_PLACEMENT_3D ( 'NONE', #421, #108, #691 ) ;
#1628 = CARTESIAN_POINT ( 'NONE',  ( -16.00000000000000711, -11.50000000000000178, 0.000000000000000000 ) ) ;
#1629 = VERTEX_POINT ( 'NONE', #1672 ) ;
#1630 = EDGE_CURVE ( 'NONE', #47, #1398, #596, .T. ) ;
#1631 = AXIS2_PLACEMENT_3D ( 'NONE', #1305, #562, #1610 ) ;
#1632 = ORIENTED_EDGE ( 'NONE', *, *, #89, .F. ) ;
#1633 = CIRCLE ( 'NONE', #824, 0.6250000000000005551 ) ;
#1634 = DIRECTION ( 'NONE',  ( 1.000000000000000000, 0.000000000000000000, 0.000000000000000000 ) ) ;
#1635 = LINE ( 'NONE', #1776, #645 ) ;
#1636 = PRODUCT_DEFINITION_CONTEXT ( 'detailed design', #1868, 'design' ) ;
#1637 = DIRECTION ( 'NONE',  ( -0.000000000000000000, 0.000000000000000000, -1.000000000000000000 ) ) ;
#1638 = CIRCLE ( 'NONE', #766, 2.000000000000000000 ) ;
#1639 = ADVANCED_FACE ( 'NONE', ( #1337 ), #1819, .F. ) ;
#1640 = CARTESIAN_POINT ( 'NONE',  ( 0.000000000000000000, 0.000000000000000000, 33.00000000000000000 ) ) ;
#1641 = LINE ( 'NONE', #877, #1730 ) ;
#1642 = ORIENTED_EDGE ( 'NONE', *, *, #1309, .F. ) ;
#1643 = LINE ( 'NONE', #1196, #344 ) ;
#1644 = ORIENTED_EDGE ( 'NONE', *, *, #371, .T. ) ;
#1645 = DIRECTION ( 'NONE',  ( -0.000000000000000000, -0.000000000000000000, 1.000000000000000000 ) ) ;
#1646 = VECTOR ( 'NONE', #640, 1000.000000000000000 ) ;
#1647 = CARTESIAN_POINT ( 'NONE',  ( 14.99999999999998934, 3.211176687461704011E-15, 14.00000000000001243 ) ) ;
#1648 = VECTOR ( 'NONE', #529, 1000.000000000000000 ) ;
#1649 = VECTOR ( 'NONE', #600, 1000.000000000000000 ) ;
#1650 = DIRECTION ( 'NONE',  ( -0.000000000000000000, 0.000000000000000000, 1.000000000000000000 ) ) ;
#1651 = DIRECTION ( 'NONE',  ( 1.000000000000000000, 0.000000000000000000, 0.000000000000000000 ) ) ;
#1652 = ORIENTED_EDGE ( 'NONE', *, *, #874, .F. ) ;
#1653 = DIRECTION ( 'NONE',  ( -0.000000000000000000, -0.000000000000000000, 1.000000000000000000 ) ) ;
#1654 = ORIENTED_EDGE ( 'NONE', *, *, #994, .F. ) ;
#1655 = EDGE_CURVE ( 'NONE', #646, #422, #308, .T. ) ;
#1656 = DIRECTION ( 'NONE',  ( -1.000000000000000000, 0.000000000000000000, 0.000000000000000000 ) ) ;
#1657 = FACE_OUTER_BOUND ( 'NONE', #1599, .T. ) ;
#1658 = CARTESIAN_POINT ( 'NONE',  ( -8.849999999999999645, 6.000000000000000000, 1.799999999999999378 ) ) ;
#1659 = VECTOR ( 'NONE', #1221, 1000.000000000000000 ) ;
#1660 = PLANE ( 'NONE',  #800 ) ;
#1661 = VERTEX_POINT ( 'NONE', #1500 ) ;
#1662 = DIRECTION ( 'NONE',  ( 1.000000000000000000, 2.140784458307804350E-16, 2.262288689053293121E-16 ) ) ;
#1663 = EDGE_CURVE ( 'NONE', #731, #991, #733, .T. ) ;
#1664 = ORIENTED_EDGE ( 'NONE', *, *, #444, .F. ) ;
#1665 = CARTESIAN_POINT ( 'NONE',  ( 0.000000000000000000, -13.25000000000000000, 0.000000000000000000 ) ) ;
#1666 = CARTESIAN_POINT ( 'NONE',  ( -11.50000000000000000, 13.50000000000000000, 33.00000000000000000 ) ) ;
#1667 = EDGE_LOOP ( 'NONE', ( #521, #1005, #1299, #1916, #302 ) ) ;
#1668 = ADVANCED_FACE ( 'NONE', ( #21 ), #902, .F. ) ;
#1669 = CARTESIAN_POINT ( 'NONE',  ( 11.09999999999999964, -6.500000000000000000, 1.799999999999999378 ) ) ;
#1670 = DIRECTION ( 'NONE',  ( 1.000000000000000000, 0.000000000000000000, 0.000000000000000000 ) ) ;
#1671 = ORIENTED_EDGE ( 'NONE', *, *, #323, .F. ) ;
#1672 = CARTESIAN_POINT ( 'NONE',  ( -1.000000000000000000, -6.499999999999998224, 0.000000000000000000 ) ) ;
#1673 = ORIENTED_EDGE ( 'NONE', *, *, #1355, .T. ) ;
#1674 = FACE_OUTER_BOUND ( 'NONE', #815, .T. ) ;
#1675 = ADVANCED_FACE ( 'NONE', ( #160, #1068 ), #134, .T. ) ;
#1676 = CARTESIAN_POINT ( 'NONE',  ( 11.50000000000000000, -6.499999999999999112, 33.00000000000000000 ) ) ;
#1677 = ORIENTED_EDGE ( 'NONE', *, *, #1719, .T. ) ;
#1678 = CARTESIAN_POINT ( 'NONE',  ( -0.9999999999999991118, -7.249999999999999112, 33.00000000000000000 ) ) ;
#1679 = AXIS2_PLACEMENT_3D ( 'NONE', #343, #331, #192 ) ;
#1680 = DIRECTION ( 'NONE',  ( -0.000000000000000000, 1.000000000000000000, -0.000000000000000000 ) ) ;
#1681 = ORIENTED_EDGE ( 'NONE', *, *, #1420, .T. ) ;
#1682 = DIRECTION ( 'NONE',  ( -0.000000000000000000, 1.000000000000000000, -0.000000000000000000 ) ) ;
#1683 = VERTEX_POINT ( 'NONE', #526 ) ;
#1684 = LINE ( 'NONE', #456, #732 ) ;
#1685 = EDGE_CURVE ( 'NONE', #1849, #1925, #222, .T. ) ;
#1686 = LINE ( 'NONE', #1505, #624 ) ;
#1687 = ORIENTED_EDGE ( 'NONE', *, *, #1161, .F. ) ;
#1688 = CARTESIAN_POINT ( 'NONE',  ( -11.09999999999999964, 13.50000000000000000, 4.999999999999999112 ) ) ;
#1689 = CARTESIAN_POINT ( 'NONE',  ( -8.500000000000003553, -9.000000000000003553, 33.00000000000000000 ) ) ;
#1690 = EDGE_LOOP ( 'NONE', ( #1172, #1889, #1334, #893 ) ) ;
#1691 = STYLED_ITEM ( 'NONE', ( #811 ), #1752 ) ;
#1692 = ADVANCED_FACE ( 'NONE', ( #665 ), #483, .F. ) ;
#1693 = DIRECTION ( 'NONE',  ( 1.000000000000000000, 0.000000000000000000, 0.000000000000000000 ) ) ;
#1694 = ORIENTED_EDGE ( 'NONE', *, *, #626, .T. ) ;
#1695 = PLANE ( 'NONE',  #1446 ) ;
#1696 = VECTOR ( 'NONE', #1701, 1000.000000000000000 ) ;
#1697 = LINE ( 'NONE', #1083, #4 ) ;
#1698 = ORIENTED_EDGE ( 'NONE', *, *, #339, .F. ) ;
#1699 = VECTOR ( 'NONE', #1089, 1000.000000000000000 ) ;
#1700 = VECTOR ( 'NONE', #858, 1000.000000000000000 ) ;
#1701 = DIRECTION ( 'NONE',  ( 0.000000000000000000, -1.000000000000000000, 0.000000000000000000 ) ) ;
#1702 = ADVANCED_FACE ( 'NONE', ( #1143 ), #1436, .T. ) ;
#1703 = FACE_OUTER_BOUND ( 'NONE', #1165, .T. ) ;
#1704 = EDGE_CURVE ( 'NONE', #1282, #123, #40, .T. ) ;
#1705 = ORIENTED_EDGE ( 'NONE', *, *, #448, .T. ) ;
#1706 = VERTEX_POINT ( 'NONE', #87 ) ;
#1707 = DIRECTION ( 'NONE',  ( -0.000000000000000000, 1.000000000000000000, -0.000000000000000000 ) ) ;
#1708 = VECTOR ( 'NONE', #474, 1000.000000000000000 ) ;
#1709 = CYLINDRICAL_SURFACE ( 'NONE', #1679, 2.000000000000000000 ) ;
#1710 = ORIENTED_EDGE ( 'NONE', *, *, #957, .T. ) ;
#1711 = CARTESIAN_POINT ( 'NONE',  ( 9.099999999999999645, 13.50000000000000000, 1.799999999999999378 ) ) ;
#1712 = AXIS2_PLACEMENT_3D ( 'NONE', #1300, #1154, #396 ) ;
#1713 = CARTESIAN_POINT ( 'NONE',  ( -14.00000000000000711, 13.50000000000000000, 35.00000000000000000 ) ) ;
#1714 = ORIENTED_EDGE ( 'NONE', *, *, #264, .F. ) ;
#1715 = ORIENTED_EDGE ( 'NONE', *, *, #1538, .F. ) ;
#1716 = LINE ( 'NONE', #359, #395 ) ;
#1717 = CARTESIAN_POINT ( 'NONE',  ( -9.099999999999999645, 13.50000000000000000, -5.572142936120456341E-16 ) ) ;
#1718 = ORIENTED_EDGE ( 'NONE', *, *, #1575, .F. ) ;
#1719 = EDGE_CURVE ( 'NONE', #1112, #991, #1750, .T. ) ;
#1720 = ADVANCED_FACE ( 'NONE', ( #327 ), #829, .F. ) ;
#1721 = DIRECTION ( 'NONE',  ( -0.000000000000000000, 0.000000000000000000, -1.000000000000000000 ) ) ;
#1722 = CARTESIAN_POINT ( 'NONE',  ( 11.50000000000000355, -6.499999999999999112, 9.000000000000000000 ) ) ;
#1723 = VERTEX_POINT ( 'NONE', #189 ) ;
#1724 = ORIENTED_EDGE ( 'NONE', *, *, #1501, .T. ) ;
#1725 = VECTOR ( 'NONE', #400, 1000.000000000000000 ) ;
#1726 = CARTESIAN_POINT ( 'NONE',  ( 0.9999999999999991118, -6.500000000000000000, 4.999999999999999112 ) ) ;
#1727 = CARTESIAN_POINT ( 'NONE',  ( 12.50000000000000178, 13.50000000000000000, 9.000000000000000000 ) ) ;
#1728 = EDGE_LOOP ( 'NONE', ( #224, #574, #897, #1878 ) ) ;
#1729 = LINE ( 'NONE', #74, #1119 ) ;
#1730 = VECTOR ( 'NONE', #1004, 1000.000000000000000 ) ;
#1731 = FACE_OUTER_BOUND ( 'NONE', #723, .T. ) ;
#1732 = DIRECTION ( 'NONE',  ( -1.000000000000000000, 0.000000000000000000, 8.673617379884033007E-17 ) ) ;
#1733 = ORIENTED_EDGE ( 'NONE', *, *, #506, .F. ) ;
#1734 = ORIENTED_EDGE ( 'NONE', *, *, #1102, .F. ) ;
#1735 = CARTESIAN_POINT ( 'NONE',  ( 14.99999999999998934, 3.211176687461704011E-15, 17.75000000000001066 ) ) ;
#1736 = EDGE_CURVE ( 'NONE', #1440, #1629, #1739, .T. ) ;
#1737 = CARTESIAN_POINT ( 'NONE',  ( 15.99999999999998224, 3.425255133292483411E-15, 13.50000000000001243 ) ) ;
#1738 = DIRECTION ( 'NONE',  ( 0.000000000000000000, 0.000000000000000000, -1.000000000000000000 ) ) ;
#1739 = LINE ( 'NONE', #533, #1372 ) ;
#1740 = ORIENTED_EDGE ( 'NONE', *, *, #1827, .F. ) ;
#1741 = VECTOR ( 'NONE', #1310, 1000.000000000000000 ) ;
#1742 = VECTOR ( 'NONE', #145, 1000.000000000000000 ) ;
#1743 = ORIENTED_EDGE ( 'NONE', *, *, #767, .T. ) ;
#1744 = VECTOR ( 'NONE', #1560, 1000.000000000000000 ) ;
#1745 = CARTESIAN_POINT ( 'NONE',  ( -1.000000000000000000, -6.499999999999998224, 42.28010988928051717 ) ) ;
#1746 = EDGE_CURVE ( 'NONE', #505, #657, #910, .T. ) ;
#1747 = VERTEX_POINT ( 'NONE', #956 ) ;
#1748 = PLANE ( 'NONE',  #667 ) ;
#1749 = LINE ( 'NONE', #1110, #1280 ) ;
#1750 = LINE ( 'NONE', #1898, #133 ) ;
#1751 = ORIENTED_EDGE ( 'NONE', *, *, #274, .T. ) ;
#1752 = MANIFOLD_SOLID_BREP ( 'Boss-Extrude6', #1097 ) ;
#1753 = CARTESIAN_POINT ( 'NONE',  ( -10.00000000000000533, 13.50000000000000000, 11.00000000000000000 ) ) ;
#1754 = ORIENTED_EDGE ( 'NONE', *, *, #1149, .F. ) ;
#1755 = CARTESIAN_POINT ( 'NONE',  ( 0.000000000000000000, -6.500000000000000000, 0.000000000000000000 ) ) ;
#1756 = DIRECTION ( 'NONE',  ( 4.081702296416015011E-16, 0.000000000000000000, -1.000000000000000000 ) ) ;
#1757 = DIRECTION ( 'NONE',  ( -0.000000000000000000, 1.000000000000000000, -0.000000000000000000 ) ) ;
#1758 = AXIS2_PLACEMENT_3D ( 'NONE', #1884, #1424, #1098 ) ;
#1759 = CARTESIAN_POINT ( 'NONE',  ( 15.99999999999998579, 3.425255133292484199E-15, 14.00000000000001243 ) ) ;
#1760 = DIRECTION ( 'NONE',  ( -1.000000000000000000, 0.000000000000000000, 0.000000000000000000 ) ) ;
#1761 = ORIENTED_EDGE ( 'NONE', *, *, #1225, .F. ) ;
#1762 = CIRCLE ( 'NONE', #55, 2.000000000000000000 ) ;
#1763 = EDGE_CURVE ( 'NONE', #1448, #1907, #1939, .T. ) ;
#1764 = ORIENTED_EDGE ( 'NONE', *, *, #7, .T. ) ;
#1765 = DIRECTION ( 'NONE',  ( -1.156482317317871725E-15, 0.000000000000000000, -1.000000000000000000 ) ) ;
#1766 = CARTESIAN_POINT ( 'NONE',  ( -11.50000000000000355, -6.500000000000000000, 9.000000000000000000 ) ) ;
#1767 = VECTOR ( 'NONE', #1207, 1000.000000000000000 ) ;
#1768 = CARTESIAN_POINT ( 'NONE',  ( -11.09999999999999964, -6.500000000000000000, 4.999999999999999112 ) ) ;
#1769 = APPLICATION_CONTEXT ( 'automotive_design' ) ;
#1770 = DIRECTION ( 'NONE',  ( -1.000000000000000000, 0.000000000000000000, 0.000000000000000000 ) ) ;
#1771 = CARTESIAN_POINT ( 'NONE',  ( -12.00000000000000533, 13.50000000000000000, 31.00000000000000000 ) ) ;
#1772 = ORIENTED_EDGE ( 'NONE', *, *, #17, .F. ) ;
#1773 = ORIENTED_EDGE ( 'NONE', *, *, #246, .F. ) ;
#1774 = VECTOR ( 'NONE', #671, 1000.000000000000000 ) ;
#1775 = CARTESIAN_POINT ( 'NONE',  ( 12.50000000000000178, -6.499999999999999112, 9.000000000000000000 ) ) ;
#1776 = CARTESIAN_POINT ( 'NONE',  ( 9.099999999999999645, -6.500000000000000000, -5.572142936120456341E-16 ) ) ;
#1777 = CARTESIAN_POINT ( 'NONE',  ( -11.09999999999999964, 13.50000000000000000, 4.999999999999999112 ) ) ;
#1778 = EDGE_CURVE ( 'NONE', #269, #510, #969, .T. ) ;
#1779 = CARTESIAN_POINT ( 'NONE',  ( 0.000000000000000000, -6.500000000000000000, 0.000000000000000000 ) ) ;
#1780 = CARTESIAN_POINT ( 'NONE',  ( 12.50000000000000000, 13.50000000000000000, 7.500000000000000000 ) ) ;
#1781 = VERTEX_POINT ( 'NONE', #1378 ) ;
#1782 = EDGE_LOOP ( 'NONE', ( #176, #628, #405, #662, #960, #22 ) ) ;
#1783 = DIRECTION ( 'NONE',  ( -0.000000000000000000, -0.000000000000000000, 1.000000000000000000 ) ) ;
#1784 = LINE ( 'NONE', #719, #1799 ) ;
#1785 = EDGE_CURVE ( 'NONE', #65, #99, #1791, .T. ) ;
#1786 = EDGE_CURVE ( 'NONE', #1448, #123, #229, .T. ) ;
#1787 = CARTESIAN_POINT ( 'NONE',  ( -12.00000000000000711, -10.97213595499957783, 14.99999999999999822 ) ) ;
#1788 = LINE ( 'NONE', #1906, #606 ) ;
#1789 = CARTESIAN_POINT ( 'NONE',  ( -12.00000000000000533, -6.499999999999999112, 33.00000000000000000 ) ) ;
#1790 = ORIENTED_EDGE ( 'NONE', *, *, #1663, .T. ) ;
#1791 = CIRCLE ( 'NONE', #1019, 3.324999999999999734 ) ;
#1792 = ORIENTED_EDGE ( 'NONE', *, *, #1952, .T. ) ;
#1793 = CARTESIAN_POINT ( 'NONE',  ( -9.099999999999999645, 13.50000000000000000, 1.799999999999999378 ) ) ;
#1794 = ORIENTED_EDGE ( 'NONE', *, *, #705, .F. ) ;
#1795 = CARTESIAN_POINT ( 'NONE',  ( -9.475000000000001421, 6.000000000000000000, 1.799999999999999378 ) ) ;
#1796 = DIRECTION ( 'NONE',  ( -0.000000000000000000, -0.000000000000000000, 1.000000000000000000 ) ) ;
#1797 = CARTESIAN_POINT ( 'NONE',  ( 13.99999999999998401, 2.997098241630923034E-15, 17.75000000000001066 ) ) ;
#1798 = LINE ( 'NONE', #1343, #1744 ) ;
#1799 = VECTOR ( 'NONE', #1329, 1000.000000000000000 ) ;
#1800 = EDGE_CURVE ( 'NONE', #1516, #1027, #1333, .T. ) ;
#1801 = CARTESIAN_POINT ( 'NONE',  ( -9.099999999999999645, 5.500000000000000888, -1.030776406404414480 ) ) ;
#1802 = ORIENTED_EDGE ( 'NONE', *, *, #111, .T. ) ;
#1803 = DIRECTION ( 'NONE',  ( 0.000000000000000000, 0.000000000000000000, -1.000000000000000000 ) ) ;
#1804 = DIRECTION ( 'NONE',  ( 0.000000000000000000, 0.000000000000000000, -1.000000000000000000 ) ) ;
#1805 = LINE ( 'NONE', #915, #1911 ) ;
#1806 = EDGE_CURVE ( 'NONE', #381, #1383, #431, .T. ) ;
#1807 = CARTESIAN_POINT ( 'NONE',  ( 9.475000000000001421, 6.000000000000000000, -1.030776406404414480 ) ) ;
#1808 = ORIENTED_EDGE ( 'NONE', *, *, #1786, .T. ) ;
#1809 = EDGE_CURVE ( 'NONE', #1164, #80, #391, .T. ) ;
#1810 = DIRECTION ( 'NONE',  ( -0.000000000000000000, 0.000000000000000000, 1.000000000000000000 ) ) ;
#1811 = VERTEX_POINT ( 'NONE', #120 ) ;
#1812 = DIRECTION ( 'NONE',  ( 0.000000000000000000, -1.000000000000000000, 0.000000000000000000 ) ) ;
#1813 = PLANE ( 'NONE',  #716 ) ;
#1814 = DIRECTION ( 'NONE',  ( -1.000000000000000000, -0.000000000000000000, -0.000000000000000000 ) ) ;
#1815 = AXIS2_PLACEMENT_3D ( 'NONE', #860, #1466, #722 ) ;
#1816 = CARTESIAN_POINT ( 'NONE',  ( -9.099999999999999645, 13.50000000000000000, -5.572142936120456341E-16 ) ) ;
#1817 = EDGE_LOOP ( 'NONE', ( #764, #1467, #130, #1354, #776, #1612, #1831, #240 ) ) ;
#1818 = EDGE_CURVE ( 'NONE', #367, #1219, #599, .T. ) ;
#1819 = PLANE ( 'NONE',  #1103 ) ;
#1820 = ORIENTED_EDGE ( 'NONE', *, *, #689, .F. ) ;
#1821 = CARTESIAN_POINT ( 'NONE',  ( 9.099999999999999645, 6.500000000000000000, -5.572142936120456341E-16 ) ) ;
#1822 = AXIS2_PLACEMENT_3D ( 'NONE', #1897, #1594, #1869 ) ;
#1823 = DIRECTION ( 'NONE',  ( -0.000000000000000000, -0.000000000000000000, -1.000000000000000000 ) ) ;
#1824 = ORIENTED_EDGE ( 'NONE', *, *, #506, .T. ) ;
#1825 = FACE_OUTER_BOUND ( 'NONE', #1866, .T. ) ;
#1826 = CARTESIAN_POINT ( 'NONE',  ( -10.00000000000000533, 13.50000000000000000, 14.99999999999999822 ) ) ;
#1827 = EDGE_CURVE ( 'NONE', #1781, #695, #1123, .T. ) ;
#1828 = VERTEX_POINT ( 'NONE', #1324 ) ;
#1829 = CARTESIAN_POINT ( 'NONE',  ( -16.00000000000000711, 13.50000000000000000, 35.00000000000000000 ) ) ;
#1830 = ADVANCED_FACE ( 'NONE', ( #1933 ), #553, .T. ) ;
#1831 = ORIENTED_EDGE ( 'NONE', *, *, #1238, .T. ) ;
#1832 = DIRECTION ( 'NONE',  ( 1.000000000000000000, 0.000000000000000000, 0.000000000000000000 ) ) ;
#1833 = LINE ( 'NONE', #1676, #1353 ) ;
#1834 = ORIENTED_EDGE ( 'NONE', *, *, #1270, .F. ) ;
#1835 = VECTOR ( 'NONE', #1894, 1000.000000000000000 ) ;
#1836 = CARTESIAN_POINT ( 'NONE',  ( -14.00000000000000533, 23.00000000000000000, 26.25000000000000355 ) ) ;
#1837 = AXIS2_PLACEMENT_3D ( 'NONE', #1289, #1541, #1693 ) ;
#1838 = CARTESIAN_POINT ( 'NONE',  ( 9.475000000000001421, 6.000000000000000000, 1.799999999999999378 ) ) ;
#1839 = VERTEX_POINT ( 'NONE', #1771 ) ;
#1840 = ORIENTED_EDGE ( 'NONE', *, *, #1827, .T. ) ;
#1841 = CARTESIAN_POINT ( 'NONE',  ( -10.00000000000000533, -10.97213595499957783, 14.99999999999999822 ) ) ;
#1842 = CARTESIAN_POINT ( 'NONE',  ( -14.00000000000000711, 11.50000000000000000, 26.25000000000000355 ) ) ;
#1843 = ORIENTED_EDGE ( 'NONE', *, *, #1506, .F. ) ;
#1844 = EDGE_CURVE ( 'NONE', #1204, #713, #867, .T. ) ;
#1845 = DIRECTION ( 'NONE',  ( -0.000000000000000000, 0.000000000000000000, -1.000000000000000000 ) ) ;
#1846 = CARTESIAN_POINT ( 'NONE',  ( 1.000000000000000000, -7.249999999999999112, 27.00000000000000355 ) ) ;
#1847 = EDGE_LOOP ( 'NONE', ( #993, #479, #492, #906, #1006, #544, #641, #161 ) ) ;
#1848 = DIRECTION ( 'NONE',  ( 0.000000000000000000, 0.000000000000000000, -1.000000000000000000 ) ) ;
#1849 = VERTEX_POINT ( 'NONE', #1489 ) ;
#1850 = DIRECTION ( 'NONE',  ( -0.000000000000000000, 0.000000000000000000, 1.000000000000000000 ) ) ;
#1851 = CIRCLE ( 'NONE', #1758, 2.000000000000000000 ) ;
#1852 = DIRECTION ( 'NONE',  ( -1.000000000000000000, 0.000000000000000000, 0.000000000000000000 ) ) ;
#1853 = VECTOR ( 'NONE', #997, 1000.000000000000000 ) ;
#1854 = CIRCLE ( 'NONE', #888, 0.6250000000000005551 ) ;
#1855 = PLANE ( 'NONE',  #1468 ) ;
#1856 = ADVANCED_FACE ( 'NONE', ( #277 ), #1034, .T. ) ;
#1857 = LINE ( 'NONE', #490, #122 ) ;
#1858 = CIRCLE ( 'NONE', #1438, 6.000000000000000000 ) ;
#1859 = ORIENTED_EDGE ( 'NONE', *, *, #1544, .F. ) ;
#1860 = EDGE_CURVE ( 'NONE', #51, #900, #1641, .T. ) ;
#1861 = DIRECTION ( 'NONE',  ( 0.000000000000000000, 0.000000000000000000, 1.000000000000000000 ) ) ;
#1862 = ORIENTED_EDGE ( 'NONE', *, *, #372, .F. ) ;
#1863 = CARTESIAN_POINT ( 'NONE',  ( -12.50000000000000000, -6.499999999999999112, 7.500000000000000000 ) ) ;
#1864 = EDGE_CURVE ( 'NONE', #1054, #356, #1619, .T. ) ;
#1865 = CARTESIAN_POINT ( 'NONE',  ( -10.00000000000000178, 13.50000000000000000, 31.00000000000000000 ) ) ;
#1866 = EDGE_LOOP ( 'NONE', ( #1808, #750, #1344, #958 ) ) ;
#1867 = FACE_OUTER_BOUND ( 'NONE', #88, .T. ) ;
#1868 = APPLICATION_CONTEXT ( 'automotive_design' ) ;
#1869 = DIRECTION ( 'NONE',  ( 0.000000000000000000, 0.000000000000000000, -1.000000000000000000 ) ) ;
#1870 = ORIENTED_EDGE ( 'NONE', *, *, #1427, .F. ) ;
#1871 = EDGE_CURVE ( 'NONE', #1907, #42, #1024, .T. ) ;
#1872 = ORIENTED_EDGE ( 'NONE', *, *, #1421, .T. ) ;
#1873 = CARTESIAN_POINT ( 'NONE',  ( -14.00000000000000711, -6.499999999999999112, 12.99999999999999822 ) ) ;
#1874 = DIRECTION ( 'NONE',  ( -0.000000000000000000, -0.000000000000000000, 1.000000000000000000 ) ) ;
#1875 = ORIENTED_EDGE ( 'NONE', *, *, #201, .F. ) ;
#1876 = FACE_OUTER_BOUND ( 'NONE', #169, .T. ) ;
#1877 = FACE_OUTER_BOUND ( 'NONE', #1133, .T. ) ;
#1878 = ORIENTED_EDGE ( 'NONE', *, *, #1586, .F. ) ;
#1879 = PRODUCT_CONTEXT ( 'NONE', #1769, 'mechanical' ) ;
#1880 = VERTEX_POINT ( 'NONE', #1789 ) ;
#1881 = CARTESIAN_POINT ( 'NONE',  ( -14.00000000000000711, 13.50000000000000000, 35.00000000000000000 ) ) ;
#1882 = ORIENTED_EDGE ( 'NONE', *, *, #1871, .F. ) ;
#1883 = CIRCLE ( 'NONE', #177, 3.324999999999999734 ) ;
#1884 = CARTESIAN_POINT ( 'NONE',  ( -14.00000000000000711, -11.50000000000000000, 35.00000000000000000 ) ) ;
#1885 = VECTOR ( 'NONE', #1302, 1000.000000000000000 ) ;
#1886 = CIRCLE ( 'NONE', #1190, 0.6250000000000005551 ) ;
#1887 = LINE ( 'NONE', #1722, #1087 ) ;
#1888 = DIRECTION ( 'NONE',  ( -1.000000000000000000, 0.000000000000000000, 0.000000000000000000 ) ) ;
#1889 = ORIENTED_EDGE ( 'NONE', *, *, #447, .T. ) ;
#1890 = EDGE_CURVE ( 'NONE', #1160, #325, #258, .T. ) ;
#1891 = VECTOR ( 'NONE', #329, 1000.000000000000000 ) ;
#1892 = VERTEX_POINT ( 'NONE', #411 ) ;
#1893 = AXIS2_PLACEMENT_3D ( 'NONE', #1534, #290, #754 ) ;
#1894 = DIRECTION ( 'NONE',  ( -0.000000000000000000, -0.000000000000000000, -1.000000000000000000 ) ) ;
#1895 = DIRECTION ( 'NONE',  ( 1.000000000000000000, 2.140784458307804350E-16, 2.262288689053293121E-16 ) ) ;
#1896 = EDGE_CURVE ( 'NONE', #151, #1, #1275, .T. ) ;
#1897 = CARTESIAN_POINT ( 'NONE',  ( 14.99999999999998934, 3.211176687461704011E-15, 17.75000000000001066 ) ) ;
#1898 = CARTESIAN_POINT ( 'NONE',  ( -9.099999999999999645, -6.500000000000000000, 1.799999999999999378 ) ) ;
#1899 = ORIENTED_EDGE ( 'NONE', *, *, #119, .F. ) ;
#1900 =( LENGTH_UNIT ( ) NAMED_UNIT ( * ) SI_UNIT ( .MILLI., .METRE. ) );
#1901 = VERTEX_POINT ( 'NONE', #1192 ) ;
#1902 = LINE ( 'NONE', #1745, #901 ) ;
#1903 = CARTESIAN_POINT ( 'NONE',  ( 9.099999999999999645, 5.500000000000000888, 0.000000000000000000 ) ) ;
#1904 = CARTESIAN_POINT ( 'NONE',  ( 12.50000000000000000, -6.499999999999999112, 7.500000000000000000 ) ) ;
#1905 = EDGE_CURVE ( 'NONE', #1781, #332, #138, .T. ) ;
#1906 = CARTESIAN_POINT ( 'NONE',  ( -9.099999999999999645, 13.50000000000000000, -5.572142936120456341E-16 ) ) ;
#1907 = VERTEX_POINT ( 'NONE', #1628 ) ;
#1908 = ORIENTED_EDGE ( 'NONE', *, *, #1092, .F. ) ;
#1909 = CARTESIAN_POINT ( 'NONE',  ( -14.00000000000000711, -13.50000000000000000, 0.000000000000000000 ) ) ;
#1910 = CARTESIAN_POINT ( 'NONE',  ( 11.09999999999999964, -6.500000000000000000, 4.999999999999999112 ) ) ;
#1911 = VECTOR ( 'NONE', #173, 1000.000000000000000 ) ;
#1912 = DIRECTION ( 'NONE',  ( 0.000000000000000000, 0.000000000000000000, 1.000000000000000000 ) ) ;
#1913 = FACE_OUTER_BOUND ( 'NONE', #819, .T. ) ;
#1914 = DIRECTION ( 'NONE',  ( 0.000000000000000000, 0.000000000000000000, -1.000000000000000000 ) ) ;
#1915 = VERTEX_POINT ( 'NONE', #730 ) ;
#1916 = ORIENTED_EDGE ( 'NONE', *, *, #1952, .F. ) ;
#1917 = PLANE ( 'NONE',  #402 ) ;
#1918 = ORIENTED_EDGE ( 'NONE', *, *, #1896, .T. ) ;
#1919 = CARTESIAN_POINT ( 'NONE',  ( 13.99999999999998757, 3.136695245058944414E-15, 21.07500000000001350 ) ) ;
#1920 = DIRECTION ( 'NONE',  ( -0.000000000000000000, 0.000000000000000000, 1.000000000000000000 ) ) ;
#1921 = AXIS2_PLACEMENT_3D ( 'NONE', #135, #996, #254 ) ;
#1922 = PLANE ( 'NONE',  #330 ) ;
#1923 = CARTESIAN_POINT ( 'NONE',  ( -11.09999999999999964, 13.50000000000000000, 4.999999999999999112 ) ) ;
#1924 = ORIENTED_EDGE ( 'NONE', *, *, #1655, .T. ) ;
#1925 = VERTEX_POINT ( 'NONE', #1477 ) ;
#1926 = VECTOR ( 'NONE', #360, 1000.000000000000000 ) ;
#1927 = AXIS2_PLACEMENT_3D ( 'NONE', #288, #1955, #1492 ) ;
#1928 = LINE ( 'NONE', #558, #1835 ) ;
#1929 = CARTESIAN_POINT ( 'NONE',  ( 13.99999999999998757, 2.997098241630923428E-15, 14.42500000000001315 ) ) ;
#1930 = DIRECTION ( 'NONE',  ( -1.000000000000000000, 0.000000000000000000, -0.000000000000000000 ) ) ;
#1931 = EDGE_CURVE ( 'NONE', #830, #743, #16, .T. ) ;
#1932 = CARTESIAN_POINT ( 'NONE',  ( -11.09999999999999964, 13.50000000000000000, 1.799999999999999378 ) ) ;
#1933 = FACE_OUTER_BOUND ( 'NONE', #1261, .T. ) ;
#1934 = VERTEX_POINT ( 'NONE', #1332 ) ;
#1935 = ORIENTED_EDGE ( 'NONE', *, *, #58, .T. ) ;
#1936 = LINE ( 'NONE', #141, #998 ) ;
#1937 = EDGE_LOOP ( 'NONE', ( #636, #1279, #870, #1273 ) ) ;
#1938 = CARTESIAN_POINT ( 'NONE',  ( 1.000000000000000000, -6.500000000000000000, 0.000000000000000000 ) ) ;
#1939 = CIRCLE ( 'NONE', #978, 2.000000000000000000 ) ;
#1940 = FACE_OUTER_BOUND ( 'NONE', #1564, .T. ) ;
#1941 = CARTESIAN_POINT ( 'NONE',  ( -14.00000000000000533, 23.00000000000000000, 19.75000000000000000 ) ) ;
#1942 = AXIS2_PLACEMENT_3D ( 'NONE', #245, #837, #1444 ) ;
#1943 = ORIENTED_EDGE ( 'NONE', *, *, #545, .T. ) ;
#1944 = DIRECTION ( 'NONE',  ( 0.000000000000000000, -1.000000000000000000, 0.000000000000000000 ) ) ;
#1945 = ORIENTED_EDGE ( 'NONE', *, *, #616, .T. ) ;
#1946 = CARTESIAN_POINT ( 'NONE',  ( -14.00000000000000711, -13.50000000000000000, 35.00000000000000000 ) ) ;
#1947 = PLANE ( 'NONE',  #1322 ) ;
#1948 = EDGE_CURVE ( 'NONE', #1915, #378, #1798, .T. ) ;
#1949 = DIRECTION ( 'NONE',  ( -1.000000000000000000, -0.000000000000000000, -0.000000000000000000 ) ) ;
#1950 = EDGE_CURVE ( 'NONE', #422, #861, #982, .T. ) ;
#1951 = CIRCLE ( 'NONE', #517, 3.324999999999999734 ) ;
#1952 = EDGE_CURVE ( 'NONE', #1570, #1706, #959, .T. ) ;
#1953 = CARTESIAN_POINT ( 'NONE',  ( 11.09999999999999964, 13.50000000000000000, 1.799999999999999378 ) ) ;
#1954 = ORIENTED_EDGE ( 'NONE', *, *, #986, .T. ) ;
#1955 = DIRECTION ( 'NONE',  ( 1.000000000000000000, 0.000000000000000000, 1.445602896647339163E-16 ) ) ;
ENDSEC;
END-ISO-10303-21;
