ISO-10303-21;
HEADER;
FILE_DESCRIPTION (( 'STEP AP214' ),
    '1' );
FILE_NAME ('P001-B101_RearEnclosure_Rev2D-9.STEP',
    '2026-05-14T04:47:28',
    ( '' ),
    ( '' ),
    'SwSTEP 2.0',
    'SolidWorks 2026',
    '' );
FILE_SCHEMA (( 'AUTOMOTIVE_DESIGN' ));
ENDSEC;

DATA;
#1 = DIRECTION ( 'NONE',  ( 0.000000000000000000, 0.000000000000000000, -1.000000000000000000 ) ) ;
#2 = ORIENTED_EDGE ( 'NONE', *, *, #2487, .T. ) ;
#3 = LINE ( 'NONE', #2220, #2072 ) ;
#4 = ORIENTED_EDGE ( 'NONE', *, *, #2024, .T. ) ;
#5 = DIRECTION ( 'NONE',  ( -1.000000000000000000, -0.000000000000000000, -0.000000000000000000 ) ) ;
#6 = VECTOR ( 'NONE', #366, 1000.000000000000000 ) ;
#7 = VECTOR ( 'NONE', #1979, 1000.000000000000000 ) ;
#8 = DIRECTION ( 'NONE',  ( -0.000000000000000000, 0.000000000000000000, 1.000000000000000000 ) ) ;
#9 = CARTESIAN_POINT ( 'NONE',  ( -9.125000000000000000, 6.500000000000007105, -5.587451021109797051E-16 ) ) ;
#10 = DIRECTION ( 'NONE',  ( 0.000000000000000000, 1.000000000000000000, 0.000000000000000000 ) ) ;
#11 = AXIS2_PLACEMENT_3D ( 'NONE', #664, #1496, #73 ) ;
#12 = ORIENTED_EDGE ( 'NONE', *, *, #414, .F. ) ;
#13 = AXIS2_PLACEMENT_3D ( 'NONE', #1849, #2472, #93 ) ;
#14 = EDGE_CURVE ( 'NONE', #553, #1142, #194, .T. ) ;
#15 = AXIS2_PLACEMENT_3D ( 'NONE', #1576, #1530, #1544 ) ;
#16 = PLANE ( 'NONE',  #144 ) ;
#17 = VERTEX_POINT ( 'NONE', #2541 ) ;
#18 = LINE ( 'NONE', #2497, #820 ) ;
#19 = VECTOR ( 'NONE', #165, 1000.000000000000000 ) ;
#20 = ORIENTED_EDGE ( 'NONE', *, *, #1308, .T. ) ;
#21 = DIRECTION ( 'NONE',  ( 0.000000000000000000, 0.000000000000000000, 1.000000000000000000 ) ) ;
#22 = EDGE_CURVE ( 'NONE', #195, #1841, #1931, .T. ) ;
#23 = CARTESIAN_POINT ( 'NONE',  ( -16.00000000000000000, -12.50000000000000000, 35.00000000000000000 ) ) ;
#24 = CARTESIAN_POINT ( 'NONE',  ( 9.125000000000000000, -7.499999999999999112, -5.587451021109797051E-16 ) ) ;
#25 = ORIENTED_EDGE ( 'NONE', *, *, #1664, .F. ) ;
#26 = CARTESIAN_POINT ( 'NONE',  ( 13.99999999999998757, -3.572111585005733529E-15, 11.50000000000000355 ) ) ;
#27 = EDGE_LOOP ( 'NONE', ( #1839, #2498, #2327, #1753, #818, #1201, #2316, #200, #2540, #1548, #1866, #1848, #262, #1206, #1399 ) ) ;
#28 = EDGE_CURVE ( 'NONE', #2301, #503, #2667, .T. ) ;
#29 = DIRECTION ( 'NONE',  ( -0.000000000000000000, -1.000000000000000000, -0.000000000000000000 ) ) ;
#30 = EDGE_LOOP ( 'NONE', ( #2266, #660, #522, #1143, #1402, #2273, #899, #1456 ) ) ;
#31 = FACE_OUTER_BOUND ( 'NONE', #982, .T. ) ;
#32 = DIRECTION ( 'NONE',  ( 1.084202172485504434E-16, -1.000000000000000000, 0.000000000000000000 ) ) ;
#33 = CARTESIAN_POINT ( 'NONE',  ( 11.99999999999998934, -10.32842712474619340, 27.50000000000000355 ) ) ;
#34 = UNCERTAINTY_MEASURE_WITH_UNIT (LENGTH_MEASURE( 1.000000000000000082E-05 ), #1729, 'distance_accuracy_value', 'NONE');
#35 = CARTESIAN_POINT ( 'NONE',  ( 15.99999999999999289, 12.50000000000000355, 35.00000000000000000 ) ) ;
#36 = ORIENTED_EDGE ( 'NONE', *, *, #337, .F. ) ;
#37 = ORIENTED_EDGE ( 'NONE', *, *, #159, .T. ) ;
#38 = DIRECTION ( 'NONE',  ( 1.000000000000000000, 0.000000000000000000, 0.000000000000000000 ) ) ;
#39 = EDGE_LOOP ( 'NONE', ( #945, #451, #516, #1850 ) ) ;
#40 = DIRECTION ( 'NONE',  ( 1.000000000000000000, 0.000000000000000000, 0.000000000000000000 ) ) ;
#41 = EDGE_CURVE ( 'NONE', #1300, #1413, #1636, .T. ) ;
#42 = DIRECTION ( 'NONE',  ( -0.000000000000000000, -1.000000000000000000, -0.000000000000000000 ) ) ;
#43 = LINE ( 'NONE', #861, #2250 ) ;
#44 = CARTESIAN_POINT ( 'NONE',  ( 6.000000000000000000, -15.50000000000000000, 35.00000000000000000 ) ) ;
#45 = CIRCLE ( 'NONE', #564, 1.000000000000000000 ) ;
#46 = DIRECTION ( 'NONE',  ( -1.000000000000000000, 0.000000000000000000, 0.000000000000000000 ) ) ;
#47 = VECTOR ( 'NONE', #1890, 1000.000000000000000 ) ;
#48 = ORIENTED_EDGE ( 'NONE', *, *, #1937, .T. ) ;
#49 = VECTOR ( 'NONE', #502, 1000.000000000000000 ) ;
#50 = CARTESIAN_POINT ( 'NONE',  ( 9.999999999999989342, -10.00000000000000888, 9.500000000000000000 ) ) ;
#51 = ORIENTED_EDGE ( 'NONE', *, *, #964, .F. ) ;
#52 = LINE ( 'NONE', #2115, #475 ) ;
#53 = VECTOR ( 'NONE', #2522, 1000.000000000000000 ) ;
#54 = AXIS2_PLACEMENT_3D ( 'NONE', #2061, #1028, #1855 ) ;
#55 = CARTESIAN_POINT ( 'NONE',  ( 5.000000000000000000, -17.50000000000000000, 33.00000000000000000 ) ) ;
#56 = VERTEX_POINT ( 'NONE', #2321 ) ;
#57 = CARTESIAN_POINT ( 'NONE',  ( 15.99999999999999289, 14.50000000000000178, 35.00000000000000000 ) ) ;
#58 = DIRECTION ( 'NONE',  ( 0.000000000000000000, 1.000000000000000000, 0.000000000000000000 ) ) ;
#59 = VECTOR ( 'NONE', #415, 1000.000000000000000 ) ;
#60 = CARTESIAN_POINT ( 'NONE',  ( 11.50000000000000000, -43.21064267133819925, 7.499999999999999112 ) ) ;
#61 = FACE_BOUND ( 'NONE', #1658, .T. ) ;
#62 = EDGE_CURVE ( 'NONE', #177, #803, #2111, .T. ) ;
#63 = DIRECTION ( 'NONE',  ( 0.000000000000000000, 1.000000000000000000, -0.000000000000000000 ) ) ;
#64 = DIRECTION ( 'NONE',  ( 1.239088197126290817E-16, -1.000000000000000000, 0.000000000000000000 ) ) ;
#65 = ORIENTED_EDGE ( 'NONE', *, *, #574, .F. ) ;
#66 = ORIENTED_EDGE ( 'NONE', *, *, #703, .F. ) ;
#67 = CARTESIAN_POINT ( 'NONE',  ( 12.50000000000000000, -43.21064267133819925, 29.50000000000000355 ) ) ;
#68 = PLANE ( 'NONE',  #743 ) ;
#69 = ORIENTED_EDGE ( 'NONE', *, *, #2466, .T. ) ;
#70 = ORIENTED_EDGE ( 'NONE', *, *, #1716, .F. ) ;
#71 = DIRECTION ( 'NONE',  ( 0.000000000000000000, 1.000000000000000000, 0.000000000000000000 ) ) ;
#72 = DIRECTION ( 'NONE',  ( -0.000000000000000000, -1.000000000000000000, -0.000000000000000000 ) ) ;
#73 = DIRECTION ( 'NONE',  ( -0.000000000000000000, 0.000000000000000000, 1.000000000000000000 ) ) ;
#74 = CARTESIAN_POINT ( 'NONE',  ( -5.000000000000000000, -17.50000000000000000, 33.00000000000000000 ) ) ;
#75 = EDGE_CURVE ( 'NONE', #318, #967, #1895, .T. ) ;
#76 = VERTEX_POINT ( 'NONE', #674 ) ;
#77 = EDGE_CURVE ( 'NONE', #437, #1230, #472, .T. ) ;
#78 = CARTESIAN_POINT ( 'NONE',  ( -11.12500000000000000, -7.499999999999999112, 1.749999999999999334 ) ) ;
#79 = ORIENTED_EDGE ( 'NONE', *, *, #2302, .F. ) ;
#80 = EDGE_CURVE ( 'NONE', #1447, #296, #1277, .T. ) ;
#81 = LINE ( 'NONE', #463, #2282 ) ;
#82 = CYLINDRICAL_SURFACE ( 'NONE', #1082, 2.000000000000000000 ) ;
#83 = ORIENTED_EDGE ( 'NONE', *, *, #1239, .F. ) ;
#84 = DIRECTION ( 'NONE',  ( 1.000000000000000000, 0.000000000000000000, 0.000000000000000000 ) ) ;
#85 = DIRECTION ( 'NONE',  ( 0.000000000000000000, 0.000000000000000000, -1.000000000000000000 ) ) ;
#86 = CARTESIAN_POINT ( 'NONE',  ( 16.00100000000000477, -7.499999999999998224, 25.52705095489708143 ) ) ;
#87 = CARTESIAN_POINT ( 'NONE',  ( -16.00000000000000711, 12.50000000000000178, 35.00000000000000000 ) ) ;
#88 = VECTOR ( 'NONE', #772, 1000.000000000000000 ) ;
#89 = CARTESIAN_POINT ( 'NONE',  ( -1.000000000000000888, -2.889999999999945501, 23.01499999999996859 ) ) ;
#90 = ORIENTED_EDGE ( 'NONE', *, *, #1410, .T. ) ;
#91 = AXIS2_PLACEMENT_3D ( 'NONE', #412, #1185, #2652 ) ;
#92 = VECTOR ( 'NONE', #2480, 1000.000000000000000 ) ;
#93 = DIRECTION ( 'NONE',  ( 0.000000000000000000, -0.000000000000000000, -1.000000000000000000 ) ) ;
#94 = EDGE_LOOP ( 'NONE', ( #1263, #513, #2569, #1328 ) ) ;
#95 = LINE ( 'NONE', #1360, #175 ) ;
#96 = EDGE_CURVE ( 'NONE', #2091, #2582, #1137, .T. ) ;
#97 = VECTOR ( 'NONE', #652, 1000.000000000000000 ) ;
#98 = VECTOR ( 'NONE', #1474, 1000.000000000000000 ) ;
#99 = LINE ( 'NONE', #1069, #1786 ) ;
#100 = ORIENTED_EDGE ( 'NONE', *, *, #1816, .T. ) ;
#101 = LINE ( 'NONE', #2599, #2325 ) ;
#102 = CARTESIAN_POINT ( 'NONE',  ( 9.999999999999987566, 14.50000000000000178, 27.50000000000000355 ) ) ;
#103 = DIRECTION ( 'NONE',  ( 0.000000000000000000, 0.000000000000000000, -1.000000000000000000 ) ) ;
#104 = LINE ( 'NONE', #241, #909 ) ;
#105 = FACE_OUTER_BOUND ( 'NONE', #2405, .T. ) ;
#106 = EDGE_LOOP ( 'NONE', ( #2263, #1572, #626, #1619 ) ) ;
#107 = EDGE_CURVE ( 'NONE', #994, #260, #311, .T. ) ;
#108 = ORIENTED_EDGE ( 'NONE', *, *, #452, .F. ) ;
#109 = CARTESIAN_POINT ( 'NONE',  ( -6.000000000000000000, -18.50000000000000355, 33.00000000000000000 ) ) ;
#110 = ADVANCED_FACE ( 'NONE', ( #2181 ), #760, .T. ) ;
#111 = EDGE_CURVE ( 'NONE', #2299, #1282, #2147, .T. ) ;
#112 = CARTESIAN_POINT ( 'NONE',  ( 11.50000000000000000, 14.50000000000000178, 7.499999999999999112 ) ) ;
#113 = EDGE_LOOP ( 'NONE', ( #343, #1704, #365, #1539 ) ) ;
#114 = CARTESIAN_POINT ( 'NONE',  ( 9.125000000000000000, 14.50000000000000178, 1.749999999999999334 ) ) ;
#115 = DIRECTION ( 'NONE',  ( -0.000000000000000000, -1.000000000000000000, -0.000000000000000000 ) ) ;
#116 = DIRECTION ( 'NONE',  ( -2.891205793294681285E-16, 0.000000000000000000, -1.000000000000000000 ) ) ;
#117 = EDGE_CURVE ( 'NONE', #1671, #1841, #2367, .T. ) ;
#118 = CARTESIAN_POINT ( 'NONE',  ( -6.000000000000000000, 17.50000000000000000, 33.00000000000000000 ) ) ;
#119 = ORIENTED_EDGE ( 'NONE', *, *, #544, .T. ) ;
#120 = EDGE_CURVE ( 'NONE', #1142, #1030, #1118, .T. ) ;
#121 = EDGE_LOOP ( 'NONE', ( #901, #1807, #1610, #319, #2447, #2572, #1551 ) ) ;
#122 = LINE ( 'NONE', #1982, #1601 ) ;
#123 = DIRECTION ( 'NONE',  ( -1.000000000000000000, 0.000000000000000000, -0.000000000000000000 ) ) ;
#124 = ORIENTED_EDGE ( 'NONE', *, *, #1257, .T. ) ;
#125 = LINE ( 'NONE', #1584, #1938 ) ;
#126 = LINE ( 'NONE', #947, #528 ) ;
#127 = CARTESIAN_POINT ( 'NONE',  ( 11.99999999999998934, -7.499999999999999112, 27.50000000000000355 ) ) ;
#128 = DIRECTION ( 'NONE',  ( -0.7999999999999970468, 0.000000000000000000, 0.6000000000000040856 ) ) ;
#129 = EDGE_CURVE ( 'NONE', #994, #2149, #153, .T. ) ;
#130 = DIRECTION ( 'NONE',  ( 0.000000000000000000, 0.000000000000000000, -1.000000000000000000 ) ) ;
#131 = EDGE_LOOP ( 'NONE', ( #1058, #540, #2237, #2240 ) ) ;
#132 = AXIS2_PLACEMENT_3D ( 'NONE', #2193, #517, #1322 ) ;
#133 = ORIENTED_EDGE ( 'NONE', *, *, #360, .T. ) ;
#134 = DIRECTION ( 'NONE',  ( 0.000000000000000000, 0.000000000000000000, 1.000000000000000000 ) ) ;
#135 = VECTOR ( 'NONE', #1144, 1000.000000000000000 ) ;
#136 = DIRECTION ( 'NONE',  ( 1.000000000000000000, 0.000000000000000000, 0.000000000000000000 ) ) ;
#137 = ORIENTED_EDGE ( 'NONE', *, *, #698, .F. ) ;
#138 = DIRECTION ( 'NONE',  ( -0.000000000000000000, -0.000000000000000000, 1.000000000000000000 ) ) ;
#139 = VECTOR ( 'NONE', #1417, 1000.000000000000000 ) ;
#140 = VECTOR ( 'NONE', #1934, 1000.000000000000000 ) ;
#141 = CARTESIAN_POINT ( 'NONE',  ( 6.999999999999999112, -15.50000000000000000, 35.00000000000000000 ) ) ;
#142 = VERTEX_POINT ( 'NONE', #972 ) ;
#143 = DIRECTION ( 'NONE',  ( 0.000000000000000000, -0.000000000000000000, -1.000000000000000000 ) ) ;
#144 = AXIS2_PLACEMENT_3D ( 'NONE', #592, #223, #796 ) ;
#145 = CARTESIAN_POINT ( 'NONE',  ( 13.99999999999999822, -14.49999999999999822, 35.00000000000000000 ) ) ;
#146 = VECTOR ( 'NONE', #1078, 1000.000000000000000 ) ;
#147 = EDGE_CURVE ( 'NONE', #2063, #177, #125, .T. ) ;
#148 = ORIENTED_EDGE ( 'NONE', *, *, #2277, .F. ) ;
#149 = AXIS2_PLACEMENT_3D ( 'NONE', #285, #1106, #2125 ) ;
#150 = ORIENTED_EDGE ( 'NONE', *, *, #1226, .T. ) ;
#151 = CARTESIAN_POINT ( 'NONE',  ( -14.00000000000000000, -12.49999999999999822, 35.00000000000000000 ) ) ;
#152 = EDGE_LOOP ( 'NONE', ( #546, #1707, #1927, #595 ) ) ;
#153 = LINE ( 'NONE', #1946, #170 ) ;
#154 = CARTESIAN_POINT ( 'NONE',  ( -16.00000000000000000, -14.49999999999999822, 0.000000000000000000 ) ) ;
#155 = CARTESIAN_POINT ( 'NONE',  ( -8.875000000000000000, 7.000000000000002665, 0.000000000000000000 ) ) ;
#156 = CARTESIAN_POINT ( 'NONE',  ( -6.000000000000000000, 15.50000000000000355, 35.00000000000000000 ) ) ;
#157 = CARTESIAN_POINT ( 'NONE',  ( -9.125000000000000000, 6.500000000000003553, -1.030776406404414258 ) ) ;
#158 = ORIENTED_EDGE ( 'NONE', *, *, #531, .T. ) ;
#159 = EDGE_CURVE ( 'NONE', #991, #759, #101, .T. ) ;
#160 = ORIENTED_EDGE ( 'NONE', *, *, #620, .F. ) ;
#161 = DIRECTION ( 'NONE',  ( -0.000000000000000000, 0.000000000000000000, -1.000000000000000000 ) ) ;
#162 = ORIENTED_EDGE ( 'NONE', *, *, #805, .F. ) ;
#163 = CARTESIAN_POINT ( 'NONE',  ( 13.99999999999999112, 14.50000000000000178, 27.50000000000000355 ) ) ;
#164 = ORIENTED_EDGE ( 'NONE', *, *, #618, .F. ) ;
#165 = DIRECTION ( 'NONE',  ( 1.000000000000000000, 0.000000000000000000, 0.000000000000000000 ) ) ;
#166 = LINE ( 'NONE', #623, #955 ) ;
#167 = DIRECTION ( 'NONE',  ( -0.000000000000000000, 0.000000000000000000, -1.000000000000000000 ) ) ;
#168 = ORIENTED_EDGE ( 'NONE', *, *, #1077, .T. ) ;
#169 = ORIENTED_EDGE ( 'NONE', *, *, #2443, .T. ) ;
#170 = VECTOR ( 'NONE', #946, 1000.000000000000000 ) ;
#171 = DIRECTION ( 'NONE',  ( 1.000000000000000000, 0.000000000000000000, 0.000000000000000000 ) ) ;
#172 = VERTEX_POINT ( 'NONE', #336 ) ;
#173 = EDGE_CURVE ( 'NONE', #1894, #1300, #920, .T. ) ;
#174 = CARTESIAN_POINT ( 'NONE',  ( -4.000000000000000000, -16.75000000000000355, 33.00000000000000000 ) ) ;
#175 = VECTOR ( 'NONE', #2348, 1000.000000000000000 ) ;
#176 = AXIS2_PLACEMENT_3D ( 'NONE', #2186, #539, #2373 ) ;
#177 = VERTEX_POINT ( 'NONE', #747 ) ;
#178 = PLANE ( 'NONE',  #1956 ) ;
#179 = VECTOR ( 'NONE', #1546, 1000.000000000000000 ) ;
#180 = DIRECTION ( 'NONE',  ( -1.000000000000000000, 0.000000000000000000, -0.000000000000000000 ) ) ;
#181 = VECTOR ( 'NONE', #2239, 1000.000000000000000 ) ;
#182 = ORIENTED_EDGE ( 'NONE', *, *, #1943, .T. ) ;
#183 = AXIS2_PLACEMENT_3D ( 'NONE', #1822, #2666, #802 ) ;
#184 = EDGE_LOOP ( 'NONE', ( #66, #119, #2411, #20 ) ) ;
#185 = CIRCLE ( 'NONE', #1133, 2.000000000000000000 ) ;
#186 = CARTESIAN_POINT ( 'NONE',  ( 11.99999999999998934, -7.499999999999999112, 25.50000000000000355 ) ) ;
#187 = VERTEX_POINT ( 'NONE', #1158 ) ;
#188 = DIRECTION ( 'NONE',  ( 1.000000000000000000, 0.000000000000000000, 0.000000000000000000 ) ) ;
#189 = EDGE_CURVE ( 'NONE', #1623, #1914, #1986, .T. ) ;
#190 = VERTEX_POINT ( 'NONE', #2203 ) ;
#191 = CARTESIAN_POINT ( 'NONE',  ( -12.50000000000000000, -43.21064267133819925, 33.00000000000000000 ) ) ;
#192 = PLANE ( 'NONE',  #2425 ) ;
#193 = CARTESIAN_POINT ( 'NONE',  ( 13.99999999999999112, 14.50000000000000178, 23.49999999999999289 ) ) ;
#194 = LINE ( 'NONE', #1638, #254 ) ;
#195 = VERTEX_POINT ( 'NONE', #2573 ) ;
#196 = CARTESIAN_POINT ( 'NONE',  ( 0.9999999999999991118, -14.24999999999999822, 0.000000000000000000 ) ) ;
#197 = ORIENTED_EDGE ( 'NONE', *, *, #757, .T. ) ;
#198 = CARTESIAN_POINT ( 'NONE',  ( -9.500000000000000000, 7.000000000000002665, 0.000000000000000000 ) ) ;
#199 = EDGE_CURVE ( 'NONE', #2299, #1772, #718, .T. ) ;
#200 = ORIENTED_EDGE ( 'NONE', *, *, #787, .T. ) ;
#201 = CARTESIAN_POINT ( 'NONE',  ( 9.999999999999989342, -10.32842712474619340, 9.500000000000000000 ) ) ;
#202 = CARTESIAN_POINT ( 'NONE',  ( 6.999999999999999112, -15.50000000000000000, 33.00000000000000000 ) ) ;
#203 = DIRECTION ( 'NONE',  ( -0.000000000000000000, -0.000000000000000000, 1.000000000000000000 ) ) ;
#204 = CARTESIAN_POINT ( 'NONE',  ( -16.00000000000000355, -2.889999999999949498, 23.01499999999996859 ) ) ;
#205 = PRODUCT_RELATED_PRODUCT_CATEGORY ( 'part', '', ( #2417 ) ) ;
#206 = ORIENTED_EDGE ( 'NONE', *, *, #1943, .F. ) ;
#207 = CARTESIAN_POINT ( 'NONE',  ( -7.000000000000000000, 14.50000000000000178, 33.00000000000000000 ) ) ;
#208 = ORIENTED_EDGE ( 'NONE', *, *, #2028, .T. ) ;
#209 = PLANE ( 'NONE',  #1557 ) ;
#210 = VECTOR ( 'NONE', #294, 1000.000000000000000 ) ;
#211 = ORIENTED_EDGE ( 'NONE', *, *, #467, .F. ) ;
#212 = CARTESIAN_POINT ( 'NONE',  ( 11.12500000000000000, -7.499999999999999112, 4.999999999999999112 ) ) ;
#213 = VECTOR ( 'NONE', #38, 1000.000000000000000 ) ;
#214 = CIRCLE ( 'NONE', #1338, 0.6250000000000005551 ) ;
#215 = CARTESIAN_POINT ( 'NONE',  ( 11.99999999999998934, -10.32842712474619340, 25.50000000000000355 ) ) ;
#216 = CYLINDRICAL_SURFACE ( 'NONE', #1131, 0.6250000000000005551 ) ;
#217 = AXIS2_PLACEMENT_3D ( 'NONE', #55, #489, #2161 ) ;
#218 = EDGE_CURVE ( 'NONE', #2603, #682, #1766, .T. ) ;
#219 = ADVANCED_FACE ( 'NONE', ( #960 ), #2586, .F. ) ;
#220 = VECTOR ( 'NONE', #1193, 1000.000000000000000 ) ;
#221 = EDGE_CURVE ( 'NONE', #2582, #2291, #2399, .T. ) ;
#222 = ORIENTED_EDGE ( 'NONE', *, *, #449, .F. ) ;
#223 = DIRECTION ( 'NONE',  ( 1.000000000000000000, -0.000000000000000000, 0.000000000000000000 ) ) ;
#224 = ORIENTED_EDGE ( 'NONE', *, *, #430, .F. ) ;
#225 = ADVANCED_FACE ( 'NONE', ( #1795 ), #532, .T. ) ;
#226 = LINE ( 'NONE', #2090, #213 ) ;
#227 = VERTEX_POINT ( 'NONE', #2624 ) ;
#228 = CARTESIAN_POINT ( 'NONE',  ( 13.99999999999999112, 14.50000000000000178, 35.00000000000000000 ) ) ;
#229 = CARTESIAN_POINT ( 'NONE',  ( 6.000000000000000000, -18.50000000000000355, 33.00000000000000000 ) ) ;
#230 = CARTESIAN_POINT ( 'NONE',  ( -8.875000000000000000, 7.000000000000002665, -1.030776406404414258 ) ) ;
#231 = LINE ( 'NONE', #1713, #990 ) ;
#232 = ORIENTED_EDGE ( 'NONE', *, *, #1312, .F. ) ;
#233 = PLANE ( 'NONE',  #2212 ) ;
#234 = VERTEX_POINT ( 'NONE', #1974 ) ;
#235 = PLANE ( 'NONE',  #645 ) ;
#236 = EDGE_CURVE ( 'NONE', #2206, #2134, #1647, .T. ) ;
#237 = ORIENTED_EDGE ( 'NONE', *, *, #1113, .F. ) ;
#238 = PLANE ( 'NONE',  #1085 ) ;
#239 = DIRECTION ( 'NONE',  ( -1.000000000000000000, -2.392722035830078972E-16, 0.000000000000000000 ) ) ;
#240 = LINE ( 'NONE', #636, #656 ) ;
#241 = CARTESIAN_POINT ( 'NONE',  ( 11.99999999999998934, -10.32842712474619340, 7.500000000000000000 ) ) ;
#242 = DIRECTION ( 'NONE',  ( -0.000000000000000000, 1.000000000000000000, -0.000000000000000000 ) ) ;
#243 = ORIENTED_EDGE ( 'NONE', *, *, #247, .T. ) ;
#244 = CARTESIAN_POINT ( 'NONE',  ( 9.125000000000000000, 7.500000000000004441, 1.749999999999999334 ) ) ;
#245 = ORIENTED_EDGE ( 'NONE', *, *, #1074, .T. ) ;
#246 = DIRECTION ( 'NONE',  ( 0.000000000000000000, 1.000000000000000000, 0.000000000000000000 ) ) ;
#247 = EDGE_CURVE ( 'NONE', #1772, #2598, #1622, .T. ) ;
#248 = EDGE_CURVE ( 'NONE', #937, #1300, #2241, .T. ) ;
#249 = LINE ( 'NONE', #884, #2037 ) ;
#250 = VERTEX_POINT ( 'NONE', #402 ) ;
#251 = CARTESIAN_POINT ( 'NONE',  ( -0.9999999999999991118, -14.24999999999999822, 0.000000000000000000 ) ) ;
#252 = ORIENTED_EDGE ( 'NONE', *, *, #487, .T. ) ;
#253 = CARTESIAN_POINT ( 'NONE',  ( 4.000000000000000000, 16.75000000000000355, -0.001000000000001000089 ) ) ;
#254 = VECTOR ( 'NONE', #58, 1000.000000000000000 ) ;
#255 = DIRECTION ( 'NONE',  ( -0.000000000000000000, 1.000000000000000000, 0.000000000000000000 ) ) ;
#256 = DIRECTION ( 'NONE',  ( 0.000000000000000000, 0.000000000000000000, -1.000000000000000000 ) ) ;
#257 = VECTOR ( 'NONE', #2303, 1000.000000000000000 ) ;
#258 = LINE ( 'NONE', #925, #646 ) ;
#259 = AXIS2_PLACEMENT_3D ( 'NONE', #317, #1381, #2617 ) ;
#260 = VERTEX_POINT ( 'NONE', #1403 ) ;
#261 = AXIS2_PLACEMENT_3D ( 'NONE', #1960, #469, #672 ) ;
#262 = ORIENTED_EDGE ( 'NONE', *, *, #1804, .F. ) ;
#263 = LINE ( 'NONE', #2131, #904 ) ;
#264 = VECTOR ( 'NONE', #2622, 1000.000000000000000 ) ;
#265 = LINE ( 'NONE', #112, #351 ) ;
#266 = ORIENTED_EDGE ( 'NONE', *, *, #1308, .F. ) ;
#267 = APPLICATION_PROTOCOL_DEFINITION ( 'draft international standard', 'automotive_design', 1998, #1493 ) ;
#268 = ORIENTED_EDGE ( 'NONE', *, *, #1132, .F. ) ;
#269 = CIRCLE ( 'NONE', #1792, 0.6250000000000005551 ) ;
#270 = EDGE_CURVE ( 'NONE', #1389, #2228, #2031, .T. ) ;
#271 = LINE ( 'NONE', #634, #2504 ) ;
#272 = CARTESIAN_POINT ( 'NONE',  ( -9.125000000000000000, 14.50000000000000178, -5.587451021109797051E-16 ) ) ;
#273 = LINE ( 'NONE', #2095, #1248 ) ;
#274 = EDGE_CURVE ( 'NONE', #491, #2149, #2421, .T. ) ;
#275 = EDGE_CURVE ( 'NONE', #928, #2547, #45, .T. ) ;
#276 = CARTESIAN_POINT ( 'NONE',  ( 11.99999999999998934, 14.50000000000000178, 7.500000000000000000 ) ) ;
#277 = ORIENTED_EDGE ( 'NONE', *, *, #635, .T. ) ;
#278 = LINE ( 'NONE', #482, #98 ) ;
#279 = VERTEX_POINT ( 'NONE', #2474 ) ;
#280 = CARTESIAN_POINT ( 'NONE',  ( 1.000000000000000888, -7.500000000000000000, 33.00000000000000000 ) ) ;
#281 = LINE ( 'NONE', #2365, #1385 ) ;
#282 = ORIENTED_EDGE ( 'NONE', *, *, #1732, .F. ) ;
#283 = CARTESIAN_POINT ( 'NONE',  ( 16.00000000000000000, -12.50000000000000000, 35.00000000000000000 ) ) ;
#284 = DIRECTION ( 'NONE',  ( 0.000000000000000000, -1.000000000000000000, 0.000000000000000000 ) ) ;
#285 = CARTESIAN_POINT ( 'NONE',  ( -9.500000000000000000, 7.000000000000002665, 1.749999999999999334 ) ) ;
#286 = DIRECTION ( 'NONE',  ( 0.000000000000000000, 1.000000000000000000, 0.000000000000000000 ) ) ;
#287 = EDGE_CURVE ( 'NONE', #1794, #1439, #2043, .T. ) ;
#288 = ORIENTED_EDGE ( 'NONE', *, *, #2423, .F. ) ;
#289 = LINE ( 'NONE', #304, #1565 ) ;
#290 = ORIENTED_EDGE ( 'NONE', *, *, #493, .T. ) ;
#291 = CARTESIAN_POINT ( 'NONE',  ( -5.000000000000000000, -17.50000000000000000, 35.00000000000000000 ) ) ;
#292 = FACE_OUTER_BOUND ( 'NONE', #113, .T. ) ;
#293 = ORIENTED_EDGE ( 'NONE', *, *, #2589, .F. ) ;
#294 = DIRECTION ( 'NONE',  ( -0.000000000000000000, -0.000000000000000000, 1.000000000000000000 ) ) ;
#295 = CARTESIAN_POINT ( 'NONE',  ( 11.99999999999998934, 14.50000000000000178, 27.50000000000000355 ) ) ;
#296 = VERTEX_POINT ( 'NONE', #2066 ) ;
#297 = PLANE ( 'NONE',  #1870 ) ;
#298 = DIRECTION ( 'NONE',  ( -0.000000000000000000, -0.000000000000000000, 1.000000000000000000 ) ) ;
#299 = CARTESIAN_POINT ( 'NONE',  ( 11.99999999999998934, -7.499999999999999112, 25.50000000000000355 ) ) ;
#300 = ORIENTED_EDGE ( 'NONE', *, *, #1678, .F. ) ;
#301 = VECTOR ( 'NONE', #2056, 1000.000000000000000 ) ;
#302 = ADVANCED_FACE ( 'NONE', ( #386 ), #209, .F. ) ;
#303 = VECTOR ( 'NONE', #1213, 1000.000000000000000 ) ;
#304 = CARTESIAN_POINT ( 'NONE',  ( 11.50000000000000000, -43.21064267133819925, 29.50000000000000000 ) ) ;
#305 = ORIENTED_EDGE ( 'NONE', *, *, #2209, .T. ) ;
#306 = CARTESIAN_POINT ( 'NONE',  ( 9.999999999999989342, 14.50000000000000178, 9.500000000000000000 ) ) ;
#307 = AXIS2_PLACEMENT_3D ( 'NONE', #534, #1932, #1574 ) ;
#308 = VECTOR ( 'NONE', #171, 1000.000000000000000 ) ;
#309 = CARTESIAN_POINT ( 'NONE',  ( 13.99999999999999112, -7.500000000000000000, 27.50000000000000355 ) ) ;
#310 = ORIENTED_EDGE ( 'NONE', *, *, #2621, .T. ) ;
#311 = LINE ( 'NONE', #505, #989 ) ;
#312 = LINE ( 'NONE', #2587, #2428 ) ;
#313 = CARTESIAN_POINT ( 'NONE',  ( -1.000000000000000000, -7.499999999999998224, 33.00000000000000000 ) ) ;
#314 = AXIS2_PLACEMENT_3D ( 'NONE', #323, #1540, #1290 ) ;
#315 = LINE ( 'NONE', #2208, #996 ) ;
#316 = ADVANCED_FACE ( 'NONE', ( #569 ), #1864, .F. ) ;
#317 = CARTESIAN_POINT ( 'NONE',  ( 9.125000000000000000, 14.50000000000000178, 1.749999999999999334 ) ) ;
#318 = VERTEX_POINT ( 'NONE', #594 ) ;
#319 = ORIENTED_EDGE ( 'NONE', *, *, #2087, .T. ) ;
#320 = CARTESIAN_POINT ( 'NONE',  ( 13.99999999999998757, -27.65564437074637993, 7.499999999999999112 ) ) ;
#321 = PLANE ( 'NONE',  #394 ) ;
#322 = ORIENTED_EDGE ( 'NONE', *, *, #879, .T. ) ;
#323 = CARTESIAN_POINT ( 'NONE',  ( 0.000000000000000000, 0.000000000000000000, 0.000000000000000000 ) ) ;
#324 = CARTESIAN_POINT ( 'NONE',  ( 11.50000000000000000, -7.499999999999999112, 29.50000000000000000 ) ) ;
#325 = EDGE_CURVE ( 'NONE', #2261, #669, #2244, .T. ) ;
#326 = DIRECTION ( 'NONE',  ( -1.000000000000000000, -2.392722035830078972E-16, 0.000000000000000000 ) ) ;
#327 = DIRECTION ( 'NONE',  ( -0.000000000000000000, 1.000000000000000000, -0.000000000000000000 ) ) ;
#328 = LINE ( 'NONE', #965, #1511 ) ;
#329 = EDGE_CURVE ( 'NONE', #1043, #1216, #1851, .T. ) ;
#330 = DIRECTION ( 'NONE',  ( 1.000000000000000000, 0.000000000000000000, 0.000000000000000000 ) ) ;
#331 = EDGE_LOOP ( 'NONE', ( #2320, #1730, #1172, #442 ) ) ;
#332 = EDGE_LOOP ( 'NONE', ( #1224, #1543, #631, #977 ) ) ;
#333 = CARTESIAN_POINT ( 'NONE',  ( -11.50000000000000000, -43.21064267133819925, 29.50000000000000355 ) ) ;
#334 = DIRECTION ( 'NONE',  ( 0.000000000000000000, -0.000000000000000000, -1.000000000000000000 ) ) ;
#335 = ORIENTED_EDGE ( 'NONE', *, *, #14, .F. ) ;
#336 = CARTESIAN_POINT ( 'NONE',  ( -6.000000000000000000, -17.50000000000000000, 33.00000000000000000 ) ) ;
#337 = EDGE_CURVE ( 'NONE', #1564, #1914, #1022, .T. ) ;
#338 = EDGE_CURVE ( 'NONE', #1722, #784, #2437, .T. ) ;
#339 = CARTESIAN_POINT ( 'NONE',  ( -9.125000000000000000, 14.50000000000000178, 1.749999999999999334 ) ) ;
#340 = DIRECTION ( 'NONE',  ( 1.000000000000000000, 0.000000000000000000, 0.000000000000000000 ) ) ;
#341 = DIRECTION ( 'NONE',  ( 0.000000000000000000, 0.000000000000000000, -1.000000000000000000 ) ) ;
#342 = CARTESIAN_POINT ( 'NONE',  ( 9.125000000000000000, 14.50000000000000178, 1.749999999999999334 ) ) ;
#343 = ORIENTED_EDGE ( 'NONE', *, *, #337, .T. ) ;
#344 = CLOSED_SHELL ( 'NONE', ( #980, #2493, #1289, #2625, #585, #1805, #1044, #1833, #2391, #978, #670, #919, #436, #816, #302, #837, #771, #2552, #2153, #804, #968, #666, #1593, #1615, #1327, #219, #1502, #373, #2358, #1788, #420, #649, #2155, #110, #1422, #845, #1349, #2011, #935, #1545, #1286, #2265, #934, #2357, #362, #2022, #1692, #2313, #316, #1471, #1719, #2137, #1549, #2048, #1451, #1975, #914, #1714, #1398, #933, #2138, #1056, #1873, #2225, #602, #225, #1997, #1643, #438, #679, #1221, #2052, #1375, #601, #1192, #1223, #2610, #2574, #1145 ) ) ;
#345 = VECTOR ( 'NONE', #1314, 1000.000000000000000 ) ;
#346 = ORIENTED_EDGE ( 'NONE', *, *, #1592, .F. ) ;
#347 = AXIS2_PLACEMENT_3D ( 'NONE', #60, #1050, #1039 ) ;
#348 = DIRECTION ( 'NONE',  ( 0.000000000000000000, 0.000000000000000000, -1.000000000000000000 ) ) ;
#349 = ORIENTED_EDGE ( 'NONE', *, *, #1444, .T. ) ;
#350 = CARTESIAN_POINT ( 'NONE',  ( 11.50000000000000000, 14.50000000000000178, 7.499999999999999112 ) ) ;
#351 = VECTOR ( 'NONE', #1089, 1000.000000000000000 ) ;
#352 = EDGE_LOOP ( 'NONE', ( #1116, #608, #2232, #2219 ) ) ;
#353 = DIRECTION ( 'NONE',  ( -1.000000000000000000, 0.000000000000000000, 0.000000000000000000 ) ) ;
#354 = EDGE_CURVE ( 'NONE', #1235, #187, #3, .T. ) ;
#355 = CARTESIAN_POINT ( 'NONE',  ( 1.000000000000000000, -7.499999999999998224, 42.28010988928051717 ) ) ;
#356 = FACE_OUTER_BOUND ( 'NONE', #1129, .T. ) ;
#357 = VECTOR ( 'NONE', #987, 1000.000000000000000 ) ;
#358 = DIRECTION ( 'NONE',  ( 0.000000000000000000, 0.000000000000000000, -1.000000000000000000 ) ) ;
#359 = ORIENTED_EDGE ( 'NONE', *, *, #859, .T. ) ;
#360 = EDGE_CURVE ( 'NONE', #1665, #1722, #1208, .T. ) ;
#361 = CIRCLE ( 'NONE', #706, 1.000000000000000000 ) ;
#362 = ADVANCED_FACE ( 'NONE', ( #2264 ), #1010, .F. ) ;
#363 = ORIENTED_EDGE ( 'NONE', *, *, #1025, .T. ) ;
#364 = CARTESIAN_POINT ( 'NONE',  ( 6.000000000000000000, -14.50000000000000178, 33.00000000000000000 ) ) ;
#365 = ORIENTED_EDGE ( 'NONE', *, *, #1196, .F. ) ;
#366 = DIRECTION ( 'NONE',  ( -1.000000000000000000, 0.000000000000000000, 0.000000000000000000 ) ) ;
#367 = ORIENTED_EDGE ( 'NONE', *, *, #1394, .T. ) ;
#368 = DIRECTION ( 'NONE',  ( 1.000000000000000000, 0.000000000000000000, 0.000000000000000000 ) ) ;
#369 = CARTESIAN_POINT ( 'NONE',  ( -11.50000000000000000, -43.21064267133819925, 7.499999999999999112 ) ) ;
#370 = DIRECTION ( 'NONE',  ( -1.000000000000000000, 0.000000000000000000, 0.000000000000000000 ) ) ;
#371 = VERTEX_POINT ( 'NONE', #163 ) ;
#372 = EDGE_CURVE ( 'NONE', #1841, #556, #983, .T. ) ;
#373 = ADVANCED_FACE ( 'NONE', ( #2636 ), #2101, .F. ) ;
#374 = ORIENTED_EDGE ( 'NONE', *, *, #2334, .T. ) ;
#375 = DIRECTION ( 'NONE',  ( -0.000000000000000000, -1.000000000000000000, -0.000000000000000000 ) ) ;
#376 = VERTEX_POINT ( 'NONE', #280 ) ;
#377 = DIRECTION ( 'NONE',  ( -0.000000000000000000, -1.000000000000000000, -0.000000000000000000 ) ) ;
#378 = ORIENTED_EDGE ( 'NONE', *, *, #591, .T. ) ;
#379 = CARTESIAN_POINT ( 'NONE',  ( -1.000000000000000000, -8.249999999999998224, 33.00000000000000000 ) ) ;
#380 = CARTESIAN_POINT ( 'NONE',  ( 13.99999999999998757, -7.500000000000000000, 7.499999999999999112 ) ) ;
#381 = ORIENTED_EDGE ( 'NONE', *, *, #1013, .T. ) ;
#382 = ORIENTED_EDGE ( 'NONE', *, *, #1804, .T. ) ;
#383 = EDGE_CURVE ( 'NONE', #1722, #643, #1304, .T. ) ;
#384 = FACE_BOUND ( 'NONE', #2657, .T. ) ;
#385 = ORIENTED_EDGE ( 'NONE', *, *, #1473, .T. ) ;
#386 = FACE_OUTER_BOUND ( 'NONE', #2613, .T. ) ;
#387 = VECTOR ( 'NONE', #377, 1000.000000000000000 ) ;
#388 = VECTOR ( 'NONE', #434, 1000.000000000000000 ) ;
#389 = ORIENTED_EDGE ( 'NONE', *, *, #2223, .T. ) ;
#390 = CARTESIAN_POINT ( 'NONE',  ( -9.500000000000000000, 7.000000000000002665, -1.030776406404414258 ) ) ;
#391 = CIRCLE ( 'NONE', #1079, 1.000000000000000000 ) ;
#392 = CARTESIAN_POINT ( 'NONE',  ( 0.000000000000000000, 0.000000000000000000, 33.00000000000000000 ) ) ;
#393 = FACE_OUTER_BOUND ( 'NONE', #2246, .T. ) ;
#394 = AXIS2_PLACEMENT_3D ( 'NONE', #1146, #1972, #123 ) ;
#395 = ORIENTED_EDGE ( 'NONE', *, *, #777, .T. ) ;
#396 = AXIS2_PLACEMENT_3D ( 'NONE', #507, #2168, #888 ) ;
#397 = ORIENTED_EDGE ( 'NONE', *, *, #761, .T. ) ;
#398 = VECTOR ( 'NONE', #1624, 1000.000000000000000 ) ;
#399 = EDGE_CURVE ( 'NONE', #1070, #2582, #629, .T. ) ;
#400 = PLANE ( 'NONE',  #13 ) ;
#401 = VERTEX_POINT ( 'NONE', #1448 ) ;
#402 = CARTESIAN_POINT ( 'NONE',  ( 1.000000000000000888, -7.499999999999999112, 4.999999999999999112 ) ) ;
#403 = EDGE_CURVE ( 'NONE', #376, #669, #18, .T. ) ;
#404 = VERTEX_POINT ( 'NONE', #424 ) ;
#405 = LINE ( 'NONE', #632, #1832 ) ;
#406 = CARTESIAN_POINT ( 'NONE',  ( 15.99999999999999289, 12.50000000000000178, 35.00000000000000000 ) ) ;
#407 = DIRECTION ( 'NONE',  ( 1.000000000000000000, 2.392722035830078972E-16, -0.000000000000000000 ) ) ;
#408 = ORIENTED_EDGE ( 'NONE', *, *, #1163, .T. ) ;
#409 = ORIENTED_EDGE ( 'NONE', *, *, #2633, .T. ) ;
#410 = DIRECTION ( 'NONE',  ( 0.000000000000000000, -0.000000000000000000, 1.000000000000000000 ) ) ;
#411 = EDGE_LOOP ( 'NONE', ( #2482, #224, #580, #1220, #1019, #206 ) ) ;
#412 = CARTESIAN_POINT ( 'NONE',  ( -16.00100000000001899, 25.00000000000001776, 23.49999999999999289 ) ) ;
#413 = VERTEX_POINT ( 'NONE', #1285 ) ;
#414 = EDGE_CURVE ( 'NONE', #766, #991, #52, .T. ) ;
#415 = DIRECTION ( 'NONE',  ( 0.000000000000000000, 0.000000000000000000, -1.000000000000000000 ) ) ;
#416 = EDGE_CURVE ( 'NONE', #413, #56, #263, .T. ) ;
#417 = EDGE_CURVE ( 'NONE', #1070, #885, #2332, .T. ) ;
#418 = PLANE ( 'NONE',  #2284 ) ;
#419 = CARTESIAN_POINT ( 'NONE',  ( -1.000000000000000888, -7.500000000000000000, 7.499999999999999112 ) ) ;
#420 = ADVANCED_FACE ( 'NONE', ( #641 ), #235, .F. ) ;
#421 = ORIENTED_EDGE ( 'NONE', *, *, #949, .F. ) ;
#422 = CARTESIAN_POINT ( 'NONE',  ( -9.125000000000000000, -7.499999999999999112, -5.587451021109797051E-16 ) ) ;
#423 = EDGE_LOOP ( 'NONE', ( #2662, #1181, #1961, #2021 ) ) ;
#424 = CARTESIAN_POINT ( 'NONE',  ( 6.000000000000000000, 15.50000000000000355, 33.00000000000000000 ) ) ;
#425 = ORIENTED_EDGE ( 'NONE', *, *, #2521, .F. ) ;
#426 = FACE_OUTER_BOUND ( 'NONE', #1929, .T. ) ;
#427 = VECTOR ( 'NONE', #2317, 1000.000000000000000 ) ;
#428 = VECTOR ( 'NONE', #1953, 1000.000000000000000 ) ;
#429 = CARTESIAN_POINT ( 'NONE',  ( 0.000000000000000000, 0.000000000000000000, 0.000000000000000000 ) ) ;
#430 = EDGE_CURVE ( 'NONE', #56, #1775, #739, .T. ) ;
#431 = DIRECTION ( 'NONE',  ( 0.000000000000000000, -0.000000000000000000, 1.000000000000000000 ) ) ;
#432 = VECTOR ( 'NONE', #1542, 1000.000000000000000 ) ;
#433 = PRODUCT_DEFINITION_CONTEXT ( 'detailed design', #1493, 'design' ) ;
#434 = DIRECTION ( 'NONE',  ( 1.000000000000000000, -0.000000000000000000, -0.000000000000000000 ) ) ;
#435 = COLOUR_RGB ( '',0.7921568627450980005, 0.8196078431372548767, 0.9333333333333333481 ) ;
#436 = ADVANCED_FACE ( 'NONE', ( #1262 ), #2274, .F. ) ;
#437 = VERTEX_POINT ( 'NONE', #671 ) ;
#438 = ADVANCED_FACE ( 'NONE', ( #2485 ), #1674, .T. ) ;
#439 = CIRCLE ( 'NONE', #2040, 5.250000000000000000 ) ;
#440 = CIRCLE ( 'NONE', #1255, 1.000000000000000000 ) ;
#441 = CARTESIAN_POINT ( 'NONE',  ( -4.000000000000000000, 15.00000000000000355, 33.00000000000000000 ) ) ;
#442 = ORIENTED_EDGE ( 'NONE', *, *, #117, .F. ) ;
#443 = DIRECTION ( 'NONE',  ( -0.000000000000000000, -0.000000000000000000, 1.000000000000000000 ) ) ;
#444 = ORIENTED_EDGE ( 'NONE', *, *, #859, .F. ) ;
#445 = DIRECTION ( 'NONE',  ( -0.000000000000000000, -0.000000000000000000, 1.000000000000000000 ) ) ;
#446 = PLANE ( 'NONE',  #2549 ) ;
#447 = DIRECTION ( 'NONE',  ( -0.000000000000000000, 1.000000000000000000, -0.000000000000000000 ) ) ;
#448 = CARTESIAN_POINT ( 'NONE',  ( -12.50000000000000000, -7.500000000000000000, 29.50000000000000355 ) ) ;
#449 = EDGE_CURVE ( 'NONE', #2484, #2091, #226, .T. ) ;
#450 = CARTESIAN_POINT ( 'NONE',  ( -4.000000000000000000, -15.00000000000000355, 33.00000000000000000 ) ) ;
#451 = ORIENTED_EDGE ( 'NONE', *, *, #129, .T. ) ;
#452 = EDGE_CURVE ( 'NONE', #2134, #794, #1047, .T. ) ;
#453 = EDGE_CURVE ( 'NONE', #1818, #667, #844, .T. ) ;
#454 = EDGE_LOOP ( 'NONE', ( #952, #2468, #2183, #83 ) ) ;
#455 = LINE ( 'NONE', #1272, #427 ) ;
#456 = PLANE ( 'NONE',  #570 ) ;
#457 = ORIENTED_EDGE ( 'NONE', *, *, #2486, .F. ) ;
#458 = CARTESIAN_POINT ( 'NONE',  ( 9.125000000000000000, 7.500000000000002665, -1.030776406404414258 ) ) ;
#459 = EDGE_LOOP ( 'NONE', ( #1521, #2363, #100, #2038 ) ) ;
#460 = FACE_OUTER_BOUND ( 'NONE', #331, .T. ) ;
#461 = DIRECTION ( 'NONE',  ( 0.000000000000000000, 0.000000000000000000, 1.000000000000000000 ) ) ;
#462 = DIRECTION ( 'NONE',  ( 1.000000000000000000, 0.000000000000000000, 0.000000000000000000 ) ) ;
#463 = CARTESIAN_POINT ( 'NONE',  ( 5.000000000000000000, 18.50000000000000355, 33.00000000000000000 ) ) ;
#464 = ORIENTED_EDGE ( 'NONE', *, *, #247, .F. ) ;
#465 = DIRECTION ( 'NONE',  ( 1.000000000000000000, 0.000000000000000000, 0.000000000000000000 ) ) ;
#466 = ORIENTED_EDGE ( 'NONE', *, *, #2209, .F. ) ;
#467 = EDGE_CURVE ( 'NONE', #1030, #76, #2289, .T. ) ;
#468 = DIRECTION ( 'NONE',  ( 0.000000000000000000, 0.000000000000000000, 1.000000000000000000 ) ) ;
#469 = DIRECTION ( 'NONE',  ( 1.000000000000000000, 0.000000000000000000, 0.000000000000000000 ) ) ;
#470 = ORIENTED_EDGE ( 'NONE', *, *, #1877, .F. ) ;
#471 = DIRECTION ( 'NONE',  ( 1.000000000000000000, -0.000000000000000000, -0.000000000000000000 ) ) ;
#472 = LINE ( 'NONE', #829, #1983 ) ;
#473 = VECTOR ( 'NONE', #873, 1000.000000000000000 ) ;
#474 = PLANE ( 'NONE',  #1384 ) ;
#475 = VECTOR ( 'NONE', #1503, 1000.000000000000000 ) ;
#476 = LINE ( 'NONE', #272, #1655 ) ;
#477 = DIRECTION ( 'NONE',  ( -0.000000000000000000, 0.000000000000000000, 1.000000000000000000 ) ) ;
#478 = AXIS2_PLACEMENT_3D ( 'NONE', #1971, #527, #697 ) ;
#479 = AXIS2_PLACEMENT_3D ( 'NONE', #1759, #1589, #2579 ) ;
#480 = ORIENTED_EDGE ( 'NONE', *, *, #792, .F. ) ;
#481 = VECTOR ( 'NONE', #286, 1000.000000000000000 ) ;
#482 = CARTESIAN_POINT ( 'NONE',  ( 15.99999999999998934, 25.00000000000002487, 11.50000000000000355 ) ) ;
#483 = VERTEX_POINT ( 'NONE', #1886 ) ;
#484 = CARTESIAN_POINT ( 'NONE',  ( 4.000000000000000000, -16.75000000000000355, -0.001000000000001000089 ) ) ;
#485 = EDGE_CURVE ( 'NONE', #2508, #142, #1476, .T. ) ;
#486 = AXIS2_PLACEMENT_3D ( 'NONE', #1032, #1, #1884 ) ;
#487 = EDGE_CURVE ( 'NONE', #2669, #1564, #455, .T. ) ;
#488 = VECTOR ( 'NONE', #327, 1000.000000000000000 ) ;
#489 = DIRECTION ( 'NONE',  ( -0.000000000000000000, -0.000000000000000000, -1.000000000000000000 ) ) ;
#490 = ORIENTED_EDGE ( 'NONE', *, *, #1358, .T. ) ;
#491 = VERTEX_POINT ( 'NONE', #1941 ) ;
#492 = VECTOR ( 'NONE', #549, 1000.000000000000000 ) ;
#493 = EDGE_CURVE ( 'NONE', #1894, #1191, #2159, .T. ) ;
#494 = DIRECTION ( 'NONE',  ( -0.000000000000000000, -0.000000000000000000, 1.000000000000000000 ) ) ;
#495 = DIRECTION ( 'NONE',  ( 0.000000000000000000, 0.000000000000000000, -1.000000000000000000 ) ) ;
#496 = DIRECTION ( 'NONE',  ( 0.000000000000000000, 1.000000000000000000, 0.000000000000000000 ) ) ;
#497 = FACE_OUTER_BOUND ( 'NONE', #1501, .T. ) ;
#498 = ORIENTED_EDGE ( 'NONE', *, *, #111, .F. ) ;
#499 = DIRECTION ( 'NONE',  ( 0.000000000000000000, -0.000000000000000000, -1.000000000000000000 ) ) ;
#500 = ORIENTED_EDGE ( 'NONE', *, *, #2475, .F. ) ;
#501 = CARTESIAN_POINT ( 'NONE',  ( -12.50000000000000000, -7.500000000000000000, 33.00000000000000000 ) ) ;
#502 = DIRECTION ( 'NONE',  ( -0.000000000000000000, -0.000000000000000000, -1.000000000000000000 ) ) ;
#503 = VERTEX_POINT ( 'NONE', #2189 ) ;
#504 = SHAPE_DEFINITION_REPRESENTATION ( #2400, #2338 ) ;
#505 = CARTESIAN_POINT ( 'NONE',  ( 9.125000000000000000, 6.500000000000003553, -1.030776406404414258 ) ) ;
#506 = CARTESIAN_POINT ( 'NONE',  ( 13.99999999999999822, -14.49999999999999822, 35.00000000000000000 ) ) ;
#507 = CARTESIAN_POINT ( 'NONE',  ( -5.000000000000000000, -17.50000000000000000, 35.00000000000000000 ) ) ;
#508 = EDGE_CURVE ( 'NONE', #2484, #142, #122, .T. ) ;
#509 = CARTESIAN_POINT ( 'NONE',  ( -9.125000000000000000, 14.50000000000000178, -5.587451021109797051E-16 ) ) ;
#510 = LINE ( 'NONE', #299, #607 ) ;
#511 = ORIENTED_EDGE ( 'NONE', *, *, #523, .T. ) ;
#512 = PLANE ( 'NONE',  #1210 ) ;
#513 = ORIENTED_EDGE ( 'NONE', *, *, #2195, .T. ) ;
#514 = CARTESIAN_POINT ( 'NONE',  ( 8.499999999999975131, -7.500000000000000000, 7.500000000000000000 ) ) ;
#515 = DIRECTION ( 'NONE',  ( 0.000000000000000000, 0.000000000000000000, 1.000000000000000000 ) ) ;
#516 = ORIENTED_EDGE ( 'NONE', *, *, #1452, .T. ) ;
#517 = DIRECTION ( 'NONE',  ( -0.000000000000000000, -0.000000000000000000, 1.000000000000000000 ) ) ;
#518 = CARTESIAN_POINT ( 'NONE',  ( -5.000000000000000000, 17.50000000000000000, 0.000000000000000000 ) ) ;
#519 = LINE ( 'NONE', #2136, #488 ) ;
#520 = AXIS2_PLACEMENT_3D ( 'NONE', #731, #1555, #1173 ) ;
#521 = LINE ( 'NONE', #145, #2600 ) ;
#522 = ORIENTED_EDGE ( 'NONE', *, *, #2486, .T. ) ;
#523 = EDGE_CURVE ( 'NONE', #885, #376, #1536, .T. ) ;
#524 = VECTOR ( 'NONE', #2278, 1000.000000000000000 ) ;
#525 = DIRECTION ( 'NONE',  ( -0.000000000000000000, 0.000000000000000000, 1.000000000000000000 ) ) ;
#526 = ORIENTED_EDGE ( 'NONE', *, *, #2535, .F. ) ;
#527 = DIRECTION ( 'NONE',  ( 0.000000000000000000, 0.000000000000000000, 1.000000000000000000 ) ) ;
#528 = VECTOR ( 'NONE', #1923, 1000.000000000000000 ) ;
#529 = LINE ( 'NONE', #1774, #1251 ) ;
#530 = ORIENTED_EDGE ( 'NONE', *, *, #767, .T. ) ;
#531 = EDGE_CURVE ( 'NONE', #172, #2395, #2364, .T. ) ;
#532 = PLANE ( 'NONE',  #902 ) ;
#533 = CIRCLE ( 'NONE', #1467, 1.000000000000000000 ) ;
#534 = CARTESIAN_POINT ( 'NONE',  ( 5.000000000000000000, 17.50000000000000000, 0.000000000000000000 ) ) ;
#535 = ORIENTED_EDGE ( 'NONE', *, *, #338, .T. ) ;
#536 = DIRECTION ( 'NONE',  ( -0.000000000000000000, -0.000000000000000000, -1.000000000000000000 ) ) ;
#537 = AXIS2_PLACEMENT_3D ( 'NONE', #2543, #689, #721 ) ;
#538 = LINE ( 'NONE', #1992, #1690 ) ;
#539 = DIRECTION ( 'NONE',  ( -0.000000000000000000, 0.000000000000000000, -1.000000000000000000 ) ) ;
#540 = ORIENTED_EDGE ( 'NONE', *, *, #1239, .T. ) ;
#541 = ORIENTED_EDGE ( 'NONE', *, *, #1887, .T. ) ;
#542 = CARTESIAN_POINT ( 'NONE',  ( -6.000000000000000000, -18.50000000000000355, 35.00000000000000000 ) ) ;
#543 = EDGE_CURVE ( 'NONE', #856, #1351, #1928, .T. ) ;
#544 = EDGE_CURVE ( 'NONE', #2420, #2103, #915, .T. ) ;
#545 = DIRECTION ( 'NONE',  ( 1.000000000000000000, 0.000000000000000000, 0.000000000000000000 ) ) ;
#546 = ORIENTED_EDGE ( 'NONE', *, *, #2368, .T. ) ;
#547 = DIRECTION ( 'NONE',  ( -0.000000000000000000, 1.000000000000000000, -0.000000000000000000 ) ) ;
#548 = CARTESIAN_POINT ( 'NONE',  ( -11.12500000000000000, 14.50000000000000178, 1.749999999999999334 ) ) ;
#549 = DIRECTION ( 'NONE',  ( 1.000000000000000000, -0.000000000000000000, -0.000000000000000000 ) ) ;
#550 = CARTESIAN_POINT ( 'NONE',  ( 6.999999999999999112, -14.49999999999999822, 35.00000000000000000 ) ) ;
#551 = DIRECTION ( 'NONE',  ( 0.000000000000000000, -0.000000000000000000, -1.000000000000000000 ) ) ;
#552 = ORIENTED_EDGE ( 'NONE', *, *, #1312, .T. ) ;
#553 = VERTEX_POINT ( 'NONE', #514 ) ;
#554 = EDGE_CURVE ( 'NONE', #1110, #2026, #1457, .T. ) ;
#555 = CARTESIAN_POINT ( 'NONE',  ( 11.99999999999998934, 14.50000000000000178, 9.500000000000000000 ) ) ;
#556 = VERTEX_POINT ( 'NONE', #1130 ) ;
#557 = CARTESIAN_POINT ( 'NONE',  ( 9.125000000000000000, 14.50000000000000178, -5.587451021109797051E-16 ) ) ;
#558 = ORIENTED_EDGE ( 'NONE', *, *, #1716, .T. ) ;
#559 = CARTESIAN_POINT ( 'NONE',  ( 0.9999999999999991118, -14.24999999999999822, 0.000000000000000000 ) ) ;
#560 = FACE_OUTER_BOUND ( 'NONE', #725, .T. ) ;
#561 = CARTESIAN_POINT ( 'NONE',  ( 4.000000000000000000, -16.75000000000000355, 35.00000000000000000 ) ) ;
#562 = ORIENTED_EDGE ( 'NONE', *, *, #41, .F. ) ;
#563 = VECTOR ( 'NONE', #2409, 999.9999999999998863 ) ;
#564 = AXIS2_PLACEMENT_3D ( 'NONE', #605, #2254, #1222 ) ;
#565 = ORIENTED_EDGE ( 'NONE', *, *, #2046, .F. ) ;
#566 = AXIS2_PLACEMENT_3D ( 'NONE', #1908, #887, #1512 ) ;
#567 = LINE ( 'NONE', #1594, #220 ) ;
#568 = EDGE_LOOP ( 'NONE', ( #1834, #673, #2449, #1372, #2631, #1083, #2307, #90, #2436, #2143 ) ) ;
#569 = FACE_OUTER_BOUND ( 'NONE', #1529, .T. ) ;
#570 = AXIS2_PLACEMENT_3D ( 'NONE', #1274, #1764, #1706 ) ;
#571 = STYLED_ITEM ( 'NONE', ( #1686 ), #1843 ) ;
#572 = ORIENTED_EDGE ( 'NONE', *, *, #1261, .T. ) ;
#573 = FACE_OUTER_BOUND ( 'NONE', #2200, .T. ) ;
#574 = EDGE_CURVE ( 'NONE', #669, #2442, #1959, .T. ) ;
#575 = CARTESIAN_POINT ( 'NONE',  ( -4.000000000000000000, 16.75000000000000355, -0.001000000000001000089 ) ) ;
#576 = DIRECTION ( 'NONE',  ( 0.000000000000000000, 1.000000000000000000, 0.000000000000000000 ) ) ;
#577 = ORIENTED_EDGE ( 'NONE', *, *, #2253, .T. ) ;
#578 = ORIENTED_EDGE ( 'NONE', *, *, #173, .T. ) ;
#579 = CARTESIAN_POINT ( 'NONE',  ( 15.99999999999999645, -3.828355257328127144E-15, 17.49999999999999645 ) ) ;
#580 = ORIENTED_EDGE ( 'NONE', *, *, #2361, .T. ) ;
#581 = CARTESIAN_POINT ( 'NONE',  ( 6.000000000000000000, 17.50000000000000000, 35.00000000000000000 ) ) ;
#582 = EDGE_CURVE ( 'NONE', #2089, #2026, #95, .T. ) ;
#583 = ORIENTED_EDGE ( 'NONE', *, *, #874, .T. ) ;
#584 = LINE ( 'NONE', #2222, #2434 ) ;
#585 = ADVANCED_FACE ( 'NONE', ( #943 ), #2570, .F. ) ;
#586 = CARTESIAN_POINT ( 'NONE',  ( 9.125000000000000000, -7.499999999999999112, 1.749999999999999334 ) ) ;
#587 = EDGE_CURVE ( 'NONE', #1517, #1362, #1155, .T. ) ;
#588 = CARTESIAN_POINT ( 'NONE',  ( 13.99999999999998934, -5.331591305195875825E-15, 23.49999999999999289 ) ) ;
#589 = ORIENTED_EDGE ( 'NONE', *, *, #2309, .T. ) ;
#590 = EDGE_LOOP ( 'NONE', ( #2173, #1916, #2658, #2632, #158, #1472, #1434, #583 ) ) ;
#591 = EDGE_CURVE ( 'NONE', #1142, #2580, #1731, .T. ) ;
#592 = CARTESIAN_POINT ( 'NONE',  ( -6.000000000000000000, 18.50000000000000355, 35.00000000000000000 ) ) ;
#593 = EDGE_LOOP ( 'NONE', ( #79, #2045, #237, #2067 ) ) ;
#594 = CARTESIAN_POINT ( 'NONE',  ( -16.00000000000000355, -8.139999999999949054, 23.01499999999996859 ) ) ;
#595 = ORIENTED_EDGE ( 'NONE', *, *, #761, .F. ) ;
#596 = CARTESIAN_POINT ( 'NONE',  ( 5.000000000000000000, 17.50000000000000000, 33.00000000000000000 ) ) ;
#597 = CARTESIAN_POINT ( 'NONE',  ( 0.000000000000000000, -14.24999999999999822, 0.000000000000000000 ) ) ;
#598 = FACE_OUTER_BOUND ( 'NONE', #872, .T. ) ;
#599 = ORIENTED_EDGE ( 'NONE', *, *, #218, .F. ) ;
#600 = VERTEX_POINT ( 'NONE', #1522 ) ;
#601 = ADVANCED_FACE ( 'NONE', ( #1318 ), #1346, .T. ) ;
#602 = ADVANCED_FACE ( 'NONE', ( #2177 ), #2396, .T. ) ;
#603 = CARTESIAN_POINT ( 'NONE',  ( -6.000000000000000000, 17.50000000000000000, 35.00000000000000000 ) ) ;
#604 = ORIENTED_EDGE ( 'NONE', *, *, #544, .F. ) ;
#605 = CARTESIAN_POINT ( 'NONE',  ( -6.999999999999999112, -15.50000000000000000, 35.00000000000000000 ) ) ;
#606 = VECTOR ( 'NONE', #1552, 1000.000000000000000 ) ;
#607 = VECTOR ( 'NONE', #330, 1000.000000000000000 ) ;
#608 = ORIENTED_EDGE ( 'NONE', *, *, #757, .F. ) ;
#609 = DIRECTION ( 'NONE',  ( 0.000000000000000000, -0.000000000000000000, -1.000000000000000000 ) ) ;
#610 = AXIS2_PLACEMENT_3D ( 'NONE', #2145, #1287, #871 ) ;
#611 = LINE ( 'NONE', #1016, #139 ) ;
#612 = VECTOR ( 'NONE', #1183, 1000.000000000000000 ) ;
#613 = DIRECTION ( 'NONE',  ( -0.000000000000000000, 0.000000000000000000, 1.000000000000000000 ) ) ;
#614 = CIRCLE ( 'NONE', #396, 1.000000000000000000 ) ;
#615 = EDGE_LOOP ( 'NONE', ( #1269, #2133, #2004, #1112 ) ) ;
#616 = CARTESIAN_POINT ( 'NONE',  ( 9.999999999999989342, -7.499999999999999112, 9.500000000000000000 ) ) ;
#617 = EDGE_LOOP ( 'NONE', ( #625, #696, #2336, #2051 ) ) ;
#618 = EDGE_CURVE ( 'NONE', #2097, #1803, #81, .T. ) ;
#619 = CARTESIAN_POINT ( 'NONE',  ( -9.125000000000000000, 14.50000000000000178, -5.587451021109797051E-16 ) ) ;
#620 = EDGE_CURVE ( 'NONE', #1235, #483, #2596, .T. ) ;
#621 = ORIENTED_EDGE ( 'NONE', *, *, #1452, .F. ) ;
#622 = CARTESIAN_POINT ( 'NONE',  ( -9.125000000000000000, 7.500000000000002665, 1.749999999999999334 ) ) ;
#623 = CARTESIAN_POINT ( 'NONE',  ( 4.000000000000000000, 16.75000000000000355, 33.00000000000000000 ) ) ;
#624 = FACE_OUTER_BOUND ( 'NONE', #2053, .T. ) ;
#625 = ORIENTED_EDGE ( 'NONE', *, *, #1313, .T. ) ;
#626 = ORIENTED_EDGE ( 'NONE', *, *, #107, .T. ) ;
#627 = LINE ( 'NONE', #196, #2510 ) ;
#628 = ORIENTED_EDGE ( 'NONE', *, *, #2190, .T. ) ;
#629 = LINE ( 'NONE', #67, #1820 ) ;
#630 = EDGE_CURVE ( 'NONE', #1369, #227, #2326, .T. ) ;
#631 = ORIENTED_EDGE ( 'NONE', *, *, #221, .T. ) ;
#632 = CARTESIAN_POINT ( 'NONE',  ( 4.000000000000000000, -16.75000000000000355, -0.001000000000001000089 ) ) ;
#633 = EDGE_CURVE ( 'NONE', #803, #401, #231, .T. ) ;
#634 = CARTESIAN_POINT ( 'NONE',  ( -4.000000000000000000, -15.00000000000000355, -0.001000000000001000089 ) ) ;
#635 = EDGE_CURVE ( 'NONE', #401, #2288, #1334, .T. ) ;
#636 = CARTESIAN_POINT ( 'NONE',  ( -4.000000000000000000, -15.00000000000000355, 35.00000000000000000 ) ) ;
#637 = DIRECTION ( 'NONE',  ( -0.000000000000000000, -0.000000000000000000, -1.000000000000000000 ) ) ;
#638 = ORIENTED_EDGE ( 'NONE', *, *, #1163, .F. ) ;
#639 = FACE_OUTER_BOUND ( 'NONE', #1575, .T. ) ;
#640 = ORIENTED_EDGE ( 'NONE', *, *, #248, .T. ) ;
#641 = FACE_OUTER_BOUND ( 'NONE', #931, .T. ) ;
#642 = VECTOR ( 'NONE', #1526, 1000.000000000000000 ) ;
#643 = VERTEX_POINT ( 'NONE', #450 ) ;
#644 = DIRECTION ( 'NONE',  ( 2.392722035830078972E-16, -1.000000000000000000, 0.000000000000000000 ) ) ;
#645 = AXIS2_PLACEMENT_3D ( 'NONE', #1088, #1705, #1246 ) ;
#646 = VECTOR ( 'NONE', #551, 1000.000000000000000 ) ;
#647 = FACE_OUTER_BOUND ( 'NONE', #2453, .T. ) ;
#648 = FACE_OUTER_BOUND ( 'NONE', #454, .T. ) ;
#649 = ADVANCED_FACE ( 'NONE', ( #497 ), #2312, .T. ) ;
#650 = AXIS2_PLACEMENT_3D ( 'NONE', #1588, #128, #2304 ) ;
#651 = EDGE_CURVE ( 'NONE', #1646, #1186, #1727, .T. ) ;
#652 = DIRECTION ( 'NONE',  ( 1.000000000000000000, 0.000000000000000000, 0.000000000000000000 ) ) ;
#653 = CARTESIAN_POINT ( 'NONE',  ( 1.000000000000000000, -7.499999999999998224, 7.500000000000000000 ) ) ;
#654 = VECTOR ( 'NONE', #729, 1000.000000000000000 ) ;
#655 = EDGE_LOOP ( 'NONE', ( #797, #2010, #2513, #628 ) ) ;
#656 = VECTOR ( 'NONE', #1228, 1000.000000000000000 ) ;
#657 = DIRECTION ( 'NONE',  ( 0.000000000000000000, -1.000000000000000000, 0.000000000000000000 ) ) ;
#658 = ORIENTED_EDGE ( 'NONE', *, *, #403, .T. ) ;
#659 = DIRECTION ( 'NONE',  ( -1.000000000000000000, -0.000000000000000000, -0.000000000000000000 ) ) ;
#660 = ORIENTED_EDGE ( 'NONE', *, *, #893, .F. ) ;
#661 = LINE ( 'NONE', #1059, #1469 ) ;
#662 = DIRECTION ( 'NONE',  ( 0.000000000000000000, -0.000000000000000000, 1.000000000000000000 ) ) ;
#663 = LINE ( 'NONE', #1480, #1084 ) ;
#664 = CARTESIAN_POINT ( 'NONE',  ( -12.50000000000000000, -43.21064267133819925, 33.00000000000000000 ) ) ;
#665 = CARTESIAN_POINT ( 'NONE',  ( -4.000000000000000000, -16.75000000000000355, -0.001000000000001000089 ) ) ;
#666 = ADVANCED_FACE ( 'NONE', ( #2096 ), #1298, .T. ) ;
#667 = VERTEX_POINT ( 'NONE', #864 ) ;
#668 = DIRECTION ( 'NONE',  ( 1.000000000000000000, 2.392722035830078972E-16, 0.000000000000000000 ) ) ;
#669 = VERTEX_POINT ( 'NONE', #1081 ) ;
#670 = ADVANCED_FACE ( 'NONE', ( #878 ), #1108, .T. ) ;
#671 = CARTESIAN_POINT ( 'NONE',  ( 11.99999999999998934, -7.499999999999999112, 9.500000000000000000 ) ) ;
#672 = DIRECTION ( 'NONE',  ( 0.000000000000000000, 0.000000000000000000, -1.000000000000000000 ) ) ;
#673 = ORIENTED_EDGE ( 'NONE', *, *, #620, .T. ) ;
#674 = CARTESIAN_POINT ( 'NONE',  ( -11.50000000000000000, 14.50000000000000178, 29.50000000000000355 ) ) ;
#675 = CARTESIAN_POINT ( 'NONE',  ( -9.500000000000000000, 7.000000000000002665, 1.749999999999999334 ) ) ;
#676 = DIRECTION ( 'NONE',  ( 0.000000000000000000, 0.000000000000000000, -1.000000000000000000 ) ) ;
#677 = CARTESIAN_POINT ( 'NONE',  ( 11.99999999999998934, -10.32842712474619340, 9.500000000000000000 ) ) ;
#678 = CARTESIAN_POINT ( 'NONE',  ( 14.00000000000000000, -12.50000000000000000, 35.00000000000000000 ) ) ;
#679 = ADVANCED_FACE ( 'NONE', ( #2519 ), #1482, .T. ) ;
#680 = ORIENTED_EDGE ( 'NONE', *, *, #2477, .T. ) ;
#681 = CARTESIAN_POINT ( 'NONE',  ( -4.000000000000000000, 15.00000000000000355, -0.001000000000001000089 ) ) ;
#682 = VERTEX_POINT ( 'NONE', #1924 ) ;
#683 = CARTESIAN_POINT ( 'NONE',  ( 1.000000000000000000, -7.499999999999998224, 42.28010988928051717 ) ) ;
#684 = PRODUCT_DEFINITION ( 'UNKNOWN', '', #2174, #433 ) ;
#685 = CARTESIAN_POINT ( 'NONE',  ( -9.125000000000000000, 14.50000000000000178, 1.749999999999999334 ) ) ;
#686 = ORIENTED_EDGE ( 'NONE', *, *, #2298, .F. ) ;
#687 = ORIENTED_EDGE ( 'NONE', *, *, #1527, .F. ) ;
#688 = DIRECTION ( 'NONE',  ( -0.000000000000000000, -1.000000000000000000, -0.000000000000000000 ) ) ;
#689 = DIRECTION ( 'NONE',  ( 1.000000000000000000, 0.000000000000000000, 0.000000000000000000 ) ) ;
#690 = PLANE ( 'NONE',  #1606 ) ;
#691 = AXIS2_PLACEMENT_3D ( 'NONE', #1453, #2516, #32 ) ;
#692 = CARTESIAN_POINT ( 'NONE',  ( -12.50000000000000000, -43.21064267133819925, 29.50000000000000355 ) ) ;
#693 = VECTOR ( 'NONE', #2372, 1000.000000000000000 ) ;
#694 = ORIENTED_EDGE ( 'NONE', *, *, #767, .F. ) ;
#695 = VECTOR ( 'NONE', #713, 1000.000000000000000 ) ;
#696 = ORIENTED_EDGE ( 'NONE', *, *, #630, .T. ) ;
#697 = DIRECTION ( 'NONE',  ( 1.000000000000000000, 0.000000000000000000, 0.000000000000000000 ) ) ;
#698 = EDGE_CURVE ( 'NONE', #1216, #1801, #850, .T. ) ;
#699 = CIRCLE ( 'NONE', #1302, 5.999999999999994671 ) ;
#700 = EDGE_CURVE ( 'NONE', #234, #1517, #1455, .T. ) ;
#701 = LINE ( 'NONE', #1134, #2074 ) ;
#702 = ORIENTED_EDGE ( 'NONE', *, *, #2535, .T. ) ;
#703 = EDGE_CURVE ( 'NONE', #2420, #1306, #1913, .T. ) ;
#704 = CARTESIAN_POINT ( 'NONE',  ( 0.9999999999999991118, -14.24999999999999822, 27.00000000000000355 ) ) ;
#705 = DIRECTION ( 'NONE',  ( 0.000000000000000000, -0.000000000000000000, -1.000000000000000000 ) ) ;
#706 = AXIS2_PLACEMENT_3D ( 'NONE', #1012, #1416, #340 ) ;
#707 = CARTESIAN_POINT ( 'NONE',  ( -11.12500000000000000, -7.499999999999999112, 4.999999999999999112 ) ) ;
#708 = ORIENTED_EDGE ( 'NONE', *, *, #582, .T. ) ;
#709 = CARTESIAN_POINT ( 'NONE',  ( 11.50000000000000000, 14.50000000000000178, 29.50000000000000000 ) ) ;
#710 = CARTESIAN_POINT ( 'NONE',  ( -4.999999999999999112, -18.50000000000000355, 33.00000000000000000 ) ) ;
#711 = CARTESIAN_POINT ( 'NONE',  ( 0.000000000000000000, -7.499999999999999112, 0.000000000000000000 ) ) ;
#712 = ORIENTED_EDGE ( 'NONE', *, *, #964, .T. ) ;
#713 = DIRECTION ( 'NONE',  ( 1.000000000000000000, 0.000000000000000000, 3.469446951953611428E-15 ) ) ;
#714 = ORIENTED_EDGE ( 'NONE', *, *, #591, .F. ) ;
#715 = DIRECTION ( 'NONE',  ( 0.000000000000000000, 0.000000000000000000, -1.000000000000000000 ) ) ;
#716 = CARTESIAN_POINT ( 'NONE',  ( -9.125000000000000000, 7.500000000000002665, -1.030776406404414258 ) ) ;
#717 = ORIENTED_EDGE ( 'NONE', *, *, #787, .F. ) ;
#718 = LINE ( 'NONE', #114, #1499 ) ;
#719 = CARTESIAN_POINT ( 'NONE',  ( -16.00000000000000711, 14.50000000000000178, 0.000000000000000000 ) ) ;
#720 = ORIENTED_EDGE ( 'NONE', *, *, #2195, .F. ) ;
#721 = DIRECTION ( 'NONE',  ( 0.000000000000000000, 0.000000000000000000, -1.000000000000000000 ) ) ;
#722 = LINE ( 'NONE', #1967, #1427 ) ;
#723 = EDGE_CURVE ( 'NONE', #1306, #172, #1900, .T. ) ;
#724 = CARTESIAN_POINT ( 'NONE',  ( 11.99999999999998934, -7.499999999999999112, 7.500000000000000000 ) ) ;
#725 = EDGE_LOOP ( 'NONE', ( #770, #2505, #1905, #1023 ) ) ;
#726 = FACE_OUTER_BOUND ( 'NONE', #1760, .T. ) ;
#727 = ORIENTED_EDGE ( 'NONE', *, *, #2352, .F. ) ;
#728 = DIRECTION ( 'NONE',  ( -0.000000000000000000, 1.000000000000000000, -0.000000000000000000 ) ) ;
#729 = DIRECTION ( 'NONE',  ( -1.000000000000000000, -2.392722035830078972E-16, 0.000000000000000000 ) ) ;
#730 = VERTEX_POINT ( 'NONE', #35 ) ;
#731 = CARTESIAN_POINT ( 'NONE',  ( -9.125000000000000000, 14.50000000000000178, 1.749999999999999334 ) ) ;
#732 = CARTESIAN_POINT ( 'NONE',  ( -11.50000000000000000, -2.889999999999948166, 23.01499999999996859 ) ) ;
#733 = ORIENTED_EDGE ( 'NONE', *, *, #2424, .T. ) ;
#734 = LINE ( 'NONE', #127, #1518 ) ;
#735 = DIRECTION ( 'NONE',  ( 0.000000000000000000, 0.000000000000000000, 1.000000000000000000 ) ) ;
#736 = CARTESIAN_POINT ( 'NONE',  ( 11.12500000000000000, -7.499999999999999112, 4.999999999999999112 ) ) ;
#737 = EDGE_CURVE ( 'NONE', #1102, #2301, #1605, .T. ) ;
#738 = VERTEX_POINT ( 'NONE', #653 ) ;
#739 = CIRCLE ( 'NONE', #1164, 5.250000000000000888 ) ;
#740 = VECTOR ( 'NONE', #1968, 1000.000000000000000 ) ;
#741 = ORIENTED_EDGE ( 'NONE', *, *, #1382, .F. ) ;
#742 = DIRECTION ( 'NONE',  ( 0.6000000000000038636, -0.000000000000000000, 0.7999999999999970468 ) ) ;
#743 = AXIS2_PLACEMENT_3D ( 'NONE', #1319, #2555, #515 ) ;
#744 = VECTOR ( 'NONE', #2379, 1000.000000000000000 ) ;
#745 = CARTESIAN_POINT ( 'NONE',  ( -0.9999999999999991118, -14.24999999999999822, 27.00000000000000355 ) ) ;
#746 = ORIENTED_EDGE ( 'NONE', *, *, #1394, .F. ) ;
#747 = CARTESIAN_POINT ( 'NONE',  ( -14.00000000000000711, 14.50000000000000178, 35.00000000000000000 ) ) ;
#748 = CARTESIAN_POINT ( 'NONE',  ( -6.999999999999999112, -15.50000000000000000, 33.00000000000000000 ) ) ;
#749 = ORIENTED_EDGE ( 'NONE', *, *, #777, .F. ) ;
#750 = LINE ( 'NONE', #313, #867 ) ;
#751 = AXIS2_PLACEMENT_3D ( 'NONE', #596, #2641, #973 ) ;
#752 = DIRECTION ( 'NONE',  ( -1.000000000000000000, 0.000000000000000000, 0.000000000000000000 ) ) ;
#753 = CARTESIAN_POINT ( 'NONE',  ( -4.999999999999999112, 18.50000000000000355, 33.00000000000000000 ) ) ;
#754 = EDGE_LOOP ( 'NONE', ( #720, #1087, #851, #2121 ) ) ;
#755 = EDGE_CURVE ( 'NONE', #2192, #195, #1470, .T. ) ;
#756 = ORIENTED_EDGE ( 'NONE', *, *, #189, .F. ) ;
#757 = EDGE_CURVE ( 'NONE', #1818, #853, #258, .T. ) ;
#758 = FACE_OUTER_BOUND ( 'NONE', #1631, .T. ) ;
#759 = VERTEX_POINT ( 'NONE', #561 ) ;
#760 = CYLINDRICAL_SURFACE ( 'NONE', #132, 0.6250000000000005551 ) ;
#761 = EDGE_CURVE ( 'NONE', #2598, #2669, #908, .T. ) ;
#762 = DIRECTION ( 'NONE',  ( 0.000000000000000000, 0.000000000000000000, -1.000000000000000000 ) ) ;
#763 = DIRECTION ( 'NONE',  ( 1.000000000000000000, 0.000000000000000000, 0.000000000000000000 ) ) ;
#764 = CARTESIAN_POINT ( 'NONE',  ( 6.999999999999999112, -14.49999999999999822, 35.00000000000000000 ) ) ;
#765 = CARTESIAN_POINT ( 'NONE',  ( -11.50000000000000000, -7.500000000000000000, 7.499999999999999112 ) ) ;
#766 = VERTEX_POINT ( 'NONE', #1339 ) ;
#767 = EDGE_CURVE ( 'NONE', #1359, #2097, #940, .T. ) ;
#768 = ORIENTED_EDGE ( 'NONE', *, *, #2368, .F. ) ;
#769 = LINE ( 'NONE', #2229, #1299 ) ;
#770 = ORIENTED_EDGE ( 'NONE', *, *, #1406, .F. ) ;
#771 = ADVANCED_FACE ( 'NONE', ( #2198 ), #1532, .F. ) ;
#772 = DIRECTION ( 'NONE',  ( 1.000000000000000000, -0.000000000000000000, -0.000000000000000000 ) ) ;
#773 = VERTEX_POINT ( 'NONE', #2607 ) ;
#774 = DIRECTION ( 'NONE',  ( 1.000000000000000000, -0.000000000000000000, -0.000000000000000000 ) ) ;
#775 = CARTESIAN_POINT ( 'NONE',  ( -16.00000000000000711, 12.50000000000000355, 0.000000000000000000 ) ) ;
#776 = FACE_OUTER_BOUND ( 'NONE', #1498, .T. ) ;
#777 = EDGE_CURVE ( 'NONE', #2576, #1102, #521, .T. ) ;
#778 = LINE ( 'NONE', #2441, #2471 ) ;
#779 = ORIENTED_EDGE ( 'NONE', *, *, #485, .T. ) ;
#780 = AXIS2_PLACEMENT_3D ( 'NONE', #291, #929, #2583 ) ;
#781 = ORIENTED_EDGE ( 'NONE', *, *, #1374, .T. ) ;
#782 = AXIS2_PLACEMENT_3D ( 'NONE', #74, #1882, #2109 ) ;
#783 = CARTESIAN_POINT ( 'NONE',  ( 9.125000000000000000, -7.499999999999999112, -5.587451021109797051E-16 ) ) ;
#784 = VERTEX_POINT ( 'NONE', #2359 ) ;
#785 = CARTESIAN_POINT ( 'NONE',  ( -11.12500000000000000, 14.50000000000000178, 4.999999999999999112 ) ) ;
#786 = AXIS2_PLACEMENT_3D ( 'NONE', #732, #2401, #2602 ) ;
#787 = EDGE_CURVE ( 'NONE', #682, #1447, #1770, .T. ) ;
#788 = EDGE_LOOP ( 'NONE', ( #717, #2000, #425, #1604 ) ) ;
#789 = CARTESIAN_POINT ( 'NONE',  ( 6.999999999999999112, 14.50000000000000178, 33.00000000000000000 ) ) ;
#790 = DIRECTION ( 'NONE',  ( -1.000000000000000000, 0.000000000000000000, 0.000000000000000000 ) ) ;
#791 = AXIS2_PLACEMENT_3D ( 'NONE', #2489, #2068, #644 ) ;
#792 = EDGE_CURVE ( 'NONE', #1447, #1728, #510, .T. ) ;
#793 = DIRECTION ( 'NONE',  ( 1.000000000000000000, 0.000000000000000000, 0.000000000000000000 ) ) ;
#794 = VERTEX_POINT ( 'NONE', #1165 ) ;
#795 = ORIENTED_EDGE ( 'NONE', *, *, #2487, .F. ) ;
#796 = DIRECTION ( 'NONE',  ( 0.000000000000000000, 0.000000000000000000, -1.000000000000000000 ) ) ;
#797 = ORIENTED_EDGE ( 'NONE', *, *, #2469, .T. ) ;
#798 = CARTESIAN_POINT ( 'NONE',  ( -9.125000000000000000, 14.50000000000000178, 1.749999999999999334 ) ) ;
#799 = VERTEX_POINT ( 'NONE', #753 ) ;
#800 = LINE ( 'NONE', #2616, #398 ) ;
#801 = DIRECTION ( 'NONE',  ( 0.000000000000000000, -1.000000000000000000, 0.000000000000000000 ) ) ;
#802 = DIRECTION ( 'NONE',  ( 1.000000000000000000, 0.000000000000000000, 0.000000000000000000 ) ) ;
#803 = VERTEX_POINT ( 'NONE', #2591 ) ;
#804 = ADVANCED_FACE ( 'NONE', ( #2211 ), #1178, .F. ) ;
#805 = EDGE_CURVE ( 'NONE', #2648, #2646, #2404, .T. ) ;
#806 = EDGE_LOOP ( 'NONE', ( #2213, #640, #1064, #290 ) ) ;
#807 = CARTESIAN_POINT ( 'NONE',  ( 5.000000000000000000, 18.50000000000000355, 33.00000000000000000 ) ) ;
#808 = ORIENTED_EDGE ( 'NONE', *, *, #1581, .F. ) ;
#809 = DIRECTION ( 'NONE',  ( 1.084202172485504434E-16, 1.000000000000000000, 0.000000000000000000 ) ) ;
#810 = ORIENTED_EDGE ( 'NONE', *, *, #159, .F. ) ;
#811 = DIRECTION ( 'NONE',  ( -0.000000000000000000, -0.000000000000000000, 1.000000000000000000 ) ) ;
#812 = DIRECTION ( 'NONE',  ( -1.000000000000000000, 0.000000000000000000, -3.469446951953611428E-15 ) ) ;
#813 = DIRECTION ( 'NONE',  ( 1.000000000000000000, 0.000000000000000000, 0.000000000000000000 ) ) ;
#814 = ORIENTED_EDGE ( 'NONE', *, *, #1243, .T. ) ;
#815 = EDGE_CURVE ( 'NONE', #1307, #437, #2566, .T. ) ;
#816 = ADVANCED_FACE ( 'NONE', ( #356 ), #1994, .T. ) ;
#817 = EDGE_CURVE ( 'NONE', #1397, #1955, #1547, .T. ) ;
#818 = ORIENTED_EDGE ( 'NONE', *, *, #417, .F. ) ;
#819 = VECTOR ( 'NONE', #1332, 1000.000000000000000 ) ;
#820 = VECTOR ( 'NONE', #1068, 1000.000000000000000 ) ;
#821 = FACE_OUTER_BOUND ( 'NONE', #2347, .T. ) ;
#822 = ORIENTED_EDGE ( 'NONE', *, *, #2593, .T. ) ;
#823 = DIRECTION ( 'NONE',  ( 0.000000000000000000, -0.000000000000000000, -1.000000000000000000 ) ) ;
#824 = VECTOR ( 'NONE', #2643, 1000.000000000000000 ) ;
#825 = EDGE_LOOP ( 'NONE', ( #1586, #69, #578, #2221, #1383, #882, #310, #1099, #779, #1583, #108, #1973, #694, #1154, #1815, #2314, #1756, #1628, #1184, #277, #1258, #1203, #1275, #577 ) ) ;
#826 = CARTESIAN_POINT ( 'NONE',  ( 15.99999999999999289, 14.50000000000000178, 0.000000000000000000 ) ) ;
#827 = DIRECTION ( 'NONE',  ( 1.000000000000000000, 0.000000000000000000, 0.000000000000000000 ) ) ;
#828 = VECTOR ( 'NONE', #1609, 1000.000000000000000 ) ;
#829 = CARTESIAN_POINT ( 'NONE',  ( 11.99999999999998934, -7.499999999999999112, 9.500000000000000000 ) ) ;
#830 = VECTOR ( 'NONE', #1933, 1000.000000000000000 ) ;
#831 = ORIENTED_EDGE ( 'NONE', *, *, #1653, .T. ) ;
#832 = VECTOR ( 'NONE', #2479, 1000.000000000000000 ) ;
#833 = EDGE_CURVE ( 'NONE', #260, #1958, #1423, .T. ) ;
#834 = LINE ( 'NONE', #2483, #1742 ) ;
#835 = VERTEX_POINT ( 'NONE', #1800 ) ;
#836 = CARTESIAN_POINT ( 'NONE',  ( -4.000000000000000000, -16.75000000000000355, 33.00000000000000000 ) ) ;
#837 = ADVANCED_FACE ( 'NONE', ( #2414 ), #1152, .F. ) ;
#838 = VERTEX_POINT ( 'NONE', #765 ) ;
#839 = CARTESIAN_POINT ( 'NONE',  ( 12.50000000000000000, 14.50000000000000178, 29.50000000000000355 ) ) ;
#840 = DIRECTION ( 'NONE',  ( 1.000000000000000000, 0.000000000000000000, 0.000000000000000000 ) ) ;
#841 = ORIENTED_EDGE ( 'NONE', *, *, #1785, .F. ) ;
#842 = DIRECTION ( 'NONE',  ( -1.000000000000000000, 0.000000000000000000, 0.000000000000000000 ) ) ;
#843 = ORIENTED_EDGE ( 'NONE', *, *, #1438, .F. ) ;
#844 = LINE ( 'NONE', #1460, #2160 ) ;
#845 = ADVANCED_FACE ( 'NONE', ( #105 ), #2008, .T. ) ;
#846 = ORIENTED_EDGE ( 'NONE', *, *, #723, .F. ) ;
#847 = DIRECTION ( 'NONE',  ( 0.000000000000000000, 1.000000000000000000, -0.000000000000000000 ) ) ;
#848 = FACE_OUTER_BOUND ( 'NONE', #590, .T. ) ;
#849 = DIRECTION ( 'NONE',  ( 1.000000000000000000, 2.392722035830078972E-16, -0.000000000000000000 ) ) ;
#850 = LINE ( 'NONE', #1935, #1824 ) ;
#851 = ORIENTED_EDGE ( 'NONE', *, *, #1566, .T. ) ;
#852 = SURFACE_SIDE_STYLE ('',( #1500 ) ) ;
#853 = VERTEX_POINT ( 'NONE', #118 ) ;
#854 = CARTESIAN_POINT ( 'NONE',  ( -11.12500000000000000, 14.50000000000000178, 4.999999999999999112 ) ) ;
#855 = VECTOR ( 'NONE', #1842, 1000.000000000000000 ) ;
#856 = VERTEX_POINT ( 'NONE', #380 ) ;
#857 = CARTESIAN_POINT ( 'NONE',  ( -7.000000000000000000, 15.50000000000000355, 35.00000000000000000 ) ) ;
#858 = VECTOR ( 'NONE', #443, 1000.000000000000000 ) ;
#859 = EDGE_CURVE ( 'NONE', #2305, #1216, #1026, .T. ) ;
#860 = AXIS2_PLACEMENT_3D ( 'NONE', #748, #921, #1755 ) ;
#861 = CARTESIAN_POINT ( 'NONE',  ( -4.000000000000000000, 16.75000000000000355, 35.00000000000000000 ) ) ;
#862 = CIRCLE ( 'NONE', #786, 5.250000000000000888 ) ;
#863 = CYLINDRICAL_SURFACE ( 'NONE', #2248, 2.000000000000000000 ) ;
#864 = CARTESIAN_POINT ( 'NONE',  ( -6.000000000000000000, 15.50000000000000355, 35.00000000000000000 ) ) ;
#865 = ORIENTED_EDGE ( 'NONE', *, *, #1998, .T. ) ;
#866 = VECTOR ( 'NONE', #447, 1000.000000000000000 ) ;
#867 = VECTOR ( 'NONE', #1757, 1000.000000000000000 ) ;
#868 =( NAMED_UNIT ( * ) PLANE_ANGLE_UNIT ( ) SI_UNIT ( $, .RADIAN. ) );
#869 = ORIENTED_EDGE ( 'NONE', *, *, #199, .F. ) ;
#870 = DIRECTION ( 'NONE',  ( 0.000000000000000000, 0.000000000000000000, -1.000000000000000000 ) ) ;
#871 = DIRECTION ( 'NONE',  ( 0.000000000000000000, 0.000000000000000000, 1.000000000000000000 ) ) ;
#872 = EDGE_LOOP ( 'NONE', ( #795, #589, #2199, #2494 ) ) ;
#873 = DIRECTION ( 'NONE',  ( -0.000000000000000000, 1.000000000000000000, -0.000000000000000000 ) ) ;
#874 = EDGE_CURVE ( 'NONE', #1702, #937, #1509, .T. ) ;
#875 = CARTESIAN_POINT ( 'NONE',  ( 12.50000000000000000, -43.21064267133819925, 33.00000000000000000 ) ) ;
#876 = CARTESIAN_POINT ( 'NONE',  ( 6.000000000000000000, 17.50000000000000000, 35.00000000000000000 ) ) ;
#877 = LINE ( 'NONE', #1952, #140 ) ;
#878 = FACE_OUTER_BOUND ( 'NONE', #1135, .T. ) ;
#879 = EDGE_CURVE ( 'NONE', #1607, #1419, #2018, .T. ) ;
#880 = ORIENTED_EDGE ( 'NONE', *, *, #329, .T. ) ;
#881 = CARTESIAN_POINT ( 'NONE',  ( 11.99999999999998934, -7.500000000000000000, 27.50000000000000355 ) ) ;
#882 = ORIENTED_EDGE ( 'NONE', *, *, #737, .T. ) ;
#883 = CARTESIAN_POINT ( 'NONE',  ( -11.50000000000000000, -2.889999999999948166, 23.01499999999996859 ) ) ;
#884 = CARTESIAN_POINT ( 'NONE',  ( 9.125000000000000000, -7.499999999999999112, 1.749999999999999334 ) ) ;
#885 = VERTEX_POINT ( 'NONE', #2224 ) ;
#886 = ORIENTED_EDGE ( 'NONE', *, *, #897, .T. ) ;
#887 = DIRECTION ( 'NONE',  ( 0.000000000000000000, -0.000000000000000000, -1.000000000000000000 ) ) ;
#888 = DIRECTION ( 'NONE',  ( 1.000000000000000000, 0.000000000000000000, 0.000000000000000000 ) ) ;
#889 = CARTESIAN_POINT ( 'NONE',  ( -14.00000000000000711, 12.50000000000000178, 35.00000000000000000 ) ) ;
#890 = DIRECTION ( 'NONE',  ( 2.392722035830078972E-16, -1.000000000000000000, 0.000000000000000000 ) ) ;
#891 = ORIENTED_EDGE ( 'NONE', *, *, #874, .F. ) ;
#892 = EDGE_CURVE ( 'NONE', #1671, #2192, #166, .T. ) ;
#893 = EDGE_CURVE ( 'NONE', #2438, #1813, #1625, .T. ) ;
#894 = DIRECTION ( 'NONE',  ( -0.000000000000000000, -0.000000000000000000, -1.000000000000000000 ) ) ;
#895 = VERTEX_POINT ( 'NONE', #586 ) ;
#896 = CARTESIAN_POINT ( 'NONE',  ( -0.9999999999999991118, -8.249999999999998224, 33.00000000000000000 ) ) ;
#897 = EDGE_CURVE ( 'NONE', #838, #1030, #975, .T. ) ;
#898 = DIRECTION ( 'NONE',  ( 1.000000000000000000, 0.000000000000000000, 0.000000000000000000 ) ) ;
#899 = ORIENTED_EDGE ( 'NONE', *, *, #1534, .T. ) ;
#900 = CARTESIAN_POINT ( 'NONE',  ( 9.500000000000000000, 7.000000000000002665, 0.000000000000000000 ) ) ;
#901 = ORIENTED_EDGE ( 'NONE', *, *, #1785, .T. ) ;
#902 = AXIS2_PLACEMENT_3D ( 'NONE', #2614, #1148, #2005 ) ;
#903 = CARTESIAN_POINT ( 'NONE',  ( 8.499999999999975131, 14.50000000000000178, 7.500000000000000000 ) ) ;
#904 = VECTOR ( 'NONE', #870, 1000.000000000000000 ) ;
#905 = DIRECTION ( 'NONE',  ( 1.000000000000000000, 2.392722035830078972E-16, -0.000000000000000000 ) ) ;
#906 = DIRECTION ( 'NONE',  ( 0.000000000000000000, 0.000000000000000000, -1.000000000000000000 ) ) ;
#907 = AXIS2_PLACEMENT_3D ( 'NONE', #2655, #790, #2269 ) ;
#908 = LINE ( 'NONE', #1578, #1204 ) ;
#909 = VECTOR ( 'NONE', #496, 1000.000000000000000 ) ;
#910 = ORIENTED_EDGE ( 'NONE', *, *, #1382, .T. ) ;
#911 = VECTOR ( 'NONE', #1520, 1000.000000000000000 ) ;
#912 = FILL_AREA_STYLE_COLOUR ( '', #435 ) ;
#913 = EDGE_LOOP ( 'NONE', ( #1357, #1029, #148, #2520 ) ) ;
#914 = ADVANCED_FACE ( 'NONE', ( #1407 ), #2451, .F. ) ;
#915 = LINE ( 'NONE', #1114, #1380 ) ;
#916 = AXIS2_PLACEMENT_3D ( 'NONE', #1957, #358, #2009 ) ;
#917 = DIRECTION ( 'NONE',  ( 1.000000000000000000, 0.000000000000000000, 0.000000000000000000 ) ) ;
#918 = ORIENTED_EDGE ( 'NONE', *, *, #1680, .T. ) ;
#919 = ADVANCED_FACE ( 'NONE', ( #1002, #776 ), #192, .F. ) ;
#920 = LINE ( 'NONE', #1373, #1161 ) ;
#921 = DIRECTION ( 'NONE',  ( 0.000000000000000000, 0.000000000000000000, 1.000000000000000000 ) ) ;
#922 = CARTESIAN_POINT ( 'NONE',  ( 0.9999999999999991118, -14.24999999999999822, 27.00000000000000355 ) ) ;
#923 = EDGE_CURVE ( 'NONE', #279, #667, #1821, .T. ) ;
#924 = DIRECTION ( 'NONE',  ( 0.000000000000000000, -0.000000000000000000, -1.000000000000000000 ) ) ;
#925 = CARTESIAN_POINT ( 'NONE',  ( -6.000000000000000000, 17.50000000000000000, 33.00000000000000000 ) ) ;
#926 = ORIENTED_EDGE ( 'NONE', *, *, #508, .F. ) ;
#927 = CARTESIAN_POINT ( 'NONE',  ( -4.000000000000000000, -16.75000000000000355, -0.001000000000001000089 ) ) ;
#928 = VERTEX_POINT ( 'NONE', #2049 ) ;
#929 = DIRECTION ( 'NONE',  ( 0.000000000000000000, 0.000000000000000000, 1.000000000000000000 ) ) ;
#930 = CARTESIAN_POINT ( 'NONE',  ( 16.00100000000000477, -8.139999999999941949, 23.01499999999996859 ) ) ;
#931 = EDGE_LOOP ( 'NONE', ( #1642, #2594, #727, #1898 ) ) ;
#932 = DIRECTION ( 'NONE',  ( -0.000000000000000000, -0.000000000000000000, 1.000000000000000000 ) ) ;
#933 = ADVANCED_FACE ( 'NONE', ( #1654 ), #1846, .F. ) ;
#934 = ADVANCED_FACE ( 'NONE', ( #1635 ), #418, .F. ) ;
#935 = ADVANCED_FACE ( 'NONE', ( #1836 ), #1188, .F. ) ;
#936 = CARTESIAN_POINT ( 'NONE',  ( -9.125000000000000000, -7.499999999999999112, 1.749999999999999334 ) ) ;
#937 = VERTEX_POINT ( 'NONE', #1602 ) ;
#938 = CARTESIAN_POINT ( 'NONE',  ( -11.12500000000000000, -7.499999999999999112, 1.749999999999999334 ) ) ;
#939 = CYLINDRICAL_SURFACE ( 'NONE', #1861, 1.000000000000000000 ) ;
#940 = LINE ( 'NONE', #1141, #740 ) ;
#941 = EDGE_LOOP ( 'NONE', ( #2331, #2260, #500, #164 ) ) ;
#942 = VERTEX_POINT ( 'NONE', #2664 ) ;
#943 = FACE_OUTER_BOUND ( 'NONE', #1005, .T. ) ;
#944 = CARTESIAN_POINT ( 'NONE',  ( -7.000000000000000000, 15.50000000000000355, 33.00000000000000000 ) ) ;
#945 = ORIENTED_EDGE ( 'NONE', *, *, #107, .F. ) ;
#946 = DIRECTION ( 'NONE',  ( -0.000000000000000000, -1.000000000000000000, -0.000000000000000000 ) ) ;
#947 = CARTESIAN_POINT ( 'NONE',  ( -4.000000000000000000, 16.75000000000000355, -0.001000000000001000089 ) ) ;
#948 = CARTESIAN_POINT ( 'NONE',  ( 13.99999999999998757, -4.306899664494145995E-15, 17.49999999999999645 ) ) ;
#949 = EDGE_CURVE ( 'NONE', #187, #838, #611, .T. ) ;
#950 = DIRECTION ( 'NONE',  ( 0.000000000000000000, 0.000000000000000000, -1.000000000000000000 ) ) ;
#951 = DIRECTION ( 'NONE',  ( -0.000000000000000000, -0.000000000000000000, 1.000000000000000000 ) ) ;
#952 = ORIENTED_EDGE ( 'NONE', *, *, #1662, .T. ) ;
#953 = VECTOR ( 'NONE', #29, 1000.000000000000000 ) ;
#954 = EDGE_CURVE ( 'NONE', #491, #835, #2462, .T. ) ;
#955 = VECTOR ( 'NONE', #801, 1000.000000000000000 ) ;
#956 = VERTEX_POINT ( 'NONE', #1616 ) ;
#957 = VECTOR ( 'NONE', #161, 1000.000000000000000 ) ;
#958 = CARTESIAN_POINT ( 'NONE',  ( 6.999999999999999112, -14.50000000000000178, 33.00000000000000000 ) ) ;
#959 = EDGE_LOOP ( 'NONE', ( #1317, #702, #714, #335 ) ) ;
#960 = FACE_OUTER_BOUND ( 'NONE', #1288, .T. ) ;
#961 = VECTOR ( 'NONE', #2630, 1000.000000000000000 ) ;
#962 = DIRECTION ( 'NONE',  ( -1.000000000000000000, 0.000000000000000000, 0.000000000000000000 ) ) ;
#963 = CARTESIAN_POINT ( 'NONE',  ( -6.000000000000000000, -15.50000000000000000, 33.00000000000000000 ) ) ;
#964 = EDGE_CURVE ( 'NONE', #1166, #928, #1430, .T. ) ;
#965 = CARTESIAN_POINT ( 'NONE',  ( 6.000000000000000000, 15.50000000000000355, 33.00000000000000000 ) ) ;
#966 = CARTESIAN_POINT ( 'NONE',  ( -16.00000000000000711, 14.50000000000000178, 0.000000000000000000 ) ) ;
#967 = VERTEX_POINT ( 'NONE', #2033 ) ;
#968 = ADVANCED_FACE ( 'NONE', ( #1278 ), #1092, .F. ) ;
#969 = ORIENTED_EDGE ( 'NONE', *, *, #892, .F. ) ;
#970 = DIRECTION ( 'NONE',  ( 0.000000000000000000, -0.000000000000000000, -1.000000000000000000 ) ) ;
#971 = ORIENTED_EDGE ( 'NONE', *, *, #700, .F. ) ;
#972 = CARTESIAN_POINT ( 'NONE',  ( 6.999999999999999112, 14.50000000000000178, 35.00000000000000000 ) ) ;
#973 = DIRECTION ( 'NONE',  ( 1.000000000000000000, 0.000000000000000000, 0.000000000000000000 ) ) ;
#974 = DIRECTION ( 'NONE',  ( 0.000000000000000000, 0.000000000000000000, -1.000000000000000000 ) ) ;
#975 = LINE ( 'NONE', #369, #303 ) ;
#976 = LINE ( 'NONE', #1617, #961 ) ;
#977 = ORIENTED_EDGE ( 'NONE', *, *, #1937, .F. ) ;
#978 = ADVANCED_FACE ( 'NONE', ( #647 ), #1294, .F. ) ;
#979 = ORIENTED_EDGE ( 'NONE', *, *, #817, .F. ) ;
#980 = ADVANCED_FACE ( 'NONE', ( #2093 ), #1076, .F. ) ;
#981 = DIRECTION ( 'NONE',  ( -1.000000000000000000, 0.000000000000000000, 0.000000000000000000 ) ) ;
#982 = EDGE_LOOP ( 'NONE', ( #1284, #25, #1048, #2528 ) ) ;
#983 = LINE ( 'NONE', #1426, #1420 ) ;
#984 = ORIENTED_EDGE ( 'NONE', *, *, #1507, .F. ) ;
#985 = LINE ( 'NONE', #1187, #1431 ) ;
#986 = CARTESIAN_POINT ( 'NONE',  ( 12.50000000000000000, -43.21064267133819925, 29.50000000000000355 ) ) ;
#987 = DIRECTION ( 'NONE',  ( 2.775557561562888393E-16, -1.000000000000000000, 0.000000000000000000 ) ) ;
#988 = ORIENTED_EDGE ( 'NONE', *, *, #1697, .T. ) ;
#989 = VECTOR ( 'NONE', #138, 1000.000000000000000 ) ;
#990 = VECTOR ( 'NONE', #890, 1000.000000000000000 ) ;
#991 = VERTEX_POINT ( 'NONE', #2340 ) ;
#992 = VECTOR ( 'NONE', #2234, 1000.000000000000000 ) ;
#993 = FACE_OUTER_BOUND ( 'NONE', #1718, .T. ) ;
#994 = VERTEX_POINT ( 'NONE', #1494 ) ;
#995 = DIRECTION ( 'NONE',  ( -0.000000000000000000, -0.000000000000000000, 1.000000000000000000 ) ) ;
#996 = VECTOR ( 'NONE', #1379, 1000.000000000000000 ) ;
#997 = AXIS2_PLACEMENT_3D ( 'NONE', #2075, #1045, #1874 ) ;
#998 = EDGE_CURVE ( 'NONE', #643, #773, #271, .T. ) ;
#999 = EDGE_LOOP ( 'NONE', ( #1046, #1687, #2120, #2114 ) ) ;
#1000 = DIRECTION ( 'NONE',  ( 1.000000000000000000, 0.000000000000000000, 0.000000000000000000 ) ) ;
#1001 = VECTOR ( 'NONE', #370, 1000.000000000000000 ) ;
#1002 = FACE_BOUND ( 'NONE', #2380, .T. ) ;
#1003 = VECTOR ( 'NONE', #774, 1000.000000000000000 ) ;
#1004 = LINE ( 'NONE', #1837, #1254 ) ;
#1005 = EDGE_LOOP ( 'NONE', ( #1487, #2619, #1157, #1919, #886, #2406, #843 ) ) ;
#1006 = EDGE_CURVE ( 'NONE', #2089, #1232, #1695, .T. ) ;
#1007 = ORIENTED_EDGE ( 'NONE', *, *, #2223, .F. ) ;
#1008 = FACE_OUTER_BOUND ( 'NONE', #2227, .T. ) ;
#1009 = ORIENTED_EDGE ( 'NONE', *, *, #1438, .T. ) ;
#1010 = PLANE ( 'NONE',  #91 ) ;
#1011 = ORIENTED_EDGE ( 'NONE', *, *, #998, .F. ) ;
#1012 = CARTESIAN_POINT ( 'NONE',  ( 5.000000000000000000, -17.50000000000000000, 35.00000000000000000 ) ) ;
#1013 = EDGE_CURVE ( 'NONE', #2669, #2646, #1465, .T. ) ;
#1014 = EDGE_CURVE ( 'NONE', #2442, #1629, #2036, .T. ) ;
#1015 = EDGE_CURVE ( 'NONE', #1955, #401, #2322, .T. ) ;
#1016 = CARTESIAN_POINT ( 'NONE',  ( -11.50000000000000000, -7.500000000000000000, 29.50000000000000355 ) ) ;
#1017 = CARTESIAN_POINT ( 'NONE',  ( -4.999999999999999112, -18.50000000000000355, 35.00000000000000000 ) ) ;
#1018 = CARTESIAN_POINT ( 'NONE',  ( 6.999999999999999112, -15.50000000000000000, 35.00000000000000000 ) ) ;
#1019 = ORIENTED_EDGE ( 'NONE', *, *, #1592, .T. ) ;
#1020 = DIRECTION ( 'NONE',  ( 1.000000000000000000, 0.000000000000000000, 0.000000000000000000 ) ) ;
#1021 = ORIENTED_EDGE ( 'NONE', *, *, #543, .T. ) ;
#1022 = LINE ( 'NONE', #785, #301 ) ;
#1023 = ORIENTED_EDGE ( 'NONE', *, *, #1226, .F. ) ;
#1024 = FACE_OUTER_BOUND ( 'NONE', #2376, .T. ) ;
#1025 = EDGE_CURVE ( 'NONE', #2206, #404, #1679, .T. ) ;
#1026 = LINE ( 'NONE', #2245, #2329 ) ;
#1027 = EDGE_CURVE ( 'NONE', #2202, #1389, #1035, .T. ) ;
#1028 = DIRECTION ( 'NONE',  ( 1.000000000000000000, 0.000000000000000000, 0.000000000000000000 ) ) ;
#1029 = ORIENTED_EDGE ( 'NONE', *, *, #998, .T. ) ;
#1030 = VERTEX_POINT ( 'NONE', #1869 ) ;
#1031 = AXIS2_PLACEMENT_3D ( 'NONE', #665, #1052, #2140 ) ;
#1032 = CARTESIAN_POINT ( 'NONE',  ( 11.12500000000000000, 14.50000000000000178, 1.749999999999999334 ) ) ;
#1033 = ORIENTED_EDGE ( 'NONE', *, *, #354, .T. ) ;
#1034 = DIRECTION ( 'NONE',  ( -1.000000000000000000, 0.000000000000000000, 0.000000000000000000 ) ) ;
#1035 = CIRCLE ( 'NONE', #566, 0.6250000000000005551 ) ;
#1036 = VECTOR ( 'NONE', #1585, 1000.000000000000000 ) ;
#1037 = EDGE_LOOP ( 'NONE', ( #733, #1475, #2481, #2562, #457 ) ) ;
#1038 = CARTESIAN_POINT ( 'NONE',  ( 11.12500000000000000, -7.499999999999999112, 1.749999999999999334 ) ) ;
#1039 = DIRECTION ( 'NONE',  ( -1.000000000000000000, 0.000000000000000000, 0.000000000000000000 ) ) ;
#1040 = DIRECTION ( 'NONE',  ( 0.000000000000000000, 0.000000000000000000, 1.000000000000000000 ) ) ;
#1041 = AXIS2_PLACEMENT_3D ( 'NONE', #1111, #668, #2300 ) ;
#1042 = AXIS2_PLACEMENT_3D ( 'NONE', #1693, #21, #40 ) ;
#1043 = VERTEX_POINT ( 'NONE', #2308 ) ;
#1044 = ADVANCED_FACE ( 'NONE', ( #848, #1265 ), #446, .T. ) ;
#1045 = DIRECTION ( 'NONE',  ( -0.000000000000000000, 0.000000000000000000, 1.000000000000000000 ) ) ;
#1046 = ORIENTED_EDGE ( 'NONE', *, *, #1484, .F. ) ;
#1047 = LINE ( 'NONE', #1876, #953 ) ;
#1048 = ORIENTED_EDGE ( 'NONE', *, *, #1537, .F. ) ;
#1049 = CARTESIAN_POINT ( 'NONE',  ( 9.999999999999989342, 14.50000000000000178, 9.500000000000000000 ) ) ;
#1050 = DIRECTION ( 'NONE',  ( -0.000000000000000000, 0.000000000000000000, -1.000000000000000000 ) ) ;
#1051 = CARTESIAN_POINT ( 'NONE',  ( 13.99999999999999112, -27.65564437074637993, 27.50000000000000355 ) ) ;
#1052 = DIRECTION ( 'NONE',  ( 0.000000000000000000, 1.000000000000000000, 0.000000000000000000 ) ) ;
#1053 = ORIENTED_EDGE ( 'NONE', *, *, #1667, .F. ) ;
#1054 = CARTESIAN_POINT ( 'NONE',  ( 13.99999999999999112, 14.50000000000000178, 0.000000000000000000 ) ) ;
#1055 = ORIENTED_EDGE ( 'NONE', *, *, #1015, .T. ) ;
#1056 = ADVANCED_FACE ( 'NONE', ( #460 ), #474, .F. ) ;
#1057 = DIRECTION ( 'NONE',  ( -0.000000000000000000, -1.000000000000000000, -0.000000000000000000 ) ) ;
#1058 = ORIENTED_EDGE ( 'NONE', *, *, #287, .T. ) ;
#1059 = CARTESIAN_POINT ( 'NONE',  ( -16.00000000000000711, 14.50000000000000178, 0.000000000000000000 ) ) ;
#1060 = CARTESIAN_POINT ( 'NONE',  ( -16.00100000000001188, -1.245017863399394690E-14, 23.49999999999999289 ) ) ;
#1061 = PLANE ( 'NONE',  #54 ) ;
#1062 = CARTESIAN_POINT ( 'NONE',  ( 9.125000000000000000, 7.500000000000004441, -5.587451021109797051E-16 ) ) ;
#1063 = CARTESIAN_POINT ( 'NONE',  ( -14.00000000000000000, -12.49999999999999822, 35.00000000000000000 ) ) ;
#1064 = ORIENTED_EDGE ( 'NONE', *, *, #173, .F. ) ;
#1065 = EDGE_CURVE ( 'NONE', #885, #2091, #1724, .T. ) ;
#1066 = PLANE ( 'NONE',  #2512 ) ;
#1067 = ORIENTED_EDGE ( 'NONE', *, *, #270, .T. ) ;
#1068 = DIRECTION ( 'NONE',  ( -1.239088197126290570E-16, -1.000000000000000000, 0.000000000000000000 ) ) ;
#1069 = CARTESIAN_POINT ( 'NONE',  ( 13.99999999999998757, 14.50000000000000178, 7.499999999999999112 ) ) ;
#1070 = VERTEX_POINT ( 'NONE', #2529 ) ;
#1071 = DIRECTION ( 'NONE',  ( 1.000000000000000000, -2.602085213965208275E-15, 0.000000000000000000 ) ) ;
#1072 = ORIENTED_EDGE ( 'NONE', *, *, #487, .F. ) ;
#1073 = VECTOR ( 'NONE', #2595, 1000.000000000000000 ) ;
#1074 = EDGE_CURVE ( 'NONE', #1903, #17, #1668, .T. ) ;
#1075 = VECTOR ( 'NONE', #2085, 1000.000000000000000 ) ;
#1076 = CYLINDRICAL_SURFACE ( 'NONE', #2333, 5.250000000000000888 ) ;
#1077 = EDGE_CURVE ( 'NONE', #1043, #1449, #214, .T. ) ;
#1078 = DIRECTION ( 'NONE',  ( -0.000000000000000000, -0.000000000000000000, 1.000000000000000000 ) ) ;
#1079 = AXIS2_PLACEMENT_3D ( 'NONE', #1721, #1115, #917 ) ;
#1080 = DIRECTION ( 'NONE',  ( 0.000000000000000000, 0.000000000000000000, -1.000000000000000000 ) ) ;
#1081 = CARTESIAN_POINT ( 'NONE',  ( 1.000000000000000000, -8.249999999999998224, 33.00000000000000000 ) ) ;
#1082 = AXIS2_PLACEMENT_3D ( 'NONE', #2003, #348, #981 ) ;
#1083 = ORIENTED_EDGE ( 'NONE', *, *, #1014, .T. ) ;
#1084 = VECTOR ( 'NONE', #1266, 1000.000000000000000 ) ;
#1085 = AXIS2_PLACEMENT_3D ( 'NONE', #2461, #847, #1429 ) ;
#1086 = CARTESIAN_POINT ( 'NONE',  ( 12.50000000000000000, -7.500000000000000000, 29.50000000000000355 ) ) ;
#1087 = ORIENTED_EDGE ( 'NONE', *, *, #1027, .F. ) ;
#1088 = CARTESIAN_POINT ( 'NONE',  ( -9.125000000000000000, 14.50000000000000178, -5.587451021109797051E-16 ) ) ;
#1089 = DIRECTION ( 'NONE',  ( -1.000000000000000000, 0.000000000000000000, 0.000000000000000000 ) ) ;
#1090 = ORIENTED_EDGE ( 'NONE', *, *, #2455, .F. ) ;
#1091 = CARTESIAN_POINT ( 'NONE',  ( 4.000000000000000000, 16.75000000000000355, 35.00000000000000000 ) ) ;
#1092 = PLANE ( 'NONE',  #1947 ) ;
#1093 = CARTESIAN_POINT ( 'NONE',  ( -4.000000000000000000, -16.75000000000000355, 35.00000000000000000 ) ) ;
#1094 = EDGE_CURVE ( 'NONE', #1728, #600, #2069, .T. ) ;
#1095 = FACE_OUTER_BOUND ( 'NONE', #615, .T. ) ;
#1096 = CARTESIAN_POINT ( 'NONE',  ( 14.00000000000000000, -12.50000000000000000, 35.00000000000000000 ) ) ;
#1097 = ORIENTED_EDGE ( 'NONE', *, *, #1680, .F. ) ;
#1098 = FACE_OUTER_BOUND ( 'NONE', #959, .T. ) ;
#1099 = ORIENTED_EDGE ( 'NONE', *, *, #2046, .T. ) ;
#1100 = CARTESIAN_POINT ( 'NONE',  ( 12.50000000000000000, -7.500000000000000000, 33.00000000000000000 ) ) ;
#1101 = FACE_OUTER_BOUND ( 'NONE', #1037, .T. ) ;
#1102 = VERTEX_POINT ( 'NONE', #506 ) ;
#1103 =( NAMED_UNIT ( * ) SI_UNIT ( $, .STERADIAN. ) SOLID_ANGLE_UNIT ( ) );
#1104 = DIRECTION ( 'NONE',  ( 0.000000000000000000, 0.000000000000000000, -1.000000000000000000 ) ) ;
#1105 = DIRECTION ( 'NONE',  ( -0.000000000000000000, -1.000000000000000000, -0.000000000000000000 ) ) ;
#1106 = DIRECTION ( 'NONE',  ( -0.000000000000000000, -0.000000000000000000, 1.000000000000000000 ) ) ;
#1107 = PLANE ( 'NONE',  #1340 ) ;
#1108 = CYLINDRICAL_SURFACE ( 'NONE', #1242, 2.000000000000000000 ) ;
#1109 = EDGE_CURVE ( 'NONE', #2395, #1166, #1689, .T. ) ;
#1110 = VERTEX_POINT ( 'NONE', #1309 ) ;
#1111 = CARTESIAN_POINT ( 'NONE',  ( -16.00000000000000355, -2.889999999999949498, 23.01499999999996859 ) ) ;
#1112 = ORIENTED_EDGE ( 'NONE', *, *, #1358, .F. ) ;
#1113 = EDGE_CURVE ( 'NONE', #17, #600, #1138, .T. ) ;
#1114 = CARTESIAN_POINT ( 'NONE',  ( 5.000000000000000000, -18.50000000000000355, 0.000000000000000000 ) ) ;
#1115 = DIRECTION ( 'NONE',  ( 0.000000000000000000, -0.000000000000000000, -1.000000000000000000 ) ) ;
#1116 = ORIENTED_EDGE ( 'NONE', *, *, #2638, .F. ) ;
#1117 =( NAMED_UNIT ( * ) PLANE_ANGLE_UNIT ( ) SI_UNIT ( $, .RADIAN. ) );
#1118 = LINE ( 'NONE', #350, #2243 ) ;
#1119 = AXIS2_PLACEMENT_3D ( 'NONE', #198, #823, #1414 ) ;
#1120 = DIRECTION ( 'NONE',  ( 0.000000000000000000, 1.000000000000000000, 0.000000000000000000 ) ) ;
#1121 = VECTOR ( 'NONE', #1195, 1000.000000000000000 ) ;
#1122 = CARTESIAN_POINT ( 'NONE',  ( -1.000000000000000000, -7.499999999999998224, 42.28010988928051717 ) ) ;
#1123 = CARTESIAN_POINT ( 'NONE',  ( -12.50000000000000000, 14.50000000000000178, 33.00000000000000000 ) ) ;
#1124 = VECTOR ( 'NONE', #688, 1000.000000000000000 ) ;
#1125 = DIRECTION ( 'NONE',  ( 0.000000000000000000, -0.000000000000000000, 1.000000000000000000 ) ) ;
#1126 = VECTOR ( 'NONE', #2139, 1000.000000000000000 ) ;
#1127 = ORIENTED_EDGE ( 'NONE', *, *, #1444, .F. ) ;
#1128 = DIRECTION ( 'NONE',  ( -0.000000000000000000, 0.000000000000000000, 1.000000000000000000 ) ) ;
#1129 = EDGE_LOOP ( 'NONE', ( #2065, #300, #137, #444, #2526, #756 ) ) ;
#1130 = CARTESIAN_POINT ( 'NONE',  ( -4.000000000000000000, 16.75000000000000355, 35.00000000000000000 ) ) ;
#1131 = AXIS2_PLACEMENT_3D ( 'NONE', #1871, #203, #1442 ) ;
#1132 = EDGE_CURVE ( 'NONE', #1775, #187, #862, .T. ) ;
#1133 = AXIS2_PLACEMENT_3D ( 'NONE', #1587, #2207, #353 ) ;
#1134 = CARTESIAN_POINT ( 'NONE',  ( -4.000000000000000000, 15.00000000000000355, -0.001000000000001000089 ) ) ;
#1135 = EDGE_LOOP ( 'NONE', ( #1683, #1303, #293, #565, #466 ) ) ;
#1136 = PRODUCT_CONTEXT ( 'NONE', #1218, 'mechanical' ) ;
#1137 = LINE ( 'NONE', #1541, #819 ) ;
#1138 = LINE ( 'NONE', #295, #2382 ) ;
#1139 = CYLINDRICAL_SURFACE ( 'NONE', #537, 5.999999999999998224 ) ;
#1140 = LINE ( 'NONE', #355, #179 ) ;
#1141 = CARTESIAN_POINT ( 'NONE',  ( 6.000000000000000000, 18.50000000000000355, 35.00000000000000000 ) ) ;
#1142 = VERTEX_POINT ( 'NONE', #903 ) ;
#1143 = ORIENTED_EDGE ( 'NONE', *, *, #543, .F. ) ;
#1144 = DIRECTION ( 'NONE',  ( -1.000000000000000000, 0.000000000000000000, 0.000000000000000000 ) ) ;
#1145 = ADVANCED_FACE ( 'NONE', ( #1965 ), #1740, .F. ) ;
#1146 = CARTESIAN_POINT ( 'NONE',  ( -16.00100000000001899, 25.00000000000001776, 11.50000000000000355 ) ) ;
#1147 = ORIENTED_EDGE ( 'NONE', *, *, #700, .T. ) ;
#1148 = DIRECTION ( 'NONE',  ( 0.000000000000000000, -1.000000000000000000, 0.000000000000000000 ) ) ;
#1149 = CARTESIAN_POINT ( 'NONE',  ( 11.99999999999998934, 14.50000000000000178, 7.499999999999999112 ) ) ;
#1150 = LINE ( 'NONE', #1093, #2001 ) ;
#1151 = CARTESIAN_POINT ( 'NONE',  ( -8.875000000000000000, 7.000000000000002665, 1.749999999999999334 ) ) ;
#1152 = PLANE ( 'NONE',  #259 ) ;
#1153 = ORIENTED_EDGE ( 'NONE', *, *, #329, .F. ) ;
#1154 = ORIENTED_EDGE ( 'NONE', *, *, #1962, .T. ) ;
#1155 = LINE ( 'NONE', #1330, #1073 ) ;
#1156 = LINE ( 'NONE', #2597, #308 ) ;
#1157 = ORIENTED_EDGE ( 'NONE', *, *, #1132, .T. ) ;
#1158 = CARTESIAN_POINT ( 'NONE',  ( -11.50000000000000000, -7.500000000000000000, 20.50294904510285221 ) ) ;
#1159 = LINE ( 'NONE', #719, #432 ) ;
#1160 = CARTESIAN_POINT ( 'NONE',  ( -4.000000000000000000, 15.00000000000000355, 35.00000000000000000 ) ) ;
#1161 = VECTOR ( 'NONE', #547, 1000.000000000000000 ) ;
#1162 = CARTESIAN_POINT ( 'NONE',  ( 1.000000000000000000, -7.499999999999998224, 42.28010988928051717 ) ) ;
#1163 = EDGE_CURVE ( 'NONE', #838, #2230, #2561, .T. ) ;
#1164 = AXIS2_PLACEMENT_3D ( 'NONE', #883, #659, #2538 ) ;
#1165 = CARTESIAN_POINT ( 'NONE',  ( 6.000000000000000000, 15.50000000000000355, 35.00000000000000000 ) ) ;
#1166 = VERTEX_POINT ( 'NONE', #1365 ) ;
#1167 = VECTOR ( 'NONE', #1268, 1000.000000000000000 ) ;
#1168 = ORIENTED_EDGE ( 'NONE', *, *, #1639, .F. ) ;
#1169 = AXIS2_PLACEMENT_3D ( 'NONE', #518, #762, #1353 ) ;
#1170 = CIRCLE ( 'NONE', #2605, 5.999999999999994671 ) ;
#1171 = DIRECTION ( 'NONE',  ( 0.000000000000000000, -1.000000000000000000, 0.000000000000000000 ) ) ;
#1172 = ORIENTED_EDGE ( 'NONE', *, *, #22, .T. ) ;
#1173 = DIRECTION ( 'NONE',  ( -1.000000000000000000, 0.000000000000000000, -0.000000000000000000 ) ) ;
#1174 = CIRCLE ( 'NONE', #15, 2.000000000000000000 ) ;
#1175 = CARTESIAN_POINT ( 'NONE',  ( -16.00000000000000000, -14.49999999999999822, 35.00000000000000000 ) ) ;
#1176 = VECTOR ( 'NONE', #1491, 1000.000000000000000 ) ;
#1177 = PLANE ( 'NONE',  #650 ) ;
#1178 = PLANE ( 'NONE',  #2165 ) ;
#1179 = EDGE_CURVE ( 'NONE', #1517, #2635, #2148, .T. ) ;
#1180 = DIRECTION ( 'NONE',  ( 1.000000000000000000, 0.000000000000000000, 0.000000000000000000 ) ) ;
#1181 = ORIENTED_EDGE ( 'NONE', *, *, #372, .F. ) ;
#1182 = ORIENTED_EDGE ( 'NONE', *, *, #1597, .T. ) ;
#1183 = DIRECTION ( 'NONE',  ( -1.000000000000000000, 0.000000000000000000, 0.000000000000000000 ) ) ;
#1184 = ORIENTED_EDGE ( 'NONE', *, *, #633, .T. ) ;
#1185 = DIRECTION ( 'NONE',  ( 0.000000000000000000, 0.000000000000000000, 1.000000000000000000 ) ) ;
#1186 = VERTEX_POINT ( 'NONE', #1149 ) ;
#1187 = CARTESIAN_POINT ( 'NONE',  ( 16.00100000000000477, 2.360000000000058495, 23.01499999999996859 ) ) ;
#1188 = PLANE ( 'NONE',  #1461 ) ;
#1189 = LINE ( 'NONE', #2020, #357 ) ;
#1190 = ORIENTED_EDGE ( 'NONE', *, *, #2361, .F. ) ;
#1191 = VERTEX_POINT ( 'NONE', #1988 ) ;
#1192 = ADVANCED_FACE ( 'NONE', ( #2384 ), #1778, .T. ) ;
#1193 = DIRECTION ( 'NONE',  ( -0.000000000000000000, -0.000000000000000000, -1.000000000000000000 ) ) ;
#1194 = ORIENTED_EDGE ( 'NONE', *, *, #1484, .T. ) ;
#1195 = DIRECTION ( 'NONE',  ( -0.000000000000000000, -0.000000000000000000, 1.000000000000000000 ) ) ;
#1196 = EDGE_CURVE ( 'NONE', #234, #2305, #1949, .T. ) ;
#1197 = ORIENTED_EDGE ( 'NONE', *, *, #923, .T. ) ;
#1198 = LINE ( 'NONE', #191, #2393 ) ;
#1199 = CARTESIAN_POINT ( 'NONE',  ( 1.000000000000000000, -7.499999999999998224, 0.000000000000000000 ) ) ;
#1200 = CARTESIAN_POINT ( 'NONE',  ( 11.50000000000000000, -43.21064267133819925, 7.499999999999999112 ) ) ;
#1201 = ORIENTED_EDGE ( 'NONE', *, *, #1857, .F. ) ;
#1202 = VECTOR ( 'NONE', #1720, 1000.000000000000000 ) ;
#1203 = ORIENTED_EDGE ( 'NONE', *, *, #275, .T. ) ;
#1204 = VECTOR ( 'NONE', #1368, 1000.000000000000000 ) ;
#1205 = PLANE ( 'NONE',  #997 ) ;
#1206 = ORIENTED_EDGE ( 'NONE', *, *, #815, .T. ) ;
#1207 = EDGE_CURVE ( 'NONE', #1362, #2063, #1159, .T. ) ;
#1208 = LINE ( 'NONE', #174, #6 ) ;
#1209 = VECTOR ( 'NONE', #1752, 1000.000000000000000 ) ;
#1210 = AXIS2_PLACEMENT_3D ( 'NONE', #681, #657, #499 ) ;
#1211 = VERTEX_POINT ( 'NONE', #102 ) ;
#1212 = LINE ( 'NONE', #2196, #2564 ) ;
#1213 = DIRECTION ( 'NONE',  ( -0.000000000000000000, 1.000000000000000000, -0.000000000000000000 ) ) ;
#1214 = VECTOR ( 'NONE', #2306, 1000.000000000000000 ) ;
#1215 = LINE ( 'NONE', #1344, #1001 ) ;
#1216 = VERTEX_POINT ( 'NONE', #936 ) ;
#1217 = ORIENTED_EDGE ( 'NONE', *, *, #2534, .T. ) ;
#1218 = APPLICATION_CONTEXT ( 'automotive_design' ) ;
#1219 = LINE ( 'NONE', #1446, #2339 ) ;
#1220 = ORIENTED_EDGE ( 'NONE', *, *, #2116, .F. ) ;
#1221 = ADVANCED_FACE ( 'NONE', ( #2369 ), #2615, .F. ) ;
#1222 = DIRECTION ( 'NONE',  ( 1.000000000000000000, 0.000000000000000000, 0.000000000000000000 ) ) ;
#1223 = ADVANCED_FACE ( 'NONE', ( #2182 ), #1796, .T. ) ;
#1224 = ORIENTED_EDGE ( 'NONE', *, *, #1857, .T. ) ;
#1225 = LINE ( 'NONE', #57, #2649 ) ;
#1226 = EDGE_CURVE ( 'NONE', #250, #1623, #1333, .T. ) ;
#1227 = DIRECTION ( 'NONE',  ( 0.000000000000000000, -0.000000000000000000, -1.000000000000000000 ) ) ;
#1228 = DIRECTION ( 'NONE',  ( 1.000000000000000000, 0.000000000000000000, 0.000000000000000000 ) ) ;
#1229 = ORIENTED_EDGE ( 'NONE', *, *, #1751, .F. ) ;
#1230 = VERTEX_POINT ( 'NONE', #2167 ) ;
#1231 = DIRECTION ( 'NONE',  ( -0.000000000000000000, -0.000000000000000000, -1.000000000000000000 ) ) ;
#1232 = VERTEX_POINT ( 'NONE', #1767 ) ;
#1233 = DIRECTION ( 'NONE',  ( 0.000000000000000000, 1.000000000000000000, 0.000000000000000000 ) ) ;
#1234 = EDGE_CURVE ( 'NONE', #799, #1359, #312, .T. ) ;
#1235 = VERTEX_POINT ( 'NONE', #2410 ) ;
#1236 = EDGE_CURVE ( 'NONE', #2360, #177, #2353, .T. ) ;
#1237 = DIRECTION ( 'NONE',  ( 0.000000000000000000, 0.000000000000000000, -1.000000000000000000 ) ) ;
#1238 = DIRECTION ( 'NONE',  ( 0.000000000000000000, -1.000000000000000000, 0.000000000000000000 ) ) ;
#1239 = EDGE_CURVE ( 'NONE', #1439, #556, #126, .T. ) ;
#1240 = UNCERTAINTY_MEASURE_WITH_UNIT (LENGTH_MEASURE( 1.000000000000000082E-05 ), #1963, 'distance_accuracy_value', 'NONE');
#1241 = ORIENTED_EDGE ( 'NONE', *, *, #2298, .T. ) ;
#1242 = AXIS2_PLACEMENT_3D ( 'NONE', #2532, #2344, #1701 ) ;
#1243 = EDGE_CURVE ( 'NONE', #1564, #234, #877, .T. ) ;
#1244 = FACE_OUTER_BOUND ( 'NONE', #825, .T. ) ;
#1245 = ORIENTED_EDGE ( 'NONE', *, *, #2070, .T. ) ;
#1246 = DIRECTION ( 'NONE',  ( 0.000000000000000000, 0.000000000000000000, 1.000000000000000000 ) ) ;
#1247 = AXIS2_PLACEMENT_3D ( 'NONE', #711, #1356, #1562 ) ;
#1248 = VECTOR ( 'NONE', #256, 1000.000000000000000 ) ;
#1249 = EDGE_LOOP ( 'NONE', ( #1613, #926, #232, #741 ) ) ;
#1250 = PLANE ( 'NONE',  #791 ) ;
#1251 = VECTOR ( 'NONE', #1984, 1000.000000000000000 ) ;
#1252 = CARTESIAN_POINT ( 'NONE',  ( 6.000000000000000000, 18.50000000000000355, 33.00000000000000000 ) ) ;
#1253 = CARTESIAN_POINT ( 'NONE',  ( -4.000000000000000000, 16.75000000000000355, -0.001000000000001000089 ) ) ;
#1254 = VECTOR ( 'NONE', #1040, 1000.000000000000000 ) ;
#1255 = AXIS2_PLACEMENT_3D ( 'NONE', #1440, #2499, #2267 ) ;
#1256 = CARTESIAN_POINT ( 'NONE',  ( 6.000000000000000000, -18.50000000000000355, 33.00000000000000000 ) ) ;
#1257 = EDGE_CURVE ( 'NONE', #1307, #1186, #104, .T. ) ;
#1258 = ORIENTED_EDGE ( 'NONE', *, *, #2665, .T. ) ;
#1259 = LINE ( 'NONE', #1435, #1343 ) ;
#1260 = EDGE_LOOP ( 'NONE', ( #2249, #124, #2660, #2408 ) ) ;
#1261 = EDGE_CURVE ( 'NONE', #1397, #2063, #2506, .T. ) ;
#1262 = FACE_OUTER_BOUND ( 'NONE', #121, .T. ) ;
#1263 = ORIENTED_EDGE ( 'NONE', *, *, #270, .F. ) ;
#1264 = CARTESIAN_POINT ( 'NONE',  ( 13.99999999999999112, 12.50000000000000178, 0.000000000000000000 ) ) ;
#1265 = FACE_BOUND ( 'NONE', #999, .T. ) ;
#1266 = DIRECTION ( 'NONE',  ( 0.000000000000000000, 0.000000000000000000, -1.000000000000000000 ) ) ;
#1267 = LINE ( 'NONE', #87, #2642 ) ;
#1268 = DIRECTION ( 'NONE',  ( -0.000000000000000000, -0.000000000000000000, 1.000000000000000000 ) ) ;
#1269 = ORIENTED_EDGE ( 'NONE', *, *, #62, .F. ) ;
#1270 = DIRECTION ( 'NONE',  ( -0.000000000000000000, 1.000000000000000000, -0.000000000000000000 ) ) ;
#1271 = VERTEX_POINT ( 'NONE', #1123 ) ;
#1272 = CARTESIAN_POINT ( 'NONE',  ( -11.12500000000000000, 14.50000000000000178, 4.999999999999999112 ) ) ;
#1273 = EDGE_CURVE ( 'NONE', #437, #1646, #2296, .T. ) ;
#1274 = CARTESIAN_POINT ( 'NONE',  ( 11.99999999999998934, -10.32842712474619340, 7.500000000000000000 ) ) ;
#1275 = ORIENTED_EDGE ( 'NONE', *, *, #2469, .F. ) ;
#1276 = CYLINDRICAL_SURFACE ( 'NONE', #1912, 1.000000000000000000 ) ;
#1277 = LINE ( 'NONE', #2351, #642 ) ;
#1278 = FACE_OUTER_BOUND ( 'NONE', #2551, .T. ) ;
#1279 = DIRECTION ( 'NONE',  ( -2.392722035830078972E-16, 1.000000000000000000, 0.000000000000000000 ) ) ;
#1280 = PLANE ( 'NONE',  #11 ) ;
#1281 = CARTESIAN_POINT ( 'NONE',  ( -9.125000000000000000, 14.50000000000000178, 1.749999999999999334 ) ) ;
#1282 = VERTEX_POINT ( 'NONE', #1062 ) ;
#1283 = DIRECTION ( 'NONE',  ( 0.6000000000000038636, 0.000000000000000000, 0.7999999999999970468 ) ) ;
#1284 = ORIENTED_EDGE ( 'NONE', *, *, #1697, .F. ) ;
#1285 = CARTESIAN_POINT ( 'NONE',  ( -11.50000000000000000, -7.500000000000000000, 29.50000000000000355 ) ) ;
#1286 = ADVANCED_FACE ( 'NONE', ( #1297 ), #1280, .F. ) ;
#1287 = DIRECTION ( 'NONE',  ( -1.000000000000000000, 0.000000000000000000, 0.000000000000000000 ) ) ;
#1288 = EDGE_LOOP ( 'NONE', ( #2402, #359, #1153, #168, #374, #2415, #971 ) ) ;
#1289 = ADVANCED_FACE ( 'NONE', ( #1892 ), #1107, .F. ) ;
#1290 = DIRECTION ( 'NONE',  ( 1.000000000000000000, 0.000000000000000000, 0.000000000000000000 ) ) ;
#1291 = EDGE_LOOP ( 'NONE', ( #1490, #2556, #1650, #2042 ) ) ;
#1292 = VECTOR ( 'NONE', #715, 1000.000000000000000 ) ;
#1293 = AXIS2_PLACEMENT_3D ( 'NONE', #575, #180, #1441 ) ;
#1294 = PLANE ( 'NONE',  #347 ) ;
#1295 = FACE_OUTER_BOUND ( 'NONE', #1996, .T. ) ;
#1296 = VECTOR ( 'NONE', #1976, 1000.000000000000000 ) ;
#1297 = FACE_OUTER_BOUND ( 'NONE', #617, .T. ) ;
#1298 = CYLINDRICAL_SURFACE ( 'NONE', #2204, 2.000000000000000000 ) ;
#1299 = VECTOR ( 'NONE', #1829, 1000.000000000000000 ) ;
#1300 = VERTEX_POINT ( 'NONE', #44 ) ;
#1301 = CIRCLE ( 'NONE', #1041, 5.250000000000000000 ) ;
#1302 = AXIS2_PLACEMENT_3D ( 'NONE', #948, #2386, #116 ) ;
#1303 = ORIENTED_EDGE ( 'NONE', *, *, #1534, .F. ) ;
#1304 = LINE ( 'NONE', #836, #1685 ) ;
#1305 = CARTESIAN_POINT ( 'NONE',  ( -11.12500000000000000, 14.50000000000000178, 4.999999999999999112 ) ) ;
#1306 = VERTEX_POINT ( 'NONE', #710 ) ;
#1307 = VERTEX_POINT ( 'NONE', #1758 ) ;
#1308 = EDGE_CURVE ( 'NONE', #2035, #1306, #1712, .T. ) ;
#1309 = CARTESIAN_POINT ( 'NONE',  ( 15.99999999999999289, 12.50000000000000533, 23.49999999999999289 ) ) ;
#1310 = LINE ( 'NONE', #86, #2044 ) ;
#1311 = DIRECTION ( 'NONE',  ( -1.000000000000000000, -1.239088197126290570E-16, 0.000000000000000000 ) ) ;
#1312 = EDGE_CURVE ( 'NONE', #404, #2484, #2554, .T. ) ;
#1313 = EDGE_CURVE ( 'NONE', #1945, #1369, #273, .T. ) ;
#1314 = DIRECTION ( 'NONE',  ( -0.000000000000000000, -0.000000000000000000, -1.000000000000000000 ) ) ;
#1315 = ORIENTED_EDGE ( 'NONE', *, *, #275, .F. ) ;
#1316 = CARTESIAN_POINT ( 'NONE',  ( -11.12500000000000000, -7.499999999999999112, 4.999999999999999112 ) ) ;
#1317 = ORIENTED_EDGE ( 'NONE', *, *, #1711, .F. ) ;
#1318 = FACE_OUTER_BOUND ( 'NONE', #2014, .T. ) ;
#1319 = CARTESIAN_POINT ( 'NONE',  ( -11.12500000000000000, 14.50000000000000178, 1.749999999999999334 ) ) ;
#1320 = EDGE_LOOP ( 'NONE', ( #599, #48, #470, #2128 ) ) ;
#1321 = APPLICATION_PROTOCOL_DEFINITION ( 'draft international standard', 'automotive_design', 1998, #1218 ) ;
#1322 = DIRECTION ( 'NONE',  ( 1.000000000000000000, 0.000000000000000000, 0.000000000000000000 ) ) ;
#1323 = CARTESIAN_POINT ( 'NONE',  ( 16.00100000000000477, -2.889999999999941505, 23.01499999999996859 ) ) ;
#1324 = CARTESIAN_POINT ( 'NONE',  ( -12.50000000000000000, -43.21064267133819925, 29.50000000000000355 ) ) ;
#1325 = LINE ( 'NONE', #2151, #1462 ) ;
#1326 = DIRECTION ( 'NONE',  ( 0.000000000000000000, 0.000000000000000000, -1.000000000000000000 ) ) ;
#1327 = ADVANCED_FACE ( 'NONE', ( #1095 ), #863, .T. ) ;
#1328 = ORIENTED_EDGE ( 'NONE', *, *, #2059, .F. ) ;
#1329 = ORIENTED_EDGE ( 'NONE', *, *, #2620, .F. ) ;
#1330 = CARTESIAN_POINT ( 'NONE',  ( -9.125000000000000000, 14.50000000000000178, -5.587451021109797051E-16 ) ) ;
#1331 = ORIENTED_EDGE ( 'NONE', *, *, #75, .F. ) ;
#1332 = DIRECTION ( 'NONE',  ( 0.000000000000000000, 0.000000000000000000, -1.000000000000000000 ) ) ;
#1333 = LINE ( 'NONE', #707, #1036 ) ;
#1334 = CIRCLE ( 'NONE', #2328, 2.000000000000000000 ) ;
#1335 = EDGE_CURVE ( 'NONE', #227, #1271, #1726, .T. ) ;
#1336 = CARTESIAN_POINT ( 'NONE',  ( 11.12500000000000000, 14.50000000000000178, 4.999999999999999112 ) ) ;
#1337 = DIRECTION ( 'NONE',  ( 0.000000000000000000, -0.000000000000000000, 1.000000000000000000 ) ) ;
#1338 = AXIS2_PLACEMENT_3D ( 'NONE', #675, #494, #2083 ) ;
#1339 = CARTESIAN_POINT ( 'NONE',  ( 4.000000000000000000, -15.00000000000000355, 33.00000000000000000 ) ) ;
#1340 = AXIS2_PLACEMENT_3D ( 'NONE', #2324, #1311, #2311 ) ;
#1341 = EDGE_LOOP ( 'NONE', ( #2105, #1673, #810, #12 ) ) ;
#1342 = EDGE_CURVE ( 'NONE', #2230, #738, #1911, .T. ) ;
#1343 = VECTOR ( 'NONE', #842, 1000.000000000000000 ) ;
#1344 = CARTESIAN_POINT ( 'NONE',  ( -12.50000000000000000, -7.500000000000000000, 33.00000000000000000 ) ) ;
#1345 = ORIENTED_EDGE ( 'NONE', *, *, #1485, .F. ) ;
#1346 = CYLINDRICAL_SURFACE ( 'NONE', #780, 1.000000000000000000 ) ;
#1347 = AXIS2_PLACEMENT_3D ( 'NONE', #1761, #2175, #1180 ) ;
#1348 = AXIS2_PLACEMENT_3D ( 'NONE', #1336, #2341, #495 ) ;
#1349 = ADVANCED_FACE ( 'NONE', ( #2544 ), #690, .T. ) ;
#1350 = FACE_OUTER_BOUND ( 'NONE', #1580, .T. ) ;
#1351 = VERTEX_POINT ( 'NONE', #2531 ) ;
#1352 = DIRECTION ( 'NONE',  ( -1.000000000000000000, 0.000000000000000000, 0.000000000000000000 ) ) ;
#1353 = DIRECTION ( 'NONE',  ( -1.000000000000000000, 0.000000000000000000, 0.000000000000000000 ) ) ;
#1354 = FACE_OUTER_BOUND ( 'NONE', #1826, .T. ) ;
#1355 = CARTESIAN_POINT ( 'NONE',  ( -4.000000000000000000, 16.75000000000000355, 33.00000000000000000 ) ) ;
#1356 = DIRECTION ( 'NONE',  ( 0.000000000000000000, 1.000000000000000000, -0.000000000000000000 ) ) ;
#1357 = ORIENTED_EDGE ( 'NONE', *, *, #383, .T. ) ;
#1358 = EDGE_CURVE ( 'NONE', #803, #1397, #1267, .T. ) ;
#1359 = VERTEX_POINT ( 'NONE', #1531 ) ;
#1360 = CARTESIAN_POINT ( 'NONE',  ( 13.99999999999999112, 25.00000000000001776, 23.49999999999999289 ) ) ;
#1361 = CARTESIAN_POINT ( 'NONE',  ( 7.000000000000000000, 15.50000000000000355, 35.00000000000000000 ) ) ;
#1362 = VERTEX_POINT ( 'NONE', #509 ) ;
#1363 = EDGE_CURVE ( 'NONE', #856, #1579, #1325, .T. ) ;
#1364 = CARTESIAN_POINT ( 'NONE',  ( 12.50000000000000000, 14.50000000000000178, 29.50000000000000355 ) ) ;
#1365 = CARTESIAN_POINT ( 'NONE',  ( -6.999999999999999112, -14.50000000000000178, 33.00000000000000000 ) ) ;
#1366 = CARTESIAN_POINT ( 'NONE',  ( -14.00000000000000000, -12.49999999999999822, 0.000000000000000000 ) ) ;
#1367 = DIRECTION ( 'NONE',  ( 0.000000000000000000, 1.000000000000000000, 0.000000000000000000 ) ) ;
#1368 = DIRECTION ( 'NONE',  ( -0.000000000000000000, -0.000000000000000000, 1.000000000000000000 ) ) ;
#1369 = VERTEX_POINT ( 'NONE', #448 ) ;
#1370 = ORIENTED_EDGE ( 'NONE', *, *, #199, .T. ) ;
#1371 = CARTESIAN_POINT ( 'NONE',  ( 15.99999999999999289, 12.50000000000000355, 0.000000000000000000 ) ) ;
#1372 = ORIENTED_EDGE ( 'NONE', *, *, #2238, .F. ) ;
#1373 = CARTESIAN_POINT ( 'NONE',  ( 6.000000000000000000, -18.50000000000000355, 35.00000000000000000 ) ) ;
#1374 = EDGE_CURVE ( 'NONE', #1413, #1702, #1699, .T. ) ;
#1375 = ADVANCED_FACE ( 'NONE', ( #2007 ), #939, .T. ) ;
#1376 = EDGE_LOOP ( 'NONE', ( #268, #680, #1331, #346, #160, #1033 ) ) ;
#1377 = DIRECTION ( 'NONE',  ( -0.000000000000000000, -1.000000000000000000, -0.000000000000000000 ) ) ;
#1378 = AXIS2_PLACEMENT_3D ( 'NONE', #204, #1856, #10 ) ;
#1379 = DIRECTION ( 'NONE',  ( 1.000000000000000000, 0.000000000000000000, 0.000000000000000000 ) ) ;
#1380 = VECTOR ( 'NONE', #2377, 1000.000000000000000 ) ;
#1381 = DIRECTION ( 'NONE',  ( 1.000000000000000000, -0.000000000000000000, 0.000000000000000000 ) ) ;
#1382 = EDGE_CURVE ( 'NONE', #794, #404, #328, .T. ) ;
#1383 = ORIENTED_EDGE ( 'NONE', *, *, #2394, .T. ) ;
#1384 = AXIS2_PLACEMENT_3D ( 'NONE', #253, #840, #2542 ) ;
#1385 = VECTOR ( 'NONE', #898, 1000.000000000000000 ) ;
#1386 = ORIENTED_EDGE ( 'NONE', *, *, #236, .T. ) ;
#1387 = VECTOR ( 'NONE', #894, 1000.000000000000000 ) ;
#1388 = LINE ( 'NONE', #1814, #2039 ) ;
#1389 = VERTEX_POINT ( 'NONE', #155 ) ;
#1390 = CARTESIAN_POINT ( 'NONE',  ( 1.000000000000000000, -8.249999999999998224, 27.00000000000000355 ) ) ;
#1391 = AXIS2_PLACEMENT_3D ( 'NONE', #1264, #609, #1071 ) ;
#1392 = ORIENTED_EDGE ( 'NONE', *, *, #452, .T. ) ;
#1393 = LINE ( 'NONE', #559, #492 ) ;
#1394 = EDGE_CURVE ( 'NONE', #1369, #413, #1810, .T. ) ;
#1395 = DIRECTION ( 'NONE',  ( 1.000000000000000000, -0.000000000000000000, -0.000000000000000000 ) ) ;
#1396 = CARTESIAN_POINT ( 'NONE',  ( 12.50000000000000000, 14.50000000000000178, 33.00000000000000000 ) ) ;
#1397 = VERTEX_POINT ( 'NONE', #775 ) ;
#1398 = ADVANCED_FACE ( 'NONE', ( #2578 ), #2606, .T. ) ;
#1399 = ORIENTED_EDGE ( 'NONE', *, *, #77, .T. ) ;
#1400 = EDGE_CURVE ( 'NONE', #2035, #2103, #315, .T. ) ;
#1401 = CARTESIAN_POINT ( 'NONE',  ( -14.00000000000000000, -14.49999999999999822, 35.00000000000000000 ) ) ;
#1402 = ORIENTED_EDGE ( 'NONE', *, *, #1363, .T. ) ;
#1403 = CARTESIAN_POINT ( 'NONE',  ( 9.125000000000000000, 6.500000000000005329, 1.749999999999999334 ) ) ;
#1404 = ORIENTED_EDGE ( 'NONE', *, *, #2589, .T. ) ;
#1405 = DIRECTION ( 'NONE',  ( 0.000000000000000000, -1.000000000000000000, 0.000000000000000000 ) ) ;
#1406 = EDGE_CURVE ( 'NONE', #738, #250, #1140, .T. ) ;
#1407 = FACE_OUTER_BOUND ( 'NONE', #2337, .T. ) ;
#1408 = LINE ( 'NONE', #1418, #2560 ) ;
#1409 = ORIENTED_EDGE ( 'NONE', *, *, #508, .T. ) ;
#1410 = EDGE_CURVE ( 'NONE', #2618, #942, #722, .T. ) ;
#1411 = ORIENTED_EDGE ( 'NONE', *, *, #2654, .F. ) ;
#1412 = CARTESIAN_POINT ( 'NONE',  ( -9.125000000000000000, 14.50000000000000178, -5.587451021109797051E-16 ) ) ;
#1413 = VERTEX_POINT ( 'NONE', #764 ) ;
#1414 = DIRECTION ( 'NONE',  ( 1.000000000000000000, 0.000000000000000000, 0.000000000000000000 ) ) ;
#1415 = ORIENTED_EDGE ( 'NONE', *, *, #2423, .T. ) ;
#1416 = DIRECTION ( 'NONE',  ( -0.000000000000000000, 0.000000000000000000, 1.000000000000000000 ) ) ;
#1417 = DIRECTION ( 'NONE',  ( 0.000000000000000000, 0.000000000000000000, -1.000000000000000000 ) ) ;
#1418 = CARTESIAN_POINT ( 'NONE',  ( 11.50000000000000178, 14.50000000000000178, 27.50000000000000355 ) ) ;
#1419 = VERTEX_POINT ( 'NONE', #1769 ) ;
#1420 = VECTOR ( 'NONE', #1817, 1000.000000000000000 ) ;
#1421 = ORIENTED_EDGE ( 'NONE', *, *, #1887, .F. ) ;
#1422 = ADVANCED_FACE ( 'NONE', ( #560 ), #2197, .F. ) ;
#1423 = CIRCLE ( 'NONE', #176, 0.6250000000000005551 ) ;
#1424 = FACE_OUTER_BOUND ( 'NONE', #1875, .T. ) ;
#1425 = ORIENTED_EDGE ( 'NONE', *, *, #1751, .T. ) ;
#1426 = CARTESIAN_POINT ( 'NONE',  ( -4.000000000000000000, 16.75000000000000355, 35.00000000000000000 ) ) ;
#1427 = VECTOR ( 'NONE', #1799, 1000.000000000000000 ) ;
#1428 = ORIENTED_EDGE ( 'NONE', *, *, #1207, .T. ) ;
#1429 = DIRECTION ( 'NONE',  ( 0.000000000000000000, 0.000000000000000000, 1.000000000000000000 ) ) ;
#1430 = LINE ( 'NONE', #2258, #992 ) ;
#1431 = VECTOR ( 'NONE', #1845, 1000.000000000000000 ) ;
#1432 = CYLINDRICAL_SURFACE ( 'NONE', #1791, 5.999999999999994671 ) ;
#1433 = DIRECTION ( 'NONE',  ( 1.000000000000000000, 0.000000000000000000, 0.000000000000000000 ) ) ;
#1434 = ORIENTED_EDGE ( 'NONE', *, *, #1675, .F. ) ;
#1435 = CARTESIAN_POINT ( 'NONE',  ( 6.000000000000000000, 18.50000000000000355, 33.00000000000000000 ) ) ;
#1436 = ORIENTED_EDGE ( 'NONE', *, *, #2190, .F. ) ;
#1437 = DIRECTION ( 'NONE',  ( -1.000000000000000000, 1.239088197126290570E-16, -0.000000000000000000 ) ) ;
#1438 = EDGE_CURVE ( 'NONE', #413, #76, #1577, .T. ) ;
#1439 = VERTEX_POINT ( 'NONE', #1355 ) ;
#1440 = CARTESIAN_POINT ( 'NONE',  ( -5.000000000000000000, 17.50000000000000000, 33.00000000000000000 ) ) ;
#1441 = DIRECTION ( 'NONE',  ( -0.000000000000000000, 0.000000000000000000, 1.000000000000000000 ) ) ;
#1442 = DIRECTION ( 'NONE',  ( 1.000000000000000000, 0.000000000000000000, 0.000000000000000000 ) ) ;
#1443 = ORIENTED_EDGE ( 'NONE', *, *, #1906, .T. ) ;
#1444 = EDGE_CURVE ( 'NONE', #76, #227, #538, .T. ) ;
#1445 = ORIENTED_EDGE ( 'NONE', *, *, #2374, .F. ) ;
#1446 = CARTESIAN_POINT ( 'NONE',  ( 11.50000000000000000, -7.500000000000000000, 7.499999999999999112 ) ) ;
#1447 = VERTEX_POINT ( 'NONE', #1782 ) ;
#1448 = CARTESIAN_POINT ( 'NONE',  ( -16.00000000000000000, -12.49999999999999289, 35.00000000000000000 ) ) ;
#1449 = VERTEX_POINT ( 'NONE', #1151 ) ;
#1450 = CARTESIAN_POINT ( 'NONE',  ( -1.000000000000000000, -7.499999999999998224, 42.28010988928051717 ) ) ;
#1451 = ADVANCED_FACE ( 'NONE', ( #1978 ), #1177, .T. ) ;
#1452 = EDGE_CURVE ( 'NONE', #2149, #895, #249, .T. ) ;
#1453 = CARTESIAN_POINT ( 'NONE',  ( -1.000000000000000000, -8.249999999999998224, 27.00000000000000355 ) ) ;
#1454 = DIRECTION ( 'NONE',  ( 0.000000000000000000, -1.000000000000000000, 0.000000000000000000 ) ) ;
#1455 = LINE ( 'NONE', #1281, #388 ) ;
#1456 = ORIENTED_EDGE ( 'NONE', *, *, #582, .F. ) ;
#1457 = CIRCLE ( 'NONE', #478, 2.000000000000001776 ) ;
#1458 = CARTESIAN_POINT ( 'NONE',  ( -4.000000000000000000, -16.75000000000000355, 33.00000000000000000 ) ) ;
#1459 = ORIENTED_EDGE ( 'NONE', *, *, #2633, .F. ) ;
#1460 = CARTESIAN_POINT ( 'NONE',  ( -6.000000000000000000, 18.50000000000000355, 35.00000000000000000 ) ) ;
#1461 = AXIS2_PLACEMENT_3D ( 'NONE', #986, #2629, #812 ) ;
#1462 = VECTOR ( 'NONE', #1468, 1000.000000000000000 ) ;
#1463 = ORIENTED_EDGE ( 'NONE', *, *, #1664, .T. ) ;
#1464 = LINE ( 'NONE', #1450, #1214 ) ;
#1465 = LINE ( 'NONE', #1479, #1859 ) ;
#1466 = PLANE ( 'NONE',  #2390 ) ;
#1467 = AXIS2_PLACEMENT_3D ( 'NONE', #1939, #1128, #465 ) ;
#1468 = DIRECTION ( 'NONE',  ( 1.734723475976806601E-16, 0.000000000000000000, 1.000000000000000000 ) ) ;
#1469 = VECTOR ( 'NONE', #5, 1000.000000000000000 ) ;
#1470 = LINE ( 'NONE', #2297, #1167 ) ;
#1471 = ADVANCED_FACE ( 'NONE', ( #1538 ), #456, .T. ) ;
#1472 = ORIENTED_EDGE ( 'NONE', *, *, #1109, .T. ) ;
#1473 = EDGE_CURVE ( 'NONE', #260, #895, #2539, .T. ) ;
#1474 = DIRECTION ( 'NONE',  ( -2.775557561562888393E-16, 1.000000000000000000, -0.000000000000000000 ) ) ;
#1475 = ORIENTED_EDGE ( 'NONE', *, *, #879, .F. ) ;
#1476 = LINE ( 'NONE', #2509, #257 ) ;
#1477 = ORIENTED_EDGE ( 'NONE', *, *, #449, .T. ) ;
#1478 = LINE ( 'NONE', #228, #59 ) ;
#1479 = CARTESIAN_POINT ( 'NONE',  ( 11.12500000000000000, 14.50000000000000178, 4.999999999999999112 ) ) ;
#1480 = CARTESIAN_POINT ( 'NONE',  ( 13.99999999999999112, 14.50000000000000178, 35.00000000000000000 ) ) ;
#1481 = DIRECTION ( 'NONE',  ( -1.000000000000000000, 0.000000000000000000, 0.000000000000000000 ) ) ;
#1482 = PLANE ( 'NONE',  #1031 ) ;
#1483 = ORIENTED_EDGE ( 'NONE', *, *, #287, .F. ) ;
#1484 = EDGE_CURVE ( 'NONE', #643, #766, #281, .T. ) ;
#1485 = EDGE_CURVE ( 'NONE', #1271, #1748, #1944, .T. ) ;
#1486 = FACE_OUTER_BOUND ( 'NONE', #459, .T. ) ;
#1487 = ORIENTED_EDGE ( 'NONE', *, *, #416, .T. ) ;
#1488 = DIRECTION ( 'NONE',  ( -1.000000000000000000, 0.000000000000000000, -0.000000000000000000 ) ) ;
#1489 = PLANE ( 'NONE',  #610 ) ;
#1490 = ORIENTED_EDGE ( 'NONE', *, *, #417, .T. ) ;
#1491 = DIRECTION ( 'NONE',  ( 1.000000000000000000, 0.000000000000000000, 0.000000000000000000 ) ) ;
#1492 = ORIENTED_EDGE ( 'NONE', *, *, #1006, .F. ) ;
#1493 = APPLICATION_CONTEXT ( 'automotive_design' ) ;
#1494 = CARTESIAN_POINT ( 'NONE',  ( 9.125000000000000000, 6.500000000000003553, 0.000000000000000000 ) ) ;
#1495 = LINE ( 'NONE', #230, #146 ) ;
#1496 = DIRECTION ( 'NONE',  ( -1.000000000000000000, 0.000000000000000000, -0.000000000000000000 ) ) ;
#1497 = DIRECTION ( 'NONE',  ( 0.000000000000000000, 0.000000000000000000, -1.000000000000000000 ) ) ;
#1498 = EDGE_LOOP ( 'NONE', ( #70, #2626, #363, #552, #1477, #2623, #511, #658, #2533, #1524, #4, #2099, #2252, #988, #2416, #1723 ) ) ;
#1499 = VECTOR ( 'NONE', #932, 1000.000000000000000 ) ;
#1500 = SURFACE_STYLE_FILL_AREA ( #2129 ) ;
#1501 = EDGE_LOOP ( 'NONE', ( #282, #1969, #162, #1097, #621, #2275 ) ) ;
#1502 = ADVANCED_FACE ( 'NONE', ( #292 ), #68, .F. ) ;
#1503 = DIRECTION ( 'NONE',  ( -0.000000000000000000, -0.000000000000000000, 1.000000000000000000 ) ) ;
#1504 = VECTOR ( 'NONE', #242, 1000.000000000000000 ) ;
#1505 = LINE ( 'NONE', #930, #654 ) ;
#1506 = ORIENTED_EDGE ( 'NONE', *, *, #698, .T. ) ;
#1507 = EDGE_CURVE ( 'NONE', #1191, #2420, #1563, .T. ) ;
#1508 = EDGE_LOOP ( 'NONE', ( #133, #535, #1445, #1329 ) ) ;
#1509 = CIRCLE ( 'NONE', #2117, 1.000000000000000000 ) ;
#1510 = EDGE_CURVE ( 'NONE', #1794, #2478, #701, .T. ) ;
#1511 = VECTOR ( 'NONE', #341, 1000.000000000000000 ) ;
#1512 = DIRECTION ( 'NONE',  ( 1.000000000000000000, 0.000000000000000000, 0.000000000000000000 ) ) ;
#1513 = PLANE ( 'NONE',  #1348 ) ;
#1514 = CARTESIAN_POINT ( 'NONE',  ( 0.000000000000000000, -7.499999999999999112, 0.000000000000000000 ) ) ;
#1515 = DIRECTION ( 'NONE',  ( -0.000000000000000000, 0.000000000000000000, 1.000000000000000000 ) ) ;
#1516 = PRESENTATION_LAYER_ASSIGNMENT (  '', '', ( #571 ) ) ;
#1517 = VERTEX_POINT ( 'NONE', #685 ) ;
#1518 = VECTOR ( 'NONE', #1725, 1000.000000000000000 ) ;
#1519 = AXIS2_PLACEMENT_3D ( 'NONE', #1366, #2439, #368 ) ;
#1520 = DIRECTION ( 'NONE',  ( 0.000000000000000000, -1.000000000000000000, 0.000000000000000000 ) ) ;
#1521 = ORIENTED_EDGE ( 'NONE', *, *, #1802, .T. ) ;
#1522 = CARTESIAN_POINT ( 'NONE',  ( 11.99999999999998934, 14.50000000000000178, 25.50000000000000355 ) ) ;
#1523 = CARTESIAN_POINT ( 'NONE',  ( -6.000000000000000000, -15.50000000000000000, 35.00000000000000000 ) ) ;
#1524 = ORIENTED_EDGE ( 'NONE', *, *, #2318, .T. ) ;
#1525 = DIRECTION ( 'NONE',  ( -0.000000000000000000, 0.000000000000000000, 1.000000000000000000 ) ) ;
#1526 = DIRECTION ( 'NONE',  ( 0.000000000000000000, 1.000000000000000000, 0.000000000000000000 ) ) ;
#1527 = EDGE_CURVE ( 'NONE', #2547, #2395, #2102, .T. ) ;
#1528 = DIRECTION ( 'NONE',  ( -0.000000000000000000, 0.000000000000000000, 1.000000000000000000 ) ) ;
#1529 = EDGE_LOOP ( 'NONE', ( #1443, #245, #865, #2023 ) ) ;
#1530 = DIRECTION ( 'NONE',  ( 0.000000000000000000, -0.000000000000000000, -1.000000000000000000 ) ) ;
#1531 = CARTESIAN_POINT ( 'NONE',  ( -4.999999999999999112, 18.50000000000000355, 35.00000000000000000 ) ) ;
#1532 = PLANE ( 'NONE',  #2247 ) ;
#1533 = ORIENTED_EDGE ( 'NONE', *, *, #1626, .T. ) ;
#1534 = EDGE_CURVE ( 'NONE', #371, #2026, #99, .T. ) ;
#1535 = ORIENTED_EDGE ( 'NONE', *, *, #28, .T. ) ;
#1536 = LINE ( 'NONE', #501, #1942 ) ;
#1537 = EDGE_CURVE ( 'NONE', #667, #2360, #391, .T. ) ;
#1538 = FACE_OUTER_BOUND ( 'NONE', #1260, .T. ) ;
#1539 = ORIENTED_EDGE ( 'NONE', *, *, #1243, .F. ) ;
#1540 = DIRECTION ( 'NONE',  ( 0.000000000000000000, 0.000000000000000000, 1.000000000000000000 ) ) ;
#1541 = CARTESIAN_POINT ( 'NONE',  ( 12.50000000000000000, 14.50000000000000178, 33.00000000000000000 ) ) ;
#1542 = DIRECTION ( 'NONE',  ( -1.000000000000000000, -0.000000000000000000, -0.000000000000000000 ) ) ;
#1543 = ORIENTED_EDGE ( 'NONE', *, *, #399, .T. ) ;
#1544 = DIRECTION ( 'NONE',  ( 1.000000000000000000, 0.000000000000000000, 0.000000000000000000 ) ) ;
#1545 = ADVANCED_FACE ( 'NONE', ( #2571 ), #1918, .F. ) ;
#1546 = DIRECTION ( 'NONE',  ( -0.000000000000000000, -0.000000000000000000, -1.000000000000000000 ) ) ;
#1547 = LINE ( 'NONE', #966, #1644 ) ;
#1548 = ORIENTED_EDGE ( 'NONE', *, *, #2302, .T. ) ;
#1549 = ADVANCED_FACE ( 'NONE', ( #2584 ), #1489, .T. ) ;
#1550 = CYLINDRICAL_SURFACE ( 'NONE', #183, 1.000000000000000000 ) ;
#1551 = ORIENTED_EDGE ( 'NONE', *, *, #954, .T. ) ;
#1552 = DIRECTION ( 'NONE',  ( -0.000000000000000000, 1.000000000000000000, -0.000000000000000000 ) ) ;
#1553 = CYLINDRICAL_SURFACE ( 'NONE', #1999, 2.000000000000000000 ) ;
#1554 = ORIENTED_EDGE ( 'NONE', *, *, #221, .F. ) ;
#1555 = DIRECTION ( 'NONE',  ( 0.000000000000000000, 0.000000000000000000, -1.000000000000000000 ) ) ;
#1556 = CARTESIAN_POINT ( 'NONE',  ( -16.00000000000000711, 14.50000000000000178, 35.00000000000000000 ) ) ;
#1557 = AXIS2_PLACEMENT_3D ( 'NONE', #619, #1034, #2027 ) ;
#1558 = EDGE_LOOP ( 'NONE', ( #1621, #1661, #841, #288 ) ) ;
#1559 = LINE ( 'NONE', #1922, #830 ) ;
#1560 = CARTESIAN_POINT ( 'NONE',  ( -11.50000000000000000, -43.21064267133819925, 29.50000000000000355 ) ) ;
#1561 = AXIS2_PLACEMENT_3D ( 'NONE', #678, #1682, #2503 ) ;
#1562 = DIRECTION ( 'NONE',  ( 0.000000000000000000, 0.000000000000000000, 1.000000000000000000 ) ) ;
#1563 = CIRCLE ( 'NONE', #217, 1.000000000000000000 ) ;
#1564 = VERTEX_POINT ( 'NONE', #1305 ) ;
#1565 = VECTOR ( 'NONE', #1270, 1000.000000000000000 ) ;
#1566 = EDGE_CURVE ( 'NONE', #2202, #2635, #2319, .T. ) ;
#1567 = ORIENTED_EDGE ( 'NONE', *, *, #129, .F. ) ;
#1568 = DIRECTION ( 'NONE',  ( -1.000000000000000000, 0.000000000000000000, 0.000000000000000000 ) ) ;
#1569 = VECTOR ( 'NONE', #536, 1000.000000000000000 ) ;
#1570 = CIRCLE ( 'NONE', #1519, 2.000000000000000000 ) ;
#1571 = CARTESIAN_POINT ( 'NONE',  ( -4.000000000000000000, -15.00000000000000355, -0.001000000000001000089 ) ) ;
#1572 = ORIENTED_EDGE ( 'NONE', *, *, #2668, .T. ) ;
#1573 = CARTESIAN_POINT ( 'NONE',  ( -11.12500000000000000, -7.499999999999999112, 4.999999999999999112 ) ) ;
#1574 = DIRECTION ( 'NONE',  ( 1.000000000000000000, 0.000000000000000000, 0.000000000000000000 ) ) ;
#1575 = EDGE_LOOP ( 'NONE', ( #2366, #2350, #385, #918, #768, #464 ) ) ;
#1576 = CARTESIAN_POINT ( 'NONE',  ( 14.00000000000000000, -12.50000000000000000, 0.000000000000000000 ) ) ;
#1577 = LINE ( 'NONE', #1560, #2210 ) ;
#1578 = CARTESIAN_POINT ( 'NONE',  ( 11.12500000000000000, 14.50000000000000178, 4.999999999999999112 ) ) ;
#1579 = VERTEX_POINT ( 'NONE', #309 ) ;
#1580 = EDGE_LOOP ( 'NONE', ( #2608, #2073, #2, #541 ) ) ;
#1581 = EDGE_CURVE ( 'NONE', #1351, #1186, #265, .T. ) ;
#1582 = DIRECTION ( 'NONE',  ( -1.000000000000000000, 0.000000000000000000, 0.000000000000000000 ) ) ;
#1583 = ORIENTED_EDGE ( 'NONE', *, *, #1698, .T. ) ;
#1584 = CARTESIAN_POINT ( 'NONE',  ( -14.00000000000000711, 14.50000000000000178, 35.00000000000000000 ) ) ;
#1585 = DIRECTION ( 'NONE',  ( -1.000000000000000000, -0.000000000000000000, -0.000000000000000000 ) ) ;
#1586 = ORIENTED_EDGE ( 'NONE', *, *, #1400, .T. ) ;
#1587 = CARTESIAN_POINT ( 'NONE',  ( 13.99999999999999112, 12.50000000000000178, 11.50000000000000355 ) ) ;
#1588 = CARTESIAN_POINT ( 'NONE',  ( 11.50000000000000000, -10.00000000000000888, 29.50000000000000000 ) ) ;
#1589 = DIRECTION ( 'NONE',  ( 0.000000000000000000, 1.000000000000000000, -0.000000000000000000 ) ) ;
#1590 = ORIENTED_EDGE ( 'NONE', *, *, #1234, .T. ) ;
#1591 = ORIENTED_EDGE ( 'NONE', *, *, #1109, .F. ) ;
#1592 = EDGE_CURVE ( 'NONE', #483, #318, #1505, .T. ) ;
#1593 = ADVANCED_FACE ( 'NONE', ( #1101 ), #82, .T. ) ;
#1594 = CARTESIAN_POINT ( 'NONE',  ( -7.000000000000000000, 14.50000000000000178, 33.00000000000000000 ) ) ;
#1595 = ORIENTED_EDGE ( 'NONE', *, *, #1678, .T. ) ;
#1596 = CARTESIAN_POINT ( 'NONE',  ( 6.000000000000000000, -15.50000000000000000, 35.00000000000000000 ) ) ;
#1597 = EDGE_CURVE ( 'NONE', #738, #553, #1156, .T. ) ;
#1598 = ORIENTED_EDGE ( 'NONE', *, *, #633, .F. ) ;
#1599 = DIRECTION ( 'NONE',  ( -1.000000000000000000, 0.000000000000000000, -0.000000000000000000 ) ) ;
#1600 = VECTOR ( 'NONE', #2015, 1000.000000000000000 ) ;
#1601 = VECTOR ( 'NONE', #1773, 1000.000000000000000 ) ;
#1602 = CARTESIAN_POINT ( 'NONE',  ( 6.000000000000000000, -15.50000000000000000, 33.00000000000000000 ) ) ;
#1603 = DIRECTION ( 'NONE',  ( -1.000000000000000000, 0.000000000000000000, 0.000000000000000000 ) ) ;
#1604 = ORIENTED_EDGE ( 'NONE', *, *, #80, .F. ) ;
#1605 = CIRCLE ( 'NONE', #1561, 2.000000000000000000 ) ;
#1606 = AXIS2_PLACEMENT_3D ( 'NONE', #1514, #63, #2342 ) ;
#1607 = VERTEX_POINT ( 'NONE', #1371 ) ;
#1608 = AXIS2_PLACEMENT_3D ( 'NONE', #1200, #167, #1603 ) ;
#1609 = DIRECTION ( 'NONE',  ( -1.000000000000000000, -0.000000000000000000, -0.000000000000000000 ) ) ;
#1610 = ORIENTED_EDGE ( 'NONE', *, *, #403, .F. ) ;
#1611 = CARTESIAN_POINT ( 'NONE',  ( 11.12500000000000000, 14.50000000000000178, 1.749999999999999334 ) ) ;
#1612 = CIRCLE ( 'NONE', #149, 0.6250000000000005551 ) ;
#1613 = ORIENTED_EDGE ( 'NONE', *, *, #1698, .F. ) ;
#1614 = LINE ( 'NONE', #1809, #1747 ) ;
#1615 = ADVANCED_FACE ( 'NONE', ( #758 ), #1553, .T. ) ;
#1616 = CARTESIAN_POINT ( 'NONE',  ( 15.99999999999999645, -3.093567177839716255E-15, 11.50000000000000355 ) ) ;
#1617 = CARTESIAN_POINT ( 'NONE',  ( -6.000000000000000000, 18.50000000000000355, 33.00000000000000000 ) ) ;
#1618 = ORIENTED_EDGE ( 'NONE', *, *, #96, .F. ) ;
#1619 = ORIENTED_EDGE ( 'NONE', *, *, #833, .T. ) ;
#1620 = LINE ( 'NONE', #2041, #1649 ) ;
#1621 = ORIENTED_EDGE ( 'NONE', *, *, #2500, .F. ) ;
#1622 = LINE ( 'NONE', #1611, #88 ) ;
#1623 = VERTEX_POINT ( 'NONE', #2025 ) ;
#1624 = DIRECTION ( 'NONE',  ( 1.000000000000000000, 2.392722035830078972E-16, -0.000000000000000000 ) ) ;
#1625 = LINE ( 'NONE', #1854, #92 ) ;
#1626 = EDGE_CURVE ( 'NONE', #2646, #250, #2407, .T. ) ;
#1627 = DIRECTION ( 'NONE',  ( 0.000000000000000000, 0.000000000000000000, -1.000000000000000000 ) ) ;
#1628 = ORIENTED_EDGE ( 'NONE', *, *, #62, .T. ) ;
#1629 = VERTEX_POINT ( 'NONE', #745 ) ;
#1630 = LINE ( 'NONE', #2457, #1907 ) ;
#1631 = EDGE_LOOP ( 'NONE', ( #1872, #2176, #1936, #1780 ) ) ;
#1632 = CARTESIAN_POINT ( 'NONE',  ( -4.000000000000000000, -16.75000000000000355, -0.001000000000001000089 ) ) ;
#1633 = ORIENTED_EDGE ( 'NONE', *, *, #651, .T. ) ;
#1634 = LINE ( 'NONE', #458, #2217 ) ;
#1635 = FACE_OUTER_BOUND ( 'NONE', #1558, .T. ) ;
#1636 = CIRCLE ( 'NONE', #2545, 1.000000000000000888 ) ;
#1637 = LINE ( 'NONE', #157, #1910 ) ;
#1638 = CARTESIAN_POINT ( 'NONE',  ( 8.499999999999975131, -10.00000000000000888, 7.500000000000000000 ) ) ;
#1639 = EDGE_CURVE ( 'NONE', #1232, #956, #1170, .T. ) ;
#1640 = VECTOR ( 'NONE', #1964, 1000.000000000000000 ) ;
#1641 = AXIS2_PLACEMENT_3D ( 'NONE', #854, #468, #1899 ) ;
#1642 = ORIENTED_EDGE ( 'NONE', *, *, #1179, .T. ) ;
#1643 = ADVANCED_FACE ( 'NONE', ( #993 ), #2191, .T. ) ;
#1644 = VECTOR ( 'NONE', #2389, 1000.000000000000000 ) ;
#1645 = DIRECTION ( 'NONE',  ( 1.000000000000000000, 0.000000000000000000, -0.000000000000000000 ) ) ;
#1646 = VERTEX_POINT ( 'NONE', #555 ) ;
#1647 = LINE ( 'NONE', #581, #2418 ) ;
#1648 = VECTOR ( 'NONE', #2135, 1000.000000000000000 ) ;
#1649 = VECTOR ( 'NONE', #1231, 1000.000000000000000 ) ;
#1650 = ORIENTED_EDGE ( 'NONE', *, *, #96, .T. ) ;
#1651 = DIRECTION ( 'NONE',  ( -0.000000000000000000, -0.000000000000000000, 1.000000000000000000 ) ) ;
#1652 = AXIS2_PLACEMENT_3D ( 'NONE', #1324, #103, #2184 ) ;
#1653 = EDGE_CURVE ( 'NONE', #2288, #2271, #2435, .T. ) ;
#1654 = FACE_OUTER_BOUND ( 'NONE', #131, .T. ) ;
#1655 = VECTOR ( 'NONE', #72, 1000.000000000000000 ) ;
#1656 = PLANE ( 'NONE',  #1954 ) ;
#1657 = DIRECTION ( 'NONE',  ( -1.000000000000000000, 0.000000000000000000, 0.000000000000000000 ) ) ;
#1658 = EDGE_LOOP ( 'NONE', ( #2375, #182 ) ) ;
#1659 = EDGE_CURVE ( 'NONE', #682, #1211, #1806, .T. ) ;
#1660 = PLANE ( 'NONE',  #486 ) ;
#1661 = ORIENTED_EDGE ( 'NONE', *, *, #2654, .T. ) ;
#1662 = EDGE_CURVE ( 'NONE', #1439, #1671, #769, .T. ) ;
#1663 = DIRECTION ( 'NONE',  ( 1.000000000000000000, -1.239088197126290570E-16, 0.000000000000000000 ) ) ;
#1664 = EDGE_CURVE ( 'NONE', #2360, #1748, #567, .T. ) ;
#1665 = VERTEX_POINT ( 'NONE', #2419 ) ;
#1666 = CARTESIAN_POINT ( 'NONE',  ( 13.99999999999999822, -14.49999999999999822, 0.000000000000000000 ) ) ;
#1667 = EDGE_CURVE ( 'NONE', #1772, #1958, #1388, .T. ) ;
#1668 = LINE ( 'NONE', #2501, #2639 ) ;
#1669 = CARTESIAN_POINT ( 'NONE',  ( 15.99999999999999289, 12.50000000000000178, 35.00000000000000000 ) ) ;
#1670 = DIRECTION ( 'NONE',  ( 0.000000000000000000, 0.000000000000000000, -1.000000000000000000 ) ) ;
#1671 = VERTEX_POINT ( 'NONE', #2218 ) ;
#1672 = LINE ( 'NONE', #1412, #1865 ) ;
#1673 = ORIENTED_EDGE ( 'NONE', *, *, #2620, .T. ) ;
#1674 = PLANE ( 'NONE',  #2637 ) ;
#1675 = EDGE_CURVE ( 'NONE', #1702, #1166, #2650, .T. ) ;
#1676 = ORIENTED_EDGE ( 'NONE', *, *, #1113, .T. ) ;
#1677 = FACE_OUTER_BOUND ( 'NONE', #1249, .T. ) ;
#1678 = EDGE_CURVE ( 'NONE', #1801, #942, #2634, .T. ) ;
#1679 = LINE ( 'NONE', #1252, #1124 ) ;
#1680 = EDGE_CURVE ( 'NONE', #895, #2648, #529, .T. ) ;
#1681 = FACE_OUTER_BOUND ( 'NONE', #106, .T. ) ;
#1682 = DIRECTION ( 'NONE',  ( -0.000000000000000000, 0.000000000000000000, 1.000000000000000000 ) ) ;
#1683 = ORIENTED_EDGE ( 'NONE', *, *, #554, .T. ) ;
#1684 = VECTOR ( 'NONE', #1754, 1000.000000000000000 ) ;
#1685 = VECTOR ( 'NONE', #246, 1000.000000000000000 ) ;
#1686 = PRESENTATION_STYLE_ASSIGNMENT (( #1897 ) ) ;
#1687 = ORIENTED_EDGE ( 'NONE', *, *, #383, .F. ) ;
#1688 = CARTESIAN_POINT ( 'NONE',  ( -11.50000000000000000, 14.50000000000000178, 29.50000000000000355 ) ) ;
#1689 = CIRCLE ( 'NONE', #860, 1.000000000000000888 ) ;
#1690 = VECTOR ( 'NONE', #2185, 1000.000000000000000 ) ;
#1691 = ORIENTED_EDGE ( 'NONE', *, *, #1750, .T. ) ;
#1692 = ADVANCED_FACE ( 'NONE', ( #1350 ), #321, .F. ) ;
#1693 = CARTESIAN_POINT ( 'NONE',  ( 7.000000000000000000, 15.50000000000000355, 35.00000000000000000 ) ) ;
#1694 = CIRCLE ( 'NONE', #2122, 1.000000000000000000 ) ;
#1695 = LINE ( 'NONE', #1060, #47 ) ;
#1696 = DIRECTION ( 'NONE',  ( 1.239088197126290817E-16, -1.000000000000000000, 0.000000000000000000 ) ) ;
#1697 = EDGE_CURVE ( 'NONE', #1748, #279, #1694, .T. ) ;
#1698 = EDGE_CURVE ( 'NONE', #142, #794, #2470, .T. ) ;
#1699 = LINE ( 'NONE', #550, #1825 ) ;
#1700 = CIRCLE ( 'NONE', #751, 1.000000000000000000 ) ;
#1701 = DIRECTION ( 'NONE',  ( -1.000000000000000000, 0.000000000000000000, 0.000000000000000000 ) ) ;
#1702 = VERTEX_POINT ( 'NONE', #958 ) ;
#1703 = CARTESIAN_POINT ( 'NONE',  ( 4.000000000000000000, 16.75000000000000355, 35.00000000000000000 ) ) ;
#1704 = ORIENTED_EDGE ( 'NONE', *, *, #1991, .T. ) ;
#1705 = DIRECTION ( 'NONE',  ( -1.000000000000000000, 0.000000000000000000, 0.000000000000000000 ) ) ;
#1706 = DIRECTION ( 'NONE',  ( 0.000000000000000000, 0.000000000000000000, -1.000000000000000000 ) ) ;
#1707 = ORIENTED_EDGE ( 'NONE', *, *, #805, .T. ) ;
#1708 = ORIENTED_EDGE ( 'NONE', *, *, #1877, .T. ) ;
#1709 = DIRECTION ( 'NONE',  ( 1.000000000000000000, 0.000000000000000000, 0.000000000000000000 ) ) ;
#1710 = CARTESIAN_POINT ( 'NONE',  ( -9.125000000000000000, 7.500000000000002665, 0.000000000000000000 ) ) ;
#1711 = EDGE_CURVE ( 'NONE', #1230, #553, #2262, .T. ) ;
#1712 = LINE ( 'NONE', #2356, #1126 ) ;
#1713 = CARTESIAN_POINT ( 'NONE',  ( -16.00000000000000711, 14.50000000000000178, 35.00000000000000000 ) ) ;
#1714 = ADVANCED_FACE ( 'NONE', ( #1008 ), #16, .F. ) ;
#1715 = VERTEX_POINT ( 'NONE', #1054 ) ;
#1716 = EDGE_CURVE ( 'NONE', #1803, #799, #1259, .T. ) ;
#1717 = CARTESIAN_POINT ( 'NONE',  ( -12.50000000000000000, -7.500000000000000000, 33.00000000000000000 ) ) ;
#1718 = EDGE_LOOP ( 'NONE', ( #1194, #2029, #1007, #1011 ) ) ;
#1719 = ADVANCED_FACE ( 'NONE', ( #821 ), #233, .T. ) ;
#1720 = DIRECTION ( 'NONE',  ( -0.000000000000000000, 0.000000000000000000, 1.000000000000000000 ) ) ;
#1721 = CARTESIAN_POINT ( 'NONE',  ( -7.000000000000000000, 15.50000000000000355, 35.00000000000000000 ) ) ;
#1722 = VERTEX_POINT ( 'NONE', #1458 ) ;
#1723 = ORIENTED_EDGE ( 'NONE', *, *, #2638, .T. ) ;
#1724 = LINE ( 'NONE', #875, #524 ) ;
#1725 = DIRECTION ( 'NONE',  ( 0.000000000000000000, 0.000000000000000000, 1.000000000000000000 ) ) ;
#1726 = LINE ( 'NONE', #2565, #1948 ) ;
#1727 = LINE ( 'NONE', #276, #345 ) ;
#1728 = VERTEX_POINT ( 'NONE', #186 ) ;
#1729 =( LENGTH_UNIT ( ) NAMED_UNIT ( * ) SI_UNIT ( .MILLI., .METRE. ) );
#1730 = ORIENTED_EDGE ( 'NONE', *, *, #755, .T. ) ;
#1731 = LINE ( 'NONE', #306, #1779 ) ;
#1732 = EDGE_CURVE ( 'NONE', #250, #491, #834, .T. ) ;
#1733 = AXIS2_PLACEMENT_3D ( 'NONE', #1390, #1437, #809 ) ;
#1734 = DIRECTION ( 'NONE',  ( -0.000000000000000000, -1.000000000000000000, -0.000000000000000000 ) ) ;
#1735 = ORIENTED_EDGE ( 'NONE', *, *, #2455, .T. ) ;
#1736 = DIRECTION ( 'NONE',  ( 1.000000000000000000, 0.000000000000000000, 0.000000000000000000 ) ) ;
#1737 = EDGE_LOOP ( 'NONE', ( #2256, #749, #686, #1746 ) ) ;
#1738 = VECTOR ( 'NONE', #1120, 1000.000000000000000 ) ;
#1739 = AXIS2_PLACEMENT_3D ( 'NONE', #1162, #2590, #735 ) ;
#1740 = CYLINDRICAL_SURFACE ( 'NONE', #2467, 5.250000000000000888 ) ;
#1741 = DIRECTION ( 'NONE',  ( 0.000000000000000000, 1.000000000000000000, 0.000000000000000000 ) ) ;
#1742 = VECTOR ( 'NONE', #2446, 1000.000000000000000 ) ;
#1743 = CARTESIAN_POINT ( 'NONE',  ( -14.00000000000000711, 12.50000000000000178, 0.000000000000000000 ) ) ;
#1744 = DIRECTION ( 'NONE',  ( 1.000000000000000000, -0.000000000000000000, 0.000000000000000000 ) ) ;
#1745 = AXIS2_PLACEMENT_3D ( 'NONE', #927, #2226, #1627 ) ;
#1746 = ORIENTED_EDGE ( 'NONE', *, *, #28, .F. ) ;
#1747 = VECTOR ( 'NONE', #2663, 1000.000000000000000 ) ;
#1748 = VERTEX_POINT ( 'NONE', #207 ) ;
#1749 = DIRECTION ( 'NONE',  ( -1.000000000000000000, 0.000000000000000000, -0.000000000000000000 ) ) ;
#1750 = EDGE_CURVE ( 'NONE', #1235, #2230, #1620, .T. ) ;
#1751 = EDGE_CURVE ( 'NONE', #2228, #1801, #1672, .T. ) ;
#1752 = DIRECTION ( 'NONE',  ( 1.000000000000000000, 0.000000000000000000, 0.000000000000000000 ) ) ;
#1753 = ORIENTED_EDGE ( 'NONE', *, *, #523, .F. ) ;
#1754 = DIRECTION ( 'NONE',  ( -1.000000000000000000, -0.000000000000000000, -0.000000000000000000 ) ) ;
#1755 = DIRECTION ( 'NONE',  ( -1.000000000000000000, 0.000000000000000000, 0.000000000000000000 ) ) ;
#1756 = ORIENTED_EDGE ( 'NONE', *, *, #1236, .T. ) ;
#1757 = DIRECTION ( 'NONE',  ( -1.239088197126290570E-16, 1.000000000000000000, -0.000000000000000000 ) ) ;
#1758 = CARTESIAN_POINT ( 'NONE',  ( 11.99999999999998934, -7.500000000000000000, 7.499999999999999112 ) ) ;
#1759 = CARTESIAN_POINT ( 'NONE',  ( 0.000000000000000000, -7.499999999999999112, 0.000000000000000000 ) ) ;
#1760 = EDGE_LOOP ( 'NONE', ( #1591, #687, #1315, #51 ) ) ;
#1761 = CARTESIAN_POINT ( 'NONE',  ( 13.99999999999999112, 12.50000000000000178, 35.00000000000000000 ) ) ;
#1762 = ORIENTED_EDGE ( 'NONE', *, *, #1662, .F. ) ;
#1763 = DIRECTION ( 'NONE',  ( -1.000000000000000000, 0.000000000000000000, 0.000000000000000000 ) ) ;
#1764 = DIRECTION ( 'NONE',  ( 1.000000000000000000, 0.000000000000000000, 0.000000000000000000 ) ) ;
#1765 = ORIENTED_EDGE ( 'NONE', *, *, #1236, .F. ) ;
#1766 = LINE ( 'NONE', #324, #563 ) ;
#1767 = CARTESIAN_POINT ( 'NONE',  ( 15.99999999999999645, -4.793228847134107970E-15, 23.49999999999999289 ) ) ;
#1768 = CARTESIAN_POINT ( 'NONE',  ( 9.125000000000001776, 14.50000000000000178, 0.000000000000000000 ) ) ;
#1769 = CARTESIAN_POINT ( 'NONE',  ( 15.99999999999999289, 12.50000000000000178, 11.50000000000000355 ) ) ;
#1770 = LINE ( 'NONE', #1784, #1783 ) ;
#1771 = ORIENTED_EDGE ( 'NONE', *, *, #1273, .T. ) ;
#1772 = VERTEX_POINT ( 'NONE', #2287 ) ;
#1773 = DIRECTION ( 'NONE',  ( -0.000000000000000000, -0.000000000000000000, 1.000000000000000000 ) ) ;
#1774 = CARTESIAN_POINT ( 'NONE',  ( 11.12500000000000000, -7.499999999999999112, 1.749999999999999334 ) ) ;
#1775 = VERTEX_POINT ( 'NONE', #2495 ) ;
#1776 = CARTESIAN_POINT ( 'NONE',  ( 4.000000000000000000, 16.75000000000000355, -0.001000000000001000089 ) ) ;
#1777 = VECTOR ( 'NONE', #1104, 1000.000000000000000 ) ;
#1778 = CYLINDRICAL_SURFACE ( 'NONE', #307, 1.000000000000000000 ) ;
#1779 = VECTOR ( 'NONE', #742, 1000.000000000000227 ) ;
#1780 = ORIENTED_EDGE ( 'NONE', *, *, #1653, .F. ) ;
#1781 = DIRECTION ( 'NONE',  ( 1.000000000000000000, 0.000000000000000000, -1.734723475976806601E-16 ) ) ;
#1782 = CARTESIAN_POINT ( 'NONE',  ( 9.999999999999987566, -7.499999999999999112, 25.50000000000000355 ) ) ;
#1783 = VECTOR ( 'NONE', #1326, 1000.000000000000000 ) ;
#1784 = CARTESIAN_POINT ( 'NONE',  ( 9.999999999999987566, -7.499999999999999112, 27.50000000000000355 ) ) ;
#1785 = EDGE_CURVE ( 'NONE', #835, #2261, #627, .T. ) ;
#1786 = VECTOR ( 'NONE', #1902, 1000.000000000000000 ) ;
#1787 = ORIENTED_EDGE ( 'NONE', *, *, #2059, .T. ) ;
#1788 = ADVANCED_FACE ( 'NONE', ( #639 ), #1660, .F. ) ;
#1789 = AXIS2_PLACEMENT_3D ( 'NONE', #1571, #1171, #970 ) ;
#1790 = ORIENTED_EDGE ( 'NONE', *, *, #493, .F. ) ;
#1791 = AXIS2_PLACEMENT_3D ( 'NONE', #1847, #407, #576 ) ;
#1792 = AXIS2_PLACEMENT_3D ( 'NONE', #900, #1525, #1736 ) ;
#1793 = CARTESIAN_POINT ( 'NONE',  ( 9.999999999999987566, -10.32842712474619340, 27.50000000000000355 ) ) ;
#1794 = VERTEX_POINT ( 'NONE', #1862 ) ;
#1795 = FACE_OUTER_BOUND ( 'NONE', #184, .T. ) ;
#1796 = CYLINDRICAL_SURFACE ( 'NONE', #1169, 1.000000000000000000 ) ;
#1797 = ORIENTED_EDGE ( 'NONE', *, *, #325, .F. ) ;
#1798 = LINE ( 'NONE', #2653, #2343 ) ;
#1799 = DIRECTION ( 'NONE',  ( -1.239088197126290570E-16, 1.000000000000000000, -0.000000000000000000 ) ) ;
#1800 = CARTESIAN_POINT ( 'NONE',  ( 0.9999999999999991118, -14.24999999999999822, 0.000000000000000000 ) ) ;
#1801 = VERTEX_POINT ( 'NONE', #422 ) ;
#1802 = EDGE_CURVE ( 'NONE', #2192, #1794, #2659, .T. ) ;
#1803 = VERTEX_POINT ( 'NONE', #807 ) ;
#1804 = EDGE_CURVE ( 'NONE', #1307, #856, #1219, .T. ) ;
#1805 = ADVANCED_FACE ( 'NONE', ( #2088, #1244, #384 ), #1205, .T. ) ;
#1806 = LINE ( 'NONE', #1793, #264 ) ;
#1807 = ORIENTED_EDGE ( 'NONE', *, *, #325, .T. ) ;
#1808 = DIRECTION ( 'NONE',  ( 0.000000000000000000, -1.000000000000000000, 0.000000000000000000 ) ) ;
#1809 = CARTESIAN_POINT ( 'NONE',  ( 13.99999999999999112, 14.50000000000000178, 35.00000000000000000 ) ) ;
#1810 = LINE ( 'NONE', #2628, #693 ) ;
#1811 = DIRECTION ( 'NONE',  ( -0.000000000000000000, 0.000000000000000000, 1.000000000000000000 ) ) ;
#1812 = ORIENTED_EDGE ( 'NONE', *, *, #2557, .T. ) ;
#1813 = VERTEX_POINT ( 'NONE', #26 ) ;
#1814 = CARTESIAN_POINT ( 'NONE',  ( 9.125000000000000000, 14.50000000000000178, 1.749999999999999334 ) ) ;
#1815 = ORIENTED_EDGE ( 'NONE', *, *, #453, .T. ) ;
#1816 = EDGE_CURVE ( 'NONE', #2478, #195, #1630, .T. ) ;
#1817 = DIRECTION ( 'NONE',  ( -1.000000000000000000, -0.000000000000000000, -0.000000000000000000 ) ) ;
#1818 = VERTEX_POINT ( 'NONE', #603 ) ;
#1819 = CARTESIAN_POINT ( 'NONE',  ( 13.99999999999998757, 14.50000000000000178, 11.50000000000000355 ) ) ;
#1820 = VECTOR ( 'NONE', #1917, 1000.000000000000000 ) ;
#1821 = LINE ( 'NONE', #156, #2465 ) ;
#1822 = CARTESIAN_POINT ( 'NONE',  ( -6.999999999999999112, -15.50000000000000000, 35.00000000000000000 ) ) ;
#1823 = ORIENTED_EDGE ( 'NONE', *, *, #14, .T. ) ;
#1824 = VECTOR ( 'NONE', #637, 1000.000000000000000 ) ;
#1825 = VECTOR ( 'NONE', #974, 1000.000000000000000 ) ;
#1826 = EDGE_LOOP ( 'NONE', ( #367, #1009, #349, #2398 ) ) ;
#1827 = AXIS2_PLACEMENT_3D ( 'NONE', #1361, #334, #136 ) ;
#1828 = VECTOR ( 'NONE', #461, 1000.000000000000000 ) ;
#1829 = DIRECTION ( 'NONE',  ( 1.000000000000000000, 0.000000000000000000, 0.000000000000000000 ) ) ;
#1830 = ORIENTED_EDGE ( 'NONE', *, *, #1094, .F. ) ;
#1831 = CARTESIAN_POINT ( 'NONE',  ( 11.50000000000000178, -27.65564437074637993, 27.50000000000000355 ) ) ;
#1832 = VECTOR ( 'NONE', #2058, 1000.000000000000000 ) ;
#1833 = ADVANCED_FACE ( 'NONE', ( #1424 ), #400, .F. ) ;
#1834 = ORIENTED_EDGE ( 'NONE', *, *, #1750, .F. ) ;
#1835 = LINE ( 'NONE', #1175, #19 ) ;
#1836 = FACE_OUTER_BOUND ( 'NONE', #332, .T. ) ;
#1837 = CARTESIAN_POINT ( 'NONE',  ( -1.000000000000000000, -7.499999999999999112, 0.000000000000000000 ) ) ;
#1838 = ORIENTED_EDGE ( 'NONE', *, *, #1342, .T. ) ;
#1839 = ORIENTED_EDGE ( 'NONE', *, *, #1711, .T. ) ;
#1840 = DIRECTION ( 'NONE',  ( 0.000000000000000000, 0.000000000000000000, 1.000000000000000000 ) ) ;
#1841 = VERTEX_POINT ( 'NONE', #1703 ) ;
#1842 = DIRECTION ( 'NONE',  ( 1.000000000000000000, -0.000000000000000000, -0.000000000000000000 ) ) ;
#1843 = MANIFOLD_SOLID_BREP ( 'Cut-Extrude8', #344 ) ;
#1844 = ORIENTED_EDGE ( 'NONE', *, *, #274, .T. ) ;
#1845 = DIRECTION ( 'NONE',  ( -1.000000000000000000, -2.392722035830078972E-16, 0.000000000000000000 ) ) ;
#1846 = PLANE ( 'NONE',  #1293 ) ;
#1847 = CARTESIAN_POINT ( 'NONE',  ( -16.00100000000001188, -1.148530504418796607E-14, 17.49999999999999645 ) ) ;
#1848 = ORIENTED_EDGE ( 'NONE', *, *, #1363, .F. ) ;
#1849 = CARTESIAN_POINT ( 'NONE',  ( -16.00000000000000711, 14.50000000000000178, 35.00000000000000000 ) ) ;
#1850 = ORIENTED_EDGE ( 'NONE', *, *, #1473, .F. ) ;
#1851 = LINE ( 'NONE', #798, #387 ) ;
#1852 = ORIENTED_EDGE ( 'NONE', *, *, #2466, .F. ) ;
#1853 = LINE ( 'NONE', #826, #832 ) ;
#1854 = CARTESIAN_POINT ( 'NONE',  ( 13.99999999999998757, 25.00000000000001776, 11.50000000000000355 ) ) ;
#1855 = DIRECTION ( 'NONE',  ( 0.000000000000000000, 0.000000000000000000, -1.000000000000000000 ) ) ;
#1856 = DIRECTION ( 'NONE',  ( 1.000000000000000000, 2.392722035830078972E-16, 0.000000000000000000 ) ) ;
#1857 = EDGE_CURVE ( 'NONE', #2603, #1070, #2157, .T. ) ;
#1858 = EDGE_CURVE ( 'NONE', #766, #1665, #2536, .T. ) ;
#1859 = VECTOR ( 'NONE', #42, 1000.000000000000000 ) ;
#1860 = ORIENTED_EDGE ( 'NONE', *, *, #2534, .F. ) ;
#1861 = AXIS2_PLACEMENT_3D ( 'NONE', #2170, #950, #752 ) ;
#1862 = CARTESIAN_POINT ( 'NONE',  ( -4.000000000000000000, 15.00000000000000355, 33.00000000000000000 ) ) ;
#1863 = ORIENTED_EDGE ( 'NONE', *, *, #1014, .F. ) ;
#1864 = PLANE ( 'NONE',  #2032 ) ;
#1865 = VECTOR ( 'NONE', #2054, 1000.000000000000000 ) ;
#1866 = ORIENTED_EDGE ( 'NONE', *, *, #1906, .F. ) ;
#1867 = DIRECTION ( 'NONE',  ( 0.000000000000000000, 1.000000000000000000, 0.000000000000000000 ) ) ;
#1868 = AXIS2_PLACEMENT_3D ( 'NONE', #33, #2310, #676 ) ;
#1869 = CARTESIAN_POINT ( 'NONE',  ( -11.50000000000000000, 14.50000000000000178, 7.499999999999999112 ) ) ;
#1870 = AXIS2_PLACEMENT_3D ( 'NONE', #2588, #1781, #1951 ) ;
#1871 = CARTESIAN_POINT ( 'NONE',  ( 9.500000000000000000, 7.000000000000002665, -1.030776406404414258 ) ) ;
#1872 = ORIENTED_EDGE ( 'NONE', *, *, #635, .F. ) ;
#1873 = ADVANCED_FACE ( 'NONE', ( #1486 ), #512, .F. ) ;
#1874 = DIRECTION ( 'NONE',  ( 1.000000000000000000, 0.000000000000000000, 0.000000000000000000 ) ) ;
#1875 = EDGE_LOOP ( 'NONE', ( #222, #1409, #2370, #1404, #2236, #1676, #2180, #1878, #1708, #1554, #1618 ) ) ;
#1876 = CARTESIAN_POINT ( 'NONE',  ( 6.000000000000000000, 18.50000000000000355, 35.00000000000000000 ) ) ;
#1877 = EDGE_CURVE ( 'NONE', #1211, #2291, #2362, .T. ) ;
#1878 = ORIENTED_EDGE ( 'NONE', *, *, #2521, .T. ) ;
#1879 = CARTESIAN_POINT ( 'NONE',  ( 11.50000000000000178, -7.499999999999999112, 29.50000000000000000 ) ) ;
#1880 = DIRECTION ( 'NONE',  ( -0.000000000000000000, -0.000000000000000000, 1.000000000000000000 ) ) ;
#1881 = CARTESIAN_POINT ( 'NONE',  ( 5.000000000000000000, -18.50000000000000355, 35.00000000000000000 ) ) ;
#1882 = DIRECTION ( 'NONE',  ( -0.000000000000000000, -0.000000000000000000, -1.000000000000000000 ) ) ;
#1883 = ORIENTED_EDGE ( 'NONE', *, *, #189, .T. ) ;
#1884 = DIRECTION ( 'NONE',  ( -1.000000000000000000, 0.000000000000000000, -0.000000000000000000 ) ) ;
#1885 = EDGE_LOOP ( 'NONE', ( #2488, #781, #2592, #712, #2076, #831, #1735, #395 ) ) ;
#1886 = CARTESIAN_POINT ( 'NONE',  ( -1.000000000000000222, -8.139999999999945501, 23.01499999999996859 ) ) ;
#1887 = EDGE_CURVE ( 'NONE', #956, #1419, #278, .T. ) ;
#1888 = ORIENTED_EDGE ( 'NONE', *, *, #2028, .F. ) ;
#1889 = LINE ( 'NONE', #201, #2515 ) ;
#1890 = DIRECTION ( 'NONE',  ( 1.000000000000000000, 2.392722035830078972E-16, -0.000000000000000000 ) ) ;
#1891 = DIRECTION ( 'NONE',  ( -1.000000000000000000, -1.239088197126290570E-16, 0.000000000000000000 ) ) ;
#1892 = FACE_OUTER_BOUND ( 'NONE', #568, .T. ) ;
#1893 = DIRECTION ( 'NONE',  ( -1.000000000000000000, -1.239088197126290570E-16, 0.000000000000000000 ) ) ;
#1894 = VERTEX_POINT ( 'NONE', #2346 ) ;
#1895 = CIRCLE ( 'NONE', #1378, 5.250000000000000000 ) ;
#1896 = AXIS2_PLACEMENT_3D ( 'NONE', #683, #1663, #2524 ) ;
#1897 = SURFACE_STYLE_USAGE ( .BOTH. , #852 ) ;
#1898 = ORIENTED_EDGE ( 'NONE', *, *, #587, .F. ) ;
#1899 = DIRECTION ( 'NONE',  ( 1.000000000000000000, 0.000000000000000000, -0.000000000000000000 ) ) ;
#1900 = CIRCLE ( 'NONE', #782, 1.000000000000000000 ) ;
#1901 = AXIS2_PLACEMENT_3D ( 'NONE', #141, #85, #962 ) ;
#1902 = DIRECTION ( 'NONE',  ( -1.734723475976806848E-16, -0.000000000000000000, -1.000000000000000000 ) ) ;
#1903 = VERTEX_POINT ( 'NONE', #881 ) ;
#1904 = CARTESIAN_POINT ( 'NONE',  ( -1.000000000000000000, -7.499999999999998224, 25.52705095489708143 ) ) ;
#1905 = ORIENTED_EDGE ( 'NONE', *, *, #2511, .T. ) ;
#1906 = EDGE_CURVE ( 'NONE', #1579, #1903, #2098, .T. ) ;
#1907 = VECTOR ( 'NONE', #1020, 1000.000000000000000 ) ;
#1908 = CARTESIAN_POINT ( 'NONE',  ( -9.500000000000000000, 7.000000000000002665, 0.000000000000000000 ) ) ;
#1909 = CARTESIAN_POINT ( 'NONE',  ( -1.000000000000000888, -2.889999999999945501, 23.01499999999996859 ) ) ;
#1910 = VECTOR ( 'NONE', #2463, 1000.000000000000000 ) ;
#1911 = LINE ( 'NONE', #2518, #97 ) ;
#1912 = AXIS2_PLACEMENT_3D ( 'NONE', #857, #1237, #2514 ) ;
#1913 = LINE ( 'NONE', #1256, #1075 ) ;
#1914 = VERTEX_POINT ( 'NONE', #1316 ) ;
#1915 = CARTESIAN_POINT ( 'NONE',  ( 11.50000000000000178, -7.500000000000000000, 27.50000000000000355 ) ) ;
#1916 = ORIENTED_EDGE ( 'NONE', *, *, #1507, .T. ) ;
#1917 = DIRECTION ( 'NONE',  ( -0.000000000000000000, 1.000000000000000000, -0.000000000000000000 ) ) ;
#1918 = PLANE ( 'NONE',  #261 ) ;
#1919 = ORIENTED_EDGE ( 'NONE', *, *, #949, .T. ) ;
#1920 = VERTEX_POINT ( 'NONE', #2142 ) ;
#1921 = DIRECTION ( 'NONE',  ( 0.000000000000000000, -1.000000000000000000, 0.000000000000000000 ) ) ;
#1922 = CARTESIAN_POINT ( 'NONE',  ( 11.99999999999998934, 14.50000000000000178, 25.50000000000000355 ) ) ;
#1923 = DIRECTION ( 'NONE',  ( -0.000000000000000000, -0.000000000000000000, 1.000000000000000000 ) ) ;
#1924 = CARTESIAN_POINT ( 'NONE',  ( 9.999999999999987566, -7.500000000000000000, 27.50000000000000355 ) ) ;
#1925 = ORIENTED_EDGE ( 'NONE', *, *, #587, .T. ) ;
#1926 = DIRECTION ( 'NONE',  ( -0.7999999999999971578, 0.000000000000000000, 0.6000000000000039746 ) ) ;
#1927 = ORIENTED_EDGE ( 'NONE', *, *, #1013, .F. ) ;
#1928 = LINE ( 'NONE', #320, #2422 ) ;
#1929 = EDGE_LOOP ( 'NONE', ( #1168, #1888, #305, #2141, #1535, #409, #322, #1421 ) ) ;
#1930 = LINE ( 'NONE', #2527, #1176 ) ;
#1931 = LINE ( 'NONE', #1091, #473 ) ;
#1932 = DIRECTION ( 'NONE',  ( 0.000000000000000000, -0.000000000000000000, 1.000000000000000000 ) ) ;
#1933 = DIRECTION ( 'NONE',  ( -1.000000000000000000, 0.000000000000000000, 0.000000000000000000 ) ) ;
#1934 = DIRECTION ( 'NONE',  ( -0.000000000000000000, -0.000000000000000000, -1.000000000000000000 ) ) ;
#1935 = CARTESIAN_POINT ( 'NONE',  ( -9.125000000000000000, -7.499999999999999112, -5.587451021109797051E-16 ) ) ;
#1936 = ORIENTED_EDGE ( 'NONE', *, *, #2443, .F. ) ;
#1937 = EDGE_CURVE ( 'NONE', #2603, #2291, #289, .T. ) ;
#1938 = VECTOR ( 'NONE', #2164, 1000.000000000000000 ) ;
#1939 = CARTESIAN_POINT ( 'NONE',  ( -5.000000000000000000, 17.50000000000000000, 35.00000000000000000 ) ) ;
#1940 = ORIENTED_EDGE ( 'NONE', *, *, #2178, .T. ) ;
#1941 = CARTESIAN_POINT ( 'NONE',  ( 1.000000000000000000, -7.499999999999998224, 0.000000000000000000 ) ) ;
#1942 = VECTOR ( 'NONE', #1763, 1000.000000000000000 ) ;
#1943 = EDGE_CURVE ( 'NONE', #967, #318, #1301, .T. ) ;
#1944 = LINE ( 'NONE', #2132, #1209 ) ;
#1945 = VERTEX_POINT ( 'NONE', #1717 ) ;
#1946 = CARTESIAN_POINT ( 'NONE',  ( 9.125000000000000000, 14.50000000000000178, -5.587451021109797051E-16 ) ) ;
#1947 = AXIS2_PLACEMENT_3D ( 'NONE', #429, #2294, #1709 ) ;
#1948 = VECTOR ( 'NONE', #298, 1000.000000000000000 ) ;
#1949 = LINE ( 'NONE', #548, #1995 ) ;
#1950 = EDGE_LOOP ( 'NONE', ( #1852, #604, #984, #1790 ) ) ;
#1951 = DIRECTION ( 'NONE',  ( -1.734723475976806601E-16, 0.000000000000000000, -1.000000000000000000 ) ) ;
#1952 = CARTESIAN_POINT ( 'NONE',  ( -11.12500000000000000, 14.50000000000000178, 1.749999999999999334 ) ) ;
#1953 = DIRECTION ( 'NONE',  ( -0.000000000000000000, -0.000000000000000000, 1.000000000000000000 ) ) ;
#1954 = AXIS2_PLACEMENT_3D ( 'NONE', #1253, #255, #431 ) ;
#1955 = VERTEX_POINT ( 'NONE', #2550 ) ;
#1956 = AXIS2_PLACEMENT_3D ( 'NONE', #2427, #1405, #143 ) ;
#1957 = CARTESIAN_POINT ( 'NONE',  ( 11.99999999999998934, -10.32842712474619340, 25.50000000000000355 ) ) ;
#1958 = VERTEX_POINT ( 'NONE', #244 ) ;
#1959 = LINE ( 'NONE', #896, #135 ) ;
#1960 = CARTESIAN_POINT ( 'NONE',  ( 12.50000000000000000, -43.21064267133819925, 33.00000000000000000 ) ) ;
#1961 = ORIENTED_EDGE ( 'NONE', *, *, #22, .F. ) ;
#1962 = EDGE_CURVE ( 'NONE', #1359, #1818, #533, .T. ) ;
#1963 =( LENGTH_UNIT ( ) NAMED_UNIT ( * ) SI_UNIT ( .MILLI., .METRE. ) );
#1964 = DIRECTION ( 'NONE',  ( -0.000000000000000000, -1.000000000000000000, -0.000000000000000000 ) ) ;
#1965 = FACE_OUTER_BOUND ( 'NONE', #411, .T. ) ;
#1966 = CARTESIAN_POINT ( 'NONE',  ( -6.999999999999999112, 14.50000000000000178, 35.00000000000000000 ) ) ;
#1967 = CARTESIAN_POINT ( 'NONE',  ( -1.000000000000000000, -7.499999999999998224, 0.000000000000000000 ) ) ;
#1968 = DIRECTION ( 'NONE',  ( 1.000000000000000000, -0.000000000000000000, -0.000000000000000000 ) ) ;
#1969 = ORIENTED_EDGE ( 'NONE', *, *, #1626, .F. ) ;
#1970 = ORIENTED_EDGE ( 'NONE', *, *, #120, .F. ) ;
#1971 = CARTESIAN_POINT ( 'NONE',  ( 13.99999999999999112, 12.50000000000000178, 23.49999999999999289 ) ) ;
#1972 = DIRECTION ( 'NONE',  ( 0.000000000000000000, 0.000000000000000000, -1.000000000000000000 ) ) ;
#1973 = ORIENTED_EDGE ( 'NONE', *, *, #2019, .T. ) ;
#1974 = CARTESIAN_POINT ( 'NONE',  ( -11.12500000000000000, 14.50000000000000178, 1.749999999999999334 ) ) ;
#1975 = ADVANCED_FACE ( 'NONE', ( #1098 ), #1066, .T. ) ;
#1976 = DIRECTION ( 'NONE',  ( -1.000000000000000000, -0.000000000000000000, -0.000000000000000000 ) ) ;
#1977 = CARTESIAN_POINT ( 'NONE',  ( 16.00000000000000000, -12.49999999999999289, 35.00000000000000000 ) ) ;
#1978 = FACE_OUTER_BOUND ( 'NONE', #1320, .T. ) ;
#1979 = DIRECTION ( 'NONE',  ( -0.000000000000000000, 0.000000000000000000, 1.000000000000000000 ) ) ;
#1980 = ORIENTED_EDGE ( 'NONE', *, *, #2444, .F. ) ;
#1981 = ORIENTED_EDGE ( 'NONE', *, *, #1410, .F. ) ;
#1982 = CARTESIAN_POINT ( 'NONE',  ( 7.000000000000000000, 14.50000000000000178, 35.00000000000000000 ) ) ;
#1983 = VECTOR ( 'NONE', #1657, 1000.000000000000000 ) ;
#1984 = DIRECTION ( 'NONE',  ( 1.000000000000000000, -0.000000000000000000, -0.000000000000000000 ) ) ;
#1985 = ORIENTED_EDGE ( 'NONE', *, *, #1025, .F. ) ;
#1986 = LINE ( 'NONE', #1573, #1684 ) ;
#1987 = AXIS2_PLACEMENT_3D ( 'NONE', #2283, #2127, #2492 ) ;
#1988 = CARTESIAN_POINT ( 'NONE',  ( 6.000000000000000000, -17.50000000000000000, 33.00000000000000000 ) ) ;
#1989 = AXIS2_PLACEMENT_3D ( 'NONE', #333, #1749, #2144 ) ;
#1990 = DIRECTION ( 'NONE',  ( -0.000000000000000000, 1.000000000000000000, -0.000000000000000000 ) ) ;
#1991 = EDGE_CURVE ( 'NONE', #1914, #2305, #2113, .T. ) ;
#1992 = CARTESIAN_POINT ( 'NONE',  ( -12.50000000000000000, 14.50000000000000178, 29.50000000000000355 ) ) ;
#1993 = VECTOR ( 'NONE', #2429, 1000.000000000000000 ) ;
#1994 = PLANE ( 'NONE',  #1247 ) ;
#1995 = VECTOR ( 'NONE', #115, 1000.000000000000000 ) ;
#1996 = EDGE_LOOP ( 'NONE', ( #1797, #1411, #1863, #65 ) ) ;
#1997 = ADVANCED_FACE ( 'NONE', ( #2452 ), #2050, .T. ) ;
#1998 = EDGE_CURVE ( 'NONE', #17, #371, #1408, .T. ) ;
#1999 = AXIS2_PLACEMENT_3D ( 'NONE', #151, #2201, #1582 ) ;
#2000 = ORIENTED_EDGE ( 'NONE', *, *, #1659, .T. ) ;
#2001 = VECTOR ( 'NONE', #1741, 1000.000000000000000 ) ;
#2002 = AXIS2_PLACEMENT_3D ( 'NONE', #390, #811, #763 ) ;
#2003 = CARTESIAN_POINT ( 'NONE',  ( 13.99999999999999112, 12.50000000000000178, 35.00000000000000000 ) ) ;
#2004 = ORIENTED_EDGE ( 'NONE', *, *, #1261, .F. ) ;
#2005 = DIRECTION ( 'NONE',  ( 0.000000000000000000, 0.000000000000000000, 1.000000000000000000 ) ) ;
#2006 = LINE ( 'NONE', #154, #2216 ) ;
#2007 = FACE_OUTER_BOUND ( 'NONE', #1950, .T. ) ;
#2008 = PLANE ( 'NONE',  #479 ) ;
#2009 = DIRECTION ( 'NONE',  ( -1.000000000000000000, 0.000000000000000000, -0.000000000000000000 ) ) ;
#2010 = ORIENTED_EDGE ( 'NONE', *, *, #1527, .T. ) ;
#2011 = ADVANCED_FACE ( 'NONE', ( #393 ), #2235, .F. ) ;
#2012 = ORIENTED_EDGE ( 'NONE', *, *, #120, .T. ) ;
#2013 = DIRECTION ( 'NONE',  ( 0.000000000000000000, 1.000000000000000000, 0.000000000000000000 ) ) ;
#2014 = EDGE_LOOP ( 'NONE', ( #846, #266, #2460, #1436 ) ) ;
#2015 = DIRECTION ( 'NONE',  ( -0.000000000000000000, -0.000000000000000000, 1.000000000000000000 ) ) ;
#2016 = ORIENTED_EDGE ( 'NONE', *, *, #147, .T. ) ;
#2017 = LINE ( 'NONE', #2047, #1003 ) ;
#2018 = LINE ( 'NONE', #406, #824 ) ;
#2019 = EDGE_CURVE ( 'NONE', #2134, #2097, #2172, .T. ) ;
#2020 = CARTESIAN_POINT ( 'NONE',  ( 15.99999999999998934, 25.00000000000002487, 23.49999999999999289 ) ) ;
#2021 = ORIENTED_EDGE ( 'NONE', *, *, #1816, .F. ) ;
#2022 = ADVANCED_FACE ( 'NONE', ( #598 ), #1432, .F. ) ;
#2023 = ORIENTED_EDGE ( 'NONE', *, *, #2215, .F. ) ;
#2024 = EDGE_CURVE ( 'NONE', #190, #1945, #1215, .T. ) ;
#2025 = CARTESIAN_POINT ( 'NONE',  ( -1.000000000000000000, -7.499999999999998224, 4.999999999999997335 ) ) ;
#2026 = VERTEX_POINT ( 'NONE', #193 ) ;
#2027 = DIRECTION ( 'NONE',  ( 0.000000000000000000, 0.000000000000000000, 1.000000000000000000 ) ) ;
#2028 = EDGE_CURVE ( 'NONE', #1110, #1232, #1189, .T. ) ;
#2029 = ORIENTED_EDGE ( 'NONE', *, *, #414, .T. ) ;
#2030 = DIRECTION ( 'NONE',  ( -0.000000000000000000, 1.000000000000000000, -0.000000000000000000 ) ) ;
#2031 = CIRCLE ( 'NONE', #1119, 0.6250000000000005551 ) ;
#2032 = AXIS2_PLACEMENT_3D ( 'NONE', #1831, #2661, #188 ) ;
#2033 = CARTESIAN_POINT ( 'NONE',  ( -16.00000000000000355, 2.360000000000050946, 23.01499999999996859 ) ) ;
#2034 = CARTESIAN_POINT ( 'NONE',  ( 5.000000000000000000, 18.50000000000000355, 35.00000000000000000 ) ) ;
#2035 = VERTEX_POINT ( 'NONE', #1017 ) ;
#2036 = CIRCLE ( 'NONE', #691, 6.000000000000000000 ) ;
#2037 = VECTOR ( 'NONE', #2335, 1000.000000000000000 ) ;
#2038 = ORIENTED_EDGE ( 'NONE', *, *, #755, .F. ) ;
#2039 = VECTOR ( 'NONE', #375, 1000.000000000000000 ) ;
#2040 = AXIS2_PLACEMENT_3D ( 'NONE', #1909, #1891, #1696 ) ;
#2041 = CARTESIAN_POINT ( 'NONE',  ( -1.000000000000000000, -7.499999999999998224, 42.28010988928051717 ) ) ;
#2042 = ORIENTED_EDGE ( 'NONE', *, *, #399, .F. ) ;
#2043 = LINE ( 'NONE', #2448, #2378 ) ;
#2044 = VECTOR ( 'NONE', #905, 1000.000000000000000 ) ;
#2045 = ORIENTED_EDGE ( 'NONE', *, *, #1094, .T. ) ;
#2046 = EDGE_CURVE ( 'NONE', #730, #2508, #2079, .T. ) ;
#2047 = CARTESIAN_POINT ( 'NONE',  ( 11.99999999999998934, 14.50000000000000178, 9.500000000000000000 ) ) ;
#2048 = ADVANCED_FACE ( 'NONE', ( #2656 ), #2581, .T. ) ;
#2049 = CARTESIAN_POINT ( 'NONE',  ( -6.999999999999999112, -14.49999999999999822, 35.00000000000000000 ) ) ;
#2050 = PLANE ( 'NONE',  #1745 ) ;
#2051 = ORIENTED_EDGE ( 'NONE', *, *, #2454, .F. ) ;
#2052 = ADVANCED_FACE ( 'NONE', ( #726 ), #1550, .F. ) ;
#2053 = EDGE_LOOP ( 'NONE', ( #2158, #1055, #1598, #490 ) ) ;
#2054 = DIRECTION ( 'NONE',  ( -0.000000000000000000, -1.000000000000000000, -0.000000000000000000 ) ) ;
#2055 = ORIENTED_EDGE ( 'NONE', *, *, #2277, .T. ) ;
#2056 = DIRECTION ( 'NONE',  ( -0.000000000000000000, -1.000000000000000000, -0.000000000000000000 ) ) ;
#2057 = ORIENTED_EDGE ( 'NONE', *, *, #1257, .F. ) ;
#2058 = DIRECTION ( 'NONE',  ( -0.000000000000000000, -0.000000000000000000, 1.000000000000000000 ) ) ;
#2059 = EDGE_CURVE ( 'NONE', #2228, #1043, #1637, .T. ) ;
#2060 = DIRECTION ( 'NONE',  ( 0.000000000000000000, 0.000000000000000000, 1.000000000000000000 ) ) ;
#2061 = CARTESIAN_POINT ( 'NONE',  ( 6.000000000000000000, -18.50000000000000355, 35.00000000000000000 ) ) ;
#2062 = ORIENTED_EDGE ( 'NONE', *, *, #1313, .F. ) ;
#2063 = VERTEX_POINT ( 'NONE', #2644 ) ;
#2064 = DIRECTION ( 'NONE',  ( -0.6000000000000038636, 0.000000000000000000, -0.7999999999999970468 ) ) ;
#2065 = ORIENTED_EDGE ( 'NONE', *, *, #2100, .F. ) ;
#2066 = CARTESIAN_POINT ( 'NONE',  ( 9.999999999999987566, 14.50000000000000178, 25.50000000000000355 ) ) ;
#2067 = ORIENTED_EDGE ( 'NONE', *, *, #1074, .F. ) ;
#2068 = DIRECTION ( 'NONE',  ( -1.000000000000000000, -2.392722035830078972E-16, 0.000000000000000000 ) ) ;
#2069 = LINE ( 'NONE', #215, #1738 ) ;
#2070 = EDGE_CURVE ( 'NONE', #853, #279, #976, .T. ) ;
#2071 = LINE ( 'NONE', #1122, #1569 ) ;
#2072 = VECTOR ( 'NONE', #2459, 1000.000000000000000 ) ;
#2073 = ORIENTED_EDGE ( 'NONE', *, *, #893, .T. ) ;
#2074 = VECTOR ( 'NONE', #2349, 1000.000000000000000 ) ;
#2075 = CARTESIAN_POINT ( 'NONE',  ( 0.000000000000000000, 0.000000000000000000, 35.00000000000000000 ) ) ;
#2076 = ORIENTED_EDGE ( 'NONE', *, *, #2665, .F. ) ;
#2077 = DIRECTION ( 'NONE',  ( -0.000000000000000000, 0.000000000000000000, 1.000000000000000000 ) ) ;
#2078 = MECHANICAL_DESIGN_GEOMETRIC_PRESENTATION_REPRESENTATION (  '', ( #571 ), #2387 ) ;
#2079 = CIRCLE ( 'NONE', #1347, 2.000000000000001776 ) ;
#2080 = ORIENTED_EDGE ( 'NONE', *, *, #248, .F. ) ;
#2081 = CYLINDRICAL_SURFACE ( 'NONE', #1042, 1.000000000000000000 ) ;
#2082 = CIRCLE ( 'NONE', #1391, 2.000000000000001776 ) ;
#2083 = DIRECTION ( 'NONE',  ( -1.000000000000000000, 0.000000000000000000, 0.000000000000000000 ) ) ;
#2084 = CARTESIAN_POINT ( 'NONE',  ( -16.00000000000000711, 14.50000000000000178, 35.00000000000000000 ) ) ;
#2085 = DIRECTION ( 'NONE',  ( -1.000000000000000000, 0.000000000000000000, 0.000000000000000000 ) ) ;
#2086 = ORIENTED_EDGE ( 'NONE', *, *, #111, .T. ) ;
#2087 = EDGE_CURVE ( 'NONE', #376, #738, #778, .T. ) ;
#2088 = FACE_BOUND ( 'NONE', #423, .T. ) ;
#2089 = VERTEX_POINT ( 'NONE', #588 ) ;
#2090 = CARTESIAN_POINT ( 'NONE',  ( -12.50000000000000000, 14.50000000000000178, 33.00000000000000000 ) ) ;
#2091 = VERTEX_POINT ( 'NONE', #1396 ) ;
#2092 = DIRECTION ( 'NONE',  ( -2.392722035830078972E-16, 1.000000000000000000, -0.000000000000000000 ) ) ;
#2093 = FACE_OUTER_BOUND ( 'NONE', #1376, .T. ) ;
#2094 = LINE ( 'NONE', #1669, #2647 ) ;
#2095 = CARTESIAN_POINT ( 'NONE',  ( -12.50000000000000000, -7.500000000000000000, 33.00000000000000000 ) ) ;
#2096 = FACE_OUTER_BOUND ( 'NONE', #1737, .T. ) ;
#2097 = VERTEX_POINT ( 'NONE', #2034 ) ;
#2098 = LINE ( 'NONE', #1915, #53 ) ;
#2099 = ORIENTED_EDGE ( 'NONE', *, *, #2454, .T. ) ;
#2100 = EDGE_CURVE ( 'NONE', #942, #1623, #1004, .T. ) ;
#2101 = PLANE ( 'NONE',  #1641 ) ;
#2102 = LINE ( 'NONE', #1523, #49 ) ;
#2103 = VERTEX_POINT ( 'NONE', #1881 ) ;
#2104 = CARTESIAN_POINT ( 'NONE',  ( 9.999999999999987566, 14.50000000000000178, 27.50000000000000355 ) ) ;
#2105 = ORIENTED_EDGE ( 'NONE', *, *, #1858, .T. ) ;
#2106 = DIRECTION ( 'NONE',  ( -0.000000000000000000, 0.000000000000000000, -1.000000000000000000 ) ) ;
#2107 = FACE_OUTER_BOUND ( 'NONE', #806, .T. ) ;
#2108 = DIRECTION ( 'NONE',  ( 1.000000000000000000, 0.000000000000000000, 0.000000000000000000 ) ) ;
#2109 = DIRECTION ( 'NONE',  ( -1.000000000000000000, 0.000000000000000000, 0.000000000000000000 ) ) ;
#2110 = EDGE_LOOP ( 'NONE', ( #530, #2456, #558, #1590 ) ) ;
#2111 = CIRCLE ( 'NONE', #2156, 2.000000000000000000 ) ;
#2112 = AXIS2_PLACEMENT_3D ( 'NONE', #89, #1893, #64 ) ;
#2113 = LINE ( 'NONE', #78, #1387 ) ;
#2114 = ORIENTED_EDGE ( 'NONE', *, *, #1858, .F. ) ;
#2115 = CARTESIAN_POINT ( 'NONE',  ( 4.000000000000000000, -15.00000000000000355, -0.001000000000001000089 ) ) ;
#2116 = EDGE_CURVE ( 'NONE', #483, #2567, #439, .T. ) ;
#2117 = AXIS2_PLACEMENT_3D ( 'NONE', #202, #2060, #2440 ) ;
#2118 = AXIS2_PLACEMENT_3D ( 'NONE', #2413, #1367, #1337 ) ;
#2119 = DIRECTION ( 'NONE',  ( -0.000000000000000000, -0.000000000000000000, 1.000000000000000000 ) ) ;
#2120 = ORIENTED_EDGE ( 'NONE', *, *, #360, .F. ) ;
#2121 = ORIENTED_EDGE ( 'NONE', *, *, #2334, .F. ) ;
#2122 = AXIS2_PLACEMENT_3D ( 'NONE', #944, #2397, #545 ) ;
#2123 = EDGE_CURVE ( 'NONE', #556, #2478, #43, .T. ) ;
#2124 = DIRECTION ( 'NONE',  ( -1.000000000000000000, 0.000000000000000000, 0.000000000000000000 ) ) ;
#2125 = DIRECTION ( 'NONE',  ( -1.000000000000000000, 0.000000000000000000, 0.000000000000000000 ) ) ;
#2126 = CARTESIAN_POINT ( 'NONE',  ( 7.000000000000000000, 15.50000000000000355, 33.00000000000000000 ) ) ;
#2127 = DIRECTION ( 'NONE',  ( 0.000000000000000000, 1.000000000000000000, -0.000000000000000000 ) ) ;
#2128 = ORIENTED_EDGE ( 'NONE', *, *, #1659, .F. ) ;
#2129 = FILL_AREA_STYLE ('',( #912 ) ) ;
#2130 = ORIENTED_EDGE ( 'NONE', *, *, #897, .F. ) ;
#2131 = CARTESIAN_POINT ( 'NONE',  ( -11.50000000000000000, -7.500000000000000000, 29.50000000000000355 ) ) ;
#2132 = CARTESIAN_POINT ( 'NONE',  ( -12.50000000000000000, 14.50000000000000178, 33.00000000000000000 ) ) ;
#2133 = ORIENTED_EDGE ( 'NONE', *, *, #147, .F. ) ;
#2134 = VERTEX_POINT ( 'NONE', #876 ) ;
#2135 = DIRECTION ( 'NONE',  ( 1.000000000000000000, 0.000000000000000000, 0.000000000000000000 ) ) ;
#2136 = CARTESIAN_POINT ( 'NONE',  ( 6.000000000000000000, -18.50000000000000355, 33.00000000000000000 ) ) ;
#2137 = ADVANCED_FACE ( 'NONE', ( #2280 ), #2517, .T. ) ;
#2138 = ADVANCED_FACE ( 'NONE', ( #648 ), #1656, .F. ) ;
#2139 = DIRECTION ( 'NONE',  ( -0.000000000000000000, -0.000000000000000000, -1.000000000000000000 ) ) ;
#2140 = DIRECTION ( 'NONE',  ( 0.000000000000000000, -0.000000000000000000, 1.000000000000000000 ) ) ;
#2141 = ORIENTED_EDGE ( 'NONE', *, *, #2621, .F. ) ;
#2142 = CARTESIAN_POINT ( 'NONE',  ( -6.000000000000000000, -17.50000000000000000, 35.00000000000000000 ) ) ;
#2143 = ORIENTED_EDGE ( 'NONE', *, *, #2511, .F. ) ;
#2144 = DIRECTION ( 'NONE',  ( -0.000000000000000000, 0.000000000000000000, 1.000000000000000000 ) ) ;
#2145 = CARTESIAN_POINT ( 'NONE',  ( 9.999999999999987566, -10.32842712474619340, 27.50000000000000355 ) ) ;
#2146 = ORIENTED_EDGE ( 'NONE', *, *, #1027, .T. ) ;
#2147 = LINE ( 'NONE', #557, #1640 ) ;
#2148 = LINE ( 'NONE', #339, #2166 ) ;
#2149 = VERTEX_POINT ( 'NONE', #24 ) ;
#2150 = CARTESIAN_POINT ( 'NONE',  ( -14.00000000000000000, -14.49999999999999822, 0.000000000000000000 ) ) ;
#2151 = CARTESIAN_POINT ( 'NONE',  ( 13.99999999999998757, -7.500000000000000000, 7.499999999999999112 ) ) ;
#2152 = DIRECTION ( 'NONE',  ( 0.000000000000000000, 1.000000000000000000, 0.000000000000000000 ) ) ;
#2153 = ADVANCED_FACE ( 'NONE', ( #61, #624 ), #1466, .F. ) ;
#2154 = ORIENTED_EDGE ( 'NONE', *, *, #77, .F. ) ;
#2155 = ADVANCED_FACE ( 'NONE', ( #1681 ), #216, .T. ) ;
#2156 = AXIS2_PLACEMENT_3D ( 'NONE', #2464, #613, #1433 ) ;
#2157 = LINE ( 'NONE', #1086, #695 ) ;
#2158 = ORIENTED_EDGE ( 'NONE', *, *, #817, .T. ) ;
#2159 = LINE ( 'NONE', #2553, #1292 ) ;
#2160 = VECTOR ( 'NONE', #1057, 1000.000000000000000 ) ;
#2161 = DIRECTION ( 'NONE',  ( -1.000000000000000000, 0.000000000000000000, 0.000000000000000000 ) ) ;
#2162 = ORIENTED_EDGE ( 'NONE', *, *, #80, .T. ) ;
#2163 = LINE ( 'NONE', #704, #2609 ) ;
#2164 = DIRECTION ( 'NONE',  ( -0.000000000000000000, -0.000000000000000000, 1.000000000000000000 ) ) ;
#2165 = AXIS2_PLACEMENT_3D ( 'NONE', #2171, #2152, #1125 ) ;
#2166 = VECTOR ( 'NONE', #1105, 1000.000000000000000 ) ;
#2167 = CARTESIAN_POINT ( 'NONE',  ( 9.999999999999989342, -7.499999999999999112, 9.500000000000000000 ) ) ;
#2168 = DIRECTION ( 'NONE',  ( -0.000000000000000000, 0.000000000000000000, 1.000000000000000000 ) ) ;
#2169 = VECTOR ( 'NONE', #2064, 1000.000000000000114 ) ;
#2170 = CARTESIAN_POINT ( 'NONE',  ( 5.000000000000000000, -17.50000000000000000, 35.00000000000000000 ) ) ;
#2171 = CARTESIAN_POINT ( 'NONE',  ( -16.00000000000000000, -14.49999999999999822, 35.00000000000000000 ) ) ;
#2172 = CIRCLE ( 'NONE', #2290, 1.000000000000000000 ) ;
#2173 = ORIENTED_EDGE ( 'NONE', *, *, #2268, .F. ) ;
#2174 = PRODUCT_DEFINITION_FORMATION_WITH_SPECIFIED_SOURCE ( 'ANY', '', #2417, .NOT_KNOWN. ) ;
#2175 = DIRECTION ( 'NONE',  ( -0.000000000000000000, 0.000000000000000000, 1.000000000000000000 ) ) ;
#2176 = ORIENTED_EDGE ( 'NONE', *, *, #1015, .F. ) ;
#2177 = FACE_OUTER_BOUND ( 'NONE', #655, .T. ) ;
#2178 = EDGE_CURVE ( 'NONE', #1351, #1715, #663, .T. ) ;
#2179 = DIRECTION ( 'NONE',  ( 1.000000000000000000, 2.392722035830078972E-16, 0.000000000000000000 ) ) ;
#2180 = ORIENTED_EDGE ( 'NONE', *, *, #2281, .T. ) ;
#2181 = FACE_OUTER_BOUND ( 'NONE', #754, .T. ) ;
#2182 = FACE_OUTER_BOUND ( 'NONE', #352, .T. ) ;
#2183 = ORIENTED_EDGE ( 'NONE', *, *, #372, .T. ) ;
#2184 = DIRECTION ( 'NONE',  ( -1.000000000000000000, 0.000000000000000000, -0.000000000000000000 ) ) ;
#2185 = DIRECTION ( 'NONE',  ( -1.000000000000000000, -0.000000000000000000, -0.000000000000000000 ) ) ;
#2186 = CARTESIAN_POINT ( 'NONE',  ( 9.500000000000000000, 7.000000000000002665, 1.749999999999999334 ) ) ;
#2187 = ORIENTED_EDGE ( 'NONE', *, *, #1335, .F. ) ;
#2188 = ORIENTED_EDGE ( 'NONE', *, *, #2668, .F. ) ;
#2189 = CARTESIAN_POINT ( 'NONE',  ( 16.00000000000000000, -12.49999999999999289, 0.000000000000000000 ) ) ;
#2190 = EDGE_CURVE ( 'NONE', #172, #1920, #2295, .T. ) ;
#2191 = PLANE ( 'NONE',  #1789 ) ;
#2192 = VERTEX_POINT ( 'NONE', #2270 ) ;
#2193 = CARTESIAN_POINT ( 'NONE',  ( -9.500000000000000000, 7.000000000000002665, -1.030776406404414258 ) ) ;
#2194 = CARTESIAN_POINT ( 'NONE',  ( 11.50000000000000000, -7.500000000000000000, 7.499999999999999112 ) ) ;
#2195 = EDGE_CURVE ( 'NONE', #1389, #1449, #1495, .T. ) ;
#2196 = CARTESIAN_POINT ( 'NONE',  ( -0.9999999999999991118, -14.24999999999999822, 0.000000000000000000 ) ) ;
#2197 = PLANE ( 'NONE',  #1739 ) ;
#2198 = FACE_OUTER_BOUND ( 'NONE', #39, .T. ) ;
#2199 = ORIENTED_EDGE ( 'NONE', *, *, #1006, .T. ) ;
#2200 = EDGE_LOOP ( 'NONE', ( #1765, #1463, #1345, #2187, #1127, #211, #1970, #378, #2458, #1633, #808, #1940, #1217, #1370, #243, #397, #252, #814, #1147, #1925, #1428, #2016 ) ) ;
#2201 = DIRECTION ( 'NONE',  ( -0.000000000000000000, 0.000000000000000000, -1.000000000000000000 ) ) ;
#2202 = VERTEX_POINT ( 'NONE', #1710 ) ;
#2203 = CARTESIAN_POINT ( 'NONE',  ( -1.000000000000000888, -7.500000000000000000, 33.00000000000000000 ) ) ;
#2204 = AXIS2_PLACEMENT_3D ( 'NONE', #1096, #1670, #46 ) ;
#2205 = VECTOR ( 'NONE', #662, 1000.000000000000000 ) ;
#2206 = VERTEX_POINT ( 'NONE', #2530 ) ;
#2207 = DIRECTION ( 'NONE',  ( 0.000000000000000000, -0.000000000000000000, -1.000000000000000000 ) ) ;
#2208 = CARTESIAN_POINT ( 'NONE',  ( 6.000000000000000000, -18.50000000000000355, 35.00000000000000000 ) ) ;
#2209 = EDGE_CURVE ( 'NONE', #1110, #730, #2094, .T. ) ;
#2210 = VECTOR ( 'NONE', #2388, 1000.000000000000000 ) ;
#2211 = FACE_OUTER_BOUND ( 'NONE', #1885, .T. ) ;
#2212 = AXIS2_PLACEMENT_3D ( 'NONE', #2251, #410, #1645 ) ;
#2213 = ORIENTED_EDGE ( 'NONE', *, *, #2268, .T. ) ;
#2214 = ORIENTED_EDGE ( 'NONE', *, *, #2238, .T. ) ;
#2215 = EDGE_CURVE ( 'NONE', #1579, #371, #2502, .T. ) ;
#2216 = VECTOR ( 'NONE', #1000, 1000.000000000000000 ) ;
#2217 = VECTOR ( 'NONE', #445, 1000.000000000000000 ) ;
#2218 = CARTESIAN_POINT ( 'NONE',  ( 4.000000000000000000, 16.75000000000000355, 33.00000000000000000 ) ) ;
#2219 = ORIENTED_EDGE ( 'NONE', *, *, #1234, .F. ) ;
#2220 = CARTESIAN_POINT ( 'NONE',  ( 16.00100000000000477, -7.499999999999998224, 20.50294904510285932 ) ) ;
#2221 = ORIENTED_EDGE ( 'NONE', *, *, #41, .T. ) ;
#2222 = CARTESIAN_POINT ( 'NONE',  ( -6.000000000000000000, -18.50000000000000355, 35.00000000000000000 ) ) ;
#2223 = EDGE_CURVE ( 'NONE', #773, #991, #240, .T. ) ;
#2224 = CARTESIAN_POINT ( 'NONE',  ( 12.50000000000000000, -7.500000000000000000, 33.00000000000000000 ) ) ;
#2225 = ADVANCED_FACE ( 'NONE', ( #2107 ), #1061, .T. ) ;
#2226 = DIRECTION ( 'NONE',  ( 1.000000000000000000, -0.000000000000000000, 0.000000000000000000 ) ) ;
#2227 = EDGE_LOOP ( 'NONE', ( #2354, #197, #1245, #1197 ) ) ;
#2228 = VERTEX_POINT ( 'NONE', #9 ) ;
#2229 = CARTESIAN_POINT ( 'NONE',  ( -4.000000000000000000, 16.75000000000000355, 33.00000000000000000 ) ) ;
#2230 = VERTEX_POINT ( 'NONE', #419 ) ;
#2231 = CARTESIAN_POINT ( 'NONE',  ( 9.125000000000000000, -7.499999999999999112, -5.587451021109797051E-16 ) ) ;
#2232 = ORIENTED_EDGE ( 'NONE', *, *, #1962, .F. ) ;
#2233 = CARTESIAN_POINT ( 'NONE',  ( 5.000000000000000000, -18.50000000000000355, 33.00000000000000000 ) ) ;
#2234 = DIRECTION ( 'NONE',  ( 0.000000000000000000, -0.000000000000000000, 1.000000000000000000 ) ) ;
#2235 = PLANE ( 'NONE',  #1608 ) ;
#2236 = ORIENTED_EDGE ( 'NONE', *, *, #1998, .F. ) ;
#2237 = ORIENTED_EDGE ( 'NONE', *, *, #2123, .T. ) ;
#2238 = EDGE_CURVE ( 'NONE', #190, #2567, #2071, .T. ) ;
#2239 = DIRECTION ( 'NONE',  ( -1.000000000000000000, 0.000000000000000000, 0.000000000000000000 ) ) ;
#2240 = ORIENTED_EDGE ( 'NONE', *, *, #1510, .F. ) ;
#2241 = LINE ( 'NONE', #1596, #1600 ) ;
#2242 = CYLINDRICAL_SURFACE ( 'NONE', #2002, 0.6250000000000005551 ) ;
#2243 = VECTOR ( 'NONE', #1352, 1000.000000000000000 ) ;
#2244 = CIRCLE ( 'NONE', #1733, 6.000000000000000000 ) ;
#2245 = CARTESIAN_POINT ( 'NONE',  ( -9.125000000000000000, -7.499999999999999112, 1.749999999999999334 ) ) ;
#2246 = EDGE_LOOP ( 'NONE', ( #1182, #1823, #2012, #2130, #408, #1838 ) ) ;
#2247 = AXIS2_PLACEMENT_3D ( 'NONE', #342, #1744, #130 ) ;
#2248 = AXIS2_PLACEMENT_3D ( 'NONE', #889, #1080, #1481 ) ;
#2249 = ORIENTED_EDGE ( 'NONE', *, *, #815, .F. ) ;
#2250 = VECTOR ( 'NONE', #1454, 1000.000000000000000 ) ;
#2251 = CARTESIAN_POINT ( 'NONE',  ( 11.99999999999998934, -10.32842712474619340, 9.500000000000000000 ) ) ;
#2252 = ORIENTED_EDGE ( 'NONE', *, *, #1485, .T. ) ;
#2253 = EDGE_CURVE ( 'NONE', #1920, #2035, #614, .T. ) ;
#2254 = DIRECTION ( 'NONE',  ( 0.000000000000000000, -0.000000000000000000, -1.000000000000000000 ) ) ;
#2255 = VECTOR ( 'NONE', #1377, 1000.000000000000000 ) ;
#2256 = ORIENTED_EDGE ( 'NONE', *, *, #737, .F. ) ;
#2257 = CARTESIAN_POINT ( 'NONE',  ( 11.12500000000000000, 14.50000000000000178, 1.749999999999999334 ) ) ;
#2258 = CARTESIAN_POINT ( 'NONE',  ( -6.999999999999999112, -14.49999999999999822, 35.00000000000000000 ) ) ;
#2259 = CARTESIAN_POINT ( 'NONE',  ( 5.000000000000000000, 17.50000000000000000, 35.00000000000000000 ) ) ;
#2260 = ORIENTED_EDGE ( 'NONE', *, *, #236, .F. ) ;
#2261 = VERTEX_POINT ( 'NONE', #922 ) ;
#2262 = LINE ( 'NONE', #616, #2169 ) ;
#2263 = ORIENTED_EDGE ( 'NONE', *, *, #2557, .F. ) ;
#2264 = FACE_OUTER_BOUND ( 'NONE', #2496, .T. ) ;
#2265 = ADVANCED_FACE ( 'NONE', ( #1354 ), #2577, .F. ) ;
#2266 = ORIENTED_EDGE ( 'NONE', *, *, #2309, .F. ) ;
#2267 = DIRECTION ( 'NONE',  ( 1.000000000000000000, 0.000000000000000000, 0.000000000000000000 ) ) ;
#2268 = EDGE_CURVE ( 'NONE', #1191, #937, #519, .T. ) ;
#2269 = DIRECTION ( 'NONE',  ( 0.000000000000000000, 0.000000000000000000, 1.000000000000000000 ) ) ;
#2270 = CARTESIAN_POINT ( 'NONE',  ( 4.000000000000000000, 15.00000000000000355, 33.00000000000000000 ) ) ;
#2271 = VERTEX_POINT ( 'NONE', #2150 ) ;
#2272 = DIRECTION ( 'NONE',  ( 1.000000000000000000, 0.000000000000000000, 0.000000000000000000 ) ) ;
#2273 = ORIENTED_EDGE ( 'NONE', *, *, #2215, .T. ) ;
#2274 = PLANE ( 'NONE',  #1896 ) ;
#2275 = ORIENTED_EDGE ( 'NONE', *, *, #274, .F. ) ;
#2276 = LINE ( 'NONE', #2104, #2476 ) ;
#2277 = EDGE_CURVE ( 'NONE', #784, #773, #1150, .T. ) ;
#2278 = DIRECTION ( 'NONE',  ( -0.000000000000000000, 1.000000000000000000, -0.000000000000000000 ) ) ;
#2279 = VECTOR ( 'NONE', #2381, 1000.000000000000000 ) ;
#2280 = FACE_OUTER_BOUND ( 'NONE', #593, .T. ) ;
#2281 = EDGE_CURVE ( 'NONE', #600, #296, #1559, .T. ) ;
#2282 = VECTOR ( 'NONE', #1497, 1000.000000000000000 ) ;
#2283 = CARTESIAN_POINT ( 'NONE',  ( 0.000000000000000000, -7.499999999999999112, 0.000000000000000000 ) ) ;
#2284 = AXIS2_PLACEMENT_3D ( 'NONE', #597, #1238, #1227 ) ;
#2285 = EDGE_LOOP ( 'NONE', ( #381, #1533, #150, #1883, #36, #1072 ) ) ;
#2286 = AXIS2_PLACEMENT_3D ( 'NONE', #1743, #924, #2108 ) ;
#2287 = CARTESIAN_POINT ( 'NONE',  ( 9.125000000000000000, 14.50000000000000178, 1.749999999999999334 ) ) ;
#2288 = VERTEX_POINT ( 'NONE', #2604 ) ;
#2289 = LINE ( 'NONE', #1688, #858 ) ;
#2290 = AXIS2_PLACEMENT_3D ( 'NONE', #2259, #525, #793 ) ;
#2291 = VERTEX_POINT ( 'NONE', #709 ) ;
#2292 = CARTESIAN_POINT ( 'NONE',  ( -6.000000000000000000, -15.50000000000000000, 35.00000000000000000 ) ) ;
#2293 =( GEOMETRIC_REPRESENTATION_CONTEXT ( 3 ) GLOBAL_UNCERTAINTY_ASSIGNED_CONTEXT ( ( #1240 ) ) GLOBAL_UNIT_ASSIGNED_CONTEXT ( ( #1963, #1117, #1103 ) ) REPRESENTATION_CONTEXT ( 'NONE', 'WORKASPACE' ) );
#2294 = DIRECTION ( 'NONE',  ( -0.000000000000000000, 0.000000000000000000, 1.000000000000000000 ) ) ;
#2295 = LINE ( 'NONE', #2491, #1828 ) ;
#2296 = LINE ( 'NONE', #677, #481 ) ;
#2297 = CARTESIAN_POINT ( 'NONE',  ( 4.000000000000000000, 15.00000000000000355, -0.001000000000001000089 ) ) ;
#2298 = EDGE_CURVE ( 'NONE', #503, #2576, #1174, .T. ) ;
#2299 = VERTEX_POINT ( 'NONE', #1768 ) ;
#2300 = DIRECTION ( 'NONE',  ( 0.000000000000000000, 1.000000000000000000, 0.000000000000000000 ) ) ;
#2301 = VERTEX_POINT ( 'NONE', #1977 ) ;
#2302 = EDGE_CURVE ( 'NONE', #1728, #1903, #734, .T. ) ;
#2303 = DIRECTION ( 'NONE',  ( -1.000000000000000000, -0.000000000000000000, -0.000000000000000000 ) ) ;
#2304 = DIRECTION ( 'NONE',  ( 0.6000000000000039746, 0.000000000000000000, 0.7999999999999969358 ) ) ;
#2305 = VERTEX_POINT ( 'NONE', #938 ) ;
#2306 = DIRECTION ( 'NONE',  ( -0.000000000000000000, -0.000000000000000000, -1.000000000000000000 ) ) ;
#2307 = ORIENTED_EDGE ( 'NONE', *, *, #2500, .T. ) ;
#2308 = CARTESIAN_POINT ( 'NONE',  ( -9.125000000000000000, 6.500000000000003553, 1.749999999999999334 ) ) ;
#2309 = EDGE_CURVE ( 'NONE', #1813, #2089, #699, .T. ) ;
#2310 = DIRECTION ( 'NONE',  ( 1.000000000000000000, -0.000000000000000000, 0.000000000000000000 ) ) ;
#2311 = DIRECTION ( 'NONE',  ( 1.239088197126290570E-16, -1.000000000000000000, 0.000000000000000000 ) ) ;
#2312 = PLANE ( 'NONE',  #1987 ) ;
#2313 = ADVANCED_FACE ( 'NONE', ( #2355 ), #297, .F. ) ;
#2314 = ORIENTED_EDGE ( 'NONE', *, *, #1537, .T. ) ;
#2315 = DIRECTION ( 'NONE',  ( 0.6000000000000039746, -0.000000000000000000, 0.7999999999999969358 ) ) ;
#2316 = ORIENTED_EDGE ( 'NONE', *, *, #218, .T. ) ;
#2317 = DIRECTION ( 'NONE',  ( -1.000000000000000000, -0.000000000000000000, -0.000000000000000000 ) ) ;
#2318 = EDGE_CURVE ( 'NONE', #2442, #190, #750, .T. ) ;
#2319 = LINE ( 'NONE', #716, #2645 ) ;
#2320 = ORIENTED_EDGE ( 'NONE', *, *, #892, .T. ) ;
#2321 = CARTESIAN_POINT ( 'NONE',  ( -11.50000000000000000, -7.500000000000000000, 25.52705095489708853 ) ) ;
#2322 = LINE ( 'NONE', #23, #2205 ) ;
#2323 = DIRECTION ( 'NONE',  ( -0.000000000000000000, -0.000000000000000000, 1.000000000000000000 ) ) ;
#2324 = CARTESIAN_POINT ( 'NONE',  ( -1.000000000000000000, -7.499999999999998224, 42.28010988928051717 ) ) ;
#2325 = VECTOR ( 'NONE', #1808, 1000.000000000000000 ) ;
#2326 = LINE ( 'NONE', #692, #1504 ) ;
#2327 = ORIENTED_EDGE ( 'NONE', *, *, #2087, .F. ) ;
#2328 = AXIS2_PLACEMENT_3D ( 'NONE', #1063, #1515, #2546 ) ;
#2329 = VECTOR ( 'NONE', #1395, 1000.000000000000000 ) ;
#2330 = CARTESIAN_POINT ( 'NONE',  ( 11.50000000000000000, 14.50000000000000178, 29.50000000000000000 ) ) ;
#2331 = ORIENTED_EDGE ( 'NONE', *, *, #2019, .F. ) ;
#2332 = LINE ( 'NONE', #1100, #1202 ) ;
#2333 = AXIS2_PLACEMENT_3D ( 'NONE', #2490, #239, #1921 ) ;
#2334 = EDGE_CURVE ( 'NONE', #1449, #2635, #1612, .T. ) ;
#2335 = DIRECTION ( 'NONE',  ( -0.000000000000000000, -0.000000000000000000, 1.000000000000000000 ) ) ;
#2336 = ORIENTED_EDGE ( 'NONE', *, *, #1335, .T. ) ;
#2337 = EDGE_LOOP ( 'NONE', ( #1985, #1386, #1392, #910 ) ) ;
#2338 = ADVANCED_BREP_SHAPE_REPRESENTATION ( 'P001-B101_RearEnclosure_Rev2D-9', ( #1843, #314 ), #2293 ) ;
#2339 = VECTOR ( 'NONE', #2272, 1000.000000000000000 ) ;
#2340 = CARTESIAN_POINT ( 'NONE',  ( 4.000000000000000000, -15.00000000000000355, 35.00000000000000000 ) ) ;
#2341 = DIRECTION ( 'NONE',  ( 1.000000000000000000, -0.000000000000000000, 0.000000000000000000 ) ) ;
#2342 = DIRECTION ( 'NONE',  ( 0.000000000000000000, 0.000000000000000000, 1.000000000000000000 ) ) ;
#2343 = VECTOR ( 'NONE', #1599, 1000.000000000000000 ) ;
#2344 = DIRECTION ( 'NONE',  ( 0.000000000000000000, 0.000000000000000000, -1.000000000000000000 ) ) ;
#2345 = ORIENTED_EDGE ( 'NONE', *, *, #1802, .F. ) ;
#2346 = CARTESIAN_POINT ( 'NONE',  ( 6.000000000000000000, -17.50000000000000000, 35.00000000000000000 ) ) ;
#2347 = EDGE_LOOP ( 'NONE', ( #2154, #1771, #1980, #526 ) ) ;
#2348 = DIRECTION ( 'NONE',  ( -0.000000000000000000, 1.000000000000000000, 0.000000000000000000 ) ) ;
#2349 = DIRECTION ( 'NONE',  ( -0.000000000000000000, -0.000000000000000000, 1.000000000000000000 ) ) ;
#2350 = ORIENTED_EDGE ( 'NONE', *, *, #833, .F. ) ;
#2351 = CARTESIAN_POINT ( 'NONE',  ( 9.999999999999987566, -10.32842712474619340, 25.50000000000000355 ) ) ;
#2352 = EDGE_CURVE ( 'NONE', #1362, #2202, #476, .T. ) ;
#2353 = LINE ( 'NONE', #1556, #1296 ) ;
#2354 = ORIENTED_EDGE ( 'NONE', *, *, #453, .F. ) ;
#2355 = FACE_OUTER_BOUND ( 'NONE', #30, .T. ) ;
#2356 = CARTESIAN_POINT ( 'NONE',  ( -5.000000000000000000, -18.50000000000000355, 0.000000000000000000 ) ) ;
#2357 = ADVANCED_FACE ( 'NONE', ( #1295 ), #1139, .F. ) ;
#2358 = ADVANCED_FACE ( 'NONE', ( #2371 ), #1513, .F. ) ;
#2359 = CARTESIAN_POINT ( 'NONE',  ( -4.000000000000000000, -16.75000000000000355, 35.00000000000000000 ) ) ;
#2360 = VERTEX_POINT ( 'NONE', #1966 ) ;
#2361 = EDGE_CURVE ( 'NONE', #56, #2567, #1310, .T. ) ;
#2362 = LINE ( 'NONE', #2330, #2431 ) ;
#2363 = ORIENTED_EDGE ( 'NONE', *, *, #1510, .T. ) ;
#2364 = LINE ( 'NONE', #109, #606 ) ;
#2365 = CARTESIAN_POINT ( 'NONE',  ( -4.000000000000000000, -15.00000000000000355, 33.00000000000000000 ) ) ;
#2366 = ORIENTED_EDGE ( 'NONE', *, *, #1667, .T. ) ;
#2367 = LINE ( 'NONE', #1776, #210 ) ;
#2368 = EDGE_CURVE ( 'NONE', #2598, #2648, #2563, .T. ) ;
#2369 = FACE_OUTER_BOUND ( 'NONE', #2537, .T. ) ;
#2370 = ORIENTED_EDGE ( 'NONE', *, *, #485, .F. ) ;
#2371 = FACE_OUTER_BOUND ( 'NONE', #152, .T. ) ;
#2372 = DIRECTION ( 'NONE',  ( 1.000000000000000000, 0.000000000000000000, 0.000000000000000000 ) ) ;
#2373 = DIRECTION ( 'NONE',  ( 1.000000000000000000, 0.000000000000000000, 0.000000000000000000 ) ) ;
#2374 = EDGE_CURVE ( 'NONE', #759, #784, #1798, .T. ) ;
#2375 = ORIENTED_EDGE ( 'NONE', *, *, #75, .T. ) ;
#2376 = EDGE_LOOP ( 'NONE', ( #2523, #1691, #638, #421 ) ) ;
#2377 = DIRECTION ( 'NONE',  ( -0.000000000000000000, -0.000000000000000000, 1.000000000000000000 ) ) ;
#2378 = VECTOR ( 'NONE', #1233, 1000.000000000000000 ) ;
#2379 = DIRECTION ( 'NONE',  ( 1.000000000000000000, -0.000000000000000000, -0.000000000000000000 ) ) ;
#2380 = EDGE_LOOP ( 'NONE', ( #1762, #1483, #2345, #969 ) ) ;
#2381 = DIRECTION ( 'NONE',  ( -1.000000000000000000, 0.000000000000000000, -3.469446951953611033E-15 ) ) ;
#2382 = VECTOR ( 'NONE', #2575, 1000.000000000000000 ) ;
#2383 = VECTOR ( 'NONE', #1734, 1000.000000000000000 ) ;
#2384 = FACE_OUTER_BOUND ( 'NONE', #941, .T. ) ;
#2385 = ORIENTED_EDGE ( 'NONE', *, *, #2374, .T. ) ;
#2386 = DIRECTION ( 'NONE',  ( -1.000000000000000000, -0.000000000000000000, 1.734723475976806601E-16 ) ) ;
#2387 =( GEOMETRIC_REPRESENTATION_CONTEXT ( 3 ) GLOBAL_UNCERTAINTY_ASSIGNED_CONTEXT ( ( #34 ) ) GLOBAL_UNIT_ASSIGNED_CONTEXT ( ( #1729, #868, #2568 ) ) REPRESENTATION_CONTEXT ( 'NONE', 'WORKASPACE' ) );
#2388 = DIRECTION ( 'NONE',  ( -0.000000000000000000, 1.000000000000000000, -0.000000000000000000 ) ) ;
#2389 = DIRECTION ( 'NONE',  ( 2.392722035830078972E-16, -1.000000000000000000, 0.000000000000000000 ) ) ;
#2390 = AXIS2_PLACEMENT_3D ( 'NONE', #2084, #849, #1279 ) ;
#2391 = ADVANCED_FACE ( 'NONE', ( #573 ), #178, .F. ) ;
#2392 = ORIENTED_EDGE ( 'NONE', *, *, #2281, .F. ) ;
#2393 = VECTOR ( 'NONE', #2030, 1000.000000000000000 ) ;
#2394 = EDGE_CURVE ( 'NONE', #1413, #1102, #1835, .T. ) ;
#2395 = VERTEX_POINT ( 'NONE', #963 ) ;
#2396 = PLANE ( 'NONE',  #2548 ) ;
#2397 = DIRECTION ( 'NONE',  ( -0.000000000000000000, 0.000000000000000000, 1.000000000000000000 ) ) ;
#2398 = ORIENTED_EDGE ( 'NONE', *, *, #630, .F. ) ;
#2399 = LINE ( 'NONE', #1364, #2279 ) ;
#2400 = PRODUCT_DEFINITION_SHAPE ( 'NONE', 'NONE',  #684 ) ;
#2401 = DIRECTION ( 'NONE',  ( -1.000000000000000000, -0.000000000000000000, -0.000000000000000000 ) ) ;
#2402 = ORIENTED_EDGE ( 'NONE', *, *, #1196, .T. ) ;
#2403 = CARTESIAN_POINT ( 'NONE',  ( 11.12500000000000000, 14.50000000000000178, 1.749999999999999334 ) ) ;
#2404 = LINE ( 'NONE', #736, #428 ) ;
#2405 = EDGE_LOOP ( 'NONE', ( #1190, #2611, #746, #2062, #2640, #2214 ) ) ;
#2406 = ORIENTED_EDGE ( 'NONE', *, *, #467, .T. ) ;
#2407 = LINE ( 'NONE', #2612, #828 ) ;
#2408 = ORIENTED_EDGE ( 'NONE', *, *, #1273, .F. ) ;
#2409 = DIRECTION ( 'NONE',  ( -0.6000000000000040856, 0.000000000000000000, -0.7999999999999970468 ) ) ;
#2410 = CARTESIAN_POINT ( 'NONE',  ( -1.000000000000000000, -7.499999999999998224, 20.50294904510285932 ) ) ;
#2411 = ORIENTED_EDGE ( 'NONE', *, *, #1400, .F. ) ;
#2412 = DIRECTION ( 'NONE',  ( -0.000000000000000000, -0.000000000000000000, -1.000000000000000000 ) ) ;
#2413 = CARTESIAN_POINT ( 'NONE',  ( 0.000000000000000000, 18.50000000000000355, 0.000000000000000000 ) ) ;
#2414 = FACE_OUTER_BOUND ( 'NONE', #2432, .T. ) ;
#2415 = ORIENTED_EDGE ( 'NONE', *, *, #1179, .F. ) ;
#2416 = ORIENTED_EDGE ( 'NONE', *, *, #2070, .F. ) ;
#2417 = PRODUCT ( 'P001-B101_RearEnclosure_Rev2D-9', 'P001-B101_RearEnclosure_Rev2D-9', '', ( #1136 ) ) ;
#2418 = VECTOR ( 'NONE', #995, 1000.000000000000000 ) ;
#2419 = CARTESIAN_POINT ( 'NONE',  ( 4.000000000000000000, -16.75000000000000355, 33.00000000000000000 ) ) ;
#2420 = VERTEX_POINT ( 'NONE', #2233 ) ;
#2421 = LINE ( 'NONE', #2231, #855 ) ;
#2422 = VECTOR ( 'NONE', #728, 1000.000000000000000 ) ;
#2423 = EDGE_CURVE ( 'NONE', #2618, #835, #1393, .T. ) ;
#2424 = EDGE_CURVE ( 'NONE', #2438, #1419, #185, .T. ) ;
#2425 = AXIS2_PLACEMENT_3D ( 'NONE', #392, #8, #827 ) ;
#2426 = ORIENTED_EDGE ( 'NONE', *, *, #554, .F. ) ;
#2427 = CARTESIAN_POINT ( 'NONE',  ( -16.00000000000000711, 14.50000000000000178, 35.00000000000000000 ) ) ;
#2428 = VECTOR ( 'NONE', #1528, 1000.000000000000000 ) ;
#2429 = DIRECTION ( 'NONE',  ( -1.239088197126290570E-16, -1.000000000000000000, 0.000000000000000000 ) ) ;
#2430 = DIRECTION ( 'NONE',  ( -0.000000000000000000, -0.000000000000000000, -1.000000000000000000 ) ) ;
#2431 = VECTOR ( 'NONE', #2315, 1000.000000000000227 ) ;
#2432 = EDGE_LOOP ( 'NONE', ( #1812, #1053, #869, #2086 ) ) ;
#2433 = ORIENTED_EDGE ( 'NONE', *, *, #954, .F. ) ;
#2434 = VECTOR ( 'NONE', #1990, 1000.000000000000000 ) ;
#2435 = LINE ( 'NONE', #1401, #957 ) ;
#2436 = ORIENTED_EDGE ( 'NONE', *, *, #2100, .T. ) ;
#2437 = LINE ( 'NONE', #1632, #1121 ) ;
#2438 = VERTEX_POINT ( 'NONE', #1819 ) ;
#2439 = DIRECTION ( 'NONE',  ( 0.000000000000000000, -0.000000000000000000, -1.000000000000000000 ) ) ;
#2440 = DIRECTION ( 'NONE',  ( -1.000000000000000000, 0.000000000000000000, 0.000000000000000000 ) ) ;
#2441 = CARTESIAN_POINT ( 'NONE',  ( 1.000000000000000000, -7.499999999999998224, 42.28010988928051717 ) ) ;
#2442 = VERTEX_POINT ( 'NONE', #379 ) ;
#2443 = EDGE_CURVE ( 'NONE', #2271, #1955, #1570, .T. ) ;
#2444 = EDGE_CURVE ( 'NONE', #2580, #1646, #2017, .T. ) ;
#2445 = EDGE_LOOP ( 'NONE', ( #480, #2162, #2392, #1830 ) ) ;
#2446 = DIRECTION ( 'NONE',  ( 0.000000000000000000, 0.000000000000000000, -1.000000000000000000 ) ) ;
#2447 = ORIENTED_EDGE ( 'NONE', *, *, #1406, .T. ) ;
#2448 = CARTESIAN_POINT ( 'NONE',  ( -4.000000000000000000, 16.75000000000000355, 33.00000000000000000 ) ) ;
#2449 = ORIENTED_EDGE ( 'NONE', *, *, #2116, .T. ) ;
#2450 = FACE_OUTER_BOUND ( 'NONE', #94, .T. ) ;
#2451 = PLANE ( 'NONE',  #907 ) ;
#2452 = FACE_OUTER_BOUND ( 'NONE', #913, .T. ) ;
#2453 = EDGE_LOOP ( 'NONE', ( #2559, #2057, #382, #1021 ) ) ;
#2454 = EDGE_CURVE ( 'NONE', #1945, #1271, #1198, .T. ) ;
#2455 = EDGE_CURVE ( 'NONE', #2271, #2576, #2006, .T. ) ;
#2456 = ORIENTED_EDGE ( 'NONE', *, *, #618, .T. ) ;
#2457 = CARTESIAN_POINT ( 'NONE',  ( -4.000000000000000000, 15.00000000000000355, 35.00000000000000000 ) ) ;
#2458 = ORIENTED_EDGE ( 'NONE', *, *, #2444, .T. ) ;
#2459 = DIRECTION ( 'NONE',  ( -1.000000000000000000, -2.392722035830078972E-16, 0.000000000000000000 ) ) ;
#2460 = ORIENTED_EDGE ( 'NONE', *, *, #2253, .F. ) ;
#2461 = CARTESIAN_POINT ( 'NONE',  ( 0.000000000000000000, -7.499999999999999112, 0.000000000000000000 ) ) ;
#2462 = LINE ( 'NONE', #1199, #1993 ) ;
#2463 = DIRECTION ( 'NONE',  ( -0.000000000000000000, -0.000000000000000000, 1.000000000000000000 ) ) ;
#2464 = CARTESIAN_POINT ( 'NONE',  ( -14.00000000000000711, 12.50000000000000178, 35.00000000000000000 ) ) ;
#2465 = VECTOR ( 'NONE', #1811, 1000.000000000000000 ) ;
#2466 = EDGE_CURVE ( 'NONE', #2103, #1894, #361, .T. ) ;
#2467 = AXIS2_PLACEMENT_3D ( 'NONE', #1323, #326, #284 ) ;
#2468 = ORIENTED_EDGE ( 'NONE', *, *, #117, .T. ) ;
#2469 = EDGE_CURVE ( 'NONE', #1920, #2547, #584, .T. ) ;
#2470 = CIRCLE ( 'NONE', #1827, 1.000000000000000000 ) ;
#2471 = VECTOR ( 'NONE', #2430, 1000.000000000000000 ) ;
#2472 = DIRECTION ( 'NONE',  ( 0.000000000000000000, -1.000000000000000000, 0.000000000000000000 ) ) ;
#2473 = ORIENTED_EDGE ( 'NONE', *, *, #1374, .F. ) ;
#2474 = CARTESIAN_POINT ( 'NONE',  ( -6.000000000000000000, 15.50000000000000355, 33.00000000000000000 ) ) ;
#2475 = EDGE_CURVE ( 'NONE', #1803, #2206, #1700, .T. ) ;
#2476 = VECTOR ( 'NONE', #1651, 1000.000000000000000 ) ;
#2477 = EDGE_CURVE ( 'NONE', #1775, #967, #985, .T. ) ;
#2478 = VERTEX_POINT ( 'NONE', #1160 ) ;
#2479 = DIRECTION ( 'NONE',  ( -2.392722035830078972E-16, 1.000000000000000000, -0.000000000000000000 ) ) ;
#2480 = DIRECTION ( 'NONE',  ( 0.000000000000000000, -1.000000000000000000, 0.000000000000000000 ) ) ;
#2481 = ORIENTED_EDGE ( 'NONE', *, *, #2593, .F. ) ;
#2482 = ORIENTED_EDGE ( 'NONE', *, *, #2477, .F. ) ;
#2483 = CARTESIAN_POINT ( 'NONE',  ( 1.000000000000000000, -7.499999999999999112, 0.000000000000000000 ) ) ;
#2484 = VERTEX_POINT ( 'NONE', #789 ) ;
#2485 = FACE_OUTER_BOUND ( 'NONE', #1341, .T. ) ;
#2486 = EDGE_CURVE ( 'NONE', #2438, #1351, #1614, .T. ) ;
#2487 = EDGE_CURVE ( 'NONE', #1813, #956, #800, .T. ) ;
#2488 = ORIENTED_EDGE ( 'NONE', *, *, #2394, .F. ) ;
#2489 = CARTESIAN_POINT ( 'NONE',  ( 15.99999999999999289, 14.50000000000000178, 35.00000000000000000 ) ) ;
#2490 = CARTESIAN_POINT ( 'NONE',  ( 16.00100000000000477, -2.889999999999941505, 23.01499999999996859 ) ) ;
#2491 = CARTESIAN_POINT ( 'NONE',  ( -6.000000000000000000, -17.50000000000000000, 35.00000000000000000 ) ) ;
#2492 = DIRECTION ( 'NONE',  ( 0.000000000000000000, 0.000000000000000000, 1.000000000000000000 ) ) ;
#2493 = ADVANCED_FACE ( 'NONE', ( #2450 ), #2242, .T. ) ;
#2494 = ORIENTED_EDGE ( 'NONE', *, *, #1639, .T. ) ;
#2495 = CARTESIAN_POINT ( 'NONE',  ( -11.50000000000000000, 2.360000000000052278, 23.01499999999996859 ) ) ;
#2496 = EDGE_LOOP ( 'NONE', ( #1492, #708, #2426, #208 ) ) ;
#2497 = CARTESIAN_POINT ( 'NONE',  ( 1.000000000000000000, -7.499999999999998224, 33.00000000000000000 ) ) ;
#2498 = ORIENTED_EDGE ( 'NONE', *, *, #1597, .F. ) ;
#2499 = DIRECTION ( 'NONE',  ( 0.000000000000000000, -0.000000000000000000, -1.000000000000000000 ) ) ;
#2500 = EDGE_CURVE ( 'NONE', #1629, #2618, #1212, .T. ) ;
#2501 = CARTESIAN_POINT ( 'NONE',  ( 11.99999999999998934, -10.32842712474619340, 27.50000000000000355 ) ) ;
#2502 = LINE ( 'NONE', #1051, #866 ) ;
#2503 = DIRECTION ( 'NONE',  ( 1.000000000000000000, 0.000000000000000000, 0.000000000000000000 ) ) ;
#2504 = VECTOR ( 'NONE', #1880, 1000.000000000000000 ) ;
#2505 = ORIENTED_EDGE ( 'NONE', *, *, #1342, .F. ) ;
#2506 = CIRCLE ( 'NONE', #2286, 2.000000000000000000 ) ;
#2507 = CARTESIAN_POINT ( 'NONE',  ( 4.000000000000000000, -16.75000000000000355, 33.00000000000000000 ) ) ;
#2508 = VERTEX_POINT ( 'NONE', #2627 ) ;
#2509 = CARTESIAN_POINT ( 'NONE',  ( -16.00000000000000711, 14.50000000000000178, 35.00000000000000000 ) ) ;
#2510 = VECTOR ( 'NONE', #1840, 1000.000000000000000 ) ;
#2511 = EDGE_CURVE ( 'NONE', #2230, #1623, #1464, .T. ) ;
#2512 = AXIS2_PLACEMENT_3D ( 'NONE', #50, #1926, #1283 ) ;
#2513 = ORIENTED_EDGE ( 'NONE', *, *, #531, .F. ) ;
#2514 = DIRECTION ( 'NONE',  ( -1.000000000000000000, 0.000000000000000000, 0.000000000000000000 ) ) ;
#2515 = VECTOR ( 'NONE', #1867, 1000.000000000000000 ) ;
#2516 = DIRECTION ( 'NONE',  ( 1.000000000000000000, 1.239088197126290570E-16, -0.000000000000000000 ) ) ;
#2517 = PLANE ( 'NONE',  #1868 ) ;
#2518 = CARTESIAN_POINT ( 'NONE',  ( 11.50000000000000000, -7.500000000000000000, 7.499999999999999112 ) ) ;
#2519 = FACE_OUTER_BOUND ( 'NONE', #1508, .T. ) ;
#2520 = ORIENTED_EDGE ( 'NONE', *, *, #338, .F. ) ;
#2521 = EDGE_CURVE ( 'NONE', #296, #1211, #2276, .T. ) ;
#2522 = DIRECTION ( 'NONE',  ( -1.000000000000000000, 0.000000000000000000, 0.000000000000000000 ) ) ;
#2523 = ORIENTED_EDGE ( 'NONE', *, *, #354, .F. ) ;
#2524 = DIRECTION ( 'NONE',  ( 1.239088197126290570E-16, 1.000000000000000000, 0.000000000000000000 ) ) ;
#2525 = CARTESIAN_POINT ( 'NONE',  ( 9.125000000000000000, 14.50000000000000178, 1.749999999999999334 ) ) ;
#2526 = ORIENTED_EDGE ( 'NONE', *, *, #1991, .F. ) ;
#2527 = CARTESIAN_POINT ( 'NONE',  ( -16.00000000000000000, -14.49999999999999822, 35.00000000000000000 ) ) ;
#2528 = ORIENTED_EDGE ( 'NONE', *, *, #923, .F. ) ;
#2529 = CARTESIAN_POINT ( 'NONE',  ( 12.50000000000000000, -7.500000000000000000, 29.50000000000000355 ) ) ;
#2530 = CARTESIAN_POINT ( 'NONE',  ( 6.000000000000000000, 17.50000000000000000, 33.00000000000000000 ) ) ;
#2531 = CARTESIAN_POINT ( 'NONE',  ( 13.99999999999998757, 14.50000000000000178, 7.499999999999999112 ) ) ;
#2532 = CARTESIAN_POINT ( 'NONE',  ( 13.99999999999999112, 12.50000000000000178, 35.00000000000000000 ) ) ;
#2533 = ORIENTED_EDGE ( 'NONE', *, *, #574, .T. ) ;
#2534 = EDGE_CURVE ( 'NONE', #1715, #2299, #661, .T. ) ;
#2535 = EDGE_CURVE ( 'NONE', #1230, #2580, #1889, .T. ) ;
#2536 = LINE ( 'NONE', #2507, #911 ) ;
#2537 = EDGE_LOOP ( 'NONE', ( #562, #2080, #891, #2473 ) ) ;
#2538 = DIRECTION ( 'NONE',  ( 0.000000000000000000, 0.000000000000000000, 1.000000000000000000 ) ) ;
#2539 = LINE ( 'NONE', #2525, #2383 ) ;
#2540 = ORIENTED_EDGE ( 'NONE', *, *, #792, .T. ) ;
#2541 = CARTESIAN_POINT ( 'NONE',  ( 11.99999999999998934, 14.50000000000000178, 27.50000000000000355 ) ) ;
#2542 = DIRECTION ( 'NONE',  ( 0.000000000000000000, 0.000000000000000000, -1.000000000000000000 ) ) ;
#2543 = CARTESIAN_POINT ( 'NONE',  ( 0.000000000000000000, -8.249999999999998224, 27.00000000000000355 ) ) ;
#2544 = FACE_OUTER_BOUND ( 'NONE', #27, .T. ) ;
#2545 = AXIS2_PLACEMENT_3D ( 'NONE', #1018, #705, #84 ) ;
#2546 = DIRECTION ( 'NONE',  ( 1.000000000000000000, 0.000000000000000000, 0.000000000000000000 ) ) ;
#2547 = VERTEX_POINT ( 'NONE', #2292 ) ;
#2548 = AXIS2_PLACEMENT_3D ( 'NONE', #542, #1568, #134 ) ;
#2549 = AXIS2_PLACEMENT_3D ( 'NONE', #229, #2106, #2124 ) ;
#2550 = CARTESIAN_POINT ( 'NONE',  ( -16.00000000000000000, -12.49999999999999289, 0.000000000000000000 ) ) ;
#2551 = EDGE_LOOP ( 'NONE', ( #1241, #1090, #169, #979, #572, #2651, #2585, #2146, #1067, #1425, #1595, #1981, #1415, #2433, #1844, #1567, #2188, #498, #1860, #822, #1459 ) ) ;
#2552 = ADVANCED_FACE ( 'NONE', ( #426 ), #1250, .F. ) ;
#2553 = CARTESIAN_POINT ( 'NONE',  ( 6.000000000000000000, -17.50000000000000000, 35.00000000000000000 ) ) ;
#2554 = CIRCLE ( 'NONE', #2601, 1.000000000000000000 ) ;
#2555 = DIRECTION ( 'NONE',  ( -1.000000000000000000, 0.000000000000000000, 0.000000000000000000 ) ) ;
#2556 = ORIENTED_EDGE ( 'NONE', *, *, #1065, .T. ) ;
#2557 = EDGE_CURVE ( 'NONE', #1282, #1958, #1634, .T. ) ;
#2558 = CARTESIAN_POINT ( 'NONE',  ( 11.12500000000000000, 14.50000000000000178, 4.999999999999999112 ) ) ;
#2559 = ORIENTED_EDGE ( 'NONE', *, *, #1581, .T. ) ;
#2560 = VECTOR ( 'NONE', #813, 1000.000000000000000 ) ;
#2561 = LINE ( 'NONE', #2194, #1648 ) ;
#2562 = ORIENTED_EDGE ( 'NONE', *, *, #2178, .F. ) ;
#2563 = LINE ( 'NONE', #2403, #2255 ) ;
#2564 = VECTOR ( 'NONE', #2412, 1000.000000000000000 ) ;
#2565 = CARTESIAN_POINT ( 'NONE',  ( -12.50000000000000000, 14.50000000000000178, 33.00000000000000000 ) ) ;
#2566 = LINE ( 'NONE', #724, #7 ) ;
#2567 = VERTEX_POINT ( 'NONE', #1904 ) ;
#2568 =( NAMED_UNIT ( * ) SI_UNIT ( $, .STERADIAN. ) SOLID_ANGLE_UNIT ( ) );
#2569 = ORIENTED_EDGE ( 'NONE', *, *, #1077, .F. ) ;
#2570 = PLANE ( 'NONE',  #1989 ) ;
#2571 = FACE_OUTER_BOUND ( 'NONE', #1291, .T. ) ;
#2572 = ORIENTED_EDGE ( 'NONE', *, *, #1732, .T. ) ;
#2573 = CARTESIAN_POINT ( 'NONE',  ( 4.000000000000000000, 15.00000000000000355, 35.00000000000000000 ) ) ;
#2574 = ADVANCED_FACE ( 'NONE', ( #1677 ), #2081, .F. ) ;
#2575 = DIRECTION ( 'NONE',  ( 0.000000000000000000, 0.000000000000000000, -1.000000000000000000 ) ) ;
#2576 = VERTEX_POINT ( 'NONE', #1666 ) ;
#2577 = PLANE ( 'NONE',  #1652 ) ;
#2578 = FACE_OUTER_BOUND ( 'NONE', #2110, .T. ) ;
#2579 = DIRECTION ( 'NONE',  ( 0.000000000000000000, 0.000000000000000000, 1.000000000000000000 ) ) ;
#2580 = VERTEX_POINT ( 'NONE', #1049 ) ;
#2581 = PLANE ( 'NONE',  #916 ) ;
#2582 = VERTEX_POINT ( 'NONE', #839 ) ;
#2583 = DIRECTION ( 'NONE',  ( 1.000000000000000000, 0.000000000000000000, 0.000000000000000000 ) ) ;
#2584 = FACE_OUTER_BOUND ( 'NONE', #788, .T. ) ;
#2585 = ORIENTED_EDGE ( 'NONE', *, *, #2352, .T. ) ;
#2586 = PLANE ( 'NONE',  #520 ) ;
#2587 = CARTESIAN_POINT ( 'NONE',  ( -5.000000000000000000, 18.50000000000000355, 35.00000000000000000 ) ) ;
#2588 = CARTESIAN_POINT ( 'NONE',  ( 13.99999999999998757, -27.65564437074637993, 7.499999999999999112 ) ) ;
#2589 = EDGE_CURVE ( 'NONE', #2508, #371, #1478, .T. ) ;
#2590 = DIRECTION ( 'NONE',  ( 0.000000000000000000, 1.000000000000000000, -0.000000000000000000 ) ) ;
#2591 = CARTESIAN_POINT ( 'NONE',  ( -16.00000000000000711, 12.50000000000000355, 35.00000000000000000 ) ) ;
#2592 = ORIENTED_EDGE ( 'NONE', *, *, #1675, .T. ) ;
#2593 = EDGE_CURVE ( 'NONE', #1715, #1607, #2082, .T. ) ;
#2594 = ORIENTED_EDGE ( 'NONE', *, *, #1566, .F. ) ;
#2595 = DIRECTION ( 'NONE',  ( -0.000000000000000000, -0.000000000000000000, -1.000000000000000000 ) ) ;
#2596 = CIRCLE ( 'NONE', #2112, 5.250000000000000000 ) ;
#2597 = CARTESIAN_POINT ( 'NONE',  ( 11.50000000000000000, -7.500000000000000000, 7.499999999999999112 ) ) ;
#2598 = VERTEX_POINT ( 'NONE', #2257 ) ;
#2599 = CARTESIAN_POINT ( 'NONE',  ( 4.000000000000000000, -16.75000000000000355, 35.00000000000000000 ) ) ;
#2600 = VECTOR ( 'NONE', #951, 1000.000000000000000 ) ;
#2601 = AXIS2_PLACEMENT_3D ( 'NONE', #2126, #477, #462 ) ;
#2602 = DIRECTION ( 'NONE',  ( 0.000000000000000000, 0.000000000000000000, 1.000000000000000000 ) ) ;
#2603 = VERTEX_POINT ( 'NONE', #1879 ) ;
#2604 = CARTESIAN_POINT ( 'NONE',  ( -14.00000000000000000, -14.49999999999999822, 35.00000000000000000 ) ) ;
#2605 = AXIS2_PLACEMENT_3D ( 'NONE', #579, #2179, #2013 ) ;
#2606 = PLANE ( 'NONE',  #2118 ) ;
#2607 = CARTESIAN_POINT ( 'NONE',  ( -4.000000000000000000, -15.00000000000000355, 35.00000000000000000 ) ) ;
#2608 = ORIENTED_EDGE ( 'NONE', *, *, #2424, .F. ) ;
#2609 = VECTOR ( 'NONE', #471, 1000.000000000000000 ) ;
#2610 = ADVANCED_FACE ( 'NONE', ( #31 ), #1276, .F. ) ;
#2611 = ORIENTED_EDGE ( 'NONE', *, *, #416, .F. ) ;
#2612 = CARTESIAN_POINT ( 'NONE',  ( -11.12500000000000000, -7.499999999999999112, 4.999999999999999112 ) ) ;
#2613 = EDGE_LOOP ( 'NONE', ( #1229, #1787, #880, #1506 ) ) ;
#2614 = CARTESIAN_POINT ( 'NONE',  ( 0.000000000000000000, -18.50000000000000355, 0.000000000000000000 ) ) ;
#2615 = CYLINDRICAL_SURFACE ( 'NONE', #1901, 1.000000000000000000 ) ;
#2616 = CARTESIAN_POINT ( 'NONE',  ( -16.00100000000001188, -1.075051696469955361E-14, 11.50000000000000355 ) ) ;
#2617 = DIRECTION ( 'NONE',  ( 0.000000000000000000, 0.000000000000000000, -1.000000000000000000 ) ) ;
#2618 = VERTEX_POINT ( 'NONE', #251 ) ;
#2619 = ORIENTED_EDGE ( 'NONE', *, *, #430, .T. ) ;
#2620 = EDGE_CURVE ( 'NONE', #1665, #759, #405, .T. ) ;
#2621 = EDGE_CURVE ( 'NONE', #2301, #730, #1225, .T. ) ;
#2622 = DIRECTION ( 'NONE',  ( 0.000000000000000000, 1.000000000000000000, 0.000000000000000000 ) ) ;
#2623 = ORIENTED_EDGE ( 'NONE', *, *, #1065, .F. ) ;
#2624 = CARTESIAN_POINT ( 'NONE',  ( -12.50000000000000000, 14.50000000000000178, 29.50000000000000355 ) ) ;
#2625 = ADVANCED_FACE ( 'NONE', ( #1024 ), #238, .T. ) ;
#2626 = ORIENTED_EDGE ( 'NONE', *, *, #2475, .T. ) ;
#2627 = CARTESIAN_POINT ( 'NONE',  ( 13.99999999999999112, 14.50000000000000178, 35.00000000000000000 ) ) ;
#2628 = CARTESIAN_POINT ( 'NONE',  ( -12.50000000000000000, -7.500000000000000000, 29.50000000000000355 ) ) ;
#2629 = DIRECTION ( 'NONE',  ( 3.469446951953611428E-15, 0.000000000000000000, -1.000000000000000000 ) ) ;
#2630 = DIRECTION ( 'NONE',  ( -0.000000000000000000, -1.000000000000000000, -0.000000000000000000 ) ) ;
#2631 = ORIENTED_EDGE ( 'NONE', *, *, #2318, .F. ) ;
#2632 = ORIENTED_EDGE ( 'NONE', *, *, #723, .T. ) ;
#2633 = EDGE_CURVE ( 'NONE', #503, #1607, #1853, .T. ) ;
#2634 = LINE ( 'NONE', #783, #744 ) ;
#2635 = VERTEX_POINT ( 'NONE', #622 ) ;
#2636 = FACE_OUTER_BOUND ( 'NONE', #2285, .T. ) ;
#2637 = AXIS2_PLACEMENT_3D ( 'NONE', #484, #1488, #2077 ) ;
#2638 = EDGE_CURVE ( 'NONE', #853, #799, #440, .T. ) ;
#2639 = VECTOR ( 'NONE', #71, 1000.000000000000000 ) ;
#2640 = ORIENTED_EDGE ( 'NONE', *, *, #2024, .F. ) ;
#2641 = DIRECTION ( 'NONE',  ( 0.000000000000000000, -0.000000000000000000, -1.000000000000000000 ) ) ;
#2642 = VECTOR ( 'NONE', #906, 1000.000000000000000 ) ;
#2643 = DIRECTION ( 'NONE',  ( -0.000000000000000000, -0.000000000000000000, 1.000000000000000000 ) ) ;
#2644 = CARTESIAN_POINT ( 'NONE',  ( -14.00000000000000711, 14.50000000000000178, 0.000000000000000000 ) ) ;
#2645 = VECTOR ( 'NONE', #2119, 1000.000000000000000 ) ;
#2646 = VERTEX_POINT ( 'NONE', #212 ) ;
#2647 = VECTOR ( 'NONE', #2323, 1000.000000000000000 ) ;
#2648 = VERTEX_POINT ( 'NONE', #1038 ) ;
#2649 = VECTOR ( 'NONE', #2092, 1000.000000000000000 ) ;
#2650 = LINE ( 'NONE', #364, #612 ) ;
#2651 = ORIENTED_EDGE ( 'NONE', *, *, #1207, .F. ) ;
#2652 = DIRECTION ( 'NONE',  ( 1.000000000000000000, 0.000000000000000000, -0.000000000000000000 ) ) ;
#2653 = CARTESIAN_POINT ( 'NONE',  ( -4.000000000000000000, -16.75000000000000355, 35.00000000000000000 ) ) ;
#2654 = EDGE_CURVE ( 'NONE', #1629, #2261, #2163, .T. ) ;
#2655 = CARTESIAN_POINT ( 'NONE',  ( 6.000000000000000000, 18.50000000000000355, 35.00000000000000000 ) ) ;
#2656 = FACE_OUTER_BOUND ( 'NONE', #2445, .T. ) ;
#2657 = EDGE_LOOP ( 'NONE', ( #2385, #2055, #389, #37 ) ) ;
#2658 = ORIENTED_EDGE ( 'NONE', *, *, #703, .T. ) ;
#2659 = LINE ( 'NONE', #441, #181 ) ;
#2660 = ORIENTED_EDGE ( 'NONE', *, *, #651, .F. ) ;
#2661 = DIRECTION ( 'NONE',  ( -0.000000000000000000, 0.000000000000000000, 1.000000000000000000 ) ) ;
#2662 = ORIENTED_EDGE ( 'NONE', *, *, #2123, .F. ) ;
#2663 = DIRECTION ( 'NONE',  ( 0.000000000000000000, 0.000000000000000000, -1.000000000000000000 ) ) ;
#2664 = CARTESIAN_POINT ( 'NONE',  ( -1.000000000000000000, -7.499999999999998224, 0.000000000000000000 ) ) ;
#2665 = EDGE_CURVE ( 'NONE', #2288, #928, #1930, .T. ) ;
#2666 = DIRECTION ( 'NONE',  ( 0.000000000000000000, -0.000000000000000000, 1.000000000000000000 ) ) ;
#2667 = LINE ( 'NONE', #283, #1777 ) ;
#2668 = EDGE_CURVE ( 'NONE', #1282, #994, #269, .T. ) ;
#2669 = VERTEX_POINT ( 'NONE', #2558 ) ;
ENDSEC;
END-ISO-10303-21;
