ISO-10303-21;
HEADER;
FILE_DESCRIPTION (( 'STEP AP214' ),
    '1' );
FILE_NAME ('P001-B119_BobbinDriveShaft-2.STEP',
    '2026-04-26T03:17:51',
    ( '' ),
    ( '' ),
    'SwSTEP 2.0',
    'SolidWorks 2026',
    '' );
FILE_SCHEMA (( 'AUTOMOTIVE_DESIGN' ));
ENDSEC;

DATA;
#1 = ORIENTED_EDGE ( 'NONE', *, *, #1122, .T. ) ;
#2 = DIRECTION ( 'NONE',  ( 0.000000000000000000, -1.000000000000000000, 0.000000000000000000 ) ) ;
#3 = CARTESIAN_POINT ( 'NONE',  ( -16.00000000000000000, 13.50000000000000355, 33.00000000000000000 ) ) ;
#4 = CARTESIAN_POINT ( 'NONE',  ( 0.000000000000000000, 0.000000000000000000, 10.00000000000000000 ) ) ;
#5 = AXIS2_PLACEMENT_3D ( 'NONE', #601, #954, #52 ) ;
#6 = CIRCLE ( 'NONE', #199, 4.999999999999999112 ) ;
#7 = ORIENTED_EDGE ( 'NONE', *, *, #30, .F. ) ;
#8 = DIRECTION ( 'NONE',  ( -0.000000000000000000, 1.000000000000000000, -0.000000000000000000 ) ) ;
#9 = AXIS2_PLACEMENT_3D ( 'NONE', #95, #762, #81 ) ;
#10 = ORIENTED_EDGE ( 'NONE', *, *, #1234, .F. ) ;
#11 = LINE ( 'NONE', #470, #315 ) ;
#12 = ADVANCED_FACE ( 'NONE', ( #856 ), #293, .T. ) ;
#13 = FACE_OUTER_BOUND ( 'NONE', #906, .T. ) ;
#14 = EDGE_CURVE ( 'NONE', #890, #337, #386, .T. ) ;
#15 = DIRECTION ( 'NONE',  ( 0.000000000000000000, -0.000000000000000000, 1.000000000000000000 ) ) ;
#16 = ORIENTED_EDGE ( 'NONE', *, *, #1334, .T. ) ;
#17 = CARTESIAN_POINT ( 'NONE',  ( 16.00000000000000000, -13.49999999999999822, 33.00000000000000000 ) ) ;
#18 = VERTEX_POINT ( 'NONE', #543 ) ;
#19 = CARTESIAN_POINT ( 'NONE',  ( -16.00000000000000000, 13.50000000000000355, 33.00000000000000000 ) ) ;
#20 = FACE_OUTER_BOUND ( 'NONE', #469, .T. ) ;
#21 = VERTEX_POINT ( 'NONE', #789 ) ;
#22 = LINE ( 'NONE', #907, #45 ) ;
#23 = VERTEX_POINT ( 'NONE', #773 ) ;
#24 = CIRCLE ( 'NONE', #858, 3.500000000000000000 ) ;
#25 = AXIS2_PLACEMENT_3D ( 'NONE', #247, #705, #1149 ) ;
#26 = CARTESIAN_POINT ( 'NONE',  ( -3.500000000000000000, 0.000000000000000000, 11.00000000000000000 ) ) ;
#27 = EDGE_CURVE ( 'NONE', #1377, #670, #214, .T. ) ;
#28 = AXIS2_PLACEMENT_3D ( 'NONE', #1185, #1303, #1440 ) ;
#29 = CARTESIAN_POINT ( 'NONE',  ( 3.999999999999995559, -3.000000000000003997, 10.00000000000000000 ) ) ;
#30 = EDGE_CURVE ( 'NONE', #1141, #1369, #517, .T. ) ;
#31 = ADVANCED_FACE ( 'NONE', ( #345 ), #780, .F. ) ;
#32 = ORIENTED_EDGE ( 'NONE', *, *, #1280, .F. ) ;
#33 = AXIS2_PLACEMENT_3D ( 'NONE', #1148, #246, #357 ) ;
#34 = CARTESIAN_POINT ( 'NONE',  ( 0.000000000000000000, 0.000000000000000000, 10.00000000000000000 ) ) ;
#35 = AXIS2_PLACEMENT_3D ( 'NONE', #110, #889, #1260 ) ;
#36 = VERTEX_POINT ( 'NONE', #564 ) ;
#37 = CARTESIAN_POINT ( 'NONE',  ( 0.000000000000000000, 0.000000000000000000, 10.00000000000000000 ) ) ;
#38 = CARTESIAN_POINT ( 'NONE',  ( 2.450000000000000622, 3.000384657911016356E-16, 15.00000000000000000 ) ) ;
#39 = DIRECTION ( 'NONE',  ( 0.000000000000000000, 0.000000000000000000, -1.000000000000000000 ) ) ;
#40 = ORIENTED_EDGE ( 'NONE', *, *, #852, .F. ) ;
#41 = FACE_OUTER_BOUND ( 'NONE', #752, .T. ) ;
#42 = ORIENTED_EDGE ( 'NONE', *, *, #710, .T. ) ;
#43 = DIRECTION ( 'NONE',  ( 0.000000000000000000, -0.000000000000000000, -1.000000000000000000 ) ) ;
#44 = PLANE ( 'NONE',  #432 ) ;
#45 = VECTOR ( 'NONE', #8, 1000.000000000000000 ) ;
#46 = APPLICATION_PROTOCOL_DEFINITION ( 'draft international standard', 'automotive_design', 1998, #1242 ) ;
#47 = EDGE_CURVE ( 'NONE', #1294, #890, #1371, .T. ) ;
#48 = EDGE_LOOP ( 'NONE', ( #435, #985, #228, #1323 ) ) ;
#49 = CARTESIAN_POINT ( 'NONE',  ( 11.25000000000000000, 13.50000000000000355, 27.00000000000001421 ) ) ;
#50 = EDGE_CURVE ( 'NONE', #1021, #398, #1194, .T. ) ;
#51 = ORIENTED_EDGE ( 'NONE', *, *, #912, .T. ) ;
#52 = DIRECTION ( 'NONE',  ( 1.000000000000000000, 0.000000000000000000, -0.000000000000000000 ) ) ;
#53 = FACE_BOUND ( 'NONE', #353, .T. ) ;
#54 = ORIENTED_EDGE ( 'NONE', *, *, #1205, .T. ) ;
#55 = CARTESIAN_POINT ( 'NONE',  ( -9.249999999999998224, -7.500000000000000000, 30.50000000000001066 ) ) ;
#56 = ORIENTED_EDGE ( 'NONE', *, *, #187, .T. ) ;
#57 = FACE_BOUND ( 'NONE', #271, .T. ) ;
#58 = CARTESIAN_POINT ( 'NONE',  ( -16.00000000000000000, 13.50000000000000355, 33.00000000000000000 ) ) ;
#59 = ADVANCED_FACE ( 'NONE', ( #1453 ), #443, .F. ) ;
#60 = ORIENTED_EDGE ( 'NONE', *, *, #731, .F. ) ;
#61 = DIRECTION ( 'NONE',  ( -0.000000000000000000, 0.000000000000000000, 1.000000000000000000 ) ) ;
#62 = ORIENTED_EDGE ( 'NONE', *, *, #1122, .F. ) ;
#63 = CARTESIAN_POINT ( 'NONE',  ( -11.25000000000000000, 13.50000000000000355, 27.00000000000001421 ) ) ;
#64 = DIRECTION ( 'NONE',  ( -1.000000000000000000, 0.000000000000000000, 0.000000000000000000 ) ) ;
#65 = FACE_OUTER_BOUND ( 'NONE', #1285, .T. ) ;
#66 = ORIENTED_EDGE ( 'NONE', *, *, #1252, .T. ) ;
#67 = FACE_OUTER_BOUND ( 'NONE', #951, .T. ) ;
#68 = DIRECTION ( 'NONE',  ( 1.000000000000000000, 0.000000000000000000, 0.000000000000000000 ) ) ;
#69 = EDGE_CURVE ( 'NONE', #1240, #1274, #310, .T. ) ;
#70 = AXIS2_PLACEMENT_3D ( 'NONE', #433, #412, #426 ) ;
#71 = VECTOR ( 'NONE', #1363, 1000.000000000000000 ) ;
#72 = EDGE_CURVE ( 'NONE', #959, #160, #96, .T. ) ;
#73 = DIRECTION ( 'NONE',  ( 0.000000000000000000, 1.000000000000000000, 0.000000000000000000 ) ) ;
#74 = ADVANCED_FACE ( 'NONE', ( #20 ), #1266, .F. ) ;
#75 = EDGE_CURVE ( 'NONE', #944, #510, #291, .T. ) ;
#76 = VERTEX_POINT ( 'NONE', #682 ) ;
#77 = CARTESIAN_POINT ( 'NONE',  ( 3.500000000000000000, 0.000000000000000000, 18.00000000000000000 ) ) ;
#78 = DIRECTION ( 'NONE',  ( 1.000000000000000000, 0.000000000000000000, 0.000000000000000000 ) ) ;
#79 = VECTOR ( 'NONE', #366, 1000.000000000000000 ) ;
#80 = AXIS2_PLACEMENT_3D ( 'NONE', #455, #1010, #559 ) ;
#81 = DIRECTION ( 'NONE',  ( 1.000000000000000000, 0.000000000000000000, 0.000000000000000000 ) ) ;
#82 = EDGE_LOOP ( 'NONE', ( #701, #1173, #457, #133 ) ) ;
#83 = CARTESIAN_POINT ( 'NONE',  ( 0.000000000000000000, 0.000000000000000000, 2.000000000000000000 ) ) ;
#84 = DIRECTION ( 'NONE',  ( -0.000000000000000000, -0.000000000000000000, 1.000000000000000000 ) ) ;
#85 = ORIENTED_EDGE ( 'NONE', *, *, #1106, .T. ) ;
#86 = FACE_OUTER_BOUND ( 'NONE', #48, .T. ) ;
#87 = AXIS2_PLACEMENT_3D ( 'NONE', #218, #916, #1146 ) ;
#88 = EDGE_CURVE ( 'NONE', #1054, #475, #919, .T. ) ;
#89 = VERTEX_POINT ( 'NONE', #260 ) ;
#90 = EDGE_CURVE ( 'NONE', #337, #1294, #934, .T. ) ;
#91 = CARTESIAN_POINT ( 'NONE',  ( 0.000000000000000000, 0.000000000000000000, 23.00000000000000000 ) ) ;
#92 = ORIENTED_EDGE ( 'NONE', *, *, #1432, .T. ) ;
#93 = CYLINDRICAL_SURFACE ( 'NONE', #1224, 3.500000000000000000 ) ;
#94 = EDGE_LOOP ( 'NONE', ( #169, #1299 ) ) ;
#95 = CARTESIAN_POINT ( 'NONE',  ( 0.000000000000000000, 0.000000000000000000, 23.00000000000000000 ) ) ;
#96 = CIRCLE ( 'NONE', #571, 4.999999999999999112 ) ;
#97 = EDGE_LOOP ( 'NONE', ( #947, #406, #936, #635 ) ) ;
#98 = LINE ( 'NONE', #552, #324 ) ;
#99 = LINE ( 'NONE', #1452, #1415 ) ;
#100 = VECTOR ( 'NONE', #170, 1000.000000000000000 ) ;
#101 = CARTESIAN_POINT ( 'NONE',  ( 0.000000000000000000, 0.000000000000000000, 10.00000000000000000 ) ) ;
#102 = AXIS2_PLACEMENT_3D ( 'NONE', #472, #920, #439 ) ;
#103 = PLANE ( 'NONE',  #843 ) ;
#104 = ORIENTED_EDGE ( 'NONE', *, *, #358, .T. ) ;
#105 = DIRECTION ( 'NONE',  ( 6.938893903907232322E-16, 0.000000000000000000, -1.000000000000000000 ) ) ;
#106 = ORIENTED_EDGE ( 'NONE', *, *, #72, .T. ) ;
#107 = DIRECTION ( 'NONE',  ( -1.000000000000000000, 0.000000000000000000, 0.000000000000000000 ) ) ;
#108 = ORIENTED_EDGE ( 'NONE', *, *, #1009, .F. ) ;
#109 = ADVANCED_FACE ( 'NONE', ( #805 ), #586, .T. ) ;
#110 = CARTESIAN_POINT ( 'NONE',  ( -11.25000000000000000, -36.78626204439002834, 30.50000000000001421 ) ) ;
#111 = EDGE_LOOP ( 'NONE', ( #763, #459 ) ) ;
#112 = DIRECTION ( 'NONE',  ( 0.000000000000000000, -0.000000000000000000, -1.000000000000000000 ) ) ;
#113 = AXIS2_PLACEMENT_3D ( 'NONE', #709, #1186, #1046 ) ;
#114 = EDGE_LOOP ( 'NONE', ( #127, #1 ) ) ;
#115 = PLANE ( 'NONE',  #272 ) ;
#116 = DIRECTION ( 'NONE',  ( 1.000000000000000000, 0.000000000000000000, 1.734723475976805517E-15 ) ) ;
#117 = CARTESIAN_POINT ( 'NONE',  ( -11.25000000000000000, 13.50000000000000355, 27.00000000000001421 ) ) ;
#118 = ADVANCED_FACE ( 'NONE', ( #477 ), #690, .F. ) ;
#119 = ORIENTED_EDGE ( 'NONE', *, *, #956, .F. ) ;
#120 = DIRECTION ( 'NONE',  ( 1.000000000000000000, 0.000000000000000000, 0.000000000000000000 ) ) ;
#121 = VERTEX_POINT ( 'NONE', #254 ) ;
#122 = LINE ( 'NONE', #577, #578 ) ;
#123 = DIRECTION ( 'NONE',  ( -1.000000000000000000, 0.000000000000000000, 0.000000000000000000 ) ) ;
#124 = PLANE ( 'NONE',  #699 ) ;
#125 = VECTOR ( 'NONE', #1311, 1000.000000000000000 ) ;
#126 = PRODUCT_DEFINITION_FORMATION_WITH_SPECIFIED_SOURCE ( 'ANY', '', #496, .NOT_KNOWN. ) ;
#127 = ORIENTED_EDGE ( 'NONE', *, *, #1063, .T. ) ;
#128 = CARTESIAN_POINT ( 'NONE',  ( 0.000000000000000000, 0.000000000000000000, 13.00000000000000000 ) ) ;
#129 = ORIENTED_EDGE ( 'NONE', *, *, #1081, .F. ) ;
#130 = LINE ( 'NONE', #1128, #746 ) ;
#131 = DIRECTION ( 'NONE',  ( 2.168404344971008868E-16, -1.000000000000000000, 0.000000000000000000 ) ) ;
#132 = CARTESIAN_POINT ( 'NONE',  ( 1.500000000000000000, 1.836970198721029934E-16, 0.000000000000000000 ) ) ;
#133 = ORIENTED_EDGE ( 'NONE', *, *, #1156, .F. ) ;
#134 = FACE_BOUND ( 'NONE', #94, .T. ) ;
#135 = EDGE_CURVE ( 'NONE', #178, #76, #351, .T. ) ;
#136 = VERTEX_POINT ( 'NONE', #38 ) ;
#137 = CIRCLE ( 'NONE', #1337, 1.000000000000000000 ) ;
#138 = DIRECTION ( 'NONE',  ( 0.000000000000000000, 0.000000000000000000, -1.000000000000000000 ) ) ;
#139 = ADVANCED_FACE ( 'NONE', ( #820 ), #140, .F. ) ;
#140 = PLANE ( 'NONE',  #147 ) ;
#141 = LINE ( 'NONE', #503, #771 ) ;
#142 = AXIS2_PLACEMENT_3D ( 'NONE', #334, #224, #1349 ) ;
#143 = VERTEX_POINT ( 'NONE', #491 ) ;
#144 = DIRECTION ( 'NONE',  ( -0.000000000000000000, -0.000000000000000000, -1.000000000000000000 ) ) ;
#145 = ORIENTED_EDGE ( 'NONE', *, *, #754, .F. ) ;
#146 = AXIS2_PLACEMENT_3D ( 'NONE', #835, #1075, #1284 ) ;
#147 = AXIS2_PLACEMENT_3D ( 'NONE', #594, #603, #1028 ) ;
#148 = FACE_OUTER_BOUND ( 'NONE', #1033, .T. ) ;
#149 = VECTOR ( 'NONE', #1209, 1000.000000000000000 ) ;
#150 = FACE_OUTER_BOUND ( 'NONE', #686, .T. ) ;
#151 = ORIENTED_EDGE ( 'NONE', *, *, #1364, .T. ) ;
#152 = CIRCLE ( 'NONE', #295, 4.999999999999999112 ) ;
#153 = LINE ( 'NONE', #629, #186 ) ;
#154 =( GEOMETRIC_REPRESENTATION_CONTEXT ( 3 ) GLOBAL_UNCERTAINTY_ASSIGNED_CONTEXT ( ( #1417 ) ) GLOBAL_UNIT_ASSIGNED_CONTEXT ( ( #374, #1036, #478 ) ) REPRESENTATION_CONTEXT ( 'NONE', 'WORKASPACE' ) );
#155 = EDGE_LOOP ( 'NONE', ( #448, #280 ) ) ;
#156 = CARTESIAN_POINT ( 'NONE',  ( 3.500000000000000000, 4.286263797015736595E-16, 13.00000000000000000 ) ) ;
#157 = CARTESIAN_POINT ( 'NONE',  ( 0.000000000000000000, 0.000000000000000000, 23.00000000000000000 ) ) ;
#158 = DIRECTION ( 'NONE',  ( 0.000000000000000000, 0.000000000000000000, 1.000000000000000000 ) ) ;
#159 = ADVANCED_FACE ( 'NONE', ( #13 ), #1157, .F. ) ;
#160 = VERTEX_POINT ( 'NONE', #29 ) ;
#161 = CARTESIAN_POINT ( 'NONE',  ( 0.000000000000000000, 0.000000000000000000, 15.00000000000000000 ) ) ;
#162 = ORIENTED_EDGE ( 'NONE', *, *, #1428, .F. ) ;
#163 = FACE_BOUND ( 'NONE', #680, .T. ) ;
#164 =( NAMED_UNIT ( * ) SI_UNIT ( $, .STERADIAN. ) SOLID_ANGLE_UNIT ( ) );
#165 = CIRCLE ( 'NONE', #637, 3.500000000000000000 ) ;
#166 = ORIENTED_EDGE ( 'NONE', *, *, #968, .T. ) ;
#167 = CARTESIAN_POINT ( 'NONE',  ( -4.000000000000001776, 4.000000000000000000, 10.00000000000000000 ) ) ;
#168 = ADVANCED_FACE ( 'NONE', ( #799 ), #1379, .F. ) ;
#169 = ORIENTED_EDGE ( 'NONE', *, *, #870, .F. ) ;
#170 = DIRECTION ( 'NONE',  ( -0.000000000000000000, -0.000000000000000000, -1.000000000000000000 ) ) ;
#171 = DIRECTION ( 'NONE',  ( -1.084202172485504434E-16, 1.000000000000000000, -0.000000000000000000 ) ) ;
#172 = CLOSED_SHELL ( 'NONE', ( #715, #810, #422, #1312, #200, #1032, #1123, #1265, #1446, #139, #168, #823, #497, #298, #109, #180, #232, #12, #664, #450, #249, #388, #1212, #1095, #639, #74, #185, #1384, #492, #447, #231, #360, #335, #282, #970, #1403, #602, #118, #59, #321, #1332, #1462, #1184, #998, #31, #159, #1167, #212, #1235, #1444, #761, #607, #926 ) ) ;
#173 = DIRECTION ( 'NONE',  ( 1.000000000000000000, 0.000000000000000000, 0.000000000000000000 ) ) ;
#174 = CARTESIAN_POINT ( 'NONE',  ( 4.000000000000000000, -3.000000000000000000, 6.000000000000000000 ) ) ;
#175 = ORIENTED_EDGE ( 'NONE', *, *, #27, .F. ) ;
#176 = LINE ( 'NONE', #631, #344 ) ;
#177 = FACE_OUTER_BOUND ( 'NONE', #824, .T. ) ;
#178 = VERTEX_POINT ( 'NONE', #1272 ) ;
#179 = DIRECTION ( 'NONE',  ( 0.000000000000000000, -0.000000000000000000, 1.000000000000000000 ) ) ;
#180 = ADVANCED_FACE ( 'NONE', ( #150 ), #333, .T. ) ;
#181 = ORIENTED_EDGE ( 'NONE', *, *, #946, .T. ) ;
#182 = DIRECTION ( 'NONE',  ( -1.000000000000000000, 0.000000000000000000, 0.000000000000000000 ) ) ;
#183 = ORIENTED_EDGE ( 'NONE', *, *, #88, .T. ) ;
#184 = FACE_OUTER_BOUND ( 'NONE', #427, .T. ) ;
#185 = ADVANCED_FACE ( 'NONE', ( #826 ), #1253, .T. ) ;
#186 = VECTOR ( 'NONE', #1298, 1000.000000000000000 ) ;
#187 = EDGE_CURVE ( 'NONE', #1021, #576, #613, .T. ) ;
#188 = PLANE ( 'NONE',  #1229 ) ;
#189 = ORIENTED_EDGE ( 'NONE', *, *, #481, .T. ) ;
#190 = DIRECTION ( 'NONE',  ( -0.000000000000000000, -0.000000000000000000, -1.000000000000000000 ) ) ;
#191 = DIRECTION ( 'NONE',  ( 0.000000000000000000, 0.000000000000000000, -1.000000000000000000 ) ) ;
#192 = AXIS2_PLACEMENT_3D ( 'NONE', #949, #1182, #64 ) ;
#193 = VECTOR ( 'NONE', #554, 1000.000000000000000 ) ;
#194 = DIRECTION ( 'NONE',  ( 1.000000000000000000, -0.000000000000000000, -1.734723475976805517E-15 ) ) ;
#195 = ORIENTED_EDGE ( 'NONE', *, *, #468, .T. ) ;
#196 = DIRECTION ( 'NONE',  ( -0.000000000000000000, -0.000000000000000000, -1.000000000000000000 ) ) ;
#197 = FACE_OUTER_BOUND ( 'NONE', #498, .T. ) ;
#198 = VECTOR ( 'NONE', #681, 1000.000000000000000 ) ;
#199 = AXIS2_PLACEMENT_3D ( 'NONE', #565, #361, #1461 ) ;
#200 = ADVANCED_FACE ( 'NONE', ( #184 ), #1073, .T. ) ;
#201 = EDGE_CURVE ( 'NONE', #160, #965, #400, .T. ) ;
#202 = CARTESIAN_POINT ( 'NONE',  ( -4.000000000000000000, -3.000000000000000888, 10.00000000000000000 ) ) ;
#203 = ORIENTED_EDGE ( 'NONE', *, *, #1156, .T. ) ;
#204 = LINE ( 'NONE', #1431, #1308 ) ;
#205 = CARTESIAN_POINT ( 'NONE',  ( 11.25000000000000000, -7.500000000000000000, 30.50000000000001421 ) ) ;
#206 = ORIENTED_EDGE ( 'NONE', *, *, #1367, .T. ) ;
#207 = DIRECTION ( 'NONE',  ( -1.000000000000000000, 0.000000000000000000, 0.000000000000000000 ) ) ;
#208 = MANIFOLD_SOLID_BREP ( 'Boss-Extrude4', #172 ) ;
#209 = ORIENTED_EDGE ( 'NONE', *, *, #88, .F. ) ;
#210 = DIRECTION ( 'NONE',  ( 1.000000000000000000, 0.000000000000000000, 0.000000000000000000 ) ) ;
#211 = DIRECTION ( 'NONE',  ( 0.000000000000000000, 0.000000000000000000, -1.000000000000000000 ) ) ;
#212 = ADVANCED_FACE ( 'NONE', ( #269 ), #1307, .F. ) ;
#213 = ORIENTED_EDGE ( 'NONE', *, *, #732, .T. ) ;
#214 = CIRCLE ( 'NONE', #409, 3.500000000000000000 ) ;
#215 = LINE ( 'NONE', #1003, #1193 ) ;
#216 = AXIS2_PLACEMENT_3D ( 'NONE', #157, #381, #632 ) ;
#217 = ORIENTED_EDGE ( 'NONE', *, *, #268, .T. ) ;
#218 = CARTESIAN_POINT ( 'NONE',  ( 0.000000000000000000, 0.000000000000000000, 13.00000000000000000 ) ) ;
#219 = ORIENTED_EDGE ( 'NONE', *, *, #774, .F. ) ;
#220 = DIRECTION ( 'NONE',  ( -6.938893903907232322E-16, -0.000000000000000000, 1.000000000000000000 ) ) ;
#221 = AXIS2_PLACEMENT_3D ( 'NONE', #289, #966, #1394 ) ;
#222 = CARTESIAN_POINT ( 'NONE',  ( 0.000000000000000000, 0.000000000000000000, 6.000000000000000000 ) ) ;
#223 = VECTOR ( 'NONE', #39, 1000.000000000000000 ) ;
#224 = DIRECTION ( 'NONE',  ( 0.000000000000000000, 0.000000000000000000, 1.000000000000000000 ) ) ;
#225 = VERTEX_POINT ( 'NONE', #522 ) ;
#226 = FACE_OUTER_BOUND ( 'NONE', #611, .T. ) ;
#227 = PRODUCT_DEFINITION ( 'UNKNOWN', '', #126, #1199 ) ;
#228 = ORIENTED_EDGE ( 'NONE', *, *, #343, .T. ) ;
#229 = DIRECTION ( 'NONE',  ( 0.000000000000000000, -1.000000000000000000, 0.000000000000000000 ) ) ;
#230 = DIRECTION ( 'NONE',  ( 1.000000000000000000, 2.168404344971008868E-16, -0.000000000000000000 ) ) ;
#231 = ADVANCED_FACE ( 'NONE', ( #619 ), #44, .T. ) ;
#232 = ADVANCED_FACE ( 'NONE', ( #53, #509 ), #722, .F. ) ;
#233 = EDGE_CURVE ( 'NONE', #654, #136, #1183, .T. ) ;
#234 = CARTESIAN_POINT ( 'NONE',  ( 3.999999999999999112, 3.000000000000000000, 10.00000000000000000 ) ) ;
#235 = ORIENTED_EDGE ( 'NONE', *, *, #268, .F. ) ;
#236 = CARTESIAN_POINT ( 'NONE',  ( 3.500000000000000000, 4.286263797015736595E-16, 11.00000000000000000 ) ) ;
#237 = AXIS2_PLACEMENT_3D ( 'NONE', #783, #190, #182 ) ;
#238 = ORIENTED_EDGE ( 'NONE', *, *, #1205, .F. ) ;
#239 = DIRECTION ( 'NONE',  ( -1.000000000000000000, 0.000000000000000000, 1.734723475976805517E-15 ) ) ;
#240 = DIRECTION ( 'NONE',  ( 1.000000000000000000, 0.000000000000000000, 0.000000000000000000 ) ) ;
#241 = CARTESIAN_POINT ( 'NONE',  ( -2.450000000000000622, 0.000000000000000000, 0.000000000000000000 ) ) ;
#242 = ORIENTED_EDGE ( 'NONE', *, *, #974, .T. ) ;
#243 = PLANE ( 'NONE',  #807 ) ;
#244 = AXIS2_PLACEMENT_3D ( 'NONE', #1086, #1278, #1058 ) ;
#245 = VERTEX_POINT ( 'NONE', #744 ) ;
#246 = DIRECTION ( 'NONE',  ( -0.000000000000000000, -0.000000000000000000, -1.000000000000000000 ) ) ;
#247 = CARTESIAN_POINT ( 'NONE',  ( 0.000000000000000000, 0.000000000000000000, 11.00000000000000000 ) ) ;
#248 = DIRECTION ( 'NONE',  ( -1.000000000000000000, -1.224646799147353207E-16, 0.000000000000000000 ) ) ;
#249 = ADVANCED_FACE ( 'NONE', ( #1191, #177 ), #738, .F. ) ;
#250 = VERTEX_POINT ( 'NONE', #1404 ) ;
#251 = CARTESIAN_POINT ( 'NONE',  ( 4.999999999999999112, 0.000000000000000000, 10.00000000000000000 ) ) ;
#252 = EDGE_LOOP ( 'NONE', ( #85, #106, #874 ) ) ;
#253 = FACE_OUTER_BOUND ( 'NONE', #801, .T. ) ;
#254 = CARTESIAN_POINT ( 'NONE',  ( -3.500000000000000000, 0.000000000000000000, 0.000000000000000000 ) ) ;
#255 = DIRECTION ( 'NONE',  ( 0.000000000000000000, 0.000000000000000000, 1.000000000000000000 ) ) ;
#256 = ORIENTED_EDGE ( 'NONE', *, *, #377, .T. ) ;
#257 = DIRECTION ( 'NONE',  ( 1.000000000000000000, 0.000000000000000000, -0.000000000000000000 ) ) ;
#258 = ORIENTED_EDGE ( 'NONE', *, *, #760, .T. ) ;
#259 = DIRECTION ( 'NONE',  ( -1.000000000000000000, 0.000000000000000000, 0.000000000000000000 ) ) ;
#260 = CARTESIAN_POINT ( 'NONE',  ( -11.25000000000000000, 13.50000000000000355, 30.50000000000001421 ) ) ;
#261 = ORIENTED_EDGE ( 'NONE', *, *, #495, .T. ) ;
#262 = CARTESIAN_POINT ( 'NONE',  ( -16.00000000000000000, 13.50000000000000355, 23.00000000000000000 ) ) ;
#263 = ORIENTED_EDGE ( 'NONE', *, *, #530, .F. ) ;
#264 = VECTOR ( 'NONE', #1304, 1000.000000000000000 ) ;
#265 = AXIS2_PLACEMENT_3D ( 'NONE', #101, #556, #323 ) ;
#266 = CARTESIAN_POINT ( 'NONE',  ( -3.000000000000001776, 3.000000000000000000, 6.000000000000000000 ) ) ;
#267 = AXIS2_PLACEMENT_3D ( 'NONE', #1204, #191, #995 ) ;
#268 = EDGE_CURVE ( 'NONE', #1039, #1164, #524, .T. ) ;
#269 = FACE_OUTER_BOUND ( 'NONE', #930, .T. ) ;
#270 = CARTESIAN_POINT ( 'NONE',  ( 0.000000000000000000, 0.000000000000000000, 11.00000000000000000 ) ) ;
#271 = EDGE_LOOP ( 'NONE', ( #975, #1090 ) ) ;
#272 = AXIS2_PLACEMENT_3D ( 'NONE', #689, #569, #1016 ) ;
#273 = DIRECTION ( 'NONE',  ( 0.000000000000000000, -0.000000000000000000, -1.000000000000000000 ) ) ;
#274 = CIRCLE ( 'NONE', #464, 1.000000000000000000 ) ;
#275 = VERTEX_POINT ( 'NONE', #1078 ) ;
#276 = CARTESIAN_POINT ( 'NONE',  ( -16.00000000000000000, -13.49999999999999822, 33.00000000000000000 ) ) ;
#277 = CARTESIAN_POINT ( 'NONE',  ( 0.000000000000000000, 0.000000000000000000, 0.000000000000000000 ) ) ;
#278 = FACE_OUTER_BOUND ( 'NONE', #326, .T. ) ;
#279 = EDGE_CURVE ( 'NONE', #923, #1116, #410, .T. ) ;
#280 = ORIENTED_EDGE ( 'NONE', *, *, #956, .T. ) ;
#281 = CARTESIAN_POINT ( 'NONE',  ( -16.00000000000000000, 13.50000000000000355, 33.00000000000000000 ) ) ;
#282 = ADVANCED_FACE ( 'NONE', ( #772 ), #93, .T. ) ;
#283 = ORIENTED_EDGE ( 'NONE', *, *, #50, .F. ) ;
#284 = DIRECTION ( 'NONE',  ( 0.000000000000000000, -0.000000000000000000, -1.000000000000000000 ) ) ;
#285 = CARTESIAN_POINT ( 'NONE',  ( 0.000000000000000000, 0.000000000000000000, 15.00000000000000000 ) ) ;
#286 = EDGE_LOOP ( 'NONE', ( #1451, #853 ) ) ;
#287 = DIRECTION ( 'NONE',  ( -0.000000000000000000, 0.000000000000000000, 1.000000000000000000 ) ) ;
#288 = VERTEX_POINT ( 'NONE', #308 ) ;
#289 = CARTESIAN_POINT ( 'NONE',  ( 2.999999999999999112, 3.000000000000000000, 6.000000000000000000 ) ) ;
#290 = DIRECTION ( 'NONE',  ( 1.000000000000000000, 0.000000000000000000, 0.000000000000000000 ) ) ;
#291 = CIRCLE ( 'NONE', #25, 3.500000000000000000 ) ;
#292 = EDGE_CURVE ( 'NONE', #513, #375, #1420, .T. ) ;
#293 = CYLINDRICAL_SURFACE ( 'NONE', #507, 2.450000000000000622 ) ;
#294 = CARTESIAN_POINT ( 'NONE',  ( -11.25000000000000000, -7.500000000000000000, 30.50000000000001421 ) ) ;
#295 = AXIS2_PLACEMENT_3D ( 'NONE', #37, #284, #1189 ) ;
#296 = ORIENTED_EDGE ( 'NONE', *, *, #825, .F. ) ;
#297 = DIRECTION ( 'NONE',  ( 0.000000000000000000, 0.000000000000000000, 1.000000000000000000 ) ) ;
#298 = ADVANCED_FACE ( 'NONE', ( #197 ), #437, .T. ) ;
#299 = EDGE_CURVE ( 'NONE', #624, #89, #548, .T. ) ;
#300 = DIRECTION ( 'NONE',  ( 0.000000000000000000, -0.000000000000000000, -1.000000000000000000 ) ) ;
#301 = ORIENTED_EDGE ( 'NONE', *, *, #620, .F. ) ;
#302 = LINE ( 'NONE', #1085, #486 ) ;
#303 = DIRECTION ( 'NONE',  ( -0.000000000000000000, -0.000000000000000000, -1.000000000000000000 ) ) ;
#304 = CIRCLE ( 'NONE', #355, 4.999999999999999112 ) ;
#305 = PLANE ( 'NONE',  #9 ) ;
#306 = VERTEX_POINT ( 'NONE', #652 ) ;
#307 = LINE ( 'NONE', #415, #391 ) ;
#308 = CARTESIAN_POINT ( 'NONE',  ( -9.250000000000000000, -7.499999999999998224, 33.00000000000000000 ) ) ;
#309 = EDGE_CURVE ( 'NONE', #312, #1382, #1338, .T. ) ;
#310 = CIRCLE ( 'NONE', #742, 2.450000000000000622 ) ;
#311 = LINE ( 'NONE', #202, #596 ) ;
#312 = VERTEX_POINT ( 'NONE', #877 ) ;
#313 = CARTESIAN_POINT ( 'NONE',  ( 0.000000000000000000, 0.000000000000000000, 10.00000000000000000 ) ) ;
#314 = CARTESIAN_POINT ( 'NONE',  ( -9.250000000000000000, -36.78626204439002834, 33.00000000000000711 ) ) ;
#315 = VECTOR ( 'NONE', #918, 1000.000000000000000 ) ;
#316 = AXIS2_PLACEMENT_3D ( 'NONE', #691, #588, #1448 ) ;
#317 = ORIENTED_EDGE ( 'NONE', *, *, #905, .T. ) ;
#318 = LINE ( 'NONE', #857, #264 ) ;
#319 = ORIENTED_EDGE ( 'NONE', *, *, #403, .T. ) ;
#320 = FACE_OUTER_BOUND ( 'NONE', #504, .T. ) ;
#321 = ADVANCED_FACE ( 'NONE', ( #1217 ), #892, .F. ) ;
#322 = FACE_OUTER_BOUND ( 'NONE', #1328, .T. ) ;
#323 = DIRECTION ( 'NONE',  ( 1.000000000000000000, 0.000000000000000000, 0.000000000000000000 ) ) ;
#324 = VECTOR ( 'NONE', #661, 1000.000000000000000 ) ;
#325 = FACE_OUTER_BOUND ( 'NONE', #82, .T. ) ;
#326 = EDGE_LOOP ( 'NONE', ( #1360, #1223, #885, #616 ) ) ;
#327 = CARTESIAN_POINT ( 'NONE',  ( 0.000000000000000000, 0.000000000000000000, 15.00000000000000000 ) ) ;
#328 = ORIENTED_EDGE ( 'NONE', *, *, #299, .T. ) ;
#329 = FACE_OUTER_BOUND ( 'NONE', #114, .T. ) ;
#330 = VECTOR ( 'NONE', #502, 1000.000000000000000 ) ;
#331 = ORIENTED_EDGE ( 'NONE', *, *, #1169, .T. ) ;
#332 = AXIS2_PLACEMENT_3D ( 'NONE', #615, #61, #397 ) ;
#333 = TOROIDAL_SURFACE ( 'NONE', #1159, 1.500000000000000000, 2.000000000000000000 ) ;
#334 = CARTESIAN_POINT ( 'NONE',  ( 0.000000000000000000, 0.000000000000000000, -4.142135623730947458 ) ) ;
#335 = ADVANCED_FACE ( 'NONE', ( #329 ), #1099, .T. ) ;
#336 = VECTOR ( 'NONE', #1271, 1000.000000000000000 ) ;
#337 = VERTEX_POINT ( 'NONE', #1434 ) ;
#338 = CARTESIAN_POINT ( 'NONE',  ( 2.450000000000000622, 3.000384657911016356E-16, 13.00000000000000000 ) ) ;
#339 = ORIENTED_EDGE ( 'NONE', *, *, #573, .T. ) ;
#340 = CARTESIAN_POINT ( 'NONE',  ( 4.000000000000000000, -3.000000000000000000, 10.00000000000000000 ) ) ;
#341 = EDGE_CURVE ( 'NONE', #275, #89, #1325, .T. ) ;
#342 = EDGE_CURVE ( 'NONE', #923, #312, #766, .T. ) ;
#343 = EDGE_CURVE ( 'NONE', #1097, #21, #786, .T. ) ;
#344 = VECTOR ( 'NONE', #1077, 1000.000000000000000 ) ;
#345 = FACE_OUTER_BOUND ( 'NONE', #1449, .T. ) ;
#346 = DIRECTION ( 'NONE',  ( 0.000000000000000000, -0.000000000000000000, 1.000000000000000000 ) ) ;
#347 = ORIENTED_EDGE ( 'NONE', *, *, #14, .T. ) ;
#348 = DIRECTION ( 'NONE',  ( 0.000000000000000000, -0.000000000000000000, -1.000000000000000000 ) ) ;
#349 = EDGE_LOOP ( 'NONE', ( #261, #394, #1346, #720 ) ) ;
#350 = CARTESIAN_POINT ( 'NONE',  ( -3.000000000000001776, 3.000000000000000000, 10.00000000000000000 ) ) ;
#351 = LINE ( 'NONE', #367, #788 ) ;
#352 = DIRECTION ( 'NONE',  ( 0.000000000000000000, 0.000000000000000000, 1.000000000000000000 ) ) ;
#353 = EDGE_LOOP ( 'NONE', ( #1047, #711 ) ) ;
#354 = CARTESIAN_POINT ( 'NONE',  ( 0.000000000000000000, 0.000000000000000000, 6.000000000000000000 ) ) ;
#355 = AXIS2_PLACEMENT_3D ( 'NONE', #891, #348, #1117 ) ;
#356 = ORIENTED_EDGE ( 'NONE', *, *, #870, .T. ) ;
#357 = DIRECTION ( 'NONE',  ( -1.000000000000000000, 0.000000000000000000, 0.000000000000000000 ) ) ;
#358 = EDGE_CURVE ( 'NONE', #250, #1382, #1318, .T. ) ;
#359 = CARTESIAN_POINT ( 'NONE',  ( 0.000000000000000000, 0.000000000000000000, 0.000000000000000000 ) ) ;
#360 = ADVANCED_FACE ( 'NONE', ( #989 ), #887, .T. ) ;
#361 = DIRECTION ( 'NONE',  ( 0.000000000000000000, 0.000000000000000000, 1.000000000000000000 ) ) ;
#362 = ORIENTED_EDGE ( 'NONE', *, *, #1319, .F. ) ;
#363 = CYLINDRICAL_SURFACE ( 'NONE', #1150, 2.450000000000000622 ) ;
#364 =( GEOMETRIC_REPRESENTATION_CONTEXT ( 3 ) GLOBAL_UNCERTAINTY_ASSIGNED_CONTEXT ( ( #1079 ) ) GLOBAL_UNIT_ASSIGNED_CONTEXT ( ( #855, #1198, #164 ) ) REPRESENTATION_CONTEXT ( 'NONE', 'WORKASPACE' ) );
#365 = EDGE_LOOP ( 'NONE', ( #256, #189, #928, #909, #42, #837, #1232, #1276 ) ) ;
#366 = DIRECTION ( 'NONE',  ( -1.000000000000000000, -0.000000000000000000, -0.000000000000000000 ) ) ;
#367 = CARTESIAN_POINT ( 'NONE',  ( -3.000000000000001776, 4.000000000000000000, 10.00000000000000000 ) ) ;
#368 = AXIS2_PLACEMENT_3D ( 'NONE', #1034, #2, #373 ) ;
#369 = CARTESIAN_POINT ( 'NONE',  ( 16.00000000000000000, 13.50000000000000355, 23.00000000000000000 ) ) ;
#370 = EDGE_LOOP ( 'NONE', ( #473, #347, #597 ) ) ;
#371 = LINE ( 'NONE', #467, #1389 ) ;
#372 = ORIENTED_EDGE ( 'NONE', *, *, #1387, .T. ) ;
#373 = DIRECTION ( 'NONE',  ( 0.000000000000000000, 0.000000000000000000, -1.000000000000000000 ) ) ;
#374 =( LENGTH_UNIT ( ) NAMED_UNIT ( * ) SI_UNIT ( .MILLI., .METRE. ) );
#375 = VERTEX_POINT ( 'NONE', #1439 ) ;
#376 = DIRECTION ( 'NONE',  ( 1.000000000000000000, 2.664535259100375697E-15, 0.000000000000000000 ) ) ;
#377 = EDGE_CURVE ( 'NONE', #288, #21, #881, .T. ) ;
#378 = ORIENTED_EDGE ( 'NONE', *, *, #1014, .T. ) ;
#379 = CIRCLE ( 'NONE', #113, 4.999999999999999112 ) ;
#380 = CARTESIAN_POINT ( 'NONE',  ( 3.500000000000000000, 4.286263797015736595E-16, 13.00000000000000000 ) ) ;
#381 = DIRECTION ( 'NONE',  ( -0.000000000000000000, 0.000000000000000000, 1.000000000000000000 ) ) ;
#382 = FACE_OUTER_BOUND ( 'NONE', #483, .T. ) ;
#383 = ORIENTED_EDGE ( 'NONE', *, *, #806, .F. ) ;
#384 = DIRECTION ( 'NONE',  ( -1.000000000000000000, 0.000000000000000000, 0.000000000000000000 ) ) ;
#385 = EDGE_LOOP ( 'NONE', ( #62, #362, #1012, #1227 ) ) ;
#386 = CIRCLE ( 'NONE', #265, 4.999999999999999112 ) ;
#387 = CARTESIAN_POINT ( 'NONE',  ( -3.000000000000000000, -4.000000000000000000, 10.00000000000000000 ) ) ;
#388 = ADVANCED_FACE ( 'NONE', ( #322 ), #423, .F. ) ;
#389 = LINE ( 'NONE', #1151, #223 ) ;
#390 = ORIENTED_EDGE ( 'NONE', *, *, #713, .T. ) ;
#391 = VECTOR ( 'NONE', #1438, 1000.000000000000000 ) ;
#392 = CARTESIAN_POINT ( 'NONE',  ( 2.450000000000000622, 3.000384657911016356E-16, 2.000000000000000000 ) ) ;
#393 = AXIS2_PLACEMENT_3D ( 'NONE', #1114, #685, #895 ) ;
#394 = ORIENTED_EDGE ( 'NONE', *, *, #341, .T. ) ;
#395 = FACE_OUTER_BOUND ( 'NONE', #582, .T. ) ;
#396 = ORIENTED_EDGE ( 'NONE', *, *, #558, .F. ) ;
#397 = DIRECTION ( 'NONE',  ( 1.000000000000000000, 0.000000000000000000, 0.000000000000000000 ) ) ;
#398 = VERTEX_POINT ( 'NONE', #563 ) ;
#399 = CARTESIAN_POINT ( 'NONE',  ( -3.000000000000000000, -4.000000000000000000, 10.00000000000000000 ) ) ;
#400 = LINE ( 'NONE', #840, #1017 ) ;
#401 = EDGE_CURVE ( 'NONE', #1178, #288, #99, .T. ) ;
#402 = ORIENTED_EDGE ( 'NONE', *, *, #745, .T. ) ;
#403 = EDGE_CURVE ( 'NONE', #871, #1220, #1043, .T. ) ;
#404 = DIRECTION ( 'NONE',  ( 1.000000000000000000, 0.000000000000000000, 0.000000000000000000 ) ) ;
#405 = VECTOR ( 'NONE', #1313, 1000.000000000000000 ) ;
#406 = ORIENTED_EDGE ( 'NONE', *, *, #309, .T. ) ;
#407 = FACE_OUTER_BOUND ( 'NONE', #1056, .T. ) ;
#408 = VECTOR ( 'NONE', #1087, 1000.000000000000000 ) ;
#409 = AXIS2_PLACEMENT_3D ( 'NONE', #222, #1121, #173 ) ;
#410 = LINE ( 'NONE', #849, #330 ) ;
#411 = VECTOR ( 'NONE', #674, 1000.000000000000000 ) ;
#412 = DIRECTION ( 'NONE',  ( -1.000000000000000000, 0.000000000000000000, -6.938893903907232322E-16 ) ) ;
#413 = CIRCLE ( 'NONE', #221, 1.000000000000000000 ) ;
#414 = ORIENTED_EDGE ( 'NONE', *, *, #839, .F. ) ;
#415 = CARTESIAN_POINT ( 'NONE',  ( -2.450000000000000622, 0.000000000000000000, 15.00000000000000000 ) ) ;
#416 = AXIS2_PLACEMENT_3D ( 'NONE', #941, #833, #1390 ) ;
#417 = ORIENTED_EDGE ( 'NONE', *, *, #1296, .T. ) ;
#418 = CARTESIAN_POINT ( 'NONE',  ( 9.249999999999998224, -36.78626204439002834, 30.50000000000001066 ) ) ;
#419 = DIRECTION ( 'NONE',  ( 1.000000000000000000, 0.000000000000000000, 0.000000000000000000 ) ) ;
#420 = ORIENTED_EDGE ( 'NONE', *, *, #697, .F. ) ;
#421 = DIRECTION ( 'NONE',  ( -0.000000000000000000, -0.000000000000000000, -1.000000000000000000 ) ) ;
#422 = ADVANCED_FACE ( 'NONE', ( #1135 ), #456, .F. ) ;
#423 = PLANE ( 'NONE',  #1160 ) ;
#424 = VECTOR ( 'NONE', #1343, 1000.000000000000000 ) ;
#425 = ADVANCED_BREP_SHAPE_REPRESENTATION ( 'P001-B119_BobbinDriveShaft-2', ( #208, #675 ), #154 ) ;
#426 = DIRECTION ( 'NONE',  ( -6.938893903907232322E-16, 0.000000000000000000, 1.000000000000000000 ) ) ;
#427 = EDGE_LOOP ( 'NONE', ( #119, #1460, #66, #614 ) ) ;
#428 = CARTESIAN_POINT ( 'NONE',  ( 11.25000000000000000, 13.50000000000000355, 30.50000000000001421 ) ) ;
#429 = DIRECTION ( 'NONE',  ( -1.000000000000000000, 0.000000000000000000, -1.734723475976805517E-15 ) ) ;
#430 = EDGE_CURVE ( 'NONE', #136, #654, #1345, .T. ) ;
#431 = DIRECTION ( 'NONE',  ( 0.000000000000000000, -1.000000000000000000, 0.000000000000000000 ) ) ;
#432 = AXIS2_PLACEMENT_3D ( 'NONE', #967, #1289, #68 ) ;
#433 = CARTESIAN_POINT ( 'NONE',  ( -9.250000000000000000, -36.78626204439002834, 33.00000000000000711 ) ) ;
#434 = EDGE_CURVE ( 'NONE', #18, #641, #784, .T. ) ;
#435 = ORIENTED_EDGE ( 'NONE', *, *, #896, .T. ) ;
#436 = DIRECTION ( 'NONE',  ( -1.000000000000000000, 0.000000000000000000, 0.000000000000000000 ) ) ;
#437 = CYLINDRICAL_SURFACE ( 'NONE', #529, 4.999999999999999112 ) ;
#438 = CARTESIAN_POINT ( 'NONE',  ( 0.000000000000000000, 0.000000000000000000, 0.000000000000000000 ) ) ;
#439 = DIRECTION ( 'NONE',  ( 1.000000000000000000, 0.000000000000000000, 0.000000000000000000 ) ) ;
#440 = ORIENTED_EDGE ( 'NONE', *, *, #1053, .T. ) ;
#441 = CARTESIAN_POINT ( 'NONE',  ( 2.999999999999999112, 4.000000000000000000, 10.00000000000000000 ) ) ;
#442 = DIRECTION ( 'NONE',  ( -1.000000000000000000, 0.000000000000000000, 0.000000000000000000 ) ) ;
#443 = PLANE ( 'NONE',  #1419 ) ;
#444 = EDGE_CURVE ( 'NONE', #160, #1054, #1155, .T. ) ;
#445 = VECTOR ( 'NONE', #561, 1000.000000000000000 ) ;
#446 = CARTESIAN_POINT ( 'NONE',  ( -3.500000000000000000, 0.000000000000000000, 6.000000000000000000 ) ) ;
#447 = ADVANCED_FACE ( 'NONE', ( #452 ), #1378, .T. ) ;
#448 = ORIENTED_EDGE ( 'NONE', *, *, #27, .T. ) ;
#449 = CARTESIAN_POINT ( 'NONE',  ( -3.500000000000000000, 0.000000000000000000, 4.000000000000000000 ) ) ;
#450 = ADVANCED_FACE ( 'NONE', ( #148 ), #1264, .T. ) ;
#451 = VERTEX_POINT ( 'NONE', #804 ) ;
#452 = FACE_OUTER_BOUND ( 'NONE', #659, .T. ) ;
#453 = ORIENTED_EDGE ( 'NONE', *, *, #501, .T. ) ;
#454 = CIRCLE ( 'NONE', #527, 4.999999999999999112 ) ;
#455 = CARTESIAN_POINT ( 'NONE',  ( 0.000000000000000000, 0.000000000000000000, 0.000000000000000000 ) ) ;
#456 = TOROIDAL_SURFACE ( 'NONE', #595, 8.500000000000000000, 5.000000000000000000 ) ;
#457 = ORIENTED_EDGE ( 'NONE', *, *, #75, .T. ) ;
#458 = DIRECTION ( 'NONE',  ( -1.000000000000000000, 0.000000000000000000, 0.000000000000000000 ) ) ;
#459 = ORIENTED_EDGE ( 'NONE', *, *, #1252, .F. ) ;
#460 = CARTESIAN_POINT ( 'NONE',  ( -3.500000000000000000, 0.000000000000000000, 2.000000000000000000 ) ) ;
#461 = CIRCLE ( 'NONE', #841, 1.000000000000000000 ) ;
#462 = DIRECTION ( 'NONE',  ( 0.000000000000000000, 0.000000000000000000, 1.000000000000000000 ) ) ;
#463 = CIRCLE ( 'NONE', #865, 5.000000000000000888 ) ;
#464 = AXIS2_PLACEMENT_3D ( 'NONE', #873, #884, #646 ) ;
#465 = DIRECTION ( 'NONE',  ( -0.000000000000000000, 0.000000000000000000, 1.000000000000000000 ) ) ;
#466 = ORIENTED_EDGE ( 'NONE', *, *, #292, .T. ) ;
#467 = CARTESIAN_POINT ( 'NONE',  ( 3.000000000000000000, -4.000000000000000000, 10.00000000000000000 ) ) ;
#468 = EDGE_CURVE ( 'NONE', #306, #36, #924, .T. ) ;
#469 = EDGE_LOOP ( 'NONE', ( #883, #785, #1084, #92 ) ) ;
#470 = CARTESIAN_POINT ( 'NONE',  ( 16.00000000000000000, 13.50000000000000355, 33.00000000000000000 ) ) ;
#471 = DIRECTION ( 'NONE',  ( 1.000000000000000000, 0.000000000000000000, 0.000000000000000000 ) ) ;
#472 = CARTESIAN_POINT ( 'NONE',  ( 0.000000000000000000, 0.000000000000000000, 11.00000000000000000 ) ) ;
#473 = ORIENTED_EDGE ( 'NONE', *, *, #47, .T. ) ;
#474 = DIRECTION ( 'NONE',  ( 1.000000000000000000, -0.000000000000000000, 0.000000000000000000 ) ) ;
#475 = VERTEX_POINT ( 'NONE', #796 ) ;
#476 = DIRECTION ( 'NONE',  ( -0.000000000000000000, 0.000000000000000000, 1.000000000000000000 ) ) ;
#477 = FACE_OUTER_BOUND ( 'NONE', #97, .T. ) ;
#478 =( NAMED_UNIT ( * ) SI_UNIT ( $, .STERADIAN. ) SOLID_ANGLE_UNIT ( ) );
#479 = CIRCLE ( 'NONE', #332, 1.000000000000000000 ) ;
#480 = ORIENTED_EDGE ( 'NONE', *, *, #1216, .T. ) ;
#481 = EDGE_CURVE ( 'NONE', #21, #1021, #1258, .T. ) ;
#482 = CARTESIAN_POINT ( 'NONE',  ( -4.999999999999999112, 6.123233995736765296E-16, 10.00000000000000000 ) ) ;
#483 = EDGE_LOOP ( 'NONE', ( #372, #1351 ) ) ;
#484 = DIRECTION ( 'NONE',  ( 0.000000000000000000, 0.000000000000000000, 1.000000000000000000 ) ) ;
#485 = CARTESIAN_POINT ( 'NONE',  ( 3.999999999999999112, 4.000000000000000000, 6.000000000000000000 ) ) ;
#486 = VECTOR ( 'NONE', #547, 1000.000000000000000 ) ;
#487 = ORIENTED_EDGE ( 'NONE', *, *, #14, .F. ) ;
#488 = PLANE ( 'NONE',  #1177 ) ;
#489 = ORIENTED_EDGE ( 'NONE', *, *, #279, .T. ) ;
#490 = DIRECTION ( 'NONE',  ( 1.000000000000000000, 0.000000000000000000, 0.000000000000000000 ) ) ;
#491 = CARTESIAN_POINT ( 'NONE',  ( -3.500000000000000000, 0.000000000000000000, 13.00000000000000000 ) ) ;
#492 = ADVANCED_FACE ( 'NONE', ( #1370 ), #819, .F. ) ;
#493 = EDGE_LOOP ( 'NONE', ( #417, #489, #440, #1283 ) ) ;
#494 = CYLINDRICAL_SURFACE ( 'NONE', #1201, 2.450000000000000622 ) ;
#495 = EDGE_CURVE ( 'NONE', #1104, #275, #130, .T. ) ;
#496 = PRODUCT ( 'P001-B119_BobbinDriveShaft-2', 'P001-B119_BobbinDriveShaft-2', '', ( #1161 ) ) ;
#497 = ADVANCED_FACE ( 'NONE', ( #253 ), #115, .F. ) ;
#498 = EDGE_LOOP ( 'NONE', ( #420, #1405, #414, #867, #821, #1326, #1004, #1061 ) ) ;
#499 = AXIS2_PLACEMENT_3D ( 'NONE', #354, #811, #1352 ) ;
#500 = DIRECTION ( 'NONE',  ( 1.000000000000000000, 0.000000000000000000, 0.000000000000000000 ) ) ;
#501 = EDGE_CURVE ( 'NONE', #1274, #1240, #1287, .T. ) ;
#502 = DIRECTION ( 'NONE',  ( -0.000000000000000000, 1.000000000000000000, -0.000000000000000000 ) ) ;
#503 = CARTESIAN_POINT ( 'NONE',  ( 9.250000000000000000, -36.78626204439002834, 33.00000000000000711 ) ) ;
#504 = EDGE_LOOP ( 'NONE', ( #1139, #51, #899, #108 ) ) ;
#505 = DIRECTION ( 'NONE',  ( -1.000000000000000000, -0.000000000000000000, -0.000000000000000000 ) ) ;
#506 = ORIENTED_EDGE ( 'NONE', *, *, #1380, .F. ) ;
#507 = AXIS2_PLACEMENT_3D ( 'NONE', #1447, #1339, #1113 ) ;
#508 = CARTESIAN_POINT ( 'NONE',  ( 3.500000000000000000, 4.286263797015736595E-16, 6.000000000000000000 ) ) ;
#509 = FACE_OUTER_BOUND ( 'NONE', #1255, .T. ) ;
#510 = VERTEX_POINT ( 'NONE', #26 ) ;
#511 = CIRCLE ( 'NONE', #80, 3.500000000000000000 ) ;
#512 = DIRECTION ( 'NONE',  ( 0.000000000000000000, 0.000000000000000000, 1.000000000000000000 ) ) ;
#513 = VERTEX_POINT ( 'NONE', #460 ) ;
#514 = PLANE ( 'NONE',  #1426 ) ;
#515 = EDGE_CURVE ( 'NONE', #1164, #769, #1094, .T. ) ;
#516 = SURFACE_STYLE_FILL_AREA ( #862 ) ;
#517 = LINE ( 'NONE', #1218, #902 ) ;
#518 = DIRECTION ( 'NONE',  ( -1.000000000000000000, -0.000000000000000000, -0.000000000000000000 ) ) ;
#519 = VERTEX_POINT ( 'NONE', #910 ) ;
#520 = DIRECTION ( 'NONE',  ( 1.000000000000000000, 0.000000000000000000, 0.000000000000000000 ) ) ;
#521 = CIRCLE ( 'NONE', #1436, 3.500000000000000000 ) ;
#522 = CARTESIAN_POINT ( 'NONE',  ( 2.999999999999999112, 4.000000000000000000, 6.000000000000000000 ) ) ;
#523 = FACE_OUTER_BOUND ( 'NONE', #1331, .T. ) ;
#524 = CIRCLE ( 'NONE', #216, 8.500000000000000000 ) ;
#525 = ORIENTED_EDGE ( 'NONE', *, *, #1400, .F. ) ;
#526 = DIRECTION ( 'NONE',  ( 1.000000000000000000, -5.329070518200751394E-15, 0.000000000000000000 ) ) ;
#527 = AXIS2_PLACEMENT_3D ( 'NONE', #34, #273, #376 ) ;
#528 = DIRECTION ( 'NONE',  ( 0.000000000000000000, 0.000000000000000000, 1.000000000000000000 ) ) ;
#529 = AXIS2_PLACEMENT_3D ( 'NONE', #656, #1093, #78 ) ;
#530 = EDGE_CURVE ( 'NONE', #225, #178, #122, .T. ) ;
#531 = DIRECTION ( 'NONE',  ( 0.000000000000000000, 0.000000000000000000, -1.000000000000000000 ) ) ;
#532 = AXIS2_PLACEMENT_3D ( 'NONE', #83, #1092, #777 ) ;
#533 = ORIENTED_EDGE ( 'NONE', *, *, #912, .F. ) ;
#534 = DIRECTION ( 'NONE',  ( -1.000000000000000000, 0.000000000000000000, 0.000000000000000000 ) ) ;
#535 = DIRECTION ( 'NONE',  ( -0.000000000000000000, 0.000000000000000000, 1.000000000000000000 ) ) ;
#536 = APPLICATION_CONTEXT ( 'automotive_design' ) ;
#537 = CARTESIAN_POINT ( 'NONE',  ( 0.000000000000000000, 0.000000000000000000, 2.000000000000000000 ) ) ;
#538 = EDGE_LOOP ( 'NONE', ( #317, #217 ) ) ;
#539 = DIRECTION ( 'NONE',  ( 1.000000000000000000, 1.776356839400250465E-15, 0.000000000000000000 ) ) ;
#540 = EDGE_CURVE ( 'NONE', #600, #1442, #11, .T. ) ;
#541 = CARTESIAN_POINT ( 'NONE',  ( 0.000000000000000000, 0.000000000000000000, 10.00000000000000000 ) ) ;
#542 = PRODUCT_RELATED_PRODUCT_CATEGORY ( 'part', '', ( #496 ) ) ;
#543 = CARTESIAN_POINT ( 'NONE',  ( 3.000000000000000000, -4.000000000000000000, 10.00000000000000000 ) ) ;
#544 = VECTOR ( 'NONE', #196, 1000.000000000000000 ) ;
#545 = DIRECTION ( 'NONE',  ( 0.000000000000000000, -0.000000000000000000, 1.000000000000000000 ) ) ;
#546 = ORIENTED_EDGE ( 'NONE', *, *, #839, .T. ) ;
#547 = DIRECTION ( 'NONE',  ( 0.000000000000000000, 0.000000000000000000, 1.000000000000000000 ) ) ;
#548 = LINE ( 'NONE', #983, #599 ) ;
#549 = ORIENTED_EDGE ( 'NONE', *, *, #731, .T. ) ;
#550 = CARTESIAN_POINT ( 'NONE',  ( 2.450000000000000622, 3.000384657911016356E-16, 0.000000000000000000 ) ) ;
#551 = ORIENTED_EDGE ( 'NONE', *, *, #882, .T. ) ;
#552 = CARTESIAN_POINT ( 'NONE',  ( -16.00000000000000000, -13.49999999999999822, 33.00000000000000000 ) ) ;
#553 = VECTOR ( 'NONE', #1386, 1000.000000000000000 ) ;
#554 = DIRECTION ( 'NONE',  ( -0.000000000000000000, 1.000000000000000000, -0.000000000000000000 ) ) ;
#555 = AXIS2_PLACEMENT_3D ( 'NONE', #1365, #1144, #1225 ) ;
#556 = DIRECTION ( 'NONE',  ( 0.000000000000000000, -0.000000000000000000, -1.000000000000000000 ) ) ;
#557 = EDGE_CURVE ( 'NONE', #600, #250, #1361, .T. ) ;
#558 = EDGE_CURVE ( 'NONE', #641, #1180, #1072, .T. ) ;
#559 = DIRECTION ( 'NONE',  ( -1.000000000000000000, 0.000000000000000000, 0.000000000000000000 ) ) ;
#560 = ORIENTED_EDGE ( 'NONE', *, *, #623, .F. ) ;
#561 = DIRECTION ( 'NONE',  ( -0.000000000000000000, -0.000000000000000000, -1.000000000000000000 ) ) ;
#562 = ORIENTED_EDGE ( 'NONE', *, *, #403, .F. ) ;
#563 = CARTESIAN_POINT ( 'NONE',  ( -16.00000000000000000, -13.49999999999999822, 33.00000000000000000 ) ) ;
#564 = CARTESIAN_POINT ( 'NONE',  ( 16.00000000000000000, -13.49999999999999822, 23.00000000000000000 ) ) ;
#565 = CARTESIAN_POINT ( 'NONE',  ( 0.000000000000000000, 0.000000000000000000, 11.00000000000000000 ) ) ;
#566 = ORIENTED_EDGE ( 'NONE', *, *, #927, .T. ) ;
#567 = DIRECTION ( 'NONE',  ( 1.000000000000000000, 0.000000000000000000, 0.000000000000000000 ) ) ;
#568 = ORIENTED_EDGE ( 'NONE', *, *, #1400, .T. ) ;
#569 = DIRECTION ( 'NONE',  ( -0.000000000000000000, 0.000000000000000000, 1.000000000000000000 ) ) ;
#570 = CARTESIAN_POINT ( 'NONE',  ( 0.000000000000000000, 0.000000000000000000, 10.00000000000000000 ) ) ;
#571 = AXIS2_PLACEMENT_3D ( 'NONE', #1245, #1018, #1372 ) ;
#572 = CYLINDRICAL_SURFACE ( 'NONE', #142, 4.999999999999999112 ) ;
#573 = EDGE_CURVE ( 'NONE', #225, #475, #413, .T. ) ;
#574 = EDGE_LOOP ( 'NONE', ( #590, #1268, #718, #1243, #1407, #238, #1366, #990 ) ) ;
#575 = DIRECTION ( 'NONE',  ( -0.000000000000000000, 0.000000000000000000, 1.000000000000000000 ) ) ;
#576 = VERTEX_POINT ( 'NONE', #737 ) ;
#577 = CARTESIAN_POINT ( 'NONE',  ( -4.000000000000001776, 4.000000000000000000, 6.000000000000000000 ) ) ;
#578 = VECTOR ( 'NONE', #1025, 1000.000000000000000 ) ;
#579 = DIRECTION ( 'NONE',  ( -2.168404344971008868E-16, 1.000000000000000000, 0.000000000000000000 ) ) ;
#580 = AXIS2_PLACEMENT_3D ( 'NONE', #1327, #971, #419 ) ;
#581 = CARTESIAN_POINT ( 'NONE',  ( -16.00000000000000000, -7.499999999999998224, 33.00000000000000000 ) ) ;
#582 = EDGE_LOOP ( 'NONE', ( #525, #962 ) ) ;
#583 = DIRECTION ( 'NONE',  ( 1.000000000000000000, 0.000000000000000000, 0.000000000000000000 ) ) ;
#584 = ORIENTED_EDGE ( 'NONE', *, *, #341, .F. ) ;
#585 = DIRECTION ( 'NONE',  ( 0.000000000000000000, 0.000000000000000000, 1.000000000000000000 ) ) ;
#586 = PLANE ( 'NONE',  #668 ) ;
#587 = EDGE_CURVE ( 'NONE', #638, #944, #751, .T. ) ;
#588 = DIRECTION ( 'NONE',  ( -0.000000000000000000, -0.000000000000000000, -1.000000000000000000 ) ) ;
#589 = VECTOR ( 'NONE', #105, 1000.000000000000000 ) ;
#590 = ORIENTED_EDGE ( 'NONE', *, *, #401, .F. ) ;
#591 = CARTESIAN_POINT ( 'NONE',  ( 11.25000000000000000, 13.50000000000000355, 27.00000000000001421 ) ) ;
#592 = ORIENTED_EDGE ( 'NONE', *, *, #732, .F. ) ;
#593 = DIRECTION ( 'NONE',  ( 1.000000000000000000, 0.000000000000000000, 0.000000000000000000 ) ) ;
#594 = CARTESIAN_POINT ( 'NONE',  ( 0.000000000000000000, 0.000000000000000000, 10.00000000000000000 ) ) ;
#595 = AXIS2_PLACEMENT_3D ( 'NONE', #704, #476, #900 ) ;
#596 = VECTOR ( 'NONE', #179, 1000.000000000000000 ) ;
#597 = ORIENTED_EDGE ( 'NONE', *, *, #90, .T. ) ;
#598 = DIRECTION ( 'NONE',  ( 0.000000000000000000, 0.000000000000000000, -1.000000000000000000 ) ) ;
#599 = VECTOR ( 'NONE', #84, 1000.000000000000000 ) ;
#600 = VERTEX_POINT ( 'NONE', #1181 ) ;
#601 = CARTESIAN_POINT ( 'NONE',  ( 0.000000000000000000, 0.000000000000000000, 2.000000000000000000 ) ) ;
#602 = ADVANCED_FACE ( 'NONE', ( #407 ), #861, .F. ) ;
#603 = DIRECTION ( 'NONE',  ( -0.000000000000000000, 0.000000000000000000, 1.000000000000000000 ) ) ;
#604 = VECTOR ( 'NONE', #948, 1000.000000000000000 ) ;
#605 = SHAPE_DEFINITION_REPRESENTATION ( #942, #425 ) ;
#606 = AXIS2_PLACEMENT_3D ( 'NONE', #132, #700, #248 ) ;
#607 = ADVANCED_FACE ( 'NONE', ( #57, #395 ), #729, .F. ) ;
#608 = EDGE_CURVE ( 'NONE', #18, #160, #461, .T. ) ;
#609 = ORIENTED_EDGE ( 'NONE', *, *, #806, .T. ) ;
#610 = LINE ( 'NONE', #167, #828 ) ;
#611 = EDGE_LOOP ( 'NONE', ( #219, #678, #1162, #356 ) ) ;
#612 = FACE_OUTER_BOUND ( 'NONE', #739, .T. ) ;
#613 = LINE ( 'NONE', #58, #1068 ) ;
#614 = ORIENTED_EDGE ( 'NONE', *, *, #911, .F. ) ;
#615 = CARTESIAN_POINT ( 'NONE',  ( 2.999999999999999112, 3.000000000000000000, 10.00000000000000000 ) ) ;
#616 = ORIENTED_EDGE ( 'NONE', *, *, #660, .F. ) ;
#617 = VECTOR ( 'NONE', #1262, 1000.000000000000000 ) ;
#618 = FACE_OUTER_BOUND ( 'NONE', #111, .T. ) ;
#619 = FACE_OUTER_BOUND ( 'NONE', #1373, .T. ) ;
#620 = EDGE_CURVE ( 'NONE', #959, #1045, #1065, .T. ) ;
#621 = ORIENTED_EDGE ( 'NONE', *, *, #852, .T. ) ;
#622 = FACE_OUTER_BOUND ( 'NONE', #630, .T. ) ;
#623 = EDGE_CURVE ( 'NONE', #398, #306, #939, .T. ) ;
#624 = VERTEX_POINT ( 'NONE', #63 ) ;
#625 = AXIS2_PLACEMENT_3D ( 'NONE', #277, #978, #1168 ) ;
#626 = DIRECTION ( 'NONE',  ( -1.000000000000000000, -0.000000000000000000, -0.000000000000000000 ) ) ;
#627 = FILL_AREA_STYLE_COLOUR ( '', #1279 ) ;
#628 = ORIENTED_EDGE ( 'NONE', *, *, #468, .F. ) ;
#629 = CARTESIAN_POINT ( 'NONE',  ( 2.999999999999999112, 4.000000000000000000, 10.00000000000000000 ) ) ;
#630 = EDGE_LOOP ( 'NONE', ( #1463, #1015, #1261, #981 ) ) ;
#631 = CARTESIAN_POINT ( 'NONE',  ( -9.249999999999998224, -36.78626204439002834, 30.50000000000001066 ) ) ;
#632 = DIRECTION ( 'NONE',  ( 1.000000000000000000, 0.000000000000000000, 0.000000000000000000 ) ) ;
#633 = DIRECTION ( 'NONE',  ( 0.000000000000000000, -1.000000000000000000, 0.000000000000000000 ) ) ;
#634 = CARTESIAN_POINT ( 'NONE',  ( -4.000000000000000000, -4.000000000000000000, 10.00000000000000000 ) ) ;
#635 = ORIENTED_EDGE ( 'NONE', *, *, #279, .F. ) ;
#636 = CARTESIAN_POINT ( 'NONE',  ( 3.000000000000000000, -4.000000000000000000, 6.000000000000000000 ) ) ;
#637 = AXIS2_PLACEMENT_3D ( 'NONE', #1383, #830, #937 ) ;
#638 = VERTEX_POINT ( 'NONE', #156 ) ;
#639 = ADVANCED_FACE ( 'NONE', ( #612 ), #514, .T. ) ;
#640 = CARTESIAN_POINT ( 'NONE',  ( -9.249999999999998224, 13.50000000000000355, 30.50000000000001066 ) ) ;
#641 = VERTEX_POINT ( 'NONE', #399 ) ;
#642 = CARTESIAN_POINT ( 'NONE',  ( 2.450000000000000622, 3.000384657911016356E-16, 15.00000000000000000 ) ) ;
#643 = CARTESIAN_POINT ( 'NONE',  ( 0.000000000000000000, 0.000000000000000000, 2.000000000000000000 ) ) ;
#644 = AXIS2_PLACEMENT_3D ( 'NONE', #730, #1416, #1175 ) ;
#645 = EDGE_CURVE ( 'NONE', #1141, #178, #863, .T. ) ;
#646 = DIRECTION ( 'NONE',  ( 1.000000000000000000, 0.000000000000000000, 0.000000000000000000 ) ) ;
#647 = CIRCLE ( 'NONE', #532, 2.450000000000000622 ) ;
#648 = EDGE_LOOP ( 'NONE', ( #546, #1353 ) ) ;
#649 = LINE ( 'NONE', #1208, #1210 ) ;
#650 = VECTOR ( 'NONE', #1020, 1000.000000000000000 ) ;
#651 = AXIS2_PLACEMENT_3D ( 'NONE', #1096, #775, #207 ) ;
#652 = CARTESIAN_POINT ( 'NONE',  ( -16.00000000000000000, -13.49999999999999822, 23.00000000000000000 ) ) ;
#653 = CARTESIAN_POINT ( 'NONE',  ( -2.450000000000000622, 0.000000000000000000, 13.00000000000000000 ) ) ;
#654 = VERTEX_POINT ( 'NONE', #832 ) ;
#655 = CARTESIAN_POINT ( 'NONE',  ( -3.000000000000000000, -3.000000000000000000, 6.000000000000000000 ) ) ;
#656 = CARTESIAN_POINT ( 'NONE',  ( 0.000000000000000000, 0.000000000000000000, -4.142135623730947458 ) ) ;
#657 = DIRECTION ( 'NONE',  ( 2.168404344971008868E-16, -1.000000000000000000, 0.000000000000000000 ) ) ;
#658 = CARTESIAN_POINT ( 'NONE',  ( -16.00000000000000000, -13.49999999999999822, 33.00000000000000000 ) ) ;
#659 = EDGE_LOOP ( 'NONE', ( #1076, #1030, #1064, #1455 ) ) ;
#660 = EDGE_CURVE ( 'NONE', #695, #769, #908, .T. ) ;
#661 = DIRECTION ( 'NONE',  ( 1.000000000000000000, 0.000000000000000000, 0.000000000000000000 ) ) ;
#662 = EDGE_CURVE ( 'NONE', #1180, #812, #1174, .T. ) ;
#663 = DIRECTION ( 'NONE',  ( 1.084202172485504434E-16, -1.000000000000000000, 0.000000000000000000 ) ) ;
#664 = ADVANCED_FACE ( 'NONE', ( #163, #618 ), #1300, .F. ) ;
#665 = AXIS2_PLACEMENT_3D ( 'NONE', #866, #531, #1200 ) ;
#666 = AXIS2_PLACEMENT_3D ( 'NONE', #714, #925, #116 ) ;
#667 = ORIENTED_EDGE ( 'NONE', *, *, #434, .T. ) ;
#668 = AXIS2_PLACEMENT_3D ( 'NONE', #1130, #1041, #1356 ) ;
#669 = DIRECTION ( 'NONE',  ( 1.224646799147353207E-16, 1.000000000000000000, 0.000000000000000000 ) ) ;
#670 = VERTEX_POINT ( 'NONE', #508 ) ;
#671 = CARTESIAN_POINT ( 'NONE',  ( 3.500000000000000000, 4.286263797015736595E-16, 23.00000000000000000 ) ) ;
#672 = VECTOR ( 'NONE', #1423, 1000.000000000000000 ) ;
#673 = ORIENTED_EDGE ( 'NONE', *, *, #201, .F. ) ;
#674 = DIRECTION ( 'NONE',  ( -0.000000000000000000, 1.000000000000000000, -0.000000000000000000 ) ) ;
#675 = AXIS2_PLACEMENT_3D ( 'NONE', #935, #255, #827 ) ;
#676 = ORIENTED_EDGE ( 'NONE', *, *, #1080, .T. ) ;
#677 = CARTESIAN_POINT ( 'NONE',  ( -4.000000000000000000, -3.000000000000000888, 10.00000000000000000 ) ) ;
#678 = ORIENTED_EDGE ( 'NONE', *, *, #233, .F. ) ;
#679 = DIRECTION ( 'NONE',  ( -0.000000000000000000, -0.000000000000000000, -1.000000000000000000 ) ) ;
#680 = EDGE_LOOP ( 'NONE', ( #319, #213 ) ) ;
#681 = DIRECTION ( 'NONE',  ( 1.000000000000000000, 0.000000000000000000, 0.000000000000000000 ) ) ;
#682 = CARTESIAN_POINT ( 'NONE',  ( -3.000000000000001776, 4.000000000000000000, 10.00000000000000000 ) ) ;
#683 = EDGE_CURVE ( 'NONE', #160, #18, #152, .T. ) ;
#684 = CIRCLE ( 'NONE', #1362, 4.999999999999999112 ) ;
#685 = DIRECTION ( 'NONE',  ( 0.000000000000000000, 0.000000000000000000, 1.000000000000000000 ) ) ;
#686 = EDGE_LOOP ( 'NONE', ( #938, #242, #1385, #129 ) ) ;
#687 = CARTESIAN_POINT ( 'NONE',  ( 0.000000000000000000, 0.000000000000000000, 11.00000000000000000 ) ) ;
#688 = EDGE_LOOP ( 'NONE', ( #845, #1263, #1348, #378 ) ) ;
#689 = CARTESIAN_POINT ( 'NONE',  ( 0.000000000000000000, 0.000000000000000000, 10.00000000000000000 ) ) ;
#690 = PLANE ( 'NONE',  #666 ) ;
#691 = CARTESIAN_POINT ( 'NONE',  ( 0.000000000000000000, 0.000000000000000000, 13.00000000000000000 ) ) ;
#692 = EDGE_CURVE ( 'NONE', #1104, #1097, #176, .T. ) ;
#693 = ORIENTED_EDGE ( 'NONE', *, *, #759, .F. ) ;
#694 = CARTESIAN_POINT ( 'NONE',  ( -11.25000000000000000, -7.500000000000000000, 27.00000000000001421 ) ) ;
#695 = VERTEX_POINT ( 'NONE', #1414 ) ;
#696 = DIRECTION ( 'NONE',  ( 1.000000000000000000, 0.000000000000000000, 0.000000000000000000 ) ) ;
#697 = EDGE_CURVE ( 'NONE', #890, #1437, #302, .T. ) ;
#698 = DIRECTION ( 'NONE',  ( -0.000000000000000000, 0.000000000000000000, -1.000000000000000000 ) ) ;
#699 = AXIS2_PLACEMENT_3D ( 'NONE', #581, #1029, #15 ) ;
#700 = DIRECTION ( 'NONE',  ( -1.224646799147353207E-16, 1.000000000000000000, 0.000000000000000000 ) ) ;
#701 = ORIENTED_EDGE ( 'NONE', *, *, #1334, .F. ) ;
#702 = LINE ( 'NONE', #1013, #617 ) ;
#703 = ORIENTED_EDGE ( 'NONE', *, *, #1433, .T. ) ;
#704 = CARTESIAN_POINT ( 'NONE',  ( 0.000000000000000000, 0.000000000000000000, 18.00000000000000000 ) ) ;
#705 = DIRECTION ( 'NONE',  ( 0.000000000000000000, 0.000000000000000000, 1.000000000000000000 ) ) ;
#706 = DIRECTION ( 'NONE',  ( -0.000000000000000000, 1.000000000000000000, -0.000000000000000000 ) ) ;
#707 = CIRCLE ( 'NONE', #1251, 1.000000000000000000 ) ;
#708 = ORIENTED_EDGE ( 'NONE', *, *, #1138, .T. ) ;
#709 = CARTESIAN_POINT ( 'NONE',  ( 0.000000000000000000, 0.000000000000000000, 10.00000000000000000 ) ) ;
#710 = EDGE_CURVE ( 'NONE', #451, #600, #204, .T. ) ;
#711 = ORIENTED_EDGE ( 'NONE', *, *, #69, .F. ) ;
#712 = DIRECTION ( 'NONE',  ( 0.000000000000000000, -0.000000000000000000, -1.000000000000000000 ) ) ;
#713 = EDGE_CURVE ( 'NONE', #1180, #1369, #1166, .T. ) ;
#714 = CARTESIAN_POINT ( 'NONE',  ( 11.25000000000000000, -36.78626204439002834, 30.50000000000001421 ) ) ;
#715 = ADVANCED_FACE ( 'NONE', ( #67 ), #1450, .T. ) ;
#716 = FACE_BOUND ( 'NONE', #888, .T. ) ;
#717 = VECTOR ( 'NONE', #194, 1000.000000000000000 ) ;
#718 = ORIENTED_EDGE ( 'NONE', *, *, #342, .F. ) ;
#719 = CARTESIAN_POINT ( 'NONE',  ( 0.000000000000000000, 0.000000000000000000, 33.00000000000000000 ) ) ;
#720 = ORIENTED_EDGE ( 'NONE', *, *, #692, .F. ) ;
#721 = DIRECTION ( 'NONE',  ( -0.000000000000000000, 0.000000000000000000, 1.000000000000000000 ) ) ;
#722 = PLANE ( 'NONE',  #625 ) ;
#723 = AXIS2_PLACEMENT_3D ( 'NONE', #313, #1336, #526 ) ;
#724 = CARTESIAN_POINT ( 'NONE',  ( -9.249999999999998224, -36.78626204439002834, 30.50000000000001066 ) ) ;
#725 = VECTOR ( 'NONE', #1454, 1000.000000000000000 ) ;
#726 = EDGE_LOOP ( 'NONE', ( #54, #549, #328, #584 ) ) ;
#727 = LINE ( 'NONE', #1398, #943 ) ;
#728 = ORIENTED_EDGE ( 'NONE', *, *, #760, .F. ) ;
#729 = PLANE ( 'NONE',  #1238 ) ;
#730 = CARTESIAN_POINT ( 'NONE',  ( 0.000000000000000000, 0.000000000000000000, 6.000000000000000000 ) ) ;
#731 = EDGE_CURVE ( 'NONE', #897, #624, #1103, .T. ) ;
#732 = EDGE_CURVE ( 'NONE', #1220, #871, #647, .T. ) ;
#733 = FACE_OUTER_BOUND ( 'NONE', #349, .T. ) ;
#734 = ORIENTED_EDGE ( 'NONE', *, *, #974, .F. ) ;
#735 = CARTESIAN_POINT ( 'NONE',  ( 0.000000000000000000, 0.000000000000000000, 2.000000000000000000 ) ) ;
#736 = EDGE_LOOP ( 'NONE', ( #235, #831, #1305, #999 ) ) ;
#737 = CARTESIAN_POINT ( 'NONE',  ( -16.00000000000000000, 13.50000000000000355, 23.00000000000000000 ) ) ;
#738 = PLANE ( 'NONE',  #644 ) ;
#739 = EDGE_LOOP ( 'NONE', ( #1024, #1074 ) ) ;
#740 = DIRECTION ( 'NONE',  ( -0.000000000000000000, -0.000000000000000000, -1.000000000000000000 ) ) ;
#741 = ORIENTED_EDGE ( 'NONE', *, *, #1387, .F. ) ;
#742 = AXIS2_PLACEMENT_3D ( 'NONE', #438, #462, #240 ) ;
#743 = CARTESIAN_POINT ( 'NONE',  ( 4.999999999999999112, 0.000000000000000000, -4.142135623730947458 ) ) ;
#744 = CARTESIAN_POINT ( 'NONE',  ( 1.500000000000000000, 3.061616997868383141E-16, -2.000000000000000000 ) ) ;
#745 = EDGE_CURVE ( 'NONE', #337, #76, #1350, .T. ) ;
#746 = VECTOR ( 'NONE', #239, 1000.000000000000000 ) ;
#747 = CIRCLE ( 'NONE', #102, 4.999999999999999112 ) ;
#748 = CARTESIAN_POINT ( 'NONE',  ( 11.25000000000000000, -36.78626204439002834, 27.00000000000001421 ) ) ;
#749 = CARTESIAN_POINT ( 'NONE',  ( 0.000000000000000000, 0.000000000000000000, 18.00000000000000000 ) ) ;
#750 = ORIENTED_EDGE ( 'NONE', *, *, #745, .F. ) ;
#751 = LINE ( 'NONE', #380, #604 ) ;
#752 = EDGE_LOOP ( 'NONE', ( #592, #676, #1335, #728 ) ) ;
#753 = CARTESIAN_POINT ( 'NONE',  ( -4.000000000000000000, -4.000000000000000000, 10.00000000000000000 ) ) ;
#754 = EDGE_CURVE ( 'NONE', #654, #1202, #307, .T. ) ;
#755 = ORIENTED_EDGE ( 'NONE', *, *, #75, .F. ) ;
#756 = DIRECTION ( 'NONE',  ( 0.000000000000000000, 0.000000000000000000, 1.000000000000000000 ) ) ;
#757 = VECTOR ( 'NONE', #740, 1000.000000000000000 ) ;
#758 = DIRECTION ( 'NONE',  ( 1.000000000000000000, 0.000000000000000000, 0.000000000000000000 ) ) ;
#759 = EDGE_CURVE ( 'NONE', #1382, #1116, #764, .T. ) ;
#760 = EDGE_CURVE ( 'NONE', #871, #1274, #649, .T. ) ;
#761 = ADVANCED_FACE ( 'NONE', ( #993 ), #1324, .T. ) ;
#762 = DIRECTION ( 'NONE',  ( -0.000000000000000000, 0.000000000000000000, 1.000000000000000000 ) ) ;
#763 = ORIENTED_EDGE ( 'NONE', *, *, #292, .F. ) ;
#764 = LINE ( 'NONE', #428, #125 ) ;
#765 = STYLED_ITEM ( 'NONE', ( #961 ), #208 ) ;
#766 = LINE ( 'NONE', #205, #1091 ) ;
#767 = CARTESIAN_POINT ( 'NONE',  ( 9.250000000000000000, -7.500000000000000000, 33.00000000000000711 ) ) ;
#768 = AXIS2_PLACEMENT_3D ( 'NONE', #655, #880, #868 ) ;
#769 = VERTEX_POINT ( 'NONE', #77 ) ;
#770 = DIRECTION ( 'NONE',  ( -0.000000000000000000, -0.000000000000000000, -1.000000000000000000 ) ) ;
#771 = VECTOR ( 'NONE', #706, 1000.000000000000000 ) ;
#772 = FACE_OUTER_BOUND ( 'NONE', #921, .T. ) ;
#773 = CARTESIAN_POINT ( 'NONE',  ( 11.25000000000000000, -7.500000000000000000, 27.00000000000001421 ) ) ;
#774 = EDGE_CURVE ( 'NONE', #136, #850, #1317, .T. ) ;
#775 = DIRECTION ( 'NONE',  ( 0.000000000000000000, 0.000000000000000000, -1.000000000000000000 ) ) ;
#776 = ORIENTED_EDGE ( 'NONE', *, *, #911, .T. ) ;
#777 = DIRECTION ( 'NONE',  ( 1.000000000000000000, 0.000000000000000000, 0.000000000000000000 ) ) ;
#778 = CARTESIAN_POINT ( 'NONE',  ( 3.999999999999999112, 4.000000000000000000, 10.00000000000000000 ) ) ;
#779 = CIRCLE ( 'NONE', #1273, 2.450000000000000622 ) ;
#780 = PLANE ( 'NONE',  #1302 ) ;
#781 = CARTESIAN_POINT ( 'NONE',  ( -4.000000000000000000, -3.000000000000000888, 6.000000000000000000 ) ) ;
#782 = ORIENTED_EDGE ( 'NONE', *, *, #1170, .F. ) ;
#783 = CARTESIAN_POINT ( 'NONE',  ( 0.000000000000000000, 0.000000000000000000, 23.00000000000000000 ) ) ;
#784 = CIRCLE ( 'NONE', #860, 4.999999999999999112 ) ;
#785 = ORIENTED_EDGE ( 'NONE', *, *, #1190, .T. ) ;
#786 = LINE ( 'NONE', #1105, #1019 ) ;
#787 = AXIS2_PLACEMENT_3D ( 'NONE', #634, #1429, #545 ) ;
#788 = VECTOR ( 'NONE', #1035, 1000.000000000000000 ) ;
#789 = CARTESIAN_POINT ( 'NONE',  ( -9.250000000000000000, 13.50000000000000355, 33.00000000000000711 ) ) ;
#790 = AXIS2_PLACEMENT_3D ( 'NONE', #541, #535, #1233 ) ;
#791 = LINE ( 'NONE', #234, #725 ) ;
#792 = ORIENTED_EDGE ( 'NONE', *, *, #1138, .F. ) ;
#793 = DIRECTION ( 'NONE',  ( 1.000000000000000000, 0.000000000000000000, 0.000000000000000000 ) ) ;
#794 = AXIS2_PLACEMENT_3D ( 'NONE', #266, #43, #520 ) ;
#795 = ORIENTED_EDGE ( 'NONE', *, *, #587, .F. ) ;
#796 = CARTESIAN_POINT ( 'NONE',  ( 3.999999999999999112, 3.000000000000000000, 6.000000000000000000 ) ) ;
#797 = CIRCLE ( 'NONE', #555, 2.000000000000000000 ) ;
#798 = EDGE_CURVE ( 'NONE', #850, #1202, #779, .T. ) ;
#799 = FACE_OUTER_BOUND ( 'NONE', #1006, .T. ) ;
#800 = FACE_OUTER_BOUND ( 'NONE', #1391, .T. ) ;
#801 = EDGE_LOOP ( 'NONE', ( #667, #1393 ) ) ;
#802 = CARTESIAN_POINT ( 'NONE',  ( 3.999999999999999112, 3.000000000000000000, 10.00000000000000000 ) ) ;
#803 = ORIENTED_EDGE ( 'NONE', *, *, #713, .F. ) ;
#804 = CARTESIAN_POINT ( 'NONE',  ( 16.00000000000000000, -13.49999999999999822, 33.00000000000000000 ) ) ;
#805 = FACE_OUTER_BOUND ( 'NONE', #286, .T. ) ;
#806 = EDGE_CURVE ( 'NONE', #76, #834, #684, .T. ) ;
#807 = AXIS2_PLACEMENT_3D ( 'NONE', #128, #1140, #257 ) ;
#808 = DIRECTION ( 'NONE',  ( 1.000000000000000000, 0.000000000000000000, 0.000000000000000000 ) ) ;
#809 = ORIENTED_EDGE ( 'NONE', *, *, #1319, .T. ) ;
#810 = ADVANCED_FACE ( 'NONE', ( #320 ), #1329, .T. ) ;
#811 = DIRECTION ( 'NONE',  ( 0.000000000000000000, 0.000000000000000000, 1.000000000000000000 ) ) ;
#812 = VERTEX_POINT ( 'NONE', #636 ) ;
#813 = CARTESIAN_POINT ( 'NONE',  ( -16.00000000000000000, 13.50000000000000355, 33.00000000000000000 ) ) ;
#814 = DIRECTION ( 'NONE',  ( 0.000000000000000000, 0.000000000000000000, -1.000000000000000000 ) ) ;
#815 = FACE_OUTER_BOUND ( 'NONE', #726, .T. ) ;
#816 = ORIENTED_EDGE ( 'NONE', *, *, #1216, .F. ) ;
#817 = CARTESIAN_POINT ( 'NONE',  ( 0.000000000000000000, 0.000000000000000000, 15.00000000000000000 ) ) ;
#818 = ORIENTED_EDGE ( 'NONE', *, *, #1080, .F. ) ;
#819 = PLANE ( 'NONE',  #979 ) ;
#820 = FACE_OUTER_BOUND ( 'NONE', #252, .T. ) ;
#821 = ORIENTED_EDGE ( 'NONE', *, *, #683, .F. ) ;
#822 = CYLINDRICAL_SURFACE ( 'NONE', #146, 1.000000000000000000 ) ;
#823 = ADVANCED_FACE ( 'NONE', ( #982 ), #1000, .F. ) ;
#824 = EDGE_LOOP ( 'NONE', ( #1109, #390, #7, #1152, #263, #339, #209, #181 ) ) ;
#825 = EDGE_CURVE ( 'NONE', #398, #451, #98, .T. ) ;
#826 = FACE_OUTER_BOUND ( 'NONE', #1270, .T. ) ;
#827 = DIRECTION ( 'NONE',  ( 1.000000000000000000, 0.000000000000000000, 0.000000000000000000 ) ) ;
#828 = VECTOR ( 'NONE', #505, 1000.000000000000000 ) ;
#829 = VERTEX_POINT ( 'NONE', #1110 ) ;
#830 = DIRECTION ( 'NONE',  ( 0.000000000000000000, 0.000000000000000000, -1.000000000000000000 ) ) ;
#831 = ORIENTED_EDGE ( 'NONE', *, *, #1355, .T. ) ;
#832 = CARTESIAN_POINT ( 'NONE',  ( -2.450000000000000622, 0.000000000000000000, 15.00000000000000000 ) ) ;
#833 = DIRECTION ( 'NONE',  ( -0.000000000000000000, 0.000000000000000000, 1.000000000000000000 ) ) ;
#834 = VERTEX_POINT ( 'NONE', #441 ) ;
#835 = CARTESIAN_POINT ( 'NONE',  ( 3.000000000000000000, -3.000000000000000000, 10.00000000000000000 ) ) ;
#836 = AXIS2_PLACEMENT_3D ( 'NONE', #285, #528, #290 ) ;
#837 = ORIENTED_EDGE ( 'NONE', *, *, #557, .T. ) ;
#838 = DIRECTION ( 'NONE',  ( 1.000000000000000000, 0.000000000000000000, -6.938893903907232322E-16 ) ) ;
#839 = EDGE_CURVE ( 'NONE', #641, #1294, #304, .T. ) ;
#840 = CARTESIAN_POINT ( 'NONE',  ( 3.999999999999999112, 4.000000000000000000, 10.00000000000000000 ) ) ;
#841 = AXIS2_PLACEMENT_3D ( 'NONE', #1048, #1408, #490 ) ;
#842 = LINE ( 'NONE', #1052, #1211 ) ;
#843 = AXIS2_PLACEMENT_3D ( 'NONE', #4, #465, #1341 ) ;
#844 = CIRCLE ( 'NONE', #1027, 3.500000000000000000 ) ;
#845 = ORIENTED_EDGE ( 'NONE', *, *, #530, .T. ) ;
#846 = CARTESIAN_POINT ( 'NONE',  ( 0.000000000000000000, 0.000000000000000000, -2.000000000000000000 ) ) ;
#847 = ORIENTED_EDGE ( 'NONE', *, *, #557, .F. ) ;
#848 = DIRECTION ( 'NONE',  ( 0.000000000000000000, -0.000000000000000000, -1.000000000000000000 ) ) ;
#849 = CARTESIAN_POINT ( 'NONE',  ( 11.25000000000000000, -36.78626204439002834, 30.50000000000001421 ) ) ;
#850 = VERTEX_POINT ( 'NONE', #338 ) ;
#851 = CARTESIAN_POINT ( 'NONE',  ( -1.500000000000000000, 0.000000000000000000, -2.000000000000000000 ) ) ;
#852 = EDGE_CURVE ( 'NONE', #451, #36, #898, .T. ) ;
#853 = ORIENTED_EDGE ( 'NONE', *, *, #1081, .T. ) ;
#854 = CARTESIAN_POINT ( 'NONE',  ( 0.000000000000000000, 0.000000000000000000, 18.00000000000000000 ) ) ;
#855 =( LENGTH_UNIT ( ) NAMED_UNIT ( * ) SI_UNIT ( .MILLI., .METRE. ) );
#856 = FACE_OUTER_BOUND ( 'NONE', #879, .T. ) ;
#857 = CARTESIAN_POINT ( 'NONE',  ( -3.500000000000000000, 0.000000000000000000, 13.00000000000000000 ) ) ;
#858 = AXIS2_PLACEMENT_3D ( 'NONE', #749, #300, #404 ) ;
#859 = ORIENTED_EDGE ( 'NONE', *, *, #798, .T. ) ;
#860 = AXIS2_PLACEMENT_3D ( 'NONE', #1142, #712, #1347 ) ;
#861 = PLANE ( 'NONE',  #1402 ) ;
#862 = FILL_AREA_STYLE ('',( #627 ) ) ;
#863 = CIRCLE ( 'NONE', #794, 1.000000000000000000 ) ;
#864 = EDGE_CURVE ( 'NONE', #23, #915, #22, .T. ) ;
#865 = AXIS2_PLACEMENT_3D ( 'NONE', #1131, #669, #1333 ) ;
#866 = CARTESIAN_POINT ( 'NONE',  ( 0.000000000000000000, 0.000000000000000000, 0.000000000000000000 ) ) ;
#867 = ORIENTED_EDGE ( 'NONE', *, *, #434, .F. ) ;
#868 = DIRECTION ( 'NONE',  ( 1.000000000000000000, 0.000000000000000000, 0.000000000000000000 ) ) ;
#869 = EDGE_CURVE ( 'NONE', #897, #23, #1248, .T. ) ;
#870 = EDGE_CURVE ( 'NONE', #1202, #850, #1457, .T. ) ;
#871 = VERTEX_POINT ( 'NONE', #1464 ) ;
#872 = DIRECTION ( 'NONE',  ( 0.000000000000000000, 0.000000000000000000, 1.000000000000000000 ) ) ;
#873 = CARTESIAN_POINT ( 'NONE',  ( -3.000000000000000000, -3.000000000000000000, 10.00000000000000000 ) ) ;
#874 = ORIENTED_EDGE ( 'NONE', *, *, #201, .T. ) ;
#875 = CARTESIAN_POINT ( 'NONE',  ( -11.25000000000000000, -36.78626204439002834, 27.00000000000001421 ) ) ;
#876 = VECTOR ( 'NONE', #474, 1000.000000000000000 ) ;
#877 = CARTESIAN_POINT ( 'NONE',  ( 9.249999999999998224, -7.500000000000000000, 30.50000000000001066 ) ) ;
#878 = DIRECTION ( 'NONE',  ( 0.000000000000000000, -0.000000000000000000, 1.000000000000000000 ) ) ;
#879 = EDGE_LOOP ( 'NONE', ( #818, #562, #258, #453 ) ) ;
#880 = DIRECTION ( 'NONE',  ( 0.000000000000000000, -0.000000000000000000, -1.000000000000000000 ) ) ;
#881 = LINE ( 'NONE', #314, #411 ) ;
#882 = EDGE_CURVE ( 'NONE', #812, #18, #371, .T. ) ;
#883 = ORIENTED_EDGE ( 'NONE', *, *, #30, .T. ) ;
#884 = DIRECTION ( 'NONE',  ( -0.000000000000000000, 0.000000000000000000, 1.000000000000000000 ) ) ;
#885 = ORIENTED_EDGE ( 'NONE', *, *, #515, .T. ) ;
#886 = CARTESIAN_POINT ( 'NONE',  ( 0.000000000000000000, 0.000000000000000000, 10.00000000000000000 ) ) ;
#887 = CYLINDRICAL_SURFACE ( 'NONE', #1340, 1.000000000000000000 ) ;
#888 = EDGE_LOOP ( 'NONE', ( #1397, #755 ) ) ;
#889 = DIRECTION ( 'NONE',  ( -1.000000000000000000, 0.000000000000000000, -0.000000000000000000 ) ) ;
#890 = VERTEX_POINT ( 'NONE', #482 ) ;
#891 = CARTESIAN_POINT ( 'NONE',  ( 0.000000000000000000, 0.000000000000000000, 10.00000000000000000 ) ) ;
#892 = PLANE ( 'NONE',  #267 ) ;
#893 = CIRCLE ( 'NONE', #499, 3.500000000000000000 ) ;
#894 = ORIENTED_EDGE ( 'NONE', *, *, #986, .F. ) ;
#895 = DIRECTION ( 'NONE',  ( 1.000000000000000000, 0.000000000000000000, 0.000000000000000000 ) ) ;
#896 = EDGE_CURVE ( 'NONE', #288, #1104, #922, .T. ) ;
#897 = VERTEX_POINT ( 'NONE', #1359 ) ;
#898 = LINE ( 'NONE', #17, #1129 ) ;
#899 = ORIENTED_EDGE ( 'NONE', *, *, #1118, .T. ) ;
#900 = DIRECTION ( 'NONE',  ( 1.000000000000000000, 0.000000000000000000, 0.000000000000000000 ) ) ;
#901 = CIRCLE ( 'NONE', #972, 3.500000000000000000 ) ;
#902 = VECTOR ( 'NONE', #657, 1000.000000000000000 ) ;
#903 = EDGE_LOOP ( 'NONE', ( #533, #331, #1399, #568 ) ) ;
#904 = DIRECTION ( 'NONE',  ( 1.000000000000000000, 0.000000000000000000, 0.000000000000000000 ) ) ;
#905 = EDGE_CURVE ( 'NONE', #1164, #1039, #1083, .T. ) ;
#906 = EDGE_LOOP ( 'NONE', ( #1119, #560, #283, #56 ) ) ;
#907 = CARTESIAN_POINT ( 'NONE',  ( 11.25000000000000000, -36.78626204439002834, 27.00000000000001421 ) ) ;
#908 = CIRCLE ( 'NONE', #932, 3.500000000000000000 ) ;
#909 = ORIENTED_EDGE ( 'NONE', *, *, #825, .T. ) ;
#910 = CARTESIAN_POINT ( 'NONE',  ( 3.500000000000000000, 4.286263797015736595E-16, 15.00000000000000000 ) ) ;
#911 = EDGE_CURVE ( 'NONE', #1377, #513, #1031, .T. ) ;
#912 = EDGE_CURVE ( 'NONE', #769, #519, #1368, .T. ) ;
#913 = DIRECTION ( 'NONE',  ( -0.000000000000000000, 0.000000000000000000, 1.000000000000000000 ) ) ;
#914 = LINE ( 'NONE', #117, #650 ) ;
#915 = VERTEX_POINT ( 'NONE', #591 ) ;
#916 = DIRECTION ( 'NONE',  ( 0.000000000000000000, 0.000000000000000000, 1.000000000000000000 ) ) ;
#917 = VERTEX_POINT ( 'NONE', #1375 ) ;
#918 = DIRECTION ( 'NONE',  ( -0.000000000000000000, -0.000000000000000000, -1.000000000000000000 ) ) ;
#919 = LINE ( 'NONE', #485, #71 ) ;
#920 = DIRECTION ( 'NONE',  ( 0.000000000000000000, 0.000000000000000000, 1.000000000000000000 ) ) ;
#921 = EDGE_LOOP ( 'NONE', ( #795, #816, #203, #166 ) ) ;
#922 = LINE ( 'NONE', #1256, #589 ) ;
#923 = VERTEX_POINT ( 'NONE', #1241 ) ;
#924 = LINE ( 'NONE', #1007, #198 ) ;
#925 = DIRECTION ( 'NONE',  ( -1.734723475976805517E-15, 0.000000000000000000, 1.000000000000000000 ) ) ;
#926 = ADVANCED_FACE ( 'NONE', ( #226 ), #363, .T. ) ;
#927 = EDGE_CURVE ( 'NONE', #76, #337, #707, .T. ) ;
#928 = ORIENTED_EDGE ( 'NONE', *, *, #50, .T. ) ;
#929 = CARTESIAN_POINT ( 'NONE',  ( 0.000000000000000000, 0.000000000000000000, 23.00000000000000000 ) ) ;
#930 = EDGE_LOOP ( 'NONE', ( #708, #1132, #1127, #621 ) ) ;
#931 = CARTESIAN_POINT ( 'NONE',  ( 0.000000000000000000, 0.000000000000000000, 15.00000000000000000 ) ) ;
#932 = AXIS2_PLACEMENT_3D ( 'NONE', #854, #848, #500 ) ;
#933 = AXIS2_PLACEMENT_3D ( 'NONE', #270, #158, #1059 ) ;
#934 = LINE ( 'NONE', #1388, #1230 ) ;
#935 = CARTESIAN_POINT ( 'NONE',  ( 0.000000000000000000, 0.000000000000000000, 0.000000000000000000 ) ) ;
#936 = ORIENTED_EDGE ( 'NONE', *, *, #759, .T. ) ;
#937 = DIRECTION ( 'NONE',  ( -1.000000000000000000, 0.000000000000000000, 0.000000000000000000 ) ) ;
#938 = ORIENTED_EDGE ( 'NONE', *, *, #1367, .F. ) ;
#939 = LINE ( 'NONE', #276, #100 ) ;
#940 = DIRECTION ( 'NONE',  ( 1.000000000000000000, 0.000000000000000000, -0.000000000000000000 ) ) ;
#941 = CARTESIAN_POINT ( 'NONE',  ( 0.000000000000000000, 0.000000000000000000, 18.00000000000000000 ) ) ;
#942 = PRODUCT_DEFINITION_SHAPE ( 'NONE', 'NONE',  #227 ) ;
#943 = VECTOR ( 'NONE', #1406, 1000.000000000000000 ) ;
#944 = VERTEX_POINT ( 'NONE', #236 ) ;
#945 = LINE ( 'NONE', #262, #988 ) ;
#946 = EDGE_CURVE ( 'NONE', #1054, #812, #137, .T. ) ;
#947 = ORIENTED_EDGE ( 'NONE', *, *, #342, .T. ) ;
#948 = DIRECTION ( 'NONE',  ( -0.000000000000000000, -0.000000000000000000, -1.000000000000000000 ) ) ;
#949 = CARTESIAN_POINT ( 'NONE',  ( 0.000000000000000000, 0.000000000000000000, 4.000000000000000000 ) ) ;
#950 = APPLICATION_PROTOCOL_DEFINITION ( 'draft international standard', 'automotive_design', 1998, #536 ) ;
#951 = EDGE_LOOP ( 'NONE', ( #1196, #1071, #859, #145 ) ) ;
#952 = DIRECTION ( 'NONE',  ( -1.000000000000000000, 0.000000000000000000, 0.000000000000000000 ) ) ;
#953 = ORIENTED_EDGE ( 'NONE', *, *, #1226, .F. ) ;
#954 = DIRECTION ( 'NONE',  ( 0.000000000000000000, 0.000000000000000000, 1.000000000000000000 ) ) ;
#955 = EDGE_CURVE ( 'NONE', #670, #375, #702, .T. ) ;
#956 = EDGE_CURVE ( 'NONE', #670, #1377, #893, .T. ) ;
#957 = ORIENTED_EDGE ( 'NONE', *, *, #697, .T. ) ;
#958 = DIRECTION ( 'NONE',  ( 1.000000000000000000, 0.000000000000000000, 0.000000000000000000 ) ) ;
#959 = VERTEX_POINT ( 'NONE', #251 ) ;
#960 = CARTESIAN_POINT ( 'NONE',  ( 0.000000000000000000, 0.000000000000000000, 10.00000000000000000 ) ) ;
#961 = PRESENTATION_STYLE_ASSIGNMENT (( #1395 ) ) ;
#962 = ORIENTED_EDGE ( 'NONE', *, *, #1118, .F. ) ;
#963 = FACE_OUTER_BOUND ( 'NONE', #1358, .T. ) ;
#964 = VECTOR ( 'NONE', #1269, 1000.000000000000000 ) ;
#965 = VERTEX_POINT ( 'NONE', #802 ) ;
#966 = DIRECTION ( 'NONE',  ( 0.000000000000000000, -0.000000000000000000, -1.000000000000000000 ) ) ;
#967 = CARTESIAN_POINT ( 'NONE',  ( 0.000000000000000000, 0.000000000000000000, 10.00000000000000000 ) ) ;
#968 = EDGE_CURVE ( 'NONE', #510, #944, #521, .T. ) ;
#969 = AXIS2_PLACEMENT_3D ( 'NONE', #350, #138, #259 ) ;
#970 = ADVANCED_FACE ( 'NONE', ( #134, #1022 ), #243, .T. ) ;
#971 = DIRECTION ( 'NONE',  ( 0.000000000000000000, 0.000000000000000000, 1.000000000000000000 ) ) ;
#972 = AXIS2_PLACEMENT_3D ( 'NONE', #161, #512, #958 ) ;
#973 = AXIS2_PLACEMENT_3D ( 'NONE', #3, #940, #698 ) ;
#974 = EDGE_CURVE ( 'NONE', #917, #121, #165, .T. ) ;
#975 = ORIENTED_EDGE ( 'NONE', *, *, #233, .T. ) ;
#976 = AXIS2_PLACEMENT_3D ( 'NONE', #1425, #484, #1459 ) ;
#977 = DIRECTION ( 'NONE',  ( -0.000000000000000000, 1.000000000000000000, -0.000000000000000000 ) ) ;
#978 = DIRECTION ( 'NONE',  ( 0.000000000000000000, 0.000000000000000000, -1.000000000000000000 ) ) ;
#979 = AXIS2_PLACEMENT_3D ( 'NONE', #1244, #229, #1250 ) ;
#980 = DIRECTION ( 'NONE',  ( 0.000000000000000000, 0.000000000000000000, -1.000000000000000000 ) ) ;
#981 = ORIENTED_EDGE ( 'NONE', *, *, #444, .F. ) ;
#982 = FACE_OUTER_BOUND ( 'NONE', #370, .T. ) ;
#983 = CARTESIAN_POINT ( 'NONE',  ( -11.25000000000000000, 13.50000000000000355, 30.50000000000001421 ) ) ;
#984 = PLANE ( 'NONE',  #787 ) ;
#985 = ORIENTED_EDGE ( 'NONE', *, *, #692, .T. ) ;
#986 = EDGE_CURVE ( 'NONE', #1442, #576, #945, .T. ) ;
#987 = DIRECTION ( 'NONE',  ( 1.000000000000000000, 0.000000000000000000, 0.000000000000000000 ) ) ;
#988 = VECTOR ( 'NONE', #518, 1000.000000000000000 ) ;
#989 = FACE_OUTER_BOUND ( 'NONE', #385, .T. ) ;
#990 = ORIENTED_EDGE ( 'NONE', *, *, #896, .F. ) ;
#991 = CARTESIAN_POINT ( 'NONE',  ( 2.450000000000000622, 3.000384657911016356E-16, 2.000000000000000000 ) ) ;
#992 = EDGE_LOOP ( 'NONE', ( #792, #628, #162, #894 ) ) ;
#993 = FACE_OUTER_BOUND ( 'NONE', #903, .T. ) ;
#994 = PRESENTATION_LAYER_ASSIGNMENT (  '', '', ( #765 ) ) ;
#995 = DIRECTION ( 'NONE',  ( -1.000000000000000000, 0.000000000000000000, -0.000000000000000000 ) ) ;
#996 = VERTEX_POINT ( 'NONE', #851 ) ;
#997 = CARTESIAN_POINT ( 'NONE',  ( 16.00000000000000000, 13.50000000000000355, 23.00000000000000000 ) ) ;
#998 = ADVANCED_FACE ( 'NONE', ( #1275 ), #488, .T. ) ;
#999 = ORIENTED_EDGE ( 'NONE', *, *, #515, .F. ) ;
#1000 = PLANE ( 'NONE',  #1410 ) ;
#1001 = CARTESIAN_POINT ( 'NONE',  ( 9.249999999999998224, 13.50000000000000355, 30.50000000000001066 ) ) ;
#1002 = CARTESIAN_POINT ( 'NONE',  ( -16.00000000000000000, 13.50000000000000355, 33.00000000000000000 ) ) ;
#1003 = CARTESIAN_POINT ( 'NONE',  ( 11.25000000000000000, -7.500000000000000000, 27.00000000000001421 ) ) ;
#1004 = ORIENTED_EDGE ( 'NONE', *, *, #620, .T. ) ;
#1005 = CARTESIAN_POINT ( 'NONE',  ( -3.000000000000001776, 3.000000000000000000, 10.00000000000000000 ) ) ;
#1006 = EDGE_LOOP ( 'NONE', ( #609, #1316 ) ) ;
#1007 = CARTESIAN_POINT ( 'NONE',  ( -16.00000000000000000, -13.49999999999999822, 23.00000000000000000 ) ) ;
#1008 = ORIENTED_EDGE ( 'NONE', *, *, #358, .F. ) ;
#1009 = EDGE_CURVE ( 'NONE', #695, #829, #1062, .T. ) ;
#1010 = DIRECTION ( 'NONE',  ( 0.000000000000000000, 0.000000000000000000, -1.000000000000000000 ) ) ;
#1011 = EDGE_CURVE ( 'NONE', #834, #76, #610, .T. ) ;
#1012 = ORIENTED_EDGE ( 'NONE', *, *, #573, .F. ) ;
#1013 = CARTESIAN_POINT ( 'NONE',  ( 3.500000000000000000, 4.286263797015736595E-16, 4.000000000000000000 ) ) ;
#1014 = EDGE_CURVE ( 'NONE', #834, #225, #153, .T. ) ;
#1015 = ORIENTED_EDGE ( 'NONE', *, *, #882, .F. ) ;
#1016 = DIRECTION ( 'NONE',  ( 1.000000000000000000, 0.000000000000000000, 0.000000000000000000 ) ) ;
#1017 = VECTOR ( 'NONE', #171, 1000.000000000000000 ) ;
#1018 = DIRECTION ( 'NONE',  ( 0.000000000000000000, -0.000000000000000000, -1.000000000000000000 ) ) ;
#1019 = VECTOR ( 'NONE', #220, 1000.000000000000000 ) ;
#1020 = DIRECTION ( 'NONE',  ( -1.000000000000000000, -0.000000000000000000, -0.000000000000000000 ) ) ;
#1021 = VERTEX_POINT ( 'NONE', #281 ) ;
#1022 = FACE_OUTER_BOUND ( 'NONE', #1458, .T. ) ;
#1023 = AXIS2_PLACEMENT_3D ( 'NONE', #327, #421, #534 ) ;
#1024 = ORIENTED_EDGE ( 'NONE', *, *, #683, .T. ) ;
#1025 = DIRECTION ( 'NONE',  ( -1.000000000000000000, -0.000000000000000000, -0.000000000000000000 ) ) ;
#1026 = CIRCLE ( 'NONE', #1376, 3.500000000000000000 ) ;
#1027 = AXIS2_PLACEMENT_3D ( 'NONE', #537, #1435, #904 ) ;
#1028 = DIRECTION ( 'NONE',  ( 1.000000000000000000, 0.000000000000000000, 0.000000000000000000 ) ) ;
#1029 = DIRECTION ( 'NONE',  ( 0.000000000000000000, 1.000000000000000000, 0.000000000000000000 ) ) ;
#1030 = ORIENTED_EDGE ( 'NONE', *, *, #135, .F. ) ;
#1031 = LINE ( 'NONE', #449, #424 ) ;
#1032 = ADVANCED_FACE ( 'NONE', ( #41 ), #494, .T. ) ;
#1033 = EDGE_LOOP ( 'NONE', ( #1134, #175, #776, #466 ) ) ;
#1034 = CARTESIAN_POINT ( 'NONE',  ( 8.500000000000000000, 0.000000000000000000, 18.00000000000000000 ) ) ;
#1035 = DIRECTION ( 'NONE',  ( -0.000000000000000000, -0.000000000000000000, 1.000000000000000000 ) ) ;
#1036 =( NAMED_UNIT ( * ) PLANE_ANGLE_UNIT ( ) SI_UNIT ( $, .RADIAN. ) );
#1037 = ORIENTED_EDGE ( 'NONE', *, *, #309, .F. ) ;
#1038 = DIRECTION ( 'NONE',  ( -0.000000000000000000, 0.000000000000000000, 1.000000000000000000 ) ) ;
#1039 = VERTEX_POINT ( 'NONE', #1412 ) ;
#1040 = CARTESIAN_POINT ( 'NONE',  ( 0.000000000000000000, 0.000000000000000000, 0.000000000000000000 ) ) ;
#1041 = DIRECTION ( 'NONE',  ( 0.000000000000000000, 0.000000000000000000, -1.000000000000000000 ) ) ;
#1042 = AXIS2_PLACEMENT_3D ( 'NONE', #846, #598, #384 ) ;
#1043 = CIRCLE ( 'NONE', #976, 2.450000000000000622 ) ;
#1044 = PLANE ( 'NONE',  #1427 ) ;
#1045 = VERTEX_POINT ( 'NONE', #1055 ) ;
#1046 = DIRECTION ( 'NONE',  ( 1.000000000000000000, -1.776356839400250465E-15, 0.000000000000000000 ) ) ;
#1047 = ORIENTED_EDGE ( 'NONE', *, *, #501, .F. ) ;
#1048 = CARTESIAN_POINT ( 'NONE',  ( 3.000000000000000000, -3.000000000000000000, 10.00000000000000000 ) ) ;
#1049 = VECTOR ( 'NONE', #1306, 1000.000000000000000 ) ;
#1050 = TOROIDAL_SURFACE ( 'NONE', #416, 8.500000000000000000, 5.000000000000000000 ) ;
#1051 = CARTESIAN_POINT ( 'NONE',  ( -4.000000000000001776, 4.000000000000000000, 10.00000000000000000 ) ) ;
#1052 = CARTESIAN_POINT ( 'NONE',  ( -16.00000000000000000, 13.50000000000000355, 23.00000000000000000 ) ) ;
#1053 = EDGE_CURVE ( 'NONE', #1116, #915, #1392, .T. ) ;
#1054 = VERTEX_POINT ( 'NONE', #174 ) ;
#1055 = CARTESIAN_POINT ( 'NONE',  ( 4.999999999999999112, 0.000000000000000000, 11.00000000000000000 ) ) ;
#1056 = EDGE_LOOP ( 'NONE', ( #1147, #703, #104, #1037 ) ) ;
#1057 = DIRECTION ( 'NONE',  ( 1.000000000000000000, 0.000000000000000000, 0.000000000000000000 ) ) ;
#1058 = DIRECTION ( 'NONE',  ( 0.000000000000000000, 0.000000000000000000, 1.000000000000000000 ) ) ;
#1059 = DIRECTION ( 'NONE',  ( 1.000000000000000000, 0.000000000000000000, -0.000000000000000000 ) ) ;
#1060 = AXIS2_PLACEMENT_3D ( 'NONE', #929, #575, #793 ) ;
#1061 = ORIENTED_EDGE ( 'NONE', *, *, #1321, .F. ) ;
#1062 = LINE ( 'NONE', #1293, #964 ) ;
#1063 = EDGE_CURVE ( 'NONE', #834, #965, #379, .T. ) ;
#1064 = ORIENTED_EDGE ( 'NONE', *, *, #645, .F. ) ;
#1065 = LINE ( 'NONE', #743, #1049 ) ;
#1066 = SURFACE_SIDE_STYLE ('',( #516 ) ) ;
#1067 = EDGE_CURVE ( 'NONE', #312, #1178, #727, .T. ) ;
#1068 = VECTOR ( 'NONE', #1409, 1000.000000000000000 ) ;
#1069 = ORIENTED_EDGE ( 'NONE', *, *, #1364, .F. ) ;
#1070 = CARTESIAN_POINT ( 'NONE',  ( -9.249999999999998224, 13.50000000000000355, 30.50000000000001066 ) ) ;
#1071 = ORIENTED_EDGE ( 'NONE', *, *, #774, .T. ) ;
#1072 = LINE ( 'NONE', #387, #553 ) ;
#1073 = CYLINDRICAL_SURFACE ( 'NONE', #192, 3.500000000000000000 ) ;
#1074 = ORIENTED_EDGE ( 'NONE', *, *, #608, .T. ) ;
#1075 = DIRECTION ( 'NONE',  ( 0.000000000000000000, 0.000000000000000000, -1.000000000000000000 ) ) ;
#1076 = ORIENTED_EDGE ( 'NONE', *, *, #927, .F. ) ;
#1077 = DIRECTION ( 'NONE',  ( -0.000000000000000000, 1.000000000000000000, -0.000000000000000000 ) ) ;
#1078 = CARTESIAN_POINT ( 'NONE',  ( -11.25000000000000000, -7.500000000000000000, 30.50000000000001421 ) ) ;
#1079 = UNCERTAINTY_MEASURE_WITH_UNIT (LENGTH_MEASURE( 1.000000000000000082E-05 ), #855, 'distance_accuracy_value', 'NONE');
#1080 = EDGE_CURVE ( 'NONE', #1220, #1240, #1153, .T. ) ;
#1081 = EDGE_CURVE ( 'NONE', #245, #996, #1158, .T. ) ;
#1082 = CARTESIAN_POINT ( 'NONE',  ( 8.500000000000000000, 0.000000000000000000, 23.00000000000000000 ) ) ;
#1083 = CIRCLE ( 'NONE', #1060, 8.500000000000000000 ) ;
#1084 = ORIENTED_EDGE ( 'NONE', *, *, #90, .F. ) ;
#1085 = CARTESIAN_POINT ( 'NONE',  ( -4.999999999999999112, 6.123233995736765296E-16, -4.142135623730947458 ) ) ;
#1086 = CARTESIAN_POINT ( 'NONE',  ( 16.00000000000000000, 13.50000000000000355, 33.00000000000000000 ) ) ;
#1087 = DIRECTION ( 'NONE',  ( 1.000000000000000000, 0.000000000000000000, 0.000000000000000000 ) ) ;
#1088 = VECTOR ( 'NONE', #144, 1000.000000000000000 ) ;
#1089 = AXIS2_PLACEMENT_3D ( 'NONE', #570, #913, #471 ) ;
#1090 = ORIENTED_EDGE ( 'NONE', *, *, #430, .T. ) ;
#1091 = VECTOR ( 'NONE', #429, 1000.000000000000000 ) ;
#1092 = DIRECTION ( 'NONE',  ( 0.000000000000000000, 0.000000000000000000, 1.000000000000000000 ) ) ;
#1093 = DIRECTION ( 'NONE',  ( 0.000000000000000000, 0.000000000000000000, 1.000000000000000000 ) ) ;
#1094 = CIRCLE ( 'NONE', #368, 5.000000000000000888 ) ;
#1095 = ADVANCED_FACE ( 'NONE', ( #622 ), #822, .T. ) ;
#1096 = CARTESIAN_POINT ( 'NONE',  ( 0.000000000000000000, 0.000000000000000000, -2.000000000000000000 ) ) ;
#1097 = VERTEX_POINT ( 'NONE', #1070 ) ;
#1098 = DIRECTION ( 'NONE',  ( -0.000000000000000000, 0.000000000000000000, 1.000000000000000000 ) ) ;
#1099 = PLANE ( 'NONE',  #790 ) ;
#1100 = DIRECTION ( 'NONE',  ( 1.000000000000000000, 0.000000000000000000, -0.000000000000000000 ) ) ;
#1101 = LINE ( 'NONE', #753, #408 ) ;
#1102 = ORIENTED_EDGE ( 'NONE', *, *, #864, .T. ) ;
#1103 = LINE ( 'NONE', #875, #672 ) ;
#1104 = VERTEX_POINT ( 'NONE', #55 ) ;
#1105 = CARTESIAN_POINT ( 'NONE',  ( -9.250000000000000000, 13.50000000000000355, 33.00000000000000711 ) ) ;
#1106 = EDGE_CURVE ( 'NONE', #965, #959, #454, .T. ) ;
#1107 = DIRECTION ( 'NONE',  ( -0.000000000000000000, 0.000000000000000000, -1.000000000000000000 ) ) ;
#1108 = FACE_OUTER_BOUND ( 'NONE', #992, .T. ) ;
#1109 = ORIENTED_EDGE ( 'NONE', *, *, #662, .F. ) ;
#1110 = CARTESIAN_POINT ( 'NONE',  ( -3.500000000000000000, 0.000000000000000000, 15.00000000000000000 ) ) ;
#1111 = VECTOR ( 'NONE', #431, 1000.000000000000000 ) ;
#1112 = DIRECTION ( 'NONE',  ( -1.000000000000000000, 0.000000000000000000, 0.000000000000000000 ) ) ;
#1113 = DIRECTION ( 'NONE',  ( -1.000000000000000000, 0.000000000000000000, 0.000000000000000000 ) ) ;
#1114 = CARTESIAN_POINT ( 'NONE',  ( 0.000000000000000000, 0.000000000000000000, 13.00000000000000000 ) ) ;
#1115 = VECTOR ( 'NONE', #1197, 1000.000000000000000 ) ;
#1116 = VERTEX_POINT ( 'NONE', #1172 ) ;
#1117 = DIRECTION ( 'NONE',  ( 1.000000000000000000, 0.000000000000000000, 0.000000000000000000 ) ) ;
#1118 = EDGE_CURVE ( 'NONE', #519, #829, #901, .T. ) ;
#1119 = ORIENTED_EDGE ( 'NONE', *, *, #1428, .T. ) ;
#1120 = CARTESIAN_POINT ( 'NONE',  ( 0.000000000000000000, 0.000000000000000000, 13.00000000000000000 ) ) ;
#1121 = DIRECTION ( 'NONE',  ( 0.000000000000000000, 0.000000000000000000, 1.000000000000000000 ) ) ;
#1122 = EDGE_CURVE ( 'NONE', #965, #834, #479, .T. ) ;
#1123 = ADVANCED_FACE ( 'NONE', ( #963 ), #1301, .T. ) ;
#1124 = PLANE ( 'NONE',  #35 ) ;
#1125 = ORIENTED_EDGE ( 'NONE', *, *, #444, .T. ) ;
#1126 = DIRECTION ( 'NONE',  ( -0.000000000000000000, -0.000000000000000000, -1.000000000000000000 ) ) ;
#1127 = ORIENTED_EDGE ( 'NONE', *, *, #710, .F. ) ;
#1128 = CARTESIAN_POINT ( 'NONE',  ( -9.249999999999998224, -7.500000000000000000, 30.50000000000001066 ) ) ;
#1129 = VECTOR ( 'NONE', #679, 1000.000000000000000 ) ;
#1130 = CARTESIAN_POINT ( 'NONE',  ( 0.000000000000000000, 0.000000000000000000, -2.000000000000000000 ) ) ;
#1131 = CARTESIAN_POINT ( 'NONE',  ( -8.500000000000000000, 1.040949779275250140E-15, 18.00000000000000000 ) ) ;
#1132 = ORIENTED_EDGE ( 'NONE', *, *, #540, .F. ) ;
#1133 = DIRECTION ( 'NONE',  ( 0.000000000000000000, 0.000000000000000000, 1.000000000000000000 ) ) ;
#1134 = ORIENTED_EDGE ( 'NONE', *, *, #955, .F. ) ;
#1135 = FACE_OUTER_BOUND ( 'NONE', #736, .T. ) ;
#1136 = CARTESIAN_POINT ( 'NONE',  ( -3.000000000000000000, -3.000000000000000000, 10.00000000000000000 ) ) ;
#1137 = FACE_OUTER_BOUND ( 'NONE', #648, .T. ) ;
#1138 = EDGE_CURVE ( 'NONE', #36, #1442, #1320, .T. ) ;
#1139 = ORIENTED_EDGE ( 'NONE', *, *, #660, .T. ) ;
#1140 = DIRECTION ( 'NONE',  ( 0.000000000000000000, 0.000000000000000000, 1.000000000000000000 ) ) ;
#1141 = VERTEX_POINT ( 'NONE', #1421 ) ;
#1142 = CARTESIAN_POINT ( 'NONE',  ( 0.000000000000000000, 0.000000000000000000, 10.00000000000000000 ) ) ;
#1143 = DIRECTION ( 'NONE',  ( -1.000000000000000000, 0.000000000000000000, 0.000000000000000000 ) ) ;
#1144 = DIRECTION ( 'NONE',  ( -0.000000000000000000, -1.000000000000000000, -0.000000000000000000 ) ) ;
#1145 = ORIENTED_EDGE ( 'NONE', *, *, #558, .T. ) ;
#1146 = DIRECTION ( 'NONE',  ( 1.000000000000000000, 0.000000000000000000, 0.000000000000000000 ) ) ;
#1147 = ORIENTED_EDGE ( 'NONE', *, *, #1067, .T. ) ;
#1148 = CARTESIAN_POINT ( 'NONE',  ( 0.000000000000000000, 0.000000000000000000, 4.000000000000000000 ) ) ;
#1149 = DIRECTION ( 'NONE',  ( 1.000000000000000000, 0.000000000000000000, 0.000000000000000000 ) ) ;
#1150 = AXIS2_PLACEMENT_3D ( 'NONE', #817, #1126, #458 ) ;
#1151 = CARTESIAN_POINT ( 'NONE',  ( -4.000000000000001776, 3.000000000000000000, 10.00000000000000000 ) ) ;
#1152 = ORIENTED_EDGE ( 'NONE', *, *, #645, .T. ) ;
#1153 = LINE ( 'NONE', #392, #1088 ) ;
#1154 = ORIENTED_EDGE ( 'NONE', *, *, #623, .T. ) ;
#1155 = LINE ( 'NONE', #340, #336 ) ;
#1156 = EDGE_CURVE ( 'NONE', #143, #510, #318, .T. ) ;
#1157 = PLANE ( 'NONE',  #973 ) ;
#1158 = CIRCLE ( 'NONE', #1042, 1.500000000000000000 ) ;
#1159 = AXIS2_PLACEMENT_3D ( 'NONE', #359, #814, #123 ) ;
#1160 = AXIS2_PLACEMENT_3D ( 'NONE', #778, #1222, #663 ) ;
#1161 = PRODUCT_CONTEXT ( 'NONE', #1242, 'mechanical' ) ;
#1162 = ORIENTED_EDGE ( 'NONE', *, *, #754, .T. ) ;
#1163 = DIRECTION ( 'NONE',  ( 1.000000000000000000, 0.000000000000000000, 0.000000000000000000 ) ) ;
#1164 = VERTEX_POINT ( 'NONE', #1082 ) ;
#1165 = CARTESIAN_POINT ( 'NONE',  ( 0.000000000000000000, 0.000000000000000000, 15.00000000000000000 ) ) ;
#1166 = CIRCLE ( 'NONE', #768, 1.000000000000000000 ) ;
#1167 = ADVANCED_FACE ( 'NONE', ( #65 ), #188, .F. ) ;
#1168 = DIRECTION ( 'NONE',  ( -1.000000000000000000, 0.000000000000000000, -0.000000000000000000 ) ) ;
#1169 = EDGE_CURVE ( 'NONE', #769, #695, #24, .T. ) ;
#1170 = EDGE_CURVE ( 'NONE', #89, #1097, #1195, .T. ) ;
#1171 = ORIENTED_EDGE ( 'NONE', *, *, #343, .F. ) ;
#1172 = CARTESIAN_POINT ( 'NONE',  ( 11.25000000000000000, 13.50000000000000355, 30.50000000000001421 ) ) ;
#1173 = ORIENTED_EDGE ( 'NONE', *, *, #587, .T. ) ;
#1174 = LINE ( 'NONE', #1295, #1115 ) ;
#1175 = DIRECTION ( 'NONE',  ( 1.000000000000000000, 0.000000000000000000, 0.000000000000000000 ) ) ;
#1176 = DIRECTION ( 'NONE',  ( 1.000000000000000000, 0.000000000000000000, -1.734723475976805517E-15 ) ) ;
#1177 = AXIS2_PLACEMENT_3D ( 'NONE', #719, #287, #1163 ) ;
#1178 = VERTEX_POINT ( 'NONE', #767 ) ;
#1179 = DIRECTION ( 'NONE',  ( -0.000000000000000000, -0.000000000000000000, -1.000000000000000000 ) ) ;
#1180 = VERTEX_POINT ( 'NONE', #1206 ) ;
#1181 = CARTESIAN_POINT ( 'NONE',  ( 16.00000000000000000, 13.50000000000000355, 33.00000000000000000 ) ) ;
#1182 = DIRECTION ( 'NONE',  ( -0.000000000000000000, -0.000000000000000000, -1.000000000000000000 ) ) ;
#1183 = CIRCLE ( 'NONE', #836, 2.450000000000000622 ) ;
#1184 = ADVANCED_FACE ( 'NONE', ( #86 ), #1441, .F. ) ;
#1185 = CARTESIAN_POINT ( 'NONE',  ( 0.000000000000000000, 0.000000000000000000, 10.00000000000000000 ) ) ;
#1186 = DIRECTION ( 'NONE',  ( 0.000000000000000000, -0.000000000000000000, -1.000000000000000000 ) ) ;
#1187 = EDGE_CURVE ( 'NONE', #641, #18, #1101, .T. ) ;
#1188 = ORIENTED_EDGE ( 'NONE', *, *, #299, .F. ) ;
#1189 = DIRECTION ( 'NONE',  ( 1.000000000000000000, 0.000000000000000000, 0.000000000000000000 ) ) ;
#1190 = EDGE_CURVE ( 'NONE', #1369, #1294, #311, .T. ) ;
#1191 = FACE_BOUND ( 'NONE', #155, .T. ) ;
#1192 = AXIS2_PLACEMENT_3D ( 'NONE', #1040, #585, #696 ) ;
#1193 = VECTOR ( 'NONE', #346, 1000.000000000000000 ) ;
#1194 = LINE ( 'NONE', #1002, #1111 ) ;
#1195 = LINE ( 'NONE', #640, #717 ) ;
#1196 = ORIENTED_EDGE ( 'NONE', *, *, #430, .F. ) ;
#1197 = DIRECTION ( 'NONE',  ( 1.000000000000000000, 0.000000000000000000, 0.000000000000000000 ) ) ;
#1198 =( NAMED_UNIT ( * ) PLANE_ANGLE_UNIT ( ) SI_UNIT ( $, .RADIAN. ) );
#1199 = PRODUCT_DEFINITION_CONTEXT ( 'detailed design', #536, 'design' ) ;
#1200 = DIRECTION ( 'NONE',  ( -1.000000000000000000, 0.000000000000000000, 0.000000000000000000 ) ) ;
#1201 = AXIS2_PLACEMENT_3D ( 'NONE', #735, #1179, #952 ) ;
#1202 = VERTEX_POINT ( 'NONE', #653 ) ;
#1203 = DIRECTION ( 'NONE',  ( 0.000000000000000000, -0.000000000000000000, -1.000000000000000000 ) ) ;
#1204 = CARTESIAN_POINT ( 'NONE',  ( -11.25000000000000000, -36.78626204439002834, 27.00000000000001421 ) ) ;
#1205 = EDGE_CURVE ( 'NONE', #275, #897, #1219, .T. ) ;
#1206 = CARTESIAN_POINT ( 'NONE',  ( -3.000000000000000000, -4.000000000000000000, 6.000000000000000000 ) ) ;
#1207 = ORIENTED_EDGE ( 'NONE', *, *, #1053, .F. ) ;
#1208 = CARTESIAN_POINT ( 'NONE',  ( -2.450000000000000622, 0.000000000000000000, 2.000000000000000000 ) ) ;
#1209 = DIRECTION ( 'NONE',  ( -6.938893903907232322E-16, -0.000000000000000000, -1.000000000000000000 ) ) ;
#1210 = VECTOR ( 'NONE', #770, 1000.000000000000000 ) ;
#1211 = VECTOR ( 'NONE', #1291, 1000.000000000000000 ) ;
#1212 = ADVANCED_FACE ( 'NONE', ( #523 ), #984, .F. ) ;
#1213 = CIRCLE ( 'NONE', #580, 3.500000000000000000 ) ;
#1214 = ORIENTED_EDGE ( 'NONE', *, *, #1187, .F. ) ;
#1215 = CARTESIAN_POINT ( 'NONE',  ( 0.000000000000000000, 0.000000000000000000, 13.00000000000000000 ) ) ;
#1216 = EDGE_CURVE ( 'NONE', #143, #638, #1213, .T. ) ;
#1217 = FACE_OUTER_BOUND ( 'NONE', #1422, .T. ) ;
#1218 = CARTESIAN_POINT ( 'NONE',  ( -4.000000000000001776, 4.000000000000000000, 6.000000000000000000 ) ) ;
#1219 = LINE ( 'NONE', #294, #1418 ) ;
#1220 = VERTEX_POINT ( 'NONE', #991 ) ;
#1221 = CARTESIAN_POINT ( 'NONE',  ( 0.000000000000000000, 0.000000000000000000, 10.00000000000000000 ) ) ;
#1222 = DIRECTION ( 'NONE',  ( -1.000000000000000000, -1.084202172485504434E-16, 0.000000000000000000 ) ) ;
#1223 = ORIENTED_EDGE ( 'NONE', *, *, #905, .F. ) ;
#1224 = AXIS2_PLACEMENT_3D ( 'NONE', #1120, #303, #107 ) ;
#1225 = DIRECTION ( 'NONE',  ( 0.000000000000000000, 0.000000000000000000, -1.000000000000000000 ) ) ;
#1226 = EDGE_CURVE ( 'NONE', #1294, #641, #274, .T. ) ;
#1227 = ORIENTED_EDGE ( 'NONE', *, *, #1014, .F. ) ;
#1228 = CARTESIAN_POINT ( 'NONE',  ( 3.000000000000000000, -3.000000000000000000, 6.000000000000000000 ) ) ;
#1229 = AXIS2_PLACEMENT_3D ( 'NONE', #658, #73, #878 ) ;
#1230 = VECTOR ( 'NONE', #131, 1000.000000000000000 ) ;
#1231 = AXIS2_PLACEMENT_3D ( 'NONE', #643, #872, #758 ) ;
#1232 = ORIENTED_EDGE ( 'NONE', *, *, #1433, .F. ) ;
#1233 = DIRECTION ( 'NONE',  ( 1.000000000000000000, 0.000000000000000000, 0.000000000000000000 ) ) ;
#1234 = EDGE_CURVE ( 'NONE', #996, #245, #1290, .T. ) ;
#1235 = ADVANCED_FACE ( 'NONE', ( #1314, #1108 ), #305, .F. ) ;
#1236 = DIRECTION ( 'NONE',  ( 0.000000000000000000, -0.000000000000000000, -1.000000000000000000 ) ) ;
#1237 = CARTESIAN_POINT ( 'NONE',  ( 9.249999999999998224, 13.50000000000000355, 30.50000000000001066 ) ) ;
#1238 = AXIS2_PLACEMENT_3D ( 'NONE', #1165, #297, #1401 ) ;
#1239 = CIRCLE ( 'NONE', #606, 2.000000000000000000 ) ;
#1240 = VERTEX_POINT ( 'NONE', #550 ) ;
#1241 = CARTESIAN_POINT ( 'NONE',  ( 11.25000000000000000, -7.500000000000000000, 30.50000000000001421 ) ) ;
#1242 = APPLICATION_CONTEXT ( 'automotive_design' ) ;
#1243 = ORIENTED_EDGE ( 'NONE', *, *, #1296, .F. ) ;
#1244 = CARTESIAN_POINT ( 'NONE',  ( -4.000000000000001776, 4.000000000000000000, 10.00000000000000000 ) ) ;
#1245 = CARTESIAN_POINT ( 'NONE',  ( 0.000000000000000000, 0.000000000000000000, 10.00000000000000000 ) ) ;
#1246 = CYLINDRICAL_SURFACE ( 'NONE', #316, 3.500000000000000000 ) ;
#1247 = ORIENTED_EDGE ( 'NONE', *, *, #662, .T. ) ;
#1248 = LINE ( 'NONE', #694, #876 ) ;
#1249 = ORIENTED_EDGE ( 'NONE', *, *, #1106, .F. ) ;
#1250 = DIRECTION ( 'NONE',  ( 0.000000000000000000, -0.000000000000000000, -1.000000000000000000 ) ) ;
#1251 = AXIS2_PLACEMENT_3D ( 'NONE', #1005, #1038, #583 ) ;
#1252 = EDGE_CURVE ( 'NONE', #375, #513, #844, .T. ) ;
#1253 = CYLINDRICAL_SURFACE ( 'NONE', #1465, 1.000000000000000000 ) ;
#1254 = FACE_OUTER_BOUND ( 'NONE', #574, .T. ) ;
#1255 = EDGE_LOOP ( 'NONE', ( #32, #734 ) ) ;
#1256 = CARTESIAN_POINT ( 'NONE',  ( -9.250000000000000000, -7.500000000000000000, 33.00000000000000711 ) ) ;
#1257 = ORIENTED_EDGE ( 'NONE', *, *, #1063, .F. ) ;
#1258 = LINE ( 'NONE', #19, #79 ) ;
#1259 = DIRECTION ( 'NONE',  ( -0.000000000000000000, 0.000000000000000000, -1.000000000000000000 ) ) ;
#1260 = DIRECTION ( 'NONE',  ( -0.000000000000000000, 0.000000000000000000, 1.000000000000000000 ) ) ;
#1261 = ORIENTED_EDGE ( 'NONE', *, *, #946, .F. ) ;
#1262 = DIRECTION ( 'NONE',  ( -0.000000000000000000, -0.000000000000000000, -1.000000000000000000 ) ) ;
#1263 = ORIENTED_EDGE ( 'NONE', *, *, #135, .T. ) ;
#1264 = CYLINDRICAL_SURFACE ( 'NONE', #33, 3.500000000000000000 ) ;
#1265 = ADVANCED_FACE ( 'NONE', ( #800 ), #572, .T. ) ;
#1266 = PLANE ( 'NONE',  #1396 ) ;
#1267 = CARTESIAN_POINT ( 'NONE',  ( -4.999999999999999112, 6.123233995736765296E-16, 11.00000000000000000 ) ) ;
#1268 = ORIENTED_EDGE ( 'NONE', *, *, #1067, .F. ) ;
#1269 = DIRECTION ( 'NONE',  ( -0.000000000000000000, -0.000000000000000000, -1.000000000000000000 ) ) ;
#1270 = EDGE_LOOP ( 'NONE', ( #953, #1424, #803, #396 ) ) ;
#1271 = DIRECTION ( 'NONE',  ( 0.000000000000000000, 0.000000000000000000, -1.000000000000000000 ) ) ;
#1272 = CARTESIAN_POINT ( 'NONE',  ( -3.000000000000001776, 4.000000000000000000, 6.000000000000000000 ) ) ;
#1273 = AXIS2_PLACEMENT_3D ( 'NONE', #1215, #756, #987 ) ;
#1274 = VERTEX_POINT ( 'NONE', #241 ) ;
#1275 = FACE_OUTER_BOUND ( 'NONE', #365, .T. ) ;
#1276 = ORIENTED_EDGE ( 'NONE', *, *, #401, .T. ) ;
#1277 = CARTESIAN_POINT ( 'NONE',  ( 9.249999999999998224, -36.78626204439002834, 30.50000000000001066 ) ) ;
#1278 = DIRECTION ( 'NONE',  ( -1.000000000000000000, 0.000000000000000000, 0.000000000000000000 ) ) ;
#1279 = COLOUR_RGB ( '',0.7921568627450980005, 0.8196078431372548767, 0.9333333333333333481 ) ;
#1280 = EDGE_CURVE ( 'NONE', #121, #917, #511, .T. ) ;
#1281 = AXIS2_PLACEMENT_3D ( 'NONE', #931, #1354, #593 ) ;
#1282 = PLANE ( 'NONE',  #933 ) ;
#1283 = ORIENTED_EDGE ( 'NONE', *, *, #864, .F. ) ;
#1284 = DIRECTION ( 'NONE',  ( -1.000000000000000000, 0.000000000000000000, 0.000000000000000000 ) ) ;
#1285 = EDGE_LOOP ( 'NONE', ( #195, #40, #296, #1154 ) ) ;
#1286 = DIRECTION ( 'NONE',  ( -6.938893903907232322E-16, 0.000000000000000000, -1.000000000000000000 ) ) ;
#1287 = CIRCLE ( 'NONE', #1192, 2.450000000000000622 ) ;
#1288 = CIRCLE ( 'NONE', #393, 3.500000000000000000 ) ;
#1289 = DIRECTION ( 'NONE',  ( -0.000000000000000000, 0.000000000000000000, 1.000000000000000000 ) ) ;
#1290 = CIRCLE ( 'NONE', #651, 1.500000000000000000 ) ;
#1291 = DIRECTION ( 'NONE',  ( 0.000000000000000000, -1.000000000000000000, 0.000000000000000000 ) ) ;
#1292 = ORIENTED_EDGE ( 'NONE', *, *, #986, .T. ) ;
#1293 = CARTESIAN_POINT ( 'NONE',  ( -3.500000000000000000, 0.000000000000000000, 23.00000000000000000 ) ) ;
#1294 = VERTEX_POINT ( 'NONE', #677 ) ;
#1295 = CARTESIAN_POINT ( 'NONE',  ( -4.000000000000000000, -4.000000000000000000, 6.000000000000000000 ) ) ;
#1296 = EDGE_CURVE ( 'NONE', #23, #923, #215, .T. ) ;
#1297 = ORIENTED_EDGE ( 'NONE', *, *, #481, .F. ) ;
#1298 = DIRECTION ( 'NONE',  ( 0.000000000000000000, 0.000000000000000000, -1.000000000000000000 ) ) ;
#1299 = ORIENTED_EDGE ( 'NONE', *, *, #798, .F. ) ;
#1300 = PLANE ( 'NONE',  #5 ) ;
#1301 = TOROIDAL_SURFACE ( 'NONE', #665, 1.500000000000000000, 2.000000000000000000 ) ;
#1302 = AXIS2_PLACEMENT_3D ( 'NONE', #1411, #633, #1236 ) ;
#1303 = DIRECTION ( 'NONE',  ( 0.000000000000000000, -0.000000000000000000, -1.000000000000000000 ) ) ;
#1304 = DIRECTION ( 'NONE',  ( -0.000000000000000000, -0.000000000000000000, -1.000000000000000000 ) ) ;
#1305 = ORIENTED_EDGE ( 'NONE', *, *, #1169, .F. ) ;
#1306 = DIRECTION ( 'NONE',  ( 0.000000000000000000, 0.000000000000000000, 1.000000000000000000 ) ) ;
#1307 = PLANE ( 'NONE',  #244 ) ;
#1308 = VECTOR ( 'NONE', #977, 1000.000000000000000 ) ;
#1309 = DIRECTION ( 'NONE',  ( -0.000000000000000000, 1.000000000000000000, -0.000000000000000000 ) ) ;
#1310 = ORIENTED_EDGE ( 'NONE', *, *, #869, .T. ) ;
#1311 = DIRECTION ( 'NONE',  ( 1.000000000000000000, -0.000000000000000000, 1.734723475976805517E-15 ) ) ;
#1312 = ADVANCED_FACE ( 'NONE', ( #325 ), #1246, .T. ) ;
#1313 = DIRECTION ( 'NONE',  ( -0.000000000000000000, 1.000000000000000000, -0.000000000000000000 ) ) ;
#1314 = FACE_BOUND ( 'NONE', #538, .T. ) ;
#1315 = AXIS2_PLACEMENT_3D ( 'NONE', #91, #1443, #436 ) ;
#1316 = ORIENTED_EDGE ( 'NONE', *, *, #1011, .T. ) ;
#1317 = LINE ( 'NONE', #642, #544 ) ;
#1318 = LINE ( 'NONE', #1001, #149 ) ;
#1319 = EDGE_CURVE ( 'NONE', #475, #965, #791, .T. ) ;
#1320 = LINE ( 'NONE', #997, #1344 ) ;
#1321 = EDGE_CURVE ( 'NONE', #1437, #1045, #747, .T. ) ;
#1322 = MECHANICAL_DESIGN_GEOMETRIC_PRESENTATION_REPRESENTATION (  '', ( #765 ), #364 ) ;
#1323 = ORIENTED_EDGE ( 'NONE', *, *, #377, .F. ) ;
#1324 = CYLINDRICAL_SURFACE ( 'NONE', #1315, 3.500000000000000000 ) ;
#1325 = LINE ( 'NONE', #1445, #193 ) ;
#1326 = ORIENTED_EDGE ( 'NONE', *, *, #72, .F. ) ;
#1327 = CARTESIAN_POINT ( 'NONE',  ( 0.000000000000000000, 0.000000000000000000, 13.00000000000000000 ) ) ;
#1328 = EDGE_LOOP ( 'NONE', ( #673, #1125, #183, #809 ) ) ;
#1329 = CYLINDRICAL_SURFACE ( 'NONE', #237, 3.500000000000000000 ) ;
#1330 = CARTESIAN_POINT ( 'NONE',  ( 2.999999999999999112, 3.000000000000000000, 10.00000000000000000 ) ) ;
#1331 = EDGE_LOOP ( 'NONE', ( #1214, #1145, #1247, #551 ) ) ;
#1332 = ADVANCED_FACE ( 'NONE', ( #815 ), #1124, .F. ) ;
#1333 = DIRECTION ( 'NONE',  ( -1.000000000000000000, 1.224646799147352961E-16, 0.000000000000000000 ) ) ;
#1334 = EDGE_CURVE ( 'NONE', #638, #143, #1288, .T. ) ;
#1335 = ORIENTED_EDGE ( 'NONE', *, *, #69, .T. ) ;
#1336 = DIRECTION ( 'NONE',  ( 0.000000000000000000, -0.000000000000000000, -1.000000000000000000 ) ) ;
#1337 = AXIS2_PLACEMENT_3D ( 'NONE', #1228, #112, #567 ) ;
#1338 = LINE ( 'NONE', #418, #405 ) ;
#1339 = DIRECTION ( 'NONE',  ( -0.000000000000000000, -0.000000000000000000, -1.000000000000000000 ) ) ;
#1340 = AXIS2_PLACEMENT_3D ( 'NONE', #1330, #211, #1112 ) ;
#1341 = DIRECTION ( 'NONE',  ( 1.000000000000000000, 0.000000000000000000, 0.000000000000000000 ) ) ;
#1342 = ORIENTED_EDGE ( 'NONE', *, *, #187, .F. ) ;
#1343 = DIRECTION ( 'NONE',  ( -0.000000000000000000, -0.000000000000000000, -1.000000000000000000 ) ) ;
#1344 = VECTOR ( 'NONE', #1309, 1000.000000000000000 ) ;
#1345 = CIRCLE ( 'NONE', #1281, 2.450000000000000622 ) ;
#1346 = ORIENTED_EDGE ( 'NONE', *, *, #1170, .T. ) ;
#1347 = DIRECTION ( 'NONE',  ( 1.000000000000000000, 0.000000000000000000, 0.000000000000000000 ) ) ;
#1348 = ORIENTED_EDGE ( 'NONE', *, *, #1011, .F. ) ;
#1349 = DIRECTION ( 'NONE',  ( 1.000000000000000000, 0.000000000000000000, 0.000000000000000000 ) ) ;
#1350 = CIRCLE ( 'NONE', #723, 4.999999999999999112 ) ;
#1351 = ORIENTED_EDGE ( 'NONE', *, *, #1321, .T. ) ;
#1352 = DIRECTION ( 'NONE',  ( 1.000000000000000000, 0.000000000000000000, 0.000000000000000000 ) ) ;
#1353 = ORIENTED_EDGE ( 'NONE', *, *, #1226, .T. ) ;
#1354 = DIRECTION ( 'NONE',  ( 0.000000000000000000, 0.000000000000000000, 1.000000000000000000 ) ) ;
#1355 = EDGE_CURVE ( 'NONE', #1039, #695, #463, .T. ) ;
#1356 = DIRECTION ( 'NONE',  ( -1.000000000000000000, 0.000000000000000000, -0.000000000000000000 ) ) ;
#1357 = CARTESIAN_POINT ( 'NONE',  ( 0.000000000000000000, 0.000000000000000000, 15.00000000000000000 ) ) ;
#1358 = EDGE_LOOP ( 'NONE', ( #1430, #206, #10, #506 ) ) ;
#1359 = CARTESIAN_POINT ( 'NONE',  ( -11.25000000000000000, -7.500000000000000000, 27.00000000000001421 ) ) ;
#1360 = ORIENTED_EDGE ( 'NONE', *, *, #1355, .F. ) ;
#1361 = LINE ( 'NONE', #813, #1374 ) ;
#1362 = AXIS2_PLACEMENT_3D ( 'NONE', #886, #1203, #539 ) ;
#1363 = DIRECTION ( 'NONE',  ( -1.084202172485504434E-16, 1.000000000000000000, -0.000000000000000000 ) ) ;
#1364 = EDGE_CURVE ( 'NONE', #915, #624, #914, .T. ) ;
#1365 = CARTESIAN_POINT ( 'NONE',  ( -1.500000000000000000, 0.000000000000000000, 0.000000000000000000 ) ) ;
#1366 = ORIENTED_EDGE ( 'NONE', *, *, #495, .F. ) ;
#1367 = EDGE_CURVE ( 'NONE', #917, #245, #1239, .T. ) ;
#1368 = LINE ( 'NONE', #671, #445 ) ;
#1369 = VERTEX_POINT ( 'NONE', #781 ) ;
#1370 = FACE_OUTER_BOUND ( 'NONE', #688, .T. ) ;
#1371 = CIRCLE ( 'NONE', #28, 4.999999999999999112 ) ;
#1372 = DIRECTION ( 'NONE',  ( 1.000000000000000000, 0.000000000000000000, 0.000000000000000000 ) ) ;
#1373 = EDGE_LOOP ( 'NONE', ( #402, #566 ) ) ;
#1374 = VECTOR ( 'NONE', #626, 1000.000000000000000 ) ;
#1375 = CARTESIAN_POINT ( 'NONE',  ( 3.500000000000000000, 4.286263797015736595E-16, 0.000000000000000000 ) ) ;
#1376 = AXIS2_PLACEMENT_3D ( 'NONE', #1357, #352, #808 ) ;
#1377 = VERTEX_POINT ( 'NONE', #446 ) ;
#1378 = CYLINDRICAL_SURFACE ( 'NONE', #969, 1.000000000000000000 ) ;
#1379 = PLANE ( 'NONE',  #1089 ) ;
#1380 = EDGE_CURVE ( 'NONE', #121, #996, #797, .T. ) ;
#1381 = DIRECTION ( 'NONE',  ( 1.734723475976805517E-15, 0.000000000000000000, 1.000000000000000000 ) ) ;
#1382 = VERTEX_POINT ( 'NONE', #1237 ) ;
#1383 = CARTESIAN_POINT ( 'NONE',  ( 0.000000000000000000, 0.000000000000000000, 0.000000000000000000 ) ) ;
#1384 = ADVANCED_FACE ( 'NONE', ( #1137 ), #103, .T. ) ;
#1385 = ORIENTED_EDGE ( 'NONE', *, *, #1380, .T. ) ;
#1386 = DIRECTION ( 'NONE',  ( -0.000000000000000000, 0.000000000000000000, -1.000000000000000000 ) ) ;
#1387 = EDGE_CURVE ( 'NONE', #1045, #1437, #6, .T. ) ;
#1388 = CARTESIAN_POINT ( 'NONE',  ( -4.000000000000001776, 4.000000000000000000, 10.00000000000000000 ) ) ;
#1389 = VECTOR ( 'NONE', #1456, 1000.000000000000000 ) ;
#1390 = DIRECTION ( 'NONE',  ( 1.000000000000000000, 0.000000000000000000, 0.000000000000000000 ) ) ;
#1391 = EDGE_LOOP ( 'NONE', ( #487, #957, #741, #301, #1249, #1257, #383, #750 ) ) ;
#1392 = LINE ( 'NONE', #49, #757 ) ;
#1393 = ORIENTED_EDGE ( 'NONE', *, *, #1187, .T. ) ;
#1394 = DIRECTION ( 'NONE',  ( 1.000000000000000000, 0.000000000000000000, 0.000000000000000000 ) ) ;
#1395 = SURFACE_STYLE_USAGE ( .BOTH. , #1066 ) ;
#1396 = AXIS2_PLACEMENT_3D ( 'NONE', #1051, #230, #579 ) ;
#1397 = ORIENTED_EDGE ( 'NONE', *, *, #968, .F. ) ;
#1398 = CARTESIAN_POINT ( 'NONE',  ( 9.249999999999998224, -7.500000000000000000, 30.50000000000001066 ) ) ;
#1399 = ORIENTED_EDGE ( 'NONE', *, *, #1009, .T. ) ;
#1400 = EDGE_CURVE ( 'NONE', #829, #519, #1026, .T. ) ;
#1401 = DIRECTION ( 'NONE',  ( 1.000000000000000000, 0.000000000000000000, -0.000000000000000000 ) ) ;
#1402 = AXIS2_PLACEMENT_3D ( 'NONE', #1277, #838, #1286 ) ;
#1403 = ADVANCED_FACE ( 'NONE', ( #1254 ), #124, .T. ) ;
#1404 = CARTESIAN_POINT ( 'NONE',  ( 9.250000000000000000, 13.50000000000000355, 33.00000000000000711 ) ) ;
#1405 = ORIENTED_EDGE ( 'NONE', *, *, #47, .F. ) ;
#1406 = DIRECTION ( 'NONE',  ( 6.938893903907232322E-16, -0.000000000000000000, 1.000000000000000000 ) ) ;
#1407 = ORIENTED_EDGE ( 'NONE', *, *, #869, .F. ) ;
#1408 = DIRECTION ( 'NONE',  ( -0.000000000000000000, 0.000000000000000000, 1.000000000000000000 ) ) ;
#1409 = DIRECTION ( 'NONE',  ( -0.000000000000000000, -0.000000000000000000, -1.000000000000000000 ) ) ;
#1410 = AXIS2_PLACEMENT_3D ( 'NONE', #1221, #1098, #210 ) ;
#1411 = CARTESIAN_POINT ( 'NONE',  ( -16.00000000000000000, 13.50000000000000355, 33.00000000000000000 ) ) ;
#1412 = CARTESIAN_POINT ( 'NONE',  ( -8.500000000000000000, 1.040949779275250140E-15, 23.00000000000000000 ) ) ;
#1413 = ORIENTED_EDGE ( 'NONE', *, *, #540, .T. ) ;
#1414 = CARTESIAN_POINT ( 'NONE',  ( -3.500000000000000000, 7.347880794884118750E-16, 18.00000000000000000 ) ) ;
#1415 = VECTOR ( 'NONE', #442, 1000.000000000000000 ) ;
#1416 = DIRECTION ( 'NONE',  ( -0.000000000000000000, 0.000000000000000000, 1.000000000000000000 ) ) ;
#1417 = UNCERTAINTY_MEASURE_WITH_UNIT (LENGTH_MEASURE( 1.000000000000000082E-05 ), #374, 'distance_accuracy_value', 'NONE');
#1418 = VECTOR ( 'NONE', #980, 1000.000000000000000 ) ;
#1419 = AXIS2_PLACEMENT_3D ( 'NONE', #748, #1100, #1107 ) ;
#1420 = CIRCLE ( 'NONE', #1231, 3.500000000000000000 ) ;
#1421 = CARTESIAN_POINT ( 'NONE',  ( -4.000000000000001776, 3.000000000000000000, 6.000000000000000000 ) ) ;
#1422 = EDGE_LOOP ( 'NONE', ( #1310, #1102, #151, #60 ) ) ;
#1423 = DIRECTION ( 'NONE',  ( -0.000000000000000000, 1.000000000000000000, -0.000000000000000000 ) ) ;
#1424 = ORIENTED_EDGE ( 'NONE', *, *, #1190, .F. ) ;
#1425 = CARTESIAN_POINT ( 'NONE',  ( 0.000000000000000000, 0.000000000000000000, 2.000000000000000000 ) ) ;
#1426 = AXIS2_PLACEMENT_3D ( 'NONE', #960, #721, #1057 ) ;
#1427 = AXIS2_PLACEMENT_3D ( 'NONE', #724, #1381, #1176 ) ;
#1428 = EDGE_CURVE ( 'NONE', #576, #306, #842, .T. ) ;
#1429 = DIRECTION ( 'NONE',  ( 0.000000000000000000, 1.000000000000000000, 0.000000000000000000 ) ) ;
#1430 = ORIENTED_EDGE ( 'NONE', *, *, #1280, .T. ) ;
#1431 = CARTESIAN_POINT ( 'NONE',  ( 16.00000000000000000, 13.50000000000000355, 33.00000000000000000 ) ) ;
#1432 = EDGE_CURVE ( 'NONE', #337, #1141, #389, .T. ) ;
#1433 = EDGE_CURVE ( 'NONE', #1178, #250, #141, .T. ) ;
#1434 = CARTESIAN_POINT ( 'NONE',  ( -4.000000000000001776, 3.000000000000000000, 10.00000000000000000 ) ) ;
#1435 = DIRECTION ( 'NONE',  ( 0.000000000000000000, 0.000000000000000000, 1.000000000000000000 ) ) ;
#1436 = AXIS2_PLACEMENT_3D ( 'NONE', #687, #1133, #120 ) ;
#1437 = VERTEX_POINT ( 'NONE', #1267 ) ;
#1438 = DIRECTION ( 'NONE',  ( -0.000000000000000000, -0.000000000000000000, -1.000000000000000000 ) ) ;
#1439 = CARTESIAN_POINT ( 'NONE',  ( 3.500000000000000000, 4.286263797015736595E-16, 2.000000000000000000 ) ) ;
#1440 = DIRECTION ( 'NONE',  ( 1.000000000000000000, 1.776356839400250465E-15, 0.000000000000000000 ) ) ;
#1441 = PLANE ( 'NONE',  #70 ) ;
#1442 = VERTEX_POINT ( 'NONE', #369 ) ;
#1443 = DIRECTION ( 'NONE',  ( -0.000000000000000000, -0.000000000000000000, -1.000000000000000000 ) ) ;
#1444 = ADVANCED_FACE ( 'NONE', ( #278 ), #1050, .F. ) ;
#1445 = CARTESIAN_POINT ( 'NONE',  ( -11.25000000000000000, -36.78626204439002834, 30.50000000000001421 ) ) ;
#1446 = ADVANCED_FACE ( 'NONE', ( #716, #382 ), #1282, .T. ) ;
#1447 = CARTESIAN_POINT ( 'NONE',  ( 0.000000000000000000, 0.000000000000000000, 2.000000000000000000 ) ) ;
#1448 = DIRECTION ( 'NONE',  ( -1.000000000000000000, 0.000000000000000000, 0.000000000000000000 ) ) ;
#1449 = EDGE_LOOP ( 'NONE', ( #1297, #1171, #782, #1188, #1069, #1207, #693, #1008, #847, #1413, #1292, #1342 ) ) ;
#1450 = CYLINDRICAL_SURFACE ( 'NONE', #1023, 2.450000000000000622 ) ;
#1451 = ORIENTED_EDGE ( 'NONE', *, *, #1234, .T. ) ;
#1452 = CARTESIAN_POINT ( 'NONE',  ( 9.250000000000000000, -7.500000000000000000, 33.00000000000000711 ) ) ;
#1453 = FACE_OUTER_BOUND ( 'NONE', #493, .T. ) ;
#1454 = DIRECTION ( 'NONE',  ( -0.000000000000000000, -0.000000000000000000, 1.000000000000000000 ) ) ;
#1455 = ORIENTED_EDGE ( 'NONE', *, *, #1432, .F. ) ;
#1456 = DIRECTION ( 'NONE',  ( -0.000000000000000000, -0.000000000000000000, 1.000000000000000000 ) ) ;
#1457 = CIRCLE ( 'NONE', #87, 2.450000000000000622 ) ;
#1458 = EDGE_LOOP ( 'NONE', ( #480, #16 ) ) ;
#1459 = DIRECTION ( 'NONE',  ( 1.000000000000000000, 0.000000000000000000, 0.000000000000000000 ) ) ;
#1460 = ORIENTED_EDGE ( 'NONE', *, *, #955, .T. ) ;
#1461 = DIRECTION ( 'NONE',  ( 1.000000000000000000, 0.000000000000000000, 0.000000000000000000 ) ) ;
#1462 = ADVANCED_FACE ( 'NONE', ( #733 ), #1044, .F. ) ;
#1463 = ORIENTED_EDGE ( 'NONE', *, *, #608, .F. ) ;
#1464 = CARTESIAN_POINT ( 'NONE',  ( -2.450000000000000622, 0.000000000000000000, 2.000000000000000000 ) ) ;
#1465 = AXIS2_PLACEMENT_3D ( 'NONE', #1136, #1259, #1143 ) ;
ENDSEC;
END-ISO-10303-21;
