ISO-10303-21;
HEADER;
FILE_DESCRIPTION (( 'STEP AP214' ),
    '1' );
FILE_NAME ('SmallGear.STEP',
    '2026-04-25T01:18:45',
    ( '' ),
    ( '' ),
    'SwSTEP 2.0',
    'SolidWorks 2024',
    '' );
FILE_SCHEMA (( 'AUTOMOTIVE_DESIGN' ));
ENDSEC;

DATA;
#1 = MECHANICAL_DESIGN_GEOMETRIC_PRESENTATION_REPRESENTATION (  '', ( #1432 ), #1025 ) ;
#2 = CARTESIAN_POINT ( 'NONE',  ( 0.000000000000000000, -7.442874225550042411, -9.412949764162291899 ) ) ;
#3 = CARTESIAN_POINT ( 'NONE',  ( 4.000000000000000000, 0.000000000000000000, 0.000000000000000000 ) ) ;
#4 = DIRECTION ( 'NONE',  ( 0.000000000000000000, 0.000000000000000000, -1.000000000000000000 ) ) ;
#5 = AXIS2_PLACEMENT_3D ( 'NONE', #1147, #996, #57 ) ;
#6 = CARTESIAN_POINT ( 'NONE',  ( 4.000000000000000000, 4.000000000000000888, -4.000000000000000000 ) ) ;
#7 = DIRECTION ( 'NONE',  ( 0.000000000000000000, 0.000000000000000000, 1.000000000000000000 ) ) ;
#8 = CARTESIAN_POINT ( 'NONE',  ( 4.000000000000000000, -2.515497200311386905, -9.348971023926379686 ) ) ;
#9 = CARTESIAN_POINT ( 'NONE',  ( 0.000000000000000000, 0.9955708235581716137, -7.432619977859734384 ) ) ;
#10 = DIRECTION ( 'NONE',  ( -1.000000000000000000, -0.000000000000000000, -0.000000000000000000 ) ) ;
#11 = ADVANCED_FACE ( 'NONE', ( #425 ), #792, .T. ) ;
#12 = CARTESIAN_POINT ( 'NONE',  ( -10.00000000000000000, 0.000000000000000000, 0.000000000000000000 ) ) ;
#13 = LINE ( 'NONE', #167, #265 ) ;
#14 = DIRECTION ( 'NONE',  ( 0.000000000000000000, 0.000000000000000000, 1.000000000000000000 ) ) ;
#15 = EDGE_CURVE ( 'NONE', #555, #74, #901, .T. ) ;
#16 = DIRECTION ( 'NONE',  ( -1.000000000000000000, 0.000000000000000000, -0.000000000000000000 ) ) ;
#17 = CIRCLE ( 'NONE', #1160, 4.000000000000000888 ) ;
#18 = DIRECTION ( 'NONE',  ( 1.000000000000000000, 0.000000000000000000, 0.000000000000000000 ) ) ;
#19 = ORIENTED_EDGE ( 'NONE', *, *, #480, .F. ) ;
#20 = DIRECTION ( 'NONE',  ( -1.000000000000000000, 0.000000000000000000, 0.000000000000000000 ) ) ;
#21 = CIRCLE ( 'NONE', #505, 4.000000000000000888 ) ;
#22 = DIRECTION ( 'NONE',  ( 0.000000000000000000, -6.938893903907229955E-15, 1.000000000000000000 ) ) ;
#23 = EDGE_CURVE ( 'NONE', #1169, #1306, #305, .T. ) ;
#24 = FACE_OUTER_BOUND ( 'NONE', #1341, .T. ) ;
#25 = EDGE_CURVE ( 'NONE', #829, #62, #1425, .T. ) ;
#26 = AXIS2_PLACEMENT_3D ( 'NONE', #965, #525, #417 ) ;
#27 = CARTESIAN_POINT ( 'NONE',  ( 0.000000000000000000, 7.442874225550111689, 9.412949764162235056 ) ) ;
#28 = DIRECTION ( 'NONE',  ( 0.000000000000000000, -0.9510565162951565288, 0.3090169943749382919 ) ) ;
#29 = CARTESIAN_POINT ( 'NONE',  ( 4.000000000000000000, 3.563350693517993939, 6.598297722519407493 ) ) ;
#30 = LINE ( 'NONE', #1513, #69 ) ;
#31 = CARTESIAN_POINT ( 'NONE',  ( 4.000000000000000000, 6.652272588075115678, 9.987355476498489537 ) ) ;
#32 = ORIENTED_EDGE ( 'NONE', *, *, #263, .F. ) ;
#33 = CARTESIAN_POINT ( 'NONE',  ( 4.000000000000000000, 11.25222183345572979, -4.169832587850764050 ) ) ;
#34 = ORIENTED_EDGE ( 'NONE', *, *, #1075, .F. ) ;
#35 = ORIENTED_EDGE ( 'NONE', *, *, #1396, .F. ) ;
#36 = AXIS2_PLACEMENT_3D ( 'NONE', #738, #1213, #130 ) ;
#37 = CYLINDRICAL_SURFACE ( 'NONE', #1086, 7.498999999999996113 ) ;
#38 = ORIENTED_EDGE ( 'NONE', *, *, #731, .F. ) ;
#39 = DIRECTION ( 'NONE',  ( -1.000000000000000000, -0.000000000000000000, -0.000000000000000000 ) ) ;
#40 = CARTESIAN_POINT ( 'NONE',  ( 0.000000000000000000, 2.515497200311582748, -9.348971023926326396 ) ) ;
#41 = CARTESIAN_POINT ( 'NONE',  ( 0.000000000000000000, 9.668731197158587420, -0.4966109222336078100 ) ) ;
#42 = CARTESIAN_POINT ( 'NONE',  ( 0.000000000000000000, 3.563350693518087642, -6.598297722519355091 ) ) ;
#43 = EDGE_CURVE ( 'NONE', #205, #1210, #1372, .T. ) ;
#44 = CARTESIAN_POINT ( 'NONE',  ( 0.000000000000000000, 0.000000000000000000, 0.000000000000000000 ) ) ;
#45 = ADVANCED_FACE ( 'NONE', ( #329 ), #1152, .T. ) ;
#46 = CARTESIAN_POINT ( 'NONE',  ( 4.000000000000000000, 4.000000000000000888, 4.000000000000000000 ) ) ;
#47 = ORIENTED_EDGE ( 'NONE', *, *, #1214, .T. ) ;
#48 = AXIS2_PLACEMENT_3D ( 'NONE', #496, #1237, #160 ) ;
#49 = AXIS2_PLACEMENT_3D ( 'NONE', #391, #277, #1235 ) ;
#50 = FACE_OUTER_BOUND ( 'NONE', #1492, .T. ) ;
#51 = CARTESIAN_POINT ( 'NONE',  ( 4.000000000000000000, -6.761193359505758949, 3.243650005067620246 ) ) ;
#52 = ORIENTED_EDGE ( 'NONE', *, *, #43, .F. ) ;
#53 = CARTESIAN_POINT ( 'NONE',  ( 4.000000000000000000, -3.460107307618891959, -9.042048594801499917 ) ) ;
#54 = CYLINDRICAL_SURFACE ( 'NONE', #1263, 4.000000000000000000 ) ;
#55 = CARTESIAN_POINT ( 'NONE',  ( 4.000000000000000000, 6.652272588075257786, -9.987355476498395390 ) ) ;
#56 = EDGE_CURVE ( 'NONE', #1219, #719, #1081, .T. ) ;
#57 = DIRECTION ( 'NONE',  ( 0.000000000000000000, 0.000000000000000000, 1.000000000000000000 ) ) ;
#58 = CARTESIAN_POINT ( 'NONE',  ( 0.000000000000000000, -3.563350693517948198, -6.598297722519429698 ) ) ;
#59 = DIRECTION ( 'NONE',  ( -1.000000000000000000, -0.000000000000000000, -0.000000000000000000 ) ) ;
#60 = DIRECTION ( 'NONE',  ( -1.000000000000000000, -0.000000000000000000, 0.000000000000000000 ) ) ;
#61 = EDGE_LOOP ( 'NONE', ( #1265, #885, #888, #1499 ) ) ;
#62 = VERTEX_POINT ( 'NONE', #442 ) ;
#63 = EDGE_CURVE ( 'NONE', #1458, #1052, #690, .T. ) ;
#64 = CIRCLE ( 'NONE', #1571, 4.000000000000000000 ) ;
#65 = CYLINDRICAL_SURFACE ( 'NONE', #5, 4.000000000000000000 ) ;
#66 = CIRCLE ( 'NONE', #517, 4.000000000000000000 ) ;
#67 = DIRECTION ( 'NONE',  ( 0.000000000000000000, 0.9510565162951521989, 0.3090169943749517256 ) ) ;
#68 = EDGE_CURVE ( 'NONE', #571, #1109, #1009, .T. ) ;
#69 = VECTOR ( 'NONE', #1268, 1000.000000000000000 ) ;
#70 = AXIS2_PLACEMENT_3D ( 'NONE', #1131, #544, #521 ) ;
#71 = ORIENTED_EDGE ( 'NONE', *, *, #120, .T. ) ;
#72 = ORIENTED_EDGE ( 'NONE', *, *, #412, .T. ) ;
#73 = VECTOR ( 'NONE', #972, 1000.000000000000000 ) ;
#74 = VERTEX_POINT ( 'NONE', #58 ) ;
#75 = CIRCLE ( 'NONE', #1013, 11.99999999999999822 ) ;
#76 = LINE ( 'NONE', #565, #923 ) ;
#77 = DIRECTION ( 'NONE',  ( -1.000000000000000000, -0.000000000000000000, 0.000000000000000000 ) ) ;
#78 = CIRCLE ( 'NONE', #620, 4.000000000000000000 ) ;
#79 = ADVANCED_FACE ( 'NONE', ( #1538 ), #1148, .T. ) ;
#80 = AXIS2_PLACEMENT_3D ( 'NONE', #395, #20, #878 ) ;
#81 = VERTEX_POINT ( 'NONE', #1045 ) ;
#82 = CIRCLE ( 'NONE', #1358, 12.00000000000000355 ) ;
#83 = CARTESIAN_POINT ( 'NONE',  ( 2.000000000000000000, 7.442874225550113465, 9.412949764162229727 ) ) ;
#84 = DIRECTION ( 'NONE',  ( 0.000000000000000000, 0.000000000000000000, 1.000000000000000000 ) ) ;
#85 = LINE ( 'NONE', #249, #973 ) ;
#86 = AXIS2_PLACEMENT_3D ( 'NONE', #899, #1392, #1401 ) ;
#87 = VERTEX_POINT ( 'NONE', #1032 ) ;
#88 = ADVANCED_FACE ( 'NONE', ( #321 ), #797, .T. ) ;
#89 = EDGE_CURVE ( 'NONE', #1516, #606, #162, .T. ) ;
#90 = PLANE ( 'NONE',  #667 ) ;
#91 = ADVANCED_FACE ( 'NONE', ( #1576 ), #1071, .T. ) ;
#92 = VERTEX_POINT ( 'NONE', #118 ) ;
#93 = ORIENTED_EDGE ( 'NONE', *, *, #926, .T. ) ;
#94 = VERTEX_POINT ( 'NONE', #477 ) ;
#95 = UNCERTAINTY_MEASURE_WITH_UNIT (LENGTH_MEASURE( 1.000000000000000082E-05 ), #422, 'distance_accuracy_value', 'NONE');
#96 = DIRECTION ( 'NONE',  ( 0.000000000000000000, 0.5877852522924741363, -0.8090169943749465631 ) ) ;
#97 = LINE ( 'NONE', #486, #1271 ) ;
#98 = DIRECTION ( 'NONE',  ( 1.000000000000000000, 0.000000000000000000, -0.000000000000000000 ) ) ;
#99 = DIRECTION ( 'NONE',  ( 1.000000000000000000, 0.000000000000000000, 0.000000000000000000 ) ) ;
#100 = VECTOR ( 'NONE', #905, 1000.000000000000000 ) ;
#101 = VECTOR ( 'NONE', #728, 1000.000000000000000 ) ;
#102 = VERTEX_POINT ( 'NONE', #1089 ) ;
#103 = ORIENTED_EDGE ( 'NONE', *, *, #183, .F. ) ;
#104 = ORIENTED_EDGE ( 'NONE', *, *, #385, .F. ) ;
#105 = ORIENTED_EDGE ( 'NONE', *, *, #414, .T. ) ;
#106 = CARTESIAN_POINT ( 'NONE',  ( 2.000000000000000000, -11.55420478740981594, 3.240424621958684526 ) ) ;
#107 = ORIENTED_EDGE ( 'NONE', *, *, #1193, .F. ) ;
#108 = CARTESIAN_POINT ( 'NONE',  ( 4.000000000000000000, 7.376489966672362897, -1.349961766711155198 ) ) ;
#109 = SHAPE_DEFINITION_REPRESENTATION ( #1470, #1377 ) ;
#110 = AXIS2_PLACEMENT_3D ( 'NONE', #41, #524, #416 ) ;
#111 = CIRCLE ( 'NONE', #1299, 12.00000000000000355 ) ;
#112 = DIRECTION ( 'NONE',  ( -0.000000000000000000, 0.000000000000000000, 1.000000000000000000 ) ) ;
#113 = ORIENTED_EDGE ( 'NONE', *, *, #1075, .T. ) ;
#114 = CIRCLE ( 'NONE', #1493, 4.000000000000000888 ) ;
#115 = EDGE_CURVE ( 'NONE', #436, #583, #741, .T. ) ;
#116 = VERTEX_POINT ( 'NONE', #251 ) ;
#117 = DIRECTION ( 'NONE',  ( -0.000000000000000000, -0.000000000000000000, -1.000000000000000000 ) ) ;
#118 = CARTESIAN_POINT ( 'NONE',  ( 4.000000000000000000, 0.9955708235581716137, -7.432619977859734384 ) ) ;
#119 = ORIENTED_EDGE ( 'NONE', *, *, #788, .F. ) ;
#120 = EDGE_CURVE ( 'NONE', #1074, #1124, #225, .T. ) ;
#121 = DIRECTION ( 'NONE',  ( 0.000000000000000000, -1.000000000000000000, 1.084202172485504434E-16 ) ) ;
#122 = ORIENTED_EDGE ( 'NONE', *, *, #1062, .T. ) ;
#123 = ORIENTED_EDGE ( 'NONE', *, *, #857, .T. ) ;
#124 = DIRECTION ( 'NONE',  ( 0.000000000000000000, 0.000000000000000000, 1.000000000000000000 ) ) ;
#125 = ORIENTED_EDGE ( 'NONE', *, *, #516, .T. ) ;
#126 = DIRECTION ( 'NONE',  ( -1.000000000000000000, 0.000000000000000000, 0.000000000000000000 ) ) ;
#127 = CARTESIAN_POINT ( 'NONE',  ( 4.000000000000000000, 0.000000000000000000, 0.000000000000000000 ) ) ;
#128 = ORIENTED_EDGE ( 'NONE', *, *, #1415, .T. ) ;
#129 = ORIENTED_EDGE ( 'NONE', *, *, #678, .T. ) ;
#130 = DIRECTION ( 'NONE',  ( 0.000000000000000000, 0.000000000000000000, 1.000000000000000000 ) ) ;
#131 = EDGE_CURVE ( 'NONE', #606, #611, #1590, .T. ) ;
#132 = DIRECTION ( 'NONE',  ( 0.000000000000000000, 0.5877852522924685852, 0.8090169943749508930 ) ) ;
#133 = DIRECTION ( 'NONE',  ( 0.000000000000000000, 0.000000000000000000, 1.000000000000000000 ) ) ;
#134 = VERTEX_POINT ( 'NONE', #837 ) ;
#135 = VECTOR ( 'NONE', #84, 1000.000000000000000 ) ;
#136 = PRODUCT_DEFINITION_FORMATION_WITH_SPECIFIED_SOURCE ( 'ANY', '', #710, .NOT_KNOWN. ) ;
#137 = DIRECTION ( 'NONE',  ( -1.000000000000000000, 0.000000000000000000, 0.000000000000000000 ) ) ;
#138 = CARTESIAN_POINT ( 'NONE',  ( 0.000000000000000000, -9.668731197158583868, 0.4966109222336798079 ) ) ;
#139 = CIRCLE ( 'NONE', #110, 4.000000000000000000 ) ;
#140 = DIRECTION ( 'NONE',  ( 0.000000000000000000, 0.000000000000000000, 1.000000000000000000 ) ) ;
#141 = VERTEX_POINT ( 'NONE', #1347 ) ;
#142 = LINE ( 'NONE', #259, #101 ) ;
#143 = CARTESIAN_POINT ( 'NONE',  ( 0.000000000000000000, -5.174218124242672801, -5.427934027119210469 ) ) ;
#144 = CARTESIAN_POINT ( 'NONE',  ( 4.000000000000000000, -7.530267276328110881, -6.084904281749341060 ) ) ;
#145 = CIRCLE ( 'NONE', #341, 7.498999999999997890 ) ;
#146 = VECTOR ( 'NONE', #504, 1000.000000000000000 ) ;
#147 = DIRECTION ( 'NONE',  ( 0.000000000000000000, -1.000000000000000000, 1.084202172485504434E-16 ) ) ;
#148 = CARTESIAN_POINT ( 'NONE',  ( -10.00000000000000000, 0.000000000000000000, 0.000000000000000000 ) ) ;
#149 = ORIENTED_EDGE ( 'NONE', *, *, #1054, .F. ) ;
#150 = FACE_OUTER_BOUND ( 'NONE', #566, .T. ) ;
#151 = CARTESIAN_POINT ( 'NONE',  ( 0.000000000000000000, 0.000000000000000000, 0.000000000000000000 ) ) ;
#152 = CARTESIAN_POINT ( 'NONE',  ( 4.000000000000000000, 7.442874225550113465, 9.412949764162231503 ) ) ;
#153 = VERTEX_POINT ( 'NONE', #1563 ) ;
#154 = EDGE_LOOP ( 'NONE', ( #845, #220, #1244, #1427 ) ) ;
#155 = PLANE ( 'NONE',  #1264 ) ;
#156 = AXIS2_PLACEMENT_3D ( 'NONE', #492, #451, #862 ) ;
#157 = CIRCLE ( 'NONE', #707, 4.000000000000000000 ) ;
#158 = DIRECTION ( 'NONE',  ( -1.000000000000000000, 0.000000000000000000, 0.000000000000000000 ) ) ;
#159 = DIRECTION ( 'NONE',  ( 0.000000000000000000, 0.000000000000000000, 1.000000000000000000 ) ) ;
#160 = DIRECTION ( 'NONE',  ( 0.000000000000000000, -0.9510565162951566398, 0.3090169943749383474 ) ) ;
#161 = VECTOR ( 'NONE', #1269, 1000.000000000000000 ) ;
#162 = CIRCLE ( 'NONE', #476, 4.000000000000000000 ) ;
#163 = DIRECTION ( 'NONE',  ( 0.000000000000000000, 1.000000000000000000, -1.084202172485504434E-16 ) ) ;
#164 = DIRECTION ( 'NONE',  ( -1.000000000000000000, -0.000000000000000000, -0.000000000000000000 ) ) ;
#165 = LINE ( 'NONE', #1252, #1059 ) ;
#166 = CIRCLE ( 'NONE', #1044, 4.000000000000000000 ) ;
#167 = CARTESIAN_POINT ( 'NONE',  ( 2.000000000000000000, -11.25222183345569604, 4.169832587850848427 ) ) ;
#168 = CARTESIAN_POINT ( 'NONE',  ( 0.000000000000000000, 0.000000000000000000, 0.000000000000000000 ) ) ;
#169 = ADVANCED_FACE ( 'NONE', ( #706 ), #1320, .T. ) ;
#170 = DIRECTION ( 'NONE',  ( 0.000000000000000000, 0.000000000000000000, 1.000000000000000000 ) ) ;
#171 = CARTESIAN_POINT ( 'NONE',  ( 0.000000000000000000, -7.530267276328197035, 6.084904281749237143 ) ) ;
#172 = EDGE_CURVE ( 'NONE', #402, #1542, #111, .T. ) ;
#173 = EDGE_CURVE ( 'NONE', #1191, #1060, #97, .T. ) ;
#174 = EDGE_CURVE ( 'NONE', #280, #904, #1553, .T. ) ;
#175 = ORIENTED_EDGE ( 'NONE', *, *, #209, .T. ) ;
#176 = DIRECTION ( 'NONE',  ( 0.000000000000000000, -0.9510565162951500895, -0.3090169943749583870 ) ) ;
#177 = DIRECTION ( 'NONE',  ( 0.000000000000000000, 0.5877852522924742473, -0.8090169943749465631 ) ) ;
#178 = DIRECTION ( 'NONE',  ( 0.000000000000000000, -0.9510565162951565288, 0.3090169943749382919 ) ) ;
#179 = DIRECTION ( 'NONE',  ( 0.000000000000000000, 0.5877852522924743583, -0.8090169943749465631 ) ) ;
#180 = EDGE_LOOP ( 'NONE', ( #274, #1456, #129, #682 ) ) ;
#181 = EDGE_CURVE ( 'NONE', #1060, #116, #1547, .T. ) ;
#182 = CARTESIAN_POINT ( 'NONE',  ( 4.000000000000000000, -6.761193359505758949, 3.243650005067620246 ) ) ;
#183 = EDGE_CURVE ( 'NONE', #1443, #116, #730, .T. ) ;
#184 = ORIENTED_EDGE ( 'NONE', *, *, #1035, .F. ) ;
#185 = AXIS2_PLACEMENT_3D ( 'NONE', #374, #343, #1473 ) ;
#186 = FACE_OUTER_BOUND ( 'NONE', #440, .T. ) ;
#187 = AXIS2_PLACEMENT_3D ( 'NONE', #683, #1154, #1445 ) ;
#188 = CARTESIAN_POINT ( 'NONE',  ( -10.00000000000000000, 0.000000000000000000, 0.000000000000000000 ) ) ;
#189 = LINE ( 'NONE', #501, #1515 ) ;
#190 = DIRECTION ( 'NONE',  ( 0.000000000000000000, 0.000000000000000000, 1.000000000000000000 ) ) ;
#191 = CARTESIAN_POINT ( 'NONE',  ( 0.000000000000000000, 0.000000000000000000, 0.000000000000000000 ) ) ;
#192 = EDGE_CURVE ( 'NONE', #238, #571, #578, .T. ) ;
#193 = DIRECTION ( 'NONE',  ( -1.000000000000000000, -0.000000000000000000, -0.000000000000000000 ) ) ;
#194 = ORIENTED_EDGE ( 'NONE', *, *, #759, .F. ) ;
#195 = CARTESIAN_POINT ( 'NONE',  ( 4.000000000000000000, 4.000000000000000888, -4.000000000000000000 ) ) ;
#196 = DIRECTION ( 'NONE',  ( -1.000000000000000000, -0.000000000000000000, -0.000000000000000000 ) ) ;
#197 = ORIENTED_EDGE ( 'NONE', *, *, #984, .F. ) ;
#198 = ORIENTED_EDGE ( 'NONE', *, *, #633, .T. ) ;
#199 = CYLINDRICAL_SURFACE ( 'NONE', #187, 12.00000000000000000 ) ;
#200 = ORIENTED_EDGE ( 'NONE', *, *, #1520, .F. ) ;
#201 = CARTESIAN_POINT ( 'NONE',  ( 0.000000000000000000, -6.761193359505710987, -3.243650005067718389 ) ) ;
#202 = DIRECTION ( 'NONE',  ( 0.000000000000000000, 0.000000000000000000, 1.000000000000000000 ) ) ;
#203 = DIRECTION ( 'NONE',  ( -1.000000000000000000, 0.000000000000000000, 0.000000000000000000 ) ) ;
#204 = AXIS2_PLACEMENT_3D ( 'NONE', #757, #379, #14 ) ;
#205 = VERTEX_POINT ( 'NONE', #1026 ) ;
#206 = PRODUCT_DEFINITION_CONTEXT ( 'detailed design', #745, 'design' ) ;
#207 = CIRCLE ( 'NONE', #1189, 11.99999999999999822 ) ;
#208 = DIRECTION ( 'NONE',  ( 0.000000000000000000, 0.000000000000000000, -1.000000000000000000 ) ) ;
#209 = EDGE_CURVE ( 'NONE', #205, #1575, #1248, .T. ) ;
#210 = CARTESIAN_POINT ( 'NONE',  ( 0.000000000000000000, -4.000000000000000000, -3.999999999999999112 ) ) ;
#211 = CARTESIAN_POINT ( 'NONE',  ( 2.000000000000000000, -11.55420478740977153, -3.240424621958845286 ) ) ;
#212 = FACE_OUTER_BOUND ( 'NONE', #999, .T. ) ;
#213 = AXIS2_PLACEMENT_3D ( 'NONE', #168, #399, #1374 ) ;
#214 = VERTEX_POINT ( 'NONE', #1354 ) ;
#215 = ORIENTED_EDGE ( 'NONE', *, *, #830, .F. ) ;
#216 = AXIS2_PLACEMENT_3D ( 'NONE', #1335, #494, #1440 ) ;
#217 = CARTESIAN_POINT ( 'NONE',  ( 4.000000000000000000, 9.668731197158582091, 0.4966109222337483087 ) ) ;
#218 = CARTESIAN_POINT ( 'NONE',  ( 2.000000000000000000, 11.55420478740979640, -3.240424621958765794 ) ) ;
#219 = ORIENTED_EDGE ( 'NONE', *, *, #595, .F. ) ;
#220 = ORIENTED_EDGE ( 'NONE', *, *, #275, .T. ) ;
#221 = EDGE_CURVE ( 'NONE', #583, #455, #294, .T. ) ;
#222 = ORIENTED_EDGE ( 'NONE', *, *, #1228, .T. ) ;
#223 = ORIENTED_EDGE ( 'NONE', *, *, #1072, .F. ) ;
#224 = CARTESIAN_POINT ( 'NONE',  ( 4.000000000000000000, 7.530267276328237891, -6.084904281749183852 ) ) ;
#225 = LINE ( 'NONE', #854, #1014 ) ;
#226 = CYLINDRICAL_SURFACE ( 'NONE', #831, 4.000000000000000000 ) ;
#227 = EDGE_CURVE ( 'NONE', #1332, #991, #228, .T. ) ;
#228 = CIRCLE ( 'NONE', #687, 12.00000000000000355 ) ;
#229 = EDGE_LOOP ( 'NONE', ( #377, #701, #363, #358 ) ) ;
#230 = ORIENTED_EDGE ( 'NONE', *, *, #447, .F. ) ;
#231 = AXIS2_PLACEMENT_3D ( 'NONE', #574, #457, #993 ) ;
#232 = FACE_OUTER_BOUND ( 'NONE', #471, .T. ) ;
#233 = ORIENTED_EDGE ( 'NONE', *, *, #1012, .T. ) ;
#234 = PRODUCT_CONTEXT ( 'NONE', #1424, 'mechanical' ) ;
#235 = CARTESIAN_POINT ( 'NONE',  ( 4.000000000000000000, 0.000000000000000000, 0.000000000000000000 ) ) ;
#236 = CARTESIAN_POINT ( 'NONE',  ( 4.000000000000000000, 4.000000000000000888, 4.000000000000000000 ) ) ;
#237 = ORIENTED_EDGE ( 'NONE', *, *, #318, .F. ) ;
#238 = VERTEX_POINT ( 'NONE', #9 ) ;
#239 = ORIENTED_EDGE ( 'NONE', *, *, #1334, .T. ) ;
#240 = AXIS2_PLACEMENT_3D ( 'NONE', #777, #1413, #551 ) ;
#241 = EDGE_CURVE ( 'NONE', #841, #959, #331, .T. ) ;
#242 = AXIS2_PLACEMENT_3D ( 'NONE', #12, #1200, #1485 ) ;
#243 = DIRECTION ( 'NONE',  ( 0.000000000000000000, 0.000000000000000000, 1.000000000000000000 ) ) ;
#244 = ORIENTED_EDGE ( 'NONE', *, *, #68, .F. ) ;
#245 = AXIS2_PLACEMENT_3D ( 'NONE', #775, #1258, #179 ) ;
#246 = CARTESIAN_POINT ( 'NONE',  ( 4.000000000000000000, 9.668731197158587420, -0.4966109222336078100 ) ) ;
#247 = ORIENTED_EDGE ( 'NONE', *, *, #635, .T. ) ;
#248 = ORIENTED_EDGE ( 'NONE', *, *, #657, .F. ) ;
#249 = CARTESIAN_POINT ( 'NONE',  ( 4.000000000000000000, 5.174218124242715433, 5.427934027119173166 ) ) ;
#250 = DIRECTION ( 'NONE',  ( -1.000000000000000000, 0.000000000000000000, 0.000000000000000000 ) ) ;
#251 = CARTESIAN_POINT ( 'NONE',  ( 0.000000000000000000, 7.376489966672362897, -1.349961766711155198 ) ) ;
#252 = EDGE_CURVE ( 'NONE', #606, #1507, #474, .T. ) ;
#253 = LINE ( 'NONE', #605, #643 ) ;
#254 = ADVANCED_FACE ( 'NONE', ( #903 ), #54, .T. ) ;
#255 = EDGE_CURVE ( 'NONE', #1437, #546, #552, .T. ) ;
#256 = CYLINDRICAL_SURFACE ( 'NONE', #242, 12.00000000000000000 ) ;
#257 = DIRECTION ( 'NONE',  ( -1.000000000000000000, -0.000000000000000000, -0.000000000000000000 ) ) ;
#258 = ORIENTED_EDGE ( 'NONE', *, *, #1072, .T. ) ;
#259 = CARTESIAN_POINT ( 'NONE',  ( 2.000000000000000000, -0.4886186835207453338, -11.99004803085102111 ) ) ;
#260 = AXIS2_PLACEMENT_3D ( 'NONE', #148, #293, #1494 ) ;
#261 = DIRECTION ( 'NONE',  ( 0.000000000000000000, 0.000000000000000000, 1.000000000000000000 ) ) ;
#262 = VECTOR ( 'NONE', #77, 1000.000000000000000 ) ;
#263 = EDGE_CURVE ( 'NONE', #841, #1308, #783, .T. ) ;
#264 = CARTESIAN_POINT ( 'NONE',  ( 0.000000000000000000, 7.376489966672362897, 1.349961766711155864 ) ) ;
#265 = VECTOR ( 'NONE', #398, 1000.000000000000000 ) ;
#266 = ORIENTED_EDGE ( 'NONE', *, *, #818, .T. ) ;
#267 = ORIENTED_EDGE ( 'NONE', *, *, #1459, .F. ) ;
#268 = VECTOR ( 'NONE', #1462, 1000.000000000000000 ) ;
#269 = DIRECTION ( 'NONE',  ( -1.000000000000000000, -0.000000000000000000, -0.000000000000000000 ) ) ;
#270 = CYLINDRICAL_SURFACE ( 'NONE', #625, 4.000000000000000000 ) ;
#271 = DIRECTION ( 'NONE',  ( -1.000000000000000000, -0.000000000000000000, 0.000000000000000000 ) ) ;
#272 = CIRCLE ( 'NONE', #1199, 7.498999999999997002 ) ;
#273 = CARTESIAN_POINT ( 'NONE',  ( 4.000000000000000000, 2.515497200311582748, -9.348971023926326396 ) ) ;
#274 = ORIENTED_EDGE ( 'NONE', *, *, #561, .T. ) ;
#275 = EDGE_CURVE ( 'NONE', #1549, #1169, #980, .T. ) ;
#276 = CARTESIAN_POINT ( 'NONE',  ( 4.000000000000000000, 8.114068428760875307, 5.281370930390655971 ) ) ;
#277 = DIRECTION ( 'NONE',  ( -1.000000000000000000, -0.000000000000000000, -0.000000000000000000 ) ) ;
#278 = FACE_OUTER_BOUND ( 'NONE', #1176, .T. ) ;
#279 = DIRECTION ( 'NONE',  ( -1.000000000000000000, -0.000000000000000000, 0.000000000000000000 ) ) ;
#280 = VERTEX_POINT ( 'NONE', #780 ) ;
#281 = EDGE_CURVE ( 'NONE', #1124, #1048, #359, .T. ) ;
#282 = AXIS2_PLACEMENT_3D ( 'NONE', #368, #1077, #947 ) ;
#283 = CARTESIAN_POINT ( 'NONE',  ( 2.000000000000000000, -11.25222183345563742, -4.169832587851010075 ) ) ;
#284 = CARTESIAN_POINT ( 'NONE',  ( 0.000000000000000000, -3.460107307618891959, -9.042048594801499917 ) ) ;
#285 = CARTESIAN_POINT ( 'NONE',  ( 0.000000000000000000, 4.000000000000000888, 4.000000000000000000 ) ) ;
#286 = EDGE_LOOP ( 'NONE', ( #675, #1023, #339, #1294 ) ) ;
#287 = CIRCLE ( 'NONE', #456, 11.99999999999999822 ) ;
#288 = CARTESIAN_POINT ( 'NONE',  ( 4.000000000000000000, -2.515497200311519688, 9.348971023926344159 ) ) ;
#289 = EDGE_CURVE ( 'NONE', #739, #333, #1033, .T. ) ;
#290 = CYLINDRICAL_SURFACE ( 'NONE', #950, 12.00000000000000000 ) ;
#291 = DIRECTION ( 'NONE',  ( 1.000000000000000000, 0.000000000000000000, 0.000000000000000000 ) ) ;
#292 = AXIS2_PLACEMENT_3D ( 'NONE', #1346, #722, #132 ) ;
#293 = DIRECTION ( 'NONE',  ( -1.000000000000000000, -0.000000000000000000, -0.000000000000000000 ) ) ;
#294 = LINE ( 'NONE', #1125, #608 ) ;
#295 = AXIS2_PLACEMENT_3D ( 'NONE', #539, #1031, #396 ) ;
#296 = CARTESIAN_POINT ( 'NONE',  ( -10.00000000000000000, 0.000000000000000000, 0.000000000000000000 ) ) ;
#297 = CARTESIAN_POINT ( 'NONE',  ( 0.000000000000000000, 11.25222183345573335, -4.169832587850763161 ) ) ;
#298 = EDGE_CURVE ( 'NONE', #94, #372, #1481, .T. ) ;
#299 = EDGE_CURVE ( 'NONE', #87, #1487, #833, .T. ) ;
#300 = DIRECTION ( 'NONE',  ( -1.000000000000000000, 0.000000000000000000, 0.000000000000000000 ) ) ;
#301 = ORIENTED_EDGE ( 'NONE', *, *, #755, .F. ) ;
#302 = PLANE ( 'NONE',  #1018 ) ;
#303 = FACE_OUTER_BOUND ( 'NONE', #490, .T. ) ;
#304 = CARTESIAN_POINT ( 'NONE',  ( 4.000000000000000000, 0.000000000000000000, 0.000000000000000000 ) ) ;
#305 = LINE ( 'NONE', #681, #161 ) ;
#306 = CIRCLE ( 'NONE', #1504, 4.000000000000000000 ) ;
#307 = EDGE_CURVE ( 'NONE', #315, #1001, #1267, .T. ) ;
#308 = DIRECTION ( 'NONE',  ( -1.000000000000000000, -0.000000000000000000, 0.000000000000000000 ) ) ;
#309 = CARTESIAN_POINT ( 'NONE',  ( 0.000000000000000000, 0.000000000000000000, 0.000000000000000000 ) ) ;
#310 = ORIENTED_EDGE ( 'NONE', *, *, #298, .F. ) ;
#311 = ORIENTED_EDGE ( 'NONE', *, *, #173, .T. ) ;
#312 = DIRECTION ( 'NONE',  ( 0.000000000000000000, 0.000000000000000000, -1.000000000000000000 ) ) ;
#313 = CARTESIAN_POINT ( 'NONE',  ( -10.00000000000000000, 0.000000000000000000, 0.000000000000000000 ) ) ;
#314 = CYLINDRICAL_SURFACE ( 'NONE', #936, 7.498999999999996113 ) ;
#315 = VERTEX_POINT ( 'NONE', #182 ) ;
#316 = COLOUR_RGB ( '',0.7764705882352941346, 0.7568627450980391913, 0.7372549019607843590 ) ;
#317 = EDGE_CURVE ( 'NONE', #92, #238, #668, .T. ) ;
#318 = EDGE_CURVE ( 'NONE', #1060, #1048, #157, .T. ) ;
#319 = ORIENTED_EDGE ( 'NONE', *, *, #1345, .T. ) ;
#320 = CARTESIAN_POINT ( 'NONE',  ( 4.000000000000000000, -9.668731197158583868, 0.4966109222336798079 ) ) ;
#321 = FACE_OUTER_BOUND ( 'NONE', #1421, .T. ) ;
#322 = CARTESIAN_POINT ( 'NONE',  ( 4.000000000000000000, 0.000000000000000000, 0.000000000000000000 ) ) ;
#323 = ORIENTED_EDGE ( 'NONE', *, *, #386, .F. ) ;
#324 = ADVANCED_FACE ( 'NONE', ( #803, #212 ), #90, .F. ) ;
#325 = ORIENTED_EDGE ( 'NONE', *, *, #1093, .F. ) ;
#326 = EDGE_CURVE ( 'NONE', #364, #238, #863, .T. ) ;
#327 = ADVANCED_FACE ( 'NONE', ( #711 ), #199, .T. ) ;
#328 = DIRECTION ( 'NONE',  ( -1.000000000000000000, 0.000000000000000000, 0.000000000000000000 ) ) ;
#329 = FACE_OUTER_BOUND ( 'NONE', #948, .T. ) ;
#330 = CARTESIAN_POINT ( 'NONE',  ( 4.000000000000000000, 7.376489966672362897, -1.349961766711155198 ) ) ;
#331 = CIRCLE ( 'NONE', #1217, 4.000000000000000000 ) ;
#332 = AXIS2_PLACEMENT_3D ( 'NONE', #1038, #784, #550 ) ;
#333 = VERTEX_POINT ( 'NONE', #236 ) ;
#334 = DIRECTION ( 'NONE',  ( 1.000000000000000000, -0.000000000000000000, -0.000000000000000000 ) ) ;
#335 = CARTESIAN_POINT ( 'NONE',  ( 4.000000000000000000, 0.000000000000000000, 0.000000000000000000 ) ) ;
#336 = DIRECTION ( 'NONE',  ( 0.000000000000000000, 0.000000000000000000, 1.000000000000000000 ) ) ;
#337 = ORIENTED_EDGE ( 'NONE', *, *, #1040, .F. ) ;
#338 = EDGE_CURVE ( 'NONE', #1169, #81, #868, .T. ) ;
#339 = ORIENTED_EDGE ( 'NONE', *, *, #598, .F. ) ;
#340 = AXIS2_PLACEMENT_3D ( 'NONE', #273, #376, #1084 ) ;
#341 = AXIS2_PLACEMENT_3D ( 'NONE', #360, #729, #1319 ) ;
#342 = DIRECTION ( 'NONE',  ( 0.000000000000000000, 0.000000000000000000, 1.000000000000000000 ) ) ;
#343 = DIRECTION ( 'NONE',  ( -1.000000000000000000, 0.000000000000000000, 0.000000000000000000 ) ) ;
#344 = AXIS2_PLACEMENT_3D ( 'NONE', #1411, #586, #1055 ) ;
#345 = CIRCLE ( 'NONE', #1205, 4.000000000000000888 ) ;
#346 = EDGE_CURVE ( 'NONE', #116, #62, #763, .T. ) ;
#347 = ORIENTED_EDGE ( 'NONE', *, *, #1255, .F. ) ;
#348 = EDGE_CURVE ( 'NONE', #991, #134, #13, .T. ) ;
#349 = EDGE_LOOP ( 'NONE', ( #961, #1446, #556, #184 ) ) ;
#350 = VERTEX_POINT ( 'NONE', #33 ) ;
#351 = DIRECTION ( 'NONE',  ( 0.000000000000000000, -0.9510565162951500895, -0.3090169943749583314 ) ) ;
#352 = ORIENTED_EDGE ( 'NONE', *, *, #810, .T. ) ;
#353 = AXIS2_PLACEMENT_3D ( 'NONE', #1107, #18, #479 ) ;
#354 = ORIENTED_EDGE ( 'NONE', *, *, #181, .T. ) ;
#355 = DIRECTION ( 'NONE',  ( 1.000000000000000000, 0.000000000000000000, 0.000000000000000000 ) ) ;
#356 = VERTEX_POINT ( 'NONE', #772 ) ;
#357 = ORIENTED_EDGE ( 'NONE', *, *, #1093, .T. ) ;
#358 = ORIENTED_EDGE ( 'NONE', *, *, #891, .T. ) ;
#359 = CIRCLE ( 'NONE', #1159, 12.00000000000000355 ) ;
#360 = CARTESIAN_POINT ( 'NONE',  ( 0.000000000000000000, 0.000000000000000000, 0.000000000000000000 ) ) ;
#361 = LINE ( 'NONE', #1329, #1168 ) ;
#362 = FACE_OUTER_BOUND ( 'NONE', #1447, .T. ) ;
#363 = ORIENTED_EDGE ( 'NONE', *, *, #678, .F. ) ;
#364 = VERTEX_POINT ( 'NONE', #42 ) ;
#365 = ORIENTED_EDGE ( 'NONE', *, *, #1100, .F. ) ;
#366 = ADVANCED_FACE ( 'NONE', ( #1364 ), #526, .T. ) ;
#367 = CYLINDRICAL_SURFACE ( 'NONE', #1249, 4.000000000000000000 ) ;
#368 = CARTESIAN_POINT ( 'NONE',  ( 0.000000000000000000, 0.000000000000000000, 0.000000000000000000 ) ) ;
#369 = CIRCLE ( 'NONE', #1414, 4.000000000000000000 ) ;
#370 = CARTESIAN_POINT ( 'NONE',  ( 4.000000000000000000, 0.000000000000000000, 0.000000000000000000 ) ) ;
#371 = DIRECTION ( 'NONE',  ( 0.000000000000000000, -0.5877852522924802425, 0.8090169943749422332 ) ) ;
#372 = VERTEX_POINT ( 'NONE', #990 ) ;
#373 = EDGE_LOOP ( 'NONE', ( #910, #1560, #1467, #826 ) ) ;
#374 = CARTESIAN_POINT ( 'NONE',  ( 4.000000000000000000, 2.515497200311582748, -9.348971023926326396 ) ) ;
#375 = SURFACE_SIDE_STYLE ('',( #1474 ) ) ;
#376 = DIRECTION ( 'NONE',  ( -1.000000000000000000, -0.000000000000000000, 0.000000000000000000 ) ) ;
#377 = ORIENTED_EDGE ( 'NONE', *, *, #1261, .T. ) ;
#378 = VECTOR ( 'NONE', #594, 1000.000000000000000 ) ;
#379 = DIRECTION ( 'NONE',  ( -1.000000000000000000, 0.000000000000000000, -0.000000000000000000 ) ) ;
#380 = DIRECTION ( 'NONE',  ( -1.000000000000000000, -0.000000000000000000, 0.000000000000000000 ) ) ;
#381 = AXIS2_PLACEMENT_3D ( 'NONE', #774, #742, #177 ) ;
#382 = AXIS2_PLACEMENT_3D ( 'NONE', #1367, #269, #746 ) ;
#383 = FILL_AREA_STYLE ('',( #487 ) ) ;
#384 = CARTESIAN_POINT ( 'NONE',  ( 0.000000000000000000, 0.000000000000000000, 0.000000000000000000 ) ) ;
#385 = EDGE_CURVE ( 'NONE', #1526, #102, #21, .T. ) ;
#386 = EDGE_CURVE ( 'NONE', #592, #134, #75, .T. ) ;
#387 = DIRECTION ( 'NONE',  ( 0.000000000000000000, 0.000000000000000000, 1.000000000000000000 ) ) ;
#388 = AXIS2_PLACEMENT_3D ( 'NONE', #171, #291, #1514 ) ;
#389 = CIRCLE ( 'NONE', #1166, 4.000000000000000000 ) ;
#390 = CARTESIAN_POINT ( 'NONE',  ( 4.000000000000000000, 0.000000000000000000, 0.000000000000000000 ) ) ;
#391 = CARTESIAN_POINT ( 'NONE',  ( -10.00000000000000000, 0.000000000000000000, 0.000000000000000000 ) ) ;
#392 = DIRECTION ( 'NONE',  ( 1.000000000000000000, -0.000000000000000000, 0.000000000000000000 ) ) ;
#393 = CARTESIAN_POINT ( 'NONE',  ( 0.000000000000000000, -4.000000000000000000, 4.000000000000000000 ) ) ;
#394 = CARTESIAN_POINT ( 'NONE',  ( 4.000000000000000000, 2.515497200311453074, 9.348971023926361923 ) ) ;
#395 = CARTESIAN_POINT ( 'NONE',  ( 4.000000000000000000, 0.000000000000000000, 0.000000000000000000 ) ) ;
#396 = DIRECTION ( 'NONE',  ( 0.000000000000000000, -0.5877852522924625900, -0.8090169943749551118 ) ) ;
#397 = DIRECTION ( 'NONE',  ( -1.000000000000000000, -0.000000000000000000, 0.000000000000000000 ) ) ;
#398 = DIRECTION ( 'NONE',  ( 1.000000000000000000, -0.000000000000000000, -0.000000000000000000 ) ) ;
#399 = DIRECTION ( 'NONE',  ( -1.000000000000000000, -0.000000000000000000, -0.000000000000000000 ) ) ;
#400 = ORIENTED_EDGE ( 'NONE', *, *, #585, .F. ) ;
#401 = CIRCLE ( 'NONE', #1236, 4.000000000000000000 ) ;
#402 = VERTEX_POINT ( 'NONE', #776 ) ;
#403 = CARTESIAN_POINT ( 'NONE',  ( 2.000000000000000000, -0.4886186835209140322, 11.99004803085101400 ) ) ;
#404 = DIRECTION ( 'NONE',  ( -1.000000000000000000, -0.000000000000000000, 0.000000000000000000 ) ) ;
#405 = CARTESIAN_POINT ( 'NONE',  ( 4.000000000000000000, -5.174218124242672801, -5.427934027119210469 ) ) ;
#406 = VECTOR ( 'NONE', #279, 1000.000000000000000 ) ;
#407 = CIRCLE ( 'NONE', #1353, 7.498999999999996113 ) ;
#408 = DIRECTION ( 'NONE',  ( -1.000000000000000000, 0.000000000000000000, 0.000000000000000000 ) ) ;
#409 = ORIENTED_EDGE ( 'NONE', *, *, #1428, .T. ) ;
#410 = DIRECTION ( 'NONE',  ( 0.000000000000000000, -0.5877852522924802425, 0.8090169943749422332 ) ) ;
#411 = EDGE_CURVE ( 'NONE', #1306, #618, #956, .T. ) ;
#412 = EDGE_CURVE ( 'NONE', #1048, #1408, #165, .T. ) ;
#413 = DIRECTION ( 'NONE',  ( 0.000000000000000000, -0.5877852522924624790, -0.8090169943749553338 ) ) ;
#414 = EDGE_CURVE ( 'NONE', #498, #87, #1382, .T. ) ;
#415 = CARTESIAN_POINT ( 'NONE',  ( 4.000000000000000000, 0.4886186835208286006, 11.99004803085101756 ) ) ;
#416 = DIRECTION ( 'NONE',  ( 0.000000000000000000, 0.000000000000000000, -1.000000000000000000 ) ) ;
#417 = DIRECTION ( 'NONE',  ( 0.000000000000000000, -0.000000000000000000, 1.000000000000000000 ) ) ;
#418 = CIRCLE ( 'NONE', #1019, 12.00000000000000355 ) ;
#419 = ORIENTED_EDGE ( 'NONE', *, *, #183, .T. ) ;
#420 = DIRECTION ( 'NONE',  ( 0.000000000000000000, -6.982962677686266711E-15, 1.000000000000000000 ) ) ;
#421 = ORIENTED_EDGE ( 'NONE', *, *, #1396, .T. ) ;
#422 =( LENGTH_UNIT ( ) NAMED_UNIT ( * ) SI_UNIT ( .MILLI., .METRE. ) );
#423 = EDGE_CURVE ( 'NONE', #829, #350, #1378, .T. ) ;
#424 = CARTESIAN_POINT ( 'NONE',  ( 4.000000000000000000, -6.652272588075186732, 9.987355476498443352 ) ) ;
#425 = FACE_OUTER_BOUND ( 'NONE', #874, .T. ) ;
#426 = EDGE_CURVE ( 'NONE', #74, #372, #804, .T. ) ;
#427 = EDGE_LOOP ( 'NONE', ( #542, #1307, #1495, #1419 ) ) ;
#428 = DIRECTION ( 'NONE',  ( 0.000000000000000000, 0.000000000000000000, 1.000000000000000000 ) ) ;
#429 = DIRECTION ( 'NONE',  ( -1.000000000000000000, 0.000000000000000000, 0.000000000000000000 ) ) ;
#430 = CIRCLE ( 'NONE', #1500, 12.00000000000000355 ) ;
#431 = ORIENTED_EDGE ( 'NONE', *, *, #1559, .F. ) ;
#432 = CARTESIAN_POINT ( 'NONE',  ( 0.000000000000000000, -6.652272588075193838, 9.987355476498445128 ) ) ;
#433 = AXIS2_PLACEMENT_3D ( 'NONE', #1172, #1051, #336 ) ;
#434 = ORIENTED_EDGE ( 'NONE', *, *, #545, .F. ) ;
#435 = CYLINDRICAL_SURFACE ( 'NONE', #86, 4.000000000000000000 ) ;
#436 = VERTEX_POINT ( 'NONE', #1497 ) ;
#437 = DIRECTION ( 'NONE',  ( -1.000000000000000000, 0.000000000000000000, 0.000000000000000000 ) ) ;
#438 = CARTESIAN_POINT ( 'NONE',  ( 0.000000000000000000, 7.530267276328153514, 6.084904281749292210 ) ) ;
#439 = AXIS2_PLACEMENT_3D ( 'NONE', #1259, #10, #1355 ) ;
#440 = EDGE_LOOP ( 'NONE', ( #1343, #787, #473, #481 ) ) ;
#441 = LINE ( 'NONE', #915, #1422 ) ;
#442 = CARTESIAN_POINT ( 'NONE',  ( 0.000000000000000000, 11.55420478740979640, -3.240424621958767570 ) ) ;
#443 = VECTOR ( 'NONE', #503, 1000.000000000000000 ) ;
#444 = ORIENTED_EDGE ( 'NONE', *, *, #1121, .T. ) ;
#445 = DIRECTION ( 'NONE',  ( -1.000000000000000000, 0.000000000000000000, 0.000000000000000000 ) ) ;
#446 = CARTESIAN_POINT ( 'NONE',  ( 4.000000000000000000, 3.460107307619089578, -9.042048594801423533 ) ) ;
#447 = EDGE_CURVE ( 'NONE', #1575, #1437, #528, .T. ) ;
#448 = EDGE_CURVE ( 'NONE', #1074, #1408, #287, .T. ) ;
#449 = DIRECTION ( 'NONE',  ( 0.000000000000000000, 0.9510565162951544194, -0.3090169943749447867 ) ) ;
#450 = VERTEX_POINT ( 'NONE', #31 ) ;
#451 = DIRECTION ( 'NONE',  ( -1.000000000000000000, 0.000000000000000000, 0.000000000000000000 ) ) ;
#452 = ORIENTED_EDGE ( 'NONE', *, *, #508, .F. ) ;
#453 = AXIS2_PLACEMENT_3D ( 'NONE', #798, #1049, #208 ) ;
#454 = ORIENTED_EDGE ( 'NONE', *, *, #15, .F. ) ;
#455 = VERTEX_POINT ( 'NONE', #975 ) ;
#456 = AXIS2_PLACEMENT_3D ( 'NONE', #1231, #1388, #649 ) ;
#457 = DIRECTION ( 'NONE',  ( -1.000000000000000000, -0.000000000000000000, -0.000000000000000000 ) ) ;
#458 = CARTESIAN_POINT ( 'NONE',  ( 0.000000000000000000, -4.000000000000000000, -3.999999999999999112 ) ) ;
#459 = PRODUCT_RELATED_PRODUCT_CATEGORY ( 'part', '', ( #710 ) ) ;
#460 = DIRECTION ( 'NONE',  ( 0.000000000000000000, 0.000000000000000000, 1.000000000000000000 ) ) ;
#461 = ORIENTED_EDGE ( 'NONE', *, *, #131, .F. ) ;
#462 = EDGE_LOOP ( 'NONE', ( #582, #929, #1270, #113 ) ) ;
#463 = PLANE ( 'NONE',  #1097 ) ;
#464 = ORIENTED_EDGE ( 'NONE', *, *, #785, .F. ) ;
#465 = CARTESIAN_POINT ( 'NONE',  ( 0.000000000000000000, -2.515497200311519688, 9.348971023926344159 ) ) ;
#466 = CARTESIAN_POINT ( 'NONE',  ( 0.000000000000000000, 8.114068428760875307, 5.281370930390655971 ) ) ;
#467 = ORIENTED_EDGE ( 'NONE', *, *, #513, .F. ) ;
#468 = ORIENTED_EDGE ( 'NONE', *, *, #1334, .F. ) ;
#469 = ORIENTED_EDGE ( 'NONE', *, *, #1254, .T. ) ;
#470 = CIRCLE ( 'NONE', #1339, 4.000000000000000000 ) ;
#471 = EDGE_LOOP ( 'NONE', ( #19, #1550, #1211, #652 ) ) ;
#472 = CARTESIAN_POINT ( 'NONE',  ( 2.000000000000000000, -6.652272588075187620, 9.987355476498441575 ) ) ;
#473 = ORIENTED_EDGE ( 'NONE', *, *, #1472, .T. ) ;
#474 = CIRCLE ( 'NONE', #70, 11.99999999999999822 ) ;
#475 = CARTESIAN_POINT ( 'NONE',  ( 4.000000000000000000, 3.563350693517993939, 6.598297722519407493 ) ) ;
#476 = AXIS2_PLACEMENT_3D ( 'NONE', #446, #922, #1418 ) ;
#477 = CARTESIAN_POINT ( 'NONE',  ( 4.000000000000000000, -6.652272588075049953, -9.987355476498535722 ) ) ;
#478 = AXIS2_PLACEMENT_3D ( 'NONE', #127, #1583, #371 ) ;
#479 = DIRECTION ( 'NONE',  ( 0.000000000000000000, 0.000000000000000000, -1.000000000000000000 ) ) ;
#480 = EDGE_CURVE ( 'NONE', #1306, #794, #407, .T. ) ;
#481 = ORIENTED_EDGE ( 'NONE', *, *, #241, .T. ) ;
#482 = FACE_OUTER_BOUND ( 'NONE', #286, .T. ) ;
#483 = CIRCLE ( 'NONE', #1591, 12.00000000000000355 ) ;
#484 = CIRCLE ( 'NONE', #292, 4.000000000000000000 ) ;
#485 = FACE_OUTER_BOUND ( 'NONE', #782, .T. ) ;
#486 = CARTESIAN_POINT ( 'NONE',  ( 4.000000000000000000, 7.376489966672362897, 1.349961766711155864 ) ) ;
#487 = FILL_AREA_STYLE_COLOUR ( '', #316 ) ;
#488 = PLANE ( 'NONE',  #26 ) ;
#489 = DIRECTION ( 'NONE',  ( 0.000000000000000000, -6.982962677686266711E-15, 1.000000000000000000 ) ) ;
#490 = EDGE_LOOP ( 'NONE', ( #838, #1457, #1574, #125 ) ) ;
#491 = CARTESIAN_POINT ( 'NONE',  ( 0.000000000000000000, 6.761193359505782929, -3.243650005067569619 ) ) ;
#492 = CARTESIAN_POINT ( 'NONE',  ( 4.000000000000000000, -9.668731197158576762, -0.4966109222338194740 ) ) ;
#493 = EDGE_CURVE ( 'NONE', #1450, #1542, #1404, .T. ) ;
#494 = DIRECTION ( 'NONE',  ( -1.000000000000000000, 0.000000000000000000, 0.000000000000000000 ) ) ;
#495 = CARTESIAN_POINT ( 'NONE',  ( 4.000000000000000000, -3.460107307618891959, -9.042048594801499917 ) ) ;
#496 = CARTESIAN_POINT ( 'NONE',  ( 0.000000000000000000, -7.530267276328110881, -6.084904281749341060 ) ) ;
#497 = CARTESIAN_POINT ( 'NONE',  ( 0.000000000000000000, 0.000000000000000000, 0.000000000000000000 ) ) ;
#498 = VERTEX_POINT ( 'NONE', #986 ) ;
#499 = CARTESIAN_POINT ( 'NONE',  ( 0.000000000000000000, -6.761193359505758949, 3.243650005067620246 ) ) ;
#500 = VECTOR ( 'NONE', #581, 1000.000000000000000 ) ;
#501 = CARTESIAN_POINT ( 'NONE',  ( 4.000000000000000000, 3.563350693518087642, -6.598297722519355091 ) ) ;
#502 = DIRECTION ( 'NONE',  ( -1.000000000000000000, 0.000000000000000000, 0.000000000000000000 ) ) ;
#503 = DIRECTION ( 'NONE',  ( -0.000000000000000000, 1.000000000000000000, -0.000000000000000000 ) ) ;
#504 = DIRECTION ( 'NONE',  ( 1.000000000000000000, -0.000000000000000000, -0.000000000000000000 ) ) ;
#505 = AXIS2_PLACEMENT_3D ( 'NONE', #394, #876, #756 ) ;
#506 = CARTESIAN_POINT ( 'NONE',  ( 4.000000000000000000, -6.761193359505710987, -3.243650005067718389 ) ) ;
#507 = VECTOR ( 'NONE', #117, 1000.000000000000000 ) ;
#508 = EDGE_CURVE ( 'NONE', #895, #564, #1165, .T. ) ;
#509 = CARTESIAN_POINT ( 'NONE',  ( 4.000000000000000000, -11.55420478740981594, 3.240424621958684082 ) ) ;
#510 = DIRECTION ( 'NONE',  ( -1.000000000000000000, 0.000000000000000000, 0.000000000000000000 ) ) ;
#511 = CARTESIAN_POINT ( 'NONE',  ( 2.000000000000000000, -7.442874225550179190, 9.412949764162178212 ) ) ;
#512 = CARTESIAN_POINT ( 'NONE',  ( 0.000000000000000000, -11.55420478740981771, 3.240424621958687190 ) ) ;
#513 = EDGE_CURVE ( 'NONE', #712, #1450, #515, .T. ) ;
#514 = CYLINDRICAL_SURFACE ( 'NONE', #1016, 7.498999999999996113 ) ;
#515 = LINE ( 'NONE', #893, #1582 ) ;
#516 = EDGE_CURVE ( 'NONE', #904, #1171, #139, .T. ) ;
#517 = AXIS2_PLACEMENT_3D ( 'NONE', #320, #328, #1300 ) ;
#518 = EDGE_LOOP ( 'NONE', ( #32, #720, #821, #122 ) ) ;
#519 = LINE ( 'NONE', #767, #1373 ) ;
#520 = EDGE_LOOP ( 'NONE', ( #1383, #222, #1586, #1067 ) ) ;
#521 = DIRECTION ( 'NONE',  ( 0.000000000000000000, 0.000000000000000000, 1.000000000000000000 ) ) ;
#522 = VERTEX_POINT ( 'NONE', #563 ) ;
#523 = LINE ( 'NONE', #29, #1290 ) ;
#524 = DIRECTION ( 'NONE',  ( 1.000000000000000000, 0.000000000000000000, 0.000000000000000000 ) ) ;
#525 = DIRECTION ( 'NONE',  ( 0.000000000000000000, 1.000000000000000000, 0.000000000000000000 ) ) ;
#526 = CYLINDRICAL_SURFACE ( 'NONE', #554, 4.000000000000000000 ) ;
#527 = ORIENTED_EDGE ( 'NONE', *, *, #778, .T. ) ;
#528 = CIRCLE ( 'NONE', #1140, 7.498999999999997002 ) ;
#529 = ORIENTED_EDGE ( 'NONE', *, *, #172, .T. ) ;
#530 = LINE ( 'NONE', #589, #100 ) ;
#531 = CYLINDRICAL_SURFACE ( 'NONE', #1141, 12.00000000000000000 ) ;
#532 = DIRECTION ( 'NONE',  ( -1.000000000000000000, 0.000000000000000000, 0.000000000000000000 ) ) ;
#533 = CARTESIAN_POINT ( 'NONE',  ( 4.000000000000000000, -3.563350693517948198, -6.598297722519429698 ) ) ;
#534 = CARTESIAN_POINT ( 'NONE',  ( 4.000000000000000000, 0.000000000000000000, 0.000000000000000000 ) ) ;
#535 = ORIENTED_EDGE ( 'NONE', *, *, #778, .F. ) ;
#536 = VECTOR ( 'NONE', #334, 1000.000000000000000 ) ;
#537 =( NAMED_UNIT ( * ) PLANE_ANGLE_UNIT ( ) SI_UNIT ( $, .RADIAN. ) );
#538 = ORIENTED_EDGE ( 'NONE', *, *, #834, .F. ) ;
#539 = CARTESIAN_POINT ( 'NONE',  ( 0.000000000000000000, 0.000000000000000000, 0.000000000000000000 ) ) ;
#540 = CARTESIAN_POINT ( 'NONE',  ( -10.00000000000000000, 0.000000000000000000, 0.000000000000000000 ) ) ;
#541 = EDGE_LOOP ( 'NONE', ( #1352, #1186, #1015, #1416 ) ) ;
#542 = ORIENTED_EDGE ( 'NONE', *, *, #120, .F. ) ;
#543 = VECTOR ( 'NONE', #126, 1000.000000000000000 ) ;
#544 = DIRECTION ( 'NONE',  ( -1.000000000000000000, -0.000000000000000000, -0.000000000000000000 ) ) ;
#545 = EDGE_CURVE ( 'NONE', #92, #214, #1110, .T. ) ;
#546 = VERTEX_POINT ( 'NONE', #918 ) ;
#547 = FACE_OUTER_BOUND ( 'NONE', #1312, .T. ) ;
#548 = VECTOR ( 'NONE', #147, 1000.000000000000000 ) ;
#549 = FACE_OUTER_BOUND ( 'NONE', #520, .T. ) ;
#550 = DIRECTION ( 'NONE',  ( 0.000000000000000000, 0.000000000000000000, 1.000000000000000000 ) ) ;
#551 = DIRECTION ( 'NONE',  ( 0.000000000000000000, 0.000000000000000000, 1.000000000000000000 ) ) ;
#552 = CIRCLE ( 'NONE', #951, 4.000000000000000888 ) ;
#553 = EDGE_LOOP ( 'NONE', ( #469, #677, #1342, #727 ) ) ;
#554 = AXIS2_PLACEMENT_3D ( 'NONE', #53, #1024, #428 ) ;
#555 = VERTEX_POINT ( 'NONE', #1405 ) ;
#556 = ORIENTED_EDGE ( 'NONE', *, *, #63, .F. ) ;
#557 = CARTESIAN_POINT ( 'NONE',  ( 4.000000000000000000, -7.530267276328197035, 6.084904281749237143 ) ) ;
#558 = DIRECTION ( 'NONE',  ( -1.000000000000000000, 0.000000000000000000, 0.000000000000000000 ) ) ;
#559 = AXIS2_PLACEMENT_3D ( 'NONE', #276, #1246, #1108 ) ;
#560 = AXIS2_PLACEMENT_3D ( 'NONE', #577, #380, #7 ) ;
#561 = EDGE_CURVE ( 'NONE', #1430, #739, #659, .T. ) ;
#562 = CIRCLE ( 'NONE', #216, 4.000000000000000888 ) ;
#563 = CARTESIAN_POINT ( 'NONE',  ( 4.000000000000000000, -7.442874225550179190, 9.412949764162176436 ) ) ;
#564 = VERTEX_POINT ( 'NONE', #875 ) ;
#565 = CARTESIAN_POINT ( 'NONE',  ( 4.000000000000000000, -7.376489966672372667, 1.349961766711103683 ) ) ;
#566 = EDGE_LOOP ( 'NONE', ( #832, #815, #569, #850, #629, #1195, #601, #1503, #128, #1465, #1280, #1325, #527, #768, #1584, #1529, #47, #529, #925, #812, #955, #444, #200, #699, #631, #1557, #1069, #658, #1198, #1102, #237, #354, #1068, #982, #820, #579, #879, #233, #34, #1518 ) ) ;
#567 = CARTESIAN_POINT ( 'NONE',  ( 0.000000000000000000, -9.668731197158576762, -0.4966109222338194740 ) ) ;
#568 = ADVANCED_FACE ( 'NONE', ( #1362 ), #1488, .T. ) ;
#569 = ORIENTED_EDGE ( 'NONE', *, *, #635, .F. ) ;
#570 = ORIENTED_EDGE ( 'NONE', *, *, #597, .F. ) ;
#571 = VERTEX_POINT ( 'NONE', #753 ) ;
#572 = EDGE_CURVE ( 'NONE', #1350, #592, #1298, .T. ) ;
#573 = AXIS2_PLACEMENT_3D ( 'NONE', #1313, #1556, #1136 ) ;
#574 = CARTESIAN_POINT ( 'NONE',  ( 4.000000000000000000, 0.000000000000000000, 0.000000000000000000 ) ) ;
#575 = DIRECTION ( 'NONE',  ( -1.000000000000000000, 0.000000000000000000, 0.000000000000000000 ) ) ;
#576 = ORIENTED_EDGE ( 'NONE', *, *, #1444, .F. ) ;
#577 = CARTESIAN_POINT ( 'NONE',  ( 4.000000000000000000, -9.668731197158576762, -0.4966109222338194740 ) ) ;
#578 = CIRCLE ( 'NONE', #977, 3.999999999999999556 ) ;
#579 = ORIENTED_EDGE ( 'NONE', *, *, #731, .T. ) ;
#580 = CIRCLE ( 'NONE', #1036, 7.498999999999997890 ) ;
#581 = DIRECTION ( 'NONE',  ( -1.000000000000000000, 0.000000000000000000, -0.000000000000000000 ) ) ;
#582 = ORIENTED_EDGE ( 'NONE', *, *, #595, .T. ) ;
#583 = VERTEX_POINT ( 'NONE', #1337 ) ;
#584 = ORIENTED_EDGE ( 'NONE', *, *, #572, .T. ) ;
#585 = EDGE_CURVE ( 'NONE', #1516, #141, #253, .T. ) ;
#586 = DIRECTION ( 'NONE',  ( -1.000000000000000000, 0.000000000000000000, 0.000000000000000000 ) ) ;
#587 = ORIENTED_EDGE ( 'NONE', *, *, #545, .T. ) ;
#588 = AXIS2_PLACEMENT_3D ( 'NONE', #1011, #886, #1242 ) ;
#589 = CARTESIAN_POINT ( 'NONE',  ( 4.000000000000000000, -0.9955708235581199883, 7.432619977859743265 ) ) ;
#590 = CIRCLE ( 'NONE', #790, 4.000000000000000888 ) ;
#591 = ORIENTED_EDGE ( 'NONE', *, *, #348, .T. ) ;
#592 = VERTEX_POINT ( 'NONE', #509 ) ;
#593 = LINE ( 'NONE', #1070, #1328 ) ;
#594 = DIRECTION ( 'NONE',  ( -1.000000000000000000, 0.000000000000000000, 0.000000000000000000 ) ) ;
#595 = EDGE_CURVE ( 'NONE', #1208, #1507, #361, .T. ) ;
#596 = DIRECTION ( 'NONE',  ( 0.000000000000000000, 0.000000000000000000, 1.000000000000000000 ) ) ;
#597 = EDGE_CURVE ( 'NONE', #1001, #522, #622, .T. ) ;
#598 = EDGE_CURVE ( 'NONE', #1001, #564, #974, .T. ) ;
#599 = EDGE_LOOP ( 'NONE', ( #615, #1438, #684, #724 ) ) ;
#600 = DIRECTION ( 'NONE',  ( -1.000000000000000000, -0.000000000000000000, -0.000000000000000000 ) ) ;
#601 = ORIENTED_EDGE ( 'NONE', *, *, #411, .F. ) ;
#602 = ORIENTED_EDGE ( 'NONE', *, *, #1047, .T. ) ;
#603 = CARTESIAN_POINT ( 'NONE',  ( 4.000000000000000000, 9.668731197158582091, 0.4966109222337483087 ) ) ;
#604 = CARTESIAN_POINT ( 'NONE',  ( 4.000000000000000000, -2.515497200311519688, 9.348971023926344159 ) ) ;
#605 = CARTESIAN_POINT ( 'NONE',  ( 4.000000000000000000, 5.174218124242792705, -5.427934027119095894 ) ) ;
#606 = VERTEX_POINT ( 'NONE', #1091 ) ;
#607 = MANIFOLD_SOLID_BREP ( '\X2\52079664\X0\-\X2\62c94f38\X0\2', #1188 ) ;
#608 = VECTOR ( 'NONE', #60, 1000.000000000000000 ) ;
#609 = DIRECTION ( 'NONE',  ( -1.000000000000000000, -0.000000000000000000, 0.000000000000000000 ) ) ;
#610 = ORIENTED_EDGE ( 'NONE', *, *, #1122, .T. ) ;
#611 = VERTEX_POINT ( 'NONE', #648 ) ;
#612 = ORIENTED_EDGE ( 'NONE', *, *, #857, .F. ) ;
#613 =( GEOMETRIC_REPRESENTATION_CONTEXT ( 3 ) GLOBAL_UNCERTAINTY_ASSIGNED_CONTEXT ( ( #95 ) ) GLOBAL_UNIT_ASSIGNED_CONTEXT ( ( #422, #537, #1283 ) ) REPRESENTATION_CONTEXT ( 'NONE', 'WORKASPACE' ) );
#614 = CARTESIAN_POINT ( 'NONE',  ( 0.000000000000000000, -7.376489966672372667, 1.349961766711103683 ) ) ;
#615 = ORIENTED_EDGE ( 'NONE', *, *, #733, .T. ) ;
#616 = FACE_OUTER_BOUND ( 'NONE', #1558, .T. ) ;
#617 = CARTESIAN_POINT ( 'NONE',  ( -10.00000000000000000, 0.000000000000000000, 0.000000000000000000 ) ) ;
#618 = VERTEX_POINT ( 'NONE', #2 ) ;
#619 = CARTESIAN_POINT ( 'NONE',  ( 4.000000000000000000, -5.174218124242752737, 5.427934027119135862 ) ) ;
#620 = AXIS2_PLACEMENT_3D ( 'NONE', #1118, #672, #665 ) ;
#621 = CARTESIAN_POINT ( 'NONE',  ( 4.000000000000000000, 6.761193359505737632, 3.243650005067668651 ) ) ;
#622 = CIRCLE ( 'NONE', #1326, 4.000000000000000000 ) ;
#623 = CYLINDRICAL_SURFACE ( 'NONE', #260, 12.00000000000000000 ) ;
#624 = DIRECTION ( 'NONE',  ( -1.000000000000000000, 0.000000000000000000, 0.000000000000000000 ) ) ;
#625 = AXIS2_PLACEMENT_3D ( 'NONE', #603, #963, #634 ) ;
#626 = CARTESIAN_POINT ( 'NONE',  ( 0.000000000000000000, 6.761193359505737632, 3.243650005067668651 ) ) ;
#627 = CARTESIAN_POINT ( 'NONE',  ( 4.000000000000000000, 4.000000000000000888, 4.000000000000000000 ) ) ;
#628 = CARTESIAN_POINT ( 'NONE',  ( 0.000000000000000000, -0.4886186835207427248, -11.99004803085102466 ) ) ;
#629 = ORIENTED_EDGE ( 'NONE', *, *, #426, .T. ) ;
#630 = DIRECTION ( 'NONE',  ( -1.000000000000000000, -0.000000000000000000, -0.000000000000000000 ) ) ;
#631 = ORIENTED_EDGE ( 'NONE', *, *, #255, .T. ) ;
#632 = ADVANCED_FACE ( 'NONE', ( #50 ), #290, .T. ) ;
#633 = EDGE_CURVE ( 'NONE', #1210, #1437, #523, .T. ) ;
#634 = DIRECTION ( 'NONE',  ( 0.000000000000000000, 0.000000000000000000, 1.000000000000000000 ) ) ;
#635 = EDGE_CURVE ( 'NONE', #455, #1109, #306, .T. ) ;
#636 = LINE ( 'NONE', #621, #543 ) ;
#637 = ORIENTED_EDGE ( 'NONE', *, *, #657, .T. ) ;
#638 = DIRECTION ( 'NONE',  ( 0.000000000000000000, -1.084202172485504434E-16, -1.000000000000000000 ) ) ;
#639 = CIRCLE ( 'NONE', #453, 7.498999999999996113 ) ;
#640 = DIRECTION ( 'NONE',  ( 0.000000000000000000, 0.000000000000000000, 1.000000000000000000 ) ) ;
#641 = DIRECTION ( 'NONE',  ( 0.000000000000000000, 0.9510565162951544194, -0.3090169943749447312 ) ) ;
#642 = AXIS2_PLACEMENT_3D ( 'NONE', #1130, #308, #176 ) ;
#643 = VECTOR ( 'NONE', #1215, 1000.000000000000000 ) ;
#644 = ORIENTED_EDGE ( 'NONE', *, *, #1104, .F. ) ;
#645 = LINE ( 'NONE', #1351, #1082 ) ;
#646 = CIRCLE ( 'NONE', #559, 4.000000000000000000 ) ;
#647 = CIRCLE ( 'NONE', #840, 4.000000000000000000 ) ;
#648 = CARTESIAN_POINT ( 'NONE',  ( 0.000000000000000000, 7.442874225550248468, -9.412949764162130251 ) ) ;
#649 = DIRECTION ( 'NONE',  ( 0.000000000000000000, 0.000000000000000000, 1.000000000000000000 ) ) ;
#650 = ADVANCED_FACE ( 'NONE', ( #1501 ), #1151, .T. ) ;
#651 = DIRECTION ( 'NONE',  ( -1.000000000000000000, 0.000000000000000000, -0.000000000000000000 ) ) ;
#652 = ORIENTED_EDGE ( 'NONE', *, *, #935, .T. ) ;
#653 = LINE ( 'NONE', #403, #1066 ) ;
#654 = FACE_OUTER_BOUND ( 'NONE', #736, .T. ) ;
#655 = CARTESIAN_POINT ( 'NONE',  ( 2.000000000000000000, 11.25222183345572979, -4.169832587850764050 ) ) ;
#656 = AXIS2_PLACEMENT_3D ( 'NONE', #937, #828, #178 ) ;
#657 = EDGE_CURVE ( 'NONE', #555, #94, #78, .T. ) ;
#658 = ORIENTED_EDGE ( 'NONE', *, *, #263, .T. ) ;
#659 = LINE ( 'NONE', #1281, #835 ) ;
#660 = CARTESIAN_POINT ( 'NONE',  ( 4.000000000000000000, 0.9955708235580660315, 7.432619977859750371 ) ) ;
#661 = ORIENTED_EDGE ( 'NONE', *, *, #1111, .T. ) ;
#662 = AXIS2_PLACEMENT_3D ( 'NONE', #1099, #979, #387 ) ;
#663 = CARTESIAN_POINT ( 'NONE',  ( 0.000000000000000000, 4.000000000000000888, -4.000000000000000000 ) ) ;
#664 = ADVANCED_FACE ( 'NONE', ( #654 ), #531, .T. ) ;
#665 = DIRECTION ( 'NONE',  ( 0.000000000000000000, -0.9510565162951566398, 0.3090169943749383474 ) ) ;
#666 = DIRECTION ( 'NONE',  ( 0.000000000000000000, 0.000000000000000000, 1.000000000000000000 ) ) ;
#667 = AXIS2_PLACEMENT_3D ( 'NONE', #694, #1406, #1282 ) ;
#668 = LINE ( 'NONE', #1142, #500 ) ;
#669 = AXIS2_PLACEMENT_3D ( 'NONE', #848, #158, #22 ) ;
#670 = EDGE_CURVE ( 'NONE', #141, #611, #389, .T. ) ;
#671 = ORIENTED_EDGE ( 'NONE', *, *, #25, .T. ) ;
#672 = DIRECTION ( 'NONE',  ( -1.000000000000000000, 0.000000000000000000, 0.000000000000000000 ) ) ;
#673 = CARTESIAN_POINT ( 'NONE',  ( 0.000000000000000000, 2.515497200311453074, 9.348971023926361923 ) ) ;
#674 = DIRECTION ( 'NONE',  ( 0.000000000000000000, 0.000000000000000000, 1.000000000000000000 ) ) ;
#675 = ORIENTED_EDGE ( 'NONE', *, *, #984, .T. ) ;
#676 = VECTOR ( 'NONE', #1194, 1000.000000000000000 ) ;
#677 = ORIENTED_EDGE ( 'NONE', *, *, #255, .F. ) ;
#678 = EDGE_CURVE ( 'NONE', #333, #1588, #1527, .T. ) ;
#679 = ORIENTED_EDGE ( 'NONE', *, *, #338, .F. ) ;
#680 =( NAMED_UNIT ( * ) PLANE_ANGLE_UNIT ( ) SI_UNIT ( $, .RADIAN. ) );
#681 = CARTESIAN_POINT ( 'NONE',  ( 4.000000000000000000, -5.174218124242672801, -5.427934027119210469 ) ) ;
#682 = ORIENTED_EDGE ( 'NONE', *, *, #1104, .T. ) ;
#683 = CARTESIAN_POINT ( 'NONE',  ( -10.00000000000000000, 0.000000000000000000, 0.000000000000000000 ) ) ;
#684 = ORIENTED_EDGE ( 'NONE', *, *, #935, .F. ) ;
#685 = CARTESIAN_POINT ( 'NONE',  ( 0.000000000000000000, -11.55420478740977508, -3.240424621958847506 ) ) ;
#686 = ORIENTED_EDGE ( 'NONE', *, *, #307, .T. ) ;
#687 = AXIS2_PLACEMENT_3D ( 'NONE', #1257, #39, #1273 ) ;
#688 = ORIENTED_EDGE ( 'NONE', *, *, #346, .F. ) ;
#689 = CARTESIAN_POINT ( 'NONE',  ( 0.000000000000000000, 5.174218124242715433, 5.427934027119173166 ) ) ;
#690 = LINE ( 'NONE', #210, #135 ) ;
#691 = DIRECTION ( 'NONE',  ( -1.000000000000000000, 0.000000000000000000, 0.000000000000000000 ) ) ;
#692 = VECTOR ( 'NONE', #1000, 1000.000000000000000 ) ;
#693 = EDGE_CURVE ( 'NONE', #1065, #696, #1115, .T. ) ;
#694 = CARTESIAN_POINT ( 'NONE',  ( 4.000000000000000000, 0.000000000000000000, 0.000000000000000000 ) ) ;
#695 = EDGE_LOOP ( 'NONE', ( #1050, #907, #454, #637 ) ) ;
#696 = VERTEX_POINT ( 'NONE', #906 ) ;
#697 = CARTESIAN_POINT ( 'NONE',  ( 4.000000000000000000, 4.000000000000000888, -4.000000000000000000 ) ) ;
#698 = DIRECTION ( 'NONE',  ( 0.000000000000000000, -6.938893903907228378E-15, 1.000000000000000000 ) ) ;
#699 = ORIENTED_EDGE ( 'NONE', *, *, #447, .T. ) ;
#700 = CARTESIAN_POINT ( 'NONE',  ( 0.000000000000000000, 0.000000000000000000, 0.000000000000000000 ) ) ;
#701 = ORIENTED_EDGE ( 'NONE', *, *, #760, .F. ) ;
#702 = ORIENTED_EDGE ( 'NONE', *, *, #173, .F. ) ;
#703 = VERTEX_POINT ( 'NONE', #1137 ) ;
#704 = CIRCLE ( 'NONE', #353, 4.000000000000000888 ) ;
#705 = CARTESIAN_POINT ( 'NONE',  ( 4.000000000000000000, 8.114068428760875307, -5.281370930390655971 ) ) ;
#706 = FACE_OUTER_BOUND ( 'NONE', #1167, .T. ) ;
#707 = AXIS2_PLACEMENT_3D ( 'NONE', #466, #924, #1420 ) ;
#708 = AXIS2_PLACEMENT_3D ( 'NONE', #495, #1226, #410 ) ;
#709 = DIRECTION ( 'NONE',  ( -1.000000000000000000, 0.000000000000000000, 0.000000000000000000 ) ) ;
#710 = PRODUCT ( 'SmallGear', 'SmallGear', '', ( #234 ) ) ;
#711 = FACE_OUTER_BOUND ( 'NONE', #1129, .T. ) ;
#712 = VERTEX_POINT ( 'NONE', #1020 ) ;
#713 = VERTEX_POINT ( 'NONE', #424 ) ;
#714 = ADVANCED_FACE ( 'NONE', ( #1523 ), #435, .T. ) ;
#715 = ADVANCED_FACE ( 'NONE', ( #303 ), #65, .T. ) ;
#716 = LINE ( 'NONE', #83, #536 ) ;
#717 = AXIS2_PLACEMENT_3D ( 'NONE', #604, #816, #1064 ) ;
#718 = DIRECTION ( 'NONE',  ( -1.000000000000000000, -0.000000000000000000, -0.000000000000000000 ) ) ;
#719 = VERTEX_POINT ( 'NONE', #1496 ) ;
#720 = ORIENTED_EDGE ( 'NONE', *, *, #1472, .F. ) ;
#721 = ORIENTED_EDGE ( 'NONE', *, *, #1585, .F. ) ;
#722 = DIRECTION ( 'NONE',  ( -1.000000000000000000, 0.000000000000000000, 0.000000000000000000 ) ) ;
#723 = VECTOR ( 'NONE', #1431, 1000.000000000000000 ) ;
#724 = ORIENTED_EDGE ( 'NONE', *, *, #1444, .T. ) ;
#725 = DIRECTION ( 'NONE',  ( -1.000000000000000000, -0.000000000000000000, -0.000000000000000000 ) ) ;
#726 = EDGE_LOOP ( 'NONE', ( #119, #1297, #802, #1085 ) ) ;
#727 = ORIENTED_EDGE ( 'NONE', *, *, #755, .T. ) ;
#728 = DIRECTION ( 'NONE',  ( 1.000000000000000000, 0.000000000000000000, -0.000000000000000000 ) ) ;
#729 = DIRECTION ( 'NONE',  ( -1.000000000000000000, 0.000000000000000000, 0.000000000000000000 ) ) ;
#730 = LINE ( 'NONE', #108, #378 ) ;
#731 = EDGE_CURVE ( 'NONE', #904, #141, #939, .T. ) ;
#732 = DIRECTION ( 'NONE',  ( 0.000000000000000000, 0.5877852522924685852, 0.8090169943749508930 ) ) ;
#733 = EDGE_CURVE ( 'NONE', #1453, #356, #1369, .T. ) ;
#734 = CIRCLE ( 'NONE', #1128, 7.498999999999995225 ) ;
#735 = DIRECTION ( 'NONE',  ( 0.000000000000000000, -0.9510565162951500895, -0.3090169943749582759 ) ) ;
#736 = EDGE_LOOP ( 'NONE', ( #219, #1007, #461, #781 ) ) ;
#737 = ADVANCED_FACE ( 'NONE', ( #1543 ), #463, .F. ) ;
#738 = CARTESIAN_POINT ( 'NONE',  ( 4.000000000000000000, 2.515497200311453074, 9.348971023926361923 ) ) ;
#739 = VERTEX_POINT ( 'NONE', #1423 ) ;
#740 = DIRECTION ( 'NONE',  ( -1.000000000000000000, 0.000000000000000000, -0.000000000000000000 ) ) ;
#741 = CIRCLE ( 'NONE', #185, 4.000000000000000000 ) ;
#742 = DIRECTION ( 'NONE',  ( -1.000000000000000000, 0.000000000000000000, -0.000000000000000000 ) ) ;
#743 = LINE ( 'NONE', #1227, #548 ) ;
#744 = VECTOR ( 'NONE', #900, 1000.000000000000000 ) ;
#745 = APPLICATION_CONTEXT ( 'automotive_design' ) ;
#746 = DIRECTION ( 'NONE',  ( 0.000000000000000000, 0.000000000000000000, 1.000000000000000000 ) ) ;
#747 = ORIENTED_EDGE ( 'NONE', *, *, #842, .F. ) ;
#748 = AXIS2_PLACEMENT_3D ( 'NONE', #534, #437, #1403 ) ;
#749 = DIRECTION ( 'NONE',  ( 0.000000000000000000, 0.000000000000000000, 1.000000000000000000 ) ) ;
#750 = CYLINDRICAL_SURFACE ( 'NONE', #204, 7.498999999999996113 ) ;
#751 = EDGE_CURVE ( 'NONE', #1507, #1471, #1305, .T. ) ;
#752 = CIRCLE ( 'NONE', #945, 11.99999999999999822 ) ;
#753 = CARTESIAN_POINT ( 'NONE',  ( 0.000000000000000000, 0.4886186835209946899, -11.99004803085101400 ) ) ;
#754 = FACE_OUTER_BOUND ( 'NONE', #229, .T. ) ;
#755 = EDGE_CURVE ( 'NONE', #1210, #450, #345, .T. ) ;
#756 = DIRECTION ( 'NONE',  ( 0.000000000000000000, 0.9510565162951521989, 0.3090169943749517256 ) ) ;
#757 = CARTESIAN_POINT ( 'NONE',  ( 4.000000000000000000, 0.000000000000000000, 0.000000000000000000 ) ) ;
#758 = ORIENTED_EDGE ( 'NONE', *, *, #1103, .F. ) ;
#759 = EDGE_CURVE ( 'NONE', #1443, #829, #369, .T. ) ;
#760 = EDGE_CURVE ( 'NONE', #1588, #1533, #1318, .T. ) ;
#761 = DIRECTION ( 'NONE',  ( -1.000000000000000000, -0.000000000000000000, -0.000000000000000000 ) ) ;
#762 = CARTESIAN_POINT ( 'NONE',  ( 4.000000000000000000, -7.376489966672372667, 1.349961766711103683 ) ) ;
#763 = CIRCLE ( 'NONE', #909, 4.000000000000000000 ) ;
#764 = VERTEX_POINT ( 'NONE', #685 ) ;
#765 = CARTESIAN_POINT ( 'NONE',  ( 4.000000000000000000, 0.000000000000000000, 0.000000000000000000 ) ) ;
#766 = ORIENTED_EDGE ( 'NONE', *, *, #1522, .F. ) ;
#767 = CARTESIAN_POINT ( 'NONE',  ( 4.000000000000000000, 4.000000000000000888, 4.000000000000000000 ) ) ;
#768 = ORIENTED_EDGE ( 'NONE', *, *, #227, .T. ) ;
#769 = DIRECTION ( 'NONE',  ( 0.000000000000000000, -0.9510565162951500895, -0.3090169943749583870 ) ) ;
#770 = CARTESIAN_POINT ( 'NONE',  ( 0.000000000000000000, 0.000000000000000000, 0.000000000000000000 ) ) ;
#771 = ADVANCED_FACE ( 'NONE', ( #232 ), #1043, .T. ) ;
#772 = CARTESIAN_POINT ( 'NONE',  ( 0.000000000000000000, -11.25222183345564098, -4.169832587851009187 ) ) ;
#773 = FACE_OUTER_BOUND ( 'NONE', #61, .T. ) ;
#774 = CARTESIAN_POINT ( 'NONE',  ( 0.000000000000000000, 0.000000000000000000, 0.000000000000000000 ) ) ;
#775 = CARTESIAN_POINT ( 'NONE',  ( 4.000000000000000000, 3.460107307618959016, 9.042048594801475048 ) ) ;
#776 = CARTESIAN_POINT ( 'NONE',  ( 0.000000000000000000, -7.442874225550178302, 9.412949764162183541 ) ) ;
#777 = CARTESIAN_POINT ( 'NONE',  ( 4.000000000000000000, 0.000000000000000000, 0.000000000000000000 ) ) ;
#778 = EDGE_CURVE ( 'NONE', #1487, #1332, #1253, .T. ) ;
#779 = AXIS2_PLACEMENT_3D ( 'NONE', #557, #1063, #342 ) ;
#780 = CARTESIAN_POINT ( 'NONE',  ( 4.000000000000000000, 6.761193359505782929, -3.243650005067569619 ) ) ;
#781 = ORIENTED_EDGE ( 'NONE', *, *, #252, .T. ) ;
#782 = EDGE_LOOP ( 'NONE', ( #123, #1468, #1535, #587 ) ) ;
#783 = CIRCLE ( 'NONE', #381, 7.498999999999997890 ) ;
#784 = DIRECTION ( 'NONE',  ( -1.000000000000000000, -0.000000000000000000, -0.000000000000000000 ) ) ;
#785 = EDGE_CURVE ( 'NONE', #959, #1065, #716, .T. ) ;
#786 = ORIENTED_EDGE ( 'NONE', *, *, #941, .F. ) ;
#787 = ORIENTED_EDGE ( 'NONE', *, *, #693, .T. ) ;
#788 = EDGE_CURVE ( 'NONE', #592, #1332, #1170, .T. ) ;
#789 = DIRECTION ( 'NONE',  ( 1.000000000000000000, 0.000000000000000000, 0.000000000000000000 ) ) ;
#790 = AXIS2_PLACEMENT_3D ( 'NONE', #1498, #1477, #1359 ) ;
#791 = DIRECTION ( 'NONE',  ( -0.000000000000000000, -0.000000000000000000, -1.000000000000000000 ) ) ;
#792 = CYLINDRICAL_SURFACE ( 'NONE', #1158, 12.00000000000000000 ) ;
#793 = ORIENTED_EDGE ( 'NONE', *, *, #949, .F. ) ;
#794 = VERTEX_POINT ( 'NONE', #201 ) ;
#795 = ADVANCED_FACE ( 'NONE', ( #1161 ), #806, .T. ) ;
#796 = DIRECTION ( 'NONE',  ( -1.000000000000000000, 0.000000000000000000, -0.000000000000000000 ) ) ;
#797 = CYLINDRICAL_SURFACE ( 'NONE', #1532, 7.498999999999996113 ) ;
#798 = CARTESIAN_POINT ( 'NONE',  ( 4.000000000000000000, 0.000000000000000000, 0.000000000000000000 ) ) ;
#799 = DIRECTION ( 'NONE',  ( -1.000000000000000000, 0.000000000000000000, -0.000000000000000000 ) ) ;
#800 = LINE ( 'NONE', #211, #855 ) ;
#801 = AXIS2_PLACEMENT_3D ( 'NONE', #1046, #596, #99 ) ;
#802 = ORIENTED_EDGE ( 'NONE', *, *, #348, .F. ) ;
#803 = FACE_BOUND ( 'NONE', #180, .T. ) ;
#804 = CIRCLE ( 'NONE', #48, 4.000000000000000000 ) ;
#805 = ORIENTED_EDGE ( 'NONE', *, *, #131, .T. ) ;
#806 = CYLINDRICAL_SURFACE ( 'NONE', #1546, 4.000000000000000000 ) ;
#807 = ADVANCED_FACE ( 'NONE', ( #549 ), #1552, .T. ) ;
#808 = CARTESIAN_POINT ( 'NONE',  ( 4.000000000000000000, -8.114068428760912610, 5.281370930390599128 ) ) ;
#809 = CYLINDRICAL_SURFACE ( 'NONE', #36, 4.000000000000000000 ) ;
#810 = EDGE_CURVE ( 'NONE', #134, #315, #66, .T. ) ;
#811 = ORIENTED_EDGE ( 'NONE', *, *, #299, .F. ) ;
#812 = ORIENTED_EDGE ( 'NONE', *, *, #1255, .T. ) ;
#813 = EDGE_LOOP ( 'NONE', ( #1149, #1434, #105, #409 ) ) ;
#814 = DIRECTION ( 'NONE',  ( -1.000000000000000000, 0.000000000000000000, -0.000000000000000000 ) ) ;
#815 = ORIENTED_EDGE ( 'NONE', *, *, #68, .T. ) ;
#816 = DIRECTION ( 'NONE',  ( -1.000000000000000000, 0.000000000000000000, 0.000000000000000000 ) ) ;
#817 = ORIENTED_EDGE ( 'NONE', *, *, #43, .T. ) ;
#818 = EDGE_CURVE ( 'NONE', #1350, #1487, #76, .T. ) ;
#819 = DIRECTION ( 'NONE',  ( -1.000000000000000000, -0.000000000000000000, 0.000000000000000000 ) ) ;
#820 = ORIENTED_EDGE ( 'NONE', *, *, #516, .F. ) ;
#821 = ORIENTED_EDGE ( 'NONE', *, *, #1585, .T. ) ;
#822 = DIRECTION ( 'NONE',  ( -1.000000000000000000, -0.000000000000000000, -0.000000000000000000 ) ) ;
#823 = ORIENTED_EDGE ( 'NONE', *, *, #1285, .T. ) ;
#824 = DIRECTION ( 'NONE',  ( -1.000000000000000000, 0.000000000000000000, -0.000000000000000000 ) ) ;
#825 = ORIENTED_EDGE ( 'NONE', *, *, #1035, .T. ) ;
#826 = ORIENTED_EDGE ( 'NONE', *, *, #15, .T. ) ;
#827 = AXIS2_PLACEMENT_3D ( 'NONE', #1381, #164, #1119 ) ;
#828 = DIRECTION ( 'NONE',  ( -1.000000000000000000, 0.000000000000000000, 0.000000000000000000 ) ) ;
#829 = VERTEX_POINT ( 'NONE', #1531 ) ;
#830 = EDGE_CURVE ( 'NONE', #1430, #1458, #441, .T. ) ;
#831 = AXIS2_PLACEMENT_3D ( 'NONE', #1435, #709, #1017 ) ;
#832 = ORIENTED_EDGE ( 'NONE', *, *, #192, .T. ) ;
#833 = CIRCLE ( 'NONE', #1554, 7.498999999999996113 ) ;
#834 = EDGE_CURVE ( 'NONE', #1191, #1443, #639, .T. ) ;
#835 = VECTOR ( 'NONE', #1112, 1000.000000000000000 ) ;
#836 = DIRECTION ( 'NONE',  ( -1.000000000000000000, 0.000000000000000000, -0.000000000000000000 ) ) ;
#837 = CARTESIAN_POINT ( 'NONE',  ( 4.000000000000000000, -11.25222183345569782, 4.169832587850847538 ) ) ;
#838 = ORIENTED_EDGE ( 'NONE', *, *, #1117, .T. ) ;
#839 = CARTESIAN_POINT ( 'NONE',  ( 4.000000000000000000, 11.25222183345566940, 4.169832587850928363 ) ) ;
#840 = AXIS2_PLACEMENT_3D ( 'NONE', #138, #1232, #1073 ) ;
#841 = VERTEX_POINT ( 'NONE', #689 ) ;
#842 = EDGE_CURVE ( 'NONE', #1322, #1074, #17, .T. ) ;
#843 = ORIENTED_EDGE ( 'NONE', *, *, #670, .F. ) ;
#844 = FACE_OUTER_BOUND ( 'NONE', #462, .T. ) ;
#845 = ORIENTED_EDGE ( 'NONE', *, *, #1564, .T. ) ;
#846 = EDGE_CURVE ( 'NONE', #1453, #703, #1133, .T. ) ;
#847 = CARTESIAN_POINT ( 'NONE',  ( 2.000000000000000000, 7.442874225550249356, -9.412949764162123145 ) ) ;
#848 = CARTESIAN_POINT ( 'NONE',  ( 4.000000000000000000, -8.114068428760912610, 5.281370930390599128 ) ) ;
#849 = DIRECTION ( 'NONE',  ( -1.000000000000000000, -0.000000000000000000, 0.000000000000000000 ) ) ;
#850 = ORIENTED_EDGE ( 'NONE', *, *, #1327, .T. ) ;
#851 = ORIENTED_EDGE ( 'NONE', *, *, #423, .T. ) ;
#852 = ORIENTED_EDGE ( 'NONE', *, *, #89, .T. ) ;
#853 = CARTESIAN_POINT ( 'NONE',  ( 0.000000000000000000, 6.652272588075262227, -9.987355476498395390 ) ) ;
#854 = CARTESIAN_POINT ( 'NONE',  ( 2.000000000000000000, 11.25222183345566584, 4.169832587850929251 ) ) ;
#855 = VECTOR ( 'NONE', #98, 1000.000000000000000 ) ;
#856 = SURFACE_STYLE_USAGE ( .BOTH. , #375 ) ;
#857 = EDGE_CURVE ( 'NONE', #214, #571, #645, .T. ) ;
#858 = VECTOR ( 'NONE', #392, 1000.000000000000000 ) ;
#859 = DIRECTION ( 'NONE',  ( 0.000000000000000000, -0.5877852522924625900, -0.8090169943749551118 ) ) ;
#860 = CYLINDRICAL_SURFACE ( 'NONE', #382, 12.00000000000000000 ) ;
#861 = ORIENTED_EDGE ( 'NONE', *, *, #788, .T. ) ;
#862 = DIRECTION ( 'NONE',  ( 0.000000000000000000, -0.5877852522924802425, 0.8090169943749422332 ) ) ;
#863 = CIRCLE ( 'NONE', #931, 7.498999999999996113 ) ;
#864 = FACE_BOUND ( 'NONE', #349, .T. ) ;
#865 = AXIS2_PLACEMENT_3D ( 'NONE', #617, #1056, #1311 ) ;
#866 = CARTESIAN_POINT ( 'NONE',  ( 2.000000000000000000, -6.652272588075050841, -9.987355476498535722 ) ) ;
#867 = ADVANCED_FACE ( 'NONE', ( #1384 ), #860, .T. ) ;
#868 = CIRCLE ( 'NONE', #478, 7.498999999999996113 ) ;
#869 = PRESENTATION_STYLE_ASSIGNMENT (( #856 ) ) ;
#870 = DIRECTION ( 'NONE',  ( 0.000000000000000000, 0.000000000000000000, -1.000000000000000000 ) ) ;
#871 = VECTOR ( 'NONE', #824, 1000.000000000000000 ) ;
#872 = LINE ( 'NONE', #655, #858 ) ;
#873 = FACE_OUTER_BOUND ( 'NONE', #1524, .T. ) ;
#874 = EDGE_LOOP ( 'NONE', ( #1274, #1288, #468, #258 ) ) ;
#875 = CARTESIAN_POINT ( 'NONE',  ( 0.000000000000000000, -5.174218124242752737, 5.427934027119135862 ) ) ;
#876 = DIRECTION ( 'NONE',  ( -1.000000000000000000, 0.000000000000000000, 0.000000000000000000 ) ) ;
#877 = ADVANCED_FACE ( 'NONE', ( #1229 ), #623, .T. ) ;
#878 = DIRECTION ( 'NONE',  ( 0.000000000000000000, 0.9510565162951521989, 0.3090169943749515036 ) ) ;
#879 = ORIENTED_EDGE ( 'NONE', *, *, #670, .T. ) ;
#880 =( NAMED_UNIT ( * ) SI_UNIT ( $, .STERADIAN. ) SOLID_ANGLE_UNIT ( ) );
#881 = CARTESIAN_POINT ( 'NONE',  ( 4.000000000000000000, -7.376489966672353127, -1.349961766711207600 ) ) ;
#882 = EDGE_LOOP ( 'NONE', ( #591, #352, #1331, #602 ) ) ;
#883 = CARTESIAN_POINT ( 'NONE',  ( 4.000000000000000000, 8.114068428760875307, -5.281370930390655971 ) ) ;
#884 = ADVANCED_FACE ( 'NONE', ( #773 ), #750, .T. ) ;
#885 = ORIENTED_EDGE ( 'NONE', *, *, #1162, .F. ) ;
#886 = DIRECTION ( 'NONE',  ( -1.000000000000000000, 0.000000000000000000, 0.000000000000000000 ) ) ;
#887 = DIRECTION ( 'NONE',  ( -1.000000000000000000, -0.000000000000000000, -0.000000000000000000 ) ) ;
#888 = ORIENTED_EDGE ( 'NONE', *, *, #1040, .T. ) ;
#889 = DIRECTION ( 'NONE',  ( -1.000000000000000000, 0.000000000000000000, 0.000000000000000000 ) ) ;
#890 = CIRCLE ( 'NONE', #213, 12.00000000000000355 ) ;
#891 = EDGE_CURVE ( 'NONE', #333, #1399, #519, .T. ) ;
#892 = CARTESIAN_POINT ( 'NONE',  ( 4.000000000000000000, 4.000000000000000888, -4.000000000000000000 ) ) ;
#893 = CARTESIAN_POINT ( 'NONE',  ( 4.000000000000000000, -3.563350693518041457, 6.598297722519381736 ) ) ;
#894 = VECTOR ( 'NONE', #1561, 1000.000000000000000 ) ;
#895 = VERTEX_POINT ( 'NONE', #499 ) ;
#896 = DIRECTION ( 'NONE',  ( 0.000000000000000000, 0.000000000000000000, -1.000000000000000000 ) ) ;
#897 = EDGE_LOOP ( 'NONE', ( #953, #1567, #930, #247 ) ) ;
#898 = CARTESIAN_POINT ( 'NONE',  ( 4.000000000000000000, 5.174218124242792705, -5.427934027119095894 ) ) ;
#899 = CARTESIAN_POINT ( 'NONE',  ( 4.000000000000000000, -8.114068428760839780, -5.281370930390711926 ) ) ;
#900 = DIRECTION ( 'NONE',  ( -1.000000000000000000, 0.000000000000000000, 0.000000000000000000 ) ) ;
#901 = LINE ( 'NONE', #533, #262 ) ;
#902 = CARTESIAN_POINT ( 'NONE',  ( 0.000000000000000000, 4.000000000000000888, 4.000000000000000000 ) ) ;
#903 = FACE_OUTER_BOUND ( 'NONE', #695, .T. ) ;
#904 = VERTEX_POINT ( 'NONE', #491 ) ;
#905 = DIRECTION ( 'NONE',  ( -1.000000000000000000, 0.000000000000000000, 0.000000000000000000 ) ) ;
#906 = CARTESIAN_POINT ( 'NONE',  ( 4.000000000000000000, 5.174218124242715433, 5.427934027119173166 ) ) ;
#907 = ORIENTED_EDGE ( 'NONE', *, *, #426, .F. ) ;
#908 = ADVANCED_FACE ( 'NONE', ( #1101 ), #1233, .T. ) ;
#909 = AXIS2_PLACEMENT_3D ( 'NONE', #1340, #257, #4 ) ;
#910 = ORIENTED_EDGE ( 'NONE', *, *, #1327, .F. ) ;
#911 = ADVANCED_FACE ( 'NONE', ( #873 ), #155, .F. ) ;
#912 = DIRECTION ( 'NONE',  ( 0.000000000000000000, 0.9510565162951544194, -0.3090169943749447867 ) ) ;
#913 = PLANE ( 'NONE',  #1366 ) ;
#914 = EDGE_LOOP ( 'NONE', ( #1360, #1175, #310, #1365 ) ) ;
#915 = CARTESIAN_POINT ( 'NONE',  ( 4.000000000000000000, -4.000000000000000000, -3.999999999999999112 ) ) ;
#916 = PRESENTATION_LAYER_ASSIGNMENT (  '', '', ( #1432 ) ) ;
#917 = DIRECTION ( 'NONE',  ( -1.000000000000000000, -0.000000000000000000, -0.000000000000000000 ) ) ;
#918 = CARTESIAN_POINT ( 'NONE',  ( 0.000000000000000000, 6.652272588075121007, 9.987355476498493090 ) ) ;
#919 = ADVANCED_FACE ( 'NONE', ( #1006 ), #37, .T. ) ;
#920 = ORIENTED_EDGE ( 'NONE', *, *, #1254, .F. ) ;
#921 = DIRECTION ( 'NONE',  ( -1.000000000000000000, -0.000000000000000000, 0.000000000000000000 ) ) ;
#922 = DIRECTION ( 'NONE',  ( -1.000000000000000000, -0.000000000000000000, 0.000000000000000000 ) ) ;
#923 = VECTOR ( 'NONE', #921, 1000.000000000000000 ) ;
#924 = DIRECTION ( 'NONE',  ( 1.000000000000000000, 0.000000000000000000, 0.000000000000000000 ) ) ;
#925 = ORIENTED_EDGE ( 'NONE', *, *, #493, .F. ) ;
#926 = EDGE_CURVE ( 'NONE', #522, #713, #207, .T. ) ;
#927 = UNCERTAINTY_MEASURE_WITH_UNIT (LENGTH_MEASURE( 1.000000000000000082E-05 ), #1386, 'distance_accuracy_value', 'NONE');
#928 = CARTESIAN_POINT ( 'NONE',  ( 4.000000000000000000, -4.000000000000000000, -3.999999999999999112 ) ) ;
#929 = ORIENTED_EDGE ( 'NONE', *, *, #751, .T. ) ;
#930 = ORIENTED_EDGE ( 'NONE', *, *, #221, .T. ) ;
#931 = AXIS2_PLACEMENT_3D ( 'NONE', #700, #819, #1314 ) ;
#932 = ORIENTED_EDGE ( 'NONE', *, *, #1455, .F. ) ;
#933 = DIRECTION ( 'NONE',  ( 0.000000000000000000, 0.000000000000000000, 1.000000000000000000 ) ) ;
#934 = FACE_OUTER_BOUND ( 'NONE', #599, .T. ) ;
#935 = EDGE_CURVE ( 'NONE', #81, #794, #968, .T. ) ;
#936 = AXIS2_PLACEMENT_3D ( 'NONE', #322, #203, #1164 ) ;
#937 = CARTESIAN_POINT ( 'NONE',  ( 4.000000000000000000, 0.000000000000000000, 0.000000000000000000 ) ) ;
#938 = ORIENTED_EDGE ( 'NONE', *, *, #585, .T. ) ;
#939 = CIRCLE ( 'NONE', #295, 7.498999999999995225 ) ;
#940 = ORIENTED_EDGE ( 'NONE', *, *, #988, .T. ) ;
#941 = EDGE_CURVE ( 'NONE', #1308, #1124, #590, .T. ) ;
#942 = DIRECTION ( 'NONE',  ( -1.000000000000000000, -0.000000000000000000, 0.000000000000000000 ) ) ;
#943 = DIRECTION ( 'NONE',  ( -1.000000000000000000, -0.000000000000000000, 0.000000000000000000 ) ) ;
#944 = CARTESIAN_POINT ( 'NONE',  ( 0.000000000000000000, 0.9955708235580660315, 7.432619977859750371 ) ) ;
#945 = AXIS2_PLACEMENT_3D ( 'NONE', #235, #718, #952 ) ;
#946 = ORIENTED_EDGE ( 'NONE', *, *, #561, .F. ) ;
#947 = DIRECTION ( 'NONE',  ( 0.000000000000000000, 0.000000000000000000, -1.000000000000000000 ) ) ;
#948 = EDGE_LOOP ( 'NONE', ( #861, #535, #1192, #584 ) ) ;
#949 = EDGE_CURVE ( 'NONE', #1408, #1191, #646, .T. ) ;
#950 = AXIS2_PLACEMENT_3D ( 'NONE', #188, #761, #170 ) ;
#951 = AXIS2_PLACEMENT_3D ( 'NONE', #438, #1398, #912 ) ;
#952 = DIRECTION ( 'NONE',  ( 0.000000000000000000, 0.000000000000000000, 1.000000000000000000 ) ) ;
#953 = ORIENTED_EDGE ( 'NONE', *, *, #1459, .T. ) ;
#954 = ORIENTED_EDGE ( 'NONE', *, *, #252, .F. ) ;
#955 = ORIENTED_EDGE ( 'NONE', *, *, #56, .T. ) ;
#956 = CIRCLE ( 'NONE', #1223, 4.000000000000000000 ) ;
#957 = CARTESIAN_POINT ( 'NONE',  ( 4.000000000000000000, 3.460107307619089578, -9.042048594801423533 ) ) ;
#958 = DIRECTION ( 'NONE',  ( 0.000000000000000000, 0.000000000000000000, 1.000000000000000000 ) ) ;
#959 = VERTEX_POINT ( 'NONE', #27 ) ;
#960 = EDGE_CURVE ( 'NONE', #712, #1526, #1464, .T. ) ;
#961 = ORIENTED_EDGE ( 'NONE', *, *, #1261, .F. ) ;
#962 = DIRECTION ( 'NONE',  ( -1.000000000000000000, 0.000000000000000000, 0.000000000000000000 ) ) ;
#963 = DIRECTION ( 'NONE',  ( -1.000000000000000000, 0.000000000000000000, 0.000000000000000000 ) ) ;
#964 = DIRECTION ( 'NONE',  ( -1.000000000000000000, 0.000000000000000000, 0.000000000000000000 ) ) ;
#965 = CARTESIAN_POINT ( 'NONE',  ( 4.000000000000000000, 4.000000000000000888, -4.000000000000000000 ) ) ;
#966 = DIRECTION ( 'NONE',  ( -1.000000000000000000, -0.000000000000000000, 0.000000000000000000 ) ) ;
#967 = ORIENTED_EDGE ( 'NONE', *, *, #960, .F. ) ;
#968 = LINE ( 'NONE', #506, #406 ) ;
#969 = DIRECTION ( 'NONE',  ( -1.000000000000000000, -0.000000000000000000, -0.000000000000000000 ) ) ;
#970 = CARTESIAN_POINT ( 'NONE',  ( 4.000000000000000000, 11.55420478740979640, 3.240424621958764906 ) ) ;
#971 = CARTESIAN_POINT ( 'NONE',  ( 2.000000000000000000, 6.652272588075114790, 9.987355476498489537 ) ) ;
#972 = DIRECTION ( 'NONE',  ( -0.000000000000000000, 1.000000000000000000, -0.000000000000000000 ) ) ;
#973 = VECTOR ( 'NONE', #624, 1000.000000000000000 ) ;
#974 = LINE ( 'NONE', #619, #992 ) ;
#975 = CARTESIAN_POINT ( 'NONE',  ( 0.000000000000000000, -0.9955708235580152943, -7.432619977859755700 ) ) ;
#976 = LINE ( 'NONE', #285, #443 ) ;
#977 = AXIS2_PLACEMENT_3D ( 'NONE', #1569, #1449, #769 ) ;
#978 = VECTOR ( 'NONE', #271, 1000.000000000000000 ) ;
#979 = DIRECTION ( 'NONE',  ( -1.000000000000000000, -0.000000000000000000, -0.000000000000000000 ) ) ;
#980 = CIRCLE ( 'NONE', #708, 4.000000000000000000 ) ;
#981 = DIRECTION ( 'NONE',  ( -1.000000000000000000, 0.000000000000000000, 0.000000000000000000 ) ) ;
#982 = ORIENTED_EDGE ( 'NONE', *, *, #987, .T. ) ;
#983 = VECTOR ( 'NONE', #1114, 1000.000000000000000 ) ;
#984 = EDGE_CURVE ( 'NONE', #522, #402, #1116, .T. ) ;
#985 = CYLINDRICAL_SURFACE ( 'NONE', #1143, 7.498999999999996113 ) ;
#986 = CARTESIAN_POINT ( 'NONE',  ( 4.000000000000000000, -7.376489966672353127, -1.349961766711207600 ) ) ;
#987 = EDGE_CURVE ( 'NONE', #62, #1171, #890, .T. ) ;
#988 = EDGE_CURVE ( 'NONE', #1183, #205, #114, .T. ) ;
#989 = LINE ( 'NONE', #1356, #1197 ) ;
#990 = CARTESIAN_POINT ( 'NONE',  ( 0.000000000000000000, -6.652272588075054394, -9.987355476498537499 ) ) ;
#991 = VERTEX_POINT ( 'NONE', #1476 ) ;
#992 = VECTOR ( 'NONE', #1483, 1000.000000000000000 ) ;
#993 = DIRECTION ( 'NONE',  ( 0.000000000000000000, 0.000000000000000000, 1.000000000000000000 ) ) ;
#994 = AXIS2_PLACEMENT_3D ( 'NONE', #8, #836, #261 ) ;
#995 = DIRECTION ( 'NONE',  ( -1.000000000000000000, 0.000000000000000000, 0.000000000000000000 ) ) ;
#996 = DIRECTION ( 'NONE',  ( -1.000000000000000000, 0.000000000000000000, -0.000000000000000000 ) ) ;
#997 = CARTESIAN_POINT ( 'NONE',  ( 4.000000000000000000, -9.668731197158583868, 0.4966109222336798079 ) ) ;
#998 = DIRECTION ( 'NONE',  ( 1.000000000000000000, -0.000000000000000000, -0.000000000000000000 ) ) ;
#999 = EDGE_LOOP ( 'NONE', ( #434, #337, #1202, #954, #1275, #758, #365, #1304, #194, #538, #793, #1256, #747, #721, #1144, #1042, #301, #52, #1284, #223, #104, #967, #1220, #1580, #570, #1182, #1478, #323, #1371, #325, #932, #1181, #576, #679, #1179, #1201, #248, #766, #1293, #35 ) ) ;
#1000 = DIRECTION ( 'NONE',  ( -1.000000000000000000, 0.000000000000000000, 0.000000000000000000 ) ) ;
#1001 = VERTEX_POINT ( 'NONE', #1454 ) ;
#1002 = EDGE_LOOP ( 'NONE', ( #452, #107, #686, #1212 ) ) ;
#1003 = CARTESIAN_POINT ( 'NONE',  ( 0.000000000000000000, 3.460107307619089578, -9.042048594801423533 ) ) ;
#1004 = CARTESIAN_POINT ( 'NONE',  ( 4.000000000000000000, 0.000000000000000000, 0.000000000000000000 ) ) ;
#1005 = DIRECTION ( 'NONE',  ( -1.000000000000000000, 0.000000000000000000, 0.000000000000000000 ) ) ;
#1006 = FACE_OUTER_BOUND ( 'NONE', #518, .T. ) ;
#1007 = ORIENTED_EDGE ( 'NONE', *, *, #1012, .F. ) ;
#1008 = DIRECTION ( 'NONE',  ( 0.000000000000000000, 0.000000000000000000, 1.000000000000000000 ) ) ;
#1009 = CIRCLE ( 'NONE', #332, 12.00000000000000355 ) ;
#1010 = DIRECTION ( 'NONE',  ( -1.000000000000000000, 0.000000000000000000, 0.000000000000000000 ) ) ;
#1011 = CARTESIAN_POINT ( 'NONE',  ( 4.000000000000000000, 7.530267276328153514, 6.084904281749292210 ) ) ;
#1012 = EDGE_CURVE ( 'NONE', #611, #1208, #82, .T. ) ;
#1013 = AXIS2_PLACEMENT_3D ( 'NONE', #765, #969, #666 ) ;
#1014 = VECTOR ( 'NONE', #964, 1000.000000000000000 ) ;
#1015 = ORIENTED_EDGE ( 'NONE', *, *, #1452, .F. ) ;
#1016 = AXIS2_PLACEMENT_3D ( 'NONE', #1004, #397, #640 ) ;
#1017 = DIRECTION ( 'NONE',  ( 0.000000000000000000, 0.000000000000000000, 1.000000000000000000 ) ) ;
#1018 = AXIS2_PLACEMENT_3D ( 'NONE', #1250, #1510, #1361 ) ;
#1019 = AXIS2_PLACEMENT_3D ( 'NONE', #1092, #600, #1349 ) ;
#1020 = CARTESIAN_POINT ( 'NONE',  ( 4.000000000000000000, -3.563350693518041457, 6.598297722519381736 ) ) ;
#1021 = PRODUCT_DEFINITION ( 'UNKNOWN', '', #136, #206 ) ;
#1022 = DIRECTION ( 'NONE',  ( -1.000000000000000000, 0.000000000000000000, -0.000000000000000000 ) ) ;
#1023 = ORIENTED_EDGE ( 'NONE', *, *, #1214, .F. ) ;
#1024 = DIRECTION ( 'NONE',  ( -1.000000000000000000, -0.000000000000000000, 0.000000000000000000 ) ) ;
#1025 =( GEOMETRIC_REPRESENTATION_CONTEXT ( 3 ) GLOBAL_UNCERTAINTY_ASSIGNED_CONTEXT ( ( #927 ) ) GLOBAL_UNIT_ASSIGNED_CONTEXT ( ( #1386, #680, #880 ) ) REPRESENTATION_CONTEXT ( 'NONE', 'WORKASPACE' ) );
#1026 = CARTESIAN_POINT ( 'NONE',  ( 4.000000000000000000, 0.9955708235580660315, 7.432619977859750371 ) ) ;
#1027 = ORIENTED_EDGE ( 'NONE', *, *, #949, .T. ) ;
#1028 = CARTESIAN_POINT ( 'NONE',  ( 4.000000000000000000, -0.9955708235581199883, 7.432619977859743265 ) ) ;
#1029 = ORIENTED_EDGE ( 'NONE', *, *, #209, .F. ) ;
#1030 = ADVANCED_FACE ( 'NONE', ( #362 ), #256, .T. ) ;
#1031 = DIRECTION ( 'NONE',  ( -1.000000000000000000, -0.000000000000000000, 0.000000000000000000 ) ) ;
#1032 = CARTESIAN_POINT ( 'NONE',  ( 0.000000000000000000, -7.376489966672353127, -1.349961766711207600 ) ) ;
#1033 = LINE ( 'NONE', #627, #73 ) ;
#1034 = ORIENTED_EDGE ( 'NONE', *, *, #289, .F. ) ;
#1035 = EDGE_CURVE ( 'NONE', #1533, #1458, #989, .T. ) ;
#1036 = AXIS2_PLACEMENT_3D ( 'NONE', #1266, #1519, #1530 ) ;
#1037 = DIRECTION ( 'NONE',  ( 0.000000000000000000, 0.000000000000000000, 1.000000000000000000 ) ) ;
#1038 = CARTESIAN_POINT ( 'NONE',  ( 0.000000000000000000, 0.000000000000000000, 0.000000000000000000 ) ) ;
#1039 = EDGE_CURVE ( 'NONE', #356, #764, #418, .T. ) ;
#1040 = EDGE_CURVE ( 'NONE', #1471, #92, #1303, .T. ) ;
#1041 = ADVANCED_FACE ( 'NONE', ( #1218 ), #1491, .T. ) ;
#1042 = ORIENTED_EDGE ( 'NONE', *, *, #1111, .F. ) ;
#1043 = CYLINDRICAL_SURFACE ( 'NONE', #1120, 7.498999999999996113 ) ;
#1044 = AXIS2_PLACEMENT_3D ( 'NONE', #567, #1479, #1224 ) ;
#1045 = CARTESIAN_POINT ( 'NONE',  ( 4.000000000000000000, -6.761193359505710987, -3.243650005067718389 ) ) ;
#1046 = CARTESIAN_POINT ( 'NONE',  ( 0.000000000000000000, 0.000000000000000000, 0.000000000000000000 ) ) ;
#1047 = EDGE_CURVE ( 'NONE', #895, #991, #647, .T. ) ;
#1048 = VERTEX_POINT ( 'NONE', #1572 ) ;
#1049 = DIRECTION ( 'NONE',  ( -1.000000000000000000, -0.000000000000000000, -0.000000000000000000 ) ) ;
#1050 = ORIENTED_EDGE ( 'NONE', *, *, #298, .T. ) ;
#1051 = DIRECTION ( 'NONE',  ( -1.000000000000000000, 0.000000000000000000, -0.000000000000000000 ) ) ;
#1052 = VERTEX_POINT ( 'NONE', #393 ) ;
#1053 = ORIENTED_EDGE ( 'NONE', *, *, #1117, .F. ) ;
#1054 = EDGE_CURVE ( 'NONE', #1542, #713, #1581, .T. ) ;
#1055 = DIRECTION ( 'NONE',  ( 0.000000000000000000, -6.938893903907229955E-15, 1.000000000000000000 ) ) ;
#1056 = DIRECTION ( 'NONE',  ( -1.000000000000000000, -0.000000000000000000, -0.000000000000000000 ) ) ;
#1057 = ORIENTED_EDGE ( 'NONE', *, *, #181, .F. ) ;
#1058 = CARTESIAN_POINT ( 'NONE',  ( 4.000000000000000000, -4.000000000000000000, -3.999999999999999112 ) ) ;
#1059 = VECTOR ( 'NONE', #998, 1000.000000000000000 ) ;
#1060 = VERTEX_POINT ( 'NONE', #264 ) ;
#1061 = EDGE_LOOP ( 'NONE', ( #1057, #702, #1134, #419 ) ) ;
#1062 = EDGE_CURVE ( 'NONE', #1322, #1308, #636, .T. ) ;
#1063 = DIRECTION ( 'NONE',  ( -1.000000000000000000, 0.000000000000000000, 0.000000000000000000 ) ) ;
#1064 = DIRECTION ( 'NONE',  ( 0.000000000000000000, 0.000000000000000000, 1.000000000000000000 ) ) ;
#1065 = VERTEX_POINT ( 'NONE', #152 ) ;
#1066 = VECTOR ( 'NONE', #1010, 1000.000000000000000 ) ;
#1067 = ORIENTED_EDGE ( 'NONE', *, *, #493, .T. ) ;
#1068 = ORIENTED_EDGE ( 'NONE', *, *, #346, .T. ) ;
#1069 = ORIENTED_EDGE ( 'NONE', *, *, #241, .F. ) ;
#1070 = CARTESIAN_POINT ( 'NONE',  ( 2.000000000000000000, 0.4886186835208286006, 11.99004803085101756 ) ) ;
#1071 = CYLINDRICAL_SURFACE ( 'NONE', #865, 12.00000000000000000 ) ;
#1072 = EDGE_CURVE ( 'NONE', #102, #1183, #752, .T. ) ;
#1073 = DIRECTION ( 'NONE',  ( 0.000000000000000000, 0.000000000000000000, -1.000000000000000000 ) ) ;
#1074 = VERTEX_POINT ( 'NONE', #839 ) ;
#1075 = EDGE_CURVE ( 'NONE', #364, #1208, #704, .T. ) ;
#1076 = CYLINDRICAL_SURFACE ( 'NONE', #994, 4.000000000000000000 ) ;
#1077 = DIRECTION ( 'NONE',  ( -1.000000000000000000, -0.000000000000000000, -0.000000000000000000 ) ) ;
#1078 = ORIENTED_EDGE ( 'NONE', *, *, #987, .F. ) ;
#1079 = DIRECTION ( 'NONE',  ( 1.000000000000000000, -0.000000000000000000, 0.000000000000000000 ) ) ;
#1080 = ORIENTED_EDGE ( 'NONE', *, *, #1380, .F. ) ;
#1081 = CIRCLE ( 'NONE', #1505, 4.000000000000000888 ) ;
#1082 = VECTOR ( 'NONE', #1240, 1000.000000000000000 ) ;
#1083 = EDGE_CURVE ( 'NONE', #372, #618, #430, .T. ) ;
#1084 = DIRECTION ( 'NONE',  ( 0.000000000000000000, 0.000000000000000000, 1.000000000000000000 ) ) ;
#1085 = ORIENTED_EDGE ( 'NONE', *, *, #227, .F. ) ;
#1086 = AXIS2_PLACEMENT_3D ( 'NONE', #1506, #408, #1486 ) ;
#1087 = CYLINDRICAL_SURFACE ( 'NONE', #1126, 4.000000000000000000 ) ;
#1088 = LINE ( 'NONE', #971, #1094 ) ;
#1089 = CARTESIAN_POINT ( 'NONE',  ( 4.000000000000000000, -0.4886186835209135881, 11.99004803085101400 ) ) ;
#1090 = AXIS2_PLACEMENT_3D ( 'NONE', #997, #532, #159 ) ;
#1091 = CARTESIAN_POINT ( 'NONE',  ( 4.000000000000000000, 7.442874225550249356, -9.412949764162124922 ) ) ;
#1092 = CARTESIAN_POINT ( 'NONE',  ( 0.000000000000000000, 0.000000000000000000, 0.000000000000000000 ) ) ;
#1093 = EDGE_CURVE ( 'NONE', #498, #1350, #1180, .T. ) ;
#1094 = VECTOR ( 'NONE', #250, 1000.000000000000000 ) ;
#1095 = DIRECTION ( 'NONE',  ( 0.000000000000000000, 0.000000000000000000, 1.000000000000000000 ) ) ;
#1096 = CYLINDRICAL_SURFACE ( 'NONE', #560, 4.000000000000000000 ) ;
#1097 = AXIS2_PLACEMENT_3D ( 'NONE', #928, #1439, #1417 ) ;
#1098 = CARTESIAN_POINT ( 'NONE',  ( 4.000000000000000000, 6.761193359505737632, 3.243650005067668651 ) ) ;
#1099 = CARTESIAN_POINT ( 'NONE',  ( 4.000000000000000000, 0.000000000000000000, 0.000000000000000000 ) ) ;
#1100 = EDGE_CURVE ( 'NONE', #350, #280, #401, .T. ) ;
#1101 = FACE_OUTER_BOUND ( 'NONE', #1402, .T. ) ;
#1102 = ORIENTED_EDGE ( 'NONE', *, *, #281, .T. ) ;
#1103 = EDGE_CURVE ( 'NONE', #280, #1516, #734, .T. ) ;
#1104 = EDGE_CURVE ( 'NONE', #1588, #1430, #743, .T. ) ;
#1105 = FACE_OUTER_BOUND ( 'NONE', #1375, .T. ) ;
#1106 = CYLINDRICAL_SURFACE ( 'NONE', #1090, 4.000000000000000000 ) ;
#1107 = CARTESIAN_POINT ( 'NONE',  ( 0.000000000000000000, 7.530267276328237891, -6.084904281749183852 ) ) ;
#1108 = DIRECTION ( 'NONE',  ( 0.000000000000000000, 0.000000000000000000, -1.000000000000000000 ) ) ;
#1109 = VERTEX_POINT ( 'NONE', #628 ) ;
#1110 = CIRCLE ( 'NONE', #642, 3.999999999999999556 ) ;
#1111 = EDGE_CURVE ( 'NONE', #450, #1065, #1153, .T. ) ;
#1112 = DIRECTION ( 'NONE',  ( 0.000000000000000000, 0.000000000000000000, 1.000000000000000000 ) ) ;
#1113 = CARTESIAN_POINT ( 'NONE',  ( 4.000000000000000000, 0.000000000000000000, 0.000000000000000000 ) ) ;
#1114 = DIRECTION ( 'NONE',  ( -1.000000000000000000, -0.000000000000000000, 0.000000000000000000 ) ) ;
#1115 = CIRCLE ( 'NONE', #245, 4.000000000000000888 ) ;
#1116 = LINE ( 'NONE', #511, #692 ) ;
#1117 = EDGE_CURVE ( 'NONE', #1171, #350, #872, .T. ) ;
#1118 = CARTESIAN_POINT ( 'NONE',  ( 4.000000000000000000, -7.530267276328110881, -6.084904281749341060 ) ) ;
#1119 = DIRECTION ( 'NONE',  ( 0.000000000000000000, 0.000000000000000000, 1.000000000000000000 ) ) ;
#1120 = AXIS2_PLACEMENT_3D ( 'NONE', #1177, #1309, #1037 ) ;
#1121 = EDGE_CURVE ( 'NONE', #719, #153, #1348, .T. ) ;
#1122 = EDGE_CURVE ( 'NONE', #739, #1052, #30, .T. ) ;
#1123 = DIRECTION ( 'NONE',  ( 0.000000000000000000, 0.9510565162951544194, -0.3090169943749447867 ) ) ;
#1124 = VERTEX_POINT ( 'NONE', #1363 ) ;
#1125 = CARTESIAN_POINT ( 'NONE',  ( 4.000000000000000000, -0.9955708235580152943, -7.432619977859755700 ) ) ;
#1126 = AXIS2_PLACEMENT_3D ( 'NONE', #1587, #962, #460 ) ;
#1127 = DIRECTION ( 'NONE',  ( 0.000000000000000000, 0.5877852522924685852, 0.8090169943749507819 ) ) ;
#1128 = AXIS2_PLACEMENT_3D ( 'NONE', #1338, #966, #859 ) ;
#1129 = EDGE_LOOP ( 'NONE', ( #612, #421, #267, #244 ) ) ;
#1130 = CARTESIAN_POINT ( 'NONE',  ( 4.000000000000000000, -2.515497200311386905, -9.348971023926379686 ) ) ;
#1131 = CARTESIAN_POINT ( 'NONE',  ( 4.000000000000000000, 0.000000000000000000, 0.000000000000000000 ) ) ;
#1132 = ADVANCED_FACE ( 'NONE', ( #1370 ), #1106, .T. ) ;
#1133 = CIRCLE ( 'NONE', #231, 11.99999999999999822 ) ;
#1134 = ORIENTED_EDGE ( 'NONE', *, *, #834, .T. ) ;
#1135 = ADVANCED_FACE ( 'NONE', ( #1489 ), #514, .T. ) ;
#1136 = DIRECTION ( 'NONE',  ( 0.000000000000000000, 0.000000000000000000, 1.000000000000000000 ) ) ;
#1137 = CARTESIAN_POINT ( 'NONE',  ( 4.000000000000000000, -11.55420478740977153, -3.240424621958844842 ) ) ;
#1138 = CARTESIAN_POINT ( 'NONE',  ( 4.000000000000000000, 7.376489966672362897, 1.349961766711155864 ) ) ;
#1139 = DIRECTION ( 'NONE',  ( -1.000000000000000000, -0.000000000000000000, 0.000000000000000000 ) ) ;
#1140 = AXIS2_PLACEMENT_3D ( 'NONE', #151, #16, #641 ) ;
#1141 = AXIS2_PLACEMENT_3D ( 'NONE', #296, #196, #1512 ) ;
#1142 = CARTESIAN_POINT ( 'NONE',  ( 4.000000000000000000, 0.9955708235581716137, -7.432619977859734384 ) ) ;
#1143 = AXIS2_PLACEMENT_3D ( 'NONE', #1113, #1022, #1387 ) ;
#1144 = ORIENTED_EDGE ( 'NONE', *, *, #693, .F. ) ;
#1145 = CARTESIAN_POINT ( 'NONE',  ( 0.000000000000000000, 0.000000000000000000, 0.000000000000000000 ) ) ;
#1146 = CIRCLE ( 'NONE', #1277, 4.000000000000000888 ) ;
#1147 = CARTESIAN_POINT ( 'NONE',  ( 4.000000000000000000, 9.668731197158587420, -0.4966109222336078100 ) ) ;
#1148 = CYLINDRICAL_SURFACE ( 'NONE', #1221, 12.00000000000000000 ) ;
#1149 = ORIENTED_EDGE ( 'NONE', *, *, #1452, .T. ) ;
#1150 = ORIENTED_EDGE ( 'NONE', *, *, #1520, .T. ) ;
#1151 = CYLINDRICAL_SURFACE ( 'NONE', #588, 4.000000000000000888 ) ;
#1152 = CYLINDRICAL_SURFACE ( 'NONE', #1291, 3.999999999999999112 ) ;
#1153 = CIRCLE ( 'NONE', #662, 11.99999999999999822 ) ;
#1154 = DIRECTION ( 'NONE',  ( -1.000000000000000000, -0.000000000000000000, -0.000000000000000000 ) ) ;
#1155 = ORIENTED_EDGE ( 'NONE', *, *, #830, .T. ) ;
#1156 = ORIENTED_EDGE ( 'NONE', *, *, #56, .F. ) ;
#1157 = ORIENTED_EDGE ( 'NONE', *, *, #760, .T. ) ;
#1158 = AXIS2_PLACEMENT_3D ( 'NONE', #313, #1279, #190 ) ;
#1159 = AXIS2_PLACEMENT_3D ( 'NONE', #309, #193, #674 ) ;
#1160 = AXIS2_PLACEMENT_3D ( 'NONE', #217, #814, #96 ) ;
#1161 = FACE_OUTER_BOUND ( 'NONE', #1323, .T. ) ;
#1162 = EDGE_CURVE ( 'NONE', #1471, #364, #189, .T. ) ;
#1163 = DIRECTION ( 'NONE',  ( 0.000000000000000000, 0.9510565162951544194, -0.3090169943749447312 ) ) ;
#1164 = DIRECTION ( 'NONE',  ( 0.000000000000000000, 0.000000000000000000, 1.000000000000000000 ) ) ;
#1165 = CIRCLE ( 'NONE', #1509, 7.498999999999996113 ) ;
#1166 = AXIS2_PLACEMENT_3D ( 'NONE', #1003, #404, #413 ) ;
#1167 = EDGE_LOOP ( 'NONE', ( #823, #940, #175, #1150 ) ) ;
#1168 = VECTOR ( 'NONE', #1079, 1000.000000000000000 ) ;
#1169 = VERTEX_POINT ( 'NONE', #405 ) ;
#1170 = LINE ( 'NONE', #106, #676 ) ;
#1171 = VERTEX_POINT ( 'NONE', #297 ) ;
#1172 = CARTESIAN_POINT ( 'NONE',  ( 4.000000000000000000, 7.530267276328237891, -6.084904281749183852 ) ) ;
#1173 = AXIS2_PLACEMENT_3D ( 'NONE', #370, #849, #735 ) ;
#1174 = ORIENTED_EDGE ( 'NONE', *, *, #759, .T. ) ;
#1175 = ORIENTED_EDGE ( 'NONE', *, *, #1083, .F. ) ;
#1176 = EDGE_LOOP ( 'NONE', ( #38, #1541, #1245, #938 ) ) ;
#1177 = CARTESIAN_POINT ( 'NONE',  ( 4.000000000000000000, 0.000000000000000000, 0.000000000000000000 ) ) ;
#1178 = CYLINDRICAL_SURFACE ( 'NONE', #433, 4.000000000000000000 ) ;
#1179 = ORIENTED_EDGE ( 'NONE', *, *, #275, .F. ) ;
#1180 = CIRCLE ( 'NONE', #1368, 7.498999999999996113 ) ;
#1181 = ORIENTED_EDGE ( 'NONE', *, *, #846, .F. ) ;
#1182 = ORIENTED_EDGE ( 'NONE', *, *, #307, .F. ) ;
#1183 = VERTEX_POINT ( 'NONE', #415 ) ;
#1184 = AXIS2_PLACEMENT_3D ( 'NONE', #1385, #300, #1262 ) ;
#1185 = DIRECTION ( 'NONE',  ( 0.000000000000000000, 0.000000000000000000, -1.000000000000000000 ) ) ;
#1186 = ORIENTED_EDGE ( 'NONE', *, *, #846, .T. ) ;
#1187 = CARTESIAN_POINT ( 'NONE',  ( 4.000000000000000000, 6.761193359505782929, -3.243650005067569619 ) ) ;
#1188 = CLOSED_SHELL ( 'NONE', ( #324, #327, #664, #91, #877, #568, #632, #11, #1030, #79, #1324, #867, #908, #795, #1397, #1234, #1570, #919, #1490, #1132, #1407, #45, #714, #1272, #1482, #807, #88, #650, #169, #1206, #254, #1041, #1135, #1433, #366, #771, #1216, #715, #1203, #1289, #1475, #884, #1540, #737, #911, #1376 ) ) ;
#1189 = AXIS2_PLACEMENT_3D ( 'NONE', #390, #887, #140 ) ;
#1190 = CARTESIAN_POINT ( 'NONE',  ( 4.000000000000000000, -7.442874225550042411, -9.412949764162288346 ) ) ;
#1191 = VERTEX_POINT ( 'NONE', #1138 ) ;
#1192 = ORIENTED_EDGE ( 'NONE', *, *, #818, .F. ) ;
#1193 = EDGE_CURVE ( 'NONE', #315, #895, #1251, .T. ) ;
#1194 = DIRECTION ( 'NONE',  ( -1.000000000000000000, -0.000000000000000000, 0.000000000000000000 ) ) ;
#1195 = ORIENTED_EDGE ( 'NONE', *, *, #1083, .T. ) ;
#1196 = LINE ( 'NONE', #1225, #507 ) ;
#1197 = VECTOR ( 'NONE', #121, 1000.000000000000000 ) ;
#1198 = ORIENTED_EDGE ( 'NONE', *, *, #941, .T. ) ;
#1199 = AXIS2_PLACEMENT_3D ( 'NONE', #1145, #995, #28 ) ;
#1200 = DIRECTION ( 'NONE',  ( -1.000000000000000000, -0.000000000000000000, -0.000000000000000000 ) ) ;
#1201 = ORIENTED_EDGE ( 'NONE', *, *, #1551, .F. ) ;
#1202 = ORIENTED_EDGE ( 'NONE', *, *, #751, .F. ) ;
#1203 = ADVANCED_FACE ( 'NONE', ( #278 ), #985, .T. ) ;
#1204 = EDGE_LOOP ( 'NONE', ( #239, #1156, #431, #1315 ) ) ;
#1205 = AXIS2_PLACEMENT_3D ( 'NONE', #1286, #796, #449 ) ;
#1206 = ADVANCED_FACE ( 'NONE', ( #24 ), #1393, .T. ) ;
#1207 = DIRECTION ( 'NONE',  ( 1.000000000000000000, -0.000000000000000000, -0.000000000000000000 ) ) ;
#1208 = VERTEX_POINT ( 'NONE', #853 ) ;
#1209 = DIRECTION ( 'NONE',  ( -1.000000000000000000, 0.000000000000000000, 0.000000000000000000 ) ) ;
#1210 = VERTEX_POINT ( 'NONE', #475 ) ;
#1211 = ORIENTED_EDGE ( 'NONE', *, *, #338, .T. ) ;
#1212 = ORIENTED_EDGE ( 'NONE', *, *, #598, .T. ) ;
#1213 = DIRECTION ( 'NONE',  ( -1.000000000000000000, 0.000000000000000000, 0.000000000000000000 ) ) ;
#1214 = EDGE_CURVE ( 'NONE', #564, #402, #484, .T. ) ;
#1215 = DIRECTION ( 'NONE',  ( -1.000000000000000000, 0.000000000000000000, -0.000000000000000000 ) ) ;
#1216 = ADVANCED_FACE ( 'NONE', ( #1461 ), #367, .T. ) ;
#1217 = AXIS2_PLACEMENT_3D ( 'NONE', #1390, #1517, #896 ) ;
#1218 = FACE_OUTER_BOUND ( 'NONE', #897, .T. ) ;
#1219 = VERTEX_POINT ( 'NONE', #1480 ) ;
#1220 = ORIENTED_EDGE ( 'NONE', *, *, #1228, .F. ) ;
#1221 = AXIS2_PLACEMENT_3D ( 'NONE', #540, #917, #1412 ) ;
#1222 = ORIENTED_EDGE ( 'NONE', *, *, #1122, .F. ) ;
#1223 = AXIS2_PLACEMENT_3D ( 'NONE', #284, #1243, #870 ) ;
#1224 = DIRECTION ( 'NONE',  ( 0.000000000000000000, -0.5877852522924802425, 0.8090169943749422332 ) ) ;
#1225 = CARTESIAN_POINT ( 'NONE',  ( 0.000000000000000000, 4.000000000000000888, -4.000000000000000000 ) ) ;
#1226 = DIRECTION ( 'NONE',  ( -1.000000000000000000, 0.000000000000000000, 0.000000000000000000 ) ) ;
#1227 = CARTESIAN_POINT ( 'NONE',  ( 4.000000000000000000, 4.000000000000000888, -4.000000000000000000 ) ) ;
#1228 = EDGE_CURVE ( 'NONE', #713, #712, #562, .T. ) ;
#1229 = FACE_OUTER_BOUND ( 'NONE', #541, .T. ) ;
#1230 = CYLINDRICAL_SURFACE ( 'NONE', #1409, 7.498999999999996113 ) ;
#1231 = CARTESIAN_POINT ( 'NONE',  ( 4.000000000000000000, 0.000000000000000000, 0.000000000000000000 ) ) ;
#1232 = DIRECTION ( 'NONE',  ( 1.000000000000000000, 0.000000000000000000, 0.000000000000000000 ) ) ;
#1233 = CYLINDRICAL_SURFACE ( 'NONE', #1239, 4.000000000000000000 ) ;
#1234 = ADVANCED_FACE ( 'NONE', ( #1105 ), #270, .T. ) ;
#1235 = DIRECTION ( 'NONE',  ( 0.000000000000000000, 0.000000000000000000, 1.000000000000000000 ) ) ;
#1236 = AXIS2_PLACEMENT_3D ( 'NONE', #246, #609, #1466 ) ;
#1237 = DIRECTION ( 'NONE',  ( -1.000000000000000000, 0.000000000000000000, 0.000000000000000000 ) ) ;
#1238 = ORIENTED_EDGE ( 'NONE', *, *, #172, .F. ) ;
#1239 = AXIS2_PLACEMENT_3D ( 'NONE', #883, #981, #1095 ) ;
#1240 = DIRECTION ( 'NONE',  ( -1.000000000000000000, 0.000000000000000000, -0.000000000000000000 ) ) ;
#1241 = ORIENTED_EDGE ( 'NONE', *, *, #414, .F. ) ;
#1242 = DIRECTION ( 'NONE',  ( 0.000000000000000000, 0.000000000000000000, 1.000000000000000000 ) ) ;
#1243 = DIRECTION ( 'NONE',  ( 1.000000000000000000, 0.000000000000000000, 0.000000000000000000 ) ) ;
#1244 = ORIENTED_EDGE ( 'NONE', *, *, #23, .T. ) ;
#1245 = ORIENTED_EDGE ( 'NONE', *, *, #1103, .T. ) ;
#1246 = DIRECTION ( 'NONE',  ( -1.000000000000000000, -0.000000000000000000, -0.000000000000000000 ) ) ;
#1247 = EDGE_LOOP ( 'NONE', ( #1525, #1222, #946, #1155 ) ) ;
#1248 = LINE ( 'NONE', #660, #1317 ) ;
#1249 = AXIS2_PLACEMENT_3D ( 'NONE', #957, #740, #243 ) ;
#1250 = CARTESIAN_POINT ( 'NONE',  ( 0.000000000000000000, 0.000000000000000000, 0.000000000000000000 ) ) ;
#1251 = LINE ( 'NONE', #51, #744 ) ;
#1252 = CARTESIAN_POINT ( 'NONE',  ( 2.000000000000000000, 11.55420478740979640, 3.240424621958765794 ) ) ;
#1253 = CIRCLE ( 'NONE', #344, 3.999999999999999112 ) ;
#1254 = EDGE_CURVE ( 'NONE', #450, #546, #1088, .T. ) ;
#1255 = EDGE_CURVE ( 'NONE', #1450, #1219, #145, .T. ) ;
#1256 = ORIENTED_EDGE ( 'NONE', *, *, #448, .F. ) ;
#1257 = CARTESIAN_POINT ( 'NONE',  ( 0.000000000000000000, 0.000000000000000000, 0.000000000000000000 ) ) ;
#1258 = DIRECTION ( 'NONE',  ( -1.000000000000000000, 0.000000000000000000, -0.000000000000000000 ) ) ;
#1259 = CARTESIAN_POINT ( 'NONE',  ( 4.000000000000000000, 0.000000000000000000, 0.000000000000000000 ) ) ;
#1260 = CYLINDRICAL_SURFACE ( 'NONE', #748, 7.498999999999996113 ) ;
#1261 = EDGE_CURVE ( 'NONE', #1399, #1533, #1196, .T. ) ;
#1262 = DIRECTION ( 'NONE',  ( 0.000000000000000000, 0.5877852522924685852, 0.8090169943749507819 ) ) ;
#1263 = AXIS2_PLACEMENT_3D ( 'NONE', #144, #1508, #1008 ) ;
#1264 = AXIS2_PLACEMENT_3D ( 'NONE', #6, #638, #163 ) ;
#1265 = ORIENTED_EDGE ( 'NONE', *, *, #326, .F. ) ;
#1266 = CARTESIAN_POINT ( 'NONE',  ( 4.000000000000000000, 0.000000000000000000, 0.000000000000000000 ) ) ;
#1267 = CIRCLE ( 'NONE', #1184, 7.498999999999996113 ) ;
#1268 = DIRECTION ( 'NONE',  ( -1.000000000000000000, -0.000000000000000000, -0.000000000000000000 ) ) ;
#1269 = DIRECTION ( 'NONE',  ( -1.000000000000000000, -0.000000000000000000, 0.000000000000000000 ) ) ;
#1270 = ORIENTED_EDGE ( 'NONE', *, *, #1162, .T. ) ;
#1271 = VECTOR ( 'NONE', #575, 1000.000000000000000 ) ;
#1272 = ADVANCED_FACE ( 'NONE', ( #616 ), #1230, .T. ) ;
#1273 = DIRECTION ( 'NONE',  ( 0.000000000000000000, 0.000000000000000000, 1.000000000000000000 ) ) ;
#1274 = ORIENTED_EDGE ( 'NONE', *, *, #1285, .F. ) ;
#1275 = ORIENTED_EDGE ( 'NONE', *, *, #89, .F. ) ;
#1276 = CARTESIAN_POINT ( 'NONE',  ( 2.000000000000000000, -7.442874225550043299, -9.412949764162286570 ) ) ;
#1277 = AXIS2_PLACEMENT_3D ( 'NONE', #1426, #1545, #1302 ) ;
#1278 = DIRECTION ( 'NONE',  ( 1.000000000000000000, 0.000000000000000000, 0.000000000000000000 ) ) ;
#1279 = DIRECTION ( 'NONE',  ( -1.000000000000000000, -0.000000000000000000, -0.000000000000000000 ) ) ;
#1280 = ORIENTED_EDGE ( 'NONE', *, *, #1428, .F. ) ;
#1281 = CARTESIAN_POINT ( 'NONE',  ( 4.000000000000000000, -4.000000000000000000, -3.999999999999999112 ) ) ;
#1282 = DIRECTION ( 'NONE',  ( -0.000000000000000000, 0.000000000000000000, 1.000000000000000000 ) ) ;
#1283 =( NAMED_UNIT ( * ) SI_UNIT ( $, .STERADIAN. ) SOLID_ANGLE_UNIT ( ) );
#1284 = ORIENTED_EDGE ( 'NONE', *, *, #988, .F. ) ;
#1285 = EDGE_CURVE ( 'NONE', #153, #1183, #593, .T. ) ;
#1286 = CARTESIAN_POINT ( 'NONE',  ( 4.000000000000000000, 7.530267276328153514, 6.084904281749292210 ) ) ;
#1287 = DIRECTION ( 'NONE',  ( -1.000000000000000000, 0.000000000000000000, 0.000000000000000000 ) ) ;
#1288 = ORIENTED_EDGE ( 'NONE', *, *, #1121, .F. ) ;
#1289 = ADVANCED_FACE ( 'NONE', ( #485 ), #1076, .T. ) ;
#1290 = VECTOR ( 'NONE', #1379, 1000.000000000000000 ) ;
#1291 = AXIS2_PLACEMENT_3D ( 'NONE', #808, #1139, #1394 ) ;
#1292 = DIRECTION ( 'NONE',  ( -1.000000000000000000, -0.000000000000000000, -0.000000000000000000 ) ) ;
#1293 = ORIENTED_EDGE ( 'NONE', *, *, #115, .F. ) ;
#1294 = ORIENTED_EDGE ( 'NONE', *, *, #597, .T. ) ;
#1295 = CARTESIAN_POINT ( 'NONE',  ( 0.000000000000000000, -3.563350693518041457, 6.598297722519381736 ) ) ;
#1296 = APPLICATION_PROTOCOL_DEFINITION ( 'draft international standard', 'automotive_design', 1998, #745 ) ;
#1297 = ORIENTED_EDGE ( 'NONE', *, *, #386, .T. ) ;
#1298 = CIRCLE ( 'NONE', #669, 3.999999999999999112 ) ;
#1299 = AXIS2_PLACEMENT_3D ( 'NONE', #1441, #1336, #133 ) ;
#1300 = DIRECTION ( 'NONE',  ( 0.000000000000000000, 0.5877852522924685852, 0.8090169943749507819 ) ) ;
#1301 = DIRECTION ( 'NONE',  ( -1.000000000000000000, 0.000000000000000000, 0.000000000000000000 ) ) ;
#1302 = DIRECTION ( 'NONE',  ( 0.000000000000000000, 0.000000000000000000, -1.000000000000000000 ) ) ;
#1303 = CIRCLE ( 'NONE', #1173, 7.498999999999996113 ) ;
#1304 = ORIENTED_EDGE ( 'NONE', *, *, #423, .F. ) ;
#1305 = CIRCLE ( 'NONE', #1521, 4.000000000000000000 ) ;
#1306 = VERTEX_POINT ( 'NONE', #143 ) ;
#1307 = ORIENTED_EDGE ( 'NONE', *, *, #448, .T. ) ;
#1308 = VERTEX_POINT ( 'NONE', #626 ) ;
#1309 = DIRECTION ( 'NONE',  ( -1.000000000000000000, -0.000000000000000000, 0.000000000000000000 ) ) ;
#1310 = ORIENTED_EDGE ( 'NONE', *, *, #318, .T. ) ;
#1311 = DIRECTION ( 'NONE',  ( 0.000000000000000000, 0.000000000000000000, 1.000000000000000000 ) ) ;
#1312 = EDGE_LOOP ( 'NONE', ( #319, #1429, #1034, #610 ) ) ;
#1313 = CARTESIAN_POINT ( 'NONE',  ( 4.000000000000000000, 0.000000000000000000, 0.000000000000000000 ) ) ;
#1314 = DIRECTION ( 'NONE',  ( 0.000000000000000000, -0.9510565162951500895, -0.3090169943749582759 ) ) ;
#1315 = ORIENTED_EDGE ( 'NONE', *, *, #385, .T. ) ;
#1316 = ORIENTED_EDGE ( 'NONE', *, *, #842, .T. ) ;
#1317 = VECTOR ( 'NONE', #429, 1000.000000000000000 ) ;
#1318 = LINE ( 'NONE', #697, #723 ) ;
#1319 = DIRECTION ( 'NONE',  ( 0.000000000000000000, 0.9510565162951521989, 0.3090169943749515036 ) ) ;
#1320 = CYLINDRICAL_SURFACE ( 'NONE', #717, 4.000000000000000000 ) ;
#1321 = CARTESIAN_POINT ( 'NONE',  ( 0.000000000000000000, 0.000000000000000000, 0.000000000000000000 ) ) ;
#1322 = VERTEX_POINT ( 'NONE', #1098 ) ;
#1323 = EDGE_LOOP ( 'NONE', ( #72, #1027, #311, #1310 ) ) ;
#1324 = ADVANCED_FACE ( 'NONE', ( #864, #150 ), #302, .F. ) ;
#1325 = ORIENTED_EDGE ( 'NONE', *, *, #299, .T. ) ;
#1326 = AXIS2_PLACEMENT_3D ( 'NONE', #1579, #137, #732 ) ;
#1327 = EDGE_CURVE ( 'NONE', #455, #74, #272, .T. ) ;
#1328 = VECTOR ( 'NONE', #1207, 1000.000000000000000 ) ;
#1329 = CARTESIAN_POINT ( 'NONE',  ( 2.000000000000000000, 6.652272588075257786, -9.987355476498395390 ) ) ;
#1330 = DIRECTION ( 'NONE',  ( -1.000000000000000000, -0.000000000000000000, -0.000000000000000000 ) ) ;
#1331 = ORIENTED_EDGE ( 'NONE', *, *, #1193, .T. ) ;
#1332 = VERTEX_POINT ( 'NONE', #512 ) ;
#1333 = FACE_OUTER_BOUND ( 'NONE', #1204, .T. ) ;
#1334 = EDGE_CURVE ( 'NONE', #102, #719, #653, .T. ) ;
#1335 = CARTESIAN_POINT ( 'NONE',  ( 4.000000000000000000, -7.530267276328197035, 6.084904281749237143 ) ) ;
#1336 = DIRECTION ( 'NONE',  ( -1.000000000000000000, -0.000000000000000000, -0.000000000000000000 ) ) ;
#1337 = CARTESIAN_POINT ( 'NONE',  ( 4.000000000000000000, -0.9955708235580152943, -7.432619977859755700 ) ) ;
#1338 = CARTESIAN_POINT ( 'NONE',  ( 4.000000000000000000, 0.000000000000000000, 0.000000000000000000 ) ) ;
#1339 = AXIS2_PLACEMENT_3D ( 'NONE', #465, #355, #1391 ) ;
#1340 = CARTESIAN_POINT ( 'NONE',  ( 0.000000000000000000, 8.114068428760875307, -5.281370930390655971 ) ) ;
#1341 = EDGE_LOOP ( 'NONE', ( #230, #1029, #817, #198 ) ) ;
#1342 = ORIENTED_EDGE ( 'NONE', *, *, #633, .F. ) ;
#1343 = ORIENTED_EDGE ( 'NONE', *, *, #785, .T. ) ;
#1344 = CARTESIAN_POINT ( 'NONE',  ( 4.000000000000000000, -8.114068428760839780, -5.281370930390711926 ) ) ;
#1345 = EDGE_CURVE ( 'NONE', #1052, #1399, #976, .T. ) ;
#1346 = CARTESIAN_POINT ( 'NONE',  ( 0.000000000000000000, -3.460107307619022521, 9.042048594801451955 ) ) ;
#1347 = CARTESIAN_POINT ( 'NONE',  ( 0.000000000000000000, 5.174218124242793593, -5.427934027119096783 ) ) ;
#1348 = CIRCLE ( 'NONE', #827, 12.00000000000000355 ) ;
#1349 = DIRECTION ( 'NONE',  ( 0.000000000000000000, 0.000000000000000000, 1.000000000000000000 ) ) ;
#1350 = VERTEX_POINT ( 'NONE', #762 ) ;
#1351 = CARTESIAN_POINT ( 'NONE',  ( 2.000000000000000000, 0.4886186835209986312, -11.99004803085101045 ) ) ;
#1352 = ORIENTED_EDGE ( 'NONE', *, *, #733, .F. ) ;
#1353 = AXIS2_PLACEMENT_3D ( 'NONE', #770, #502, #1484 ) ;
#1354 = CARTESIAN_POINT ( 'NONE',  ( 4.000000000000000000, 0.4886186835209981871, -11.99004803085101045 ) ) ;
#1355 = DIRECTION ( 'NONE',  ( 0.000000000000000000, 0.000000000000000000, 1.000000000000000000 ) ) ;
#1356 = CARTESIAN_POINT ( 'NONE',  ( 0.000000000000000000, 4.000000000000000888, -4.000000000000000000 ) ) ;
#1357 = CIRCLE ( 'NONE', #240, 11.99999999999999822 ) ;
#1358 = AXIS2_PLACEMENT_3D ( 'NONE', #1321, #725, #749 ) ;
#1359 = DIRECTION ( 'NONE',  ( 0.000000000000000000, 0.5877852522924741363, -0.8090169943749465631 ) ) ;
#1360 = ORIENTED_EDGE ( 'NONE', *, *, #1564, .F. ) ;
#1361 = DIRECTION ( 'NONE',  ( 0.000000000000000000, 0.000000000000000000, -1.000000000000000000 ) ) ;
#1362 = FACE_OUTER_BOUND ( 'NONE', #914, .T. ) ;
#1363 = CARTESIAN_POINT ( 'NONE',  ( 0.000000000000000000, 11.25222183345567473, 4.169832587850925698 ) ) ;
#1364 = FACE_OUTER_BOUND ( 'NONE', #154, .T. ) ;
#1365 = ORIENTED_EDGE ( 'NONE', *, *, #1551, .T. ) ;
#1366 = AXIS2_PLACEMENT_3D ( 'NONE', #46, #112, #789 ) ;
#1367 = CARTESIAN_POINT ( 'NONE',  ( -10.00000000000000000, 0.000000000000000000, 0.000000000000000000 ) ) ;
#1368 = AXIS2_PLACEMENT_3D ( 'NONE', #3, #1209, #489 ) ;
#1369 = LINE ( 'NONE', #283, #894 ) ;
#1370 = FACE_OUTER_BOUND ( 'NONE', #882, .T. ) ;
#1371 = ORIENTED_EDGE ( 'NONE', *, *, #572, .F. ) ;
#1372 = CIRCLE ( 'NONE', #1577, 7.498999999999997002 ) ;
#1373 = VECTOR ( 'NONE', #630, 1000.000000000000000 ) ;
#1374 = DIRECTION ( 'NONE',  ( 0.000000000000000000, 0.000000000000000000, 1.000000000000000000 ) ) ;
#1375 = EDGE_LOOP ( 'NONE', ( #71, #786, #1578, #1316 ) ) ;
#1376 = ADVANCED_FACE ( 'NONE', ( #754 ), #488, .F. ) ;
#1377 = ADVANCED_BREP_SHAPE_REPRESENTATION ( 'SmallGear', ( #607, #801 ), #613 ) ;
#1378 = CIRCLE ( 'NONE', #439, 11.99999999999999822 ) ;
#1379 = DIRECTION ( 'NONE',  ( -1.000000000000000000, 0.000000000000000000, 0.000000000000000000 ) ) ;
#1380 = EDGE_CURVE ( 'NONE', #546, #959, #483, .T. ) ;
#1381 = CARTESIAN_POINT ( 'NONE',  ( 0.000000000000000000, 0.000000000000000000, 0.000000000000000000 ) ) ;
#1382 = LINE ( 'NONE', #881, #983 ) ;
#1383 = ORIENTED_EDGE ( 'NONE', *, *, #1054, .T. ) ;
#1384 = FACE_OUTER_BOUND ( 'NONE', #427, .T. ) ;
#1385 = CARTESIAN_POINT ( 'NONE',  ( 4.000000000000000000, 0.000000000000000000, 0.000000000000000000 ) ) ;
#1386 =( LENGTH_UNIT ( ) NAMED_UNIT ( * ) SI_UNIT ( .MILLI., .METRE. ) );
#1387 = DIRECTION ( 'NONE',  ( 0.000000000000000000, 0.000000000000000000, 1.000000000000000000 ) ) ;
#1388 = DIRECTION ( 'NONE',  ( -1.000000000000000000, -0.000000000000000000, -0.000000000000000000 ) ) ;
#1389 = DIRECTION ( 'NONE',  ( 0.000000000000000000, 0.000000000000000000, 1.000000000000000000 ) ) ;
#1390 = CARTESIAN_POINT ( 'NONE',  ( 0.000000000000000000, 3.460107307618959016, 9.042048594801475048 ) ) ;
#1391 = DIRECTION ( 'NONE',  ( 0.000000000000000000, 0.000000000000000000, -1.000000000000000000 ) ) ;
#1392 = DIRECTION ( 'NONE',  ( -1.000000000000000000, -0.000000000000000000, 0.000000000000000000 ) ) ;
#1393 = CYLINDRICAL_SURFACE ( 'NONE', #1536, 7.498999999999996113 ) ;
#1394 = DIRECTION ( 'NONE',  ( 0.000000000000000000, 0.000000000000000000, 1.000000000000000000 ) ) ;
#1395 = FACE_OUTER_BOUND ( 'NONE', #1002, .T. ) ;
#1396 = EDGE_CURVE ( 'NONE', #214, #436, #1357, .T. ) ;
#1397 = ADVANCED_FACE ( 'NONE', ( #1534 ), #1260, .T. ) ;
#1398 = DIRECTION ( 'NONE',  ( -1.000000000000000000, 0.000000000000000000, -0.000000000000000000 ) ) ;
#1399 = VERTEX_POINT ( 'NONE', #902 ) ;
#1400 = DIRECTION ( 'NONE',  ( 1.000000000000000000, 0.000000000000000000, -0.000000000000000000 ) ) ;
#1401 = DIRECTION ( 'NONE',  ( 0.000000000000000000, 0.000000000000000000, 1.000000000000000000 ) ) ;
#1402 = EDGE_LOOP ( 'NONE', ( #671, #688, #103, #1174 ) ) ;
#1403 = DIRECTION ( 'NONE',  ( 0.000000000000000000, 0.000000000000000000, 1.000000000000000000 ) ) ;
#1404 = CIRCLE ( 'NONE', #388, 4.000000000000000000 ) ;
#1405 = CARTESIAN_POINT ( 'NONE',  ( 4.000000000000000000, -3.563350693517948198, -6.598297722519429698 ) ) ;
#1406 = DIRECTION ( 'NONE',  ( -1.000000000000000000, 0.000000000000000000, -0.000000000000000000 ) ) ;
#1407 = ADVANCED_FACE ( 'NONE', ( #1395 ), #314, .T. ) ;
#1408 = VERTEX_POINT ( 'NONE', #970 ) ;
#1409 = AXIS2_PLACEMENT_3D ( 'NONE', #1568, #943, #1589 ) ;
#1410 = EDGE_LOOP ( 'NONE', ( #1053, #1078, #1463, #851 ) ) ;
#1411 = CARTESIAN_POINT ( 'NONE',  ( 0.000000000000000000, -8.114068428760912610, 5.281370930390599128 ) ) ;
#1412 = DIRECTION ( 'NONE',  ( 0.000000000000000000, 0.000000000000000000, 1.000000000000000000 ) ) ;
#1413 = DIRECTION ( 'NONE',  ( -1.000000000000000000, -0.000000000000000000, -0.000000000000000000 ) ) ;
#1414 = AXIS2_PLACEMENT_3D ( 'NONE', #705, #822, #1185 ) ;
#1415 = EDGE_CURVE ( 'NONE', #794, #356, #166, .T. ) ;
#1416 = ORIENTED_EDGE ( 'NONE', *, *, #1039, .F. ) ;
#1417 = DIRECTION ( 'NONE',  ( 0.000000000000000000, -0.000000000000000000, -1.000000000000000000 ) ) ;
#1418 = DIRECTION ( 'NONE',  ( 0.000000000000000000, -0.5877852522924624790, -0.8090169943749553338 ) ) ;
#1419 = ORIENTED_EDGE ( 'NONE', *, *, #281, .F. ) ;
#1420 = DIRECTION ( 'NONE',  ( 0.000000000000000000, 0.000000000000000000, -1.000000000000000000 ) ) ;
#1421 = EDGE_LOOP ( 'NONE', ( #347, #467, #1544, #1436 ) ) ;
#1422 = VECTOR ( 'NONE', #1292, 1000.000000000000000 ) ;
#1423 = CARTESIAN_POINT ( 'NONE',  ( 4.000000000000000000, -4.000000000000000000, 4.000000000000000000 ) ) ;
#1424 = APPLICATION_CONTEXT ( 'automotive_design' ) ;
#1425 = LINE ( 'NONE', #218, #1451 ) ;
#1426 = CARTESIAN_POINT ( 'NONE',  ( 0.000000000000000000, -8.114068428760839780, -5.281370930390711926 ) ) ;
#1427 = ORIENTED_EDGE ( 'NONE', *, *, #411, .T. ) ;
#1428 = EDGE_CURVE ( 'NONE', #87, #764, #1146, .T. ) ;
#1429 = ORIENTED_EDGE ( 'NONE', *, *, #891, .F. ) ;
#1430 = VERTEX_POINT ( 'NONE', #1058 ) ;
#1431 = DIRECTION ( 'NONE',  ( -1.000000000000000000, -0.000000000000000000, -0.000000000000000000 ) ) ;
#1432 = STYLED_ITEM ( 'NONE', ( #869 ), #607 ) ;
#1433 = ADVANCED_FACE ( 'NONE', ( #934 ), #1096, .T. ) ;
#1434 = ORIENTED_EDGE ( 'NONE', *, *, #1455, .T. ) ;
#1435 = CARTESIAN_POINT ( 'NONE',  ( 4.000000000000000000, 3.460107307618959016, 9.042048594801475048 ) ) ;
#1436 = ORIENTED_EDGE ( 'NONE', *, *, #1559, .T. ) ;
#1437 = VERTEX_POINT ( 'NONE', #1469 ) ;
#1438 = ORIENTED_EDGE ( 'NONE', *, *, #1415, .F. ) ;
#1439 = DIRECTION ( 'NONE',  ( 0.000000000000000000, -1.000000000000000000, 0.000000000000000000 ) ) ;
#1440 = DIRECTION ( 'NONE',  ( 0.000000000000000000, 0.9510565162951521989, 0.3090169943749515036 ) ) ;
#1441 = CARTESIAN_POINT ( 'NONE',  ( 0.000000000000000000, 0.000000000000000000, 0.000000000000000000 ) ) ;
#1442 = CIRCLE ( 'NONE', #573, 11.99999999999999822 ) ;
#1443 = VERTEX_POINT ( 'NONE', #330 ) ;
#1444 = EDGE_CURVE ( 'NONE', #81, #1453, #1562, .T. ) ;
#1445 = DIRECTION ( 'NONE',  ( 0.000000000000000000, 0.000000000000000000, 1.000000000000000000 ) ) ;
#1446 = ORIENTED_EDGE ( 'NONE', *, *, #1345, .F. ) ;
#1447 = EDGE_LOOP ( 'NONE', ( #149, #1238, #197, #93 ) ) ;
#1448 = DIRECTION ( 'NONE',  ( -1.000000000000000000, 0.000000000000000000, 0.000000000000000000 ) ) ;
#1449 = DIRECTION ( 'NONE',  ( -1.000000000000000000, -0.000000000000000000, 0.000000000000000000 ) ) ;
#1450 = VERTEX_POINT ( 'NONE', #1295 ) ;
#1451 = VECTOR ( 'NONE', #1301, 1000.000000000000000 ) ;
#1452 = EDGE_CURVE ( 'NONE', #764, #703, #800, .T. ) ;
#1453 = VERTEX_POINT ( 'NONE', #1555 ) ;
#1454 = CARTESIAN_POINT ( 'NONE',  ( 4.000000000000000000, -5.174218124242752737, 5.427934027119135862 ) ) ;
#1455 = EDGE_CURVE ( 'NONE', #703, #498, #64, .T. ) ;
#1456 = ORIENTED_EDGE ( 'NONE', *, *, #289, .T. ) ;
#1457 = ORIENTED_EDGE ( 'NONE', *, *, #1100, .T. ) ;
#1458 = VERTEX_POINT ( 'NONE', #458 ) ;
#1459 = EDGE_CURVE ( 'NONE', #1109, #436, #142, .T. ) ;
#1460 = CARTESIAN_POINT ( 'NONE',  ( 4.000000000000000000, 3.563350693518087642, -6.598297722519355091 ) ) ;
#1461 = FACE_OUTER_BOUND ( 'NONE', #1566, .T. ) ;
#1462 = DIRECTION ( 'NONE',  ( -1.000000000000000000, 0.000000000000000000, -0.000000000000000000 ) ) ;
#1463 = ORIENTED_EDGE ( 'NONE', *, *, #25, .F. ) ;
#1464 = CIRCLE ( 'NONE', #80, 7.498999999999997890 ) ;
#1465 = ORIENTED_EDGE ( 'NONE', *, *, #1039, .T. ) ;
#1466 = DIRECTION ( 'NONE',  ( 0.000000000000000000, -0.5877852522924624790, -0.8090169943749552228 ) ) ;
#1467 = ORIENTED_EDGE ( 'NONE', *, *, #1522, .T. ) ;
#1468 = ORIENTED_EDGE ( 'NONE', *, *, #192, .F. ) ;
#1469 = CARTESIAN_POINT ( 'NONE',  ( 0.000000000000000000, 3.563350693517993939, 6.598297722519407493 ) ) ;
#1470 = PRODUCT_DEFINITION_SHAPE ( 'NONE', 'NONE',  #1021 ) ;
#1471 = VERTEX_POINT ( 'NONE', #1460 ) ;
#1472 = EDGE_CURVE ( 'NONE', #696, #841, #85, .T. ) ;
#1473 = DIRECTION ( 'NONE',  ( 0.000000000000000000, -0.9510565162951565288, 0.3090169943749383474 ) ) ;
#1474 = SURFACE_STYLE_FILL_AREA ( #383 ) ;
#1475 = ADVANCED_FACE ( 'NONE', ( #844 ), #1178, .T. ) ;
#1476 = CARTESIAN_POINT ( 'NONE',  ( 0.000000000000000000, -11.25222183345570137, 4.169832587850845762 ) ) ;
#1477 = DIRECTION ( 'NONE',  ( -1.000000000000000000, 0.000000000000000000, -0.000000000000000000 ) ) ;
#1478 = ORIENTED_EDGE ( 'NONE', *, *, #810, .F. ) ;
#1479 = DIRECTION ( 'NONE',  ( -1.000000000000000000, 0.000000000000000000, 0.000000000000000000 ) ) ;
#1480 = CARTESIAN_POINT ( 'NONE',  ( 0.000000000000000000, -0.9955708235581199883, 7.432619977859743265 ) ) ;
#1481 = LINE ( 'NONE', #866, #978 ) ;
#1482 = ADVANCED_FACE ( 'NONE', ( #1333 ), #809, .T. ) ;
#1483 = DIRECTION ( 'NONE',  ( -1.000000000000000000, 0.000000000000000000, 0.000000000000000000 ) ) ;
#1484 = DIRECTION ( 'NONE',  ( 0.000000000000000000, -0.5877852522924802425, 0.8090169943749422332 ) ) ;
#1485 = DIRECTION ( 'NONE',  ( 0.000000000000000000, 0.000000000000000000, 1.000000000000000000 ) ) ;
#1486 = DIRECTION ( 'NONE',  ( 0.000000000000000000, 0.000000000000000000, 1.000000000000000000 ) ) ;
#1487 = VERTEX_POINT ( 'NONE', #614 ) ;
#1488 = CYLINDRICAL_SURFACE ( 'NONE', #49, 12.00000000000000000 ) ;
#1489 = FACE_OUTER_BOUND ( 'NONE', #373, .T. ) ;
#1490 = ADVANCED_FACE ( 'NONE', ( #482 ), #1087, .T. ) ;
#1491 = CYLINDRICAL_SURFACE ( 'NONE', #340, 4.000000000000000000 ) ;
#1492 = EDGE_LOOP ( 'NONE', ( #920, #661, #464, #1080 ) ) ;
#1493 = AXIS2_PLACEMENT_3D ( 'NONE', #288, #651, #1123 ) ;
#1494 = DIRECTION ( 'NONE',  ( 0.000000000000000000, 0.000000000000000000, 1.000000000000000000 ) ) ;
#1495 = ORIENTED_EDGE ( 'NONE', *, *, #412, .F. ) ;
#1496 = CARTESIAN_POINT ( 'NONE',  ( 0.000000000000000000, -0.4886186835209097024, 11.99004803085101933 ) ) ;
#1497 = CARTESIAN_POINT ( 'NONE',  ( 4.000000000000000000, -0.4886186835207448897, -11.99004803085102289 ) ) ;
#1498 = CARTESIAN_POINT ( 'NONE',  ( 0.000000000000000000, 9.668731197158582091, 0.4966109222337483087 ) ) ;
#1499 = ORIENTED_EDGE ( 'NONE', *, *, #317, .T. ) ;
#1500 = AXIS2_PLACEMENT_3D ( 'NONE', #497, #1330, #958 ) ;
#1501 = FACE_OUTER_BOUND ( 'NONE', #553, .T. ) ;
#1502 = DIRECTION ( 'NONE',  ( -1.000000000000000000, 0.000000000000000000, -0.000000000000000000 ) ) ;
#1503 = ORIENTED_EDGE ( 'NONE', *, *, #480, .T. ) ;
#1504 = AXIS2_PLACEMENT_3D ( 'NONE', #40, #1278, #312 ) ;
#1505 = AXIS2_PLACEMENT_3D ( 'NONE', #673, #558, #67 ) ;
#1506 = CARTESIAN_POINT ( 'NONE',  ( 4.000000000000000000, 0.000000000000000000, 0.000000000000000000 ) ) ;
#1507 = VERTEX_POINT ( 'NONE', #55 ) ;
#1508 = DIRECTION ( 'NONE',  ( -1.000000000000000000, -0.000000000000000000, 0.000000000000000000 ) ) ;
#1509 = AXIS2_PLACEMENT_3D ( 'NONE', #384, #510, #1127 ) ;
#1510 = DIRECTION ( 'NONE',  ( 1.000000000000000000, 0.000000000000000000, 0.000000000000000000 ) ) ;
#1511 = VECTOR ( 'NONE', #791, 1000.000000000000000 ) ;
#1512 = DIRECTION ( 'NONE',  ( 0.000000000000000000, 0.000000000000000000, 1.000000000000000000 ) ) ;
#1513 = CARTESIAN_POINT ( 'NONE',  ( 4.000000000000000000, -4.000000000000000000, 4.000000000000000000 ) ) ;
#1514 = DIRECTION ( 'NONE',  ( 0.000000000000000000, 0.000000000000000000, -1.000000000000000000 ) ) ;
#1515 = VECTOR ( 'NONE', #1502, 1000.000000000000000 ) ;
#1516 = VERTEX_POINT ( 'NONE', #898 ) ;
#1517 = DIRECTION ( 'NONE',  ( 1.000000000000000000, 0.000000000000000000, 0.000000000000000000 ) ) ;
#1518 = ORIENTED_EDGE ( 'NONE', *, *, #326, .T. ) ;
#1519 = DIRECTION ( 'NONE',  ( -1.000000000000000000, 0.000000000000000000, -0.000000000000000000 ) ) ;
#1520 = EDGE_CURVE ( 'NONE', #1575, #153, #470, .T. ) ;
#1521 = AXIS2_PLACEMENT_3D ( 'NONE', #224, #942, #351 ) ;
#1522 = EDGE_CURVE ( 'NONE', #583, #555, #1573, .T. ) ;
#1523 = FACE_OUTER_BOUND ( 'NONE', #813, .T. ) ;
#1524 = EDGE_LOOP ( 'NONE', ( #825, #215, #644, #1157 ) ) ;
#1525 = ORIENTED_EDGE ( 'NONE', *, *, #63, .T. ) ;
#1526 = VERTEX_POINT ( 'NONE', #1028 ) ;
#1527 = LINE ( 'NONE', #892, #1511 ) ;
#1528 = CARTESIAN_POINT ( 'NONE',  ( 4.000000000000000000, 0.000000000000000000, 0.000000000000000000 ) ) ;
#1529 = ORIENTED_EDGE ( 'NONE', *, *, #508, .T. ) ;
#1530 = DIRECTION ( 'NONE',  ( 0.000000000000000000, 0.5877852522924742473, -0.8090169943749465631 ) ) ;
#1531 = CARTESIAN_POINT ( 'NONE',  ( 4.000000000000000000, 11.55420478740979640, -3.240424621958764906 ) ) ;
#1532 = AXIS2_PLACEMENT_3D ( 'NONE', #1528, #1287, #202 ) ;
#1533 = VERTEX_POINT ( 'NONE', #663 ) ;
#1534 = FACE_OUTER_BOUND ( 'NONE', #1061, .T. ) ;
#1535 = ORIENTED_EDGE ( 'NONE', *, *, #317, .F. ) ;
#1536 = AXIS2_PLACEMENT_3D ( 'NONE', #304, #1448, #124 ) ;
#1537 = CARTESIAN_POINT ( 'NONE',  ( 4.000000000000000000, 8.114068428760875307, 5.281370930390655971 ) ) ;
#1538 = FACE_OUTER_BOUND ( 'NONE', #726, .T. ) ;
#1539 = APPLICATION_PROTOCOL_DEFINITION ( 'draft international standard', 'automotive_design', 1998, #1424 ) ;
#1540 = ADVANCED_FACE ( 'NONE', ( #547 ), #913, .F. ) ;
#1541 = ORIENTED_EDGE ( 'NONE', *, *, #174, .F. ) ;
#1542 = VERTEX_POINT ( 'NONE', #432 ) ;
#1543 = FACE_OUTER_BOUND ( 'NONE', #1247, .T. ) ;
#1544 = ORIENTED_EDGE ( 'NONE', *, *, #960, .T. ) ;
#1545 = DIRECTION ( 'NONE',  ( 1.000000000000000000, 0.000000000000000000, 0.000000000000000000 ) ) ;
#1546 = AXIS2_PLACEMENT_3D ( 'NONE', #1537, #445, #933 ) ;
#1547 = CIRCLE ( 'NONE', #282, 7.498999999999996113 ) ;
#1548 = VECTOR ( 'NONE', #1400, 1000.000000000000000 ) ;
#1549 = VERTEX_POINT ( 'NONE', #1190 ) ;
#1550 = ORIENTED_EDGE ( 'NONE', *, *, #23, .F. ) ;
#1551 = EDGE_CURVE ( 'NONE', #94, #1549, #1442, .T. ) ;
#1552 = CYLINDRICAL_SURFACE ( 'NONE', #779, 4.000000000000000000 ) ;
#1553 = LINE ( 'NONE', #1187, #871 ) ;
#1554 = AXIS2_PLACEMENT_3D ( 'NONE', #44, #889, #420 ) ;
#1555 = CARTESIAN_POINT ( 'NONE',  ( 4.000000000000000000, -11.25222183345563742, -4.169832587851010963 ) ) ;
#1556 = DIRECTION ( 'NONE',  ( -1.000000000000000000, -0.000000000000000000, -0.000000000000000000 ) ) ;
#1557 = ORIENTED_EDGE ( 'NONE', *, *, #1380, .T. ) ;
#1558 = EDGE_LOOP ( 'NONE', ( #811, #1241, #357, #266 ) ) ;
#1559 = EDGE_CURVE ( 'NONE', #1526, #1219, #530, .T. ) ;
#1560 = ORIENTED_EDGE ( 'NONE', *, *, #221, .F. ) ;
#1561 = DIRECTION ( 'NONE',  ( -1.000000000000000000, -0.000000000000000000, 0.000000000000000000 ) ) ;
#1562 = CIRCLE ( 'NONE', #156, 4.000000000000000000 ) ;
#1563 = CARTESIAN_POINT ( 'NONE',  ( 0.000000000000000000, 0.4886186835208251589, 11.99004803085102111 ) ) ;
#1564 = EDGE_CURVE ( 'NONE', #618, #1549, #1565, .T. ) ;
#1565 = LINE ( 'NONE', #1276, #1548 ) ;
#1566 = EDGE_LOOP ( 'NONE', ( #805, #843, #400, #852 ) ) ;
#1567 = ORIENTED_EDGE ( 'NONE', *, *, #115, .T. ) ;
#1568 = CARTESIAN_POINT ( 'NONE',  ( 4.000000000000000000, 0.000000000000000000, 0.000000000000000000 ) ) ;
#1569 = CARTESIAN_POINT ( 'NONE',  ( 0.000000000000000000, -2.515497200311386905, -9.348971023926379686 ) ) ;
#1570 = ADVANCED_FACE ( 'NONE', ( #186 ), #226, .T. ) ;
#1571 = AXIS2_PLACEMENT_3D ( 'NONE', #1344, #691, #698 ) ;
#1572 = CARTESIAN_POINT ( 'NONE',  ( 0.000000000000000000, 11.55420478740979640, 3.240424621958767570 ) ) ;
#1573 = CIRCLE ( 'NONE', #656, 7.498999999999997002 ) ;
#1574 = ORIENTED_EDGE ( 'NONE', *, *, #174, .T. ) ;
#1575 = VERTEX_POINT ( 'NONE', #944 ) ;
#1576 = FACE_OUTER_BOUND ( 'NONE', #1410, .T. ) ;
#1577 = AXIS2_PLACEMENT_3D ( 'NONE', #335, #799, #1163 ) ;
#1578 = ORIENTED_EDGE ( 'NONE', *, *, #1062, .F. ) ;
#1579 = CARTESIAN_POINT ( 'NONE',  ( 4.000000000000000000, -3.460107307619022521, 9.042048594801451955 ) ) ;
#1580 = ORIENTED_EDGE ( 'NONE', *, *, #926, .F. ) ;
#1581 = LINE ( 'NONE', #472, #146 ) ;
#1582 = VECTOR ( 'NONE', #1005, 1000.000000000000000 ) ;
#1583 = DIRECTION ( 'NONE',  ( -1.000000000000000000, 0.000000000000000000, 0.000000000000000000 ) ) ;
#1584 = ORIENTED_EDGE ( 'NONE', *, *, #1047, .F. ) ;
#1585 = EDGE_CURVE ( 'NONE', #696, #1322, #580, .T. ) ;
#1586 = ORIENTED_EDGE ( 'NONE', *, *, #513, .T. ) ;
#1587 = CARTESIAN_POINT ( 'NONE',  ( 4.000000000000000000, -3.460107307619022521, 9.042048594801451955 ) ) ;
#1588 = VERTEX_POINT ( 'NONE', #195 ) ;
#1589 = DIRECTION ( 'NONE',  ( 0.000000000000000000, 0.000000000000000000, 1.000000000000000000 ) ) ;
#1590 = LINE ( 'NONE', #847, #268 ) ;
#1591 = AXIS2_PLACEMENT_3D ( 'NONE', #191, #59, #1389 ) ;
ENDSEC;
END-ISO-10303-21;
