ISO-10303-21;
HEADER;
FILE_DESCRIPTION(('KiCad electronic assembly'),'2;1');
FILE_NAME('REV2_Dyno_Rectifier_PCB.step','2026-04-30T00:08:24',('Pcbnew'
    ),('Kicad'),'Open CASCADE STEP processor 7.9',
  'KiCad to STEP converter','Unknown');
FILE_SCHEMA(('AUTOMOTIVE_DESIGN { 1 0 10303 214 1 1 1 1 }'));
ENDSEC;
DATA;
#1 = APPLICATION_PROTOCOL_DEFINITION('international standard',
  'automotive_design',2000,#2);
#2 = APPLICATION_CONTEXT(
  'core data for automotive mechanical design processes');
#3 = SHAPE_DEFINITION_REPRESENTATION(#4,#10);
#4 = PRODUCT_DEFINITION_SHAPE('','',#5);
#5 = PRODUCT_DEFINITION('design','',#6,#9);
#6 = PRODUCT_DEFINITION_FORMATION('','',#7);
#7 = PRODUCT('REV2_Dyno_Rectifier_PCB 1','REV2_Dyno_Rectifier_PCB 1','',
  (#8));
#8 = PRODUCT_CONTEXT('',#2,'mechanical');
#9 = PRODUCT_DEFINITION_CONTEXT('part definition',#2,'design');
#10 = SHAPE_REPRESENTATION('',(#11,#15,#19,#23,#27,#31,#35,#39),#43);
#11 = AXIS2_PLACEMENT_3D('',#12,#13,#14);
#12 = CARTESIAN_POINT('',(0.,0.,0.));
#13 = DIRECTION('',(0.,0.,1.));
#14 = DIRECTION('',(1.,0.,-0.));
#15 = AXIS2_PLACEMENT_3D('',#16,#17,#18);
#16 = CARTESIAN_POINT('',(62.6,-51.5575,1.595));
#17 = DIRECTION('',(0.,0.,1.));
#18 = DIRECTION('',(-1.,1.224646799147E-16,0.));
#19 = AXIS2_PLACEMENT_3D('',#20,#21,#22);
#20 = CARTESIAN_POINT('',(58.2,-47.45,1.595));
#21 = DIRECTION('',(0.,-0.,1.));
#22 = DIRECTION('',(1.110223024625E-16,1.,0.));
#23 = AXIS2_PLACEMENT_3D('',#24,#25,#26);
#24 = CARTESIAN_POINT('',(60.4,-41.2,1.595));
#25 = DIRECTION('',(-0.,0.,1.));
#26 = DIRECTION('',(1.110223024625E-16,-1.,0.));
#27 = AXIS2_PLACEMENT_3D('',#28,#29,#30);
#28 = CARTESIAN_POINT('',(74.2,-41.,1.595));
#29 = DIRECTION('',(-0.,0.,1.));
#30 = DIRECTION('',(1.110223024625E-16,-1.,0.));
#31 = AXIS2_PLACEMENT_3D('',#32,#33,#34);
#32 = CARTESIAN_POINT('',(67.3,-41.,1.595));
#33 = DIRECTION('',(0.,0.,1.));
#34 = DIRECTION('',(-1.,1.224646799147E-16,0.));
#35 = AXIS2_PLACEMENT_3D('',#36,#37,#38);
#36 = CARTESIAN_POINT('',(58.,-52.8,1.595));
#37 = DIRECTION('',(0.,-0.,1.));
#38 = DIRECTION('',(1.110223024625E-16,1.,0.));
#39 = AXIS2_PLACEMENT_3D('',#40,#41,#42);
#40 = CARTESIAN_POINT('',(0.,0.,0.));
#41 = DIRECTION('',(0.,0.,1.));
#42 = DIRECTION('',(1.,0.,-0.));
#43 = ( GEOMETRIC_REPRESENTATION_CONTEXT(3) 
GLOBAL_UNCERTAINTY_ASSIGNED_CONTEXT((#47)) GLOBAL_UNIT_ASSIGNED_CONTEXT(
(#44,#45,#46)) REPRESENTATION_CONTEXT('Context #1',
  '3D Context with UNIT and UNCERTAINTY') );
#44 = ( LENGTH_UNIT() NAMED_UNIT(*) SI_UNIT(.MILLI.,.METRE.) );
#45 = ( NAMED_UNIT(*) PLANE_ANGLE_UNIT() SI_UNIT($,.RADIAN.) );
#46 = ( NAMED_UNIT(*) SI_UNIT($,.STERADIAN.) SOLID_ANGLE_UNIT() );
#47 = UNCERTAINTY_MEASURE_WITH_UNIT(LENGTH_MEASURE(2.E-05),#44,
  'distance_accuracy_value','confusion accuracy');
#48 = PRODUCT_RELATED_PRODUCT_CATEGORY('part',$,(#7));
#49 = SHAPE_DEFINITION_REPRESENTATION(#50,#56);
#50 = PRODUCT_DEFINITION_SHAPE('','',#51);
#51 = PRODUCT_DEFINITION('design','',#52,#55);
#52 = PRODUCT_DEFINITION_FORMATION('','',#53);
#53 = PRODUCT('BarrelJack_Horizontal','BarrelJack_Horizontal','',(#54));
#54 = PRODUCT_CONTEXT('',#2,'mechanical');
#55 = PRODUCT_DEFINITION_CONTEXT('part definition',#2,'design');
#56 = SHAPE_REPRESENTATION('',(#11,#57,#938,#1290,#1516,#1899),#2090);
#57 = MANIFOLD_SOLID_BREP('',#58);
#58 = CLOSED_SHELL('',(#59,#99,#132,#173,#206,#239,#256,#273,#320,#337,
    #369,#401,#418,#460,#507,#525,#543,#586,#611,#628,#646,#677,#703,
    #720,#732,#781,#804,#816,#830,#861,#885,#909,#926));
#59 = ADVANCED_FACE('',(#60),#94,.T.);
#60 = FACE_BOUND('',#61,.T.);
#61 = EDGE_LOOP('',(#62,#72,#80,#88));
#62 = ORIENTED_EDGE('',*,*,#63,.F.);
#63 = EDGE_CURVE('',#64,#66,#68,.T.);
#64 = VERTEX_POINT('',#65);
#65 = CARTESIAN_POINT('',(-10.6,-4.4,10.7));
#66 = VERTEX_POINT('',#67);
#67 = CARTESIAN_POINT('',(-13.6,-4.4,10.7));
#68 = LINE('',#69,#70);
#69 = CARTESIAN_POINT('',(-10.5,-4.4,10.7));
#70 = VECTOR('',#71,1.);
#71 = DIRECTION('',(-1.,-2.22044604925E-16,2.2E-16));
#72 = ORIENTED_EDGE('',*,*,#73,.F.);
#73 = EDGE_CURVE('',#74,#64,#76,.T.);
#74 = VERTEX_POINT('',#75);
#75 = CARTESIAN_POINT('',(-10.6,4.4,10.7));
#76 = LINE('',#77,#78);
#77 = CARTESIAN_POINT('',(-10.6,4.5,10.7));
#78 = VECTOR('',#79,1.);
#79 = DIRECTION('',(2.22044604925E-16,-1.,0.));
#80 = ORIENTED_EDGE('',*,*,#81,.T.);
#81 = EDGE_CURVE('',#74,#82,#84,.T.);
#82 = VERTEX_POINT('',#83);
#83 = CARTESIAN_POINT('',(-13.6,4.4,10.7));
#84 = LINE('',#85,#86);
#85 = CARTESIAN_POINT('',(-10.5,4.4,10.7));
#86 = VECTOR('',#87,1.);
#87 = DIRECTION('',(-1.,-2.22044604925E-16,2.2E-16));
#88 = ORIENTED_EDGE('',*,*,#89,.T.);
#89 = EDGE_CURVE('',#82,#66,#90,.T.);
#90 = LINE('',#91,#92);
#91 = CARTESIAN_POINT('',(-13.6,4.5,10.7));
#92 = VECTOR('',#93,1.);
#93 = DIRECTION('',(2.22044604925E-16,-1.,0.));
#94 = PLANE('',#95);
#95 = AXIS2_PLACEMENT_3D('',#96,#97,#98);
#96 = CARTESIAN_POINT('',(-10.5,4.5,10.7));
#97 = DIRECTION('',(2.2E-16,4.884981308351E-32,1.));
#98 = DIRECTION('',(2.22044604925E-16,-1.,1.000067302469E-44));
#99 = ADVANCED_FACE('',(#100),#127,.T.);
#100 = FACE_BOUND('',#101,.T.);
#101 = EDGE_LOOP('',(#102,#111,#119,#126));
#102 = ORIENTED_EDGE('',*,*,#103,.T.);
#103 = EDGE_CURVE('',#66,#104,#106,.T.);
#104 = VERTEX_POINT('',#105);
#105 = CARTESIAN_POINT('',(-13.6,-4.5,10.6));
#106 = CIRCLE('',#107,0.1);
#107 = AXIS2_PLACEMENT_3D('',#108,#109,#110);
#108 = CARTESIAN_POINT('',(-13.6,-4.4,10.6));
#109 = DIRECTION('',(1.,2.162044604925E-15,-2.2E-16));
#110 = DIRECTION('',(2.162044604925E-15,-1.,0.));
#111 = ORIENTED_EDGE('',*,*,#112,.F.);
#112 = EDGE_CURVE('',#113,#104,#115,.T.);
#113 = VERTEX_POINT('',#114);
#114 = CARTESIAN_POINT('',(-10.6,-4.5,10.6));
#115 = LINE('',#116,#117);
#116 = CARTESIAN_POINT('',(-10.5,-4.5,10.6));
#117 = VECTOR('',#118,1.);
#118 = DIRECTION('',(-1.,-2.22044604925E-16,2.2E-16));
#119 = ORIENTED_EDGE('',*,*,#120,.F.);
#120 = EDGE_CURVE('',#64,#113,#121,.T.);
#121 = CIRCLE('',#122,0.1);
#122 = AXIS2_PLACEMENT_3D('',#123,#124,#125);
#123 = CARTESIAN_POINT('',(-10.6,-4.4,10.6));
#124 = DIRECTION('',(1.,2.22044604925E-16,-2.2E-16));
#125 = DIRECTION('',(2.2E-16,4.884981308351E-32,1.));
#126 = ORIENTED_EDGE('',*,*,#63,.T.);
#127 = CYLINDRICAL_SURFACE('',#128,0.1);
#128 = AXIS2_PLACEMENT_3D('',#129,#130,#131);
#129 = CARTESIAN_POINT('',(-10.5,-4.4,10.6));
#130 = DIRECTION('',(-1.,-2.22044604925E-16,2.2E-16));
#131 = DIRECTION('',(2.2E-16,4.884981308351E-32,1.));
#132 = ADVANCED_FACE('',(#133),#168,.T.);
#133 = FACE_BOUND('',#134,.T.);
#134 = EDGE_LOOP('',(#135,#144,#152,#160,#167));
#135 = ORIENTED_EDGE('',*,*,#136,.F.);
#136 = EDGE_CURVE('',#137,#64,#139,.T.);
#137 = VERTEX_POINT('',#138);
#138 = CARTESIAN_POINT('',(-10.5,-4.4,10.6));
#139 = CIRCLE('',#140,0.1);
#140 = AXIS2_PLACEMENT_3D('',#141,#142,#143);
#141 = CARTESIAN_POINT('',(-10.6,-4.4,10.6));
#142 = DIRECTION('',(2.22044604925E-16,-1.,0.));
#143 = DIRECTION('',(2.2E-16,4.88498130835E-32,1.));
#144 = ORIENTED_EDGE('',*,*,#145,.F.);
#145 = EDGE_CURVE('',#146,#137,#148,.T.);
#146 = VERTEX_POINT('',#147);
#147 = CARTESIAN_POINT('',(-10.5,-2.672528037474E-16,10.6));
#148 = LINE('',#149,#150);
#149 = CARTESIAN_POINT('',(-10.5,4.5,10.6));
#150 = VECTOR('',#151,1.);
#151 = DIRECTION('',(2.22044604925E-16,-1.,0.));
#152 = ORIENTED_EDGE('',*,*,#153,.F.);
#153 = EDGE_CURVE('',#154,#146,#156,.T.);
#154 = VERTEX_POINT('',#155);
#155 = CARTESIAN_POINT('',(-10.5,4.4,10.6));
#156 = LINE('',#157,#158);
#157 = CARTESIAN_POINT('',(-10.5,4.5,10.6));
#158 = VECTOR('',#159,1.);
#159 = DIRECTION('',(2.22044604925E-16,-1.,0.));
#160 = ORIENTED_EDGE('',*,*,#161,.F.);
#161 = EDGE_CURVE('',#74,#154,#162,.T.);
#162 = CIRCLE('',#163,0.1);
#163 = AXIS2_PLACEMENT_3D('',#164,#165,#166);
#164 = CARTESIAN_POINT('',(-10.6,4.4,10.6));
#165 = DIRECTION('',(-2.22044604925E-16,1.,0.));
#166 = DIRECTION('',(0.,0.,1.));
#167 = ORIENTED_EDGE('',*,*,#73,.T.);
#168 = CYLINDRICAL_SURFACE('',#169,0.1);
#169 = AXIS2_PLACEMENT_3D('',#170,#171,#172);
#170 = CARTESIAN_POINT('',(-10.6,4.5,10.6));
#171 = DIRECTION('',(2.22044604925E-16,-1.,0.));
#172 = DIRECTION('',(2.2E-16,4.88498130835E-32,1.));
#173 = ADVANCED_FACE('',(#174),#201,.T.);
#174 = FACE_BOUND('',#175,.T.);
#175 = EDGE_LOOP('',(#176,#185,#193,#200));
#176 = ORIENTED_EDGE('',*,*,#177,.F.);
#177 = EDGE_CURVE('',#178,#82,#180,.T.);
#178 = VERTEX_POINT('',#179);
#179 = CARTESIAN_POINT('',(-13.7,4.4,10.6));
#180 = CIRCLE('',#181,0.1);
#181 = AXIS2_PLACEMENT_3D('',#182,#183,#184);
#182 = CARTESIAN_POINT('',(-13.6,4.4,10.6));
#183 = DIRECTION('',(-2.22044604925E-16,1.,-1.805E-14));
#184 = DIRECTION('',(2.2E-16,1.805E-14,1.));
#185 = ORIENTED_EDGE('',*,*,#186,.T.);
#186 = EDGE_CURVE('',#178,#187,#189,.T.);
#187 = VERTEX_POINT('',#188);
#188 = CARTESIAN_POINT('',(-13.7,-4.4,10.6));
#189 = LINE('',#190,#191);
#190 = CARTESIAN_POINT('',(-13.7,4.5,10.6));
#191 = VECTOR('',#192,1.);
#192 = DIRECTION('',(2.22044604925E-16,-1.,0.));
#193 = ORIENTED_EDGE('',*,*,#194,.F.);
#194 = EDGE_CURVE('',#66,#187,#195,.T.);
#195 = CIRCLE('',#196,0.1);
#196 = AXIS2_PLACEMENT_3D('',#197,#198,#199);
#197 = CARTESIAN_POINT('',(-13.6,-4.4,10.6));
#198 = DIRECTION('',(2.32044604925E-16,-1.,0.));
#199 = DIRECTION('',(-1.,-2.32044604925E-16,2.2E-16));
#200 = ORIENTED_EDGE('',*,*,#89,.F.);
#201 = CYLINDRICAL_SURFACE('',#202,0.1);
#202 = AXIS2_PLACEMENT_3D('',#203,#204,#205);
#203 = CARTESIAN_POINT('',(-13.6,4.5,10.6));
#204 = DIRECTION('',(2.22044604925E-16,-1.,0.));
#205 = DIRECTION('',(2.2E-16,4.88498130835E-32,1.));
#206 = ADVANCED_FACE('',(#207),#234,.T.);
#207 = FACE_BOUND('',#208,.T.);
#208 = EDGE_LOOP('',(#209,#218,#226,#233));
#209 = ORIENTED_EDGE('',*,*,#210,.F.);
#210 = EDGE_CURVE('',#211,#74,#213,.T.);
#211 = VERTEX_POINT('',#212);
#212 = CARTESIAN_POINT('',(-10.6,4.5,10.6));
#213 = CIRCLE('',#214,0.1);
#214 = AXIS2_PLACEMENT_3D('',#215,#216,#217);
#215 = CARTESIAN_POINT('',(-10.6,4.4,10.6));
#216 = DIRECTION('',(1.,2.22044604925E-16,-0.));
#217 = DIRECTION('',(0.,0.,1.));
#218 = ORIENTED_EDGE('',*,*,#219,.T.);
#219 = EDGE_CURVE('',#211,#220,#222,.T.);
#220 = VERTEX_POINT('',#221);
#221 = CARTESIAN_POINT('',(-13.6,4.5,10.6));
#222 = LINE('',#223,#224);
#223 = CARTESIAN_POINT('',(-10.5,4.5,10.6));
#224 = VECTOR('',#225,1.);
#225 = DIRECTION('',(-1.,-2.22044604925E-16,2.2E-16));
#226 = ORIENTED_EDGE('',*,*,#227,.T.);
#227 = EDGE_CURVE('',#220,#82,#228,.T.);
#228 = CIRCLE('',#229,0.1);
#229 = AXIS2_PLACEMENT_3D('',#230,#231,#232);
#230 = CARTESIAN_POINT('',(-13.6,4.4,10.6));
#231 = DIRECTION('',(1.,2.22044604925E-16,-2.2E-16));
#232 = DIRECTION('',(-2.22044604925E-16,1.,0.));
#233 = ORIENTED_EDGE('',*,*,#81,.F.);
#234 = CYLINDRICAL_SURFACE('',#235,0.1);
#235 = AXIS2_PLACEMENT_3D('',#236,#237,#238);
#236 = CARTESIAN_POINT('',(-10.5,4.4,10.6));
#237 = DIRECTION('',(-1.,-2.22044604925E-16,2.2E-16));
#238 = DIRECTION('',(2.2E-16,4.884981308351E-32,1.));
#239 = ADVANCED_FACE('',(#240),#251,.T.);
#240 = FACE_BOUND('',#241,.T.);
#241 = EDGE_LOOP('',(#242,#243,#250));
#242 = ORIENTED_EDGE('',*,*,#120,.T.);
#243 = ORIENTED_EDGE('',*,*,#244,.F.);
#244 = EDGE_CURVE('',#137,#113,#245,.T.);
#245 = CIRCLE('',#246,0.1);
#246 = AXIS2_PLACEMENT_3D('',#247,#248,#249);
#247 = CARTESIAN_POINT('',(-10.6,-4.4,10.6));
#248 = DIRECTION('',(-2.2E-16,-6.E-17,-1.));
#249 = DIRECTION('',(2.22044604925E-16,-1.,6.E-17));
#250 = ORIENTED_EDGE('',*,*,#136,.T.);
#251 = SPHERICAL_SURFACE('',#252,0.1);
#252 = AXIS2_PLACEMENT_3D('',#253,#254,#255);
#253 = CARTESIAN_POINT('',(-10.6,-4.4,10.6));
#254 = DIRECTION('',(-1.,-2.22044604925E-16,2.2E-16));
#255 = DIRECTION('',(2.2E-16,4.884981308351E-32,1.));
#256 = ADVANCED_FACE('',(#257),#268,.T.);
#257 = FACE_BOUND('',#258,.T.);
#258 = EDGE_LOOP('',(#259,#260,#261));
#259 = ORIENTED_EDGE('',*,*,#103,.F.);
#260 = ORIENTED_EDGE('',*,*,#194,.T.);
#261 = ORIENTED_EDGE('',*,*,#262,.F.);
#262 = EDGE_CURVE('',#104,#187,#263,.T.);
#263 = CIRCLE('',#264,0.1);
#264 = AXIS2_PLACEMENT_3D('',#265,#266,#267);
#265 = CARTESIAN_POINT('',(-13.6,-4.4,10.6));
#266 = DIRECTION('',(-2.2E-16,-4.884981308351E-32,-1.));
#267 = DIRECTION('',(2.162044604925E-15,-1.,-4.268E-31));
#268 = SPHERICAL_SURFACE('',#269,0.1);
#269 = AXIS2_PLACEMENT_3D('',#270,#271,#272);
#270 = CARTESIAN_POINT('',(-13.6,-4.4,10.6));
#271 = DIRECTION('',(-2.2E-16,-4.884981308351E-32,-1.));
#272 = DIRECTION('',(2.162044604925E-15,-1.,-4.268E-31));
#273 = ADVANCED_FACE('',(#274),#315,.T.);
#274 = FACE_BOUND('',#275,.T.);
#275 = EDGE_LOOP('',(#276,#286,#294,#302,#308,#309));
#276 = ORIENTED_EDGE('',*,*,#277,.F.);
#277 = EDGE_CURVE('',#278,#280,#282,.T.);
#278 = VERTEX_POINT('',#279);
#279 = CARTESIAN_POINT('',(-0.1,-4.5,-0.1));
#280 = VERTEX_POINT('',#281);
#281 = CARTESIAN_POINT('',(-13.6,-4.5,-0.1));
#282 = LINE('',#283,#284);
#283 = CARTESIAN_POINT('',(-10.5,-4.5,-0.1));
#284 = VECTOR('',#285,1.);
#285 = DIRECTION('',(-1.,-2.22044604925E-16,2.2E-16));
#286 = ORIENTED_EDGE('',*,*,#287,.F.);
#287 = EDGE_CURVE('',#288,#278,#290,.T.);
#288 = VERTEX_POINT('',#289);
#289 = CARTESIAN_POINT('',(-9.999999999999E-02,-4.5,6.3));
#290 = LINE('',#291,#292);
#291 = CARTESIAN_POINT('',(-0.1,-4.5,6.4));
#292 = VECTOR('',#293,1.);
#293 = DIRECTION('',(-1.E-15,-2.22044604925E-31,-1.));
#294 = ORIENTED_EDGE('',*,*,#295,.T.);
#295 = EDGE_CURVE('',#288,#296,#298,.T.);
#296 = VERTEX_POINT('',#297);
#297 = CARTESIAN_POINT('',(-10.6,-4.5,6.3));
#298 = LINE('',#299,#300);
#299 = CARTESIAN_POINT('',(3.552713678801E-15,-4.5,6.3));
#300 = VECTOR('',#301,1.);
#301 = DIRECTION('',(-1.,-2.22044604925E-16,1.11E-15));
#302 = ORIENTED_EDGE('',*,*,#303,.F.);
#303 = EDGE_CURVE('',#113,#296,#304,.T.);
#304 = LINE('',#305,#306);
#305 = CARTESIAN_POINT('',(-10.6,-4.5,10.7));
#306 = VECTOR('',#307,1.);
#307 = DIRECTION('',(-2.2E-16,-4.884981308351E-32,-1.));
#308 = ORIENTED_EDGE('',*,*,#112,.T.);
#309 = ORIENTED_EDGE('',*,*,#310,.T.);
#310 = EDGE_CURVE('',#104,#280,#311,.T.);
#311 = LINE('',#312,#313);
#312 = CARTESIAN_POINT('',(-13.6,-4.5,10.7));
#313 = VECTOR('',#314,1.);
#314 = DIRECTION('',(-2.2E-16,-4.884981308351E-32,-1.));
#315 = PLANE('',#316);
#316 = AXIS2_PLACEMENT_3D('',#317,#318,#319);
#317 = CARTESIAN_POINT('',(-7.771428571429,-4.5,4.378571428571));
#318 = DIRECTION('',(2.22044604925E-16,-1.,0.));
#319 = DIRECTION('',(1.,2.22044604925E-16,0.));
#320 = ADVANCED_FACE('',(#321),#332,.T.);
#321 = FACE_BOUND('',#322,.T.);
#322 = EDGE_LOOP('',(#323,#324,#331));
#323 = ORIENTED_EDGE('',*,*,#161,.T.);
#324 = ORIENTED_EDGE('',*,*,#325,.F.);
#325 = EDGE_CURVE('',#211,#154,#326,.T.);
#326 = CIRCLE('',#327,0.1);
#327 = AXIS2_PLACEMENT_3D('',#328,#329,#330);
#328 = CARTESIAN_POINT('',(-10.6,4.4,10.6));
#329 = DIRECTION('',(6.E-17,1.33226762955E-32,-1.));
#330 = DIRECTION('',(1.,2.22044604925E-16,6.E-17));
#331 = ORIENTED_EDGE('',*,*,#210,.T.);
#332 = SPHERICAL_SURFACE('',#333,0.1);
#333 = AXIS2_PLACEMENT_3D('',#334,#335,#336);
#334 = CARTESIAN_POINT('',(-10.6,4.4,10.6));
#335 = DIRECTION('',(2.22044604925E-16,-1.,0.));
#336 = DIRECTION('',(0.,0.,1.));
#337 = ADVANCED_FACE('',(#338),#364,.T.);
#338 = FACE_BOUND('',#339,.T.);
#339 = EDGE_LOOP('',(#340,#341,#350,#358));
#340 = ORIENTED_EDGE('',*,*,#153,.T.);
#341 = ORIENTED_EDGE('',*,*,#342,.T.);
#342 = EDGE_CURVE('',#146,#343,#345,.T.);
#343 = VERTEX_POINT('',#344);
#344 = CARTESIAN_POINT('',(-10.5,4.2,6.4));
#345 = CIRCLE('',#346,4.2);
#346 = AXIS2_PLACEMENT_3D('',#347,#348,#349);
#347 = CARTESIAN_POINT('',(-10.5,1.132747196253E-15,6.4));
#348 = DIRECTION('',(-1.,-2.22044604925E-16,1.E-15));
#349 = DIRECTION('',(2.22044604925E-16,-1.,0.));
#350 = ORIENTED_EDGE('',*,*,#351,.T.);
#351 = EDGE_CURVE('',#343,#352,#354,.T.);
#352 = VERTEX_POINT('',#353);
#353 = CARTESIAN_POINT('',(-10.5,4.4,6.4));
#354 = LINE('',#355,#356);
#355 = CARTESIAN_POINT('',(-10.5,4.2,6.4));
#356 = VECTOR('',#357,1.);
#357 = DIRECTION('',(-2.22044604925E-16,1.,-7.1E-16));
#358 = ORIENTED_EDGE('',*,*,#359,.T.);
#359 = EDGE_CURVE('',#352,#154,#360,.T.);
#360 = LINE('',#361,#362);
#361 = CARTESIAN_POINT('',(-10.5,4.4,6.4));
#362 = VECTOR('',#363,1.);
#363 = DIRECTION('',(2.2E-16,4.884981308351E-32,1.));
#364 = PLANE('',#365);
#365 = AXIS2_PLACEMENT_3D('',#366,#367,#368);
#366 = CARTESIAN_POINT('',(-10.5,9.227471962526E-16,5.62169644629));
#367 = DIRECTION('',(1.,2.22044604925E-16,-2.2E-16));
#368 = DIRECTION('',(2.2E-16,4.884981308351E-32,1.));
#369 = ADVANCED_FACE('',(#370),#396,.T.);
#370 = FACE_BOUND('',#371,.T.);
#371 = EDGE_LOOP('',(#372,#373,#381,#389));
#372 = ORIENTED_EDGE('',*,*,#145,.T.);
#373 = ORIENTED_EDGE('',*,*,#374,.T.);
#374 = EDGE_CURVE('',#137,#375,#377,.T.);
#375 = VERTEX_POINT('',#376);
#376 = CARTESIAN_POINT('',(-10.5,-4.4,6.4));
#377 = LINE('',#378,#379);
#378 = CARTESIAN_POINT('',(-10.5,-4.4,10.7));
#379 = VECTOR('',#380,1.);
#380 = DIRECTION('',(-2.2E-16,-4.884981308351E-32,-1.));
#381 = ORIENTED_EDGE('',*,*,#382,.F.);
#382 = EDGE_CURVE('',#383,#375,#385,.T.);
#383 = VERTEX_POINT('',#384);
#384 = CARTESIAN_POINT('',(-10.5,-4.2,6.4));
#385 = LINE('',#386,#387);
#386 = CARTESIAN_POINT('',(-10.5,-4.2,6.4));
#387 = VECTOR('',#388,1.);
#388 = DIRECTION('',(2.22044604925E-16,-1.,0.));
#389 = ORIENTED_EDGE('',*,*,#390,.T.);
#390 = EDGE_CURVE('',#383,#146,#391,.T.);
#391 = CIRCLE('',#392,4.2);
#392 = AXIS2_PLACEMENT_3D('',#393,#394,#395);
#393 = CARTESIAN_POINT('',(-10.5,1.132747196253E-15,6.4));
#394 = DIRECTION('',(-1.,-2.22044604925E-16,1.E-15));
#395 = DIRECTION('',(2.22044604925E-16,-1.,0.));
#396 = PLANE('',#397);
#397 = AXIS2_PLACEMENT_3D('',#398,#399,#400);
#398 = CARTESIAN_POINT('',(-10.5,9.227471962526E-16,5.62169644629));
#399 = DIRECTION('',(1.,2.22044604925E-16,-2.2E-16));
#400 = DIRECTION('',(2.2E-16,4.884981308351E-32,1.));
#401 = ADVANCED_FACE('',(#402),#413,.T.);
#402 = FACE_BOUND('',#403,.T.);
#403 = EDGE_LOOP('',(#404,#411,#412));
#404 = ORIENTED_EDGE('',*,*,#405,.F.);
#405 = EDGE_CURVE('',#178,#220,#406,.T.);
#406 = CIRCLE('',#407,0.1);
#407 = AXIS2_PLACEMENT_3D('',#408,#409,#410);
#408 = CARTESIAN_POINT('',(-13.6,4.4,10.6));
#409 = DIRECTION('',(-2.2E-16,-4.884981308351E-32,-1.));
#410 = DIRECTION('',(-2.22044604925E-16,1.,-1.000067302469E-44));
#411 = ORIENTED_EDGE('',*,*,#177,.T.);
#412 = ORIENTED_EDGE('',*,*,#227,.F.);
#413 = SPHERICAL_SURFACE('',#414,0.1);
#414 = AXIS2_PLACEMENT_3D('',#415,#416,#417);
#415 = CARTESIAN_POINT('',(-13.6,4.4,10.6));
#416 = DIRECTION('',(1.,2.22044604925E-16,-2.2E-16));
#417 = DIRECTION('',(-2.22044604925E-16,1.,0.));
#418 = ADVANCED_FACE('',(#419,#444),#455,.F.);
#419 = FACE_BOUND('',#420,.F.);
#420 = EDGE_LOOP('',(#421,#431,#437,#438));
#421 = ORIENTED_EDGE('',*,*,#422,.T.);
#422 = EDGE_CURVE('',#423,#425,#427,.T.);
#423 = VERTEX_POINT('',#424);
#424 = CARTESIAN_POINT('',(-13.7,-4.4,-0.1));
#425 = VERTEX_POINT('',#426);
#426 = CARTESIAN_POINT('',(-13.7,4.4,-0.1));
#427 = LINE('',#428,#429);
#428 = CARTESIAN_POINT('',(-13.7,-4.5,-0.1));
#429 = VECTOR('',#430,1.);
#430 = DIRECTION('',(-2.22044604925E-16,1.,0.));
#431 = ORIENTED_EDGE('',*,*,#432,.T.);
#432 = EDGE_CURVE('',#425,#178,#433,.T.);
#433 = LINE('',#434,#435);
#434 = CARTESIAN_POINT('',(-13.7,4.4,-0.1));
#435 = VECTOR('',#436,1.);
#436 = DIRECTION('',(2.2E-16,4.884981308351E-32,1.));
#437 = ORIENTED_EDGE('',*,*,#186,.T.);
#438 = ORIENTED_EDGE('',*,*,#439,.T.);
#439 = EDGE_CURVE('',#187,#423,#440,.T.);
#440 = LINE('',#441,#442);
#441 = CARTESIAN_POINT('',(-13.7,-4.4,10.7));
#442 = VECTOR('',#443,1.);
#443 = DIRECTION('',(-2.2E-16,-4.884981308351E-32,-1.));
#444 = FACE_BOUND('',#445,.F.);
#445 = EDGE_LOOP('',(#446));
#446 = ORIENTED_EDGE('',*,*,#447,.T.);
#447 = EDGE_CURVE('',#448,#448,#450,.T.);
#448 = VERTEX_POINT('',#449);
#449 = CARTESIAN_POINT('',(-13.7,-3.15,6.4));
#450 = CIRCLE('',#451,3.15);
#451 = AXIS2_PLACEMENT_3D('',#452,#453,#454);
#452 = CARTESIAN_POINT('',(-13.7,2.22044604925E-17,6.4));
#453 = DIRECTION('',(-1.,-2.22044604925E-16,2.2E-16));
#454 = DIRECTION('',(2.22044604925E-16,-1.,0.));
#455 = PLANE('',#456);
#456 = AXIS2_PLACEMENT_3D('',#457,#458,#459);
#457 = CARTESIAN_POINT('',(-13.7,2.122044604925E-16,5.62169644629));
#458 = DIRECTION('',(1.,2.22044604925E-16,-2.2E-16));
#459 = DIRECTION('',(2.2E-16,4.884981308351E-32,1.));
#460 = ADVANCED_FACE('',(#461),#502,.T.);
#461 = FACE_BOUND('',#462,.T.);
#462 = EDGE_LOOP('',(#463,#473,#479,#480,#488,#496));
#463 = ORIENTED_EDGE('',*,*,#464,.T.);
#464 = EDGE_CURVE('',#465,#467,#469,.T.);
#465 = VERTEX_POINT('',#466);
#466 = CARTESIAN_POINT('',(-0.1,4.5,-0.1));
#467 = VERTEX_POINT('',#468);
#468 = CARTESIAN_POINT('',(-13.6,4.5,-9.999999999999E-02));
#469 = LINE('',#470,#471);
#470 = CARTESIAN_POINT('',(-7.105427357601E-15,4.5,-0.1));
#471 = VECTOR('',#472,1.);
#472 = DIRECTION('',(-1.,-2.22044604925E-16,1.11E-15));
#473 = ORIENTED_EDGE('',*,*,#474,.T.);
#474 = EDGE_CURVE('',#467,#220,#475,.T.);
#475 = LINE('',#476,#477);
#476 = CARTESIAN_POINT('',(-13.6,4.5,-0.1));
#477 = VECTOR('',#478,1.);
#478 = DIRECTION('',(2.2E-16,4.884981308351E-32,1.));
#479 = ORIENTED_EDGE('',*,*,#219,.F.);
#480 = ORIENTED_EDGE('',*,*,#481,.F.);
#481 = EDGE_CURVE('',#482,#211,#484,.T.);
#482 = VERTEX_POINT('',#483);
#483 = CARTESIAN_POINT('',(-10.6,4.5,6.3));
#484 = LINE('',#485,#486);
#485 = CARTESIAN_POINT('',(-10.6,4.5,6.4));
#486 = VECTOR('',#487,1.);
#487 = DIRECTION('',(2.2E-16,4.884981308351E-32,1.));
#488 = ORIENTED_EDGE('',*,*,#489,.F.);
#489 = EDGE_CURVE('',#490,#482,#492,.T.);
#490 = VERTEX_POINT('',#491);
#491 = CARTESIAN_POINT('',(-0.1,4.5,6.3));
#492 = LINE('',#493,#494);
#493 = CARTESIAN_POINT('',(0.,4.5,6.3));
#494 = VECTOR('',#495,1.);
#495 = DIRECTION('',(-1.,-2.22044604925E-16,1.11E-15));
#496 = ORIENTED_EDGE('',*,*,#497,.T.);
#497 = EDGE_CURVE('',#490,#465,#498,.T.);
#498 = LINE('',#499,#500);
#499 = CARTESIAN_POINT('',(-0.1,4.5,6.4));
#500 = VECTOR('',#501,1.);
#501 = DIRECTION('',(-1.E-15,-2.22044604925E-31,-1.));
#502 = PLANE('',#503);
#503 = AXIS2_PLACEMENT_3D('',#504,#505,#506);
#504 = CARTESIAN_POINT('',(-7.771428571429,4.5,4.378571428571));
#505 = DIRECTION('',(-2.22044604925E-16,1.,0.));
#506 = DIRECTION('',(0.,0.,-1.));
#507 = ADVANCED_FACE('',(#508),#520,.T.);
#508 = FACE_BOUND('',#509,.T.);
#509 = EDGE_LOOP('',(#510,#511,#518,#519));
#510 = ORIENTED_EDGE('',*,*,#303,.T.);
#511 = ORIENTED_EDGE('',*,*,#512,.T.);
#512 = EDGE_CURVE('',#296,#375,#513,.T.);
#513 = ELLIPSE('',#514,0.141421356237,0.1);
#514 = AXIS2_PLACEMENT_3D('',#515,#516,#517);
#515 = CARTESIAN_POINT('',(-10.6,-4.4,6.3));
#516 = DIRECTION('',(-0.707106781187,-1.570092458683E-16,0.707106781187)
  );
#517 = DIRECTION('',(-0.707106781187,-1.570092458683E-16,-0.707106781187
    ));
#518 = ORIENTED_EDGE('',*,*,#374,.F.);
#519 = ORIENTED_EDGE('',*,*,#244,.T.);
#520 = CYLINDRICAL_SURFACE('',#521,0.1);
#521 = AXIS2_PLACEMENT_3D('',#522,#523,#524);
#522 = CARTESIAN_POINT('',(-10.6,-4.4,10.7));
#523 = DIRECTION('',(-2.2E-16,-4.884981308351E-32,-1.));
#524 = DIRECTION('',(2.22044604925E-16,-1.,1.000067302469E-44));
#525 = ADVANCED_FACE('',(#526),#538,.T.);
#526 = FACE_BOUND('',#527,.T.);
#527 = EDGE_LOOP('',(#528,#529,#530,#531));
#528 = ORIENTED_EDGE('',*,*,#310,.F.);
#529 = ORIENTED_EDGE('',*,*,#262,.T.);
#530 = ORIENTED_EDGE('',*,*,#439,.T.);
#531 = ORIENTED_EDGE('',*,*,#532,.F.);
#532 = EDGE_CURVE('',#280,#423,#533,.T.);
#533 = CIRCLE('',#534,0.1);
#534 = AXIS2_PLACEMENT_3D('',#535,#536,#537);
#535 = CARTESIAN_POINT('',(-13.6,-4.4,-0.1));
#536 = DIRECTION('',(-2.2E-16,-4.884981308351E-32,-1.));
#537 = DIRECTION('',(1.,2.22044604925E-16,-2.2E-16));
#538 = CYLINDRICAL_SURFACE('',#539,0.1);
#539 = AXIS2_PLACEMENT_3D('',#540,#541,#542);
#540 = CARTESIAN_POINT('',(-13.6,-4.4,10.7));
#541 = DIRECTION('',(-2.2E-16,-4.884981308351E-32,-1.));
#542 = DIRECTION('',(2.22044604925E-16,-1.,1.000067302469E-44));
#543 = ADVANCED_FACE('',(#544),#581,.T.);
#544 = FACE_BOUND('',#545,.T.);
#545 = EDGE_LOOP('',(#546,#547,#548,#549,#556,#557,#566,#574));
#546 = ORIENTED_EDGE('',*,*,#277,.T.);
#547 = ORIENTED_EDGE('',*,*,#532,.T.);
#548 = ORIENTED_EDGE('',*,*,#422,.T.);
#549 = ORIENTED_EDGE('',*,*,#550,.F.);
#550 = EDGE_CURVE('',#467,#425,#551,.T.);
#551 = CIRCLE('',#552,0.1);
#552 = AXIS2_PLACEMENT_3D('',#553,#554,#555);
#553 = CARTESIAN_POINT('',(-13.6,4.4,-0.1));
#554 = DIRECTION('',(2.2E-16,4.884981308351E-32,1.));
#555 = DIRECTION('',(-1.,-2.22044604925E-16,2.2E-16));
#556 = ORIENTED_EDGE('',*,*,#464,.F.);
#557 = ORIENTED_EDGE('',*,*,#558,.T.);
#558 = EDGE_CURVE('',#465,#559,#561,.T.);
#559 = VERTEX_POINT('',#560);
#560 = CARTESIAN_POINT('',(-1.915134717478E-15,4.4,-0.1));
#561 = CIRCLE('',#562,0.1);
#562 = AXIS2_PLACEMENT_3D('',#563,#564,#565);
#563 = CARTESIAN_POINT('',(-0.1,4.4,-0.1));
#564 = DIRECTION('',(-1.E-15,-2.22044604925E-31,-1.));
#565 = DIRECTION('',(1.,2.22044604925E-16,-1.E-15));
#566 = ORIENTED_EDGE('',*,*,#567,.F.);
#567 = EDGE_CURVE('',#568,#559,#570,.T.);
#568 = VERTEX_POINT('',#569);
#569 = CARTESIAN_POINT('',(2.775557561563E-17,-4.4,-0.1));
#570 = LINE('',#571,#572);
#571 = CARTESIAN_POINT('',(-3.724442438437E-15,-4.5,-0.1));
#572 = VECTOR('',#573,1.);
#573 = DIRECTION('',(-2.22044604925E-16,1.,0.));
#574 = ORIENTED_EDGE('',*,*,#575,.F.);
#575 = EDGE_CURVE('',#278,#568,#576,.T.);
#576 = CIRCLE('',#577,0.1);
#577 = AXIS2_PLACEMENT_3D('',#578,#579,#580);
#578 = CARTESIAN_POINT('',(-0.1,-4.4,-0.1));
#579 = DIRECTION('',(1.E-15,2.22044604925E-31,1.));
#580 = DIRECTION('',(1.,2.22044604925E-16,-1.E-15));
#581 = PLANE('',#582);
#582 = AXIS2_PLACEMENT_3D('',#583,#584,#585);
#583 = CARTESIAN_POINT('',(-6.85,1.543210004229E-15,-0.1));
#584 = DIRECTION('',(-3.1E-16,-6.883382752676E-32,-1.));
#585 = DIRECTION('',(-1.,-2.22044604925E-16,3.1E-16));
#586 = ADVANCED_FACE('',(#587),#606,.T.);
#587 = FACE_BOUND('',#588,.T.);
#588 = EDGE_LOOP('',(#589,#590,#591,#599));
#589 = ORIENTED_EDGE('',*,*,#287,.T.);
#590 = ORIENTED_EDGE('',*,*,#575,.T.);
#591 = ORIENTED_EDGE('',*,*,#592,.F.);
#592 = EDGE_CURVE('',#593,#568,#595,.T.);
#593 = VERTEX_POINT('',#594);
#594 = CARTESIAN_POINT('',(7.022160630754E-15,-4.4,6.4));
#595 = LINE('',#596,#597);
#596 = CARTESIAN_POINT('',(1.7763568394E-15,-4.4,6.4));
#597 = VECTOR('',#598,1.);
#598 = DIRECTION('',(-1.E-15,-2.22044604925E-31,-1.));
#599 = ORIENTED_EDGE('',*,*,#600,.F.);
#600 = EDGE_CURVE('',#288,#593,#601,.T.);
#601 = ELLIPSE('',#602,0.141421356237,0.1);
#602 = AXIS2_PLACEMENT_3D('',#603,#604,#605);
#603 = CARTESIAN_POINT('',(-0.1,-4.4,6.3));
#604 = DIRECTION('',(-0.707106781187,-1.570092458683E-16,0.707106781187)
  );
#605 = DIRECTION('',(-0.707106781187,-1.570092458683E-16,-0.707106781187
    ));
#606 = CYLINDRICAL_SURFACE('',#607,0.1);
#607 = AXIS2_PLACEMENT_3D('',#608,#609,#610);
#608 = CARTESIAN_POINT('',(-0.1,-4.4,6.4));
#609 = DIRECTION('',(-1.E-15,-2.22044604925E-31,-1.));
#610 = DIRECTION('',(2.22044604925E-16,-1.,0.));
#611 = ADVANCED_FACE('',(#612),#623,.T.);
#612 = FACE_BOUND('',#613,.T.);
#613 = EDGE_LOOP('',(#614,#615,#621,#622));
#614 = ORIENTED_EDGE('',*,*,#600,.T.);
#615 = ORIENTED_EDGE('',*,*,#616,.T.);
#616 = EDGE_CURVE('',#593,#375,#617,.T.);
#617 = LINE('',#618,#619);
#618 = CARTESIAN_POINT('',(3.552713678801E-15,-4.4,6.4));
#619 = VECTOR('',#620,1.);
#620 = DIRECTION('',(-1.,-2.22044604925E-16,1.11E-15));
#621 = ORIENTED_EDGE('',*,*,#512,.F.);
#622 = ORIENTED_EDGE('',*,*,#295,.F.);
#623 = CYLINDRICAL_SURFACE('',#624,0.1);
#624 = AXIS2_PLACEMENT_3D('',#625,#626,#627);
#625 = CARTESIAN_POINT('',(3.552713678801E-15,-4.4,6.3));
#626 = DIRECTION('',(-1.,-2.22044604925E-16,1.11E-15));
#627 = DIRECTION('',(2.22044604925E-16,-1.,0.));
#628 = ADVANCED_FACE('',(#629),#641,.T.);
#629 = FACE_BOUND('',#630,.T.);
#630 = EDGE_LOOP('',(#631,#632,#633,#634));
#631 = ORIENTED_EDGE('',*,*,#481,.T.);
#632 = ORIENTED_EDGE('',*,*,#325,.T.);
#633 = ORIENTED_EDGE('',*,*,#359,.F.);
#634 = ORIENTED_EDGE('',*,*,#635,.F.);
#635 = EDGE_CURVE('',#482,#352,#636,.T.);
#636 = ELLIPSE('',#637,0.141421356237,0.1);
#637 = AXIS2_PLACEMENT_3D('',#638,#639,#640);
#638 = CARTESIAN_POINT('',(-10.6,4.4,6.3));
#639 = DIRECTION('',(0.707106781187,1.570092458683E-16,-0.707106781187)
  );
#640 = DIRECTION('',(0.707106781187,1.570092458683E-16,0.707106781187));
#641 = CYLINDRICAL_SURFACE('',#642,0.1);
#642 = AXIS2_PLACEMENT_3D('',#643,#644,#645);
#643 = CARTESIAN_POINT('',(-10.6,4.4,6.4));
#644 = DIRECTION('',(2.2E-16,4.884981308351E-32,1.));
#645 = DIRECTION('',(-2.22044604925E-16,1.,-1.000067302469E-44));
#646 = ADVANCED_FACE('',(#647),#672,.F.);
#647 = FACE_BOUND('',#648,.F.);
#648 = EDGE_LOOP('',(#649,#659,#665,#666));
#649 = ORIENTED_EDGE('',*,*,#650,.F.);
#650 = EDGE_CURVE('',#651,#653,#655,.T.);
#651 = VERTEX_POINT('',#652);
#652 = CARTESIAN_POINT('',(5.120903701084E-15,4.2,6.4));
#653 = VERTEX_POINT('',#654);
#654 = CARTESIAN_POINT('',(5.07927033766E-15,4.4,6.4));
#655 = LINE('',#656,#657);
#656 = CARTESIAN_POINT('',(8.437694987151E-16,4.2,6.4));
#657 = VECTOR('',#658,1.);
#658 = DIRECTION('',(-2.22044604925E-16,1.,-7.1E-16));
#659 = ORIENTED_EDGE('',*,*,#660,.T.);
#660 = EDGE_CURVE('',#651,#343,#661,.T.);
#661 = LINE('',#662,#663);
#662 = CARTESIAN_POINT('',(8.437694987151E-16,4.2,6.4));
#663 = VECTOR('',#664,1.);
#664 = DIRECTION('',(-1.,-2.22044604925E-16,1.11E-15));
#665 = ORIENTED_EDGE('',*,*,#351,.T.);
#666 = ORIENTED_EDGE('',*,*,#667,.F.);
#667 = EDGE_CURVE('',#653,#352,#668,.T.);
#668 = LINE('',#669,#670);
#669 = CARTESIAN_POINT('',(0.,4.4,6.4));
#670 = VECTOR('',#671,1.);
#671 = DIRECTION('',(-1.,-2.22044604925E-16,1.11E-15));
#672 = PLANE('',#673);
#673 = AXIS2_PLACEMENT_3D('',#674,#675,#676);
#674 = CARTESIAN_POINT('',(8.437694987151E-16,4.2,6.4));
#675 = DIRECTION('',(-1.11E-15,-7.1E-16,-1.));
#676 = DIRECTION('',(-2.22044604925E-16,1.,-7.1E-16));
#677 = ADVANCED_FACE('',(#678),#698,.T.);
#678 = FACE_BOUND('',#679,.T.);
#679 = EDGE_LOOP('',(#680,#689,#690,#691,#692));
#680 = ORIENTED_EDGE('',*,*,#681,.T.);
#681 = EDGE_CURVE('',#682,#651,#684,.T.);
#682 = VERTEX_POINT('',#683);
#683 = CARTESIAN_POINT('',(6.980527267331E-15,-4.2,6.4));
#684 = CIRCLE('',#685,4.2);
#685 = AXIS2_PLACEMENT_3D('',#686,#687,#688);
#686 = CARTESIAN_POINT('',(1.7763568394E-15,3.464215547965E-15,6.4));
#687 = DIRECTION('',(-1.,-2.22044604925E-16,1.E-15));
#688 = DIRECTION('',(2.22044604925E-16,-1.,0.));
#689 = ORIENTED_EDGE('',*,*,#660,.T.);
#690 = ORIENTED_EDGE('',*,*,#342,.F.);
#691 = ORIENTED_EDGE('',*,*,#390,.F.);
#692 = ORIENTED_EDGE('',*,*,#693,.F.);
#693 = EDGE_CURVE('',#682,#383,#694,.T.);
#694 = LINE('',#695,#696);
#695 = CARTESIAN_POINT('',(2.708944180085E-15,-4.2,6.4));
#696 = VECTOR('',#697,1.);
#697 = DIRECTION('',(-1.,-2.22044604925E-16,1.11E-15));
#698 = CYLINDRICAL_SURFACE('',#699,4.2);
#699 = AXIS2_PLACEMENT_3D('',#700,#701,#702);
#700 = CARTESIAN_POINT('',(1.7763568394E-15,3.464215547965E-15,6.4));
#701 = DIRECTION('',(1.,2.22044604925E-16,-1.11E-15));
#702 = DIRECTION('',(2.22044604925E-16,-1.,0.));
#703 = ADVANCED_FACE('',(#704),#715,.T.);
#704 = FACE_BOUND('',#705,.T.);
#705 = EDGE_LOOP('',(#706,#712,#713,#714));
#706 = ORIENTED_EDGE('',*,*,#707,.F.);
#707 = EDGE_CURVE('',#682,#593,#708,.T.);
#708 = LINE('',#709,#710);
#709 = CARTESIAN_POINT('',(2.708944180085E-15,-4.2,6.4));
#710 = VECTOR('',#711,1.);
#711 = DIRECTION('',(2.22044604925E-16,-1.,0.));
#712 = ORIENTED_EDGE('',*,*,#693,.T.);
#713 = ORIENTED_EDGE('',*,*,#382,.T.);
#714 = ORIENTED_EDGE('',*,*,#616,.F.);
#715 = PLANE('',#716);
#716 = AXIS2_PLACEMENT_3D('',#717,#718,#719);
#717 = CARTESIAN_POINT('',(2.708944180085E-15,-4.2,6.4));
#718 = DIRECTION('',(1.11E-15,2.464695114668E-31,1.));
#719 = DIRECTION('',(2.22044604925E-16,-1.,5.000883894559E-44));
#720 = ADVANCED_FACE('',(#721),#727,.T.);
#721 = FACE_BOUND('',#722,.T.);
#722 = EDGE_LOOP('',(#723,#724,#725,#726));
#723 = ORIENTED_EDGE('',*,*,#550,.T.);
#724 = ORIENTED_EDGE('',*,*,#432,.T.);
#725 = ORIENTED_EDGE('',*,*,#405,.T.);
#726 = ORIENTED_EDGE('',*,*,#474,.F.);
#727 = CYLINDRICAL_SURFACE('',#728,0.1);
#728 = AXIS2_PLACEMENT_3D('',#729,#730,#731);
#729 = CARTESIAN_POINT('',(-13.6,4.4,-0.1));
#730 = DIRECTION('',(2.2E-16,4.884981308351E-32,1.));
#731 = DIRECTION('',(-2.22044604925E-16,1.,-1.000067302469E-44));
#732 = ADVANCED_FACE('',(#733),#776,.F.);
#733 = FACE_BOUND('',#734,.F.);
#734 = EDGE_LOOP('',(#735,#746,#754,#763,#768,#769,#770));
#735 = ORIENTED_EDGE('',*,*,#736,.T.);
#736 = EDGE_CURVE('',#737,#739,#741,.T.);
#737 = VERTEX_POINT('',#738);
#738 = CARTESIAN_POINT('',(-2.,-3.15,6.4));
#739 = VERTEX_POINT('',#740);
#740 = CARTESIAN_POINT('',(-2.,3.15,6.4));
#741 = CIRCLE('',#742,3.15);
#742 = AXIS2_PLACEMENT_3D('',#743,#744,#745);
#743 = CARTESIAN_POINT('',(-2.,2.620126338115E-15,6.4));
#744 = DIRECTION('',(-1.,-2.22044604925E-16,1.11E-15));
#745 = DIRECTION('',(2.22044604925E-16,-1.,0.));
#746 = ORIENTED_EDGE('',*,*,#747,.T.);
#747 = EDGE_CURVE('',#739,#748,#750,.T.);
#748 = VERTEX_POINT('',#749);
#749 = CARTESIAN_POINT('',(-12.,3.15,6.4));
#750 = LINE('',#751,#752);
#751 = CARTESIAN_POINT('',(-2.,3.15,6.4));
#752 = VECTOR('',#753,1.);
#753 = DIRECTION('',(-1.,-2.22044604925E-16,1.11E-15));
#754 = ORIENTED_EDGE('',*,*,#755,.F.);
#755 = EDGE_CURVE('',#756,#748,#758,.T.);
#756 = VERTEX_POINT('',#757);
#757 = CARTESIAN_POINT('',(-12.,-3.15,6.4));
#758 = CIRCLE('',#759,3.15);
#759 = AXIS2_PLACEMENT_3D('',#760,#761,#762);
#760 = CARTESIAN_POINT('',(-12.,3.996802888651E-16,6.4));
#761 = DIRECTION('',(1.,2.22044604925E-16,-2.2E-16));
#762 = DIRECTION('',(2.22044604925E-16,-1.,0.));
#763 = ORIENTED_EDGE('',*,*,#764,.F.);
#764 = EDGE_CURVE('',#448,#756,#765,.T.);
#765 = B_SPLINE_CURVE_WITH_KNOTS('',1,(#766,#767),.UNSPECIFIED.,.F.,.F.,
  (2,2),(-3.2,-1.5),.PIECEWISE_BEZIER_KNOTS.);
#766 = CARTESIAN_POINT('',(-13.7,-3.15,6.4));
#767 = CARTESIAN_POINT('',(-12.,-3.15,6.4));
#768 = ORIENTED_EDGE('',*,*,#447,.F.);
#769 = ORIENTED_EDGE('',*,*,#764,.T.);
#770 = ORIENTED_EDGE('',*,*,#771,.F.);
#771 = EDGE_CURVE('',#737,#756,#772,.T.);
#772 = LINE('',#773,#774);
#773 = CARTESIAN_POINT('',(-10.5,-3.15,6.4));
#774 = VECTOR('',#775,1.);
#775 = DIRECTION('',(-1.,-2.22044604925E-16,2.2E-16));
#776 = CYLINDRICAL_SURFACE('',#777,3.15);
#777 = AXIS2_PLACEMENT_3D('',#778,#779,#780);
#778 = CARTESIAN_POINT('',(-10.5,7.327471962526E-16,6.4));
#779 = DIRECTION('',(1.,2.22044604925E-16,-2.2E-16));
#780 = DIRECTION('',(2.22044604925E-16,-1.,0.));
#781 = ADVANCED_FACE('',(#782),#799,.T.);
#782 = FACE_BOUND('',#783,.T.);
#783 = EDGE_LOOP('',(#784,#791,#797,#798));
#784 = ORIENTED_EDGE('',*,*,#785,.T.);
#785 = EDGE_CURVE('',#490,#653,#786,.T.);
#786 = ELLIPSE('',#787,0.141421356237,0.1);
#787 = AXIS2_PLACEMENT_3D('',#788,#789,#790);
#788 = CARTESIAN_POINT('',(-0.1,4.4,6.3));
#789 = DIRECTION('',(0.707106781187,1.570092458683E-16,-0.707106781187)
  );
#790 = DIRECTION('',(-0.707106781187,-1.570092458683E-16,-0.707106781187
    ));
#791 = ORIENTED_EDGE('',*,*,#792,.T.);
#792 = EDGE_CURVE('',#653,#559,#793,.T.);
#793 = LINE('',#794,#795);
#794 = CARTESIAN_POINT('',(-1.7763568394E-15,4.4,6.4));
#795 = VECTOR('',#796,1.);
#796 = DIRECTION('',(-1.E-15,-2.22044604925E-31,-1.));
#797 = ORIENTED_EDGE('',*,*,#558,.F.);
#798 = ORIENTED_EDGE('',*,*,#497,.F.);
#799 = CYLINDRICAL_SURFACE('',#800,0.1);
#800 = AXIS2_PLACEMENT_3D('',#801,#802,#803);
#801 = CARTESIAN_POINT('',(-0.1,4.4,6.4));
#802 = DIRECTION('',(-1.E-15,-2.22044604925E-31,-1.));
#803 = DIRECTION('',(-2.22044604925E-16,1.,0.));
#804 = ADVANCED_FACE('',(#805),#811,.T.);
#805 = FACE_BOUND('',#806,.T.);
#806 = EDGE_LOOP('',(#807,#808,#809,#810));
#807 = ORIENTED_EDGE('',*,*,#489,.T.);
#808 = ORIENTED_EDGE('',*,*,#635,.T.);
#809 = ORIENTED_EDGE('',*,*,#667,.F.);
#810 = ORIENTED_EDGE('',*,*,#785,.F.);
#811 = CYLINDRICAL_SURFACE('',#812,0.1);
#812 = AXIS2_PLACEMENT_3D('',#813,#814,#815);
#813 = CARTESIAN_POINT('',(0.,4.4,6.3));
#814 = DIRECTION('',(-1.,-2.22044604925E-16,1.11E-15));
#815 = DIRECTION('',(-2.22044604925E-16,1.,0.));
#816 = ADVANCED_FACE('',(#817),#825,.T.);
#817 = FACE_BOUND('',#818,.T.);
#818 = EDGE_LOOP('',(#819,#820,#821,#822,#823,#824));
#819 = ORIENTED_EDGE('',*,*,#707,.T.);
#820 = ORIENTED_EDGE('',*,*,#592,.T.);
#821 = ORIENTED_EDGE('',*,*,#567,.T.);
#822 = ORIENTED_EDGE('',*,*,#792,.F.);
#823 = ORIENTED_EDGE('',*,*,#650,.F.);
#824 = ORIENTED_EDGE('',*,*,#681,.F.);
#825 = PLANE('',#826);
#826 = AXIS2_PLACEMENT_3D('',#827,#828,#829);
#827 = CARTESIAN_POINT('',(-4.336431605997E-16,3.064215547965E-15,
    4.405777734248));
#828 = DIRECTION('',(1.,2.22044604925E-16,-1.11E-15));
#829 = DIRECTION('',(1.11E-15,2.464695114668E-31,1.));
#830 = ADVANCED_FACE('',(#831),#856,.F.);
#831 = FACE_BOUND('',#832,.F.);
#832 = EDGE_LOOP('',(#833,#834,#842,#850));
#833 = ORIENTED_EDGE('',*,*,#771,.T.);
#834 = ORIENTED_EDGE('',*,*,#835,.T.);
#835 = EDGE_CURVE('',#756,#836,#838,.T.);
#836 = VERTEX_POINT('',#837);
#837 = CARTESIAN_POINT('',(-12.,-3.15,0.4));
#838 = LINE('',#839,#840);
#839 = CARTESIAN_POINT('',(-12.,-3.15,6.4));
#840 = VECTOR('',#841,1.);
#841 = DIRECTION('',(-1.E-15,-2.22044604925E-31,-1.));
#842 = ORIENTED_EDGE('',*,*,#843,.F.);
#843 = EDGE_CURVE('',#844,#836,#846,.T.);
#844 = VERTEX_POINT('',#845);
#845 = CARTESIAN_POINT('',(-2.,-3.15,0.4));
#846 = LINE('',#847,#848);
#847 = CARTESIAN_POINT('',(-2.,-3.15,0.4));
#848 = VECTOR('',#849,1.);
#849 = DIRECTION('',(-1.,-2.22044604925E-16,1.11E-15));
#850 = ORIENTED_EDGE('',*,*,#851,.F.);
#851 = EDGE_CURVE('',#737,#844,#852,.T.);
#852 = LINE('',#853,#854);
#853 = CARTESIAN_POINT('',(-2.,-3.15,6.4));
#854 = VECTOR('',#855,1.);
#855 = DIRECTION('',(-1.E-15,-2.22044604925E-31,-1.));
#856 = PLANE('',#857);
#857 = AXIS2_PLACEMENT_3D('',#858,#859,#860);
#858 = CARTESIAN_POINT('',(-2.,-3.15,6.4));
#859 = DIRECTION('',(2.22044604925E-16,-1.,0.));
#860 = DIRECTION('',(-1.11E-15,-2.464695114668E-31,-1.));
#861 = ADVANCED_FACE('',(#862),#880,.T.);
#862 = FACE_BOUND('',#863,.T.);
#863 = EDGE_LOOP('',(#864,#865,#866,#874));
#864 = ORIENTED_EDGE('',*,*,#755,.F.);
#865 = ORIENTED_EDGE('',*,*,#835,.T.);
#866 = ORIENTED_EDGE('',*,*,#867,.F.);
#867 = EDGE_CURVE('',#868,#836,#870,.T.);
#868 = VERTEX_POINT('',#869);
#869 = CARTESIAN_POINT('',(-12.,3.15,0.4));
#870 = LINE('',#871,#872);
#871 = CARTESIAN_POINT('',(-12.,3.15,0.4));
#872 = VECTOR('',#873,1.);
#873 = DIRECTION('',(2.22044604925E-16,-1.,0.));
#874 = ORIENTED_EDGE('',*,*,#875,.F.);
#875 = EDGE_CURVE('',#748,#868,#876,.T.);
#876 = LINE('',#877,#878);
#877 = CARTESIAN_POINT('',(-12.,3.15,6.4));
#878 = VECTOR('',#879,1.);
#879 = DIRECTION('',(-1.E-15,-2.22044604925E-31,-1.));
#880 = PLANE('',#881);
#881 = AXIS2_PLACEMENT_3D('',#882,#883,#884);
#882 = CARTESIAN_POINT('',(-12.,7.796802888651E-16,4.359865734706));
#883 = DIRECTION('',(1.,2.22044604925E-16,-1.11E-15));
#884 = DIRECTION('',(1.11E-15,2.464695114668E-31,1.));
#885 = ADVANCED_FACE('',(#886),#904,.T.);
#886 = FACE_BOUND('',#887,.T.);
#887 = EDGE_LOOP('',(#888,#889,#890,#898));
#888 = ORIENTED_EDGE('',*,*,#747,.T.);
#889 = ORIENTED_EDGE('',*,*,#875,.T.);
#890 = ORIENTED_EDGE('',*,*,#891,.F.);
#891 = EDGE_CURVE('',#892,#868,#894,.T.);
#892 = VERTEX_POINT('',#893);
#893 = CARTESIAN_POINT('',(-2.,3.15,0.4));
#894 = LINE('',#895,#896);
#895 = CARTESIAN_POINT('',(-2.,3.15,0.4));
#896 = VECTOR('',#897,1.);
#897 = DIRECTION('',(-1.,-2.22044604925E-16,1.11E-15));
#898 = ORIENTED_EDGE('',*,*,#899,.F.);
#899 = EDGE_CURVE('',#739,#892,#900,.T.);
#900 = LINE('',#901,#902);
#901 = CARTESIAN_POINT('',(-2.,3.15,6.4));
#902 = VECTOR('',#903,1.);
#903 = DIRECTION('',(-1.E-15,-2.22044604925E-31,-1.));
#904 = PLANE('',#905);
#905 = AXIS2_PLACEMENT_3D('',#906,#907,#908);
#906 = CARTESIAN_POINT('',(-2.,3.15,6.4));
#907 = DIRECTION('',(2.22044604925E-16,-1.,0.));
#908 = DIRECTION('',(-1.11E-15,-2.464695114668E-31,-1.));
#909 = ADVANCED_FACE('',(#910),#921,.F.);
#910 = FACE_BOUND('',#911,.F.);
#911 = EDGE_LOOP('',(#912,#913,#919,#920));
#912 = ORIENTED_EDGE('',*,*,#851,.T.);
#913 = ORIENTED_EDGE('',*,*,#914,.F.);
#914 = EDGE_CURVE('',#892,#844,#915,.T.);
#915 = LINE('',#916,#917);
#916 = CARTESIAN_POINT('',(-2.,3.15,0.4));
#917 = VECTOR('',#918,1.);
#918 = DIRECTION('',(2.22044604925E-16,-1.,0.));
#919 = ORIENTED_EDGE('',*,*,#899,.F.);
#920 = ORIENTED_EDGE('',*,*,#736,.F.);
#921 = PLANE('',#922);
#922 = AXIS2_PLACEMENT_3D('',#923,#924,#925);
#923 = CARTESIAN_POINT('',(-2.,3.000126338115E-15,4.359865734706));
#924 = DIRECTION('',(1.,2.22044604925E-16,-1.11E-15));
#925 = DIRECTION('',(1.11E-15,2.464695114668E-31,1.));
#926 = ADVANCED_FACE('',(#927),#933,.T.);
#927 = FACE_BOUND('',#928,.T.);
#928 = EDGE_LOOP('',(#929,#930,#931,#932));
#929 = ORIENTED_EDGE('',*,*,#891,.T.);
#930 = ORIENTED_EDGE('',*,*,#867,.T.);
#931 = ORIENTED_EDGE('',*,*,#843,.F.);
#932 = ORIENTED_EDGE('',*,*,#914,.F.);
#933 = PLANE('',#934);
#934 = AXIS2_PLACEMENT_3D('',#935,#936,#937);
#935 = CARTESIAN_POINT('',(-2.,3.15,0.4));
#936 = DIRECTION('',(1.11E-15,2.464695114668E-31,1.));
#937 = DIRECTION('',(2.22044604925E-16,-1.,5.000883894559E-44));
#938 = MANIFOLD_SOLID_BREP('',#939);
#939 = CLOSED_SHELL('',(#940,#980,#1013,#1044,#1104,#1129,#1148,#1173,
    #1198,#1242,#1267,#1276));
#940 = ADVANCED_FACE('',(#941),#975,.T.);
#941 = FACE_BOUND('',#942,.T.);
#942 = EDGE_LOOP('',(#943,#953,#961,#969));
#943 = ORIENTED_EDGE('',*,*,#944,.F.);
#944 = EDGE_CURVE('',#945,#947,#949,.T.);
#945 = VERTEX_POINT('',#946);
#946 = CARTESIAN_POINT('',(6.758482662406E-15,1.3,4.0999988085));
#947 = VERTEX_POINT('',#948);
#948 = CARTESIAN_POINT('',(-4.232725281383E-15,1.3,-2.2));
#949 = LINE('',#950,#951);
#950 = CARTESIAN_POINT('',(-8.123011470023E-16,1.3,4.1));
#951 = VECTOR('',#952,1.);
#952 = DIRECTION('',(-1.E-15,-2.22044604925E-31,-1.));
#953 = ORIENTED_EDGE('',*,*,#954,.T.);
#954 = EDGE_CURVE('',#945,#955,#957,.T.);
#955 = VERTEX_POINT('',#956);
#956 = CARTESIAN_POINT('',(0.2,1.3,4.0999988085));
#957 = LINE('',#958,#959);
#958 = CARTESIAN_POINT('',(1.7763568394E-15,1.3,4.0999988085));
#959 = VECTOR('',#960,1.);
#960 = DIRECTION('',(1.,2.22044604925E-16,0.));
#961 = ORIENTED_EDGE('',*,*,#962,.T.);
#962 = EDGE_CURVE('',#955,#963,#965,.T.);
#963 = VERTEX_POINT('',#964);
#964 = CARTESIAN_POINT('',(0.2,1.3,-2.2));
#965 = LINE('',#966,#967);
#966 = CARTESIAN_POINT('',(0.2,1.3,4.1));
#967 = VECTOR('',#968,1.);
#968 = DIRECTION('',(-1.E-15,-2.22044604925E-31,-1.));
#969 = ORIENTED_EDGE('',*,*,#970,.F.);
#970 = EDGE_CURVE('',#947,#963,#971,.T.);
#971 = LINE('',#972,#973);
#972 = CARTESIAN_POINT('',(-8.062301147002E-15,1.3,-2.2));
#973 = VECTOR('',#974,1.);
#974 = DIRECTION('',(1.,2.22044604925E-16,-1.11E-15));
#975 = PLANE('',#976);
#976 = AXIS2_PLACEMENT_3D('',#977,#978,#979);
#977 = CARTESIAN_POINT('',(-1.062301147002E-15,1.3,4.1));
#978 = DIRECTION('',(-2.22044604925E-16,1.,0.));
#979 = DIRECTION('',(-1.11E-15,-2.464695114668E-31,-1.));
#980 = ADVANCED_FACE('',(#981),#1008,.T.);
#981 = FACE_BOUND('',#982,.T.);
#982 = EDGE_LOOP('',(#983,#984,#993,#1001));
#983 = ORIENTED_EDGE('',*,*,#970,.T.);
#984 = ORIENTED_EDGE('',*,*,#985,.T.);
#985 = EDGE_CURVE('',#963,#986,#988,.T.);
#986 = VERTEX_POINT('',#987);
#987 = CARTESIAN_POINT('',(0.2,-1.3,-2.2));
#988 = CIRCLE('',#989,1.3);
#989 = AXIS2_PLACEMENT_3D('',#990,#991,#992);
#990 = CARTESIAN_POINT('',(0.2,3.10862446895E-15,-2.2));
#991 = DIRECTION('',(-1.,-2.22044604925E-16,1.E-15));
#992 = DIRECTION('',(2.22044604925E-16,-1.,0.));
#993 = ORIENTED_EDGE('',*,*,#994,.F.);
#994 = EDGE_CURVE('',#995,#986,#997,.T.);
#995 = VERTEX_POINT('',#996);
#996 = CARTESIAN_POINT('',(-4.649058915618E-15,-1.3,-2.2));
#997 = LINE('',#998,#999);
#998 = CARTESIAN_POINT('',(-7.484985174197E-15,-1.3,-2.2));
#999 = VECTOR('',#1000,1.);
#1000 = DIRECTION('',(1.,2.22044604925E-16,-1.11E-15));
#1001 = ORIENTED_EDGE('',*,*,#1002,.F.);
#1002 = EDGE_CURVE('',#947,#995,#1003,.T.);
#1003 = CIRCLE('',#1004,1.3);
#1004 = AXIS2_PLACEMENT_3D('',#1005,#1006,#1007);
#1005 = CARTESIAN_POINT('',(-6.8236431606E-15,3.064215547965E-15,-2.2));
#1006 = DIRECTION('',(-1.,-2.22044604925E-16,1.E-15));
#1007 = DIRECTION('',(2.22044604925E-16,-1.,0.));
#1008 = CYLINDRICAL_SURFACE('',#1009,1.3);
#1009 = AXIS2_PLACEMENT_3D('',#1010,#1011,#1012);
#1010 = CARTESIAN_POINT('',(-7.7736431606E-15,3.064215547965E-15,-2.2));
#1011 = DIRECTION('',(-1.,-2.22044604925E-16,1.11E-15));
#1012 = DIRECTION('',(2.22044604925E-16,-1.,0.));
#1013 = ADVANCED_FACE('',(#1014),#1039,.F.);
#1014 = FACE_BOUND('',#1015,.F.);
#1015 = EDGE_LOOP('',(#1016,#1024,#1032,#1038));
#1016 = ORIENTED_EDGE('',*,*,#1017,.F.);
#1017 = EDGE_CURVE('',#1018,#995,#1020,.T.);
#1018 = VERTEX_POINT('',#1019);
#1019 = CARTESIAN_POINT('',(6.342149028171E-15,-1.3,4.0999988085));
#1020 = LINE('',#1021,#1022);
#1021 = CARTESIAN_POINT('',(-2.349851741972E-16,-1.3,4.1));
#1022 = VECTOR('',#1023,1.);
#1023 = DIRECTION('',(-1.E-15,-2.22044604925E-31,-1.));
#1024 = ORIENTED_EDGE('',*,*,#1025,.T.);
#1025 = EDGE_CURVE('',#1018,#1026,#1028,.T.);
#1026 = VERTEX_POINT('',#1027);
#1027 = CARTESIAN_POINT('',(0.2,-1.3,4.0999988085));
#1028 = LINE('',#1029,#1030);
#1029 = CARTESIAN_POINT('',(1.7763568394E-15,-1.3,4.0999988085));
#1030 = VECTOR('',#1031,1.);
#1031 = DIRECTION('',(1.,2.22044604925E-16,0.));
#1032 = ORIENTED_EDGE('',*,*,#1033,.T.);
#1033 = EDGE_CURVE('',#1026,#986,#1034,.T.);
#1034 = LINE('',#1035,#1036);
#1035 = CARTESIAN_POINT('',(0.2,-1.3,4.1));
#1036 = VECTOR('',#1037,1.);
#1037 = DIRECTION('',(-1.E-15,-2.22044604925E-31,-1.));
#1038 = ORIENTED_EDGE('',*,*,#994,.F.);
#1039 = PLANE('',#1040);
#1040 = AXIS2_PLACEMENT_3D('',#1041,#1042,#1043);
#1041 = CARTESIAN_POINT('',(-4.849851741972E-16,-1.3,4.1));
#1042 = DIRECTION('',(-2.22044604925E-16,1.,0.));
#1043 = DIRECTION('',(-1.11E-15,-2.464695114668E-31,-1.));
#1044 = ADVANCED_FACE('',(#1045,#1066,#1077,#1088),#1099,.T.);
#1045 = FACE_BOUND('',#1046,.T.);
#1046 = EDGE_LOOP('',(#1047,#1056,#1057,#1058,#1059));
#1047 = ORIENTED_EDGE('',*,*,#1048,.F.);
#1048 = EDGE_CURVE('',#945,#1049,#1051,.T.);
#1049 = VERTEX_POINT('',#1050);
#1050 = CARTESIAN_POINT('',(5.634381849973E-15,-2.64197,6.4));
#1051 = CIRCLE('',#1052,2.64197);
#1052 = AXIS2_PLACEMENT_3D('',#1053,#1054,#1055);
#1053 = CARTESIAN_POINT('',(1.7763568394E-15,3.064215547965E-15,6.4));
#1054 = DIRECTION('',(1.,2.22044604925E-16,0.));
#1055 = DIRECTION('',(2.22044604925E-16,-1.,0.));
#1056 = ORIENTED_EDGE('',*,*,#944,.T.);
#1057 = ORIENTED_EDGE('',*,*,#1002,.T.);
#1058 = ORIENTED_EDGE('',*,*,#1017,.F.);
#1059 = ORIENTED_EDGE('',*,*,#1060,.F.);
#1060 = EDGE_CURVE('',#1049,#1018,#1061,.T.);
#1061 = CIRCLE('',#1062,2.64197);
#1062 = AXIS2_PLACEMENT_3D('',#1063,#1064,#1065);
#1063 = CARTESIAN_POINT('',(1.7763568394E-15,3.064215547965E-15,6.4));
#1064 = DIRECTION('',(1.,2.22044604925E-16,0.));
#1065 = DIRECTION('',(2.22044604925E-16,-1.,0.));
#1066 = FACE_BOUND('',#1067,.T.);
#1067 = EDGE_LOOP('',(#1068));
#1068 = ORIENTED_EDGE('',*,*,#1069,.T.);
#1069 = EDGE_CURVE('',#1070,#1070,#1072,.T.);
#1070 = VERTEX_POINT('',#1071);
#1071 = CARTESIAN_POINT('',(6.272760089132E-15,-1.,6.4));
#1072 = CIRCLE('',#1073,1.);
#1073 = AXIS2_PLACEMENT_3D('',#1074,#1075,#1076);
#1074 = CARTESIAN_POINT('',(1.7763568394E-15,3.064215547965E-15,6.4));
#1075 = DIRECTION('',(1.,2.22044604925E-16,-2.2E-16));
#1076 = DIRECTION('',(2.22044604925E-16,-1.,0.));
#1077 = FACE_BOUND('',#1078,.T.);
#1078 = EDGE_LOOP('',(#1079));
#1079 = ORIENTED_EDGE('',*,*,#1080,.F.);
#1080 = EDGE_CURVE('',#1081,#1081,#1083,.T.);
#1081 = VERTEX_POINT('',#1082);
#1082 = CARTESIAN_POINT('',(-3.774758283726E-15,-0.75,-2.2));
#1083 = CIRCLE('',#1084,0.75);
#1084 = AXIS2_PLACEMENT_3D('',#1085,#1086,#1087);
#1085 = CARTESIAN_POINT('',(-6.8236431606E-15,3.064215547965E-15,-2.2));
#1086 = DIRECTION('',(-1.,-2.22044604925E-16,1.E-15));
#1087 = DIRECTION('',(2.22044604925E-16,-1.,0.));
#1088 = FACE_BOUND('',#1089,.T.);
#1089 = EDGE_LOOP('',(#1090));
#1090 = ORIENTED_EDGE('',*,*,#1091,.F.);
#1091 = EDGE_CURVE('',#1092,#1092,#1094,.T.);
#1092 = VERTEX_POINT('',#1093);
#1093 = CARTESIAN_POINT('',(1.221245327088E-15,-0.75,2.1));
#1094 = CIRCLE('',#1095,0.75);
#1095 = AXIS2_PLACEMENT_3D('',#1096,#1097,#1098);
#1096 = CARTESIAN_POINT('',(-2.5236431606E-15,3.064215547965E-15,2.1));
#1097 = DIRECTION('',(-1.,-2.22044604925E-16,1.E-15));
#1098 = DIRECTION('',(2.22044604925E-16,-1.,0.));
#1099 = PLANE('',#1100);
#1100 = AXIS2_PLACEMENT_3D('',#1101,#1102,#1103);
#1101 = CARTESIAN_POINT('',(-1.7763568394E-15,-4.523315471024E-02,
    2.985978728867));
#1102 = DIRECTION('',(-1.,-2.92044604925E-16,9.5E-16));
#1103 = DIRECTION('',(-9.5E-16,-2.109423746788E-31,-1.));
#1104 = ADVANCED_FACE('',(#1105),#1124,.T.);
#1105 = FACE_BOUND('',#1106,.T.);
#1106 = EDGE_LOOP('',(#1107,#1115,#1122,#1123));
#1107 = ORIENTED_EDGE('',*,*,#1108,.T.);
#1108 = EDGE_CURVE('',#1070,#1109,#1111,.T.);
#1109 = VERTEX_POINT('',#1110);
#1110 = CARTESIAN_POINT('',(-12.8,-1.,6.4));
#1111 = LINE('',#1112,#1113);
#1112 = CARTESIAN_POINT('',(0.4,-1.,6.4));
#1113 = VECTOR('',#1114,1.);
#1114 = DIRECTION('',(-1.,-2.22044604925E-16,0.));
#1115 = ORIENTED_EDGE('',*,*,#1116,.F.);
#1116 = EDGE_CURVE('',#1109,#1109,#1117,.T.);
#1117 = CIRCLE('',#1118,1.);
#1118 = AXIS2_PLACEMENT_3D('',#1119,#1120,#1121);
#1119 = CARTESIAN_POINT('',(-12.8,2.22044604925E-16,6.4));
#1120 = DIRECTION('',(-1.,-2.22044604925E-16,2.2E-16));
#1121 = DIRECTION('',(2.22044604925E-16,-1.,0.));
#1122 = ORIENTED_EDGE('',*,*,#1108,.F.);
#1123 = ORIENTED_EDGE('',*,*,#1069,.F.);
#1124 = CYLINDRICAL_SURFACE('',#1125,1.);
#1125 = AXIS2_PLACEMENT_3D('',#1126,#1127,#1128);
#1126 = CARTESIAN_POINT('',(0.4,3.153033389935E-15,6.4));
#1127 = DIRECTION('',(1.,2.22044604925E-16,-0.));
#1128 = DIRECTION('',(2.22044604925E-16,-1.,0.));
#1129 = ADVANCED_FACE('',(#1130),#1143,.T.);
#1130 = FACE_BOUND('',#1131,.T.);
#1131 = EDGE_LOOP('',(#1132,#1141,#1142));
#1132 = ORIENTED_EDGE('',*,*,#1133,.F.);
#1133 = EDGE_CURVE('',#1109,#1134,#1136,.T.);
#1134 = VERTEX_POINT('',#1135);
#1135 = CARTESIAN_POINT('',(-13.8,-3.944304526105E-31,6.4));
#1136 = CIRCLE('',#1137,1.);
#1137 = AXIS2_PLACEMENT_3D('',#1138,#1139,#1140);
#1138 = CARTESIAN_POINT('',(-12.8,2.22044604925E-16,6.4));
#1139 = DIRECTION('',(-2.2E-16,-4.884981308351E-32,-1.));
#1140 = DIRECTION('',(2.22044604925E-16,-1.,1.000067302469E-44));
#1141 = ORIENTED_EDGE('',*,*,#1116,.T.);
#1142 = ORIENTED_EDGE('',*,*,#1133,.T.);
#1143 = SPHERICAL_SURFACE('',#1144,1.);
#1144 = AXIS2_PLACEMENT_3D('',#1145,#1146,#1147);
#1145 = CARTESIAN_POINT('',(-12.8,2.22044604925E-16,6.4));
#1146 = DIRECTION('',(-1.,-2.22044604925E-16,2.2E-16));
#1147 = DIRECTION('',(2.22044604925E-16,-1.,0.));
#1148 = ADVANCED_FACE('',(#1149),#1168,.F.);
#1149 = FACE_BOUND('',#1150,.F.);
#1150 = EDGE_LOOP('',(#1151,#1159,#1166,#1167));
#1151 = ORIENTED_EDGE('',*,*,#1152,.T.);
#1152 = EDGE_CURVE('',#1081,#1153,#1155,.T.);
#1153 = VERTEX_POINT('',#1154);
#1154 = CARTESIAN_POINT('',(0.2,-0.75,-2.2));
#1155 = LINE('',#1156,#1157);
#1156 = CARTESIAN_POINT('',(-7.607109706906E-15,-0.75,-2.2));
#1157 = VECTOR('',#1158,1.);
#1158 = DIRECTION('',(1.,2.22044604925E-16,-1.11E-15));
#1159 = ORIENTED_EDGE('',*,*,#1160,.T.);
#1160 = EDGE_CURVE('',#1153,#1153,#1161,.T.);
#1161 = CIRCLE('',#1162,0.75);
#1162 = AXIS2_PLACEMENT_3D('',#1163,#1164,#1165);
#1163 = CARTESIAN_POINT('',(0.2,3.10862446895E-15,-2.2));
#1164 = DIRECTION('',(-1.,-2.22044604925E-16,1.E-15));
#1165 = DIRECTION('',(2.22044604925E-16,-1.,0.));
#1166 = ORIENTED_EDGE('',*,*,#1152,.F.);
#1167 = ORIENTED_EDGE('',*,*,#1080,.F.);
#1168 = CYLINDRICAL_SURFACE('',#1169,0.75);
#1169 = AXIS2_PLACEMENT_3D('',#1170,#1171,#1172);
#1170 = CARTESIAN_POINT('',(-7.7736431606E-15,3.064215547965E-15,-2.2));
#1171 = DIRECTION('',(-1.,-2.22044604925E-16,1.11E-15));
#1172 = DIRECTION('',(2.22044604925E-16,-1.,0.));
#1173 = ADVANCED_FACE('',(#1174),#1193,.F.);
#1174 = FACE_BOUND('',#1175,.F.);
#1175 = EDGE_LOOP('',(#1176,#1184,#1191,#1192));
#1176 = ORIENTED_EDGE('',*,*,#1177,.T.);
#1177 = EDGE_CURVE('',#1092,#1178,#1180,.T.);
#1178 = VERTEX_POINT('',#1179);
#1179 = CARTESIAN_POINT('',(0.2,-0.75,2.1));
#1180 = LINE('',#1181,#1182);
#1181 = CARTESIAN_POINT('',(-2.827109706906E-15,-0.75,2.1));
#1182 = VECTOR('',#1183,1.);
#1183 = DIRECTION('',(1.,2.22044604925E-16,-1.11E-15));
#1184 = ORIENTED_EDGE('',*,*,#1185,.T.);
#1185 = EDGE_CURVE('',#1178,#1178,#1186,.T.);
#1186 = CIRCLE('',#1187,0.75);
#1187 = AXIS2_PLACEMENT_3D('',#1188,#1189,#1190);
#1188 = CARTESIAN_POINT('',(0.2,3.10862446895E-15,2.1));
#1189 = DIRECTION('',(-1.,-2.22044604925E-16,1.E-15));
#1190 = DIRECTION('',(2.22044604925E-16,-1.,0.));
#1191 = ORIENTED_EDGE('',*,*,#1177,.F.);
#1192 = ORIENTED_EDGE('',*,*,#1091,.F.);
#1193 = CYLINDRICAL_SURFACE('',#1194,0.75);
#1194 = AXIS2_PLACEMENT_3D('',#1195,#1196,#1197);
#1195 = CARTESIAN_POINT('',(-2.9936431606E-15,3.064215547965E-15,2.1));
#1196 = DIRECTION('',(-1.,-2.22044604925E-16,1.11E-15));
#1197 = DIRECTION('',(2.22044604925E-16,-1.,0.));
#1198 = ADVANCED_FACE('',(#1199,#1220,#1231,#1234),#1237,.T.);
#1199 = FACE_BOUND('',#1200,.T.);
#1200 = EDGE_LOOP('',(#1201,#1210,#1217,#1218,#1219));
#1201 = ORIENTED_EDGE('',*,*,#1202,.T.);
#1202 = EDGE_CURVE('',#955,#1203,#1205,.T.);
#1203 = VERTEX_POINT('',#1204);
#1204 = CARTESIAN_POINT('',(0.2,-2.64197,6.4));
#1205 = CIRCLE('',#1206,2.64197);
#1206 = AXIS2_PLACEMENT_3D('',#1207,#1208,#1209);
#1207 = CARTESIAN_POINT('',(0.2,3.10862446895E-15,6.4));
#1208 = DIRECTION('',(1.,2.22044604925E-16,0.));
#1209 = DIRECTION('',(2.22044604925E-16,-1.,0.));
#1210 = ORIENTED_EDGE('',*,*,#1211,.T.);
#1211 = EDGE_CURVE('',#1203,#1026,#1212,.T.);
#1212 = CIRCLE('',#1213,2.64197);
#1213 = AXIS2_PLACEMENT_3D('',#1214,#1215,#1216);
#1214 = CARTESIAN_POINT('',(0.2,3.10862446895E-15,6.4));
#1215 = DIRECTION('',(1.,2.22044604925E-16,0.));
#1216 = DIRECTION('',(2.22044604925E-16,-1.,0.));
#1217 = ORIENTED_EDGE('',*,*,#1033,.T.);
#1218 = ORIENTED_EDGE('',*,*,#985,.F.);
#1219 = ORIENTED_EDGE('',*,*,#962,.F.);
#1220 = FACE_BOUND('',#1221,.T.);
#1221 = EDGE_LOOP('',(#1222));
#1222 = ORIENTED_EDGE('',*,*,#1223,.F.);
#1223 = EDGE_CURVE('',#1224,#1224,#1226,.T.);
#1224 = VERTEX_POINT('',#1225);
#1225 = CARTESIAN_POINT('',(0.2,-1.,6.4));
#1226 = CIRCLE('',#1227,1.);
#1227 = AXIS2_PLACEMENT_3D('',#1228,#1229,#1230);
#1228 = CARTESIAN_POINT('',(0.2,3.10862446895E-15,6.4));
#1229 = DIRECTION('',(1.,2.22044604925E-16,-2.2E-16));
#1230 = DIRECTION('',(2.22044604925E-16,-1.,0.));
#1231 = FACE_BOUND('',#1232,.T.);
#1232 = EDGE_LOOP('',(#1233));
#1233 = ORIENTED_EDGE('',*,*,#1160,.T.);
#1234 = FACE_BOUND('',#1235,.T.);
#1235 = EDGE_LOOP('',(#1236));
#1236 = ORIENTED_EDGE('',*,*,#1185,.T.);
#1237 = PLANE('',#1238);
#1238 = AXIS2_PLACEMENT_3D('',#1239,#1240,#1241);
#1239 = CARTESIAN_POINT('',(0.2,-4.523315471024E-02,2.985978728867));
#1240 = DIRECTION('',(1.,2.92044604925E-16,-9.5E-16));
#1241 = DIRECTION('',(9.5E-16,2.109423746788E-31,1.));
#1242 = ADVANCED_FACE('',(#1243),#1262,.T.);
#1243 = FACE_BOUND('',#1244,.T.);
#1244 = EDGE_LOOP('',(#1245,#1253,#1254,#1255));
#1245 = ORIENTED_EDGE('',*,*,#1246,.T.);
#1246 = EDGE_CURVE('',#1247,#1224,#1249,.T.);
#1247 = VERTEX_POINT('',#1248);
#1248 = CARTESIAN_POINT('',(0.4,-1.,6.4));
#1249 = LINE('',#1250,#1251);
#1250 = CARTESIAN_POINT('',(0.4,-1.,6.4));
#1251 = VECTOR('',#1252,1.);
#1252 = DIRECTION('',(-1.,-2.22044604925E-16,0.));
#1253 = ORIENTED_EDGE('',*,*,#1223,.T.);
#1254 = ORIENTED_EDGE('',*,*,#1246,.F.);
#1255 = ORIENTED_EDGE('',*,*,#1256,.T.);
#1256 = EDGE_CURVE('',#1247,#1247,#1257,.T.);
#1257 = CIRCLE('',#1258,1.);
#1258 = AXIS2_PLACEMENT_3D('',#1259,#1260,#1261);
#1259 = CARTESIAN_POINT('',(0.4,3.153033389935E-15,6.4));
#1260 = DIRECTION('',(-1.,-2.22044604925E-16,0.));
#1261 = DIRECTION('',(2.22044604925E-16,-1.,0.));
#1262 = CYLINDRICAL_SURFACE('',#1263,1.);
#1263 = AXIS2_PLACEMENT_3D('',#1264,#1265,#1266);
#1264 = CARTESIAN_POINT('',(0.4,3.153033389935E-15,6.4));
#1265 = DIRECTION('',(1.,2.22044604925E-16,-0.));
#1266 = DIRECTION('',(2.22044604925E-16,-1.,0.));
#1267 = ADVANCED_FACE('',(#1268),#1271,.F.);
#1268 = FACE_BOUND('',#1269,.T.);
#1269 = EDGE_LOOP('',(#1270));
#1270 = ORIENTED_EDGE('',*,*,#1256,.F.);
#1271 = PLANE('',#1272);
#1272 = AXIS2_PLACEMENT_3D('',#1273,#1274,#1275);
#1273 = CARTESIAN_POINT('',(0.4,3.153033389935E-15,6.4));
#1274 = DIRECTION('',(-1.,-2.22044604925E-16,0.));
#1275 = DIRECTION('',(2.22044604925E-16,-1.,0.));
#1276 = ADVANCED_FACE('',(#1277),#1285,.T.);
#1277 = FACE_BOUND('',#1278,.T.);
#1278 = EDGE_LOOP('',(#1279,#1280,#1281,#1282,#1283,#1284));
#1279 = ORIENTED_EDGE('',*,*,#1060,.T.);
#1280 = ORIENTED_EDGE('',*,*,#1025,.T.);
#1281 = ORIENTED_EDGE('',*,*,#1211,.F.);
#1282 = ORIENTED_EDGE('',*,*,#1202,.F.);
#1283 = ORIENTED_EDGE('',*,*,#954,.F.);
#1284 = ORIENTED_EDGE('',*,*,#1048,.T.);
#1285 = CYLINDRICAL_SURFACE('',#1286,2.64197);
#1286 = AXIS2_PLACEMENT_3D('',#1287,#1288,#1289);
#1287 = CARTESIAN_POINT('',(1.7763568394E-15,3.064215547965E-15,6.4));
#1288 = DIRECTION('',(1.,2.22044604925E-16,0.));
#1289 = DIRECTION('',(2.22044604925E-16,-1.,0.));
#1290 = MANIFOLD_SOLID_BREP('',#1291);
#1291 = CLOSED_SHELL('',(#1292,#1332,#1363,#1394,#1430,#1461,#1488,#1502
    ));
#1292 = ADVANCED_FACE('',(#1293),#1327,.F.);
#1293 = FACE_BOUND('',#1294,.F.);
#1294 = EDGE_LOOP('',(#1295,#1305,#1313,#1321));
#1295 = ORIENTED_EDGE('',*,*,#1296,.T.);
#1296 = EDGE_CURVE('',#1297,#1299,#1301,.T.);
#1297 = VERTEX_POINT('',#1298);
#1298 = CARTESIAN_POINT('',(-11.26,2.5,-6.E-02));
#1299 = VERTEX_POINT('',#1300);
#1300 = CARTESIAN_POINT('',(-11.26,-2.5,-6.E-02));
#1301 = LINE('',#1302,#1303);
#1302 = CARTESIAN_POINT('',(-11.26,2.5,-6.E-02));
#1303 = VECTOR('',#1304,1.);
#1304 = DIRECTION('',(2.22044604925E-16,-1.,0.));
#1305 = ORIENTED_EDGE('',*,*,#1306,.T.);
#1306 = EDGE_CURVE('',#1299,#1307,#1309,.T.);
#1307 = VERTEX_POINT('',#1308);
#1308 = CARTESIAN_POINT('',(-5.9,-2.5,-6.E-02));
#1309 = LINE('',#1310,#1311);
#1310 = CARTESIAN_POINT('',(-11.26,-2.5,-6.E-02));
#1311 = VECTOR('',#1312,1.);
#1312 = DIRECTION('',(1.,2.22044604925E-16,0.));
#1313 = ORIENTED_EDGE('',*,*,#1314,.F.);
#1314 = EDGE_CURVE('',#1315,#1307,#1317,.T.);
#1315 = VERTEX_POINT('',#1316);
#1316 = CARTESIAN_POINT('',(-5.9,2.5,-6.E-02));
#1317 = LINE('',#1318,#1319);
#1318 = CARTESIAN_POINT('',(-5.9,2.5,-6.E-02));
#1319 = VECTOR('',#1320,1.);
#1320 = DIRECTION('',(2.22044604925E-16,-1.,0.));
#1321 = ORIENTED_EDGE('',*,*,#1322,.F.);
#1322 = EDGE_CURVE('',#1297,#1315,#1323,.T.);
#1323 = LINE('',#1324,#1325);
#1324 = CARTESIAN_POINT('',(-11.26,2.5,-6.E-02));
#1325 = VECTOR('',#1326,1.);
#1326 = DIRECTION('',(1.,2.22044604925E-16,0.));
#1327 = PLANE('',#1328);
#1328 = AXIS2_PLACEMENT_3D('',#1329,#1330,#1331);
#1329 = CARTESIAN_POINT('',(-11.26,2.5,-6.E-02));
#1330 = DIRECTION('',(0.,0.,1.));
#1331 = DIRECTION('',(1.,2.22044604925E-16,-0.));
#1332 = ADVANCED_FACE('',(#1333),#1358,.F.);
#1333 = FACE_BOUND('',#1334,.F.);
#1334 = EDGE_LOOP('',(#1335,#1336,#1344,#1352));
#1335 = ORIENTED_EDGE('',*,*,#1314,.T.);
#1336 = ORIENTED_EDGE('',*,*,#1337,.T.);
#1337 = EDGE_CURVE('',#1307,#1338,#1340,.T.);
#1338 = VERTEX_POINT('',#1339);
#1339 = CARTESIAN_POINT('',(-5.9,-2.5,0.14));
#1340 = LINE('',#1341,#1342);
#1341 = CARTESIAN_POINT('',(-5.9,-2.5,-6.E-02));
#1342 = VECTOR('',#1343,1.);
#1343 = DIRECTION('',(0.,0.,1.));
#1344 = ORIENTED_EDGE('',*,*,#1345,.F.);
#1345 = EDGE_CURVE('',#1346,#1338,#1348,.T.);
#1346 = VERTEX_POINT('',#1347);
#1347 = CARTESIAN_POINT('',(-5.9,2.5,0.14));
#1348 = LINE('',#1349,#1350);
#1349 = CARTESIAN_POINT('',(-5.9,2.5,0.14));
#1350 = VECTOR('',#1351,1.);
#1351 = DIRECTION('',(2.22044604925E-16,-1.,0.));
#1352 = ORIENTED_EDGE('',*,*,#1353,.F.);
#1353 = EDGE_CURVE('',#1315,#1346,#1354,.T.);
#1354 = LINE('',#1355,#1356);
#1355 = CARTESIAN_POINT('',(-5.9,2.5,-6.E-02));
#1356 = VECTOR('',#1357,1.);
#1357 = DIRECTION('',(0.,0.,1.));
#1358 = PLANE('',#1359);
#1359 = AXIS2_PLACEMENT_3D('',#1360,#1361,#1362);
#1360 = CARTESIAN_POINT('',(-5.9,2.5,-6.E-02));
#1361 = DIRECTION('',(-1.,-2.22044604925E-16,0.));
#1362 = DIRECTION('',(0.,0.,1.));
#1363 = ADVANCED_FACE('',(#1364),#1389,.T.);
#1364 = FACE_BOUND('',#1365,.T.);
#1365 = EDGE_LOOP('',(#1366,#1376,#1382,#1383));
#1366 = ORIENTED_EDGE('',*,*,#1367,.T.);
#1367 = EDGE_CURVE('',#1368,#1370,#1372,.T.);
#1368 = VERTEX_POINT('',#1369);
#1369 = CARTESIAN_POINT('',(-11.26,2.5,0.14));
#1370 = VERTEX_POINT('',#1371);
#1371 = CARTESIAN_POINT('',(-11.26,-2.5,0.14));
#1372 = LINE('',#1373,#1374);
#1373 = CARTESIAN_POINT('',(-11.26,2.5,0.14));
#1374 = VECTOR('',#1375,1.);
#1375 = DIRECTION('',(2.22044604925E-16,-1.,0.));
#1376 = ORIENTED_EDGE('',*,*,#1377,.T.);
#1377 = EDGE_CURVE('',#1370,#1338,#1378,.T.);
#1378 = LINE('',#1379,#1380);
#1379 = CARTESIAN_POINT('',(-11.26,-2.5,0.14));
#1380 = VECTOR('',#1381,1.);
#1381 = DIRECTION('',(1.,2.22044604925E-16,0.));
#1382 = ORIENTED_EDGE('',*,*,#1345,.F.);
#1383 = ORIENTED_EDGE('',*,*,#1384,.F.);
#1384 = EDGE_CURVE('',#1368,#1346,#1385,.T.);
#1385 = LINE('',#1386,#1387);
#1386 = CARTESIAN_POINT('',(-11.26,2.5,0.14));
#1387 = VECTOR('',#1388,1.);
#1388 = DIRECTION('',(1.,2.22044604925E-16,0.));
#1389 = PLANE('',#1390);
#1390 = AXIS2_PLACEMENT_3D('',#1391,#1392,#1393);
#1391 = CARTESIAN_POINT('',(-11.26,2.5,0.14));
#1392 = DIRECTION('',(0.,0.,1.));
#1393 = DIRECTION('',(1.,2.22044604925E-16,-0.));
#1394 = ADVANCED_FACE('',(#1395),#1422,.T.);
#1395 = FACE_BOUND('',#1396,.T.);
#1396 = EDGE_LOOP('',(#1397,#1407,#1414,#1415));
#1397 = ORIENTED_EDGE('',*,*,#1398,.T.);
#1398 = EDGE_CURVE('',#1399,#1401,#1403,.T.);
#1399 = VERTEX_POINT('',#1400);
#1400 = CARTESIAN_POINT('',(-2.441826,2.5,3.34));
#1401 = VERTEX_POINT('',#1402);
#1402 = CARTESIAN_POINT('',(-2.441826,-2.5,3.34));
#1403 = LINE('',#1404,#1405);
#1404 = CARTESIAN_POINT('',(-2.441826,2.5,3.34));
#1405 = VECTOR('',#1406,1.);
#1406 = DIRECTION('',(2.22044604925E-16,-1.,0.));
#1407 = ORIENTED_EDGE('',*,*,#1408,.T.);
#1408 = EDGE_CURVE('',#1401,#1370,#1409,.T.);
#1409 = ( BOUNDED_CURVE() B_SPLINE_CURVE(3,(#1410,#1411,#1412,#1413),
.UNSPECIFIED.,.F.,.F.) B_SPLINE_CURVE_WITH_KNOTS((4,4),(0.,1.),
.PIECEWISE_BEZIER_KNOTS.) CURVE() GEOMETRIC_REPRESENTATION_ITEM() 
RATIONAL_B_SPLINE_CURVE((1.,0.936518935519,1.,1.)) REPRESENTATION_ITEM(
  '') );
#1410 = CARTESIAN_POINT('',(-2.441826,-2.5,3.34));
#1411 = CARTESIAN_POINT('',(-12.85,-2.5,3.34));
#1412 = CARTESIAN_POINT('',(-13.268076,-2.5,0.14));
#1413 = CARTESIAN_POINT('',(-11.26,-2.5,0.14));
#1414 = ORIENTED_EDGE('',*,*,#1367,.F.);
#1415 = ORIENTED_EDGE('',*,*,#1416,.F.);
#1416 = EDGE_CURVE('',#1399,#1368,#1417,.T.);
#1417 = ( BOUNDED_CURVE() B_SPLINE_CURVE(3,(#1418,#1419,#1420,#1421),
.UNSPECIFIED.,.F.,.F.) B_SPLINE_CURVE_WITH_KNOTS((4,4),(0.,1.),
.PIECEWISE_BEZIER_KNOTS.) CURVE() GEOMETRIC_REPRESENTATION_ITEM() 
RATIONAL_B_SPLINE_CURVE((1.,0.936518935519,1.,1.)) REPRESENTATION_ITEM(
  '') );
#1418 = CARTESIAN_POINT('',(-2.441826,2.5,3.34));
#1419 = CARTESIAN_POINT('',(-12.85,2.5,3.34));
#1420 = CARTESIAN_POINT('',(-13.268076,2.5,0.14));
#1421 = CARTESIAN_POINT('',(-11.26,2.5,0.14));
#1422 = SURFACE_OF_LINEAR_EXTRUSION('',#1423,#1428);
#1423 = ( BOUNDED_CURVE() B_SPLINE_CURVE(3,(#1424,#1425,#1426,#1427),
.UNSPECIFIED.,.F.,.F.) B_SPLINE_CURVE_WITH_KNOTS((4,4),(0.,1.),
.PIECEWISE_BEZIER_KNOTS.) CURVE() GEOMETRIC_REPRESENTATION_ITEM() 
RATIONAL_B_SPLINE_CURVE((1.,0.936518935519,1.,1.)) REPRESENTATION_ITEM(
  '') );
#1424 = CARTESIAN_POINT('',(-2.441826,2.5,3.34));
#1425 = CARTESIAN_POINT('',(-12.85,2.5,3.34));
#1426 = CARTESIAN_POINT('',(-13.268076,2.5,0.14));
#1427 = CARTESIAN_POINT('',(-11.26,2.5,0.14));
#1428 = VECTOR('',#1429,1.);
#1429 = DIRECTION('',(-2.22044604925E-16,1.,-0.));
#1430 = ADVANCED_FACE('',(#1431),#1456,.T.);
#1431 = FACE_BOUND('',#1432,.T.);
#1432 = EDGE_LOOP('',(#1433,#1443,#1449,#1450));
#1433 = ORIENTED_EDGE('',*,*,#1434,.T.);
#1434 = EDGE_CURVE('',#1435,#1437,#1439,.T.);
#1435 = VERTEX_POINT('',#1436);
#1436 = CARTESIAN_POINT('',(-2.441826,2.5,3.54));
#1437 = VERTEX_POINT('',#1438);
#1438 = CARTESIAN_POINT('',(-2.441826,-2.5,3.54));
#1439 = LINE('',#1440,#1441);
#1440 = CARTESIAN_POINT('',(-2.441826,2.5,3.54));
#1441 = VECTOR('',#1442,1.);
#1442 = DIRECTION('',(2.22044604925E-16,-1.,0.));
#1443 = ORIENTED_EDGE('',*,*,#1444,.T.);
#1444 = EDGE_CURVE('',#1437,#1401,#1445,.T.);
#1445 = LINE('',#1446,#1447);
#1446 = CARTESIAN_POINT('',(-2.441826,-2.5,3.54));
#1447 = VECTOR('',#1448,1.);
#1448 = DIRECTION('',(0.,0.,-1.));
#1449 = ORIENTED_EDGE('',*,*,#1398,.F.);
#1450 = ORIENTED_EDGE('',*,*,#1451,.F.);
#1451 = EDGE_CURVE('',#1435,#1399,#1452,.T.);
#1452 = LINE('',#1453,#1454);
#1453 = CARTESIAN_POINT('',(-2.441826,2.5,3.54));
#1454 = VECTOR('',#1455,1.);
#1455 = DIRECTION('',(0.,0.,-1.));
#1456 = PLANE('',#1457);
#1457 = AXIS2_PLACEMENT_3D('',#1458,#1459,#1460);
#1458 = CARTESIAN_POINT('',(-2.441826,2.5,3.54));
#1459 = DIRECTION('',(1.,2.22044604925E-16,0.));
#1460 = DIRECTION('',(0.,0.,-1.));
#1461 = ADVANCED_FACE('',(#1462),#1480,.F.);
#1462 = FACE_BOUND('',#1463,.F.);
#1463 = EDGE_LOOP('',(#1464,#1465,#1472,#1473));
#1464 = ORIENTED_EDGE('',*,*,#1434,.T.);
#1465 = ORIENTED_EDGE('',*,*,#1466,.T.);
#1466 = EDGE_CURVE('',#1437,#1299,#1467,.T.);
#1467 = B_SPLINE_CURVE_WITH_KNOTS('',3,(#1468,#1469,#1470,#1471),
  .UNSPECIFIED.,.F.,.F.,(4,4),(0.,1.),.PIECEWISE_BEZIER_KNOTS.);
#1468 = CARTESIAN_POINT('',(-2.441826,-2.5,3.54));
#1469 = CARTESIAN_POINT('',(-12.41,-2.5,3.54));
#1470 = CARTESIAN_POINT('',(-14.05,-2.5,0.13));
#1471 = CARTESIAN_POINT('',(-11.26,-2.5,-6.E-02));
#1472 = ORIENTED_EDGE('',*,*,#1296,.F.);
#1473 = ORIENTED_EDGE('',*,*,#1474,.F.);
#1474 = EDGE_CURVE('',#1435,#1297,#1475,.T.);
#1475 = B_SPLINE_CURVE_WITH_KNOTS('',3,(#1476,#1477,#1478,#1479),
  .UNSPECIFIED.,.F.,.F.,(4,4),(0.,1.),.PIECEWISE_BEZIER_KNOTS.);
#1476 = CARTESIAN_POINT('',(-2.441826,2.5,3.54));
#1477 = CARTESIAN_POINT('',(-12.41,2.5,3.54));
#1478 = CARTESIAN_POINT('',(-14.05,2.5,0.13));
#1479 = CARTESIAN_POINT('',(-11.26,2.5,-6.E-02));
#1480 = SURFACE_OF_LINEAR_EXTRUSION('',#1481,#1486);
#1481 = B_SPLINE_CURVE_WITH_KNOTS('',3,(#1482,#1483,#1484,#1485),
  .UNSPECIFIED.,.F.,.F.,(4,4),(0.,1.),.PIECEWISE_BEZIER_KNOTS.);
#1482 = CARTESIAN_POINT('',(-2.441826,2.5,3.54));
#1483 = CARTESIAN_POINT('',(-12.41,2.5,3.54));
#1484 = CARTESIAN_POINT('',(-14.05,2.5,0.13));
#1485 = CARTESIAN_POINT('',(-11.26,2.5,-6.E-02));
#1486 = VECTOR('',#1487,1.);
#1487 = DIRECTION('',(-2.22044604925E-16,1.,-0.));
#1488 = ADVANCED_FACE('',(#1489),#1497,.F.);
#1489 = FACE_BOUND('',#1490,.F.);
#1490 = EDGE_LOOP('',(#1491,#1492,#1493,#1494,#1495,#1496));
#1491 = ORIENTED_EDGE('',*,*,#1322,.T.);
#1492 = ORIENTED_EDGE('',*,*,#1353,.T.);
#1493 = ORIENTED_EDGE('',*,*,#1384,.F.);
#1494 = ORIENTED_EDGE('',*,*,#1416,.F.);
#1495 = ORIENTED_EDGE('',*,*,#1451,.F.);
#1496 = ORIENTED_EDGE('',*,*,#1474,.T.);
#1497 = PLANE('',#1498);
#1498 = AXIS2_PLACEMENT_3D('',#1499,#1500,#1501);
#1499 = CARTESIAN_POINT('',(-8.155698453203,2.5,1.654368348949));
#1500 = DIRECTION('',(2.22044604925E-16,-1.,0.));
#1501 = DIRECTION('',(0.,0.,1.));
#1502 = ADVANCED_FACE('',(#1503),#1511,.T.);
#1503 = FACE_BOUND('',#1504,.T.);
#1504 = EDGE_LOOP('',(#1505,#1506,#1507,#1508,#1509,#1510));
#1505 = ORIENTED_EDGE('',*,*,#1306,.T.);
#1506 = ORIENTED_EDGE('',*,*,#1337,.T.);
#1507 = ORIENTED_EDGE('',*,*,#1377,.F.);
#1508 = ORIENTED_EDGE('',*,*,#1408,.F.);
#1509 = ORIENTED_EDGE('',*,*,#1444,.F.);
#1510 = ORIENTED_EDGE('',*,*,#1466,.T.);
#1511 = PLANE('',#1512);
#1512 = AXIS2_PLACEMENT_3D('',#1513,#1514,#1515);
#1513 = CARTESIAN_POINT('',(-8.155698453203,-2.5,1.654368348949));
#1514 = DIRECTION('',(2.22044604925E-16,-1.,0.));
#1515 = DIRECTION('',(0.,0.,1.));
#1516 = MANIFOLD_SOLID_BREP('',#1517);
#1517 = CLOSED_SHELL('',(#1518,#1560,#1591,#1622,#1650,#1678,#1709,#1740
    ,#1757,#1774,#1805,#1822,#1846,#1870,#1887));
#1518 = ADVANCED_FACE('',(#1519),#1555,.T.);
#1519 = FACE_BOUND('',#1520,.T.);
#1520 = EDGE_LOOP('',(#1521,#1532,#1540,#1549));
#1521 = ORIENTED_EDGE('',*,*,#1522,.T.);
#1522 = EDGE_CURVE('',#1523,#1525,#1527,.T.);
#1523 = VERTEX_POINT('',#1524);
#1524 = CARTESIAN_POINT('',(-2.,-4.8,-2.4));
#1525 = VERTEX_POINT('',#1526);
#1526 = CARTESIAN_POINT('',(-4.,-4.8,-2.4));
#1527 = CIRCLE('',#1528,1.);
#1528 = AXIS2_PLACEMENT_3D('',#1529,#1530,#1531);
#1529 = CARTESIAN_POINT('',(-3.,-4.8,-2.4));
#1530 = DIRECTION('',(2.22044604925E-16,1.,-0.));
#1531 = DIRECTION('',(-1.,2.22044604925E-16,0.));
#1532 = ORIENTED_EDGE('',*,*,#1533,.T.);
#1533 = EDGE_CURVE('',#1525,#1534,#1536,.T.);
#1534 = VERTEX_POINT('',#1535);
#1535 = CARTESIAN_POINT('',(-4.,-4.6,-2.4));
#1536 = LINE('',#1537,#1538);
#1537 = CARTESIAN_POINT('',(-4.,-4.8,-2.4));
#1538 = VECTOR('',#1539,1.);
#1539 = DIRECTION('',(2.22044604925E-16,1.,0.));
#1540 = ORIENTED_EDGE('',*,*,#1541,.F.);
#1541 = EDGE_CURVE('',#1542,#1534,#1544,.T.);
#1542 = VERTEX_POINT('',#1543);
#1543 = CARTESIAN_POINT('',(-2.,-4.6,-2.4));
#1544 = CIRCLE('',#1545,1.);
#1545 = AXIS2_PLACEMENT_3D('',#1546,#1547,#1548);
#1546 = CARTESIAN_POINT('',(-3.,-4.6,-2.4));
#1547 = DIRECTION('',(2.22044604925E-16,1.,-0.));
#1548 = DIRECTION('',(-1.,2.22044604925E-16,0.));
#1549 = ORIENTED_EDGE('',*,*,#1550,.F.);
#1550 = EDGE_CURVE('',#1523,#1542,#1551,.T.);
#1551 = LINE('',#1552,#1553);
#1552 = CARTESIAN_POINT('',(-2.,-4.8,-2.4));
#1553 = VECTOR('',#1554,1.);
#1554 = DIRECTION('',(2.22044604925E-16,1.,0.));
#1555 = CYLINDRICAL_SURFACE('',#1556,1.);
#1556 = AXIS2_PLACEMENT_3D('',#1557,#1558,#1559);
#1557 = CARTESIAN_POINT('',(-3.,-4.8,-2.4));
#1558 = DIRECTION('',(-2.22044604925E-16,-1.,-0.));
#1559 = DIRECTION('',(-1.,2.22044604925E-16,0.));
#1560 = ADVANCED_FACE('',(#1561),#1586,.T.);
#1561 = FACE_BOUND('',#1562,.T.);
#1562 = EDGE_LOOP('',(#1563,#1571,#1572,#1580));
#1563 = ORIENTED_EDGE('',*,*,#1564,.F.);
#1564 = EDGE_CURVE('',#1523,#1565,#1567,.T.);
#1565 = VERTEX_POINT('',#1566);
#1566 = CARTESIAN_POINT('',(-2.,-4.8,3.6));
#1567 = LINE('',#1568,#1569);
#1568 = CARTESIAN_POINT('',(-2.,-4.8,-2.4));
#1569 = VECTOR('',#1570,1.);
#1570 = DIRECTION('',(0.,0.,1.));
#1571 = ORIENTED_EDGE('',*,*,#1550,.T.);
#1572 = ORIENTED_EDGE('',*,*,#1573,.T.);
#1573 = EDGE_CURVE('',#1542,#1574,#1576,.T.);
#1574 = VERTEX_POINT('',#1575);
#1575 = CARTESIAN_POINT('',(-2.,-4.6,3.6));
#1576 = LINE('',#1577,#1578);
#1577 = CARTESIAN_POINT('',(-2.,-4.6,-2.4));
#1578 = VECTOR('',#1579,1.);
#1579 = DIRECTION('',(0.,0.,1.));
#1580 = ORIENTED_EDGE('',*,*,#1581,.F.);
#1581 = EDGE_CURVE('',#1565,#1574,#1582,.T.);
#1582 = LINE('',#1583,#1584);
#1583 = CARTESIAN_POINT('',(-2.,-4.8,3.6));
#1584 = VECTOR('',#1585,1.);
#1585 = DIRECTION('',(2.22044604925E-16,1.,0.));
#1586 = PLANE('',#1587);
#1587 = AXIS2_PLACEMENT_3D('',#1588,#1589,#1590);
#1588 = CARTESIAN_POINT('',(-2.,-4.8,-2.4));
#1589 = DIRECTION('',(1.,-2.22044604925E-16,0.));
#1590 = DIRECTION('',(0.,0.,1.));
#1591 = ADVANCED_FACE('',(#1592),#1617,.F.);
#1592 = FACE_BOUND('',#1593,.F.);
#1593 = EDGE_LOOP('',(#1594,#1602,#1603,#1611));
#1594 = ORIENTED_EDGE('',*,*,#1595,.F.);
#1595 = EDGE_CURVE('',#1525,#1596,#1598,.T.);
#1596 = VERTEX_POINT('',#1597);
#1597 = CARTESIAN_POINT('',(-4.,-4.8,3.6));
#1598 = LINE('',#1599,#1600);
#1599 = CARTESIAN_POINT('',(-4.,-4.8,-2.4));
#1600 = VECTOR('',#1601,1.);
#1601 = DIRECTION('',(0.,0.,1.));
#1602 = ORIENTED_EDGE('',*,*,#1533,.T.);
#1603 = ORIENTED_EDGE('',*,*,#1604,.T.);
#1604 = EDGE_CURVE('',#1534,#1605,#1607,.T.);
#1605 = VERTEX_POINT('',#1606);
#1606 = CARTESIAN_POINT('',(-4.,-4.6,3.6));
#1607 = LINE('',#1608,#1609);
#1608 = CARTESIAN_POINT('',(-4.,-4.6,-2.4));
#1609 = VECTOR('',#1610,1.);
#1610 = DIRECTION('',(0.,0.,1.));
#1611 = ORIENTED_EDGE('',*,*,#1612,.F.);
#1612 = EDGE_CURVE('',#1596,#1605,#1613,.T.);
#1613 = LINE('',#1614,#1615);
#1614 = CARTESIAN_POINT('',(-4.,-4.8,3.6));
#1615 = VECTOR('',#1616,1.);
#1616 = DIRECTION('',(2.22044604925E-16,1.,0.));
#1617 = PLANE('',#1618);
#1618 = AXIS2_PLACEMENT_3D('',#1619,#1620,#1621);
#1619 = CARTESIAN_POINT('',(-4.,-4.8,-2.4));
#1620 = DIRECTION('',(1.,-2.22044604925E-16,0.));
#1621 = DIRECTION('',(0.,0.,1.));
#1622 = ADVANCED_FACE('',(#1623,#1634),#1645,.F.);
#1623 = FACE_BOUND('',#1624,.F.);
#1624 = EDGE_LOOP('',(#1625,#1626,#1627,#1628));
#1625 = ORIENTED_EDGE('',*,*,#1564,.F.);
#1626 = ORIENTED_EDGE('',*,*,#1522,.T.);
#1627 = ORIENTED_EDGE('',*,*,#1595,.T.);
#1628 = ORIENTED_EDGE('',*,*,#1629,.F.);
#1629 = EDGE_CURVE('',#1565,#1596,#1630,.T.);
#1630 = LINE('',#1631,#1632);
#1631 = CARTESIAN_POINT('',(-2.,-4.8,3.6));
#1632 = VECTOR('',#1633,1.);
#1633 = DIRECTION('',(-1.,2.22044604925E-16,0.));
#1634 = FACE_BOUND('',#1635,.F.);
#1635 = EDGE_LOOP('',(#1636));
#1636 = ORIENTED_EDGE('',*,*,#1637,.F.);
#1637 = EDGE_CURVE('',#1638,#1638,#1640,.T.);
#1638 = VERTEX_POINT('',#1639);
#1639 = CARTESIAN_POINT('',(-3.5,-4.8,-2.4));
#1640 = CIRCLE('',#1641,0.5);
#1641 = AXIS2_PLACEMENT_3D('',#1642,#1643,#1644);
#1642 = CARTESIAN_POINT('',(-3.,-4.8,-2.4));
#1643 = DIRECTION('',(2.22044604925E-16,1.,-0.));
#1644 = DIRECTION('',(-1.,2.22044604925E-16,0.));
#1645 = PLANE('',#1646);
#1646 = AXIS2_PLACEMENT_3D('',#1647,#1648,#1649);
#1647 = CARTESIAN_POINT('',(-3.,-4.8,5.563366562987E-02));
#1648 = DIRECTION('',(2.22044604925E-16,1.,0.));
#1649 = DIRECTION('',(0.,-0.,1.));
#1650 = ADVANCED_FACE('',(#1651,#1662),#1673,.T.);
#1651 = FACE_BOUND('',#1652,.T.);
#1652 = EDGE_LOOP('',(#1653,#1654,#1655,#1656));
#1653 = ORIENTED_EDGE('',*,*,#1573,.F.);
#1654 = ORIENTED_EDGE('',*,*,#1541,.T.);
#1655 = ORIENTED_EDGE('',*,*,#1604,.T.);
#1656 = ORIENTED_EDGE('',*,*,#1657,.T.);
#1657 = EDGE_CURVE('',#1605,#1574,#1658,.T.);
#1658 = LINE('',#1659,#1660);
#1659 = CARTESIAN_POINT('',(-2.5,-4.6,3.6));
#1660 = VECTOR('',#1661,1.);
#1661 = DIRECTION('',(1.,-2.22044604925E-16,0.));
#1662 = FACE_BOUND('',#1663,.T.);
#1663 = EDGE_LOOP('',(#1664));
#1664 = ORIENTED_EDGE('',*,*,#1665,.F.);
#1665 = EDGE_CURVE('',#1666,#1666,#1668,.T.);
#1666 = VERTEX_POINT('',#1667);
#1667 = CARTESIAN_POINT('',(-3.5,-4.6,-2.4));
#1668 = CIRCLE('',#1669,0.5);
#1669 = AXIS2_PLACEMENT_3D('',#1670,#1671,#1672);
#1670 = CARTESIAN_POINT('',(-3.,-4.6,-2.4));
#1671 = DIRECTION('',(2.22044604925E-16,1.,-0.));
#1672 = DIRECTION('',(-1.,2.22044604925E-16,0.));
#1673 = PLANE('',#1674);
#1674 = AXIS2_PLACEMENT_3D('',#1675,#1676,#1677);
#1675 = CARTESIAN_POINT('',(-3.,-4.6,5.563366562987E-02));
#1676 = DIRECTION('',(2.22044604925E-16,1.,0.));
#1677 = DIRECTION('',(0.,-0.,1.));
#1678 = ADVANCED_FACE('',(#1679),#1704,.T.);
#1679 = FACE_BOUND('',#1680,.T.);
#1680 = EDGE_LOOP('',(#1681,#1689,#1690,#1698));
#1681 = ORIENTED_EDGE('',*,*,#1682,.F.);
#1682 = EDGE_CURVE('',#1565,#1683,#1685,.T.);
#1683 = VERTEX_POINT('',#1684);
#1684 = CARTESIAN_POINT('',(-2.,-4.8,3.8));
#1685 = LINE('',#1686,#1687);
#1686 = CARTESIAN_POINT('',(-2.,-4.8,-2.4));
#1687 = VECTOR('',#1688,1.);
#1688 = DIRECTION('',(0.,0.,1.));
#1689 = ORIENTED_EDGE('',*,*,#1581,.T.);
#1690 = ORIENTED_EDGE('',*,*,#1691,.T.);
#1691 = EDGE_CURVE('',#1574,#1692,#1694,.T.);
#1692 = VERTEX_POINT('',#1693);
#1693 = CARTESIAN_POINT('',(-2.,-4.6,3.8));
#1694 = LINE('',#1695,#1696);
#1695 = CARTESIAN_POINT('',(-2.,-4.6,-2.4));
#1696 = VECTOR('',#1697,1.);
#1697 = DIRECTION('',(0.,0.,1.));
#1698 = ORIENTED_EDGE('',*,*,#1699,.F.);
#1699 = EDGE_CURVE('',#1683,#1692,#1700,.T.);
#1700 = LINE('',#1701,#1702);
#1701 = CARTESIAN_POINT('',(-2.,-4.8,3.8));
#1702 = VECTOR('',#1703,1.);
#1703 = DIRECTION('',(2.22044604925E-16,1.,0.));
#1704 = PLANE('',#1705);
#1705 = AXIS2_PLACEMENT_3D('',#1706,#1707,#1708);
#1706 = CARTESIAN_POINT('',(-2.,-4.8,-2.4));
#1707 = DIRECTION('',(1.,-2.22044604925E-16,0.));
#1708 = DIRECTION('',(0.,0.,1.));
#1709 = ADVANCED_FACE('',(#1710),#1735,.F.);
#1710 = FACE_BOUND('',#1711,.F.);
#1711 = EDGE_LOOP('',(#1712,#1720,#1721,#1729));
#1712 = ORIENTED_EDGE('',*,*,#1713,.F.);
#1713 = EDGE_CURVE('',#1596,#1714,#1716,.T.);
#1714 = VERTEX_POINT('',#1715);
#1715 = CARTESIAN_POINT('',(-4.,-4.8,3.8));
#1716 = LINE('',#1717,#1718);
#1717 = CARTESIAN_POINT('',(-4.,-4.8,-2.4));
#1718 = VECTOR('',#1719,1.);
#1719 = DIRECTION('',(0.,0.,1.));
#1720 = ORIENTED_EDGE('',*,*,#1612,.T.);
#1721 = ORIENTED_EDGE('',*,*,#1722,.T.);
#1722 = EDGE_CURVE('',#1605,#1723,#1725,.T.);
#1723 = VERTEX_POINT('',#1724);
#1724 = CARTESIAN_POINT('',(-4.,-4.6,3.8));
#1725 = LINE('',#1726,#1727);
#1726 = CARTESIAN_POINT('',(-4.,-4.6,-2.4));
#1727 = VECTOR('',#1728,1.);
#1728 = DIRECTION('',(0.,0.,1.));
#1729 = ORIENTED_EDGE('',*,*,#1730,.F.);
#1730 = EDGE_CURVE('',#1714,#1723,#1731,.T.);
#1731 = LINE('',#1732,#1733);
#1732 = CARTESIAN_POINT('',(-4.,-4.8,3.8));
#1733 = VECTOR('',#1734,1.);
#1734 = DIRECTION('',(2.22044604925E-16,1.,0.));
#1735 = PLANE('',#1736);
#1736 = AXIS2_PLACEMENT_3D('',#1737,#1738,#1739);
#1737 = CARTESIAN_POINT('',(-4.,-4.8,-2.4));
#1738 = DIRECTION('',(1.,-2.22044604925E-16,0.));
#1739 = DIRECTION('',(0.,0.,1.));
#1740 = ADVANCED_FACE('',(#1741),#1752,.F.);
#1741 = FACE_BOUND('',#1742,.F.);
#1742 = EDGE_LOOP('',(#1743,#1744,#1745,#1746));
#1743 = ORIENTED_EDGE('',*,*,#1682,.F.);
#1744 = ORIENTED_EDGE('',*,*,#1629,.T.);
#1745 = ORIENTED_EDGE('',*,*,#1713,.T.);
#1746 = ORIENTED_EDGE('',*,*,#1747,.F.);
#1747 = EDGE_CURVE('',#1683,#1714,#1748,.T.);
#1748 = LINE('',#1749,#1750);
#1749 = CARTESIAN_POINT('',(-2.,-4.8,3.8));
#1750 = VECTOR('',#1751,1.);
#1751 = DIRECTION('',(-1.,2.22044604925E-16,0.));
#1752 = PLANE('',#1753);
#1753 = AXIS2_PLACEMENT_3D('',#1754,#1755,#1756);
#1754 = CARTESIAN_POINT('',(-3.,-4.8,5.563366562987E-02));
#1755 = DIRECTION('',(2.22044604925E-16,1.,0.));
#1756 = DIRECTION('',(0.,-0.,1.));
#1757 = ADVANCED_FACE('',(#1758),#1769,.F.);
#1758 = FACE_BOUND('',#1759,.F.);
#1759 = EDGE_LOOP('',(#1760,#1761,#1767,#1768));
#1760 = ORIENTED_EDGE('',*,*,#1637,.T.);
#1761 = ORIENTED_EDGE('',*,*,#1762,.T.);
#1762 = EDGE_CURVE('',#1638,#1666,#1763,.T.);
#1763 = LINE('',#1764,#1765);
#1764 = CARTESIAN_POINT('',(-3.5,-4.8,-2.4));
#1765 = VECTOR('',#1766,1.);
#1766 = DIRECTION('',(2.22044604925E-16,1.,0.));
#1767 = ORIENTED_EDGE('',*,*,#1665,.F.);
#1768 = ORIENTED_EDGE('',*,*,#1762,.F.);
#1769 = CYLINDRICAL_SURFACE('',#1770,0.5);
#1770 = AXIS2_PLACEMENT_3D('',#1771,#1772,#1773);
#1771 = CARTESIAN_POINT('',(-3.,-4.8,-2.4));
#1772 = DIRECTION('',(-2.22044604925E-16,-1.,-0.));
#1773 = DIRECTION('',(-1.,2.22044604925E-16,0.));
#1774 = ADVANCED_FACE('',(#1775),#1800,.F.);
#1775 = FACE_BOUND('',#1776,.F.);
#1776 = EDGE_LOOP('',(#1777,#1778,#1786,#1794));
#1777 = ORIENTED_EDGE('',*,*,#1657,.T.);
#1778 = ORIENTED_EDGE('',*,*,#1779,.T.);
#1779 = EDGE_CURVE('',#1574,#1780,#1782,.T.);
#1780 = VERTEX_POINT('',#1781);
#1781 = CARTESIAN_POINT('',(-2.,1.92,3.6));
#1782 = LINE('',#1783,#1784);
#1783 = CARTESIAN_POINT('',(-2.,-4.8,3.6));
#1784 = VECTOR('',#1785,1.);
#1785 = DIRECTION('',(2.22044604925E-16,1.,0.));
#1786 = ORIENTED_EDGE('',*,*,#1787,.T.);
#1787 = EDGE_CURVE('',#1780,#1788,#1790,.T.);
#1788 = VERTEX_POINT('',#1789);
#1789 = CARTESIAN_POINT('',(-4.,1.92,3.6));
#1790 = LINE('',#1791,#1792);
#1791 = CARTESIAN_POINT('',(-2.,1.92,3.6));
#1792 = VECTOR('',#1793,1.);
#1793 = DIRECTION('',(-1.,2.22044604925E-16,0.));
#1794 = ORIENTED_EDGE('',*,*,#1795,.F.);
#1795 = EDGE_CURVE('',#1605,#1788,#1796,.T.);
#1796 = LINE('',#1797,#1798);
#1797 = CARTESIAN_POINT('',(-4.,-4.8,3.6));
#1798 = VECTOR('',#1799,1.);
#1799 = DIRECTION('',(2.22044604925E-16,1.,0.));
#1800 = PLANE('',#1801);
#1801 = AXIS2_PLACEMENT_3D('',#1802,#1803,#1804);
#1802 = CARTESIAN_POINT('',(-2.,-4.8,3.6));
#1803 = DIRECTION('',(0.,0.,1.));
#1804 = DIRECTION('',(-1.,2.22044604925E-16,0.));
#1805 = ADVANCED_FACE('',(#1806),#1817,.T.);
#1806 = FACE_BOUND('',#1807,.T.);
#1807 = EDGE_LOOP('',(#1808,#1809,#1815,#1816));
#1808 = ORIENTED_EDGE('',*,*,#1699,.T.);
#1809 = ORIENTED_EDGE('',*,*,#1810,.T.);
#1810 = EDGE_CURVE('',#1692,#1723,#1811,.T.);
#1811 = LINE('',#1812,#1813);
#1812 = CARTESIAN_POINT('',(-2.,-4.6,3.8));
#1813 = VECTOR('',#1814,1.);
#1814 = DIRECTION('',(-1.,2.22044604925E-16,0.));
#1815 = ORIENTED_EDGE('',*,*,#1730,.F.);
#1816 = ORIENTED_EDGE('',*,*,#1747,.F.);
#1817 = PLANE('',#1818);
#1818 = AXIS2_PLACEMENT_3D('',#1819,#1820,#1821);
#1819 = CARTESIAN_POINT('',(-2.,-4.8,3.8));
#1820 = DIRECTION('',(0.,0.,1.));
#1821 = DIRECTION('',(-1.,2.22044604925E-16,0.));
#1822 = ADVANCED_FACE('',(#1823),#1841,.F.);
#1823 = FACE_BOUND('',#1824,.F.);
#1824 = EDGE_LOOP('',(#1825,#1826,#1834,#1840));
#1825 = ORIENTED_EDGE('',*,*,#1691,.T.);
#1826 = ORIENTED_EDGE('',*,*,#1827,.T.);
#1827 = EDGE_CURVE('',#1692,#1828,#1830,.T.);
#1828 = VERTEX_POINT('',#1829);
#1829 = CARTESIAN_POINT('',(-2.,1.92,3.8));
#1830 = LINE('',#1831,#1832);
#1831 = CARTESIAN_POINT('',(-2.,-4.8,3.8));
#1832 = VECTOR('',#1833,1.);
#1833 = DIRECTION('',(2.22044604925E-16,1.,0.));
#1834 = ORIENTED_EDGE('',*,*,#1835,.T.);
#1835 = EDGE_CURVE('',#1828,#1780,#1836,.T.);
#1836 = LINE('',#1837,#1838);
#1837 = CARTESIAN_POINT('',(-2.,1.92,3.8));
#1838 = VECTOR('',#1839,1.);
#1839 = DIRECTION('',(0.,0.,-1.));
#1840 = ORIENTED_EDGE('',*,*,#1779,.F.);
#1841 = PLANE('',#1842);
#1842 = AXIS2_PLACEMENT_3D('',#1843,#1844,#1845);
#1843 = CARTESIAN_POINT('',(-2.,-4.8,3.8));
#1844 = DIRECTION('',(-1.,2.22044604925E-16,0.));
#1845 = DIRECTION('',(0.,0.,-1.));
#1846 = ADVANCED_FACE('',(#1847),#1865,.F.);
#1847 = FACE_BOUND('',#1848,.F.);
#1848 = EDGE_LOOP('',(#1849,#1850,#1851,#1859));
#1849 = ORIENTED_EDGE('',*,*,#1722,.F.);
#1850 = ORIENTED_EDGE('',*,*,#1795,.T.);
#1851 = ORIENTED_EDGE('',*,*,#1852,.T.);
#1852 = EDGE_CURVE('',#1788,#1853,#1855,.T.);
#1853 = VERTEX_POINT('',#1854);
#1854 = CARTESIAN_POINT('',(-4.,1.92,3.8));
#1855 = LINE('',#1856,#1857);
#1856 = CARTESIAN_POINT('',(-4.,1.92,3.6));
#1857 = VECTOR('',#1858,1.);
#1858 = DIRECTION('',(0.,0.,1.));
#1859 = ORIENTED_EDGE('',*,*,#1860,.F.);
#1860 = EDGE_CURVE('',#1723,#1853,#1861,.T.);
#1861 = LINE('',#1862,#1863);
#1862 = CARTESIAN_POINT('',(-4.,-4.8,3.8));
#1863 = VECTOR('',#1864,1.);
#1864 = DIRECTION('',(2.22044604925E-16,1.,0.));
#1865 = PLANE('',#1866);
#1866 = AXIS2_PLACEMENT_3D('',#1867,#1868,#1869);
#1867 = CARTESIAN_POINT('',(-4.,-4.8,3.6));
#1868 = DIRECTION('',(1.,-2.22044604925E-16,0.));
#1869 = DIRECTION('',(0.,0.,1.));
#1870 = ADVANCED_FACE('',(#1871),#1882,.T.);
#1871 = FACE_BOUND('',#1872,.T.);
#1872 = EDGE_LOOP('',(#1873,#1874,#1875,#1881));
#1873 = ORIENTED_EDGE('',*,*,#1787,.T.);
#1874 = ORIENTED_EDGE('',*,*,#1852,.T.);
#1875 = ORIENTED_EDGE('',*,*,#1876,.T.);
#1876 = EDGE_CURVE('',#1853,#1828,#1877,.T.);
#1877 = LINE('',#1878,#1879);
#1878 = CARTESIAN_POINT('',(-4.,1.92,3.8));
#1879 = VECTOR('',#1880,1.);
#1880 = DIRECTION('',(1.,-2.22044604925E-16,0.));
#1881 = ORIENTED_EDGE('',*,*,#1835,.T.);
#1882 = PLANE('',#1883);
#1883 = AXIS2_PLACEMENT_3D('',#1884,#1885,#1886);
#1884 = CARTESIAN_POINT('',(-3.,1.92,3.7));
#1885 = DIRECTION('',(2.22044604925E-16,1.,0.));
#1886 = DIRECTION('',(0.,-0.,1.));
#1887 = ADVANCED_FACE('',(#1888),#1894,.F.);
#1888 = FACE_BOUND('',#1889,.F.);
#1889 = EDGE_LOOP('',(#1890,#1891,#1892,#1893));
#1890 = ORIENTED_EDGE('',*,*,#1810,.T.);
#1891 = ORIENTED_EDGE('',*,*,#1860,.T.);
#1892 = ORIENTED_EDGE('',*,*,#1876,.T.);
#1893 = ORIENTED_EDGE('',*,*,#1827,.F.);
#1894 = PLANE('',#1895);
#1895 = AXIS2_PLACEMENT_3D('',#1896,#1897,#1898);
#1896 = CARTESIAN_POINT('',(-4.,-4.8,3.8));
#1897 = DIRECTION('',(0.,0.,-1.));
#1898 = DIRECTION('',(1.,-2.22044604925E-16,0.));
#1899 = MANIFOLD_SOLID_BREP('',#1900);
#1900 = CLOSED_SHELL('',(#1901,#1943,#1974,#2005,#2027,#2060,#2075));
#1901 = ADVANCED_FACE('',(#1902),#1938,.T.);
#1902 = FACE_BOUND('',#1903,.T.);
#1903 = EDGE_LOOP('',(#1904,#1914,#1923,#1931));
#1904 = ORIENTED_EDGE('',*,*,#1905,.T.);
#1905 = EDGE_CURVE('',#1906,#1908,#1910,.T.);
#1906 = VERTEX_POINT('',#1907);
#1907 = CARTESIAN_POINT('',(-6.1,1.,-2.9));
#1908 = VERTEX_POINT('',#1909);
#1909 = CARTESIAN_POINT('',(-5.9,1.,-2.9));
#1910 = LINE('',#1911,#1912);
#1911 = CARTESIAN_POINT('',(-6.1,1.,-2.9));
#1912 = VECTOR('',#1913,1.);
#1913 = DIRECTION('',(1.,2.22044604925E-16,-1.11E-15));
#1914 = ORIENTED_EDGE('',*,*,#1915,.T.);
#1915 = EDGE_CURVE('',#1908,#1916,#1918,.T.);
#1916 = VERTEX_POINT('',#1917);
#1917 = CARTESIAN_POINT('',(-5.9,-1.,-2.9));
#1918 = CIRCLE('',#1919,1.);
#1919 = AXIS2_PLACEMENT_3D('',#1920,#1921,#1922);
#1920 = CARTESIAN_POINT('',(-5.9,2.044408920985E-15,-2.9));
#1921 = DIRECTION('',(-1.,-2.22044604925E-16,1.E-15));
#1922 = DIRECTION('',(2.22044604925E-16,-1.,0.));
#1923 = ORIENTED_EDGE('',*,*,#1924,.F.);
#1924 = EDGE_CURVE('',#1925,#1916,#1927,.T.);
#1925 = VERTEX_POINT('',#1926);
#1926 = CARTESIAN_POINT('',(-6.1,-1.,-2.9));
#1927 = LINE('',#1928,#1929);
#1928 = CARTESIAN_POINT('',(-6.1,-1.,-2.9));
#1929 = VECTOR('',#1930,1.);
#1930 = DIRECTION('',(1.,2.22044604925E-16,-1.11E-15));
#1931 = ORIENTED_EDGE('',*,*,#1932,.F.);
#1932 = EDGE_CURVE('',#1906,#1925,#1933,.T.);
#1933 = CIRCLE('',#1934,1.);
#1934 = AXIS2_PLACEMENT_3D('',#1935,#1936,#1937);
#1935 = CARTESIAN_POINT('',(-6.1,2.E-15,-2.9));
#1936 = DIRECTION('',(-1.,-2.22044604925E-16,1.E-15));
#1937 = DIRECTION('',(2.22044604925E-16,-1.,0.));
#1938 = CYLINDRICAL_SURFACE('',#1939,1.);
#1939 = AXIS2_PLACEMENT_3D('',#1940,#1941,#1942);
#1940 = CARTESIAN_POINT('',(-6.1,2.E-15,-2.9));
#1941 = DIRECTION('',(-1.,-2.22044604925E-16,1.11E-15));
#1942 = DIRECTION('',(2.22044604925E-16,-1.,0.));
#1943 = ADVANCED_FACE('',(#1944),#1969,.T.);
#1944 = FACE_BOUND('',#1945,.T.);
#1945 = EDGE_LOOP('',(#1946,#1947,#1955,#1963));
#1946 = ORIENTED_EDGE('',*,*,#1924,.T.);
#1947 = ORIENTED_EDGE('',*,*,#1948,.T.);
#1948 = EDGE_CURVE('',#1916,#1949,#1951,.T.);
#1949 = VERTEX_POINT('',#1950);
#1950 = CARTESIAN_POINT('',(-5.9,-1.,-0.1));
#1951 = LINE('',#1952,#1953);
#1952 = CARTESIAN_POINT('',(-5.9,-1.,-2.9));
#1953 = VECTOR('',#1954,1.);
#1954 = DIRECTION('',(1.E-15,2.22044604925E-31,1.));
#1955 = ORIENTED_EDGE('',*,*,#1956,.F.);
#1956 = EDGE_CURVE('',#1957,#1949,#1959,.T.);
#1957 = VERTEX_POINT('',#1958);
#1958 = CARTESIAN_POINT('',(-6.1,-1.,-0.1));
#1959 = LINE('',#1960,#1961);
#1960 = CARTESIAN_POINT('',(-6.1,-1.,-0.1));
#1961 = VECTOR('',#1962,1.);
#1962 = DIRECTION('',(1.,2.22044604925E-16,-1.11E-15));
#1963 = ORIENTED_EDGE('',*,*,#1964,.F.);
#1964 = EDGE_CURVE('',#1925,#1957,#1965,.T.);
#1965 = LINE('',#1966,#1967);
#1966 = CARTESIAN_POINT('',(-6.1,-1.,-2.9));
#1967 = VECTOR('',#1968,1.);
#1968 = DIRECTION('',(1.E-15,2.22044604925E-31,1.));
#1969 = PLANE('',#1970);
#1970 = AXIS2_PLACEMENT_3D('',#1971,#1972,#1973);
#1971 = CARTESIAN_POINT('',(-6.1,-1.,-2.9));
#1972 = DIRECTION('',(2.22044604925E-16,-1.,0.));
#1973 = DIRECTION('',(1.11E-15,2.464695114668E-31,1.));
#1974 = ADVANCED_FACE('',(#1975),#2000,.F.);
#1975 = FACE_BOUND('',#1976,.F.);
#1976 = EDGE_LOOP('',(#1977,#1987,#1993,#1994));
#1977 = ORIENTED_EDGE('',*,*,#1978,.T.);
#1978 = EDGE_CURVE('',#1979,#1981,#1983,.T.);
#1979 = VERTEX_POINT('',#1980);
#1980 = CARTESIAN_POINT('',(-6.1,1.,-0.1));
#1981 = VERTEX_POINT('',#1982);
#1982 = CARTESIAN_POINT('',(-5.9,1.,-0.1));
#1983 = LINE('',#1984,#1985);
#1984 = CARTESIAN_POINT('',(-6.1,1.,-0.1));
#1985 = VECTOR('',#1986,1.);
#1986 = DIRECTION('',(1.,2.22044604925E-16,-1.11E-15));
#1987 = ORIENTED_EDGE('',*,*,#1988,.T.);
#1988 = EDGE_CURVE('',#1981,#1949,#1989,.T.);
#1989 = LINE('',#1990,#1991);
#1990 = CARTESIAN_POINT('',(-5.9,1.,-0.1));
#1991 = VECTOR('',#1992,1.);
#1992 = DIRECTION('',(2.22044604925E-16,-1.,0.));
#1993 = ORIENTED_EDGE('',*,*,#1956,.F.);
#1994 = ORIENTED_EDGE('',*,*,#1995,.F.);
#1995 = EDGE_CURVE('',#1979,#1957,#1996,.T.);
#1996 = LINE('',#1997,#1998);
#1997 = CARTESIAN_POINT('',(-6.1,1.,-0.1));
#1998 = VECTOR('',#1999,1.);
#1999 = DIRECTION('',(2.22044604925E-16,-1.,0.));
#2000 = PLANE('',#2001);
#2001 = AXIS2_PLACEMENT_3D('',#2002,#2003,#2004);
#2002 = CARTESIAN_POINT('',(-6.1,1.,-0.1));
#2003 = DIRECTION('',(-1.11E-15,-2.464695114668E-31,-1.));
#2004 = DIRECTION('',(2.22044604925E-16,-1.,5.000883894559E-44));
#2005 = ADVANCED_FACE('',(#2006),#2022,.F.);
#2006 = FACE_BOUND('',#2007,.F.);
#2007 = EDGE_LOOP('',(#2008,#2009,#2015,#2016));
#2008 = ORIENTED_EDGE('',*,*,#1905,.T.);
#2009 = ORIENTED_EDGE('',*,*,#2010,.T.);
#2010 = EDGE_CURVE('',#1908,#1981,#2011,.T.);
#2011 = LINE('',#2012,#2013);
#2012 = CARTESIAN_POINT('',(-5.9,1.,-2.9));
#2013 = VECTOR('',#2014,1.);
#2014 = DIRECTION('',(1.E-15,2.22044604925E-31,1.));
#2015 = ORIENTED_EDGE('',*,*,#1978,.F.);
#2016 = ORIENTED_EDGE('',*,*,#2017,.F.);
#2017 = EDGE_CURVE('',#1906,#1979,#2018,.T.);
#2018 = LINE('',#2019,#2020);
#2019 = CARTESIAN_POINT('',(-6.1,1.,-2.9));
#2020 = VECTOR('',#2021,1.);
#2021 = DIRECTION('',(1.E-15,2.22044604925E-31,1.));
#2022 = PLANE('',#2023);
#2023 = AXIS2_PLACEMENT_3D('',#2024,#2025,#2026);
#2024 = CARTESIAN_POINT('',(-6.1,1.,-2.9));
#2025 = DIRECTION('',(2.22044604925E-16,-1.,0.));
#2026 = DIRECTION('',(1.11E-15,2.464695114668E-31,1.));
#2027 = ADVANCED_FACE('',(#2028),#2055,.F.);
#2028 = FACE_BOUND('',#2029,.F.);
#2029 = EDGE_LOOP('',(#2030,#2040,#2047,#2048));
#2030 = ORIENTED_EDGE('',*,*,#2031,.T.);
#2031 = EDGE_CURVE('',#2032,#2034,#2036,.T.);
#2032 = VERTEX_POINT('',#2033);
#2033 = CARTESIAN_POINT('',(-6.1,-0.5,-2.9));
#2034 = VERTEX_POINT('',#2035);
#2035 = CARTESIAN_POINT('',(-5.9,-0.5,-2.9));
#2036 = LINE('',#2037,#2038);
#2037 = CARTESIAN_POINT('',(-6.1,-0.5,-2.9));
#2038 = VECTOR('',#2039,1.);
#2039 = DIRECTION('',(1.,2.22044604925E-16,-1.11E-15));
#2040 = ORIENTED_EDGE('',*,*,#2041,.T.);
#2041 = EDGE_CURVE('',#2034,#2034,#2042,.T.);
#2042 = CIRCLE('',#2043,0.5);
#2043 = AXIS2_PLACEMENT_3D('',#2044,#2045,#2046);
#2044 = CARTESIAN_POINT('',(-5.9,2.044408920985E-15,-2.9));
#2045 = DIRECTION('',(-1.,-2.22044604925E-16,1.E-15));
#2046 = DIRECTION('',(2.22044604925E-16,-1.,0.));
#2047 = ORIENTED_EDGE('',*,*,#2031,.F.);
#2048 = ORIENTED_EDGE('',*,*,#2049,.F.);
#2049 = EDGE_CURVE('',#2032,#2032,#2050,.T.);
#2050 = CIRCLE('',#2051,0.5);
#2051 = AXIS2_PLACEMENT_3D('',#2052,#2053,#2054);
#2052 = CARTESIAN_POINT('',(-6.1,2.E-15,-2.9));
#2053 = DIRECTION('',(-1.,-2.22044604925E-16,1.E-15));
#2054 = DIRECTION('',(2.22044604925E-16,-1.,0.));
#2055 = CYLINDRICAL_SURFACE('',#2056,0.5);
#2056 = AXIS2_PLACEMENT_3D('',#2057,#2058,#2059);
#2057 = CARTESIAN_POINT('',(-6.1,2.E-15,-2.9));
#2058 = DIRECTION('',(-1.,-2.22044604925E-16,1.11E-15));
#2059 = DIRECTION('',(2.22044604925E-16,-1.,0.));
#2060 = ADVANCED_FACE('',(#2061,#2067),#2070,.F.);
#2061 = FACE_BOUND('',#2062,.T.);
#2062 = EDGE_LOOP('',(#2063,#2064,#2065,#2066));
#2063 = ORIENTED_EDGE('',*,*,#1932,.T.);
#2064 = ORIENTED_EDGE('',*,*,#1964,.T.);
#2065 = ORIENTED_EDGE('',*,*,#1995,.F.);
#2066 = ORIENTED_EDGE('',*,*,#2017,.F.);
#2067 = FACE_BOUND('',#2068,.F.);
#2068 = EDGE_LOOP('',(#2069));
#2069 = ORIENTED_EDGE('',*,*,#2049,.T.);
#2070 = PLANE('',#2071);
#2071 = AXIS2_PLACEMENT_3D('',#2072,#2073,#2074);
#2072 = CARTESIAN_POINT('',(-6.1,2.07E-15,-2.012904865456));
#2073 = DIRECTION('',(1.,2.22044604925E-16,-1.11E-15));
#2074 = DIRECTION('',(1.11E-15,2.464695114668E-31,1.));
#2075 = ADVANCED_FACE('',(#2076,#2082),#2085,.T.);
#2076 = FACE_BOUND('',#2077,.F.);
#2077 = EDGE_LOOP('',(#2078,#2079,#2080,#2081));
#2078 = ORIENTED_EDGE('',*,*,#1915,.T.);
#2079 = ORIENTED_EDGE('',*,*,#1948,.T.);
#2080 = ORIENTED_EDGE('',*,*,#1988,.F.);
#2081 = ORIENTED_EDGE('',*,*,#2010,.F.);
#2082 = FACE_BOUND('',#2083,.T.);
#2083 = EDGE_LOOP('',(#2084));
#2084 = ORIENTED_EDGE('',*,*,#2041,.T.);
#2085 = PLANE('',#2086);
#2086 = AXIS2_PLACEMENT_3D('',#2087,#2088,#2089);
#2087 = CARTESIAN_POINT('',(-5.9,2.114408920985E-15,-2.012904865456));
#2088 = DIRECTION('',(1.,2.22044604925E-16,-1.11E-15));
#2089 = DIRECTION('',(1.11E-15,2.464695114668E-31,1.));
#2090 = ( GEOMETRIC_REPRESENTATION_CONTEXT(3) 
GLOBAL_UNCERTAINTY_ASSIGNED_CONTEXT((#2094)) 
GLOBAL_UNIT_ASSIGNED_CONTEXT((#2091,#2092,#2093)) REPRESENTATION_CONTEXT
('Context #1','3D Context with UNIT and UNCERTAINTY') );
#2091 = ( LENGTH_UNIT() NAMED_UNIT(*) SI_UNIT(.MILLI.,.METRE.) );
#2092 = ( NAMED_UNIT(*) PLANE_ANGLE_UNIT() SI_UNIT($,.RADIAN.) );
#2093 = ( NAMED_UNIT(*) SI_UNIT($,.STERADIAN.) SOLID_ANGLE_UNIT() );
#2094 = UNCERTAINTY_MEASURE_WITH_UNIT(LENGTH_MEASURE(1.E-07),#2091,
  'distance_accuracy_value','confusion accuracy');
#2095 = CONTEXT_DEPENDENT_SHAPE_REPRESENTATION(#2096,#2098);
#2096 = ( REPRESENTATION_RELATIONSHIP('','',#56,#10) 
REPRESENTATION_RELATIONSHIP_WITH_TRANSFORMATION(#2097) 
SHAPE_REPRESENTATION_RELATIONSHIP() );
#2097 = ITEM_DEFINED_TRANSFORMATION('','',#11,#15);
#2098 = PRODUCT_DEFINITION_SHAPE('Placement','Placement of an item',
  #2099);
#2099 = NEXT_ASSEMBLY_USAGE_OCCURRENCE('1','J3','',#5,#51,$);
#2100 = PRODUCT_RELATED_PRODUCT_CATEGORY('part',$,(#53));
#2101 = SHAPE_DEFINITION_REPRESENTATION(#2102,#2108);
#2102 = PRODUCT_DEFINITION_SHAPE('','',#2103);
#2103 = PRODUCT_DEFINITION('design','',#2104,#2107);
#2104 = PRODUCT_DEFINITION_FORMATION('','',#2105);
#2105 = PRODUCT('D_SOD-123','D_SOD-123','',(#2106));
#2106 = PRODUCT_CONTEXT('',#2,'mechanical');
#2107 = PRODUCT_DEFINITION_CONTEXT('part definition',#2,'design');
#2108 = ADVANCED_BREP_SHAPE_REPRESENTATION('',(#11,#2109),#3797);
#2109 = MANIFOLD_SOLID_BREP('',#2110);
#2110 = CLOSED_SHELL('',(#2111,#2165,#2228,#2251,#2281,#2314,#2344,#2367
    ,#2390,#2413,#2436,#2459,#2492,#2515,#2538,#2626,#2701,#2725,#2793,
    #2881,#2897,#2913,#2929,#2945,#2962,#2995,#3012,#3034,#3065,#3088,
    #3111,#3134,#3164,#3181,#3198,#3215,#3232,#3249,#3266,#3283,#3295,
    #3318,#3341,#3358,#3433,#3457,#3525,#3542,#3592,#3609,#3626,#3643,
    #3660,#3677,#3689,#3720,#3744,#3768,#3785));
#2111 = ADVANCED_FACE('',(#2112),#2160,.F.);
#2112 = FACE_BOUND('',#2113,.F.);
#2113 = EDGE_LOOP('',(#2114,#2124,#2131,#2139,#2147,#2155));
#2114 = ORIENTED_EDGE('',*,*,#2115,.T.);
#2115 = EDGE_CURVE('',#2116,#2118,#2120,.T.);
#2116 = VERTEX_POINT('',#2117);
#2117 = CARTESIAN_POINT('',(-1.308243103516,-0.671621551758,0.1));
#2118 = VERTEX_POINT('',#2119);
#2119 = CARTESIAN_POINT('',(-1.308243103516,0.671621551758,0.1));
#2120 = LINE('',#2121,#2122);
#2121 = CARTESIAN_POINT('',(-1.308243103516,-0.671621551758,0.1));
#2122 = VECTOR('',#2123,1.);
#2123 = DIRECTION('',(0.,1.,0.));
#2124 = ORIENTED_EDGE('',*,*,#2125,.T.);
#2125 = EDGE_CURVE('',#2118,#2126,#2128,.T.);
#2126 = VERTEX_POINT('',#2127);
#2127 = CARTESIAN_POINT('',(-1.375,0.705,0.575));
#2128 = B_SPLINE_CURVE_WITH_KNOTS('',1,(#2129,#2130),.UNSPECIFIED.,.F.,
  .F.,(2,2),(0.,1.),.PIECEWISE_BEZIER_KNOTS.);
#2129 = CARTESIAN_POINT('',(-1.308243103516,0.671621551758,0.1));
#2130 = CARTESIAN_POINT('',(-1.375,0.705,0.575));
#2131 = ORIENTED_EDGE('',*,*,#2132,.F.);
#2132 = EDGE_CURVE('',#2133,#2126,#2135,.T.);
#2133 = VERTEX_POINT('',#2134);
#2134 = CARTESIAN_POINT('',(-1.375,0.325,0.575));
#2135 = LINE('',#2136,#2137);
#2136 = CARTESIAN_POINT('',(-1.375,-0.705,0.575));
#2137 = VECTOR('',#2138,1.);
#2138 = DIRECTION('',(0.,1.,0.));
#2139 = ORIENTED_EDGE('',*,*,#2140,.F.);
#2140 = EDGE_CURVE('',#2141,#2133,#2143,.T.);
#2141 = VERTEX_POINT('',#2142);
#2142 = CARTESIAN_POINT('',(-1.375,-0.325,0.575));
#2143 = LINE('',#2144,#2145);
#2144 = CARTESIAN_POINT('',(-1.375,-0.325,0.575));
#2145 = VECTOR('',#2146,1.);
#2146 = DIRECTION('',(1.110223024625E-16,1.,0.));
#2147 = ORIENTED_EDGE('',*,*,#2148,.F.);
#2148 = EDGE_CURVE('',#2149,#2141,#2151,.T.);
#2149 = VERTEX_POINT('',#2150);
#2150 = CARTESIAN_POINT('',(-1.375,-0.705,0.575));
#2151 = LINE('',#2152,#2153);
#2152 = CARTESIAN_POINT('',(-1.375,-0.705,0.575));
#2153 = VECTOR('',#2154,1.);
#2154 = DIRECTION('',(0.,1.,0.));
#2155 = ORIENTED_EDGE('',*,*,#2156,.F.);
#2156 = EDGE_CURVE('',#2116,#2149,#2157,.T.);
#2157 = B_SPLINE_CURVE_WITH_KNOTS('',1,(#2158,#2159),.UNSPECIFIED.,.F.,
  .F.,(2,2),(0.,1.),.PIECEWISE_BEZIER_KNOTS.);
#2158 = CARTESIAN_POINT('',(-1.308243103516,-0.671621551758,0.1));
#2159 = CARTESIAN_POINT('',(-1.375,-0.705,0.575));
#2160 = B_SPLINE_SURFACE_WITH_KNOTS('',1,1,(
    (#2161,#2162)
    ,(#2163,#2164
    )),.UNSPECIFIED.,.F.,.F.,.F.,(2,2),(2,2),(0.,1.41),(0.,1.),
  .PIECEWISE_BEZIER_KNOTS.);
#2161 = CARTESIAN_POINT('',(-1.308243103516,-0.671621551758,0.1));
#2162 = CARTESIAN_POINT('',(-1.375,-0.705,0.575));
#2163 = CARTESIAN_POINT('',(-1.308243103516,0.671621551758,0.1));
#2164 = CARTESIAN_POINT('',(-1.375,0.705,0.575));
#2165 = ADVANCED_FACE('',(#2166),#2223,.F.);
#2166 = FACE_BOUND('',#2167,.T.);
#2167 = EDGE_LOOP('',(#2168,#2169,#2177,#2185,#2193,#2201,#2209,#2217));
#2168 = ORIENTED_EDGE('',*,*,#2115,.T.);
#2169 = ORIENTED_EDGE('',*,*,#2170,.T.);
#2170 = EDGE_CURVE('',#2118,#2171,#2173,.T.);
#2171 = VERTEX_POINT('',#2172);
#2172 = CARTESIAN_POINT('',(-1.246621551758,0.733243103516,0.1));
#2173 = LINE('',#2174,#2175);
#2174 = CARTESIAN_POINT('',(-1.308243103516,0.671621551758,0.1));
#2175 = VECTOR('',#2176,1.);
#2176 = DIRECTION('',(0.707106781187,0.707106781187,0.));
#2177 = ORIENTED_EDGE('',*,*,#2178,.T.);
#2178 = EDGE_CURVE('',#2171,#2179,#2181,.T.);
#2179 = VERTEX_POINT('',#2180);
#2180 = CARTESIAN_POINT('',(1.246621551758,0.733243103516,0.1));
#2181 = LINE('',#2182,#2183);
#2182 = CARTESIAN_POINT('',(-1.246621551758,0.733243103516,0.1));
#2183 = VECTOR('',#2184,1.);
#2184 = DIRECTION('',(1.,0.,0.));
#2185 = ORIENTED_EDGE('',*,*,#2186,.T.);
#2186 = EDGE_CURVE('',#2179,#2187,#2189,.T.);
#2187 = VERTEX_POINT('',#2188);
#2188 = CARTESIAN_POINT('',(1.308243103516,0.671621551758,0.1));
#2189 = LINE('',#2190,#2191);
#2190 = CARTESIAN_POINT('',(1.246621551758,0.733243103516,0.1));
#2191 = VECTOR('',#2192,1.);
#2192 = DIRECTION('',(0.707106781187,-0.707106781187,0.));
#2193 = ORIENTED_EDGE('',*,*,#2194,.T.);
#2194 = EDGE_CURVE('',#2187,#2195,#2197,.T.);
#2195 = VERTEX_POINT('',#2196);
#2196 = CARTESIAN_POINT('',(1.308243103516,-0.671621551758,0.1));
#2197 = LINE('',#2198,#2199);
#2198 = CARTESIAN_POINT('',(1.308243103516,0.671621551758,0.1));
#2199 = VECTOR('',#2200,1.);
#2200 = DIRECTION('',(0.,-1.,0.));
#2201 = ORIENTED_EDGE('',*,*,#2202,.T.);
#2202 = EDGE_CURVE('',#2195,#2203,#2205,.T.);
#2203 = VERTEX_POINT('',#2204);
#2204 = CARTESIAN_POINT('',(1.246621551758,-0.733243103516,0.1));
#2205 = LINE('',#2206,#2207);
#2206 = CARTESIAN_POINT('',(1.308243103516,-0.671621551758,0.1));
#2207 = VECTOR('',#2208,1.);
#2208 = DIRECTION('',(-0.707106781187,-0.707106781187,0.));
#2209 = ORIENTED_EDGE('',*,*,#2210,.T.);
#2210 = EDGE_CURVE('',#2203,#2211,#2213,.T.);
#2211 = VERTEX_POINT('',#2212);
#2212 = CARTESIAN_POINT('',(-1.246621551758,-0.733243103516,0.1));
#2213 = LINE('',#2214,#2215);
#2214 = CARTESIAN_POINT('',(1.246621551758,-0.733243103516,0.1));
#2215 = VECTOR('',#2216,1.);
#2216 = DIRECTION('',(-1.,0.,0.));
#2217 = ORIENTED_EDGE('',*,*,#2218,.T.);
#2218 = EDGE_CURVE('',#2211,#2116,#2219,.T.);
#2219 = LINE('',#2220,#2221);
#2220 = CARTESIAN_POINT('',(-1.246621551758,-0.733243103516,0.1));
#2221 = VECTOR('',#2222,1.);
#2222 = DIRECTION('',(-0.707106781187,0.707106781187,0.));
#2223 = PLANE('',#2224);
#2224 = AXIS2_PLACEMENT_3D('',#2225,#2226,#2227);
#2225 = CARTESIAN_POINT('',(-1.308243103516,-0.671621551758,0.1));
#2226 = DIRECTION('',(0.,0.,1.));
#2227 = DIRECTION('',(0.889616464678,0.456708381546,-0.));
#2228 = ADVANCED_FACE('',(#2229),#2246,.F.);
#2229 = FACE_BOUND('',#2230,.F.);
#2230 = EDGE_LOOP('',(#2231,#2232,#2239,#2245));
#2231 = ORIENTED_EDGE('',*,*,#2170,.T.);
#2232 = ORIENTED_EDGE('',*,*,#2233,.T.);
#2233 = EDGE_CURVE('',#2171,#2234,#2236,.T.);
#2234 = VERTEX_POINT('',#2235);
#2235 = CARTESIAN_POINT('',(-1.28,0.8,0.575));
#2236 = B_SPLINE_CURVE_WITH_KNOTS('',1,(#2237,#2238),.UNSPECIFIED.,.F.,
  .F.,(2,2),(0.,1.),.PIECEWISE_BEZIER_KNOTS.);
#2237 = CARTESIAN_POINT('',(-1.246621551758,0.733243103516,0.1));
#2238 = CARTESIAN_POINT('',(-1.28,0.8,0.575));
#2239 = ORIENTED_EDGE('',*,*,#2240,.F.);
#2240 = EDGE_CURVE('',#2126,#2234,#2241,.T.);
#2241 = LINE('',#2242,#2243);
#2242 = CARTESIAN_POINT('',(-1.375,0.705,0.575));
#2243 = VECTOR('',#2244,1.);
#2244 = DIRECTION('',(0.707106781187,0.707106781187,0.));
#2245 = ORIENTED_EDGE('',*,*,#2125,.F.);
#2246 = B_SPLINE_SURFACE_WITH_KNOTS('',1,1,(
    (#2247,#2248)
    ,(#2249,#2250
    )),.UNSPECIFIED.,.F.,.F.,.F.,(2,2),(2,2),(0.,0.134350288425),(0.,1.)
  ,.PIECEWISE_BEZIER_KNOTS.);
#2247 = CARTESIAN_POINT('',(-1.308243103516,0.671621551758,0.1));
#2248 = CARTESIAN_POINT('',(-1.375,0.705,0.575));
#2249 = CARTESIAN_POINT('',(-1.246621551758,0.733243103516,0.1));
#2250 = CARTESIAN_POINT('',(-1.28,0.8,0.575));
#2251 = ADVANCED_FACE('',(#2252),#2276,.F.);
#2252 = FACE_BOUND('',#2253,.F.);
#2253 = EDGE_LOOP('',(#2254,#2261,#2262,#2270));
#2254 = ORIENTED_EDGE('',*,*,#2255,.F.);
#2255 = EDGE_CURVE('',#2149,#2256,#2258,.T.);
#2256 = VERTEX_POINT('',#2257);
#2257 = CARTESIAN_POINT('',(-1.375,-0.705,0.775));
#2258 = B_SPLINE_CURVE_WITH_KNOTS('',1,(#2259,#2260),.UNSPECIFIED.,.F.,
  .F.,(2,2),(0.,1.),.PIECEWISE_BEZIER_KNOTS.);
#2259 = CARTESIAN_POINT('',(-1.375,-0.705,0.575));
#2260 = CARTESIAN_POINT('',(-1.375,-0.705,0.775));
#2261 = ORIENTED_EDGE('',*,*,#2148,.T.);
#2262 = ORIENTED_EDGE('',*,*,#2263,.T.);
#2263 = EDGE_CURVE('',#2141,#2264,#2266,.T.);
#2264 = VERTEX_POINT('',#2265);
#2265 = CARTESIAN_POINT('',(-1.375,-0.325,0.775));
#2266 = LINE('',#2267,#2268);
#2267 = CARTESIAN_POINT('',(-1.375,-0.325,0.579830288983));
#2268 = VECTOR('',#2269,1.);
#2269 = DIRECTION('',(0.,0.,1.));
#2270 = ORIENTED_EDGE('',*,*,#2271,.F.);
#2271 = EDGE_CURVE('',#2256,#2264,#2272,.T.);
#2272 = LINE('',#2273,#2274);
#2273 = CARTESIAN_POINT('',(-1.375,-0.705,0.775));
#2274 = VECTOR('',#2275,1.);
#2275 = DIRECTION('',(0.,1.,0.));
#2276 = PLANE('',#2277);
#2277 = AXIS2_PLACEMENT_3D('',#2278,#2279,#2280);
#2278 = CARTESIAN_POINT('',(-1.375,-0.705,0.775));
#2279 = DIRECTION('',(1.,0.,0.));
#2280 = DIRECTION('',(-0.,1.,0.));
#2281 = ADVANCED_FACE('',(#2282),#2309,.F.);
#2282 = FACE_BOUND('',#2283,.F.);
#2283 = EDGE_LOOP('',(#2284,#2285,#2294,#2302));
#2284 = ORIENTED_EDGE('',*,*,#2140,.T.);
#2285 = ORIENTED_EDGE('',*,*,#2286,.T.);
#2286 = EDGE_CURVE('',#2133,#2287,#2289,.T.);
#2287 = VERTEX_POINT('',#2288);
#2288 = CARTESIAN_POINT('',(-1.493176930361,0.325,0.47583778132));
#2289 = CIRCLE('',#2290,0.12);
#2290 = AXIS2_PLACEMENT_3D('',#2291,#2292,#2293);
#2291 = CARTESIAN_POINT('',(-1.375,0.325,0.455));
#2292 = DIRECTION('',(-1.110223024625E-16,-1.,0.));
#2293 = DIRECTION('',(9.251858538543E-16,-1.027162637006E-31,1.));
#2294 = ORIENTED_EDGE('',*,*,#2295,.F.);
#2295 = EDGE_CURVE('',#2296,#2287,#2298,.T.);
#2296 = VERTEX_POINT('',#2297);
#2297 = CARTESIAN_POINT('',(-1.493176930361,-0.325,0.47583778132));
#2298 = LINE('',#2299,#2300);
#2299 = CARTESIAN_POINT('',(-1.493176930361,-0.325,0.47583778132));
#2300 = VECTOR('',#2301,1.);
#2301 = DIRECTION('',(1.110223024625E-16,1.,0.));
#2302 = ORIENTED_EDGE('',*,*,#2303,.F.);
#2303 = EDGE_CURVE('',#2141,#2296,#2304,.T.);
#2304 = CIRCLE('',#2305,0.12);
#2305 = AXIS2_PLACEMENT_3D('',#2306,#2307,#2308);
#2306 = CARTESIAN_POINT('',(-1.375,-0.325,0.455));
#2307 = DIRECTION('',(-1.110223024625E-16,-1.,0.));
#2308 = DIRECTION('',(9.251858538543E-16,-1.027162637006E-31,1.));
#2309 = CYLINDRICAL_SURFACE('',#2310,0.12);
#2310 = AXIS2_PLACEMENT_3D('',#2311,#2312,#2313);
#2311 = CARTESIAN_POINT('',(-1.375,-0.325,0.455));
#2312 = DIRECTION('',(-1.110223024625E-16,-1.,0.));
#2313 = DIRECTION('',(9.251858538543E-16,-1.027162637006E-31,1.));
#2314 = ADVANCED_FACE('',(#2315),#2339,.F.);
#2315 = FACE_BOUND('',#2316,.F.);
#2316 = EDGE_LOOP('',(#2317,#2325,#2326,#2333));
#2317 = ORIENTED_EDGE('',*,*,#2318,.F.);
#2318 = EDGE_CURVE('',#2133,#2319,#2321,.T.);
#2319 = VERTEX_POINT('',#2320);
#2320 = CARTESIAN_POINT('',(-1.375,0.325,0.775));
#2321 = LINE('',#2322,#2323);
#2322 = CARTESIAN_POINT('',(-1.375,0.325,0.579830288983));
#2323 = VECTOR('',#2324,1.);
#2324 = DIRECTION('',(0.,0.,1.));
#2325 = ORIENTED_EDGE('',*,*,#2132,.T.);
#2326 = ORIENTED_EDGE('',*,*,#2327,.T.);
#2327 = EDGE_CURVE('',#2126,#2328,#2330,.T.);
#2328 = VERTEX_POINT('',#2329);
#2329 = CARTESIAN_POINT('',(-1.375,0.705,0.775));
#2330 = B_SPLINE_CURVE_WITH_KNOTS('',1,(#2331,#2332),.UNSPECIFIED.,.F.,
  .F.,(2,2),(0.,1.),.PIECEWISE_BEZIER_KNOTS.);
#2331 = CARTESIAN_POINT('',(-1.375,0.705,0.575));
#2332 = CARTESIAN_POINT('',(-1.375,0.705,0.775));
#2333 = ORIENTED_EDGE('',*,*,#2334,.F.);
#2334 = EDGE_CURVE('',#2319,#2328,#2335,.T.);
#2335 = LINE('',#2336,#2337);
#2336 = CARTESIAN_POINT('',(-1.375,-0.705,0.775));
#2337 = VECTOR('',#2338,1.);
#2338 = DIRECTION('',(0.,1.,0.));
#2339 = PLANE('',#2340);
#2340 = AXIS2_PLACEMENT_3D('',#2341,#2342,#2343);
#2341 = CARTESIAN_POINT('',(-1.375,-0.705,0.775));
#2342 = DIRECTION('',(1.,0.,0.));
#2343 = DIRECTION('',(-0.,1.,0.));
#2344 = ADVANCED_FACE('',(#2345),#2362,.F.);
#2345 = FACE_BOUND('',#2346,.F.);
#2346 = EDGE_LOOP('',(#2347,#2348,#2349,#2357));
#2347 = ORIENTED_EDGE('',*,*,#2218,.T.);
#2348 = ORIENTED_EDGE('',*,*,#2156,.T.);
#2349 = ORIENTED_EDGE('',*,*,#2350,.F.);
#2350 = EDGE_CURVE('',#2351,#2149,#2353,.T.);
#2351 = VERTEX_POINT('',#2352);
#2352 = CARTESIAN_POINT('',(-1.28,-0.8,0.575));
#2353 = LINE('',#2354,#2355);
#2354 = CARTESIAN_POINT('',(-1.28,-0.8,0.575));
#2355 = VECTOR('',#2356,1.);
#2356 = DIRECTION('',(-0.707106781187,0.707106781187,0.));
#2357 = ORIENTED_EDGE('',*,*,#2358,.F.);
#2358 = EDGE_CURVE('',#2211,#2351,#2359,.T.);
#2359 = B_SPLINE_CURVE_WITH_KNOTS('',1,(#2360,#2361),.UNSPECIFIED.,.F.,
  .F.,(2,2),(0.,1.),.PIECEWISE_BEZIER_KNOTS.);
#2360 = CARTESIAN_POINT('',(-1.246621551758,-0.733243103516,0.1));
#2361 = CARTESIAN_POINT('',(-1.28,-0.8,0.575));
#2362 = B_SPLINE_SURFACE_WITH_KNOTS('',1,1,(
    (#2363,#2364)
    ,(#2365,#2366
    )),.UNSPECIFIED.,.F.,.F.,.F.,(2,2),(2,2),(0.,0.134350288425),(0.,1.)
  ,.PIECEWISE_BEZIER_KNOTS.);
#2363 = CARTESIAN_POINT('',(-1.246621551758,-0.733243103516,0.1));
#2364 = CARTESIAN_POINT('',(-1.28,-0.8,0.575));
#2365 = CARTESIAN_POINT('',(-1.308243103516,-0.671621551758,0.1));
#2366 = CARTESIAN_POINT('',(-1.375,-0.705,0.575));
#2367 = ADVANCED_FACE('',(#2368),#2385,.F.);
#2368 = FACE_BOUND('',#2369,.F.);
#2369 = EDGE_LOOP('',(#2370,#2371,#2372,#2380));
#2370 = ORIENTED_EDGE('',*,*,#2210,.T.);
#2371 = ORIENTED_EDGE('',*,*,#2358,.T.);
#2372 = ORIENTED_EDGE('',*,*,#2373,.F.);
#2373 = EDGE_CURVE('',#2374,#2351,#2376,.T.);
#2374 = VERTEX_POINT('',#2375);
#2375 = CARTESIAN_POINT('',(1.28,-0.8,0.575));
#2376 = LINE('',#2377,#2378);
#2377 = CARTESIAN_POINT('',(1.28,-0.8,0.575));
#2378 = VECTOR('',#2379,1.);
#2379 = DIRECTION('',(-1.,0.,0.));
#2380 = ORIENTED_EDGE('',*,*,#2381,.F.);
#2381 = EDGE_CURVE('',#2203,#2374,#2382,.T.);
#2382 = B_SPLINE_CURVE_WITH_KNOTS('',1,(#2383,#2384),.UNSPECIFIED.,.F.,
  .F.,(2,2),(0.,1.),.PIECEWISE_BEZIER_KNOTS.);
#2383 = CARTESIAN_POINT('',(1.246621551758,-0.733243103516,0.1));
#2384 = CARTESIAN_POINT('',(1.28,-0.8,0.575));
#2385 = B_SPLINE_SURFACE_WITH_KNOTS('',1,1,(
    (#2386,#2387)
    ,(#2388,#2389
    )),.UNSPECIFIED.,.F.,.F.,.F.,(2,2),(2,2),(0.,2.56),(0.,1.),
  .PIECEWISE_BEZIER_KNOTS.);
#2386 = CARTESIAN_POINT('',(1.246621551758,-0.733243103516,0.1));
#2387 = CARTESIAN_POINT('',(1.28,-0.8,0.575));
#2388 = CARTESIAN_POINT('',(-1.246621551758,-0.733243103516,0.1));
#2389 = CARTESIAN_POINT('',(-1.28,-0.8,0.575));
#2390 = ADVANCED_FACE('',(#2391),#2408,.F.);
#2391 = FACE_BOUND('',#2392,.F.);
#2392 = EDGE_LOOP('',(#2393,#2394,#2401,#2407));
#2393 = ORIENTED_EDGE('',*,*,#2178,.T.);
#2394 = ORIENTED_EDGE('',*,*,#2395,.T.);
#2395 = EDGE_CURVE('',#2179,#2396,#2398,.T.);
#2396 = VERTEX_POINT('',#2397);
#2397 = CARTESIAN_POINT('',(1.28,0.8,0.575));
#2398 = B_SPLINE_CURVE_WITH_KNOTS('',1,(#2399,#2400),.UNSPECIFIED.,.F.,
  .F.,(2,2),(0.,1.),.PIECEWISE_BEZIER_KNOTS.);
#2399 = CARTESIAN_POINT('',(1.246621551758,0.733243103516,0.1));
#2400 = CARTESIAN_POINT('',(1.28,0.8,0.575));
#2401 = ORIENTED_EDGE('',*,*,#2402,.F.);
#2402 = EDGE_CURVE('',#2234,#2396,#2403,.T.);
#2403 = LINE('',#2404,#2405);
#2404 = CARTESIAN_POINT('',(-1.28,0.8,0.575));
#2405 = VECTOR('',#2406,1.);
#2406 = DIRECTION('',(1.,0.,0.));
#2407 = ORIENTED_EDGE('',*,*,#2233,.F.);
#2408 = B_SPLINE_SURFACE_WITH_KNOTS('',1,1,(
    (#2409,#2410)
    ,(#2411,#2412
    )),.UNSPECIFIED.,.F.,.F.,.F.,(2,2),(2,2),(0.,2.56),(0.,1.),
  .PIECEWISE_BEZIER_KNOTS.);
#2409 = CARTESIAN_POINT('',(-1.246621551758,0.733243103516,0.1));
#2410 = CARTESIAN_POINT('',(-1.28,0.8,0.575));
#2411 = CARTESIAN_POINT('',(1.246621551758,0.733243103516,0.1));
#2412 = CARTESIAN_POINT('',(1.28,0.8,0.575));
#2413 = ADVANCED_FACE('',(#2414),#2431,.F.);
#2414 = FACE_BOUND('',#2415,.F.);
#2415 = EDGE_LOOP('',(#2416,#2417,#2418,#2426));
#2416 = ORIENTED_EDGE('',*,*,#2202,.T.);
#2417 = ORIENTED_EDGE('',*,*,#2381,.T.);
#2418 = ORIENTED_EDGE('',*,*,#2419,.F.);
#2419 = EDGE_CURVE('',#2420,#2374,#2422,.T.);
#2420 = VERTEX_POINT('',#2421);
#2421 = CARTESIAN_POINT('',(1.375,-0.705,0.575));
#2422 = LINE('',#2423,#2424);
#2423 = CARTESIAN_POINT('',(1.375,-0.705,0.575));
#2424 = VECTOR('',#2425,1.);
#2425 = DIRECTION('',(-0.707106781187,-0.707106781187,0.));
#2426 = ORIENTED_EDGE('',*,*,#2427,.F.);
#2427 = EDGE_CURVE('',#2195,#2420,#2428,.T.);
#2428 = B_SPLINE_CURVE_WITH_KNOTS('',1,(#2429,#2430),.UNSPECIFIED.,.F.,
  .F.,(2,2),(0.,1.),.PIECEWISE_BEZIER_KNOTS.);
#2429 = CARTESIAN_POINT('',(1.308243103516,-0.671621551758,0.1));
#2430 = CARTESIAN_POINT('',(1.375,-0.705,0.575));
#2431 = B_SPLINE_SURFACE_WITH_KNOTS('',1,1,(
    (#2432,#2433)
    ,(#2434,#2435
    )),.UNSPECIFIED.,.F.,.F.,.F.,(2,2),(2,2),(0.,0.134350288425),(0.,1.)
  ,.PIECEWISE_BEZIER_KNOTS.);
#2432 = CARTESIAN_POINT('',(1.308243103516,-0.671621551758,0.1));
#2433 = CARTESIAN_POINT('',(1.375,-0.705,0.575));
#2434 = CARTESIAN_POINT('',(1.246621551758,-0.733243103516,0.1));
#2435 = CARTESIAN_POINT('',(1.28,-0.8,0.575));
#2436 = ADVANCED_FACE('',(#2437),#2454,.F.);
#2437 = FACE_BOUND('',#2438,.F.);
#2438 = EDGE_LOOP('',(#2439,#2440,#2447,#2453));
#2439 = ORIENTED_EDGE('',*,*,#2186,.T.);
#2440 = ORIENTED_EDGE('',*,*,#2441,.T.);
#2441 = EDGE_CURVE('',#2187,#2442,#2444,.T.);
#2442 = VERTEX_POINT('',#2443);
#2443 = CARTESIAN_POINT('',(1.375,0.705,0.575));
#2444 = B_SPLINE_CURVE_WITH_KNOTS('',1,(#2445,#2446),.UNSPECIFIED.,.F.,
  .F.,(2,2),(0.,1.),.PIECEWISE_BEZIER_KNOTS.);
#2445 = CARTESIAN_POINT('',(1.308243103516,0.671621551758,0.1));
#2446 = CARTESIAN_POINT('',(1.375,0.705,0.575));
#2447 = ORIENTED_EDGE('',*,*,#2448,.F.);
#2448 = EDGE_CURVE('',#2396,#2442,#2449,.T.);
#2449 = LINE('',#2450,#2451);
#2450 = CARTESIAN_POINT('',(1.28,0.8,0.575));
#2451 = VECTOR('',#2452,1.);
#2452 = DIRECTION('',(0.707106781187,-0.707106781187,0.));
#2453 = ORIENTED_EDGE('',*,*,#2395,.F.);
#2454 = B_SPLINE_SURFACE_WITH_KNOTS('',1,1,(
    (#2455,#2456)
    ,(#2457,#2458
    )),.UNSPECIFIED.,.F.,.F.,.F.,(2,2),(2,2),(0.,0.134350288425),(0.,1.)
  ,.PIECEWISE_BEZIER_KNOTS.);
#2455 = CARTESIAN_POINT('',(1.246621551758,0.733243103516,0.1));
#2456 = CARTESIAN_POINT('',(1.28,0.8,0.575));
#2457 = CARTESIAN_POINT('',(1.308243103516,0.671621551758,0.1));
#2458 = CARTESIAN_POINT('',(1.375,0.705,0.575));
#2459 = ADVANCED_FACE('',(#2460),#2487,.F.);
#2460 = FACE_BOUND('',#2461,.F.);
#2461 = EDGE_LOOP('',(#2462,#2463,#2464,#2472,#2480,#2486));
#2462 = ORIENTED_EDGE('',*,*,#2194,.T.);
#2463 = ORIENTED_EDGE('',*,*,#2427,.T.);
#2464 = ORIENTED_EDGE('',*,*,#2465,.F.);
#2465 = EDGE_CURVE('',#2466,#2420,#2468,.T.);
#2466 = VERTEX_POINT('',#2467);
#2467 = CARTESIAN_POINT('',(1.375,-0.325,0.575));
#2468 = LINE('',#2469,#2470);
#2469 = CARTESIAN_POINT('',(1.375,0.705,0.575));
#2470 = VECTOR('',#2471,1.);
#2471 = DIRECTION('',(0.,-1.,0.));
#2472 = ORIENTED_EDGE('',*,*,#2473,.F.);
#2473 = EDGE_CURVE('',#2474,#2466,#2476,.T.);
#2474 = VERTEX_POINT('',#2475);
#2475 = CARTESIAN_POINT('',(1.375,0.325,0.575));
#2476 = LINE('',#2477,#2478);
#2477 = CARTESIAN_POINT('',(1.375,0.325,0.575));
#2478 = VECTOR('',#2479,1.);
#2479 = DIRECTION('',(-2.22044604925E-16,-1.,0.));
#2480 = ORIENTED_EDGE('',*,*,#2481,.F.);
#2481 = EDGE_CURVE('',#2442,#2474,#2482,.T.);
#2482 = LINE('',#2483,#2484);
#2483 = CARTESIAN_POINT('',(1.375,0.705,0.575));
#2484 = VECTOR('',#2485,1.);
#2485 = DIRECTION('',(0.,-1.,0.));
#2486 = ORIENTED_EDGE('',*,*,#2441,.F.);
#2487 = B_SPLINE_SURFACE_WITH_KNOTS('',1,1,(
    (#2488,#2489)
    ,(#2490,#2491
    )),.UNSPECIFIED.,.F.,.F.,.F.,(2,2),(2,2),(0.,1.41),(0.,1.),
  .PIECEWISE_BEZIER_KNOTS.);
#2488 = CARTESIAN_POINT('',(1.308243103516,0.671621551758,0.1));
#2489 = CARTESIAN_POINT('',(1.375,0.705,0.575));
#2490 = CARTESIAN_POINT('',(1.308243103516,-0.671621551758,0.1));
#2491 = CARTESIAN_POINT('',(1.375,-0.705,0.575));
#2492 = ADVANCED_FACE('',(#2493),#2510,.F.);
#2493 = FACE_BOUND('',#2494,.F.);
#2494 = EDGE_LOOP('',(#2495,#2496,#2503,#2509));
#2495 = ORIENTED_EDGE('',*,*,#2240,.T.);
#2496 = ORIENTED_EDGE('',*,*,#2497,.T.);
#2497 = EDGE_CURVE('',#2234,#2498,#2500,.T.);
#2498 = VERTEX_POINT('',#2499);
#2499 = CARTESIAN_POINT('',(-1.28,0.8,0.775));
#2500 = B_SPLINE_CURVE_WITH_KNOTS('',1,(#2501,#2502),.UNSPECIFIED.,.F.,
  .F.,(2,2),(0.,1.),.PIECEWISE_BEZIER_KNOTS.);
#2501 = CARTESIAN_POINT('',(-1.28,0.8,0.575));
#2502 = CARTESIAN_POINT('',(-1.28,0.8,0.775));
#2503 = ORIENTED_EDGE('',*,*,#2504,.F.);
#2504 = EDGE_CURVE('',#2328,#2498,#2505,.T.);
#2505 = LINE('',#2506,#2507);
#2506 = CARTESIAN_POINT('',(-1.375,0.705,0.775));
#2507 = VECTOR('',#2508,1.);
#2508 = DIRECTION('',(0.707106781187,0.707106781187,0.));
#2509 = ORIENTED_EDGE('',*,*,#2327,.F.);
#2510 = PLANE('',#2511);
#2511 = AXIS2_PLACEMENT_3D('',#2512,#2513,#2514);
#2512 = CARTESIAN_POINT('',(-1.375,0.705,0.775));
#2513 = DIRECTION('',(0.707106781187,-0.707106781187,0.));
#2514 = DIRECTION('',(0.707106781187,0.707106781187,0.));
#2515 = ADVANCED_FACE('',(#2516),#2533,.F.);
#2516 = FACE_BOUND('',#2517,.F.);
#2517 = EDGE_LOOP('',(#2518,#2519,#2520,#2528));
#2518 = ORIENTED_EDGE('',*,*,#2350,.T.);
#2519 = ORIENTED_EDGE('',*,*,#2255,.T.);
#2520 = ORIENTED_EDGE('',*,*,#2521,.F.);
#2521 = EDGE_CURVE('',#2522,#2256,#2524,.T.);
#2522 = VERTEX_POINT('',#2523);
#2523 = CARTESIAN_POINT('',(-1.28,-0.8,0.775));
#2524 = LINE('',#2525,#2526);
#2525 = CARTESIAN_POINT('',(-1.28,-0.8,0.775));
#2526 = VECTOR('',#2527,1.);
#2527 = DIRECTION('',(-0.707106781187,0.707106781187,0.));
#2528 = ORIENTED_EDGE('',*,*,#2529,.F.);
#2529 = EDGE_CURVE('',#2351,#2522,#2530,.T.);
#2530 = B_SPLINE_CURVE_WITH_KNOTS('',1,(#2531,#2532),.UNSPECIFIED.,.F.,
  .F.,(2,2),(0.,1.),.PIECEWISE_BEZIER_KNOTS.);
#2531 = CARTESIAN_POINT('',(-1.28,-0.8,0.575));
#2532 = CARTESIAN_POINT('',(-1.28,-0.8,0.775));
#2533 = PLANE('',#2534);
#2534 = AXIS2_PLACEMENT_3D('',#2535,#2536,#2537);
#2535 = CARTESIAN_POINT('',(-1.28,-0.8,0.775));
#2536 = DIRECTION('',(0.707106781187,0.707106781187,0.));
#2537 = DIRECTION('',(-0.707106781187,0.707106781187,0.));
#2538 = ADVANCED_FACE('',(#2539),#2621,.F.);
#2539 = FACE_BOUND('',#2540,.F.);
#2540 = EDGE_LOOP('',(#2541,#2542,#2543,#2551,#2559,#2567,#2575,#2583,
    #2591,#2599,#2607,#2615));
#2541 = ORIENTED_EDGE('',*,*,#2521,.T.);
#2542 = ORIENTED_EDGE('',*,*,#2271,.T.);
#2543 = ORIENTED_EDGE('',*,*,#2544,.T.);
#2544 = EDGE_CURVE('',#2264,#2545,#2547,.T.);
#2545 = VERTEX_POINT('',#2546);
#2546 = CARTESIAN_POINT('',(-1.35,-0.325,0.775));
#2547 = LINE('',#2548,#2549);
#2548 = CARTESIAN_POINT('',(-1.375,-0.325,0.775));
#2549 = VECTOR('',#2550,1.);
#2550 = DIRECTION('',(1.,-1.110223024625E-16,0.));
#2551 = ORIENTED_EDGE('',*,*,#2552,.F.);
#2552 = EDGE_CURVE('',#2553,#2545,#2555,.T.);
#2553 = VERTEX_POINT('',#2554);
#2554 = CARTESIAN_POINT('',(-1.35,-0.6925,0.775));
#2555 = LINE('',#2556,#2557);
#2556 = CARTESIAN_POINT('',(-1.35,-0.6925,0.775));
#2557 = VECTOR('',#2558,1.);
#2558 = DIRECTION('',(0.,1.,0.));
#2559 = ORIENTED_EDGE('',*,*,#2560,.F.);
#2560 = EDGE_CURVE('',#2561,#2553,#2563,.T.);
#2561 = VERTEX_POINT('',#2562);
#2562 = CARTESIAN_POINT('',(-1.2675,-0.775,0.775));
#2563 = LINE('',#2564,#2565);
#2564 = CARTESIAN_POINT('',(-1.2675,-0.775,0.775));
#2565 = VECTOR('',#2566,1.);
#2566 = DIRECTION('',(-0.707106781187,0.707106781187,0.));
#2567 = ORIENTED_EDGE('',*,*,#2568,.F.);
#2568 = EDGE_CURVE('',#2569,#2561,#2571,.T.);
#2569 = VERTEX_POINT('',#2570);
#2570 = CARTESIAN_POINT('',(1.2675,-0.775,0.775));
#2571 = LINE('',#2572,#2573);
#2572 = CARTESIAN_POINT('',(1.2675,-0.775,0.775));
#2573 = VECTOR('',#2574,1.);
#2574 = DIRECTION('',(-1.,0.,0.));
#2575 = ORIENTED_EDGE('',*,*,#2576,.F.);
#2576 = EDGE_CURVE('',#2577,#2569,#2579,.T.);
#2577 = VERTEX_POINT('',#2578);
#2578 = CARTESIAN_POINT('',(1.35,-0.6925,0.775));
#2579 = LINE('',#2580,#2581);
#2580 = CARTESIAN_POINT('',(1.35,-0.6925,0.775));
#2581 = VECTOR('',#2582,1.);
#2582 = DIRECTION('',(-0.707106781187,-0.707106781187,0.));
#2583 = ORIENTED_EDGE('',*,*,#2584,.F.);
#2584 = EDGE_CURVE('',#2585,#2577,#2587,.T.);
#2585 = VERTEX_POINT('',#2586);
#2586 = CARTESIAN_POINT('',(1.35,-0.325,0.775));
#2587 = LINE('',#2588,#2589);
#2588 = CARTESIAN_POINT('',(1.35,0.6925,0.775));
#2589 = VECTOR('',#2590,1.);
#2590 = DIRECTION('',(0.,-1.,0.));
#2591 = ORIENTED_EDGE('',*,*,#2592,.F.);
#2592 = EDGE_CURVE('',#2593,#2585,#2595,.T.);
#2593 = VERTEX_POINT('',#2594);
#2594 = CARTESIAN_POINT('',(1.375,-0.325,0.775));
#2595 = LINE('',#2596,#2597);
#2596 = CARTESIAN_POINT('',(1.375,-0.325,0.775));
#2597 = VECTOR('',#2598,1.);
#2598 = DIRECTION('',(-1.,2.22044604925E-16,0.));
#2599 = ORIENTED_EDGE('',*,*,#2600,.T.);
#2600 = EDGE_CURVE('',#2593,#2601,#2603,.T.);
#2601 = VERTEX_POINT('',#2602);
#2602 = CARTESIAN_POINT('',(1.375,-0.705,0.775));
#2603 = LINE('',#2604,#2605);
#2604 = CARTESIAN_POINT('',(1.375,0.705,0.775));
#2605 = VECTOR('',#2606,1.);
#2606 = DIRECTION('',(0.,-1.,0.));
#2607 = ORIENTED_EDGE('',*,*,#2608,.T.);
#2608 = EDGE_CURVE('',#2601,#2609,#2611,.T.);
#2609 = VERTEX_POINT('',#2610);
#2610 = CARTESIAN_POINT('',(1.28,-0.8,0.775));
#2611 = LINE('',#2612,#2613);
#2612 = CARTESIAN_POINT('',(1.375,-0.705,0.775));
#2613 = VECTOR('',#2614,1.);
#2614 = DIRECTION('',(-0.707106781187,-0.707106781187,0.));
#2615 = ORIENTED_EDGE('',*,*,#2616,.T.);
#2616 = EDGE_CURVE('',#2609,#2522,#2617,.T.);
#2617 = LINE('',#2618,#2619);
#2618 = CARTESIAN_POINT('',(1.28,-0.8,0.775));
#2619 = VECTOR('',#2620,1.);
#2620 = DIRECTION('',(-1.,0.,0.));
#2621 = PLANE('',#2622);
#2622 = AXIS2_PLACEMENT_3D('',#2623,#2624,#2625);
#2623 = CARTESIAN_POINT('',(-1.3625,-4.954714324773E-17,0.775));
#2624 = DIRECTION('',(-7.340317518656E-17,9.85275154485E-18,-1.));
#2625 = DIRECTION('',(7.342878714278E-20,1.,9.85275154485E-18));
#2626 = ADVANCED_FACE('',(#2627),#2696,.F.);
#2627 = FACE_BOUND('',#2628,.F.);
#2628 = EDGE_LOOP('',(#2629,#2630,#2631,#2639,#2648,#2656,#2664,#2672,
    #2681,#2689));
#2629 = ORIENTED_EDGE('',*,*,#2263,.F.);
#2630 = ORIENTED_EDGE('',*,*,#2303,.T.);
#2631 = ORIENTED_EDGE('',*,*,#2632,.T.);
#2632 = EDGE_CURVE('',#2296,#2633,#2635,.T.);
#2633 = VERTEX_POINT('',#2634);
#2634 = CARTESIAN_POINT('',(-1.523665661432,-0.325,0.264432583147));
#2635 = LINE('',#2636,#2637);
#2636 = CARTESIAN_POINT('',(-1.493176930361,-0.325,0.47583778132));
#2637 = VECTOR('',#2638,1.);
#2638 = DIRECTION('',(-0.142742572604,1.584760906992E-17,-0.989759848633
    ));
#2639 = ORIENTED_EDGE('',*,*,#2640,.T.);
#2640 = EDGE_CURVE('',#2633,#2641,#2643,.T.);
#2641 = VERTEX_POINT('',#2642);
#2642 = CARTESIAN_POINT('',(-1.838804142396,-0.325,-5.551115123126E-17)
  );
#2643 = CIRCLE('',#2644,0.32);
#2644 = AXIS2_PLACEMENT_3D('',#2645,#2646,#2647);
#2645 = CARTESIAN_POINT('',(-1.838804142396,-0.325,0.32));
#2646 = DIRECTION('',(1.110223024625E-16,1.,0.));
#2647 = DIRECTION('',(0.984807753012,-1.093356242223E-16,-0.173648177667
    ));
#2648 = ORIENTED_EDGE('',*,*,#2649,.T.);
#2649 = EDGE_CURVE('',#2641,#2650,#2652,.T.);
#2650 = VERTEX_POINT('',#2651);
#2651 = CARTESIAN_POINT('',(-1.9,-0.325,-5.551115123126E-17));
#2652 = LINE('',#2653,#2654);
#2653 = CARTESIAN_POINT('',(-1.838804142396,-0.325,-5.551115123126E-17)
  );
#2654 = VECTOR('',#2655,1.);
#2655 = DIRECTION('',(-1.,1.110223024625E-16,0.));
#2656 = ORIENTED_EDGE('',*,*,#2657,.T.);
#2657 = EDGE_CURVE('',#2650,#2658,#2660,.T.);
#2658 = VERTEX_POINT('',#2659);
#2659 = CARTESIAN_POINT('',(-1.9,-0.325,0.2));
#2660 = LINE('',#2661,#2662);
#2661 = CARTESIAN_POINT('',(-1.9,-0.325,-5.551115123126E-17));
#2662 = VECTOR('',#2663,1.);
#2663 = DIRECTION('',(0.,0.,1.));
#2664 = ORIENTED_EDGE('',*,*,#2665,.T.);
#2665 = EDGE_CURVE('',#2658,#2666,#2668,.T.);
#2666 = VERTEX_POINT('',#2667);
#2667 = CARTESIAN_POINT('',(-1.838804142396,-0.325,0.2));
#2668 = LINE('',#2669,#2670);
#2669 = CARTESIAN_POINT('',(-1.9,-0.325,0.2));
#2670 = VECTOR('',#2671,1.);
#2671 = DIRECTION('',(1.,-1.110223024625E-16,0.));
#2672 = ORIENTED_EDGE('',*,*,#2673,.T.);
#2673 = EDGE_CURVE('',#2666,#2674,#2676,.T.);
#2674 = VERTEX_POINT('',#2675);
#2675 = CARTESIAN_POINT('',(-1.720627212034,-0.325,0.29916221868));
#2676 = CIRCLE('',#2677,0.12);
#2677 = AXIS2_PLACEMENT_3D('',#2678,#2679,#2680);
#2678 = CARTESIAN_POINT('',(-1.838804142396,-0.325,0.32));
#2679 = DIRECTION('',(-1.110223024625E-16,-1.,0.));
#2680 = DIRECTION('',(1.850371707709E-15,-2.054325274013E-31,-1.));
#2681 = ORIENTED_EDGE('',*,*,#2682,.T.);
#2682 = EDGE_CURVE('',#2674,#2683,#2685,.T.);
#2683 = VERTEX_POINT('',#2684);
#2684 = CARTESIAN_POINT('',(-1.690138480964,-0.325,0.510567416853));
#2685 = LINE('',#2686,#2687);
#2686 = CARTESIAN_POINT('',(-1.720627212034,-0.325,0.29916221868));
#2687 = VECTOR('',#2688,1.);
#2688 = DIRECTION('',(0.142742572604,-1.584760906992E-17,0.989759848633)
  );
#2689 = ORIENTED_EDGE('',*,*,#2690,.T.);
#2690 = EDGE_CURVE('',#2683,#2264,#2691,.T.);
#2691 = CIRCLE('',#2692,0.32);
#2692 = AXIS2_PLACEMENT_3D('',#2693,#2694,#2695);
#2693 = CARTESIAN_POINT('',(-1.375,-0.325,0.455));
#2694 = DIRECTION('',(1.110223024625E-16,1.,0.));
#2695 = DIRECTION('',(-0.984807753012,1.093356242223E-16,0.173648177667)
  );
#2696 = PLANE('',#2697);
#2697 = AXIS2_PLACEMENT_3D('',#2698,#2699,#2700);
#2698 = CARTESIAN_POINT('',(-1.610729118287,-0.325,0.384660577966));
#2699 = DIRECTION('',(1.110223024625E-16,1.,0.));
#2700 = DIRECTION('',(0.,-0.,1.));
#2701 = ADVANCED_FACE('',(#2702),#2720,.F.);
#2702 = FACE_BOUND('',#2703,.F.);
#2703 = EDGE_LOOP('',(#2704,#2705,#2713,#2719));
#2704 = ORIENTED_EDGE('',*,*,#2295,.T.);
#2705 = ORIENTED_EDGE('',*,*,#2706,.T.);
#2706 = EDGE_CURVE('',#2287,#2707,#2709,.T.);
#2707 = VERTEX_POINT('',#2708);
#2708 = CARTESIAN_POINT('',(-1.523665661432,0.325,0.264432583147));
#2709 = LINE('',#2710,#2711);
#2710 = CARTESIAN_POINT('',(-1.493176930361,0.325,0.47583778132));
#2711 = VECTOR('',#2712,1.);
#2712 = DIRECTION('',(-0.142742572604,1.584760906992E-17,-0.989759848633
    ));
#2713 = ORIENTED_EDGE('',*,*,#2714,.F.);
#2714 = EDGE_CURVE('',#2633,#2707,#2715,.T.);
#2715 = LINE('',#2716,#2717);
#2716 = CARTESIAN_POINT('',(-1.523665661432,-0.325,0.264432583147));
#2717 = VECTOR('',#2718,1.);
#2718 = DIRECTION('',(1.110223024625E-16,1.,0.));
#2719 = ORIENTED_EDGE('',*,*,#2632,.F.);
#2720 = PLANE('',#2721);
#2721 = AXIS2_PLACEMENT_3D('',#2722,#2723,#2724);
#2722 = CARTESIAN_POINT('',(-1.493176930361,-0.325,0.47583778132));
#2723 = DIRECTION('',(-0.989759848633,1.098854172802E-16,0.142742572604)
  );
#2724 = DIRECTION('',(-0.142742572604,1.584760906992E-17,-0.989759848633
    ));
#2725 = ADVANCED_FACE('',(#2726),#2788,.T.);
#2726 = FACE_BOUND('',#2727,.T.);
#2727 = EDGE_LOOP('',(#2728,#2729,#2730,#2731,#2740,#2748,#2756,#2764,
    #2773,#2781));
#2728 = ORIENTED_EDGE('',*,*,#2318,.F.);
#2729 = ORIENTED_EDGE('',*,*,#2286,.T.);
#2730 = ORIENTED_EDGE('',*,*,#2706,.T.);
#2731 = ORIENTED_EDGE('',*,*,#2732,.T.);
#2732 = EDGE_CURVE('',#2707,#2733,#2735,.T.);
#2733 = VERTEX_POINT('',#2734);
#2734 = CARTESIAN_POINT('',(-1.838804142396,0.325,-5.551115123126E-17));
#2735 = CIRCLE('',#2736,0.32);
#2736 = AXIS2_PLACEMENT_3D('',#2737,#2738,#2739);
#2737 = CARTESIAN_POINT('',(-1.838804142396,0.325,0.32));
#2738 = DIRECTION('',(1.110223024625E-16,1.,0.));
#2739 = DIRECTION('',(0.984807753012,-1.093356242223E-16,-0.173648177667
    ));
#2740 = ORIENTED_EDGE('',*,*,#2741,.T.);
#2741 = EDGE_CURVE('',#2733,#2742,#2744,.T.);
#2742 = VERTEX_POINT('',#2743);
#2743 = CARTESIAN_POINT('',(-1.9,0.325,-5.551115123126E-17));
#2744 = LINE('',#2745,#2746);
#2745 = CARTESIAN_POINT('',(-1.838804142396,0.325,-5.551115123126E-17));
#2746 = VECTOR('',#2747,1.);
#2747 = DIRECTION('',(-1.,1.110223024625E-16,0.));
#2748 = ORIENTED_EDGE('',*,*,#2749,.T.);
#2749 = EDGE_CURVE('',#2742,#2750,#2752,.T.);
#2750 = VERTEX_POINT('',#2751);
#2751 = CARTESIAN_POINT('',(-1.9,0.325,0.2));
#2752 = LINE('',#2753,#2754);
#2753 = CARTESIAN_POINT('',(-1.9,0.325,-5.551115123126E-17));
#2754 = VECTOR('',#2755,1.);
#2755 = DIRECTION('',(0.,0.,1.));
#2756 = ORIENTED_EDGE('',*,*,#2757,.T.);
#2757 = EDGE_CURVE('',#2750,#2758,#2760,.T.);
#2758 = VERTEX_POINT('',#2759);
#2759 = CARTESIAN_POINT('',(-1.838804142396,0.325,0.2));
#2760 = LINE('',#2761,#2762);
#2761 = CARTESIAN_POINT('',(-1.9,0.325,0.2));
#2762 = VECTOR('',#2763,1.);
#2763 = DIRECTION('',(1.,-1.110223024625E-16,0.));
#2764 = ORIENTED_EDGE('',*,*,#2765,.T.);
#2765 = EDGE_CURVE('',#2758,#2766,#2768,.T.);
#2766 = VERTEX_POINT('',#2767);
#2767 = CARTESIAN_POINT('',(-1.720627212034,0.325,0.29916221868));
#2768 = CIRCLE('',#2769,0.12);
#2769 = AXIS2_PLACEMENT_3D('',#2770,#2771,#2772);
#2770 = CARTESIAN_POINT('',(-1.838804142396,0.325,0.32));
#2771 = DIRECTION('',(-1.110223024625E-16,-1.,0.));
#2772 = DIRECTION('',(1.850371707709E-15,-2.054325274013E-31,-1.));
#2773 = ORIENTED_EDGE('',*,*,#2774,.T.);
#2774 = EDGE_CURVE('',#2766,#2775,#2777,.T.);
#2775 = VERTEX_POINT('',#2776);
#2776 = CARTESIAN_POINT('',(-1.690138480964,0.325,0.510567416853));
#2777 = LINE('',#2778,#2779);
#2778 = CARTESIAN_POINT('',(-1.720627212034,0.325,0.29916221868));
#2779 = VECTOR('',#2780,1.);
#2780 = DIRECTION('',(0.142742572604,-1.584760906992E-17,0.989759848633)
  );
#2781 = ORIENTED_EDGE('',*,*,#2782,.T.);
#2782 = EDGE_CURVE('',#2775,#2319,#2783,.T.);
#2783 = CIRCLE('',#2784,0.32);
#2784 = AXIS2_PLACEMENT_3D('',#2785,#2786,#2787);
#2785 = CARTESIAN_POINT('',(-1.375,0.325,0.455));
#2786 = DIRECTION('',(1.110223024625E-16,1.,0.));
#2787 = DIRECTION('',(-0.984807753012,1.093356242223E-16,0.173648177667)
  );
#2788 = PLANE('',#2789);
#2789 = AXIS2_PLACEMENT_3D('',#2790,#2791,#2792);
#2790 = CARTESIAN_POINT('',(-1.610729118287,0.325,0.384660577966));
#2791 = DIRECTION('',(1.110223024625E-16,1.,0.));
#2792 = DIRECTION('',(0.,-0.,1.));
#2793 = ADVANCED_FACE('',(#2794),#2876,.F.);
#2794 = FACE_BOUND('',#2795,.F.);
#2795 = EDGE_LOOP('',(#2796,#2804,#2805,#2806,#2814,#2822,#2830,#2838,
    #2846,#2854,#2862,#2870));
#2796 = ORIENTED_EDGE('',*,*,#2797,.F.);
#2797 = EDGE_CURVE('',#2319,#2798,#2800,.T.);
#2798 = VERTEX_POINT('',#2799);
#2799 = CARTESIAN_POINT('',(-1.35,0.325,0.775));
#2800 = LINE('',#2801,#2802);
#2801 = CARTESIAN_POINT('',(-1.375,0.325,0.775));
#2802 = VECTOR('',#2803,1.);
#2803 = DIRECTION('',(1.,-1.110223024625E-16,0.));
#2804 = ORIENTED_EDGE('',*,*,#2334,.T.);
#2805 = ORIENTED_EDGE('',*,*,#2504,.T.);
#2806 = ORIENTED_EDGE('',*,*,#2807,.T.);
#2807 = EDGE_CURVE('',#2498,#2808,#2810,.T.);
#2808 = VERTEX_POINT('',#2809);
#2809 = CARTESIAN_POINT('',(1.28,0.8,0.775));
#2810 = LINE('',#2811,#2812);
#2811 = CARTESIAN_POINT('',(-1.28,0.8,0.775));
#2812 = VECTOR('',#2813,1.);
#2813 = DIRECTION('',(1.,0.,0.));
#2814 = ORIENTED_EDGE('',*,*,#2815,.T.);
#2815 = EDGE_CURVE('',#2808,#2816,#2818,.T.);
#2816 = VERTEX_POINT('',#2817);
#2817 = CARTESIAN_POINT('',(1.375,0.705,0.775));
#2818 = LINE('',#2819,#2820);
#2819 = CARTESIAN_POINT('',(1.28,0.8,0.775));
#2820 = VECTOR('',#2821,1.);
#2821 = DIRECTION('',(0.707106781187,-0.707106781187,0.));
#2822 = ORIENTED_EDGE('',*,*,#2823,.T.);
#2823 = EDGE_CURVE('',#2816,#2824,#2826,.T.);
#2824 = VERTEX_POINT('',#2825);
#2825 = CARTESIAN_POINT('',(1.375,0.325,0.775));
#2826 = LINE('',#2827,#2828);
#2827 = CARTESIAN_POINT('',(1.375,0.705,0.775));
#2828 = VECTOR('',#2829,1.);
#2829 = DIRECTION('',(0.,-1.,0.));
#2830 = ORIENTED_EDGE('',*,*,#2831,.T.);
#2831 = EDGE_CURVE('',#2824,#2832,#2834,.T.);
#2832 = VERTEX_POINT('',#2833);
#2833 = CARTESIAN_POINT('',(1.35,0.325,0.775));
#2834 = LINE('',#2835,#2836);
#2835 = CARTESIAN_POINT('',(1.375,0.325,0.775));
#2836 = VECTOR('',#2837,1.);
#2837 = DIRECTION('',(-1.,2.22044604925E-16,0.));
#2838 = ORIENTED_EDGE('',*,*,#2839,.F.);
#2839 = EDGE_CURVE('',#2840,#2832,#2842,.T.);
#2840 = VERTEX_POINT('',#2841);
#2841 = CARTESIAN_POINT('',(1.35,0.6925,0.775));
#2842 = LINE('',#2843,#2844);
#2843 = CARTESIAN_POINT('',(1.35,0.6925,0.775));
#2844 = VECTOR('',#2845,1.);
#2845 = DIRECTION('',(0.,-1.,0.));
#2846 = ORIENTED_EDGE('',*,*,#2847,.F.);
#2847 = EDGE_CURVE('',#2848,#2840,#2850,.T.);
#2848 = VERTEX_POINT('',#2849);
#2849 = CARTESIAN_POINT('',(1.2675,0.775,0.775));
#2850 = LINE('',#2851,#2852);
#2851 = CARTESIAN_POINT('',(1.2675,0.775,0.775));
#2852 = VECTOR('',#2853,1.);
#2853 = DIRECTION('',(0.707106781187,-0.707106781187,0.));
#2854 = ORIENTED_EDGE('',*,*,#2855,.F.);
#2855 = EDGE_CURVE('',#2856,#2848,#2858,.T.);
#2856 = VERTEX_POINT('',#2857);
#2857 = CARTESIAN_POINT('',(-1.2675,0.775,0.775));
#2858 = LINE('',#2859,#2860);
#2859 = CARTESIAN_POINT('',(-1.2675,0.775,0.775));
#2860 = VECTOR('',#2861,1.);
#2861 = DIRECTION('',(1.,0.,0.));
#2862 = ORIENTED_EDGE('',*,*,#2863,.F.);
#2863 = EDGE_CURVE('',#2864,#2856,#2866,.T.);
#2864 = VERTEX_POINT('',#2865);
#2865 = CARTESIAN_POINT('',(-1.35,0.6925,0.775));
#2866 = LINE('',#2867,#2868);
#2867 = CARTESIAN_POINT('',(-1.35,0.6925,0.775));
#2868 = VECTOR('',#2869,1.);
#2869 = DIRECTION('',(0.707106781187,0.707106781187,0.));
#2870 = ORIENTED_EDGE('',*,*,#2871,.F.);
#2871 = EDGE_CURVE('',#2798,#2864,#2872,.T.);
#2872 = LINE('',#2873,#2874);
#2873 = CARTESIAN_POINT('',(-1.35,-0.6925,0.775));
#2874 = VECTOR('',#2875,1.);
#2875 = DIRECTION('',(0.,1.,0.));
#2876 = PLANE('',#2877);
#2877 = AXIS2_PLACEMENT_3D('',#2878,#2879,#2880);
#2878 = CARTESIAN_POINT('',(-1.3625,-4.954714324773E-17,0.775));
#2879 = DIRECTION('',(-7.340317518656E-17,9.85275154485E-18,-1.));
#2880 = DIRECTION('',(7.342878714278E-20,1.,9.85275154485E-18));
#2881 = ADVANCED_FACE('',(#2882),#2892,.F.);
#2882 = FACE_BOUND('',#2883,.F.);
#2883 = EDGE_LOOP('',(#2884,#2885,#2886,#2887));
#2884 = ORIENTED_EDGE('',*,*,#2373,.T.);
#2885 = ORIENTED_EDGE('',*,*,#2529,.T.);
#2886 = ORIENTED_EDGE('',*,*,#2616,.F.);
#2887 = ORIENTED_EDGE('',*,*,#2888,.F.);
#2888 = EDGE_CURVE('',#2374,#2609,#2889,.T.);
#2889 = B_SPLINE_CURVE_WITH_KNOTS('',1,(#2890,#2891),.UNSPECIFIED.,.F.,
  .F.,(2,2),(0.,1.),.PIECEWISE_BEZIER_KNOTS.);
#2890 = CARTESIAN_POINT('',(1.28,-0.8,0.575));
#2891 = CARTESIAN_POINT('',(1.28,-0.8,0.775));
#2892 = PLANE('',#2893);
#2893 = AXIS2_PLACEMENT_3D('',#2894,#2895,#2896);
#2894 = CARTESIAN_POINT('',(1.28,-0.8,0.775));
#2895 = DIRECTION('',(0.,1.,0.));
#2896 = DIRECTION('',(-1.,0.,0.));
#2897 = ADVANCED_FACE('',(#2898),#2908,.F.);
#2898 = FACE_BOUND('',#2899,.F.);
#2899 = EDGE_LOOP('',(#2900,#2901,#2906,#2907));
#2900 = ORIENTED_EDGE('',*,*,#2402,.T.);
#2901 = ORIENTED_EDGE('',*,*,#2902,.T.);
#2902 = EDGE_CURVE('',#2396,#2808,#2903,.T.);
#2903 = B_SPLINE_CURVE_WITH_KNOTS('',1,(#2904,#2905),.UNSPECIFIED.,.F.,
  .F.,(2,2),(0.,1.),.PIECEWISE_BEZIER_KNOTS.);
#2904 = CARTESIAN_POINT('',(1.28,0.8,0.575));
#2905 = CARTESIAN_POINT('',(1.28,0.8,0.775));
#2906 = ORIENTED_EDGE('',*,*,#2807,.F.);
#2907 = ORIENTED_EDGE('',*,*,#2497,.F.);
#2908 = PLANE('',#2909);
#2909 = AXIS2_PLACEMENT_3D('',#2910,#2911,#2912);
#2910 = CARTESIAN_POINT('',(-1.28,0.8,0.775));
#2911 = DIRECTION('',(0.,-1.,0.));
#2912 = DIRECTION('',(1.,0.,0.));
#2913 = ADVANCED_FACE('',(#2914),#2924,.F.);
#2914 = FACE_BOUND('',#2915,.F.);
#2915 = EDGE_LOOP('',(#2916,#2917,#2918,#2919));
#2916 = ORIENTED_EDGE('',*,*,#2419,.T.);
#2917 = ORIENTED_EDGE('',*,*,#2888,.T.);
#2918 = ORIENTED_EDGE('',*,*,#2608,.F.);
#2919 = ORIENTED_EDGE('',*,*,#2920,.F.);
#2920 = EDGE_CURVE('',#2420,#2601,#2921,.T.);
#2921 = B_SPLINE_CURVE_WITH_KNOTS('',1,(#2922,#2923),.UNSPECIFIED.,.F.,
  .F.,(2,2),(0.,1.),.PIECEWISE_BEZIER_KNOTS.);
#2922 = CARTESIAN_POINT('',(1.375,-0.705,0.575));
#2923 = CARTESIAN_POINT('',(1.375,-0.705,0.775));
#2924 = PLANE('',#2925);
#2925 = AXIS2_PLACEMENT_3D('',#2926,#2927,#2928);
#2926 = CARTESIAN_POINT('',(1.375,-0.705,0.775));
#2927 = DIRECTION('',(-0.707106781187,0.707106781187,0.));
#2928 = DIRECTION('',(-0.707106781187,-0.707106781187,0.));
#2929 = ADVANCED_FACE('',(#2930),#2940,.F.);
#2930 = FACE_BOUND('',#2931,.F.);
#2931 = EDGE_LOOP('',(#2932,#2933,#2938,#2939));
#2932 = ORIENTED_EDGE('',*,*,#2448,.T.);
#2933 = ORIENTED_EDGE('',*,*,#2934,.T.);
#2934 = EDGE_CURVE('',#2442,#2816,#2935,.T.);
#2935 = B_SPLINE_CURVE_WITH_KNOTS('',1,(#2936,#2937),.UNSPECIFIED.,.F.,
  .F.,(2,2),(0.,1.),.PIECEWISE_BEZIER_KNOTS.);
#2936 = CARTESIAN_POINT('',(1.375,0.705,0.575));
#2937 = CARTESIAN_POINT('',(1.375,0.705,0.775));
#2938 = ORIENTED_EDGE('',*,*,#2815,.F.);
#2939 = ORIENTED_EDGE('',*,*,#2902,.F.);
#2940 = PLANE('',#2941);
#2941 = AXIS2_PLACEMENT_3D('',#2942,#2943,#2944);
#2942 = CARTESIAN_POINT('',(1.28,0.8,0.775));
#2943 = DIRECTION('',(-0.707106781187,-0.707106781187,0.));
#2944 = DIRECTION('',(0.707106781187,-0.707106781187,0.));
#2945 = ADVANCED_FACE('',(#2946),#2957,.F.);
#2946 = FACE_BOUND('',#2947,.F.);
#2947 = EDGE_LOOP('',(#2948,#2949,#2950,#2956));
#2948 = ORIENTED_EDGE('',*,*,#2934,.F.);
#2949 = ORIENTED_EDGE('',*,*,#2481,.T.);
#2950 = ORIENTED_EDGE('',*,*,#2951,.T.);
#2951 = EDGE_CURVE('',#2474,#2824,#2952,.T.);
#2952 = LINE('',#2953,#2954);
#2953 = CARTESIAN_POINT('',(1.375,0.325,0.579830288983));
#2954 = VECTOR('',#2955,1.);
#2955 = DIRECTION('',(0.,0.,1.));
#2956 = ORIENTED_EDGE('',*,*,#2823,.F.);
#2957 = PLANE('',#2958);
#2958 = AXIS2_PLACEMENT_3D('',#2959,#2960,#2961);
#2959 = CARTESIAN_POINT('',(1.375,0.705,0.775));
#2960 = DIRECTION('',(-1.,0.,0.));
#2961 = DIRECTION('',(0.,-1.,0.));
#2962 = ADVANCED_FACE('',(#2963),#2990,.F.);
#2963 = FACE_BOUND('',#2964,.F.);
#2964 = EDGE_LOOP('',(#2965,#2966,#2975,#2983));
#2965 = ORIENTED_EDGE('',*,*,#2473,.T.);
#2966 = ORIENTED_EDGE('',*,*,#2967,.T.);
#2967 = EDGE_CURVE('',#2466,#2968,#2970,.T.);
#2968 = VERTEX_POINT('',#2969);
#2969 = CARTESIAN_POINT('',(1.493176930361,-0.325,0.47583778132));
#2970 = CIRCLE('',#2971,0.12);
#2971 = AXIS2_PLACEMENT_3D('',#2972,#2973,#2974);
#2972 = CARTESIAN_POINT('',(1.375,-0.325,0.455));
#2973 = DIRECTION('',(2.22044604925E-16,1.,0.));
#2974 = DIRECTION('',(-9.251858538543E-16,2.054325274013E-31,1.));
#2975 = ORIENTED_EDGE('',*,*,#2976,.F.);
#2976 = EDGE_CURVE('',#2977,#2968,#2979,.T.);
#2977 = VERTEX_POINT('',#2978);
#2978 = CARTESIAN_POINT('',(1.493176930361,0.325,0.47583778132));
#2979 = LINE('',#2980,#2981);
#2980 = CARTESIAN_POINT('',(1.493176930361,0.325,0.47583778132));
#2981 = VECTOR('',#2982,1.);
#2982 = DIRECTION('',(-2.22044604925E-16,-1.,0.));
#2983 = ORIENTED_EDGE('',*,*,#2984,.F.);
#2984 = EDGE_CURVE('',#2474,#2977,#2985,.T.);
#2985 = CIRCLE('',#2986,0.12);
#2986 = AXIS2_PLACEMENT_3D('',#2987,#2988,#2989);
#2987 = CARTESIAN_POINT('',(1.375,0.325,0.455));
#2988 = DIRECTION('',(2.22044604925E-16,1.,0.));
#2989 = DIRECTION('',(-9.251858538543E-16,2.054325274013E-31,1.));
#2990 = CYLINDRICAL_SURFACE('',#2991,0.12);
#2991 = AXIS2_PLACEMENT_3D('',#2992,#2993,#2994);
#2992 = CARTESIAN_POINT('',(1.375,0.325,0.455));
#2993 = DIRECTION('',(2.22044604925E-16,1.,0.));
#2994 = DIRECTION('',(-9.251858538543E-16,2.054325274013E-31,1.));
#2995 = ADVANCED_FACE('',(#2996),#3007,.F.);
#2996 = FACE_BOUND('',#2997,.F.);
#2997 = EDGE_LOOP('',(#2998,#3004,#3005,#3006));
#2998 = ORIENTED_EDGE('',*,*,#2999,.F.);
#2999 = EDGE_CURVE('',#2466,#2593,#3000,.T.);
#3000 = LINE('',#3001,#3002);
#3001 = CARTESIAN_POINT('',(1.375,-0.325,0.579830288983));
#3002 = VECTOR('',#3003,1.);
#3003 = DIRECTION('',(0.,0.,1.));
#3004 = ORIENTED_EDGE('',*,*,#2465,.T.);
#3005 = ORIENTED_EDGE('',*,*,#2920,.T.);
#3006 = ORIENTED_EDGE('',*,*,#2600,.F.);
#3007 = PLANE('',#3008);
#3008 = AXIS2_PLACEMENT_3D('',#3009,#3010,#3011);
#3009 = CARTESIAN_POINT('',(1.375,0.705,0.775));
#3010 = DIRECTION('',(-1.,0.,0.));
#3011 = DIRECTION('',(0.,-1.,0.));
#3012 = ADVANCED_FACE('',(#3013),#3029,.F.);
#3013 = FACE_BOUND('',#3014,.F.);
#3014 = EDGE_LOOP('',(#3015,#3016,#3022,#3023));
#3015 = ORIENTED_EDGE('',*,*,#2831,.F.);
#3016 = ORIENTED_EDGE('',*,*,#3017,.T.);
#3017 = EDGE_CURVE('',#2824,#2593,#3018,.T.);
#3018 = LINE('',#3019,#3020);
#3019 = CARTESIAN_POINT('',(1.375,0.325,0.775));
#3020 = VECTOR('',#3021,1.);
#3021 = DIRECTION('',(-2.22044604925E-16,-1.,0.));
#3022 = ORIENTED_EDGE('',*,*,#2592,.T.);
#3023 = ORIENTED_EDGE('',*,*,#3024,.F.);
#3024 = EDGE_CURVE('',#2832,#2585,#3025,.T.);
#3025 = LINE('',#3026,#3027);
#3026 = CARTESIAN_POINT('',(1.35,0.6925,0.775));
#3027 = VECTOR('',#3028,1.);
#3028 = DIRECTION('',(0.,-1.,0.));
#3029 = PLANE('',#3030);
#3030 = AXIS2_PLACEMENT_3D('',#3031,#3032,#3033);
#3031 = CARTESIAN_POINT('',(1.375,0.325,0.775));
#3032 = DIRECTION('',(0.,0.,-1.));
#3033 = DIRECTION('',(-1.,2.22044604925E-16,0.));
#3034 = ADVANCED_FACE('',(#3035),#3060,.F.);
#3035 = FACE_BOUND('',#3036,.F.);
#3036 = EDGE_LOOP('',(#3037,#3038,#3039,#3040,#3047,#3055));
#3037 = ORIENTED_EDGE('',*,*,#2839,.T.);
#3038 = ORIENTED_EDGE('',*,*,#3024,.T.);
#3039 = ORIENTED_EDGE('',*,*,#2584,.T.);
#3040 = ORIENTED_EDGE('',*,*,#3041,.T.);
#3041 = EDGE_CURVE('',#2577,#3042,#3044,.T.);
#3042 = VERTEX_POINT('',#3043);
#3043 = CARTESIAN_POINT('',(1.283243103516,-0.659121551758,1.25));
#3044 = B_SPLINE_CURVE_WITH_KNOTS('',1,(#3045,#3046),.UNSPECIFIED.,.F.,
  .F.,(2,2),(0.,1.),.PIECEWISE_BEZIER_KNOTS.);
#3045 = CARTESIAN_POINT('',(1.35,-0.6925,0.775));
#3046 = CARTESIAN_POINT('',(1.283243103516,-0.659121551758,1.25));
#3047 = ORIENTED_EDGE('',*,*,#3048,.F.);
#3048 = EDGE_CURVE('',#3049,#3042,#3051,.T.);
#3049 = VERTEX_POINT('',#3050);
#3050 = CARTESIAN_POINT('',(1.283243103516,0.659121551758,1.25));
#3051 = LINE('',#3052,#3053);
#3052 = CARTESIAN_POINT('',(1.283243103516,0.659121551758,1.25));
#3053 = VECTOR('',#3054,1.);
#3054 = DIRECTION('',(0.,-1.,0.));
#3055 = ORIENTED_EDGE('',*,*,#3056,.F.);
#3056 = EDGE_CURVE('',#2840,#3049,#3057,.T.);
#3057 = B_SPLINE_CURVE_WITH_KNOTS('',1,(#3058,#3059),.UNSPECIFIED.,.F.,
  .F.,(2,2),(0.,1.),.PIECEWISE_BEZIER_KNOTS.);
#3058 = CARTESIAN_POINT('',(1.35,0.6925,0.775));
#3059 = CARTESIAN_POINT('',(1.283243103516,0.659121551758,1.25));
#3060 = B_SPLINE_SURFACE_WITH_KNOTS('',1,1,(
    (#3061,#3062)
    ,(#3063,#3064
    )),.UNSPECIFIED.,.F.,.F.,.F.,(2,2),(2,2),(0.,1.385),(0.,1.),
  .PIECEWISE_BEZIER_KNOTS.);
#3061 = CARTESIAN_POINT('',(1.35,0.6925,0.775));
#3062 = CARTESIAN_POINT('',(1.283243103516,0.659121551758,1.25));
#3063 = CARTESIAN_POINT('',(1.35,-0.6925,0.775));
#3064 = CARTESIAN_POINT('',(1.283243103516,-0.659121551758,1.25));
#3065 = ADVANCED_FACE('',(#3066),#3083,.F.);
#3066 = FACE_BOUND('',#3067,.F.);
#3067 = EDGE_LOOP('',(#3068,#3069,#3076,#3082));
#3068 = ORIENTED_EDGE('',*,*,#2576,.T.);
#3069 = ORIENTED_EDGE('',*,*,#3070,.T.);
#3070 = EDGE_CURVE('',#2569,#3071,#3073,.T.);
#3071 = VERTEX_POINT('',#3072);
#3072 = CARTESIAN_POINT('',(1.234121551758,-0.708243103516,1.25));
#3073 = B_SPLINE_CURVE_WITH_KNOTS('',1,(#3074,#3075),.UNSPECIFIED.,.F.,
  .F.,(2,2),(0.,1.),.PIECEWISE_BEZIER_KNOTS.);
#3074 = CARTESIAN_POINT('',(1.2675,-0.775,0.775));
#3075 = CARTESIAN_POINT('',(1.234121551758,-0.708243103516,1.25));
#3076 = ORIENTED_EDGE('',*,*,#3077,.F.);
#3077 = EDGE_CURVE('',#3042,#3071,#3078,.T.);
#3078 = LINE('',#3079,#3080);
#3079 = CARTESIAN_POINT('',(1.283243103516,-0.659121551758,1.25));
#3080 = VECTOR('',#3081,1.);
#3081 = DIRECTION('',(-0.707106781187,-0.707106781187,0.));
#3082 = ORIENTED_EDGE('',*,*,#3041,.F.);
#3083 = B_SPLINE_SURFACE_WITH_KNOTS('',1,1,(
    (#3084,#3085)
    ,(#3086,#3087
    )),.UNSPECIFIED.,.F.,.F.,.F.,(2,2),(2,2),(0.,0.116672618896),(0.,1.)
  ,.PIECEWISE_BEZIER_KNOTS.);
#3084 = CARTESIAN_POINT('',(1.35,-0.6925,0.775));
#3085 = CARTESIAN_POINT('',(1.283243103516,-0.659121551758,1.25));
#3086 = CARTESIAN_POINT('',(1.2675,-0.775,0.775));
#3087 = CARTESIAN_POINT('',(1.234121551758,-0.708243103516,1.25));
#3088 = ADVANCED_FACE('',(#3089),#3106,.F.);
#3089 = FACE_BOUND('',#3090,.F.);
#3090 = EDGE_LOOP('',(#3091,#3092,#3099,#3105));
#3091 = ORIENTED_EDGE('',*,*,#2568,.T.);
#3092 = ORIENTED_EDGE('',*,*,#3093,.T.);
#3093 = EDGE_CURVE('',#2561,#3094,#3096,.T.);
#3094 = VERTEX_POINT('',#3095);
#3095 = CARTESIAN_POINT('',(-1.234121551758,-0.708243103516,1.25));
#3096 = B_SPLINE_CURVE_WITH_KNOTS('',1,(#3097,#3098),.UNSPECIFIED.,.F.,
  .F.,(2,2),(0.,1.),.PIECEWISE_BEZIER_KNOTS.);
#3097 = CARTESIAN_POINT('',(-1.2675,-0.775,0.775));
#3098 = CARTESIAN_POINT('',(-1.234121551758,-0.708243103516,1.25));
#3099 = ORIENTED_EDGE('',*,*,#3100,.F.);
#3100 = EDGE_CURVE('',#3071,#3094,#3101,.T.);
#3101 = LINE('',#3102,#3103);
#3102 = CARTESIAN_POINT('',(1.234121551758,-0.708243103516,1.25));
#3103 = VECTOR('',#3104,1.);
#3104 = DIRECTION('',(-1.,0.,0.));
#3105 = ORIENTED_EDGE('',*,*,#3070,.F.);
#3106 = B_SPLINE_SURFACE_WITH_KNOTS('',1,1,(
    (#3107,#3108)
    ,(#3109,#3110
    )),.UNSPECIFIED.,.F.,.F.,.F.,(2,2),(2,2),(0.,2.535),(0.,1.),
  .PIECEWISE_BEZIER_KNOTS.);
#3107 = CARTESIAN_POINT('',(1.2675,-0.775,0.775));
#3108 = CARTESIAN_POINT('',(1.234121551758,-0.708243103516,1.25));
#3109 = CARTESIAN_POINT('',(-1.2675,-0.775,0.775));
#3110 = CARTESIAN_POINT('',(-1.234121551758,-0.708243103516,1.25));
#3111 = ADVANCED_FACE('',(#3112),#3129,.F.);
#3112 = FACE_BOUND('',#3113,.F.);
#3113 = EDGE_LOOP('',(#3114,#3115,#3122,#3128));
#3114 = ORIENTED_EDGE('',*,*,#2560,.T.);
#3115 = ORIENTED_EDGE('',*,*,#3116,.T.);
#3116 = EDGE_CURVE('',#2553,#3117,#3119,.T.);
#3117 = VERTEX_POINT('',#3118);
#3118 = CARTESIAN_POINT('',(-1.283243103516,-0.659121551758,1.25));
#3119 = B_SPLINE_CURVE_WITH_KNOTS('',1,(#3120,#3121),.UNSPECIFIED.,.F.,
  .F.,(2,2),(0.,1.),.PIECEWISE_BEZIER_KNOTS.);
#3120 = CARTESIAN_POINT('',(-1.35,-0.6925,0.775));
#3121 = CARTESIAN_POINT('',(-1.283243103516,-0.659121551758,1.25));
#3122 = ORIENTED_EDGE('',*,*,#3123,.F.);
#3123 = EDGE_CURVE('',#3094,#3117,#3124,.T.);
#3124 = LINE('',#3125,#3126);
#3125 = CARTESIAN_POINT('',(-1.234121551758,-0.708243103516,1.25));
#3126 = VECTOR('',#3127,1.);
#3127 = DIRECTION('',(-0.707106781187,0.707106781187,0.));
#3128 = ORIENTED_EDGE('',*,*,#3093,.F.);
#3129 = B_SPLINE_SURFACE_WITH_KNOTS('',1,1,(
    (#3130,#3131)
    ,(#3132,#3133
    )),.UNSPECIFIED.,.F.,.F.,.F.,(2,2),(2,2),(0.,0.116672618896),(0.,1.)
  ,.PIECEWISE_BEZIER_KNOTS.);
#3130 = CARTESIAN_POINT('',(-1.2675,-0.775,0.775));
#3131 = CARTESIAN_POINT('',(-1.234121551758,-0.708243103516,1.25));
#3132 = CARTESIAN_POINT('',(-1.35,-0.6925,0.775));
#3133 = CARTESIAN_POINT('',(-1.283243103516,-0.659121551758,1.25));
#3134 = ADVANCED_FACE('',(#3135),#3159,.F.);
#3135 = FACE_BOUND('',#3136,.F.);
#3136 = EDGE_LOOP('',(#3137,#3138,#3144,#3145,#3152,#3158));
#3137 = ORIENTED_EDGE('',*,*,#2552,.T.);
#3138 = ORIENTED_EDGE('',*,*,#3139,.T.);
#3139 = EDGE_CURVE('',#2545,#2798,#3140,.T.);
#3140 = LINE('',#3141,#3142);
#3141 = CARTESIAN_POINT('',(-1.35,-0.6925,0.775));
#3142 = VECTOR('',#3143,1.);
#3143 = DIRECTION('',(0.,1.,0.));
#3144 = ORIENTED_EDGE('',*,*,#2871,.T.);
#3145 = ORIENTED_EDGE('',*,*,#3146,.T.);
#3146 = EDGE_CURVE('',#2864,#3147,#3149,.T.);
#3147 = VERTEX_POINT('',#3148);
#3148 = CARTESIAN_POINT('',(-1.283243103516,0.659121551758,1.25));
#3149 = B_SPLINE_CURVE_WITH_KNOTS('',1,(#3150,#3151),.UNSPECIFIED.,.F.,
  .F.,(2,2),(0.,1.),.PIECEWISE_BEZIER_KNOTS.);
#3150 = CARTESIAN_POINT('',(-1.35,0.6925,0.775));
#3151 = CARTESIAN_POINT('',(-1.283243103516,0.659121551758,1.25));
#3152 = ORIENTED_EDGE('',*,*,#3153,.F.);
#3153 = EDGE_CURVE('',#3117,#3147,#3154,.T.);
#3154 = LINE('',#3155,#3156);
#3155 = CARTESIAN_POINT('',(-1.283243103516,-0.659121551758,1.25));
#3156 = VECTOR('',#3157,1.);
#3157 = DIRECTION('',(0.,1.,0.));
#3158 = ORIENTED_EDGE('',*,*,#3116,.F.);
#3159 = B_SPLINE_SURFACE_WITH_KNOTS('',1,1,(
    (#3160,#3161)
    ,(#3162,#3163
    )),.UNSPECIFIED.,.F.,.F.,.F.,(2,2),(2,2),(0.,1.385),(0.,1.),
  .PIECEWISE_BEZIER_KNOTS.);
#3160 = CARTESIAN_POINT('',(-1.35,-0.6925,0.775));
#3161 = CARTESIAN_POINT('',(-1.283243103516,-0.659121551758,1.25));
#3162 = CARTESIAN_POINT('',(-1.35,0.6925,0.775));
#3163 = CARTESIAN_POINT('',(-1.283243103516,0.659121551758,1.25));
#3164 = ADVANCED_FACE('',(#3165),#3176,.F.);
#3165 = FACE_BOUND('',#3166,.F.);
#3166 = EDGE_LOOP('',(#3167,#3168,#3174,#3175));
#3167 = ORIENTED_EDGE('',*,*,#2544,.F.);
#3168 = ORIENTED_EDGE('',*,*,#3169,.T.);
#3169 = EDGE_CURVE('',#2264,#2319,#3170,.T.);
#3170 = LINE('',#3171,#3172);
#3171 = CARTESIAN_POINT('',(-1.375,-0.325,0.775));
#3172 = VECTOR('',#3173,1.);
#3173 = DIRECTION('',(1.110223024625E-16,1.,0.));
#3174 = ORIENTED_EDGE('',*,*,#2797,.T.);
#3175 = ORIENTED_EDGE('',*,*,#3139,.F.);
#3176 = PLANE('',#3177);
#3177 = AXIS2_PLACEMENT_3D('',#3178,#3179,#3180);
#3178 = CARTESIAN_POINT('',(-1.375,-0.325,0.775));
#3179 = DIRECTION('',(0.,0.,-1.));
#3180 = DIRECTION('',(1.,-1.110223024625E-16,0.));
#3181 = ADVANCED_FACE('',(#3182),#3193,.T.);
#3182 = FACE_BOUND('',#3183,.T.);
#3183 = EDGE_LOOP('',(#3184,#3185,#3186,#3187));
#3184 = ORIENTED_EDGE('',*,*,#2690,.T.);
#3185 = ORIENTED_EDGE('',*,*,#3169,.T.);
#3186 = ORIENTED_EDGE('',*,*,#2782,.F.);
#3187 = ORIENTED_EDGE('',*,*,#3188,.F.);
#3188 = EDGE_CURVE('',#2683,#2775,#3189,.T.);
#3189 = LINE('',#3190,#3191);
#3190 = CARTESIAN_POINT('',(-1.690138480964,-0.325,0.510567416853));
#3191 = VECTOR('',#3192,1.);
#3192 = DIRECTION('',(1.110223024625E-16,1.,0.));
#3193 = CYLINDRICAL_SURFACE('',#3194,0.32);
#3194 = AXIS2_PLACEMENT_3D('',#3195,#3196,#3197);
#3195 = CARTESIAN_POINT('',(-1.375,-0.325,0.455));
#3196 = DIRECTION('',(-1.110223024625E-16,-1.,-0.));
#3197 = DIRECTION('',(-0.984807753012,1.093356242223E-16,0.173648177667)
  );
#3198 = ADVANCED_FACE('',(#3199),#3210,.F.);
#3199 = FACE_BOUND('',#3200,.F.);
#3200 = EDGE_LOOP('',(#3201,#3207,#3208,#3209));
#3201 = ORIENTED_EDGE('',*,*,#3202,.T.);
#3202 = EDGE_CURVE('',#2674,#2766,#3203,.T.);
#3203 = LINE('',#3204,#3205);
#3204 = CARTESIAN_POINT('',(-1.720627212034,-0.325,0.29916221868));
#3205 = VECTOR('',#3206,1.);
#3206 = DIRECTION('',(1.110223024625E-16,1.,0.));
#3207 = ORIENTED_EDGE('',*,*,#2774,.T.);
#3208 = ORIENTED_EDGE('',*,*,#3188,.F.);
#3209 = ORIENTED_EDGE('',*,*,#2682,.F.);
#3210 = PLANE('',#3211);
#3211 = AXIS2_PLACEMENT_3D('',#3212,#3213,#3214);
#3212 = CARTESIAN_POINT('',(-1.720627212034,-0.325,0.29916221868));
#3213 = DIRECTION('',(0.989759848633,-1.098854172802E-16,-0.142742572604
    ));
#3214 = DIRECTION('',(0.142742572604,-1.584760906992E-17,0.989759848633)
  );
#3215 = ADVANCED_FACE('',(#3216),#3227,.F.);
#3216 = FACE_BOUND('',#3217,.F.);
#3217 = EDGE_LOOP('',(#3218,#3224,#3225,#3226));
#3218 = ORIENTED_EDGE('',*,*,#3219,.T.);
#3219 = EDGE_CURVE('',#2666,#2758,#3220,.T.);
#3220 = LINE('',#3221,#3222);
#3221 = CARTESIAN_POINT('',(-1.838804142396,-0.325,0.2));
#3222 = VECTOR('',#3223,1.);
#3223 = DIRECTION('',(1.110223024625E-16,1.,0.));
#3224 = ORIENTED_EDGE('',*,*,#2765,.T.);
#3225 = ORIENTED_EDGE('',*,*,#3202,.F.);
#3226 = ORIENTED_EDGE('',*,*,#2673,.F.);
#3227 = CYLINDRICAL_SURFACE('',#3228,0.12);
#3228 = AXIS2_PLACEMENT_3D('',#3229,#3230,#3231);
#3229 = CARTESIAN_POINT('',(-1.838804142396,-0.325,0.32));
#3230 = DIRECTION('',(-1.110223024625E-16,-1.,0.));
#3231 = DIRECTION('',(1.850371707709E-15,-2.054325274013E-31,-1.));
#3232 = ADVANCED_FACE('',(#3233),#3244,.F.);
#3233 = FACE_BOUND('',#3234,.F.);
#3234 = EDGE_LOOP('',(#3235,#3241,#3242,#3243));
#3235 = ORIENTED_EDGE('',*,*,#3236,.T.);
#3236 = EDGE_CURVE('',#2658,#2750,#3237,.T.);
#3237 = LINE('',#3238,#3239);
#3238 = CARTESIAN_POINT('',(-1.9,-0.325,0.2));
#3239 = VECTOR('',#3240,1.);
#3240 = DIRECTION('',(1.110223024625E-16,1.,0.));
#3241 = ORIENTED_EDGE('',*,*,#2757,.T.);
#3242 = ORIENTED_EDGE('',*,*,#3219,.F.);
#3243 = ORIENTED_EDGE('',*,*,#2665,.F.);
#3244 = PLANE('',#3245);
#3245 = AXIS2_PLACEMENT_3D('',#3246,#3247,#3248);
#3246 = CARTESIAN_POINT('',(-1.9,-0.325,0.2));
#3247 = DIRECTION('',(0.,0.,-1.));
#3248 = DIRECTION('',(1.,-1.110223024625E-16,0.));
#3249 = ADVANCED_FACE('',(#3250),#3261,.F.);
#3250 = FACE_BOUND('',#3251,.F.);
#3251 = EDGE_LOOP('',(#3252,#3258,#3259,#3260));
#3252 = ORIENTED_EDGE('',*,*,#3253,.T.);
#3253 = EDGE_CURVE('',#2650,#2742,#3254,.T.);
#3254 = LINE('',#3255,#3256);
#3255 = CARTESIAN_POINT('',(-1.9,-0.325,-5.551115123126E-17));
#3256 = VECTOR('',#3257,1.);
#3257 = DIRECTION('',(1.110223024625E-16,1.,0.));
#3258 = ORIENTED_EDGE('',*,*,#2749,.T.);
#3259 = ORIENTED_EDGE('',*,*,#3236,.F.);
#3260 = ORIENTED_EDGE('',*,*,#2657,.F.);
#3261 = PLANE('',#3262);
#3262 = AXIS2_PLACEMENT_3D('',#3263,#3264,#3265);
#3263 = CARTESIAN_POINT('',(-1.9,-0.325,-5.551115123126E-17));
#3264 = DIRECTION('',(1.,-1.110223024625E-16,0.));
#3265 = DIRECTION('',(0.,0.,1.));
#3266 = ADVANCED_FACE('',(#3267),#3278,.F.);
#3267 = FACE_BOUND('',#3268,.F.);
#3268 = EDGE_LOOP('',(#3269,#3275,#3276,#3277));
#3269 = ORIENTED_EDGE('',*,*,#3270,.T.);
#3270 = EDGE_CURVE('',#2641,#2733,#3271,.T.);
#3271 = LINE('',#3272,#3273);
#3272 = CARTESIAN_POINT('',(-1.838804142396,-0.325,-5.551115123126E-17)
  );
#3273 = VECTOR('',#3274,1.);
#3274 = DIRECTION('',(1.110223024625E-16,1.,0.));
#3275 = ORIENTED_EDGE('',*,*,#2741,.T.);
#3276 = ORIENTED_EDGE('',*,*,#3253,.F.);
#3277 = ORIENTED_EDGE('',*,*,#2649,.F.);
#3278 = PLANE('',#3279);
#3279 = AXIS2_PLACEMENT_3D('',#3280,#3281,#3282);
#3280 = CARTESIAN_POINT('',(-1.838804142396,-0.325,-5.551115123126E-17)
  );
#3281 = DIRECTION('',(0.,0.,1.));
#3282 = DIRECTION('',(-1.,1.110223024625E-16,0.));
#3283 = ADVANCED_FACE('',(#3284),#3290,.T.);
#3284 = FACE_BOUND('',#3285,.T.);
#3285 = EDGE_LOOP('',(#3286,#3287,#3288,#3289));
#3286 = ORIENTED_EDGE('',*,*,#2640,.T.);
#3287 = ORIENTED_EDGE('',*,*,#3270,.T.);
#3288 = ORIENTED_EDGE('',*,*,#2732,.F.);
#3289 = ORIENTED_EDGE('',*,*,#2714,.F.);
#3290 = CYLINDRICAL_SURFACE('',#3291,0.32);
#3291 = AXIS2_PLACEMENT_3D('',#3292,#3293,#3294);
#3292 = CARTESIAN_POINT('',(-1.838804142396,-0.325,0.32));
#3293 = DIRECTION('',(-1.110223024625E-16,-1.,-0.));
#3294 = DIRECTION('',(0.984807753012,-1.093356242223E-16,-0.173648177667
    ));
#3295 = ADVANCED_FACE('',(#3296),#3313,.F.);
#3296 = FACE_BOUND('',#3297,.F.);
#3297 = EDGE_LOOP('',(#3298,#3299,#3306,#3312));
#3298 = ORIENTED_EDGE('',*,*,#2863,.T.);
#3299 = ORIENTED_EDGE('',*,*,#3300,.T.);
#3300 = EDGE_CURVE('',#2856,#3301,#3303,.T.);
#3301 = VERTEX_POINT('',#3302);
#3302 = CARTESIAN_POINT('',(-1.234121551758,0.708243103516,1.25));
#3303 = B_SPLINE_CURVE_WITH_KNOTS('',1,(#3304,#3305),.UNSPECIFIED.,.F.,
  .F.,(2,2),(0.,1.),.PIECEWISE_BEZIER_KNOTS.);
#3304 = CARTESIAN_POINT('',(-1.2675,0.775,0.775));
#3305 = CARTESIAN_POINT('',(-1.234121551758,0.708243103516,1.25));
#3306 = ORIENTED_EDGE('',*,*,#3307,.F.);
#3307 = EDGE_CURVE('',#3147,#3301,#3308,.T.);
#3308 = LINE('',#3309,#3310);
#3309 = CARTESIAN_POINT('',(-1.283243103516,0.659121551758,1.25));
#3310 = VECTOR('',#3311,1.);
#3311 = DIRECTION('',(0.707106781187,0.707106781187,0.));
#3312 = ORIENTED_EDGE('',*,*,#3146,.F.);
#3313 = B_SPLINE_SURFACE_WITH_KNOTS('',1,1,(
    (#3314,#3315)
    ,(#3316,#3317
    )),.UNSPECIFIED.,.F.,.F.,.F.,(2,2),(2,2),(0.,0.116672618896),(0.,1.)
  ,.PIECEWISE_BEZIER_KNOTS.);
#3314 = CARTESIAN_POINT('',(-1.35,0.6925,0.775));
#3315 = CARTESIAN_POINT('',(-1.283243103516,0.659121551758,1.25));
#3316 = CARTESIAN_POINT('',(-1.2675,0.775,0.775));
#3317 = CARTESIAN_POINT('',(-1.234121551758,0.708243103516,1.25));
#3318 = ADVANCED_FACE('',(#3319),#3336,.F.);
#3319 = FACE_BOUND('',#3320,.F.);
#3320 = EDGE_LOOP('',(#3321,#3322,#3329,#3335));
#3321 = ORIENTED_EDGE('',*,*,#2855,.T.);
#3322 = ORIENTED_EDGE('',*,*,#3323,.T.);
#3323 = EDGE_CURVE('',#2848,#3324,#3326,.T.);
#3324 = VERTEX_POINT('',#3325);
#3325 = CARTESIAN_POINT('',(1.234121551758,0.708243103516,1.25));
#3326 = B_SPLINE_CURVE_WITH_KNOTS('',1,(#3327,#3328),.UNSPECIFIED.,.F.,
  .F.,(2,2),(0.,1.),.PIECEWISE_BEZIER_KNOTS.);
#3327 = CARTESIAN_POINT('',(1.2675,0.775,0.775));
#3328 = CARTESIAN_POINT('',(1.234121551758,0.708243103516,1.25));
#3329 = ORIENTED_EDGE('',*,*,#3330,.F.);
#3330 = EDGE_CURVE('',#3301,#3324,#3331,.T.);
#3331 = LINE('',#3332,#3333);
#3332 = CARTESIAN_POINT('',(-1.234121551758,0.708243103516,1.25));
#3333 = VECTOR('',#3334,1.);
#3334 = DIRECTION('',(1.,0.,0.));
#3335 = ORIENTED_EDGE('',*,*,#3300,.F.);
#3336 = B_SPLINE_SURFACE_WITH_KNOTS('',1,1,(
    (#3337,#3338)
    ,(#3339,#3340
    )),.UNSPECIFIED.,.F.,.F.,.F.,(2,2),(2,2),(0.,2.535),(0.,1.),
  .PIECEWISE_BEZIER_KNOTS.);
#3337 = CARTESIAN_POINT('',(-1.2675,0.775,0.775));
#3338 = CARTESIAN_POINT('',(-1.234121551758,0.708243103516,1.25));
#3339 = CARTESIAN_POINT('',(1.2675,0.775,0.775));
#3340 = CARTESIAN_POINT('',(1.234121551758,0.708243103516,1.25));
#3341 = ADVANCED_FACE('',(#3342),#3353,.F.);
#3342 = FACE_BOUND('',#3343,.F.);
#3343 = EDGE_LOOP('',(#3344,#3345,#3346,#3352));
#3344 = ORIENTED_EDGE('',*,*,#2847,.T.);
#3345 = ORIENTED_EDGE('',*,*,#3056,.T.);
#3346 = ORIENTED_EDGE('',*,*,#3347,.F.);
#3347 = EDGE_CURVE('',#3324,#3049,#3348,.T.);
#3348 = LINE('',#3349,#3350);
#3349 = CARTESIAN_POINT('',(1.234121551758,0.708243103516,1.25));
#3350 = VECTOR('',#3351,1.);
#3351 = DIRECTION('',(0.707106781187,-0.707106781187,0.));
#3352 = ORIENTED_EDGE('',*,*,#3323,.F.);
#3353 = B_SPLINE_SURFACE_WITH_KNOTS('',1,1,(
    (#3354,#3355)
    ,(#3356,#3357
    )),.UNSPECIFIED.,.F.,.F.,.F.,(2,2),(2,2),(0.,0.116672618896),(0.,1.)
  ,.PIECEWISE_BEZIER_KNOTS.);
#3354 = CARTESIAN_POINT('',(1.2675,0.775,0.775));
#3355 = CARTESIAN_POINT('',(1.234121551758,0.708243103516,1.25));
#3356 = CARTESIAN_POINT('',(1.35,0.6925,0.775));
#3357 = CARTESIAN_POINT('',(1.283243103516,0.659121551758,1.25));
#3358 = ADVANCED_FACE('',(#3359),#3428,.F.);
#3359 = FACE_BOUND('',#3360,.F.);
#3360 = EDGE_LOOP('',(#3361,#3362,#3363,#3371,#3380,#3388,#3396,#3404,
    #3413,#3421));
#3361 = ORIENTED_EDGE('',*,*,#2951,.F.);
#3362 = ORIENTED_EDGE('',*,*,#2984,.T.);
#3363 = ORIENTED_EDGE('',*,*,#3364,.T.);
#3364 = EDGE_CURVE('',#2977,#3365,#3367,.T.);
#3365 = VERTEX_POINT('',#3366);
#3366 = CARTESIAN_POINT('',(1.523665661432,0.325,0.264432583147));
#3367 = LINE('',#3368,#3369);
#3368 = CARTESIAN_POINT('',(1.493176930361,0.325,0.47583778132));
#3369 = VECTOR('',#3370,1.);
#3370 = DIRECTION('',(0.142742572604,-3.169521813984E-17,-0.989759848633
    ));
#3371 = ORIENTED_EDGE('',*,*,#3372,.T.);
#3372 = EDGE_CURVE('',#3365,#3373,#3375,.T.);
#3373 = VERTEX_POINT('',#3374);
#3374 = CARTESIAN_POINT('',(1.838804142396,0.325,-5.551115123126E-17));
#3375 = CIRCLE('',#3376,0.32);
#3376 = AXIS2_PLACEMENT_3D('',#3377,#3378,#3379);
#3377 = CARTESIAN_POINT('',(1.838804142396,0.325,0.32));
#3378 = DIRECTION('',(-2.22044604925E-16,-1.,0.));
#3379 = DIRECTION('',(-0.984807753012,2.186712484447E-16,-0.173648177667
    ));
#3380 = ORIENTED_EDGE('',*,*,#3381,.T.);
#3381 = EDGE_CURVE('',#3373,#3382,#3384,.T.);
#3382 = VERTEX_POINT('',#3383);
#3383 = CARTESIAN_POINT('',(1.9,0.325,-5.551115123126E-17));
#3384 = LINE('',#3385,#3386);
#3385 = CARTESIAN_POINT('',(1.838804142396,0.325,-5.551115123126E-17));
#3386 = VECTOR('',#3387,1.);
#3387 = DIRECTION('',(1.,-2.22044604925E-16,0.));
#3388 = ORIENTED_EDGE('',*,*,#3389,.T.);
#3389 = EDGE_CURVE('',#3382,#3390,#3392,.T.);
#3390 = VERTEX_POINT('',#3391);
#3391 = CARTESIAN_POINT('',(1.9,0.325,0.2));
#3392 = LINE('',#3393,#3394);
#3393 = CARTESIAN_POINT('',(1.9,0.325,-5.551115123126E-17));
#3394 = VECTOR('',#3395,1.);
#3395 = DIRECTION('',(0.,0.,1.));
#3396 = ORIENTED_EDGE('',*,*,#3397,.T.);
#3397 = EDGE_CURVE('',#3390,#3398,#3400,.T.);
#3398 = VERTEX_POINT('',#3399);
#3399 = CARTESIAN_POINT('',(1.838804142396,0.325,0.2));
#3400 = LINE('',#3401,#3402);
#3401 = CARTESIAN_POINT('',(1.9,0.325,0.2));
#3402 = VECTOR('',#3403,1.);
#3403 = DIRECTION('',(-1.,2.22044604925E-16,0.));
#3404 = ORIENTED_EDGE('',*,*,#3405,.T.);
#3405 = EDGE_CURVE('',#3398,#3406,#3408,.T.);
#3406 = VERTEX_POINT('',#3407);
#3407 = CARTESIAN_POINT('',(1.720627212034,0.325,0.29916221868));
#3408 = CIRCLE('',#3409,0.12);
#3409 = AXIS2_PLACEMENT_3D('',#3410,#3411,#3412);
#3410 = CARTESIAN_POINT('',(1.838804142396,0.325,0.32));
#3411 = DIRECTION('',(2.22044604925E-16,1.,0.));
#3412 = DIRECTION('',(-1.850371707709E-15,4.108650548026E-31,-1.));
#3413 = ORIENTED_EDGE('',*,*,#3414,.T.);
#3414 = EDGE_CURVE('',#3406,#3415,#3417,.T.);
#3415 = VERTEX_POINT('',#3416);
#3416 = CARTESIAN_POINT('',(1.690138480964,0.325,0.510567416853));
#3417 = LINE('',#3418,#3419);
#3418 = CARTESIAN_POINT('',(1.720627212034,0.325,0.29916221868));
#3419 = VECTOR('',#3420,1.);
#3420 = DIRECTION('',(-0.142742572604,3.169521813984E-17,0.989759848633)
  );
#3421 = ORIENTED_EDGE('',*,*,#3422,.T.);
#3422 = EDGE_CURVE('',#3415,#2824,#3423,.T.);
#3423 = CIRCLE('',#3424,0.32);
#3424 = AXIS2_PLACEMENT_3D('',#3425,#3426,#3427);
#3425 = CARTESIAN_POINT('',(1.375,0.325,0.455));
#3426 = DIRECTION('',(-2.22044604925E-16,-1.,0.));
#3427 = DIRECTION('',(0.984807753012,-2.186712484447E-16,0.173648177667)
  );
#3428 = PLANE('',#3429);
#3429 = AXIS2_PLACEMENT_3D('',#3430,#3431,#3432);
#3430 = CARTESIAN_POINT('',(1.610729118287,0.325,0.384660577966));
#3431 = DIRECTION('',(-2.22044604925E-16,-1.,0.));
#3432 = DIRECTION('',(0.,0.,1.));
#3433 = ADVANCED_FACE('',(#3434),#3452,.F.);
#3434 = FACE_BOUND('',#3435,.F.);
#3435 = EDGE_LOOP('',(#3436,#3437,#3445,#3451));
#3436 = ORIENTED_EDGE('',*,*,#2976,.T.);
#3437 = ORIENTED_EDGE('',*,*,#3438,.T.);
#3438 = EDGE_CURVE('',#2968,#3439,#3441,.T.);
#3439 = VERTEX_POINT('',#3440);
#3440 = CARTESIAN_POINT('',(1.523665661432,-0.325,0.264432583147));
#3441 = LINE('',#3442,#3443);
#3442 = CARTESIAN_POINT('',(1.493176930361,-0.325,0.47583778132));
#3443 = VECTOR('',#3444,1.);
#3444 = DIRECTION('',(0.142742572604,-3.169521813984E-17,-0.989759848633
    ));
#3445 = ORIENTED_EDGE('',*,*,#3446,.F.);
#3446 = EDGE_CURVE('',#3365,#3439,#3447,.T.);
#3447 = LINE('',#3448,#3449);
#3448 = CARTESIAN_POINT('',(1.523665661432,0.325,0.264432583147));
#3449 = VECTOR('',#3450,1.);
#3450 = DIRECTION('',(-2.22044604925E-16,-1.,0.));
#3451 = ORIENTED_EDGE('',*,*,#3364,.F.);
#3452 = PLANE('',#3453);
#3453 = AXIS2_PLACEMENT_3D('',#3454,#3455,#3456);
#3454 = CARTESIAN_POINT('',(1.493176930361,0.325,0.47583778132));
#3455 = DIRECTION('',(0.989759848633,-2.197708345604E-16,0.142742572604)
  );
#3456 = DIRECTION('',(0.142742572604,-3.169521813984E-17,-0.989759848633
    ));
#3457 = ADVANCED_FACE('',(#3458),#3520,.T.);
#3458 = FACE_BOUND('',#3459,.T.);
#3459 = EDGE_LOOP('',(#3460,#3461,#3462,#3463,#3472,#3480,#3488,#3496,
    #3505,#3513));
#3460 = ORIENTED_EDGE('',*,*,#2999,.F.);
#3461 = ORIENTED_EDGE('',*,*,#2967,.T.);
#3462 = ORIENTED_EDGE('',*,*,#3438,.T.);
#3463 = ORIENTED_EDGE('',*,*,#3464,.T.);
#3464 = EDGE_CURVE('',#3439,#3465,#3467,.T.);
#3465 = VERTEX_POINT('',#3466);
#3466 = CARTESIAN_POINT('',(1.838804142396,-0.325,-5.551115123126E-17));
#3467 = CIRCLE('',#3468,0.32);
#3468 = AXIS2_PLACEMENT_3D('',#3469,#3470,#3471);
#3469 = CARTESIAN_POINT('',(1.838804142396,-0.325,0.32));
#3470 = DIRECTION('',(-2.22044604925E-16,-1.,0.));
#3471 = DIRECTION('',(-0.984807753012,2.186712484447E-16,-0.173648177667
    ));
#3472 = ORIENTED_EDGE('',*,*,#3473,.T.);
#3473 = EDGE_CURVE('',#3465,#3474,#3476,.T.);
#3474 = VERTEX_POINT('',#3475);
#3475 = CARTESIAN_POINT('',(1.9,-0.325,-5.551115123126E-17));
#3476 = LINE('',#3477,#3478);
#3477 = CARTESIAN_POINT('',(1.838804142396,-0.325,-5.551115123126E-17));
#3478 = VECTOR('',#3479,1.);
#3479 = DIRECTION('',(1.,-2.22044604925E-16,0.));
#3480 = ORIENTED_EDGE('',*,*,#3481,.T.);
#3481 = EDGE_CURVE('',#3474,#3482,#3484,.T.);
#3482 = VERTEX_POINT('',#3483);
#3483 = CARTESIAN_POINT('',(1.9,-0.325,0.2));
#3484 = LINE('',#3485,#3486);
#3485 = CARTESIAN_POINT('',(1.9,-0.325,-5.551115123126E-17));
#3486 = VECTOR('',#3487,1.);
#3487 = DIRECTION('',(0.,0.,1.));
#3488 = ORIENTED_EDGE('',*,*,#3489,.T.);
#3489 = EDGE_CURVE('',#3482,#3490,#3492,.T.);
#3490 = VERTEX_POINT('',#3491);
#3491 = CARTESIAN_POINT('',(1.838804142396,-0.325,0.2));
#3492 = LINE('',#3493,#3494);
#3493 = CARTESIAN_POINT('',(1.9,-0.325,0.2));
#3494 = VECTOR('',#3495,1.);
#3495 = DIRECTION('',(-1.,2.22044604925E-16,0.));
#3496 = ORIENTED_EDGE('',*,*,#3497,.T.);
#3497 = EDGE_CURVE('',#3490,#3498,#3500,.T.);
#3498 = VERTEX_POINT('',#3499);
#3499 = CARTESIAN_POINT('',(1.720627212034,-0.325,0.29916221868));
#3500 = CIRCLE('',#3501,0.12);
#3501 = AXIS2_PLACEMENT_3D('',#3502,#3503,#3504);
#3502 = CARTESIAN_POINT('',(1.838804142396,-0.325,0.32));
#3503 = DIRECTION('',(2.22044604925E-16,1.,0.));
#3504 = DIRECTION('',(-1.850371707709E-15,4.108650548026E-31,-1.));
#3505 = ORIENTED_EDGE('',*,*,#3506,.T.);
#3506 = EDGE_CURVE('',#3498,#3507,#3509,.T.);
#3507 = VERTEX_POINT('',#3508);
#3508 = CARTESIAN_POINT('',(1.690138480964,-0.325,0.510567416853));
#3509 = LINE('',#3510,#3511);
#3510 = CARTESIAN_POINT('',(1.720627212034,-0.325,0.29916221868));
#3511 = VECTOR('',#3512,1.);
#3512 = DIRECTION('',(-0.142742572604,3.169521813984E-17,0.989759848633)
  );
#3513 = ORIENTED_EDGE('',*,*,#3514,.T.);
#3514 = EDGE_CURVE('',#3507,#2593,#3515,.T.);
#3515 = CIRCLE('',#3516,0.32);
#3516 = AXIS2_PLACEMENT_3D('',#3517,#3518,#3519);
#3517 = CARTESIAN_POINT('',(1.375,-0.325,0.455));
#3518 = DIRECTION('',(-2.22044604925E-16,-1.,0.));
#3519 = DIRECTION('',(0.984807753012,-2.186712484447E-16,0.173648177667)
  );
#3520 = PLANE('',#3521);
#3521 = AXIS2_PLACEMENT_3D('',#3522,#3523,#3524);
#3522 = CARTESIAN_POINT('',(1.610729118287,-0.325,0.384660577966));
#3523 = DIRECTION('',(-2.22044604925E-16,-1.,0.));
#3524 = DIRECTION('',(0.,0.,1.));
#3525 = ADVANCED_FACE('',(#3526),#3537,.T.);
#3526 = FACE_BOUND('',#3527,.T.);
#3527 = EDGE_LOOP('',(#3528,#3529,#3530,#3531));
#3528 = ORIENTED_EDGE('',*,*,#3422,.T.);
#3529 = ORIENTED_EDGE('',*,*,#3017,.T.);
#3530 = ORIENTED_EDGE('',*,*,#3514,.F.);
#3531 = ORIENTED_EDGE('',*,*,#3532,.F.);
#3532 = EDGE_CURVE('',#3415,#3507,#3533,.T.);
#3533 = LINE('',#3534,#3535);
#3534 = CARTESIAN_POINT('',(1.690138480964,0.325,0.510567416853));
#3535 = VECTOR('',#3536,1.);
#3536 = DIRECTION('',(-2.22044604925E-16,-1.,0.));
#3537 = CYLINDRICAL_SURFACE('',#3538,0.32);
#3538 = AXIS2_PLACEMENT_3D('',#3539,#3540,#3541);
#3539 = CARTESIAN_POINT('',(1.375,0.325,0.455));
#3540 = DIRECTION('',(2.22044604925E-16,1.,0.));
#3541 = DIRECTION('',(0.984807753012,-2.186712484447E-16,0.173648177667)
  );
#3542 = ADVANCED_FACE('',(#3543,#3553),#3587,.T.);
#3543 = FACE_BOUND('',#3544,.T.);
#3544 = EDGE_LOOP('',(#3545,#3546,#3547,#3548,#3549,#3550,#3551,#3552));
#3545 = ORIENTED_EDGE('',*,*,#3153,.F.);
#3546 = ORIENTED_EDGE('',*,*,#3123,.F.);
#3547 = ORIENTED_EDGE('',*,*,#3100,.F.);
#3548 = ORIENTED_EDGE('',*,*,#3077,.F.);
#3549 = ORIENTED_EDGE('',*,*,#3048,.F.);
#3550 = ORIENTED_EDGE('',*,*,#3347,.F.);
#3551 = ORIENTED_EDGE('',*,*,#3330,.F.);
#3552 = ORIENTED_EDGE('',*,*,#3307,.F.);
#3553 = FACE_BOUND('',#3554,.T.);
#3554 = EDGE_LOOP('',(#3555,#3565,#3573,#3581));
#3555 = ORIENTED_EDGE('',*,*,#3556,.T.);
#3556 = EDGE_CURVE('',#3557,#3559,#3561,.T.);
#3557 = VERTEX_POINT('',#3558);
#3558 = CARTESIAN_POINT('',(-0.683243103516,-0.608243103516,1.25));
#3559 = VERTEX_POINT('',#3560);
#3560 = CARTESIAN_POINT('',(-1.183243103516,-0.608243103516,1.25));
#3561 = LINE('',#3562,#3563);
#3562 = CARTESIAN_POINT('',(-1.233243103516,-0.608243103516,1.25));
#3563 = VECTOR('',#3564,1.);
#3564 = DIRECTION('',(-1.,0.,0.));
#3565 = ORIENTED_EDGE('',*,*,#3566,.T.);
#3566 = EDGE_CURVE('',#3559,#3567,#3569,.T.);
#3567 = VERTEX_POINT('',#3568);
#3568 = CARTESIAN_POINT('',(-1.183243103516,0.608243103516,1.25));
#3569 = LINE('',#3570,#3571);
#3570 = CARTESIAN_POINT('',(-1.183243103516,-0.633682327637,1.25));
#3571 = VECTOR('',#3572,1.);
#3572 = DIRECTION('',(0.,1.,0.));
#3573 = ORIENTED_EDGE('',*,*,#3574,.F.);
#3574 = EDGE_CURVE('',#3575,#3567,#3577,.T.);
#3575 = VERTEX_POINT('',#3576);
#3576 = CARTESIAN_POINT('',(-0.683243103516,0.608243103516,1.25));
#3577 = LINE('',#3578,#3579);
#3578 = CARTESIAN_POINT('',(-1.233243103516,0.608243103516,1.25));
#3579 = VECTOR('',#3580,1.);
#3580 = DIRECTION('',(-1.,0.,0.));
#3581 = ORIENTED_EDGE('',*,*,#3582,.F.);
#3582 = EDGE_CURVE('',#3557,#3575,#3583,.T.);
#3583 = LINE('',#3584,#3585);
#3584 = CARTESIAN_POINT('',(-0.683243103516,-0.633682327637,1.25));
#3585 = VECTOR('',#3586,1.);
#3586 = DIRECTION('',(0.,1.,0.));
#3587 = PLANE('',#3588);
#3588 = AXIS2_PLACEMENT_3D('',#3589,#3590,#3591);
#3589 = CARTESIAN_POINT('',(-1.283243103516,-0.659121551758,1.25));
#3590 = DIRECTION('',(0.,0.,1.));
#3591 = DIRECTION('',(0.889522261294,0.456891832562,-0.));
#3592 = ADVANCED_FACE('',(#3593),#3604,.F.);
#3593 = FACE_BOUND('',#3594,.F.);
#3594 = EDGE_LOOP('',(#3595,#3601,#3602,#3603));
#3595 = ORIENTED_EDGE('',*,*,#3596,.T.);
#3596 = EDGE_CURVE('',#3406,#3498,#3597,.T.);
#3597 = LINE('',#3598,#3599);
#3598 = CARTESIAN_POINT('',(1.720627212034,0.325,0.29916221868));
#3599 = VECTOR('',#3600,1.);
#3600 = DIRECTION('',(-2.22044604925E-16,-1.,0.));
#3601 = ORIENTED_EDGE('',*,*,#3506,.T.);
#3602 = ORIENTED_EDGE('',*,*,#3532,.F.);
#3603 = ORIENTED_EDGE('',*,*,#3414,.F.);
#3604 = PLANE('',#3605);
#3605 = AXIS2_PLACEMENT_3D('',#3606,#3607,#3608);
#3606 = CARTESIAN_POINT('',(1.720627212034,0.325,0.29916221868));
#3607 = DIRECTION('',(-0.989759848633,2.197708345604E-16,-0.142742572604
    ));
#3608 = DIRECTION('',(-0.142742572604,3.169521813984E-17,0.989759848633)
  );
#3609 = ADVANCED_FACE('',(#3610),#3621,.F.);
#3610 = FACE_BOUND('',#3611,.F.);
#3611 = EDGE_LOOP('',(#3612,#3618,#3619,#3620));
#3612 = ORIENTED_EDGE('',*,*,#3613,.T.);
#3613 = EDGE_CURVE('',#3398,#3490,#3614,.T.);
#3614 = LINE('',#3615,#3616);
#3615 = CARTESIAN_POINT('',(1.838804142396,0.325,0.2));
#3616 = VECTOR('',#3617,1.);
#3617 = DIRECTION('',(-2.22044604925E-16,-1.,0.));
#3618 = ORIENTED_EDGE('',*,*,#3497,.T.);
#3619 = ORIENTED_EDGE('',*,*,#3596,.F.);
#3620 = ORIENTED_EDGE('',*,*,#3405,.F.);
#3621 = CYLINDRICAL_SURFACE('',#3622,0.12);
#3622 = AXIS2_PLACEMENT_3D('',#3623,#3624,#3625);
#3623 = CARTESIAN_POINT('',(1.838804142396,0.325,0.32));
#3624 = DIRECTION('',(2.22044604925E-16,1.,0.));
#3625 = DIRECTION('',(-1.850371707709E-15,4.108650548026E-31,-1.));
#3626 = ADVANCED_FACE('',(#3627),#3638,.F.);
#3627 = FACE_BOUND('',#3628,.F.);
#3628 = EDGE_LOOP('',(#3629,#3635,#3636,#3637));
#3629 = ORIENTED_EDGE('',*,*,#3630,.T.);
#3630 = EDGE_CURVE('',#3390,#3482,#3631,.T.);
#3631 = LINE('',#3632,#3633);
#3632 = CARTESIAN_POINT('',(1.9,0.325,0.2));
#3633 = VECTOR('',#3634,1.);
#3634 = DIRECTION('',(-2.22044604925E-16,-1.,0.));
#3635 = ORIENTED_EDGE('',*,*,#3489,.T.);
#3636 = ORIENTED_EDGE('',*,*,#3613,.F.);
#3637 = ORIENTED_EDGE('',*,*,#3397,.F.);
#3638 = PLANE('',#3639);
#3639 = AXIS2_PLACEMENT_3D('',#3640,#3641,#3642);
#3640 = CARTESIAN_POINT('',(1.9,0.325,0.2));
#3641 = DIRECTION('',(0.,0.,-1.));
#3642 = DIRECTION('',(-1.,2.22044604925E-16,0.));
#3643 = ADVANCED_FACE('',(#3644),#3655,.F.);
#3644 = FACE_BOUND('',#3645,.F.);
#3645 = EDGE_LOOP('',(#3646,#3652,#3653,#3654));
#3646 = ORIENTED_EDGE('',*,*,#3647,.T.);
#3647 = EDGE_CURVE('',#3382,#3474,#3648,.T.);
#3648 = LINE('',#3649,#3650);
#3649 = CARTESIAN_POINT('',(1.9,0.325,-5.551115123126E-17));
#3650 = VECTOR('',#3651,1.);
#3651 = DIRECTION('',(-2.22044604925E-16,-1.,0.));
#3652 = ORIENTED_EDGE('',*,*,#3481,.T.);
#3653 = ORIENTED_EDGE('',*,*,#3630,.F.);
#3654 = ORIENTED_EDGE('',*,*,#3389,.F.);
#3655 = PLANE('',#3656);
#3656 = AXIS2_PLACEMENT_3D('',#3657,#3658,#3659);
#3657 = CARTESIAN_POINT('',(1.9,0.325,-5.551115123126E-17));
#3658 = DIRECTION('',(-1.,2.22044604925E-16,0.));
#3659 = DIRECTION('',(0.,0.,1.));
#3660 = ADVANCED_FACE('',(#3661),#3672,.F.);
#3661 = FACE_BOUND('',#3662,.F.);
#3662 = EDGE_LOOP('',(#3663,#3669,#3670,#3671));
#3663 = ORIENTED_EDGE('',*,*,#3664,.T.);
#3664 = EDGE_CURVE('',#3373,#3465,#3665,.T.);
#3665 = LINE('',#3666,#3667);
#3666 = CARTESIAN_POINT('',(1.838804142396,0.325,-5.551115123126E-17));
#3667 = VECTOR('',#3668,1.);
#3668 = DIRECTION('',(-2.22044604925E-16,-1.,0.));
#3669 = ORIENTED_EDGE('',*,*,#3473,.T.);
#3670 = ORIENTED_EDGE('',*,*,#3647,.F.);
#3671 = ORIENTED_EDGE('',*,*,#3381,.F.);
#3672 = PLANE('',#3673);
#3673 = AXIS2_PLACEMENT_3D('',#3674,#3675,#3676);
#3674 = CARTESIAN_POINT('',(1.838804142396,0.325,-5.551115123126E-17));
#3675 = DIRECTION('',(0.,0.,1.));
#3676 = DIRECTION('',(1.,-2.22044604925E-16,0.));
#3677 = ADVANCED_FACE('',(#3678),#3684,.T.);
#3678 = FACE_BOUND('',#3679,.T.);
#3679 = EDGE_LOOP('',(#3680,#3681,#3682,#3683));
#3680 = ORIENTED_EDGE('',*,*,#3372,.T.);
#3681 = ORIENTED_EDGE('',*,*,#3664,.T.);
#3682 = ORIENTED_EDGE('',*,*,#3464,.F.);
#3683 = ORIENTED_EDGE('',*,*,#3446,.F.);
#3684 = CYLINDRICAL_SURFACE('',#3685,0.32);
#3685 = AXIS2_PLACEMENT_3D('',#3686,#3687,#3688);
#3686 = CARTESIAN_POINT('',(1.838804142396,0.325,0.32));
#3687 = DIRECTION('',(2.22044604925E-16,1.,0.));
#3688 = DIRECTION('',(-0.984807753012,2.186712484447E-16,-0.173648177667
    ));
#3689 = ADVANCED_FACE('',(#3690),#3715,.F.);
#3690 = FACE_BOUND('',#3691,.F.);
#3691 = EDGE_LOOP('',(#3692,#3693,#3701,#3709));
#3692 = ORIENTED_EDGE('',*,*,#3556,.T.);
#3693 = ORIENTED_EDGE('',*,*,#3694,.T.);
#3694 = EDGE_CURVE('',#3559,#3695,#3697,.T.);
#3695 = VERTEX_POINT('',#3696);
#3696 = CARTESIAN_POINT('',(-1.183243103516,-0.608243103516,1.26));
#3697 = LINE('',#3698,#3699);
#3698 = CARTESIAN_POINT('',(-1.183243103516,-0.608243103516,1.24));
#3699 = VECTOR('',#3700,1.);
#3700 = DIRECTION('',(0.,0.,1.));
#3701 = ORIENTED_EDGE('',*,*,#3702,.T.);
#3702 = EDGE_CURVE('',#3695,#3703,#3705,.T.);
#3703 = VERTEX_POINT('',#3704);
#3704 = CARTESIAN_POINT('',(-0.683243103516,-0.608243103516,1.26));
#3705 = LINE('',#3706,#3707);
#3706 = CARTESIAN_POINT('',(-1.183243103516,-0.608243103516,1.26));
#3707 = VECTOR('',#3708,1.);
#3708 = DIRECTION('',(1.,0.,0.));
#3709 = ORIENTED_EDGE('',*,*,#3710,.F.);
#3710 = EDGE_CURVE('',#3557,#3703,#3711,.T.);
#3711 = LINE('',#3712,#3713);
#3712 = CARTESIAN_POINT('',(-0.683243103516,-0.608243103516,1.24));
#3713 = VECTOR('',#3714,1.);
#3714 = DIRECTION('',(0.,0.,1.));
#3715 = PLANE('',#3716);
#3716 = AXIS2_PLACEMENT_3D('',#3717,#3718,#3719);
#3717 = CARTESIAN_POINT('',(-1.183243103516,-0.608243103516,1.24));
#3718 = DIRECTION('',(0.,1.,0.));
#3719 = DIRECTION('',(0.,-0.,1.));
#3720 = ADVANCED_FACE('',(#3721),#3739,.T.);
#3721 = FACE_BOUND('',#3722,.T.);
#3722 = EDGE_LOOP('',(#3723,#3724,#3725,#3733));
#3723 = ORIENTED_EDGE('',*,*,#3710,.F.);
#3724 = ORIENTED_EDGE('',*,*,#3582,.T.);
#3725 = ORIENTED_EDGE('',*,*,#3726,.T.);
#3726 = EDGE_CURVE('',#3575,#3727,#3729,.T.);
#3727 = VERTEX_POINT('',#3728);
#3728 = CARTESIAN_POINT('',(-0.683243103516,0.608243103516,1.26));
#3729 = LINE('',#3730,#3731);
#3730 = CARTESIAN_POINT('',(-0.683243103516,0.608243103516,1.24));
#3731 = VECTOR('',#3732,1.);
#3732 = DIRECTION('',(0.,0.,1.));
#3733 = ORIENTED_EDGE('',*,*,#3734,.F.);
#3734 = EDGE_CURVE('',#3703,#3727,#3735,.T.);
#3735 = LINE('',#3736,#3737);
#3736 = CARTESIAN_POINT('',(-0.683243103516,-0.608243103516,1.26));
#3737 = VECTOR('',#3738,1.);
#3738 = DIRECTION('',(0.,1.,0.));
#3739 = PLANE('',#3740);
#3740 = AXIS2_PLACEMENT_3D('',#3741,#3742,#3743);
#3741 = CARTESIAN_POINT('',(-0.683243103516,-0.608243103516,1.24));
#3742 = DIRECTION('',(1.,0.,0.));
#3743 = DIRECTION('',(0.,0.,1.));
#3744 = ADVANCED_FACE('',(#3745),#3763,.T.);
#3745 = FACE_BOUND('',#3746,.T.);
#3746 = EDGE_LOOP('',(#3747,#3748,#3756,#3762));
#3747 = ORIENTED_EDGE('',*,*,#3574,.T.);
#3748 = ORIENTED_EDGE('',*,*,#3749,.T.);
#3749 = EDGE_CURVE('',#3567,#3750,#3752,.T.);
#3750 = VERTEX_POINT('',#3751);
#3751 = CARTESIAN_POINT('',(-1.183243103516,0.608243103516,1.26));
#3752 = LINE('',#3753,#3754);
#3753 = CARTESIAN_POINT('',(-1.183243103516,0.608243103516,1.24));
#3754 = VECTOR('',#3755,1.);
#3755 = DIRECTION('',(0.,0.,1.));
#3756 = ORIENTED_EDGE('',*,*,#3757,.T.);
#3757 = EDGE_CURVE('',#3750,#3727,#3758,.T.);
#3758 = LINE('',#3759,#3760);
#3759 = CARTESIAN_POINT('',(-1.183243103516,0.608243103516,1.26));
#3760 = VECTOR('',#3761,1.);
#3761 = DIRECTION('',(1.,0.,0.));
#3762 = ORIENTED_EDGE('',*,*,#3726,.F.);
#3763 = PLANE('',#3764);
#3764 = AXIS2_PLACEMENT_3D('',#3765,#3766,#3767);
#3765 = CARTESIAN_POINT('',(-1.183243103516,0.608243103516,1.24));
#3766 = DIRECTION('',(0.,1.,0.));
#3767 = DIRECTION('',(0.,-0.,1.));
#3768 = ADVANCED_FACE('',(#3769),#3780,.F.);
#3769 = FACE_BOUND('',#3770,.F.);
#3770 = EDGE_LOOP('',(#3771,#3772,#3773,#3774));
#3771 = ORIENTED_EDGE('',*,*,#3694,.F.);
#3772 = ORIENTED_EDGE('',*,*,#3566,.T.);
#3773 = ORIENTED_EDGE('',*,*,#3749,.T.);
#3774 = ORIENTED_EDGE('',*,*,#3775,.F.);
#3775 = EDGE_CURVE('',#3695,#3750,#3776,.T.);
#3776 = LINE('',#3777,#3778);
#3777 = CARTESIAN_POINT('',(-1.183243103516,-0.608243103516,1.26));
#3778 = VECTOR('',#3779,1.);
#3779 = DIRECTION('',(0.,1.,0.));
#3780 = PLANE('',#3781);
#3781 = AXIS2_PLACEMENT_3D('',#3782,#3783,#3784);
#3782 = CARTESIAN_POINT('',(-1.183243103516,-0.608243103516,1.24));
#3783 = DIRECTION('',(1.,0.,0.));
#3784 = DIRECTION('',(0.,0.,1.));
#3785 = ADVANCED_FACE('',(#3786),#3792,.T.);
#3786 = FACE_BOUND('',#3787,.T.);
#3787 = EDGE_LOOP('',(#3788,#3789,#3790,#3791));
#3788 = ORIENTED_EDGE('',*,*,#3775,.F.);
#3789 = ORIENTED_EDGE('',*,*,#3702,.T.);
#3790 = ORIENTED_EDGE('',*,*,#3734,.T.);
#3791 = ORIENTED_EDGE('',*,*,#3757,.F.);
#3792 = PLANE('',#3793);
#3793 = AXIS2_PLACEMENT_3D('',#3794,#3795,#3796);
#3794 = CARTESIAN_POINT('',(-1.183243103516,-0.608243103516,1.26));
#3795 = DIRECTION('',(0.,0.,1.));
#3796 = DIRECTION('',(1.,0.,-0.));
#3797 = ( GEOMETRIC_REPRESENTATION_CONTEXT(3) 
GLOBAL_UNCERTAINTY_ASSIGNED_CONTEXT((#3801)) 
GLOBAL_UNIT_ASSIGNED_CONTEXT((#3798,#3799,#3800)) REPRESENTATION_CONTEXT
('Context #1','3D Context with UNIT and UNCERTAINTY') );
#3798 = ( LENGTH_UNIT() NAMED_UNIT(*) SI_UNIT(.MILLI.,.METRE.) );
#3799 = ( NAMED_UNIT(*) PLANE_ANGLE_UNIT() SI_UNIT($,.RADIAN.) );
#3800 = ( NAMED_UNIT(*) SI_UNIT($,.STERADIAN.) SOLID_ANGLE_UNIT() );
#3801 = UNCERTAINTY_MEASURE_WITH_UNIT(LENGTH_MEASURE(1.E-07),#3798,
  'distance_accuracy_value','confusion accuracy');
#3802 = CONTEXT_DEPENDENT_SHAPE_REPRESENTATION(#3803,#3805);
#3803 = ( REPRESENTATION_RELATIONSHIP('','',#2108,#10) 
REPRESENTATION_RELATIONSHIP_WITH_TRANSFORMATION(#3804) 
SHAPE_REPRESENTATION_RELATIONSHIP() );
#3804 = ITEM_DEFINED_TRANSFORMATION('','',#11,#19);
#3805 = PRODUCT_DEFINITION_SHAPE('Placement','Placement of an item',
  #3806);
#3806 = NEXT_ASSEMBLY_USAGE_OCCURRENCE('2','D1','',#5,#2103,$);
#3807 = PRODUCT_RELATED_PRODUCT_CATEGORY('part',$,(#2105));
#3808 = SHAPE_DEFINITION_REPRESENTATION(#3809,#3815);
#3809 = PRODUCT_DEFINITION_SHAPE('','',#3810);
#3810 = PRODUCT_DEFINITION('design','',#3811,#3814);
#3811 = PRODUCT_DEFINITION_FORMATION('','',#3812);
#3812 = PRODUCT('CP_Elec_6.3x7.7','CP_Elec_6.3x7.7','',(#3813));
#3813 = PRODUCT_CONTEXT('',#2,'mechanical');
#3814 = PRODUCT_DEFINITION_CONTEXT('part definition',#2,'design');
#3815 = ADVANCED_BREP_SHAPE_REPRESENTATION('',(#11,#3816),#5181);
#3816 = MANIFOLD_SOLID_BREP('',#3817);
#3817 = CLOSED_SHELL('',(#3818,#3861,#3887,#3960,#4039,#4079,#4158,#4183
    ,#4208,#4264,#4320,#4345,#4370,#4435,#4508,#4594,#4611,#4642,#4654,
    #4671,#4683,#4701,#4713,#4731,#4743,#4774,#4826,#4858,#4883,#4908,
    #4940,#4965,#4990,#5007,#5024,#5072,#5113,#5131,#5143,#5155,#5171));
#3818 = ADVANCED_FACE('',(#3819),#3856,.T.);
#3819 = FACE_BOUND('',#3820,.T.);
#3820 = EDGE_LOOP('',(#3821,#3840,#3848,#3855));
#3821 = ORIENTED_EDGE('',*,*,#3822,.T.);
#3822 = EDGE_CURVE('',#3823,#3823,#3825,.T.);
#3823 = VERTEX_POINT('',#3824);
#3824 = CARTESIAN_POINT('',(-3.15,3.857637417314E-16,1.903268122105));
#3825 = ( BOUNDED_CURVE() B_SPLINE_CURVE(13,(#3826,#3827,#3828,#3829,
    #3830,#3831,#3832,#3833,#3834,#3835,#3836,#3837,#3838,#3839),
.UNSPECIFIED.,.T.,.F.) B_SPLINE_CURVE_WITH_KNOTS((1,13,13,1),(
    -19.79203371761,3.914259941243E-16,19.792033717616,39.584067435232),
.UNSPECIFIED.) CURVE() GEOMETRIC_REPRESENTATION_ITEM() 
RATIONAL_B_SPLINE_CURVE((1.,1.,1.000000000001,0.999999999998,
    1.000000000004,0.999999999994,1.000000000007,0.999999999994,
    1.000000000005,0.999999999997,1.000000000001,1.,1.,1.)) 
REPRESENTATION_ITEM('') );
#3826 = CARTESIAN_POINT('',(-3.15,3.857637417314E-16,1.903268122105));
#3827 = CARTESIAN_POINT('',(-3.150000000001,1.500440617323,
    1.903268122105));
#3828 = CARTESIAN_POINT('',(-2.374522784297,3.035482525996,
    1.903268122105));
#3829 = CARTESIAN_POINT('',(-0.778699260131,4.133102804313,
    1.903268122105));
#3830 = CARTESIAN_POINT('',(1.417356467597,4.301676360907,1.903268122105
    ));
#3831 = CARTESIAN_POINT('',(3.314487228419,3.131786890306,1.903268122105
    ));
#3832 = CARTESIAN_POINT('',(4.70583335723,1.424009627085,1.903268122105)
  );
#3833 = CARTESIAN_POINT('',(4.705833357256,-1.424009627103,
    1.903268122105));
#3834 = CARTESIAN_POINT('',(3.314487228412,-3.131786890273,
    1.903268122105));
#3835 = CARTESIAN_POINT('',(1.41735646759,-4.301676360937,1.903268122105
    ));
#3836 = CARTESIAN_POINT('',(-0.778699260121,-4.133102804298,
    1.903268122105));
#3837 = CARTESIAN_POINT('',(-2.374522784302,-3.035482526,1.903268122105)
  );
#3838 = CARTESIAN_POINT('',(-3.149999999999,-1.500440617323,
    1.903268122105));
#3839 = CARTESIAN_POINT('',(-3.15,3.857637417314E-16,1.903268122105));
#3840 = ORIENTED_EDGE('',*,*,#3841,.F.);
#3841 = EDGE_CURVE('',#3842,#3823,#3844,.T.);
#3842 = VERTEX_POINT('',#3843);
#3843 = CARTESIAN_POINT('',(-3.15,3.857637417314E-16,1.07));
#3844 = LINE('',#3845,#3846);
#3845 = CARTESIAN_POINT('',(-3.15,3.857637417314E-16,0.65));
#3846 = VECTOR('',#3847,1.);
#3847 = DIRECTION('',(0.,0.,1.));
#3848 = ORIENTED_EDGE('',*,*,#3849,.F.);
#3849 = EDGE_CURVE('',#3842,#3842,#3850,.T.);
#3850 = CIRCLE('',#3851,3.15);
#3851 = AXIS2_PLACEMENT_3D('',#3852,#3853,#3854);
#3852 = CARTESIAN_POINT('',(0.,0.,1.07));
#3853 = DIRECTION('',(0.,0.,-1.));
#3854 = DIRECTION('',(-1.,1.224646799147E-16,0.));
#3855 = ORIENTED_EDGE('',*,*,#3841,.T.);
#3856 = CYLINDRICAL_SURFACE('',#3857,3.15);
#3857 = AXIS2_PLACEMENT_3D('',#3858,#3859,#3860);
#3858 = CARTESIAN_POINT('',(0.,0.,0.65));
#3859 = DIRECTION('',(0.,0.,1.));
#3860 = DIRECTION('',(-1.,1.224646799147E-16,0.));
#3861 = ADVANCED_FACE('',(#3862),#3882,.T.);
#3862 = FACE_BOUND('',#3863,.T.);
#3863 = EDGE_LOOP('',(#3864,#3865,#3874,#3881));
#3864 = ORIENTED_EDGE('',*,*,#3849,.T.);
#3865 = ORIENTED_EDGE('',*,*,#3866,.T.);
#3866 = EDGE_CURVE('',#3842,#3867,#3869,.T.);
#3867 = VERTEX_POINT('',#3868);
#3868 = CARTESIAN_POINT('',(-2.73,3.343285761672E-16,0.65));
#3869 = CIRCLE('',#3870,0.42);
#3870 = AXIS2_PLACEMENT_3D('',#3871,#3872,#3873);
#3871 = CARTESIAN_POINT('',(-2.73,3.343285761672E-16,1.07));
#3872 = DIRECTION('',(-1.224646799147E-16,-1.,-0.));
#3873 = DIRECTION('',(-1.,1.224646799147E-16,0.));
#3874 = ORIENTED_EDGE('',*,*,#3875,.F.);
#3875 = EDGE_CURVE('',#3867,#3867,#3876,.T.);
#3876 = CIRCLE('',#3877,2.73);
#3877 = AXIS2_PLACEMENT_3D('',#3878,#3879,#3880);
#3878 = CARTESIAN_POINT('',(0.,0.,0.65));
#3879 = DIRECTION('',(0.,0.,-1.));
#3880 = DIRECTION('',(-1.,1.224646799147E-16,0.));
#3881 = ORIENTED_EDGE('',*,*,#3866,.F.);
#3882 = TOROIDAL_SURFACE('',#3883,2.73,0.42);
#3883 = AXIS2_PLACEMENT_3D('',#3884,#3885,#3886);
#3884 = CARTESIAN_POINT('',(0.,0.,1.07));
#3885 = DIRECTION('',(0.,0.,-1.));
#3886 = DIRECTION('',(-1.,1.224646799147E-16,0.));
#3887 = ADVANCED_FACE('',(#3888),#3917,.T.);
#3888 = FACE_BOUND('',#3889,.T.);
#3889 = EDGE_LOOP('',(#3890,#3898,#3915,#3916));
#3890 = ORIENTED_EDGE('',*,*,#3891,.T.);
#3891 = EDGE_CURVE('',#3823,#3892,#3894,.T.);
#3892 = VERTEX_POINT('',#3893);
#3893 = CARTESIAN_POINT('',(-3.121363636364,3.822567986248E-16,
    1.934637686762));
#3894 = ( BOUNDED_CURVE() B_SPLINE_CURVE(2,(#3895,#3896,#3897),
.UNSPECIFIED.,.F.,.F.) B_SPLINE_CURVE_WITH_KNOTS((3,3),(0.,
19.792033717616),.PIECEWISE_BEZIER_KNOTS.) CURVE() 
GEOMETRIC_REPRESENTATION_ITEM() RATIONAL_B_SPLINE_CURVE((1.,
0.738548945876,1.)) REPRESENTATION_ITEM('') );
#3895 = CARTESIAN_POINT('',(-3.15,3.857637417314E-16,1.903268122105));
#3896 = CARTESIAN_POINT('',(-3.15,1.195445924144E-15,1.932023556374));
#3897 = CARTESIAN_POINT('',(-3.121363636364,3.822567986248E-16,
    1.934637686762));
#3898 = ORIENTED_EDGE('',*,*,#3899,.T.);
#3899 = EDGE_CURVE('',#3892,#3892,#3900,.T.);
#3900 = ( BOUNDED_CURVE() B_SPLINE_CURVE(13,(#3901,#3902,#3903,#3904,
    #3905,#3906,#3907,#3908,#3909,#3910,#3911,#3912,#3913,#3914),
.UNSPECIFIED.,.T.,.F.) B_SPLINE_CURVE_WITH_KNOTS((1,13,13,1),(
    -19.79203371761,3.914259941243E-16,19.792033717616,39.584067435232),
.UNSPECIFIED.) CURVE() GEOMETRIC_REPRESENTATION_ITEM() 
RATIONAL_B_SPLINE_CURVE((1.,1.,1.000000000001,0.999999999998,
    1.000000000004,0.999999999994,1.000000000007,0.999999999994,
    1.000000000005,0.999999999997,1.000000000001,1.,1.,1.)) 
REPRESENTATION_ITEM('') );
#3901 = CARTESIAN_POINT('',(-3.121363636364,3.822567986248E-16,
    1.934637686762));
#3902 = CARTESIAN_POINT('',(-3.121363636365,1.486800248075,
    1.934637686762));
#3903 = CARTESIAN_POINT('',(-2.35293621353,3.007887230305,1.934637686762
    ));
#3904 = CARTESIAN_POINT('',(-0.771620175949,4.095529142455,
    1.934637686762));
#3905 = CARTESIAN_POINT('',(1.404471408801,4.262570212172,1.934637686762
    ));
#3906 = CARTESIAN_POINT('',(3.284355526343,3.103316100395,1.934637686762
    ));
#3907 = CARTESIAN_POINT('',(4.663053053981,1.411064085019,1.934637686762
    ));
#3908 = CARTESIAN_POINT('',(4.663053054011,-1.411064085037,
    1.934637686762));
#3909 = CARTESIAN_POINT('',(3.284355526332,-3.103316100363,
    1.934637686762));
#3910 = CARTESIAN_POINT('',(1.404471408797,-4.2625702122,1.934637686762)
  );
#3911 = CARTESIAN_POINT('',(-0.77162017594,-4.095529142442,
    1.934637686762));
#3912 = CARTESIAN_POINT('',(-2.352936213535,-3.007887230309,
    1.934637686762));
#3913 = CARTESIAN_POINT('',(-3.121363636363,-1.486800248074,
    1.934637686762));
#3914 = CARTESIAN_POINT('',(-3.121363636364,3.822567986248E-16,
    1.934637686762));
#3915 = ORIENTED_EDGE('',*,*,#3891,.F.);
#3916 = ORIENTED_EDGE('',*,*,#3822,.F.);
#3917 = ( BOUNDED_SURFACE() B_SPLINE_SURFACE(2,13,(
    (#3918,#3919,#3920,#3921,#3922,#3923,#3924,#3925,#3926,#3927,#3928
      ,#3929,#3930,#3931)
    ,(#3932,#3933,#3934,#3935,#3936,#3937,#3938,#3939,#3940,#3941,#3942
      ,#3943,#3944,#3945)
    ,(#3946,#3947,#3948,#3949,#3950,#3951,#3952,#3953,#3954,#3955,#3956
      ,#3957,#3958,#3959
)),.UNSPECIFIED.,.F.,.T.,.F.) B_SPLINE_SURFACE_WITH_KNOTS((3,3),(1,13,13
    ,1),(0.,19.792033717616),(-19.79203371761,3.914259941243E-16,
    19.792033717616,39.584067435232),.UNSPECIFIED.) 
GEOMETRIC_REPRESENTATION_ITEM() RATIONAL_B_SPLINE_SURFACE((
    (1.,1.,1.000000000001,0.999999999998,1.000000000004,0.999999999994
      ,1.000000000007,0.999999999994,1.000000000005,0.999999999997
      ,1.000000000001,1.,1.,1.)
    ,(0.738548945876,0.738548945876,0.738548945876,0.738548945875
      ,0.738548945878,0.738548945873,0.738548945879,0.738548945873
      ,0.738548945878,0.738548945875,0.738548945877,0.738548945876
      ,0.738548945876,0.738548945876)
    ,(1.,1.,1.000000000001,0.999999999998,1.000000000004,0.999999999994
      ,1.000000000007,0.999999999994,1.000000000005,0.999999999997
,1.000000000001,1.,1.,1.))) REPRESENTATION_ITEM('') SURFACE() );
#3918 = CARTESIAN_POINT('',(-3.15,3.857637417314E-16,1.903268122105));
#3919 = CARTESIAN_POINT('',(-3.150000000001,1.500440617323,
    1.903268122105));
#3920 = CARTESIAN_POINT('',(-2.374522784297,3.035482525996,
    1.903268122105));
#3921 = CARTESIAN_POINT('',(-0.778699260131,4.133102804313,
    1.903268122105));
#3922 = CARTESIAN_POINT('',(1.417356467597,4.301676360907,1.903268122105
    ));
#3923 = CARTESIAN_POINT('',(3.314487228419,3.131786890306,1.903268122105
    ));
#3924 = CARTESIAN_POINT('',(4.70583335723,1.424009627085,1.903268122105)
  );
#3925 = CARTESIAN_POINT('',(4.705833357256,-1.424009627103,
    1.903268122105));
#3926 = CARTESIAN_POINT('',(3.314487228412,-3.131786890273,
    1.903268122105));
#3927 = CARTESIAN_POINT('',(1.41735646759,-4.301676360937,1.903268122105
    ));
#3928 = CARTESIAN_POINT('',(-0.778699260121,-4.133102804298,
    1.903268122105));
#3929 = CARTESIAN_POINT('',(-2.374522784302,-3.035482526,1.903268122105)
  );
#3930 = CARTESIAN_POINT('',(-3.149999999999,-1.500440617323,
    1.903268122105));
#3931 = CARTESIAN_POINT('',(-3.15,3.857637417314E-16,1.903268122105));
#3932 = CARTESIAN_POINT('',(-3.15,1.195445924144E-15,1.932023556374));
#3933 = CARTESIAN_POINT('',(-3.150000000001,1.500440617323,
    1.932023556374));
#3934 = CARTESIAN_POINT('',(-2.374522784297,3.035482525998,
    1.932023556374));
#3935 = CARTESIAN_POINT('',(-0.778699260131,4.133102804308,
    1.932023556374));
#3936 = CARTESIAN_POINT('',(1.4173564676,4.301676360916,1.932023556374)
  );
#3937 = CARTESIAN_POINT('',(3.314487228412,3.131786890296,1.932023556374
    ));
#3938 = CARTESIAN_POINT('',(4.705833357241,1.424009627092,1.932023556374
    ));
#3939 = CARTESIAN_POINT('',(4.705833357246,-1.424009627104,
    1.932023556374));
#3940 = CARTESIAN_POINT('',(3.314487228417,-3.131786890276,
    1.932023556374));
#3941 = CARTESIAN_POINT('',(1.417356467589,-4.301676360933,
    1.932023556374));
#3942 = CARTESIAN_POINT('',(-0.778699260122,-4.1331028043,1.932023556374
    ));
#3943 = CARTESIAN_POINT('',(-2.374522784301,-3.035482526,1.932023556374)
  );
#3944 = CARTESIAN_POINT('',(-3.15,-1.500440617323,1.932023556374));
#3945 = CARTESIAN_POINT('',(-3.15,1.195445924144E-15,1.932023556374));
#3946 = CARTESIAN_POINT('',(-3.121363636364,3.822567986248E-16,
    1.934637686762));
#3947 = CARTESIAN_POINT('',(-3.121363636365,1.486800248075,
    1.934637686762));
#3948 = CARTESIAN_POINT('',(-2.35293621353,3.007887230305,1.934637686762
    ));
#3949 = CARTESIAN_POINT('',(-0.771620175949,4.095529142455,
    1.934637686762));
#3950 = CARTESIAN_POINT('',(1.404471408801,4.262570212172,1.934637686762
    ));
#3951 = CARTESIAN_POINT('',(3.284355526343,3.103316100395,1.934637686762
    ));
#3952 = CARTESIAN_POINT('',(4.663053053981,1.411064085019,1.934637686762
    ));
#3953 = CARTESIAN_POINT('',(4.663053054011,-1.411064085037,
    1.934637686762));
#3954 = CARTESIAN_POINT('',(3.284355526332,-3.103316100363,
    1.934637686762));
#3955 = CARTESIAN_POINT('',(1.404471408797,-4.2625702122,1.934637686762)
  );
#3956 = CARTESIAN_POINT('',(-0.77162017594,-4.095529142442,
    1.934637686762));
#3957 = CARTESIAN_POINT('',(-2.352936213535,-3.007887230309,
    1.934637686762));
#3958 = CARTESIAN_POINT('',(-3.121363636363,-1.486800248074,
    1.934637686762));
#3959 = CARTESIAN_POINT('',(-3.121363636364,3.822567986248E-16,
    1.934637686762));
#3960 = ADVANCED_FACE('',(#3961,#4031),#4034,.T.);
#3961 = FACE_BOUND('',#3962,.T.);
#3962 = EDGE_LOOP('',(#3963,#3973,#3982,#3990,#3999,#4007,#4016,#4024));
#3963 = ORIENTED_EDGE('',*,*,#3964,.T.);
#3964 = EDGE_CURVE('',#3965,#3967,#3969,.T.);
#3965 = VERTEX_POINT('',#3966);
#3966 = CARTESIAN_POINT('',(-3.3,0.576628129734,0.65));
#3967 = VERTEX_POINT('',#3968);
#3968 = CARTESIAN_POINT('',(-3.3,-0.576628129734,0.65));
#3969 = LINE('',#3970,#3971);
#3970 = CARTESIAN_POINT('',(-3.3,1.15,0.65));
#3971 = VECTOR('',#3972,1.);
#3972 = DIRECTION('',(-1.224646799147E-16,-1.,0.));
#3973 = ORIENTED_EDGE('',*,*,#3974,.T.);
#3974 = EDGE_CURVE('',#3967,#3975,#3977,.T.);
#3975 = VERTEX_POINT('',#3976);
#3976 = CARTESIAN_POINT('',(-0.576628129734,-3.3,0.65));
#3977 = CIRCLE('',#3978,3.35);
#3978 = AXIS2_PLACEMENT_3D('',#3979,#3980,#3981);
#3979 = CARTESIAN_POINT('',(0.,0.,0.65));
#3980 = DIRECTION('',(0.,0.,1.));
#3981 = DIRECTION('',(-1.,1.224646799147E-16,0.));
#3982 = ORIENTED_EDGE('',*,*,#3983,.T.);
#3983 = EDGE_CURVE('',#3975,#3984,#3986,.T.);
#3984 = VERTEX_POINT('',#3985);
#3985 = CARTESIAN_POINT('',(0.576628129734,-3.3,0.65));
#3986 = LINE('',#3987,#3988);
#3987 = CARTESIAN_POINT('',(-1.15,-3.3,0.65));
#3988 = VECTOR('',#3989,1.);
#3989 = DIRECTION('',(1.,-1.224646799147E-16,0.));
#3990 = ORIENTED_EDGE('',*,*,#3991,.T.);
#3991 = EDGE_CURVE('',#3984,#3992,#3994,.T.);
#3992 = VERTEX_POINT('',#3993);
#3993 = CARTESIAN_POINT('',(3.3,-0.576628129734,0.65));
#3994 = CIRCLE('',#3995,3.35);
#3995 = AXIS2_PLACEMENT_3D('',#3996,#3997,#3998);
#3996 = CARTESIAN_POINT('',(0.,0.,0.65));
#3997 = DIRECTION('',(0.,0.,1.));
#3998 = DIRECTION('',(-1.,1.224646799147E-16,0.));
#3999 = ORIENTED_EDGE('',*,*,#4000,.T.);
#4000 = EDGE_CURVE('',#3992,#4001,#4003,.T.);
#4001 = VERTEX_POINT('',#4002);
#4002 = CARTESIAN_POINT('',(3.3,0.576628129734,0.65));
#4003 = LINE('',#4004,#4005);
#4004 = CARTESIAN_POINT('',(3.3,-1.65,0.65));
#4005 = VECTOR('',#4006,1.);
#4006 = DIRECTION('',(1.224646799147E-16,1.,0.));
#4007 = ORIENTED_EDGE('',*,*,#4008,.T.);
#4008 = EDGE_CURVE('',#4001,#4009,#4011,.T.);
#4009 = VERTEX_POINT('',#4010);
#4010 = CARTESIAN_POINT('',(0.576628129734,3.3,0.65));
#4011 = CIRCLE('',#4012,3.35);
#4012 = AXIS2_PLACEMENT_3D('',#4013,#4014,#4015);
#4013 = CARTESIAN_POINT('',(0.,0.,0.65));
#4014 = DIRECTION('',(0.,0.,1.));
#4015 = DIRECTION('',(-1.,1.224646799147E-16,0.));
#4016 = ORIENTED_EDGE('',*,*,#4017,.T.);
#4017 = EDGE_CURVE('',#4009,#4018,#4020,.T.);
#4018 = VERTEX_POINT('',#4019);
#4019 = CARTESIAN_POINT('',(-0.576628129734,3.3,0.65));
#4020 = LINE('',#4021,#4022);
#4021 = CARTESIAN_POINT('',(1.65,3.3,0.65));
#4022 = VECTOR('',#4023,1.);
#4023 = DIRECTION('',(-1.,1.224646799147E-16,0.));
#4024 = ORIENTED_EDGE('',*,*,#4025,.T.);
#4025 = EDGE_CURVE('',#4018,#3965,#4026,.T.);
#4026 = CIRCLE('',#4027,3.35);
#4027 = AXIS2_PLACEMENT_3D('',#4028,#4029,#4030);
#4028 = CARTESIAN_POINT('',(0.,0.,0.65));
#4029 = DIRECTION('',(0.,0.,1.));
#4030 = DIRECTION('',(-1.,1.224646799147E-16,0.));
#4031 = FACE_BOUND('',#4032,.T.);
#4032 = EDGE_LOOP('',(#4033));
#4033 = ORIENTED_EDGE('',*,*,#3875,.T.);
#4034 = PLANE('',#4035);
#4035 = AXIS2_PLACEMENT_3D('',#4036,#4037,#4038);
#4036 = CARTESIAN_POINT('',(2.040955421701E-16,-6.734331626528E-17,0.65)
  );
#4037 = DIRECTION('',(0.,0.,1.));
#4038 = DIRECTION('',(-1.,1.224646799147E-16,0.));
#4039 = ADVANCED_FACE('',(#4040),#4070,.F.);
#4040 = FACE_BOUND('',#4041,.F.);
#4041 = EDGE_LOOP('',(#4042,#4051,#4052,#4053));
#4042 = ORIENTED_EDGE('',*,*,#4043,.F.);
#4043 = EDGE_CURVE('',#3892,#4044,#4046,.T.);
#4044 = VERTEX_POINT('',#4045);
#4045 = CARTESIAN_POINT('',(-3.121363636364,3.822567986248E-16,
    2.562028979904));
#4046 = CIRCLE('',#4047,0.315);
#4047 = AXIS2_PLACEMENT_3D('',#4048,#4049,#4050);
#4048 = CARTESIAN_POINT('',(-3.15,3.857637417314E-16,2.248333333333));
#4049 = DIRECTION('',(-1.224646799147E-16,-1.,-0.));
#4050 = DIRECTION('',(0.,0.,-1.));
#4051 = ORIENTED_EDGE('',*,*,#3899,.T.);
#4052 = ORIENTED_EDGE('',*,*,#4043,.T.);
#4053 = ORIENTED_EDGE('',*,*,#4054,.F.);
#4054 = EDGE_CURVE('',#4044,#4044,#4055,.T.);
#4055 = ( BOUNDED_CURVE() B_SPLINE_CURVE(13,(#4056,#4057,#4058,#4059,
    #4060,#4061,#4062,#4063,#4064,#4065,#4066,#4067,#4068,#4069),
.UNSPECIFIED.,.T.,.F.) B_SPLINE_CURVE_WITH_KNOTS((1,13,13,1),(
    -19.79203371761,3.914259941243E-16,19.792033717616,39.584067435232),
.UNSPECIFIED.) CURVE() GEOMETRIC_REPRESENTATION_ITEM() 
RATIONAL_B_SPLINE_CURVE((1.,1.,1.000000000001,0.999999999998,
    1.000000000004,0.999999999994,1.000000000007,0.999999999994,
    1.000000000005,0.999999999997,1.000000000001,1.,1.,1.)) 
REPRESENTATION_ITEM('') );
#4056 = CARTESIAN_POINT('',(-3.121363636364,3.822567986248E-16,
    2.562028979904));
#4057 = CARTESIAN_POINT('',(-3.121363636364,1.486800248075,
    2.562028979904));
#4058 = CARTESIAN_POINT('',(-2.352936213531,3.007887230306,
    2.562028979904));
#4059 = CARTESIAN_POINT('',(-0.771620175947,4.095529142455,
    2.562028979904));
#4060 = CARTESIAN_POINT('',(1.404471408799,4.262570212172,2.562028979904
    ));
#4061 = CARTESIAN_POINT('',(3.284355526347,3.103316100394,2.562028979904
    ));
#4062 = CARTESIAN_POINT('',(4.663053053976,1.411064085019,2.562028979904
    ));
#4063 = CARTESIAN_POINT('',(4.663053054016,-1.411064085037,
    2.562028979904));
#4064 = CARTESIAN_POINT('',(3.284355526329,-3.103316100364,
    2.562028979904));
#4065 = CARTESIAN_POINT('',(1.404471408799,-4.262570212199,
    2.562028979904));
#4066 = CARTESIAN_POINT('',(-0.771620175941,-4.095529142443,
    2.562028979904));
#4067 = CARTESIAN_POINT('',(-2.352936213535,-3.007887230309,
    2.562028979904));
#4068 = CARTESIAN_POINT('',(-3.121363636363,-1.486800248074,
    2.562028979904));
#4069 = CARTESIAN_POINT('',(-3.121363636364,3.822567986248E-16,
    2.562028979904));
#4070 = SURFACE_OF_REVOLUTION('',#4071,#4076);
#4071 = CIRCLE('',#4072,0.315);
#4072 = AXIS2_PLACEMENT_3D('',#4073,#4074,#4075);
#4073 = CARTESIAN_POINT('',(-3.15,3.857637417314E-16,2.248333333333));
#4074 = DIRECTION('',(-1.224646799147E-16,-1.,-0.));
#4075 = DIRECTION('',(0.,0.,-1.));
#4076 = AXIS1_PLACEMENT('',#4077,#4078);
#4077 = CARTESIAN_POINT('',(0.,0.,0.65));
#4078 = DIRECTION('',(-0.,0.,-1.));
#4079 = ADVANCED_FACE('',(#4080),#4153,.F.);
#4080 = FACE_BOUND('',#4081,.F.);
#4081 = EDGE_LOOP('',(#4082,#4092,#4100,#4108,#4114,#4115,#4123,#4131,
    #4139,#4147));
#4082 = ORIENTED_EDGE('',*,*,#4083,.F.);
#4083 = EDGE_CURVE('',#4084,#4086,#4088,.T.);
#4084 = VERTEX_POINT('',#4085);
#4085 = CARTESIAN_POINT('',(-3.3,2.3,0.15));
#4086 = VERTEX_POINT('',#4087);
#4087 = CARTESIAN_POINT('',(-3.3,0.325,0.15));
#4088 = LINE('',#4089,#4090);
#4089 = CARTESIAN_POINT('',(-3.3,2.3,0.15));
#4090 = VECTOR('',#4091,1.);
#4091 = DIRECTION('',(-1.224646799147E-16,-1.,0.));
#4092 = ORIENTED_EDGE('',*,*,#4093,.T.);
#4093 = EDGE_CURVE('',#4084,#4094,#4096,.T.);
#4094 = VERTEX_POINT('',#4095);
#4095 = CARTESIAN_POINT('',(-3.3,2.3,0.85));
#4096 = LINE('',#4097,#4098);
#4097 = CARTESIAN_POINT('',(-3.3,2.3,0.15));
#4098 = VECTOR('',#4099,1.);
#4099 = DIRECTION('',(0.,0.,1.));
#4100 = ORIENTED_EDGE('',*,*,#4101,.T.);
#4101 = EDGE_CURVE('',#4094,#4102,#4104,.T.);
#4102 = VERTEX_POINT('',#4103);
#4103 = CARTESIAN_POINT('',(-3.3,0.576628129734,0.85));
#4104 = LINE('',#4105,#4106);
#4105 = CARTESIAN_POINT('',(-3.3,3.3,0.85));
#4106 = VECTOR('',#4107,1.);
#4107 = DIRECTION('',(-1.224646799147E-16,-1.,0.));
#4108 = ORIENTED_EDGE('',*,*,#4109,.T.);
#4109 = EDGE_CURVE('',#4102,#3965,#4110,.T.);
#4110 = LINE('',#4111,#4112);
#4111 = CARTESIAN_POINT('',(-3.3,0.576628129734,0.65));
#4112 = VECTOR('',#4113,1.);
#4113 = DIRECTION('',(0.,0.,-1.));
#4114 = ORIENTED_EDGE('',*,*,#3964,.T.);
#4115 = ORIENTED_EDGE('',*,*,#4116,.F.);
#4116 = EDGE_CURVE('',#4117,#3967,#4119,.T.);
#4117 = VERTEX_POINT('',#4118);
#4118 = CARTESIAN_POINT('',(-3.3,-0.576628129734,0.85));
#4119 = LINE('',#4120,#4121);
#4120 = CARTESIAN_POINT('',(-3.3,-0.576628129734,0.65));
#4121 = VECTOR('',#4122,1.);
#4122 = DIRECTION('',(0.,0.,-1.));
#4123 = ORIENTED_EDGE('',*,*,#4124,.T.);
#4124 = EDGE_CURVE('',#4117,#4125,#4127,.T.);
#4125 = VERTEX_POINT('',#4126);
#4126 = CARTESIAN_POINT('',(-3.3,-2.3,0.85));
#4127 = LINE('',#4128,#4129);
#4128 = CARTESIAN_POINT('',(-3.3,3.3,0.85));
#4129 = VECTOR('',#4130,1.);
#4130 = DIRECTION('',(-1.224646799147E-16,-1.,0.));
#4131 = ORIENTED_EDGE('',*,*,#4132,.F.);
#4132 = EDGE_CURVE('',#4133,#4125,#4135,.T.);
#4133 = VERTEX_POINT('',#4134);
#4134 = CARTESIAN_POINT('',(-3.3,-2.3,0.15));
#4135 = LINE('',#4136,#4137);
#4136 = CARTESIAN_POINT('',(-3.3,-2.3,0.15));
#4137 = VECTOR('',#4138,1.);
#4138 = DIRECTION('',(0.,0.,1.));
#4139 = ORIENTED_EDGE('',*,*,#4140,.F.);
#4140 = EDGE_CURVE('',#4141,#4133,#4143,.T.);
#4141 = VERTEX_POINT('',#4142);
#4142 = CARTESIAN_POINT('',(-3.3,-0.325,0.15));
#4143 = LINE('',#4144,#4145);
#4144 = CARTESIAN_POINT('',(-3.3,2.3,0.15));
#4145 = VECTOR('',#4146,1.);
#4146 = DIRECTION('',(-1.224646799147E-16,-1.,0.));
#4147 = ORIENTED_EDGE('',*,*,#4148,.F.);
#4148 = EDGE_CURVE('',#4086,#4141,#4149,.T.);
#4149 = LINE('',#4150,#4151);
#4150 = CARTESIAN_POINT('',(-3.3,2.3,0.15));
#4151 = VECTOR('',#4152,1.);
#4152 = DIRECTION('',(-1.224646799147E-16,-1.,0.));
#4153 = PLANE('',#4154);
#4154 = AXIS2_PLACEMENT_3D('',#4155,#4156,#4157);
#4155 = CARTESIAN_POINT('',(-3.3,2.3,0.15));
#4156 = DIRECTION('',(1.,-1.224646799147E-16,0.));
#4157 = DIRECTION('',(-1.224646799147E-16,-1.,0.));
#4158 = ADVANCED_FACE('',(#4159),#4178,.F.);
#4159 = FACE_BOUND('',#4160,.F.);
#4160 = EDGE_LOOP('',(#4161,#4169,#4170,#4171));
#4161 = ORIENTED_EDGE('',*,*,#4162,.T.);
#4162 = EDGE_CURVE('',#4163,#4018,#4165,.T.);
#4163 = VERTEX_POINT('',#4164);
#4164 = CARTESIAN_POINT('',(-0.576628129734,3.3,0.85));
#4165 = LINE('',#4166,#4167);
#4166 = CARTESIAN_POINT('',(-0.576628129734,3.3,0.65));
#4167 = VECTOR('',#4168,1.);
#4168 = DIRECTION('',(0.,0.,-1.));
#4169 = ORIENTED_EDGE('',*,*,#4025,.T.);
#4170 = ORIENTED_EDGE('',*,*,#4109,.F.);
#4171 = ORIENTED_EDGE('',*,*,#4172,.T.);
#4172 = EDGE_CURVE('',#4102,#4163,#4173,.T.);
#4173 = CIRCLE('',#4174,3.35);
#4174 = AXIS2_PLACEMENT_3D('',#4175,#4176,#4177);
#4175 = CARTESIAN_POINT('',(0.,0.,0.85));
#4176 = DIRECTION('',(0.,0.,-1.));
#4177 = DIRECTION('',(-1.,1.224646799147E-16,0.));
#4178 = CYLINDRICAL_SURFACE('',#4179,3.35);
#4179 = AXIS2_PLACEMENT_3D('',#4180,#4181,#4182);
#4180 = CARTESIAN_POINT('',(0.,0.,0.65));
#4181 = DIRECTION('',(0.,0.,-1.));
#4182 = DIRECTION('',(-1.,1.224646799147E-16,0.));
#4183 = ADVANCED_FACE('',(#4184),#4203,.F.);
#4184 = FACE_BOUND('',#4185,.F.);
#4185 = EDGE_LOOP('',(#4186,#4194,#4201,#4202));
#4186 = ORIENTED_EDGE('',*,*,#4187,.F.);
#4187 = EDGE_CURVE('',#4188,#3975,#4190,.T.);
#4188 = VERTEX_POINT('',#4189);
#4189 = CARTESIAN_POINT('',(-0.576628129734,-3.3,0.85));
#4190 = LINE('',#4191,#4192);
#4191 = CARTESIAN_POINT('',(-0.576628129734,-3.3,0.65));
#4192 = VECTOR('',#4193,1.);
#4193 = DIRECTION('',(0.,0.,-1.));
#4194 = ORIENTED_EDGE('',*,*,#4195,.T.);
#4195 = EDGE_CURVE('',#4188,#4117,#4196,.T.);
#4196 = CIRCLE('',#4197,3.35);
#4197 = AXIS2_PLACEMENT_3D('',#4198,#4199,#4200);
#4198 = CARTESIAN_POINT('',(0.,0.,0.85));
#4199 = DIRECTION('',(0.,0.,-1.));
#4200 = DIRECTION('',(-1.,1.224646799147E-16,0.));
#4201 = ORIENTED_EDGE('',*,*,#4116,.T.);
#4202 = ORIENTED_EDGE('',*,*,#3974,.T.);
#4203 = CYLINDRICAL_SURFACE('',#4204,3.35);
#4204 = AXIS2_PLACEMENT_3D('',#4205,#4206,#4207);
#4205 = CARTESIAN_POINT('',(0.,0.,0.65));
#4206 = DIRECTION('',(0.,0.,-1.));
#4207 = DIRECTION('',(-1.,1.224646799147E-16,0.));
#4208 = ADVANCED_FACE('',(#4209),#4259,.F.);
#4209 = FACE_BOUND('',#4210,.F.);
#4210 = EDGE_LOOP('',(#4211,#4221,#4229,#4237,#4243,#4244,#4245,#4253));
#4211 = ORIENTED_EDGE('',*,*,#4212,.F.);
#4212 = EDGE_CURVE('',#4213,#4215,#4217,.T.);
#4213 = VERTEX_POINT('',#4214);
#4214 = CARTESIAN_POINT('',(2.9,3.3,0.15));
#4215 = VERTEX_POINT('',#4216);
#4216 = CARTESIAN_POINT('',(-2.3,3.3,0.15));
#4217 = LINE('',#4218,#4219);
#4218 = CARTESIAN_POINT('',(3.3,3.3,0.15));
#4219 = VECTOR('',#4220,1.);
#4220 = DIRECTION('',(-1.,1.224646799147E-16,0.));
#4221 = ORIENTED_EDGE('',*,*,#4222,.T.);
#4222 = EDGE_CURVE('',#4213,#4223,#4225,.T.);
#4223 = VERTEX_POINT('',#4224);
#4224 = CARTESIAN_POINT('',(2.9,3.3,1.15));
#4225 = LINE('',#4226,#4227);
#4226 = CARTESIAN_POINT('',(2.9,3.3,0.15));
#4227 = VECTOR('',#4228,1.);
#4228 = DIRECTION('',(0.,0.,1.));
#4229 = ORIENTED_EDGE('',*,*,#4230,.T.);
#4230 = EDGE_CURVE('',#4223,#4231,#4233,.T.);
#4231 = VERTEX_POINT('',#4232);
#4232 = CARTESIAN_POINT('',(0.576628129734,3.3,1.15));
#4233 = LINE('',#4234,#4235);
#4234 = CARTESIAN_POINT('',(3.3,3.3,1.15));
#4235 = VECTOR('',#4236,1.);
#4236 = DIRECTION('',(-1.,1.224646799147E-16,0.));
#4237 = ORIENTED_EDGE('',*,*,#4238,.T.);
#4238 = EDGE_CURVE('',#4231,#4009,#4239,.T.);
#4239 = LINE('',#4240,#4241);
#4240 = CARTESIAN_POINT('',(0.576628129734,3.3,0.65));
#4241 = VECTOR('',#4242,1.);
#4242 = DIRECTION('',(0.,0.,-1.));
#4243 = ORIENTED_EDGE('',*,*,#4017,.T.);
#4244 = ORIENTED_EDGE('',*,*,#4162,.F.);
#4245 = ORIENTED_EDGE('',*,*,#4246,.T.);
#4246 = EDGE_CURVE('',#4163,#4247,#4249,.T.);
#4247 = VERTEX_POINT('',#4248);
#4248 = CARTESIAN_POINT('',(-2.3,3.3,0.85));
#4249 = LINE('',#4250,#4251);
#4250 = CARTESIAN_POINT('',(4.041334437186E-16,3.3,0.85));
#4251 = VECTOR('',#4252,1.);
#4252 = DIRECTION('',(-1.,1.224646799147E-16,0.));
#4253 = ORIENTED_EDGE('',*,*,#4254,.F.);
#4254 = EDGE_CURVE('',#4215,#4247,#4255,.T.);
#4255 = LINE('',#4256,#4257);
#4256 = CARTESIAN_POINT('',(-2.3,3.3,0.15));
#4257 = VECTOR('',#4258,1.);
#4258 = DIRECTION('',(0.,0.,1.));
#4259 = PLANE('',#4260);
#4260 = AXIS2_PLACEMENT_3D('',#4261,#4262,#4263);
#4261 = CARTESIAN_POINT('',(3.3,3.3,0.15));
#4262 = DIRECTION('',(-1.224646799147E-16,-1.,0.));
#4263 = DIRECTION('',(-1.,1.224646799147E-16,0.));
#4264 = ADVANCED_FACE('',(#4265),#4315,.F.);
#4265 = FACE_BOUND('',#4266,.F.);
#4266 = EDGE_LOOP('',(#4267,#4277,#4285,#4293,#4299,#4300,#4301,#4309));
#4267 = ORIENTED_EDGE('',*,*,#4268,.F.);
#4268 = EDGE_CURVE('',#4269,#4271,#4273,.T.);
#4269 = VERTEX_POINT('',#4270);
#4270 = CARTESIAN_POINT('',(2.9,-3.3,0.15));
#4271 = VERTEX_POINT('',#4272);
#4272 = CARTESIAN_POINT('',(2.9,-3.3,1.15));
#4273 = LINE('',#4274,#4275);
#4274 = CARTESIAN_POINT('',(2.9,-3.3,0.15));
#4275 = VECTOR('',#4276,1.);
#4276 = DIRECTION('',(0.,0.,1.));
#4277 = ORIENTED_EDGE('',*,*,#4278,.F.);
#4278 = EDGE_CURVE('',#4279,#4269,#4281,.T.);
#4279 = VERTEX_POINT('',#4280);
#4280 = CARTESIAN_POINT('',(-2.3,-3.3,0.15));
#4281 = LINE('',#4282,#4283);
#4282 = CARTESIAN_POINT('',(-2.3,-3.3,0.15));
#4283 = VECTOR('',#4284,1.);
#4284 = DIRECTION('',(1.,-1.224646799147E-16,0.));
#4285 = ORIENTED_EDGE('',*,*,#4286,.T.);
#4286 = EDGE_CURVE('',#4279,#4287,#4289,.T.);
#4287 = VERTEX_POINT('',#4288);
#4288 = CARTESIAN_POINT('',(-2.3,-3.3,0.85));
#4289 = LINE('',#4290,#4291);
#4290 = CARTESIAN_POINT('',(-2.3,-3.3,0.15));
#4291 = VECTOR('',#4292,1.);
#4292 = DIRECTION('',(0.,0.,1.));
#4293 = ORIENTED_EDGE('',*,*,#4294,.F.);
#4294 = EDGE_CURVE('',#4188,#4287,#4295,.T.);
#4295 = LINE('',#4296,#4297);
#4296 = CARTESIAN_POINT('',(-4.041334437186E-16,-3.3,0.85));
#4297 = VECTOR('',#4298,1.);
#4298 = DIRECTION('',(-1.,1.224646799147E-16,0.));
#4299 = ORIENTED_EDGE('',*,*,#4187,.T.);
#4300 = ORIENTED_EDGE('',*,*,#3983,.T.);
#4301 = ORIENTED_EDGE('',*,*,#4302,.F.);
#4302 = EDGE_CURVE('',#4303,#3984,#4305,.T.);
#4303 = VERTEX_POINT('',#4304);
#4304 = CARTESIAN_POINT('',(0.576628129734,-3.3,1.15));
#4305 = LINE('',#4306,#4307);
#4306 = CARTESIAN_POINT('',(0.576628129734,-3.3,0.65));
#4307 = VECTOR('',#4308,1.);
#4308 = DIRECTION('',(0.,0.,-1.));
#4309 = ORIENTED_EDGE('',*,*,#4310,.T.);
#4310 = EDGE_CURVE('',#4303,#4271,#4311,.T.);
#4311 = LINE('',#4312,#4313);
#4312 = CARTESIAN_POINT('',(-2.3,-3.3,1.15));
#4313 = VECTOR('',#4314,1.);
#4314 = DIRECTION('',(1.,-1.224646799147E-16,0.));
#4315 = PLANE('',#4316);
#4316 = AXIS2_PLACEMENT_3D('',#4317,#4318,#4319);
#4317 = CARTESIAN_POINT('',(-2.3,-3.3,0.15));
#4318 = DIRECTION('',(1.224646799147E-16,1.,0.));
#4319 = DIRECTION('',(1.,-1.224646799147E-16,0.));
#4320 = ADVANCED_FACE('',(#4321),#4340,.F.);
#4321 = FACE_BOUND('',#4322,.F.);
#4322 = EDGE_LOOP('',(#4323,#4332,#4338,#4339));
#4323 = ORIENTED_EDGE('',*,*,#4324,.F.);
#4324 = EDGE_CURVE('',#4325,#4231,#4327,.T.);
#4325 = VERTEX_POINT('',#4326);
#4326 = CARTESIAN_POINT('',(3.3,0.576628129734,1.15));
#4327 = CIRCLE('',#4328,3.35);
#4328 = AXIS2_PLACEMENT_3D('',#4329,#4330,#4331);
#4329 = CARTESIAN_POINT('',(0.,0.,1.15));
#4330 = DIRECTION('',(0.,0.,1.));
#4331 = DIRECTION('',(-1.,1.224646799147E-16,0.));
#4332 = ORIENTED_EDGE('',*,*,#4333,.T.);
#4333 = EDGE_CURVE('',#4325,#4001,#4334,.T.);
#4334 = LINE('',#4335,#4336);
#4335 = CARTESIAN_POINT('',(3.3,0.576628129734,0.65));
#4336 = VECTOR('',#4337,1.);
#4337 = DIRECTION('',(0.,0.,-1.));
#4338 = ORIENTED_EDGE('',*,*,#4008,.T.);
#4339 = ORIENTED_EDGE('',*,*,#4238,.F.);
#4340 = CYLINDRICAL_SURFACE('',#4341,3.35);
#4341 = AXIS2_PLACEMENT_3D('',#4342,#4343,#4344);
#4342 = CARTESIAN_POINT('',(0.,0.,0.65));
#4343 = DIRECTION('',(0.,0.,-1.));
#4344 = DIRECTION('',(-1.,1.224646799147E-16,0.));
#4345 = ADVANCED_FACE('',(#4346),#4365,.F.);
#4346 = FACE_BOUND('',#4347,.F.);
#4347 = EDGE_LOOP('',(#4348,#4356,#4363,#4364));
#4348 = ORIENTED_EDGE('',*,*,#4349,.F.);
#4349 = EDGE_CURVE('',#4350,#3992,#4352,.T.);
#4350 = VERTEX_POINT('',#4351);
#4351 = CARTESIAN_POINT('',(3.3,-0.576628129734,1.15));
#4352 = LINE('',#4353,#4354);
#4353 = CARTESIAN_POINT('',(3.3,-0.576628129734,0.65));
#4354 = VECTOR('',#4355,1.);
#4355 = DIRECTION('',(0.,0.,-1.));
#4356 = ORIENTED_EDGE('',*,*,#4357,.F.);
#4357 = EDGE_CURVE('',#4303,#4350,#4358,.T.);
#4358 = CIRCLE('',#4359,3.35);
#4359 = AXIS2_PLACEMENT_3D('',#4360,#4361,#4362);
#4360 = CARTESIAN_POINT('',(0.,0.,1.15));
#4361 = DIRECTION('',(0.,0.,1.));
#4362 = DIRECTION('',(-1.,1.224646799147E-16,0.));
#4363 = ORIENTED_EDGE('',*,*,#4302,.T.);
#4364 = ORIENTED_EDGE('',*,*,#3991,.T.);
#4365 = CYLINDRICAL_SURFACE('',#4366,3.35);
#4366 = AXIS2_PLACEMENT_3D('',#4367,#4368,#4369);
#4367 = CARTESIAN_POINT('',(0.,0.,0.65));
#4368 = DIRECTION('',(0.,0.,-1.));
#4369 = DIRECTION('',(-1.,1.224646799147E-16,0.));
#4370 = ADVANCED_FACE('',(#4371),#4430,.F.);
#4371 = FACE_BOUND('',#4372,.F.);
#4372 = EDGE_LOOP('',(#4373,#4383,#4391,#4397,#4398,#4399,#4400,#4408,
    #4416,#4424));
#4373 = ORIENTED_EDGE('',*,*,#4374,.F.);
#4374 = EDGE_CURVE('',#4375,#4377,#4379,.T.);
#4375 = VERTEX_POINT('',#4376);
#4376 = CARTESIAN_POINT('',(3.3,-2.9,0.15));
#4377 = VERTEX_POINT('',#4378);
#4378 = CARTESIAN_POINT('',(3.3,-0.325,0.15));
#4379 = LINE('',#4380,#4381);
#4380 = CARTESIAN_POINT('',(3.3,-3.3,0.15));
#4381 = VECTOR('',#4382,1.);
#4382 = DIRECTION('',(1.224646799147E-16,1.,0.));
#4383 = ORIENTED_EDGE('',*,*,#4384,.T.);
#4384 = EDGE_CURVE('',#4375,#4385,#4387,.T.);
#4385 = VERTEX_POINT('',#4386);
#4386 = CARTESIAN_POINT('',(3.3,-2.9,1.15));
#4387 = LINE('',#4388,#4389);
#4388 = CARTESIAN_POINT('',(3.3,-2.9,0.15));
#4389 = VECTOR('',#4390,1.);
#4390 = DIRECTION('',(0.,0.,1.));
#4391 = ORIENTED_EDGE('',*,*,#4392,.T.);
#4392 = EDGE_CURVE('',#4385,#4350,#4393,.T.);
#4393 = LINE('',#4394,#4395);
#4394 = CARTESIAN_POINT('',(3.3,-3.3,1.15));
#4395 = VECTOR('',#4396,1.);
#4396 = DIRECTION('',(1.224646799147E-16,1.,0.));
#4397 = ORIENTED_EDGE('',*,*,#4349,.T.);
#4398 = ORIENTED_EDGE('',*,*,#4000,.T.);
#4399 = ORIENTED_EDGE('',*,*,#4333,.F.);
#4400 = ORIENTED_EDGE('',*,*,#4401,.T.);
#4401 = EDGE_CURVE('',#4325,#4402,#4404,.T.);
#4402 = VERTEX_POINT('',#4403);
#4403 = CARTESIAN_POINT('',(3.3,2.9,1.15));
#4404 = LINE('',#4405,#4406);
#4405 = CARTESIAN_POINT('',(3.3,-3.3,1.15));
#4406 = VECTOR('',#4407,1.);
#4407 = DIRECTION('',(1.224646799147E-16,1.,0.));
#4408 = ORIENTED_EDGE('',*,*,#4409,.F.);
#4409 = EDGE_CURVE('',#4410,#4402,#4412,.T.);
#4410 = VERTEX_POINT('',#4411);
#4411 = CARTESIAN_POINT('',(3.3,2.9,0.15));
#4412 = LINE('',#4413,#4414);
#4413 = CARTESIAN_POINT('',(3.3,2.9,0.15));
#4414 = VECTOR('',#4415,1.);
#4415 = DIRECTION('',(0.,0.,1.));
#4416 = ORIENTED_EDGE('',*,*,#4417,.F.);
#4417 = EDGE_CURVE('',#4418,#4410,#4420,.T.);
#4418 = VERTEX_POINT('',#4419);
#4419 = CARTESIAN_POINT('',(3.3,0.325,0.15));
#4420 = LINE('',#4421,#4422);
#4421 = CARTESIAN_POINT('',(3.3,-3.3,0.15));
#4422 = VECTOR('',#4423,1.);
#4423 = DIRECTION('',(1.224646799147E-16,1.,0.));
#4424 = ORIENTED_EDGE('',*,*,#4425,.F.);
#4425 = EDGE_CURVE('',#4377,#4418,#4426,.T.);
#4426 = LINE('',#4427,#4428);
#4427 = CARTESIAN_POINT('',(3.3,-3.3,0.15));
#4428 = VECTOR('',#4429,1.);
#4429 = DIRECTION('',(1.224646799147E-16,1.,0.));
#4430 = PLANE('',#4431);
#4431 = AXIS2_PLACEMENT_3D('',#4432,#4433,#4434);
#4432 = CARTESIAN_POINT('',(3.3,-3.3,0.15));
#4433 = DIRECTION('',(-1.,1.224646799147E-16,0.));
#4434 = DIRECTION('',(1.224646799147E-16,1.,0.));
#4435 = ADVANCED_FACE('',(#4436),#4465,.T.);
#4436 = FACE_BOUND('',#4437,.T.);
#4437 = EDGE_LOOP('',(#4438,#4446,#4463,#4464));
#4438 = ORIENTED_EDGE('',*,*,#4439,.T.);
#4439 = EDGE_CURVE('',#4044,#4440,#4442,.T.);
#4440 = VERTEX_POINT('',#4441);
#4441 = CARTESIAN_POINT('',(-3.15,3.857637417314E-16,2.593398544562));
#4442 = ( BOUNDED_CURVE() B_SPLINE_CURVE(2,(#4443,#4444,#4445),
.UNSPECIFIED.,.F.,.F.) B_SPLINE_CURVE_WITH_KNOTS((3,3),(0.,
19.792033717616),.PIECEWISE_BEZIER_KNOTS.) CURVE() 
GEOMETRIC_REPRESENTATION_ITEM() RATIONAL_B_SPLINE_CURVE((1.,
0.738548945876,1.)) REPRESENTATION_ITEM('') );
#4443 = CARTESIAN_POINT('',(-3.121363636364,3.822567986248E-16,
    2.562028979904));
#4444 = CARTESIAN_POINT('',(-3.15,-4.395309519645E-16,2.564643110293));
#4445 = CARTESIAN_POINT('',(-3.15,3.857637417314E-16,2.593398544562));
#4446 = ORIENTED_EDGE('',*,*,#4447,.T.);
#4447 = EDGE_CURVE('',#4440,#4440,#4448,.T.);
#4448 = ( BOUNDED_CURVE() B_SPLINE_CURVE(13,(#4449,#4450,#4451,#4452,
    #4453,#4454,#4455,#4456,#4457,#4458,#4459,#4460,#4461,#4462),
.UNSPECIFIED.,.T.,.F.) B_SPLINE_CURVE_WITH_KNOTS((1,13,13,1),(
    -19.79203371761,3.914259941243E-16,19.792033717616,39.584067435232),
.UNSPECIFIED.) CURVE() GEOMETRIC_REPRESENTATION_ITEM() 
RATIONAL_B_SPLINE_CURVE((1.,1.,1.000000000001,0.999999999998,
    1.000000000004,0.999999999994,1.000000000007,0.999999999994,
    1.000000000005,0.999999999997,1.000000000001,1.,1.,1.)) 
REPRESENTATION_ITEM('') );
#4449 = CARTESIAN_POINT('',(-3.15,3.857637417314E-16,2.593398544562));
#4450 = CARTESIAN_POINT('',(-3.150000000001,1.500440617323,
    2.593398544562));
#4451 = CARTESIAN_POINT('',(-2.374522784297,3.035482525996,
    2.593398544562));
#4452 = CARTESIAN_POINT('',(-0.778699260131,4.133102804314,
    2.593398544562));
#4453 = CARTESIAN_POINT('',(1.417356467596,4.301676360904,2.593398544562
    ));
#4454 = CARTESIAN_POINT('',(3.314487228421,3.131786890311,2.593398544561
    ));
#4455 = CARTESIAN_POINT('',(4.705833357228,1.424009627078,2.593398544562
    ));
#4456 = CARTESIAN_POINT('',(4.705833357259,-1.424009627096,
    2.593398544561));
#4457 = CARTESIAN_POINT('',(3.31448722841,-3.131786890279,2.593398544562
    ));
#4458 = CARTESIAN_POINT('',(1.417356467592,-4.301676360932,
    2.593398544562));
#4459 = CARTESIAN_POINT('',(-0.778699260122,-4.133102804301,
    2.593398544562));
#4460 = CARTESIAN_POINT('',(-2.374522784302,-3.035482525999,
    2.593398544562));
#4461 = CARTESIAN_POINT('',(-3.15,-1.500440617323,2.593398544562));
#4462 = CARTESIAN_POINT('',(-3.15,3.857637417314E-16,2.593398544562));
#4463 = ORIENTED_EDGE('',*,*,#4439,.F.);
#4464 = ORIENTED_EDGE('',*,*,#4054,.F.);
#4465 = ( BOUNDED_SURFACE() B_SPLINE_SURFACE(2,13,(
    (#4466,#4467,#4468,#4469,#4470,#4471,#4472,#4473,#4474,#4475,#4476
      ,#4477,#4478,#4479)
    ,(#4480,#4481,#4482,#4483,#4484,#4485,#4486,#4487,#4488,#4489,#4490
      ,#4491,#4492,#4493)
    ,(#4494,#4495,#4496,#4497,#4498,#4499,#4500,#4501,#4502,#4503,#4504
      ,#4505,#4506,#4507
)),.UNSPECIFIED.,.F.,.T.,.F.) B_SPLINE_SURFACE_WITH_KNOTS((3,3),(1,13,13
    ,1),(0.,19.792033717616),(-19.79203371761,3.914259941243E-16,
    19.792033717616,39.584067435232),.UNSPECIFIED.) 
GEOMETRIC_REPRESENTATION_ITEM() RATIONAL_B_SPLINE_SURFACE((
    (1.,1.,1.000000000001,0.999999999998,1.000000000004,0.999999999994
      ,1.000000000007,0.999999999994,1.000000000005,0.999999999997
      ,1.000000000001,1.,1.,1.)
    ,(0.738548945876,0.738548945876,0.738548945876,0.738548945875
      ,0.738548945878,0.738548945873,0.738548945879,0.738548945873
      ,0.738548945878,0.738548945875,0.738548945877,0.738548945876
      ,0.738548945876,0.738548945876)
    ,(1.,1.,1.000000000001,0.999999999998,1.000000000004,0.999999999994
      ,1.000000000007,0.999999999994,1.000000000005,0.999999999997
,1.000000000001,1.,1.,1.))) REPRESENTATION_ITEM('') SURFACE() );
#4466 = CARTESIAN_POINT('',(-3.121363636364,3.822567986248E-16,
    2.562028979904));
#4467 = CARTESIAN_POINT('',(-3.121363636364,1.486800248075,
    2.562028979904));
#4468 = CARTESIAN_POINT('',(-2.352936213531,3.007887230306,
    2.562028979904));
#4469 = CARTESIAN_POINT('',(-0.771620175947,4.095529142455,
    2.562028979904));
#4470 = CARTESIAN_POINT('',(1.404471408799,4.262570212172,2.562028979904
    ));
#4471 = CARTESIAN_POINT('',(3.284355526347,3.103316100394,2.562028979904
    ));
#4472 = CARTESIAN_POINT('',(4.663053053976,1.411064085019,2.562028979904
    ));
#4473 = CARTESIAN_POINT('',(4.663053054016,-1.411064085037,
    2.562028979904));
#4474 = CARTESIAN_POINT('',(3.284355526329,-3.103316100364,
    2.562028979904));
#4475 = CARTESIAN_POINT('',(1.404471408799,-4.262570212199,
    2.562028979904));
#4476 = CARTESIAN_POINT('',(-0.771620175941,-4.095529142443,
    2.562028979904));
#4477 = CARTESIAN_POINT('',(-2.352936213535,-3.007887230309,
    2.562028979904));
#4478 = CARTESIAN_POINT('',(-3.121363636363,-1.486800248074,
    2.562028979904));
#4479 = CARTESIAN_POINT('',(-3.121363636364,3.822567986248E-16,
    2.562028979904));
#4480 = CARTESIAN_POINT('',(-3.15,-4.395309519645E-16,2.564643110293));
#4481 = CARTESIAN_POINT('',(-3.150000000001,1.500440617323,
    2.564643110293));
#4482 = CARTESIAN_POINT('',(-2.374522784295,3.035482525996,
    2.564643110293));
#4483 = CARTESIAN_POINT('',(-0.778699260136,4.133102804312,
    2.564643110292));
#4484 = CARTESIAN_POINT('',(1.41735646761,4.301676360909,2.564643110293)
  );
#4485 = CARTESIAN_POINT('',(3.314487228397,3.131786890306,2.564643110292
    ));
#4486 = CARTESIAN_POINT('',(4.705833357259,1.424009627081,2.564643110293
    ));
#4487 = CARTESIAN_POINT('',(4.705833357228,-1.424009627094,
    2.564643110292));
#4488 = CARTESIAN_POINT('',(3.314487228431,-3.131786890283,
    2.564643110293));
#4489 = CARTESIAN_POINT('',(1.41735646758,-4.301676360929,2.564643110292
    ));
#4490 = CARTESIAN_POINT('',(-0.778699260117,-4.133102804302,
    2.564643110293));
#4491 = CARTESIAN_POINT('',(-2.374522784304,-3.035482525999,
    2.564643110293));
#4492 = CARTESIAN_POINT('',(-3.149999999999,-1.500440617323,
    2.564643110293));
#4493 = CARTESIAN_POINT('',(-3.15,-4.395309519645E-16,2.564643110293));
#4494 = CARTESIAN_POINT('',(-3.15,3.857637417314E-16,2.593398544562));
#4495 = CARTESIAN_POINT('',(-3.150000000001,1.500440617323,
    2.593398544562));
#4496 = CARTESIAN_POINT('',(-2.374522784297,3.035482525996,
    2.593398544562));
#4497 = CARTESIAN_POINT('',(-0.778699260131,4.133102804314,
    2.593398544562));
#4498 = CARTESIAN_POINT('',(1.417356467596,4.301676360904,2.593398544562
    ));
#4499 = CARTESIAN_POINT('',(3.314487228421,3.131786890311,2.593398544561
    ));
#4500 = CARTESIAN_POINT('',(4.705833357228,1.424009627078,2.593398544562
    ));
#4501 = CARTESIAN_POINT('',(4.705833357259,-1.424009627096,
    2.593398544561));
#4502 = CARTESIAN_POINT('',(3.31448722841,-3.131786890279,2.593398544562
    ));
#4503 = CARTESIAN_POINT('',(1.417356467592,-4.301676360932,
    2.593398544562));
#4504 = CARTESIAN_POINT('',(-0.778699260122,-4.133102804301,
    2.593398544562));
#4505 = CARTESIAN_POINT('',(-2.374522784302,-3.035482525999,
    2.593398544562));
#4506 = CARTESIAN_POINT('',(-3.15,-1.500440617323,2.593398544562));
#4507 = CARTESIAN_POINT('',(-3.15,3.857637417314E-16,2.593398544562));
#4508 = ADVANCED_FACE('',(#4509),#4589,.F.);
#4509 = FACE_BOUND('',#4510,.F.);
#4510 = EDGE_LOOP('',(#4511,#4518,#4519,#4527,#4536,#4542,#4543,#4550,
    #4551,#4557,#4558,#4566,#4575,#4581,#4582,#4588));
#4511 = ORIENTED_EDGE('',*,*,#4512,.F.);
#4512 = EDGE_CURVE('',#4375,#4269,#4513,.T.);
#4513 = CIRCLE('',#4514,0.4);
#4514 = AXIS2_PLACEMENT_3D('',#4515,#4516,#4517);
#4515 = CARTESIAN_POINT('',(2.9,-2.9,0.15));
#4516 = DIRECTION('',(0.,0.,-1.));
#4517 = DIRECTION('',(1.224646799147E-16,1.,0.));
#4518 = ORIENTED_EDGE('',*,*,#4374,.T.);
#4519 = ORIENTED_EDGE('',*,*,#4520,.F.);
#4520 = EDGE_CURVE('',#4521,#4377,#4523,.T.);
#4521 = VERTEX_POINT('',#4522);
#4522 = CARTESIAN_POINT('',(1.225,-0.325,0.15));
#4523 = LINE('',#4524,#4525);
#4524 = CARTESIAN_POINT('',(1.225,-0.325,0.15));
#4525 = VECTOR('',#4526,1.);
#4526 = DIRECTION('',(1.,-2.656811920655E-16,0.));
#4527 = ORIENTED_EDGE('',*,*,#4528,.F.);
#4528 = EDGE_CURVE('',#4529,#4521,#4531,.T.);
#4529 = VERTEX_POINT('',#4530);
#4530 = CARTESIAN_POINT('',(1.225,0.325,0.15));
#4531 = CIRCLE('',#4532,0.325);
#4532 = AXIS2_PLACEMENT_3D('',#4533,#4534,#4535);
#4533 = CARTESIAN_POINT('',(1.225,-3.000384657911E-16,0.15));
#4534 = DIRECTION('',(0.,-0.,1.));
#4535 = DIRECTION('',(9.281435288296E-16,1.,0.));
#4536 = ORIENTED_EDGE('',*,*,#4537,.F.);
#4537 = EDGE_CURVE('',#4418,#4529,#4538,.T.);
#4538 = LINE('',#4539,#4540);
#4539 = CARTESIAN_POINT('',(3.9,0.325,0.15));
#4540 = VECTOR('',#4541,1.);
#4541 = DIRECTION('',(-1.,2.449293598295E-16,0.));
#4542 = ORIENTED_EDGE('',*,*,#4417,.T.);
#4543 = ORIENTED_EDGE('',*,*,#4544,.F.);
#4544 = EDGE_CURVE('',#4213,#4410,#4545,.T.);
#4545 = CIRCLE('',#4546,0.4);
#4546 = AXIS2_PLACEMENT_3D('',#4547,#4548,#4549);
#4547 = CARTESIAN_POINT('',(2.9,2.9,0.15));
#4548 = DIRECTION('',(0.,0.,-1.));
#4549 = DIRECTION('',(1.224646799147E-16,1.,0.));
#4550 = ORIENTED_EDGE('',*,*,#4212,.T.);
#4551 = ORIENTED_EDGE('',*,*,#4552,.T.);
#4552 = EDGE_CURVE('',#4215,#4084,#4553,.T.);
#4553 = LINE('',#4554,#4555);
#4554 = CARTESIAN_POINT('',(-2.3,3.3,0.15));
#4555 = VECTOR('',#4556,1.);
#4556 = DIRECTION('',(-0.707106781187,-0.707106781187,0.));
#4557 = ORIENTED_EDGE('',*,*,#4083,.T.);
#4558 = ORIENTED_EDGE('',*,*,#4559,.F.);
#4559 = EDGE_CURVE('',#4560,#4086,#4562,.T.);
#4560 = VERTEX_POINT('',#4561);
#4561 = CARTESIAN_POINT('',(-1.225,0.325,0.15));
#4562 = LINE('',#4563,#4564);
#4563 = CARTESIAN_POINT('',(-1.225,0.325,0.15));
#4564 = VECTOR('',#4565,1.);
#4565 = DIRECTION('',(-1.,1.432165121507E-16,0.));
#4566 = ORIENTED_EDGE('',*,*,#4567,.F.);
#4567 = EDGE_CURVE('',#4568,#4560,#4570,.T.);
#4568 = VERTEX_POINT('',#4569);
#4569 = CARTESIAN_POINT('',(-1.225,-0.325,0.15));
#4570 = CIRCLE('',#4571,0.325);
#4571 = AXIS2_PLACEMENT_3D('',#4572,#4573,#4574);
#4572 = CARTESIAN_POINT('',(-1.225,1.500192328956E-16,0.15));
#4573 = DIRECTION('',(0.,0.,1.));
#4574 = DIRECTION('',(-8.056788489148E-16,-1.,0.));
#4575 = ORIENTED_EDGE('',*,*,#4576,.F.);
#4576 = EDGE_CURVE('',#4141,#4568,#4577,.T.);
#4577 = LINE('',#4578,#4579);
#4578 = CARTESIAN_POINT('',(-3.9,-0.325,0.15));
#4579 = VECTOR('',#4580,1.);
#4580 = DIRECTION('',(1.,-1.224646799147E-16,0.));
#4581 = ORIENTED_EDGE('',*,*,#4140,.T.);
#4582 = ORIENTED_EDGE('',*,*,#4583,.T.);
#4583 = EDGE_CURVE('',#4133,#4279,#4584,.T.);
#4584 = LINE('',#4585,#4586);
#4585 = CARTESIAN_POINT('',(-3.3,-2.3,0.15));
#4586 = VECTOR('',#4587,1.);
#4587 = DIRECTION('',(0.707106781187,-0.707106781187,0.));
#4588 = ORIENTED_EDGE('',*,*,#4278,.T.);
#4589 = PLANE('',#4590);
#4590 = AXIS2_PLACEMENT_3D('',#4591,#4592,#4593);
#4591 = CARTESIAN_POINT('',(0.169665910187,-2.077808138351E-17,0.15));
#4592 = DIRECTION('',(0.,0.,1.));
#4593 = DIRECTION('',(-1.,1.224646799147E-16,0.));
#4594 = ADVANCED_FACE('',(#4595),#4606,.F.);
#4595 = FACE_BOUND('',#4596,.F.);
#4596 = EDGE_LOOP('',(#4597,#4598,#4599,#4605));
#4597 = ORIENTED_EDGE('',*,*,#4552,.F.);
#4598 = ORIENTED_EDGE('',*,*,#4254,.T.);
#4599 = ORIENTED_EDGE('',*,*,#4600,.T.);
#4600 = EDGE_CURVE('',#4247,#4094,#4601,.T.);
#4601 = LINE('',#4602,#4603);
#4602 = CARTESIAN_POINT('',(-1.725,3.875,0.85));
#4603 = VECTOR('',#4604,1.);
#4604 = DIRECTION('',(-0.707106781187,-0.707106781187,0.));
#4605 = ORIENTED_EDGE('',*,*,#4093,.F.);
#4606 = PLANE('',#4607);
#4607 = AXIS2_PLACEMENT_3D('',#4608,#4609,#4610);
#4608 = CARTESIAN_POINT('',(-2.3,3.3,0.15));
#4609 = DIRECTION('',(0.707106781187,-0.707106781187,0.));
#4610 = DIRECTION('',(-0.707106781187,-0.707106781187,0.));
#4611 = ADVANCED_FACE('',(#4612),#4637,.T.);
#4612 = FACE_BOUND('',#4613,.T.);
#4613 = EDGE_LOOP('',(#4614,#4622,#4630,#4636));
#4614 = ORIENTED_EDGE('',*,*,#4615,.T.);
#4615 = EDGE_CURVE('',#4086,#4616,#4618,.T.);
#4616 = VERTEX_POINT('',#4617);
#4617 = CARTESIAN_POINT('',(-3.9,0.325,0.15));
#4618 = LINE('',#4619,#4620);
#4619 = CARTESIAN_POINT('',(-1.225,0.325,0.15));
#4620 = VECTOR('',#4621,1.);
#4621 = DIRECTION('',(-1.,1.432165121507E-16,0.));
#4622 = ORIENTED_EDGE('',*,*,#4623,.T.);
#4623 = EDGE_CURVE('',#4616,#4624,#4626,.T.);
#4624 = VERTEX_POINT('',#4625);
#4625 = CARTESIAN_POINT('',(-3.9,-0.325,0.15));
#4626 = LINE('',#4627,#4628);
#4627 = CARTESIAN_POINT('',(-3.9,0.325,0.15));
#4628 = VECTOR('',#4629,1.);
#4629 = DIRECTION('',(-1.224646799147E-16,-1.,0.));
#4630 = ORIENTED_EDGE('',*,*,#4631,.T.);
#4631 = EDGE_CURVE('',#4624,#4141,#4632,.T.);
#4632 = LINE('',#4633,#4634);
#4633 = CARTESIAN_POINT('',(-3.9,-0.325,0.15));
#4634 = VECTOR('',#4635,1.);
#4635 = DIRECTION('',(1.,-1.224646799147E-16,0.));
#4636 = ORIENTED_EDGE('',*,*,#4148,.F.);
#4637 = PLANE('',#4638);
#4638 = AXIS2_PLACEMENT_3D('',#4639,#4640,#4641);
#4639 = CARTESIAN_POINT('',(-2.47395012666,2.870543344061E-16,0.15));
#4640 = DIRECTION('',(0.,0.,1.));
#4641 = DIRECTION('',(-1.,1.224646799147E-16,0.));
#4642 = ADVANCED_FACE('',(#4643),#4649,.T.);
#4643 = FACE_BOUND('',#4644,.T.);
#4644 = EDGE_LOOP('',(#4645,#4646,#4647,#4648));
#4645 = ORIENTED_EDGE('',*,*,#4172,.T.);
#4646 = ORIENTED_EDGE('',*,*,#4246,.T.);
#4647 = ORIENTED_EDGE('',*,*,#4600,.T.);
#4648 = ORIENTED_EDGE('',*,*,#4101,.T.);
#4649 = PLANE('',#4650);
#4650 = AXIS2_PLACEMENT_3D('',#4651,#4652,#4653);
#4651 = CARTESIAN_POINT('',(4.041334437186E-16,3.3,0.85));
#4652 = DIRECTION('',(0.,0.,1.));
#4653 = DIRECTION('',(-1.,1.224646799147E-16,0.));
#4654 = ADVANCED_FACE('',(#4655),#4666,.F.);
#4655 = FACE_BOUND('',#4656,.F.);
#4656 = EDGE_LOOP('',(#4657,#4658,#4659,#4665));
#4657 = ORIENTED_EDGE('',*,*,#4583,.F.);
#4658 = ORIENTED_EDGE('',*,*,#4132,.T.);
#4659 = ORIENTED_EDGE('',*,*,#4660,.T.);
#4660 = EDGE_CURVE('',#4125,#4287,#4661,.T.);
#4661 = LINE('',#4662,#4663);
#4662 = CARTESIAN_POINT('',(-3.875,-1.725,0.85));
#4663 = VECTOR('',#4664,1.);
#4664 = DIRECTION('',(0.707106781187,-0.707106781187,0.));
#4665 = ORIENTED_EDGE('',*,*,#4286,.F.);
#4666 = PLANE('',#4667);
#4667 = AXIS2_PLACEMENT_3D('',#4668,#4669,#4670);
#4668 = CARTESIAN_POINT('',(-3.3,-2.3,0.15));
#4669 = DIRECTION('',(0.707106781187,0.707106781187,0.));
#4670 = DIRECTION('',(0.707106781187,-0.707106781187,0.));
#4671 = ADVANCED_FACE('',(#4672),#4678,.T.);
#4672 = FACE_BOUND('',#4673,.T.);
#4673 = EDGE_LOOP('',(#4674,#4675,#4676,#4677));
#4674 = ORIENTED_EDGE('',*,*,#4294,.F.);
#4675 = ORIENTED_EDGE('',*,*,#4195,.T.);
#4676 = ORIENTED_EDGE('',*,*,#4124,.T.);
#4677 = ORIENTED_EDGE('',*,*,#4660,.T.);
#4678 = PLANE('',#4679);
#4679 = AXIS2_PLACEMENT_3D('',#4680,#4681,#4682);
#4680 = CARTESIAN_POINT('',(4.041334437186E-16,3.3,0.85));
#4681 = DIRECTION('',(0.,0.,1.));
#4682 = DIRECTION('',(-1.,1.224646799147E-16,0.));
#4683 = ADVANCED_FACE('',(#4684),#4696,.T.);
#4684 = FACE_BOUND('',#4685,.T.);
#4685 = EDGE_LOOP('',(#4686,#4687,#4688,#4695));
#4686 = ORIENTED_EDGE('',*,*,#4324,.F.);
#4687 = ORIENTED_EDGE('',*,*,#4401,.T.);
#4688 = ORIENTED_EDGE('',*,*,#4689,.F.);
#4689 = EDGE_CURVE('',#4223,#4402,#4690,.T.);
#4690 = CIRCLE('',#4691,0.4);
#4691 = AXIS2_PLACEMENT_3D('',#4692,#4693,#4694);
#4692 = CARTESIAN_POINT('',(2.9,2.9,1.15));
#4693 = DIRECTION('',(0.,0.,-1.));
#4694 = DIRECTION('',(1.224646799147E-16,1.,0.));
#4695 = ORIENTED_EDGE('',*,*,#4230,.T.);
#4696 = PLANE('',#4697);
#4697 = AXIS2_PLACEMENT_3D('',#4698,#4699,#4700);
#4698 = CARTESIAN_POINT('',(0.169665910187,-2.077808138351E-17,1.15));
#4699 = DIRECTION('',(0.,0.,1.));
#4700 = DIRECTION('',(-1.,1.224646799147E-16,0.));
#4701 = ADVANCED_FACE('',(#4702),#4708,.T.);
#4702 = FACE_BOUND('',#4703,.T.);
#4703 = EDGE_LOOP('',(#4704,#4705,#4706,#4707));
#4704 = ORIENTED_EDGE('',*,*,#4222,.T.);
#4705 = ORIENTED_EDGE('',*,*,#4689,.T.);
#4706 = ORIENTED_EDGE('',*,*,#4409,.F.);
#4707 = ORIENTED_EDGE('',*,*,#4544,.F.);
#4708 = CYLINDRICAL_SURFACE('',#4709,0.4);
#4709 = AXIS2_PLACEMENT_3D('',#4710,#4711,#4712);
#4710 = CARTESIAN_POINT('',(2.9,2.9,0.15));
#4711 = DIRECTION('',(0.,0.,1.));
#4712 = DIRECTION('',(1.224646799147E-16,1.,-0.));
#4713 = ADVANCED_FACE('',(#4714),#4726,.T.);
#4714 = FACE_BOUND('',#4715,.T.);
#4715 = EDGE_LOOP('',(#4716,#4717,#4724,#4725));
#4716 = ORIENTED_EDGE('',*,*,#4384,.T.);
#4717 = ORIENTED_EDGE('',*,*,#4718,.T.);
#4718 = EDGE_CURVE('',#4385,#4271,#4719,.T.);
#4719 = CIRCLE('',#4720,0.4);
#4720 = AXIS2_PLACEMENT_3D('',#4721,#4722,#4723);
#4721 = CARTESIAN_POINT('',(2.9,-2.9,1.15));
#4722 = DIRECTION('',(0.,0.,-1.));
#4723 = DIRECTION('',(1.224646799147E-16,1.,0.));
#4724 = ORIENTED_EDGE('',*,*,#4268,.F.);
#4725 = ORIENTED_EDGE('',*,*,#4512,.F.);
#4726 = CYLINDRICAL_SURFACE('',#4727,0.4);
#4727 = AXIS2_PLACEMENT_3D('',#4728,#4729,#4730);
#4728 = CARTESIAN_POINT('',(2.9,-2.9,0.15));
#4729 = DIRECTION('',(0.,0.,1.));
#4730 = DIRECTION('',(1.,-1.224646799147E-16,0.));
#4731 = ADVANCED_FACE('',(#4732),#4738,.T.);
#4732 = FACE_BOUND('',#4733,.T.);
#4733 = EDGE_LOOP('',(#4734,#4735,#4736,#4737));
#4734 = ORIENTED_EDGE('',*,*,#4718,.F.);
#4735 = ORIENTED_EDGE('',*,*,#4392,.T.);
#4736 = ORIENTED_EDGE('',*,*,#4357,.F.);
#4737 = ORIENTED_EDGE('',*,*,#4310,.T.);
#4738 = PLANE('',#4739);
#4739 = AXIS2_PLACEMENT_3D('',#4740,#4741,#4742);
#4740 = CARTESIAN_POINT('',(0.169665910187,-2.077808138351E-17,1.15));
#4741 = DIRECTION('',(0.,0.,1.));
#4742 = DIRECTION('',(-1.,1.224646799147E-16,0.));
#4743 = ADVANCED_FACE('',(#4744),#4769,.T.);
#4744 = FACE_BOUND('',#4745,.T.);
#4745 = EDGE_LOOP('',(#4746,#4754,#4762,#4768));
#4746 = ORIENTED_EDGE('',*,*,#4747,.T.);
#4747 = EDGE_CURVE('',#4377,#4748,#4750,.T.);
#4748 = VERTEX_POINT('',#4749);
#4749 = CARTESIAN_POINT('',(3.9,-0.325,0.15));
#4750 = LINE('',#4751,#4752);
#4751 = CARTESIAN_POINT('',(1.225,-0.325,0.15));
#4752 = VECTOR('',#4753,1.);
#4753 = DIRECTION('',(1.,-2.656811920655E-16,0.));
#4754 = ORIENTED_EDGE('',*,*,#4755,.T.);
#4755 = EDGE_CURVE('',#4748,#4756,#4758,.T.);
#4756 = VERTEX_POINT('',#4757);
#4757 = CARTESIAN_POINT('',(3.9,0.325,0.15));
#4758 = LINE('',#4759,#4760);
#4759 = CARTESIAN_POINT('',(3.9,-0.325,0.15));
#4760 = VECTOR('',#4761,1.);
#4761 = DIRECTION('',(2.449293598295E-16,1.,0.));
#4762 = ORIENTED_EDGE('',*,*,#4763,.T.);
#4763 = EDGE_CURVE('',#4756,#4418,#4764,.T.);
#4764 = LINE('',#4765,#4766);
#4765 = CARTESIAN_POINT('',(3.9,0.325,0.15));
#4766 = VECTOR('',#4767,1.);
#4767 = DIRECTION('',(-1.,2.449293598295E-16,0.));
#4768 = ORIENTED_EDGE('',*,*,#4425,.F.);
#4769 = PLANE('',#4770);
#4770 = AXIS2_PLACEMENT_3D('',#4771,#4772,#4773);
#4771 = CARTESIAN_POINT('',(2.47395012666,-5.900258447925E-16,0.15));
#4772 = DIRECTION('',(0.,0.,1.));
#4773 = DIRECTION('',(1.,-2.449293598295E-16,0.));
#4774 = ADVANCED_FACE('',(#4775),#4821,.T.);
#4775 = FACE_BOUND('',#4776,.T.);
#4776 = EDGE_LOOP('',(#4777,#4778,#4786,#4795,#4804,#4813,#4820));
#4777 = ORIENTED_EDGE('',*,*,#4447,.F.);
#4778 = ORIENTED_EDGE('',*,*,#4779,.T.);
#4779 = EDGE_CURVE('',#4440,#4780,#4782,.T.);
#4780 = VERTEX_POINT('',#4781);
#4781 = CARTESIAN_POINT('',(-3.15,3.857637417314E-16,7.28));
#4782 = LINE('',#4783,#4784);
#4783 = CARTESIAN_POINT('',(-3.15,3.857637417314E-16,2.563333333333));
#4784 = VECTOR('',#4785,1.);
#4785 = DIRECTION('',(0.,0.,1.));
#4786 = ORIENTED_EDGE('',*,*,#4787,.T.);
#4787 = EDGE_CURVE('',#4780,#4788,#4790,.T.);
#4788 = VERTEX_POINT('',#4789);
#4789 = CARTESIAN_POINT('',(0.945,3.004908484463,7.28));
#4790 = CIRCLE('',#4791,3.15);
#4791 = AXIS2_PLACEMENT_3D('',#4792,#4793,#4794);
#4792 = CARTESIAN_POINT('',(0.,0.,7.28));
#4793 = DIRECTION('',(0.,0.,-1.));
#4794 = DIRECTION('',(-1.,1.224646799147E-16,0.));
#4795 = ORIENTED_EDGE('',*,*,#4796,.T.);
#4796 = EDGE_CURVE('',#4788,#4797,#4799,.T.);
#4797 = VERTEX_POINT('',#4798);
#4798 = CARTESIAN_POINT('',(3.15,3.20055036432E-08,7.28));
#4799 = CIRCLE('',#4800,3.15);
#4800 = AXIS2_PLACEMENT_3D('',#4801,#4802,#4803);
#4801 = CARTESIAN_POINT('',(0.,0.,7.28));
#4802 = DIRECTION('',(0.,0.,-1.));
#4803 = DIRECTION('',(-1.,1.224646799147E-16,0.));
#4804 = ORIENTED_EDGE('',*,*,#4805,.T.);
#4805 = EDGE_CURVE('',#4797,#4806,#4808,.T.);
#4806 = VERTEX_POINT('',#4807);
#4807 = CARTESIAN_POINT('',(0.945,-3.004908484463,7.28));
#4808 = CIRCLE('',#4809,3.15);
#4809 = AXIS2_PLACEMENT_3D('',#4810,#4811,#4812);
#4810 = CARTESIAN_POINT('',(0.,0.,7.28));
#4811 = DIRECTION('',(0.,0.,-1.));
#4812 = DIRECTION('',(-1.,1.224646799147E-16,0.));
#4813 = ORIENTED_EDGE('',*,*,#4814,.T.);
#4814 = EDGE_CURVE('',#4806,#4780,#4815,.T.);
#4815 = CIRCLE('',#4816,3.15);
#4816 = AXIS2_PLACEMENT_3D('',#4817,#4818,#4819);
#4817 = CARTESIAN_POINT('',(0.,0.,7.28));
#4818 = DIRECTION('',(0.,0.,-1.));
#4819 = DIRECTION('',(-1.,1.224646799147E-16,0.));
#4820 = ORIENTED_EDGE('',*,*,#4779,.F.);
#4821 = CYLINDRICAL_SURFACE('',#4822,3.15);
#4822 = AXIS2_PLACEMENT_3D('',#4823,#4824,#4825);
#4823 = CARTESIAN_POINT('',(0.,0.,2.563333333333));
#4824 = DIRECTION('',(0.,0.,1.));
#4825 = DIRECTION('',(-1.,1.224646799147E-16,0.));
#4826 = ADVANCED_FACE('',(#4827),#4853,.F.);
#4827 = FACE_BOUND('',#4828,.F.);
#4828 = EDGE_LOOP('',(#4829,#4837,#4838,#4839,#4847));
#4829 = ORIENTED_EDGE('',*,*,#4830,.T.);
#4830 = EDGE_CURVE('',#4831,#4624,#4833,.T.);
#4831 = VERTEX_POINT('',#4832);
#4832 = CARTESIAN_POINT('',(-3.9,-0.325,0.));
#4833 = LINE('',#4834,#4835);
#4834 = CARTESIAN_POINT('',(-3.9,-0.325,0.));
#4835 = VECTOR('',#4836,1.);
#4836 = DIRECTION('',(0.,0.,1.));
#4837 = ORIENTED_EDGE('',*,*,#4631,.T.);
#4838 = ORIENTED_EDGE('',*,*,#4576,.T.);
#4839 = ORIENTED_EDGE('',*,*,#4840,.F.);
#4840 = EDGE_CURVE('',#4841,#4568,#4843,.T.);
#4841 = VERTEX_POINT('',#4842);
#4842 = CARTESIAN_POINT('',(-1.225,-0.325,0.));
#4843 = LINE('',#4844,#4845);
#4844 = CARTESIAN_POINT('',(-1.225,-0.325,0.));
#4845 = VECTOR('',#4846,1.);
#4846 = DIRECTION('',(0.,0.,1.));
#4847 = ORIENTED_EDGE('',*,*,#4848,.F.);
#4848 = EDGE_CURVE('',#4831,#4841,#4849,.T.);
#4849 = LINE('',#4850,#4851);
#4850 = CARTESIAN_POINT('',(-3.9,-0.325,0.));
#4851 = VECTOR('',#4852,1.);
#4852 = DIRECTION('',(1.,-1.224646799147E-16,0.));
#4853 = PLANE('',#4854);
#4854 = AXIS2_PLACEMENT_3D('',#4855,#4856,#4857);
#4855 = CARTESIAN_POINT('',(-3.9,-0.325,0.));
#4856 = DIRECTION('',(1.224646799147E-16,1.,0.));
#4857 = DIRECTION('',(1.,-1.224646799147E-16,0.));
#4858 = ADVANCED_FACE('',(#4859),#4878,.T.);
#4859 = FACE_BOUND('',#4860,.T.);
#4860 = EDGE_LOOP('',(#4861,#4870,#4876,#4877));
#4861 = ORIENTED_EDGE('',*,*,#4862,.T.);
#4862 = EDGE_CURVE('',#4841,#4863,#4865,.T.);
#4863 = VERTEX_POINT('',#4864);
#4864 = CARTESIAN_POINT('',(-1.225,0.325,0.));
#4865 = CIRCLE('',#4866,0.325);
#4866 = AXIS2_PLACEMENT_3D('',#4867,#4868,#4869);
#4867 = CARTESIAN_POINT('',(-1.225,1.500192328956E-16,0.));
#4868 = DIRECTION('',(0.,0.,1.));
#4869 = DIRECTION('',(-8.056788489148E-16,-1.,0.));
#4870 = ORIENTED_EDGE('',*,*,#4871,.T.);
#4871 = EDGE_CURVE('',#4863,#4560,#4872,.T.);
#4872 = LINE('',#4873,#4874);
#4873 = CARTESIAN_POINT('',(-1.225,0.325,0.));
#4874 = VECTOR('',#4875,1.);
#4875 = DIRECTION('',(0.,0.,1.));
#4876 = ORIENTED_EDGE('',*,*,#4567,.F.);
#4877 = ORIENTED_EDGE('',*,*,#4840,.F.);
#4878 = CYLINDRICAL_SURFACE('',#4879,0.325);
#4879 = AXIS2_PLACEMENT_3D('',#4880,#4881,#4882);
#4880 = CARTESIAN_POINT('',(-1.225,1.500192328956E-16,0.));
#4881 = DIRECTION('',(0.,0.,-1.));
#4882 = DIRECTION('',(-8.056788489148E-16,-1.,-0.));
#4883 = ADVANCED_FACE('',(#4884),#4903,.F.);
#4884 = FACE_BOUND('',#4885,.F.);
#4885 = EDGE_LOOP('',(#4886,#4887,#4888,#4889,#4897));
#4886 = ORIENTED_EDGE('',*,*,#4871,.T.);
#4887 = ORIENTED_EDGE('',*,*,#4559,.T.);
#4888 = ORIENTED_EDGE('',*,*,#4615,.T.);
#4889 = ORIENTED_EDGE('',*,*,#4890,.F.);
#4890 = EDGE_CURVE('',#4891,#4616,#4893,.T.);
#4891 = VERTEX_POINT('',#4892);
#4892 = CARTESIAN_POINT('',(-3.9,0.325,0.));
#4893 = LINE('',#4894,#4895);
#4894 = CARTESIAN_POINT('',(-3.9,0.325,0.));
#4895 = VECTOR('',#4896,1.);
#4896 = DIRECTION('',(0.,0.,1.));
#4897 = ORIENTED_EDGE('',*,*,#4898,.F.);
#4898 = EDGE_CURVE('',#4863,#4891,#4899,.T.);
#4899 = LINE('',#4900,#4901);
#4900 = CARTESIAN_POINT('',(-1.225,0.325,0.));
#4901 = VECTOR('',#4902,1.);
#4902 = DIRECTION('',(-1.,1.432165121507E-16,0.));
#4903 = PLANE('',#4904);
#4904 = AXIS2_PLACEMENT_3D('',#4905,#4906,#4907);
#4905 = CARTESIAN_POINT('',(-1.225,0.325,0.));
#4906 = DIRECTION('',(-1.432165121507E-16,-1.,0.));
#4907 = DIRECTION('',(-1.,1.432165121507E-16,0.));
#4908 = ADVANCED_FACE('',(#4909),#4935,.F.);
#4909 = FACE_BOUND('',#4910,.F.);
#4910 = EDGE_LOOP('',(#4911,#4919,#4920,#4921,#4929));
#4911 = ORIENTED_EDGE('',*,*,#4912,.T.);
#4912 = EDGE_CURVE('',#4913,#4756,#4915,.T.);
#4913 = VERTEX_POINT('',#4914);
#4914 = CARTESIAN_POINT('',(3.9,0.325,0.));
#4915 = LINE('',#4916,#4917);
#4916 = CARTESIAN_POINT('',(3.9,0.325,0.));
#4917 = VECTOR('',#4918,1.);
#4918 = DIRECTION('',(0.,0.,1.));
#4919 = ORIENTED_EDGE('',*,*,#4763,.T.);
#4920 = ORIENTED_EDGE('',*,*,#4537,.T.);
#4921 = ORIENTED_EDGE('',*,*,#4922,.F.);
#4922 = EDGE_CURVE('',#4923,#4529,#4925,.T.);
#4923 = VERTEX_POINT('',#4924);
#4924 = CARTESIAN_POINT('',(1.225,0.325,0.));
#4925 = LINE('',#4926,#4927);
#4926 = CARTESIAN_POINT('',(1.225,0.325,0.));
#4927 = VECTOR('',#4928,1.);
#4928 = DIRECTION('',(0.,0.,1.));
#4929 = ORIENTED_EDGE('',*,*,#4930,.F.);
#4930 = EDGE_CURVE('',#4913,#4923,#4931,.T.);
#4931 = LINE('',#4932,#4933);
#4932 = CARTESIAN_POINT('',(3.9,0.325,0.));
#4933 = VECTOR('',#4934,1.);
#4934 = DIRECTION('',(-1.,2.449293598295E-16,0.));
#4935 = PLANE('',#4936);
#4936 = AXIS2_PLACEMENT_3D('',#4937,#4938,#4939);
#4937 = CARTESIAN_POINT('',(3.9,0.325,0.));
#4938 = DIRECTION('',(-2.449293598295E-16,-1.,0.));
#4939 = DIRECTION('',(-1.,2.449293598295E-16,0.));
#4940 = ADVANCED_FACE('',(#4941),#4960,.T.);
#4941 = FACE_BOUND('',#4942,.T.);
#4942 = EDGE_LOOP('',(#4943,#4952,#4958,#4959));
#4943 = ORIENTED_EDGE('',*,*,#4944,.T.);
#4944 = EDGE_CURVE('',#4923,#4945,#4947,.T.);
#4945 = VERTEX_POINT('',#4946);
#4946 = CARTESIAN_POINT('',(1.225,-0.325,0.));
#4947 = CIRCLE('',#4948,0.325);
#4948 = AXIS2_PLACEMENT_3D('',#4949,#4950,#4951);
#4949 = CARTESIAN_POINT('',(1.225,-3.000384657911E-16,0.));
#4950 = DIRECTION('',(0.,-0.,1.));
#4951 = DIRECTION('',(9.281435288296E-16,1.,0.));
#4952 = ORIENTED_EDGE('',*,*,#4953,.T.);
#4953 = EDGE_CURVE('',#4945,#4521,#4954,.T.);
#4954 = LINE('',#4955,#4956);
#4955 = CARTESIAN_POINT('',(1.225,-0.325,0.));
#4956 = VECTOR('',#4957,1.);
#4957 = DIRECTION('',(0.,0.,1.));
#4958 = ORIENTED_EDGE('',*,*,#4528,.F.);
#4959 = ORIENTED_EDGE('',*,*,#4922,.F.);
#4960 = CYLINDRICAL_SURFACE('',#4961,0.325);
#4961 = AXIS2_PLACEMENT_3D('',#4962,#4963,#4964);
#4962 = CARTESIAN_POINT('',(1.225,-3.000384657911E-16,0.));
#4963 = DIRECTION('',(-0.,0.,-1.));
#4964 = DIRECTION('',(9.281435288296E-16,1.,0.));
#4965 = ADVANCED_FACE('',(#4966),#4985,.F.);
#4966 = FACE_BOUND('',#4967,.F.);
#4967 = EDGE_LOOP('',(#4968,#4969,#4970,#4971,#4979));
#4968 = ORIENTED_EDGE('',*,*,#4953,.T.);
#4969 = ORIENTED_EDGE('',*,*,#4520,.T.);
#4970 = ORIENTED_EDGE('',*,*,#4747,.T.);
#4971 = ORIENTED_EDGE('',*,*,#4972,.F.);
#4972 = EDGE_CURVE('',#4973,#4748,#4975,.T.);
#4973 = VERTEX_POINT('',#4974);
#4974 = CARTESIAN_POINT('',(3.9,-0.325,0.));
#4975 = LINE('',#4976,#4977);
#4976 = CARTESIAN_POINT('',(3.9,-0.325,0.));
#4977 = VECTOR('',#4978,1.);
#4978 = DIRECTION('',(0.,0.,1.));
#4979 = ORIENTED_EDGE('',*,*,#4980,.F.);
#4980 = EDGE_CURVE('',#4945,#4973,#4981,.T.);
#4981 = LINE('',#4982,#4983);
#4982 = CARTESIAN_POINT('',(1.225,-0.325,0.));
#4983 = VECTOR('',#4984,1.);
#4984 = DIRECTION('',(1.,-2.656811920655E-16,0.));
#4985 = PLANE('',#4986);
#4986 = AXIS2_PLACEMENT_3D('',#4987,#4988,#4989);
#4987 = CARTESIAN_POINT('',(1.225,-0.325,0.));
#4988 = DIRECTION('',(2.656811920655E-16,1.,0.));
#4989 = DIRECTION('',(1.,-2.656811920655E-16,0.));
#4990 = ADVANCED_FACE('',(#4991),#5002,.F.);
#4991 = FACE_BOUND('',#4992,.F.);
#4992 = EDGE_LOOP('',(#4993,#4994,#4995,#4996));
#4993 = ORIENTED_EDGE('',*,*,#4890,.T.);
#4994 = ORIENTED_EDGE('',*,*,#4623,.T.);
#4995 = ORIENTED_EDGE('',*,*,#4830,.F.);
#4996 = ORIENTED_EDGE('',*,*,#4997,.F.);
#4997 = EDGE_CURVE('',#4891,#4831,#4998,.T.);
#4998 = LINE('',#4999,#5000);
#4999 = CARTESIAN_POINT('',(-3.9,0.325,0.));
#5000 = VECTOR('',#5001,1.);
#5001 = DIRECTION('',(-1.224646799147E-16,-1.,0.));
#5002 = PLANE('',#5003);
#5003 = AXIS2_PLACEMENT_3D('',#5004,#5005,#5006);
#5004 = CARTESIAN_POINT('',(-3.9,0.325,0.));
#5005 = DIRECTION('',(1.,-1.224646799147E-16,0.));
#5006 = DIRECTION('',(-1.224646799147E-16,-1.,0.));
#5007 = ADVANCED_FACE('',(#5008),#5019,.F.);
#5008 = FACE_BOUND('',#5009,.F.);
#5009 = EDGE_LOOP('',(#5010,#5011,#5012,#5013));
#5010 = ORIENTED_EDGE('',*,*,#4972,.T.);
#5011 = ORIENTED_EDGE('',*,*,#4755,.T.);
#5012 = ORIENTED_EDGE('',*,*,#4912,.F.);
#5013 = ORIENTED_EDGE('',*,*,#5014,.F.);
#5014 = EDGE_CURVE('',#4973,#4913,#5015,.T.);
#5015 = LINE('',#5016,#5017);
#5016 = CARTESIAN_POINT('',(3.9,-0.325,0.));
#5017 = VECTOR('',#5018,1.);
#5018 = DIRECTION('',(2.449293598295E-16,1.,0.));
#5019 = PLANE('',#5020);
#5020 = AXIS2_PLACEMENT_3D('',#5021,#5022,#5023);
#5021 = CARTESIAN_POINT('',(3.9,-0.325,0.));
#5022 = DIRECTION('',(-1.,2.449293598295E-16,0.));
#5023 = DIRECTION('',(2.449293598295E-16,1.,0.));
#5024 = ADVANCED_FACE('',(#5025),#5067,.T.);
#5025 = FACE_BOUND('',#5026,.T.);
#5026 = EDGE_LOOP('',(#5027,#5038,#5059,#5060));
#5027 = ORIENTED_EDGE('',*,*,#5028,.T.);
#5028 = EDGE_CURVE('',#5029,#5031,#5033,.T.);
#5029 = VERTEX_POINT('',#5030);
#5030 = CARTESIAN_POINT('',(-2.73,3.343285761672E-16,7.7));
#5031 = VERTEX_POINT('',#5032);
#5032 = CARTESIAN_POINT('',(0.945,2.561225292707,7.7));
#5033 = CIRCLE('',#5034,2.73);
#5034 = AXIS2_PLACEMENT_3D('',#5035,#5036,#5037);
#5035 = CARTESIAN_POINT('',(0.,0.,7.7));
#5036 = DIRECTION('',(0.,0.,-1.));
#5037 = DIRECTION('',(-1.,1.224646799147E-16,0.));
#5038 = ORIENTED_EDGE('',*,*,#5039,.F.);
#5039 = EDGE_CURVE('',#4788,#5031,#5040,.T.);
#5040 = B_SPLINE_CURVE_WITH_KNOTS('',5,(#5041,#5042,#5043,#5044,#5045,
    #5046,#5047,#5048,#5049,#5050,#5051,#5052,#5053,#5054,#5055,#5056,
    #5057,#5058),.UNSPECIFIED.,.F.,.F.,(6,4,4,4,6),(0.,0.249577466955,
    0.497599275591,0.74730978514,1.),.UNSPECIFIED.);
#5041 = CARTESIAN_POINT('',(0.945,3.004908484463,7.28));
#5042 = CARTESIAN_POINT('',(0.945,3.00490848098,7.313228015972));
#5043 = CARTESIAN_POINT('',(0.945,3.001463821946,7.346456730622));
#5044 = CARTESIAN_POINT('',(0.945,2.994574119979,7.379237505919));
#5045 = CARTESIAN_POINT('',(0.945,2.984338296282,7.411126992482));
#5046 = CARTESIAN_POINT('',(0.945,2.957631160106,7.472127049006));
#5047 = CARTESIAN_POINT('',(0.945,2.941198599864,7.501254840031));
#5048 = CARTESIAN_POINT('',(0.945,2.921827872491,7.528710244247));
#5049 = CARTESIAN_POINT('',(0.945,2.899782785018,7.554145479611));
#5050 = CARTESIAN_POINT('',(0.945,2.850815155175,7.600572655349));
#5051 = CARTESIAN_POINT('',(0.945,2.823859719074,7.62153380299));
#5052 = CARTESIAN_POINT('',(0.945,2.794840653888,7.63987747649));
#5053 = CARTESIAN_POINT('',(0.945,2.764133571656,7.655390822856));
#5054 = CARTESIAN_POINT('',(0.945,2.699757531029,7.680632446489));
#5055 = CARTESIAN_POINT('',(0.945,2.666057065744,7.690289667083));
#5056 = CARTESIAN_POINT('',(0.945,2.631447275386,7.696766294835));
#5057 = CARTESIAN_POINT('',(0.945,2.596359892027,7.699999996714));
#5058 = CARTESIAN_POINT('',(0.945,2.561225292707,7.7));
#5059 = ORIENTED_EDGE('',*,*,#4787,.F.);
#5060 = ORIENTED_EDGE('',*,*,#5061,.T.);
#5061 = EDGE_CURVE('',#4780,#5029,#5062,.T.);
#5062 = CIRCLE('',#5063,0.42);
#5063 = AXIS2_PLACEMENT_3D('',#5064,#5065,#5066);
#5064 = CARTESIAN_POINT('',(-2.73,3.343285761672E-16,7.28));
#5065 = DIRECTION('',(1.224646799147E-16,1.,-0.));
#5066 = DIRECTION('',(-1.,1.224646799147E-16,0.));
#5067 = TOROIDAL_SURFACE('',#5068,2.73,0.42);
#5068 = AXIS2_PLACEMENT_3D('',#5069,#5070,#5071);
#5069 = CARTESIAN_POINT('',(0.,0.,7.28));
#5070 = DIRECTION('',(0.,0.,1.));
#5071 = DIRECTION('',(-1.,1.224646799147E-16,0.));
#5072 = ADVANCED_FACE('',(#5073),#5108,.T.);
#5073 = FACE_BOUND('',#5074,.T.);
#5074 = EDGE_LOOP('',(#5075,#5084,#5105,#5106,#5107));
#5075 = ORIENTED_EDGE('',*,*,#5076,.T.);
#5076 = EDGE_CURVE('',#5031,#5077,#5079,.T.);
#5077 = VERTEX_POINT('',#5078);
#5078 = CARTESIAN_POINT('',(0.945,-2.561225292707,7.7));
#5079 = CIRCLE('',#5080,2.73);
#5080 = AXIS2_PLACEMENT_3D('',#5081,#5082,#5083);
#5081 = CARTESIAN_POINT('',(0.,0.,7.7));
#5082 = DIRECTION('',(0.,0.,-1.));
#5083 = DIRECTION('',(-1.,1.224646799147E-16,0.));
#5084 = ORIENTED_EDGE('',*,*,#5085,.F.);
#5085 = EDGE_CURVE('',#4806,#5077,#5086,.T.);
#5086 = B_SPLINE_CURVE_WITH_KNOTS('',5,(#5087,#5088,#5089,#5090,#5091,
    #5092,#5093,#5094,#5095,#5096,#5097,#5098,#5099,#5100,#5101,#5102,
    #5103,#5104),.UNSPECIFIED.,.F.,.F.,(6,4,4,4,6),(0.,0.249577466959,
    0.497599275595,0.747309785144,1.),.UNSPECIFIED.);
#5087 = CARTESIAN_POINT('',(0.945,-3.004908484463,7.28));
#5088 = CARTESIAN_POINT('',(0.945,-3.00490848098,7.313228015972));
#5089 = CARTESIAN_POINT('',(0.945,-3.001463821946,7.346456730623));
#5090 = CARTESIAN_POINT('',(0.945,-2.994574119979,7.37923750592));
#5091 = CARTESIAN_POINT('',(0.945,-2.984338296281,7.411126992484));
#5092 = CARTESIAN_POINT('',(0.945,-2.957631160105,7.472127049008));
#5093 = CARTESIAN_POINT('',(0.945,-2.941198599863,7.501254840033));
#5094 = CARTESIAN_POINT('',(0.945,-2.921827872489,7.528710244249));
#5095 = CARTESIAN_POINT('',(0.945,-2.899782785017,7.554145479613));
#5096 = CARTESIAN_POINT('',(0.945,-2.850815155173,7.600572655351));
#5097 = CARTESIAN_POINT('',(0.945,-2.823859719072,7.621533802992));
#5098 = CARTESIAN_POINT('',(0.945,-2.794840653886,7.639877476491));
#5099 = CARTESIAN_POINT('',(0.945,-2.764133571654,7.655390822857));
#5100 = CARTESIAN_POINT('',(0.945,-2.699757531027,7.680632446489));
#5101 = CARTESIAN_POINT('',(0.945,-2.666057065743,7.690289667083));
#5102 = CARTESIAN_POINT('',(0.945,-2.631447275385,7.696766294835));
#5103 = CARTESIAN_POINT('',(0.945,-2.596359892027,7.699999996714));
#5104 = CARTESIAN_POINT('',(0.945,-2.561225292707,7.7));
#5105 = ORIENTED_EDGE('',*,*,#4805,.F.);
#5106 = ORIENTED_EDGE('',*,*,#4796,.F.);
#5107 = ORIENTED_EDGE('',*,*,#5039,.T.);
#5108 = TOROIDAL_SURFACE('',#5109,2.73,0.42);
#5109 = AXIS2_PLACEMENT_3D('',#5110,#5111,#5112);
#5110 = CARTESIAN_POINT('',(0.,0.,7.28));
#5111 = DIRECTION('',(0.,0.,1.));
#5112 = DIRECTION('',(-1.,1.224646799147E-16,0.));
#5113 = ADVANCED_FACE('',(#5114),#5126,.T.);
#5114 = FACE_BOUND('',#5115,.T.);
#5115 = EDGE_LOOP('',(#5116,#5117,#5124,#5125));
#5116 = ORIENTED_EDGE('',*,*,#5085,.T.);
#5117 = ORIENTED_EDGE('',*,*,#5118,.T.);
#5118 = EDGE_CURVE('',#5077,#5029,#5119,.T.);
#5119 = CIRCLE('',#5120,2.73);
#5120 = AXIS2_PLACEMENT_3D('',#5121,#5122,#5123);
#5121 = CARTESIAN_POINT('',(0.,0.,7.7));
#5122 = DIRECTION('',(0.,0.,-1.));
#5123 = DIRECTION('',(-1.,1.224646799147E-16,0.));
#5124 = ORIENTED_EDGE('',*,*,#5061,.F.);
#5125 = ORIENTED_EDGE('',*,*,#4814,.F.);
#5126 = TOROIDAL_SURFACE('',#5127,2.73,0.42);
#5127 = AXIS2_PLACEMENT_3D('',#5128,#5129,#5130);
#5128 = CARTESIAN_POINT('',(0.,0.,7.28));
#5129 = DIRECTION('',(0.,0.,1.));
#5130 = DIRECTION('',(-1.,1.224646799147E-16,0.));
#5131 = ADVANCED_FACE('',(#5132),#5138,.F.);
#5132 = FACE_BOUND('',#5133,.F.);
#5133 = EDGE_LOOP('',(#5134,#5135,#5136,#5137));
#5134 = ORIENTED_EDGE('',*,*,#4997,.T.);
#5135 = ORIENTED_EDGE('',*,*,#4848,.T.);
#5136 = ORIENTED_EDGE('',*,*,#4862,.T.);
#5137 = ORIENTED_EDGE('',*,*,#4898,.T.);
#5138 = PLANE('',#5139);
#5139 = AXIS2_PLACEMENT_3D('',#5140,#5141,#5142);
#5140 = CARTESIAN_POINT('',(-2.47395012666,2.870543344061E-16,0.));
#5141 = DIRECTION('',(0.,0.,1.));
#5142 = DIRECTION('',(-1.,1.224646799147E-16,0.));
#5143 = ADVANCED_FACE('',(#5144),#5150,.F.);
#5144 = FACE_BOUND('',#5145,.F.);
#5145 = EDGE_LOOP('',(#5146,#5147,#5148,#5149));
#5146 = ORIENTED_EDGE('',*,*,#5014,.T.);
#5147 = ORIENTED_EDGE('',*,*,#4930,.T.);
#5148 = ORIENTED_EDGE('',*,*,#4944,.T.);
#5149 = ORIENTED_EDGE('',*,*,#4980,.T.);
#5150 = PLANE('',#5151);
#5151 = AXIS2_PLACEMENT_3D('',#5152,#5153,#5154);
#5152 = CARTESIAN_POINT('',(2.47395012666,-5.900258447925E-16,0.));
#5153 = DIRECTION('',(0.,0.,1.));
#5154 = DIRECTION('',(1.,-2.449293598295E-16,0.));
#5155 = ADVANCED_FACE('',(#5156),#5166,.F.);
#5156 = FACE_BOUND('',#5157,.F.);
#5157 = EDGE_LOOP('',(#5158,#5159,#5160));
#5158 = ORIENTED_EDGE('',*,*,#5118,.T.);
#5159 = ORIENTED_EDGE('',*,*,#5028,.T.);
#5160 = ORIENTED_EDGE('',*,*,#5161,.T.);
#5161 = EDGE_CURVE('',#5031,#5077,#5162,.T.);
#5162 = LINE('',#5163,#5164);
#5163 = CARTESIAN_POINT('',(0.945,3.15,7.7));
#5164 = VECTOR('',#5165,1.);
#5165 = DIRECTION('',(-1.224646799147E-16,-1.,0.));
#5166 = PLANE('',#5167);
#5167 = AXIS2_PLACEMENT_3D('',#5168,#5169,#5170);
#5168 = CARTESIAN_POINT('',(0.,0.,7.7));
#5169 = DIRECTION('',(-0.,0.,-1.));
#5170 = DIRECTION('',(-1.,1.224646799147E-16,0.));
#5171 = ADVANCED_FACE('',(#5172),#5176,.T.);
#5172 = FACE_BOUND('',#5173,.T.);
#5173 = EDGE_LOOP('',(#5174,#5175));
#5174 = ORIENTED_EDGE('',*,*,#5076,.F.);
#5175 = ORIENTED_EDGE('',*,*,#5161,.T.);
#5176 = PLANE('',#5177);
#5177 = AXIS2_PLACEMENT_3D('',#5178,#5179,#5180);
#5178 = CARTESIAN_POINT('',(3.15,3.15,7.7));
#5179 = DIRECTION('',(0.,0.,1.));
#5180 = DIRECTION('',(-1.,1.224646799147E-16,0.));
#5181 = ( GEOMETRIC_REPRESENTATION_CONTEXT(3) 
GLOBAL_UNCERTAINTY_ASSIGNED_CONTEXT((#5185)) 
GLOBAL_UNIT_ASSIGNED_CONTEXT((#5182,#5183,#5184)) REPRESENTATION_CONTEXT
('Context #1','3D Context with UNIT and UNCERTAINTY') );
#5182 = ( LENGTH_UNIT() NAMED_UNIT(*) SI_UNIT(.MILLI.,.METRE.) );
#5183 = ( NAMED_UNIT(*) PLANE_ANGLE_UNIT() SI_UNIT($,.RADIAN.) );
#5184 = ( NAMED_UNIT(*) SI_UNIT($,.STERADIAN.) SOLID_ANGLE_UNIT() );
#5185 = UNCERTAINTY_MEASURE_WITH_UNIT(LENGTH_MEASURE(1.E-06),#5182,
  'distance_accuracy_value','confusion accuracy');
#5186 = CONTEXT_DEPENDENT_SHAPE_REPRESENTATION(#5187,#5189);
#5187 = ( REPRESENTATION_RELATIONSHIP('','',#3815,#10) 
REPRESENTATION_RELATIONSHIP_WITH_TRANSFORMATION(#5188) 
SHAPE_REPRESENTATION_RELATIONSHIP() );
#5188 = ITEM_DEFINED_TRANSFORMATION('','',#11,#23);
#5189 = PRODUCT_DEFINITION_SHAPE('Placement','Placement of an item',
  #5190);
#5190 = NEXT_ASSEMBLY_USAGE_OCCURRENCE('3','C1','',#5,#3810,$);
#5191 = PRODUCT_RELATED_PRODUCT_CATEGORY('part',$,(#3812));
#5192 = CONTEXT_DEPENDENT_SHAPE_REPRESENTATION(#5193,#5195);
#5193 = ( REPRESENTATION_RELATIONSHIP('','',#3815,#10) 
REPRESENTATION_RELATIONSHIP_WITH_TRANSFORMATION(#5194) 
SHAPE_REPRESENTATION_RELATIONSHIP() );
#5194 = ITEM_DEFINED_TRANSFORMATION('','',#11,#27);
#5195 = PRODUCT_DEFINITION_SHAPE('Placement','Placement of an item',
  #5196);
#5196 = NEXT_ASSEMBLY_USAGE_OCCURRENCE('4','C2','',#5,#3810,$);
#5197 = SHAPE_DEFINITION_REPRESENTATION(#5198,#5204);
#5198 = PRODUCT_DEFINITION_SHAPE('','',#5199);
#5199 = PRODUCT_DEFINITION('design','',#5200,#5203);
#5200 = PRODUCT_DEFINITION_FORMATION('','',#5201);
#5201 = PRODUCT('DG308-2.54-02P','DG308-2.54-02P','',(#5202));
#5202 = PRODUCT_CONTEXT('',#2,'mechanical');
#5203 = PRODUCT_DEFINITION_CONTEXT('part definition',#2,'design');
#5204 = SHAPE_REPRESENTATION('',(#11,#5205,#5209,#5213),#5217);
#5205 = AXIS2_PLACEMENT_3D('',#5206,#5207,#5208);
#5206 = CARTESIAN_POINT('',(0.,0.,0.));
#5207 = DIRECTION('',(0.,0.,1.));
#5208 = DIRECTION('',(1.,0.,0.));
#5209 = AXIS2_PLACEMENT_3D('',#5210,#5211,#5212);
#5210 = CARTESIAN_POINT('',(-1.27,0.,0.));
#5211 = DIRECTION('',(0.,0.,1.));
#5212 = DIRECTION('',(1.,0.,0.));
#5213 = AXIS2_PLACEMENT_3D('',#5214,#5215,#5216);
#5214 = CARTESIAN_POINT('',(1.27,0.,0.));
#5215 = DIRECTION('',(0.,0.,1.));
#5216 = DIRECTION('',(1.,0.,0.));
#5217 = ( GEOMETRIC_REPRESENTATION_CONTEXT(3) 
GLOBAL_UNCERTAINTY_ASSIGNED_CONTEXT((#5221)) 
GLOBAL_UNIT_ASSIGNED_CONTEXT((#5218,#5219,#5220)) REPRESENTATION_CONTEXT
('Context #1','3D Context with UNIT and UNCERTAINTY') );
#5218 = ( LENGTH_UNIT() NAMED_UNIT(*) SI_UNIT(.MILLI.,.METRE.) );
#5219 = ( NAMED_UNIT(*) PLANE_ANGLE_UNIT() SI_UNIT($,.RADIAN.) );
#5220 = ( NAMED_UNIT(*) SI_UNIT($,.STERADIAN.) SOLID_ANGLE_UNIT() );
#5221 = UNCERTAINTY_MEASURE_WITH_UNIT(LENGTH_MEASURE(5.E-05),#5218,
  'distance_accuracy_value','confusion accuracy');
#5222 = CONTEXT_DEPENDENT_SHAPE_REPRESENTATION(#5223,#5225);
#5223 = ( REPRESENTATION_RELATIONSHIP('','',#5204,#10) 
REPRESENTATION_RELATIONSHIP_WITH_TRANSFORMATION(#5224) 
SHAPE_REPRESENTATION_RELATIONSHIP() );
#5224 = ITEM_DEFINED_TRANSFORMATION('','',#11,#31);
#5225 = PRODUCT_DEFINITION_SHAPE('Placement','Placement of an item',
  #5226);
#5226 = NEXT_ASSEMBLY_USAGE_OCCURRENCE('11','J2','',#5,#5199,$);
#5227 = PRODUCT_RELATED_PRODUCT_CATEGORY('part',$,(#5201));
#5228 = SHAPE_DEFINITION_REPRESENTATION(#5229,#5235);
#5229 = PRODUCT_DEFINITION_SHAPE('','',#5230);
#5230 = PRODUCT_DEFINITION('design','',#5231,#5234);
#5231 = PRODUCT_DEFINITION_FORMATION('','',#5232);
#5232 = PRODUCT('DG308-2.54-02P','DG308-2.54-02P','',(#5233));
#5233 = PRODUCT_CONTEXT('',#2,'mechanical');
#5234 = PRODUCT_DEFINITION_CONTEXT('part definition',#2,'design');
#5235 = ADVANCED_BREP_SHAPE_REPRESENTATION('',(#11,#5236),#7684);
#5236 = MANIFOLD_SOLID_BREP('',#5237);
#5237 = CLOSED_SHELL('',(#5238,#5278,#5309,#5365,#5397,#5437,#5509,#5543
    ,#5574,#5614,#5654,#5694,#5734,#5765,#5798,#5829,#5862,#5912,#5939,
    #5956,#5978,#5990,#6027,#6058,#6086,#6098,#6130,#6142,#6171,#6183,
    #6195,#6212,#6224,#6241,#6253,#6325,#6372,#6408,#6455,#6486,#6558,
    #6630,#6652,#6674,#6754,#6836,#6881,#6954,#6999,#7041,#7066,#7078,
    #7100,#7117,#7129,#7141,#7173,#7193,#7214,#7245,#7284,#7308,#7340,
    #7357,#7381,#7405,#7422,#7448,#7460,#7505,#7528,#7544,#7568,#7585,
    #7602,#7614,#7626,#7643,#7655,#7672));
#5238 = ADVANCED_FACE('',(#5239),#5273,.T.);
#5239 = FACE_BOUND('',#5240,.T.);
#5240 = EDGE_LOOP('',(#5241,#5251,#5259,#5267));
#5241 = ORIENTED_EDGE('',*,*,#5242,.F.);
#5242 = EDGE_CURVE('',#5243,#5245,#5247,.T.);
#5243 = VERTEX_POINT('',#5244);
#5244 = CARTESIAN_POINT('',(0.62,2.49,3.8));
#5245 = VERTEX_POINT('',#5246);
#5246 = CARTESIAN_POINT('',(0.62,1.37,3.8));
#5247 = LINE('',#5248,#5249);
#5248 = CARTESIAN_POINT('',(0.62,1.82,3.8));
#5249 = VECTOR('',#5250,1.);
#5250 = DIRECTION('',(0.,-1.,0.));
#5251 = ORIENTED_EDGE('',*,*,#5252,.T.);
#5252 = EDGE_CURVE('',#5243,#5253,#5255,.T.);
#5253 = VERTEX_POINT('',#5254);
#5254 = CARTESIAN_POINT('',(1.92,2.49,3.8));
#5255 = LINE('',#5256,#5257);
#5256 = CARTESIAN_POINT('',(2.54,2.49,3.8));
#5257 = VECTOR('',#5258,1.);
#5258 = DIRECTION('',(1.,-1.668003342285E-16,0.));
#5259 = ORIENTED_EDGE('',*,*,#5260,.F.);
#5260 = EDGE_CURVE('',#5261,#5253,#5263,.T.);
#5261 = VERTEX_POINT('',#5262);
#5262 = CARTESIAN_POINT('',(1.92,1.37,3.8));
#5263 = LINE('',#5264,#5265);
#5264 = CARTESIAN_POINT('',(1.92,2.674163459747,3.8));
#5265 = VECTOR('',#5266,1.);
#5266 = DIRECTION('',(0.,1.,0.));
#5267 = ORIENTED_EDGE('',*,*,#5268,.T.);
#5268 = EDGE_CURVE('',#5261,#5245,#5269,.T.);
#5269 = LINE('',#5270,#5271);
#5270 = CARTESIAN_POINT('',(1.92,1.37,3.8));
#5271 = VECTOR('',#5272,1.);
#5272 = DIRECTION('',(-1.,0.,0.));
#5273 = PLANE('',#5274);
#5274 = AXIS2_PLACEMENT_3D('',#5275,#5276,#5277);
#5275 = CARTESIAN_POINT('',(2.54,-1.E-02,3.8));
#5276 = DIRECTION('',(0.,0.,-1.));
#5277 = DIRECTION('',(-1.,0.,0.));
#5278 = ADVANCED_FACE('',(#5279),#5304,.F.);
#5279 = FACE_BOUND('',#5280,.T.);
#5280 = EDGE_LOOP('',(#5281,#5289,#5297,#5303));
#5281 = ORIENTED_EDGE('',*,*,#5282,.F.);
#5282 = EDGE_CURVE('',#5283,#5243,#5285,.T.);
#5283 = VERTEX_POINT('',#5284);
#5284 = CARTESIAN_POINT('',(0.62,2.49,5.226054202015));
#5285 = LINE('',#5286,#5287);
#5286 = CARTESIAN_POINT('',(0.62,2.49,3.8));
#5287 = VECTOR('',#5288,1.);
#5288 = DIRECTION('',(0.,0.,-1.));
#5289 = ORIENTED_EDGE('',*,*,#5290,.T.);
#5290 = EDGE_CURVE('',#5283,#5291,#5293,.T.);
#5291 = VERTEX_POINT('',#5292);
#5292 = CARTESIAN_POINT('',(1.92,2.49,5.226054202015));
#5293 = LINE('',#5294,#5295);
#5294 = CARTESIAN_POINT('',(-0.88,2.49,5.226054202015));
#5295 = VECTOR('',#5296,1.);
#5296 = DIRECTION('',(1.,-1.668003342285E-16,5.455793099754E-16));
#5297 = ORIENTED_EDGE('',*,*,#5298,.T.);
#5298 = EDGE_CURVE('',#5291,#5253,#5299,.T.);
#5299 = LINE('',#5300,#5301);
#5300 = CARTESIAN_POINT('',(1.92,2.49,5.3));
#5301 = VECTOR('',#5302,1.);
#5302 = DIRECTION('',(0.,0.,-1.));
#5303 = ORIENTED_EDGE('',*,*,#5252,.F.);
#5304 = PLANE('',#5305);
#5305 = AXIS2_PLACEMENT_3D('',#5306,#5307,#5308);
#5306 = CARTESIAN_POINT('',(2.54,2.49,3.8));
#5307 = DIRECTION('',(-1.668003342285E-16,-1.,0.));
#5308 = DIRECTION('',(1.,-1.668003342285E-16,0.));
#5309 = ADVANCED_FACE('',(#5310),#5360,.F.);
#5310 = FACE_BOUND('',#5311,.T.);
#5311 = EDGE_LOOP('',(#5312,#5322,#5330,#5338,#5346,#5354));
#5312 = ORIENTED_EDGE('',*,*,#5313,.T.);
#5313 = EDGE_CURVE('',#5314,#5316,#5318,.T.);
#5314 = VERTEX_POINT('',#5315);
#5315 = CARTESIAN_POINT('',(0.22,-2.86,0.75));
#5316 = VERTEX_POINT('',#5317);
#5317 = CARTESIAN_POINT('',(0.22,-3.16,0.3));
#5318 = LINE('',#5319,#5320);
#5319 = CARTESIAN_POINT('',(0.22,-1.106153846154,3.380769230769));
#5320 = VECTOR('',#5321,1.);
#5321 = DIRECTION('',(-8.490453992831E-17,-0.554700196225,
    -0.832050294338));
#5322 = ORIENTED_EDGE('',*,*,#5323,.F.);
#5323 = EDGE_CURVE('',#5324,#5316,#5326,.T.);
#5324 = VERTEX_POINT('',#5325);
#5325 = CARTESIAN_POINT('',(2.32,-3.16,0.3));
#5326 = LINE('',#5327,#5328);
#5327 = CARTESIAN_POINT('',(-0.24,-3.16,0.3));
#5328 = VECTOR('',#5329,1.);
#5329 = DIRECTION('',(-1.,0.,4.130293990421E-16));
#5330 = ORIENTED_EDGE('',*,*,#5331,.T.);
#5331 = EDGE_CURVE('',#5324,#5332,#5334,.T.);
#5332 = VERTEX_POINT('',#5333);
#5333 = CARTESIAN_POINT('',(2.32,-2.86,0.75));
#5334 = LINE('',#5335,#5336);
#5335 = CARTESIAN_POINT('',(2.32,-3.067692307692,0.438461538462));
#5336 = VECTOR('',#5337,1.);
#5337 = DIRECTION('',(-8.490453992831E-17,0.554700196225,0.832050294338)
  );
#5338 = ORIENTED_EDGE('',*,*,#5339,.F.);
#5339 = EDGE_CURVE('',#5340,#5332,#5342,.T.);
#5340 = VERTEX_POINT('',#5341);
#5341 = CARTESIAN_POINT('',(1.97,-2.36,1.5));
#5342 = LINE('',#5343,#5344);
#5343 = CARTESIAN_POINT('',(1.97,-2.36,1.5));
#5344 = VECTOR('',#5345,1.);
#5345 = DIRECTION('',(0.361961382997,-0.517087689995,-0.775631534993));
#5346 = ORIENTED_EDGE('',*,*,#5347,.F.);
#5347 = EDGE_CURVE('',#5348,#5340,#5350,.T.);
#5348 = VERTEX_POINT('',#5349);
#5349 = CARTESIAN_POINT('',(0.57,-2.36,1.5));
#5350 = LINE('',#5351,#5352);
#5351 = CARTESIAN_POINT('',(0.22,-2.36,1.5));
#5352 = VECTOR('',#5353,1.);
#5353 = DIRECTION('',(1.,0.,-4.130293990421E-16));
#5354 = ORIENTED_EDGE('',*,*,#5355,.F.);
#5355 = EDGE_CURVE('',#5314,#5348,#5356,.T.);
#5356 = LINE('',#5357,#5358);
#5357 = CARTESIAN_POINT('',(1.075347593583,-1.63807486631,2.582887700535
    ));
#5358 = VECTOR('',#5359,1.);
#5359 = DIRECTION('',(0.361961382997,0.517087689995,0.775631534993));
#5360 = PLANE('',#5361);
#5361 = AXIS2_PLACEMENT_3D('',#5362,#5363,#5364);
#5362 = CARTESIAN_POINT('',(0.22,-2.36,1.5));
#5363 = DIRECTION('',(-2.291074886954E-16,0.832050294338,-0.554700196225
    ));
#5364 = DIRECTION('',(1.,-5.176899690513E-31,-4.130293990421E-16));
#5365 = ADVANCED_FACE('',(#5366),#5392,.F.);
#5366 = FACE_BOUND('',#5367,.F.);
#5367 = EDGE_LOOP('',(#5368,#5377,#5384,#5391));
#5368 = ORIENTED_EDGE('',*,*,#5369,.F.);
#5369 = EDGE_CURVE('',#5370,#5370,#5372,.T.);
#5370 = VERTEX_POINT('',#5371);
#5371 = CARTESIAN_POINT('',(1.87,-1.E-02,6.8));
#5372 = CIRCLE('',#5373,0.6);
#5373 = AXIS2_PLACEMENT_3D('',#5374,#5375,#5376);
#5374 = CARTESIAN_POINT('',(1.27,-1.E-02,6.8));
#5375 = DIRECTION('',(0.,0.,-1.));
#5376 = DIRECTION('',(1.,0.,0.));
#5377 = ORIENTED_EDGE('',*,*,#5378,.T.);
#5378 = EDGE_CURVE('',#5370,#5379,#5381,.T.);
#5379 = VERTEX_POINT('',#5380);
#5380 = CARTESIAN_POINT('',(1.87,-1.E-02,7.1));
#5381 = B_SPLINE_CURVE_WITH_KNOTS('',1,(#5382,#5383),.UNSPECIFIED.,.F.,
  .F.,(2,2),(0.,0.3),.PIECEWISE_BEZIER_KNOTS.);
#5382 = CARTESIAN_POINT('',(1.87,-1.E-02,6.8));
#5383 = CARTESIAN_POINT('',(1.87,-1.E-02,7.1));
#5384 = ORIENTED_EDGE('',*,*,#5385,.T.);
#5385 = EDGE_CURVE('',#5379,#5379,#5386,.T.);
#5386 = CIRCLE('',#5387,0.6);
#5387 = AXIS2_PLACEMENT_3D('',#5388,#5389,#5390);
#5388 = CARTESIAN_POINT('',(1.27,-1.E-02,7.1));
#5389 = DIRECTION('',(0.,0.,-1.));
#5390 = DIRECTION('',(1.,0.,0.));
#5391 = ORIENTED_EDGE('',*,*,#5378,.F.);
#5392 = CYLINDRICAL_SURFACE('',#5393,0.6);
#5393 = AXIS2_PLACEMENT_3D('',#5394,#5395,#5396);
#5394 = CARTESIAN_POINT('',(1.27,-1.E-02,6.8));
#5395 = DIRECTION('',(0.,0.,1.));
#5396 = DIRECTION('',(1.,0.,-0.));
#5397 = ADVANCED_FACE('',(#5398),#5432,.T.);
#5398 = FACE_BOUND('',#5399,.T.);
#5399 = EDGE_LOOP('',(#5400,#5410,#5418,#5426));
#5400 = ORIENTED_EDGE('',*,*,#5401,.T.);
#5401 = EDGE_CURVE('',#5402,#5404,#5406,.T.);
#5402 = VERTEX_POINT('',#5403);
#5403 = CARTESIAN_POINT('',(0.62,2.674163459747,1.5));
#5404 = VERTEX_POINT('',#5405);
#5405 = CARTESIAN_POINT('',(1.92,2.674163459747,1.5));
#5406 = LINE('',#5407,#5408);
#5407 = CARTESIAN_POINT('',(0.62,2.674163459747,1.5));
#5408 = VECTOR('',#5409,1.);
#5409 = DIRECTION('',(1.,0.,0.));
#5410 = ORIENTED_EDGE('',*,*,#5411,.T.);
#5411 = EDGE_CURVE('',#5404,#5412,#5414,.T.);
#5412 = VERTEX_POINT('',#5413);
#5413 = CARTESIAN_POINT('',(1.92,3.14,1.5));
#5414 = LINE('',#5415,#5416);
#5415 = CARTESIAN_POINT('',(1.92,2.467392500791,1.5));
#5416 = VECTOR('',#5417,1.);
#5417 = DIRECTION('',(0.,1.,0.));
#5418 = ORIENTED_EDGE('',*,*,#5419,.T.);
#5419 = EDGE_CURVE('',#5412,#5420,#5422,.T.);
#5420 = VERTEX_POINT('',#5421);
#5421 = CARTESIAN_POINT('',(0.62,3.14,1.5));
#5422 = LINE('',#5423,#5424);
#5423 = CARTESIAN_POINT('',(1.92,3.14,1.5));
#5424 = VECTOR('',#5425,1.);
#5425 = DIRECTION('',(-1.,0.,0.));
#5426 = ORIENTED_EDGE('',*,*,#5427,.T.);
#5427 = EDGE_CURVE('',#5420,#5402,#5428,.T.);
#5428 = LINE('',#5429,#5430);
#5429 = CARTESIAN_POINT('',(0.62,3.14,1.5));
#5430 = VECTOR('',#5431,1.);
#5431 = DIRECTION('',(0.,-1.,0.));
#5432 = PLANE('',#5433);
#5433 = AXIS2_PLACEMENT_3D('',#5434,#5435,#5436);
#5434 = CARTESIAN_POINT('',(2.54,-1.E-02,1.5));
#5435 = DIRECTION('',(0.,0.,1.));
#5436 = DIRECTION('',(1.,0.,-0.));
#5437 = ADVANCED_FACE('',(#5438),#5504,.F.);
#5438 = FACE_BOUND('',#5439,.T.);
#5439 = EDGE_LOOP('',(#5440,#5450,#5458,#5466,#5474,#5482,#5490,#5498));
#5440 = ORIENTED_EDGE('',*,*,#5441,.T.);
#5441 = EDGE_CURVE('',#5442,#5444,#5446,.T.);
#5442 = VERTEX_POINT('',#5443);
#5443 = CARTESIAN_POINT('',(2.32,-1.39,6.8));
#5444 = VERTEX_POINT('',#5445);
#5445 = CARTESIAN_POINT('',(2.32,-1.39,3.3));
#5446 = LINE('',#5447,#5448);
#5447 = CARTESIAN_POINT('',(2.32,-1.39,6.8));
#5448 = VECTOR('',#5449,1.);
#5449 = DIRECTION('',(0.,0.,-1.));
#5450 = ORIENTED_EDGE('',*,*,#5451,.F.);
#5451 = EDGE_CURVE('',#5452,#5444,#5454,.T.);
#5452 = VERTEX_POINT('',#5453);
#5453 = CARTESIAN_POINT('',(1.97,-1.39,3.3));
#5454 = LINE('',#5455,#5456);
#5455 = CARTESIAN_POINT('',(2.32,-1.39,3.3));
#5456 = VECTOR('',#5457,1.);
#5457 = DIRECTION('',(1.,0.,0.));
#5458 = ORIENTED_EDGE('',*,*,#5459,.T.);
#5459 = EDGE_CURVE('',#5452,#5460,#5462,.T.);
#5460 = VERTEX_POINT('',#5461);
#5461 = CARTESIAN_POINT('',(1.97,-1.39,5.3));
#5462 = LINE('',#5463,#5464);
#5463 = CARTESIAN_POINT('',(1.97,-1.39,3.5));
#5464 = VECTOR('',#5465,1.);
#5465 = DIRECTION('',(0.,0.,1.));
#5466 = ORIENTED_EDGE('',*,*,#5467,.T.);
#5467 = EDGE_CURVE('',#5460,#5468,#5470,.T.);
#5468 = VERTEX_POINT('',#5469);
#5469 = CARTESIAN_POINT('',(0.57,-1.39,5.3));
#5470 = LINE('',#5471,#5472);
#5471 = CARTESIAN_POINT('',(2.32,-1.39,5.3));
#5472 = VECTOR('',#5473,1.);
#5473 = DIRECTION('',(-1.,0.,0.));
#5474 = ORIENTED_EDGE('',*,*,#5475,.F.);
#5475 = EDGE_CURVE('',#5476,#5468,#5478,.T.);
#5476 = VERTEX_POINT('',#5477);
#5477 = CARTESIAN_POINT('',(0.57,-1.39,3.3));
#5478 = LINE('',#5479,#5480);
#5479 = CARTESIAN_POINT('',(0.57,-1.39,3.5));
#5480 = VECTOR('',#5481,1.);
#5481 = DIRECTION('',(0.,0.,1.));
#5482 = ORIENTED_EDGE('',*,*,#5483,.T.);
#5483 = EDGE_CURVE('',#5476,#5484,#5486,.T.);
#5484 = VERTEX_POINT('',#5485);
#5485 = CARTESIAN_POINT('',(0.22,-1.39,3.3));
#5486 = LINE('',#5487,#5488);
#5487 = CARTESIAN_POINT('',(0.57,-1.39,3.3));
#5488 = VECTOR('',#5489,1.);
#5489 = DIRECTION('',(-1.,0.,0.));
#5490 = ORIENTED_EDGE('',*,*,#5491,.F.);
#5491 = EDGE_CURVE('',#5492,#5484,#5494,.T.);
#5492 = VERTEX_POINT('',#5493);
#5493 = CARTESIAN_POINT('',(0.22,-1.39,6.8));
#5494 = LINE('',#5495,#5496);
#5495 = CARTESIAN_POINT('',(0.22,-1.39,6.8));
#5496 = VECTOR('',#5497,1.);
#5497 = DIRECTION('',(0.,0.,-1.));
#5498 = ORIENTED_EDGE('',*,*,#5499,.F.);
#5499 = EDGE_CURVE('',#5442,#5492,#5500,.T.);
#5500 = LINE('',#5501,#5502);
#5501 = CARTESIAN_POINT('',(2.32,-1.39,6.8));
#5502 = VECTOR('',#5503,1.);
#5503 = DIRECTION('',(-1.,0.,0.));
#5504 = PLANE('',#5505);
#5505 = AXIS2_PLACEMENT_3D('',#5506,#5507,#5508);
#5506 = CARTESIAN_POINT('',(2.32,-1.39,6.8));
#5507 = DIRECTION('',(0.,-1.,0.));
#5508 = DIRECTION('',(0.,0.,-1.));
#5509 = ADVANCED_FACE('',(#5510,#5513),#5538,.T.);
#5510 = FACE_BOUND('',#5511,.T.);
#5511 = EDGE_LOOP('',(#5512));
#5512 = ORIENTED_EDGE('',*,*,#5369,.F.);
#5513 = FACE_BOUND('',#5514,.T.);
#5514 = EDGE_LOOP('',(#5515,#5525,#5531,#5532));
#5515 = ORIENTED_EDGE('',*,*,#5516,.T.);
#5516 = EDGE_CURVE('',#5517,#5519,#5521,.T.);
#5517 = VERTEX_POINT('',#5518);
#5518 = CARTESIAN_POINT('',(0.22,1.37,6.8));
#5519 = VERTEX_POINT('',#5520);
#5520 = CARTESIAN_POINT('',(2.32,1.37,6.8));
#5521 = LINE('',#5522,#5523);
#5522 = CARTESIAN_POINT('',(0.22,1.37,6.8));
#5523 = VECTOR('',#5524,1.);
#5524 = DIRECTION('',(1.,0.,0.));
#5525 = ORIENTED_EDGE('',*,*,#5526,.T.);
#5526 = EDGE_CURVE('',#5519,#5442,#5527,.T.);
#5527 = LINE('',#5528,#5529);
#5528 = CARTESIAN_POINT('',(2.32,1.04,6.8));
#5529 = VECTOR('',#5530,1.);
#5530 = DIRECTION('',(-1.032573497605E-16,-1.,0.));
#5531 = ORIENTED_EDGE('',*,*,#5499,.T.);
#5532 = ORIENTED_EDGE('',*,*,#5533,.T.);
#5533 = EDGE_CURVE('',#5492,#5517,#5534,.T.);
#5534 = LINE('',#5535,#5536);
#5535 = CARTESIAN_POINT('',(0.22,-1.06,6.8));
#5536 = VECTOR('',#5537,1.);
#5537 = DIRECTION('',(0.,1.,0.));
#5538 = PLANE('',#5539);
#5539 = AXIS2_PLACEMENT_3D('',#5540,#5541,#5542);
#5540 = CARTESIAN_POINT('',(2.54,-1.E-02,6.8));
#5541 = DIRECTION('',(0.,0.,-1.));
#5542 = DIRECTION('',(-1.,0.,0.));
#5543 = ADVANCED_FACE('',(#5544),#5569,.F.);
#5544 = FACE_BOUND('',#5545,.T.);
#5545 = EDGE_LOOP('',(#5546,#5547,#5555,#5563));
#5546 = ORIENTED_EDGE('',*,*,#5401,.F.);
#5547 = ORIENTED_EDGE('',*,*,#5548,.T.);
#5548 = EDGE_CURVE('',#5402,#5549,#5551,.T.);
#5549 = VERTEX_POINT('',#5550);
#5550 = CARTESIAN_POINT('',(0.62,2.674163459747,0.));
#5551 = LINE('',#5552,#5553);
#5552 = CARTESIAN_POINT('',(0.62,2.674163459747,5.3));
#5553 = VECTOR('',#5554,1.);
#5554 = DIRECTION('',(0.,0.,-1.));
#5555 = ORIENTED_EDGE('',*,*,#5556,.T.);
#5556 = EDGE_CURVE('',#5549,#5557,#5559,.T.);
#5557 = VERTEX_POINT('',#5558);
#5558 = CARTESIAN_POINT('',(1.92,2.674163459747,0.));
#5559 = LINE('',#5560,#5561);
#5560 = CARTESIAN_POINT('',(0.62,2.674163459747,0.));
#5561 = VECTOR('',#5562,1.);
#5562 = DIRECTION('',(1.,0.,0.));
#5563 = ORIENTED_EDGE('',*,*,#5564,.F.);
#5564 = EDGE_CURVE('',#5404,#5557,#5565,.T.);
#5565 = LINE('',#5566,#5567);
#5566 = CARTESIAN_POINT('',(1.92,2.674163459747,5.3));
#5567 = VECTOR('',#5568,1.);
#5568 = DIRECTION('',(0.,0.,-1.));
#5569 = PLANE('',#5570);
#5570 = AXIS2_PLACEMENT_3D('',#5571,#5572,#5573);
#5571 = CARTESIAN_POINT('',(0.62,2.674163459747,5.3));
#5572 = DIRECTION('',(0.,1.,0.));
#5573 = DIRECTION('',(0.,-0.,1.));
#5574 = ADVANCED_FACE('',(#5575),#5609,.F.);
#5575 = FACE_BOUND('',#5576,.T.);
#5576 = EDGE_LOOP('',(#5577,#5578,#5586,#5592,#5593,#5594,#5602,#5608));
#5577 = ORIENTED_EDGE('',*,*,#5298,.F.);
#5578 = ORIENTED_EDGE('',*,*,#5579,.T.);
#5579 = EDGE_CURVE('',#5291,#5580,#5582,.T.);
#5580 = VERTEX_POINT('',#5581);
#5581 = CARTESIAN_POINT('',(1.92,3.14,3.1));
#5582 = LINE('',#5583,#5584);
#5583 = CARTESIAN_POINT('',(1.92,3.14,3.1));
#5584 = VECTOR('',#5585,1.);
#5585 = DIRECTION('',(0.,0.292371704723,-0.956304755963));
#5586 = ORIENTED_EDGE('',*,*,#5587,.T.);
#5587 = EDGE_CURVE('',#5580,#5412,#5588,.T.);
#5588 = LINE('',#5589,#5590);
#5589 = CARTESIAN_POINT('',(1.92,3.14,5.3));
#5590 = VECTOR('',#5591,1.);
#5591 = DIRECTION('',(0.,0.,-1.));
#5592 = ORIENTED_EDGE('',*,*,#5411,.F.);
#5593 = ORIENTED_EDGE('',*,*,#5564,.T.);
#5594 = ORIENTED_EDGE('',*,*,#5595,.T.);
#5595 = EDGE_CURVE('',#5557,#5596,#5598,.T.);
#5596 = VERTEX_POINT('',#5597);
#5597 = CARTESIAN_POINT('',(1.92,1.37,0.));
#5598 = LINE('',#5599,#5600);
#5599 = CARTESIAN_POINT('',(1.92,2.674163459747,0.));
#5600 = VECTOR('',#5601,1.);
#5601 = DIRECTION('',(0.,-1.,0.));
#5602 = ORIENTED_EDGE('',*,*,#5603,.F.);
#5603 = EDGE_CURVE('',#5261,#5596,#5604,.T.);
#5604 = LINE('',#5605,#5606);
#5605 = CARTESIAN_POINT('',(1.92,1.37,5.3));
#5606 = VECTOR('',#5607,1.);
#5607 = DIRECTION('',(0.,0.,-1.));
#5608 = ORIENTED_EDGE('',*,*,#5260,.T.);
#5609 = PLANE('',#5610);
#5610 = AXIS2_PLACEMENT_3D('',#5611,#5612,#5613);
#5611 = CARTESIAN_POINT('',(1.92,2.674163459747,5.3));
#5612 = DIRECTION('',(1.,0.,0.));
#5613 = DIRECTION('',(0.,0.,-1.));
#5614 = ADVANCED_FACE('',(#5615),#5649,.F.);
#5615 = FACE_BOUND('',#5616,.T.);
#5616 = EDGE_LOOP('',(#5617,#5625,#5626,#5627,#5635,#5641,#5642,#5643));
#5617 = ORIENTED_EDGE('',*,*,#5618,.T.);
#5618 = EDGE_CURVE('',#5619,#5283,#5621,.T.);
#5619 = VERTEX_POINT('',#5620);
#5620 = CARTESIAN_POINT('',(0.62,3.14,3.1));
#5621 = LINE('',#5622,#5623);
#5622 = CARTESIAN_POINT('',(0.62,3.14,3.1));
#5623 = VECTOR('',#5624,1.);
#5624 = DIRECTION('',(0.,-0.292371704723,0.956304755963));
#5625 = ORIENTED_EDGE('',*,*,#5282,.T.);
#5626 = ORIENTED_EDGE('',*,*,#5242,.T.);
#5627 = ORIENTED_EDGE('',*,*,#5628,.T.);
#5628 = EDGE_CURVE('',#5245,#5629,#5631,.T.);
#5629 = VERTEX_POINT('',#5630);
#5630 = CARTESIAN_POINT('',(0.62,1.37,0.));
#5631 = LINE('',#5632,#5633);
#5632 = CARTESIAN_POINT('',(0.62,1.37,5.3));
#5633 = VECTOR('',#5634,1.);
#5634 = DIRECTION('',(0.,0.,-1.));
#5635 = ORIENTED_EDGE('',*,*,#5636,.T.);
#5636 = EDGE_CURVE('',#5629,#5549,#5637,.T.);
#5637 = LINE('',#5638,#5639);
#5638 = CARTESIAN_POINT('',(0.62,1.82,0.));
#5639 = VECTOR('',#5640,1.);
#5640 = DIRECTION('',(0.,1.,0.));
#5641 = ORIENTED_EDGE('',*,*,#5548,.F.);
#5642 = ORIENTED_EDGE('',*,*,#5427,.F.);
#5643 = ORIENTED_EDGE('',*,*,#5644,.F.);
#5644 = EDGE_CURVE('',#5619,#5420,#5645,.T.);
#5645 = LINE('',#5646,#5647);
#5646 = CARTESIAN_POINT('',(0.62,3.14,8.6));
#5647 = VECTOR('',#5648,1.);
#5648 = DIRECTION('',(0.,0.,-1.));
#5649 = PLANE('',#5650);
#5650 = AXIS2_PLACEMENT_3D('',#5651,#5652,#5653);
#5651 = CARTESIAN_POINT('',(0.62,1.82,5.3));
#5652 = DIRECTION('',(-1.,0.,0.));
#5653 = DIRECTION('',(0.,0.,1.));
#5654 = ADVANCED_FACE('',(#5655),#5689,.T.);
#5655 = FACE_BOUND('',#5656,.T.);
#5656 = EDGE_LOOP('',(#5657,#5667,#5675,#5683));
#5657 = ORIENTED_EDGE('',*,*,#5658,.F.);
#5658 = EDGE_CURVE('',#5659,#5661,#5663,.T.);
#5659 = VERTEX_POINT('',#5660);
#5660 = CARTESIAN_POINT('',(1.97,-2.36,3.3));
#5661 = VERTEX_POINT('',#5662);
#5662 = CARTESIAN_POINT('',(0.57,-2.36,3.3));
#5663 = LINE('',#5664,#5665);
#5664 = CARTESIAN_POINT('',(0.22,-2.36,3.3));
#5665 = VECTOR('',#5666,1.);
#5666 = DIRECTION('',(-1.,0.,2.581433744013E-17));
#5667 = ORIENTED_EDGE('',*,*,#5668,.F.);
#5668 = EDGE_CURVE('',#5669,#5659,#5671,.T.);
#5669 = VERTEX_POINT('',#5670);
#5670 = CARTESIAN_POINT('',(2.32,-2.86,4.53));
#5671 = LINE('',#5672,#5673);
#5672 = CARTESIAN_POINT('',(1.97,-2.36,3.3));
#5673 = VECTOR('',#5674,1.);
#5674 = DIRECTION('',(-0.254897920818,0.364139886882,-0.89578412173));
#5675 = ORIENTED_EDGE('',*,*,#5676,.F.);
#5676 = EDGE_CURVE('',#5677,#5669,#5679,.T.);
#5677 = VERTEX_POINT('',#5678);
#5678 = CARTESIAN_POINT('',(0.22,-2.86,4.53));
#5679 = LINE('',#5680,#5681);
#5680 = CARTESIAN_POINT('',(2.32,-2.86,4.53));
#5681 = VECTOR('',#5682,1.);
#5682 = DIRECTION('',(1.,0.,-2.581433744013E-17));
#5683 = ORIENTED_EDGE('',*,*,#5684,.F.);
#5684 = EDGE_CURVE('',#5661,#5677,#5685,.T.);
#5685 = LINE('',#5686,#5687);
#5686 = CARTESIAN_POINT('',(0.660962130052,-2.230054099926,
    2.980333085817));
#5687 = VECTOR('',#5688,1.);
#5688 = DIRECTION('',(-0.254897920818,-0.364139886882,0.89578412173));
#5689 = PLANE('',#5690);
#5690 = AXIS2_PLACEMENT_3D('',#5691,#5692,#5693);
#5691 = CARTESIAN_POINT('',(1.97,-2.36,3.3));
#5692 = DIRECTION('',(-9.721138892263E-18,-0.92638448422,-0.376579058626
    ));
#5693 = DIRECTION('',(1.,6.162975822039E-33,-2.581433744013E-17));
#5694 = ADVANCED_FACE('',(#5695),#5729,.F.);
#5695 = FACE_BOUND('',#5696,.T.);
#5696 = EDGE_LOOP('',(#5697,#5698,#5699,#5700,#5708,#5714,#5715,#5723));
#5697 = ORIENTED_EDGE('',*,*,#5628,.F.);
#5698 = ORIENTED_EDGE('',*,*,#5268,.F.);
#5699 = ORIENTED_EDGE('',*,*,#5603,.T.);
#5700 = ORIENTED_EDGE('',*,*,#5701,.T.);
#5701 = EDGE_CURVE('',#5596,#5702,#5704,.T.);
#5702 = VERTEX_POINT('',#5703);
#5703 = CARTESIAN_POINT('',(2.32,1.37,0.));
#5704 = LINE('',#5705,#5706);
#5705 = CARTESIAN_POINT('',(1.92,1.37,0.));
#5706 = VECTOR('',#5707,1.);
#5707 = DIRECTION('',(1.,0.,0.));
#5708 = ORIENTED_EDGE('',*,*,#5709,.F.);
#5709 = EDGE_CURVE('',#5519,#5702,#5710,.T.);
#5710 = LINE('',#5711,#5712);
#5711 = CARTESIAN_POINT('',(2.32,1.37,5.3));
#5712 = VECTOR('',#5713,1.);
#5713 = DIRECTION('',(0.,0.,-1.));
#5714 = ORIENTED_EDGE('',*,*,#5516,.F.);
#5715 = ORIENTED_EDGE('',*,*,#5716,.T.);
#5716 = EDGE_CURVE('',#5517,#5717,#5719,.T.);
#5717 = VERTEX_POINT('',#5718);
#5718 = CARTESIAN_POINT('',(0.22,1.37,0.));
#5719 = LINE('',#5720,#5721);
#5720 = CARTESIAN_POINT('',(0.22,1.37,5.3));
#5721 = VECTOR('',#5722,1.);
#5722 = DIRECTION('',(0.,0.,-1.));
#5723 = ORIENTED_EDGE('',*,*,#5724,.T.);
#5724 = EDGE_CURVE('',#5717,#5629,#5725,.T.);
#5725 = LINE('',#5726,#5727);
#5726 = CARTESIAN_POINT('',(1.92,1.37,0.));
#5727 = VECTOR('',#5728,1.);
#5728 = DIRECTION('',(1.,0.,0.));
#5729 = PLANE('',#5730);
#5730 = AXIS2_PLACEMENT_3D('',#5731,#5732,#5733);
#5731 = CARTESIAN_POINT('',(1.92,1.37,5.3));
#5732 = DIRECTION('',(0.,1.,0.));
#5733 = DIRECTION('',(0.,-0.,1.));
#5734 = ADVANCED_FACE('',(#5735),#5760,.T.);
#5735 = FACE_BOUND('',#5736,.T.);
#5736 = EDGE_LOOP('',(#5737,#5747,#5753,#5754));
#5737 = ORIENTED_EDGE('',*,*,#5738,.T.);
#5738 = EDGE_CURVE('',#5739,#5741,#5743,.T.);
#5739 = VERTEX_POINT('',#5740);
#5740 = CARTESIAN_POINT('',(1.97,-2.18,5.3));
#5741 = VERTEX_POINT('',#5742);
#5742 = CARTESIAN_POINT('',(0.57,-2.18,5.3));
#5743 = LINE('',#5744,#5745);
#5744 = CARTESIAN_POINT('',(2.32,-2.18,5.3));
#5745 = VECTOR('',#5746,1.);
#5746 = DIRECTION('',(-1.,0.,0.));
#5747 = ORIENTED_EDGE('',*,*,#5748,.T.);
#5748 = EDGE_CURVE('',#5741,#5468,#5749,.T.);
#5749 = LINE('',#5750,#5751);
#5750 = CARTESIAN_POINT('',(0.57,-2.18,5.3));
#5751 = VECTOR('',#5752,1.);
#5752 = DIRECTION('',(0.,1.,0.));
#5753 = ORIENTED_EDGE('',*,*,#5467,.F.);
#5754 = ORIENTED_EDGE('',*,*,#5755,.F.);
#5755 = EDGE_CURVE('',#5739,#5460,#5756,.T.);
#5756 = LINE('',#5757,#5758);
#5757 = CARTESIAN_POINT('',(1.97,-2.18,5.3));
#5758 = VECTOR('',#5759,1.);
#5759 = DIRECTION('',(2.744815626546E-16,1.,0.));
#5760 = PLANE('',#5761);
#5761 = AXIS2_PLACEMENT_3D('',#5762,#5763,#5764);
#5762 = CARTESIAN_POINT('',(2.54,-1.E-02,5.3));
#5763 = DIRECTION('',(0.,0.,-1.));
#5764 = DIRECTION('',(-1.,0.,0.));
#5765 = ADVANCED_FACE('',(#5766),#5793,.F.);
#5766 = FACE_BOUND('',#5767,.T.);
#5767 = EDGE_LOOP('',(#5768,#5769,#5777,#5785,#5791,#5792));
#5768 = ORIENTED_EDGE('',*,*,#5491,.T.);
#5769 = ORIENTED_EDGE('',*,*,#5770,.T.);
#5770 = EDGE_CURVE('',#5484,#5771,#5773,.T.);
#5771 = VERTEX_POINT('',#5772);
#5772 = CARTESIAN_POINT('',(0.22,-2.18,3.3));
#5773 = LINE('',#5774,#5775);
#5774 = CARTESIAN_POINT('',(0.22,-2.18,3.3));
#5775 = VECTOR('',#5776,1.);
#5776 = DIRECTION('',(0.,-1.,0.));
#5777 = ORIENTED_EDGE('',*,*,#5778,.T.);
#5778 = EDGE_CURVE('',#5771,#5779,#5781,.T.);
#5779 = VERTEX_POINT('',#5780);
#5780 = CARTESIAN_POINT('',(0.22,-2.18,0.));
#5781 = LINE('',#5782,#5783);
#5782 = CARTESIAN_POINT('',(0.22,-2.18,5.3));
#5783 = VECTOR('',#5784,1.);
#5784 = DIRECTION('',(0.,0.,-1.));
#5785 = ORIENTED_EDGE('',*,*,#5786,.T.);
#5786 = EDGE_CURVE('',#5779,#5717,#5787,.T.);
#5787 = LINE('',#5788,#5789);
#5788 = CARTESIAN_POINT('',(0.22,-2.18,0.));
#5789 = VECTOR('',#5790,1.);
#5790 = DIRECTION('',(2.168404344971E-16,1.,0.));
#5791 = ORIENTED_EDGE('',*,*,#5716,.F.);
#5792 = ORIENTED_EDGE('',*,*,#5533,.F.);
#5793 = PLANE('',#5794);
#5794 = AXIS2_PLACEMENT_3D('',#5795,#5796,#5797);
#5795 = CARTESIAN_POINT('',(0.22,-2.18,5.3));
#5796 = DIRECTION('',(-1.,2.168404344971E-16,0.));
#5797 = DIRECTION('',(-2.168404344971E-16,-1.,0.));
#5798 = ADVANCED_FACE('',(#5799),#5824,.F.);
#5799 = FACE_BOUND('',#5800,.T.);
#5800 = EDGE_LOOP('',(#5801,#5809,#5817,#5823));
#5801 = ORIENTED_EDGE('',*,*,#5802,.F.);
#5802 = EDGE_CURVE('',#5803,#5739,#5805,.T.);
#5803 = VERTEX_POINT('',#5804);
#5804 = CARTESIAN_POINT('',(1.97,-2.18,3.3));
#5805 = LINE('',#5806,#5807);
#5806 = CARTESIAN_POINT('',(1.97,-2.18,3.5));
#5807 = VECTOR('',#5808,1.);
#5808 = DIRECTION('',(0.,0.,1.));
#5809 = ORIENTED_EDGE('',*,*,#5810,.T.);
#5810 = EDGE_CURVE('',#5803,#5811,#5813,.T.);
#5811 = VERTEX_POINT('',#5812);
#5812 = CARTESIAN_POINT('',(0.57,-2.18,3.3));
#5813 = LINE('',#5814,#5815);
#5814 = CARTESIAN_POINT('',(1.97,-2.18,3.3));
#5815 = VECTOR('',#5816,1.);
#5816 = DIRECTION('',(-1.,0.,2.581433744013E-17));
#5817 = ORIENTED_EDGE('',*,*,#5818,.T.);
#5818 = EDGE_CURVE('',#5811,#5741,#5819,.T.);
#5819 = LINE('',#5820,#5821);
#5820 = CARTESIAN_POINT('',(0.57,-2.18,3.5));
#5821 = VECTOR('',#5822,1.);
#5822 = DIRECTION('',(0.,0.,1.));
#5823 = ORIENTED_EDGE('',*,*,#5738,.F.);
#5824 = PLANE('',#5825);
#5825 = AXIS2_PLACEMENT_3D('',#5826,#5827,#5828);
#5826 = CARTESIAN_POINT('',(2.32,-2.18,5.3));
#5827 = DIRECTION('',(0.,-1.,0.));
#5828 = DIRECTION('',(0.,0.,-1.));
#5829 = ADVANCED_FACE('',(#5830),#5857,.F.);
#5830 = FACE_BOUND('',#5831,.T.);
#5831 = EDGE_LOOP('',(#5832,#5840,#5841,#5842,#5843,#5851));
#5832 = ORIENTED_EDGE('',*,*,#5833,.F.);
#5833 = EDGE_CURVE('',#5444,#5834,#5836,.T.);
#5834 = VERTEX_POINT('',#5835);
#5835 = CARTESIAN_POINT('',(2.32,-2.18,3.3));
#5836 = LINE('',#5837,#5838);
#5837 = CARTESIAN_POINT('',(2.32,-1.39,3.3));
#5838 = VECTOR('',#5839,1.);
#5839 = DIRECTION('',(-1.097926250618E-15,-1.,0.));
#5840 = ORIENTED_EDGE('',*,*,#5441,.F.);
#5841 = ORIENTED_EDGE('',*,*,#5526,.F.);
#5842 = ORIENTED_EDGE('',*,*,#5709,.T.);
#5843 = ORIENTED_EDGE('',*,*,#5844,.T.);
#5844 = EDGE_CURVE('',#5702,#5845,#5847,.T.);
#5845 = VERTEX_POINT('',#5846);
#5846 = CARTESIAN_POINT('',(2.32,-2.18,0.));
#5847 = LINE('',#5848,#5849);
#5848 = CARTESIAN_POINT('',(2.32,1.82,0.));
#5849 = VECTOR('',#5850,1.);
#5850 = DIRECTION('',(-6.776263578034E-17,-1.,0.));
#5851 = ORIENTED_EDGE('',*,*,#5852,.F.);
#5852 = EDGE_CURVE('',#5834,#5845,#5853,.T.);
#5853 = LINE('',#5854,#5855);
#5854 = CARTESIAN_POINT('',(2.32,-2.18,5.3));
#5855 = VECTOR('',#5856,1.);
#5856 = DIRECTION('',(0.,0.,-1.));
#5857 = PLANE('',#5858);
#5858 = AXIS2_PLACEMENT_3D('',#5859,#5860,#5861);
#5859 = CARTESIAN_POINT('',(2.32,1.82,5.3));
#5860 = DIRECTION('',(1.,-6.776263578034E-17,0.));
#5861 = DIRECTION('',(6.776263578034E-17,1.,0.));
#5862 = ADVANCED_FACE('',(#5863),#5907,.F.);
#5863 = FACE_BOUND('',#5864,.T.);
#5864 = EDGE_LOOP('',(#5865,#5873,#5879,#5880,#5886,#5887,#5893,#5901));
#5865 = ORIENTED_EDGE('',*,*,#5866,.T.);
#5866 = EDGE_CURVE('',#5867,#5803,#5869,.T.);
#5867 = VERTEX_POINT('',#5868);
#5868 = CARTESIAN_POINT('',(1.97,-2.18,1.5));
#5869 = LINE('',#5870,#5871);
#5870 = CARTESIAN_POINT('',(1.97,-2.18,1.5));
#5871 = VECTOR('',#5872,1.);
#5872 = DIRECTION('',(2.323290369612E-16,0.,1.));
#5873 = ORIENTED_EDGE('',*,*,#5874,.F.);
#5874 = EDGE_CURVE('',#5834,#5803,#5875,.T.);
#5875 = LINE('',#5876,#5877);
#5876 = CARTESIAN_POINT('',(2.32,-2.18,3.3));
#5877 = VECTOR('',#5878,1.);
#5878 = DIRECTION('',(-1.,0.,0.));
#5879 = ORIENTED_EDGE('',*,*,#5852,.T.);
#5880 = ORIENTED_EDGE('',*,*,#5881,.T.);
#5881 = EDGE_CURVE('',#5845,#5779,#5882,.T.);
#5882 = LINE('',#5883,#5884);
#5883 = CARTESIAN_POINT('',(2.32,-2.18,0.));
#5884 = VECTOR('',#5885,1.);
#5885 = DIRECTION('',(-1.,0.,0.));
#5886 = ORIENTED_EDGE('',*,*,#5778,.F.);
#5887 = ORIENTED_EDGE('',*,*,#5888,.T.);
#5888 = EDGE_CURVE('',#5771,#5811,#5889,.T.);
#5889 = LINE('',#5890,#5891);
#5890 = CARTESIAN_POINT('',(0.57,-2.18,3.3));
#5891 = VECTOR('',#5892,1.);
#5892 = DIRECTION('',(1.,0.,0.));
#5893 = ORIENTED_EDGE('',*,*,#5894,.T.);
#5894 = EDGE_CURVE('',#5811,#5895,#5897,.T.);
#5895 = VERTEX_POINT('',#5896);
#5896 = CARTESIAN_POINT('',(0.57,-2.18,1.5));
#5897 = LINE('',#5898,#5899);
#5898 = CARTESIAN_POINT('',(0.57,-2.18,3.3));
#5899 = VECTOR('',#5900,1.);
#5900 = DIRECTION('',(-2.323290369612E-16,0.,-1.));
#5901 = ORIENTED_EDGE('',*,*,#5902,.T.);
#5902 = EDGE_CURVE('',#5895,#5867,#5903,.T.);
#5903 = LINE('',#5904,#5905);
#5904 = CARTESIAN_POINT('',(0.57,-2.18,1.5));
#5905 = VECTOR('',#5906,1.);
#5906 = DIRECTION('',(1.,0.,-4.904724113625E-16));
#5907 = PLANE('',#5908);
#5908 = AXIS2_PLACEMENT_3D('',#5909,#5910,#5911);
#5909 = CARTESIAN_POINT('',(2.32,-2.18,5.3));
#5910 = DIRECTION('',(0.,-1.,0.));
#5911 = DIRECTION('',(0.,0.,-1.));
#5912 = ADVANCED_FACE('',(#5913),#5934,.F.);
#5913 = FACE_BOUND('',#5914,.T.);
#5914 = EDGE_LOOP('',(#5915,#5921,#5927,#5933));
#5915 = ORIENTED_EDGE('',*,*,#5916,.T.);
#5916 = EDGE_CURVE('',#5867,#5340,#5917,.T.);
#5917 = LINE('',#5918,#5919);
#5918 = CARTESIAN_POINT('',(1.97,-2.18,1.5));
#5919 = VECTOR('',#5920,1.);
#5920 = DIRECTION('',(0.,-1.,0.));
#5921 = ORIENTED_EDGE('',*,*,#5922,.T.);
#5922 = EDGE_CURVE('',#5340,#5659,#5923,.T.);
#5923 = LINE('',#5924,#5925);
#5924 = CARTESIAN_POINT('',(1.97,-2.36,3.3));
#5925 = VECTOR('',#5926,1.);
#5926 = DIRECTION('',(2.323290369612E-16,0.,1.));
#5927 = ORIENTED_EDGE('',*,*,#5928,.F.);
#5928 = EDGE_CURVE('',#5803,#5659,#5929,.T.);
#5929 = LINE('',#5930,#5931);
#5930 = CARTESIAN_POINT('',(1.97,-2.18,3.3));
#5931 = VECTOR('',#5932,1.);
#5932 = DIRECTION('',(0.,-1.,0.));
#5933 = ORIENTED_EDGE('',*,*,#5866,.F.);
#5934 = PLANE('',#5935);
#5935 = AXIS2_PLACEMENT_3D('',#5936,#5937,#5938);
#5936 = CARTESIAN_POINT('',(1.97,-2.18,1.5));
#5937 = DIRECTION('',(1.,0.,-2.323290369612E-16));
#5938 = DIRECTION('',(-2.323290369612E-16,0.,-1.));
#5939 = ADVANCED_FACE('',(#5940),#5951,.F.);
#5940 = FACE_BOUND('',#5941,.T.);
#5941 = EDGE_LOOP('',(#5942,#5943,#5944,#5950));
#5942 = ORIENTED_EDGE('',*,*,#5928,.T.);
#5943 = ORIENTED_EDGE('',*,*,#5658,.T.);
#5944 = ORIENTED_EDGE('',*,*,#5945,.F.);
#5945 = EDGE_CURVE('',#5811,#5661,#5946,.T.);
#5946 = LINE('',#5947,#5948);
#5947 = CARTESIAN_POINT('',(0.57,-2.18,3.3));
#5948 = VECTOR('',#5949,1.);
#5949 = DIRECTION('',(0.,-1.,0.));
#5950 = ORIENTED_EDGE('',*,*,#5810,.F.);
#5951 = PLANE('',#5952);
#5952 = AXIS2_PLACEMENT_3D('',#5953,#5954,#5955);
#5953 = CARTESIAN_POINT('',(1.97,-2.18,3.3));
#5954 = DIRECTION('',(2.581433744013E-17,0.,1.));
#5955 = DIRECTION('',(1.,0.,-2.581433744013E-17));
#5956 = ADVANCED_FACE('',(#5957),#5973,.F.);
#5957 = FACE_BOUND('',#5958,.T.);
#5958 = EDGE_LOOP('',(#5959,#5960,#5966,#5972));
#5959 = ORIENTED_EDGE('',*,*,#5945,.T.);
#5960 = ORIENTED_EDGE('',*,*,#5961,.T.);
#5961 = EDGE_CURVE('',#5661,#5348,#5962,.T.);
#5962 = LINE('',#5963,#5964);
#5963 = CARTESIAN_POINT('',(0.57,-2.36,0.75));
#5964 = VECTOR('',#5965,1.);
#5965 = DIRECTION('',(-2.323290369612E-16,0.,-1.));
#5966 = ORIENTED_EDGE('',*,*,#5967,.F.);
#5967 = EDGE_CURVE('',#5895,#5348,#5968,.T.);
#5968 = LINE('',#5969,#5970);
#5969 = CARTESIAN_POINT('',(0.57,-2.18,1.5));
#5970 = VECTOR('',#5971,1.);
#5971 = DIRECTION('',(0.,-1.,0.));
#5972 = ORIENTED_EDGE('',*,*,#5894,.F.);
#5973 = PLANE('',#5974);
#5974 = AXIS2_PLACEMENT_3D('',#5975,#5976,#5977);
#5975 = CARTESIAN_POINT('',(0.57,-2.18,3.3));
#5976 = DIRECTION('',(-1.,0.,2.323290369612E-16));
#5977 = DIRECTION('',(2.323290369612E-16,0.,1.));
#5978 = ADVANCED_FACE('',(#5979),#5985,.F.);
#5979 = FACE_BOUND('',#5980,.T.);
#5980 = EDGE_LOOP('',(#5981,#5982,#5983,#5984));
#5981 = ORIENTED_EDGE('',*,*,#5967,.T.);
#5982 = ORIENTED_EDGE('',*,*,#5347,.T.);
#5983 = ORIENTED_EDGE('',*,*,#5916,.F.);
#5984 = ORIENTED_EDGE('',*,*,#5902,.F.);
#5985 = PLANE('',#5986);
#5986 = AXIS2_PLACEMENT_3D('',#5987,#5988,#5989);
#5987 = CARTESIAN_POINT('',(0.22,-2.86,1.5));
#5988 = DIRECTION('',(-4.130293990421E-16,0.,-1.));
#5989 = DIRECTION('',(-1.,0.,4.130293990421E-16));
#5990 = ADVANCED_FACE('',(#5991),#6022,.F.);
#5991 = FACE_BOUND('',#5992,.T.);
#5992 = EDGE_LOOP('',(#5993,#6001,#6009,#6015,#6021));
#5993 = ORIENTED_EDGE('',*,*,#5994,.T.);
#5994 = EDGE_CURVE('',#5324,#5995,#5997,.T.);
#5995 = VERTEX_POINT('',#5996);
#5996 = CARTESIAN_POINT('',(2.32,-3.16,4.55));
#5997 = LINE('',#5998,#5999);
#5998 = CARTESIAN_POINT('',(2.32,-3.16,0.3));
#5999 = VECTOR('',#6000,1.);
#6000 = DIRECTION('',(-1.020425574104E-16,0.,1.));
#6001 = ORIENTED_EDGE('',*,*,#6002,.F.);
#6002 = EDGE_CURVE('',#6003,#5995,#6005,.T.);
#6003 = VERTEX_POINT('',#6004);
#6004 = CARTESIAN_POINT('',(2.32,-2.86,4.55));
#6005 = LINE('',#6006,#6007);
#6006 = CARTESIAN_POINT('',(2.32,-2.86,4.55));
#6007 = VECTOR('',#6008,1.);
#6008 = DIRECTION('',(0.,-1.,0.));
#6009 = ORIENTED_EDGE('',*,*,#6010,.F.);
#6010 = EDGE_CURVE('',#5669,#6003,#6011,.T.);
#6011 = LINE('',#6012,#6013);
#6012 = CARTESIAN_POINT('',(2.32,-2.86,0.3));
#6013 = VECTOR('',#6014,1.);
#6014 = DIRECTION('',(-1.020425574104E-16,0.,1.));
#6015 = ORIENTED_EDGE('',*,*,#6016,.F.);
#6016 = EDGE_CURVE('',#5332,#5669,#6017,.T.);
#6017 = LINE('',#6018,#6019);
#6018 = CARTESIAN_POINT('',(2.32,-2.86,0.3));
#6019 = VECTOR('',#6020,1.);
#6020 = DIRECTION('',(-1.020425574104E-16,0.,1.));
#6021 = ORIENTED_EDGE('',*,*,#5331,.F.);
#6022 = PLANE('',#6023);
#6023 = AXIS2_PLACEMENT_3D('',#6024,#6025,#6026);
#6024 = CARTESIAN_POINT('',(2.32,-2.86,0.3));
#6025 = DIRECTION('',(1.,0.,1.020425574104E-16));
#6026 = DIRECTION('',(1.020425574104E-16,0.,-1.));
#6027 = ADVANCED_FACE('',(#6028),#6053,.F.);
#6028 = FACE_BOUND('',#6029,.T.);
#6029 = EDGE_LOOP('',(#6030,#6031,#6039,#6047));
#6030 = ORIENTED_EDGE('',*,*,#6002,.T.);
#6031 = ORIENTED_EDGE('',*,*,#6032,.F.);
#6032 = EDGE_CURVE('',#6033,#5995,#6035,.T.);
#6033 = VERTEX_POINT('',#6034);
#6034 = CARTESIAN_POINT('',(0.22,-3.16,4.55));
#6035 = LINE('',#6036,#6037);
#6036 = CARTESIAN_POINT('',(-0.24,-3.16,4.55));
#6037 = VECTOR('',#6038,1.);
#6038 = DIRECTION('',(1.,0.,0.));
#6039 = ORIENTED_EDGE('',*,*,#6040,.F.);
#6040 = EDGE_CURVE('',#6041,#6033,#6043,.T.);
#6041 = VERTEX_POINT('',#6042);
#6042 = CARTESIAN_POINT('',(0.22,-2.86,4.55));
#6043 = LINE('',#6044,#6045);
#6044 = CARTESIAN_POINT('',(0.22,-2.86,4.55));
#6045 = VECTOR('',#6046,1.);
#6046 = DIRECTION('',(0.,-1.,0.));
#6047 = ORIENTED_EDGE('',*,*,#6048,.F.);
#6048 = EDGE_CURVE('',#6003,#6041,#6049,.T.);
#6049 = LINE('',#6050,#6051);
#6050 = CARTESIAN_POINT('',(2.32,-2.86,4.55));
#6051 = VECTOR('',#6052,1.);
#6052 = DIRECTION('',(-1.,0.,0.));
#6053 = PLANE('',#6054);
#6054 = AXIS2_PLACEMENT_3D('',#6055,#6056,#6057);
#6055 = CARTESIAN_POINT('',(2.32,-2.86,4.55));
#6056 = DIRECTION('',(0.,0.,1.));
#6057 = DIRECTION('',(1.,0.,-0.));
#6058 = ADVANCED_FACE('',(#6059),#6081,.F.);
#6059 = FACE_BOUND('',#6060,.T.);
#6060 = EDGE_LOOP('',(#6061,#6062,#6068,#6074,#6075));
#6061 = ORIENTED_EDGE('',*,*,#5313,.F.);
#6062 = ORIENTED_EDGE('',*,*,#6063,.F.);
#6063 = EDGE_CURVE('',#5677,#5314,#6064,.T.);
#6064 = LINE('',#6065,#6066);
#6065 = CARTESIAN_POINT('',(0.22,-2.86,4.55));
#6066 = VECTOR('',#6067,1.);
#6067 = DIRECTION('',(-1.020425574104E-16,0.,-1.));
#6068 = ORIENTED_EDGE('',*,*,#6069,.F.);
#6069 = EDGE_CURVE('',#6041,#5677,#6070,.T.);
#6070 = LINE('',#6071,#6072);
#6071 = CARTESIAN_POINT('',(0.22,-2.86,4.55));
#6072 = VECTOR('',#6073,1.);
#6073 = DIRECTION('',(-1.020425574104E-16,0.,-1.));
#6074 = ORIENTED_EDGE('',*,*,#6040,.T.);
#6075 = ORIENTED_EDGE('',*,*,#6076,.T.);
#6076 = EDGE_CURVE('',#6033,#5316,#6077,.T.);
#6077 = LINE('',#6078,#6079);
#6078 = CARTESIAN_POINT('',(0.22,-3.16,4.55));
#6079 = VECTOR('',#6080,1.);
#6080 = DIRECTION('',(-1.020425574104E-16,0.,-1.));
#6081 = PLANE('',#6082);
#6082 = AXIS2_PLACEMENT_3D('',#6083,#6084,#6085);
#6083 = CARTESIAN_POINT('',(0.22,-2.86,4.55));
#6084 = DIRECTION('',(-1.,0.,1.020425574104E-16));
#6085 = DIRECTION('',(1.020425574104E-16,0.,1.));
#6086 = ADVANCED_FACE('',(#6087),#6093,.T.);
#6087 = FACE_BOUND('',#6088,.T.);
#6088 = EDGE_LOOP('',(#6089,#6090,#6091,#6092));
#6089 = ORIENTED_EDGE('',*,*,#6069,.T.);
#6090 = ORIENTED_EDGE('',*,*,#5676,.T.);
#6091 = ORIENTED_EDGE('',*,*,#6010,.T.);
#6092 = ORIENTED_EDGE('',*,*,#6048,.T.);
#6093 = PLANE('',#6094);
#6094 = AXIS2_PLACEMENT_3D('',#6095,#6096,#6097);
#6095 = CARTESIAN_POINT('',(2.54,-2.86,0.));
#6096 = DIRECTION('',(0.,-1.,0.));
#6097 = DIRECTION('',(0.,0.,-1.));
#6098 = ADVANCED_FACE('',(#6099),#6125,.F.);
#6099 = FACE_BOUND('',#6100,.F.);
#6100 = EDGE_LOOP('',(#6101,#6110,#6117,#6124));
#6101 = ORIENTED_EDGE('',*,*,#6102,.F.);
#6102 = EDGE_CURVE('',#6103,#6103,#6105,.T.);
#6103 = VERTEX_POINT('',#6104);
#6104 = CARTESIAN_POINT('',(2.32,-1.E-02,8.55));
#6105 = CIRCLE('',#6106,1.05);
#6106 = AXIS2_PLACEMENT_3D('',#6107,#6108,#6109);
#6107 = CARTESIAN_POINT('',(1.27,-1.E-02,8.55));
#6108 = DIRECTION('',(0.,0.,1.));
#6109 = DIRECTION('',(1.,0.,-0.));
#6110 = ORIENTED_EDGE('',*,*,#6111,.F.);
#6111 = EDGE_CURVE('',#6112,#6103,#6114,.T.);
#6112 = VERTEX_POINT('',#6113);
#6113 = CARTESIAN_POINT('',(2.32,-1.E-02,7.1));
#6114 = B_SPLINE_CURVE_WITH_KNOTS('',1,(#6115,#6116),.UNSPECIFIED.,.F.,
  .F.,(2,2),(0.,1.45),.PIECEWISE_BEZIER_KNOTS.);
#6115 = CARTESIAN_POINT('',(2.32,-1.E-02,7.1));
#6116 = CARTESIAN_POINT('',(2.32,-1.E-02,8.55));
#6117 = ORIENTED_EDGE('',*,*,#6118,.F.);
#6118 = EDGE_CURVE('',#6112,#6112,#6119,.T.);
#6119 = CIRCLE('',#6120,1.05);
#6120 = AXIS2_PLACEMENT_3D('',#6121,#6122,#6123);
#6121 = CARTESIAN_POINT('',(1.27,-1.E-02,7.1));
#6122 = DIRECTION('',(0.,0.,-1.));
#6123 = DIRECTION('',(1.,0.,0.));
#6124 = ORIENTED_EDGE('',*,*,#6111,.T.);
#6125 = CYLINDRICAL_SURFACE('',#6126,1.05);
#6126 = AXIS2_PLACEMENT_3D('',#6127,#6128,#6129);
#6127 = CARTESIAN_POINT('',(1.27,-1.E-02,7.1));
#6128 = DIRECTION('',(0.,0.,1.));
#6129 = DIRECTION('',(1.,0.,-0.));
#6130 = ADVANCED_FACE('',(#6131,#6134),#6137,.F.);
#6131 = FACE_BOUND('',#6132,.T.);
#6132 = EDGE_LOOP('',(#6133));
#6133 = ORIENTED_EDGE('',*,*,#5385,.T.);
#6134 = FACE_BOUND('',#6135,.T.);
#6135 = EDGE_LOOP('',(#6136));
#6136 = ORIENTED_EDGE('',*,*,#6118,.F.);
#6137 = PLANE('',#6138);
#6138 = AXIS2_PLACEMENT_3D('',#6139,#6140,#6141);
#6139 = CARTESIAN_POINT('',(1.27,-1.E-02,7.1));
#6140 = DIRECTION('',(0.,0.,-1.));
#6141 = DIRECTION('',(-1.,0.,0.));
#6142 = ADVANCED_FACE('',(#6143),#6166,.T.);
#6143 = FACE_BOUND('',#6144,.T.);
#6144 = EDGE_LOOP('',(#6145,#6146,#6158,#6165));
#6145 = ORIENTED_EDGE('',*,*,#6102,.F.);
#6146 = ORIENTED_EDGE('',*,*,#6147,.F.);
#6147 = EDGE_CURVE('',#6148,#6103,#6150,.T.);
#6148 = VERTEX_POINT('',#6149);
#6149 = CARTESIAN_POINT('',(2.37,-1.E-02,8.6));
#6150 = ( BOUNDED_CURVE() B_SPLINE_CURVE(6,(#6151,#6152,#6153,#6154,
#6155,#6156,#6157),.UNSPECIFIED.,.F.,.F.) B_SPLINE_CURVE_WITH_KNOTS((7,7
),(1.570796326795,3.14159265359),.PIECEWISE_BEZIER_KNOTS.) CURVE() 
GEOMETRIC_REPRESENTATION_ITEM() RATIONAL_B_SPLINE_CURVE((1.031393471788,
    1.010025407661,0.997924642725,0.993958444137,0.997924642725,
1.010025407661,1.031393471788)) REPRESENTATION_ITEM('') );
#6151 = CARTESIAN_POINT('',(2.37,-1.E-02,8.6));
#6152 = CARTESIAN_POINT('',(2.356633160842,-1.E-02,8.6));
#6153 = CARTESIAN_POINT('',(2.343614571371,-1.E-02,8.595749782468));
#6154 = CARTESIAN_POINT('',(2.33240402434,-1.E-02,8.58759597566));
#6155 = CARTESIAN_POINT('',(2.324250217532,-1.E-02,8.576385428629));
#6156 = CARTESIAN_POINT('',(2.32,-1.E-02,8.563366839158));
#6157 = CARTESIAN_POINT('',(2.32,-1.E-02,8.55));
#6158 = ORIENTED_EDGE('',*,*,#6159,.T.);
#6159 = EDGE_CURVE('',#6148,#6148,#6160,.T.);
#6160 = CIRCLE('',#6161,1.1);
#6161 = AXIS2_PLACEMENT_3D('',#6162,#6163,#6164);
#6162 = CARTESIAN_POINT('',(1.27,-1.E-02,8.6));
#6163 = DIRECTION('',(0.,0.,1.));
#6164 = DIRECTION('',(1.,0.,-0.));
#6165 = ORIENTED_EDGE('',*,*,#6147,.T.);
#6166 = TOROIDAL_SURFACE('',#6167,1.1,5.E-02);
#6167 = AXIS2_PLACEMENT_3D('',#6168,#6169,#6170);
#6168 = CARTESIAN_POINT('',(1.27,-1.E-02,8.55));
#6169 = DIRECTION('',(0.,0.,1.));
#6170 = DIRECTION('',(1.,0.,-0.));
#6171 = ADVANCED_FACE('',(#6172),#6178,.T.);
#6172 = FACE_BOUND('',#6173,.T.);
#6173 = EDGE_LOOP('',(#6174,#6175,#6176,#6177));
#6174 = ORIENTED_EDGE('',*,*,#6016,.T.);
#6175 = ORIENTED_EDGE('',*,*,#5668,.T.);
#6176 = ORIENTED_EDGE('',*,*,#5922,.F.);
#6177 = ORIENTED_EDGE('',*,*,#5339,.T.);
#6178 = PLANE('',#6179);
#6179 = AXIS2_PLACEMENT_3D('',#6180,#6181,#6182);
#6180 = CARTESIAN_POINT('',(1.97,-2.36,1.5));
#6181 = DIRECTION('',(-0.819231920519,-0.573462344363,1.90331363142E-16)
  );
#6182 = DIRECTION('',(-2.323290369612E-16,2.958228394579E-31,-1.));
#6183 = ADVANCED_FACE('',(#6184),#6190,.T.);
#6184 = FACE_BOUND('',#6185,.T.);
#6185 = EDGE_LOOP('',(#6186,#6187,#6188,#6189));
#6186 = ORIENTED_EDGE('',*,*,#5684,.T.);
#6187 = ORIENTED_EDGE('',*,*,#6063,.T.);
#6188 = ORIENTED_EDGE('',*,*,#5355,.T.);
#6189 = ORIENTED_EDGE('',*,*,#5961,.F.);
#6190 = PLANE('',#6191);
#6191 = AXIS2_PLACEMENT_3D('',#6192,#6193,#6194);
#6192 = CARTESIAN_POINT('',(0.57,-2.36,3.3));
#6193 = DIRECTION('',(0.819231920519,-0.573462344363,-1.90331363142E-16)
  );
#6194 = DIRECTION('',(2.323290369612E-16,-1.725633230171E-31,1.));
#6195 = ADVANCED_FACE('',(#6196),#6207,.T.);
#6196 = FACE_BOUND('',#6197,.T.);
#6197 = EDGE_LOOP('',(#6198,#6199,#6200,#6201));
#6198 = ORIENTED_EDGE('',*,*,#5451,.T.);
#6199 = ORIENTED_EDGE('',*,*,#5833,.T.);
#6200 = ORIENTED_EDGE('',*,*,#5874,.T.);
#6201 = ORIENTED_EDGE('',*,*,#6202,.T.);
#6202 = EDGE_CURVE('',#5803,#5452,#6203,.T.);
#6203 = LINE('',#6204,#6205);
#6204 = CARTESIAN_POINT('',(1.97,-2.18,3.3));
#6205 = VECTOR('',#6206,1.);
#6206 = DIRECTION('',(2.744815626546E-16,1.,0.));
#6207 = PLANE('',#6208);
#6208 = AXIS2_PLACEMENT_3D('',#6209,#6210,#6211);
#6209 = CARTESIAN_POINT('',(2.54,0.,3.3));
#6210 = DIRECTION('',(0.,0.,-1.));
#6211 = DIRECTION('',(-1.,0.,0.));
#6212 = ADVANCED_FACE('',(#6213),#6219,.F.);
#6213 = FACE_BOUND('',#6214,.T.);
#6214 = EDGE_LOOP('',(#6215,#6216,#6217,#6218));
#6215 = ORIENTED_EDGE('',*,*,#5755,.T.);
#6216 = ORIENTED_EDGE('',*,*,#5459,.F.);
#6217 = ORIENTED_EDGE('',*,*,#6202,.F.);
#6218 = ORIENTED_EDGE('',*,*,#5802,.T.);
#6219 = PLANE('',#6220);
#6220 = AXIS2_PLACEMENT_3D('',#6221,#6222,#6223);
#6221 = CARTESIAN_POINT('',(1.97,-2.18,3.5));
#6222 = DIRECTION('',(1.,-2.744815626546E-16,0.));
#6223 = DIRECTION('',(2.744815626546E-16,1.,0.));
#6224 = ADVANCED_FACE('',(#6225),#6236,.F.);
#6225 = FACE_BOUND('',#6226,.T.);
#6226 = EDGE_LOOP('',(#6227,#6228,#6229,#6230));
#6227 = ORIENTED_EDGE('',*,*,#5888,.F.);
#6228 = ORIENTED_EDGE('',*,*,#5770,.F.);
#6229 = ORIENTED_EDGE('',*,*,#5483,.F.);
#6230 = ORIENTED_EDGE('',*,*,#6231,.F.);
#6231 = EDGE_CURVE('',#5811,#5476,#6232,.T.);
#6232 = LINE('',#6233,#6234);
#6233 = CARTESIAN_POINT('',(0.57,-2.18,3.3));
#6234 = VECTOR('',#6235,1.);
#6235 = DIRECTION('',(0.,1.,0.));
#6236 = PLANE('',#6237);
#6237 = AXIS2_PLACEMENT_3D('',#6238,#6239,#6240);
#6238 = CARTESIAN_POINT('',(2.54,0.,3.3));
#6239 = DIRECTION('',(0.,0.,1.));
#6240 = DIRECTION('',(1.,0.,-0.));
#6241 = ADVANCED_FACE('',(#6242),#6248,.T.);
#6242 = FACE_BOUND('',#6243,.T.);
#6243 = EDGE_LOOP('',(#6244,#6245,#6246,#6247));
#6244 = ORIENTED_EDGE('',*,*,#5748,.F.);
#6245 = ORIENTED_EDGE('',*,*,#5818,.F.);
#6246 = ORIENTED_EDGE('',*,*,#6231,.T.);
#6247 = ORIENTED_EDGE('',*,*,#5475,.T.);
#6248 = PLANE('',#6249);
#6249 = AXIS2_PLACEMENT_3D('',#6250,#6251,#6252);
#6250 = CARTESIAN_POINT('',(0.57,-2.18,3.5));
#6251 = DIRECTION('',(1.,0.,0.));
#6252 = DIRECTION('',(0.,0.,-1.));
#6253 = ADVANCED_FACE('',(#6254),#6320,.F.);
#6254 = FACE_BOUND('',#6255,.T.);
#6255 = EDGE_LOOP('',(#6256,#6266,#6274,#6282,#6290,#6298,#6306,#6314));
#6256 = ORIENTED_EDGE('',*,*,#6257,.T.);
#6257 = EDGE_CURVE('',#6258,#6260,#6262,.T.);
#6258 = VERTEX_POINT('',#6259);
#6259 = CARTESIAN_POINT('',(-0.57,-2.18,1.5));
#6260 = VERTEX_POINT('',#6261);
#6261 = CARTESIAN_POINT('',(-0.57,-2.18,3.3));
#6262 = LINE('',#6263,#6264);
#6263 = CARTESIAN_POINT('',(-0.57,-2.18,1.5));
#6264 = VECTOR('',#6265,1.);
#6265 = DIRECTION('',(2.323290369612E-16,0.,1.));
#6266 = ORIENTED_EDGE('',*,*,#6267,.F.);
#6267 = EDGE_CURVE('',#6268,#6260,#6270,.T.);
#6268 = VERTEX_POINT('',#6269);
#6269 = CARTESIAN_POINT('',(-0.22,-2.18,3.3));
#6270 = LINE('',#6271,#6272);
#6271 = CARTESIAN_POINT('',(-0.22,-2.18,3.3));
#6272 = VECTOR('',#6273,1.);
#6273 = DIRECTION('',(-1.,0.,0.));
#6274 = ORIENTED_EDGE('',*,*,#6275,.T.);
#6275 = EDGE_CURVE('',#6268,#6276,#6278,.T.);
#6276 = VERTEX_POINT('',#6277);
#6277 = CARTESIAN_POINT('',(-0.22,-2.18,0.));
#6278 = LINE('',#6279,#6280);
#6279 = CARTESIAN_POINT('',(-0.22,-2.18,5.3));
#6280 = VECTOR('',#6281,1.);
#6281 = DIRECTION('',(0.,0.,-1.));
#6282 = ORIENTED_EDGE('',*,*,#6283,.T.);
#6283 = EDGE_CURVE('',#6276,#6284,#6286,.T.);
#6284 = VERTEX_POINT('',#6285);
#6285 = CARTESIAN_POINT('',(-2.32,-2.18,0.));
#6286 = LINE('',#6287,#6288);
#6287 = CARTESIAN_POINT('',(-0.22,-2.18,0.));
#6288 = VECTOR('',#6289,1.);
#6289 = DIRECTION('',(-1.,0.,0.));
#6290 = ORIENTED_EDGE('',*,*,#6291,.F.);
#6291 = EDGE_CURVE('',#6292,#6284,#6294,.T.);
#6292 = VERTEX_POINT('',#6293);
#6293 = CARTESIAN_POINT('',(-2.32,-2.18,3.3));
#6294 = LINE('',#6295,#6296);
#6295 = CARTESIAN_POINT('',(-2.32,-2.18,5.3));
#6296 = VECTOR('',#6297,1.);
#6297 = DIRECTION('',(0.,0.,-1.));
#6298 = ORIENTED_EDGE('',*,*,#6299,.T.);
#6299 = EDGE_CURVE('',#6292,#6300,#6302,.T.);
#6300 = VERTEX_POINT('',#6301);
#6301 = CARTESIAN_POINT('',(-1.97,-2.18,3.3));
#6302 = LINE('',#6303,#6304);
#6303 = CARTESIAN_POINT('',(-1.97,-2.18,3.3));
#6304 = VECTOR('',#6305,1.);
#6305 = DIRECTION('',(1.,0.,0.));
#6306 = ORIENTED_EDGE('',*,*,#6307,.T.);
#6307 = EDGE_CURVE('',#6300,#6308,#6310,.T.);
#6308 = VERTEX_POINT('',#6309);
#6309 = CARTESIAN_POINT('',(-1.97,-2.18,1.5));
#6310 = LINE('',#6311,#6312);
#6311 = CARTESIAN_POINT('',(-1.97,-2.18,3.3));
#6312 = VECTOR('',#6313,1.);
#6313 = DIRECTION('',(-2.323290369612E-16,0.,-1.));
#6314 = ORIENTED_EDGE('',*,*,#6315,.T.);
#6315 = EDGE_CURVE('',#6308,#6258,#6316,.T.);
#6316 = LINE('',#6317,#6318);
#6317 = CARTESIAN_POINT('',(-1.97,-2.18,1.5));
#6318 = VECTOR('',#6319,1.);
#6319 = DIRECTION('',(1.,0.,-4.904724113625E-16));
#6320 = PLANE('',#6321);
#6321 = AXIS2_PLACEMENT_3D('',#6322,#6323,#6324);
#6322 = CARTESIAN_POINT('',(-0.22,-2.18,5.3));
#6323 = DIRECTION('',(0.,-1.,0.));
#6324 = DIRECTION('',(0.,0.,-1.));
#6325 = ADVANCED_FACE('',(#6326),#6367,.F.);
#6326 = FACE_BOUND('',#6327,.T.);
#6327 = EDGE_LOOP('',(#6328,#6336,#6344,#6352,#6360,#6366));
#6328 = ORIENTED_EDGE('',*,*,#6329,.F.);
#6329 = EDGE_CURVE('',#6330,#6268,#6332,.T.);
#6330 = VERTEX_POINT('',#6331);
#6331 = CARTESIAN_POINT('',(-0.22,-1.39,3.3));
#6332 = LINE('',#6333,#6334);
#6333 = CARTESIAN_POINT('',(-0.22,-1.39,3.3));
#6334 = VECTOR('',#6335,1.);
#6335 = DIRECTION('',(-1.097926250618E-15,-1.,0.));
#6336 = ORIENTED_EDGE('',*,*,#6337,.F.);
#6337 = EDGE_CURVE('',#6338,#6330,#6340,.T.);
#6338 = VERTEX_POINT('',#6339);
#6339 = CARTESIAN_POINT('',(-0.22,-1.39,6.8));
#6340 = LINE('',#6341,#6342);
#6341 = CARTESIAN_POINT('',(-0.22,-1.39,6.8));
#6342 = VECTOR('',#6343,1.);
#6343 = DIRECTION('',(0.,0.,-1.));
#6344 = ORIENTED_EDGE('',*,*,#6345,.F.);
#6345 = EDGE_CURVE('',#6346,#6338,#6348,.T.);
#6346 = VERTEX_POINT('',#6347);
#6347 = CARTESIAN_POINT('',(-0.22,1.37,6.8));
#6348 = LINE('',#6349,#6350);
#6349 = CARTESIAN_POINT('',(-0.22,1.04,6.8));
#6350 = VECTOR('',#6351,1.);
#6351 = DIRECTION('',(-1.032573497605E-16,-1.,0.));
#6352 = ORIENTED_EDGE('',*,*,#6353,.T.);
#6353 = EDGE_CURVE('',#6346,#6354,#6356,.T.);
#6354 = VERTEX_POINT('',#6355);
#6355 = CARTESIAN_POINT('',(-0.22,1.37,0.));
#6356 = LINE('',#6357,#6358);
#6357 = CARTESIAN_POINT('',(-0.22,1.37,5.3));
#6358 = VECTOR('',#6359,1.);
#6359 = DIRECTION('',(0.,0.,-1.));
#6360 = ORIENTED_EDGE('',*,*,#6361,.T.);
#6361 = EDGE_CURVE('',#6354,#6276,#6362,.T.);
#6362 = LINE('',#6363,#6364);
#6363 = CARTESIAN_POINT('',(-0.22,1.82,0.));
#6364 = VECTOR('',#6365,1.);
#6365 = DIRECTION('',(-6.776263578034E-17,-1.,0.));
#6366 = ORIENTED_EDGE('',*,*,#6275,.F.);
#6367 = PLANE('',#6368);
#6368 = AXIS2_PLACEMENT_3D('',#6369,#6370,#6371);
#6369 = CARTESIAN_POINT('',(-0.22,1.82,5.3));
#6370 = DIRECTION('',(1.,-6.776263578034E-17,0.));
#6371 = DIRECTION('',(6.776263578034E-17,1.,0.));
#6372 = ADVANCED_FACE('',(#6373),#6403,.F.);
#6373 = FACE_BOUND('',#6374,.T.);
#6374 = EDGE_LOOP('',(#6375,#6383,#6389,#6397));
#6375 = ORIENTED_EDGE('',*,*,#6376,.F.);
#6376 = EDGE_CURVE('',#6260,#6377,#6379,.T.);
#6377 = VERTEX_POINT('',#6378);
#6378 = CARTESIAN_POINT('',(-0.57,-2.18,5.3));
#6379 = LINE('',#6380,#6381);
#6380 = CARTESIAN_POINT('',(-0.57,-2.18,3.5));
#6381 = VECTOR('',#6382,1.);
#6382 = DIRECTION('',(0.,0.,1.));
#6383 = ORIENTED_EDGE('',*,*,#6384,.T.);
#6384 = EDGE_CURVE('',#6260,#6300,#6385,.T.);
#6385 = LINE('',#6386,#6387);
#6386 = CARTESIAN_POINT('',(-0.57,-2.18,3.3));
#6387 = VECTOR('',#6388,1.);
#6388 = DIRECTION('',(-1.,0.,2.581433744013E-17));
#6389 = ORIENTED_EDGE('',*,*,#6390,.T.);
#6390 = EDGE_CURVE('',#6300,#6391,#6393,.T.);
#6391 = VERTEX_POINT('',#6392);
#6392 = CARTESIAN_POINT('',(-1.97,-2.18,5.3));
#6393 = LINE('',#6394,#6395);
#6394 = CARTESIAN_POINT('',(-1.97,-2.18,3.5));
#6395 = VECTOR('',#6396,1.);
#6396 = DIRECTION('',(0.,0.,1.));
#6397 = ORIENTED_EDGE('',*,*,#6398,.F.);
#6398 = EDGE_CURVE('',#6377,#6391,#6399,.T.);
#6399 = LINE('',#6400,#6401);
#6400 = CARTESIAN_POINT('',(-0.22,-2.18,5.3));
#6401 = VECTOR('',#6402,1.);
#6402 = DIRECTION('',(-1.,0.,0.));
#6403 = PLANE('',#6404);
#6404 = AXIS2_PLACEMENT_3D('',#6405,#6406,#6407);
#6405 = CARTESIAN_POINT('',(-0.22,-2.18,5.3));
#6406 = DIRECTION('',(0.,-1.,0.));
#6407 = DIRECTION('',(0.,0.,-1.));
#6408 = ADVANCED_FACE('',(#6409),#6450,.F.);
#6409 = FACE_BOUND('',#6410,.T.);
#6410 = EDGE_LOOP('',(#6411,#6421,#6427,#6428,#6436,#6444));
#6411 = ORIENTED_EDGE('',*,*,#6412,.T.);
#6412 = EDGE_CURVE('',#6413,#6415,#6417,.T.);
#6413 = VERTEX_POINT('',#6414);
#6414 = CARTESIAN_POINT('',(-2.32,-1.39,6.8));
#6415 = VERTEX_POINT('',#6416);
#6416 = CARTESIAN_POINT('',(-2.32,-1.39,3.3));
#6417 = LINE('',#6418,#6419);
#6418 = CARTESIAN_POINT('',(-2.32,-1.39,6.8));
#6419 = VECTOR('',#6420,1.);
#6420 = DIRECTION('',(0.,0.,-1.));
#6421 = ORIENTED_EDGE('',*,*,#6422,.T.);
#6422 = EDGE_CURVE('',#6415,#6292,#6423,.T.);
#6423 = LINE('',#6424,#6425);
#6424 = CARTESIAN_POINT('',(-2.32,-2.18,3.3));
#6425 = VECTOR('',#6426,1.);
#6426 = DIRECTION('',(0.,-1.,0.));
#6427 = ORIENTED_EDGE('',*,*,#6291,.T.);
#6428 = ORIENTED_EDGE('',*,*,#6429,.T.);
#6429 = EDGE_CURVE('',#6284,#6430,#6432,.T.);
#6430 = VERTEX_POINT('',#6431);
#6431 = CARTESIAN_POINT('',(-2.32,1.37,0.));
#6432 = LINE('',#6433,#6434);
#6433 = CARTESIAN_POINT('',(-2.32,-2.18,0.));
#6434 = VECTOR('',#6435,1.);
#6435 = DIRECTION('',(2.168404344971E-16,1.,0.));
#6436 = ORIENTED_EDGE('',*,*,#6437,.F.);
#6437 = EDGE_CURVE('',#6438,#6430,#6440,.T.);
#6438 = VERTEX_POINT('',#6439);
#6439 = CARTESIAN_POINT('',(-2.32,1.37,6.8));
#6440 = LINE('',#6441,#6442);
#6441 = CARTESIAN_POINT('',(-2.32,1.37,5.3));
#6442 = VECTOR('',#6443,1.);
#6443 = DIRECTION('',(0.,0.,-1.));
#6444 = ORIENTED_EDGE('',*,*,#6445,.F.);
#6445 = EDGE_CURVE('',#6413,#6438,#6446,.T.);
#6446 = LINE('',#6447,#6448);
#6447 = CARTESIAN_POINT('',(-2.32,-1.06,6.8));
#6448 = VECTOR('',#6449,1.);
#6449 = DIRECTION('',(0.,1.,0.));
#6450 = PLANE('',#6451);
#6451 = AXIS2_PLACEMENT_3D('',#6452,#6453,#6454);
#6452 = CARTESIAN_POINT('',(-2.32,-2.18,5.3));
#6453 = DIRECTION('',(-1.,2.168404344971E-16,0.));
#6454 = DIRECTION('',(-2.168404344971E-16,-1.,0.));
#6455 = ADVANCED_FACE('',(#6456),#6481,.T.);
#6456 = FACE_BOUND('',#6457,.T.);
#6457 = EDGE_LOOP('',(#6458,#6459,#6467,#6475));
#6458 = ORIENTED_EDGE('',*,*,#6398,.T.);
#6459 = ORIENTED_EDGE('',*,*,#6460,.T.);
#6460 = EDGE_CURVE('',#6391,#6461,#6463,.T.);
#6461 = VERTEX_POINT('',#6462);
#6462 = CARTESIAN_POINT('',(-1.97,-1.39,5.3));
#6463 = LINE('',#6464,#6465);
#6464 = CARTESIAN_POINT('',(-1.97,-2.18,5.3));
#6465 = VECTOR('',#6466,1.);
#6466 = DIRECTION('',(0.,1.,0.));
#6467 = ORIENTED_EDGE('',*,*,#6468,.F.);
#6468 = EDGE_CURVE('',#6469,#6461,#6471,.T.);
#6469 = VERTEX_POINT('',#6470);
#6470 = CARTESIAN_POINT('',(-0.57,-1.39,5.3));
#6471 = LINE('',#6472,#6473);
#6472 = CARTESIAN_POINT('',(-0.22,-1.39,5.3));
#6473 = VECTOR('',#6474,1.);
#6474 = DIRECTION('',(-1.,0.,0.));
#6475 = ORIENTED_EDGE('',*,*,#6476,.F.);
#6476 = EDGE_CURVE('',#6377,#6469,#6477,.T.);
#6477 = LINE('',#6478,#6479);
#6478 = CARTESIAN_POINT('',(-0.57,-2.18,5.3));
#6479 = VECTOR('',#6480,1.);
#6480 = DIRECTION('',(2.744815626546E-16,1.,0.));
#6481 = PLANE('',#6482);
#6482 = AXIS2_PLACEMENT_3D('',#6483,#6484,#6485);
#6483 = CARTESIAN_POINT('',(0.,-1.E-02,5.3));
#6484 = DIRECTION('',(0.,0.,-1.));
#6485 = DIRECTION('',(-1.,0.,0.));
#6486 = ADVANCED_FACE('',(#6487),#6553,.F.);
#6487 = FACE_BOUND('',#6488,.T.);
#6488 = EDGE_LOOP('',(#6489,#6499,#6507,#6515,#6523,#6531,#6539,#6547));
#6489 = ORIENTED_EDGE('',*,*,#6490,.T.);
#6490 = EDGE_CURVE('',#6491,#6493,#6495,.T.);
#6491 = VERTEX_POINT('',#6492);
#6492 = CARTESIAN_POINT('',(-1.92,3.14,3.1));
#6493 = VERTEX_POINT('',#6494);
#6494 = CARTESIAN_POINT('',(-1.92,2.49,5.226054202015));
#6495 = LINE('',#6496,#6497);
#6496 = CARTESIAN_POINT('',(-1.92,3.14,3.1));
#6497 = VECTOR('',#6498,1.);
#6498 = DIRECTION('',(0.,-0.292371704723,0.956304755963));
#6499 = ORIENTED_EDGE('',*,*,#6500,.T.);
#6500 = EDGE_CURVE('',#6493,#6501,#6503,.T.);
#6501 = VERTEX_POINT('',#6502);
#6502 = CARTESIAN_POINT('',(-1.92,2.49,3.8));
#6503 = LINE('',#6504,#6505);
#6504 = CARTESIAN_POINT('',(-1.92,2.49,3.8));
#6505 = VECTOR('',#6506,1.);
#6506 = DIRECTION('',(0.,0.,-1.));
#6507 = ORIENTED_EDGE('',*,*,#6508,.T.);
#6508 = EDGE_CURVE('',#6501,#6509,#6511,.T.);
#6509 = VERTEX_POINT('',#6510);
#6510 = CARTESIAN_POINT('',(-1.92,1.37,3.8));
#6511 = LINE('',#6512,#6513);
#6512 = CARTESIAN_POINT('',(-1.92,1.82,3.8));
#6513 = VECTOR('',#6514,1.);
#6514 = DIRECTION('',(0.,-1.,0.));
#6515 = ORIENTED_EDGE('',*,*,#6516,.T.);
#6516 = EDGE_CURVE('',#6509,#6517,#6519,.T.);
#6517 = VERTEX_POINT('',#6518);
#6518 = CARTESIAN_POINT('',(-1.92,1.37,0.));
#6519 = LINE('',#6520,#6521);
#6520 = CARTESIAN_POINT('',(-1.92,1.37,5.3));
#6521 = VECTOR('',#6522,1.);
#6522 = DIRECTION('',(0.,0.,-1.));
#6523 = ORIENTED_EDGE('',*,*,#6524,.T.);
#6524 = EDGE_CURVE('',#6517,#6525,#6527,.T.);
#6525 = VERTEX_POINT('',#6526);
#6526 = CARTESIAN_POINT('',(-1.92,2.674163459747,0.));
#6527 = LINE('',#6528,#6529);
#6528 = CARTESIAN_POINT('',(-1.92,1.82,0.));
#6529 = VECTOR('',#6530,1.);
#6530 = DIRECTION('',(0.,1.,0.));
#6531 = ORIENTED_EDGE('',*,*,#6532,.F.);
#6532 = EDGE_CURVE('',#6533,#6525,#6535,.T.);
#6533 = VERTEX_POINT('',#6534);
#6534 = CARTESIAN_POINT('',(-1.92,2.674163459747,1.5));
#6535 = LINE('',#6536,#6537);
#6536 = CARTESIAN_POINT('',(-1.92,2.674163459747,5.3));
#6537 = VECTOR('',#6538,1.);
#6538 = DIRECTION('',(0.,0.,-1.));
#6539 = ORIENTED_EDGE('',*,*,#6540,.F.);
#6540 = EDGE_CURVE('',#6541,#6533,#6543,.T.);
#6541 = VERTEX_POINT('',#6542);
#6542 = CARTESIAN_POINT('',(-1.92,3.14,1.5));
#6543 = LINE('',#6544,#6545);
#6544 = CARTESIAN_POINT('',(-1.92,3.14,1.5));
#6545 = VECTOR('',#6546,1.);
#6546 = DIRECTION('',(0.,-1.,0.));
#6547 = ORIENTED_EDGE('',*,*,#6548,.F.);
#6548 = EDGE_CURVE('',#6491,#6541,#6549,.T.);
#6549 = LINE('',#6550,#6551);
#6550 = CARTESIAN_POINT('',(-1.92,3.14,8.6));
#6551 = VECTOR('',#6552,1.);
#6552 = DIRECTION('',(0.,0.,-1.));
#6553 = PLANE('',#6554);
#6554 = AXIS2_PLACEMENT_3D('',#6555,#6556,#6557);
#6555 = CARTESIAN_POINT('',(-1.92,1.82,5.3));
#6556 = DIRECTION('',(-1.,0.,0.));
#6557 = DIRECTION('',(0.,0.,1.));
#6558 = ADVANCED_FACE('',(#6559),#6625,.F.);
#6559 = FACE_BOUND('',#6560,.T.);
#6560 = EDGE_LOOP('',(#6561,#6571,#6579,#6587,#6595,#6603,#6611,#6619));
#6561 = ORIENTED_EDGE('',*,*,#6562,.F.);
#6562 = EDGE_CURVE('',#6563,#6565,#6567,.T.);
#6563 = VERTEX_POINT('',#6564);
#6564 = CARTESIAN_POINT('',(-0.62,2.49,5.226054202015));
#6565 = VERTEX_POINT('',#6566);
#6566 = CARTESIAN_POINT('',(-0.62,2.49,3.8));
#6567 = LINE('',#6568,#6569);
#6568 = CARTESIAN_POINT('',(-0.62,2.49,5.3));
#6569 = VECTOR('',#6570,1.);
#6570 = DIRECTION('',(0.,0.,-1.));
#6571 = ORIENTED_EDGE('',*,*,#6572,.T.);
#6572 = EDGE_CURVE('',#6563,#6573,#6575,.T.);
#6573 = VERTEX_POINT('',#6574);
#6574 = CARTESIAN_POINT('',(-0.62,3.14,3.1));
#6575 = LINE('',#6576,#6577);
#6576 = CARTESIAN_POINT('',(-0.62,3.14,3.1));
#6577 = VECTOR('',#6578,1.);
#6578 = DIRECTION('',(0.,0.292371704723,-0.956304755963));
#6579 = ORIENTED_EDGE('',*,*,#6580,.T.);
#6580 = EDGE_CURVE('',#6573,#6581,#6583,.T.);
#6581 = VERTEX_POINT('',#6582);
#6582 = CARTESIAN_POINT('',(-0.62,3.14,1.5));
#6583 = LINE('',#6584,#6585);
#6584 = CARTESIAN_POINT('',(-0.62,3.14,5.3));
#6585 = VECTOR('',#6586,1.);
#6586 = DIRECTION('',(0.,0.,-1.));
#6587 = ORIENTED_EDGE('',*,*,#6588,.F.);
#6588 = EDGE_CURVE('',#6589,#6581,#6591,.T.);
#6589 = VERTEX_POINT('',#6590);
#6590 = CARTESIAN_POINT('',(-0.62,2.674163459747,1.5));
#6591 = LINE('',#6592,#6593);
#6592 = CARTESIAN_POINT('',(-0.62,2.467392500791,1.5));
#6593 = VECTOR('',#6594,1.);
#6594 = DIRECTION('',(0.,1.,0.));
#6595 = ORIENTED_EDGE('',*,*,#6596,.T.);
#6596 = EDGE_CURVE('',#6589,#6597,#6599,.T.);
#6597 = VERTEX_POINT('',#6598);
#6598 = CARTESIAN_POINT('',(-0.62,2.674163459747,0.));
#6599 = LINE('',#6600,#6601);
#6600 = CARTESIAN_POINT('',(-0.62,2.674163459747,5.3));
#6601 = VECTOR('',#6602,1.);
#6602 = DIRECTION('',(0.,0.,-1.));
#6603 = ORIENTED_EDGE('',*,*,#6604,.T.);
#6604 = EDGE_CURVE('',#6597,#6605,#6607,.T.);
#6605 = VERTEX_POINT('',#6606);
#6606 = CARTESIAN_POINT('',(-0.62,1.37,0.));
#6607 = LINE('',#6608,#6609);
#6608 = CARTESIAN_POINT('',(-0.62,2.674163459747,0.));
#6609 = VECTOR('',#6610,1.);
#6610 = DIRECTION('',(0.,-1.,0.));
#6611 = ORIENTED_EDGE('',*,*,#6612,.F.);
#6612 = EDGE_CURVE('',#6613,#6605,#6615,.T.);
#6613 = VERTEX_POINT('',#6614);
#6614 = CARTESIAN_POINT('',(-0.62,1.37,3.8));
#6615 = LINE('',#6616,#6617);
#6616 = CARTESIAN_POINT('',(-0.62,1.37,5.3));
#6617 = VECTOR('',#6618,1.);
#6618 = DIRECTION('',(0.,0.,-1.));
#6619 = ORIENTED_EDGE('',*,*,#6620,.T.);
#6620 = EDGE_CURVE('',#6613,#6565,#6621,.T.);
#6621 = LINE('',#6622,#6623);
#6622 = CARTESIAN_POINT('',(-0.62,2.674163459747,3.8));
#6623 = VECTOR('',#6624,1.);
#6624 = DIRECTION('',(0.,1.,0.));
#6625 = PLANE('',#6626);
#6626 = AXIS2_PLACEMENT_3D('',#6627,#6628,#6629);
#6627 = CARTESIAN_POINT('',(-0.62,2.674163459747,5.3));
#6628 = DIRECTION('',(1.,0.,0.));
#6629 = DIRECTION('',(0.,0.,-1.));
#6630 = ADVANCED_FACE('',(#6631),#6647,.F.);
#6631 = FACE_BOUND('',#6632,.T.);
#6632 = EDGE_LOOP('',(#6633,#6634,#6640,#6641));
#6633 = ORIENTED_EDGE('',*,*,#6500,.F.);
#6634 = ORIENTED_EDGE('',*,*,#6635,.T.);
#6635 = EDGE_CURVE('',#6493,#6563,#6636,.T.);
#6636 = LINE('',#6637,#6638);
#6637 = CARTESIAN_POINT('',(-3.42,2.49,5.226054202015));
#6638 = VECTOR('',#6639,1.);
#6639 = DIRECTION('',(1.,-1.668003342285E-16,5.455793099754E-16));
#6640 = ORIENTED_EDGE('',*,*,#6562,.T.);
#6641 = ORIENTED_EDGE('',*,*,#6642,.F.);
#6642 = EDGE_CURVE('',#6501,#6565,#6643,.T.);
#6643 = LINE('',#6644,#6645);
#6644 = CARTESIAN_POINT('',(2.585405180542E-16,2.49,3.8));
#6645 = VECTOR('',#6646,1.);
#6646 = DIRECTION('',(1.,-1.668003342285E-16,0.));
#6647 = PLANE('',#6648);
#6648 = AXIS2_PLACEMENT_3D('',#6649,#6650,#6651);
#6649 = CARTESIAN_POINT('',(2.585405180542E-16,2.49,3.8));
#6650 = DIRECTION('',(-1.668003342285E-16,-1.,0.));
#6651 = DIRECTION('',(1.,-1.668003342285E-16,0.));
#6652 = ADVANCED_FACE('',(#6653),#6669,.F.);
#6653 = FACE_BOUND('',#6654,.T.);
#6654 = EDGE_LOOP('',(#6655,#6661,#6662,#6668));
#6655 = ORIENTED_EDGE('',*,*,#6656,.F.);
#6656 = EDGE_CURVE('',#6533,#6589,#6657,.T.);
#6657 = LINE('',#6658,#6659);
#6658 = CARTESIAN_POINT('',(-1.92,2.674163459747,1.5));
#6659 = VECTOR('',#6660,1.);
#6660 = DIRECTION('',(1.,0.,0.));
#6661 = ORIENTED_EDGE('',*,*,#6532,.T.);
#6662 = ORIENTED_EDGE('',*,*,#6663,.T.);
#6663 = EDGE_CURVE('',#6525,#6597,#6664,.T.);
#6664 = LINE('',#6665,#6666);
#6665 = CARTESIAN_POINT('',(-1.92,2.674163459747,0.));
#6666 = VECTOR('',#6667,1.);
#6667 = DIRECTION('',(1.,0.,0.));
#6668 = ORIENTED_EDGE('',*,*,#6596,.F.);
#6669 = PLANE('',#6670);
#6670 = AXIS2_PLACEMENT_3D('',#6671,#6672,#6673);
#6671 = CARTESIAN_POINT('',(-1.92,2.674163459747,5.3));
#6672 = DIRECTION('',(0.,1.,0.));
#6673 = DIRECTION('',(0.,-0.,1.));
#6674 = ADVANCED_FACE('',(#6675,#6681,#6715),#6749,.F.);
#6675 = FACE_BOUND('',#6676,.T.);
#6676 = EDGE_LOOP('',(#6677,#6678,#6679,#6680));
#6677 = ORIENTED_EDGE('',*,*,#6076,.F.);
#6678 = ORIENTED_EDGE('',*,*,#6032,.T.);
#6679 = ORIENTED_EDGE('',*,*,#5994,.F.);
#6680 = ORIENTED_EDGE('',*,*,#5323,.T.);
#6681 = FACE_BOUND('',#6682,.T.);
#6682 = EDGE_LOOP('',(#6683,#6693,#6701,#6709));
#6683 = ORIENTED_EDGE('',*,*,#6684,.F.);
#6684 = EDGE_CURVE('',#6685,#6687,#6689,.T.);
#6685 = VERTEX_POINT('',#6686);
#6686 = CARTESIAN_POINT('',(-2.32,-3.16,4.55));
#6687 = VERTEX_POINT('',#6688);
#6688 = CARTESIAN_POINT('',(-2.32,-3.16,0.3));
#6689 = LINE('',#6690,#6691);
#6690 = CARTESIAN_POINT('',(-2.32,-3.16,4.55));
#6691 = VECTOR('',#6692,1.);
#6692 = DIRECTION('',(-1.020425574104E-16,0.,-1.));
#6693 = ORIENTED_EDGE('',*,*,#6694,.T.);
#6694 = EDGE_CURVE('',#6685,#6695,#6697,.T.);
#6695 = VERTEX_POINT('',#6696);
#6696 = CARTESIAN_POINT('',(-0.22,-3.16,4.55));
#6697 = LINE('',#6698,#6699);
#6698 = CARTESIAN_POINT('',(-2.78,-3.16,4.55));
#6699 = VECTOR('',#6700,1.);
#6700 = DIRECTION('',(1.,0.,0.));
#6701 = ORIENTED_EDGE('',*,*,#6702,.F.);
#6702 = EDGE_CURVE('',#6703,#6695,#6705,.T.);
#6703 = VERTEX_POINT('',#6704);
#6704 = CARTESIAN_POINT('',(-0.22,-3.16,0.3));
#6705 = LINE('',#6706,#6707);
#6706 = CARTESIAN_POINT('',(-0.22,-3.16,0.3));
#6707 = VECTOR('',#6708,1.);
#6708 = DIRECTION('',(-1.020425574104E-16,0.,1.));
#6709 = ORIENTED_EDGE('',*,*,#6710,.T.);
#6710 = EDGE_CURVE('',#6703,#6687,#6711,.T.);
#6711 = LINE('',#6712,#6713);
#6712 = CARTESIAN_POINT('',(-2.78,-3.16,0.3));
#6713 = VECTOR('',#6714,1.);
#6714 = DIRECTION('',(-1.,0.,4.130293990421E-16));
#6715 = FACE_BOUND('',#6716,.T.);
#6716 = EDGE_LOOP('',(#6717,#6727,#6735,#6743));
#6717 = ORIENTED_EDGE('',*,*,#6718,.T.);
#6718 = EDGE_CURVE('',#6719,#6721,#6723,.T.);
#6719 = VERTEX_POINT('',#6720);
#6720 = CARTESIAN_POINT('',(-2.78,-3.16,0.));
#6721 = VERTEX_POINT('',#6722);
#6722 = CARTESIAN_POINT('',(2.78,-3.16,0.));
#6723 = LINE('',#6724,#6725);
#6724 = CARTESIAN_POINT('',(-2.78,-3.16,0.));
#6725 = VECTOR('',#6726,1.);
#6726 = DIRECTION('',(1.,0.,0.));
#6727 = ORIENTED_EDGE('',*,*,#6728,.F.);
#6728 = EDGE_CURVE('',#6729,#6721,#6731,.T.);
#6729 = VERTEX_POINT('',#6730);
#6730 = CARTESIAN_POINT('',(2.78,-3.16,5.));
#6731 = LINE('',#6732,#6733);
#6732 = CARTESIAN_POINT('',(2.78,-3.16,8.6));
#6733 = VECTOR('',#6734,1.);
#6734 = DIRECTION('',(0.,0.,-1.));
#6735 = ORIENTED_EDGE('',*,*,#6736,.F.);
#6736 = EDGE_CURVE('',#6737,#6729,#6739,.T.);
#6737 = VERTEX_POINT('',#6738);
#6738 = CARTESIAN_POINT('',(-2.78,-3.16,5.));
#6739 = LINE('',#6740,#6741);
#6740 = CARTESIAN_POINT('',(-3.42,-3.16,5.));
#6741 = VECTOR('',#6742,1.);
#6742 = DIRECTION('',(1.,0.,0.));
#6743 = ORIENTED_EDGE('',*,*,#6744,.T.);
#6744 = EDGE_CURVE('',#6737,#6719,#6745,.T.);
#6745 = LINE('',#6746,#6747);
#6746 = CARTESIAN_POINT('',(-2.78,-3.16,8.6));
#6747 = VECTOR('',#6748,1.);
#6748 = DIRECTION('',(0.,0.,-1.));
#6749 = PLANE('',#6750);
#6750 = AXIS2_PLACEMENT_3D('',#6751,#6752,#6753);
#6751 = CARTESIAN_POINT('',(-2.78,-3.16,8.6));
#6752 = DIRECTION('',(0.,1.,0.));
#6753 = DIRECTION('',(0.,-0.,1.));
#6754 = ADVANCED_FACE('',(#6755),#6831,.F.);
#6755 = FACE_BOUND('',#6756,.T.);
#6756 = EDGE_LOOP('',(#6757,#6767,#6775,#6784,#6792,#6801,#6809,#6817,
    #6823,#6824));
#6757 = ORIENTED_EDGE('',*,*,#6758,.F.);
#6758 = EDGE_CURVE('',#6759,#6761,#6763,.T.);
#6759 = VERTEX_POINT('',#6760);
#6760 = CARTESIAN_POINT('',(-2.78,-2.36,5.3));
#6761 = VERTEX_POINT('',#6762);
#6762 = CARTESIAN_POINT('',(-2.78,-2.86,5.3));
#6763 = LINE('',#6764,#6765);
#6764 = CARTESIAN_POINT('',(-2.78,3.14,5.3));
#6765 = VECTOR('',#6766,1.);
#6766 = DIRECTION('',(0.,-1.,0.));
#6767 = ORIENTED_EDGE('',*,*,#6768,.F.);
#6768 = EDGE_CURVE('',#6769,#6759,#6771,.T.);
#6769 = VERTEX_POINT('',#6770);
#6770 = CARTESIAN_POINT('',(-2.78,-1.402740636251,8.528427620855));
#6771 = LINE('',#6772,#6773);
#6772 = CARTESIAN_POINT('',(-2.78,-1.016121421877,9.832329361287));
#6773 = VECTOR('',#6774,1.);
#6774 = DIRECTION('',(0.,-0.28427620855,-0.958742424874));
#6775 = ORIENTED_EDGE('',*,*,#6776,.F.);
#6776 = EDGE_CURVE('',#6777,#6769,#6779,.T.);
#6777 = VERTEX_POINT('',#6778);
#6778 = CARTESIAN_POINT('',(-2.78,-1.306866393763,8.6));
#6779 = CIRCLE('',#6780,0.1);
#6780 = AXIS2_PLACEMENT_3D('',#6781,#6782,#6783);
#6781 = CARTESIAN_POINT('',(-2.78,-1.306866393763,8.5));
#6782 = DIRECTION('',(1.,0.,0.));
#6783 = DIRECTION('',(0.,0.,-1.));
#6784 = ORIENTED_EDGE('',*,*,#6785,.F.);
#6785 = EDGE_CURVE('',#6786,#6777,#6788,.T.);
#6786 = VERTEX_POINT('',#6787);
#6787 = CARTESIAN_POINT('',(-2.78,1.384485144475,8.6));
#6788 = LINE('',#6789,#6790);
#6789 = CARTESIAN_POINT('',(-2.78,3.14,8.6));
#6790 = VECTOR('',#6791,1.);
#6791 = DIRECTION('',(0.,-1.,0.));
#6792 = ORIENTED_EDGE('',*,*,#6793,.F.);
#6793 = EDGE_CURVE('',#6794,#6786,#6796,.T.);
#6794 = VERTEX_POINT('',#6795);
#6795 = CARTESIAN_POINT('',(-2.78,1.480115620071,8.529237170472));
#6796 = CIRCLE('',#6797,0.1);
#6797 = AXIS2_PLACEMENT_3D('',#6798,#6799,#6800);
#6798 = CARTESIAN_POINT('',(-2.78,1.384485144475,8.5));
#6799 = DIRECTION('',(1.,0.,0.));
#6800 = DIRECTION('',(0.,0.,-1.));
#6801 = ORIENTED_EDGE('',*,*,#6802,.F.);
#6802 = EDGE_CURVE('',#6803,#6794,#6805,.T.);
#6803 = VERTEX_POINT('',#6804);
#6804 = CARTESIAN_POINT('',(-2.78,3.14,3.1));
#6805 = LINE('',#6806,#6807);
#6806 = CARTESIAN_POINT('',(-2.78,1.602219515455,8.129853324526));
#6807 = VECTOR('',#6808,1.);
#6808 = DIRECTION('',(0.,-0.292371704723,0.956304755963));
#6809 = ORIENTED_EDGE('',*,*,#6810,.T.);
#6810 = EDGE_CURVE('',#6803,#6811,#6813,.T.);
#6811 = VERTEX_POINT('',#6812);
#6812 = CARTESIAN_POINT('',(-2.78,3.14,0.));
#6813 = LINE('',#6814,#6815);
#6814 = CARTESIAN_POINT('',(-2.78,3.14,8.6));
#6815 = VECTOR('',#6816,1.);
#6816 = DIRECTION('',(0.,0.,-1.));
#6817 = ORIENTED_EDGE('',*,*,#6818,.T.);
#6818 = EDGE_CURVE('',#6811,#6719,#6819,.T.);
#6819 = LINE('',#6820,#6821);
#6820 = CARTESIAN_POINT('',(-2.78,3.14,0.));
#6821 = VECTOR('',#6822,1.);
#6822 = DIRECTION('',(0.,-1.,0.));
#6823 = ORIENTED_EDGE('',*,*,#6744,.F.);
#6824 = ORIENTED_EDGE('',*,*,#6825,.F.);
#6825 = EDGE_CURVE('',#6761,#6737,#6826,.T.);
#6826 = CIRCLE('',#6827,0.3);
#6827 = AXIS2_PLACEMENT_3D('',#6828,#6829,#6830);
#6828 = CARTESIAN_POINT('',(-2.78,-2.86,5.));
#6829 = DIRECTION('',(1.,0.,0.));
#6830 = DIRECTION('',(0.,0.,-1.));
#6831 = PLANE('',#6832);
#6832 = AXIS2_PLACEMENT_3D('',#6833,#6834,#6835);
#6833 = CARTESIAN_POINT('',(-2.78,3.14,8.6));
#6834 = DIRECTION('',(1.,0.,0.));
#6835 = DIRECTION('',(0.,0.,-1.));
#6836 = ADVANCED_FACE('',(#6837,#6840,#6851),#6876,.T.);
#6837 = FACE_BOUND('',#6838,.T.);
#6838 = EDGE_LOOP('',(#6839));
#6839 = ORIENTED_EDGE('',*,*,#6159,.F.);
#6840 = FACE_BOUND('',#6841,.T.);
#6841 = EDGE_LOOP('',(#6842));
#6842 = ORIENTED_EDGE('',*,*,#6843,.F.);
#6843 = EDGE_CURVE('',#6844,#6844,#6846,.T.);
#6844 = VERTEX_POINT('',#6845);
#6845 = CARTESIAN_POINT('',(-0.17,-1.E-02,8.6));
#6846 = CIRCLE('',#6847,1.1);
#6847 = AXIS2_PLACEMENT_3D('',#6848,#6849,#6850);
#6848 = CARTESIAN_POINT('',(-1.27,-1.E-02,8.6));
#6849 = DIRECTION('',(0.,0.,1.));
#6850 = DIRECTION('',(1.,0.,-0.));
#6851 = FACE_BOUND('',#6852,.T.);
#6852 = EDGE_LOOP('',(#6853,#6854,#6862,#6870));
#6853 = ORIENTED_EDGE('',*,*,#6785,.T.);
#6854 = ORIENTED_EDGE('',*,*,#6855,.T.);
#6855 = EDGE_CURVE('',#6777,#6856,#6858,.T.);
#6856 = VERTEX_POINT('',#6857);
#6857 = CARTESIAN_POINT('',(2.78,-1.306866393763,8.6));
#6858 = LINE('',#6859,#6860);
#6859 = CARTESIAN_POINT('',(-3.42,-1.306866393763,8.6));
#6860 = VECTOR('',#6861,1.);
#6861 = DIRECTION('',(1.,0.,0.));
#6862 = ORIENTED_EDGE('',*,*,#6863,.T.);
#6863 = EDGE_CURVE('',#6856,#6864,#6866,.T.);
#6864 = VERTEX_POINT('',#6865);
#6865 = CARTESIAN_POINT('',(2.78,1.384485144475,8.6));
#6866 = LINE('',#6867,#6868);
#6867 = CARTESIAN_POINT('',(2.78,-3.16,8.6));
#6868 = VECTOR('',#6869,1.);
#6869 = DIRECTION('',(0.,1.,0.));
#6870 = ORIENTED_EDGE('',*,*,#6871,.F.);
#6871 = EDGE_CURVE('',#6786,#6864,#6872,.T.);
#6872 = LINE('',#6873,#6874);
#6873 = CARTESIAN_POINT('',(-3.42,1.384485144475,8.6));
#6874 = VECTOR('',#6875,1.);
#6875 = DIRECTION('',(1.,0.,0.));
#6876 = PLANE('',#6877);
#6877 = AXIS2_PLACEMENT_3D('',#6878,#6879,#6880);
#6878 = CARTESIAN_POINT('',(0.,-1.E-02,8.6));
#6879 = DIRECTION('',(0.,0.,1.));
#6880 = DIRECTION('',(1.,0.,-0.));
#6881 = ADVANCED_FACE('',(#6882),#6949,.F.);
#6882 = FACE_BOUND('',#6883,.T.);
#6883 = EDGE_LOOP('',(#6884,#6894,#6902,#6909,#6910,#6918,#6926,#6934,
    #6941,#6942));
#6884 = ORIENTED_EDGE('',*,*,#6885,.T.);
#6885 = EDGE_CURVE('',#6886,#6888,#6890,.T.);
#6886 = VERTEX_POINT('',#6887);
#6887 = CARTESIAN_POINT('',(2.78,-1.402740636251,8.528427620855));
#6888 = VERTEX_POINT('',#6889);
#6889 = CARTESIAN_POINT('',(2.78,-2.36,5.3));
#6890 = LINE('',#6891,#6892);
#6891 = CARTESIAN_POINT('',(2.78,-1.402740636251,8.528427620855));
#6892 = VECTOR('',#6893,1.);
#6893 = DIRECTION('',(0.,-0.28427620855,-0.958742424874));
#6894 = ORIENTED_EDGE('',*,*,#6895,.T.);
#6895 = EDGE_CURVE('',#6888,#6896,#6898,.T.);
#6896 = VERTEX_POINT('',#6897);
#6897 = CARTESIAN_POINT('',(2.78,-2.86,5.3));
#6898 = LINE('',#6899,#6900);
#6899 = CARTESIAN_POINT('',(2.78,-2.86,5.3));
#6900 = VECTOR('',#6901,1.);
#6901 = DIRECTION('',(0.,-1.,0.));
#6902 = ORIENTED_EDGE('',*,*,#6903,.T.);
#6903 = EDGE_CURVE('',#6896,#6729,#6904,.T.);
#6904 = CIRCLE('',#6905,0.3);
#6905 = AXIS2_PLACEMENT_3D('',#6906,#6907,#6908);
#6906 = CARTESIAN_POINT('',(2.78,-2.86,5.));
#6907 = DIRECTION('',(1.,0.,0.));
#6908 = DIRECTION('',(-0.,1.,0.));
#6909 = ORIENTED_EDGE('',*,*,#6728,.T.);
#6910 = ORIENTED_EDGE('',*,*,#6911,.T.);
#6911 = EDGE_CURVE('',#6721,#6912,#6914,.T.);
#6912 = VERTEX_POINT('',#6913);
#6913 = CARTESIAN_POINT('',(2.78,3.14,0.));
#6914 = LINE('',#6915,#6916);
#6915 = CARTESIAN_POINT('',(2.78,-3.16,0.));
#6916 = VECTOR('',#6917,1.);
#6917 = DIRECTION('',(0.,1.,0.));
#6918 = ORIENTED_EDGE('',*,*,#6919,.F.);
#6919 = EDGE_CURVE('',#6920,#6912,#6922,.T.);
#6920 = VERTEX_POINT('',#6921);
#6921 = CARTESIAN_POINT('',(2.78,3.14,3.1));
#6922 = LINE('',#6923,#6924);
#6923 = CARTESIAN_POINT('',(2.78,3.14,8.6));
#6924 = VECTOR('',#6925,1.);
#6925 = DIRECTION('',(0.,0.,-1.));
#6926 = ORIENTED_EDGE('',*,*,#6927,.T.);
#6927 = EDGE_CURVE('',#6920,#6928,#6930,.T.);
#6928 = VERTEX_POINT('',#6929);
#6929 = CARTESIAN_POINT('',(2.78,1.480115620071,8.529237170472));
#6930 = LINE('',#6931,#6932);
#6931 = CARTESIAN_POINT('',(2.78,3.14,3.1));
#6932 = VECTOR('',#6933,1.);
#6933 = DIRECTION('',(0.,-0.292371704723,0.956304755963));
#6934 = ORIENTED_EDGE('',*,*,#6935,.T.);
#6935 = EDGE_CURVE('',#6928,#6864,#6936,.T.);
#6936 = CIRCLE('',#6937,0.1);
#6937 = AXIS2_PLACEMENT_3D('',#6938,#6939,#6940);
#6938 = CARTESIAN_POINT('',(2.78,1.384485144475,8.5));
#6939 = DIRECTION('',(1.,0.,0.));
#6940 = DIRECTION('',(-0.,1.,0.));
#6941 = ORIENTED_EDGE('',*,*,#6863,.F.);
#6942 = ORIENTED_EDGE('',*,*,#6943,.T.);
#6943 = EDGE_CURVE('',#6856,#6886,#6944,.T.);
#6944 = CIRCLE('',#6945,0.1);
#6945 = AXIS2_PLACEMENT_3D('',#6946,#6947,#6948);
#6946 = CARTESIAN_POINT('',(2.78,-1.306866393763,8.5));
#6947 = DIRECTION('',(1.,0.,0.));
#6948 = DIRECTION('',(-0.,1.,0.));
#6949 = PLANE('',#6950);
#6950 = AXIS2_PLACEMENT_3D('',#6951,#6952,#6953);
#6951 = CARTESIAN_POINT('',(2.78,-3.16,8.6));
#6952 = DIRECTION('',(-1.,0.,0.));
#6953 = DIRECTION('',(0.,0.,1.));
#6954 = ADVANCED_FACE('',(#6955),#6994,.F.);
#6955 = FACE_BOUND('',#6956,.T.);
#6956 = EDGE_LOOP('',(#6957,#6963,#6964,#6965,#6966,#6972,#6973,#6979,
    #6980,#6986,#6987,#6993));
#6957 = ORIENTED_EDGE('',*,*,#6958,.T.);
#6958 = EDGE_CURVE('',#6573,#5619,#6959,.T.);
#6959 = LINE('',#6960,#6961);
#6960 = CARTESIAN_POINT('',(-3.42,3.14,3.1));
#6961 = VECTOR('',#6962,1.);
#6962 = DIRECTION('',(1.,0.,0.));
#6963 = ORIENTED_EDGE('',*,*,#5644,.T.);
#6964 = ORIENTED_EDGE('',*,*,#5419,.F.);
#6965 = ORIENTED_EDGE('',*,*,#5587,.F.);
#6966 = ORIENTED_EDGE('',*,*,#6967,.T.);
#6967 = EDGE_CURVE('',#5580,#6920,#6968,.T.);
#6968 = LINE('',#6969,#6970);
#6969 = CARTESIAN_POINT('',(-3.42,3.14,3.1));
#6970 = VECTOR('',#6971,1.);
#6971 = DIRECTION('',(1.,0.,0.));
#6972 = ORIENTED_EDGE('',*,*,#6919,.T.);
#6973 = ORIENTED_EDGE('',*,*,#6974,.T.);
#6974 = EDGE_CURVE('',#6912,#6811,#6975,.T.);
#6975 = LINE('',#6976,#6977);
#6976 = CARTESIAN_POINT('',(2.78,3.14,0.));
#6977 = VECTOR('',#6978,1.);
#6978 = DIRECTION('',(-1.,0.,0.));
#6979 = ORIENTED_EDGE('',*,*,#6810,.F.);
#6980 = ORIENTED_EDGE('',*,*,#6981,.T.);
#6981 = EDGE_CURVE('',#6803,#6491,#6982,.T.);
#6982 = LINE('',#6983,#6984);
#6983 = CARTESIAN_POINT('',(-3.42,3.14,3.1));
#6984 = VECTOR('',#6985,1.);
#6985 = DIRECTION('',(1.,0.,0.));
#6986 = ORIENTED_EDGE('',*,*,#6548,.T.);
#6987 = ORIENTED_EDGE('',*,*,#6988,.F.);
#6988 = EDGE_CURVE('',#6581,#6541,#6989,.T.);
#6989 = LINE('',#6990,#6991);
#6990 = CARTESIAN_POINT('',(-0.62,3.14,1.5));
#6991 = VECTOR('',#6992,1.);
#6992 = DIRECTION('',(-1.,0.,0.));
#6993 = ORIENTED_EDGE('',*,*,#6580,.F.);
#6994 = PLANE('',#6995);
#6995 = AXIS2_PLACEMENT_3D('',#6996,#6997,#6998);
#6996 = CARTESIAN_POINT('',(2.78,3.14,8.6));
#6997 = DIRECTION('',(0.,-1.,0.));
#6998 = DIRECTION('',(0.,0.,-1.));
#6999 = ADVANCED_FACE('',(#7000,#7010,#7030),#7036,.F.);
#7000 = FACE_BOUND('',#7001,.T.);
#7001 = EDGE_LOOP('',(#7002,#7003,#7004,#7005,#7006,#7007,#7008,#7009));
#7002 = ORIENTED_EDGE('',*,*,#5786,.F.);
#7003 = ORIENTED_EDGE('',*,*,#5881,.F.);
#7004 = ORIENTED_EDGE('',*,*,#5844,.F.);
#7005 = ORIENTED_EDGE('',*,*,#5701,.F.);
#7006 = ORIENTED_EDGE('',*,*,#5595,.F.);
#7007 = ORIENTED_EDGE('',*,*,#5556,.F.);
#7008 = ORIENTED_EDGE('',*,*,#5636,.F.);
#7009 = ORIENTED_EDGE('',*,*,#5724,.F.);
#7010 = FACE_BOUND('',#7011,.T.);
#7011 = EDGE_LOOP('',(#7012,#7013,#7014,#7015,#7021,#7022,#7023,#7024));
#7012 = ORIENTED_EDGE('',*,*,#6429,.F.);
#7013 = ORIENTED_EDGE('',*,*,#6283,.F.);
#7014 = ORIENTED_EDGE('',*,*,#6361,.F.);
#7015 = ORIENTED_EDGE('',*,*,#7016,.F.);
#7016 = EDGE_CURVE('',#6605,#6354,#7017,.T.);
#7017 = LINE('',#7018,#7019);
#7018 = CARTESIAN_POINT('',(-0.62,1.37,0.));
#7019 = VECTOR('',#7020,1.);
#7020 = DIRECTION('',(1.,0.,0.));
#7021 = ORIENTED_EDGE('',*,*,#6604,.F.);
#7022 = ORIENTED_EDGE('',*,*,#6663,.F.);
#7023 = ORIENTED_EDGE('',*,*,#6524,.F.);
#7024 = ORIENTED_EDGE('',*,*,#7025,.F.);
#7025 = EDGE_CURVE('',#6430,#6517,#7026,.T.);
#7026 = LINE('',#7027,#7028);
#7027 = CARTESIAN_POINT('',(-0.62,1.37,0.));
#7028 = VECTOR('',#7029,1.);
#7029 = DIRECTION('',(1.,0.,0.));
#7030 = FACE_BOUND('',#7031,.T.);
#7031 = EDGE_LOOP('',(#7032,#7033,#7034,#7035));
#7032 = ORIENTED_EDGE('',*,*,#6911,.F.);
#7033 = ORIENTED_EDGE('',*,*,#6718,.F.);
#7034 = ORIENTED_EDGE('',*,*,#6818,.F.);
#7035 = ORIENTED_EDGE('',*,*,#6974,.F.);
#7036 = PLANE('',#7037);
#7037 = AXIS2_PLACEMENT_3D('',#7038,#7039,#7040);
#7038 = CARTESIAN_POINT('',(0.,-1.E-02,0.));
#7039 = DIRECTION('',(0.,0.,1.));
#7040 = DIRECTION('',(1.,0.,-0.));
#7041 = ADVANCED_FACE('',(#7042),#7061,.T.);
#7042 = FACE_BOUND('',#7043,.T.);
#7043 = EDGE_LOOP('',(#7044,#7045,#7046,#7047,#7048,#7049,#7050,#7056,
    #7057,#7058,#7059,#7060));
#7044 = ORIENTED_EDGE('',*,*,#6958,.F.);
#7045 = ORIENTED_EDGE('',*,*,#6572,.F.);
#7046 = ORIENTED_EDGE('',*,*,#6635,.F.);
#7047 = ORIENTED_EDGE('',*,*,#6490,.F.);
#7048 = ORIENTED_EDGE('',*,*,#6981,.F.);
#7049 = ORIENTED_EDGE('',*,*,#6802,.T.);
#7050 = ORIENTED_EDGE('',*,*,#7051,.T.);
#7051 = EDGE_CURVE('',#6794,#6928,#7052,.T.);
#7052 = LINE('',#7053,#7054);
#7053 = CARTESIAN_POINT('',(-3.42,1.480115620071,8.529237170472));
#7054 = VECTOR('',#7055,1.);
#7055 = DIRECTION('',(1.,0.,0.));
#7056 = ORIENTED_EDGE('',*,*,#6927,.F.);
#7057 = ORIENTED_EDGE('',*,*,#6967,.F.);
#7058 = ORIENTED_EDGE('',*,*,#5579,.F.);
#7059 = ORIENTED_EDGE('',*,*,#5290,.F.);
#7060 = ORIENTED_EDGE('',*,*,#5618,.F.);
#7061 = PLANE('',#7062);
#7062 = AXIS2_PLACEMENT_3D('',#7063,#7064,#7065);
#7063 = CARTESIAN_POINT('',(-3.42,3.14,3.1));
#7064 = DIRECTION('',(0.,0.956304755963,0.292371704723));
#7065 = DIRECTION('',(0.,-0.292371704723,0.956304755963));
#7066 = ADVANCED_FACE('',(#7067),#7073,.T.);
#7067 = FACE_BOUND('',#7068,.T.);
#7068 = EDGE_LOOP('',(#7069,#7070,#7071,#7072));
#7069 = ORIENTED_EDGE('',*,*,#6793,.T.);
#7070 = ORIENTED_EDGE('',*,*,#6871,.T.);
#7071 = ORIENTED_EDGE('',*,*,#6935,.F.);
#7072 = ORIENTED_EDGE('',*,*,#7051,.F.);
#7073 = CYLINDRICAL_SURFACE('',#7074,0.1);
#7074 = AXIS2_PLACEMENT_3D('',#7075,#7076,#7077);
#7075 = CARTESIAN_POINT('',(-3.42,1.384485144475,8.5));
#7076 = DIRECTION('',(1.,0.,0.));
#7077 = DIRECTION('',(0.,0.,-1.));
#7078 = ADVANCED_FACE('',(#7079),#7095,.T.);
#7079 = FACE_BOUND('',#7080,.T.);
#7080 = EDGE_LOOP('',(#7081,#7082,#7088,#7089));
#7081 = ORIENTED_EDGE('',*,*,#6768,.T.);
#7082 = ORIENTED_EDGE('',*,*,#7083,.T.);
#7083 = EDGE_CURVE('',#6759,#6888,#7084,.T.);
#7084 = LINE('',#7085,#7086);
#7085 = CARTESIAN_POINT('',(-3.42,-2.36,5.3));
#7086 = VECTOR('',#7087,1.);
#7087 = DIRECTION('',(1.,0.,0.));
#7088 = ORIENTED_EDGE('',*,*,#6885,.F.);
#7089 = ORIENTED_EDGE('',*,*,#7090,.F.);
#7090 = EDGE_CURVE('',#6769,#6886,#7091,.T.);
#7091 = LINE('',#7092,#7093);
#7092 = CARTESIAN_POINT('',(-3.42,-1.402740636251,8.528427620855));
#7093 = VECTOR('',#7094,1.);
#7094 = DIRECTION('',(1.,0.,0.));
#7095 = PLANE('',#7096);
#7096 = AXIS2_PLACEMENT_3D('',#7097,#7098,#7099);
#7097 = CARTESIAN_POINT('',(-3.42,-1.402740636251,8.528427620855));
#7098 = DIRECTION('',(0.,-0.958742424874,0.28427620855));
#7099 = DIRECTION('',(0.,-0.28427620855,-0.958742424874));
#7100 = ADVANCED_FACE('',(#7101),#7112,.T.);
#7101 = FACE_BOUND('',#7102,.T.);
#7102 = EDGE_LOOP('',(#7103,#7104,#7105,#7106));
#7103 = ORIENTED_EDGE('',*,*,#6895,.F.);
#7104 = ORIENTED_EDGE('',*,*,#7083,.F.);
#7105 = ORIENTED_EDGE('',*,*,#6758,.T.);
#7106 = ORIENTED_EDGE('',*,*,#7107,.T.);
#7107 = EDGE_CURVE('',#6761,#6896,#7108,.T.);
#7108 = LINE('',#7109,#7110);
#7109 = CARTESIAN_POINT('',(-3.42,-2.86,5.3));
#7110 = VECTOR('',#7111,1.);
#7111 = DIRECTION('',(1.,0.,0.));
#7112 = PLANE('',#7113);
#7113 = AXIS2_PLACEMENT_3D('',#7114,#7115,#7116);
#7114 = CARTESIAN_POINT('',(-3.42,-2.86,5.3));
#7115 = DIRECTION('',(0.,0.,1.));
#7116 = DIRECTION('',(1.,0.,-0.));
#7117 = ADVANCED_FACE('',(#7118),#7124,.T.);
#7118 = FACE_BOUND('',#7119,.T.);
#7119 = EDGE_LOOP('',(#7120,#7121,#7122,#7123));
#7120 = ORIENTED_EDGE('',*,*,#6825,.T.);
#7121 = ORIENTED_EDGE('',*,*,#6736,.T.);
#7122 = ORIENTED_EDGE('',*,*,#6903,.F.);
#7123 = ORIENTED_EDGE('',*,*,#7107,.F.);
#7124 = CYLINDRICAL_SURFACE('',#7125,0.3);
#7125 = AXIS2_PLACEMENT_3D('',#7126,#7127,#7128);
#7126 = CARTESIAN_POINT('',(-3.42,-2.86,5.));
#7127 = DIRECTION('',(1.,0.,0.));
#7128 = DIRECTION('',(0.,0.,-1.));
#7129 = ADVANCED_FACE('',(#7130),#7136,.T.);
#7130 = FACE_BOUND('',#7131,.T.);
#7131 = EDGE_LOOP('',(#7132,#7133,#7134,#7135));
#7132 = ORIENTED_EDGE('',*,*,#6776,.T.);
#7133 = ORIENTED_EDGE('',*,*,#7090,.T.);
#7134 = ORIENTED_EDGE('',*,*,#6943,.F.);
#7135 = ORIENTED_EDGE('',*,*,#6855,.F.);
#7136 = CYLINDRICAL_SURFACE('',#7137,0.1);
#7137 = AXIS2_PLACEMENT_3D('',#7138,#7139,#7140);
#7138 = CARTESIAN_POINT('',(-3.42,-1.306866393763,8.5));
#7139 = DIRECTION('',(1.,0.,0.));
#7140 = DIRECTION('',(0.,0.,-1.));
#7141 = ADVANCED_FACE('',(#7142),#7168,.F.);
#7142 = FACE_BOUND('',#7143,.F.);
#7143 = EDGE_LOOP('',(#7144,#7153,#7160,#7167));
#7144 = ORIENTED_EDGE('',*,*,#7145,.F.);
#7145 = EDGE_CURVE('',#7146,#7146,#7148,.T.);
#7146 = VERTEX_POINT('',#7147);
#7147 = CARTESIAN_POINT('',(-0.22,-1.E-02,8.55));
#7148 = CIRCLE('',#7149,1.05);
#7149 = AXIS2_PLACEMENT_3D('',#7150,#7151,#7152);
#7150 = CARTESIAN_POINT('',(-1.27,-1.E-02,8.55));
#7151 = DIRECTION('',(0.,0.,1.));
#7152 = DIRECTION('',(1.,0.,-0.));
#7153 = ORIENTED_EDGE('',*,*,#7154,.F.);
#7154 = EDGE_CURVE('',#7155,#7146,#7157,.T.);
#7155 = VERTEX_POINT('',#7156);
#7156 = CARTESIAN_POINT('',(-0.22,-1.E-02,7.1));
#7157 = B_SPLINE_CURVE_WITH_KNOTS('',1,(#7158,#7159),.UNSPECIFIED.,.F.,
  .F.,(2,2),(0.,1.45),.PIECEWISE_BEZIER_KNOTS.);
#7158 = CARTESIAN_POINT('',(-0.22,-1.E-02,7.1));
#7159 = CARTESIAN_POINT('',(-0.22,-1.E-02,8.55));
#7160 = ORIENTED_EDGE('',*,*,#7161,.F.);
#7161 = EDGE_CURVE('',#7155,#7155,#7162,.T.);
#7162 = CIRCLE('',#7163,1.05);
#7163 = AXIS2_PLACEMENT_3D('',#7164,#7165,#7166);
#7164 = CARTESIAN_POINT('',(-1.27,-1.E-02,7.1));
#7165 = DIRECTION('',(0.,0.,-1.));
#7166 = DIRECTION('',(1.,0.,0.));
#7167 = ORIENTED_EDGE('',*,*,#7154,.T.);
#7168 = CYLINDRICAL_SURFACE('',#7169,1.05);
#7169 = AXIS2_PLACEMENT_3D('',#7170,#7171,#7172);
#7170 = CARTESIAN_POINT('',(-1.27,-1.E-02,7.1));
#7171 = DIRECTION('',(0.,0.,1.));
#7172 = DIRECTION('',(1.,0.,-0.));
#7173 = ADVANCED_FACE('',(#7174,#7185),#7188,.F.);
#7174 = FACE_BOUND('',#7175,.T.);
#7175 = EDGE_LOOP('',(#7176));
#7176 = ORIENTED_EDGE('',*,*,#7177,.T.);
#7177 = EDGE_CURVE('',#7178,#7178,#7180,.T.);
#7178 = VERTEX_POINT('',#7179);
#7179 = CARTESIAN_POINT('',(-0.67,-1.E-02,7.1));
#7180 = CIRCLE('',#7181,0.6);
#7181 = AXIS2_PLACEMENT_3D('',#7182,#7183,#7184);
#7182 = CARTESIAN_POINT('',(-1.27,-1.E-02,7.1));
#7183 = DIRECTION('',(0.,0.,-1.));
#7184 = DIRECTION('',(1.,0.,0.));
#7185 = FACE_BOUND('',#7186,.T.);
#7186 = EDGE_LOOP('',(#7187));
#7187 = ORIENTED_EDGE('',*,*,#7161,.F.);
#7188 = PLANE('',#7189);
#7189 = AXIS2_PLACEMENT_3D('',#7190,#7191,#7192);
#7190 = CARTESIAN_POINT('',(-1.27,-1.E-02,7.1));
#7191 = DIRECTION('',(0.,0.,-1.));
#7192 = DIRECTION('',(-1.,0.,0.));
#7193 = ADVANCED_FACE('',(#7194),#7209,.T.);
#7194 = FACE_BOUND('',#7195,.T.);
#7195 = EDGE_LOOP('',(#7196,#7197,#7207,#7208));
#7196 = ORIENTED_EDGE('',*,*,#7145,.F.);
#7197 = ORIENTED_EDGE('',*,*,#7198,.F.);
#7198 = EDGE_CURVE('',#6844,#7146,#7199,.T.);
#7199 = ( BOUNDED_CURVE() B_SPLINE_CURVE(6,(#7200,#7201,#7202,#7203,
#7204,#7205,#7206),.UNSPECIFIED.,.F.,.F.) B_SPLINE_CURVE_WITH_KNOTS((7,7
),(1.570796326795,3.14159265359),.PIECEWISE_BEZIER_KNOTS.) CURVE() 
GEOMETRIC_REPRESENTATION_ITEM() RATIONAL_B_SPLINE_CURVE((1.031393471788,
    1.010025407661,0.997924642725,0.993958444137,0.997924642725,
1.010025407661,1.031393471788)) REPRESENTATION_ITEM('') );
#7200 = CARTESIAN_POINT('',(-0.17,-1.E-02,8.6));
#7201 = CARTESIAN_POINT('',(-0.183366839158,-1.E-02,8.6));
#7202 = CARTESIAN_POINT('',(-0.196385428629,-1.E-02,8.595749782468));
#7203 = CARTESIAN_POINT('',(-0.20759597566,-1.E-02,8.58759597566));
#7204 = CARTESIAN_POINT('',(-0.215749782468,-1.E-02,8.576385428629));
#7205 = CARTESIAN_POINT('',(-0.22,-1.E-02,8.563366839158));
#7206 = CARTESIAN_POINT('',(-0.22,-1.E-02,8.55));
#7207 = ORIENTED_EDGE('',*,*,#6843,.T.);
#7208 = ORIENTED_EDGE('',*,*,#7198,.T.);
#7209 = TOROIDAL_SURFACE('',#7210,1.1,5.E-02);
#7210 = AXIS2_PLACEMENT_3D('',#7211,#7212,#7213);
#7211 = CARTESIAN_POINT('',(-1.27,-1.E-02,8.55));
#7212 = DIRECTION('',(0.,0.,1.));
#7213 = DIRECTION('',(1.,0.,-0.));
#7214 = ADVANCED_FACE('',(#7215),#7240,.F.);
#7215 = FACE_BOUND('',#7216,.T.);
#7216 = EDGE_LOOP('',(#7217,#7225,#7233,#7239));
#7217 = ORIENTED_EDGE('',*,*,#7218,.T.);
#7218 = EDGE_CURVE('',#6308,#7219,#7221,.T.);
#7219 = VERTEX_POINT('',#7220);
#7220 = CARTESIAN_POINT('',(-1.97,-2.36,1.5));
#7221 = LINE('',#7222,#7223);
#7222 = CARTESIAN_POINT('',(-1.97,-2.18,1.5));
#7223 = VECTOR('',#7224,1.);
#7224 = DIRECTION('',(0.,-1.,0.));
#7225 = ORIENTED_EDGE('',*,*,#7226,.T.);
#7226 = EDGE_CURVE('',#7219,#7227,#7229,.T.);
#7227 = VERTEX_POINT('',#7228);
#7228 = CARTESIAN_POINT('',(-0.57,-2.36,1.5));
#7229 = LINE('',#7230,#7231);
#7230 = CARTESIAN_POINT('',(-2.32,-2.36,1.5));
#7231 = VECTOR('',#7232,1.);
#7232 = DIRECTION('',(1.,0.,-4.130293990421E-16));
#7233 = ORIENTED_EDGE('',*,*,#7234,.F.);
#7234 = EDGE_CURVE('',#6258,#7227,#7235,.T.);
#7235 = LINE('',#7236,#7237);
#7236 = CARTESIAN_POINT('',(-0.57,-2.18,1.5));
#7237 = VECTOR('',#7238,1.);
#7238 = DIRECTION('',(0.,-1.,0.));
#7239 = ORIENTED_EDGE('',*,*,#6315,.F.);
#7240 = PLANE('',#7241);
#7241 = AXIS2_PLACEMENT_3D('',#7242,#7243,#7244);
#7242 = CARTESIAN_POINT('',(-2.32,-2.86,1.5));
#7243 = DIRECTION('',(-4.130293990421E-16,0.,-1.));
#7244 = DIRECTION('',(-1.,0.,4.130293990421E-16));
#7245 = ADVANCED_FACE('',(#7246),#7279,.F.);
#7246 = FACE_BOUND('',#7247,.T.);
#7247 = EDGE_LOOP('',(#7248,#7249,#7257,#7265,#7273));
#7248 = ORIENTED_EDGE('',*,*,#6702,.T.);
#7249 = ORIENTED_EDGE('',*,*,#7250,.F.);
#7250 = EDGE_CURVE('',#7251,#6695,#7253,.T.);
#7251 = VERTEX_POINT('',#7252);
#7252 = CARTESIAN_POINT('',(-0.22,-2.86,4.55));
#7253 = LINE('',#7254,#7255);
#7254 = CARTESIAN_POINT('',(-0.22,-2.86,4.55));
#7255 = VECTOR('',#7256,1.);
#7256 = DIRECTION('',(0.,-1.,0.));
#7257 = ORIENTED_EDGE('',*,*,#7258,.F.);
#7258 = EDGE_CURVE('',#7259,#7251,#7261,.T.);
#7259 = VERTEX_POINT('',#7260);
#7260 = CARTESIAN_POINT('',(-0.22,-2.86,4.53));
#7261 = LINE('',#7262,#7263);
#7262 = CARTESIAN_POINT('',(-0.22,-2.86,0.3));
#7263 = VECTOR('',#7264,1.);
#7264 = DIRECTION('',(-1.020425574104E-16,0.,1.));
#7265 = ORIENTED_EDGE('',*,*,#7266,.F.);
#7266 = EDGE_CURVE('',#7267,#7259,#7269,.T.);
#7267 = VERTEX_POINT('',#7268);
#7268 = CARTESIAN_POINT('',(-0.22,-2.86,0.75));
#7269 = LINE('',#7270,#7271);
#7270 = CARTESIAN_POINT('',(-0.22,-2.86,0.3));
#7271 = VECTOR('',#7272,1.);
#7272 = DIRECTION('',(-1.020425574104E-16,0.,1.));
#7273 = ORIENTED_EDGE('',*,*,#7274,.F.);
#7274 = EDGE_CURVE('',#6703,#7267,#7275,.T.);
#7275 = LINE('',#7276,#7277);
#7276 = CARTESIAN_POINT('',(-0.22,-3.067692307692,0.438461538462));
#7277 = VECTOR('',#7278,1.);
#7278 = DIRECTION('',(-8.490453992831E-17,0.554700196225,0.832050294338)
  );
#7279 = PLANE('',#7280);
#7280 = AXIS2_PLACEMENT_3D('',#7281,#7282,#7283);
#7281 = CARTESIAN_POINT('',(-0.22,-2.86,0.3));
#7282 = DIRECTION('',(1.,0.,1.020425574104E-16));
#7283 = DIRECTION('',(1.020425574104E-16,0.,-1.));
#7284 = ADVANCED_FACE('',(#7285),#7303,.F.);
#7285 = FACE_BOUND('',#7286,.T.);
#7286 = EDGE_LOOP('',(#7287,#7288,#7289,#7297));
#7287 = ORIENTED_EDGE('',*,*,#7250,.T.);
#7288 = ORIENTED_EDGE('',*,*,#6694,.F.);
#7289 = ORIENTED_EDGE('',*,*,#7290,.F.);
#7290 = EDGE_CURVE('',#7291,#6685,#7293,.T.);
#7291 = VERTEX_POINT('',#7292);
#7292 = CARTESIAN_POINT('',(-2.32,-2.86,4.55));
#7293 = LINE('',#7294,#7295);
#7294 = CARTESIAN_POINT('',(-2.32,-2.86,4.55));
#7295 = VECTOR('',#7296,1.);
#7296 = DIRECTION('',(0.,-1.,0.));
#7297 = ORIENTED_EDGE('',*,*,#7298,.F.);
#7298 = EDGE_CURVE('',#7251,#7291,#7299,.T.);
#7299 = LINE('',#7300,#7301);
#7300 = CARTESIAN_POINT('',(-0.22,-2.86,4.55));
#7301 = VECTOR('',#7302,1.);
#7302 = DIRECTION('',(-1.,0.,0.));
#7303 = PLANE('',#7304);
#7304 = AXIS2_PLACEMENT_3D('',#7305,#7306,#7307);
#7305 = CARTESIAN_POINT('',(-0.22,-2.86,4.55));
#7306 = DIRECTION('',(0.,0.,1.));
#7307 = DIRECTION('',(1.,0.,-0.));
#7308 = ADVANCED_FACE('',(#7309),#7335,.F.);
#7309 = FACE_BOUND('',#7310,.T.);
#7310 = EDGE_LOOP('',(#7311,#7319,#7327,#7333,#7334));
#7311 = ORIENTED_EDGE('',*,*,#7312,.F.);
#7312 = EDGE_CURVE('',#7313,#6687,#7315,.T.);
#7313 = VERTEX_POINT('',#7314);
#7314 = CARTESIAN_POINT('',(-2.32,-2.86,0.75));
#7315 = LINE('',#7316,#7317);
#7316 = CARTESIAN_POINT('',(-2.32,-1.106153846154,3.380769230769));
#7317 = VECTOR('',#7318,1.);
#7318 = DIRECTION('',(-8.490453992831E-17,-0.554700196225,
    -0.832050294338));
#7319 = ORIENTED_EDGE('',*,*,#7320,.F.);
#7320 = EDGE_CURVE('',#7321,#7313,#7323,.T.);
#7321 = VERTEX_POINT('',#7322);
#7322 = CARTESIAN_POINT('',(-2.32,-2.86,4.53));
#7323 = LINE('',#7324,#7325);
#7324 = CARTESIAN_POINT('',(-2.32,-2.86,4.55));
#7325 = VECTOR('',#7326,1.);
#7326 = DIRECTION('',(-1.020425574104E-16,0.,-1.));
#7327 = ORIENTED_EDGE('',*,*,#7328,.F.);
#7328 = EDGE_CURVE('',#7291,#7321,#7329,.T.);
#7329 = LINE('',#7330,#7331);
#7330 = CARTESIAN_POINT('',(-2.32,-2.86,4.55));
#7331 = VECTOR('',#7332,1.);
#7332 = DIRECTION('',(-1.020425574104E-16,0.,-1.));
#7333 = ORIENTED_EDGE('',*,*,#7290,.T.);
#7334 = ORIENTED_EDGE('',*,*,#6684,.T.);
#7335 = PLANE('',#7336);
#7336 = AXIS2_PLACEMENT_3D('',#7337,#7338,#7339);
#7337 = CARTESIAN_POINT('',(-2.32,-2.86,4.55));
#7338 = DIRECTION('',(-1.,0.,1.020425574104E-16));
#7339 = DIRECTION('',(1.020425574104E-16,0.,1.));
#7340 = ADVANCED_FACE('',(#7341),#7352,.T.);
#7341 = FACE_BOUND('',#7342,.T.);
#7342 = EDGE_LOOP('',(#7343,#7344,#7350,#7351));
#7343 = ORIENTED_EDGE('',*,*,#7328,.T.);
#7344 = ORIENTED_EDGE('',*,*,#7345,.T.);
#7345 = EDGE_CURVE('',#7321,#7259,#7346,.T.);
#7346 = LINE('',#7347,#7348);
#7347 = CARTESIAN_POINT('',(-0.22,-2.86,4.53));
#7348 = VECTOR('',#7349,1.);
#7349 = DIRECTION('',(1.,0.,-2.581433744013E-17));
#7350 = ORIENTED_EDGE('',*,*,#7258,.T.);
#7351 = ORIENTED_EDGE('',*,*,#7298,.T.);
#7352 = PLANE('',#7353);
#7353 = AXIS2_PLACEMENT_3D('',#7354,#7355,#7356);
#7354 = CARTESIAN_POINT('',(0.,-2.86,0.));
#7355 = DIRECTION('',(0.,-1.,0.));
#7356 = DIRECTION('',(0.,0.,-1.));
#7357 = ADVANCED_FACE('',(#7358),#7376,.F.);
#7358 = FACE_BOUND('',#7359,.T.);
#7359 = EDGE_LOOP('',(#7360,#7361,#7369,#7375));
#7360 = ORIENTED_EDGE('',*,*,#7234,.T.);
#7361 = ORIENTED_EDGE('',*,*,#7362,.T.);
#7362 = EDGE_CURVE('',#7227,#7363,#7365,.T.);
#7363 = VERTEX_POINT('',#7364);
#7364 = CARTESIAN_POINT('',(-0.57,-2.36,3.3));
#7365 = LINE('',#7366,#7367);
#7366 = CARTESIAN_POINT('',(-0.57,-2.36,3.3));
#7367 = VECTOR('',#7368,1.);
#7368 = DIRECTION('',(2.323290369612E-16,0.,1.));
#7369 = ORIENTED_EDGE('',*,*,#7370,.F.);
#7370 = EDGE_CURVE('',#6260,#7363,#7371,.T.);
#7371 = LINE('',#7372,#7373);
#7372 = CARTESIAN_POINT('',(-0.57,-2.18,3.3));
#7373 = VECTOR('',#7374,1.);
#7374 = DIRECTION('',(0.,-1.,0.));
#7375 = ORIENTED_EDGE('',*,*,#6257,.F.);
#7376 = PLANE('',#7377);
#7377 = AXIS2_PLACEMENT_3D('',#7378,#7379,#7380);
#7378 = CARTESIAN_POINT('',(-0.57,-2.18,1.5));
#7379 = DIRECTION('',(1.,0.,-2.323290369612E-16));
#7380 = DIRECTION('',(-2.323290369612E-16,0.,-1.));
#7381 = ADVANCED_FACE('',(#7382),#7400,.F.);
#7382 = FACE_BOUND('',#7383,.T.);
#7383 = EDGE_LOOP('',(#7384,#7385,#7393,#7399));
#7384 = ORIENTED_EDGE('',*,*,#7370,.T.);
#7385 = ORIENTED_EDGE('',*,*,#7386,.T.);
#7386 = EDGE_CURVE('',#7363,#7387,#7389,.T.);
#7387 = VERTEX_POINT('',#7388);
#7388 = CARTESIAN_POINT('',(-1.97,-2.36,3.3));
#7389 = LINE('',#7390,#7391);
#7390 = CARTESIAN_POINT('',(-2.32,-2.36,3.3));
#7391 = VECTOR('',#7392,1.);
#7392 = DIRECTION('',(-1.,0.,2.581433744013E-17));
#7393 = ORIENTED_EDGE('',*,*,#7394,.F.);
#7394 = EDGE_CURVE('',#6300,#7387,#7395,.T.);
#7395 = LINE('',#7396,#7397);
#7396 = CARTESIAN_POINT('',(-1.97,-2.18,3.3));
#7397 = VECTOR('',#7398,1.);
#7398 = DIRECTION('',(0.,-1.,0.));
#7399 = ORIENTED_EDGE('',*,*,#6384,.F.);
#7400 = PLANE('',#7401);
#7401 = AXIS2_PLACEMENT_3D('',#7402,#7403,#7404);
#7402 = CARTESIAN_POINT('',(-0.57,-2.18,3.3));
#7403 = DIRECTION('',(2.581433744013E-17,0.,1.));
#7404 = DIRECTION('',(1.,0.,-2.581433744013E-17));
#7405 = ADVANCED_FACE('',(#7406),#7417,.F.);
#7406 = FACE_BOUND('',#7407,.T.);
#7407 = EDGE_LOOP('',(#7408,#7409,#7415,#7416));
#7408 = ORIENTED_EDGE('',*,*,#7394,.T.);
#7409 = ORIENTED_EDGE('',*,*,#7410,.T.);
#7410 = EDGE_CURVE('',#7387,#7219,#7411,.T.);
#7411 = LINE('',#7412,#7413);
#7412 = CARTESIAN_POINT('',(-1.97,-2.36,0.75));
#7413 = VECTOR('',#7414,1.);
#7414 = DIRECTION('',(-2.323290369612E-16,0.,-1.));
#7415 = ORIENTED_EDGE('',*,*,#7218,.F.);
#7416 = ORIENTED_EDGE('',*,*,#6307,.F.);
#7417 = PLANE('',#7418);
#7418 = AXIS2_PLACEMENT_3D('',#7419,#7420,#7421);
#7419 = CARTESIAN_POINT('',(-1.97,-2.18,3.3));
#7420 = DIRECTION('',(-1.,0.,2.323290369612E-16));
#7421 = DIRECTION('',(2.323290369612E-16,0.,1.));
#7422 = ADVANCED_FACE('',(#7423),#7443,.F.);
#7423 = FACE_BOUND('',#7424,.T.);
#7424 = EDGE_LOOP('',(#7425,#7426,#7432,#7433,#7434,#7435,#7441,#7442));
#7425 = ORIENTED_EDGE('',*,*,#6516,.F.);
#7426 = ORIENTED_EDGE('',*,*,#7427,.F.);
#7427 = EDGE_CURVE('',#6613,#6509,#7428,.T.);
#7428 = LINE('',#7429,#7430);
#7429 = CARTESIAN_POINT('',(-0.62,1.37,3.8));
#7430 = VECTOR('',#7431,1.);
#7431 = DIRECTION('',(-1.,0.,0.));
#7432 = ORIENTED_EDGE('',*,*,#6612,.T.);
#7433 = ORIENTED_EDGE('',*,*,#7016,.T.);
#7434 = ORIENTED_EDGE('',*,*,#6353,.F.);
#7435 = ORIENTED_EDGE('',*,*,#7436,.F.);
#7436 = EDGE_CURVE('',#6438,#6346,#7437,.T.);
#7437 = LINE('',#7438,#7439);
#7438 = CARTESIAN_POINT('',(-2.32,1.37,6.8));
#7439 = VECTOR('',#7440,1.);
#7440 = DIRECTION('',(1.,0.,0.));
#7441 = ORIENTED_EDGE('',*,*,#6437,.T.);
#7442 = ORIENTED_EDGE('',*,*,#7025,.T.);
#7443 = PLANE('',#7444);
#7444 = AXIS2_PLACEMENT_3D('',#7445,#7446,#7447);
#7445 = CARTESIAN_POINT('',(-0.62,1.37,5.3));
#7446 = DIRECTION('',(0.,1.,0.));
#7447 = DIRECTION('',(0.,-0.,1.));
#7448 = ADVANCED_FACE('',(#7449),#7455,.T.);
#7449 = FACE_BOUND('',#7450,.T.);
#7450 = EDGE_LOOP('',(#7451,#7452,#7453,#7454));
#7451 = ORIENTED_EDGE('',*,*,#6656,.T.);
#7452 = ORIENTED_EDGE('',*,*,#6588,.T.);
#7453 = ORIENTED_EDGE('',*,*,#6988,.T.);
#7454 = ORIENTED_EDGE('',*,*,#6540,.T.);
#7455 = PLANE('',#7456);
#7456 = AXIS2_PLACEMENT_3D('',#7457,#7458,#7459);
#7457 = CARTESIAN_POINT('',(0.,-1.E-02,1.5));
#7458 = DIRECTION('',(0.,0.,1.));
#7459 = DIRECTION('',(1.,0.,-0.));
#7460 = ADVANCED_FACE('',(#7461),#7500,.F.);
#7461 = FACE_BOUND('',#7462,.T.);
#7462 = EDGE_LOOP('',(#7463,#7464,#7472,#7478,#7479,#7487,#7493,#7494));
#7463 = ORIENTED_EDGE('',*,*,#6337,.T.);
#7464 = ORIENTED_EDGE('',*,*,#7465,.F.);
#7465 = EDGE_CURVE('',#7466,#6330,#7468,.T.);
#7466 = VERTEX_POINT('',#7467);
#7467 = CARTESIAN_POINT('',(-0.57,-1.39,3.3));
#7468 = LINE('',#7469,#7470);
#7469 = CARTESIAN_POINT('',(-0.22,-1.39,3.3));
#7470 = VECTOR('',#7471,1.);
#7471 = DIRECTION('',(1.,0.,0.));
#7472 = ORIENTED_EDGE('',*,*,#7473,.T.);
#7473 = EDGE_CURVE('',#7466,#6469,#7474,.T.);
#7474 = LINE('',#7475,#7476);
#7475 = CARTESIAN_POINT('',(-0.57,-1.39,3.5));
#7476 = VECTOR('',#7477,1.);
#7477 = DIRECTION('',(0.,0.,1.));
#7478 = ORIENTED_EDGE('',*,*,#6468,.T.);
#7479 = ORIENTED_EDGE('',*,*,#7480,.F.);
#7480 = EDGE_CURVE('',#7481,#6461,#7483,.T.);
#7481 = VERTEX_POINT('',#7482);
#7482 = CARTESIAN_POINT('',(-1.97,-1.39,3.3));
#7483 = LINE('',#7484,#7485);
#7484 = CARTESIAN_POINT('',(-1.97,-1.39,3.5));
#7485 = VECTOR('',#7486,1.);
#7486 = DIRECTION('',(0.,0.,1.));
#7487 = ORIENTED_EDGE('',*,*,#7488,.T.);
#7488 = EDGE_CURVE('',#7481,#6415,#7489,.T.);
#7489 = LINE('',#7490,#7491);
#7490 = CARTESIAN_POINT('',(-1.97,-1.39,3.3));
#7491 = VECTOR('',#7492,1.);
#7492 = DIRECTION('',(-1.,0.,0.));
#7493 = ORIENTED_EDGE('',*,*,#6412,.F.);
#7494 = ORIENTED_EDGE('',*,*,#7495,.F.);
#7495 = EDGE_CURVE('',#6338,#6413,#7496,.T.);
#7496 = LINE('',#7497,#7498);
#7497 = CARTESIAN_POINT('',(-0.22,-1.39,6.8));
#7498 = VECTOR('',#7499,1.);
#7499 = DIRECTION('',(-1.,0.,0.));
#7500 = PLANE('',#7501);
#7501 = AXIS2_PLACEMENT_3D('',#7502,#7503,#7504);
#7502 = CARTESIAN_POINT('',(-0.22,-1.39,6.8));
#7503 = DIRECTION('',(0.,-1.,0.));
#7504 = DIRECTION('',(0.,0.,-1.));
#7505 = ADVANCED_FACE('',(#7506,#7517),#7523,.T.);
#7506 = FACE_BOUND('',#7507,.T.);
#7507 = EDGE_LOOP('',(#7508));
#7508 = ORIENTED_EDGE('',*,*,#7509,.F.);
#7509 = EDGE_CURVE('',#7510,#7510,#7512,.T.);
#7510 = VERTEX_POINT('',#7511);
#7511 = CARTESIAN_POINT('',(-0.67,-1.E-02,6.8));
#7512 = CIRCLE('',#7513,0.6);
#7513 = AXIS2_PLACEMENT_3D('',#7514,#7515,#7516);
#7514 = CARTESIAN_POINT('',(-1.27,-1.E-02,6.8));
#7515 = DIRECTION('',(0.,0.,-1.));
#7516 = DIRECTION('',(1.,0.,0.));
#7517 = FACE_BOUND('',#7518,.T.);
#7518 = EDGE_LOOP('',(#7519,#7520,#7521,#7522));
#7519 = ORIENTED_EDGE('',*,*,#7436,.T.);
#7520 = ORIENTED_EDGE('',*,*,#6345,.T.);
#7521 = ORIENTED_EDGE('',*,*,#7495,.T.);
#7522 = ORIENTED_EDGE('',*,*,#6445,.T.);
#7523 = PLANE('',#7524);
#7524 = AXIS2_PLACEMENT_3D('',#7525,#7526,#7527);
#7525 = CARTESIAN_POINT('',(0.,-1.E-02,6.8));
#7526 = DIRECTION('',(0.,0.,-1.));
#7527 = DIRECTION('',(-1.,0.,0.));
#7528 = ADVANCED_FACE('',(#7529),#7539,.F.);
#7529 = FACE_BOUND('',#7530,.F.);
#7530 = EDGE_LOOP('',(#7531,#7532,#7537,#7538));
#7531 = ORIENTED_EDGE('',*,*,#7509,.F.);
#7532 = ORIENTED_EDGE('',*,*,#7533,.T.);
#7533 = EDGE_CURVE('',#7510,#7178,#7534,.T.);
#7534 = B_SPLINE_CURVE_WITH_KNOTS('',1,(#7535,#7536),.UNSPECIFIED.,.F.,
  .F.,(2,2),(0.,0.3),.PIECEWISE_BEZIER_KNOTS.);
#7535 = CARTESIAN_POINT('',(-0.67,-1.E-02,6.8));
#7536 = CARTESIAN_POINT('',(-0.67,-1.E-02,7.1));
#7537 = ORIENTED_EDGE('',*,*,#7177,.T.);
#7538 = ORIENTED_EDGE('',*,*,#7533,.F.);
#7539 = CYLINDRICAL_SURFACE('',#7540,0.6);
#7540 = AXIS2_PLACEMENT_3D('',#7541,#7542,#7543);
#7541 = CARTESIAN_POINT('',(-1.27,-1.E-02,6.8));
#7542 = DIRECTION('',(0.,0.,1.));
#7543 = DIRECTION('',(1.,0.,-0.));
#7544 = ADVANCED_FACE('',(#7545),#7563,.F.);
#7545 = FACE_BOUND('',#7546,.T.);
#7546 = EDGE_LOOP('',(#7547,#7548,#7549,#7550,#7556,#7557));
#7547 = ORIENTED_EDGE('',*,*,#7312,.T.);
#7548 = ORIENTED_EDGE('',*,*,#6710,.F.);
#7549 = ORIENTED_EDGE('',*,*,#7274,.T.);
#7550 = ORIENTED_EDGE('',*,*,#7551,.F.);
#7551 = EDGE_CURVE('',#7227,#7267,#7552,.T.);
#7552 = LINE('',#7553,#7554);
#7553 = CARTESIAN_POINT('',(-0.57,-2.36,1.5));
#7554 = VECTOR('',#7555,1.);
#7555 = DIRECTION('',(0.361961382997,-0.517087689995,-0.775631534993));
#7556 = ORIENTED_EDGE('',*,*,#7226,.F.);
#7557 = ORIENTED_EDGE('',*,*,#7558,.F.);
#7558 = EDGE_CURVE('',#7313,#7219,#7559,.T.);
#7559 = LINE('',#7560,#7561);
#7560 = CARTESIAN_POINT('',(-1.464652406417,-1.63807486631,
    2.582887700535));
#7561 = VECTOR('',#7562,1.);
#7562 = DIRECTION('',(0.361961382997,0.517087689995,0.775631534993));
#7563 = PLANE('',#7564);
#7564 = AXIS2_PLACEMENT_3D('',#7565,#7566,#7567);
#7565 = CARTESIAN_POINT('',(-2.32,-2.36,1.5));
#7566 = DIRECTION('',(-2.291074886954E-16,0.832050294338,-0.554700196225
    ));
#7567 = DIRECTION('',(1.,-5.176899690513E-31,-4.130293990421E-16));
#7568 = ADVANCED_FACE('',(#7569),#7580,.T.);
#7569 = FACE_BOUND('',#7570,.T.);
#7570 = EDGE_LOOP('',(#7571,#7572,#7578,#7579));
#7571 = ORIENTED_EDGE('',*,*,#7266,.T.);
#7572 = ORIENTED_EDGE('',*,*,#7573,.T.);
#7573 = EDGE_CURVE('',#7259,#7363,#7574,.T.);
#7574 = LINE('',#7575,#7576);
#7575 = CARTESIAN_POINT('',(-0.57,-2.36,3.3));
#7576 = VECTOR('',#7577,1.);
#7577 = DIRECTION('',(-0.254897920818,0.364139886882,-0.89578412173));
#7578 = ORIENTED_EDGE('',*,*,#7362,.F.);
#7579 = ORIENTED_EDGE('',*,*,#7551,.T.);
#7580 = PLANE('',#7581);
#7581 = AXIS2_PLACEMENT_3D('',#7582,#7583,#7584);
#7582 = CARTESIAN_POINT('',(-0.57,-2.36,1.5));
#7583 = DIRECTION('',(-0.819231920519,-0.573462344363,1.90331363142E-16)
  );
#7584 = DIRECTION('',(-2.323290369612E-16,2.958228394579E-31,-1.));
#7585 = ADVANCED_FACE('',(#7586),#7597,.T.);
#7586 = FACE_BOUND('',#7587,.T.);
#7587 = EDGE_LOOP('',(#7588,#7594,#7595,#7596));
#7588 = ORIENTED_EDGE('',*,*,#7589,.T.);
#7589 = EDGE_CURVE('',#7387,#7321,#7590,.T.);
#7590 = LINE('',#7591,#7592);
#7591 = CARTESIAN_POINT('',(-1.879037869948,-2.230054099926,
    2.980333085817));
#7592 = VECTOR('',#7593,1.);
#7593 = DIRECTION('',(-0.254897920818,-0.364139886882,0.89578412173));
#7594 = ORIENTED_EDGE('',*,*,#7320,.T.);
#7595 = ORIENTED_EDGE('',*,*,#7558,.T.);
#7596 = ORIENTED_EDGE('',*,*,#7410,.F.);
#7597 = PLANE('',#7598);
#7598 = AXIS2_PLACEMENT_3D('',#7599,#7600,#7601);
#7599 = CARTESIAN_POINT('',(-1.97,-2.36,3.3));
#7600 = DIRECTION('',(0.819231920519,-0.573462344363,-1.90331363142E-16)
  );
#7601 = DIRECTION('',(2.323290369612E-16,-1.725633230171E-31,1.));
#7602 = ADVANCED_FACE('',(#7603),#7609,.T.);
#7603 = FACE_BOUND('',#7604,.T.);
#7604 = EDGE_LOOP('',(#7605,#7606,#7607,#7608));
#7605 = ORIENTED_EDGE('',*,*,#7386,.F.);
#7606 = ORIENTED_EDGE('',*,*,#7573,.F.);
#7607 = ORIENTED_EDGE('',*,*,#7345,.F.);
#7608 = ORIENTED_EDGE('',*,*,#7589,.F.);
#7609 = PLANE('',#7610);
#7610 = AXIS2_PLACEMENT_3D('',#7611,#7612,#7613);
#7611 = CARTESIAN_POINT('',(-0.57,-2.36,3.3));
#7612 = DIRECTION('',(-9.721138892263E-18,-0.92638448422,-0.376579058626
    ));
#7613 = DIRECTION('',(1.,6.162975822039E-33,-2.581433744013E-17));
#7614 = ADVANCED_FACE('',(#7615),#7621,.T.);
#7615 = FACE_BOUND('',#7616,.T.);
#7616 = EDGE_LOOP('',(#7617,#7618,#7619,#7620));
#7617 = ORIENTED_EDGE('',*,*,#6508,.F.);
#7618 = ORIENTED_EDGE('',*,*,#6642,.T.);
#7619 = ORIENTED_EDGE('',*,*,#6620,.F.);
#7620 = ORIENTED_EDGE('',*,*,#7427,.T.);
#7621 = PLANE('',#7622);
#7622 = AXIS2_PLACEMENT_3D('',#7623,#7624,#7625);
#7623 = CARTESIAN_POINT('',(0.,-1.E-02,3.8));
#7624 = DIRECTION('',(0.,0.,-1.));
#7625 = DIRECTION('',(-1.,0.,0.));
#7626 = ADVANCED_FACE('',(#7627),#7638,.T.);
#7627 = FACE_BOUND('',#7628,.T.);
#7628 = EDGE_LOOP('',(#7629,#7630,#7631,#7632));
#7629 = ORIENTED_EDGE('',*,*,#7465,.T.);
#7630 = ORIENTED_EDGE('',*,*,#6329,.T.);
#7631 = ORIENTED_EDGE('',*,*,#6267,.T.);
#7632 = ORIENTED_EDGE('',*,*,#7633,.T.);
#7633 = EDGE_CURVE('',#6260,#7466,#7634,.T.);
#7634 = LINE('',#7635,#7636);
#7635 = CARTESIAN_POINT('',(-0.57,-2.18,3.3));
#7636 = VECTOR('',#7637,1.);
#7637 = DIRECTION('',(2.744815626546E-16,1.,0.));
#7638 = PLANE('',#7639);
#7639 = AXIS2_PLACEMENT_3D('',#7640,#7641,#7642);
#7640 = CARTESIAN_POINT('',(0.,0.,3.3));
#7641 = DIRECTION('',(0.,0.,-1.));
#7642 = DIRECTION('',(-1.,0.,0.));
#7643 = ADVANCED_FACE('',(#7644),#7650,.F.);
#7644 = FACE_BOUND('',#7645,.T.);
#7645 = EDGE_LOOP('',(#7646,#7647,#7648,#7649));
#7646 = ORIENTED_EDGE('',*,*,#6476,.T.);
#7647 = ORIENTED_EDGE('',*,*,#7473,.F.);
#7648 = ORIENTED_EDGE('',*,*,#7633,.F.);
#7649 = ORIENTED_EDGE('',*,*,#6376,.T.);
#7650 = PLANE('',#7651);
#7651 = AXIS2_PLACEMENT_3D('',#7652,#7653,#7654);
#7652 = CARTESIAN_POINT('',(-0.57,-2.18,3.5));
#7653 = DIRECTION('',(1.,-2.744815626546E-16,0.));
#7654 = DIRECTION('',(2.744815626546E-16,1.,0.));
#7655 = ADVANCED_FACE('',(#7656),#7667,.F.);
#7656 = FACE_BOUND('',#7657,.T.);
#7657 = EDGE_LOOP('',(#7658,#7659,#7660,#7661));
#7658 = ORIENTED_EDGE('',*,*,#6299,.F.);
#7659 = ORIENTED_EDGE('',*,*,#6422,.F.);
#7660 = ORIENTED_EDGE('',*,*,#7488,.F.);
#7661 = ORIENTED_EDGE('',*,*,#7662,.F.);
#7662 = EDGE_CURVE('',#6300,#7481,#7663,.T.);
#7663 = LINE('',#7664,#7665);
#7664 = CARTESIAN_POINT('',(-1.97,-2.18,3.3));
#7665 = VECTOR('',#7666,1.);
#7666 = DIRECTION('',(0.,1.,0.));
#7667 = PLANE('',#7668);
#7668 = AXIS2_PLACEMENT_3D('',#7669,#7670,#7671);
#7669 = CARTESIAN_POINT('',(0.,0.,3.3));
#7670 = DIRECTION('',(0.,0.,1.));
#7671 = DIRECTION('',(1.,0.,-0.));
#7672 = ADVANCED_FACE('',(#7673),#7679,.T.);
#7673 = FACE_BOUND('',#7674,.T.);
#7674 = EDGE_LOOP('',(#7675,#7676,#7677,#7678));
#7675 = ORIENTED_EDGE('',*,*,#6460,.F.);
#7676 = ORIENTED_EDGE('',*,*,#6390,.F.);
#7677 = ORIENTED_EDGE('',*,*,#7662,.T.);
#7678 = ORIENTED_EDGE('',*,*,#7480,.T.);
#7679 = PLANE('',#7680);
#7680 = AXIS2_PLACEMENT_3D('',#7681,#7682,#7683);
#7681 = CARTESIAN_POINT('',(-1.97,-2.18,3.5));
#7682 = DIRECTION('',(1.,0.,0.));
#7683 = DIRECTION('',(0.,0.,-1.));
#7684 = ( GEOMETRIC_REPRESENTATION_CONTEXT(3) 
GLOBAL_UNCERTAINTY_ASSIGNED_CONTEXT((#7688)) 
GLOBAL_UNIT_ASSIGNED_CONTEXT((#7685,#7686,#7687)) REPRESENTATION_CONTEXT
('Context #1','3D Context with UNIT and UNCERTAINTY') );
#7685 = ( LENGTH_UNIT() NAMED_UNIT(*) SI_UNIT(.MILLI.,.METRE.) );
#7686 = ( NAMED_UNIT(*) PLANE_ANGLE_UNIT() SI_UNIT($,.RADIAN.) );
#7687 = ( NAMED_UNIT(*) SI_UNIT($,.STERADIAN.) SOLID_ANGLE_UNIT() );
#7688 = UNCERTAINTY_MEASURE_WITH_UNIT(LENGTH_MEASURE(5.E-07),#7685,
  'distance_accuracy_value','confusion accuracy');
#7689 = CONTEXT_DEPENDENT_SHAPE_REPRESENTATION(#7690,#7692);
#7690 = ( REPRESENTATION_RELATIONSHIP('','',#5235,#5204) 
REPRESENTATION_RELATIONSHIP_WITH_TRANSFORMATION(#7691) 
SHAPE_REPRESENTATION_RELATIONSHIP() );
#7691 = ITEM_DEFINED_TRANSFORMATION('','',#11,#5205);
#7692 = PRODUCT_DEFINITION_SHAPE('Placement','Placement of an item',
  #7693);
#7693 = NEXT_ASSEMBLY_USAGE_OCCURRENCE('5','DG308-2.54-02P','',#5199,
  #5230,$);
#7694 = PRODUCT_RELATED_PRODUCT_CATEGORY('part',$,(#5232));
#7695 = SHAPE_DEFINITION_REPRESENTATION(#7696,#7702);
#7696 = PRODUCT_DEFINITION_SHAPE('','',#7697);
#7697 = PRODUCT_DEFINITION('design','',#7698,#7701);
#7698 = PRODUCT_DEFINITION_FORMATION('','',#7699);
#7699 = PRODUCT('DG308-2.54-pin','DG308-2.54-pin','',(#7700));
#7700 = PRODUCT_CONTEXT('',#2,'mechanical');
#7701 = PRODUCT_DEFINITION_CONTEXT('part definition',#2,'design');
#7702 = SHAPE_REPRESENTATION('',(#11,#7703,#7707,#7711),#7715);
#7703 = AXIS2_PLACEMENT_3D('',#7704,#7705,#7706);
#7704 = CARTESIAN_POINT('',(0.,0.,0.));
#7705 = DIRECTION('',(0.,0.,1.));
#7706 = DIRECTION('',(1.,0.,0.));
#7707 = AXIS2_PLACEMENT_3D('',#7708,#7709,#7710);
#7708 = CARTESIAN_POINT('',(0.,0.,2.8));
#7709 = DIRECTION('',(0.,0.,1.));
#7710 = DIRECTION('',(1.,0.,0.));
#7711 = AXIS2_PLACEMENT_3D('',#7712,#7713,#7714);
#7712 = CARTESIAN_POINT('',(0.,0.,8.4));
#7713 = DIRECTION('',(0.,-0.,1.));
#7714 = DIRECTION('',(0.707106781187,0.707106781187,0.));
#7715 = ( GEOMETRIC_REPRESENTATION_CONTEXT(3) 
GLOBAL_UNCERTAINTY_ASSIGNED_CONTEXT((#7719)) 
GLOBAL_UNIT_ASSIGNED_CONTEXT((#7716,#7717,#7718)) REPRESENTATION_CONTEXT
('Context #1','3D Context with UNIT and UNCERTAINTY') );
#7716 = ( LENGTH_UNIT() NAMED_UNIT(*) SI_UNIT(.MILLI.,.METRE.) );
#7717 = ( NAMED_UNIT(*) PLANE_ANGLE_UNIT() SI_UNIT($,.RADIAN.) );
#7718 = ( NAMED_UNIT(*) SI_UNIT($,.STERADIAN.) SOLID_ANGLE_UNIT() );
#7719 = UNCERTAINTY_MEASURE_WITH_UNIT(LENGTH_MEASURE(1.E-04),#7716,
  'distance_accuracy_value','confusion accuracy');
#7720 = CONTEXT_DEPENDENT_SHAPE_REPRESENTATION(#7721,#7723);
#7721 = ( REPRESENTATION_RELATIONSHIP('','',#7702,#5204) 
REPRESENTATION_RELATIONSHIP_WITH_TRANSFORMATION(#7722) 
SHAPE_REPRESENTATION_RELATIONSHIP() );
#7722 = ITEM_DEFINED_TRANSFORMATION('','',#11,#5209);
#7723 = PRODUCT_DEFINITION_SHAPE('Placement','Placement of an item',
  #7724);
#7724 = NEXT_ASSEMBLY_USAGE_OCCURRENCE('9','DG308-2.54-pin','',#5199,
  #7697,$);
#7725 = PRODUCT_RELATED_PRODUCT_CATEGORY('part',$,(#7699));
#7726 = SHAPE_DEFINITION_REPRESENTATION(#7727,#7733);
#7727 = PRODUCT_DEFINITION_SHAPE('','',#7728);
#7728 = PRODUCT_DEFINITION('design','',#7729,#7732);
#7729 = PRODUCT_DEFINITION_FORMATION('','',#7730);
#7730 = PRODUCT('DG308-2.54-pin','DG308-2.54-pin','',(#7731));
#7731 = PRODUCT_CONTEXT('',#2,'mechanical');
#7732 = PRODUCT_DEFINITION_CONTEXT('part definition',#2,'design');
#7733 = ADVANCED_BREP_SHAPE_REPRESENTATION('',(#11,#7734),#8739);
#7734 = MANIFOLD_SOLID_BREP('',#7735);
#7735 = CLOSED_SHELL('',(#7736,#7768,#7833,#7873,#7913,#7978,#8043,#8090
    ,#8137,#8177,#8199,#8257,#8297,#8355,#8418,#8481,#8521,#8543,#8555,
    #8567,#8579,#8591,#8603,#8615,#8627,#8639,#8651,#8663,#8687,#8703,
    #8715,#8727));
#7736 = ADVANCED_FACE('',(#7737),#7763,.F.);
#7737 = FACE_BOUND('',#7738,.T.);
#7738 = EDGE_LOOP('',(#7739,#7749,#7757));
#7739 = ORIENTED_EDGE('',*,*,#7740,.F.);
#7740 = EDGE_CURVE('',#7741,#7743,#7745,.T.);
#7741 = VERTEX_POINT('',#7742);
#7742 = CARTESIAN_POINT('',(0.5,2.9,3.));
#7743 = VERTEX_POINT('',#7744);
#7744 = CARTESIAN_POINT('',(0.5,3.15,1.5));
#7745 = LINE('',#7746,#7747);
#7746 = CARTESIAN_POINT('',(0.5,3.15,1.5));
#7747 = VECTOR('',#7748,1.);
#7748 = DIRECTION('',(-1.425933913527E-16,0.164398987305,-0.986393923832
    ));
#7749 = ORIENTED_EDGE('',*,*,#7750,.T.);
#7750 = EDGE_CURVE('',#7741,#7751,#7753,.T.);
#7751 = VERTEX_POINT('',#7752);
#7752 = CARTESIAN_POINT('',(0.5,2.9,1.5));
#7753 = LINE('',#7754,#7755);
#7754 = CARTESIAN_POINT('',(0.5,2.9,3.));
#7755 = VECTOR('',#7756,1.);
#7756 = DIRECTION('',(-1.445602896647E-16,0.,-1.));
#7757 = ORIENTED_EDGE('',*,*,#7758,.F.);
#7758 = EDGE_CURVE('',#7743,#7751,#7759,.T.);
#7759 = LINE('',#7760,#7761);
#7760 = CARTESIAN_POINT('',(0.5,3.15,1.5));
#7761 = VECTOR('',#7762,1.);
#7762 = DIRECTION('',(0.,-1.,0.));
#7763 = PLANE('',#7764);
#7764 = AXIS2_PLACEMENT_3D('',#7765,#7766,#7767);
#7765 = CARTESIAN_POINT('',(0.5,3.15,3.));
#7766 = DIRECTION('',(-1.,0.,1.445602896647E-16));
#7767 = DIRECTION('',(1.445602896647E-16,0.,1.));
#7768 = ADVANCED_FACE('',(#7769,#7803),#7828,.F.);
#7769 = FACE_BOUND('',#7770,.T.);
#7770 = EDGE_LOOP('',(#7771,#7781,#7789,#7797));
#7771 = ORIENTED_EDGE('',*,*,#7772,.F.);
#7772 = EDGE_CURVE('',#7773,#7775,#7777,.T.);
#7773 = VERTEX_POINT('',#7774);
#7774 = CARTESIAN_POINT('',(0.65,2.9,0.9));
#7775 = VERTEX_POINT('',#7776);
#7776 = CARTESIAN_POINT('',(0.65,2.9,3.1));
#7777 = LINE('',#7778,#7779);
#7778 = CARTESIAN_POINT('',(0.65,2.9,0.7));
#7779 = VECTOR('',#7780,1.);
#7780 = DIRECTION('',(0.,0.,1.));
#7781 = ORIENTED_EDGE('',*,*,#7782,.T.);
#7782 = EDGE_CURVE('',#7773,#7783,#7785,.T.);
#7783 = VERTEX_POINT('',#7784);
#7784 = CARTESIAN_POINT('',(-0.65,2.9,0.9));
#7785 = LINE('',#7786,#7787);
#7786 = CARTESIAN_POINT('',(0.4,2.9,0.9));
#7787 = VECTOR('',#7788,1.);
#7788 = DIRECTION('',(-1.,0.,0.));
#7789 = ORIENTED_EDGE('',*,*,#7790,.F.);
#7790 = EDGE_CURVE('',#7791,#7783,#7793,.T.);
#7791 = VERTEX_POINT('',#7792);
#7792 = CARTESIAN_POINT('',(-0.65,2.9,3.1));
#7793 = LINE('',#7794,#7795);
#7794 = CARTESIAN_POINT('',(-0.65,2.9,0.7));
#7795 = VECTOR('',#7796,1.);
#7796 = DIRECTION('',(0.,0.,-1.));
#7797 = ORIENTED_EDGE('',*,*,#7798,.F.);
#7798 = EDGE_CURVE('',#7775,#7791,#7799,.T.);
#7799 = LINE('',#7800,#7801);
#7800 = CARTESIAN_POINT('',(0.6,2.9,3.1));
#7801 = VECTOR('',#7802,1.);
#7802 = DIRECTION('',(-1.,0.,0.));
#7803 = FACE_BOUND('',#7804,.T.);
#7804 = EDGE_LOOP('',(#7805,#7813,#7814,#7822));
#7805 = ORIENTED_EDGE('',*,*,#7806,.F.);
#7806 = EDGE_CURVE('',#7751,#7807,#7809,.T.);
#7807 = VERTEX_POINT('',#7808);
#7808 = CARTESIAN_POINT('',(-0.5,2.9,1.5));
#7809 = LINE('',#7810,#7811);
#7810 = CARTESIAN_POINT('',(0.5,2.9,1.5));
#7811 = VECTOR('',#7812,1.);
#7812 = DIRECTION('',(-1.,0.,0.));
#7813 = ORIENTED_EDGE('',*,*,#7750,.F.);
#7814 = ORIENTED_EDGE('',*,*,#7815,.F.);
#7815 = EDGE_CURVE('',#7816,#7741,#7818,.T.);
#7816 = VERTEX_POINT('',#7817);
#7817 = CARTESIAN_POINT('',(-0.5,2.9,3.));
#7818 = LINE('',#7819,#7820);
#7819 = CARTESIAN_POINT('',(-0.5,2.9,3.));
#7820 = VECTOR('',#7821,1.);
#7821 = DIRECTION('',(1.,0.,0.));
#7822 = ORIENTED_EDGE('',*,*,#7823,.F.);
#7823 = EDGE_CURVE('',#7807,#7816,#7824,.T.);
#7824 = LINE('',#7825,#7826);
#7825 = CARTESIAN_POINT('',(-0.5,2.9,1.5));
#7826 = VECTOR('',#7827,1.);
#7827 = DIRECTION('',(1.445602896647E-16,0.,1.));
#7828 = PLANE('',#7829);
#7829 = AXIS2_PLACEMENT_3D('',#7830,#7831,#7832);
#7830 = CARTESIAN_POINT('',(0.4,2.9,0.7));
#7831 = DIRECTION('',(0.,-1.,0.));
#7832 = DIRECTION('',(0.,0.,-1.));
#7833 = ADVANCED_FACE('',(#7834),#7868,.F.);
#7834 = FACE_BOUND('',#7835,.T.);
#7835 = EDGE_LOOP('',(#7836,#7846,#7854,#7862));
#7836 = ORIENTED_EDGE('',*,*,#7837,.F.);
#7837 = EDGE_CURVE('',#7838,#7840,#7842,.T.);
#7838 = VERTEX_POINT('',#7839);
#7839 = CARTESIAN_POINT('',(-0.449997009542,1.575,0.2));
#7840 = VERTEX_POINT('',#7841);
#7841 = CARTESIAN_POINT('',(-0.449997009542,1.575,0.7));
#7842 = LINE('',#7843,#7844);
#7843 = CARTESIAN_POINT('',(-0.45,1.575,0.45));
#7844 = VECTOR('',#7845,1.);
#7845 = DIRECTION('',(0.,0.,1.));
#7846 = ORIENTED_EDGE('',*,*,#7847,.T.);
#7847 = EDGE_CURVE('',#7838,#7848,#7850,.T.);
#7848 = VERTEX_POINT('',#7849);
#7849 = CARTESIAN_POINT('',(-0.4,1.575,0.2));
#7850 = LINE('',#7851,#7852);
#7851 = CARTESIAN_POINT('',(-0.6,1.575,0.2));
#7852 = VECTOR('',#7853,1.);
#7853 = DIRECTION('',(1.,0.,0.));
#7854 = ORIENTED_EDGE('',*,*,#7855,.T.);
#7855 = EDGE_CURVE('',#7848,#7856,#7858,.T.);
#7856 = VERTEX_POINT('',#7857);
#7857 = CARTESIAN_POINT('',(-0.4,1.575,0.7));
#7858 = LINE('',#7859,#7860);
#7859 = CARTESIAN_POINT('',(-0.4,1.575,0.7));
#7860 = VECTOR('',#7861,1.);
#7861 = DIRECTION('',(0.,0.,1.));
#7862 = ORIENTED_EDGE('',*,*,#7863,.F.);
#7863 = EDGE_CURVE('',#7840,#7856,#7864,.T.);
#7864 = LINE('',#7865,#7866);
#7865 = CARTESIAN_POINT('',(-0.6,1.575,0.7));
#7866 = VECTOR('',#7867,1.);
#7867 = DIRECTION('',(1.,0.,0.));
#7868 = PLANE('',#7869);
#7869 = AXIS2_PLACEMENT_3D('',#7870,#7871,#7872);
#7870 = CARTESIAN_POINT('',(-0.6,1.575,0.7));
#7871 = DIRECTION('',(0.,1.,0.));
#7872 = DIRECTION('',(0.,-0.,1.));
#7873 = ADVANCED_FACE('',(#7874),#7908,.F.);
#7874 = FACE_BOUND('',#7875,.T.);
#7875 = EDGE_LOOP('',(#7876,#7886,#7894,#7902));
#7876 = ORIENTED_EDGE('',*,*,#7877,.F.);
#7877 = EDGE_CURVE('',#7878,#7880,#7882,.T.);
#7878 = VERTEX_POINT('',#7879);
#7879 = CARTESIAN_POINT('',(0.449997009542,1.575,0.7));
#7880 = VERTEX_POINT('',#7881);
#7881 = CARTESIAN_POINT('',(0.449997009542,1.575,0.2));
#7882 = LINE('',#7883,#7884);
#7883 = CARTESIAN_POINT('',(0.45,1.575,0.45));
#7884 = VECTOR('',#7885,1.);
#7885 = DIRECTION('',(0.,0.,-1.));
#7886 = ORIENTED_EDGE('',*,*,#7887,.T.);
#7887 = EDGE_CURVE('',#7878,#7888,#7890,.T.);
#7888 = VERTEX_POINT('',#7889);
#7889 = CARTESIAN_POINT('',(0.4,1.575,0.7));
#7890 = LINE('',#7891,#7892);
#7891 = CARTESIAN_POINT('',(0.,1.575,0.7));
#7892 = VECTOR('',#7893,1.);
#7893 = DIRECTION('',(-1.,0.,0.));
#7894 = ORIENTED_EDGE('',*,*,#7895,.F.);
#7895 = EDGE_CURVE('',#7896,#7888,#7898,.T.);
#7896 = VERTEX_POINT('',#7897);
#7897 = CARTESIAN_POINT('',(0.4,1.575,0.2));
#7898 = LINE('',#7899,#7900);
#7899 = CARTESIAN_POINT('',(0.4,1.575,0.2));
#7900 = VECTOR('',#7901,1.);
#7901 = DIRECTION('',(0.,0.,1.));
#7902 = ORIENTED_EDGE('',*,*,#7903,.F.);
#7903 = EDGE_CURVE('',#7880,#7896,#7904,.T.);
#7904 = LINE('',#7905,#7906);
#7905 = CARTESIAN_POINT('',(0.4,1.575,0.2));
#7906 = VECTOR('',#7907,1.);
#7907 = DIRECTION('',(-1.,0.,0.));
#7908 = PLANE('',#7909);
#7909 = AXIS2_PLACEMENT_3D('',#7910,#7911,#7912);
#7910 = CARTESIAN_POINT('',(0.6,1.575,0.2));
#7911 = DIRECTION('',(0.,1.,0.));
#7912 = DIRECTION('',(0.,-0.,1.));
#7913 = ADVANCED_FACE('',(#7914),#7973,.F.);
#7914 = FACE_BOUND('',#7915,.T.);
#7915 = EDGE_LOOP('',(#7916,#7926,#7934,#7942,#7951,#7957,#7958,#7966));
#7916 = ORIENTED_EDGE('',*,*,#7917,.T.);
#7917 = EDGE_CURVE('',#7918,#7920,#7922,.T.);
#7918 = VERTEX_POINT('',#7919);
#7919 = CARTESIAN_POINT('',(-0.4,0.25,-1.084202172485E-16));
#7920 = VERTEX_POINT('',#7921);
#7921 = CARTESIAN_POINT('',(-0.4,0.25,-2.9));
#7922 = LINE('',#7923,#7924);
#7923 = CARTESIAN_POINT('',(-0.4,0.25,0.7));
#7924 = VECTOR('',#7925,1.);
#7925 = DIRECTION('',(0.,0.,-1.));
#7926 = ORIENTED_EDGE('',*,*,#7927,.T.);
#7927 = EDGE_CURVE('',#7920,#7928,#7930,.T.);
#7928 = VERTEX_POINT('',#7929);
#7929 = CARTESIAN_POINT('',(-0.4,-0.25,-2.9));
#7930 = LINE('',#7931,#7932);
#7931 = CARTESIAN_POINT('',(-0.4,0.25,-2.9));
#7932 = VECTOR('',#7933,1.);
#7933 = DIRECTION('',(0.,-1.,0.));
#7934 = ORIENTED_EDGE('',*,*,#7935,.F.);
#7935 = EDGE_CURVE('',#7936,#7928,#7938,.T.);
#7936 = VERTEX_POINT('',#7937);
#7937 = CARTESIAN_POINT('',(-0.4,-0.25,-1.084202172485E-16));
#7938 = LINE('',#7939,#7940);
#7939 = CARTESIAN_POINT('',(-0.4,-0.25,0.7));
#7940 = VECTOR('',#7941,1.);
#7941 = DIRECTION('',(0.,0.,-1.));
#7942 = ORIENTED_EDGE('',*,*,#7943,.F.);
#7943 = EDGE_CURVE('',#7944,#7936,#7946,.T.);
#7944 = VERTEX_POINT('',#7945);
#7945 = CARTESIAN_POINT('',(-0.4,0.45,0.7));
#7946 = CIRCLE('',#7947,0.7);
#7947 = AXIS2_PLACEMENT_3D('',#7948,#7949,#7950);
#7948 = CARTESIAN_POINT('',(-0.4,0.45,-1.084202172485E-16));
#7949 = DIRECTION('',(1.,0.,0.));
#7950 = DIRECTION('',(0.,0.,-1.));
#7951 = ORIENTED_EDGE('',*,*,#7952,.F.);
#7952 = EDGE_CURVE('',#7856,#7944,#7953,.T.);
#7953 = LINE('',#7954,#7955);
#7954 = CARTESIAN_POINT('',(-0.4,0.25,0.7));
#7955 = VECTOR('',#7956,1.);
#7956 = DIRECTION('',(0.,-1.,0.));
#7957 = ORIENTED_EDGE('',*,*,#7855,.F.);
#7958 = ORIENTED_EDGE('',*,*,#7959,.F.);
#7959 = EDGE_CURVE('',#7960,#7848,#7962,.T.);
#7960 = VERTEX_POINT('',#7961);
#7961 = CARTESIAN_POINT('',(-0.4,0.45,0.2));
#7962 = LINE('',#7963,#7964);
#7963 = CARTESIAN_POINT('',(-0.4,2.9,0.2));
#7964 = VECTOR('',#7965,1.);
#7965 = DIRECTION('',(0.,1.,0.));
#7966 = ORIENTED_EDGE('',*,*,#7967,.T.);
#7967 = EDGE_CURVE('',#7960,#7918,#7968,.T.);
#7968 = CIRCLE('',#7969,0.2);
#7969 = AXIS2_PLACEMENT_3D('',#7970,#7971,#7972);
#7970 = CARTESIAN_POINT('',(-0.4,0.45,-1.355252715607E-16));
#7971 = DIRECTION('',(1.,0.,0.));
#7972 = DIRECTION('',(0.,0.,-1.));
#7973 = PLANE('',#7974);
#7974 = AXIS2_PLACEMENT_3D('',#7975,#7976,#7977);
#7975 = CARTESIAN_POINT('',(-0.4,0.25,0.7));
#7976 = DIRECTION('',(1.,0.,0.));
#7977 = DIRECTION('',(0.,0.,-1.));
#7978 = ADVANCED_FACE('',(#7979),#8038,.T.);
#7979 = FACE_BOUND('',#7980,.T.);
#7980 = EDGE_LOOP('',(#7981,#7982,#7990,#7996,#7997,#8006,#8014,#8022,
    #8030,#8037));
#7981 = ORIENTED_EDGE('',*,*,#7952,.T.);
#7982 = ORIENTED_EDGE('',*,*,#7983,.T.);
#7983 = EDGE_CURVE('',#7944,#7984,#7986,.T.);
#7984 = VERTEX_POINT('',#7985);
#7985 = CARTESIAN_POINT('',(0.4,0.45,0.7));
#7986 = LINE('',#7987,#7988);
#7987 = CARTESIAN_POINT('',(0.4,0.45,0.7));
#7988 = VECTOR('',#7989,1.);
#7989 = DIRECTION('',(1.,0.,0.));
#7990 = ORIENTED_EDGE('',*,*,#7991,.T.);
#7991 = EDGE_CURVE('',#7984,#7888,#7992,.T.);
#7992 = LINE('',#7993,#7994);
#7993 = CARTESIAN_POINT('',(0.4,-0.25,0.7));
#7994 = VECTOR('',#7995,1.);
#7995 = DIRECTION('',(0.,1.,0.));
#7996 = ORIENTED_EDGE('',*,*,#7887,.F.);
#7997 = ORIENTED_EDGE('',*,*,#7998,.T.);
#7998 = EDGE_CURVE('',#7878,#7999,#8001,.T.);
#7999 = VERTEX_POINT('',#8000);
#8000 = CARTESIAN_POINT('',(0.65,1.775,0.7));
#8001 = CIRCLE('',#8002,0.2);
#8002 = AXIS2_PLACEMENT_3D('',#8003,#8004,#8005);
#8003 = CARTESIAN_POINT('',(0.45,1.775,0.7));
#8004 = DIRECTION('',(0.,0.,1.));
#8005 = DIRECTION('',(1.,0.,-0.));
#8006 = ORIENTED_EDGE('',*,*,#8007,.T.);
#8007 = EDGE_CURVE('',#7999,#8008,#8010,.T.);
#8008 = VERTEX_POINT('',#8009);
#8009 = CARTESIAN_POINT('',(0.65,2.2,0.7));
#8010 = LINE('',#8011,#8012);
#8011 = CARTESIAN_POINT('',(0.65,-0.25,0.7));
#8012 = VECTOR('',#8013,1.);
#8013 = DIRECTION('',(0.,1.,0.));
#8014 = ORIENTED_EDGE('',*,*,#8015,.T.);
#8015 = EDGE_CURVE('',#8008,#8016,#8018,.T.);
#8016 = VERTEX_POINT('',#8017);
#8017 = CARTESIAN_POINT('',(-0.65,2.2,0.7));
#8018 = LINE('',#8019,#8020);
#8019 = CARTESIAN_POINT('',(-0.6,2.2,0.7));
#8020 = VECTOR('',#8021,1.);
#8021 = DIRECTION('',(-1.,5.421010862428E-16,0.));
#8022 = ORIENTED_EDGE('',*,*,#8023,.T.);
#8023 = EDGE_CURVE('',#8016,#8024,#8026,.T.);
#8024 = VERTEX_POINT('',#8025);
#8025 = CARTESIAN_POINT('',(-0.65,1.775,0.7));
#8026 = LINE('',#8027,#8028);
#8027 = CARTESIAN_POINT('',(-0.65,0.25,0.7));
#8028 = VECTOR('',#8029,1.);
#8029 = DIRECTION('',(0.,-1.,0.));
#8030 = ORIENTED_EDGE('',*,*,#8031,.T.);
#8031 = EDGE_CURVE('',#8024,#7840,#8032,.T.);
#8032 = CIRCLE('',#8033,0.2);
#8033 = AXIS2_PLACEMENT_3D('',#8034,#8035,#8036);
#8034 = CARTESIAN_POINT('',(-0.45,1.775,0.7));
#8035 = DIRECTION('',(0.,0.,1.));
#8036 = DIRECTION('',(1.,0.,-0.));
#8037 = ORIENTED_EDGE('',*,*,#7863,.T.);
#8038 = PLANE('',#8039);
#8039 = AXIS2_PLACEMENT_3D('',#8040,#8041,#8042);
#8040 = CARTESIAN_POINT('',(0.,0.,0.7));
#8041 = DIRECTION('',(0.,0.,1.));
#8042 = DIRECTION('',(1.,0.,-0.));
#8043 = ADVANCED_FACE('',(#8044),#8085,.F.);
#8044 = FACE_BOUND('',#8045,.T.);
#8045 = EDGE_LOOP('',(#8046,#8056,#8062,#8063,#8071,#8079));
#8046 = ORIENTED_EDGE('',*,*,#8047,.T.);
#8047 = EDGE_CURVE('',#8048,#8050,#8052,.T.);
#8048 = VERTEX_POINT('',#8049);
#8049 = CARTESIAN_POINT('',(0.25,0.25,-3.55));
#8050 = VERTEX_POINT('',#8051);
#8051 = CARTESIAN_POINT('',(-0.25,0.25,-3.55));
#8052 = LINE('',#8053,#8054);
#8053 = CARTESIAN_POINT('',(0.4,0.25,-3.55));
#8054 = VECTOR('',#8055,1.);
#8055 = DIRECTION('',(-1.,0.,0.));
#8056 = ORIENTED_EDGE('',*,*,#8057,.F.);
#8057 = EDGE_CURVE('',#7920,#8050,#8058,.T.);
#8058 = LINE('',#8059,#8060);
#8059 = CARTESIAN_POINT('',(-0.4,0.25,-2.9));
#8060 = VECTOR('',#8061,1.);
#8061 = DIRECTION('',(0.224859506699,0.,-0.974391195695));
#8062 = ORIENTED_EDGE('',*,*,#7917,.F.);
#8063 = ORIENTED_EDGE('',*,*,#8064,.F.);
#8064 = EDGE_CURVE('',#8065,#7918,#8067,.T.);
#8065 = VERTEX_POINT('',#8066);
#8066 = CARTESIAN_POINT('',(0.4,0.25,-1.084202172485E-16));
#8067 = LINE('',#8068,#8069);
#8068 = CARTESIAN_POINT('',(0.4,0.25,-1.355252715607E-16));
#8069 = VECTOR('',#8070,1.);
#8070 = DIRECTION('',(-1.,0.,0.));
#8071 = ORIENTED_EDGE('',*,*,#8072,.T.);
#8072 = EDGE_CURVE('',#8065,#8073,#8075,.T.);
#8073 = VERTEX_POINT('',#8074);
#8074 = CARTESIAN_POINT('',(0.4,0.25,-2.9));
#8075 = LINE('',#8076,#8077);
#8076 = CARTESIAN_POINT('',(0.4,0.25,0.7));
#8077 = VECTOR('',#8078,1.);
#8078 = DIRECTION('',(0.,0.,-1.));
#8079 = ORIENTED_EDGE('',*,*,#8080,.F.);
#8080 = EDGE_CURVE('',#8048,#8073,#8081,.T.);
#8081 = LINE('',#8082,#8083);
#8082 = CARTESIAN_POINT('',(0.4,0.25,-2.9));
#8083 = VECTOR('',#8084,1.);
#8084 = DIRECTION('',(0.224859506699,0.,0.974391195695));
#8085 = PLANE('',#8086);
#8086 = AXIS2_PLACEMENT_3D('',#8087,#8088,#8089);
#8087 = CARTESIAN_POINT('',(0.4,0.25,0.7));
#8088 = DIRECTION('',(0.,-1.,0.));
#8089 = DIRECTION('',(0.,0.,-1.));
#8090 = ADVANCED_FACE('',(#8091),#8132,.F.);
#8091 = FACE_BOUND('',#8092,.T.);
#8092 = EDGE_LOOP('',(#8093,#8094,#8102,#8110,#8118,#8126));
#8093 = ORIENTED_EDGE('',*,*,#7935,.T.);
#8094 = ORIENTED_EDGE('',*,*,#8095,.F.);
#8095 = EDGE_CURVE('',#8096,#7928,#8098,.T.);
#8096 = VERTEX_POINT('',#8097);
#8097 = CARTESIAN_POINT('',(-0.25,-0.25,-3.55));
#8098 = LINE('',#8099,#8100);
#8099 = CARTESIAN_POINT('',(-0.4,-0.25,-2.9));
#8100 = VECTOR('',#8101,1.);
#8101 = DIRECTION('',(-0.224859506699,0.,0.974391195695));
#8102 = ORIENTED_EDGE('',*,*,#8103,.T.);
#8103 = EDGE_CURVE('',#8096,#8104,#8106,.T.);
#8104 = VERTEX_POINT('',#8105);
#8105 = CARTESIAN_POINT('',(0.25,-0.25,-3.55));
#8106 = LINE('',#8107,#8108);
#8107 = CARTESIAN_POINT('',(-0.4,-0.25,-3.55));
#8108 = VECTOR('',#8109,1.);
#8109 = DIRECTION('',(1.,0.,0.));
#8110 = ORIENTED_EDGE('',*,*,#8111,.F.);
#8111 = EDGE_CURVE('',#8112,#8104,#8114,.T.);
#8112 = VERTEX_POINT('',#8113);
#8113 = CARTESIAN_POINT('',(0.4,-0.25,-2.9));
#8114 = LINE('',#8115,#8116);
#8115 = CARTESIAN_POINT('',(0.4,-0.25,-2.9));
#8116 = VECTOR('',#8117,1.);
#8117 = DIRECTION('',(-0.224859506699,0.,-0.974391195695));
#8118 = ORIENTED_EDGE('',*,*,#8119,.F.);
#8119 = EDGE_CURVE('',#8120,#8112,#8122,.T.);
#8120 = VERTEX_POINT('',#8121);
#8121 = CARTESIAN_POINT('',(0.4,-0.25,-1.084202172485E-16));
#8122 = LINE('',#8123,#8124);
#8123 = CARTESIAN_POINT('',(0.4,-0.25,0.7));
#8124 = VECTOR('',#8125,1.);
#8125 = DIRECTION('',(0.,0.,-1.));
#8126 = ORIENTED_EDGE('',*,*,#8127,.F.);
#8127 = EDGE_CURVE('',#7936,#8120,#8128,.T.);
#8128 = LINE('',#8129,#8130);
#8129 = CARTESIAN_POINT('',(-0.4,-0.25,-1.084202172485E-16));
#8130 = VECTOR('',#8131,1.);
#8131 = DIRECTION('',(1.,0.,0.));
#8132 = PLANE('',#8133);
#8133 = AXIS2_PLACEMENT_3D('',#8134,#8135,#8136);
#8134 = CARTESIAN_POINT('',(-0.4,-0.25,0.7));
#8135 = DIRECTION('',(0.,1.,0.));
#8136 = DIRECTION('',(0.,-0.,1.));
#8137 = ADVANCED_FACE('',(#8138),#8172,.F.);
#8138 = FACE_BOUND('',#8139,.T.);
#8139 = EDGE_LOOP('',(#8140,#8141,#8147,#8148,#8157,#8163,#8164,#8165));
#8140 = ORIENTED_EDGE('',*,*,#8119,.T.);
#8141 = ORIENTED_EDGE('',*,*,#8142,.T.);
#8142 = EDGE_CURVE('',#8112,#8073,#8143,.T.);
#8143 = LINE('',#8144,#8145);
#8144 = CARTESIAN_POINT('',(0.4,-0.25,-2.9));
#8145 = VECTOR('',#8146,1.);
#8146 = DIRECTION('',(0.,1.,0.));
#8147 = ORIENTED_EDGE('',*,*,#8072,.F.);
#8148 = ORIENTED_EDGE('',*,*,#8149,.T.);
#8149 = EDGE_CURVE('',#8065,#8150,#8152,.T.);
#8150 = VERTEX_POINT('',#8151);
#8151 = CARTESIAN_POINT('',(0.4,0.45,0.2));
#8152 = CIRCLE('',#8153,0.2);
#8153 = AXIS2_PLACEMENT_3D('',#8154,#8155,#8156);
#8154 = CARTESIAN_POINT('',(0.4,0.45,-1.355252715607E-16));
#8155 = DIRECTION('',(-1.,0.,0.));
#8156 = DIRECTION('',(0.,0.,1.));
#8157 = ORIENTED_EDGE('',*,*,#8158,.F.);
#8158 = EDGE_CURVE('',#7896,#8150,#8159,.T.);
#8159 = LINE('',#8160,#8161);
#8160 = CARTESIAN_POINT('',(0.4,2.9,0.2));
#8161 = VECTOR('',#8162,1.);
#8162 = DIRECTION('',(0.,-1.,0.));
#8163 = ORIENTED_EDGE('',*,*,#7895,.T.);
#8164 = ORIENTED_EDGE('',*,*,#7991,.F.);
#8165 = ORIENTED_EDGE('',*,*,#8166,.F.);
#8166 = EDGE_CURVE('',#8120,#7984,#8167,.T.);
#8167 = CIRCLE('',#8168,0.7);
#8168 = AXIS2_PLACEMENT_3D('',#8169,#8170,#8171);
#8169 = CARTESIAN_POINT('',(0.4,0.45,-1.084202172485E-16));
#8170 = DIRECTION('',(-1.,0.,0.));
#8171 = DIRECTION('',(0.,0.,1.));
#8172 = PLANE('',#8173);
#8173 = AXIS2_PLACEMENT_3D('',#8174,#8175,#8176);
#8174 = CARTESIAN_POINT('',(0.4,-0.25,0.7));
#8175 = DIRECTION('',(-1.,0.,0.));
#8176 = DIRECTION('',(0.,0.,1.));
#8177 = ADVANCED_FACE('',(#8178),#8194,.F.);
#8178 = FACE_BOUND('',#8179,.T.);
#8179 = EDGE_LOOP('',(#8180,#8181,#8187,#8188));
#8180 = ORIENTED_EDGE('',*,*,#8103,.F.);
#8181 = ORIENTED_EDGE('',*,*,#8182,.T.);
#8182 = EDGE_CURVE('',#8096,#8050,#8183,.T.);
#8183 = LINE('',#8184,#8185);
#8184 = CARTESIAN_POINT('',(-0.25,0.,-3.55));
#8185 = VECTOR('',#8186,1.);
#8186 = DIRECTION('',(0.,1.,0.));
#8187 = ORIENTED_EDGE('',*,*,#8047,.F.);
#8188 = ORIENTED_EDGE('',*,*,#8189,.T.);
#8189 = EDGE_CURVE('',#8048,#8104,#8190,.T.);
#8190 = LINE('',#8191,#8192);
#8191 = CARTESIAN_POINT('',(0.25,0.,-3.55));
#8192 = VECTOR('',#8193,1.);
#8193 = DIRECTION('',(0.,-1.,0.));
#8194 = PLANE('',#8195);
#8195 = AXIS2_PLACEMENT_3D('',#8196,#8197,#8198);
#8196 = CARTESIAN_POINT('',(0.,0.,-3.55));
#8197 = DIRECTION('',(0.,0.,1.));
#8198 = DIRECTION('',(1.,0.,-0.));
#8199 = ADVANCED_FACE('',(#8200),#8252,.F.);
#8200 = FACE_BOUND('',#8201,.T.);
#8201 = EDGE_LOOP('',(#8202,#8212,#8220,#8228,#8235,#8236,#8237,#8243,
    #8244,#8245));
#8202 = ORIENTED_EDGE('',*,*,#8203,.F.);
#8203 = EDGE_CURVE('',#8204,#8206,#8208,.T.);
#8204 = VERTEX_POINT('',#8205);
#8205 = CARTESIAN_POINT('',(-0.65,2.2,0.2));
#8206 = VERTEX_POINT('',#8207);
#8207 = CARTESIAN_POINT('',(-0.65,1.775,0.2));
#8208 = LINE('',#8209,#8210);
#8209 = CARTESIAN_POINT('',(-0.65,0.25,0.2));
#8210 = VECTOR('',#8211,1.);
#8211 = DIRECTION('',(0.,-1.,0.));
#8212 = ORIENTED_EDGE('',*,*,#8213,.F.);
#8213 = EDGE_CURVE('',#8214,#8204,#8216,.T.);
#8214 = VERTEX_POINT('',#8215);
#8215 = CARTESIAN_POINT('',(0.65,2.2,0.2));
#8216 = LINE('',#8217,#8218);
#8217 = CARTESIAN_POINT('',(0.4,2.2,0.2));
#8218 = VECTOR('',#8219,1.);
#8219 = DIRECTION('',(-1.,0.,0.));
#8220 = ORIENTED_EDGE('',*,*,#8221,.F.);
#8221 = EDGE_CURVE('',#8222,#8214,#8224,.T.);
#8222 = VERTEX_POINT('',#8223);
#8223 = CARTESIAN_POINT('',(0.65,1.775,0.2));
#8224 = LINE('',#8225,#8226);
#8225 = CARTESIAN_POINT('',(0.65,-0.25,0.2));
#8226 = VECTOR('',#8227,1.);
#8227 = DIRECTION('',(0.,1.,0.));
#8228 = ORIENTED_EDGE('',*,*,#8229,.F.);
#8229 = EDGE_CURVE('',#7880,#8222,#8230,.T.);
#8230 = CIRCLE('',#8231,0.2);
#8231 = AXIS2_PLACEMENT_3D('',#8232,#8233,#8234);
#8232 = CARTESIAN_POINT('',(0.45,1.775,0.2));
#8233 = DIRECTION('',(0.,0.,1.));
#8234 = DIRECTION('',(1.,0.,-0.));
#8235 = ORIENTED_EDGE('',*,*,#7903,.T.);
#8236 = ORIENTED_EDGE('',*,*,#8158,.T.);
#8237 = ORIENTED_EDGE('',*,*,#8238,.T.);
#8238 = EDGE_CURVE('',#8150,#7960,#8239,.T.);
#8239 = LINE('',#8240,#8241);
#8240 = CARTESIAN_POINT('',(-0.4,0.45,0.2));
#8241 = VECTOR('',#8242,1.);
#8242 = DIRECTION('',(-1.,0.,0.));
#8243 = ORIENTED_EDGE('',*,*,#7959,.T.);
#8244 = ORIENTED_EDGE('',*,*,#7847,.F.);
#8245 = ORIENTED_EDGE('',*,*,#8246,.F.);
#8246 = EDGE_CURVE('',#8206,#7838,#8247,.T.);
#8247 = CIRCLE('',#8248,0.2);
#8248 = AXIS2_PLACEMENT_3D('',#8249,#8250,#8251);
#8249 = CARTESIAN_POINT('',(-0.45,1.775,0.2));
#8250 = DIRECTION('',(0.,0.,1.));
#8251 = DIRECTION('',(1.,0.,-0.));
#8252 = PLANE('',#8253);
#8253 = AXIS2_PLACEMENT_3D('',#8254,#8255,#8256);
#8254 = CARTESIAN_POINT('',(0.4,2.9,0.2));
#8255 = DIRECTION('',(0.,0.,1.));
#8256 = DIRECTION('',(1.,0.,-0.));
#8257 = ADVANCED_FACE('',(#8258),#8292,.T.);
#8258 = FACE_BOUND('',#8259,.T.);
#8259 = EDGE_LOOP('',(#8260,#8270,#8278,#8286));
#8260 = ORIENTED_EDGE('',*,*,#8261,.T.);
#8261 = EDGE_CURVE('',#8262,#8264,#8266,.T.);
#8262 = VERTEX_POINT('',#8263);
#8263 = CARTESIAN_POINT('',(-0.65,2.4,3.1));
#8264 = VERTEX_POINT('',#8265);
#8265 = CARTESIAN_POINT('',(-0.65,2.4,0.9));
#8266 = LINE('',#8267,#8268);
#8267 = CARTESIAN_POINT('',(-0.65,2.4,0.7));
#8268 = VECTOR('',#8269,1.);
#8269 = DIRECTION('',(0.,0.,-1.));
#8270 = ORIENTED_EDGE('',*,*,#8271,.F.);
#8271 = EDGE_CURVE('',#8272,#8264,#8274,.T.);
#8272 = VERTEX_POINT('',#8273);
#8273 = CARTESIAN_POINT('',(0.65,2.4,0.9));
#8274 = LINE('',#8275,#8276);
#8275 = CARTESIAN_POINT('',(0.6,2.4,0.9));
#8276 = VECTOR('',#8277,1.);
#8277 = DIRECTION('',(-1.,5.421010862428E-16,0.));
#8278 = ORIENTED_EDGE('',*,*,#8279,.T.);
#8279 = EDGE_CURVE('',#8272,#8280,#8282,.T.);
#8280 = VERTEX_POINT('',#8281);
#8281 = CARTESIAN_POINT('',(0.65,2.4,3.1));
#8282 = LINE('',#8283,#8284);
#8283 = CARTESIAN_POINT('',(0.65,2.4,0.7));
#8284 = VECTOR('',#8285,1.);
#8285 = DIRECTION('',(0.,0.,1.));
#8286 = ORIENTED_EDGE('',*,*,#8287,.T.);
#8287 = EDGE_CURVE('',#8280,#8262,#8288,.T.);
#8288 = LINE('',#8289,#8290);
#8289 = CARTESIAN_POINT('',(-0.6,2.4,3.1));
#8290 = VECTOR('',#8291,1.);
#8291 = DIRECTION('',(-1.,5.421010862428E-16,0.));
#8292 = PLANE('',#8293);
#8293 = AXIS2_PLACEMENT_3D('',#8294,#8295,#8296);
#8294 = CARTESIAN_POINT('',(1.301042606983E-15,2.4,3.8));
#8295 = DIRECTION('',(-5.421010862428E-16,-1.,0.));
#8296 = DIRECTION('',(1.,-5.421010862428E-16,0.));
#8297 = ADVANCED_FACE('',(#8298),#8350,.T.);
#8298 = FACE_BOUND('',#8299,.T.);
#8299 = EDGE_LOOP('',(#8300,#8310,#8319,#8327,#8336,#8344));
#8300 = ORIENTED_EDGE('',*,*,#8301,.T.);
#8301 = EDGE_CURVE('',#8302,#8304,#8306,.T.);
#8302 = VERTEX_POINT('',#8303);
#8303 = CARTESIAN_POINT('',(-0.65,2.2,3.8));
#8304 = VERTEX_POINT('',#8305);
#8305 = CARTESIAN_POINT('',(-0.65,-1.95,3.8));
#8306 = LINE('',#8307,#8308);
#8307 = CARTESIAN_POINT('',(-0.65,0.25,3.8));
#8308 = VECTOR('',#8309,1.);
#8309 = DIRECTION('',(0.,-1.,0.));
#8310 = ORIENTED_EDGE('',*,*,#8311,.T.);
#8311 = EDGE_CURVE('',#8304,#8312,#8314,.T.);
#8312 = VERTEX_POINT('',#8313);
#8313 = CARTESIAN_POINT('',(-0.45,-2.15,3.8));
#8314 = CIRCLE('',#8315,0.2);
#8315 = AXIS2_PLACEMENT_3D('',#8316,#8317,#8318);
#8316 = CARTESIAN_POINT('',(-0.45,-1.95,3.8));
#8317 = DIRECTION('',(0.,0.,1.));
#8318 = DIRECTION('',(1.,0.,-0.));
#8319 = ORIENTED_EDGE('',*,*,#8320,.T.);
#8320 = EDGE_CURVE('',#8312,#8321,#8323,.T.);
#8321 = VERTEX_POINT('',#8322);
#8322 = CARTESIAN_POINT('',(0.45,-2.15,3.8));
#8323 = LINE('',#8324,#8325);
#8324 = CARTESIAN_POINT('',(-1.029992063861E-15,-2.15,3.8));
#8325 = VECTOR('',#8326,1.);
#8326 = DIRECTION('',(1.,-5.421010862428E-16,0.));
#8327 = ORIENTED_EDGE('',*,*,#8328,.T.);
#8328 = EDGE_CURVE('',#8321,#8329,#8331,.T.);
#8329 = VERTEX_POINT('',#8330);
#8330 = CARTESIAN_POINT('',(0.65,-1.95,3.8));
#8331 = CIRCLE('',#8332,0.2);
#8332 = AXIS2_PLACEMENT_3D('',#8333,#8334,#8335);
#8333 = CARTESIAN_POINT('',(0.45,-1.95,3.8));
#8334 = DIRECTION('',(0.,0.,1.));
#8335 = DIRECTION('',(1.,0.,-0.));
#8336 = ORIENTED_EDGE('',*,*,#8337,.T.);
#8337 = EDGE_CURVE('',#8329,#8338,#8340,.T.);
#8338 = VERTEX_POINT('',#8339);
#8339 = CARTESIAN_POINT('',(0.65,2.2,3.8));
#8340 = LINE('',#8341,#8342);
#8341 = CARTESIAN_POINT('',(0.65,-0.25,3.8));
#8342 = VECTOR('',#8343,1.);
#8343 = DIRECTION('',(0.,1.,0.));
#8344 = ORIENTED_EDGE('',*,*,#8345,.T.);
#8345 = EDGE_CURVE('',#8338,#8302,#8346,.T.);
#8346 = LINE('',#8347,#8348);
#8347 = CARTESIAN_POINT('',(-0.6,2.2,3.8));
#8348 = VECTOR('',#8349,1.);
#8349 = DIRECTION('',(-1.,0.,0.));
#8350 = PLANE('',#8351);
#8351 = AXIS2_PLACEMENT_3D('',#8352,#8353,#8354);
#8352 = CARTESIAN_POINT('',(0.,0.,3.8));
#8353 = DIRECTION('',(0.,0.,1.));
#8354 = DIRECTION('',(1.,0.,-0.));
#8355 = ADVANCED_FACE('',(#8356),#8413,.F.);
#8356 = FACE_BOUND('',#8357,.T.);
#8357 = EDGE_LOOP('',(#8358,#8359,#8367,#8375,#8382,#8383,#8390,#8391,
    #8397,#8398,#8405,#8406));
#8358 = ORIENTED_EDGE('',*,*,#8337,.F.);
#8359 = ORIENTED_EDGE('',*,*,#8360,.T.);
#8360 = EDGE_CURVE('',#8329,#8361,#8363,.T.);
#8361 = VERTEX_POINT('',#8362);
#8362 = CARTESIAN_POINT('',(0.65,-1.95,3.3));
#8363 = LINE('',#8364,#8365);
#8364 = CARTESIAN_POINT('',(0.65,-1.95,3.3));
#8365 = VECTOR('',#8366,1.);
#8366 = DIRECTION('',(0.,0.,-1.));
#8367 = ORIENTED_EDGE('',*,*,#8368,.F.);
#8368 = EDGE_CURVE('',#8369,#8361,#8371,.T.);
#8369 = VERTEX_POINT('',#8370);
#8370 = CARTESIAN_POINT('',(0.65,2.2,3.3));
#8371 = LINE('',#8372,#8373);
#8372 = CARTESIAN_POINT('',(0.65,-0.25,3.3));
#8373 = VECTOR('',#8374,1.);
#8374 = DIRECTION('',(0.,-1.,0.));
#8375 = ORIENTED_EDGE('',*,*,#8376,.T.);
#8376 = EDGE_CURVE('',#8369,#8280,#8377,.T.);
#8377 = CIRCLE('',#8378,0.2);
#8378 = AXIS2_PLACEMENT_3D('',#8379,#8380,#8381);
#8379 = CARTESIAN_POINT('',(0.65,2.2,3.1));
#8380 = DIRECTION('',(-1.,0.,0.));
#8381 = DIRECTION('',(0.,0.,1.));
#8382 = ORIENTED_EDGE('',*,*,#8279,.F.);
#8383 = ORIENTED_EDGE('',*,*,#8384,.T.);
#8384 = EDGE_CURVE('',#8272,#8008,#8385,.T.);
#8385 = CIRCLE('',#8386,0.2);
#8386 = AXIS2_PLACEMENT_3D('',#8387,#8388,#8389);
#8387 = CARTESIAN_POINT('',(0.65,2.2,0.9));
#8388 = DIRECTION('',(-1.,0.,0.));
#8389 = DIRECTION('',(0.,0.,1.));
#8390 = ORIENTED_EDGE('',*,*,#8007,.F.);
#8391 = ORIENTED_EDGE('',*,*,#8392,.F.);
#8392 = EDGE_CURVE('',#8222,#7999,#8393,.T.);
#8393 = LINE('',#8394,#8395);
#8394 = CARTESIAN_POINT('',(0.65,1.775,0.7));
#8395 = VECTOR('',#8396,1.);
#8396 = DIRECTION('',(0.,0.,1.));
#8397 = ORIENTED_EDGE('',*,*,#8221,.T.);
#8398 = ORIENTED_EDGE('',*,*,#8399,.F.);
#8399 = EDGE_CURVE('',#7773,#8214,#8400,.T.);
#8400 = CIRCLE('',#8401,0.7);
#8401 = AXIS2_PLACEMENT_3D('',#8402,#8403,#8404);
#8402 = CARTESIAN_POINT('',(0.65,2.2,0.9));
#8403 = DIRECTION('',(-1.,0.,0.));
#8404 = DIRECTION('',(0.,0.,1.));
#8405 = ORIENTED_EDGE('',*,*,#7772,.T.);
#8406 = ORIENTED_EDGE('',*,*,#8407,.F.);
#8407 = EDGE_CURVE('',#8338,#7775,#8408,.T.);
#8408 = CIRCLE('',#8409,0.7);
#8409 = AXIS2_PLACEMENT_3D('',#8410,#8411,#8412);
#8410 = CARTESIAN_POINT('',(0.65,2.2,3.1));
#8411 = DIRECTION('',(-1.,0.,0.));
#8412 = DIRECTION('',(0.,0.,1.));
#8413 = PLANE('',#8414);
#8414 = AXIS2_PLACEMENT_3D('',#8415,#8416,#8417);
#8415 = CARTESIAN_POINT('',(0.65,-0.25,0.7));
#8416 = DIRECTION('',(-1.,0.,0.));
#8417 = DIRECTION('',(0.,0.,1.));
#8418 = ADVANCED_FACE('',(#8419),#8476,.F.);
#8419 = FACE_BOUND('',#8420,.T.);
#8420 = EDGE_LOOP('',(#8421,#8431,#8437,#8438,#8445,#8446,#8453,#8454,
    #8460,#8461,#8468,#8469));
#8421 = ORIENTED_EDGE('',*,*,#8422,.F.);
#8422 = EDGE_CURVE('',#8423,#8425,#8427,.T.);
#8423 = VERTEX_POINT('',#8424);
#8424 = CARTESIAN_POINT('',(-0.65,-1.95,3.3));
#8425 = VERTEX_POINT('',#8426);
#8426 = CARTESIAN_POINT('',(-0.65,2.2,3.3));
#8427 = LINE('',#8428,#8429);
#8428 = CARTESIAN_POINT('',(-0.65,0.25,3.3));
#8429 = VECTOR('',#8430,1.);
#8430 = DIRECTION('',(0.,1.,0.));
#8431 = ORIENTED_EDGE('',*,*,#8432,.F.);
#8432 = EDGE_CURVE('',#8304,#8423,#8433,.T.);
#8433 = LINE('',#8434,#8435);
#8434 = CARTESIAN_POINT('',(-0.65,-1.95,3.8));
#8435 = VECTOR('',#8436,1.);
#8436 = DIRECTION('',(0.,0.,-1.));
#8437 = ORIENTED_EDGE('',*,*,#8301,.F.);
#8438 = ORIENTED_EDGE('',*,*,#8439,.F.);
#8439 = EDGE_CURVE('',#7791,#8302,#8440,.T.);
#8440 = CIRCLE('',#8441,0.7);
#8441 = AXIS2_PLACEMENT_3D('',#8442,#8443,#8444);
#8442 = CARTESIAN_POINT('',(-0.65,2.2,3.1));
#8443 = DIRECTION('',(1.,0.,0.));
#8444 = DIRECTION('',(0.,0.,-1.));
#8445 = ORIENTED_EDGE('',*,*,#7790,.T.);
#8446 = ORIENTED_EDGE('',*,*,#8447,.F.);
#8447 = EDGE_CURVE('',#8204,#7783,#8448,.T.);
#8448 = CIRCLE('',#8449,0.7);
#8449 = AXIS2_PLACEMENT_3D('',#8450,#8451,#8452);
#8450 = CARTESIAN_POINT('',(-0.65,2.2,0.9));
#8451 = DIRECTION('',(1.,0.,0.));
#8452 = DIRECTION('',(0.,0.,-1.));
#8453 = ORIENTED_EDGE('',*,*,#8203,.T.);
#8454 = ORIENTED_EDGE('',*,*,#8455,.F.);
#8455 = EDGE_CURVE('',#8024,#8206,#8456,.T.);
#8456 = LINE('',#8457,#8458);
#8457 = CARTESIAN_POINT('',(-0.65,1.775,0.7));
#8458 = VECTOR('',#8459,1.);
#8459 = DIRECTION('',(0.,0.,-1.));
#8460 = ORIENTED_EDGE('',*,*,#8023,.F.);
#8461 = ORIENTED_EDGE('',*,*,#8462,.T.);
#8462 = EDGE_CURVE('',#8016,#8264,#8463,.T.);
#8463 = CIRCLE('',#8464,0.2);
#8464 = AXIS2_PLACEMENT_3D('',#8465,#8466,#8467);
#8465 = CARTESIAN_POINT('',(-0.65,2.2,0.9));
#8466 = DIRECTION('',(1.,0.,0.));
#8467 = DIRECTION('',(0.,0.,-1.));
#8468 = ORIENTED_EDGE('',*,*,#8261,.F.);
#8469 = ORIENTED_EDGE('',*,*,#8470,.T.);
#8470 = EDGE_CURVE('',#8262,#8425,#8471,.T.);
#8471 = CIRCLE('',#8472,0.2);
#8472 = AXIS2_PLACEMENT_3D('',#8473,#8474,#8475);
#8473 = CARTESIAN_POINT('',(-0.65,2.2,3.1));
#8474 = DIRECTION('',(1.,0.,0.));
#8475 = DIRECTION('',(0.,0.,-1.));
#8476 = PLANE('',#8477);
#8477 = AXIS2_PLACEMENT_3D('',#8478,#8479,#8480);
#8478 = CARTESIAN_POINT('',(-0.65,0.25,0.7));
#8479 = DIRECTION('',(1.,0.,0.));
#8480 = DIRECTION('',(0.,0.,-1.));
#8481 = ADVANCED_FACE('',(#8482),#8516,.T.);
#8482 = FACE_BOUND('',#8483,.T.);
#8483 = EDGE_LOOP('',(#8484,#8494,#8501,#8502,#8508,#8509));
#8484 = ORIENTED_EDGE('',*,*,#8485,.T.);
#8485 = EDGE_CURVE('',#8486,#8488,#8490,.T.);
#8486 = VERTEX_POINT('',#8487);
#8487 = CARTESIAN_POINT('',(0.45,-2.15,3.3));
#8488 = VERTEX_POINT('',#8489);
#8489 = CARTESIAN_POINT('',(-0.45,-2.15,3.3));
#8490 = LINE('',#8491,#8492);
#8491 = CARTESIAN_POINT('',(-1.807003620809E-15,-2.15,3.3));
#8492 = VECTOR('',#8493,1.);
#8493 = DIRECTION('',(-1.,5.421010862428E-16,0.));
#8494 = ORIENTED_EDGE('',*,*,#8495,.T.);
#8495 = EDGE_CURVE('',#8488,#8423,#8496,.T.);
#8496 = CIRCLE('',#8497,0.2);
#8497 = AXIS2_PLACEMENT_3D('',#8498,#8499,#8500);
#8498 = CARTESIAN_POINT('',(-0.45,-1.95,3.3));
#8499 = DIRECTION('',(0.,0.,-1.));
#8500 = DIRECTION('',(-1.,0.,0.));
#8501 = ORIENTED_EDGE('',*,*,#8422,.T.);
#8502 = ORIENTED_EDGE('',*,*,#8503,.F.);
#8503 = EDGE_CURVE('',#8369,#8425,#8504,.T.);
#8504 = LINE('',#8505,#8506);
#8505 = CARTESIAN_POINT('',(0.6,2.2,3.3));
#8506 = VECTOR('',#8507,1.);
#8507 = DIRECTION('',(-1.,5.421010862428E-16,0.));
#8508 = ORIENTED_EDGE('',*,*,#8368,.T.);
#8509 = ORIENTED_EDGE('',*,*,#8510,.T.);
#8510 = EDGE_CURVE('',#8361,#8486,#8511,.T.);
#8511 = CIRCLE('',#8512,0.2);
#8512 = AXIS2_PLACEMENT_3D('',#8513,#8514,#8515);
#8513 = CARTESIAN_POINT('',(0.45,-1.95,3.3));
#8514 = DIRECTION('',(0.,0.,-1.));
#8515 = DIRECTION('',(-1.,0.,0.));
#8516 = PLANE('',#8517);
#8517 = AXIS2_PLACEMENT_3D('',#8518,#8519,#8520);
#8518 = CARTESIAN_POINT('',(-1.807003620809E-15,-1.9,3.3));
#8519 = DIRECTION('',(0.,0.,-1.));
#8520 = DIRECTION('',(-1.,0.,0.));
#8521 = ADVANCED_FACE('',(#8522),#8538,.T.);
#8522 = FACE_BOUND('',#8523,.T.);
#8523 = EDGE_LOOP('',(#8524,#8525,#8531,#8532));
#8524 = ORIENTED_EDGE('',*,*,#8320,.F.);
#8525 = ORIENTED_EDGE('',*,*,#8526,.T.);
#8526 = EDGE_CURVE('',#8312,#8488,#8527,.T.);
#8527 = LINE('',#8528,#8529);
#8528 = CARTESIAN_POINT('',(-0.45,-2.15,3.3));
#8529 = VECTOR('',#8530,1.);
#8530 = DIRECTION('',(0.,0.,-1.));
#8531 = ORIENTED_EDGE('',*,*,#8485,.F.);
#8532 = ORIENTED_EDGE('',*,*,#8533,.F.);
#8533 = EDGE_CURVE('',#8321,#8486,#8534,.T.);
#8534 = LINE('',#8535,#8536);
#8535 = CARTESIAN_POINT('',(0.45,-2.15,3.8));
#8536 = VECTOR('',#8537,1.);
#8537 = DIRECTION('',(0.,0.,-1.));
#8538 = PLANE('',#8539);
#8539 = AXIS2_PLACEMENT_3D('',#8540,#8541,#8542);
#8540 = CARTESIAN_POINT('',(-1.807003620809E-15,-2.15,3.8));
#8541 = DIRECTION('',(-5.421010862428E-16,-1.,0.));
#8542 = DIRECTION('',(1.,-5.421010862428E-16,0.));
#8543 = ADVANCED_FACE('',(#8544),#8550,.F.);
#8544 = FACE_BOUND('',#8545,.F.);
#8545 = EDGE_LOOP('',(#8546,#8547,#8548,#8549));
#8546 = ORIENTED_EDGE('',*,*,#8238,.T.);
#8547 = ORIENTED_EDGE('',*,*,#7967,.T.);
#8548 = ORIENTED_EDGE('',*,*,#8064,.F.);
#8549 = ORIENTED_EDGE('',*,*,#8149,.T.);
#8550 = CYLINDRICAL_SURFACE('',#8551,0.2);
#8551 = AXIS2_PLACEMENT_3D('',#8552,#8553,#8554);
#8552 = CARTESIAN_POINT('',(0.4,0.45,-1.355252715607E-16));
#8553 = DIRECTION('',(1.,0.,0.));
#8554 = DIRECTION('',(0.,0.,-1.));
#8555 = ADVANCED_FACE('',(#8556),#8562,.T.);
#8556 = FACE_BOUND('',#8557,.T.);
#8557 = EDGE_LOOP('',(#8558,#8559,#8560,#8561));
#8558 = ORIENTED_EDGE('',*,*,#8246,.T.);
#8559 = ORIENTED_EDGE('',*,*,#7837,.T.);
#8560 = ORIENTED_EDGE('',*,*,#8031,.F.);
#8561 = ORIENTED_EDGE('',*,*,#8455,.T.);
#8562 = CYLINDRICAL_SURFACE('',#8563,0.2);
#8563 = AXIS2_PLACEMENT_3D('',#8564,#8565,#8566);
#8564 = CARTESIAN_POINT('',(-0.45,1.775,0.7));
#8565 = DIRECTION('',(0.,0.,-1.));
#8566 = DIRECTION('',(-1.,0.,0.));
#8567 = ADVANCED_FACE('',(#8568),#8574,.T.);
#8568 = FACE_BOUND('',#8569,.T.);
#8569 = EDGE_LOOP('',(#8570,#8571,#8572,#8573));
#8570 = ORIENTED_EDGE('',*,*,#8229,.T.);
#8571 = ORIENTED_EDGE('',*,*,#8392,.T.);
#8572 = ORIENTED_EDGE('',*,*,#7998,.F.);
#8573 = ORIENTED_EDGE('',*,*,#7877,.T.);
#8574 = CYLINDRICAL_SURFACE('',#8575,0.2);
#8575 = AXIS2_PLACEMENT_3D('',#8576,#8577,#8578);
#8576 = CARTESIAN_POINT('',(0.45,1.775,0.2));
#8577 = DIRECTION('',(0.,0.,1.));
#8578 = DIRECTION('',(1.,0.,-0.));
#8579 = ADVANCED_FACE('',(#8580),#8586,.F.);
#8580 = FACE_BOUND('',#8581,.F.);
#8581 = EDGE_LOOP('',(#8582,#8583,#8584,#8585));
#8582 = ORIENTED_EDGE('',*,*,#8287,.T.);
#8583 = ORIENTED_EDGE('',*,*,#8470,.T.);
#8584 = ORIENTED_EDGE('',*,*,#8503,.F.);
#8585 = ORIENTED_EDGE('',*,*,#8376,.T.);
#8586 = CYLINDRICAL_SURFACE('',#8587,0.2);
#8587 = AXIS2_PLACEMENT_3D('',#8588,#8589,#8590);
#8588 = CARTESIAN_POINT('',(1.192622389734E-15,2.2,3.1));
#8589 = DIRECTION('',(1.,-5.421010862428E-16,0.));
#8590 = DIRECTION('',(5.421010862428E-16,1.,0.));
#8591 = ADVANCED_FACE('',(#8592),#8598,.F.);
#8592 = FACE_BOUND('',#8593,.F.);
#8593 = EDGE_LOOP('',(#8594,#8595,#8596,#8597));
#8594 = ORIENTED_EDGE('',*,*,#8015,.T.);
#8595 = ORIENTED_EDGE('',*,*,#8462,.T.);
#8596 = ORIENTED_EDGE('',*,*,#8271,.F.);
#8597 = ORIENTED_EDGE('',*,*,#8384,.T.);
#8598 = CYLINDRICAL_SURFACE('',#8599,0.2);
#8599 = AXIS2_PLACEMENT_3D('',#8600,#8601,#8602);
#8600 = CARTESIAN_POINT('',(1.192622389734E-15,2.2,0.9));
#8601 = DIRECTION('',(1.,-5.421010862428E-16,0.));
#8602 = DIRECTION('',(5.421010862428E-16,1.,0.));
#8603 = ADVANCED_FACE('',(#8604),#8610,.T.);
#8604 = FACE_BOUND('',#8605,.T.);
#8605 = EDGE_LOOP('',(#8606,#8607,#8608,#8609));
#8606 = ORIENTED_EDGE('',*,*,#7943,.T.);
#8607 = ORIENTED_EDGE('',*,*,#8127,.T.);
#8608 = ORIENTED_EDGE('',*,*,#8166,.T.);
#8609 = ORIENTED_EDGE('',*,*,#7983,.F.);
#8610 = CYLINDRICAL_SURFACE('',#8611,0.7);
#8611 = AXIS2_PLACEMENT_3D('',#8612,#8613,#8614);
#8612 = CARTESIAN_POINT('',(0.,0.45,-1.084202172485E-16));
#8613 = DIRECTION('',(-1.,0.,0.));
#8614 = DIRECTION('',(0.,0.,1.));
#8615 = ADVANCED_FACE('',(#8616),#8622,.T.);
#8616 = FACE_BOUND('',#8617,.T.);
#8617 = EDGE_LOOP('',(#8618,#8619,#8620,#8621));
#8618 = ORIENTED_EDGE('',*,*,#8407,.T.);
#8619 = ORIENTED_EDGE('',*,*,#7798,.T.);
#8620 = ORIENTED_EDGE('',*,*,#8439,.T.);
#8621 = ORIENTED_EDGE('',*,*,#8345,.F.);
#8622 = CYLINDRICAL_SURFACE('',#8623,0.7);
#8623 = AXIS2_PLACEMENT_3D('',#8624,#8625,#8626);
#8624 = CARTESIAN_POINT('',(0.,2.2,3.1));
#8625 = DIRECTION('',(1.,0.,0.));
#8626 = DIRECTION('',(0.,0.,-1.));
#8627 = ADVANCED_FACE('',(#8628),#8634,.T.);
#8628 = FACE_BOUND('',#8629,.T.);
#8629 = EDGE_LOOP('',(#8630,#8631,#8632,#8633));
#8630 = ORIENTED_EDGE('',*,*,#8399,.T.);
#8631 = ORIENTED_EDGE('',*,*,#8213,.T.);
#8632 = ORIENTED_EDGE('',*,*,#8447,.T.);
#8633 = ORIENTED_EDGE('',*,*,#7782,.F.);
#8634 = CYLINDRICAL_SURFACE('',#8635,0.7);
#8635 = AXIS2_PLACEMENT_3D('',#8636,#8637,#8638);
#8636 = CARTESIAN_POINT('',(0.4,2.2,0.9));
#8637 = DIRECTION('',(-1.,0.,0.));
#8638 = DIRECTION('',(0.,0.,1.));
#8639 = ADVANCED_FACE('',(#8640),#8646,.F.);
#8640 = FACE_BOUND('',#8641,.T.);
#8641 = EDGE_LOOP('',(#8642,#8643,#8644,#8645));
#8642 = ORIENTED_EDGE('',*,*,#8057,.T.);
#8643 = ORIENTED_EDGE('',*,*,#8182,.F.);
#8644 = ORIENTED_EDGE('',*,*,#8095,.T.);
#8645 = ORIENTED_EDGE('',*,*,#7927,.F.);
#8646 = PLANE('',#8647);
#8647 = AXIS2_PLACEMENT_3D('',#8648,#8649,#8650);
#8648 = CARTESIAN_POINT('',(-0.4,0.25,-2.9));
#8649 = DIRECTION('',(0.974391195695,0.,0.224859506699));
#8650 = DIRECTION('',(0.,-1.,0.));
#8651 = ADVANCED_FACE('',(#8652),#8658,.F.);
#8652 = FACE_BOUND('',#8653,.T.);
#8653 = EDGE_LOOP('',(#8654,#8655,#8656,#8657));
#8654 = ORIENTED_EDGE('',*,*,#8111,.T.);
#8655 = ORIENTED_EDGE('',*,*,#8189,.F.);
#8656 = ORIENTED_EDGE('',*,*,#8080,.T.);
#8657 = ORIENTED_EDGE('',*,*,#8142,.F.);
#8658 = PLANE('',#8659);
#8659 = AXIS2_PLACEMENT_3D('',#8660,#8661,#8662);
#8660 = CARTESIAN_POINT('',(0.4,-0.25,-2.9));
#8661 = DIRECTION('',(-0.974391195695,0.,0.224859506699));
#8662 = DIRECTION('',(0.,1.,0.));
#8663 = ADVANCED_FACE('',(#8664),#8682,.F.);
#8664 = FACE_BOUND('',#8665,.T.);
#8665 = EDGE_LOOP('',(#8666,#8667,#8675,#8681));
#8666 = ORIENTED_EDGE('',*,*,#7806,.T.);
#8667 = ORIENTED_EDGE('',*,*,#8668,.F.);
#8668 = EDGE_CURVE('',#8669,#7807,#8671,.T.);
#8669 = VERTEX_POINT('',#8670);
#8670 = CARTESIAN_POINT('',(-0.5,3.15,1.5));
#8671 = LINE('',#8672,#8673);
#8672 = CARTESIAN_POINT('',(-0.5,3.15,1.5));
#8673 = VECTOR('',#8674,1.);
#8674 = DIRECTION('',(0.,-1.,0.));
#8675 = ORIENTED_EDGE('',*,*,#8676,.F.);
#8676 = EDGE_CURVE('',#7743,#8669,#8677,.T.);
#8677 = LINE('',#8678,#8679);
#8678 = CARTESIAN_POINT('',(0.5,3.15,1.5));
#8679 = VECTOR('',#8680,1.);
#8680 = DIRECTION('',(-1.,0.,0.));
#8681 = ORIENTED_EDGE('',*,*,#7758,.T.);
#8682 = PLANE('',#8683);
#8683 = AXIS2_PLACEMENT_3D('',#8684,#8685,#8686);
#8684 = CARTESIAN_POINT('',(0.5,3.15,1.5));
#8685 = DIRECTION('',(0.,0.,1.));
#8686 = DIRECTION('',(1.,0.,-0.));
#8687 = ADVANCED_FACE('',(#8688),#8698,.F.);
#8688 = FACE_BOUND('',#8689,.T.);
#8689 = EDGE_LOOP('',(#8690,#8691,#8697));
#8690 = ORIENTED_EDGE('',*,*,#7823,.T.);
#8691 = ORIENTED_EDGE('',*,*,#8692,.T.);
#8692 = EDGE_CURVE('',#7816,#8669,#8693,.T.);
#8693 = LINE('',#8694,#8695);
#8694 = CARTESIAN_POINT('',(-0.5,3.15,1.5));
#8695 = VECTOR('',#8696,1.);
#8696 = DIRECTION('',(-1.425933913527E-16,0.164398987305,-0.986393923832
    ));
#8697 = ORIENTED_EDGE('',*,*,#8668,.T.);
#8698 = PLANE('',#8699);
#8699 = AXIS2_PLACEMENT_3D('',#8700,#8701,#8702);
#8700 = CARTESIAN_POINT('',(-0.5,3.15,1.5));
#8701 = DIRECTION('',(1.,0.,-1.445602896647E-16));
#8702 = DIRECTION('',(-1.445602896647E-16,0.,-1.));
#8703 = ADVANCED_FACE('',(#8704),#8710,.F.);
#8704 = FACE_BOUND('',#8705,.T.);
#8705 = EDGE_LOOP('',(#8706,#8707,#8708,#8709));
#8706 = ORIENTED_EDGE('',*,*,#7740,.T.);
#8707 = ORIENTED_EDGE('',*,*,#8676,.T.);
#8708 = ORIENTED_EDGE('',*,*,#8692,.F.);
#8709 = ORIENTED_EDGE('',*,*,#7815,.T.);
#8710 = PLANE('',#8711);
#8711 = AXIS2_PLACEMENT_3D('',#8712,#8713,#8714);
#8712 = CARTESIAN_POINT('',(-0.5,3.15,1.5));
#8713 = DIRECTION('',(-2.376556522545E-17,-0.986393923832,
    -0.164398987305));
#8714 = DIRECTION('',(0.,0.164398987305,-0.986393923832));
#8715 = ADVANCED_FACE('',(#8716),#8722,.T.);
#8716 = FACE_BOUND('',#8717,.T.);
#8717 = EDGE_LOOP('',(#8718,#8719,#8720,#8721));
#8718 = ORIENTED_EDGE('',*,*,#8328,.F.);
#8719 = ORIENTED_EDGE('',*,*,#8533,.T.);
#8720 = ORIENTED_EDGE('',*,*,#8510,.F.);
#8721 = ORIENTED_EDGE('',*,*,#8360,.F.);
#8722 = CYLINDRICAL_SURFACE('',#8723,0.2);
#8723 = AXIS2_PLACEMENT_3D('',#8724,#8725,#8726);
#8724 = CARTESIAN_POINT('',(0.45,-1.95,0.7));
#8725 = DIRECTION('',(0.,0.,1.));
#8726 = DIRECTION('',(1.,0.,-0.));
#8727 = ADVANCED_FACE('',(#8728),#8734,.T.);
#8728 = FACE_BOUND('',#8729,.T.);
#8729 = EDGE_LOOP('',(#8730,#8731,#8732,#8733));
#8730 = ORIENTED_EDGE('',*,*,#8311,.F.);
#8731 = ORIENTED_EDGE('',*,*,#8432,.T.);
#8732 = ORIENTED_EDGE('',*,*,#8495,.F.);
#8733 = ORIENTED_EDGE('',*,*,#8526,.F.);
#8734 = CYLINDRICAL_SURFACE('',#8735,0.2);
#8735 = AXIS2_PLACEMENT_3D('',#8736,#8737,#8738);
#8736 = CARTESIAN_POINT('',(-0.45,-1.95,3.8));
#8737 = DIRECTION('',(0.,0.,1.));
#8738 = DIRECTION('',(1.,0.,-0.));
#8739 = ( GEOMETRIC_REPRESENTATION_CONTEXT(3) 
GLOBAL_UNCERTAINTY_ASSIGNED_CONTEXT((#8743)) 
GLOBAL_UNIT_ASSIGNED_CONTEXT((#8740,#8741,#8742)) REPRESENTATION_CONTEXT
('Context #1','3D Context with UNIT and UNCERTAINTY') );
#8740 = ( LENGTH_UNIT() NAMED_UNIT(*) SI_UNIT(.MILLI.,.METRE.) );
#8741 = ( NAMED_UNIT(*) PLANE_ANGLE_UNIT() SI_UNIT($,.RADIAN.) );
#8742 = ( NAMED_UNIT(*) SI_UNIT($,.STERADIAN.) SOLID_ANGLE_UNIT() );
#8743 = UNCERTAINTY_MEASURE_WITH_UNIT(LENGTH_MEASURE(2.E-07),#8740,
  'distance_accuracy_value','confusion accuracy');
#8744 = CONTEXT_DEPENDENT_SHAPE_REPRESENTATION(#8745,#8747);
#8745 = ( REPRESENTATION_RELATIONSHIP('','',#7733,#7702) 
REPRESENTATION_RELATIONSHIP_WITH_TRANSFORMATION(#8746) 
SHAPE_REPRESENTATION_RELATIONSHIP() );
#8746 = ITEM_DEFINED_TRANSFORMATION('','',#11,#7703);
#8747 = PRODUCT_DEFINITION_SHAPE('Placement','Placement of an item',
  #8748);
#8748 = NEXT_ASSEMBLY_USAGE_OCCURRENCE('6','DG308-2.54-pin','',#7697,
  #7728,$);
#8749 = PRODUCT_RELATED_PRODUCT_CATEGORY('part',$,(#7730));
#8750 = SHAPE_DEFINITION_REPRESENTATION(#8751,#8757);
#8751 = PRODUCT_DEFINITION_SHAPE('','',#8752);
#8752 = PRODUCT_DEFINITION('design','',#8753,#8756);
#8753 = PRODUCT_DEFINITION_FORMATION('','',#8754);
#8754 = PRODUCT('DG308-2.54-contact','DG308-2.54-contact','',(#8755));
#8755 = PRODUCT_CONTEXT('',#2,'mechanical');
#8756 = PRODUCT_DEFINITION_CONTEXT('part definition',#2,'design');
#8757 = ADVANCED_BREP_SHAPE_REPRESENTATION('',(#11,#8758),#9392);
#8758 = MANIFOLD_SOLID_BREP('',#8759);
#8759 = CLOSED_SHELL('',(#8760,#8801,#8841,#8881,#8932,#8972,#9073,#9183
    ,#9205,#9227,#9255,#9277,#9289,#9302,#9314,#9327,#9339,#9351,#9363,
    #9375));
#8760 = ADVANCED_FACE('',(#8761),#8796,.F.);
#8761 = FACE_BOUND('',#8762,.T.);
#8762 = EDGE_LOOP('',(#8763,#8774,#8782,#8790));
#8763 = ORIENTED_EDGE('',*,*,#8764,.F.);
#8764 = EDGE_CURVE('',#8765,#8767,#8769,.T.);
#8765 = VERTEX_POINT('',#8766);
#8766 = CARTESIAN_POINT('',(0.6,0.,1.));
#8767 = VERTEX_POINT('',#8768);
#8768 = CARTESIAN_POINT('',(-0.6,0.,1.));
#8769 = CIRCLE('',#8770,0.6);
#8770 = AXIS2_PLACEMENT_3D('',#8771,#8772,#8773);
#8771 = CARTESIAN_POINT('',(0.,0.,1.));
#8772 = DIRECTION('',(0.,0.,-1.));
#8773 = DIRECTION('',(1.,0.,0.));
#8774 = ORIENTED_EDGE('',*,*,#8775,.F.);
#8775 = EDGE_CURVE('',#8776,#8765,#8778,.T.);
#8776 = VERTEX_POINT('',#8777);
#8777 = CARTESIAN_POINT('',(0.6,-1.35,1.));
#8778 = LINE('',#8779,#8780);
#8779 = CARTESIAN_POINT('',(0.6,1.05,1.));
#8780 = VECTOR('',#8781,1.);
#8781 = DIRECTION('',(0.,1.,0.));
#8782 = ORIENTED_EDGE('',*,*,#8783,.T.);
#8783 = EDGE_CURVE('',#8776,#8784,#8786,.T.);
#8784 = VERTEX_POINT('',#8785);
#8785 = CARTESIAN_POINT('',(-0.6,-1.35,1.));
#8786 = LINE('',#8787,#8788);
#8787 = CARTESIAN_POINT('',(0.65,-1.35,1.));
#8788 = VECTOR('',#8789,1.);
#8789 = DIRECTION('',(-1.,0.,-1.668003342285E-16));
#8790 = ORIENTED_EDGE('',*,*,#8791,.T.);
#8791 = EDGE_CURVE('',#8784,#8767,#8792,.T.);
#8792 = LINE('',#8793,#8794);
#8793 = CARTESIAN_POINT('',(-0.6,1.05,1.));
#8794 = VECTOR('',#8795,1.);
#8795 = DIRECTION('',(0.,1.,0.));
#8796 = PLANE('',#8797);
#8797 = AXIS2_PLACEMENT_3D('',#8798,#8799,#8800);
#8798 = CARTESIAN_POINT('',(0.65,1.05,1.));
#8799 = DIRECTION('',(-1.668003342285E-16,0.,1.));
#8800 = DIRECTION('',(1.,0.,1.668003342285E-16));
#8801 = ADVANCED_FACE('',(#8802),#8836,.F.);
#8802 = FACE_BOUND('',#8803,.T.);
#8803 = EDGE_LOOP('',(#8804,#8814,#8822,#8830));
#8804 = ORIENTED_EDGE('',*,*,#8805,.T.);
#8805 = EDGE_CURVE('',#8806,#8808,#8810,.T.);
#8806 = VERTEX_POINT('',#8807);
#8807 = CARTESIAN_POINT('',(-0.75,1.35,-2.));
#8808 = VERTEX_POINT('',#8809);
#8809 = CARTESIAN_POINT('',(0.75,1.35,-2.));
#8810 = LINE('',#8811,#8812);
#8811 = CARTESIAN_POINT('',(-1.05,1.35,-2.));
#8812 = VECTOR('',#8813,1.);
#8813 = DIRECTION('',(1.,0.,0.));
#8814 = ORIENTED_EDGE('',*,*,#8815,.F.);
#8815 = EDGE_CURVE('',#8816,#8808,#8818,.T.);
#8816 = VERTEX_POINT('',#8817);
#8817 = CARTESIAN_POINT('',(0.75,-1.35,-2.));
#8818 = LINE('',#8819,#8820);
#8819 = CARTESIAN_POINT('',(0.75,-1.05,-2.));
#8820 = VECTOR('',#8821,1.);
#8821 = DIRECTION('',(0.,1.,0.));
#8822 = ORIENTED_EDGE('',*,*,#8823,.F.);
#8823 = EDGE_CURVE('',#8824,#8816,#8826,.T.);
#8824 = VERTEX_POINT('',#8825);
#8825 = CARTESIAN_POINT('',(-0.75,-1.35,-2.));
#8826 = LINE('',#8827,#8828);
#8827 = CARTESIAN_POINT('',(-1.05,-1.35,-2.));
#8828 = VECTOR('',#8829,1.);
#8829 = DIRECTION('',(1.,0.,0.));
#8830 = ORIENTED_EDGE('',*,*,#8831,.T.);
#8831 = EDGE_CURVE('',#8824,#8806,#8832,.T.);
#8832 = LINE('',#8833,#8834);
#8833 = CARTESIAN_POINT('',(-0.75,-1.05,-2.));
#8834 = VECTOR('',#8835,1.);
#8835 = DIRECTION('',(0.,1.,0.));
#8836 = PLANE('',#8837);
#8837 = AXIS2_PLACEMENT_3D('',#8838,#8839,#8840);
#8838 = CARTESIAN_POINT('',(-1.05,-1.05,-2.));
#8839 = DIRECTION('',(0.,0.,1.));
#8840 = DIRECTION('',(1.,0.,-0.));
#8841 = ADVANCED_FACE('',(#8842),#8876,.F.);
#8842 = FACE_BOUND('',#8843,.T.);
#8843 = EDGE_LOOP('',(#8844,#8854,#8862,#8870));
#8844 = ORIENTED_EDGE('',*,*,#8845,.F.);
#8845 = EDGE_CURVE('',#8846,#8848,#8850,.T.);
#8846 = VERTEX_POINT('',#8847);
#8847 = CARTESIAN_POINT('',(1.05,-1.35,-1.7));
#8848 = VERTEX_POINT('',#8849);
#8849 = CARTESIAN_POINT('',(1.05,-1.35,1.7));
#8850 = LINE('',#8851,#8852);
#8851 = CARTESIAN_POINT('',(1.05,-1.35,-2.));
#8852 = VECTOR('',#8853,1.);
#8853 = DIRECTION('',(0.,0.,1.));
#8854 = ORIENTED_EDGE('',*,*,#8855,.T.);
#8855 = EDGE_CURVE('',#8846,#8856,#8858,.T.);
#8856 = VERTEX_POINT('',#8857);
#8857 = CARTESIAN_POINT('',(1.05,1.35,-1.7));
#8858 = LINE('',#8859,#8860);
#8859 = CARTESIAN_POINT('',(1.05,-1.05,-1.7));
#8860 = VECTOR('',#8861,1.);
#8861 = DIRECTION('',(0.,1.,0.));
#8862 = ORIENTED_EDGE('',*,*,#8863,.T.);
#8863 = EDGE_CURVE('',#8856,#8864,#8866,.T.);
#8864 = VERTEX_POINT('',#8865);
#8865 = CARTESIAN_POINT('',(1.05,1.35,1.7));
#8866 = LINE('',#8867,#8868);
#8867 = CARTESIAN_POINT('',(1.05,1.35,-2.));
#8868 = VECTOR('',#8869,1.);
#8869 = DIRECTION('',(0.,0.,1.));
#8870 = ORIENTED_EDGE('',*,*,#8871,.F.);
#8871 = EDGE_CURVE('',#8848,#8864,#8872,.T.);
#8872 = LINE('',#8873,#8874);
#8873 = CARTESIAN_POINT('',(1.05,-1.05,1.7));
#8874 = VECTOR('',#8875,1.);
#8875 = DIRECTION('',(0.,1.,0.));
#8876 = PLANE('',#8877);
#8877 = AXIS2_PLACEMENT_3D('',#8878,#8879,#8880);
#8878 = CARTESIAN_POINT('',(1.05,-1.05,-2.));
#8879 = DIRECTION('',(-1.,0.,0.));
#8880 = DIRECTION('',(0.,0.,1.));
#8881 = ADVANCED_FACE('',(#8882,#8893),#8927,.F.);
#8882 = FACE_BOUND('',#8883,.T.);
#8883 = EDGE_LOOP('',(#8884));
#8884 = ORIENTED_EDGE('',*,*,#8885,.T.);
#8885 = EDGE_CURVE('',#8886,#8886,#8888,.T.);
#8886 = VERTEX_POINT('',#8887);
#8887 = CARTESIAN_POINT('',(0.6,0.,2.));
#8888 = CIRCLE('',#8889,0.6);
#8889 = AXIS2_PLACEMENT_3D('',#8890,#8891,#8892);
#8890 = CARTESIAN_POINT('',(0.,0.,2.));
#8891 = DIRECTION('',(0.,0.,-1.));
#8892 = DIRECTION('',(1.,0.,0.));
#8893 = FACE_BOUND('',#8894,.T.);
#8894 = EDGE_LOOP('',(#8895,#8905,#8913,#8921));
#8895 = ORIENTED_EDGE('',*,*,#8896,.T.);
#8896 = EDGE_CURVE('',#8897,#8899,#8901,.T.);
#8897 = VERTEX_POINT('',#8898);
#8898 = CARTESIAN_POINT('',(0.75,1.35,2.));
#8899 = VERTEX_POINT('',#8900);
#8900 = CARTESIAN_POINT('',(-0.75,1.35,2.));
#8901 = LINE('',#8902,#8903);
#8902 = CARTESIAN_POINT('',(1.05,1.35,2.));
#8903 = VECTOR('',#8904,1.);
#8904 = DIRECTION('',(-1.,0.,0.));
#8905 = ORIENTED_EDGE('',*,*,#8906,.F.);
#8906 = EDGE_CURVE('',#8907,#8899,#8909,.T.);
#8907 = VERTEX_POINT('',#8908);
#8908 = CARTESIAN_POINT('',(-0.75,-1.35,2.));
#8909 = LINE('',#8910,#8911);
#8910 = CARTESIAN_POINT('',(-0.75,-1.05,2.));
#8911 = VECTOR('',#8912,1.);
#8912 = DIRECTION('',(0.,1.,0.));
#8913 = ORIENTED_EDGE('',*,*,#8914,.F.);
#8914 = EDGE_CURVE('',#8915,#8907,#8917,.T.);
#8915 = VERTEX_POINT('',#8916);
#8916 = CARTESIAN_POINT('',(0.75,-1.35,2.));
#8917 = LINE('',#8918,#8919);
#8918 = CARTESIAN_POINT('',(1.05,-1.35,2.));
#8919 = VECTOR('',#8920,1.);
#8920 = DIRECTION('',(-1.,0.,0.));
#8921 = ORIENTED_EDGE('',*,*,#8922,.T.);
#8922 = EDGE_CURVE('',#8915,#8897,#8923,.T.);
#8923 = LINE('',#8924,#8925);
#8924 = CARTESIAN_POINT('',(0.75,-1.05,2.));
#8925 = VECTOR('',#8926,1.);
#8926 = DIRECTION('',(0.,1.,0.));
#8927 = PLANE('',#8928);
#8928 = AXIS2_PLACEMENT_3D('',#8929,#8930,#8931);
#8929 = CARTESIAN_POINT('',(1.05,-1.05,2.));
#8930 = DIRECTION('',(0.,0.,-1.));
#8931 = DIRECTION('',(-1.,0.,0.));
#8932 = ADVANCED_FACE('',(#8933),#8967,.F.);
#8933 = FACE_BOUND('',#8934,.T.);
#8934 = EDGE_LOOP('',(#8935,#8945,#8953,#8961));
#8935 = ORIENTED_EDGE('',*,*,#8936,.T.);
#8936 = EDGE_CURVE('',#8937,#8939,#8941,.T.);
#8937 = VERTEX_POINT('',#8938);
#8938 = CARTESIAN_POINT('',(-1.05,1.35,1.7));
#8939 = VERTEX_POINT('',#8940);
#8940 = CARTESIAN_POINT('',(-1.05,1.35,-1.7));
#8941 = LINE('',#8942,#8943);
#8942 = CARTESIAN_POINT('',(-1.05,1.35,2.));
#8943 = VECTOR('',#8944,1.);
#8944 = DIRECTION('',(0.,0.,-1.));
#8945 = ORIENTED_EDGE('',*,*,#8946,.F.);
#8946 = EDGE_CURVE('',#8947,#8939,#8949,.T.);
#8947 = VERTEX_POINT('',#8948);
#8948 = CARTESIAN_POINT('',(-1.05,-1.35,-1.7));
#8949 = LINE('',#8950,#8951);
#8950 = CARTESIAN_POINT('',(-1.05,-1.05,-1.7));
#8951 = VECTOR('',#8952,1.);
#8952 = DIRECTION('',(0.,1.,0.));
#8953 = ORIENTED_EDGE('',*,*,#8954,.F.);
#8954 = EDGE_CURVE('',#8955,#8947,#8957,.T.);
#8955 = VERTEX_POINT('',#8956);
#8956 = CARTESIAN_POINT('',(-1.05,-1.35,1.7));
#8957 = LINE('',#8958,#8959);
#8958 = CARTESIAN_POINT('',(-1.05,-1.35,2.));
#8959 = VECTOR('',#8960,1.);
#8960 = DIRECTION('',(0.,0.,-1.));
#8961 = ORIENTED_EDGE('',*,*,#8962,.T.);
#8962 = EDGE_CURVE('',#8955,#8937,#8963,.T.);
#8963 = LINE('',#8964,#8965);
#8964 = CARTESIAN_POINT('',(-1.05,-1.05,1.7));
#8965 = VECTOR('',#8966,1.);
#8966 = DIRECTION('',(0.,1.,0.));
#8967 = PLANE('',#8968);
#8968 = AXIS2_PLACEMENT_3D('',#8969,#8970,#8971);
#8969 = CARTESIAN_POINT('',(-1.05,-1.05,2.));
#8970 = DIRECTION('',(1.,0.,0.));
#8971 = DIRECTION('',(0.,0.,-1.));
#8972 = ADVANCED_FACE('',(#8973,#9034),#9068,.T.);
#8973 = FACE_BOUND('',#8974,.T.);
#8974 = EDGE_LOOP('',(#8975,#8985,#8994,#9002,#9009,#9010,#9019,#9027));
#8975 = ORIENTED_EDGE('',*,*,#8976,.F.);
#8976 = EDGE_CURVE('',#8977,#8979,#8981,.T.);
#8977 = VERTEX_POINT('',#8978);
#8978 = CARTESIAN_POINT('',(-0.6,-1.35,-1.5));
#8979 = VERTEX_POINT('',#8980);
#8980 = CARTESIAN_POINT('',(0.6,-1.35,-1.5));
#8981 = LINE('',#8982,#8983);
#8982 = CARTESIAN_POINT('',(-0.65,-1.35,-1.5));
#8983 = VECTOR('',#8984,1.);
#8984 = DIRECTION('',(1.,0.,-1.668003342285E-16));
#8985 = ORIENTED_EDGE('',*,*,#8986,.F.);
#8986 = EDGE_CURVE('',#8987,#8977,#8989,.T.);
#8987 = VERTEX_POINT('',#8988);
#8988 = CARTESIAN_POINT('',(-0.65,-1.35,-1.45));
#8989 = CIRCLE('',#8990,5.E-02);
#8990 = AXIS2_PLACEMENT_3D('',#8991,#8992,#8993);
#8991 = CARTESIAN_POINT('',(-0.6,-1.35,-1.45));
#8992 = DIRECTION('',(0.,-1.,0.));
#8993 = DIRECTION('',(0.,0.,-1.));
#8994 = ORIENTED_EDGE('',*,*,#8995,.F.);
#8995 = EDGE_CURVE('',#8996,#8987,#8998,.T.);
#8996 = VERTEX_POINT('',#8997);
#8997 = CARTESIAN_POINT('',(-0.65,-1.35,0.95));
#8998 = LINE('',#8999,#9000);
#8999 = CARTESIAN_POINT('',(-0.65,-1.35,1.));
#9000 = VECTOR('',#9001,1.);
#9001 = DIRECTION('',(4.336808689942E-17,0.,-1.));
#9002 = ORIENTED_EDGE('',*,*,#9003,.F.);
#9003 = EDGE_CURVE('',#8784,#8996,#9004,.T.);
#9004 = CIRCLE('',#9005,5.E-02);
#9005 = AXIS2_PLACEMENT_3D('',#9006,#9007,#9008);
#9006 = CARTESIAN_POINT('',(-0.6,-1.35,0.95));
#9007 = DIRECTION('',(0.,-1.,0.));
#9008 = DIRECTION('',(0.,0.,-1.));
#9009 = ORIENTED_EDGE('',*,*,#8783,.F.);
#9010 = ORIENTED_EDGE('',*,*,#9011,.F.);
#9011 = EDGE_CURVE('',#9012,#8776,#9014,.T.);
#9012 = VERTEX_POINT('',#9013);
#9013 = CARTESIAN_POINT('',(0.65,-1.35,0.95));
#9014 = CIRCLE('',#9015,5.E-02);
#9015 = AXIS2_PLACEMENT_3D('',#9016,#9017,#9018);
#9016 = CARTESIAN_POINT('',(0.6,-1.35,0.95));
#9017 = DIRECTION('',(0.,-1.,0.));
#9018 = DIRECTION('',(0.,0.,-1.));
#9019 = ORIENTED_EDGE('',*,*,#9020,.F.);
#9020 = EDGE_CURVE('',#9021,#9012,#9023,.T.);
#9021 = VERTEX_POINT('',#9022);
#9022 = CARTESIAN_POINT('',(0.65,-1.35,-1.45));
#9023 = LINE('',#9024,#9025);
#9024 = CARTESIAN_POINT('',(0.65,-1.35,-1.5));
#9025 = VECTOR('',#9026,1.);
#9026 = DIRECTION('',(-2.168404344971E-16,0.,1.));
#9027 = ORIENTED_EDGE('',*,*,#9028,.F.);
#9028 = EDGE_CURVE('',#8979,#9021,#9029,.T.);
#9029 = CIRCLE('',#9030,5.E-02);
#9030 = AXIS2_PLACEMENT_3D('',#9031,#9032,#9033);
#9031 = CARTESIAN_POINT('',(0.6,-1.35,-1.45));
#9032 = DIRECTION('',(0.,-1.,0.));
#9033 = DIRECTION('',(0.,0.,-1.));
#9034 = FACE_BOUND('',#9035,.T.);
#9035 = EDGE_LOOP('',(#9036,#9037,#9044,#9045,#9052,#9053,#9060,#9061));
#9036 = ORIENTED_EDGE('',*,*,#8823,.T.);
#9037 = ORIENTED_EDGE('',*,*,#9038,.T.);
#9038 = EDGE_CURVE('',#8816,#8846,#9039,.T.);
#9039 = CIRCLE('',#9040,0.3);
#9040 = AXIS2_PLACEMENT_3D('',#9041,#9042,#9043);
#9041 = CARTESIAN_POINT('',(0.75,-1.35,-1.7));
#9042 = DIRECTION('',(0.,-1.,0.));
#9043 = DIRECTION('',(0.,0.,-1.));
#9044 = ORIENTED_EDGE('',*,*,#8845,.T.);
#9045 = ORIENTED_EDGE('',*,*,#9046,.T.);
#9046 = EDGE_CURVE('',#8848,#8915,#9047,.T.);
#9047 = CIRCLE('',#9048,0.3);
#9048 = AXIS2_PLACEMENT_3D('',#9049,#9050,#9051);
#9049 = CARTESIAN_POINT('',(0.75,-1.35,1.7));
#9050 = DIRECTION('',(0.,-1.,0.));
#9051 = DIRECTION('',(0.,0.,-1.));
#9052 = ORIENTED_EDGE('',*,*,#8914,.T.);
#9053 = ORIENTED_EDGE('',*,*,#9054,.T.);
#9054 = EDGE_CURVE('',#8907,#8955,#9055,.T.);
#9055 = CIRCLE('',#9056,0.3);
#9056 = AXIS2_PLACEMENT_3D('',#9057,#9058,#9059);
#9057 = CARTESIAN_POINT('',(-0.75,-1.35,1.7));
#9058 = DIRECTION('',(0.,-1.,0.));
#9059 = DIRECTION('',(0.,0.,-1.));
#9060 = ORIENTED_EDGE('',*,*,#8954,.T.);
#9061 = ORIENTED_EDGE('',*,*,#9062,.T.);
#9062 = EDGE_CURVE('',#8947,#8824,#9063,.T.);
#9063 = CIRCLE('',#9064,0.3);
#9064 = AXIS2_PLACEMENT_3D('',#9065,#9066,#9067);
#9065 = CARTESIAN_POINT('',(-0.75,-1.35,-1.7));
#9066 = DIRECTION('',(0.,-1.,0.));
#9067 = DIRECTION('',(0.,0.,-1.));
#9068 = PLANE('',#9069);
#9069 = AXIS2_PLACEMENT_3D('',#9070,#9071,#9072);
#9070 = CARTESIAN_POINT('',(0.,-1.35,0.));
#9071 = DIRECTION('',(0.,-1.,0.));
#9072 = DIRECTION('',(0.,0.,-1.));
#9073 = ADVANCED_FACE('',(#9074,#9144),#9178,.F.);
#9074 = FACE_BOUND('',#9075,.T.);
#9075 = EDGE_LOOP('',(#9076,#9086,#9095,#9103,#9112,#9120,#9129,#9137));
#9076 = ORIENTED_EDGE('',*,*,#9077,.T.);
#9077 = EDGE_CURVE('',#9078,#9080,#9082,.T.);
#9078 = VERTEX_POINT('',#9079);
#9079 = CARTESIAN_POINT('',(-0.6,1.35,-1.5));
#9080 = VERTEX_POINT('',#9081);
#9081 = CARTESIAN_POINT('',(0.6,1.35,-1.5));
#9082 = LINE('',#9083,#9084);
#9083 = CARTESIAN_POINT('',(-0.65,1.35,-1.5));
#9084 = VECTOR('',#9085,1.);
#9085 = DIRECTION('',(1.,0.,-1.668003342285E-16));
#9086 = ORIENTED_EDGE('',*,*,#9087,.T.);
#9087 = EDGE_CURVE('',#9080,#9088,#9090,.T.);
#9088 = VERTEX_POINT('',#9089);
#9089 = CARTESIAN_POINT('',(0.65,1.35,-1.45));
#9090 = CIRCLE('',#9091,5.E-02);
#9091 = AXIS2_PLACEMENT_3D('',#9092,#9093,#9094);
#9092 = CARTESIAN_POINT('',(0.6,1.35,-1.45));
#9093 = DIRECTION('',(0.,-1.,0.));
#9094 = DIRECTION('',(0.,0.,-1.));
#9095 = ORIENTED_EDGE('',*,*,#9096,.T.);
#9096 = EDGE_CURVE('',#9088,#9097,#9099,.T.);
#9097 = VERTEX_POINT('',#9098);
#9098 = CARTESIAN_POINT('',(0.65,1.35,0.95));
#9099 = LINE('',#9100,#9101);
#9100 = CARTESIAN_POINT('',(0.65,1.35,-1.5));
#9101 = VECTOR('',#9102,1.);
#9102 = DIRECTION('',(-2.168404344971E-16,0.,1.));
#9103 = ORIENTED_EDGE('',*,*,#9104,.T.);
#9104 = EDGE_CURVE('',#9097,#9105,#9107,.T.);
#9105 = VERTEX_POINT('',#9106);
#9106 = CARTESIAN_POINT('',(0.6,1.35,1.));
#9107 = CIRCLE('',#9108,5.E-02);
#9108 = AXIS2_PLACEMENT_3D('',#9109,#9110,#9111);
#9109 = CARTESIAN_POINT('',(0.6,1.35,0.95));
#9110 = DIRECTION('',(0.,-1.,0.));
#9111 = DIRECTION('',(0.,0.,-1.));
#9112 = ORIENTED_EDGE('',*,*,#9113,.T.);
#9113 = EDGE_CURVE('',#9105,#9114,#9116,.T.);
#9114 = VERTEX_POINT('',#9115);
#9115 = CARTESIAN_POINT('',(-0.6,1.35,1.));
#9116 = LINE('',#9117,#9118);
#9117 = CARTESIAN_POINT('',(0.65,1.35,1.));
#9118 = VECTOR('',#9119,1.);
#9119 = DIRECTION('',(-1.,0.,-1.668003342285E-16));
#9120 = ORIENTED_EDGE('',*,*,#9121,.T.);
#9121 = EDGE_CURVE('',#9114,#9122,#9124,.T.);
#9122 = VERTEX_POINT('',#9123);
#9123 = CARTESIAN_POINT('',(-0.65,1.35,0.95));
#9124 = CIRCLE('',#9125,5.E-02);
#9125 = AXIS2_PLACEMENT_3D('',#9126,#9127,#9128);
#9126 = CARTESIAN_POINT('',(-0.6,1.35,0.95));
#9127 = DIRECTION('',(0.,-1.,0.));
#9128 = DIRECTION('',(0.,0.,-1.));
#9129 = ORIENTED_EDGE('',*,*,#9130,.T.);
#9130 = EDGE_CURVE('',#9122,#9131,#9133,.T.);
#9131 = VERTEX_POINT('',#9132);
#9132 = CARTESIAN_POINT('',(-0.65,1.35,-1.45));
#9133 = LINE('',#9134,#9135);
#9134 = CARTESIAN_POINT('',(-0.65,1.35,1.));
#9135 = VECTOR('',#9136,1.);
#9136 = DIRECTION('',(4.336808689942E-17,0.,-1.));
#9137 = ORIENTED_EDGE('',*,*,#9138,.T.);
#9138 = EDGE_CURVE('',#9131,#9078,#9139,.T.);
#9139 = CIRCLE('',#9140,5.E-02);
#9140 = AXIS2_PLACEMENT_3D('',#9141,#9142,#9143);
#9141 = CARTESIAN_POINT('',(-0.6,1.35,-1.45));
#9142 = DIRECTION('',(0.,-1.,0.));
#9143 = DIRECTION('',(0.,0.,-1.));
#9144 = FACE_BOUND('',#9145,.T.);
#9145 = EDGE_LOOP('',(#9146,#9147,#9154,#9155,#9162,#9163,#9170,#9171));
#9146 = ORIENTED_EDGE('',*,*,#8863,.F.);
#9147 = ORIENTED_EDGE('',*,*,#9148,.F.);
#9148 = EDGE_CURVE('',#8808,#8856,#9149,.T.);
#9149 = CIRCLE('',#9150,0.3);
#9150 = AXIS2_PLACEMENT_3D('',#9151,#9152,#9153);
#9151 = CARTESIAN_POINT('',(0.75,1.35,-1.7));
#9152 = DIRECTION('',(0.,-1.,0.));
#9153 = DIRECTION('',(0.,0.,-1.));
#9154 = ORIENTED_EDGE('',*,*,#8805,.F.);
#9155 = ORIENTED_EDGE('',*,*,#9156,.F.);
#9156 = EDGE_CURVE('',#8939,#8806,#9157,.T.);
#9157 = CIRCLE('',#9158,0.3);
#9158 = AXIS2_PLACEMENT_3D('',#9159,#9160,#9161);
#9159 = CARTESIAN_POINT('',(-0.75,1.35,-1.7));
#9160 = DIRECTION('',(0.,-1.,0.));
#9161 = DIRECTION('',(0.,0.,-1.));
#9162 = ORIENTED_EDGE('',*,*,#8936,.F.);
#9163 = ORIENTED_EDGE('',*,*,#9164,.F.);
#9164 = EDGE_CURVE('',#8899,#8937,#9165,.T.);
#9165 = CIRCLE('',#9166,0.3);
#9166 = AXIS2_PLACEMENT_3D('',#9167,#9168,#9169);
#9167 = CARTESIAN_POINT('',(-0.75,1.35,1.7));
#9168 = DIRECTION('',(0.,-1.,0.));
#9169 = DIRECTION('',(0.,0.,-1.));
#9170 = ORIENTED_EDGE('',*,*,#8896,.F.);
#9171 = ORIENTED_EDGE('',*,*,#9172,.F.);
#9172 = EDGE_CURVE('',#8864,#8897,#9173,.T.);
#9173 = CIRCLE('',#9174,0.3);
#9174 = AXIS2_PLACEMENT_3D('',#9175,#9176,#9177);
#9175 = CARTESIAN_POINT('',(0.75,1.35,1.7));
#9176 = DIRECTION('',(0.,-1.,0.));
#9177 = DIRECTION('',(0.,0.,-1.));
#9178 = PLANE('',#9179);
#9179 = AXIS2_PLACEMENT_3D('',#9180,#9181,#9182);
#9180 = CARTESIAN_POINT('',(0.,1.35,0.));
#9181 = DIRECTION('',(0.,-1.,0.));
#9182 = DIRECTION('',(0.,0.,-1.));
#9183 = ADVANCED_FACE('',(#9184),#9200,.F.);
#9184 = FACE_BOUND('',#9185,.T.);
#9185 = EDGE_LOOP('',(#9186,#9187,#9193,#9194));
#9186 = ORIENTED_EDGE('',*,*,#8976,.T.);
#9187 = ORIENTED_EDGE('',*,*,#9188,.T.);
#9188 = EDGE_CURVE('',#8979,#9080,#9189,.T.);
#9189 = LINE('',#9190,#9191);
#9190 = CARTESIAN_POINT('',(0.6,1.05,-1.5));
#9191 = VECTOR('',#9192,1.);
#9192 = DIRECTION('',(0.,1.,0.));
#9193 = ORIENTED_EDGE('',*,*,#9077,.F.);
#9194 = ORIENTED_EDGE('',*,*,#9195,.F.);
#9195 = EDGE_CURVE('',#8977,#9078,#9196,.T.);
#9196 = LINE('',#9197,#9198);
#9197 = CARTESIAN_POINT('',(-0.6,1.05,-1.5));
#9198 = VECTOR('',#9199,1.);
#9199 = DIRECTION('',(0.,1.,0.));
#9200 = PLANE('',#9201);
#9201 = AXIS2_PLACEMENT_3D('',#9202,#9203,#9204);
#9202 = CARTESIAN_POINT('',(-0.65,1.05,-1.5));
#9203 = DIRECTION('',(-1.668003342285E-16,0.,-1.));
#9204 = DIRECTION('',(-1.,0.,1.668003342285E-16));
#9205 = ADVANCED_FACE('',(#9206),#9222,.F.);
#9206 = FACE_BOUND('',#9207,.T.);
#9207 = EDGE_LOOP('',(#9208,#9209,#9215,#9216));
#9208 = ORIENTED_EDGE('',*,*,#9096,.F.);
#9209 = ORIENTED_EDGE('',*,*,#9210,.F.);
#9210 = EDGE_CURVE('',#9021,#9088,#9211,.T.);
#9211 = LINE('',#9212,#9213);
#9212 = CARTESIAN_POINT('',(0.65,1.05,-1.45));
#9213 = VECTOR('',#9214,1.);
#9214 = DIRECTION('',(0.,1.,0.));
#9215 = ORIENTED_EDGE('',*,*,#9020,.T.);
#9216 = ORIENTED_EDGE('',*,*,#9217,.T.);
#9217 = EDGE_CURVE('',#9012,#9097,#9218,.T.);
#9218 = LINE('',#9219,#9220);
#9219 = CARTESIAN_POINT('',(0.65,1.05,0.95));
#9220 = VECTOR('',#9221,1.);
#9221 = DIRECTION('',(0.,1.,0.));
#9222 = PLANE('',#9223);
#9223 = AXIS2_PLACEMENT_3D('',#9224,#9225,#9226);
#9224 = CARTESIAN_POINT('',(0.65,1.05,-1.5));
#9225 = DIRECTION('',(1.,0.,2.168404344971E-16));
#9226 = DIRECTION('',(2.168404344971E-16,0.,-1.));
#9227 = ADVANCED_FACE('',(#9228),#9250,.F.);
#9228 = FACE_BOUND('',#9229,.T.);
#9229 = EDGE_LOOP('',(#9230,#9237,#9243,#9244));
#9230 = ORIENTED_EDGE('',*,*,#9231,.F.);
#9231 = EDGE_CURVE('',#8767,#8765,#9232,.T.);
#9232 = CIRCLE('',#9233,0.6);
#9233 = AXIS2_PLACEMENT_3D('',#9234,#9235,#9236);
#9234 = CARTESIAN_POINT('',(0.,0.,1.));
#9235 = DIRECTION('',(0.,0.,-1.));
#9236 = DIRECTION('',(1.,0.,0.));
#9237 = ORIENTED_EDGE('',*,*,#9238,.T.);
#9238 = EDGE_CURVE('',#8767,#9114,#9239,.T.);
#9239 = LINE('',#9240,#9241);
#9240 = CARTESIAN_POINT('',(-0.6,1.05,1.));
#9241 = VECTOR('',#9242,1.);
#9242 = DIRECTION('',(0.,1.,0.));
#9243 = ORIENTED_EDGE('',*,*,#9113,.F.);
#9244 = ORIENTED_EDGE('',*,*,#9245,.F.);
#9245 = EDGE_CURVE('',#8765,#9105,#9246,.T.);
#9246 = LINE('',#9247,#9248);
#9247 = CARTESIAN_POINT('',(0.6,1.05,1.));
#9248 = VECTOR('',#9249,1.);
#9249 = DIRECTION('',(0.,1.,0.));
#9250 = PLANE('',#9251);
#9251 = AXIS2_PLACEMENT_3D('',#9252,#9253,#9254);
#9252 = CARTESIAN_POINT('',(0.65,1.05,1.));
#9253 = DIRECTION('',(-1.668003342285E-16,0.,1.));
#9254 = DIRECTION('',(1.,0.,1.668003342285E-16));
#9255 = ADVANCED_FACE('',(#9256),#9272,.F.);
#9256 = FACE_BOUND('',#9257,.T.);
#9257 = EDGE_LOOP('',(#9258,#9259,#9265,#9266));
#9258 = ORIENTED_EDGE('',*,*,#9130,.F.);
#9259 = ORIENTED_EDGE('',*,*,#9260,.F.);
#9260 = EDGE_CURVE('',#8996,#9122,#9261,.T.);
#9261 = LINE('',#9262,#9263);
#9262 = CARTESIAN_POINT('',(-0.65,1.05,0.95));
#9263 = VECTOR('',#9264,1.);
#9264 = DIRECTION('',(0.,1.,0.));
#9265 = ORIENTED_EDGE('',*,*,#8995,.T.);
#9266 = ORIENTED_EDGE('',*,*,#9267,.T.);
#9267 = EDGE_CURVE('',#8987,#9131,#9268,.T.);
#9268 = LINE('',#9269,#9270);
#9269 = CARTESIAN_POINT('',(-0.65,1.05,-1.45));
#9270 = VECTOR('',#9271,1.);
#9271 = DIRECTION('',(0.,1.,0.));
#9272 = PLANE('',#9273);
#9273 = AXIS2_PLACEMENT_3D('',#9274,#9275,#9276);
#9274 = CARTESIAN_POINT('',(-0.65,1.05,1.));
#9275 = DIRECTION('',(-1.,0.,-4.336808689942E-17));
#9276 = DIRECTION('',(-4.336808689942E-17,0.,1.));
#9277 = ADVANCED_FACE('',(#9278),#9284,.F.);
#9278 = FACE_BOUND('',#9279,.F.);
#9279 = EDGE_LOOP('',(#9280,#9281,#9282,#9283));
#9280 = ORIENTED_EDGE('',*,*,#9195,.F.);
#9281 = ORIENTED_EDGE('',*,*,#8986,.F.);
#9282 = ORIENTED_EDGE('',*,*,#9267,.T.);
#9283 = ORIENTED_EDGE('',*,*,#9138,.T.);
#9284 = CYLINDRICAL_SURFACE('',#9285,5.E-02);
#9285 = AXIS2_PLACEMENT_3D('',#9286,#9287,#9288);
#9286 = CARTESIAN_POINT('',(-0.6,1.05,-1.45));
#9287 = DIRECTION('',(0.,-1.,0.));
#9288 = DIRECTION('',(0.,0.,-1.));
#9289 = ADVANCED_FACE('',(#9290),#9297,.F.);
#9290 = FACE_BOUND('',#9291,.F.);
#9291 = EDGE_LOOP('',(#9292,#9293,#9294,#9295,#9296));
#9292 = ORIENTED_EDGE('',*,*,#9245,.F.);
#9293 = ORIENTED_EDGE('',*,*,#8775,.F.);
#9294 = ORIENTED_EDGE('',*,*,#9011,.F.);
#9295 = ORIENTED_EDGE('',*,*,#9217,.T.);
#9296 = ORIENTED_EDGE('',*,*,#9104,.T.);
#9297 = CYLINDRICAL_SURFACE('',#9298,5.E-02);
#9298 = AXIS2_PLACEMENT_3D('',#9299,#9300,#9301);
#9299 = CARTESIAN_POINT('',(0.6,1.05,0.95));
#9300 = DIRECTION('',(0.,-1.,0.));
#9301 = DIRECTION('',(0.,0.,-1.));
#9302 = ADVANCED_FACE('',(#9303),#9309,.F.);
#9303 = FACE_BOUND('',#9304,.F.);
#9304 = EDGE_LOOP('',(#9305,#9306,#9307,#9308));
#9305 = ORIENTED_EDGE('',*,*,#9210,.F.);
#9306 = ORIENTED_EDGE('',*,*,#9028,.F.);
#9307 = ORIENTED_EDGE('',*,*,#9188,.T.);
#9308 = ORIENTED_EDGE('',*,*,#9087,.T.);
#9309 = CYLINDRICAL_SURFACE('',#9310,5.E-02);
#9310 = AXIS2_PLACEMENT_3D('',#9311,#9312,#9313);
#9311 = CARTESIAN_POINT('',(0.6,1.05,-1.45));
#9312 = DIRECTION('',(0.,-1.,0.));
#9313 = DIRECTION('',(0.,0.,-1.));
#9314 = ADVANCED_FACE('',(#9315),#9322,.F.);
#9315 = FACE_BOUND('',#9316,.F.);
#9316 = EDGE_LOOP('',(#9317,#9318,#9319,#9320,#9321));
#9317 = ORIENTED_EDGE('',*,*,#9260,.F.);
#9318 = ORIENTED_EDGE('',*,*,#9003,.F.);
#9319 = ORIENTED_EDGE('',*,*,#8791,.T.);
#9320 = ORIENTED_EDGE('',*,*,#9238,.T.);
#9321 = ORIENTED_EDGE('',*,*,#9121,.T.);
#9322 = CYLINDRICAL_SURFACE('',#9323,5.E-02);
#9323 = AXIS2_PLACEMENT_3D('',#9324,#9325,#9326);
#9324 = CARTESIAN_POINT('',(-0.6,1.05,0.95));
#9325 = DIRECTION('',(0.,-1.,0.));
#9326 = DIRECTION('',(0.,0.,-1.));
#9327 = ADVANCED_FACE('',(#9328),#9334,.T.);
#9328 = FACE_BOUND('',#9329,.T.);
#9329 = EDGE_LOOP('',(#9330,#9331,#9332,#9333));
#9330 = ORIENTED_EDGE('',*,*,#9046,.F.);
#9331 = ORIENTED_EDGE('',*,*,#8871,.T.);
#9332 = ORIENTED_EDGE('',*,*,#9172,.T.);
#9333 = ORIENTED_EDGE('',*,*,#8922,.F.);
#9334 = CYLINDRICAL_SURFACE('',#9335,0.3);
#9335 = AXIS2_PLACEMENT_3D('',#9336,#9337,#9338);
#9336 = CARTESIAN_POINT('',(0.75,-1.05,1.7));
#9337 = DIRECTION('',(0.,1.,0.));
#9338 = DIRECTION('',(0.,-0.,1.));
#9339 = ADVANCED_FACE('',(#9340),#9346,.T.);
#9340 = FACE_BOUND('',#9341,.T.);
#9341 = EDGE_LOOP('',(#9342,#9343,#9344,#9345));
#9342 = ORIENTED_EDGE('',*,*,#9054,.F.);
#9343 = ORIENTED_EDGE('',*,*,#8906,.T.);
#9344 = ORIENTED_EDGE('',*,*,#9164,.T.);
#9345 = ORIENTED_EDGE('',*,*,#8962,.F.);
#9346 = CYLINDRICAL_SURFACE('',#9347,0.3);
#9347 = AXIS2_PLACEMENT_3D('',#9348,#9349,#9350);
#9348 = CARTESIAN_POINT('',(-0.75,-1.05,1.7));
#9349 = DIRECTION('',(0.,1.,0.));
#9350 = DIRECTION('',(0.,-0.,1.));
#9351 = ADVANCED_FACE('',(#9352),#9358,.T.);
#9352 = FACE_BOUND('',#9353,.T.);
#9353 = EDGE_LOOP('',(#9354,#9355,#9356,#9357));
#9354 = ORIENTED_EDGE('',*,*,#9062,.F.);
#9355 = ORIENTED_EDGE('',*,*,#8946,.T.);
#9356 = ORIENTED_EDGE('',*,*,#9156,.T.);
#9357 = ORIENTED_EDGE('',*,*,#8831,.F.);
#9358 = CYLINDRICAL_SURFACE('',#9359,0.3);
#9359 = AXIS2_PLACEMENT_3D('',#9360,#9361,#9362);
#9360 = CARTESIAN_POINT('',(-0.75,-1.05,-1.7));
#9361 = DIRECTION('',(0.,1.,0.));
#9362 = DIRECTION('',(0.,-0.,1.));
#9363 = ADVANCED_FACE('',(#9364),#9370,.T.);
#9364 = FACE_BOUND('',#9365,.T.);
#9365 = EDGE_LOOP('',(#9366,#9367,#9368,#9369));
#9366 = ORIENTED_EDGE('',*,*,#9038,.F.);
#9367 = ORIENTED_EDGE('',*,*,#8815,.T.);
#9368 = ORIENTED_EDGE('',*,*,#9148,.T.);
#9369 = ORIENTED_EDGE('',*,*,#8855,.F.);
#9370 = CYLINDRICAL_SURFACE('',#9371,0.3);
#9371 = AXIS2_PLACEMENT_3D('',#9372,#9373,#9374);
#9372 = CARTESIAN_POINT('',(0.75,-1.05,-1.7));
#9373 = DIRECTION('',(0.,1.,0.));
#9374 = DIRECTION('',(0.,-0.,1.));
#9375 = ADVANCED_FACE('',(#9376),#9387,.F.);
#9376 = FACE_BOUND('',#9377,.F.);
#9377 = EDGE_LOOP('',(#9378,#9379,#9380,#9385,#9386));
#9378 = ORIENTED_EDGE('',*,*,#9231,.F.);
#9379 = ORIENTED_EDGE('',*,*,#8764,.F.);
#9380 = ORIENTED_EDGE('',*,*,#9381,.T.);
#9381 = EDGE_CURVE('',#8765,#8886,#9382,.T.);
#9382 = B_SPLINE_CURVE_WITH_KNOTS('',1,(#9383,#9384),.UNSPECIFIED.,.F.,
  .F.,(2,2),(0.,1.),.PIECEWISE_BEZIER_KNOTS.);
#9383 = CARTESIAN_POINT('',(0.6,0.,1.));
#9384 = CARTESIAN_POINT('',(0.6,0.,2.));
#9385 = ORIENTED_EDGE('',*,*,#8885,.T.);
#9386 = ORIENTED_EDGE('',*,*,#9381,.F.);
#9387 = CYLINDRICAL_SURFACE('',#9388,0.6);
#9388 = AXIS2_PLACEMENT_3D('',#9389,#9390,#9391);
#9389 = CARTESIAN_POINT('',(0.,0.,1.));
#9390 = DIRECTION('',(0.,0.,1.));
#9391 = DIRECTION('',(1.,0.,-0.));
#9392 = ( GEOMETRIC_REPRESENTATION_CONTEXT(3) 
GLOBAL_UNCERTAINTY_ASSIGNED_CONTEXT((#9396)) 
GLOBAL_UNIT_ASSIGNED_CONTEXT((#9393,#9394,#9395)) REPRESENTATION_CONTEXT
('Context #1','3D Context with UNIT and UNCERTAINTY') );
#9393 = ( LENGTH_UNIT() NAMED_UNIT(*) SI_UNIT(.MILLI.,.METRE.) );
#9394 = ( NAMED_UNIT(*) PLANE_ANGLE_UNIT() SI_UNIT($,.RADIAN.) );
#9395 = ( NAMED_UNIT(*) SI_UNIT($,.STERADIAN.) SOLID_ANGLE_UNIT() );
#9396 = UNCERTAINTY_MEASURE_WITH_UNIT(LENGTH_MEASURE(5.E-07),#9393,
  'distance_accuracy_value','confusion accuracy');
#9397 = CONTEXT_DEPENDENT_SHAPE_REPRESENTATION(#9398,#9400);
#9398 = ( REPRESENTATION_RELATIONSHIP('','',#8757,#7702) 
REPRESENTATION_RELATIONSHIP_WITH_TRANSFORMATION(#9399) 
SHAPE_REPRESENTATION_RELATIONSHIP() );
#9399 = ITEM_DEFINED_TRANSFORMATION('','',#11,#7707);
#9400 = PRODUCT_DEFINITION_SHAPE('Placement','Placement of an item',
  #9401);
#9401 = NEXT_ASSEMBLY_USAGE_OCCURRENCE('7','DG308-2.54-contact','',#7697
  ,#8752,$);
#9402 = PRODUCT_RELATED_PRODUCT_CATEGORY('part',$,(#8754));
#9403 = SHAPE_DEFINITION_REPRESENTATION(#9404,#9410);
#9404 = PRODUCT_DEFINITION_SHAPE('','',#9405);
#9405 = PRODUCT_DEFINITION('design','',#9406,#9409);
#9406 = PRODUCT_DEFINITION_FORMATION('','',#9407);
#9407 = PRODUCT('DG308-2.54-screw','DG308-2.54-screw','',(#9408));
#9408 = PRODUCT_CONTEXT('',#2,'mechanical');
#9409 = PRODUCT_DEFINITION_CONTEXT('part definition',#2,'design');
#9410 = ADVANCED_BREP_SHAPE_REPRESENTATION('',(#11,#9411),#9783);
#9411 = MANIFOLD_SOLID_BREP('',#9412);
#9412 = CLOSED_SHELL('',(#9413,#9438,#9538,#9558,#9583,#9607,#9627,#9651
    ,#9668,#9684,#9715,#9746,#9759,#9771));
#9413 = ADVANCED_FACE('',(#9414),#9433,.F.);
#9414 = FACE_BOUND('',#9415,.T.);
#9415 = EDGE_LOOP('',(#9416,#9426));
#9416 = ORIENTED_EDGE('',*,*,#9417,.T.);
#9417 = EDGE_CURVE('',#9418,#9420,#9422,.T.);
#9418 = VERTEX_POINT('',#9419);
#9419 = CARTESIAN_POINT('',(0.887411967465,-0.15,0.));
#9420 = VERTEX_POINT('',#9421);
#9421 = CARTESIAN_POINT('',(-0.887411967465,-0.15,0.));
#9422 = LINE('',#9423,#9424);
#9423 = CARTESIAN_POINT('',(-0.988685996664,-0.15,0.));
#9424 = VECTOR('',#9425,1.);
#9425 = DIRECTION('',(-1.,0.,0.));
#9426 = ORIENTED_EDGE('',*,*,#9427,.F.);
#9427 = EDGE_CURVE('',#9418,#9420,#9428,.T.);
#9428 = CIRCLE('',#9429,0.9);
#9429 = AXIS2_PLACEMENT_3D('',#9430,#9431,#9432);
#9430 = CARTESIAN_POINT('',(0.,0.,0.));
#9431 = DIRECTION('',(0.,0.,-1.));
#9432 = DIRECTION('',(-1.,0.,0.));
#9433 = PLANE('',#9434);
#9434 = AXIS2_PLACEMENT_3D('',#9435,#9436,#9437);
#9435 = CARTESIAN_POINT('',(0.,0.,0.));
#9436 = DIRECTION('',(0.,0.,-1.));
#9437 = DIRECTION('',(-1.,0.,0.));
#9438 = ADVANCED_FACE('',(#9439),#9533,.T.);
#9439 = FACE_BOUND('',#9440,.T.);
#9440 = EDGE_LOOP('',(#9441,#9451,#9460,#9468,#9477,#9485,#9494,#9502,
    #9511,#9518,#9525,#9526));
#9441 = ORIENTED_EDGE('',*,*,#9442,.T.);
#9442 = EDGE_CURVE('',#9443,#9445,#9447,.T.);
#9443 = VERTEX_POINT('',#9444);
#9444 = CARTESIAN_POINT('',(0.988685996664,-0.15,-0.4));
#9445 = VERTEX_POINT('',#9446);
#9446 = CARTESIAN_POINT('',(0.988685996664,-0.15,-0.1));
#9447 = LINE('',#9448,#9449);
#9448 = CARTESIAN_POINT('',(0.988685996664,-0.15,-0.4));
#9449 = VECTOR('',#9450,1.);
#9450 = DIRECTION('',(0.,0.,1.));
#9451 = ORIENTED_EDGE('',*,*,#9452,.T.);
#9452 = EDGE_CURVE('',#9445,#9453,#9455,.T.);
#9453 = VERTEX_POINT('',#9454);
#9454 = CARTESIAN_POINT('',(-0.988685996664,-0.15,-0.1));
#9455 = CIRCLE('',#9456,1.);
#9456 = AXIS2_PLACEMENT_3D('',#9457,#9458,#9459);
#9457 = CARTESIAN_POINT('',(0.,0.,-0.1));
#9458 = DIRECTION('',(0.,0.,-1.));
#9459 = DIRECTION('',(-1.,0.,0.));
#9460 = ORIENTED_EDGE('',*,*,#9461,.F.);
#9461 = EDGE_CURVE('',#9462,#9453,#9464,.T.);
#9462 = VERTEX_POINT('',#9463);
#9463 = CARTESIAN_POINT('',(-0.988685996664,-0.15,-0.4));
#9464 = LINE('',#9465,#9466);
#9465 = CARTESIAN_POINT('',(-0.988685996664,-0.15,-0.4));
#9466 = VECTOR('',#9467,1.);
#9467 = DIRECTION('',(0.,0.,1.));
#9468 = ORIENTED_EDGE('',*,*,#9469,.T.);
#9469 = EDGE_CURVE('',#9462,#9470,#9472,.T.);
#9470 = VERTEX_POINT('',#9471);
#9471 = CARTESIAN_POINT('',(-0.988685996664,0.15,-0.4));
#9472 = CIRCLE('',#9473,1.);
#9473 = AXIS2_PLACEMENT_3D('',#9474,#9475,#9476);
#9474 = CARTESIAN_POINT('',(0.,0.,-0.4));
#9475 = DIRECTION('',(0.,0.,-1.));
#9476 = DIRECTION('',(1.,0.,0.));
#9477 = ORIENTED_EDGE('',*,*,#9478,.T.);
#9478 = EDGE_CURVE('',#9470,#9479,#9481,.T.);
#9479 = VERTEX_POINT('',#9480);
#9480 = CARTESIAN_POINT('',(-0.988685996664,0.15,-0.1));
#9481 = LINE('',#9482,#9483);
#9482 = CARTESIAN_POINT('',(-0.988685996664,0.15,-0.4));
#9483 = VECTOR('',#9484,1.);
#9484 = DIRECTION('',(0.,0.,1.));
#9485 = ORIENTED_EDGE('',*,*,#9486,.T.);
#9486 = EDGE_CURVE('',#9479,#9487,#9489,.T.);
#9487 = VERTEX_POINT('',#9488);
#9488 = CARTESIAN_POINT('',(0.988685996664,0.15,-0.1));
#9489 = CIRCLE('',#9490,1.);
#9490 = AXIS2_PLACEMENT_3D('',#9491,#9492,#9493);
#9491 = CARTESIAN_POINT('',(0.,0.,-0.1));
#9492 = DIRECTION('',(0.,0.,-1.));
#9493 = DIRECTION('',(-1.,0.,0.));
#9494 = ORIENTED_EDGE('',*,*,#9495,.F.);
#9495 = EDGE_CURVE('',#9496,#9487,#9498,.T.);
#9496 = VERTEX_POINT('',#9497);
#9497 = CARTESIAN_POINT('',(0.988685996664,0.15,-0.4));
#9498 = LINE('',#9499,#9500);
#9499 = CARTESIAN_POINT('',(0.988685996664,0.15,-0.4));
#9500 = VECTOR('',#9501,1.);
#9501 = DIRECTION('',(0.,0.,1.));
#9502 = ORIENTED_EDGE('',*,*,#9503,.T.);
#9503 = EDGE_CURVE('',#9496,#9504,#9506,.T.);
#9504 = VERTEX_POINT('',#9505);
#9505 = CARTESIAN_POINT('',(1.,0.,-0.4));
#9506 = CIRCLE('',#9507,1.);
#9507 = AXIS2_PLACEMENT_3D('',#9508,#9509,#9510);
#9508 = CARTESIAN_POINT('',(0.,0.,-0.4));
#9509 = DIRECTION('',(0.,0.,-1.));
#9510 = DIRECTION('',(-1.,0.,0.));
#9511 = ORIENTED_EDGE('',*,*,#9512,.F.);
#9512 = EDGE_CURVE('',#9513,#9504,#9515,.T.);
#9513 = VERTEX_POINT('',#9514);
#9514 = CARTESIAN_POINT('',(1.,0.,-0.8));
#9515 = B_SPLINE_CURVE_WITH_KNOTS('',1,(#9516,#9517),.UNSPECIFIED.,.F.,
  .F.,(2,2),(0.,0.4),.PIECEWISE_BEZIER_KNOTS.);
#9516 = CARTESIAN_POINT('',(1.,-2.449293598295E-16,-0.8));
#9517 = CARTESIAN_POINT('',(1.,-2.449293598295E-16,-0.4));
#9518 = ORIENTED_EDGE('',*,*,#9519,.F.);
#9519 = EDGE_CURVE('',#9513,#9513,#9520,.T.);
#9520 = CIRCLE('',#9521,1.);
#9521 = AXIS2_PLACEMENT_3D('',#9522,#9523,#9524);
#9522 = CARTESIAN_POINT('',(0.,0.,-0.8));
#9523 = DIRECTION('',(0.,0.,-1.));
#9524 = DIRECTION('',(1.,0.,0.));
#9525 = ORIENTED_EDGE('',*,*,#9512,.T.);
#9526 = ORIENTED_EDGE('',*,*,#9527,.T.);
#9527 = EDGE_CURVE('',#9504,#9443,#9528,.T.);
#9528 = CIRCLE('',#9529,1.);
#9529 = AXIS2_PLACEMENT_3D('',#9530,#9531,#9532);
#9530 = CARTESIAN_POINT('',(0.,0.,-0.4));
#9531 = DIRECTION('',(0.,0.,-1.));
#9532 = DIRECTION('',(-1.,0.,0.));
#9533 = CYLINDRICAL_SURFACE('',#9534,1.);
#9534 = AXIS2_PLACEMENT_3D('',#9535,#9536,#9537);
#9535 = CARTESIAN_POINT('',(0.,0.,-0.8));
#9536 = DIRECTION('',(0.,0.,1.));
#9537 = DIRECTION('',(1.,0.,-0.));
#9538 = ADVANCED_FACE('',(#9539,#9550),#9553,.T.);
#9539 = FACE_BOUND('',#9540,.T.);
#9540 = EDGE_LOOP('',(#9541));
#9541 = ORIENTED_EDGE('',*,*,#9542,.T.);
#9542 = EDGE_CURVE('',#9543,#9543,#9545,.T.);
#9543 = VERTEX_POINT('',#9544);
#9544 = CARTESIAN_POINT('',(0.6,0.,-0.8));
#9545 = CIRCLE('',#9546,0.6);
#9546 = AXIS2_PLACEMENT_3D('',#9547,#9548,#9549);
#9547 = CARTESIAN_POINT('',(0.,0.,-0.8));
#9548 = DIRECTION('',(0.,0.,1.));
#9549 = DIRECTION('',(1.,0.,-0.));
#9550 = FACE_BOUND('',#9551,.T.);
#9551 = EDGE_LOOP('',(#9552));
#9552 = ORIENTED_EDGE('',*,*,#9519,.T.);
#9553 = PLANE('',#9554);
#9554 = AXIS2_PLACEMENT_3D('',#9555,#9556,#9557);
#9555 = CARTESIAN_POINT('',(0.,0.,-0.8));
#9556 = DIRECTION('',(0.,0.,-1.));
#9557 = DIRECTION('',(-1.,0.,0.));
#9558 = ADVANCED_FACE('',(#9559),#9578,.F.);
#9559 = FACE_BOUND('',#9560,.T.);
#9560 = EDGE_LOOP('',(#9561,#9571));
#9561 = ORIENTED_EDGE('',*,*,#9562,.T.);
#9562 = EDGE_CURVE('',#9563,#9565,#9567,.T.);
#9563 = VERTEX_POINT('',#9564);
#9564 = CARTESIAN_POINT('',(-0.887411967465,0.15,0.));
#9565 = VERTEX_POINT('',#9566);
#9566 = CARTESIAN_POINT('',(0.887411967465,0.15,0.));
#9567 = LINE('',#9568,#9569);
#9568 = CARTESIAN_POINT('',(0.988685996664,0.15,0.));
#9569 = VECTOR('',#9570,1.);
#9570 = DIRECTION('',(1.,0.,0.));
#9571 = ORIENTED_EDGE('',*,*,#9572,.F.);
#9572 = EDGE_CURVE('',#9563,#9565,#9573,.T.);
#9573 = CIRCLE('',#9574,0.9);
#9574 = AXIS2_PLACEMENT_3D('',#9575,#9576,#9577);
#9575 = CARTESIAN_POINT('',(0.,0.,0.));
#9576 = DIRECTION('',(0.,0.,-1.));
#9577 = DIRECTION('',(-1.,0.,0.));
#9578 = PLANE('',#9579);
#9579 = AXIS2_PLACEMENT_3D('',#9580,#9581,#9582);
#9580 = CARTESIAN_POINT('',(0.,0.,0.));
#9581 = DIRECTION('',(0.,0.,-1.));
#9582 = DIRECTION('',(-1.,0.,0.));
#9583 = ADVANCED_FACE('',(#9584),#9602,.T.);
#9584 = FACE_BOUND('',#9585,.T.);
#9585 = EDGE_LOOP('',(#9586,#9595,#9600,#9601));
#9586 = ORIENTED_EDGE('',*,*,#9587,.T.);
#9587 = EDGE_CURVE('',#9588,#9588,#9590,.T.);
#9588 = VERTEX_POINT('',#9589);
#9589 = CARTESIAN_POINT('',(0.6,0.,-4.3));
#9590 = CIRCLE('',#9591,0.6);
#9591 = AXIS2_PLACEMENT_3D('',#9592,#9593,#9594);
#9592 = CARTESIAN_POINT('',(0.,0.,-4.3));
#9593 = DIRECTION('',(0.,0.,1.));
#9594 = DIRECTION('',(1.,0.,-0.));
#9595 = ORIENTED_EDGE('',*,*,#9596,.T.);
#9596 = EDGE_CURVE('',#9588,#9543,#9597,.T.);
#9597 = B_SPLINE_CURVE_WITH_KNOTS('',1,(#9598,#9599),.UNSPECIFIED.,.F.,
  .F.,(2,2),(0.2,3.7),.PIECEWISE_BEZIER_KNOTS.);
#9598 = CARTESIAN_POINT('',(0.6,0.,-4.3));
#9599 = CARTESIAN_POINT('',(0.6,0.,-0.8));
#9600 = ORIENTED_EDGE('',*,*,#9542,.F.);
#9601 = ORIENTED_EDGE('',*,*,#9596,.F.);
#9602 = CYLINDRICAL_SURFACE('',#9603,0.6);
#9603 = AXIS2_PLACEMENT_3D('',#9604,#9605,#9606);
#9604 = CARTESIAN_POINT('',(0.,0.,-4.5));
#9605 = DIRECTION('',(0.,0.,1.));
#9606 = DIRECTION('',(1.,0.,-0.));
#9607 = ADVANCED_FACE('',(#9608,#9619),#9622,.F.);
#9608 = FACE_BOUND('',#9609,.T.);
#9609 = EDGE_LOOP('',(#9610));
#9610 = ORIENTED_EDGE('',*,*,#9611,.T.);
#9611 = EDGE_CURVE('',#9612,#9612,#9614,.T.);
#9612 = VERTEX_POINT('',#9613);
#9613 = CARTESIAN_POINT('',(0.4,0.,-4.3));
#9614 = CIRCLE('',#9615,0.4);
#9615 = AXIS2_PLACEMENT_3D('',#9616,#9617,#9618);
#9616 = CARTESIAN_POINT('',(0.,0.,-4.3));
#9617 = DIRECTION('',(0.,0.,1.));
#9618 = DIRECTION('',(1.,0.,-0.));
#9619 = FACE_BOUND('',#9620,.T.);
#9620 = EDGE_LOOP('',(#9621));
#9621 = ORIENTED_EDGE('',*,*,#9587,.F.);
#9622 = PLANE('',#9623);
#9623 = AXIS2_PLACEMENT_3D('',#9624,#9625,#9626);
#9624 = CARTESIAN_POINT('',(0.,0.,-4.3));
#9625 = DIRECTION('',(0.,0.,1.));
#9626 = DIRECTION('',(1.,0.,-0.));
#9627 = ADVANCED_FACE('',(#9628),#9646,.T.);
#9628 = FACE_BOUND('',#9629,.T.);
#9629 = EDGE_LOOP('',(#9630,#9639,#9644,#9645));
#9630 = ORIENTED_EDGE('',*,*,#9631,.T.);
#9631 = EDGE_CURVE('',#9632,#9632,#9634,.T.);
#9632 = VERTEX_POINT('',#9633);
#9633 = CARTESIAN_POINT('',(0.4,0.,-4.45));
#9634 = CIRCLE('',#9635,0.4);
#9635 = AXIS2_PLACEMENT_3D('',#9636,#9637,#9638);
#9636 = CARTESIAN_POINT('',(0.,0.,-4.45));
#9637 = DIRECTION('',(0.,0.,1.));
#9638 = DIRECTION('',(1.,0.,-0.));
#9639 = ORIENTED_EDGE('',*,*,#9640,.T.);
#9640 = EDGE_CURVE('',#9632,#9612,#9641,.T.);
#9641 = B_SPLINE_CURVE_WITH_KNOTS('',1,(#9642,#9643),.UNSPECIFIED.,.F.,
  .F.,(2,2),(0.15,0.3),.PIECEWISE_BEZIER_KNOTS.);
#9642 = CARTESIAN_POINT('',(0.4,0.,-4.45));
#9643 = CARTESIAN_POINT('',(0.4,0.,-4.3));
#9644 = ORIENTED_EDGE('',*,*,#9611,.F.);
#9645 = ORIENTED_EDGE('',*,*,#9640,.F.);
#9646 = CYLINDRICAL_SURFACE('',#9647,0.4);
#9647 = AXIS2_PLACEMENT_3D('',#9648,#9649,#9650);
#9648 = CARTESIAN_POINT('',(0.,0.,-4.6));
#9649 = DIRECTION('',(0.,0.,1.));
#9650 = DIRECTION('',(1.,0.,-0.));
#9651 = ADVANCED_FACE('',(#9652),#9663,.F.);
#9652 = FACE_BOUND('',#9653,.T.);
#9653 = EDGE_LOOP('',(#9654));
#9654 = ORIENTED_EDGE('',*,*,#9655,.F.);
#9655 = EDGE_CURVE('',#9656,#9656,#9658,.T.);
#9656 = VERTEX_POINT('',#9657);
#9657 = CARTESIAN_POINT('',(0.25,0.,-4.6));
#9658 = CIRCLE('',#9659,0.25);
#9659 = AXIS2_PLACEMENT_3D('',#9660,#9661,#9662);
#9660 = CARTESIAN_POINT('',(0.,0.,-4.6));
#9661 = DIRECTION('',(0.,0.,1.));
#9662 = DIRECTION('',(1.,0.,-0.));
#9663 = PLANE('',#9664);
#9664 = AXIS2_PLACEMENT_3D('',#9665,#9666,#9667);
#9665 = CARTESIAN_POINT('',(0.,0.,-4.6));
#9666 = DIRECTION('',(0.,0.,1.));
#9667 = DIRECTION('',(1.,0.,-0.));
#9668 = ADVANCED_FACE('',(#9669),#9679,.T.);
#9669 = FACE_BOUND('',#9670,.T.);
#9670 = EDGE_LOOP('',(#9671,#9672,#9677,#9678));
#9671 = ORIENTED_EDGE('',*,*,#9655,.T.);
#9672 = ORIENTED_EDGE('',*,*,#9673,.T.);
#9673 = EDGE_CURVE('',#9656,#9632,#9674,.T.);
#9674 = B_SPLINE_CURVE_WITH_KNOTS('',1,(#9675,#9676),.UNSPECIFIED.,.F.,
  .F.,(2,2),(-0.212132034356,0.),.PIECEWISE_BEZIER_KNOTS.);
#9675 = CARTESIAN_POINT('',(0.25,0.,-4.6));
#9676 = CARTESIAN_POINT('',(0.4,0.,-4.45));
#9677 = ORIENTED_EDGE('',*,*,#9631,.F.);
#9678 = ORIENTED_EDGE('',*,*,#9673,.F.);
#9679 = CONICAL_SURFACE('',#9680,0.4,0.785398163397);
#9680 = AXIS2_PLACEMENT_3D('',#9681,#9682,#9683);
#9681 = CARTESIAN_POINT('',(0.,0.,-4.45));
#9682 = DIRECTION('',(0.,0.,1.));
#9683 = DIRECTION('',(1.,0.,-0.));
#9684 = ADVANCED_FACE('',(#9685),#9710,.T.);
#9685 = FACE_BOUND('',#9686,.T.);
#9686 = EDGE_LOOP('',(#9687,#9688,#9695,#9696,#9703,#9704));
#9687 = ORIENTED_EDGE('',*,*,#9461,.T.);
#9688 = ORIENTED_EDGE('',*,*,#9689,.T.);
#9689 = EDGE_CURVE('',#9453,#9420,#9690,.T.);
#9690 = B_SPLINE_CURVE_WITH_KNOTS('',3,(#9691,#9692,#9693,#9694),
  .UNSPECIFIED.,.F.,.F.,(4,4),(0.,1.572286481496E-04),
  .PIECEWISE_BEZIER_KNOTS.);
#9691 = CARTESIAN_POINT('',(-0.988685996664,-0.15,-0.1));
#9692 = CARTESIAN_POINT('',(-0.988685996664,-0.15,-4.683258877892E-02));
#9693 = CARTESIAN_POINT('',(-0.940560552407,-0.15,7.382410475885E-13));
#9694 = CARTESIAN_POINT('',(-0.887411967465,-0.15,8.400623220817E-13));
#9695 = ORIENTED_EDGE('',*,*,#9417,.F.);
#9696 = ORIENTED_EDGE('',*,*,#9697,.T.);
#9697 = EDGE_CURVE('',#9418,#9445,#9698,.T.);
#9698 = B_SPLINE_CURVE_WITH_KNOTS('',3,(#9699,#9700,#9701,#9702),
  .UNSPECIFIED.,.F.,.F.,(4,4),(0.,1.572302140621E-04),
  .PIECEWISE_BEZIER_KNOTS.);
#9699 = CARTESIAN_POINT('',(0.887411967465,-0.15,0.));
#9700 = CARTESIAN_POINT('',(0.9405711884,-0.15,0.));
#9701 = CARTESIAN_POINT('',(0.988685996665,-0.15,-4.68205681046E-02));
#9702 = CARTESIAN_POINT('',(0.988685996665,-0.15,-9.999999999994E-02));
#9703 = ORIENTED_EDGE('',*,*,#9442,.F.);
#9704 = ORIENTED_EDGE('',*,*,#9705,.T.);
#9705 = EDGE_CURVE('',#9443,#9462,#9706,.T.);
#9706 = LINE('',#9707,#9708);
#9707 = CARTESIAN_POINT('',(-0.988685996664,-0.15,-0.4));
#9708 = VECTOR('',#9709,1.);
#9709 = DIRECTION('',(-1.,0.,0.));
#9710 = PLANE('',#9711);
#9711 = AXIS2_PLACEMENT_3D('',#9712,#9713,#9714);
#9712 = CARTESIAN_POINT('',(-0.988685996664,-0.15,-0.4));
#9713 = DIRECTION('',(0.,1.,0.));
#9714 = DIRECTION('',(0.,-0.,1.));
#9715 = ADVANCED_FACE('',(#9716),#9741,.T.);
#9716 = FACE_BOUND('',#9717,.T.);
#9717 = EDGE_LOOP('',(#9718,#9719,#9726,#9727,#9734,#9735));
#9718 = ORIENTED_EDGE('',*,*,#9495,.T.);
#9719 = ORIENTED_EDGE('',*,*,#9720,.T.);
#9720 = EDGE_CURVE('',#9487,#9565,#9721,.T.);
#9721 = B_SPLINE_CURVE_WITH_KNOTS('',3,(#9722,#9723,#9724,#9725),
  .UNSPECIFIED.,.F.,.F.,(4,4),(0.,1.572286481496E-04),
  .PIECEWISE_BEZIER_KNOTS.);
#9722 = CARTESIAN_POINT('',(0.988685996664,0.15,-0.1));
#9723 = CARTESIAN_POINT('',(0.988685996664,0.15,-4.683258877892E-02));
#9724 = CARTESIAN_POINT('',(0.940560552407,0.15,7.381876587352E-13));
#9725 = CARTESIAN_POINT('',(0.887411967465,0.15,8.400665570397E-13));
#9726 = ORIENTED_EDGE('',*,*,#9562,.F.);
#9727 = ORIENTED_EDGE('',*,*,#9728,.T.);
#9728 = EDGE_CURVE('',#9563,#9479,#9729,.T.);
#9729 = B_SPLINE_CURVE_WITH_KNOTS('',3,(#9730,#9731,#9732,#9733),
  .UNSPECIFIED.,.F.,.F.,(4,4),(0.,1.572302140621E-04),
  .PIECEWISE_BEZIER_KNOTS.);
#9730 = CARTESIAN_POINT('',(-0.887411967465,0.15,0.));
#9731 = CARTESIAN_POINT('',(-0.9405711884,0.15,0.));
#9732 = CARTESIAN_POINT('',(-0.988685996665,0.15,-4.68205681046E-02));
#9733 = CARTESIAN_POINT('',(-0.988685996665,0.15,-9.999999999994E-02));
#9734 = ORIENTED_EDGE('',*,*,#9478,.F.);
#9735 = ORIENTED_EDGE('',*,*,#9736,.T.);
#9736 = EDGE_CURVE('',#9470,#9496,#9737,.T.);
#9737 = LINE('',#9738,#9739);
#9738 = CARTESIAN_POINT('',(0.988685996664,0.15,-0.4));
#9739 = VECTOR('',#9740,1.);
#9740 = DIRECTION('',(1.,0.,0.));
#9741 = PLANE('',#9742);
#9742 = AXIS2_PLACEMENT_3D('',#9743,#9744,#9745);
#9743 = CARTESIAN_POINT('',(0.988685996664,0.15,-0.4));
#9744 = DIRECTION('',(0.,-1.,0.));
#9745 = DIRECTION('',(0.,0.,-1.));
#9746 = ADVANCED_FACE('',(#9747),#9754,.F.);
#9747 = FACE_BOUND('',#9748,.F.);
#9748 = EDGE_LOOP('',(#9749,#9750,#9751,#9752,#9753));
#9749 = ORIENTED_EDGE('',*,*,#9469,.T.);
#9750 = ORIENTED_EDGE('',*,*,#9736,.T.);
#9751 = ORIENTED_EDGE('',*,*,#9503,.T.);
#9752 = ORIENTED_EDGE('',*,*,#9527,.T.);
#9753 = ORIENTED_EDGE('',*,*,#9705,.T.);
#9754 = PLANE('',#9755);
#9755 = AXIS2_PLACEMENT_3D('',#9756,#9757,#9758);
#9756 = CARTESIAN_POINT('',(0.,0.,-0.4));
#9757 = DIRECTION('',(0.,0.,-1.));
#9758 = DIRECTION('',(-1.,0.,0.));
#9759 = ADVANCED_FACE('',(#9760),#9766,.T.);
#9760 = FACE_BOUND('',#9761,.T.);
#9761 = EDGE_LOOP('',(#9762,#9763,#9764,#9765));
#9762 = ORIENTED_EDGE('',*,*,#9728,.F.);
#9763 = ORIENTED_EDGE('',*,*,#9572,.T.);
#9764 = ORIENTED_EDGE('',*,*,#9720,.F.);
#9765 = ORIENTED_EDGE('',*,*,#9486,.F.);
#9766 = TOROIDAL_SURFACE('',#9767,0.9,0.1);
#9767 = AXIS2_PLACEMENT_3D('',#9768,#9769,#9770);
#9768 = CARTESIAN_POINT('',(0.,0.,-0.1));
#9769 = DIRECTION('',(0.,0.,-1.));
#9770 = DIRECTION('',(-1.,0.,0.));
#9771 = ADVANCED_FACE('',(#9772),#9778,.T.);
#9772 = FACE_BOUND('',#9773,.T.);
#9773 = EDGE_LOOP('',(#9774,#9775,#9776,#9777));
#9774 = ORIENTED_EDGE('',*,*,#9697,.F.);
#9775 = ORIENTED_EDGE('',*,*,#9427,.T.);
#9776 = ORIENTED_EDGE('',*,*,#9689,.F.);
#9777 = ORIENTED_EDGE('',*,*,#9452,.F.);
#9778 = TOROIDAL_SURFACE('',#9779,0.9,0.1);
#9779 = AXIS2_PLACEMENT_3D('',#9780,#9781,#9782);
#9780 = CARTESIAN_POINT('',(0.,0.,-0.1));
#9781 = DIRECTION('',(0.,0.,-1.));
#9782 = DIRECTION('',(-1.,0.,0.));
#9783 = ( GEOMETRIC_REPRESENTATION_CONTEXT(3) 
GLOBAL_UNCERTAINTY_ASSIGNED_CONTEXT((#9787)) 
GLOBAL_UNIT_ASSIGNED_CONTEXT((#9784,#9785,#9786)) REPRESENTATION_CONTEXT
('Context #1','3D Context with UNIT and UNCERTAINTY') );
#9784 = ( LENGTH_UNIT() NAMED_UNIT(*) SI_UNIT(.MILLI.,.METRE.) );
#9785 = ( NAMED_UNIT(*) PLANE_ANGLE_UNIT() SI_UNIT($,.RADIAN.) );
#9786 = ( NAMED_UNIT(*) SI_UNIT($,.STERADIAN.) SOLID_ANGLE_UNIT() );
#9787 = UNCERTAINTY_MEASURE_WITH_UNIT(LENGTH_MEASURE(5.E-04),#9784,
  'distance_accuracy_value','confusion accuracy');
#9788 = CONTEXT_DEPENDENT_SHAPE_REPRESENTATION(#9789,#9791);
#9789 = ( REPRESENTATION_RELATIONSHIP('','',#9410,#7702) 
REPRESENTATION_RELATIONSHIP_WITH_TRANSFORMATION(#9790) 
SHAPE_REPRESENTATION_RELATIONSHIP() );
#9790 = ITEM_DEFINED_TRANSFORMATION('','',#11,#7711);
#9791 = PRODUCT_DEFINITION_SHAPE('Placement','Placement of an item',
  #9792);
#9792 = NEXT_ASSEMBLY_USAGE_OCCURRENCE('8','DG308-2.54-screw','',#7697,
  #9405,$);
#9793 = PRODUCT_RELATED_PRODUCT_CATEGORY('part',$,(#9407));
#9794 = CONTEXT_DEPENDENT_SHAPE_REPRESENTATION(#9795,#9797);
#9795 = ( REPRESENTATION_RELATIONSHIP('','',#7702,#5204) 
REPRESENTATION_RELATIONSHIP_WITH_TRANSFORMATION(#9796) 
SHAPE_REPRESENTATION_RELATIONSHIP() );
#9796 = ITEM_DEFINED_TRANSFORMATION('','',#11,#5213);
#9797 = PRODUCT_DEFINITION_SHAPE('Placement','Placement of an item',
  #9798);
#9798 = NEXT_ASSEMBLY_USAGE_OCCURRENCE('10','DG308-2.54-pin','',#5199,
  #7697,$);
#9799 = CONTEXT_DEPENDENT_SHAPE_REPRESENTATION(#9800,#9802);
#9800 = ( REPRESENTATION_RELATIONSHIP('','',#2108,#10) 
REPRESENTATION_RELATIONSHIP_WITH_TRANSFORMATION(#9801) 
SHAPE_REPRESENTATION_RELATIONSHIP() );
#9801 = ITEM_DEFINED_TRANSFORMATION('','',#11,#35);
#9802 = PRODUCT_DEFINITION_SHAPE('Placement','Placement of an item',
  #9803);
#9803 = NEXT_ASSEMBLY_USAGE_OCCURRENCE('12','D2','',#5,#2103,$);
#9804 = SHAPE_DEFINITION_REPRESENTATION(#9805,#9811);
#9805 = PRODUCT_DEFINITION_SHAPE('','',#9806);
#9806 = PRODUCT_DEFINITION('design','',#9807,#9810);
#9807 = PRODUCT_DEFINITION_FORMATION('','',#9808);
#9808 = PRODUCT('REV2_Dyno_Rectifier_PCB_PCB',
  'REV2_Dyno_Rectifier_PCB_PCB','',(#9809));
#9809 = PRODUCT_CONTEXT('',#2,'mechanical');
#9810 = PRODUCT_DEFINITION_CONTEXT('part definition',#2,'design');
#9811 = ADVANCED_BREP_SHAPE_REPRESENTATION('',(#11,#9812),#10600);
#9812 = MANIFOLD_SOLID_BREP('',#9813);
#9813 = CLOSED_SHELL('',(#9814,#9856,#9887,#9918,#10100,#10282,#10299,
    #10316,#10333,#10350,#10362,#10384,#10401,#10418,#10430,#10452,
    #10469,#10486,#10498,#10520,#10537,#10554,#10566,#10583));
#9814 = ADVANCED_FACE('',(#9815),#9851,.T.);
#9815 = FACE_BOUND('',#9816,.T.);
#9816 = EDGE_LOOP('',(#9817,#9827,#9836,#9844));
#9817 = ORIENTED_EDGE('',*,*,#9818,.T.);
#9818 = EDGE_CURVE('',#9819,#9821,#9823,.T.);
#9819 = VERTEX_POINT('',#9820);
#9820 = CARTESIAN_POINT('',(78.25,-36.25,0.));
#9821 = VERTEX_POINT('',#9822);
#9822 = CARTESIAN_POINT('',(78.25,-36.25,1.51));
#9823 = LINE('',#9824,#9825);
#9824 = CARTESIAN_POINT('',(78.25,-36.25,0.));
#9825 = VECTOR('',#9826,1.);
#9826 = DIRECTION('',(0.,0.,1.));
#9827 = ORIENTED_EDGE('',*,*,#9828,.T.);
#9828 = EDGE_CURVE('',#9821,#9829,#9831,.T.);
#9829 = VERTEX_POINT('',#9830);
#9830 = CARTESIAN_POINT('',(79.25,-37.25,1.51));
#9831 = CIRCLE('',#9832,0.999999252925);
#9832 = AXIS2_PLACEMENT_3D('',#9833,#9834,#9835);
#9833 = CARTESIAN_POINT('',(78.250000747075,-37.24999925292,1.51));
#9834 = DIRECTION('',(0.,0.,-1.));
#9835 = DIRECTION('',(-7.470757349539E-07,1.,0.));
#9836 = ORIENTED_EDGE('',*,*,#9837,.F.);
#9837 = EDGE_CURVE('',#9838,#9829,#9840,.T.);
#9838 = VERTEX_POINT('',#9839);
#9839 = CARTESIAN_POINT('',(79.25,-37.25,0.));
#9840 = LINE('',#9841,#9842);
#9841 = CARTESIAN_POINT('',(79.25,-37.25,0.));
#9842 = VECTOR('',#9843,1.);
#9843 = DIRECTION('',(0.,0.,1.));
#9844 = ORIENTED_EDGE('',*,*,#9845,.F.);
#9845 = EDGE_CURVE('',#9819,#9838,#9846,.T.);
#9846 = CIRCLE('',#9847,0.999999252925);
#9847 = AXIS2_PLACEMENT_3D('',#9848,#9849,#9850);
#9848 = CARTESIAN_POINT('',(78.250000747075,-37.24999925292,0.));
#9849 = DIRECTION('',(0.,0.,-1.));
#9850 = DIRECTION('',(-7.470757349539E-07,1.,0.));
#9851 = CYLINDRICAL_SURFACE('',#9852,0.999999252925);
#9852 = AXIS2_PLACEMENT_3D('',#9853,#9854,#9855);
#9853 = CARTESIAN_POINT('',(78.250000747075,-37.24999925292,0.));
#9854 = DIRECTION('',(0.,0.,-1.));
#9855 = DIRECTION('',(-7.470757349539E-07,1.,0.));
#9856 = ADVANCED_FACE('',(#9857),#9882,.T.);
#9857 = FACE_BOUND('',#9858,.T.);
#9858 = EDGE_LOOP('',(#9859,#9869,#9875,#9876));
#9859 = ORIENTED_EDGE('',*,*,#9860,.T.);
#9860 = EDGE_CURVE('',#9861,#9863,#9865,.T.);
#9861 = VERTEX_POINT('',#9862);
#9862 = CARTESIAN_POINT('',(55.25,-36.25,0.));
#9863 = VERTEX_POINT('',#9864);
#9864 = CARTESIAN_POINT('',(55.25,-36.25,1.51));
#9865 = LINE('',#9866,#9867);
#9866 = CARTESIAN_POINT('',(55.25,-36.25,0.));
#9867 = VECTOR('',#9868,1.);
#9868 = DIRECTION('',(0.,0.,1.));
#9869 = ORIENTED_EDGE('',*,*,#9870,.T.);
#9870 = EDGE_CURVE('',#9863,#9821,#9871,.T.);
#9871 = LINE('',#9872,#9873);
#9872 = CARTESIAN_POINT('',(55.25,-36.25,1.51));
#9873 = VECTOR('',#9874,1.);
#9874 = DIRECTION('',(1.,0.,0.));
#9875 = ORIENTED_EDGE('',*,*,#9818,.F.);
#9876 = ORIENTED_EDGE('',*,*,#9877,.F.);
#9877 = EDGE_CURVE('',#9861,#9819,#9878,.T.);
#9878 = LINE('',#9879,#9880);
#9879 = CARTESIAN_POINT('',(55.25,-36.25,0.));
#9880 = VECTOR('',#9881,1.);
#9881 = DIRECTION('',(1.,0.,0.));
#9882 = PLANE('',#9883);
#9883 = AXIS2_PLACEMENT_3D('',#9884,#9885,#9886);
#9884 = CARTESIAN_POINT('',(55.25,-36.25,0.));
#9885 = DIRECTION('',(0.,1.,0.));
#9886 = DIRECTION('',(1.,0.,0.));
#9887 = ADVANCED_FACE('',(#9888),#9913,.T.);
#9888 = FACE_BOUND('',#9889,.T.);
#9889 = EDGE_LOOP('',(#9890,#9891,#9899,#9907));
#9890 = ORIENTED_EDGE('',*,*,#9837,.T.);
#9891 = ORIENTED_EDGE('',*,*,#9892,.T.);
#9892 = EDGE_CURVE('',#9829,#9893,#9895,.T.);
#9893 = VERTEX_POINT('',#9894);
#9894 = CARTESIAN_POINT('',(79.25,-55.25,1.51));
#9895 = LINE('',#9896,#9897);
#9896 = CARTESIAN_POINT('',(79.25,-37.25,1.51));
#9897 = VECTOR('',#9898,1.);
#9898 = DIRECTION('',(0.,-1.,0.));
#9899 = ORIENTED_EDGE('',*,*,#9900,.F.);
#9900 = EDGE_CURVE('',#9901,#9893,#9903,.T.);
#9901 = VERTEX_POINT('',#9902);
#9902 = CARTESIAN_POINT('',(79.25,-55.25,0.));
#9903 = LINE('',#9904,#9905);
#9904 = CARTESIAN_POINT('',(79.25,-55.25,0.));
#9905 = VECTOR('',#9906,1.);
#9906 = DIRECTION('',(0.,0.,1.));
#9907 = ORIENTED_EDGE('',*,*,#9908,.F.);
#9908 = EDGE_CURVE('',#9838,#9901,#9909,.T.);
#9909 = LINE('',#9910,#9911);
#9910 = CARTESIAN_POINT('',(79.25,-37.25,0.));
#9911 = VECTOR('',#9912,1.);
#9912 = DIRECTION('',(0.,-1.,0.));
#9913 = PLANE('',#9914);
#9914 = AXIS2_PLACEMENT_3D('',#9915,#9916,#9917);
#9915 = CARTESIAN_POINT('',(79.25,-37.25,0.));
#9916 = DIRECTION('',(1.,0.,-0.));
#9917 = DIRECTION('',(0.,-1.,0.));
#9918 = ADVANCED_FACE('',(#9919,#9965,#10001,#10037,#10073,#10084),
  #10095,.F.);
#9919 = FACE_BOUND('',#9920,.F.);
#9920 = EDGE_LOOP('',(#9921,#9922,#9923,#9932,#9940,#9949,#9957,#9964));
#9921 = ORIENTED_EDGE('',*,*,#9845,.F.);
#9922 = ORIENTED_EDGE('',*,*,#9877,.F.);
#9923 = ORIENTED_EDGE('',*,*,#9924,.F.);
#9924 = EDGE_CURVE('',#9925,#9861,#9927,.T.);
#9925 = VERTEX_POINT('',#9926);
#9926 = CARTESIAN_POINT('',(54.25,-37.25,0.));
#9927 = CIRCLE('',#9928,0.999999252925);
#9928 = AXIS2_PLACEMENT_3D('',#9929,#9930,#9931);
#9929 = CARTESIAN_POINT('',(55.249999252925,-37.24999925292,0.));
#9930 = DIRECTION('',(0.,0.,-1.));
#9931 = DIRECTION('',(-1.,-7.470757491648E-07,-0.));
#9932 = ORIENTED_EDGE('',*,*,#9933,.F.);
#9933 = EDGE_CURVE('',#9934,#9925,#9936,.T.);
#9934 = VERTEX_POINT('',#9935);
#9935 = CARTESIAN_POINT('',(54.25,-55.25,0.));
#9936 = LINE('',#9937,#9938);
#9937 = CARTESIAN_POINT('',(54.25,-55.25,0.));
#9938 = VECTOR('',#9939,1.);
#9939 = DIRECTION('',(0.,1.,0.));
#9940 = ORIENTED_EDGE('',*,*,#9941,.F.);
#9941 = EDGE_CURVE('',#9942,#9934,#9944,.T.);
#9942 = VERTEX_POINT('',#9943);
#9943 = CARTESIAN_POINT('',(55.25,-56.25,0.));
#9944 = CIRCLE('',#9945,0.999999252925);
#9945 = AXIS2_PLACEMENT_3D('',#9946,#9947,#9948);
#9946 = CARTESIAN_POINT('',(55.249999252925,-55.25000074707,0.));
#9947 = DIRECTION('',(0.,0.,-1.));
#9948 = DIRECTION('',(7.470757491648E-07,-1.,0.));
#9949 = ORIENTED_EDGE('',*,*,#9950,.F.);
#9950 = EDGE_CURVE('',#9951,#9942,#9953,.T.);
#9951 = VERTEX_POINT('',#9952);
#9952 = CARTESIAN_POINT('',(78.25,-56.25,0.));
#9953 = LINE('',#9954,#9955);
#9954 = CARTESIAN_POINT('',(78.25,-56.25,0.));
#9955 = VECTOR('',#9956,1.);
#9956 = DIRECTION('',(-1.,0.,0.));
#9957 = ORIENTED_EDGE('',*,*,#9958,.F.);
#9958 = EDGE_CURVE('',#9901,#9951,#9959,.T.);
#9959 = CIRCLE('',#9960,0.999999252925);
#9960 = AXIS2_PLACEMENT_3D('',#9961,#9962,#9963);
#9961 = CARTESIAN_POINT('',(78.250000747075,-55.25000074707,0.));
#9962 = DIRECTION('',(0.,0.,-1.));
#9963 = DIRECTION('',(1.,7.470757349539E-07,0.));
#9964 = ORIENTED_EDGE('',*,*,#9908,.F.);
#9965 = FACE_BOUND('',#9966,.F.);
#9966 = EDGE_LOOP('',(#9967,#9978,#9986,#9995));
#9967 = ORIENTED_EDGE('',*,*,#9968,.T.);
#9968 = EDGE_CURVE('',#9969,#9971,#9973,.T.);
#9969 = VERTEX_POINT('',#9970);
#9970 = CARTESIAN_POINT('',(62.1,-50.5575,0.));
#9971 = VERTEX_POINT('',#9972);
#9972 = CARTESIAN_POINT('',(63.1,-50.5575,0.));
#9973 = CIRCLE('',#9974,0.5);
#9974 = AXIS2_PLACEMENT_3D('',#9975,#9976,#9977);
#9975 = CARTESIAN_POINT('',(62.6,-50.5575,0.));
#9976 = DIRECTION('',(0.,-0.,-1.));
#9977 = DIRECTION('',(1.,0.,-0.));
#9978 = ORIENTED_EDGE('',*,*,#9979,.T.);
#9979 = EDGE_CURVE('',#9971,#9980,#9982,.T.);
#9980 = VERTEX_POINT('',#9981);
#9981 = CARTESIAN_POINT('',(63.1,-52.5575,0.));
#9982 = LINE('',#9983,#9984);
#9983 = CARTESIAN_POINT('',(63.1,-26.27875,0.));
#9984 = VECTOR('',#9985,1.);
#9985 = DIRECTION('',(0.,-1.,0.));
#9986 = ORIENTED_EDGE('',*,*,#9987,.T.);
#9987 = EDGE_CURVE('',#9980,#9988,#9990,.T.);
#9988 = VERTEX_POINT('',#9989);
#9989 = CARTESIAN_POINT('',(62.1,-52.5575,0.));
#9990 = CIRCLE('',#9991,0.5);
#9991 = AXIS2_PLACEMENT_3D('',#9992,#9993,#9994);
#9992 = CARTESIAN_POINT('',(62.6,-52.5575,0.));
#9993 = DIRECTION('',(-0.,0.,-1.));
#9994 = DIRECTION('',(-1.,0.,0.));
#9995 = ORIENTED_EDGE('',*,*,#9996,.T.);
#9996 = EDGE_CURVE('',#9988,#9969,#9997,.T.);
#9997 = LINE('',#9998,#9999);
#9998 = CARTESIAN_POINT('',(62.1,-25.27875,0.));
#9999 = VECTOR('',#10000,1.);
#10000 = DIRECTION('',(-0.,1.,0.));
#10001 = FACE_BOUND('',#10002,.F.);
#10002 = EDGE_LOOP('',(#10003,#10014,#10022,#10031));
#10003 = ORIENTED_EDGE('',*,*,#10004,.T.);
#10004 = EDGE_CURVE('',#10005,#10007,#10009,.T.);
#10005 = VERTEX_POINT('',#10006);
#10006 = CARTESIAN_POINT('',(64.6,-47.3575,0.));
#10007 = VERTEX_POINT('',#10008);
#10008 = CARTESIAN_POINT('',(64.6,-46.3575,0.));
#10009 = CIRCLE('',#10010,0.5);
#10010 = AXIS2_PLACEMENT_3D('',#10011,#10012,#10013);
#10011 = CARTESIAN_POINT('',(64.6,-46.8575,0.));
#10012 = DIRECTION('',(-0.,0.,-1.));
#10013 = DIRECTION('',(0.,1.,0.));
#10014 = ORIENTED_EDGE('',*,*,#10015,.T.);
#10015 = EDGE_CURVE('',#10007,#10016,#10018,.T.);
#10016 = VERTEX_POINT('',#10017);
#10017 = CARTESIAN_POINT('',(66.6,-46.3575,0.));
#10018 = LINE('',#10019,#10020);
#10019 = CARTESIAN_POINT('',(33.3,-46.3575,0.));
#10020 = VECTOR('',#10021,1.);
#10021 = DIRECTION('',(1.,0.,-0.));
#10022 = ORIENTED_EDGE('',*,*,#10023,.T.);
#10023 = EDGE_CURVE('',#10016,#10024,#10026,.T.);
#10024 = VERTEX_POINT('',#10025);
#10025 = CARTESIAN_POINT('',(66.6,-47.3575,0.));
#10026 = CIRCLE('',#10027,0.5);
#10027 = AXIS2_PLACEMENT_3D('',#10028,#10029,#10030);
#10028 = CARTESIAN_POINT('',(66.6,-46.8575,0.));
#10029 = DIRECTION('',(-0.,0.,-1.));
#10030 = DIRECTION('',(-0.,-1.,0.));
#10031 = ORIENTED_EDGE('',*,*,#10032,.T.);
#10032 = EDGE_CURVE('',#10024,#10005,#10033,.T.);
#10033 = LINE('',#10034,#10035);
#10034 = CARTESIAN_POINT('',(32.3,-47.3575,0.));
#10035 = VECTOR('',#10036,1.);
#10036 = DIRECTION('',(-1.,0.,0.));
#10037 = FACE_BOUND('',#10038,.F.);
#10038 = EDGE_LOOP('',(#10039,#10050,#10058,#10067));
#10039 = ORIENTED_EDGE('',*,*,#10040,.T.);
#10040 = EDGE_CURVE('',#10041,#10043,#10045,.T.);
#10041 = VERTEX_POINT('',#10042);
#10042 = CARTESIAN_POINT('',(68.1,-50.5575,0.));
#10043 = VERTEX_POINT('',#10044);
#10044 = CARTESIAN_POINT('',(69.1,-50.5575,0.));
#10045 = CIRCLE('',#10046,0.5);
#10046 = AXIS2_PLACEMENT_3D('',#10047,#10048,#10049);
#10047 = CARTESIAN_POINT('',(68.6,-50.5575,0.));
#10048 = DIRECTION('',(0.,-0.,-1.));
#10049 = DIRECTION('',(1.,0.,-0.));
#10050 = ORIENTED_EDGE('',*,*,#10051,.T.);
#10051 = EDGE_CURVE('',#10043,#10052,#10054,.T.);
#10052 = VERTEX_POINT('',#10053);
#10053 = CARTESIAN_POINT('',(69.1,-52.5575,0.));
#10054 = LINE('',#10055,#10056);
#10055 = CARTESIAN_POINT('',(69.1,-26.27875,0.));
#10056 = VECTOR('',#10057,1.);
#10057 = DIRECTION('',(0.,-1.,0.));
#10058 = ORIENTED_EDGE('',*,*,#10059,.T.);
#10059 = EDGE_CURVE('',#10052,#10060,#10062,.T.);
#10060 = VERTEX_POINT('',#10061);
#10061 = CARTESIAN_POINT('',(68.1,-52.5575,0.));
#10062 = CIRCLE('',#10063,0.5);
#10063 = AXIS2_PLACEMENT_3D('',#10064,#10065,#10066);
#10064 = CARTESIAN_POINT('',(68.6,-52.5575,0.));
#10065 = DIRECTION('',(-0.,0.,-1.));
#10066 = DIRECTION('',(-1.,0.,0.));
#10067 = ORIENTED_EDGE('',*,*,#10068,.T.);
#10068 = EDGE_CURVE('',#10060,#10041,#10069,.T.);
#10069 = LINE('',#10070,#10071);
#10070 = CARTESIAN_POINT('',(68.1,-25.27875,0.));
#10071 = VECTOR('',#10072,1.);
#10072 = DIRECTION('',(-0.,1.,0.));
#10073 = FACE_BOUND('',#10074,.F.);
#10074 = EDGE_LOOP('',(#10075));
#10075 = ORIENTED_EDGE('',*,*,#10076,.T.);
#10076 = EDGE_CURVE('',#10077,#10077,#10079,.T.);
#10077 = VERTEX_POINT('',#10078);
#10078 = CARTESIAN_POINT('',(66.06,-41.6,0.));
#10079 = CIRCLE('',#10080,0.6);
#10080 = AXIS2_PLACEMENT_3D('',#10081,#10082,#10083);
#10081 = CARTESIAN_POINT('',(66.06,-41.,0.));
#10082 = DIRECTION('',(-0.,0.,-1.));
#10083 = DIRECTION('',(-0.,-1.,0.));
#10084 = FACE_BOUND('',#10085,.F.);
#10085 = EDGE_LOOP('',(#10086));
#10086 = ORIENTED_EDGE('',*,*,#10087,.T.);
#10087 = EDGE_CURVE('',#10088,#10088,#10090,.T.);
#10088 = VERTEX_POINT('',#10089);
#10089 = CARTESIAN_POINT('',(68.6,-41.6,0.));
#10090 = CIRCLE('',#10091,0.6);
#10091 = AXIS2_PLACEMENT_3D('',#10092,#10093,#10094);
#10092 = CARTESIAN_POINT('',(68.6,-41.,0.));
#10093 = DIRECTION('',(-0.,0.,-1.));
#10094 = DIRECTION('',(-0.,-1.,0.));
#10095 = PLANE('',#10096);
#10096 = AXIS2_PLACEMENT_3D('',#10097,#10098,#10099);
#10097 = CARTESIAN_POINT('',(0.,0.,0.));
#10098 = DIRECTION('',(0.,0.,1.));
#10099 = DIRECTION('',(1.,0.,-0.));
#10100 = ADVANCED_FACE('',(#10101,#10147,#10183,#10219,#10255,#10266),
  #10277,.T.);
#10101 = FACE_BOUND('',#10102,.T.);
#10102 = EDGE_LOOP('',(#10103,#10104,#10105,#10114,#10122,#10131,#10139,
    #10146));
#10103 = ORIENTED_EDGE('',*,*,#9828,.F.);
#10104 = ORIENTED_EDGE('',*,*,#9870,.F.);
#10105 = ORIENTED_EDGE('',*,*,#10106,.F.);
#10106 = EDGE_CURVE('',#10107,#9863,#10109,.T.);
#10107 = VERTEX_POINT('',#10108);
#10108 = CARTESIAN_POINT('',(54.25,-37.25,1.51));
#10109 = CIRCLE('',#10110,0.999999252925);
#10110 = AXIS2_PLACEMENT_3D('',#10111,#10112,#10113);
#10111 = CARTESIAN_POINT('',(55.249999252925,-37.24999925292,1.51));
#10112 = DIRECTION('',(0.,0.,-1.));
#10113 = DIRECTION('',(-1.,-7.470757491648E-07,-0.));
#10114 = ORIENTED_EDGE('',*,*,#10115,.F.);
#10115 = EDGE_CURVE('',#10116,#10107,#10118,.T.);
#10116 = VERTEX_POINT('',#10117);
#10117 = CARTESIAN_POINT('',(54.25,-55.25,1.51));
#10118 = LINE('',#10119,#10120);
#10119 = CARTESIAN_POINT('',(54.25,-55.25,1.51));
#10120 = VECTOR('',#10121,1.);
#10121 = DIRECTION('',(0.,1.,0.));
#10122 = ORIENTED_EDGE('',*,*,#10123,.F.);
#10123 = EDGE_CURVE('',#10124,#10116,#10126,.T.);
#10124 = VERTEX_POINT('',#10125);
#10125 = CARTESIAN_POINT('',(55.25,-56.25,1.51));
#10126 = CIRCLE('',#10127,0.999999252925);
#10127 = AXIS2_PLACEMENT_3D('',#10128,#10129,#10130);
#10128 = CARTESIAN_POINT('',(55.249999252925,-55.25000074707,1.51));
#10129 = DIRECTION('',(0.,0.,-1.));
#10130 = DIRECTION('',(7.470757491648E-07,-1.,0.));
#10131 = ORIENTED_EDGE('',*,*,#10132,.F.);
#10132 = EDGE_CURVE('',#10133,#10124,#10135,.T.);
#10133 = VERTEX_POINT('',#10134);
#10134 = CARTESIAN_POINT('',(78.25,-56.25,1.51));
#10135 = LINE('',#10136,#10137);
#10136 = CARTESIAN_POINT('',(78.25,-56.25,1.51));
#10137 = VECTOR('',#10138,1.);
#10138 = DIRECTION('',(-1.,0.,0.));
#10139 = ORIENTED_EDGE('',*,*,#10140,.F.);
#10140 = EDGE_CURVE('',#9893,#10133,#10141,.T.);
#10141 = CIRCLE('',#10142,0.999999252925);
#10142 = AXIS2_PLACEMENT_3D('',#10143,#10144,#10145);
#10143 = CARTESIAN_POINT('',(78.250000747075,-55.25000074707,1.51));
#10144 = DIRECTION('',(0.,0.,-1.));
#10145 = DIRECTION('',(1.,7.470757349539E-07,0.));
#10146 = ORIENTED_EDGE('',*,*,#9892,.F.);
#10147 = FACE_BOUND('',#10148,.T.);
#10148 = EDGE_LOOP('',(#10149,#10160,#10168,#10177));
#10149 = ORIENTED_EDGE('',*,*,#10150,.T.);
#10150 = EDGE_CURVE('',#10151,#10153,#10155,.T.);
#10151 = VERTEX_POINT('',#10152);
#10152 = CARTESIAN_POINT('',(62.1,-50.5575,1.51));
#10153 = VERTEX_POINT('',#10154);
#10154 = CARTESIAN_POINT('',(63.1,-50.5575,1.51));
#10155 = CIRCLE('',#10156,0.5);
#10156 = AXIS2_PLACEMENT_3D('',#10157,#10158,#10159);
#10157 = CARTESIAN_POINT('',(62.6,-50.5575,1.51));
#10158 = DIRECTION('',(0.,-0.,-1.));
#10159 = DIRECTION('',(1.,0.,-0.));
#10160 = ORIENTED_EDGE('',*,*,#10161,.T.);
#10161 = EDGE_CURVE('',#10153,#10162,#10164,.T.);
#10162 = VERTEX_POINT('',#10163);
#10163 = CARTESIAN_POINT('',(63.1,-52.5575,1.51));
#10164 = LINE('',#10165,#10166);
#10165 = CARTESIAN_POINT('',(63.1,-26.27875,1.51));
#10166 = VECTOR('',#10167,1.);
#10167 = DIRECTION('',(0.,-1.,0.));
#10168 = ORIENTED_EDGE('',*,*,#10169,.T.);
#10169 = EDGE_CURVE('',#10162,#10170,#10172,.T.);
#10170 = VERTEX_POINT('',#10171);
#10171 = CARTESIAN_POINT('',(62.1,-52.5575,1.51));
#10172 = CIRCLE('',#10173,0.5);
#10173 = AXIS2_PLACEMENT_3D('',#10174,#10175,#10176);
#10174 = CARTESIAN_POINT('',(62.6,-52.5575,1.51));
#10175 = DIRECTION('',(-0.,0.,-1.));
#10176 = DIRECTION('',(-1.,0.,0.));
#10177 = ORIENTED_EDGE('',*,*,#10178,.T.);
#10178 = EDGE_CURVE('',#10170,#10151,#10179,.T.);
#10179 = LINE('',#10180,#10181);
#10180 = CARTESIAN_POINT('',(62.1,-25.27875,1.51));
#10181 = VECTOR('',#10182,1.);
#10182 = DIRECTION('',(-0.,1.,0.));
#10183 = FACE_BOUND('',#10184,.T.);
#10184 = EDGE_LOOP('',(#10185,#10196,#10204,#10213));
#10185 = ORIENTED_EDGE('',*,*,#10186,.T.);
#10186 = EDGE_CURVE('',#10187,#10189,#10191,.T.);
#10187 = VERTEX_POINT('',#10188);
#10188 = CARTESIAN_POINT('',(64.6,-47.3575,1.51));
#10189 = VERTEX_POINT('',#10190);
#10190 = CARTESIAN_POINT('',(64.6,-46.3575,1.51));
#10191 = CIRCLE('',#10192,0.5);
#10192 = AXIS2_PLACEMENT_3D('',#10193,#10194,#10195);
#10193 = CARTESIAN_POINT('',(64.6,-46.8575,1.51));
#10194 = DIRECTION('',(-0.,0.,-1.));
#10195 = DIRECTION('',(0.,1.,0.));
#10196 = ORIENTED_EDGE('',*,*,#10197,.T.);
#10197 = EDGE_CURVE('',#10189,#10198,#10200,.T.);
#10198 = VERTEX_POINT('',#10199);
#10199 = CARTESIAN_POINT('',(66.6,-46.3575,1.51));
#10200 = LINE('',#10201,#10202);
#10201 = CARTESIAN_POINT('',(33.3,-46.3575,1.51));
#10202 = VECTOR('',#10203,1.);
#10203 = DIRECTION('',(1.,0.,-0.));
#10204 = ORIENTED_EDGE('',*,*,#10205,.T.);
#10205 = EDGE_CURVE('',#10198,#10206,#10208,.T.);
#10206 = VERTEX_POINT('',#10207);
#10207 = CARTESIAN_POINT('',(66.6,-47.3575,1.51));
#10208 = CIRCLE('',#10209,0.5);
#10209 = AXIS2_PLACEMENT_3D('',#10210,#10211,#10212);
#10210 = CARTESIAN_POINT('',(66.6,-46.8575,1.51));
#10211 = DIRECTION('',(-0.,0.,-1.));
#10212 = DIRECTION('',(-0.,-1.,0.));
#10213 = ORIENTED_EDGE('',*,*,#10214,.T.);
#10214 = EDGE_CURVE('',#10206,#10187,#10215,.T.);
#10215 = LINE('',#10216,#10217);
#10216 = CARTESIAN_POINT('',(32.3,-47.3575,1.51));
#10217 = VECTOR('',#10218,1.);
#10218 = DIRECTION('',(-1.,0.,0.));
#10219 = FACE_BOUND('',#10220,.T.);
#10220 = EDGE_LOOP('',(#10221,#10232,#10240,#10249));
#10221 = ORIENTED_EDGE('',*,*,#10222,.T.);
#10222 = EDGE_CURVE('',#10223,#10225,#10227,.T.);
#10223 = VERTEX_POINT('',#10224);
#10224 = CARTESIAN_POINT('',(68.1,-50.5575,1.51));
#10225 = VERTEX_POINT('',#10226);
#10226 = CARTESIAN_POINT('',(69.1,-50.5575,1.51));
#10227 = CIRCLE('',#10228,0.5);
#10228 = AXIS2_PLACEMENT_3D('',#10229,#10230,#10231);
#10229 = CARTESIAN_POINT('',(68.6,-50.5575,1.51));
#10230 = DIRECTION('',(0.,-0.,-1.));
#10231 = DIRECTION('',(1.,0.,-0.));
#10232 = ORIENTED_EDGE('',*,*,#10233,.T.);
#10233 = EDGE_CURVE('',#10225,#10234,#10236,.T.);
#10234 = VERTEX_POINT('',#10235);
#10235 = CARTESIAN_POINT('',(69.1,-52.5575,1.51));
#10236 = LINE('',#10237,#10238);
#10237 = CARTESIAN_POINT('',(69.1,-26.27875,1.51));
#10238 = VECTOR('',#10239,1.);
#10239 = DIRECTION('',(0.,-1.,0.));
#10240 = ORIENTED_EDGE('',*,*,#10241,.T.);
#10241 = EDGE_CURVE('',#10234,#10242,#10244,.T.);
#10242 = VERTEX_POINT('',#10243);
#10243 = CARTESIAN_POINT('',(68.1,-52.5575,1.51));
#10244 = CIRCLE('',#10245,0.5);
#10245 = AXIS2_PLACEMENT_3D('',#10246,#10247,#10248);
#10246 = CARTESIAN_POINT('',(68.6,-52.5575,1.51));
#10247 = DIRECTION('',(-0.,0.,-1.));
#10248 = DIRECTION('',(-1.,0.,0.));
#10249 = ORIENTED_EDGE('',*,*,#10250,.T.);
#10250 = EDGE_CURVE('',#10242,#10223,#10251,.T.);
#10251 = LINE('',#10252,#10253);
#10252 = CARTESIAN_POINT('',(68.1,-25.27875,1.51));
#10253 = VECTOR('',#10254,1.);
#10254 = DIRECTION('',(-0.,1.,0.));
#10255 = FACE_BOUND('',#10256,.T.);
#10256 = EDGE_LOOP('',(#10257));
#10257 = ORIENTED_EDGE('',*,*,#10258,.T.);
#10258 = EDGE_CURVE('',#10259,#10259,#10261,.T.);
#10259 = VERTEX_POINT('',#10260);
#10260 = CARTESIAN_POINT('',(66.06,-41.6,1.51));
#10261 = CIRCLE('',#10262,0.6);
#10262 = AXIS2_PLACEMENT_3D('',#10263,#10264,#10265);
#10263 = CARTESIAN_POINT('',(66.06,-41.,1.51));
#10264 = DIRECTION('',(-0.,0.,-1.));
#10265 = DIRECTION('',(-0.,-1.,0.));
#10266 = FACE_BOUND('',#10267,.T.);
#10267 = EDGE_LOOP('',(#10268));
#10268 = ORIENTED_EDGE('',*,*,#10269,.T.);
#10269 = EDGE_CURVE('',#10270,#10270,#10272,.T.);
#10270 = VERTEX_POINT('',#10271);
#10271 = CARTESIAN_POINT('',(68.6,-41.6,1.51));
#10272 = CIRCLE('',#10273,0.6);
#10273 = AXIS2_PLACEMENT_3D('',#10274,#10275,#10276);
#10274 = CARTESIAN_POINT('',(68.6,-41.,1.51));
#10275 = DIRECTION('',(-0.,0.,-1.));
#10276 = DIRECTION('',(-0.,-1.,0.));
#10277 = PLANE('',#10278);
#10278 = AXIS2_PLACEMENT_3D('',#10279,#10280,#10281);
#10279 = CARTESIAN_POINT('',(0.,0.,1.51));
#10280 = DIRECTION('',(0.,0.,1.));
#10281 = DIRECTION('',(1.,0.,-0.));
#10282 = ADVANCED_FACE('',(#10283),#10294,.T.);
#10283 = FACE_BOUND('',#10284,.T.);
#10284 = EDGE_LOOP('',(#10285,#10291,#10292,#10293));
#10285 = ORIENTED_EDGE('',*,*,#10286,.T.);
#10286 = EDGE_CURVE('',#9925,#10107,#10287,.T.);
#10287 = LINE('',#10288,#10289);
#10288 = CARTESIAN_POINT('',(54.25,-37.25,0.));
#10289 = VECTOR('',#10290,1.);
#10290 = DIRECTION('',(0.,0.,1.));
#10291 = ORIENTED_EDGE('',*,*,#10106,.T.);
#10292 = ORIENTED_EDGE('',*,*,#9860,.F.);
#10293 = ORIENTED_EDGE('',*,*,#9924,.F.);
#10294 = CYLINDRICAL_SURFACE('',#10295,0.999999252925);
#10295 = AXIS2_PLACEMENT_3D('',#10296,#10297,#10298);
#10296 = CARTESIAN_POINT('',(55.249999252925,-37.24999925292,0.));
#10297 = DIRECTION('',(0.,0.,-1.));
#10298 = DIRECTION('',(-1.,-7.470757491648E-07,-0.));
#10299 = ADVANCED_FACE('',(#10300),#10311,.T.);
#10300 = FACE_BOUND('',#10301,.T.);
#10301 = EDGE_LOOP('',(#10302,#10303,#10304,#10310));
#10302 = ORIENTED_EDGE('',*,*,#9900,.T.);
#10303 = ORIENTED_EDGE('',*,*,#10140,.T.);
#10304 = ORIENTED_EDGE('',*,*,#10305,.F.);
#10305 = EDGE_CURVE('',#9951,#10133,#10306,.T.);
#10306 = LINE('',#10307,#10308);
#10307 = CARTESIAN_POINT('',(78.25,-56.25,0.));
#10308 = VECTOR('',#10309,1.);
#10309 = DIRECTION('',(0.,0.,1.));
#10310 = ORIENTED_EDGE('',*,*,#9958,.F.);
#10311 = CYLINDRICAL_SURFACE('',#10312,0.999999252925);
#10312 = AXIS2_PLACEMENT_3D('',#10313,#10314,#10315);
#10313 = CARTESIAN_POINT('',(78.250000747075,-55.25000074707,0.));
#10314 = DIRECTION('',(0.,0.,-1.));
#10315 = DIRECTION('',(1.,7.470757349539E-07,0.));
#10316 = ADVANCED_FACE('',(#10317),#10328,.T.);
#10317 = FACE_BOUND('',#10318,.T.);
#10318 = EDGE_LOOP('',(#10319,#10325,#10326,#10327));
#10319 = ORIENTED_EDGE('',*,*,#10320,.T.);
#10320 = EDGE_CURVE('',#9934,#10116,#10321,.T.);
#10321 = LINE('',#10322,#10323);
#10322 = CARTESIAN_POINT('',(54.25,-55.25,0.));
#10323 = VECTOR('',#10324,1.);
#10324 = DIRECTION('',(0.,0.,1.));
#10325 = ORIENTED_EDGE('',*,*,#10115,.T.);
#10326 = ORIENTED_EDGE('',*,*,#10286,.F.);
#10327 = ORIENTED_EDGE('',*,*,#9933,.F.);
#10328 = PLANE('',#10329);
#10329 = AXIS2_PLACEMENT_3D('',#10330,#10331,#10332);
#10330 = CARTESIAN_POINT('',(54.25,-55.25,0.));
#10331 = DIRECTION('',(-1.,0.,0.));
#10332 = DIRECTION('',(0.,1.,0.));
#10333 = ADVANCED_FACE('',(#10334),#10345,.T.);
#10334 = FACE_BOUND('',#10335,.T.);
#10335 = EDGE_LOOP('',(#10336,#10337,#10338,#10344));
#10336 = ORIENTED_EDGE('',*,*,#10305,.T.);
#10337 = ORIENTED_EDGE('',*,*,#10132,.T.);
#10338 = ORIENTED_EDGE('',*,*,#10339,.F.);
#10339 = EDGE_CURVE('',#9942,#10124,#10340,.T.);
#10340 = LINE('',#10341,#10342);
#10341 = CARTESIAN_POINT('',(55.25,-56.25,0.));
#10342 = VECTOR('',#10343,1.);
#10343 = DIRECTION('',(0.,0.,1.));
#10344 = ORIENTED_EDGE('',*,*,#9950,.F.);
#10345 = PLANE('',#10346);
#10346 = AXIS2_PLACEMENT_3D('',#10347,#10348,#10349);
#10347 = CARTESIAN_POINT('',(78.25,-56.25,0.));
#10348 = DIRECTION('',(0.,-1.,0.));
#10349 = DIRECTION('',(-1.,0.,0.));
#10350 = ADVANCED_FACE('',(#10351),#10357,.T.);
#10351 = FACE_BOUND('',#10352,.T.);
#10352 = EDGE_LOOP('',(#10353,#10354,#10355,#10356));
#10353 = ORIENTED_EDGE('',*,*,#10339,.T.);
#10354 = ORIENTED_EDGE('',*,*,#10123,.T.);
#10355 = ORIENTED_EDGE('',*,*,#10320,.F.);
#10356 = ORIENTED_EDGE('',*,*,#9941,.F.);
#10357 = CYLINDRICAL_SURFACE('',#10358,0.999999252925);
#10358 = AXIS2_PLACEMENT_3D('',#10359,#10360,#10361);
#10359 = CARTESIAN_POINT('',(55.249999252925,-55.25000074707,0.));
#10360 = DIRECTION('',(0.,0.,-1.));
#10361 = DIRECTION('',(7.470757491648E-07,-1.,0.));
#10362 = ADVANCED_FACE('',(#10363),#10379,.F.);
#10363 = FACE_BOUND('',#10364,.T.);
#10364 = EDGE_LOOP('',(#10365,#10366,#10372,#10373));
#10365 = ORIENTED_EDGE('',*,*,#9968,.T.);
#10366 = ORIENTED_EDGE('',*,*,#10367,.T.);
#10367 = EDGE_CURVE('',#9971,#10153,#10368,.T.);
#10368 = LINE('',#10369,#10370);
#10369 = CARTESIAN_POINT('',(63.1,-50.5575,-4.6E-02));
#10370 = VECTOR('',#10371,1.);
#10371 = DIRECTION('',(0.,0.,1.));
#10372 = ORIENTED_EDGE('',*,*,#10150,.F.);
#10373 = ORIENTED_EDGE('',*,*,#10374,.F.);
#10374 = EDGE_CURVE('',#9969,#10151,#10375,.T.);
#10375 = LINE('',#10376,#10377);
#10376 = CARTESIAN_POINT('',(62.1,-50.5575,-4.6E-02));
#10377 = VECTOR('',#10378,1.);
#10378 = DIRECTION('',(0.,0.,1.));
#10379 = CYLINDRICAL_SURFACE('',#10380,0.5);
#10380 = AXIS2_PLACEMENT_3D('',#10381,#10382,#10383);
#10381 = CARTESIAN_POINT('',(62.6,-50.5575,-4.6E-02));
#10382 = DIRECTION('',(-0.,-0.,-1.));
#10383 = DIRECTION('',(1.,0.,-0.));
#10384 = ADVANCED_FACE('',(#10385),#10396,.T.);
#10385 = FACE_BOUND('',#10386,.T.);
#10386 = EDGE_LOOP('',(#10387,#10388,#10389,#10390));
#10387 = ORIENTED_EDGE('',*,*,#9996,.T.);
#10388 = ORIENTED_EDGE('',*,*,#10374,.T.);
#10389 = ORIENTED_EDGE('',*,*,#10178,.F.);
#10390 = ORIENTED_EDGE('',*,*,#10391,.F.);
#10391 = EDGE_CURVE('',#9988,#10170,#10392,.T.);
#10392 = LINE('',#10393,#10394);
#10393 = CARTESIAN_POINT('',(62.1,-52.5575,-4.6E-02));
#10394 = VECTOR('',#10395,1.);
#10395 = DIRECTION('',(0.,0.,1.));
#10396 = PLANE('',#10397);
#10397 = AXIS2_PLACEMENT_3D('',#10398,#10399,#10400);
#10398 = CARTESIAN_POINT('',(62.1,-50.5575,-4.6E-02));
#10399 = DIRECTION('',(1.,0.,-0.));
#10400 = DIRECTION('',(0.,-1.,0.));
#10401 = ADVANCED_FACE('',(#10402),#10413,.F.);
#10402 = FACE_BOUND('',#10403,.T.);
#10403 = EDGE_LOOP('',(#10404,#10405,#10406,#10407));
#10404 = ORIENTED_EDGE('',*,*,#9987,.T.);
#10405 = ORIENTED_EDGE('',*,*,#10391,.T.);
#10406 = ORIENTED_EDGE('',*,*,#10169,.F.);
#10407 = ORIENTED_EDGE('',*,*,#10408,.F.);
#10408 = EDGE_CURVE('',#9980,#10162,#10409,.T.);
#10409 = LINE('',#10410,#10411);
#10410 = CARTESIAN_POINT('',(63.1,-52.5575,-4.6E-02));
#10411 = VECTOR('',#10412,1.);
#10412 = DIRECTION('',(0.,0.,1.));
#10413 = CYLINDRICAL_SURFACE('',#10414,0.5);
#10414 = AXIS2_PLACEMENT_3D('',#10415,#10416,#10417);
#10415 = CARTESIAN_POINT('',(62.6,-52.5575,-4.6E-02));
#10416 = DIRECTION('',(-0.,-0.,-1.));
#10417 = DIRECTION('',(-1.,0.,-0.));
#10418 = ADVANCED_FACE('',(#10419),#10425,.T.);
#10419 = FACE_BOUND('',#10420,.T.);
#10420 = EDGE_LOOP('',(#10421,#10422,#10423,#10424));
#10421 = ORIENTED_EDGE('',*,*,#9979,.T.);
#10422 = ORIENTED_EDGE('',*,*,#10408,.T.);
#10423 = ORIENTED_EDGE('',*,*,#10161,.F.);
#10424 = ORIENTED_EDGE('',*,*,#10367,.F.);
#10425 = PLANE('',#10426);
#10426 = AXIS2_PLACEMENT_3D('',#10427,#10428,#10429);
#10427 = CARTESIAN_POINT('',(63.1,-52.5575,-4.6E-02));
#10428 = DIRECTION('',(-1.,0.,0.));
#10429 = DIRECTION('',(0.,1.,0.));
#10430 = ADVANCED_FACE('',(#10431),#10447,.F.);
#10431 = FACE_BOUND('',#10432,.T.);
#10432 = EDGE_LOOP('',(#10433,#10434,#10440,#10441));
#10433 = ORIENTED_EDGE('',*,*,#10004,.T.);
#10434 = ORIENTED_EDGE('',*,*,#10435,.T.);
#10435 = EDGE_CURVE('',#10007,#10189,#10436,.T.);
#10436 = LINE('',#10437,#10438);
#10437 = CARTESIAN_POINT('',(64.6,-46.3575,-4.6E-02));
#10438 = VECTOR('',#10439,1.);
#10439 = DIRECTION('',(0.,0.,1.));
#10440 = ORIENTED_EDGE('',*,*,#10186,.F.);
#10441 = ORIENTED_EDGE('',*,*,#10442,.F.);
#10442 = EDGE_CURVE('',#10005,#10187,#10443,.T.);
#10443 = LINE('',#10444,#10445);
#10444 = CARTESIAN_POINT('',(64.6,-47.3575,-4.6E-02));
#10445 = VECTOR('',#10446,1.);
#10446 = DIRECTION('',(0.,0.,1.));
#10447 = CYLINDRICAL_SURFACE('',#10448,0.5);
#10448 = AXIS2_PLACEMENT_3D('',#10449,#10450,#10451);
#10449 = CARTESIAN_POINT('',(64.6,-46.8575,-4.6E-02));
#10450 = DIRECTION('',(-0.,0.,-1.));
#10451 = DIRECTION('',(0.,1.,0.));
#10452 = ADVANCED_FACE('',(#10453),#10464,.T.);
#10453 = FACE_BOUND('',#10454,.T.);
#10454 = EDGE_LOOP('',(#10455,#10456,#10457,#10458));
#10455 = ORIENTED_EDGE('',*,*,#10032,.T.);
#10456 = ORIENTED_EDGE('',*,*,#10442,.T.);
#10457 = ORIENTED_EDGE('',*,*,#10214,.F.);
#10458 = ORIENTED_EDGE('',*,*,#10459,.F.);
#10459 = EDGE_CURVE('',#10024,#10206,#10460,.T.);
#10460 = LINE('',#10461,#10462);
#10461 = CARTESIAN_POINT('',(66.6,-47.3575,-4.6E-02));
#10462 = VECTOR('',#10463,1.);
#10463 = DIRECTION('',(0.,0.,1.));
#10464 = PLANE('',#10465);
#10465 = AXIS2_PLACEMENT_3D('',#10466,#10467,#10468);
#10466 = CARTESIAN_POINT('',(64.6,-47.3575,-4.6E-02));
#10467 = DIRECTION('',(0.,1.,0.));
#10468 = DIRECTION('',(1.,0.,0.));
#10469 = ADVANCED_FACE('',(#10470),#10481,.F.);
#10470 = FACE_BOUND('',#10471,.T.);
#10471 = EDGE_LOOP('',(#10472,#10473,#10474,#10475));
#10472 = ORIENTED_EDGE('',*,*,#10023,.T.);
#10473 = ORIENTED_EDGE('',*,*,#10459,.T.);
#10474 = ORIENTED_EDGE('',*,*,#10205,.F.);
#10475 = ORIENTED_EDGE('',*,*,#10476,.F.);
#10476 = EDGE_CURVE('',#10016,#10198,#10477,.T.);
#10477 = LINE('',#10478,#10479);
#10478 = CARTESIAN_POINT('',(66.6,-46.3575,-4.6E-02));
#10479 = VECTOR('',#10480,1.);
#10480 = DIRECTION('',(0.,0.,1.));
#10481 = CYLINDRICAL_SURFACE('',#10482,0.5);
#10482 = AXIS2_PLACEMENT_3D('',#10483,#10484,#10485);
#10483 = CARTESIAN_POINT('',(66.6,-46.8575,-4.6E-02));
#10484 = DIRECTION('',(-0.,-0.,-1.));
#10485 = DIRECTION('',(-0.,-1.,0.));
#10486 = ADVANCED_FACE('',(#10487),#10493,.T.);
#10487 = FACE_BOUND('',#10488,.T.);
#10488 = EDGE_LOOP('',(#10489,#10490,#10491,#10492));
#10489 = ORIENTED_EDGE('',*,*,#10015,.T.);
#10490 = ORIENTED_EDGE('',*,*,#10476,.T.);
#10491 = ORIENTED_EDGE('',*,*,#10197,.F.);
#10492 = ORIENTED_EDGE('',*,*,#10435,.F.);
#10493 = PLANE('',#10494);
#10494 = AXIS2_PLACEMENT_3D('',#10495,#10496,#10497);
#10495 = CARTESIAN_POINT('',(66.6,-46.3575,-4.6E-02));
#10496 = DIRECTION('',(0.,-1.,0.));
#10497 = DIRECTION('',(-1.,0.,0.));
#10498 = ADVANCED_FACE('',(#10499),#10515,.F.);
#10499 = FACE_BOUND('',#10500,.T.);
#10500 = EDGE_LOOP('',(#10501,#10502,#10508,#10509));
#10501 = ORIENTED_EDGE('',*,*,#10040,.T.);
#10502 = ORIENTED_EDGE('',*,*,#10503,.T.);
#10503 = EDGE_CURVE('',#10043,#10225,#10504,.T.);
#10504 = LINE('',#10505,#10506);
#10505 = CARTESIAN_POINT('',(69.1,-50.5575,-4.6E-02));
#10506 = VECTOR('',#10507,1.);
#10507 = DIRECTION('',(0.,0.,1.));
#10508 = ORIENTED_EDGE('',*,*,#10222,.F.);
#10509 = ORIENTED_EDGE('',*,*,#10510,.F.);
#10510 = EDGE_CURVE('',#10041,#10223,#10511,.T.);
#10511 = LINE('',#10512,#10513);
#10512 = CARTESIAN_POINT('',(68.1,-50.5575,-4.6E-02));
#10513 = VECTOR('',#10514,1.);
#10514 = DIRECTION('',(0.,0.,1.));
#10515 = CYLINDRICAL_SURFACE('',#10516,0.5);
#10516 = AXIS2_PLACEMENT_3D('',#10517,#10518,#10519);
#10517 = CARTESIAN_POINT('',(68.6,-50.5575,-4.6E-02));
#10518 = DIRECTION('',(-0.,-0.,-1.));
#10519 = DIRECTION('',(1.,0.,-0.));
#10520 = ADVANCED_FACE('',(#10521),#10532,.T.);
#10521 = FACE_BOUND('',#10522,.T.);
#10522 = EDGE_LOOP('',(#10523,#10524,#10525,#10526));
#10523 = ORIENTED_EDGE('',*,*,#10068,.T.);
#10524 = ORIENTED_EDGE('',*,*,#10510,.T.);
#10525 = ORIENTED_EDGE('',*,*,#10250,.F.);
#10526 = ORIENTED_EDGE('',*,*,#10527,.F.);
#10527 = EDGE_CURVE('',#10060,#10242,#10528,.T.);
#10528 = LINE('',#10529,#10530);
#10529 = CARTESIAN_POINT('',(68.1,-52.5575,-4.6E-02));
#10530 = VECTOR('',#10531,1.);
#10531 = DIRECTION('',(0.,0.,1.));
#10532 = PLANE('',#10533);
#10533 = AXIS2_PLACEMENT_3D('',#10534,#10535,#10536);
#10534 = CARTESIAN_POINT('',(68.1,-50.5575,-4.6E-02));
#10535 = DIRECTION('',(1.,0.,-0.));
#10536 = DIRECTION('',(0.,-1.,0.));
#10537 = ADVANCED_FACE('',(#10538),#10549,.F.);
#10538 = FACE_BOUND('',#10539,.T.);
#10539 = EDGE_LOOP('',(#10540,#10541,#10542,#10543));
#10540 = ORIENTED_EDGE('',*,*,#10059,.T.);
#10541 = ORIENTED_EDGE('',*,*,#10527,.T.);
#10542 = ORIENTED_EDGE('',*,*,#10241,.F.);
#10543 = ORIENTED_EDGE('',*,*,#10544,.F.);
#10544 = EDGE_CURVE('',#10052,#10234,#10545,.T.);
#10545 = LINE('',#10546,#10547);
#10546 = CARTESIAN_POINT('',(69.1,-52.5575,-4.6E-02));
#10547 = VECTOR('',#10548,1.);
#10548 = DIRECTION('',(0.,0.,1.));
#10549 = CYLINDRICAL_SURFACE('',#10550,0.5);
#10550 = AXIS2_PLACEMENT_3D('',#10551,#10552,#10553);
#10551 = CARTESIAN_POINT('',(68.6,-52.5575,-4.6E-02));
#10552 = DIRECTION('',(-0.,-0.,-1.));
#10553 = DIRECTION('',(-1.,0.,-0.));
#10554 = ADVANCED_FACE('',(#10555),#10561,.T.);
#10555 = FACE_BOUND('',#10556,.T.);
#10556 = EDGE_LOOP('',(#10557,#10558,#10559,#10560));
#10557 = ORIENTED_EDGE('',*,*,#10051,.T.);
#10558 = ORIENTED_EDGE('',*,*,#10544,.T.);
#10559 = ORIENTED_EDGE('',*,*,#10233,.F.);
#10560 = ORIENTED_EDGE('',*,*,#10503,.F.);
#10561 = PLANE('',#10562);
#10562 = AXIS2_PLACEMENT_3D('',#10563,#10564,#10565);
#10563 = CARTESIAN_POINT('',(69.1,-52.5575,-4.6E-02));
#10564 = DIRECTION('',(-1.,0.,0.));
#10565 = DIRECTION('',(0.,1.,0.));
#10566 = ADVANCED_FACE('',(#10567),#10578,.F.);
#10567 = FACE_BOUND('',#10568,.T.);
#10568 = EDGE_LOOP('',(#10569,#10570,#10576,#10577));
#10569 = ORIENTED_EDGE('',*,*,#10076,.T.);
#10570 = ORIENTED_EDGE('',*,*,#10571,.T.);
#10571 = EDGE_CURVE('',#10077,#10259,#10572,.T.);
#10572 = LINE('',#10573,#10574);
#10573 = CARTESIAN_POINT('',(66.06,-41.6,-4.6E-02));
#10574 = VECTOR('',#10575,1.);
#10575 = DIRECTION('',(0.,0.,1.));
#10576 = ORIENTED_EDGE('',*,*,#10258,.F.);
#10577 = ORIENTED_EDGE('',*,*,#10571,.F.);
#10578 = CYLINDRICAL_SURFACE('',#10579,0.6);
#10579 = AXIS2_PLACEMENT_3D('',#10580,#10581,#10582);
#10580 = CARTESIAN_POINT('',(66.06,-41.,-4.6E-02));
#10581 = DIRECTION('',(-0.,-0.,-1.));
#10582 = DIRECTION('',(-0.,-1.,0.));
#10583 = ADVANCED_FACE('',(#10584),#10595,.F.);
#10584 = FACE_BOUND('',#10585,.T.);
#10585 = EDGE_LOOP('',(#10586,#10587,#10593,#10594));
#10586 = ORIENTED_EDGE('',*,*,#10087,.T.);
#10587 = ORIENTED_EDGE('',*,*,#10588,.T.);
#10588 = EDGE_CURVE('',#10088,#10270,#10589,.T.);
#10589 = LINE('',#10590,#10591);
#10590 = CARTESIAN_POINT('',(68.6,-41.6,-4.6E-02));
#10591 = VECTOR('',#10592,1.);
#10592 = DIRECTION('',(0.,0.,1.));
#10593 = ORIENTED_EDGE('',*,*,#10269,.F.);
#10594 = ORIENTED_EDGE('',*,*,#10588,.F.);
#10595 = CYLINDRICAL_SURFACE('',#10596,0.6);
#10596 = AXIS2_PLACEMENT_3D('',#10597,#10598,#10599);
#10597 = CARTESIAN_POINT('',(68.6,-41.,-4.6E-02));
#10598 = DIRECTION('',(-0.,-0.,-1.));
#10599 = DIRECTION('',(-0.,-1.,0.));
#10600 = ( GEOMETRIC_REPRESENTATION_CONTEXT(3) 
GLOBAL_UNCERTAINTY_ASSIGNED_CONTEXT((#10604)) 
GLOBAL_UNIT_ASSIGNED_CONTEXT((#10601,#10602,#10603)) 
REPRESENTATION_CONTEXT('Context #1',
  '3D Context with UNIT and UNCERTAINTY') );
#10601 = ( LENGTH_UNIT() NAMED_UNIT(*) SI_UNIT(.MILLI.,.METRE.) );
#10602 = ( NAMED_UNIT(*) PLANE_ANGLE_UNIT() SI_UNIT($,.RADIAN.) );
#10603 = ( NAMED_UNIT(*) SI_UNIT($,.STERADIAN.) SOLID_ANGLE_UNIT() );
#10604 = UNCERTAINTY_MEASURE_WITH_UNIT(LENGTH_MEASURE(1.E-07),#10601,
  'distance_accuracy_value','confusion accuracy');
#10605 = CONTEXT_DEPENDENT_SHAPE_REPRESENTATION(#10606,#10608);
#10606 = ( REPRESENTATION_RELATIONSHIP('','',#9811,#10) 
REPRESENTATION_RELATIONSHIP_WITH_TRANSFORMATION(#10607) 
SHAPE_REPRESENTATION_RELATIONSHIP() );
#10607 = ITEM_DEFINED_TRANSFORMATION('','',#11,#39);
#10608 = PRODUCT_DEFINITION_SHAPE('Placement','Placement of an item',
  #10609);
#10609 = NEXT_ASSEMBLY_USAGE_OCCURRENCE('13','=>[0:1:1:6]','',#5,#9806,$
  );
#10610 = PRODUCT_RELATED_PRODUCT_CATEGORY('part',$,(#9808));
#10611 = MECHANICAL_DESIGN_GEOMETRIC_PRESENTATION_REPRESENTATION('',(
    #10612),#7684);
#10612 = STYLED_ITEM('color',(#10613),#5236);
#10613 = PRESENTATION_STYLE_ASSIGNMENT((#10614));
#10614 = SURFACE_STYLE_USAGE(.BOTH.,#10615);
#10615 = SURFACE_SIDE_STYLE('',(#10616));
#10616 = SURFACE_STYLE_FILL_AREA(#10617);
#10617 = FILL_AREA_STYLE('',(#10618));
#10618 = FILL_AREA_STYLE_COLOUR('',#10619);
#10619 = COLOUR_RGB('',0.392156863511,0.600000020288,0.392156863511);
#10620 = MECHANICAL_DESIGN_GEOMETRIC_PRESENTATION_REPRESENTATION('',(
    #10621,#10632,#10640,#10647,#10654,#10661,#10668,#10675,#10682,
    #10689,#10696,#10703,#10710,#10717,#10724,#10731,#10738,#10745,
    #10752,#10759,#10766,#10773,#10780,#10787,#10794,#10801,#10808,
    #10815,#10822,#10829,#10836,#10843,#10850,#10857,#10864,#10873,
    #10881,#10888,#10895,#10902,#10909,#10916,#10923,#10930,#10937,
    #10944,#10951,#10958,#10967,#10974,#10981,#10988,#10995,#11002,
    #11009,#11016,#11023,#11032,#11039,#11046,#11053,#11060,#11067,
    #11074,#11081,#11088,#11095,#11102,#11109,#11116,#11123,#11130,
    #11137,#11146,#11153,#11160,#11167,#11174,#11181,#11188),#2090);
#10621 = STYLED_ITEM('color',(#10622),#57);
#10622 = PRESENTATION_STYLE_ASSIGNMENT((#10623,#10629));
#10623 = SURFACE_STYLE_USAGE(.BOTH.,#10624);
#10624 = SURFACE_SIDE_STYLE('',(#10625));
#10625 = SURFACE_STYLE_FILL_AREA(#10626);
#10626 = FILL_AREA_STYLE('',(#10627));
#10627 = FILL_AREA_STYLE_COLOUR('',#10628);
#10628 = COLOUR_RGB('',0.800000010877,0.800000010877,0.800000010877);
#10629 = CURVE_STYLE('',#10630,POSITIVE_LENGTH_MEASURE(0.1),#10631);
#10630 = DRAUGHTING_PRE_DEFINED_CURVE_FONT('continuous');
#10631 = COLOUR_RGB('',9.803921802644E-02,9.803921802644E-02,
  9.803921802644E-02);
#10632 = OVER_RIDING_STYLED_ITEM('overriding color',(#10633),#59,#10621
  );
#10633 = PRESENTATION_STYLE_ASSIGNMENT((#10634));
#10634 = SURFACE_STYLE_USAGE(.BOTH.,#10635);
#10635 = SURFACE_SIDE_STYLE('',(#10636));
#10636 = SURFACE_STYLE_FILL_AREA(#10637);
#10637 = FILL_AREA_STYLE('',(#10638));
#10638 = FILL_AREA_STYLE_COLOUR('',#10639);
#10639 = COLOUR_RGB('',0.147999998088,0.144999993226,0.144999993226);
#10640 = OVER_RIDING_STYLED_ITEM('overriding color',(#10641),#99,#10621
  );
#10641 = PRESENTATION_STYLE_ASSIGNMENT((#10642));
#10642 = SURFACE_STYLE_USAGE(.BOTH.,#10643);
#10643 = SURFACE_SIDE_STYLE('',(#10644));
#10644 = SURFACE_STYLE_FILL_AREA(#10645);
#10645 = FILL_AREA_STYLE('',(#10646));
#10646 = FILL_AREA_STYLE_COLOUR('',#10639);
#10647 = OVER_RIDING_STYLED_ITEM('overriding color',(#10648),#132,#10621
  );
#10648 = PRESENTATION_STYLE_ASSIGNMENT((#10649));
#10649 = SURFACE_STYLE_USAGE(.BOTH.,#10650);
#10650 = SURFACE_SIDE_STYLE('',(#10651));
#10651 = SURFACE_STYLE_FILL_AREA(#10652);
#10652 = FILL_AREA_STYLE('',(#10653));
#10653 = FILL_AREA_STYLE_COLOUR('',#10639);
#10654 = OVER_RIDING_STYLED_ITEM('overriding color',(#10655),#173,#10621
  );
#10655 = PRESENTATION_STYLE_ASSIGNMENT((#10656));
#10656 = SURFACE_STYLE_USAGE(.BOTH.,#10657);
#10657 = SURFACE_SIDE_STYLE('',(#10658));
#10658 = SURFACE_STYLE_FILL_AREA(#10659);
#10659 = FILL_AREA_STYLE('',(#10660));
#10660 = FILL_AREA_STYLE_COLOUR('',#10639);
#10661 = OVER_RIDING_STYLED_ITEM('overriding color',(#10662),#206,#10621
  );
#10662 = PRESENTATION_STYLE_ASSIGNMENT((#10663));
#10663 = SURFACE_STYLE_USAGE(.BOTH.,#10664);
#10664 = SURFACE_SIDE_STYLE('',(#10665));
#10665 = SURFACE_STYLE_FILL_AREA(#10666);
#10666 = FILL_AREA_STYLE('',(#10667));
#10667 = FILL_AREA_STYLE_COLOUR('',#10639);
#10668 = OVER_RIDING_STYLED_ITEM('overriding color',(#10669),#239,#10621
  );
#10669 = PRESENTATION_STYLE_ASSIGNMENT((#10670));
#10670 = SURFACE_STYLE_USAGE(.BOTH.,#10671);
#10671 = SURFACE_SIDE_STYLE('',(#10672));
#10672 = SURFACE_STYLE_FILL_AREA(#10673);
#10673 = FILL_AREA_STYLE('',(#10674));
#10674 = FILL_AREA_STYLE_COLOUR('',#10639);
#10675 = OVER_RIDING_STYLED_ITEM('overriding color',(#10676),#256,#10621
  );
#10676 = PRESENTATION_STYLE_ASSIGNMENT((#10677));
#10677 = SURFACE_STYLE_USAGE(.BOTH.,#10678);
#10678 = SURFACE_SIDE_STYLE('',(#10679));
#10679 = SURFACE_STYLE_FILL_AREA(#10680);
#10680 = FILL_AREA_STYLE('',(#10681));
#10681 = FILL_AREA_STYLE_COLOUR('',#10639);
#10682 = OVER_RIDING_STYLED_ITEM('overriding color',(#10683),#273,#10621
  );
#10683 = PRESENTATION_STYLE_ASSIGNMENT((#10684));
#10684 = SURFACE_STYLE_USAGE(.BOTH.,#10685);
#10685 = SURFACE_SIDE_STYLE('',(#10686));
#10686 = SURFACE_STYLE_FILL_AREA(#10687);
#10687 = FILL_AREA_STYLE('',(#10688));
#10688 = FILL_AREA_STYLE_COLOUR('',#10639);
#10689 = OVER_RIDING_STYLED_ITEM('overriding color',(#10690),#320,#10621
  );
#10690 = PRESENTATION_STYLE_ASSIGNMENT((#10691));
#10691 = SURFACE_STYLE_USAGE(.BOTH.,#10692);
#10692 = SURFACE_SIDE_STYLE('',(#10693));
#10693 = SURFACE_STYLE_FILL_AREA(#10694);
#10694 = FILL_AREA_STYLE('',(#10695));
#10695 = FILL_AREA_STYLE_COLOUR('',#10639);
#10696 = OVER_RIDING_STYLED_ITEM('overriding color',(#10697),#337,#10621
  );
#10697 = PRESENTATION_STYLE_ASSIGNMENT((#10698));
#10698 = SURFACE_STYLE_USAGE(.BOTH.,#10699);
#10699 = SURFACE_SIDE_STYLE('',(#10700));
#10700 = SURFACE_STYLE_FILL_AREA(#10701);
#10701 = FILL_AREA_STYLE('',(#10702));
#10702 = FILL_AREA_STYLE_COLOUR('',#10639);
#10703 = OVER_RIDING_STYLED_ITEM('overriding color',(#10704),#369,#10621
  );
#10704 = PRESENTATION_STYLE_ASSIGNMENT((#10705));
#10705 = SURFACE_STYLE_USAGE(.BOTH.,#10706);
#10706 = SURFACE_SIDE_STYLE('',(#10707));
#10707 = SURFACE_STYLE_FILL_AREA(#10708);
#10708 = FILL_AREA_STYLE('',(#10709));
#10709 = FILL_AREA_STYLE_COLOUR('',#10639);
#10710 = OVER_RIDING_STYLED_ITEM('overriding color',(#10711),#401,#10621
  );
#10711 = PRESENTATION_STYLE_ASSIGNMENT((#10712));
#10712 = SURFACE_STYLE_USAGE(.BOTH.,#10713);
#10713 = SURFACE_SIDE_STYLE('',(#10714));
#10714 = SURFACE_STYLE_FILL_AREA(#10715);
#10715 = FILL_AREA_STYLE('',(#10716));
#10716 = FILL_AREA_STYLE_COLOUR('',#10639);
#10717 = OVER_RIDING_STYLED_ITEM('overriding color',(#10718),#418,#10621
  );
#10718 = PRESENTATION_STYLE_ASSIGNMENT((#10719));
#10719 = SURFACE_STYLE_USAGE(.BOTH.,#10720);
#10720 = SURFACE_SIDE_STYLE('',(#10721));
#10721 = SURFACE_STYLE_FILL_AREA(#10722);
#10722 = FILL_AREA_STYLE('',(#10723));
#10723 = FILL_AREA_STYLE_COLOUR('',#10639);
#10724 = OVER_RIDING_STYLED_ITEM('overriding color',(#10725),#460,#10621
  );
#10725 = PRESENTATION_STYLE_ASSIGNMENT((#10726));
#10726 = SURFACE_STYLE_USAGE(.BOTH.,#10727);
#10727 = SURFACE_SIDE_STYLE('',(#10728));
#10728 = SURFACE_STYLE_FILL_AREA(#10729);
#10729 = FILL_AREA_STYLE('',(#10730));
#10730 = FILL_AREA_STYLE_COLOUR('',#10639);
#10731 = OVER_RIDING_STYLED_ITEM('overriding color',(#10732),#507,#10621
  );
#10732 = PRESENTATION_STYLE_ASSIGNMENT((#10733));
#10733 = SURFACE_STYLE_USAGE(.BOTH.,#10734);
#10734 = SURFACE_SIDE_STYLE('',(#10735));
#10735 = SURFACE_STYLE_FILL_AREA(#10736);
#10736 = FILL_AREA_STYLE('',(#10737));
#10737 = FILL_AREA_STYLE_COLOUR('',#10639);
#10738 = OVER_RIDING_STYLED_ITEM('overriding color',(#10739),#525,#10621
  );
#10739 = PRESENTATION_STYLE_ASSIGNMENT((#10740));
#10740 = SURFACE_STYLE_USAGE(.BOTH.,#10741);
#10741 = SURFACE_SIDE_STYLE('',(#10742));
#10742 = SURFACE_STYLE_FILL_AREA(#10743);
#10743 = FILL_AREA_STYLE('',(#10744));
#10744 = FILL_AREA_STYLE_COLOUR('',#10639);
#10745 = OVER_RIDING_STYLED_ITEM('overriding color',(#10746),#543,#10621
  );
#10746 = PRESENTATION_STYLE_ASSIGNMENT((#10747));
#10747 = SURFACE_STYLE_USAGE(.BOTH.,#10748);
#10748 = SURFACE_SIDE_STYLE('',(#10749));
#10749 = SURFACE_STYLE_FILL_AREA(#10750);
#10750 = FILL_AREA_STYLE('',(#10751));
#10751 = FILL_AREA_STYLE_COLOUR('',#10639);
#10752 = OVER_RIDING_STYLED_ITEM('overriding color',(#10753),#586,#10621
  );
#10753 = PRESENTATION_STYLE_ASSIGNMENT((#10754));
#10754 = SURFACE_STYLE_USAGE(.BOTH.,#10755);
#10755 = SURFACE_SIDE_STYLE('',(#10756));
#10756 = SURFACE_STYLE_FILL_AREA(#10757);
#10757 = FILL_AREA_STYLE('',(#10758));
#10758 = FILL_AREA_STYLE_COLOUR('',#10639);
#10759 = OVER_RIDING_STYLED_ITEM('overriding color',(#10760),#611,#10621
  );
#10760 = PRESENTATION_STYLE_ASSIGNMENT((#10761));
#10761 = SURFACE_STYLE_USAGE(.BOTH.,#10762);
#10762 = SURFACE_SIDE_STYLE('',(#10763));
#10763 = SURFACE_STYLE_FILL_AREA(#10764);
#10764 = FILL_AREA_STYLE('',(#10765));
#10765 = FILL_AREA_STYLE_COLOUR('',#10639);
#10766 = OVER_RIDING_STYLED_ITEM('overriding color',(#10767),#628,#10621
  );
#10767 = PRESENTATION_STYLE_ASSIGNMENT((#10768));
#10768 = SURFACE_STYLE_USAGE(.BOTH.,#10769);
#10769 = SURFACE_SIDE_STYLE('',(#10770));
#10770 = SURFACE_STYLE_FILL_AREA(#10771);
#10771 = FILL_AREA_STYLE('',(#10772));
#10772 = FILL_AREA_STYLE_COLOUR('',#10639);
#10773 = OVER_RIDING_STYLED_ITEM('overriding color',(#10774),#646,#10621
  );
#10774 = PRESENTATION_STYLE_ASSIGNMENT((#10775));
#10775 = SURFACE_STYLE_USAGE(.BOTH.,#10776);
#10776 = SURFACE_SIDE_STYLE('',(#10777));
#10777 = SURFACE_STYLE_FILL_AREA(#10778);
#10778 = FILL_AREA_STYLE('',(#10779));
#10779 = FILL_AREA_STYLE_COLOUR('',#10639);
#10780 = OVER_RIDING_STYLED_ITEM('overriding color',(#10781),#677,#10621
  );
#10781 = PRESENTATION_STYLE_ASSIGNMENT((#10782));
#10782 = SURFACE_STYLE_USAGE(.BOTH.,#10783);
#10783 = SURFACE_SIDE_STYLE('',(#10784));
#10784 = SURFACE_STYLE_FILL_AREA(#10785);
#10785 = FILL_AREA_STYLE('',(#10786));
#10786 = FILL_AREA_STYLE_COLOUR('',#10639);
#10787 = OVER_RIDING_STYLED_ITEM('overriding color',(#10788),#703,#10621
  );
#10788 = PRESENTATION_STYLE_ASSIGNMENT((#10789));
#10789 = SURFACE_STYLE_USAGE(.BOTH.,#10790);
#10790 = SURFACE_SIDE_STYLE('',(#10791));
#10791 = SURFACE_STYLE_FILL_AREA(#10792);
#10792 = FILL_AREA_STYLE('',(#10793));
#10793 = FILL_AREA_STYLE_COLOUR('',#10639);
#10794 = OVER_RIDING_STYLED_ITEM('overriding color',(#10795),#720,#10621
  );
#10795 = PRESENTATION_STYLE_ASSIGNMENT((#10796));
#10796 = SURFACE_STYLE_USAGE(.BOTH.,#10797);
#10797 = SURFACE_SIDE_STYLE('',(#10798));
#10798 = SURFACE_STYLE_FILL_AREA(#10799);
#10799 = FILL_AREA_STYLE('',(#10800));
#10800 = FILL_AREA_STYLE_COLOUR('',#10639);
#10801 = OVER_RIDING_STYLED_ITEM('overriding color',(#10802),#732,#10621
  );
#10802 = PRESENTATION_STYLE_ASSIGNMENT((#10803));
#10803 = SURFACE_STYLE_USAGE(.BOTH.,#10804);
#10804 = SURFACE_SIDE_STYLE('',(#10805));
#10805 = SURFACE_STYLE_FILL_AREA(#10806);
#10806 = FILL_AREA_STYLE('',(#10807));
#10807 = FILL_AREA_STYLE_COLOUR('',#10639);
#10808 = OVER_RIDING_STYLED_ITEM('overriding color',(#10809),#781,#10621
  );
#10809 = PRESENTATION_STYLE_ASSIGNMENT((#10810));
#10810 = SURFACE_STYLE_USAGE(.BOTH.,#10811);
#10811 = SURFACE_SIDE_STYLE('',(#10812));
#10812 = SURFACE_STYLE_FILL_AREA(#10813);
#10813 = FILL_AREA_STYLE('',(#10814));
#10814 = FILL_AREA_STYLE_COLOUR('',#10639);
#10815 = OVER_RIDING_STYLED_ITEM('overriding color',(#10816),#804,#10621
  );
#10816 = PRESENTATION_STYLE_ASSIGNMENT((#10817));
#10817 = SURFACE_STYLE_USAGE(.BOTH.,#10818);
#10818 = SURFACE_SIDE_STYLE('',(#10819));
#10819 = SURFACE_STYLE_FILL_AREA(#10820);
#10820 = FILL_AREA_STYLE('',(#10821));
#10821 = FILL_AREA_STYLE_COLOUR('',#10639);
#10822 = OVER_RIDING_STYLED_ITEM('overriding color',(#10823),#816,#10621
  );
#10823 = PRESENTATION_STYLE_ASSIGNMENT((#10824));
#10824 = SURFACE_STYLE_USAGE(.BOTH.,#10825);
#10825 = SURFACE_SIDE_STYLE('',(#10826));
#10826 = SURFACE_STYLE_FILL_AREA(#10827);
#10827 = FILL_AREA_STYLE('',(#10828));
#10828 = FILL_AREA_STYLE_COLOUR('',#10639);
#10829 = OVER_RIDING_STYLED_ITEM('overriding color',(#10830),#830,#10621
  );
#10830 = PRESENTATION_STYLE_ASSIGNMENT((#10831));
#10831 = SURFACE_STYLE_USAGE(.BOTH.,#10832);
#10832 = SURFACE_SIDE_STYLE('',(#10833));
#10833 = SURFACE_STYLE_FILL_AREA(#10834);
#10834 = FILL_AREA_STYLE('',(#10835));
#10835 = FILL_AREA_STYLE_COLOUR('',#10639);
#10836 = OVER_RIDING_STYLED_ITEM('overriding color',(#10837),#861,#10621
  );
#10837 = PRESENTATION_STYLE_ASSIGNMENT((#10838));
#10838 = SURFACE_STYLE_USAGE(.BOTH.,#10839);
#10839 = SURFACE_SIDE_STYLE('',(#10840));
#10840 = SURFACE_STYLE_FILL_AREA(#10841);
#10841 = FILL_AREA_STYLE('',(#10842));
#10842 = FILL_AREA_STYLE_COLOUR('',#10639);
#10843 = OVER_RIDING_STYLED_ITEM('overriding color',(#10844),#885,#10621
  );
#10844 = PRESENTATION_STYLE_ASSIGNMENT((#10845));
#10845 = SURFACE_STYLE_USAGE(.BOTH.,#10846);
#10846 = SURFACE_SIDE_STYLE('',(#10847));
#10847 = SURFACE_STYLE_FILL_AREA(#10848);
#10848 = FILL_AREA_STYLE('',(#10849));
#10849 = FILL_AREA_STYLE_COLOUR('',#10639);
#10850 = OVER_RIDING_STYLED_ITEM('overriding color',(#10851),#909,#10621
  );
#10851 = PRESENTATION_STYLE_ASSIGNMENT((#10852));
#10852 = SURFACE_STYLE_USAGE(.BOTH.,#10853);
#10853 = SURFACE_SIDE_STYLE('',(#10854));
#10854 = SURFACE_STYLE_FILL_AREA(#10855);
#10855 = FILL_AREA_STYLE('',(#10856));
#10856 = FILL_AREA_STYLE_COLOUR('',#10639);
#10857 = OVER_RIDING_STYLED_ITEM('overriding color',(#10858),#926,#10621
  );
#10858 = PRESENTATION_STYLE_ASSIGNMENT((#10859));
#10859 = SURFACE_STYLE_USAGE(.BOTH.,#10860);
#10860 = SURFACE_SIDE_STYLE('',(#10861));
#10861 = SURFACE_STYLE_FILL_AREA(#10862);
#10862 = FILL_AREA_STYLE('',(#10863));
#10863 = FILL_AREA_STYLE_COLOUR('',#10639);
#10864 = STYLED_ITEM('color',(#10865),#938);
#10865 = PRESENTATION_STYLE_ASSIGNMENT((#10866,#10871));
#10866 = SURFACE_STYLE_USAGE(.BOTH.,#10867);
#10867 = SURFACE_SIDE_STYLE('',(#10868));
#10868 = SURFACE_STYLE_FILL_AREA(#10869);
#10869 = FILL_AREA_STYLE('',(#10870));
#10870 = FILL_AREA_STYLE_COLOUR('',#10628);
#10871 = CURVE_STYLE('',#10872,POSITIVE_LENGTH_MEASURE(0.1),#10631);
#10872 = DRAUGHTING_PRE_DEFINED_CURVE_FONT('continuous');
#10873 = OVER_RIDING_STYLED_ITEM('overriding color',(#10874),#940,#10864
  );
#10874 = PRESENTATION_STYLE_ASSIGNMENT((#10875));
#10875 = SURFACE_STYLE_USAGE(.BOTH.,#10876);
#10876 = SURFACE_SIDE_STYLE('',(#10877));
#10877 = SURFACE_STYLE_FILL_AREA(#10878);
#10878 = FILL_AREA_STYLE('',(#10879));
#10879 = FILL_AREA_STYLE_COLOUR('',#10880);
#10880 = COLOUR_RGB('',0.823999987314,0.819999987296,0.781000009244);
#10881 = OVER_RIDING_STYLED_ITEM('overriding color',(#10882),#980,#10864
  );
#10882 = PRESENTATION_STYLE_ASSIGNMENT((#10883));
#10883 = SURFACE_STYLE_USAGE(.BOTH.,#10884);
#10884 = SURFACE_SIDE_STYLE('',(#10885));
#10885 = SURFACE_STYLE_FILL_AREA(#10886);
#10886 = FILL_AREA_STYLE('',(#10887));
#10887 = FILL_AREA_STYLE_COLOUR('',#10880);
#10888 = OVER_RIDING_STYLED_ITEM('overriding color',(#10889),#1013,
  #10864);
#10889 = PRESENTATION_STYLE_ASSIGNMENT((#10890));
#10890 = SURFACE_STYLE_USAGE(.BOTH.,#10891);
#10891 = SURFACE_SIDE_STYLE('',(#10892));
#10892 = SURFACE_STYLE_FILL_AREA(#10893);
#10893 = FILL_AREA_STYLE('',(#10894));
#10894 = FILL_AREA_STYLE_COLOUR('',#10880);
#10895 = OVER_RIDING_STYLED_ITEM('overriding color',(#10896),#1044,
  #10864);
#10896 = PRESENTATION_STYLE_ASSIGNMENT((#10897));
#10897 = SURFACE_STYLE_USAGE(.BOTH.,#10898);
#10898 = SURFACE_SIDE_STYLE('',(#10899));
#10899 = SURFACE_STYLE_FILL_AREA(#10900);
#10900 = FILL_AREA_STYLE('',(#10901));
#10901 = FILL_AREA_STYLE_COLOUR('',#10880);
#10902 = OVER_RIDING_STYLED_ITEM('overriding color',(#10903),#1104,
  #10864);
#10903 = PRESENTATION_STYLE_ASSIGNMENT((#10904));
#10904 = SURFACE_STYLE_USAGE(.BOTH.,#10905);
#10905 = SURFACE_SIDE_STYLE('',(#10906));
#10906 = SURFACE_STYLE_FILL_AREA(#10907);
#10907 = FILL_AREA_STYLE('',(#10908));
#10908 = FILL_AREA_STYLE_COLOUR('',#10880);
#10909 = OVER_RIDING_STYLED_ITEM('overriding color',(#10910),#1129,
  #10864);
#10910 = PRESENTATION_STYLE_ASSIGNMENT((#10911));
#10911 = SURFACE_STYLE_USAGE(.BOTH.,#10912);
#10912 = SURFACE_SIDE_STYLE('',(#10913));
#10913 = SURFACE_STYLE_FILL_AREA(#10914);
#10914 = FILL_AREA_STYLE('',(#10915));
#10915 = FILL_AREA_STYLE_COLOUR('',#10880);
#10916 = OVER_RIDING_STYLED_ITEM('overriding color',(#10917),#1148,
  #10864);
#10917 = PRESENTATION_STYLE_ASSIGNMENT((#10918));
#10918 = SURFACE_STYLE_USAGE(.BOTH.,#10919);
#10919 = SURFACE_SIDE_STYLE('',(#10920));
#10920 = SURFACE_STYLE_FILL_AREA(#10921);
#10921 = FILL_AREA_STYLE('',(#10922));
#10922 = FILL_AREA_STYLE_COLOUR('',#10880);
#10923 = OVER_RIDING_STYLED_ITEM('overriding color',(#10924),#1173,
  #10864);
#10924 = PRESENTATION_STYLE_ASSIGNMENT((#10925));
#10925 = SURFACE_STYLE_USAGE(.BOTH.,#10926);
#10926 = SURFACE_SIDE_STYLE('',(#10927));
#10927 = SURFACE_STYLE_FILL_AREA(#10928);
#10928 = FILL_AREA_STYLE('',(#10929));
#10929 = FILL_AREA_STYLE_COLOUR('',#10880);
#10930 = OVER_RIDING_STYLED_ITEM('overriding color',(#10931),#1198,
  #10864);
#10931 = PRESENTATION_STYLE_ASSIGNMENT((#10932));
#10932 = SURFACE_STYLE_USAGE(.BOTH.,#10933);
#10933 = SURFACE_SIDE_STYLE('',(#10934));
#10934 = SURFACE_STYLE_FILL_AREA(#10935);
#10935 = FILL_AREA_STYLE('',(#10936));
#10936 = FILL_AREA_STYLE_COLOUR('',#10880);
#10937 = OVER_RIDING_STYLED_ITEM('overriding color',(#10938),#1242,
  #10864);
#10938 = PRESENTATION_STYLE_ASSIGNMENT((#10939));
#10939 = SURFACE_STYLE_USAGE(.BOTH.,#10940);
#10940 = SURFACE_SIDE_STYLE('',(#10941));
#10941 = SURFACE_STYLE_FILL_AREA(#10942);
#10942 = FILL_AREA_STYLE('',(#10943));
#10943 = FILL_AREA_STYLE_COLOUR('',#10880);
#10944 = OVER_RIDING_STYLED_ITEM('overriding color',(#10945),#1267,
  #10864);
#10945 = PRESENTATION_STYLE_ASSIGNMENT((#10946));
#10946 = SURFACE_STYLE_USAGE(.BOTH.,#10947);
#10947 = SURFACE_SIDE_STYLE('',(#10948));
#10948 = SURFACE_STYLE_FILL_AREA(#10949);
#10949 = FILL_AREA_STYLE('',(#10950));
#10950 = FILL_AREA_STYLE_COLOUR('',#10880);
#10951 = OVER_RIDING_STYLED_ITEM('overriding color',(#10952),#1276,
  #10864);
#10952 = PRESENTATION_STYLE_ASSIGNMENT((#10953));
#10953 = SURFACE_STYLE_USAGE(.BOTH.,#10954);
#10954 = SURFACE_SIDE_STYLE('',(#10955));
#10955 = SURFACE_STYLE_FILL_AREA(#10956);
#10956 = FILL_AREA_STYLE('',(#10957));
#10957 = FILL_AREA_STYLE_COLOUR('',#10880);
#10958 = STYLED_ITEM('color',(#10959),#1290);
#10959 = PRESENTATION_STYLE_ASSIGNMENT((#10960,#10965));
#10960 = SURFACE_STYLE_USAGE(.BOTH.,#10961);
#10961 = SURFACE_SIDE_STYLE('',(#10962));
#10962 = SURFACE_STYLE_FILL_AREA(#10963);
#10963 = FILL_AREA_STYLE('',(#10964));
#10964 = FILL_AREA_STYLE_COLOUR('',#10628);
#10965 = CURVE_STYLE('',#10966,POSITIVE_LENGTH_MEASURE(0.1),#10631);
#10966 = DRAUGHTING_PRE_DEFINED_CURVE_FONT('continuous');
#10967 = OVER_RIDING_STYLED_ITEM('overriding color',(#10968),#1292,
  #10958);
#10968 = PRESENTATION_STYLE_ASSIGNMENT((#10969));
#10969 = SURFACE_STYLE_USAGE(.BOTH.,#10970);
#10970 = SURFACE_SIDE_STYLE('',(#10971));
#10971 = SURFACE_STYLE_FILL_AREA(#10972);
#10972 = FILL_AREA_STYLE('',(#10973));
#10973 = FILL_AREA_STYLE_COLOUR('',#10880);
#10974 = OVER_RIDING_STYLED_ITEM('overriding color',(#10975),#1332,
  #10958);
#10975 = PRESENTATION_STYLE_ASSIGNMENT((#10976));
#10976 = SURFACE_STYLE_USAGE(.BOTH.,#10977);
#10977 = SURFACE_SIDE_STYLE('',(#10978));
#10978 = SURFACE_STYLE_FILL_AREA(#10979);
#10979 = FILL_AREA_STYLE('',(#10980));
#10980 = FILL_AREA_STYLE_COLOUR('',#10880);
#10981 = OVER_RIDING_STYLED_ITEM('overriding color',(#10982),#1363,
  #10958);
#10982 = PRESENTATION_STYLE_ASSIGNMENT((#10983));
#10983 = SURFACE_STYLE_USAGE(.BOTH.,#10984);
#10984 = SURFACE_SIDE_STYLE('',(#10985));
#10985 = SURFACE_STYLE_FILL_AREA(#10986);
#10986 = FILL_AREA_STYLE('',(#10987));
#10987 = FILL_AREA_STYLE_COLOUR('',#10880);
#10988 = OVER_RIDING_STYLED_ITEM('overriding color',(#10989),#1394,
  #10958);
#10989 = PRESENTATION_STYLE_ASSIGNMENT((#10990));
#10990 = SURFACE_STYLE_USAGE(.BOTH.,#10991);
#10991 = SURFACE_SIDE_STYLE('',(#10992));
#10992 = SURFACE_STYLE_FILL_AREA(#10993);
#10993 = FILL_AREA_STYLE('',(#10994));
#10994 = FILL_AREA_STYLE_COLOUR('',#10880);
#10995 = OVER_RIDING_STYLED_ITEM('overriding color',(#10996),#1430,
  #10958);
#10996 = PRESENTATION_STYLE_ASSIGNMENT((#10997));
#10997 = SURFACE_STYLE_USAGE(.BOTH.,#10998);
#10998 = SURFACE_SIDE_STYLE('',(#10999));
#10999 = SURFACE_STYLE_FILL_AREA(#11000);
#11000 = FILL_AREA_STYLE('',(#11001));
#11001 = FILL_AREA_STYLE_COLOUR('',#10880);
#11002 = OVER_RIDING_STYLED_ITEM('overriding color',(#11003),#1461,
  #10958);
#11003 = PRESENTATION_STYLE_ASSIGNMENT((#11004));
#11004 = SURFACE_STYLE_USAGE(.BOTH.,#11005);
#11005 = SURFACE_SIDE_STYLE('',(#11006));
#11006 = SURFACE_STYLE_FILL_AREA(#11007);
#11007 = FILL_AREA_STYLE('',(#11008));
#11008 = FILL_AREA_STYLE_COLOUR('',#10880);
#11009 = OVER_RIDING_STYLED_ITEM('overriding color',(#11010),#1488,
  #10958);
#11010 = PRESENTATION_STYLE_ASSIGNMENT((#11011));
#11011 = SURFACE_STYLE_USAGE(.BOTH.,#11012);
#11012 = SURFACE_SIDE_STYLE('',(#11013));
#11013 = SURFACE_STYLE_FILL_AREA(#11014);
#11014 = FILL_AREA_STYLE('',(#11015));
#11015 = FILL_AREA_STYLE_COLOUR('',#10880);
#11016 = OVER_RIDING_STYLED_ITEM('overriding color',(#11017),#1502,
  #10958);
#11017 = PRESENTATION_STYLE_ASSIGNMENT((#11018));
#11018 = SURFACE_STYLE_USAGE(.BOTH.,#11019);
#11019 = SURFACE_SIDE_STYLE('',(#11020));
#11020 = SURFACE_STYLE_FILL_AREA(#11021);
#11021 = FILL_AREA_STYLE('',(#11022));
#11022 = FILL_AREA_STYLE_COLOUR('',#10880);
#11023 = STYLED_ITEM('color',(#11024),#1516);
#11024 = PRESENTATION_STYLE_ASSIGNMENT((#11025,#11030));
#11025 = SURFACE_STYLE_USAGE(.BOTH.,#11026);
#11026 = SURFACE_SIDE_STYLE('',(#11027));
#11027 = SURFACE_STYLE_FILL_AREA(#11028);
#11028 = FILL_AREA_STYLE('',(#11029));
#11029 = FILL_AREA_STYLE_COLOUR('',#10628);
#11030 = CURVE_STYLE('',#11031,POSITIVE_LENGTH_MEASURE(0.1),#10631);
#11031 = DRAUGHTING_PRE_DEFINED_CURVE_FONT('continuous');
#11032 = OVER_RIDING_STYLED_ITEM('overriding color',(#11033),#1518,
  #11023);
#11033 = PRESENTATION_STYLE_ASSIGNMENT((#11034));
#11034 = SURFACE_STYLE_USAGE(.BOTH.,#11035);
#11035 = SURFACE_SIDE_STYLE('',(#11036));
#11036 = SURFACE_STYLE_FILL_AREA(#11037);
#11037 = FILL_AREA_STYLE('',(#11038));
#11038 = FILL_AREA_STYLE_COLOUR('',#10880);
#11039 = OVER_RIDING_STYLED_ITEM('overriding color',(#11040),#1560,
  #11023);
#11040 = PRESENTATION_STYLE_ASSIGNMENT((#11041));
#11041 = SURFACE_STYLE_USAGE(.BOTH.,#11042);
#11042 = SURFACE_SIDE_STYLE('',(#11043));
#11043 = SURFACE_STYLE_FILL_AREA(#11044);
#11044 = FILL_AREA_STYLE('',(#11045));
#11045 = FILL_AREA_STYLE_COLOUR('',#10880);
#11046 = OVER_RIDING_STYLED_ITEM('overriding color',(#11047),#1591,
  #11023);
#11047 = PRESENTATION_STYLE_ASSIGNMENT((#11048));
#11048 = SURFACE_STYLE_USAGE(.BOTH.,#11049);
#11049 = SURFACE_SIDE_STYLE('',(#11050));
#11050 = SURFACE_STYLE_FILL_AREA(#11051);
#11051 = FILL_AREA_STYLE('',(#11052));
#11052 = FILL_AREA_STYLE_COLOUR('',#10880);
#11053 = OVER_RIDING_STYLED_ITEM('overriding color',(#11054),#1622,
  #11023);
#11054 = PRESENTATION_STYLE_ASSIGNMENT((#11055));
#11055 = SURFACE_STYLE_USAGE(.BOTH.,#11056);
#11056 = SURFACE_SIDE_STYLE('',(#11057));
#11057 = SURFACE_STYLE_FILL_AREA(#11058);
#11058 = FILL_AREA_STYLE('',(#11059));
#11059 = FILL_AREA_STYLE_COLOUR('',#10880);
#11060 = OVER_RIDING_STYLED_ITEM('overriding color',(#11061),#1650,
  #11023);
#11061 = PRESENTATION_STYLE_ASSIGNMENT((#11062));
#11062 = SURFACE_STYLE_USAGE(.BOTH.,#11063);
#11063 = SURFACE_SIDE_STYLE('',(#11064));
#11064 = SURFACE_STYLE_FILL_AREA(#11065);
#11065 = FILL_AREA_STYLE('',(#11066));
#11066 = FILL_AREA_STYLE_COLOUR('',#10880);
#11067 = OVER_RIDING_STYLED_ITEM('overriding color',(#11068),#1678,
  #11023);
#11068 = PRESENTATION_STYLE_ASSIGNMENT((#11069));
#11069 = SURFACE_STYLE_USAGE(.BOTH.,#11070);
#11070 = SURFACE_SIDE_STYLE('',(#11071));
#11071 = SURFACE_STYLE_FILL_AREA(#11072);
#11072 = FILL_AREA_STYLE('',(#11073));
#11073 = FILL_AREA_STYLE_COLOUR('',#10880);
#11074 = OVER_RIDING_STYLED_ITEM('overriding color',(#11075),#1709,
  #11023);
#11075 = PRESENTATION_STYLE_ASSIGNMENT((#11076));
#11076 = SURFACE_STYLE_USAGE(.BOTH.,#11077);
#11077 = SURFACE_SIDE_STYLE('',(#11078));
#11078 = SURFACE_STYLE_FILL_AREA(#11079);
#11079 = FILL_AREA_STYLE('',(#11080));
#11080 = FILL_AREA_STYLE_COLOUR('',#10880);
#11081 = OVER_RIDING_STYLED_ITEM('overriding color',(#11082),#1740,
  #11023);
#11082 = PRESENTATION_STYLE_ASSIGNMENT((#11083));
#11083 = SURFACE_STYLE_USAGE(.BOTH.,#11084);
#11084 = SURFACE_SIDE_STYLE('',(#11085));
#11085 = SURFACE_STYLE_FILL_AREA(#11086);
#11086 = FILL_AREA_STYLE('',(#11087));
#11087 = FILL_AREA_STYLE_COLOUR('',#10880);
#11088 = OVER_RIDING_STYLED_ITEM('overriding color',(#11089),#1757,
  #11023);
#11089 = PRESENTATION_STYLE_ASSIGNMENT((#11090));
#11090 = SURFACE_STYLE_USAGE(.BOTH.,#11091);
#11091 = SURFACE_SIDE_STYLE('',(#11092));
#11092 = SURFACE_STYLE_FILL_AREA(#11093);
#11093 = FILL_AREA_STYLE('',(#11094));
#11094 = FILL_AREA_STYLE_COLOUR('',#10880);
#11095 = OVER_RIDING_STYLED_ITEM('overriding color',(#11096),#1774,
  #11023);
#11096 = PRESENTATION_STYLE_ASSIGNMENT((#11097));
#11097 = SURFACE_STYLE_USAGE(.BOTH.,#11098);
#11098 = SURFACE_SIDE_STYLE('',(#11099));
#11099 = SURFACE_STYLE_FILL_AREA(#11100);
#11100 = FILL_AREA_STYLE('',(#11101));
#11101 = FILL_AREA_STYLE_COLOUR('',#10880);
#11102 = OVER_RIDING_STYLED_ITEM('overriding color',(#11103),#1805,
  #11023);
#11103 = PRESENTATION_STYLE_ASSIGNMENT((#11104));
#11104 = SURFACE_STYLE_USAGE(.BOTH.,#11105);
#11105 = SURFACE_SIDE_STYLE('',(#11106));
#11106 = SURFACE_STYLE_FILL_AREA(#11107);
#11107 = FILL_AREA_STYLE('',(#11108));
#11108 = FILL_AREA_STYLE_COLOUR('',#10880);
#11109 = OVER_RIDING_STYLED_ITEM('overriding color',(#11110),#1822,
  #11023);
#11110 = PRESENTATION_STYLE_ASSIGNMENT((#11111));
#11111 = SURFACE_STYLE_USAGE(.BOTH.,#11112);
#11112 = SURFACE_SIDE_STYLE('',(#11113));
#11113 = SURFACE_STYLE_FILL_AREA(#11114);
#11114 = FILL_AREA_STYLE('',(#11115));
#11115 = FILL_AREA_STYLE_COLOUR('',#10880);
#11116 = OVER_RIDING_STYLED_ITEM('overriding color',(#11117),#1846,
  #11023);
#11117 = PRESENTATION_STYLE_ASSIGNMENT((#11118));
#11118 = SURFACE_STYLE_USAGE(.BOTH.,#11119);
#11119 = SURFACE_SIDE_STYLE('',(#11120));
#11120 = SURFACE_STYLE_FILL_AREA(#11121);
#11121 = FILL_AREA_STYLE('',(#11122));
#11122 = FILL_AREA_STYLE_COLOUR('',#10880);
#11123 = OVER_RIDING_STYLED_ITEM('overriding color',(#11124),#1870,
  #11023);
#11124 = PRESENTATION_STYLE_ASSIGNMENT((#11125));
#11125 = SURFACE_STYLE_USAGE(.BOTH.,#11126);
#11126 = SURFACE_SIDE_STYLE('',(#11127));
#11127 = SURFACE_STYLE_FILL_AREA(#11128);
#11128 = FILL_AREA_STYLE('',(#11129));
#11129 = FILL_AREA_STYLE_COLOUR('',#10880);
#11130 = OVER_RIDING_STYLED_ITEM('overriding color',(#11131),#1887,
  #11023);
#11131 = PRESENTATION_STYLE_ASSIGNMENT((#11132));
#11132 = SURFACE_STYLE_USAGE(.BOTH.,#11133);
#11133 = SURFACE_SIDE_STYLE('',(#11134));
#11134 = SURFACE_STYLE_FILL_AREA(#11135);
#11135 = FILL_AREA_STYLE('',(#11136));
#11136 = FILL_AREA_STYLE_COLOUR('',#10880);
#11137 = STYLED_ITEM('color',(#11138),#1899);
#11138 = PRESENTATION_STYLE_ASSIGNMENT((#11139,#11144));
#11139 = SURFACE_STYLE_USAGE(.BOTH.,#11140);
#11140 = SURFACE_SIDE_STYLE('',(#11141));
#11141 = SURFACE_STYLE_FILL_AREA(#11142);
#11142 = FILL_AREA_STYLE('',(#11143));
#11143 = FILL_AREA_STYLE_COLOUR('',#10628);
#11144 = CURVE_STYLE('',#11145,POSITIVE_LENGTH_MEASURE(0.1),#10631);
#11145 = DRAUGHTING_PRE_DEFINED_CURVE_FONT('continuous');
#11146 = OVER_RIDING_STYLED_ITEM('overriding color',(#11147),#1901,
  #11137);
#11147 = PRESENTATION_STYLE_ASSIGNMENT((#11148));
#11148 = SURFACE_STYLE_USAGE(.BOTH.,#11149);
#11149 = SURFACE_SIDE_STYLE('',(#11150));
#11150 = SURFACE_STYLE_FILL_AREA(#11151);
#11151 = FILL_AREA_STYLE('',(#11152));
#11152 = FILL_AREA_STYLE_COLOUR('',#10880);
#11153 = OVER_RIDING_STYLED_ITEM('overriding color',(#11154),#1943,
  #11137);
#11154 = PRESENTATION_STYLE_ASSIGNMENT((#11155));
#11155 = SURFACE_STYLE_USAGE(.BOTH.,#11156);
#11156 = SURFACE_SIDE_STYLE('',(#11157));
#11157 = SURFACE_STYLE_FILL_AREA(#11158);
#11158 = FILL_AREA_STYLE('',(#11159));
#11159 = FILL_AREA_STYLE_COLOUR('',#10880);
#11160 = OVER_RIDING_STYLED_ITEM('overriding color',(#11161),#1974,
  #11137);
#11161 = PRESENTATION_STYLE_ASSIGNMENT((#11162));
#11162 = SURFACE_STYLE_USAGE(.BOTH.,#11163);
#11163 = SURFACE_SIDE_STYLE('',(#11164));
#11164 = SURFACE_STYLE_FILL_AREA(#11165);
#11165 = FILL_AREA_STYLE('',(#11166));
#11166 = FILL_AREA_STYLE_COLOUR('',#10880);
#11167 = OVER_RIDING_STYLED_ITEM('overriding color',(#11168),#2005,
  #11137);
#11168 = PRESENTATION_STYLE_ASSIGNMENT((#11169));
#11169 = SURFACE_STYLE_USAGE(.BOTH.,#11170);
#11170 = SURFACE_SIDE_STYLE('',(#11171));
#11171 = SURFACE_STYLE_FILL_AREA(#11172);
#11172 = FILL_AREA_STYLE('',(#11173));
#11173 = FILL_AREA_STYLE_COLOUR('',#10880);
#11174 = OVER_RIDING_STYLED_ITEM('overriding color',(#11175),#2027,
  #11137);
#11175 = PRESENTATION_STYLE_ASSIGNMENT((#11176));
#11176 = SURFACE_STYLE_USAGE(.BOTH.,#11177);
#11177 = SURFACE_SIDE_STYLE('',(#11178));
#11178 = SURFACE_STYLE_FILL_AREA(#11179);
#11179 = FILL_AREA_STYLE('',(#11180));
#11180 = FILL_AREA_STYLE_COLOUR('',#10880);
#11181 = OVER_RIDING_STYLED_ITEM('overriding color',(#11182),#2060,
  #11137);
#11182 = PRESENTATION_STYLE_ASSIGNMENT((#11183));
#11183 = SURFACE_STYLE_USAGE(.BOTH.,#11184);
#11184 = SURFACE_SIDE_STYLE('',(#11185));
#11185 = SURFACE_STYLE_FILL_AREA(#11186);
#11186 = FILL_AREA_STYLE('',(#11187));
#11187 = FILL_AREA_STYLE_COLOUR('',#10880);
#11188 = OVER_RIDING_STYLED_ITEM('overriding color',(#11189),#2075,
  #11137);
#11189 = PRESENTATION_STYLE_ASSIGNMENT((#11190));
#11190 = SURFACE_STYLE_USAGE(.BOTH.,#11191);
#11191 = SURFACE_SIDE_STYLE('',(#11192));
#11192 = SURFACE_STYLE_FILL_AREA(#11193);
#11193 = FILL_AREA_STYLE('',(#11194));
#11194 = FILL_AREA_STYLE_COLOUR('',#10880);
#11195 = MECHANICAL_DESIGN_GEOMETRIC_PRESENTATION_REPRESENTATION('',(
    #11196),#10600);
#11196 = STYLED_ITEM('color',(#11197),#9812);
#11197 = PRESENTATION_STYLE_ASSIGNMENT((#11198));
#11198 = SURFACE_STYLE_USAGE(.BOTH.,#11199);
#11199 = SURFACE_SIDE_STYLE('',(#11200));
#11200 = SURFACE_STYLE_FILL_AREA(#11201);
#11201 = FILL_AREA_STYLE('',(#11202));
#11202 = FILL_AREA_STYLE_COLOUR('',#11203);
#11203 = COLOUR_RGB('',0.313304153717,0.484529207832,0.410020903123);
#11204 = MECHANICAL_DESIGN_GEOMETRIC_PRESENTATION_REPRESENTATION('',(
    #11205),#9392);
#11205 = STYLED_ITEM('color',(#11206),#8758);
#11206 = PRESENTATION_STYLE_ASSIGNMENT((#11207));
#11207 = SURFACE_STYLE_USAGE(.BOTH.,#11208);
#11208 = SURFACE_SIDE_STYLE('',(#11209));
#11209 = SURFACE_STYLE_FILL_AREA(#11210);
#11210 = FILL_AREA_STYLE('',(#11211));
#11211 = FILL_AREA_STYLE_COLOUR('',#11212);
#11212 = COLOUR_RGB('',0.699999984889,0.699999984889,0.699999984889);
#11213 = MECHANICAL_DESIGN_GEOMETRIC_PRESENTATION_REPRESENTATION('',(
    #11214),#9783);
#11214 = STYLED_ITEM('color',(#11215),#9411);
#11215 = PRESENTATION_STYLE_ASSIGNMENT((#11216));
#11216 = SURFACE_STYLE_USAGE(.BOTH.,#11217);
#11217 = SURFACE_SIDE_STYLE('',(#11218));
#11218 = SURFACE_STYLE_FILL_AREA(#11219);
#11219 = FILL_AREA_STYLE('',(#11220));
#11220 = FILL_AREA_STYLE_COLOUR('',#11212);
#11221 = MECHANICAL_DESIGN_GEOMETRIC_PRESENTATION_REPRESENTATION('',(
    #11222,#11229,#11236,#11243,#11250,#11257,#11264,#11271,#11278,
    #11285,#11292,#11299,#11306,#11313,#11320,#11327,#11334,#11341,
    #11348,#11355,#11362,#11369,#11376,#11383,#11390,#11397,#11404,
    #11411,#11418,#11425,#11432,#11439,#11446,#11453,#11460,#11467,
    #11474,#11481,#11488,#11495,#11502),#5181);
#11222 = STYLED_ITEM('color',(#11223),#3818);
#11223 = PRESENTATION_STYLE_ASSIGNMENT((#11224));
#11224 = SURFACE_STYLE_USAGE(.BOTH.,#11225);
#11225 = SURFACE_SIDE_STYLE('',(#11226));
#11226 = SURFACE_STYLE_FILL_AREA(#11227);
#11227 = FILL_AREA_STYLE('',(#11228));
#11228 = FILL_AREA_STYLE_COLOUR('',#10880);
#11229 = STYLED_ITEM('color',(#11230),#3861);
#11230 = PRESENTATION_STYLE_ASSIGNMENT((#11231));
#11231 = SURFACE_STYLE_USAGE(.BOTH.,#11232);
#11232 = SURFACE_SIDE_STYLE('',(#11233));
#11233 = SURFACE_STYLE_FILL_AREA(#11234);
#11234 = FILL_AREA_STYLE('',(#11235));
#11235 = FILL_AREA_STYLE_COLOUR('',#10880);
#11236 = STYLED_ITEM('color',(#11237),#3887);
#11237 = PRESENTATION_STYLE_ASSIGNMENT((#11238));
#11238 = SURFACE_STYLE_USAGE(.BOTH.,#11239);
#11239 = SURFACE_SIDE_STYLE('',(#11240));
#11240 = SURFACE_STYLE_FILL_AREA(#11241);
#11241 = FILL_AREA_STYLE('',(#11242));
#11242 = FILL_AREA_STYLE_COLOUR('',#10880);
#11243 = STYLED_ITEM('color',(#11244),#3960);
#11244 = PRESENTATION_STYLE_ASSIGNMENT((#11245));
#11245 = SURFACE_STYLE_USAGE(.BOTH.,#11246);
#11246 = SURFACE_SIDE_STYLE('',(#11247));
#11247 = SURFACE_STYLE_FILL_AREA(#11248);
#11248 = FILL_AREA_STYLE('',(#11249));
#11249 = FILL_AREA_STYLE_COLOUR('',#10639);
#11250 = STYLED_ITEM('color',(#11251),#4039);
#11251 = PRESENTATION_STYLE_ASSIGNMENT((#11252));
#11252 = SURFACE_STYLE_USAGE(.BOTH.,#11253);
#11253 = SURFACE_SIDE_STYLE('',(#11254));
#11254 = SURFACE_STYLE_FILL_AREA(#11255);
#11255 = FILL_AREA_STYLE('',(#11256));
#11256 = FILL_AREA_STYLE_COLOUR('',#10880);
#11257 = STYLED_ITEM('color',(#11258),#4079);
#11258 = PRESENTATION_STYLE_ASSIGNMENT((#11259));
#11259 = SURFACE_STYLE_USAGE(.BOTH.,#11260);
#11260 = SURFACE_SIDE_STYLE('',(#11261));
#11261 = SURFACE_STYLE_FILL_AREA(#11262);
#11262 = FILL_AREA_STYLE('',(#11263));
#11263 = FILL_AREA_STYLE_COLOUR('',#10639);
#11264 = STYLED_ITEM('color',(#11265),#4158);
#11265 = PRESENTATION_STYLE_ASSIGNMENT((#11266));
#11266 = SURFACE_STYLE_USAGE(.BOTH.,#11267);
#11267 = SURFACE_SIDE_STYLE('',(#11268));
#11268 = SURFACE_STYLE_FILL_AREA(#11269);
#11269 = FILL_AREA_STYLE('',(#11270));
#11270 = FILL_AREA_STYLE_COLOUR('',#10639);
#11271 = STYLED_ITEM('color',(#11272),#4183);
#11272 = PRESENTATION_STYLE_ASSIGNMENT((#11273));
#11273 = SURFACE_STYLE_USAGE(.BOTH.,#11274);
#11274 = SURFACE_SIDE_STYLE('',(#11275));
#11275 = SURFACE_STYLE_FILL_AREA(#11276);
#11276 = FILL_AREA_STYLE('',(#11277));
#11277 = FILL_AREA_STYLE_COLOUR('',#10639);
#11278 = STYLED_ITEM('color',(#11279),#4208);
#11279 = PRESENTATION_STYLE_ASSIGNMENT((#11280));
#11280 = SURFACE_STYLE_USAGE(.BOTH.,#11281);
#11281 = SURFACE_SIDE_STYLE('',(#11282));
#11282 = SURFACE_STYLE_FILL_AREA(#11283);
#11283 = FILL_AREA_STYLE('',(#11284));
#11284 = FILL_AREA_STYLE_COLOUR('',#10639);
#11285 = STYLED_ITEM('color',(#11286),#4264);
#11286 = PRESENTATION_STYLE_ASSIGNMENT((#11287));
#11287 = SURFACE_STYLE_USAGE(.BOTH.,#11288);
#11288 = SURFACE_SIDE_STYLE('',(#11289));
#11289 = SURFACE_STYLE_FILL_AREA(#11290);
#11290 = FILL_AREA_STYLE('',(#11291));
#11291 = FILL_AREA_STYLE_COLOUR('',#10639);
#11292 = STYLED_ITEM('color',(#11293),#4320);
#11293 = PRESENTATION_STYLE_ASSIGNMENT((#11294));
#11294 = SURFACE_STYLE_USAGE(.BOTH.,#11295);
#11295 = SURFACE_SIDE_STYLE('',(#11296));
#11296 = SURFACE_STYLE_FILL_AREA(#11297);
#11297 = FILL_AREA_STYLE('',(#11298));
#11298 = FILL_AREA_STYLE_COLOUR('',#10639);
#11299 = STYLED_ITEM('color',(#11300),#4345);
#11300 = PRESENTATION_STYLE_ASSIGNMENT((#11301));
#11301 = SURFACE_STYLE_USAGE(.BOTH.,#11302);
#11302 = SURFACE_SIDE_STYLE('',(#11303));
#11303 = SURFACE_STYLE_FILL_AREA(#11304);
#11304 = FILL_AREA_STYLE('',(#11305));
#11305 = FILL_AREA_STYLE_COLOUR('',#10639);
#11306 = STYLED_ITEM('color',(#11307),#4370);
#11307 = PRESENTATION_STYLE_ASSIGNMENT((#11308));
#11308 = SURFACE_STYLE_USAGE(.BOTH.,#11309);
#11309 = SURFACE_SIDE_STYLE('',(#11310));
#11310 = SURFACE_STYLE_FILL_AREA(#11311);
#11311 = FILL_AREA_STYLE('',(#11312));
#11312 = FILL_AREA_STYLE_COLOUR('',#10639);
#11313 = STYLED_ITEM('color',(#11314),#4435);
#11314 = PRESENTATION_STYLE_ASSIGNMENT((#11315));
#11315 = SURFACE_STYLE_USAGE(.BOTH.,#11316);
#11316 = SURFACE_SIDE_STYLE('',(#11317));
#11317 = SURFACE_STYLE_FILL_AREA(#11318);
#11318 = FILL_AREA_STYLE('',(#11319));
#11319 = FILL_AREA_STYLE_COLOUR('',#10880);
#11320 = STYLED_ITEM('color',(#11321),#4508);
#11321 = PRESENTATION_STYLE_ASSIGNMENT((#11322));
#11322 = SURFACE_STYLE_USAGE(.BOTH.,#11323);
#11323 = SURFACE_SIDE_STYLE('',(#11324));
#11324 = SURFACE_STYLE_FILL_AREA(#11325);
#11325 = FILL_AREA_STYLE('',(#11326));
#11326 = FILL_AREA_STYLE_COLOUR('',#10639);
#11327 = STYLED_ITEM('color',(#11328),#4594);
#11328 = PRESENTATION_STYLE_ASSIGNMENT((#11329));
#11329 = SURFACE_STYLE_USAGE(.BOTH.,#11330);
#11330 = SURFACE_SIDE_STYLE('',(#11331));
#11331 = SURFACE_STYLE_FILL_AREA(#11332);
#11332 = FILL_AREA_STYLE('',(#11333));
#11333 = FILL_AREA_STYLE_COLOUR('',#10639);
#11334 = STYLED_ITEM('color',(#11335),#4611);
#11335 = PRESENTATION_STYLE_ASSIGNMENT((#11336));
#11336 = SURFACE_STYLE_USAGE(.BOTH.,#11337);
#11337 = SURFACE_SIDE_STYLE('',(#11338));
#11338 = SURFACE_STYLE_FILL_AREA(#11339);
#11339 = FILL_AREA_STYLE('',(#11340));
#11340 = FILL_AREA_STYLE_COLOUR('',#10880);
#11341 = STYLED_ITEM('color',(#11342),#4642);
#11342 = PRESENTATION_STYLE_ASSIGNMENT((#11343));
#11343 = SURFACE_STYLE_USAGE(.BOTH.,#11344);
#11344 = SURFACE_SIDE_STYLE('',(#11345));
#11345 = SURFACE_STYLE_FILL_AREA(#11346);
#11346 = FILL_AREA_STYLE('',(#11347));
#11347 = FILL_AREA_STYLE_COLOUR('',#10639);
#11348 = STYLED_ITEM('color',(#11349),#4654);
#11349 = PRESENTATION_STYLE_ASSIGNMENT((#11350));
#11350 = SURFACE_STYLE_USAGE(.BOTH.,#11351);
#11351 = SURFACE_SIDE_STYLE('',(#11352));
#11352 = SURFACE_STYLE_FILL_AREA(#11353);
#11353 = FILL_AREA_STYLE('',(#11354));
#11354 = FILL_AREA_STYLE_COLOUR('',#10639);
#11355 = STYLED_ITEM('color',(#11356),#4671);
#11356 = PRESENTATION_STYLE_ASSIGNMENT((#11357));
#11357 = SURFACE_STYLE_USAGE(.BOTH.,#11358);
#11358 = SURFACE_SIDE_STYLE('',(#11359));
#11359 = SURFACE_STYLE_FILL_AREA(#11360);
#11360 = FILL_AREA_STYLE('',(#11361));
#11361 = FILL_AREA_STYLE_COLOUR('',#10639);
#11362 = STYLED_ITEM('color',(#11363),#4683);
#11363 = PRESENTATION_STYLE_ASSIGNMENT((#11364));
#11364 = SURFACE_STYLE_USAGE(.BOTH.,#11365);
#11365 = SURFACE_SIDE_STYLE('',(#11366));
#11366 = SURFACE_STYLE_FILL_AREA(#11367);
#11367 = FILL_AREA_STYLE('',(#11368));
#11368 = FILL_AREA_STYLE_COLOUR('',#10639);
#11369 = STYLED_ITEM('color',(#11370),#4701);
#11370 = PRESENTATION_STYLE_ASSIGNMENT((#11371));
#11371 = SURFACE_STYLE_USAGE(.BOTH.,#11372);
#11372 = SURFACE_SIDE_STYLE('',(#11373));
#11373 = SURFACE_STYLE_FILL_AREA(#11374);
#11374 = FILL_AREA_STYLE('',(#11375));
#11375 = FILL_AREA_STYLE_COLOUR('',#10639);
#11376 = STYLED_ITEM('color',(#11377),#4713);
#11377 = PRESENTATION_STYLE_ASSIGNMENT((#11378));
#11378 = SURFACE_STYLE_USAGE(.BOTH.,#11379);
#11379 = SURFACE_SIDE_STYLE('',(#11380));
#11380 = SURFACE_STYLE_FILL_AREA(#11381);
#11381 = FILL_AREA_STYLE('',(#11382));
#11382 = FILL_AREA_STYLE_COLOUR('',#10639);
#11383 = STYLED_ITEM('color',(#11384),#4731);
#11384 = PRESENTATION_STYLE_ASSIGNMENT((#11385));
#11385 = SURFACE_STYLE_USAGE(.BOTH.,#11386);
#11386 = SURFACE_SIDE_STYLE('',(#11387));
#11387 = SURFACE_STYLE_FILL_AREA(#11388);
#11388 = FILL_AREA_STYLE('',(#11389));
#11389 = FILL_AREA_STYLE_COLOUR('',#10639);
#11390 = STYLED_ITEM('color',(#11391),#4743);
#11391 = PRESENTATION_STYLE_ASSIGNMENT((#11392));
#11392 = SURFACE_STYLE_USAGE(.BOTH.,#11393);
#11393 = SURFACE_SIDE_STYLE('',(#11394));
#11394 = SURFACE_STYLE_FILL_AREA(#11395);
#11395 = FILL_AREA_STYLE('',(#11396));
#11396 = FILL_AREA_STYLE_COLOUR('',#10880);
#11397 = STYLED_ITEM('color',(#11398),#4774);
#11398 = PRESENTATION_STYLE_ASSIGNMENT((#11399));
#11399 = SURFACE_STYLE_USAGE(.BOTH.,#11400);
#11400 = SURFACE_SIDE_STYLE('',(#11401));
#11401 = SURFACE_STYLE_FILL_AREA(#11402);
#11402 = FILL_AREA_STYLE('',(#11403));
#11403 = FILL_AREA_STYLE_COLOUR('',#10880);
#11404 = STYLED_ITEM('color',(#11405),#4826);
#11405 = PRESENTATION_STYLE_ASSIGNMENT((#11406));
#11406 = SURFACE_STYLE_USAGE(.BOTH.,#11407);
#11407 = SURFACE_SIDE_STYLE('',(#11408));
#11408 = SURFACE_STYLE_FILL_AREA(#11409);
#11409 = FILL_AREA_STYLE('',(#11410));
#11410 = FILL_AREA_STYLE_COLOUR('',#10880);
#11411 = STYLED_ITEM('color',(#11412),#4858);
#11412 = PRESENTATION_STYLE_ASSIGNMENT((#11413));
#11413 = SURFACE_STYLE_USAGE(.BOTH.,#11414);
#11414 = SURFACE_SIDE_STYLE('',(#11415));
#11415 = SURFACE_STYLE_FILL_AREA(#11416);
#11416 = FILL_AREA_STYLE('',(#11417));
#11417 = FILL_AREA_STYLE_COLOUR('',#10880);
#11418 = STYLED_ITEM('color',(#11419),#4883);
#11419 = PRESENTATION_STYLE_ASSIGNMENT((#11420));
#11420 = SURFACE_STYLE_USAGE(.BOTH.,#11421);
#11421 = SURFACE_SIDE_STYLE('',(#11422));
#11422 = SURFACE_STYLE_FILL_AREA(#11423);
#11423 = FILL_AREA_STYLE('',(#11424));
#11424 = FILL_AREA_STYLE_COLOUR('',#10880);
#11425 = STYLED_ITEM('color',(#11426),#4908);
#11426 = PRESENTATION_STYLE_ASSIGNMENT((#11427));
#11427 = SURFACE_STYLE_USAGE(.BOTH.,#11428);
#11428 = SURFACE_SIDE_STYLE('',(#11429));
#11429 = SURFACE_STYLE_FILL_AREA(#11430);
#11430 = FILL_AREA_STYLE('',(#11431));
#11431 = FILL_AREA_STYLE_COLOUR('',#10880);
#11432 = STYLED_ITEM('color',(#11433),#4940);
#11433 = PRESENTATION_STYLE_ASSIGNMENT((#11434));
#11434 = SURFACE_STYLE_USAGE(.BOTH.,#11435);
#11435 = SURFACE_SIDE_STYLE('',(#11436));
#11436 = SURFACE_STYLE_FILL_AREA(#11437);
#11437 = FILL_AREA_STYLE('',(#11438));
#11438 = FILL_AREA_STYLE_COLOUR('',#10880);
#11439 = STYLED_ITEM('color',(#11440),#4965);
#11440 = PRESENTATION_STYLE_ASSIGNMENT((#11441));
#11441 = SURFACE_STYLE_USAGE(.BOTH.,#11442);
#11442 = SURFACE_SIDE_STYLE('',(#11443));
#11443 = SURFACE_STYLE_FILL_AREA(#11444);
#11444 = FILL_AREA_STYLE('',(#11445));
#11445 = FILL_AREA_STYLE_COLOUR('',#10880);
#11446 = STYLED_ITEM('color',(#11447),#4990);
#11447 = PRESENTATION_STYLE_ASSIGNMENT((#11448));
#11448 = SURFACE_STYLE_USAGE(.BOTH.,#11449);
#11449 = SURFACE_SIDE_STYLE('',(#11450));
#11450 = SURFACE_STYLE_FILL_AREA(#11451);
#11451 = FILL_AREA_STYLE('',(#11452));
#11452 = FILL_AREA_STYLE_COLOUR('',#10880);
#11453 = STYLED_ITEM('color',(#11454),#5007);
#11454 = PRESENTATION_STYLE_ASSIGNMENT((#11455));
#11455 = SURFACE_STYLE_USAGE(.BOTH.,#11456);
#11456 = SURFACE_SIDE_STYLE('',(#11457));
#11457 = SURFACE_STYLE_FILL_AREA(#11458);
#11458 = FILL_AREA_STYLE('',(#11459));
#11459 = FILL_AREA_STYLE_COLOUR('',#10880);
#11460 = STYLED_ITEM('color',(#11461),#5024);
#11461 = PRESENTATION_STYLE_ASSIGNMENT((#11462));
#11462 = SURFACE_STYLE_USAGE(.BOTH.,#11463);
#11463 = SURFACE_SIDE_STYLE('',(#11464));
#11464 = SURFACE_STYLE_FILL_AREA(#11465);
#11465 = FILL_AREA_STYLE('',(#11466));
#11466 = FILL_AREA_STYLE_COLOUR('',#10880);
#11467 = STYLED_ITEM('color',(#11468),#5072);
#11468 = PRESENTATION_STYLE_ASSIGNMENT((#11469));
#11469 = SURFACE_STYLE_USAGE(.BOTH.,#11470);
#11470 = SURFACE_SIDE_STYLE('',(#11471));
#11471 = SURFACE_STYLE_FILL_AREA(#11472);
#11472 = FILL_AREA_STYLE('',(#11473));
#11473 = FILL_AREA_STYLE_COLOUR('',#10639);
#11474 = STYLED_ITEM('color',(#11475),#5113);
#11475 = PRESENTATION_STYLE_ASSIGNMENT((#11476));
#11476 = SURFACE_STYLE_USAGE(.BOTH.,#11477);
#11477 = SURFACE_SIDE_STYLE('',(#11478));
#11478 = SURFACE_STYLE_FILL_AREA(#11479);
#11479 = FILL_AREA_STYLE('',(#11480));
#11480 = FILL_AREA_STYLE_COLOUR('',#10880);
#11481 = STYLED_ITEM('color',(#11482),#5131);
#11482 = PRESENTATION_STYLE_ASSIGNMENT((#11483));
#11483 = SURFACE_STYLE_USAGE(.BOTH.,#11484);
#11484 = SURFACE_SIDE_STYLE('',(#11485));
#11485 = SURFACE_STYLE_FILL_AREA(#11486);
#11486 = FILL_AREA_STYLE('',(#11487));
#11487 = FILL_AREA_STYLE_COLOUR('',#10880);
#11488 = STYLED_ITEM('color',(#11489),#5143);
#11489 = PRESENTATION_STYLE_ASSIGNMENT((#11490));
#11490 = SURFACE_STYLE_USAGE(.BOTH.,#11491);
#11491 = SURFACE_SIDE_STYLE('',(#11492));
#11492 = SURFACE_STYLE_FILL_AREA(#11493);
#11493 = FILL_AREA_STYLE('',(#11494));
#11494 = FILL_AREA_STYLE_COLOUR('',#10880);
#11495 = STYLED_ITEM('color',(#11496),#5155);
#11496 = PRESENTATION_STYLE_ASSIGNMENT((#11497));
#11497 = SURFACE_STYLE_USAGE(.BOTH.,#11498);
#11498 = SURFACE_SIDE_STYLE('',(#11499));
#11499 = SURFACE_STYLE_FILL_AREA(#11500);
#11500 = FILL_AREA_STYLE('',(#11501));
#11501 = FILL_AREA_STYLE_COLOUR('',#10880);
#11502 = STYLED_ITEM('color',(#11503),#5171);
#11503 = PRESENTATION_STYLE_ASSIGNMENT((#11504));
#11504 = SURFACE_STYLE_USAGE(.BOTH.,#11505);
#11505 = SURFACE_SIDE_STYLE('',(#11506));
#11506 = SURFACE_STYLE_FILL_AREA(#11507);
#11507 = FILL_AREA_STYLE('',(#11508));
#11508 = FILL_AREA_STYLE_COLOUR('',#10639);
#11509 = MECHANICAL_DESIGN_GEOMETRIC_PRESENTATION_REPRESENTATION('',(
    #11510,#11520,#11529,#11538,#11547,#11556,#11565,#11574,#11583,
    #11592,#11601,#11610,#11619,#11628,#11637,#11646,#11655,#11664,
    #11673,#11682,#11691,#11700,#11709,#11718,#11727,#11736,#11745,
    #11754,#11763,#11772,#11781,#11790,#11799,#11808,#11817,#11826,
    #11835,#11844,#11853,#11862,#11871,#11880,#11889,#11898,#11907,
    #11916,#11925,#11934,#11943,#11952,#11961,#11970,#11979,#11988,
    #11997,#12007,#12016,#12025,#12034),#3797);
#11510 = STYLED_ITEM('color',(#11511),#2111);
#11511 = PRESENTATION_STYLE_ASSIGNMENT((#11512,#11518));
#11512 = SURFACE_STYLE_USAGE(.BOTH.,#11513);
#11513 = SURFACE_SIDE_STYLE('',(#11514));
#11514 = SURFACE_STYLE_FILL_AREA(#11515);
#11515 = FILL_AREA_STYLE('',(#11516));
#11516 = FILL_AREA_STYLE_COLOUR('',#11517);
#11517 = COLOUR_RGB('',0.147999998088,0.145000001626,0.145000001626);
#11518 = CURVE_STYLE('',#11519,POSITIVE_LENGTH_MEASURE(0.1),#11517);
#11519 = DRAUGHTING_PRE_DEFINED_CURVE_FONT('continuous');
#11520 = STYLED_ITEM('color',(#11521),#2165);
#11521 = PRESENTATION_STYLE_ASSIGNMENT((#11522,#11527));
#11522 = SURFACE_STYLE_USAGE(.BOTH.,#11523);
#11523 = SURFACE_SIDE_STYLE('',(#11524));
#11524 = SURFACE_STYLE_FILL_AREA(#11525);
#11525 = FILL_AREA_STYLE('',(#11526));
#11526 = FILL_AREA_STYLE_COLOUR('',#11517);
#11527 = CURVE_STYLE('',#11528,POSITIVE_LENGTH_MEASURE(0.1),#11517);
#11528 = DRAUGHTING_PRE_DEFINED_CURVE_FONT('continuous');
#11529 = STYLED_ITEM('color',(#11530),#2228);
#11530 = PRESENTATION_STYLE_ASSIGNMENT((#11531,#11536));
#11531 = SURFACE_STYLE_USAGE(.BOTH.,#11532);
#11532 = SURFACE_SIDE_STYLE('',(#11533));
#11533 = SURFACE_STYLE_FILL_AREA(#11534);
#11534 = FILL_AREA_STYLE('',(#11535));
#11535 = FILL_AREA_STYLE_COLOUR('',#11517);
#11536 = CURVE_STYLE('',#11537,POSITIVE_LENGTH_MEASURE(0.1),#11517);
#11537 = DRAUGHTING_PRE_DEFINED_CURVE_FONT('continuous');
#11538 = STYLED_ITEM('color',(#11539),#2251);
#11539 = PRESENTATION_STYLE_ASSIGNMENT((#11540,#11545));
#11540 = SURFACE_STYLE_USAGE(.BOTH.,#11541);
#11541 = SURFACE_SIDE_STYLE('',(#11542));
#11542 = SURFACE_STYLE_FILL_AREA(#11543);
#11543 = FILL_AREA_STYLE('',(#11544));
#11544 = FILL_AREA_STYLE_COLOUR('',#11517);
#11545 = CURVE_STYLE('',#11546,POSITIVE_LENGTH_MEASURE(0.1),#11517);
#11546 = DRAUGHTING_PRE_DEFINED_CURVE_FONT('continuous');
#11547 = STYLED_ITEM('color',(#11548),#2281);
#11548 = PRESENTATION_STYLE_ASSIGNMENT((#11549,#11554));
#11549 = SURFACE_STYLE_USAGE(.BOTH.,#11550);
#11550 = SURFACE_SIDE_STYLE('',(#11551));
#11551 = SURFACE_STYLE_FILL_AREA(#11552);
#11552 = FILL_AREA_STYLE('',(#11553));
#11553 = FILL_AREA_STYLE_COLOUR('',#10880);
#11554 = CURVE_STYLE('',#11555,POSITIVE_LENGTH_MEASURE(0.1),#10880);
#11555 = DRAUGHTING_PRE_DEFINED_CURVE_FONT('continuous');
#11556 = STYLED_ITEM('color',(#11557),#2314);
#11557 = PRESENTATION_STYLE_ASSIGNMENT((#11558,#11563));
#11558 = SURFACE_STYLE_USAGE(.BOTH.,#11559);
#11559 = SURFACE_SIDE_STYLE('',(#11560));
#11560 = SURFACE_STYLE_FILL_AREA(#11561);
#11561 = FILL_AREA_STYLE('',(#11562));
#11562 = FILL_AREA_STYLE_COLOUR('',#11517);
#11563 = CURVE_STYLE('',#11564,POSITIVE_LENGTH_MEASURE(0.1),#11517);
#11564 = DRAUGHTING_PRE_DEFINED_CURVE_FONT('continuous');
#11565 = STYLED_ITEM('color',(#11566),#2344);
#11566 = PRESENTATION_STYLE_ASSIGNMENT((#11567,#11572));
#11567 = SURFACE_STYLE_USAGE(.BOTH.,#11568);
#11568 = SURFACE_SIDE_STYLE('',(#11569));
#11569 = SURFACE_STYLE_FILL_AREA(#11570);
#11570 = FILL_AREA_STYLE('',(#11571));
#11571 = FILL_AREA_STYLE_COLOUR('',#11517);
#11572 = CURVE_STYLE('',#11573,POSITIVE_LENGTH_MEASURE(0.1),#11517);
#11573 = DRAUGHTING_PRE_DEFINED_CURVE_FONT('continuous');
#11574 = STYLED_ITEM('color',(#11575),#2367);
#11575 = PRESENTATION_STYLE_ASSIGNMENT((#11576,#11581));
#11576 = SURFACE_STYLE_USAGE(.BOTH.,#11577);
#11577 = SURFACE_SIDE_STYLE('',(#11578));
#11578 = SURFACE_STYLE_FILL_AREA(#11579);
#11579 = FILL_AREA_STYLE('',(#11580));
#11580 = FILL_AREA_STYLE_COLOUR('',#11517);
#11581 = CURVE_STYLE('',#11582,POSITIVE_LENGTH_MEASURE(0.1),#11517);
#11582 = DRAUGHTING_PRE_DEFINED_CURVE_FONT('continuous');
#11583 = STYLED_ITEM('color',(#11584),#2390);
#11584 = PRESENTATION_STYLE_ASSIGNMENT((#11585,#11590));
#11585 = SURFACE_STYLE_USAGE(.BOTH.,#11586);
#11586 = SURFACE_SIDE_STYLE('',(#11587));
#11587 = SURFACE_STYLE_FILL_AREA(#11588);
#11588 = FILL_AREA_STYLE('',(#11589));
#11589 = FILL_AREA_STYLE_COLOUR('',#11517);
#11590 = CURVE_STYLE('',#11591,POSITIVE_LENGTH_MEASURE(0.1),#11517);
#11591 = DRAUGHTING_PRE_DEFINED_CURVE_FONT('continuous');
#11592 = STYLED_ITEM('color',(#11593),#2413);
#11593 = PRESENTATION_STYLE_ASSIGNMENT((#11594,#11599));
#11594 = SURFACE_STYLE_USAGE(.BOTH.,#11595);
#11595 = SURFACE_SIDE_STYLE('',(#11596));
#11596 = SURFACE_STYLE_FILL_AREA(#11597);
#11597 = FILL_AREA_STYLE('',(#11598));
#11598 = FILL_AREA_STYLE_COLOUR('',#11517);
#11599 = CURVE_STYLE('',#11600,POSITIVE_LENGTH_MEASURE(0.1),#11517);
#11600 = DRAUGHTING_PRE_DEFINED_CURVE_FONT('continuous');
#11601 = STYLED_ITEM('color',(#11602),#2436);
#11602 = PRESENTATION_STYLE_ASSIGNMENT((#11603,#11608));
#11603 = SURFACE_STYLE_USAGE(.BOTH.,#11604);
#11604 = SURFACE_SIDE_STYLE('',(#11605));
#11605 = SURFACE_STYLE_FILL_AREA(#11606);
#11606 = FILL_AREA_STYLE('',(#11607));
#11607 = FILL_AREA_STYLE_COLOUR('',#11517);
#11608 = CURVE_STYLE('',#11609,POSITIVE_LENGTH_MEASURE(0.1),#11517);
#11609 = DRAUGHTING_PRE_DEFINED_CURVE_FONT('continuous');
#11610 = STYLED_ITEM('color',(#11611),#2459);
#11611 = PRESENTATION_STYLE_ASSIGNMENT((#11612,#11617));
#11612 = SURFACE_STYLE_USAGE(.BOTH.,#11613);
#11613 = SURFACE_SIDE_STYLE('',(#11614));
#11614 = SURFACE_STYLE_FILL_AREA(#11615);
#11615 = FILL_AREA_STYLE('',(#11616));
#11616 = FILL_AREA_STYLE_COLOUR('',#11517);
#11617 = CURVE_STYLE('',#11618,POSITIVE_LENGTH_MEASURE(0.1),#11517);
#11618 = DRAUGHTING_PRE_DEFINED_CURVE_FONT('continuous');
#11619 = STYLED_ITEM('color',(#11620),#2492);
#11620 = PRESENTATION_STYLE_ASSIGNMENT((#11621,#11626));
#11621 = SURFACE_STYLE_USAGE(.BOTH.,#11622);
#11622 = SURFACE_SIDE_STYLE('',(#11623));
#11623 = SURFACE_STYLE_FILL_AREA(#11624);
#11624 = FILL_AREA_STYLE('',(#11625));
#11625 = FILL_AREA_STYLE_COLOUR('',#11517);
#11626 = CURVE_STYLE('',#11627,POSITIVE_LENGTH_MEASURE(0.1),#11517);
#11627 = DRAUGHTING_PRE_DEFINED_CURVE_FONT('continuous');
#11628 = STYLED_ITEM('color',(#11629),#2515);
#11629 = PRESENTATION_STYLE_ASSIGNMENT((#11630,#11635));
#11630 = SURFACE_STYLE_USAGE(.BOTH.,#11631);
#11631 = SURFACE_SIDE_STYLE('',(#11632));
#11632 = SURFACE_STYLE_FILL_AREA(#11633);
#11633 = FILL_AREA_STYLE('',(#11634));
#11634 = FILL_AREA_STYLE_COLOUR('',#11517);
#11635 = CURVE_STYLE('',#11636,POSITIVE_LENGTH_MEASURE(0.1),#11517);
#11636 = DRAUGHTING_PRE_DEFINED_CURVE_FONT('continuous');
#11637 = STYLED_ITEM('color',(#11638),#2538);
#11638 = PRESENTATION_STYLE_ASSIGNMENT((#11639,#11644));
#11639 = SURFACE_STYLE_USAGE(.BOTH.,#11640);
#11640 = SURFACE_SIDE_STYLE('',(#11641));
#11641 = SURFACE_STYLE_FILL_AREA(#11642);
#11642 = FILL_AREA_STYLE('',(#11643));
#11643 = FILL_AREA_STYLE_COLOUR('',#11517);
#11644 = CURVE_STYLE('',#11645,POSITIVE_LENGTH_MEASURE(0.1),#11517);
#11645 = DRAUGHTING_PRE_DEFINED_CURVE_FONT('continuous');
#11646 = STYLED_ITEM('color',(#11647),#2626);
#11647 = PRESENTATION_STYLE_ASSIGNMENT((#11648,#11653));
#11648 = SURFACE_STYLE_USAGE(.BOTH.,#11649);
#11649 = SURFACE_SIDE_STYLE('',(#11650));
#11650 = SURFACE_STYLE_FILL_AREA(#11651);
#11651 = FILL_AREA_STYLE('',(#11652));
#11652 = FILL_AREA_STYLE_COLOUR('',#10880);
#11653 = CURVE_STYLE('',#11654,POSITIVE_LENGTH_MEASURE(0.1),#10880);
#11654 = DRAUGHTING_PRE_DEFINED_CURVE_FONT('continuous');
#11655 = STYLED_ITEM('color',(#11656),#2701);
#11656 = PRESENTATION_STYLE_ASSIGNMENT((#11657,#11662));
#11657 = SURFACE_STYLE_USAGE(.BOTH.,#11658);
#11658 = SURFACE_SIDE_STYLE('',(#11659));
#11659 = SURFACE_STYLE_FILL_AREA(#11660);
#11660 = FILL_AREA_STYLE('',(#11661));
#11661 = FILL_AREA_STYLE_COLOUR('',#10880);
#11662 = CURVE_STYLE('',#11663,POSITIVE_LENGTH_MEASURE(0.1),#10880);
#11663 = DRAUGHTING_PRE_DEFINED_CURVE_FONT('continuous');
#11664 = STYLED_ITEM('color',(#11665),#2725);
#11665 = PRESENTATION_STYLE_ASSIGNMENT((#11666,#11671));
#11666 = SURFACE_STYLE_USAGE(.BOTH.,#11667);
#11667 = SURFACE_SIDE_STYLE('',(#11668));
#11668 = SURFACE_STYLE_FILL_AREA(#11669);
#11669 = FILL_AREA_STYLE('',(#11670));
#11670 = FILL_AREA_STYLE_COLOUR('',#10880);
#11671 = CURVE_STYLE('',#11672,POSITIVE_LENGTH_MEASURE(0.1),#10880);
#11672 = DRAUGHTING_PRE_DEFINED_CURVE_FONT('continuous');
#11673 = STYLED_ITEM('color',(#11674),#2793);
#11674 = PRESENTATION_STYLE_ASSIGNMENT((#11675,#11680));
#11675 = SURFACE_STYLE_USAGE(.BOTH.,#11676);
#11676 = SURFACE_SIDE_STYLE('',(#11677));
#11677 = SURFACE_STYLE_FILL_AREA(#11678);
#11678 = FILL_AREA_STYLE('',(#11679));
#11679 = FILL_AREA_STYLE_COLOUR('',#11517);
#11680 = CURVE_STYLE('',#11681,POSITIVE_LENGTH_MEASURE(0.1),#11517);
#11681 = DRAUGHTING_PRE_DEFINED_CURVE_FONT('continuous');
#11682 = STYLED_ITEM('color',(#11683),#2881);
#11683 = PRESENTATION_STYLE_ASSIGNMENT((#11684,#11689));
#11684 = SURFACE_STYLE_USAGE(.BOTH.,#11685);
#11685 = SURFACE_SIDE_STYLE('',(#11686));
#11686 = SURFACE_STYLE_FILL_AREA(#11687);
#11687 = FILL_AREA_STYLE('',(#11688));
#11688 = FILL_AREA_STYLE_COLOUR('',#11517);
#11689 = CURVE_STYLE('',#11690,POSITIVE_LENGTH_MEASURE(0.1),#11517);
#11690 = DRAUGHTING_PRE_DEFINED_CURVE_FONT('continuous');
#11691 = STYLED_ITEM('color',(#11692),#2897);
#11692 = PRESENTATION_STYLE_ASSIGNMENT((#11693,#11698));
#11693 = SURFACE_STYLE_USAGE(.BOTH.,#11694);
#11694 = SURFACE_SIDE_STYLE('',(#11695));
#11695 = SURFACE_STYLE_FILL_AREA(#11696);
#11696 = FILL_AREA_STYLE('',(#11697));
#11697 = FILL_AREA_STYLE_COLOUR('',#11517);
#11698 = CURVE_STYLE('',#11699,POSITIVE_LENGTH_MEASURE(0.1),#11517);
#11699 = DRAUGHTING_PRE_DEFINED_CURVE_FONT('continuous');
#11700 = STYLED_ITEM('color',(#11701),#2913);
#11701 = PRESENTATION_STYLE_ASSIGNMENT((#11702,#11707));
#11702 = SURFACE_STYLE_USAGE(.BOTH.,#11703);
#11703 = SURFACE_SIDE_STYLE('',(#11704));
#11704 = SURFACE_STYLE_FILL_AREA(#11705);
#11705 = FILL_AREA_STYLE('',(#11706));
#11706 = FILL_AREA_STYLE_COLOUR('',#11517);
#11707 = CURVE_STYLE('',#11708,POSITIVE_LENGTH_MEASURE(0.1),#11517);
#11708 = DRAUGHTING_PRE_DEFINED_CURVE_FONT('continuous');
#11709 = STYLED_ITEM('color',(#11710),#2929);
#11710 = PRESENTATION_STYLE_ASSIGNMENT((#11711,#11716));
#11711 = SURFACE_STYLE_USAGE(.BOTH.,#11712);
#11712 = SURFACE_SIDE_STYLE('',(#11713));
#11713 = SURFACE_STYLE_FILL_AREA(#11714);
#11714 = FILL_AREA_STYLE('',(#11715));
#11715 = FILL_AREA_STYLE_COLOUR('',#11517);
#11716 = CURVE_STYLE('',#11717,POSITIVE_LENGTH_MEASURE(0.1),#11517);
#11717 = DRAUGHTING_PRE_DEFINED_CURVE_FONT('continuous');
#11718 = STYLED_ITEM('color',(#11719),#2945);
#11719 = PRESENTATION_STYLE_ASSIGNMENT((#11720,#11725));
#11720 = SURFACE_STYLE_USAGE(.BOTH.,#11721);
#11721 = SURFACE_SIDE_STYLE('',(#11722));
#11722 = SURFACE_STYLE_FILL_AREA(#11723);
#11723 = FILL_AREA_STYLE('',(#11724));
#11724 = FILL_AREA_STYLE_COLOUR('',#11517);
#11725 = CURVE_STYLE('',#11726,POSITIVE_LENGTH_MEASURE(0.1),#11517);
#11726 = DRAUGHTING_PRE_DEFINED_CURVE_FONT('continuous');
#11727 = STYLED_ITEM('color',(#11728),#2962);
#11728 = PRESENTATION_STYLE_ASSIGNMENT((#11729,#11734));
#11729 = SURFACE_STYLE_USAGE(.BOTH.,#11730);
#11730 = SURFACE_SIDE_STYLE('',(#11731));
#11731 = SURFACE_STYLE_FILL_AREA(#11732);
#11732 = FILL_AREA_STYLE('',(#11733));
#11733 = FILL_AREA_STYLE_COLOUR('',#10880);
#11734 = CURVE_STYLE('',#11735,POSITIVE_LENGTH_MEASURE(0.1),#10880);
#11735 = DRAUGHTING_PRE_DEFINED_CURVE_FONT('continuous');
#11736 = STYLED_ITEM('color',(#11737),#2995);
#11737 = PRESENTATION_STYLE_ASSIGNMENT((#11738,#11743));
#11738 = SURFACE_STYLE_USAGE(.BOTH.,#11739);
#11739 = SURFACE_SIDE_STYLE('',(#11740));
#11740 = SURFACE_STYLE_FILL_AREA(#11741);
#11741 = FILL_AREA_STYLE('',(#11742));
#11742 = FILL_AREA_STYLE_COLOUR('',#11517);
#11743 = CURVE_STYLE('',#11744,POSITIVE_LENGTH_MEASURE(0.1),#11517);
#11744 = DRAUGHTING_PRE_DEFINED_CURVE_FONT('continuous');
#11745 = STYLED_ITEM('color',(#11746),#3012);
#11746 = PRESENTATION_STYLE_ASSIGNMENT((#11747,#11752));
#11747 = SURFACE_STYLE_USAGE(.BOTH.,#11748);
#11748 = SURFACE_SIDE_STYLE('',(#11749));
#11749 = SURFACE_STYLE_FILL_AREA(#11750);
#11750 = FILL_AREA_STYLE('',(#11751));
#11751 = FILL_AREA_STYLE_COLOUR('',#10880);
#11752 = CURVE_STYLE('',#11753,POSITIVE_LENGTH_MEASURE(0.1),#10880);
#11753 = DRAUGHTING_PRE_DEFINED_CURVE_FONT('continuous');
#11754 = STYLED_ITEM('color',(#11755),#3034);
#11755 = PRESENTATION_STYLE_ASSIGNMENT((#11756,#11761));
#11756 = SURFACE_STYLE_USAGE(.BOTH.,#11757);
#11757 = SURFACE_SIDE_STYLE('',(#11758));
#11758 = SURFACE_STYLE_FILL_AREA(#11759);
#11759 = FILL_AREA_STYLE('',(#11760));
#11760 = FILL_AREA_STYLE_COLOUR('',#11517);
#11761 = CURVE_STYLE('',#11762,POSITIVE_LENGTH_MEASURE(0.1),#11517);
#11762 = DRAUGHTING_PRE_DEFINED_CURVE_FONT('continuous');
#11763 = STYLED_ITEM('color',(#11764),#3065);
#11764 = PRESENTATION_STYLE_ASSIGNMENT((#11765,#11770));
#11765 = SURFACE_STYLE_USAGE(.BOTH.,#11766);
#11766 = SURFACE_SIDE_STYLE('',(#11767));
#11767 = SURFACE_STYLE_FILL_AREA(#11768);
#11768 = FILL_AREA_STYLE('',(#11769));
#11769 = FILL_AREA_STYLE_COLOUR('',#11517);
#11770 = CURVE_STYLE('',#11771,POSITIVE_LENGTH_MEASURE(0.1),#11517);
#11771 = DRAUGHTING_PRE_DEFINED_CURVE_FONT('continuous');
#11772 = STYLED_ITEM('color',(#11773),#3088);
#11773 = PRESENTATION_STYLE_ASSIGNMENT((#11774,#11779));
#11774 = SURFACE_STYLE_USAGE(.BOTH.,#11775);
#11775 = SURFACE_SIDE_STYLE('',(#11776));
#11776 = SURFACE_STYLE_FILL_AREA(#11777);
#11777 = FILL_AREA_STYLE('',(#11778));
#11778 = FILL_AREA_STYLE_COLOUR('',#11517);
#11779 = CURVE_STYLE('',#11780,POSITIVE_LENGTH_MEASURE(0.1),#11517);
#11780 = DRAUGHTING_PRE_DEFINED_CURVE_FONT('continuous');
#11781 = STYLED_ITEM('color',(#11782),#3111);
#11782 = PRESENTATION_STYLE_ASSIGNMENT((#11783,#11788));
#11783 = SURFACE_STYLE_USAGE(.BOTH.,#11784);
#11784 = SURFACE_SIDE_STYLE('',(#11785));
#11785 = SURFACE_STYLE_FILL_AREA(#11786);
#11786 = FILL_AREA_STYLE('',(#11787));
#11787 = FILL_AREA_STYLE_COLOUR('',#11517);
#11788 = CURVE_STYLE('',#11789,POSITIVE_LENGTH_MEASURE(0.1),#11517);
#11789 = DRAUGHTING_PRE_DEFINED_CURVE_FONT('continuous');
#11790 = STYLED_ITEM('color',(#11791),#3134);
#11791 = PRESENTATION_STYLE_ASSIGNMENT((#11792,#11797));
#11792 = SURFACE_STYLE_USAGE(.BOTH.,#11793);
#11793 = SURFACE_SIDE_STYLE('',(#11794));
#11794 = SURFACE_STYLE_FILL_AREA(#11795);
#11795 = FILL_AREA_STYLE('',(#11796));
#11796 = FILL_AREA_STYLE_COLOUR('',#11517);
#11797 = CURVE_STYLE('',#11798,POSITIVE_LENGTH_MEASURE(0.1),#11517);
#11798 = DRAUGHTING_PRE_DEFINED_CURVE_FONT('continuous');
#11799 = STYLED_ITEM('color',(#11800),#3164);
#11800 = PRESENTATION_STYLE_ASSIGNMENT((#11801,#11806));
#11801 = SURFACE_STYLE_USAGE(.BOTH.,#11802);
#11802 = SURFACE_SIDE_STYLE('',(#11803));
#11803 = SURFACE_STYLE_FILL_AREA(#11804);
#11804 = FILL_AREA_STYLE('',(#11805));
#11805 = FILL_AREA_STYLE_COLOUR('',#10880);
#11806 = CURVE_STYLE('',#11807,POSITIVE_LENGTH_MEASURE(0.1),#10880);
#11807 = DRAUGHTING_PRE_DEFINED_CURVE_FONT('continuous');
#11808 = STYLED_ITEM('color',(#11809),#3181);
#11809 = PRESENTATION_STYLE_ASSIGNMENT((#11810,#11815));
#11810 = SURFACE_STYLE_USAGE(.BOTH.,#11811);
#11811 = SURFACE_SIDE_STYLE('',(#11812));
#11812 = SURFACE_STYLE_FILL_AREA(#11813);
#11813 = FILL_AREA_STYLE('',(#11814));
#11814 = FILL_AREA_STYLE_COLOUR('',#10880);
#11815 = CURVE_STYLE('',#11816,POSITIVE_LENGTH_MEASURE(0.1),#10880);
#11816 = DRAUGHTING_PRE_DEFINED_CURVE_FONT('continuous');
#11817 = STYLED_ITEM('color',(#11818),#3198);
#11818 = PRESENTATION_STYLE_ASSIGNMENT((#11819,#11824));
#11819 = SURFACE_STYLE_USAGE(.BOTH.,#11820);
#11820 = SURFACE_SIDE_STYLE('',(#11821));
#11821 = SURFACE_STYLE_FILL_AREA(#11822);
#11822 = FILL_AREA_STYLE('',(#11823));
#11823 = FILL_AREA_STYLE_COLOUR('',#10880);
#11824 = CURVE_STYLE('',#11825,POSITIVE_LENGTH_MEASURE(0.1),#10880);
#11825 = DRAUGHTING_PRE_DEFINED_CURVE_FONT('continuous');
#11826 = STYLED_ITEM('color',(#11827),#3215);
#11827 = PRESENTATION_STYLE_ASSIGNMENT((#11828,#11833));
#11828 = SURFACE_STYLE_USAGE(.BOTH.,#11829);
#11829 = SURFACE_SIDE_STYLE('',(#11830));
#11830 = SURFACE_STYLE_FILL_AREA(#11831);
#11831 = FILL_AREA_STYLE('',(#11832));
#11832 = FILL_AREA_STYLE_COLOUR('',#10880);
#11833 = CURVE_STYLE('',#11834,POSITIVE_LENGTH_MEASURE(0.1),#10880);
#11834 = DRAUGHTING_PRE_DEFINED_CURVE_FONT('continuous');
#11835 = STYLED_ITEM('color',(#11836),#3232);
#11836 = PRESENTATION_STYLE_ASSIGNMENT((#11837,#11842));
#11837 = SURFACE_STYLE_USAGE(.BOTH.,#11838);
#11838 = SURFACE_SIDE_STYLE('',(#11839));
#11839 = SURFACE_STYLE_FILL_AREA(#11840);
#11840 = FILL_AREA_STYLE('',(#11841));
#11841 = FILL_AREA_STYLE_COLOUR('',#10880);
#11842 = CURVE_STYLE('',#11843,POSITIVE_LENGTH_MEASURE(0.1),#10880);
#11843 = DRAUGHTING_PRE_DEFINED_CURVE_FONT('continuous');
#11844 = STYLED_ITEM('color',(#11845),#3249);
#11845 = PRESENTATION_STYLE_ASSIGNMENT((#11846,#11851));
#11846 = SURFACE_STYLE_USAGE(.BOTH.,#11847);
#11847 = SURFACE_SIDE_STYLE('',(#11848));
#11848 = SURFACE_STYLE_FILL_AREA(#11849);
#11849 = FILL_AREA_STYLE('',(#11850));
#11850 = FILL_AREA_STYLE_COLOUR('',#10880);
#11851 = CURVE_STYLE('',#11852,POSITIVE_LENGTH_MEASURE(0.1),#10880);
#11852 = DRAUGHTING_PRE_DEFINED_CURVE_FONT('continuous');
#11853 = STYLED_ITEM('color',(#11854),#3266);
#11854 = PRESENTATION_STYLE_ASSIGNMENT((#11855,#11860));
#11855 = SURFACE_STYLE_USAGE(.BOTH.,#11856);
#11856 = SURFACE_SIDE_STYLE('',(#11857));
#11857 = SURFACE_STYLE_FILL_AREA(#11858);
#11858 = FILL_AREA_STYLE('',(#11859));
#11859 = FILL_AREA_STYLE_COLOUR('',#10880);
#11860 = CURVE_STYLE('',#11861,POSITIVE_LENGTH_MEASURE(0.1),#10880);
#11861 = DRAUGHTING_PRE_DEFINED_CURVE_FONT('continuous');
#11862 = STYLED_ITEM('color',(#11863),#3283);
#11863 = PRESENTATION_STYLE_ASSIGNMENT((#11864,#11869));
#11864 = SURFACE_STYLE_USAGE(.BOTH.,#11865);
#11865 = SURFACE_SIDE_STYLE('',(#11866));
#11866 = SURFACE_STYLE_FILL_AREA(#11867);
#11867 = FILL_AREA_STYLE('',(#11868));
#11868 = FILL_AREA_STYLE_COLOUR('',#10880);
#11869 = CURVE_STYLE('',#11870,POSITIVE_LENGTH_MEASURE(0.1),#10880);
#11870 = DRAUGHTING_PRE_DEFINED_CURVE_FONT('continuous');
#11871 = STYLED_ITEM('color',(#11872),#3295);
#11872 = PRESENTATION_STYLE_ASSIGNMENT((#11873,#11878));
#11873 = SURFACE_STYLE_USAGE(.BOTH.,#11874);
#11874 = SURFACE_SIDE_STYLE('',(#11875));
#11875 = SURFACE_STYLE_FILL_AREA(#11876);
#11876 = FILL_AREA_STYLE('',(#11877));
#11877 = FILL_AREA_STYLE_COLOUR('',#11517);
#11878 = CURVE_STYLE('',#11879,POSITIVE_LENGTH_MEASURE(0.1),#11517);
#11879 = DRAUGHTING_PRE_DEFINED_CURVE_FONT('continuous');
#11880 = STYLED_ITEM('color',(#11881),#3318);
#11881 = PRESENTATION_STYLE_ASSIGNMENT((#11882,#11887));
#11882 = SURFACE_STYLE_USAGE(.BOTH.,#11883);
#11883 = SURFACE_SIDE_STYLE('',(#11884));
#11884 = SURFACE_STYLE_FILL_AREA(#11885);
#11885 = FILL_AREA_STYLE('',(#11886));
#11886 = FILL_AREA_STYLE_COLOUR('',#11517);
#11887 = CURVE_STYLE('',#11888,POSITIVE_LENGTH_MEASURE(0.1),#11517);
#11888 = DRAUGHTING_PRE_DEFINED_CURVE_FONT('continuous');
#11889 = STYLED_ITEM('color',(#11890),#3341);
#11890 = PRESENTATION_STYLE_ASSIGNMENT((#11891,#11896));
#11891 = SURFACE_STYLE_USAGE(.BOTH.,#11892);
#11892 = SURFACE_SIDE_STYLE('',(#11893));
#11893 = SURFACE_STYLE_FILL_AREA(#11894);
#11894 = FILL_AREA_STYLE('',(#11895));
#11895 = FILL_AREA_STYLE_COLOUR('',#11517);
#11896 = CURVE_STYLE('',#11897,POSITIVE_LENGTH_MEASURE(0.1),#11517);
#11897 = DRAUGHTING_PRE_DEFINED_CURVE_FONT('continuous');
#11898 = STYLED_ITEM('color',(#11899),#3358);
#11899 = PRESENTATION_STYLE_ASSIGNMENT((#11900,#11905));
#11900 = SURFACE_STYLE_USAGE(.BOTH.,#11901);
#11901 = SURFACE_SIDE_STYLE('',(#11902));
#11902 = SURFACE_STYLE_FILL_AREA(#11903);
#11903 = FILL_AREA_STYLE('',(#11904));
#11904 = FILL_AREA_STYLE_COLOUR('',#10880);
#11905 = CURVE_STYLE('',#11906,POSITIVE_LENGTH_MEASURE(0.1),#10880);
#11906 = DRAUGHTING_PRE_DEFINED_CURVE_FONT('continuous');
#11907 = STYLED_ITEM('color',(#11908),#3433);
#11908 = PRESENTATION_STYLE_ASSIGNMENT((#11909,#11914));
#11909 = SURFACE_STYLE_USAGE(.BOTH.,#11910);
#11910 = SURFACE_SIDE_STYLE('',(#11911));
#11911 = SURFACE_STYLE_FILL_AREA(#11912);
#11912 = FILL_AREA_STYLE('',(#11913));
#11913 = FILL_AREA_STYLE_COLOUR('',#10880);
#11914 = CURVE_STYLE('',#11915,POSITIVE_LENGTH_MEASURE(0.1),#10880);
#11915 = DRAUGHTING_PRE_DEFINED_CURVE_FONT('continuous');
#11916 = STYLED_ITEM('color',(#11917),#3457);
#11917 = PRESENTATION_STYLE_ASSIGNMENT((#11918,#11923));
#11918 = SURFACE_STYLE_USAGE(.BOTH.,#11919);
#11919 = SURFACE_SIDE_STYLE('',(#11920));
#11920 = SURFACE_STYLE_FILL_AREA(#11921);
#11921 = FILL_AREA_STYLE('',(#11922));
#11922 = FILL_AREA_STYLE_COLOUR('',#10880);
#11923 = CURVE_STYLE('',#11924,POSITIVE_LENGTH_MEASURE(0.1),#10880);
#11924 = DRAUGHTING_PRE_DEFINED_CURVE_FONT('continuous');
#11925 = STYLED_ITEM('color',(#11926),#3525);
#11926 = PRESENTATION_STYLE_ASSIGNMENT((#11927,#11932));
#11927 = SURFACE_STYLE_USAGE(.BOTH.,#11928);
#11928 = SURFACE_SIDE_STYLE('',(#11929));
#11929 = SURFACE_STYLE_FILL_AREA(#11930);
#11930 = FILL_AREA_STYLE('',(#11931));
#11931 = FILL_AREA_STYLE_COLOUR('',#10880);
#11932 = CURVE_STYLE('',#11933,POSITIVE_LENGTH_MEASURE(0.1),#10880);
#11933 = DRAUGHTING_PRE_DEFINED_CURVE_FONT('continuous');
#11934 = STYLED_ITEM('color',(#11935),#3542);
#11935 = PRESENTATION_STYLE_ASSIGNMENT((#11936,#11941));
#11936 = SURFACE_STYLE_USAGE(.BOTH.,#11937);
#11937 = SURFACE_SIDE_STYLE('',(#11938));
#11938 = SURFACE_STYLE_FILL_AREA(#11939);
#11939 = FILL_AREA_STYLE('',(#11940));
#11940 = FILL_AREA_STYLE_COLOUR('',#11517);
#11941 = CURVE_STYLE('',#11942,POSITIVE_LENGTH_MEASURE(0.1),#11517);
#11942 = DRAUGHTING_PRE_DEFINED_CURVE_FONT('continuous');
#11943 = STYLED_ITEM('color',(#11944),#3592);
#11944 = PRESENTATION_STYLE_ASSIGNMENT((#11945,#11950));
#11945 = SURFACE_STYLE_USAGE(.BOTH.,#11946);
#11946 = SURFACE_SIDE_STYLE('',(#11947));
#11947 = SURFACE_STYLE_FILL_AREA(#11948);
#11948 = FILL_AREA_STYLE('',(#11949));
#11949 = FILL_AREA_STYLE_COLOUR('',#10880);
#11950 = CURVE_STYLE('',#11951,POSITIVE_LENGTH_MEASURE(0.1),#10880);
#11951 = DRAUGHTING_PRE_DEFINED_CURVE_FONT('continuous');
#11952 = STYLED_ITEM('color',(#11953),#3609);
#11953 = PRESENTATION_STYLE_ASSIGNMENT((#11954,#11959));
#11954 = SURFACE_STYLE_USAGE(.BOTH.,#11955);
#11955 = SURFACE_SIDE_STYLE('',(#11956));
#11956 = SURFACE_STYLE_FILL_AREA(#11957);
#11957 = FILL_AREA_STYLE('',(#11958));
#11958 = FILL_AREA_STYLE_COLOUR('',#10880);
#11959 = CURVE_STYLE('',#11960,POSITIVE_LENGTH_MEASURE(0.1),#10880);
#11960 = DRAUGHTING_PRE_DEFINED_CURVE_FONT('continuous');
#11961 = STYLED_ITEM('color',(#11962),#3626);
#11962 = PRESENTATION_STYLE_ASSIGNMENT((#11963,#11968));
#11963 = SURFACE_STYLE_USAGE(.BOTH.,#11964);
#11964 = SURFACE_SIDE_STYLE('',(#11965));
#11965 = SURFACE_STYLE_FILL_AREA(#11966);
#11966 = FILL_AREA_STYLE('',(#11967));
#11967 = FILL_AREA_STYLE_COLOUR('',#10880);
#11968 = CURVE_STYLE('',#11969,POSITIVE_LENGTH_MEASURE(0.1),#10880);
#11969 = DRAUGHTING_PRE_DEFINED_CURVE_FONT('continuous');
#11970 = STYLED_ITEM('color',(#11971),#3643);
#11971 = PRESENTATION_STYLE_ASSIGNMENT((#11972,#11977));
#11972 = SURFACE_STYLE_USAGE(.BOTH.,#11973);
#11973 = SURFACE_SIDE_STYLE('',(#11974));
#11974 = SURFACE_STYLE_FILL_AREA(#11975);
#11975 = FILL_AREA_STYLE('',(#11976));
#11976 = FILL_AREA_STYLE_COLOUR('',#10880);
#11977 = CURVE_STYLE('',#11978,POSITIVE_LENGTH_MEASURE(0.1),#10880);
#11978 = DRAUGHTING_PRE_DEFINED_CURVE_FONT('continuous');
#11979 = STYLED_ITEM('color',(#11980),#3660);
#11980 = PRESENTATION_STYLE_ASSIGNMENT((#11981,#11986));
#11981 = SURFACE_STYLE_USAGE(.BOTH.,#11982);
#11982 = SURFACE_SIDE_STYLE('',(#11983));
#11983 = SURFACE_STYLE_FILL_AREA(#11984);
#11984 = FILL_AREA_STYLE('',(#11985));
#11985 = FILL_AREA_STYLE_COLOUR('',#10880);
#11986 = CURVE_STYLE('',#11987,POSITIVE_LENGTH_MEASURE(0.1),#10880);
#11987 = DRAUGHTING_PRE_DEFINED_CURVE_FONT('continuous');
#11988 = STYLED_ITEM('color',(#11989),#3677);
#11989 = PRESENTATION_STYLE_ASSIGNMENT((#11990,#11995));
#11990 = SURFACE_STYLE_USAGE(.BOTH.,#11991);
#11991 = SURFACE_SIDE_STYLE('',(#11992));
#11992 = SURFACE_STYLE_FILL_AREA(#11993);
#11993 = FILL_AREA_STYLE('',(#11994));
#11994 = FILL_AREA_STYLE_COLOUR('',#10880);
#11995 = CURVE_STYLE('',#11996,POSITIVE_LENGTH_MEASURE(0.1),#10880);
#11996 = DRAUGHTING_PRE_DEFINED_CURVE_FONT('continuous');
#11997 = STYLED_ITEM('color',(#11998),#3689);
#11998 = PRESENTATION_STYLE_ASSIGNMENT((#11999,#12005));
#11999 = SURFACE_STYLE_USAGE(.BOTH.,#12000);
#12000 = SURFACE_SIDE_STYLE('',(#12001));
#12001 = SURFACE_STYLE_FILL_AREA(#12002);
#12002 = FILL_AREA_STYLE('',(#12003));
#12003 = FILL_AREA_STYLE_COLOUR('',#12004);
#12004 = COLOUR_RGB('',0.690999998585,0.664000007176,0.597999987832);
#12005 = CURVE_STYLE('',#12006,POSITIVE_LENGTH_MEASURE(0.1),#12004);
#12006 = DRAUGHTING_PRE_DEFINED_CURVE_FONT('continuous');
#12007 = STYLED_ITEM('color',(#12008),#3720);
#12008 = PRESENTATION_STYLE_ASSIGNMENT((#12009,#12014));
#12009 = SURFACE_STYLE_USAGE(.BOTH.,#12010);
#12010 = SURFACE_SIDE_STYLE('',(#12011));
#12011 = SURFACE_STYLE_FILL_AREA(#12012);
#12012 = FILL_AREA_STYLE('',(#12013));
#12013 = FILL_AREA_STYLE_COLOUR('',#12004);
#12014 = CURVE_STYLE('',#12015,POSITIVE_LENGTH_MEASURE(0.1),#12004);
#12015 = DRAUGHTING_PRE_DEFINED_CURVE_FONT('continuous');
#12016 = STYLED_ITEM('color',(#12017),#3744);
#12017 = PRESENTATION_STYLE_ASSIGNMENT((#12018,#12023));
#12018 = SURFACE_STYLE_USAGE(.BOTH.,#12019);
#12019 = SURFACE_SIDE_STYLE('',(#12020));
#12020 = SURFACE_STYLE_FILL_AREA(#12021);
#12021 = FILL_AREA_STYLE('',(#12022));
#12022 = FILL_AREA_STYLE_COLOUR('',#12004);
#12023 = CURVE_STYLE('',#12024,POSITIVE_LENGTH_MEASURE(0.1),#12004);
#12024 = DRAUGHTING_PRE_DEFINED_CURVE_FONT('continuous');
#12025 = STYLED_ITEM('color',(#12026),#3768);
#12026 = PRESENTATION_STYLE_ASSIGNMENT((#12027,#12032));
#12027 = SURFACE_STYLE_USAGE(.BOTH.,#12028);
#12028 = SURFACE_SIDE_STYLE('',(#12029));
#12029 = SURFACE_STYLE_FILL_AREA(#12030);
#12030 = FILL_AREA_STYLE('',(#12031));
#12031 = FILL_AREA_STYLE_COLOUR('',#12004);
#12032 = CURVE_STYLE('',#12033,POSITIVE_LENGTH_MEASURE(0.1),#12004);
#12033 = DRAUGHTING_PRE_DEFINED_CURVE_FONT('continuous');
#12034 = STYLED_ITEM('color',(#12035),#3785);
#12035 = PRESENTATION_STYLE_ASSIGNMENT((#12036,#12041));
#12036 = SURFACE_STYLE_USAGE(.BOTH.,#12037);
#12037 = SURFACE_SIDE_STYLE('',(#12038));
#12038 = SURFACE_STYLE_FILL_AREA(#12039);
#12039 = FILL_AREA_STYLE('',(#12040));
#12040 = FILL_AREA_STYLE_COLOUR('',#12004);
#12041 = CURVE_STYLE('',#12042,POSITIVE_LENGTH_MEASURE(0.1),#12004);
#12042 = DRAUGHTING_PRE_DEFINED_CURVE_FONT('continuous');
#12043 = MECHANICAL_DESIGN_GEOMETRIC_PRESENTATION_REPRESENTATION('',(
    #12044),#8739);
#12044 = STYLED_ITEM('color',(#12045),#7734);
#12045 = PRESENTATION_STYLE_ASSIGNMENT((#12046));
#12046 = SURFACE_STYLE_USAGE(.BOTH.,#12047);
#12047 = SURFACE_SIDE_STYLE('',(#12048));
#12048 = SURFACE_STYLE_FILL_AREA(#12049);
#12049 = FILL_AREA_STYLE('',(#12050));
#12050 = FILL_AREA_STYLE_COLOUR('',#11212);
ENDSEC;
END-ISO-10303-21;
