v 3.370727777 10.96732712 41.6283226
vn -0.01589255221 0.006201003212 0.9998545051
v 3.3192904 10.71353149 41.63829041
vn -0.003520836588 0.009194019251 0.9999515414
v 3.504317999 11.20649719 41.63829041
vn -0.01239380706 -0.009416416287 0.9998788834
v 3.216132879 10.46299744 41.63241577
vn -0.01187578216 -0.001503073378 0.9999283552
v 3.526840448 11.4667511 41.61016846
vn -0.3553974032 0.1661106795 0.9198368788
v 3.033317327 9.957111359 41.60319138
vn -0.6164805889 0.1128046885 0.779247582
v 3.732795715 11.68089294 41.63829041
vn -0.01049841009 -0.002768990817 0.999941051
v 2.969100952 9.563652039 41.59909821
vn -0.6378955841 0.05445128679 0.7681954503
v 3.890090942 11.91990662 41.63998413
vn -0.00606775051 0.003794809105 0.99997437
v 2.937708139 9.032941818 41.6011467
vn -0.6626271009 0.01561945211 0.7487866282
v 4.002891064 12.13289642 41.63829041
vn -0.00762150716 0.005128303077 0.9999577999
v 3.104095221 9.691009521 41.63998413
vn -0.004046897404 -0.003037831979 0.999987185
v 4.183166504 12.3598938 41.63998413
vn -0.00794592686 0.001993082929 0.9999664426
v 4.239746094 12.58040619 41.6183548
vn -0.3759384155 0.2959038019 0.8781294227
v 4.514785767 12.77160645 41.63998413
vn -0.0009242573869 0.01077532489 0.9999415278
v 6.760327339 2.248387098 40.50822449
vn -0.2523398399 -0.7466890812 0.6154510379
v 10.13896561 3.162720203 28.31095505
vn 0.1342880428 -0.6440242529 -0.753126502
v 3.016526937 8.803600311 28.32392693
vn -0.6615745425 -0.01142789703 -0.7497923374
v 9.288749695 1.169426084 30.6088829
vn 0.04578182846 -0.8704753518 -0.4900782108
v 2.076751709 7.481262207 40.5349884
vn -0.7715188861 -0.1643811315 0.6146034598
v 12.19033051 3.339603424 28.88017654
vn 0.3631912768 -0.6256766915 -0.690377295
v 11.98833847 2.221423864 29.99464035
vn 0.3456553817 -0.7514303923 -0.5620272756
v 13.02083969 3.32843399 29.41679764
vn 0.4618887007 -0.6270722151 -0.6272473931
v 13.29807663 3.263393641 29.70084572
vn 0.4943645298 -0.6335245967 -0.5951892734
v 13.15537643 2.657142878 30.29754639
vn 0.4796806574 -0.7005032301 -0.5283953547
v 13.0942688 2.394587994 30.6088829
vn 0.4714495838 -0.7310669422 -0.4932305813
v 10.20372009 0.143428877 34.09662247
vn 0.148172304 -0.9840247035 -0.0986930728
v 14.07712173 4.293323517 29.41679764
vn 0.5828975439 -0.5161027908 -0.6275892854
v 13.47849274 2.08946991 31.55799103
vn 0.5158206224 -0.764913559 -0.3857931197
v 11.68672562 0.5461422801 33.71935654
vn 0.3133565187 -0.9390470386 -0.1414156705
v 10.62249756 0.1716838628 34.79373932
vn 0.1915343255 -0.9813021421 -0.01899342984
v 11.03694534 0.2638089955 34.79373932
vn 0.2462661117 -0.9688302875 -0.02684886195
v 14.61410332 2.773711205 32.00013733
vn 0.6415516138 -0.6914876103 -0.3320488632
v 14.28868198 2.342698336 32.32472992
vn 0.6144909859 -0.7304363251 -0.2980999351
v 14.75397968 3.269390106 31.3639183
vn 0.6521778703 -0.6386044025 -0.4084708989
v 14.74445534 2.671730518 32.50207901
vn 0.6460413337 -0.7058698535 -0.2904794812
v 14.9504776 8.159292221 28.51707077
vn 0.6832150817 -0.07760708034 -0.7260814905
v 11.22780609 0.3789218366 36.07945633
vn 0.2757790983 -0.9545847178 0.1127560437
v 15.23773575 3.254675865 32.32472992
vn 0.7144286036 -0.633633256 -0.2968175411
v 14.70929623 2.532490015 32.78639603
vn 0.6608744264 -0.7114180923 -0.2390173674
v 10.69511414 0.3402234912 36.63818359
vn 0.1929676682 -0.9642228484 0.1817629039
v 12.43386555 0.7620664239 35.69004059
vn 0.3944322765 -0.9150649905 0.08413819224
v 14.44293213 2.072921753 33.62923813
vn 0.6250730157 -0.7655403614 -0.1524194777
v 15.15546417 2.791298389 33.34193802
vn 0.7081341147 -0.6797417998 -0.1910423636
v 13.76446533 1.459762335 34.56222916
vn 0.5403587222 -0.8393782377 -0.05879300833
v 9.358573914 0.7102504373 38.45196533
vn 0.04552702978 -0.9182664156 0.3933370709
v 15.43891525 8.718139648 28.96626472
vn 0.7298129797 -0.03237563372 -0.6828798056
v 16.08117485 4.324316025 32.41321564
vn 0.8094920516 -0.5080260634 -0.2943334579
v 14.63934326 2.152810812 34.16830063
vn 0.6531035304 -0.7525373101 -0.08451818675
v 12.76810455 0.9753913879 36.19714355
vn 0.4366485178 -0.8891550303 0.1368992627
v 16.21347809 6.364711761 30.6088829
vn 0.8215536475 -0.2906976044 -0.4904533923
v 14.5473156 2.042923689 34.47266388
vn 0.6467494369 -0.7605083585 -0.05781114846
v 16.45973206 6.98135376 30.71440887
vn 0.8493491411 -0.2097935975 -0.4843477309
v 14.81615829 2.258837223 34.70453644
vn 0.6578517556 -0.7525154948 -0.03084733896
v 16.14204407 4.22593689 32.78639603
vn 0.8152463436 -0.5268248916 -0.240476504
v 12.40406513 0.8939993382 36.67609787
vn 0.3987415433 -0.8990380764 0.1809302419
v 16.2788887 13.63237095 36.53167725
vn 0.8301728964 0.5255596638 0.1860107929
v 10.79174805 16.74771881 31.2538681
vn 0.2116575241 0.8789043427 -0.427467227
v 9.661495209 16.83127213 31.03583527
vn 0.07896587253 0.8945028186 -0.4400330186
v 15.74309731 14.32301331 36.7213974
vn 0.7687597871 0.6087492704 0.1960427016
v 16.43245697 12.52872467 38.04358292
vn 0.8456885219 0.4098426402 0.3418185413
v 16.43523407 11.20646667 39.13505554
vn 0.8471477032 0.2604742646 0.4631349146
v 16.13553238 12.99727249 38.1712532
vn 0.8155568838 0.4606857002 0.3501937091
v 16.19137764 11.4793148 39.39968491
vn 0.8220255375 0.2898474038 0.4901658297
v 2.738268375 15.2098217 33.80947113
vn -0.6890654564 0.7124310732 -0.132780835
v 13.83361053 11.69715118 28.14175415
vn 0.6829350591 0.3979576528 -0.6125597358
v 10.24719238 1.620544672 39.93616867
vn 0.1533571035 -0.8172188401 0.5555492043
v 1.38354671 12.84216595 32.32472992
vn -0.8352170587 0.4562170804 -0.3070478737
v 9.239833832 16.48959351 39.6330719
vn 0.04073059559 0.8532320857 0.5199385285
v 7.353321075 16.99090195 38.36802673
vn -0.1751508862 0.9084579945 0.3795078397
v 10.36633301 14.9831543 41.32821274
vn 0.1691962034 0.6809187531 0.7125463486
v 1.123260498 12.32049942 32.35100174
vn -0.8725554943 0.3858189285 -0.2996508479
v 1.195022583 9.63986969 30.6088829
vn -0.8690800071 0.08011487871 -0.4881409407
v 1.572723627 13.69064331 33.39546585
vn -0.8166483045 0.5478433967 -0.1815298647
v 3.640174866 11.45414734 28.29170609
vn -0.5896950364 0.2965696156 -0.7512031794
v 3.039876938 15.55779743 35.72671509
vn -0.6505297422 0.7544341087 0.08740852773
v 8.974147797 17.79301643 34.69244385
vn 0.00455949083 0.9991437793 -0.04112100974
v 5.483127594 13.77759361 28.38862228
vn -0.3753833771 0.5489727855 -0.7468039989
v 15.8639946 12.33541489 39.34727859
vn 0.7786092758 0.4011546075 0.482537657
v 11.68155766 17.31752777 34.23136902
vn 0.3112897277 0.9470370412 -0.07886388153
v 13.68856621 16.31910324 36.10643005
vn 0.5324298739 0.8380861878 0.1188694537
v 6.446357727 15.97784805 30.19560432
vn -0.2819112241 0.7951492071 -0.5369020104
v 6.199178696 15.47968006 29.65294838
vn -0.2982602119 0.7425470352 -0.5997205377
v 13.99423981 15.96849918 36.81179428
vn 0.5716216564 0.7948325872 0.2036906332
v 7.300617218 16.75975037 31.14449692
vn -0.1697171926 0.8854567409 -0.4326226711
v 5.737190247 15.31201839 29.70084572
vn -0.3498984575 0.723349452 -0.5952618122
v 12.92457199 16.79511452 35.81728745
vn 0.4561725557 0.8850415349 0.09277947992
v 15.99202728 10.25593948 29.79772377
vn 0.7978339791 0.1550274789 -0.582603991
v 16.24736023 3.88642621 35.23152542
vn 0.8191854954 -0.5730316043 0.02387254685
v 12.27143669 1.490671158 38.59034729
vn 0.3862918317 -0.8300548792 0.4022281468
v 12.4479084 14.10811615 22.69585991
vn 0.06174610928 0.08630961925 -0.9943531156
v 5.520904541 3.73146081 22.83215714
vn -0.4074734747 -0.6140068173 0.6759889126
v 6.841247559 14.50092316 23.06257629
vn -0.2695128024 0.7090297937 0.6516438127
v 14.43969059 5.897670269 22.69585991
vn 0.6303009987 -0.317748636 0.7083476782
v 5.117455006 10.11966324 22.69585991
vn 1.224646853e-16 -6.123234263e-17 -1
v 14.15873909 12.38350773 22.69585991
vn 0.1452048272 0.09623432904 -0.9847103953
v 12.28125763 13.90565109 22.97750854
vn 0.4385319352 0.617782414 0.6527132392
v 15.10577679 7.802914143 22.69585991
vn 0.7226063609 -0.1348203123 0.6779848933
v 4.777801514 2.364402771 30.58511734
vn -0.4709552228 -0.7295196056 -0.4959862232
v 3.320155859 5.137588024 29.17709732
vn -0.6237887144 -0.4355442524 -0.6489906311
v 5.594806671 1.937641263 30.55315018
vn -0.3721034229 -0.7852267027 -0.4949324429
v 1.215803266 6.223457336 31.39676666
vn -0.864177525 -0.2961733937 -0.4067904949
v 4.866204739 3.938905478 28.81063652
vn -0.4515216053 -0.5593643785 -0.6951544285
v 0.870241344 6.065004349 32.4172287
vn -0.9024851918 -0.3163599074 -0.292295903
v 0.7949883938 5.685573578 33.22183228
vn -0.9089717865 -0.3650571704 -0.2012550384
v 3.115409851 3.263187647 31.2646904
vn -0.6501855254 -0.6355912685 -0.4162721038
v 2.286815166 4.226139069 31.30969238
vn -0.7476281524 -0.5165143013 -0.4174507856
v 4.314041138 2.473095417 30.8956089
vn -0.5137304068 -0.7208939791 -0.4651804864
v 1.039439917 4.773337841 34.38153839
vn -0.8779719472 -0.473290056 -0.07184565812
v 0.6881490946 5.637327194 36.05324173
vn -0.9247171283 -0.3624975979 0.1161624566
v 4.85599947 1.427096963 32.35482788
vn -0.4518577754 -0.8414968252 -0.2961548269
v 5.647302628 1.024539948 32.4320488
vn -0.3716451526 -0.8819338679 -0.2899527252
v 6.85829258 0.6950349212 32.22591782
vn -0.2323618084 -0.9215229154 -0.3111326396
v 7.447654724 0.4293442369 32.69219589
vn -0.1614299417 -0.9520993829 -0.2597059309
v 8.403581619 0.3238445818 32.68050003
vn -0.06053255871 -0.9652175903 -0.2543438375
v 2.538687229 3.952955246 38.77350235
vn -0.7156848311 -0.5635182858 0.4126043022
v 2.266252995 6.990871906 40.61163712
vn -0.7404386997 -0.2258012593 0.6330595016
v 1.405477166 6.583854675 39.19937515
vn -0.8468471169 -0.2535130084 0.4675266445
v 7.867271423 1.11412847 39.18567276
vn -0.1179028675 -0.8744252324 0.4706160426
v 4.525093079 1.612425685 37.63481903
vn -0.4944176972 -0.8173001409 0.2959251106
v 5.568727493 1.072263837 37.60959625
vn -0.3752539754 -0.8845122457 0.2771688402
v 4.861301422 1.660035968 38.23445892
vn -0.4637581408 -0.812697053 0.3527773321
v 5.960427284 0.9873964787 37.81558228
vn -0.3223385513 -0.8933239579 0.3131615222
v 4.91069603 2.215621948 39.31289673
vn -0.4570614994 -0.7429442406 0.4890078306
v 2.098485947 7.993601799 29.33459663
vn -0.7677230835 -0.1005914137 -0.6328369379
v 5.807598114 3.668952703 28.50003242
vn -0.3500266671 -0.5901278853 -0.7274822593
v 7.197280884 2.745185852 28.80171013
vn -0.1896723807 -0.6887113452 -0.6997864842
v 7.082956314 1.668720365 30.14198875
vn -0.1976251602 -0.8187182546 -0.5391147733
v 1.82706821 3.550567389 35.74956894
vn -0.7926486731 -0.6041153669 0.08217485994
v 8.549543381 0.2785126269 37.17448425
vn -0.02339135483 -0.9699958563 0.2419936061
v 1.580288649 7.847679138 30.04908562
vn -0.8194830418 -0.1155340672 -0.561337173
v 0.7004886866 7.46547699 31.85243607
vn -0.9188574553 -0.1669450104 -0.3575336635
v 6.257511139 3.674164057 28.29966545
vn -0.2974282205 -0.591851294 -0.7491651773
v 0.4974730909 6.313972473 33.62182617
vn -0.9419556856 -0.3009592593 -0.1488050669
v 0.1794811934 7.175394058 35.41120911
vn -0.981148541 -0.1866357177 0.0501456894
v 0.3033527732 7.152832031 36.48615265
vn -0.9668912292 -0.1969871074 0.1622263789
v 3.025608301 2.507970333 33.04369354
vn -0.6475243568 -0.727094233 -0.2281363755
v 0.5910930037 8.726968765 38.17832947
vn -0.9312099814 -0.01889000647 0.3639933467
v 4.015624046 1.740236044 32.98643112
vn -0.5456283092 -0.8036330938 -0.2376207113
v 2.616043568 2.616123199 35.45261002
vn -0.7054202557 -0.7070404291 0.04976061359
v 1.212074161 5.071647644 37.32772064
vn -0.865085423 -0.4248943031 0.266630888
v 1.644436121 6.304841995 39.4499588
vn -0.8127511144 -0.2919437289 0.5041869283
v 6.379761219 0.3851856291 34.42749405
vn -0.2922310233 -0.9546763301 -0.05651678145
v 7.146724701 0.2749584913 33.68542099
vn -0.2044959962 -0.9681560397 -0.1444136202
v 2.594736099 5.135989189 40.02569199
vn -0.7121341825 -0.4139987528 0.5669831634
v 3.493761063 3.982425451 40.07546234
vn -0.6142065525 -0.5569348335 0.5590831041
v 7.467939377 0.5754967928 37.8012085
vn -0.1722483337 -0.9354814291 0.3085531592
v 6.358139992 2.641370773 40.79039383
vn -0.2939927578 -0.7096169591 0.6403217912
v 8.597565651 0.5914283395 38.1726799
vn -0.03214481845 -0.9351377487 0.3528231084
v 13.07766533 11.45848942 25.10823631
vn 0.8400158882 0.5119435191 0.1796863973
v 13.58808804 12.40337658 23.19963837
vn 0.6388027072 0.4603607357 0.6164406538
v 10.22032547 13.67547226 24.86426926
vn 0.2707326412 0.928286314 0.2549281418
v 9.030635834 13.98893356 24.45672226
vn 0.0188761726 0.9264009595 0.3760651052
v 12.72610092 12.4353075 27.30268288
vn 0.6640480161 0.6186200976 -0.4199397564
v 13.95573807 10.58923721 23.95584869
vn 0.8186053038 0.2850683033 0.4986195564
v 12.46336365 12.18051147 25.78738022
vn 0.7325161695 0.6795027256 -0.04118344188
v 11.80935955 12.78024292 25.52397156
vn 0.6003750563 0.7954496741 0.08252009749
v 13.789505 11.92032623 23.33216858
vn 0.6748673916 0.4330356419 0.5975233316
v 13.10762119 12.46425056 23.65629196
vn 0.6420987844 0.5255879164 0.5580918193
v 12.5142498 13.47541618 23.22709846
vn 0.4725921154 0.6212302446 0.6250837445
v 9.803359985 13.91397095 24.44525337
vn 0.1715929359 0.920473516 0.3511187136
v 13.80949879 10.24632931 27.01297951
vn 0.9032511711 0.2468537241 -0.3509994149
v 13.05027199 12.11673832 24.1064415
vn 0.7102885246 0.5372924209 0.4547604024
v 8.950668335 13.98875809 27.00768661
vn 0.02221677452 0.9341793656 -0.3561114371
v 9.049599648 13.77026367 26.16368866
vn 0.01160633657 0.9909312725 -0.1338676959
v 13.74827194 10.08107758 26.71116829
vn 0.9345343113 0.2178535312 -0.281399101
v 7.656059265 13.67936707 26.52168274
vn -0.2342894375 0.9423778653 -0.2388145477
v 5.890701294 13.25488281 27.47811127
vn -0.5190677047 0.7324737906 -0.4405120909
v 7.214759827 13.48484039 25.18775558
vn -0.3258353174 0.9351434708 0.1390612274
v 7.531337738 14.15852356 23.78383446
vn -0.2163720131 0.8261530995 0.52024436
v 5.593173981 12.4740715 26.11738777
vn -0.6684603691 0.7341374755 -0.1191758215
v 5.887672424 12.81255341 24.92653656
vn -0.5799091458 0.7726748586 0.2582226396
v 5.042377472 11.87047577 26.11738777
vn -0.7924218774 0.5997399092 -0.111263752
v 5.008796692 11.89633179 25.05714607
vn -0.7803928256 0.5990080237 0.1793779433
v 4.77205658 11.45092773 25.45104599
vn -0.8545939326 0.5124475956 0.08406359702
v 3.950645685 9.696617126 26.79317093
vn -0.9379312992 0.1524620801 -0.3115127683
v 4.42477417 11.07318497 24.79707146
vn -0.858425796 0.4118427038 0.3057625592
v 3.925373316 8.789222717 26.65742683
vn -0.9622811079 -0.02356626093 -0.2710344493
v 3.707157373 7.275779724 27.75437546
vn -0.8458017707 -0.2657948732 -0.4625715911
v 3.96894455 7.357673645 27.20318604
vn -0.8801262379 -0.285708487 -0.3791417778
v 4.372322083 6.411483765 27.20318604
vn -0.8064988256 -0.4432609379 -0.3912536502
v 3.948074341 7.861431122 24.53941154
vn -0.9179885387 -0.1970618814 0.3441854417
v 4.116439819 7.403808594 24.66760635
vn -0.9125249386 -0.2747658491 0.3029883802
v 5.566131592 5.388999939 25.71622086
vn -0.6872198582 -0.7258325219 0.02993290871
v 6.643341064 4.252422333 27.20318604
vn -0.4074779749 -0.8129435778 -0.4160342216
v 7.117424011 4.0507164 27.20318604
vn -0.3268527985 -0.862015605 -0.3874227107
v 5.416255951 5.231163025 24.53941154
vn -0.6404902339 -0.6730226278 0.3698821664
v 6.332496643 4.744911194 25.18775558
vn -0.5209563971 -0.837913692 0.1628038585
v 4.584037781 5.206985474 23.41755676
vn -0.6145607233 -0.5119347572 0.6001982093
v 8.534240723 3.471198797 27.75437546
vn -0.05619167536 -0.8812047243 -0.4693833888
v 6.644218445 4.254230499 24.28443527
vn -0.3981508911 -0.80902493 0.4323824644
v 8.109661102 3.988166809 24.79707146
vn -0.1537283361 -0.940787375 0.3021369874
v 9.446907043 4.08360672 25.58363342
vn 0.1039744914 -0.9939922094 0.03418697044
v 11.29673767 4.539833069 26.65742683
vn 0.4646463096 -0.8448960185 -0.2650556862
v 10.7983551 4.434089661 25.98312759
vn 0.3914558291 -0.9182196259 -0.06029103696
v 12.51345825 5.286804199 27.06605911
vn 0.6625471711 -0.6625447273 -0.349379003
v 10.52222824 3.714416742 23.78383446
vn 0.2592832744 -0.8150752187 0.5180971026
v 12.32875061 5.471496582 25.84967422
vn 0.7068670392 -0.7068719268 -0.02590415068
v 11.98905182 4.430294037 23.78383446
vn 0.4844017923 -0.7002418041 0.524420023
v 13.83122253 7.357673645 27.20318604
vn 0.8782104254 -0.2751964033 -0.3911693096
v 13.64888 7.414703369 26.65742683
vn 0.9191598892 -0.2786557674 -0.278381139
v 14.34005737 8.778846741 27.75437546
vn 0.8800505996 -0.02263472788 -0.4743402302
v 13.49423218 6.669448853 24.41121674
vn 0.8151193261 -0.4104664922 0.408775866
v 13.71136475 8.3539505 25.71622086
vn 0.9924564958 -0.1172626913 -0.03577087075
v 13.95837402 8.877607346 24.54238701
vn 0.9286652207 0.005989538971 0.3708706796
v 12.98914433 13.69648457 22.69585991
vn 0.3652569652 0.4263265729 -0.8275463581
v 14.98101044 10.55957508 22.69585991
vn 0.6044721007 0.1598933637 -0.7804149985
v 7.27644968 14.99013901 22.69585991
vn -0.2204872817 0.703623414 0.6754993796
v 2.589431047 8.810369492 22.69585991
vn -0.7546845675 -0.01143660676 0.6559880972
v 6.610181808 3.025532961 22.69585991
vn -0.3316693306 -0.8687560558 0.3677749336
v 6.349333286 7.725205421 22.69585991
vn 1.224646853e-16 -6.123234263e-17 -1
v 11.54051113 14.62590122 22.69585991
vn 0.3101957142 0.6547144651 0.6892949939
v 4.77563858 13.66553402 22.69585991
vn -0.5231049657 0.6363942027 -0.5668894053
v 8.445337296 6.224331379 22.69586182
vn 1.224646853e-16 -6.123234263e-17 -1
v 13.67276764 9.750786781 25.56695747
vn 0.9839080572 0.1675842404 0.06197139993
v 12.77449799 11.83665848 26.06258965
vn 0.7983951569 0.5921325684 -0.1092893556
v 13.82155609 5.521766663 41.59909821
vn 0.5416038036 -0.3705168366 0.7545744777
v 13.73081207 5.553352356 41.63577652
vn 0.02365499921 0.01908030547 0.999538064
v 13.53759766 5.334732056 41.63998413
vn 0.009343943559 0.002147442661 0.9999540448
v 13.97964478 5.736587524 41.58802795
vn 0.5684766769 -0.333373785 0.7521277666
v 13.64713669 5.320240021 41.61281967
vn 0.4935114384 -0.380851686 0.7819197178
v 13.91539383 5.762792587 41.62297058
vn 0.007792278193 -0.01432030369 0.9998670816
v 13.37174988 5.128814697 41.63998413
vn -0.003259683726 -0.01466376986 0.9998871684
v 14.07422256 5.989246368 41.61533356
vn 0.5175994635 -0.2847672701 0.8068447113
v 13.47727966 5.117012024 41.6183548
vn 0.3711550236 -0.3048128784 0.8771163225
v 13.97705078 5.994430542 41.63998413
vn -0.01071954239 -0.02752337791 0.999563694
v 13.24436951 4.92926836 41.63326263
vn 0.000396800111 -0.01142455917 0.9999346733
v 14.22057724 6.211597443 41.60319138
vn 0.5743802786 -0.2973839939 0.7626598477
v 13.3273468 4.895942688 41.59909821
vn 0.4045137167 -0.3642482162 0.8388634324
v 14.12846375 6.236083984 41.63829041
vn 0.007197957486 -0.003565908642 0.9999677539
v 13.10462952 4.695220947 41.61426163
vn 0.2834702134 -0.2849265933 0.9156754017
v 14.31277084 6.461322784 41.61533356
vn 0.5348268151 -0.232539773 0.812333405
v 12.96996403 4.654614449 41.63464355
vn 0.008324918337 -0.001179460087 0.9999646544
v 14.21865845 6.464645386 41.63998413
vn 0.006437157281 -0.003085281001 0.9999745488
v 13.05919647 4.59967041 41.58802795
vn 0.4563651979 -0.4762893319 0.7515845299
v 14.47786427 6.823162079 41.60800552
vn 0.5945548415 -0.2185960412 0.7737702131
v 12.79871941 4.439193726 41.62291336
vn 0.2480210513 -0.2819558978 0.9268152118
v 14.43878174 6.962036133 41.63829041
vn 0.008823416196 0.0005742793437 0.9999608994
v 12.62800503 4.248748302 41.60268021
vn 0.4136376977 -0.5157659054 0.7502595186
v 14.34623718 6.715484619 41.63829041
vn 0.008685937151 -0.0002951180213 0.9999622107
v 12.48863983 4.264385223 41.63871384
vn 0.001613867469 -0.003718003631 0.9999917746
v 14.64001465 7.319097042 41.60549164
vn 0.5899941921 -0.175815165 0.7880328894
v 12.43490601 4.193344116 41.63659286
vn 0.211631164 -0.2749480903 0.9378783703
v 14.76434326 7.708206177 41.58802795
vn 0.6012659669 -0.1347291619 0.7876085639
v 12.29048157 4.006095886 41.6087265
vn 0.3782934248 -0.5321801901 0.7574155927
v 14.63781357 7.657942772 41.63514709
vn 0.01500595827 -0.003068152349 0.9998826981
v 12.1542263 3.989063978 41.633461
vn -0.004122902174 -0.01263883431 0.9999116063
v 14.82730961 7.9030509 41.56240082
vn 0.5907392502 -0.09749110043 0.8009510636
v 12.06748199 3.858913183 41.6087265
vn 0.3449409008 -0.554073751 0.7576397657
v 14.81331253 8.371761322 41.6183548
vn 0.5085525513 -0.05959068611 0.8589664102
v 14.7312088 8.243141174 41.63829041
vn 0.003595075337 -0.0006754802307 0.9999933243
v 11.70709038 3.70792532 41.62842178
vn 0.009012850933 -0.005558966659 0.999943912
v 11.55406189 3.587974548 41.6183548
vn 0.1960145384 -0.4020983875 0.8943685889
v 14.77711868 8.702659607 41.63535309
vn 0.01412499603 -0.002423462691 0.9998973012
v 11.73221111 3.639555931 41.59217834
vn 0.2969734669 -0.5926157832 0.7487411499
v 14.83534241 9.033855438 41.61533356
vn 0.6045952439 0.0163385421 0.7963652611
v 11.09126663 3.480793238 41.63998413
vn 0.008815048262 -0.001170760021 0.9999604821
v 14.74829102 9.032363892 41.63998413
vn 0.004221062642 -0.003007927677 0.999986589
v 11.123312 3.404716969 41.62004852
vn 0.2284239531 -0.5221639872 0.8216856122
v 14.78583241 9.887479782 41.59611893
vn 0.610042274 0.101495415 0.7858416438
v 14.81258774 9.436153412 41.6183548
vn 0.5550397635 0.05088132992 0.8302661777
v 10.9128418 3.305602789 41.61281967
vn 0.2200504988 -0.599622786 0.7694350481
v 10.79481506 3.327087641 41.63659286
vn 0.08245258778 -0.2174189687 0.972589612
v 14.74013138 10.09595108 41.60319138
vn 0.5679572225 0.1097973436 0.8157016039
v 13.94750595 12.0717659 41.60319138
vn 0.5509213209 0.3424635231 0.7610548139
v 14.7134676 9.660002708 41.63850021
vn 0.008138759062 0.004957256839 0.9999545813
v 13.85604095 12.04217529 41.63829041
vn -0.001810175134 0.02058688737 0.9997864366
v 14.69873047 10.21396637 41.61281967
vn 0.5486108065 0.1252426952 0.8266441226
v 13.99295807 11.8150177 41.63829041
vn 0.007844520733 0.004553467501 0.9999588728
v 14.68059158 10.35675812 41.60319138
vn 0.5318254232 0.1383182704 0.8354817629
v 14.11946869 11.58190918 41.63829041
vn 0.00804187078 0.004195113666 0.9999588728
v 14.63763618 10.18095589 41.63535309
vn 0.009302217513 0.00135496445 0.999955833
v 14.08472824 11.84212112 41.60319138
vn 0.5647783875 0.3162792921 0.7622287869
v 14.51450729 10.86475754 41.60774994
vn 0.580565989 0.2024437487 0.7886441946
v 14.21150208 11.60654449 41.60319138
vn 0.5765983462 0.295035094 0.7618980408
v 14.60572529 10.56939125 41.61317825
vn 0.5347841978 0.168117106 0.8280956745
v 14.37282944 11.11289978 41.6283226
vn 0.01111520361 0.005646286532 0.9999222755
v 14.32758713 11.36552429 41.60319138
vn 0.5177866817 0.2386534512 0.8215482235
v 14.23532104 11.34331512 41.63829041
vn 0.01573570259 -0.01273578499 0.9997950792
v 14.46008301 11.11299133 41.58802795
vn 0.5812633634 0.22408849 0.7822514176
v 14.46672821 10.72257996 41.63913727
vn 0.003577445634 0.008627375588 0.9999563694
v 15.76417542 3.484624863 33.34193802
vn 0.7683804631 -0.6095258594 -0.1951145977
v 10.5890522 15.47262573 29.24480247
vn 0.188827619 0.7429838777 -0.642120719
v 15.36416817 5.837329865 40.29216385
vn 0.7176340222 -0.3577304184 0.5975202322
v 13.93086243 5.179512024 41.32821274
vn 0.5747644901 -0.4069466591 0.7099578977
v 6.907066345 17.16804504 32.37975693
vn -0.2303471565 0.9266778231 -0.2969989181
v 4.090383053 13.83495331 29.37059021
vn -0.5370679498 0.551538229 -0.6382504106
v 14.02242661 14.65656662 39.45209503
vn 0.566680491 0.6508171558 0.505282402
v 14.21867275 12.80617332 40.96746445
vn 0.5977783203 0.4409194589 0.6695156097
v 8.146457672 2.361702442 40.99029541
vn -0.0936447382 -0.7296220064 0.677408576
v 8.362262726 2.15177536 40.77614212
vn -0.06698892266 -0.7557252645 0.6514536142
v 16.38165665 9.276290894 30.19560432
vn 0.8390868306 0.04409449548 -0.5422074795
v 13.35805511 1.58093667 37.3976593
vn 0.5037171841 -0.8207498789 0.2695155144
v 8.533967018 11.64546776 22.69585991
vn 1.224646853e-16 -6.123234263e-17 -1
v 1.727069736 4.335868835 32.37128448
vn -0.8047092557 -0.5172587633 -0.2913527191
v 17.08086777 10.06923676 31.69783592
vn 0.9178628325 0.1314923316 -0.3744830787
v 11.76789856 12.87163925 25.1226387
vn 0.5566083789 0.8139848113 0.1661801338
v 1.443497896 6.083598137 31.0425396
vn -0.835770607 -0.3185184896 -0.4472509623
v 5.04483223 4.22227478 28.4851532
vn -0.428874135 -0.5300598145 -0.7315077186
v 7.954402924 0.3553465605 37.29782486
vn -0.1110979766 -0.9574484825 0.2663637102
v 4.430007935 3.698768854 40.67144012
vn -0.5001401901 -0.5941361785 0.6299698949
v 3.743022919 6.104272842 28.30767822
vn -0.5826924443 -0.3077377677 -0.7521747947
v 3.69206214 4.908542633 28.98789406
vn -0.5858355165 -0.443418771 -0.6783631444
v 2.683521748 2.6836133 33.61701584
vn -0.6972566247 -0.7013035417 -0.1483461112
v 1.436804175 4.310753822 36.56227875
vn -0.8400569558 -0.5096836686 0.1858142167
v 6.362268448 2.386819601 29.49252319
vn -0.2844707668 -0.7422044873 -0.6068022251
v 0.6315845251 8.051662445 38.1755867
vn -0.9301915765 -0.08183121681 0.3578369915
v 13.91547489 1.550465345 35.0254097
vn 0.5723921061 -0.8199799657 0.0003759189858
v 17.19267082 12.12882423 34.93605804
vn 0.9333960414 0.3588087261 -0.005299229641
v 16.72919083 7.30689621 38.91955566
vn 0.882139504 -0.1710256636 0.4388394952
v 17.20756531 12.08046341 35.25829697
vn 0.9349431992 0.3536848724 0.02807529643
v 11.51634598 15.62983322 29.79772377
vn 0.3027527928 0.7507904172 -0.5870728493
v 15.18823147 14.77494335 32.73326492
vn 0.703235209 0.6615621448 -0.2603761852
v 14.47808456 15.23683262 32.18387985
vn 0.6197567582 0.7170961499 -0.3188646734
v 12.04405975 15.69939804 30.19560432
vn 0.3541935384 0.7637165785 -0.539707303
v 15.3049612 10.86008453 40.8584137
vn 0.7154878974 0.2311245352 0.6592863798
v 3.109898567 15.55741024 36.16036606
vn -0.646003902 0.7503576875 0.140151009
v 4.672454834 16.34729004 37.42187119
vn -0.4652851522 0.8405585885 0.2774364054
v 5.3710289 14.86429214 29.41679764
vn -0.3967661858 0.6703234911 -0.6270909309
v 4.891132355 13.6468811 28.62856483
vn -0.4553230405 0.5290383697 -0.7161000967
v 10.82632828 17.57070541 34.44606018
vn 0.2171707898 0.9739884138 -0.06467909366
v 5.98828125 15.87187958 30.29754639
vn -0.3255728781 0.7840812206 -0.528411746
v 10.09564209 17.62931061 33.74614334
vn 0.1290639043 0.9817016721 -0.1400153786
v 4.795471191 13.8899231 28.88017654
vn -0.458358109 0.5593595505 -0.690669775
v 5.070911407 14.67617416 29.41679764
vn -0.4304815531 0.6491885781 -0.6270883679
v 9.441173553 17.68104935 33.65847015
vn 0.0386447683 0.9885895848 -0.1455927193
v 13.56419754 16.21993446 36.96556091
vn 0.5211786032 0.8241350651 0.2217527926
v 15.32401276 12.64653778 39.88729477
vn 0.7156287432 0.426867485 0.5528649688
v 15.05443954 13.27176285 39.71001434
vn 0.6877904534 0.4933285415 0.5325140953
v 9.767362595 17.66946411 33.76075745
vn 0.09553225338 0.9846667647 -0.1459622681
v 10.21014404 17.70000839 34.79373932
vn 0.1463066041 0.9889677167 -0.02317825146
v 5.65139389 15.92583466 30.6088829
vn -0.3619700074 0.7910183072 -0.4932217598
v 12.75478458 16.68315887 36.93870163
vn 0.4345561862 0.873195231 0.220660314
v 11.03251266 17.5185585 35.6093483
vn 0.2378332019 0.9695040584 0.05913778767
v 3.205221176 15.00252914 38.08634567
vn -0.6347090602 0.6874195933 0.3529854119
v 0.2143598497 10.61414337 34.09662247
vn -0.975173533 0.197381556 -0.1003850549
v 9.346729279 17.78194046 34.67798615
vn 0.06350943446 0.9975857735 -0.02809247933
v 15.00571442 12.00684738 40.67699051
vn 0.6816703677 0.3496198058 0.642721951
v 15.0774231 6.905870438 41.08758545
vn 0.6948851347 -0.2129147649 0.6868784428
v 3.723041773 13.50701523 29.41679764
vn -0.5786221027 0.5174529552 -0.6304275393
v 15.90519333 8.226856232 40.44601059
vn 0.7826139331 -0.07749640942 0.6176646948
v 15.62321758 14.72869587 35.0254097
vn 0.7590450048 0.6510356069 -0.001820009551
v 16.69664955 12.7618866 36.86542511
vn 0.8786333799 0.432081759 0.2032454759
v 8.346473694 15.91836166 29.55770493
vn -0.06558085233 0.7861574292 -0.6145369411
v 7.686901093 15.24638748 28.88017654
vn -0.136526823 0.7127424479 -0.688010633
v 13.06899929 16.64431953 33.64750671
vn 0.4836505949 0.8620903492 -0.1512691826
v 11.36532402 17.04333687 32.39431763
vn 0.2762086391 0.9147535563 -0.2948469818
v 13.31081581 16.56588364 34.01149368
vn 0.4891055524 0.8638919592 -0.1202765852
v 16.12109756 13.68196678 37.04590607
vn 0.8085047603 0.545748353 0.2201790512
v 16.48939133 11.85057831 38.59068298
vn 0.8517939448 0.3303044736 0.406627655
v 11.39348984 0.7535701394 37.57121658
vn 0.2822500467 -0.9159770608 0.2851682007
v 16.44038391 6.692451477 30.82076073
vn 0.8471263051 -0.2544973493 -0.4664848745
v 16.27700806 4.260379791 33.19849014
vn 0.826697588 -0.5211617351 -0.2120413333
v 16.52262878 5.069899559 32.46601105
vn 0.8601282239 -0.4245991111 -0.2826571763
v 17.03352737 6.835746765 32.03673553
vn 0.9142525196 -0.2258581221 -0.3363487124
v 15.21373558 2.661002159 35.63624954
vn 0.7111564875 -0.7005656958 0.05885715038
v 13.25260925 1.43649292 37.13599014
vn 0.4910319448 -0.8367675543 0.2422967404
v 14.58524132 11.37938118 28.61811638
vn 0.637640655 0.2831799686 -0.716396153
v 15.87167835 3.37561512 35.26316833
vn 0.7884163857 -0.6144830585 0.0284632463
v 10.88732052 14.8564806 22.72113419
vn 0.2287559509 0.6846011281 0.6920924783
v 6.52671814 3.316314697 22.94594193
vn -0.2852596939 -0.6874784231 0.6678325534
v 12.79806137 1.810195684 38.70066833
vn 0.430860281 -0.7986466885 0.4201462567
v 13.78760719 9.608670235 24.93061829
vn 0.9570693374 0.1518146694 0.2469221205
v 14.17989922 10.73159599 23.54833221
vn 0.7762392163 0.2738421857 0.5678583384
v 13.51514435 10.58205795 26.39577675
vn 0.9265935421 0.3266051114 -0.1864228696
v 17.44322777 7.161096573 33.22034454
vn 0.9593080282 -0.2058520168 -0.1932694316
v 13.47470474 11.92999649 27.83473396
vn 0.7151483893 0.4807391465 -0.5073978901
v 13.61027718 10.13515854 26.14155579
vn 0.9583485126 0.2557319105 -0.1271584779
v 13.27147675 11.46279907 26.95359802
vn 0.8120196462 0.469843328 -0.3462243676
v 13.79369926 9.37228775 25.02736473
vn 0.9738158584 0.1055479646 0.2013511658
v 13.1991539 11.75660324 27.19447327
vn 0.7683158517 0.5130078793 -0.3827710748
v 13.36817169 10.88821411 26.27327347
vn 0.8993300796 0.4064456522 -0.1612678468
v 13.44986534 10.55940247 25.7338028
vn 0.9469812512 0.3203944266 0.02395568229
v 14.07555199 9.567256927 24.17006493
vn 0.8872207999 0.124625288 0.4441933632
v 13.66067886 10.17481613 24.96744347
vn 0.9345474839 0.2678772509 0.2342280298
v 13.02988052 11.45743561 26.0112114
vn 0.8400851488 0.5294449925 -0.1180888042
v 14.2240963 10.39295006 23.63447762
vn 0.7928633094 0.2107390463 0.571801424
v 13.68765736 11.06426907 24.09925079
vn 0.8078382611 0.3721929789 0.4570226967
v 14.20634842 12.1322937 28.62856483
vn 0.5905646682 0.3720792234 -0.7160938382
v 14.44480419 2.525131702 37.79410553
vn 0.6195631027 -0.7176489234 0.3179961443
v 13.77121735 11.32809448 23.76569557
vn 0.75166291 0.3909733593 0.5311710238
v 11.3950882 13.32766724 26.99463844
vn 0.4606776536 0.8251927495 -0.3268532753
v 11.63546371 12.89718628 25.79131889
vn 0.5735123754 0.8188071847 -0.02526529506
v 10.08675385 13.59719086 25.77087021
vn 0.2346264422 0.9720669389 -0.006026622374
v 14.40299225 5.875495911 22.71837234
vn 0.6240050197 -0.3396764696 0.7037311792
v 10.72055817 13.39859772 25.97986221
vn 0.3583610952 0.9300982356 -0.08058938384
v 10.44474125 13.4919405 25.76497269
vn 0.3254897594 0.9455422163 -0.002517894143
v 10.65229225 13.42936897 25.41901016
vn 0.3423016667 0.9336658716 0.1053453684
v 9.776649475 13.66993809 25.52178383
vn 0.1760282815 0.9811143875 0.08017890155
v 10.68787861 13.50097179 24.93947601
vn 0.348749727 0.9139267802 0.2076331079
v 10.31206512 13.59098816 25.122509
vn 0.2881430686 0.9426717758 0.168355301
v 10.79071045 13.70303822 24.29000473
vn 0.3495328426 0.8395420909 0.415927738
v 9.51096344 13.85387421 24.7414341
vn 0.115092583 0.9481995702 0.2960933745
v 13.59053421 4.886615753 22.83215714
vn 0.5573281646 -0.4719430208 0.683121562
v 4.903404236 13.33362579 23.06257629
vn -0.5142171979 0.5589103103 0.6505381465
v 13.84659576 10.53830147 27.30705452
vn 0.8645482063 0.2673810124 -0.4255159497
v 13.87386322 9.058485031 24.79318237
vn 0.9675661325 0.02042335831 0.2517909706
v 9.434148788 14.4202013 23.60796165
vn 0.06424625218 0.8260138631 0.5599763393
v 9.120521545 13.88434792 24.74780655
vn 0.05701386184 0.9566629529 0.285561651
v 13.79474354 9.242533684 26.36875343
vn 0.9771305919 0.0715925023 -0.2002257407
v 13.44531822 11.44164848 27.29834175
vn 0.7976211309 0.4413355887 -0.4111245871
v 4.533485413 13.26676941 22.83215714
vn -0.509149313 0.5039157867 0.6977362633
v 13.71065712 9.473842621 25.78788376
vn 0.9924868345 0.121796228 0.01164248399
v 13.20788383 12.25948429 27.79261589
vn 0.6989522576 0.5246329308 -0.4860308766
v 13.59786224 10.18021393 25.30726433
vn 0.9504993558 0.2844322324 0.1250971854
v 13.47533417 10.85554504 26.66231155
vn 0.8857530951 0.3761643469 -0.2719224393
v 12.94984436 12.55129623 27.77599525
vn 0.6465912461 0.591191411 -0.4820917249
v 2.910184622 10.87129879 22.69585991
vn -0.1724066138 0.05677864701 -0.9833880663
v 12.97901821 12.10796833 27.25743294
vn 0.7210256457 0.552910924 -0.4176260531
v 5.491871834 6.493059635 22.69585991
vn 1.224646853e-16 -6.123234263e-17 -1
v 13.95844746 9.64577961 24.40120697
vn 0.9140126705 0.1483919024 0.3775720596
v 14.37648773 9.868413925 23.58621216
vn 0.8108475804 0.1399318725 0.5682827234
v 12.67620182 12.22463608 26.84160233
vn 0.7118539214 0.623018086 -0.3242105544
v 12.49564457 12.33426666 26.64602852
vn 0.7086043954 0.6615944505 -0.2453011423
v 11.28633881 10.184062 22.69585991
vn 1.224646853e-16 -6.123234263e-17 -1
v 12.51618958 12.67738342 27.34589005
vn 0.6217852235 0.6583291888 -0.4242473245
v 12.33009815 12.68578339 27.058424
vn 0.6203441024 0.7012608647 -0.3512924612
v 12.85091019 11.7171936 25.44394112
vn 0.8162509799 0.5710676312 0.08727029711
v 11.88144398 12.96366024 26.87021446
vn 0.5571956038 0.7686282396 -0.314235121
v 12.31438065 12.3876915 26.20480347
vn 0.6984416246 0.6995924115 -0.1508301944
v 15.12696552 3.082624197 37.56398773
vn 0.6921043992 -0.6577259302 0.2973013222
v 12.46462822 12.19222736 25.48712921
vn 0.740909338 0.6671131253 0.07754582912
v 12.97005749 11.88649654 24.57072067
vn 0.7627518773 0.5352628827 0.3629094362
v 12.83497047 11.92098141 24.8412323
vn 0.777864635 0.5684306622 0.2679798603
v 12.00183201 12.61965275 25.74668694
vn 0.6361986995 0.771278441 -0.01951404102
v 11.30857086 13.22313881 26.55302811
vn 0.4723692238 0.848963201 -0.2369152308
v 12.4797163 12.33714676 24.83744812
vn 0.6901548505 0.6783437133 0.252063781
v 12.62634468 12.44923019 24.32393265
vn 0.6755532026 0.6122692823 0.4107970595
v 16.12461853 11.11140823 30.29754639
vn 0.8104062676 0.2353372425 -0.5365240574
v 13.19778442 12.17767715 23.82955551
vn 0.6954199672 0.4983586967 0.5177158713
v 12.03333378 12.95462132 24.37566948
vn 0.5509725213 0.7342460155 0.3966258168
v 12.85920525 12.73614883 23.66010094
vn 0.5950723886 0.5746955872 0.5617951751
v 11.89218903 13.00191879 24.49021721
vn 0.5214396715 0.7727203965 0.3619445562
v 13.31693077 12.67210579 23.25513649
vn 0.5977542996 0.508264482 0.6199653745
v 11.28646469 13.3912487 24.46637344
vn 0.4127878547 0.8266012073 0.3825397193
v 10.15734863 13.58818054 25.44703865
vn 0.2695766389 0.9596754909 0.07969582826
v 11.05709267 13.70223618 24.0793457
vn 0.3690197766 0.8043130636 0.4657305181
v 9.951038361 13.67787552 25.14823914
vn 0.2130773813 0.9613885283 0.1741553247
v 9.534579277 13.76197529 25.09691811
vn 0.1203871742 0.9742170572 0.1908088028
v 10.73755646 14.20073891 23.51769066
vn 0.2600650489 0.7743198872 0.5768837929
v 14.2019043 10.26913452 27.81468391
vn 0.8505699039 0.2004109025 -0.4861751497
v 13.89308929 9.174959183 26.7430706
vn 0.9540583491 0.05808969215 -0.293935746
v 13.70562172 11.31834221 27.64513969
vn 0.7835469842 0.390407145 -0.4833594561
v 3.05986762 7.675121307 23.06257629
vn -0.748562336 -0.1595961303 0.6435709
v 14.54338455 9.337298393 23.44658089
vn 0.802798748 0.06948763877 0.5921871066
v 14.62818909 9.84236908 23.25918388
vn 0.777901113 0.1104969904 0.6185954213
v 14.59148026 10.23666 23.20648193
vn 0.7573317289 0.1788184643 0.6280705333
v 13.65191936 10.45761681 26.74774551
vn 0.9097424746 0.2998664379 -0.2871389091
v 14.77608967 9.256010056 23.15883636
vn 0.7662009597 0.05643314868 0.6401182413
v 11.42553711 13.67606354 27.68662262
vn 0.4125982523 0.7736182213 -0.480913192
v 10.65093803 14.01087379 27.68469048
vn 0.2910732031 0.827999711 -0.4792628288
v 12.08716583 12.56506348 25.40603256
vn 0.6486356854 0.7548140287 0.09760923684
v 12.82436562 12.45938015 24.0161171
vn 0.64379704 0.5907304883 0.4863772988
v 10.2908411 14.19064999 27.80407715
vn 0.2167487442 0.8434351087 -0.4915660918
v 10.45505047 13.65011597 26.73743439
vn 0.3005658388 0.9166059494 -0.2636165619
v 10.291852 13.79170322 27.00213432
vn 0.2652189732 0.9006018639 -0.344347477
v 12.26575947 12.87068462 24.19711494
vn 0.601478219 0.681641221 0.4166403115
v 15.84782028 11.70073318 30.19560432
vn 0.7800986767 0.3140700758 -0.541115582
v 9.438426971 13.96550369 27.02427101
vn 0.07845577598 0.9297450781 -0.3597482443
v 9.333446503 13.73538971 25.98161125
vn 0.09870950133 0.9898377061 -0.1023609489
v 10.1577177 13.59788513 26.08484459
vn 0.2667448223 0.9595053792 -0.09053540975
v 10.24175644 14.60491371 23.18926811
vn 0.1777013987 0.7570141554 0.6287700534
v 9.070156097 13.79682541 25.10631561
vn 0.02912899666 0.9798206091 0.1977450252
v 2.805950165 5.545811176 29.44999695
vn -0.6837556958 -0.3726167977 -0.6274033189
v 9.262500763 13.79956055 26.40243149
vn 0.07807324827 0.9772782326 -0.1970580518
v 9.27686882 13.74386978 25.40986252
vn 0.08598209918 0.9926306605 0.08539008349
v 0.338609308 7.611865997 32.94202423
vn -0.9630362391 -0.1400362551 -0.2301108986
v 16.50216103 4.584807396 36.66757202
vn 0.8566872478 -0.4820464551 0.1836252511
v 14.90852737 12.35321808 29.41679764
vn 0.6736598015 0.3910866976 -0.6270834804
v 12.81124878 2.478988886 39.76103592
vn 0.4402013719 -0.7162796259 0.5414482951
v 1.937629104 4.52189827 31.60189438
vn -0.7825626135 -0.4952412546 -0.3772689104
v 17.00878525 5.434238434 36.19714355
vn 0.9091489911 -0.3941853344 0.1344100833
v 14.36293411 9.237752914 27.80933571
vn 0.8689417839 0.05970698223 -0.4912995994
v 14.20540428 9.74756813 27.63269615
vn 0.8732250929 0.1394075453 -0.4669512212
v 16.92807007 5.248901367 36.19714355
vn 0.8967957497 -0.4179260135 0.145242095
v 1.944458246 3.790137768 32.83306503
vn -0.7787197232 -0.5802642703 -0.2385142148
v 9.42073822 14.36327362 27.83719826
vn 0.09655124694 0.8617056012 -0.4981378615
v 7.813343048 14.08105469 27.47811127
vn -0.1862875521 0.8829264641 -0.430973053
v 2.77578783 2.89064765 32.64080429
vn -0.6895011663 -0.6754797101 -0.2613720298
v 7.509567261 14.24217224 27.89284134
vn -0.2230244428 0.8403514028 -0.4940340221
v 8.782054901 14.19574547 27.48357391
vn -0.01916042529 0.9020794034 -0.4311445951
v 8.096046448 13.89677811 26.92961502
vn -0.1597566605 0.927548945 -0.3378323913
v 7.319736481 13.95231247 27.47811127
vn -0.2702778578 0.8609392047 -0.430968225
v 8.569831848 13.80095291 26.38666534
vn -0.06476768851 0.9816975594 -0.1790951341
v 8.574157715 13.73682022 25.84967422
vn -0.06593167037 0.9964025021 -0.05324559659
v 7.625240326 13.79777527 26.92961502
vn -0.2418965399 0.9073805213 -0.3437247574
v 6.350334167 13.53903961 27.47811127
vn -0.4351612926 0.7905091643 -0.4309639633
v 17.5775795 9.336490631 33.07462311
vn 0.9734470248 0.05650214106 -0.2218297124
v 7.67766571 13.59636688 25.45104599
vn -0.2551211417 0.9631075263 0.08565670997
v 5.998558044 13.59586334 27.89284134
vn -0.460239023 0.7388823032 -0.492171675
v 8.211669922 13.91157913 24.53941154
vn -0.1197210327 0.9380806088 0.3250717521
v 8.556686401 13.9960022 24.41121674
vn -0.05330575258 0.9196575284 0.3890867233
v 6.754745483 13.31847382 26.38666534
vn -0.4357480109 0.8742681742 -0.213959977
v 7.22763443 13.44981766 25.58363342
vn -0.3460564613 0.9374902248 0.0368382372
v 7.225738525 13.45495605 25.98312759
vn -0.3449714184 0.9352069497 -0.07989157736
v 17.69992447 7.590110779 34.79373932
vn 0.9890394211 -0.1448053569 -0.02885151096
v 0.6733964682 6.975601196 37.79561996
vn -0.9248279929 -0.2194498777 0.310700655
v 7.742324829 13.82419968 24.53941154
vn -0.2174963951 0.9213466644 0.3222042918
v 6.34078598 13.04201126 26.11738777
vn -0.529691577 0.8431931734 -0.09193547815
v 8.773422241 14.59225082 23.40185547
vn 0.004683906678 0.7994252443 0.6007472873
v 7.827972412 14.01133728 24.15765381
vn -0.1871710271 0.8751215339 0.4462391138
v 8.036823273 14.2648201 23.78383446
vn -0.1330756247 0.8428015113 0.5215137005
v 5.864627838 12.84248734 26.65742683
vn -0.582359612 0.7655034661 -0.2736088037
v 7.40372467 13.683815 24.66760635
vn -0.2973828912 0.9032070041 0.3094842732
v 6.754920959 13.3181076 25.05714607
vn -0.4164159298 0.8881502151 0.1943885982
v 0.7830850482 5.700276852 36.75135422
vn -0.9114381671 -0.3572014868 0.2041754574
v 5.90802002 1.095794439 31.94634438
vn -0.3383219242 -0.8753813505 -0.3453197777
v 7.73387146 14.45993805 23.41755676
vn -0.1613768935 0.7870671153 0.5953845978
v 5.942928314 12.74079132 25.58363342
vn -0.6111927629 0.7910131216 0.02723398432
v 7.025379181 14.00001144 23.78383446
vn -0.2979801893 0.8004728556 0.5200490355
v 4.88407135 1.227260709 32.95030212
vn -0.4483886063 -0.863075912 -0.2324814796
v 6.6693573 13.4943161 24.41121674
vn -0.3990130424 0.8339532614 0.3811962605
v 6.857284546 13.7062912 24.15765381
vn -0.3570164144 0.8076740503 0.4692567587
v 6.215538025 13.24471283 24.41121674
vn -0.4751309156 0.7885855436 0.390363276
v 0.9670945406 6.887361526 38.49213409
vn -0.8876122832 -0.2396355867 0.3933436275
v 4.676422596 1.128979206 34.0183754
vn -0.4692687094 -0.8755165339 -0.1151419058
v 5.326076508 12.20661163 25.31940079
vn -0.7350636721 0.6706398726 0.09961699694
v 6.677978516 14.12812805 23.41755676
vn -0.3149184585 0.7391852736 0.5953415036
v 3.793182611 10.77746582 27.75437546
vn -0.8289015293 0.3029710948 -0.4702454805
v 5.93119812 13.19628143 24.15765381
vn -0.5064331889 0.7334958911 0.4533312023
v 5.059463501 11.85732269 25.58363342
vn -0.7988421917 0.5996797681 0.04727941379
v 5.626386166 0.8276652694 33.18199539
vn -0.3666347861 -0.9068661928 -0.2077801377
v 5.617149353 12.63861084 24.79707146
vn -0.6400619149 0.7227469087 0.260686785
v 4.758239746 11.45946503 26.11738777
vn -0.8412848115 0.5194724798 -0.149626866
v 4.7448349 11.46775055 25.18775558
vn -0.8378343582 0.5257243514 0.147130996
v 4.505813599 11.03383636 26.25164795
vn -0.8860120177 0.4320770204 -0.168202579
v 3.899906158 10.20170593 27.20318604
vn -0.8882516623 0.2318872958 -0.3965315223
v 8.124187469 0.5710795522 31.96348
vn -0.07834216207 -0.9379332066 -0.3378517032
v 4.229957581 10.61690521 26.65742683
vn -0.8926719427 0.3408724964 -0.2948605716
v 4.928833008 11.957901 24.66760635
vn -0.7556623816 0.5777463317 0.3085182607
v 4.539669037 11.01739502 25.58363342
vn -0.9007246494 0.4321246147 0.04431016743
v 5.20690918 13.21620941 23.41755676
vn -0.5195282102 0.6127440929 0.5955125093
v 4.959991455 12.64139938 23.78383446
vn -0.6236900091 0.5781629086 0.5260593295
v 4.350357056 10.57264709 25.84967422
vn -0.9353593588 0.3503726721 -0.048392836
v 2.027469635 5.078617096 39.1636734
vn -0.7742996216 -0.407422334 0.4842180908
v 4.466762543 12.31367874 23.5389843
vn -0.6378145814 0.4959194958 0.5892846584
v 3.460113525 8.778846741 27.75437546
vn -0.8783679605 -0.02185840532 -0.4774850309
v 2.904821157 3.434082031 38.65406418
vn -0.6786859035 -0.6102803349 0.4085870683
v 4.400337219 11.68061829 24.03245544
vn -0.7547097206 0.4682372212 0.4595293105
v 4.315406799 10.585495 25.18775558
vn -0.9255760908 0.3442195654 0.1575494707
v 3.935440063 9.234722137 26.65742683
vn -0.9655582905 0.07152958959 -0.2501614392
v 4.214164734 10.11991119 25.71622086
vn -0.9632917047 0.2684459388 0.00242209062
v 4.188392639 10.12661362 25.31940079
vn -0.9620503187 0.2410525829 0.1278782785
v 4.085411549 10.15341568 24.79707146
vn -0.9295573235 0.2482862025 0.2725383639
v 4.012363434 11.27343369 23.78383446
vn -0.7596907616 0.3725745678 0.5329710245
v 3.706218958 11.42208481 23.29838371
vn -0.713337183 0.3497188091 0.6073275805
v 3.843299627 7.839450836 27.20318604
vn -0.8956232667 -0.1952983439 -0.399646759
v 3.988406897 11.93515396 23.29838371
vn -0.6673026085 0.4136598706 0.6193486452
v 4.941327095 1.02915132 36.246521
vn -0.4400683343 -0.8869732022 0.1400656551
v 4.024765015 9.684684753 24.92653656
vn -0.9555110931 0.1668802351 0.2432066947
v 3.901851654 10.20120239 24.28443527
vn -0.8774654865 0.2349019349 0.4181810915
v 3.904529572 9.704036713 24.53941154
vn -0.9220892787 0.1471093744 0.3579247892
v 2.999191284 3.716094732 39.18369675
vn -0.6638044715 -0.5926666856 0.4561905563
v 3.80023551 10.77486801 23.78383446
vn -0.8075177073 0.2979468405 0.5090607405
v 3.480811596 10.89229584 23.29838371
vn -0.7526717782 0.2724330425 0.5993875861
v 3.677513123 9.740566254 24.03245544
vn -0.8720057607 0.1445121318 0.4676774144
v 7.832746983 0.07831837982 35.47895432
vn -0.1321849078 -0.9892702103 0.06222199649
v 3.851627111 9.240367889 24.53941154
vn -0.9364994168 0.05150952935 0.3468653858
v 3.641727924 10.26891327 23.78383446
vn -0.8159641027 0.2060843408 0.5401220918
v 4.134811401 7.900604248 26.11738777
vn -0.9696376324 -0.2017516196 -0.1381995678
v 4.14509201 6.879096985 27.20318604
vn -0.8468782306 -0.3602117896 -0.3912093639
v 4.151290894 7.414703369 26.65742683
vn -0.9229028821 -0.2837996483 -0.2602077425
v 4.15071106 7.903945923 25.45104599
vn -0.9710811973 -0.2123170197 0.1091917232
v 4.992786407 1.942470431 38.93989563
vn -0.4315995276 -0.7858815789 0.4428453743
v 3.402191401 9.2706604 23.66041183
vn -0.8291180134 0.06262262166 0.5555553436
v 4.093322277 7.891899109 25.05714607
vn -0.9564036131 -0.1977757215 0.2148881853
v 4.404403687 6.989311218 26.25164795
vn -0.9061806202 -0.3863254488 -0.1720155478
v 17.21567345 6.121593475 36.52557373
vn 0.9355797172 -0.3024320602 0.1822785139
v 3.872516632 8.329391479 24.53941154
vn -0.92216748 -0.1055428311 0.3721127212
v 3.139045238 9.288387299 23.29838371
vn -0.7793175578 0.04929134622 0.6246875525
v 3.467628717 8.779014587 23.78383446
vn -0.8512262106 -0.0189538151 0.5244566202
v 4.974502563 5.541107178 27.20318604
vn -0.6949191093 -0.5984151959 -0.3987312615
v 5.153671741 4.954624176 27.75437546
vn -0.5966349244 -0.6380141377 -0.48679021
v 15.93666077 4.55254364 38.28380203
vn 0.7902534008 -0.4935055971 0.3632517159
v 3.127365351 8.771427155 23.29838371
vn -0.7908111215 -0.01968732476 0.6117435694
v 3.72303772 7.814228058 24.03245544
vn -0.8662313223 -0.1864441782 0.4635535479
v 4.633556366 6.555076599 25.31940079
vn -0.8721536994 -0.4759674072 0.1131499335
v 3.970867157 7.358268738 24.28443527
vn -0.8637543321 -0.2714362144 0.4245595932
v 3.423771143 7.751457214 23.5389843
vn -0.8073223829 -0.1738407165 0.5639237165
v 4.572853088 6.521713257 24.92653656
vn -0.8458228707 -0.4786460996 0.2355452925
v 4.243614197 6.920974731 24.53941154
vn -0.8598875403 -0.3600517809 0.3618786633
v 4.908073425 6.141433716 25.45104599
vn -0.8223005533 -0.566459775 0.05426899716
v 4.032009125 6.831031799 24.03245544
vn -0.820947051 -0.3381375074 0.4601184428
v 3.534330845 6.353229523 28.37351608
vn -0.6079555154 -0.2885096669 -0.7396974564
v 4.466144562 6.463054657 24.53941154
vn -0.8116543293 -0.4581663907 0.362354517
v 6.523532867 4.005680084 27.75437546
vn -0.3784493804 -0.7945181131 -0.4748863578
v 3.478462458 7.204238892 23.41755676
vn -0.7640448809 -0.2407232374 0.5985714197
v 6.284648895 4.667469025 26.65742683
vn -0.4951430857 -0.8286097646 -0.2612262964
v 5.929779053 5.04246521 26.11738777
vn -0.6094062924 -0.7820448279 -0.1304986775
v 5.120140076 5.665725708 24.79707146
vn -0.7339904904 -0.6285627484 0.2572292686
v 3.586364746 6.641620636 23.29838371
vn -0.718262434 -0.3055296838 0.625100553
v 7.022785187 3.793266296 27.75437546
vn -0.3011185825 -0.827195406 -0.4744210839
v 5.500099182 5.319465637 24.92653656
vn -0.668697238 -0.7043467164 0.2382010072
v 6.754745483 4.481861115 26.38666534
vn -0.4293221533 -0.8820385933 -0.1941402555
v 3.996688843 6.205020905 23.5389843
vn -0.712623775 -0.3899774849 0.5831679702
v 4.954868317 3.648658514 28.99516869
vn -0.4452069998 -0.5907601118 -0.6728990674
v 4.932289124 5.504989624 24.15765381
vn -0.683031261 -0.5710638165 0.4553618729
v 5.939689636 5.055336475 25.45104599
vn -0.602370441 -0.7928603292 0.09231677651
v 4.771808624 5.367664337 23.78383446
vn -0.6456615925 -0.5527399182 0.526877284
v 4.297054291 5.719177246 23.5389843
vn -0.6776382923 -0.4720962048 0.5638542175
v 8.035633087 3.528090954 27.75437546
vn -0.1339695603 -0.8669986129 -0.4799641073
v 6.349327087 4.772148132 25.45104599
vn -0.5291634798 -0.8447003961 0.08041933924
v 5.813381195 4.891288757 24.53941154
vn -0.5720005035 -0.7459614277 0.3411113024
v 8.079208374 3.79891181 27.20318604
vn -0.1497405916 -0.9002892971 -0.4087260365
v 5.665652275 3.257266998 28.92660141
vn -0.3709114492 -0.6311250329 -0.6812531948
v 8.552680969 3.744888306 27.20318604
vn -0.0654284209 -0.9243267179 -0.3759510517
v 5.538589478 4.534408569 23.66041183
vn -0.5090162754 -0.6612045765 0.5510997772
v 7.669525146 4.172676086 26.25164795
vn -0.2479900867 -0.9549292326 -0.1631291956
v 5.673110962 4.709114075 24.03245544
vn -0.5435761213 -0.7072256207 0.4520585239
v 8.103637695 3.950737 26.79317093
vn -0.1413322687 -0.9413300157 -0.306468606
v 8.119728088 4.050731659 26.38666534
vn -0.1595382839 -0.9671145678 -0.1980832666
v 16.72174835 12.08186531 32.19355774
vn 0.8794338107 0.3557701707 -0.3162652552
v 6.710838318 4.391441345 24.66760635
vn -0.4034839571 -0.8569155335 0.3207747936
v 7.214759827 4.315490723 25.18775558
vn -0.340287298 -0.9282816052 0.1499927044
v 9.015289307 3.73443985 27.20318604
vn 0.02040692419 -0.9200407267 -0.3912909031
v 6.043991089 4.277999878 23.78383446
vn -0.4443920553 -0.7259381413 0.5249090791
v 9.011024475 3.925453186 26.65742683
vn 0.02159744501 -0.9639827609 -0.265086472
v 17.55884933 10.39732552 33.60002518
vn 0.9729670882 0.170234859 -0.1560612172
v 9.46138382 3.956066132 26.65742683
vn 0.1143282577 -0.9549588561 -0.2738295197
v 6.526817322 4.012447357 23.78383446
vn -0.3723386824 -0.7649648786 0.5255402923
v 9.482936859 3.766220331 27.20318604
vn 0.1060006022 -0.9120615125 -0.3961157501
v 7.625511169 4.003593445 24.53941154
vn -0.2375148237 -0.9072048664 0.3472262323
v 9.960796356 3.843379974 27.20318604
vn 0.1853159815 -0.8969802856 -0.4013531804
v 10.52446747 3.707245111 27.75437546
vn 0.2634599209 -0.8335964084 -0.4854955077
v 8.129112244 4.109031677 25.45104599
vn -0.1515665352 -0.9854598641 0.07678855211
v 9.008644104 4.032230377 26.11738777
vn 0.01808025129 -0.9909799695 -0.1327846795
v 8.079528809 3.800895452 24.28443527
vn -0.1483389586 -0.8936901093 0.4234543145
v 6.255834579 2.021642923 30.01207733
vn -0.3025623858 -0.7724376917 -0.5583869815
v 9.895236969 4.155917645 25.84967422
vn 0.2128139883 -0.9765987992 -0.03106390312
v 9.011013031 3.926086426 24.79707146
vn 0.02889943868 -0.961837709 0.272090137
v 7.490562439 3.485157251 23.5389843
vn -0.2076583058 -0.7931628823 0.5725126266
v 9.008995056 4.016479492 25.18775558
vn 0.03369005769 -0.9855669141 0.1659000218
v 8.036823273 3.53551507 23.78383446
vn -0.1476036161 -0.8374625444 0.5261840224
v 2.436324596 2.9599998 33.54029846
vn -0.7248625159 -0.6673170328 -0.1710622013
v 10.35366058 4.253299713 26.11738777
vn 0.2976723313 -0.9451742768 -0.1343011409
v 11.38876343 4.372409821 27.20318604
vn 0.4575380981 -0.7984433174 -0.3913401961
v 9.454124451 4.020061493 25.05714607
vn 0.1112307981 -0.9757224321 0.1886621714
v 6.835765839 1.410152793 30.65982437
vn -0.237431407 -0.8399181366 -0.4880203307
v 9.01524353 3.736442566 24.28443527
vn 0.02300952189 -0.9178292155 0.3963080049
v 9.482715607 3.768218994 24.28443527
vn 0.1024105996 -0.8888247609 0.4466571808
v 11.83738327 4.6497612 27.20318604
vn 0.5237750411 -0.7570673823 -0.3905236125
v 10.35358429 4.253536224 25.31940079
vn 0.3025094867 -0.9454646111 0.1207669303
v 10.79620743 4.439136505 25.58363342
vn 0.3962032199 -0.9152348042 0.07326812297
v 12.80445862 4.995788574 27.89284134
vn 0.6172603965 -0.6109638214 -0.4956942499
v 9.028823853 3.127444983 23.29838371
vn 0.01255125087 -0.7843973637 0.6201316118
v 10.3853569 4.151973248 24.79707146
vn 0.2927445471 -0.9191845059 0.2634396255
v 11.66805267 4.894786835 26.11738777
vn 0.5668148398 -0.8114128113 -0.1425841451
v 12.13493347 5.119743347 26.65742683
vn 0.6261661053 -0.737487793 -0.2530370653
v 11.2374649 4.647666931 25.45104599
vn 0.4947709739 -0.8637253046 0.09581347555
v 12.82566833 5.541107178 27.20318604
vn 0.7008724213 -0.587460041 -0.4045597017
v 12.05147934 5.217269897 25.58363342
vn 0.6340993047 -0.7726877332 0.02952483296
v 2.706393957 2.513452291 34.83183289
vn -0.7077378035 -0.7060594559 -0.02423243225
v 2.321067333 2.923398733 35.43433762
vn -0.7402377129 -0.6700305343 0.05574220419
v 13.90751648 6.77179718 27.75437546
vn 0.8065729737 -0.3515484035 -0.4752407372
v 10.62382889 3.389606237 23.29838371
vn 0.2399471253 -0.7507920265 0.6154158711
v 11.70729065 4.838005066 24.92653656
vn 0.5556383133 -0.8031192422 0.2150942832
v 11.74952698 4.776885986 24.66760635
vn 0.5413218141 -0.7824192643 0.3078811765
v 2.452761173 2.883164167 36.191185
vn -0.7185817957 -0.6813070178 0.1395025253
v 11.44794464 4.264732361 24.03245544
vn 0.4312479198 -0.7807469368 0.4521719515
v 12.91869354 6.123054981 26.25164795
vn 0.812189877 -0.5619157553 -0.1568383873
v 13.26041794 6.503517151 26.65742683
vn 0.8453555703 -0.4578696191 -0.2751896381
v 12.58297729 5.748767376 25.58363342
vn 0.768936038 -0.6388214231 0.02538806573
v 13.65507889 6.879096985 27.20318604
vn 0.846878171 -0.3602074385 -0.3912135065
v 2.387734413 3.006988525 36.42946243
vn -0.7327616811 -0.6630401611 0.1530950367
v 11.19509125 3.500686646 23.17921066
vn 0.3025520444 -0.7046075463 0.6418647766
v 4.263086796 1.315399289 35.40713501
vn -0.52337569 -0.8506460786 0.04979072511
v 12.52441788 5.369289398 24.53941154
vn 0.6755595207 -0.6421227455 0.3623503149
v 12.48078156 5.500183105 24.92653656
vn 0.7105791569 -0.6626198888 0.2366688699
v 12.61133575 5.724502563 25.18775558
vn 0.7584252357 -0.6349403262 0.1471117735
v 12.3390274 4.881233215 24.03245544
vn 0.5546765327 -0.6848119497 0.4726167023
v 12.90526199 6.13233614 25.31940079
vn 0.8175403476 -0.5655753613 0.1084081158
v 12.70825195 5.641579151 24.66760635
vn 0.7343032956 -0.606027782 0.3058250844
v 12.81247711 5.887748718 24.92653656
vn 0.7715752721 -0.5947911739 0.225599274
v 13.08655548 5.317863464 23.66041183
vn 0.6526922584 -0.5293684602 0.5419979692
v 15.13866806 13.76776123 30.92791367
vn 0.706810832 0.542886138 -0.4535339773
v 16.72044754 12.40799141 32.60548019
vn 0.880151391 0.3868077695 -0.2751604319
v 13.54694748 7.446590424 26.11738777
vn 0.9476283789 -0.28883636 -0.136286512
v 13.29241943 6.485923767 24.66760635
vn 0.8351846337 -0.4527069926 0.3122867346
v 13.24462128 6.215614319 24.41121674
vn 0.7791950107 -0.4820441902 0.4006102681
v 13.34197998 6.743377686 24.92653656
vn 0.8742719889 -0.4173260629 0.2479666173
v 12.8578186 4.942436218 23.5389843
vn 0.593023181 -0.5710989833 0.5675997138
v 14.06581879 8.7849617 27.20318604
vn 0.9263908863 -0.01386487018 -0.3763079047
v 13.2869339 5.146404266 23.29838371
vn 0.603202045 -0.5041357279 0.618056953
v 13.63906097 7.9061203 25.71622086
vn 0.9785985351 -0.2057187408 -0.004971497692
v 3.371417761 2.411151886 37.54909134
vn -0.6208111644 -0.7335565686 0.2765650749
v 13.87479782 8.789222717 26.65742683
vn 0.9682700634 -0.02111827955 -0.2490122169
v 14.12931442 6.025924683 23.06257629
vn 0.6686465144 -0.3684788346 0.645860076
v 13.76801682 8.791603088 26.11738777
vn 0.9932175875 -0.02087630332 -0.1143808067
v 13.80347824 6.205020905 23.5389843
vn 0.71525985 -0.4012921154 0.57216084
v 13.76316833 7.508720398 24.53941154
vn 0.8984867334 -0.2448803782 0.3643559217
v 13.73806381 8.350917816 26.11738777
vn 0.9805451632 -0.1129794419 -0.1605203897
v 13.7219162 8.352745056 25.45104599
vn 0.9902169704 -0.1140861958 0.08034130931
v 13.75372314 8.349128723 25.18775558
vn 0.9794245362 -0.1091111302 0.1697712988
v 13.77540588 8.115646362 24.92653656
vn 0.9631901979 -0.1408808231 0.2289481014
v 6.350908279 0.4556906223 36.1787262
vn -0.2998975515 -0.9451439977 0.1294767708
v 8.19065094 0.03166542202 34.79375458
vn -0.07882728428 -0.9965792298 -0.02482180484
v 14.18866348 8.782222748 24.03245544
vn 0.8793773055 -0.0184753295 0.4757670164
v 14.49438095 8.775405884 23.5389843
vn 0.8167542815 -0.0005626968341 0.5769853592
v 14.45996094 8.268955231 23.5389843
vn 0.8187171221 -0.08857706934 0.5673238635
v 8.431915283 0.06508655846 35.9605484
vn -0.05290811881 -0.9932342768 0.103375271
v 9.176117897 15.19941616 22.69585991
vn 0.0179184787 0.9969267249 -0.07626257837
v 15.20444012 8.907382965 22.69585991
vn 0.8132203817 0.01111040078 0.5818497539
v 9.756559372 15.14746571 22.69585991
vn 0.08356750757 0.731715858 0.6764675975
v 8.601078033 2.604896307 22.69585991
vn -0.01738846116 -0.2582146227 -0.9659310579
v 7.496171951 1.229151368 39.28604507
vn -0.1701945812 -0.8511000872 0.4966512024
v 15.26122093 4.594152451 39.49041367
vn 0.7111777067 -0.4834034145 0.5104384422
v 6.740838528 14.82109642 22.69585991
vn -0.2919423282 0.9201753736 0.2608580291
v 7.284430027 14.99181747 22.69585991
vn -0.01200102363 0.04816618562 -0.9987672567
v 4.759700298 13.65100098 22.69585991
vn -0.08675623685 0.09309779108 -0.9918700457
v 5.561228752 14.24506187 22.69585991
vn -0.3842092156 0.6784998178 0.6261159778
v 3.740450621 12.51941586 22.69585991
vn -0.02254796028 0.01755014248 -0.9995917082
v 2.654790878 9.805160522 22.69585991
vn -0.7298808098 0.09668590873 0.6767021418
v 2.613533735 8.455478668 22.69585991
vn -0.7412588 -0.03604339063 0.6702509522
v 3.274044514 6.0584445 22.69585991
vn -0.7216537595 -0.3927920163 -0.5700265765
v 14.87903976 14.08335114 30.92791367
vn 0.6743935943 0.5796328187 -0.4574047029
v 1.431991696 7.359352112 30.41171455
vn -0.8386343718 -0.1835324615 -0.5128432512
v 3.842183352 5.126835823 22.69585991
vn -0.09891878068 -0.06860820204 -0.9927275777
v 7.20636797 2.822466373 22.69585991
vn -0.2793202996 -0.9570974112 -0.07710167021
v 1.547500968 6.647476196 30.52089119
vn -0.8265840411 -0.2560849786 -0.5011779666
v 2.346080303 5.897331238 29.78191566
vn -0.7407091856 -0.3396940529 -0.579618752
v 12.24907684 3.553098917 22.69585991
vn 0.005180658307 -0.007499774918 -0.9999584556
v 12.70530415 3.878320932 22.69585991
vn 0.4190578759 -0.5882171392 0.6916581988
v 13.64770889 4.743671417 22.69585991
vn 0.04272380471 -0.04070780799 -0.9982572794
v 7.655306816 2.714254618 22.69585991
vn -0.1586196125 -0.7096759081 0.6864400506
v 5.953361511 2.328701258 29.77185631
vn -0.3314577639 -0.7400211692 -0.5852387547
v 13.27036381 4.35898304 22.69585991
vn 0.5372284055 -0.5148128867 0.6680967808
v 15.20089531 8.819127083 22.69585991
vn 0.03021687269 -0.0004213913635 -0.9995432496
v 7.206320286 3.209738493 22.69585991
vn 1.224646853e-16 -6.123234263e-17 -1
v 4.766572475 5.222531319 22.69585991
vn 1.224646853e-16 -6.123234263e-17 -1
v 12.57212162 10.6980629 22.69586182
vn 1.224646853e-16 -6.123234263e-17 -1
v 12.89454746 13.1471529 22.69585991
vn 1.224646853e-16 -6.123234263e-17 -1
v 8.107051849 4.220246792 22.69586182
vn 1.224646853e-16 -6.123234263e-17 -1
v 13.53207397 12.06604195 22.69585991
vn 1.224646853e-16 -6.123234263e-17 -1
v 7.874936581 7.675228596 22.69585991
vn 1.224646853e-16 -6.123234263e-17 -1
v 7.303378582 13.77720833 22.69585991
vn 1.224646853e-16 -6.123234263e-17 -1
v 12.98202038 5.189823627 22.69585991
vn 1.224646853e-16 -6.123234263e-17 -1
v 8.051412582 9.710219383 22.69585991
vn 1.224646853e-16 -6.123234263e-17 -1
v 14.16701221 8.324760437 22.69585991
vn 1.224646853e-16 -6.123234263e-17 -1
v 5.221504211 11.35223484 22.69585991
vn 1.224646853e-16 -6.123234263e-17 -1
v 3.540033102 2.141223907 32.81874466
vn -0.6079538465 -0.7544696331 -0.2473210543
v 8.303142548 1.264651775 30.4698143
vn -0.0714982003 -0.857799232 -0.5089876652
v 3.862442255 1.565353274 35.15040588
vn -0.5687548518 -0.8225006461 0.00325346319
v 16.38275719 13.20560455 32.83958435
vn 0.8419414759 0.4811562598 -0.244178623
v 15.45413971 14.09418297 31.95620728
vn 0.7437391877 0.5704203248 -0.3485293686
v 7.135916233 1.595385313 39.76491547
vn -0.2069388777 -0.8240365982 0.5273898244
v 8.676466942 2.276127815 40.93610764
vn -0.004785453901 -0.7537695169 0.6571214199
v 14.2126503 4.559022903 40.66680145
vn 0.5953833461 -0.4828846455 0.6421378851
v 17.68881226 10.20856857 35.49213409
vn 0.9881962538 0.143571496 0.05343626812
v 8.942958832 1.159771323 30.6088829
vn 0.008528621867 -0.8632778525 -0.5046569705
v 11.01644516 2.795497656 28.88017654
vn 0.2431362718 -0.6780955791 -0.693592906
v 10.53791618 2.284713984 29.2787571
vn 0.194290176 -0.7386274934 -0.6455081105
v 11.07565308 2.08965683 29.70084572
vn 0.2476248294 -0.7660192847 -0.593208611
v 1.955831647 7.14632988 40.28056335
vn -0.7831889391 -0.1928647757 0.5911161304
v 10.32355404 15.04125214 22.69585991
vn 0.002838471206 0.01056958735 -0.9999400973
v 3.100028038 6.427418709 22.69585991
vn -0.1502945572 -0.07011955231 -0.9861515164
v 10.93095493 14.86763096 22.69585991
vn 0.2901606262 0.7453043461 0.60027349
v 9.598148346 15.16615677 22.69585991
vn 0.03211832419 0.3573560119 -0.9334158301
v 6.077519894 3.265126705 22.69585991
vn -0.079277955 -0.1602939665 -0.9838805199
v 12.56347847 4.205038071 28.38862228
vn 0.4165566862 -0.5206190944 -0.7452759743
v 10.56505108 2.819287777 22.69585991
vn 0.007278728765 -0.02862690389 -0.999563694
v 6.711787224 14.81058025 22.69585991
vn -0.2827149332 0.6578742862 0.6980499029
v 2.809167862 7.280528069 22.69585991
vn -0.7179809213 -0.1738080829 0.6740134954
v 2.614307404 8.437609673 22.69585991
vn -0.8110505342 -0.09591163695 0.5770597458
v 2.692112923 7.807734489 22.69585991
vn -0.9347099662 -0.2030042261 0.2917302847
v 12.74200058 3.705436707 28.88017654
vn 0.4361994863 -0.5782412887 -0.6894686818
v 8.948539734 0.1633991599 33.30789948
vn 0.008479405195 -0.9821426868 -0.1879463345
v 15.19684124 8.520482063 22.69585991
vn 0.7315098047 -0.03729693592 0.6808100343
v 8.633710861 14.84332943 22.69585991
vn 1.224646853e-16 -6.123234263e-17 -1
v 13.48223495 4.0116539 29.14307022
vn 0.5179823637 -0.5429913402 -0.6609498262
v 7.201924324 5.341248989 22.69585991
vn 1.224646853e-16 -6.123234263e-17 -1
v 10.87575531 0.7042155862 32.15066147
vn 0.218597129 -0.9218133092 -0.3201179504
v 9.864051819 2.909691095 22.94594193
vn 0.1316804588 -0.731968224 0.6684929132
v 14.3970108 10.60833263 23.31970215
vn 0.7472429276 0.2408870012 0.6193556786
v 13.76799011 9.984466553 24.75062943
vn 0.9354801178 0.1976997256 0.2929023802
v 13.68505859 10.50049973 24.57395172
vn 0.8969279528 0.2922929823 0.331790626
v 13.89347458 10.00452423 24.39852524
vn 0.8952543139 0.2016656101 0.3973042667
v 11.04150009 13.49114609 26.94742203
vn 0.3959690332 0.853027761 -0.3399295807
v 13.4642868 11.10236359 26.95504761
vn 0.8463760018 0.408909142 -0.3412344754
v 14.28687954 11.08047676 23.25152779
vn 0.7253678441 0.3033769131 0.6179028153
v 13.55659866 11.44904327 23.99574471
vn 0.7758683562 0.421867162 0.4691016972
v 11.10072803 14.29811382 23.22893524
vn 0.3047909737 0.7151978612 0.6289630532
v 13.61515808 11.10834503 27.29995537
vn 0.8256954551 0.3797997832 -0.4171080589
v 13.70750046 9.802787781 25.16423607
vn 0.9673660994 0.1972121447 0.1590918899
v 13.93147469 9.398349762 24.5447731
vn 0.9356534481 0.09610906243 0.3395816386
v 13.29377556 11.22253418 26.64860344
vn 0.8478865623 0.461645782 -0.2607135773
v 13.47413254 10.51757431 25.94744301
vn 0.943369329 0.3204640746 -0.08577366918
v 12.96479607 11.65698624 26.38942528
vn 0.8166498542 0.5384601355 -0.207710743
v 13.18807125 11.18467903 26.03497696
vn 0.8799837828 0.465187788 -0.09606679529
v 13.4197998 10.67103577 25.44622803
vn 0.9263839722 0.367100656 0.08396360278
v 13.24609184 11.07814312 25.36323929
vn 0.8928415775 0.4425624013 0.08350126445
v 14.13187408 9.883701324 23.97098541
vn 0.8606361747 0.1572573036 0.4843299687
v 13.92660522 10.29424667 24.17367744
vn 0.8635601401 0.2490997016 0.4384213388
v 12.73304558 11.99075127 26.44447136
vn 0.7566600442 0.6155454516 -0.2203844637
v 13.4906292 10.70681 24.95207787
vn 0.9108012915 0.3497231305 0.2193962932
v 12.95666695 11.54696846 25.7816143
vn 0.8410744667 0.5406724215 -0.0163418185
v 13.66744328 10.80342007 24.35087967
vn 0.8506257534 0.3332903087 0.4066366851
v 11.94882107 13.41198254 27.76293564
vn 0.4773795903 0.7293067575 -0.4901228249
v 13.09397793 11.33904648 25.47700882
vn 0.8564732075 0.5110108852 0.07294852287
v 14.15873718 10.21442413 23.80251694
vn 0.8349139094 0.2106008828 0.5084939003
v 11.62691402 13.23354721 27.08766937
vn 0.4952602983 0.7865880728 -0.3687769473
v 11.62807274 13.04772568 26.61684227
vn 0.5305052996 0.8068007827 -0.2600703239
v 13.26342201 11.53475952 24.4378109
vn 0.794429183 0.4656713307 0.3899133801
v 11.93671417 12.77580452 26.4446125
vn 0.595816493 0.7751438022 -0.210130468
v 11.15298367 13.21413898 26.11697578
vn 0.4493182898 0.8846749067 -0.1243517324
v 11.31044769 13.52833748 27.32415771
vn 0.4257640541 0.8061873913 -0.410836786
v 11.8214798 12.79125023 26.0947876
vn 0.5985659957 0.7939466238 -0.1066188067
v 10.98983765 13.37555695 26.51239014
vn 0.4011919796 0.8858172894 -0.2331796587
v 11.54832458 12.9897747 26.15249252
vn 0.5352298021 0.8318923116 -0.1465751678
v 11.21855545 13.16085052 25.49691391
vn 0.4718555808 0.878734529 0.07195824385
v 13.48719597 12.07513237 23.55959702
vn 0.6654523015 0.4732439816 0.5772463679
v 13.8979454 11.59013748 23.42792702
vn 0.7088837028 0.3666311204 0.6025491953
v 11.51812744 12.98967743 25.43662453
vn 0.5391500592 0.8385804296 0.07810270786
v 10.39375877 13.56745148 26.33309174
vn 0.2872083485 0.9388807416 -0.1897744238
v 10.93140984 13.33337402 25.24658012
vn 0.428216964 0.8924832344 0.1417883635
v 11.43019104 13.1586647 24.86868668
vn 0.5003502369 0.8258978724 0.259889096
v 11.40853977 13.10982895 25.09889412
vn 0.4982610941 0.8488894701 0.1764157712
v 11.08514404 13.34927368 24.86064148
vn 0.4263466001 0.8668726683 0.2583803236
v 11.6786499 13.43565369 23.97524071
vn 0.4548528492 0.737615943 0.4990307093
v 11.98769951 13.64948845 23.44234657
vn 0.4410024881 0.6739973426 0.5926587582
v 10.70047951 13.58770752 24.63737488
vn 0.3438402116 0.8816976547 0.3230837882
v 11.26678848 13.76145554 23.82744789
vn 0.3856088221 0.7500135899 0.5373876095
v 10.49880409 13.76932144 24.37227631
vn 0.2680299282 0.8722851872 0.4089969993
v 9.741109848 14.10124588 24.06872559
vn 0.1542955786 0.8733427525 0.4620231092
v 10.21494293 13.77442932 24.56758499
vn 0.2463234961 0.9061793685 0.3437493742
v 9.500735283 13.97540665 24.40904617
vn 0.1042652205 0.9128035307 0.3948651552
v 10.78700733 14.47888565 23.15539169
vn 0.2419378608 0.7275912166 0.6419323087
v 10.2740097 14.34129333 23.51521492
vn 0.1996457279 0.7858195901 0.5853453279
v 13.70751381 10.69145012 27.11849594
vn 0.8673469424 0.3347684145 -0.3682924807
v 13.50448036 11.66719627 27.63218498
vn 0.7466445565 0.4745061994 -0.4662249982
v 13.58416748 10.13317108 25.57891655
vn 0.9652096033 0.2573168278 0.04645898566
v 13.60305405 10.06941795 25.83193398
vn 0.9677438736 0.2490525097 -0.03800879419
v 13.21094513 11.24261475 26.36859131
vn 0.8611320257 0.4807958007 -0.165187791
v 12.89073753 11.97062111 26.85585213
vn 0.7601925731 0.5736010671 -0.3051049709
v 13.08125305 11.69907761 26.84244156
vn 0.8058543205 0.5120508671 -0.2973259091
v 14.14042664 9.27413559 24.10045242
vn 0.8987771273 0.04849695042 0.4357151687
v 13.34958649 10.82569504 25.87560081
vn 0.9152878523 0.3999273479 -0.04802338779
v 13.22514915 11.08340836 25.73381233
vn 0.8887805343 0.4582778811 0.007110846695
v 12.51570511 12.50149155 27.04607582
vn 0.6659553051 0.6613330245 -0.3451697528
v 12.61953735 12.88672066 27.77601242
vn 0.5975501537 0.6417251229 -0.4807522297
v 13.36004639 10.8901329 25.1969223
vn 0.8841865063 0.4356359541 0.1686284095
v 12.29619694 13.16723156 27.77602196
vn 0.5482512116 0.6886909008 -0.4744738936
v 12.21258163 12.9262085 27.31300163
vn 0.5839553475 0.6867692471 -0.4328326583
v 12.30277061 12.54354668 26.69489479
vn 0.6491758227 0.7176917791 -0.2519706488
v 12.07749462 12.88694668 27.03380966
vn 0.5867140293 0.7278832793 -0.3548979759
v 12.5228529 12.16924286 26.20474243
vn 0.7466689348 0.6519607902 -0.1320328563
v 13.24525642 11.26243973 24.89419937
vn 0.8584131598 0.4433982372 0.2579240799
v 12.03521729 12.79266167 26.73966789
vn 0.6129024625 0.7324134111 -0.2965150774
v 11.95251942 13.09693527 27.2554512
vn 0.5276997089 0.737472713 -0.4215057194
v 12.69642067 11.90789413 25.70863342
vn 0.7839449048 0.6207926869 -0.006842039991
v 13.36994171 11.26835632 24.54258537
vn 0.8308292627 0.4284267426 0.3552087247
v 12.11619091 12.56123447 26.15650558
vn 0.6443411708 0.7522270679 -0.1377640218
v 13.46214294 10.98243713 24.6589241
vn 0.8683485389 0.3832563162 0.3147784173
v 11.6893959 13.43748093 27.544384
vn 0.4665460587 0.7693197727 -0.4364422858
v 13.94484711 11.0990448 23.67500114
vn 0.7676789165 0.3280201852 0.5505195856
v 13.08969116 11.60900116 24.74914169
vn 0.8060017228 0.5149790049 0.2918181717
v 12.25724792 12.39248657 25.78745651
vn 0.6865211129 0.725502491 -0.0483206138
v 10.96418667 13.759655 27.45125008
vn 0.3614871204 0.8278319836 -0.4289770424
v 12.30117702 12.36019039 25.49713326
vn 0.6894919276 0.7203151584 0.07580884546
v 13.25304031 11.70649338 24.25072479
vn 0.7532141805 0.4923674464 0.436168164
v 12.63501358 12.12203217 24.95421028
vn 0.7334425449 0.6338561177 0.2455370724
v 10.66275024 13.75801659 27.20919228
vn 0.3109609783 0.8624121547 -0.3994352221
v 12.82954884 12.10659504 24.50543594
vn 0.7144864798 0.6100676656 0.3425295651
v 13.52563477 11.74570084 23.78647995
vn 0.7199011445 0.4530618787 0.5258110762
v 12.26941299 12.52789116 24.8802948
vn 0.657335043 0.7041464448 0.2684927583
v 11.33651352 13.08985138 25.83410645
vn 0.4984927773 0.8665186167 -0.02550332062
v 10.70383835 13.592803 26.83539009
vn 0.3401443958 0.8900331855 -0.303550154
v 12.09952545 12.6905117 24.84538841
vn 0.6241366863 0.7413209677 0.2467723936
v 12.48900223 12.45130444 24.56509781
vn 0.6654193401 0.6632301211 0.3425535262
v 10.71305847 13.43374634 26.22769165
vn 0.3808909357 0.9095702171 -0.1661448628
v 12.17148018 12.72368336 24.61327934
vn 0.6145771146 0.7113921642 0.3409049511
v 10.63087082 13.51360703 26.46474838
vn 0.3493044674 0.9078560472 -0.2319133878
v 10.91756821 13.30489731 25.67683601
vn 0.4156063795 0.909501195 0.008883157745
v 11.46747971 13.23054504 24.60179901
vn 0.4945363402 0.8007441163 0.337997973
v 12.52729988 13.01294327 23.70247459
vn 0.553396821 0.6120117307 0.5649722219
v 13.12104797 12.93823242 23.21258736
vn 0.5568342805 0.54751724 0.6246282458
v 11.86577797 12.91040039 24.75241852
vn 0.5566245317 0.784060359 0.2746242583
v 11.65967751 13.29284096 24.23286247
vn 0.502953887 0.7573981285 0.4163958132
v 12.77656174 13.22467518 23.25543022
vn 0.5158289671 0.5837253928 0.6270447969
v 12.32241154 13.2670145 23.60567284
vn 0.4980933666 0.6586061716 0.5640397668
v 11.62180328 13.69038963 23.66460609
vn 0.4063740671 0.730982542 0.548201263
v 9.674022675 13.68183517 25.81340218
vn 0.1637184024 0.9859394431 -0.03346122056
v 11.46601868 13.98103714 23.40563583
vn 0.3668964207 0.7057167888 0.606094718
v 9.81269455 13.80058289 24.76534081
vn 0.1899870783 0.9428559542 0.2737289071
v 11.04505157 13.97875977 23.6614933
vn 0.3189558685 0.769040823 0.5539344549
v 10.33853912 14.13987923 23.78215599
vn 0.2076859623 0.8305770755 0.5167284608
v 10.57858276 13.97574615 23.92819214
vn 0.2784455121 0.8257439733 0.4905252159
v 10.00387573 13.97221756 24.2242794
vn 0.2069080174 0.8761638403 0.4353458285
v 9.792549133 14.24228382 23.81019592
vn 0.1464223564 0.8308165669 0.5369397402
v 9.836208344 14.46677399 23.46889496
vn 0.1322260946 0.7972849607 0.5889422894
v 14.31000805 9.949546814 27.87571526
vn 0.8461048603 0.1628167629 -0.5075404048
v 14.09008789 10.53687096 27.75699425
vn 0.8347576261 0.2604884803 -0.4851035774
v 13.99697876 10.04253101 27.33517265
vn 0.8756189942 0.2159067541 -0.4320597947
v 13.98390007 9.294872284 27.03783226
vn 0.9292012453 0.07970574498 -0.360876739
v 13.73675156 9.755867004 26.39300537
vn 0.9690082073 0.1676628292 -0.1814173609
v 13.90236568 10.85434341 27.62869644
vn 0.8159877062 0.3307190537 -0.4741191864
v 13.74834824 9.211517334 26.02051926
vn 0.9938482046 0.07579673827 -0.08075015247
v 13.82798195 9.649891853 26.69651222
vn 0.9510197639 0.1339167655 -0.2786174417
v 13.73566437 9.225139618 25.59112549
vn 0.9986700416 0.0448028259 0.02551279031
v 13.76746559 9.227203369 25.24465561
vn 0.990011692 0.06334742904 0.1259521991
v 13.67948151 9.751533508 25.97399712
vn 0.9826342463 0.1685190648 -0.07766091079
v 14.3289814 9.339607239 23.7615757
vn 0.8501088619 0.06992482394 0.5219439268
v 12.82414627 11.83251762 25.12241554
vn 0.7932214141 0.5840104818 0.1724284291
v 12.61730385 12.04532814 25.31118393
vn 0.7658564448 0.6314258575 0.1215124428
v 11.04613304 13.89042091 27.74248505
vn 0.3526650667 0.7928676009 -0.496979177
v 12.43254852 12.29385567 25.12249565
vn 0.7136903405 0.6820265055 0.1596432924
v 12.19438362 12.52371597 25.12260818
vn 0.6638088226 0.7270468473 0.175387457
v 11.94610405 12.73642635 25.12265778
vn 0.6241652369 0.7610070705 0.176878497
v 12.87055588 12.19753647 24.28761101
vn 0.6835734844 0.5954675674 0.4220730364
v 9.938288689 14.31101036 27.8736496
vn 0.1479056478 0.8487981558 -0.507607758
v 9.968084335 13.9879818 27.27958488
vn 0.1899166405 0.9000890851 -0.392136842
v 10.31048584 13.93347168 27.34261703
vn 0.236663267 0.86821872 -0.436104089
v 12.56252289 12.79555511 23.92633629
vn 0.5911129117 0.6353209019 0.4969435334
v 9.8343153 13.6940918 26.2309227
vn 0.2020479441 0.9674906135 -0.1521135271
v 12.55878448 12.63272762 24.15159416
vn 0.6288450956 0.6478351355 0.4299574792
v 9.722507477 13.7587738 26.46351433
vn 0.1560842395 0.9651984572 -0.2098323405
v 12.1984148 13.07589912 23.97140312
vn 0.5294742584 0.698368609 0.4815996885
v 9.530162811 13.85574913 26.72633743
vn 0.1272188723 0.9478020668 -0.2923809588
v 9.183530807 13.88512516 26.71870995
vn 0.06057633087 0.9567191005 -0.2846384943
v 9.275659561 13.72937202 25.66173553
vn 0.08198021352 0.9966116548 0.006669337861
v 9.355073929 14.24176407 23.90470886
vn 0.0707988888 0.8700403571 0.4878701568
v 9.221450806 14.11665344 24.15263748
vn 0.03310939297 0.9011657238 0.432208389
v 9.822540283 14.6882782 23.18920517
vn 0.1235495508 0.765920341 0.6309528351
v 9.389720917 14.64778614 23.3040657
vn 0.06475522369 0.7786542177 0.6241028905
v 14.11448669 9.529285431 27.39490891
vn 0.8974943757 0.1003107056 -0.4294666648
v 14.15713501 9.213760376 27.42262077
vn 0.8972473145 0.04021939635 -0.4396927357
v 13.92434692 9.784370422 27.04556465
vn 0.9150710702 0.160347566 -0.3700454533
v 13.63251114 10.25200653 26.44011497
vn 0.9413963556 0.2563636005 -0.2192044407
v 9.878562927 14.15647507 27.58608818
vn 0.1617506593 0.8691385388 -0.4673702419
v 10.161026 13.699646 26.61065292
vn 0.2390678227 0.9377586842 -0.2519032955
v 9.1101017 14.35803413 27.79354668
vn 0.02368765883 0.8757109642 -0.4822542667
v 9.992153168 13.8090229 26.83489227
vn 0.1929041892 0.9286531806 -0.316845715
v 9.507774353 14.15236282 27.46778297
vn 0.1121321246 0.8918861747 -0.4381385744
v 9.688341141 13.99547577 27.17858887
vn 0.1505323648 0.9196814299 -0.3626652062
v 9.228588104 14.12176132 27.34905052
vn 0.04787041247 0.9051770568 -0.4223303795
v 8.30292511 14.16009903 27.47811127
vn -0.1032365263 0.8964372277 -0.4309785664
v 8.023094177 14.35015869 27.89284134
vn -0.1383991241 0.8571544886 -0.4961167872
v 8.528938293 14.40788269 27.89284134
vn -0.04666815326 0.8688384891 -0.4928912818
v 8.559810638 13.94968796 26.92961502
vn -0.06878167391 0.9415829182 -0.3296827674
v 8.900085449 13.85873413 26.59126472
vn 0.003494407516 0.9676851034 -0.2521374226
v 6.995552063 14.08113861 27.89284134
vn -0.3027209044 0.8146973252 -0.4945991039
v 8.119728088 13.74959946 26.38666534
vn -0.1614684761 0.965647459 -0.2035998106
v 6.829418182 13.77185059 27.47811127
vn -0.3536830544 0.8301674724 -0.4309643507
v 6.489059448 13.86563873 27.89284134
vn -0.3826880157 0.781144917 -0.4933179021
v 8.900085449 13.76086426 25.39135361
vn -0.0008104935987 0.9952350855 0.097500965
v 8.900085449 13.74573517 25.77803421
vn 0.01211993303 0.9999153614 -0.004730111919
v 7.153991699 13.65013885 26.92961502
vn -0.3333260119 0.8822419643 -0.3324798942
v 8.573806763 13.74203491 25.45104599
vn -0.08024715632 0.9928981662 0.08782728016
v 8.569862366 13.80054855 25.05714607
vn -0.05928140506 0.9748792648 0.2147001922
v 8.129940033 13.68613815 25.84967422
vn -0.1669723988 0.983858943 -0.06435724348
v 6.689632416 13.45256424 26.92961502
vn -0.4106543362 0.8439554572 -0.3451118767
v 7.673576355 13.61209869 26.11738777
vn -0.2578810155 0.9600828886 -0.1083430499
v 7.205429077 13.5102272 26.38666534
vn -0.3282106817 0.9224767089 -0.2032595426
v 8.129112244 13.69129944 25.45104599
vn -0.1599311084 0.9838144779 0.08081531525
v 8.788330078 13.9099617 24.67394066
vn -0.03064722382 0.9573227763 0.2873915136
v 8.119792938 13.74919891 25.05714607
vn -0.1543718725 0.9627296925 0.2220829427
v 7.680343628 13.58608246 25.71622086
vn -0.2465515435 0.9688228369 -0.0243861489
v 5.532585144 13.27371979 27.89284134
vn -0.5208073258 0.6916673779 -0.5003558397
v 6.239936829 13.20522308 26.92961502
vn -0.4979734421 0.7975819111 -0.3404197097
v 7.662899017 13.65311432 25.05714607
vn -0.252350837 0.9442201257 0.2115831822
v 8.78364563 14.12678528 24.14835167
vn -0.01374691911 0.8902980685 0.4551706612
v 5.308479309 12.98775864 27.75437546
vn -0.5775049925 0.6623528004 -0.4772596657
v 5.503181458 12.86997223 27.34031296
vn -0.5873442888 0.6945076585 -0.4155547917
v 8.539894104 14.24520874 23.90725708
vn -0.06664019078 0.8583881855 0.5086538792
v 8.310958862 14.08931732 24.15765381
vn -0.1007589102 0.8897662163 0.445155859
v 5.783576965 12.94774628 27.06605911
vn -0.5637987256 0.7420774698 -0.3625631928
v 6.304244995 13.10115051 26.52168274
vn -0.5254516602 0.8197999001 -0.2276590466
v 8.900085449 14.34357452 23.7688694
vn 0.003935595974 0.8474328518 0.530888021
v 6.782821655 13.26065445 25.84967422
vn -0.4304848611 0.9003574252 -0.06355576962
v 4.954540253 12.64657593 27.75437546
vn -0.6365985274 0.6045423746 -0.4788223803
v 8.394428253 14.47141266 23.5389843
vn -0.08398073167 0.8046053052 0.5878414512
v 6.780532837 13.26535797 25.45104599
vn -0.4471387565 0.8898677826 0.09056606144
v 5.510520935 12.66016388 26.92961502
vn -0.6320841908 0.7008202672 -0.3306366205
v 5.919967651 12.77061462 26.25164795
vn -0.5984049439 0.7818872929 -0.1748249978
v 7.196380615 13.53484344 24.92653656
vn -0.3353595734 0.909545064 0.2454826832
v 5.153446198 12.45771408 27.20318604
vn -0.6648445129 0.6271157861 -0.405841738
v 4.589054108 12.21951675 27.75437546
vn -0.6975021362 0.5407969952 -0.4701376557
v 6.939468384 13.51293945 24.66760635
vn -0.3705874681 0.875867784 0.3090640604
v 7.239490509 13.78901291 24.28443527
vn -0.2853509784 0.858731091 0.4256239235
v 6.352119446 13.0236702 25.58363342
vn -0.5232098699 0.8510762453 0.04382495955
v 5.499763489 12.48123169 26.52168274
vn -0.6565017104 0.7182593942 -0.2304538041
v 5.939590454 12.74513245 25.98312759
vn -0.6210612655 0.781476438 -0.05981186032
v 4.806381226 12.05218124 27.20318604
vn -0.7292059064 0.5619146824 -0.3905260861
v 5.264953613 12.35182953 26.79317093
vn -0.6954782605 0.6552814245 -0.2948155999
v 4.271526337 11.76020813 27.75437546
vn -0.7512241006 0.4585148394 -0.4747909606
v 6.318496704 13.07807159 25.05714607
vn -0.5163813233 0.833321631 0.1972953081
v 4.957763672 11.93562698 26.65742683
vn -0.7636486292 0.5848246217 -0.2735342383
v 4.50485611 11.61602783 27.20318604
vn -0.7815965414 0.4921001792 -0.3833330572
v 5.250846863 12.189888 26.38666534
vn -0.7269764543 0.6637350917 -0.1759572178
v 6.485839844 13.29250336 24.66760635
vn -0.4656259418 0.8359358311 0.2905231714
v 4.005599499 11.27671814 27.75437546
vn -0.7856504321 0.3833167553 -0.485614717
v 7.204162598 14.32178497 23.41755676
vn -0.2406501025 0.7665826678 0.5953474045
v 5.920166016 12.77036285 25.18775558
vn -0.5942379236 0.790833354 0.1465055794
v 5.341850281 12.19238663 25.84967422
vn -0.7387928963 0.6723778248 -0.04575037956
v 5.566131592 12.41133118 25.71622086
vn -0.6716037393 0.7408917546 0.005274321884
v 4.252342224 11.15691376 27.20318604
vn -0.8268625736 0.3955075741 -0.3998400569
v 5.917526245 12.98505402 24.53941154
vn -0.5571966171 0.7598154545 0.3349811435
v 6.526817322 13.78789139 23.78383446
vn -0.3717819154 0.7642354965 0.5269936323
v 5.593349457 12.47389221 25.31940079
vn -0.6659238935 0.7327001691 0.1403416246
v 6.384651184 13.47661591 24.15765381
vn -0.4277234077 0.7770068049 0.4618583024
v 4.667388916 11.51560211 26.65742683
vn -0.8277947903 0.4983901083 -0.2576103806
v 6.043991089 13.52233505 23.78383446
vn -0.4471215606 0.7227475047 0.5269898772
v 4.42420578 11.07345963 26.65742683
vn -0.8607204556 0.4220940769 -0.2845995724
v 3.634449005 10.27080154 27.75437546
vn -0.853800118 0.2130220681 -0.4750230908
v 4.050636292 10.682827 27.20318604
vn -0.8710722327 0.3119656742 -0.3793555498
v 6.163871765 13.87828827 23.41755676
vn -0.3874701858 0.7038772702 0.5953349471
v 5.383560181 12.60360718 24.41121674
vn -0.6224408746 0.6901602745 0.3691153824
v 5.185558319 12.33606339 24.53941154
vn -0.6904070973 0.6342397928 0.3479625881
v 5.319374084 12.30015564 24.92653656
vn -0.7148711681 0.6598781943 0.2313437462
v 5.504898071 12.86795807 24.15765381
vn -0.5806289315 0.6721842289 0.4593892097
v 5.585319519 13.20523834 23.78383446
vn -0.5123822093 0.6781351566 0.5268749595
v 5.113158703 12.49597168 24.15765381
vn -0.6559224725 0.6110206842 0.443192333
v 4.781097412 11.44534302 25.71622086
vn -0.8511041403 0.5243372917 -0.02630885318
v 5.67061615 13.57335663 23.41755676
vn -0.457066834 0.660808444 0.5953335762
v 3.528006792 9.764625549 27.75437546
vn -0.8705968261 0.1309857816 -0.4742403626
v 4.534744263 11.01978302 25.98312759
vn -0.8916968703 0.4488053024 -0.05874086171
v 5.260848999 12.9371109 23.78383446
vn -0.5699149966 0.6237106919 0.5349597335
v 4.315101624 10.58560181 26.25164795
vn -0.9234424829 0.3416051567 -0.1748138666
v 3.798828363 9.721042633 27.20318604
vn -0.8959078789 0.1556074619 -0.4160954654
v 4.08480072 10.15357971 26.65742683
vn -0.9307140112 0.248791635 -0.2680934668
v 3.471123457 9.26600647 27.75437546
vn -0.8837966919 0.05203455687 -0.4649685621
v 4.699516296 11.49575043 24.92653656
vn -0.8220809102 0.510343492 0.2524529696
v 4.807979584 12.05095673 24.28443527
vn -0.723374784 0.5558347106 0.4096055627
v 4.595932007 11.55975342 24.53941154
vn -0.7914102674 0.4914726019 0.3634893298
v 4.506103516 11.03369141 25.18775558
vn -0.8833469152 0.4387209117 0.1649913192
v 3.744807959 9.247566223 27.20318604
vn -0.9191068411 0.0713769421 -0.3874893188
v 4.655693054 12.16820526 23.90725708
vn -0.6856338978 0.5282194018 0.5008896589
v 4.188159943 10.12667465 26.11738777
vn -0.9589876533 0.2519463897 -0.1298681498
v 4.345443726 10.57445526 25.45104599
vn -0.9410367608 0.3331785202 0.05866760015
v 4.780776978 12.81156921 23.41755676
vn -0.5751881599 0.559763968 0.5965089202
v 4.050652027 9.680519104 26.38666534
vn -0.9707670808 0.1578043252 -0.1808565706
v 3.493583679 8.286369324 27.75437546
vn -0.8732518554 -0.11206045 -0.4742084146
v 3.734351873 8.7849617 27.20318604
vn -0.9200416207 -0.02040409669 -0.3912889659
v 4.254150391 11.15603638 24.28443527
vn -0.8133039474 0.3989662826 0.4235122204
v 4.114112854 9.670307159 25.84967422
vn -0.9852969646 0.1642258167 -0.04711397737
v 3.766139984 8.317314148 27.20318604
vn -0.9143803716 -0.1046469286 -0.3910979033
v 4.26541853 10.60387421 24.92653656
vn -0.9074266553 0.3485486209 0.2347140908
v 4.195678711 10.62950134 24.66760635
vn -0.8878902793 0.3130411506 0.3371291757
v 4.212768555 11.79652405 23.66041183
vn -0.7070863843 0.4382938743 0.5549120307
v 4.108947754 9.671142578 25.45104599
vn -0.9877470732 0.1383533031 0.07220892608
v 4.041996002 9.227542877 26.11738777
vn -0.9894041419 0.07153442502 -0.1263418347
v 3.574836731 7.78314209 27.75437546
vn -0.8568396568 -0.1885868162 -0.479855001
v 4.077346802 9.676223755 25.18775558
vn -0.9742878675 0.1581687927 0.1604548097
v 4.052520752 10.68213272 24.28443527
vn -0.8526987433 0.3205054402 0.4125300944
v 4.068817139 9.225730896 25.71622086
vn -0.9968858361 0.07729160786 -0.01564255543
v 4.032150269 8.791603088 26.11738777
vn -0.9892060161 -0.02482209168 -0.14441365
v 3.95598197 8.338867188 26.65742683
vn -0.9550299048 -0.1055368707 -0.2770918608
v 4.05821228 9.226448059 25.45104599
vn -0.9935879111 0.05974936858 0.09598464519
v 4.059020996 8.792205811 25.71622086
vn -0.9999698997 -0.002336639911 -0.007397075649
v 4.030284882 7.878677368 26.65742683
vn -0.9416347146 -0.1893144697 -0.2783597112
v 4.04611969 8.349105835 26.25164795
vn -0.9808647633 -0.1013086587 -0.1662555337
v 4.032398224 8.791610718 25.31940079
vn -0.9909192324 -0.03122096136 0.1307836175
v 3.999706268 9.230388641 25.05714607
vn -0.972751379 0.07709041983 0.2186591923
v 3.892654181 6.77179718 27.75437546
vn -0.8098198771 -0.3475543857 -0.4726497233
v 4.083442688 8.353340149 25.84967422
vn -0.9933660626 -0.1101442054 -0.03304810449
v 4.131949902 6.279369354 27.75437546
vn -0.7689218521 -0.42860654 -0.4744003117
v 4.07824707 8.352745056 25.45104599
vn -0.9881136417 -0.1355369091 0.07253423333
v 3.925998688 8.789234161 24.79707146
vn -0.9600030184 -0.02314495482 0.2790314555
v 4.320919037 6.953830719 26.65742683
vn -0.8832817674 -0.364652127 -0.2946899831
v 3.459808111 9.775596619 23.66041183
vn -0.824586153 0.1297829896 0.5506487489
v 3.312370062 10.35464096 23.29838371
vn -0.7652791739 0.1926041245 0.614207983
v 4.046447754 8.349128723 25.18775558
vn -0.9805330634 -0.1131692976 0.1604607552
v 4.253223419 7.446590424 26.11738777
vn -0.9428616166 -0.3128122985 -0.1147190854
v 3.622207642 9.255825043 24.03245544
vn -0.8900091648 0.06010228395 0.4519639313
v 4.161109924 7.9061203 25.71622086
vn -0.9815191627 -0.1907078326 -0.01583094895
v 4.424026489 5.806926727 27.75437546
vn -0.7215976715 -0.5048722625 -0.4737095833
v 3.199417114 9.817497253 23.29838371
vn -0.7799661756 0.1186824664 0.6144649982
v 3.993522644 8.343132019 24.92653656
vn -0.961452961 -0.1122107804 0.2510316968
v 3.736362219 8.785007477 24.28443527
vn -0.9103897214 -0.0208780244 0.4132246971
v 4.273796082 7.453025818 25.58363342
vn -0.9553157091 -0.2943300009 0.02723507769
v 4.53975296 6.503517151 26.65742683
vn -0.8483300805 -0.4582153857 -0.2652823925
v 3.64405036 8.303447723 24.03245544
vn -0.8704080582 -0.09745349735 0.4825895429
v 4.766098022 5.362781525 27.75437546
vn -0.6645901799 -0.5741918683 -0.4781459868
v 4.649669647 5.962863922 27.20318604
vn -0.7572392821 -0.5229493976 -0.3912960887
v 4.21276474 7.433937073 25.05714607
vn -0.9349851012 -0.2994838059 0.1900324821
v 4.438972473 7.004009247 25.84967422
vn -0.9170407653 -0.3984310329 -0.01699938811
v 4.633346558 6.554954529 26.11738777
vn -0.8689009547 -0.4785224497 -0.1265994608
v 4.806846619 6.071475983 26.65742683
vn -0.7921922803 -0.5343813896 -0.2947335839
v 4.419429779 6.995704651 25.31940079
vn -0.91978091 -0.3787420094 0.1027498618
v 5.119667053 5.665313721 26.65742683
vn -0.7323752642 -0.6200041175 -0.281462878
v 4.881469727 6.123054981 26.25164795
vn -0.8070608377 -0.5672509074 -0.1639486253
v 3.340209961 8.268955231 23.5389843
vn -0.8087360859 -0.09090690315 0.5811039805
v 5.580730438 4.589134216 27.75437546
vn -0.5270394087 -0.7050343752 -0.4745060503
v 4.656890869 6.567901611 25.71622086
vn -0.8681467175 -0.4963018596 0.002403994091
v 4.912372589 6.14440918 25.84967422
vn -0.828935504 -0.557474792 -0.04569284618
v 5.302459717 5.111312866 27.34031296
vn -0.6318706274 -0.6476599574 -0.4257653356
v 4.355690002 6.968612671 24.92653656
vn -0.8854616284 -0.3989907503 0.2382521331
v 5.188583374 5.724296093 26.25164795
vn -0.7429541349 -0.6512815356 -0.1544393599
v 5.4155159 5.230384827 26.92961502
vn -0.6526005268 -0.6871811748 -0.3192093372
v 5.748069763 4.806468964 27.20318604
vn -0.5742886066 -0.7147873044 -0.3990885615
v 3.714332581 7.278022766 23.78383446
vn -0.8176568151 -0.2580299675 0.5146434903
v 6.040039063 4.27161026 27.75437546
vn -0.4547073543 -0.753403008 -0.4750001431
v 5.217121124 5.748714447 25.84967422
vn -0.7642683983 -0.6443772912 -0.02591708861
v 5.518157959 5.338481903 26.38666534
vn -0.6740974188 -0.7077140212 -0.2115029842
v 4.881744385 6.12323761 25.18775558
vn -0.8091185689 -0.5574332476 0.1859981418
v 5.558692932 5.38117981 25.98312759
vn -0.6865216494 -0.7209188342 -0.09467864037
v 5.864627838 4.957839966 26.65742683
vn -0.5850239396 -0.7663736343 -0.2653646469
v 6.184223175 4.504947662 27.20318604
vn -0.4906123877 -0.7805725932 -0.3873059452
v 4.807365417 6.071838379 24.79707146
vn -0.7887225747 -0.5430689454 0.288084805
v 3.829078674 6.744781494 23.66041183
vn -0.7703027725 -0.3270682096 0.5474120975
v 5.200996399 5.734909058 25.31940079
vn -0.7484721541 -0.6520727277 0.1207915768
v 4.264648438 6.352302551 24.03245544
vn -0.7729719877 -0.4176400602 0.4775888324
v 5.547798157 5.369693756 25.31940079
vn -0.6735536456 -0.7283216715 0.125987947
v 6.34078598 4.758319855 26.11738777
vn -0.5158094168 -0.8459637165 -0.135225907
v 6.710502625 4.39074707 26.79317093
vn -0.415874511 -0.854408741 -0.3115029037
v 4.698684692 5.996734619 24.41121674
vn -0.7509157658 -0.5362238884 0.3854730129
v 5.019767761 5.579841614 24.41121674
vn -0.7081209421 -0.6030756831 0.367238909
v 5.946166992 5.06375885 25.71622086
vn -0.6197588444 -0.7843251228 -0.02707568556
v 4.548595428 5.893013 24.03245544
vn -0.7202217579 -0.5049161911 0.4757522643
v 7.529445648 3.634536266 27.75437546
vn -0.214958787 -0.8512918353 -0.4786386788
v 6.354911804 4.781181335 25.71622086
vn -0.5452868342 -0.8378942609 -0.0244023893
v 5.90391922 5.008872986 25.05714607
vn -0.5952066779 -0.7742076516 0.2152476311
v 7.59854126 3.899986267 27.20318604
vn -0.2407428175 -0.8831872344 -0.4025211036
v 7.183345795 4.230041504 26.65742683
vn -0.3373626173 -0.9059829116 -0.2556979656
v 6.780464172 4.534828186 25.98312759
vn -0.4252929091 -0.9023330808 -0.0701495409
v 5.25793457 5.064430237 24.03245544
vn -0.610874474 -0.6328971982 0.475682199
v 6.782855988 4.539756775 25.58363342
vn -0.446205318 -0.8933321834 0.05346416309
v 7.64666748 4.084884644 26.65742683
vn -0.2350660264 -0.9257776141 -0.2961076498
v 7.220191956 4.330276489 26.11738777
vn -0.3437704444 -0.9314737916 -0.1190733016
v 7.22763443 4.350517273 25.58363342
vn -0.345095396 -0.9384944439 0.01171768736
v 6.754920959 4.482227325 25.05714607
vn -0.4294925332 -0.8824060559 0.1920826733
v 5.047393799 4.842693329 23.5389843
vn -0.5645061135 -0.5869019032 0.5804128051
v 7.678985596 4.209026337 25.84967422
vn -0.2509408295 -0.9671589732 -0.04040076584
v 6.284973145 4.668006897 24.79707146
vn -0.4967662394 -0.8153937459 0.2972479761
v 6.185279846 4.506652832 24.28443527
vn -0.4902915955 -0.7676129341 0.4127766192
v 9.021404266 3.460193872 27.75437546
vn 0.03373519704 -0.8802340627 -0.4733391404
v 8.56552887 3.935520411 26.65742683
vn -0.07153763622 -0.9655573964 -0.2501625419
v 5.377696991 4.325443268 23.29838371
vn -0.4795136154 -0.6113085151 0.6295781136
v 9.513877869 3.493663311 27.75437546
vn 0.1100795865 -0.8778983951 -0.466022402
v 7.67766571 4.203964233 25.45104599
vn -0.2464636415 -0.9656201601 0.08266447484
v 7.183563232 4.230632782 24.79707146
vn -0.3323244452 -0.8987003565 0.2861784101
v 8.572715759 4.04208374 26.11738777
vn -0.07414700836 -0.9886538982 -0.1306356937
v 8.129081726 4.108863831 25.98312759
vn -0.1612042189 -0.9823614359 -0.09475839138
v 7.662899017 4.147212982 25.05714607
vn -0.2468991429 -0.9430276155 0.2230240256
v 8.13079834 4.119522095 25.71622086
vn -0.1688068509 -0.9856433272 0.003387185745
v 10.01710892 3.574920177 27.75437546
vn 0.1834932864 -0.8613794446 -0.473661989
v 5.865100861 3.988495111 23.29838371
vn -0.4181640446 -0.6648935676 0.6189146638
v 7.118118286 4.052597046 24.28443527
vn -0.3141404986 -0.8574411273 0.4075664282
v 8.124023438 4.077430725 25.18775558
vn -0.1590569019 -0.9704976082 0.181205079
v 8.574516296 4.068893433 25.71622086
vn -0.07646784186 -0.9970635772 0.00410847785
v 6.378166199 3.706298828 23.29838371
vn -0.347535789 -0.7156555057 0.6058514714
v 7.567592621 3.781078339 24.03245544
vn -0.2231316119 -0.8522768617 0.473113507
v 8.572731018 4.042327881 25.31940079
vn -0.06142522022 -0.9866125584 0.1510716677
v 7.025379181 3.800319672 23.78383446
vn -0.297729373 -0.7961294055 0.5268160701
v 11.02845001 3.892734528 27.75437546
vn 0.3406747878 -0.8115919232 -0.474614799
v 9.008049011 4.05909729 25.71622086
vn 0.004885903094 -0.9994028211 -0.03420634568
v 9.929222107 3.993881226 26.79317093
vn 0.1853574067 -0.9336571693 -0.3064750433
v 6.907958984 3.480891943 23.29838371
vn -0.2713685334 -0.7479223609 0.6057814956
v 9.44934082 4.06218338 26.11738777
vn 0.1171499789 -0.9843493104 -0.1316520721
v 10.44258499 3.969028234 27.20318604
vn 0.2734259367 -0.8700976968 -0.4100832045
v 8.565574646 3.936149597 24.79707146
vn -0.06773450971 -0.9570394754 0.2819351852
v 10.92115402 4.145168304 27.20318604
vn 0.3686164916 -0.8468443155 -0.3833752871
v 11.52088547 4.132034302 27.75437546
vn 0.4183135629 -0.7739988565 -0.4753310084
v 9.908432007 4.093006134 26.38666534
vn 0.2033603638 -0.962256968 -0.180848375
v 9.008285522 4.048477173 25.45104599
vn 0.01047840901 -0.9969949722 0.07675467432
v 10.38554382 4.151374817 26.65742683
vn 0.2875531316 -0.9167647362 -0.2772285342
v 8.552818298 3.746895075 24.28443527
vn -0.06214088574 -0.908667326 0.4128707349
v 10.84642029 4.32100296 26.65742683
vn 0.3836675584 -0.8847486973 -0.2646108568
v 11.99332428 4.424110413 27.75437546
vn 0.501675427 -0.7257173657 -0.4708036482
v 8.534748077 3.478706598 23.78383446
vn -0.06334736198 -0.8432531357 0.5337707996
v 9.465507507 3.919784546 24.66760635
vn 0.1081984714 -0.9390679002 0.3262583613
v 10.81093597 4.40448761 26.25164795
vn 0.3723370731 -0.9097724557 -0.1835187674
v 10.34563446 4.2789464 25.71622086
vn 0.3148107231 -0.9491496086 -0.003034588881
v 7.982753754 3.199497461 23.29838371
vn -0.133020252 -0.776370585 0.6160798073
v 9.899600983 4.135135651 25.31940079
vn 0.2012116164 -0.970298171 0.1342956871
v 12.43747711 4.766178131 27.75437546
vn 0.5680842996 -0.6684777141 -0.4800184965
v 9.021232605 3.467712879 23.78383446
vn 0.02538287081 -0.8540939689 0.5194990039
v 8.511863708 3.1391294 23.29838371
vn -0.05504777655 -0.7769176364 0.6271911263
v 9.921443939 4.030982971 24.79707146
vn 0.1938470006 -0.938536346 0.2856096327
v 11.24529266 4.633422852 26.11738777
vn 0.4683639705 -0.8723984957 -0.1398429871
v 11.72877121 4.806926727 26.65742683
vn 0.5449188948 -0.7876228094 -0.2875999212
v 12.25914764 4.974582672 27.20318604
vn 0.5860040188 -0.7084313035 -0.3933502138
v 9.513034821 3.501140833 23.78383446
vn 0.1046023741 -0.8375964165 0.5361815095
v 9.960380554 3.845344543 24.28443527
vn 0.186627835 -0.8886544704 0.4188833237
v 12.64431 5.155944824 27.47811127
vn 0.6329249144 -0.6329189539 -0.4458919764
v 9.551429749 3.162971497 23.29838371
vn 0.08574025333 -0.7864134908 0.61172086
v 10.01556778 3.582275391 23.78383446
vn 0.1762934476 -0.8315497637 0.5267310739
v 10.82122421 4.380279541 25.05714607
vn 0.3800084889 -0.9001486897 0.2128988802
v 13.03407288 5.362781525 27.75437546
vn 0.6704525352 -0.5646514893 -0.4813129306
v 11.23234558 4.656967163 25.71622086
vn 0.4719638824 -0.8813447356 -0.02194520459
v 10.44198227 3.970947266 24.28443527
vn 0.2776978314 -0.8722284436 0.4026182592
v 13.37614059 5.806926727 27.75437546
vn 0.727335453 -0.4997825921 -0.4703195989
v 11.26570892 4.59627533 25.05714607
vn 0.4823454618 -0.852054894 0.2033354342
v 10.87927628 4.24369812 24.53941154
vn 0.3632597029 -0.8598578572 0.3587294817
v 11.65277863 4.916900635 25.71622086
vn 0.5511339903 -0.8343839049 -0.007402660791
v 12.419487 5.380760193 26.65742683
vn 0.6818661094 -0.6818661094 -0.2647965848
v 11.66791534 4.894989014 25.31940079
vn 0.5630126595 -0.8169562221 0.1248972863
v 12.68050385 5.665313721 26.65742683
vn 0.7327536345 -0.621399641 -0.2773708999
v 12.06549835 5.200893402 26.11738777
vn 0.6468054652 -0.7538971901 -0.115246281
v 10.08543015 3.249187708 23.29838371
vn 0.1586962342 -0.7758389115 0.6106467247
v 13.15048981 5.962863922 27.20318604
vn 0.7634954453 -0.528231442 -0.371545732
v 13.66822052 6.279369354 27.75437546
vn 0.7688242197 -0.420324862 -0.4819090664
v 12.35531616 5.44493103 26.25164795
vn 0.6965568662 -0.6965628862 -0.1720718741
v 10.96921539 4.032089233 24.03245544
vn 0.3428038657 -0.808668077 0.4780600667
v 11.33719635 4.46622467 24.53941154
vn 0.4575926065 -0.8223273754 0.3382109404
v 12.99332047 6.071475983 26.65742683
vn 0.7957655787 -0.5505533814 -0.2522858977
v 13.42784882 6.411483765 27.20318604
vn 0.7989092469 -0.439976573 -0.410078764
v 12.59936523 5.734752178 26.11738777
vn 0.7661935687 -0.6299580932 -0.1268866509
v 11.08882523 3.750682831 23.5389843
vn 0.3229959011 -0.757215023 0.5677139163
v 11.83624649 4.651409149 24.28443527
vn 0.5151396394 -0.7445746064 0.4245466292
v 12.09305954 5.168678284 25.05714607
vn 0.6308009028 -0.7461439371 0.2129775733
v 12.34377289 5.456481934 25.31940079
vn 0.7060955167 -0.7008956075 0.1008687615
v 12.88779831 6.14440918 25.84967422
vn 0.8220904469 -0.5687676072 -0.02589778788
v 12.18954086 5.055927277 24.53941154
vn 0.5964422226 -0.7167682052 0.3612478971
v 11.55415344 4.071502686 23.66041183
vn 0.4028434157 -0.7306804061 0.5512017012
v 14.09301376 7.275779724 27.75437546
vn 0.8370761275 -0.2711109519 -0.4751866758
v 11.68118668 3.840381861 23.29838371
vn 0.3680213988 -0.6831113696 0.6308082938
v 13.47924423 6.953830719 26.65742683
vn 0.8931748867 -0.3632008433 -0.2651863396
v 13.16682434 6.554954529 26.11738777
vn 0.8652253747 -0.4877125323 -0.1162822545
v 14.22533035 7.78314209 27.75437546
vn 0.8632572293 -0.1826040298 -0.4705770016
v 12.18252945 4.150321484 23.29838371
vn 0.4471517503 -0.6428205371 0.6219622493
v 14.3065834 8.286369324 27.75437546
vn 0.8705738783 -0.1009055376 -0.4815798402
v 13.38096237 6.995605469 26.11738777
vn 0.9132037163 -0.3896571994 -0.1192736924
v 13.14793015 6.565341949 25.58363342
vn 0.8738080859 -0.4851933122 0.0323558934
v 13.95687103 7.839450836 27.20318604
vn 0.9035571814 -0.1996179372 -0.3791266978
v 12.53782272 4.648902893 23.5389843
vn 0.5254360437 -0.628136754 0.5738999844
v 12.6415329 5.158714294 24.03245544
vn 0.6148770452 -0.6315504313 0.4723031223
v 12.91902542 5.461227417 24.03245544
vn 0.6766443849 -0.5683858991 0.4680703282
v 13.02336121 6.050720215 24.66760635
vn 0.7813162208 -0.5404191017 0.3122374117
v 12.94657898 5.784500122 24.41121674
vn 0.7265170813 -0.5583241582 0.4005584419
v 13.7698822 7.878677368 26.65742683
vn 0.9473475218 -0.1931748092 -0.2553745508
v 13.10063934 6.304588318 24.92653656
vn 0.8286752701 -0.5122713447 0.2255557328
v 13.18063354 6.547370911 25.18775558
vn 0.866468966 -0.4761939049 0.1499028057
v 13.36112213 7.004043579 25.58363342
vn 0.9169180989 -0.3983696103 0.02372359484
v 14.0340271 8.317314148 27.20318604
vn 0.9099777341 -0.1106037572 -0.3996340036
v 13.25157166 5.893013 24.03245544
vn 0.7201551199 -0.4991895556 0.4818572104
v 13.526371 7.453025818 25.58363342
vn 0.9548323154 -0.2957710326 0.02854351699
v 13.84418488 8.338867188 26.65742683
vn 0.9551768303 -0.1007996872 -0.2783461809
v 13.66535568 7.900604248 26.11738777
vn 0.9720196128 -0.19697164 -0.1279843301
v 13.53551865 6.352302551 24.03245544
vn 0.7691385746 -0.4134646654 0.4873118699
v 13.39546967 6.989440918 25.18775558
vn 0.9014897943 -0.414303869 0.1251736283
v 13.43296814 5.767654419 23.66041183
vn 0.6754807234 -0.4812139273 0.5587118268
v 13.60323715 7.038806915 24.53941154
vn 0.8675678372 -0.3517166376 0.351598382
v 13.54837036 7.31917572 25.05714607
vn 0.9275311828 -0.3141593039 0.2024594098
v 13.76815796 6.831031799 24.03245544
vn 0.8113426566 -0.3491345942 0.4688583612
v 13.64992523 5.617725372 23.29838371
vn 0.6396549344 -0.4423781633 0.6286041141
v 13.66511536 7.900657654 25.31940079
vn 0.9676818252 -0.2106457204 0.1386373341
v 13.7422142 7.763721466 24.79707146
vn 0.9410092235 -0.2072725147 0.2674691379
v 14.04956818 6.711425781 23.5389843
vn 0.7638869286 -0.3207413256 0.5600015521
v 14.29956055 6.605171204 23.17921066
vn 0.7115759254 -0.3134581447 0.6288113594
v 13.94848633 7.320983887 24.03245544
vn 0.8372448087 -0.2744226158 0.4729834199
v 13.74645996 8.792087555 25.58363342
vn 0.99959445 -0.01844214834 0.02169755474
v 14.24032211 7.229698181 23.5389843
vn 0.788256228 -0.232384339 0.5697802901
v 13.93819809 8.445762634 24.53941154
vn 0.9279698133 -0.0974907577 0.3596770763
v 14.07712555 7.814228058 24.03245544
vn 0.854462564 -0.1805502027 0.4871296585
v 13.94252014 8.088752747 24.41121674
vn 0.9036178589 -0.1629033983 0.3961530924
v 13.78377533 8.791252136 25.18775558
vn 0.9868500829 -0.0333949849 0.158150807
v 13.82704163 8.568153381 24.92653656
vn 0.963973403 -0.06174252182 0.25873366
v 14.37639618 7.751457214 23.5389843
vn 0.8028113842 -0.1637315005 0.5733113289
v 14.1561203 8.303447723 24.03245544
vn 0.876909852 -0.1044019833 0.4691793919
v 14.64226532 7.69568634 23.17921066
vn 0.758831203 -0.1694068462 0.6288692355
v 14.70072269 6.415279865 22.69585991
vn 0.719968915 -0.3220642507 0.6147515178
v 12.74950504 13.89433002 22.69585991
vn 0.5641818643 0.7494654655 -0.3464106619
v 15.03571224 10.35842705 22.69585991
vn 0.7215948701 0.1654011309 0.6722673178
v 15.19876289 9.190953255 22.69585991
vn 0.7728161216 0.03362034261 0.6337388158
v 15.13502884 9.864068985 22.69585991
vn 0.818040967 0.1105556786 0.564434588
v 10.87652969 14.88670254 22.69585991
vn 0.2048697621 0.7145210505 0.6689454913
v 10.19423389 15.06955338 22.69585991
vn 0.1548494548 0.709109962 0.6878842115
v 3.21735096 6.183866978 22.69585991
vn -0.9092248082 -0.4140074551 0.04368105903
v 12.78510094 3.934429646 22.69585991
vn 0.4507479072 -0.57814008 0.6801326275
v 3.037650585 6.569037437 22.69585991
vn -0.6703794599 -0.2675601244 0.6921004057
v 9.395579338 2.608967304 22.69585991
vn 0.07900704443 -0.7210658789 0.6883471608
v 11.25122929 3.04589963 22.69585991
vn 0.325193733 -0.7521623969 0.5731498599
v 7.689879417 15.09314823 22.69585991
vn -0.1989554614 0.9532291293 0.2275322378
v 11.72727776 3.258656263 22.69585991
vn 0.3484148979 -0.6475637555 0.6776933074
v 13.22329235 4.31843853 22.69585991
vn 0.5213550925 -0.583245039 0.6229078174
v 8.218279839 15.17235661 22.69585991
vn -0.09004282206 0.9125500321 0.3989294469
v 6.101345062 14.55103302 22.69585991
vn -0.05415875092 0.09887391329 -0.9936250448
v 4.149246216 13.040555 22.69585991
vn -0.5823142529 0.5109217167 0.6323520541
v 4.134713173 13.02461624 22.69585991
vn -0.5759506226 0.4657395482 0.6718389392
v 3.734249353 12.51011086 22.69585991
vn -0.6064369678 0.4015946388 0.6862623096
v 2.821685076 7.24229002 22.69585991
vn -0.062224105 -0.01976514421 -0.9978664517
v 3.045658588 11.24482059 22.69585991
vn -0.3512270749 0.1352996677 -0.9264629483
v 2.631989241 9.545329094 22.69585991
vn -0.7556034923 0.08196908236 0.64988029
v 2.608345747 9.336773872 22.69585991
vn -0.7344477773 0.05035470426 0.676794529
v 2.691252947 9.992710114 22.69585991
vn -0.7675403357 0.1487809867 0.6234950423
v 3.59160471 5.50211668 22.69585991
vn -0.6503617764 -0.4309428334 -0.6255540252
v 4.617749691 4.26850462 22.69585991
vn -0.6114404798 -0.6282153726 0.4811298847
v 5.02092123 3.92296505 22.69585991
vn -0.451082021 -0.5734686255 0.683855772
v 4.764242649 4.135651588 22.69585991
vn -0.4763327837 -0.5640337467 0.6745168567
v 3.939824104 5.000056744 22.69585991
vn -0.5691156983 -0.4679737091 0.6760975718
v 5.759623528 3.429697752 22.69585991
vn -0.4188968837 -0.70522964 0.5719934702
v 6.794595718 2.956809282 22.69585991
vn -0.3216310143 -0.9442812204 -0.06990333647
v 10.28482246 2.75197649 22.69585991
vn 0.183352828 -0.7966290712 -0.5759894252
v 7.810719967 2.687482595 22.69585991
vn -0.09277775884 -0.5855759382 -0.805290699
v 12.13675594 3.485579014 22.69585991
vn 0.3437116444 -0.6147577167 0.7098839879
v 13.73980331 4.852205753 22.69585991
vn 0.06186648086 -0.0487585105 -0.9968927503
v 14.99367714 7.294788361 22.69585991
vn 0.05665595829 -0.01421197318 -0.998292625
v 14.42575741 5.868647575 22.69585991
vn 0.63155967 -0.335736841 0.6988656521
v 14.41048145 5.842724323 22.69585991
vn 0.01086497307 -0.006454033777 -0.9999201298
v 15.18884945 8.402924538 22.69585991
vn 0.7596712112 -0.07666512579 0.6457725167
v 15.06182766 7.53559351 22.69585991
vn 0.726669848 -0.1603128314 0.66802001
v 3.776227713 6.364515305 22.69585991
vn 1.224646853e-16 -6.123234263e-17 -1
v 12.70692348 6.719447613 22.69586182
vn 1.224646853e-16 -6.123234263e-17 -1
v 10.30171585 9.300860405 22.69586182
vn 1.224646853e-16 -6.123234263e-17 -1
v 14.34134865 11.02190399 22.69585991
vn 1.224646853e-16 -6.123234263e-17 -1
v 9.3723526 3.257592678 22.69585991
vn 1.224646853e-16 -6.123234263e-17 -1
v 9.684184074 11.51555252 22.69585991
vn 1.224646853e-16 -6.123234263e-17 -1
v 9.345101357 5.116108894 22.69585991
vn 1.224646853e-16 -6.123234263e-17 -1
v 6.496632576 11.63676453 22.69585991
vn 1.224646853e-16 -6.123234263e-17 -1
v 11.93685436 7.854770184 22.69585991
vn 1.224646853e-16 -6.123234263e-17 -1
v 7.675312042 11.02625656 22.69585991
vn 1.224646853e-16 -6.123234263e-17 -1
v 10.88781929 7.99250412 22.69585991
vn 1.224646853e-16 -6.123234263e-17 -1
v 4.299971104 9.11802578 22.69585991
vn 1.224646853e-16 -6.123234263e-17 -1
v 10.21871567 6.270304203 22.69586182
vn 1.224646853e-16 -6.123234263e-17 -1
v 13.01970959 8.327778816 22.69585991
vn 1.224646853e-16 -6.123234263e-17 -1
v 8.915309906 13.11249256 22.69586182
vn 1.224646853e-16 -6.123234263e-17 -1
v 11.4255476 6.965009689 22.69585991
vn 1.224646853e-16 -6.123234263e-17 -1
v 7.238888741 8.905833244 22.69585991
vn 1.224646853e-16 -6.123234263e-17 -1
v 14.84216022 11.00835705 22.69585991
vn 0.9432243705 0.3277997077 0.05361983925
v 14.94085121 10.71225643 22.69585991
vn 0.7225436568 0.2235499471 -0.654183507
v 13.81962013 12.83471775 22.69585991
vn 0.1822243929 0.1512414813 -0.9715555906
v 13.59507179 13.11494064 22.69585991
vn 0.3029665947 0.2662444115 -0.9150547385
v 8.148808479 2.634858131 22.69585991
vn -0.002657222329 -0.02542969026 -0.9996730685
v 5.553606033 14.24086857 22.69585991
vn -0.4131993353 0.6107600927 0.6754541993
v 4.454180717 13.38221073 22.69585991
vn -0.4951379597 0.5344816446 0.6849582195
v 3.370210886 11.92736244 22.69585991
vn -0.6802520752 0.3598661423 0.6385557652
v 2.84372139 10.65915585 22.69585991
vn -0.9348306656 0.2585681677 0.2433805764
v 11.10779572 1.359867573 30.82076073
vn 0.2525046766 -0.8496478796 -0.4629685283
v 5.154448986 13.96986198 22.69585991
vn -0.1724144965 0.2512992322 -0.9524294734
v 3.134601355 11.45386696 22.69585991
vn -0.2920407653 0.1323025376 -0.9472107887
v 9.654192924 2.646010637 22.69585991
vn 0.07765651494 -0.6656745076 -0.7421905994
v 5.465666771 3.604545116 22.69585991
vn -0.4108775556 -0.624879539 0.6638562679
v 14.02108669 5.217426777 22.69585991
vn 0.6284142137 -0.4783656299 0.6134018898
v 14.81256866 6.731232166 22.69585991
vn 0.7961420417 -0.3031191528 0.5237142444
v 11.05145264 11.20543861 22.69585991
vn 1.224646853e-16 -6.123234263e-17 -1
v 3.778630018 10.76943398 22.69585991
vn 1.224646853e-16 -6.123234263e-17 -1
v 12.06118584 9.181417465 22.69586182
vn 1.224646853e-16 -6.123234263e-17 -1
v 9.001031876 10.21185398 22.69585991
vn 1.224646853e-16 -6.123234263e-17 -1
v 10.6137476 12.60469437 22.69585991
vn 1.224646853e-16 -6.123234263e-17 -1
v 5.715197086 13.08069897 22.69585991
vn 1.224646853e-16 -6.123234263e-17 -1
v 9.367868423 7.955806732 22.69586182
vn 1.224646853e-16 -6.123234263e-17 -1
v 13.80029964 9.523169518 22.69586182
vn 1.224646853e-16 -6.123234263e-17 -1
v 7.27614212 15.63726044 29.41679764
vn -0.1891607791 0.7563065886 -0.6262735128
v 7.801424026 2.214427948 40.76881409
vn -0.1268385947 -0.7526947856 0.6460360289
v 14.9023056 8.64572525 41.56406403
vn 0.6489688754 -0.02040822245 0.7605412006
v 11.82001686 0.8025052547 37.25240707
vn 0.3311972618 -0.9103908539 0.247985661
v 8.677230835 16.91780853 31.14449692
vn -0.02335018106 0.9008014202 -0.4336029887
v 14.4625473 1.965339661 35.40193176
vn 0.623587966 -0.7806069255 0.04231845215
v 15.75387573 9.264200211 29.33648109
vn 0.7650581002 0.04467933252 -0.6424094439
v 16.56465149 5.810611725 31.69783592
vn 0.8618831038 -0.3527736664 -0.3642914593
v 16.26020432 11.86698532 39.02770233
vn 0.8275014162 0.3290644884 0.4549263716
v 10.06920242 0.8864691854 38.68689728
vn 0.1363584697 -0.8960887194 0.4224113524
v 14.04088211 1.677971125 35.78054047
vn 0.5737242103 -0.8140913844 0.08997650445
v 16.45895195 4.667383194 32.96549225
vn 0.8454478979 -0.4810591042 -0.2319482714
v 15.79224682 13.66362572 37.99625015
vn 0.772702992 0.5360560417 0.3399618566
v 16.0567379 3.805961609 33.57565689
vn 0.8014085889 -0.5748388171 -0.1652408987
v 16.5270462 6.25598526 31.2538681
vn 0.8563639522 -0.3037018478 -0.4176194668
v 16.65409088 7.322177887 30.92791367
vn 0.8733567595 -0.1671899408 -0.4574882388
v 13.38289547 13.33167839 22.69585991
vn 0.3013522327 0.2933441699 -0.9072684646
v 15.77603149 13.91751099 37.60020065
vn 0.7677001953 0.5707915425 0.2912618816
v 12.44044113 0.9960603118 37.04590607
vn 0.3889078796 -0.8910707235 0.233973667
v 15.1037693 2.520026922 34.97221375
vn 0.6955236793 -0.7185029984 -0.0005730231642
v 14.40863514 1.948767781 35.72671509
vn 0.6137968898 -0.7852345705 0.08160878718
v 14.06673145 1.731330872 36.05249405
vn 0.5780106187 -0.8075996041 0.116989933
v 15.86979675 13.29938889 38.35371017
vn 0.7834533453 0.4904711545 0.3816266358
v 15.24904251 2.700089693 34.33459091
vn 0.7201959491 -0.6898855567 -0.0733192265
v 13.26798916 1.308796763 36.57700348
vn 0.4888899326 -0.8533101678 0.1812413484
v 15.05318451 10.22908211 28.71115494
vn 0.6914329529 0.1377446204 -0.7091875076
v 12.11529255 17.15824699 34.18652344
vn 0.3594636023 0.9293003678 -0.0847748816
v 16.57936859 4.985671997 32.78639603
vn 0.8648965359 -0.4361041188 -0.2485299259
v 15.9729538 11.45040894 39.76103592
vn 0.7902874947 0.2844633162 0.5427027345
v 15.9776001 8.939338684 29.60504913
vn 0.79148525 0.001942229923 -0.6111851335
v 8.99256134 1.578382134 40.05428696
vn 0.01640832424 -0.8271946311 0.5616759062
v 12.1791296 1.00489974 37.465065
vn 0.3785687089 -0.883901298 0.2745983005
v 16.77293777 6.901878357 31.3639183
vn 0.8847404122 -0.2185494602 -0.4116679728
v 16.50896454 8.517635345 30.40042305
vn 0.8521091342 -0.04555983096 -0.5213773251
v 2.00637269 14.42964363 33.95309067
vn -0.7833974361 0.6098150611 -0.1200583428
v 11.05163574 1.023389578 38.53517914
vn 0.2379946858 -0.8839827776 0.4024089873
v 16.6457634 7.033061981 31.03583527
vn 0.8704137206 -0.2162418664 -0.4422888458
v 16.18675804 3.927814484 33.83625793
vn 0.8116606474 -0.5697621107 -0.1287560761
v 16.70474243 5.726121902 32.13649368
vn 0.8767954111 -0.3536797464 -0.3257920742
v 2.308258057 14.84257507 34.32978821
vn -0.7410519123 0.6679734588 -0.06821694225
v 15.26524353 2.684278488 34.79856491
vn 0.7223462462 -0.6911458969 -0.02309233882
v 16.79243851 5.468265533 32.735672
vn 0.8840529323 -0.3905739784 -0.2567145228
v 15.57206535 3.027328491 34.56699753
vn 0.7499082088 -0.659894228 -0.04666128382
v 4.589672089 16.49324036 36.7213974
vn -0.4804356098 0.8566140532 0.188132897
v 16.26798058 4.144639015 33.48556137
vn 0.8297689557 -0.532592237 -0.1668201536
v 15.49576569 10.02076149 29.13169861
vn 0.7436090112 0.1206424236 -0.6576405168
v 0.9343981743 10.92201614 31.58593369
vn -0.8935850263 0.227128908 -0.3871928155
v 14.53615952 10.7195282 28.35941505
vn 0.6341830492 0.2061505169 -0.7451937795
v 16.46217537 4.349085808 33.86303711
vn 0.8463529944 -0.5188677907 -0.1202615872
v 16.68034172 4.990645409 33.16202164
vn 0.8729895949 -0.4421198964 -0.2059592158
v 12.77318001 1.19278729 37.18939972
vn 0.4229361117 -0.8675483465 0.26169613
v 14.75741577 2.245891571 35.78054047
vn 0.6568868756 -0.7487271428 0.08892333508
v 6.476146698 16.81977081 38.25577164
vn -0.2745251358 0.8892144561 0.3659693897
v 2.533278942 15.11766434 35.02544785
vn -0.7200607061 0.6938903928 0.005361298565
v 11.627285 1.033805609 38.14293671
vn 0.3127796054 -0.8807528019 0.3555887938
v 14.75306988 15.30203438 36.98745346
vn 0.6626339555 0.7127532959 0.2299977988
v 16.89125443 7.758201599 31.2538681
vn 0.8954815865 -0.124566704 -0.4273124039
v 14.94314957 10.66944885 28.71115494
vn 0.6801096201 0.1971742958 -0.706097126
v 10.47154617 1.178226352 39.13505554
vn 0.1606805474 -0.8735917807 0.4593682289
v 14.69068813 10.90763092 28.54726982
vn 0.648661375 0.23510544 -0.7238534689
v 15.8993187 12.74833679 38.91917801
vn 0.7825286388 0.441989094 0.438514024
v 13.42791557 13.0709095 22.85026932
vn 0.5547246933 0.4803683162 0.6793576479
v 16.95330811 7.261306763 31.58593369
vn 0.9034380317 -0.1841552407 -0.3871518373
v 17.02185822 6.278032303 32.48039627
vn 0.9166910052 -0.2836356163 -0.281475544
v 14.99004555 14.8219738 37.6529808
vn 0.6878153682 0.6582596898 0.3059480786
v 16.12977982 3.75410533 34.33459091
vn 0.8112936616 -0.5798019171 -0.0750490129
v 17.02158737 7.642532349 31.58593369
vn 0.9144971967 -0.1323658079 -0.3823272586
v 2.778957129 15.31891441 35.72674179
vn -0.6888033748 0.7212638855 0.0729951933
v 15.04614449 2.531351566 35.92505646
vn 0.6938855052 -0.7124360204 0.1046795622
v 16.78661728 4.937245369 33.86303711
vn 0.8885774016 -0.4402822852 -0.1287699044
v 15.62263489 12.53968811 39.5560112
vn 0.7550327778 0.4052422047 0.5154650807
v 13.61514282 16.29991531 36.4864006
vn 0.5215562582 0.8367118239 0.1670102328
v 12.46439362 1.31815362 38.00124359
vn 0.394534409 -0.8539682627 0.339235574
v 14.66785526 2.268697977 36.39571762
vn 0.651398778 -0.7400147915 0.1675043106
v 16.1843338 9.941078186 29.99464035
vn 0.8141046762 0.1189352646 -0.5684083104
v 10.20372009 17.65689468 34.09662247
vn 0.1549565196 0.9827767015 -0.1006899923
v 15.47498131 10.50546646 29.22206306
vn 0.7379891872 0.1765194237 -0.6513162255
v 17.19850922 7.211421967 32.26501465
vn 0.9312102199 -0.189896971 -0.3111055493
v 15.15593719 10.94196129 29.01039314
vn 0.7069526315 0.2280444354 -0.6694876552
v 17.17827606 6.476129532 32.81304169
vn 0.9289000034 -0.2842508256 -0.2373737246
v 17.23940659 6.783508301 32.72601318
vn 0.9356457591 -0.2385682017 -0.2601004541
v 14.24057865 15.69552517 37.1177063
vn 0.5890063047 0.7722625732 0.2380799204
v 17.22636604 6.240133286 33.3371048
vn 0.9326228499 -0.3032852709 -0.1955315918
v 17.29963684 6.605678558 33.16202545
vn 0.9469279647 -0.2494873852 -0.2026904821
v 17.10196686 7.332141876 31.92326927
vn 0.9213103056 -0.1786830127 -0.3453400433
v 13.80072212 1.928671479 37.56398773
vn 0.5465654731 -0.7839076519 0.294541955
v 16.86026382 8.966068268 31.02246475
vn 0.8941969275 0.003828840796 -0.4476574063
v 17.16654205 7.718837738 31.92326927
vn 0.9300665855 -0.1310010105 -0.3432417214
v 15.56971931 3.124459267 36.16036606
vn 0.748936832 -0.6472014189 0.1422110349
v 9.950134277 1.849685788 40.32826996
vn 0.1251876354 -0.7856815457 0.6058320999
v 17.16796112 6.907154083 32.37975693
vn 0.9278406501 -0.2355993986 -0.2891447246
v 17.24001312 8.480846405 31.92326927
vn 0.9352908134 -0.03921528906 -0.3517005146
v 13.53175545 1.905906558 37.97029495
vn 0.5224792957 -0.7892619371 0.3226158619
v 17.26133156 6.111068726 33.77293396
vn 0.939417541 -0.3085436225 -0.1493168026
v 16.91517448 9.325895309 31.15850258
vn 0.9006968141 0.04759293422 -0.4318334758
v 11.37409401 1.768574238 39.70904922
vn 0.2771641314 -0.7992392778 0.5332885385
v 16.82247925 4.861707687 34.65148544
vn 0.8903595209 -0.4538373649 -0.03593800962
v 14.57887554 2.448930025 37.30563354
vn 0.6300073266 -0.7305710316 0.263356626
v 16.34047699 10.16430092 30.28459549
vn 0.8380669951 0.1355193108 -0.528467834
v 15.96389198 10.83070374 29.94515228
vn 0.7944360971 0.2162657678 -0.5675389171
v 14.63837433 11.77710342 28.83760452
vn 0.6515119672 0.3177526891 -0.6888870597
v 15.81138229 3.423396111 36.19714355
vn 0.7836667895 -0.608099401 0.1268126667
v 17.35744858 7.047567368 32.94364166
vn 0.9513242841 -0.2050779611 -0.230054751
v 15.25822258 2.959999323 36.86550522
vn 0.7133253813 -0.6671586037 0.214630574
v 17.43321609 8.080917358 32.61029053
vn 0.9611893296 -0.0787948668 -0.2643983364
v 11.78088379 1.753414512 39.45209503
vn 0.3174971938 -0.8037593961 0.5031564236
v 17.0346508 5.312332153 34.62487411
vn 0.9161519408 -0.3988803327 -0.03949842229
v 17.38226318 6.583106995 33.62924194
vn 0.9522278309 -0.2570583224 -0.1648733169
v 15.46728134 11.22338104 29.46357918
vn 0.7325819135 0.2697422504 -0.6249502301
v 12.38067341 14.15819359 22.69585991
vn 0.4175213873 0.6031629443 0.6796104312
v 11.92742443 14.43622494 22.69585991
vn 0.3745347261 0.6768115759 0.6337584853
v 12.35716248 14.17416668 22.69585991
vn 0.3764252663 0.6399507523 0.669900775
v 13.24969482 1.959869504 38.47967529
vn 0.4822749794 -0.7782914639 0.4020861089
v 17.38621902 7.687431335 32.61029053
vn 0.954066515 -0.1328855306 -0.2685116827
v 16.63598061 4.508843422 35.25829697
vn 0.8710233569 -0.4902296662 0.03151486069
v 16.3500576 4.122507095 35.92141342
vn 0.8371055126 -0.5366554856 0.106090866
v 17.48378754 6.993202209 33.62924194
vn 0.9672349691 -0.2019913942 -0.1538050473
v 13.98259449 12.62440872 22.69585991
vn 0.3922850192 0.2783266306 -0.876725018
v 14.4186039 11.94813156 22.69585991
vn 0.8297717571 0.4427931905 -0.3397249281
v 14.31604481 12.12127686 22.69585991
vn 0.1455640495 0.09177903086 -0.9850825667
v 14.6532135 11.48098373 22.69585991
vn 0.7460846901 0.3182574213 -0.5848673582
v 8.900278091 8.90058136 22.69585991
vn 0.004140065517 -0.02699839883 -0.9996268749
v 8.899773598 8.900320053 22.69585991
vn 3.874467325e-08 0.004615647718 -0.9999893308
v 14.57544518 11.65899277 22.69585991
vn 0.6576326489 0.3302750587 0.6770802736
v 8.899616241 8.90058136 41.63998413
vn -0.0003807878529 0.000492812891 0.9999998212
v 14.59518433 7.11869812 23.06257629
vn 0.7229508162 -0.2337569445 0.6501536965
v 8.900547028 8.90058136 41.63998413
vn 2.733080692e-05 0.0009743479313 0.9999995232
v 11.59372902 14.59745789 22.69585991
vn 0.3147906065 0.6494526267 0.6921836138
v 14.92682266 7.559692383 22.83215714
vn 0.7084186077 -0.1556670964 0.6884118319
v 14.5815506 6.485305786 22.83215714
vn 0.6691176891 -0.2832500041 0.6870596409
v 12.77954865 4.366413116 23.06257629
vn 0.4905400276 -0.5838708878 0.6468889117
v 12.27202511 14.22210121 22.69585991
vn 0.1931859106 0.3347086906 -0.9223065376
v 16.10995865 3.831939459 36.23392105
vn 0.8171292543 -0.5606626868 0.1340043396
v 16.78751373 10.02730179 31.03583527
vn 0.8782100081 0.1297201216 -0.4603476226
v 17.20691681 9.038528442 31.81029129
vn 0.9323503971 -0.003511399729 -0.3615389764
v 13.9125843 12.72393322 22.69585991
vn 0.5791059732 0.4487668872 0.6806207299
v 13.12081146 4.679443359 23.06257629
vn 0.5442821383 -0.5428313613 0.6396023035
v 12.16948891 3.647197723 22.81822777
vn 0.3866539299 -0.6226659417 0.6802836657
v 8.184171677 2.754106522 22.81822777
vn -0.08403401077 -0.7337689996 0.6741819978
v 14.38011074 12.02075577 22.69585991
vn 0.634264946 0.3756932914 0.675694108
v 7.705787659 2.842769861 22.83215714
vn -0.1449643075 -0.7126819491 0.6863452792
v 14.81076241 11.09638214 22.69585991
vn 0.6697987914 0.2677716315 -0.6925805807
v 15.18148804 8.900161743 22.71837234
vn 0.7193419337 -0.005676332396 0.6946329474
v 5.109373093 4.010097504 22.81822777
vn -0.4458482265 -0.5741837621 0.6866821647
v 5.926509857 3.490204096 22.83215714
vn -0.3460966945 -0.6432757378 0.6829446554
v 8.900547028 8.90058136 22.69585991
vn -0.001496302779 0.002890690695 -0.9999946952
v 4.366325378 5.020698547 23.06257629
vn -0.5708871484 -0.4922618568 0.6570891738
v 3.991176605 5.507801056 23.06257629
vn -0.626347661 -0.4332934916 0.6480318904
v 3.204986572 7.11869812 23.06257629
vn -0.7215939164 -0.2295180857 0.6531643271
v 8.900047302 8.89966774 41.63998413
vn -1.413802056e-05 -0.000865168171 0.9999996424
v 2.970763683 8.227012634 23.06257629
vn -0.7550384998 -0.07919704169 0.6508799791
v 2.793193579 9.808322906 22.83215714
vn -0.7255280018 0.1169830561 0.6781770587
v 3.738716125 12.08944702 22.94594193
vn -0.6301063299 0.3906488121 0.6710882783
v 3.44217658 11.55028534 22.94594193
vn -0.6645922065 0.3304464221 0.6701658964
v 4.172164917 12.54050827 23.06257629
vn -0.6095401645 0.4550474882 0.6491475701
v 17.15357971 9.315139771 31.69783592
vn 0.9244647622 0.0521591641 -0.3776828349
v 16.8747406 9.758480072 31.14449692
vn 0.8980531096 0.09277777374 -0.4299917817
v 12.42406273 1.924087405 39.25498962
vn 0.4080421031 -0.7820064425 0.4711343646
v 11.44347 2.109630823 40.15915298
vn 0.2956371605 -0.760415256 0.5782450438
v 13.97865295 5.390552521 22.83215714
vn 0.599928081 -0.4082714617 0.6880412102
v 6.73348999 14.79405212 22.71837234
vn -0.2451248467 0.6716819406 0.6991117001
v 7.952033997 14.79174042 23.06257629
vn -0.1264678538 0.7411362529 0.659335196
v 11.14974594 3.122169018 22.80429649
vn 0.2617523968 -0.6774306893 0.6874397397
v 8.49886322 14.85412979 23.06257629
vn -0.04881973565 0.752038002 0.6573092937
v 7.396900177 14.67500305 23.06257629
vn -0.1987109184 0.7326205969 0.6509847045
v 8.688983917 2.650289536 22.7474041
vn -0.0213440042 -0.7297796011 0.6833491921
v 14.92358875 10.36779404 22.80467987
vn 0.7112190723 0.1640098244 0.6835702062
v 14.93010521 7.03632021 22.69585991
vn 0.712012887 -0.2288172096 0.6638376117
v 6.577573776 4.106341839 22.69586182
vn 1.224646853e-16 -6.123234263e-17 -1
v 3.149570465 6.583780289 22.80429649
vn -0.6720593572 -0.2690453827 0.6898918748
v 6.051546574 5.276216984 22.69585991
vn 1.224646853e-16 -6.123234263e-17 -1
v 3.028305054 10.42858887 22.94594193
vn -0.7160357833 0.1908815801 0.6714588404
v 2.726291656 8.832519531 22.83215714
vn -0.7354366183 -0.005479343701 0.6775713563
v 13.28455353 4.374410152 22.69585991
vn 0.6271577477 -0.58678478 0.5122078061
v 6.515323639 10.27479935 22.69586182
vn 1.224646853e-16 -6.123234263e-17 -1
v 5.763465881 13.97632217 23.06257629
vn -0.4032091796 0.6415446997 0.6525662541
v 11.66723442 13.65710354 22.69586182
vn 1.224646853e-16 -6.123234263e-17 -1
v 7.412364483 2.77651906 22.69585991
vn -0.2219481319 -0.9748271704 -0.02123787813
v 15.2551384 3.1024611 37.27907181
vn 0.7055575252 -0.6620320082 0.2527888715
v 16.84666443 4.907052994 35.32152176
vn 0.8965809941 -0.4412934184 0.0374513939
v 11.74235916 1.976023078 39.81156158
vn 0.3295528591 -0.7705041766 0.545635581
v 15.85273457 3.612080336 36.69449997
vn 0.7740744352 -0.6020513177 0.1958136261
v 4.518913269 12.95191956 23.06257629
vn -0.5642072558 0.513720572 0.6463446617
v 11.61191082 3.203191757 22.69585991
vn 0.3608125746 -0.8073269129 0.4669449031
v 6.293712616 14.26796341 23.06257629
vn -0.3382253647 0.6761202812 0.6545723677
v 13.19138813 13.51574421 22.69585991
vn 0.4840255976 0.5411095619 -0.6876915693
v 9.264160156 2.603274822 22.69585991
vn 0.002443569945 -0.1520545632 -0.9883691072
v 11.14415836 3.002949715 22.69585991
vn 0.3078663349 -0.8777595758 -0.3670918643
v 8.657637596 2.599230051 22.69585991
vn -0.02756949328 -0.726385951 0.6867338419
v 10.36509991 10.49704838 22.69585991
vn 1.224646853e-16 -6.123234263e-17 -1
v 7.170788288 14.95620632 22.69585991
vn -0.2432458252 0.7581781149 0.6049771905
v 5.162991047 3.822001934 22.69585991
vn -0.01444173884 -0.02013593726 -0.9996929169
v 16.34416199 10.78965378 30.50421333
vn 0.8359567523 0.206197843 -0.5085850954
v 14.4606514 12.19041443 28.88017654
vn 0.6286762357 0.3639249206 -0.6872589588
v 13.83388519 2.318443537 38.39605713
vn 0.557161212 -0.7360780835 0.3843961358
v 4.770515919 13.66130066 22.69585991
vn -0.4999197125 0.5482863188 0.6704195738
v 13.26545715 4.354483128 22.69585991
vn 0.4798973203 -0.557143867 0.6777088642
v 8.762058258 2.598786354 22.69585991
vn 0.002497335896 -0.3021429777 -0.9532593489
v 6.193882942 14.59040546 22.69585991
vn -0.2855836451 0.6803400517 0.6749662757
v 13.68971252 12.44245148 28.38862228
vn 0.5373483896 0.3976623714 -0.7437213063
v 12.04203987 12.089715 22.69585991
vn 1.224646853e-16 -6.123234263e-17 -1
v 17.03387451 9.681049347 31.474617
vn 0.9133369327 0.08639159054 -0.3979348242
v 17.51217651 7.973285675 32.95821381
vn 0.9684582949 -0.1071591452 -0.2249566019
v 17.39957428 6.467559814 33.97985077
vn 0.9539251924 -0.2777866721 -0.1134075373
v 16.72590637 10.39627457 31.03583527
vn 0.8791165948 0.1673665345 -0.4462537766
v 17.33073425 8.946895599 32.15066147
vn 0.9483574629 -0.006581256166 -0.3171353936
v 15.99595642 3.722336054 36.43250275
vn 0.7935272455 -0.587072134 0.1601899862
v 10.63345051 4.141392708 22.69586182
vn 1.224646853e-16 -6.123234263e-17 -1
v 9.927405357 2.676563263 22.69585991
vn 0.08410085738 -0.5005065799 -0.8616380692
v 15.14550686 8.011816978 22.69585991
vn 0.8906440139 -0.1233127043 0.4376611114
v 2.747580051 10.28341579 22.69585991
vn -0.8731978536 0.1997687966 0.4445423782
v 8.075605392 15.15607834 22.69585991
vn -0.1468840986 0.9798717499 -0.1351902038
v 10.75159931 2.870658875 22.69585991
vn 0.01927787438 -0.05913408846 -0.9980638623
v 9.191944122 15.19821167 22.69585991
vn 0.07752918452 0.9961897731 -0.03994012251
v 17.46033478 6.561782837 34.32974625
vn 0.9629823565 -0.2598082721 -0.07186543196
v 14.42420101 2.698750734 38.19706726
vn 0.6246886253 -0.6907861233 0.3641134501
v 17.54254341 7.535579681 33.38089752
vn 0.9726410508 -0.1470420212 -0.1798556894
v 17.58581161 7.186183929 34.09662247
vn 0.975314796 -0.1917807013 -0.1094584912
v 3.565005779 5.545141697 22.69585991
vn -0.8561710715 -0.5082917213 0.09279336035
v 6.890162945 6.417508602 22.69585991
vn 1.224646853e-16 -6.123234263e-17 -1
v 11.57311344 5.685564995 22.69585991
vn 1.224646853e-16 -6.123234263e-17 -1
v 13.78133392 7.404389858 22.69585991
vn 1.224646853e-16 -6.123234263e-17 -1
v 14.13038063 5.371218681 22.69585991
vn 0.6198211908 -0.3859847486 0.6832550764
v 5.759643078 9.040532112 22.69585991
vn 1.224646853e-16 -6.123234263e-17 -1
v 4.369747639 4.519612789 22.69585991
vn -0.0967009142 -0.1003783569 -0.990238905
v 3.463675022 12.09729671 22.69585991
vn -0.6288235784 0.3928215206 0.6710232496
v 3.000442028 6.676933765 22.69585991
vn -0.7393314242 -0.2506983876 -0.6249315143
v 8.64493084 15.20382118 22.69585991
vn -0.06047862023 0.996835053 -0.0515968129
v 6.577854633 14.75105572 22.69585991
vn -0.2972788811 0.704151094 0.6448228359
v 5.88051033 3.358466148 22.69585991
vn -0.3321191967 -0.6415436268 0.6914612055
v 4.139698029 13.03053093 22.69585991
vn -0.5471399426 0.4988851249 0.6721246243
v 12.85036945 3.991421223 22.69585991
vn 0.5242308974 -0.6112436056 0.5929276347
v 9.89309597 15.13495636 22.69585991
vn 0.1280911714 0.7195545435 0.6825202703
v 13.32762814 13.39289284 22.69585991
vn 0.5086377859 0.5291993618 0.6791433096
v 15.0736227 10.15553379 22.69585991
vn 0.05262335017 0.01093378756 -0.9985545874
v 12.34009171 2.143226862 39.65899658
vn 0.3805729151 -0.7571542859 0.5309252739
v 17.5775795 8.463848114 33.07462311
vn 0.9717264175 -0.04385650903 -0.2320007682
v 4.874442577 7.781253815 22.69585991
vn 1.224646853e-16 -6.123234263e-17 -1
v 11.49358177 14.59542751 22.74285698
vn 0.2915974259 0.6641647816 0.6883720756
v 6.307595253 3.150515079 22.69585991
vn -0.05481348187 -0.1218605563 -0.9910325408
v 2.81125474 7.272528648 22.69585991
vn -0.7104532123 -0.2325627953 0.6642068624
v 4.355817318 13.27684879 22.69585991
vn -0.6644734144 0.6198014617 0.4175179601
v 14.35615921 11.56248856 22.94462585
vn 0.6710916758 0.3307412267 0.6635105014
v 10.62404442 2.960083008 22.81822777
vn 0.1948417425 -0.7111431956 0.6755087376
v 12.00085068 13.97727966 23.08211327
vn 0.3880491257 0.6545087695 0.6488730311
v 3.205306768 10.99356079 22.94594193
vn -0.6936857104 0.260886848 0.6713703871
v 14.55459023 11.1196804 22.93989182
vn 0.6904978156 0.2733242512 0.6697064042
v 4.765274048 4.313484192 22.83215714
vn -0.4787872434 -0.5330696702 0.6975668073
v 9.076332092 14.86341858 23.06246376
vn 0.008331300691 0.7500530481 0.6613252163
v 9.895269394 14.90445042 22.92603111
vn 0.1205971539 0.7280970812 0.6747821569
v 10.70665359 14.93194294 22.69585991
vn 0.2268951982 0.796847105 0.5599582791
v 15.18646431 9.320576668 22.69585991
vn 0.7550991178 0.07146695256 0.6517037749
v 12.69732666 13.69564056 22.8913765
vn 0.4611650109 0.5780847073 0.6731603742
v 3.67643857 7.958542347 22.69585991
vn 1.224646853e-16 -6.123234263e-17 -1
v 15.88512802 11.41874695 30.09462929
vn 0.7873181105 0.2692481279 -0.5546491146
v 13.34375381 2.197338104 38.81065369
vn 0.4965783656 -0.7536407113 0.4306223989
v 14.74773407 2.899433136 37.99625015
vn 0.6583052874 -0.6748152971 0.3335543275
v 8.769571304 15.20580387 22.69585991
vn -0.003913018387 0.9076551795 0.4196984172
v 17.37138557 6.179631233 34.82989502
vn 0.9523584247 -0.3040765226 -0.02347053774
v 17.07065392 5.407793045 35.49217224
vn 0.91553092 -0.3992171586 0.0492827408
v 14.67632294 10.71671867 22.96154976
vn 0.7106688619 0.2197931558 0.6683118939
v 4.359691143 4.529132366 22.69585991
vn -0.5206198692 -0.5264943838 0.6721299291
v 14.87451553 9.902076721 22.95676994
vn 0.7344449162 0.1072333083 0.6701430082
v 11.45810509 14.66171455 22.69585991
vn 0.006269739941 0.01581006497 -0.9998553395
v 14.86611938 8.767112732 23.06257629
vn 0.7608528137 -0.02197458036 0.6485522985
v 5.259738922 13.62808609 23.06257629
vn -0.4580514431 0.6022051573 0.6538637877
v 14.01021385 11.99058151 23.05560875
vn 0.6434645653 0.3962988555 0.6549049616
v 9.333806992 2.727719784 22.81822777
vn 0.05477269366 -0.7302637696 0.6809660792
v 4.354399204 4.534790039 22.69585991
vn -0.5453421474 -0.4970840812 0.67491436
v 2.68471384 7.853563309 22.69585991
vn -0.7711610794 -0.1089167893 0.6272541285
v 9.27612114 14.94811058 22.9558773
vn 0.06916816533 0.7388592958 0.6703004241
v 2.846176147 9.308120728 22.94594193
vn -0.7458389401 0.06010437384 0.6634091735
v 14.07221985 12.32561111 22.80087852
vn 0.6002100706 0.4019328356 0.6915185452
v 7.255420685 3.16586709 23.06257629
vn -0.2110150903 -0.7239804268 0.6567533612
v 14.82940674 8.227012634 23.06257629
vn 0.751376152 -0.09890528023 0.6524198651
v 17.60545731 7.551801682 33.74614716
vn 0.9779784679 -0.1544403285 -0.1403790116
v 15.59135437 11.79315948 29.89566231
vn 0.7503760457 0.3327718377 -0.5711380839
v 15.72084141 3.584226131 37.09942245
vn 0.7702570558 -0.5919049978 0.2373868823
v 15.41942501 3.412349463 37.56398773
vn 0.732406795 -0.6171090603 0.2876746356
v 2.603348494 9.127587318 22.69585991
vn -0.0235736575 0.0006681944942 -0.9997218847
v 13.25134087 13.36347008 22.76961517
vn 0.5053380132 0.5258673429 0.684176147
v 7.486633301 12.30786419 22.69585991
vn 1.224646853e-16 -6.123234263e-17 -1
v 11.76806641 14.33208656 22.86470222
vn 0.3477025926 0.6541821957 0.6716759205
v 15.16303062 9.209606171 22.73032379
vn 0.7245846391 0.0541805476 0.687052846
v 1.617137909 4.94776535 31.75587654
vn -0.8151456118 -0.4476339817 -0.3676431477
v 5.112619877 13.94094467 22.69585991
vn -0.4640485942 0.577622056 0.6715739965
v 3.582314014 3.556198359 30.27106285
vn -0.5963351727 -0.598462224 -0.535002172
v 1.548557043 4.67871666 32.29621506
vn -0.8314466476 -0.4682216346 -0.2991069555
v 3.390783787 3.417551041 30.66674614
vn -0.6236871481 -0.6062008142 -0.4934926033
v 11.6203804 3.342895031 22.81822777
vn 0.3214274049 -0.6520869136 0.6866346002
v 3.119703531 3.515233994 30.90399933
vn -0.6494236588 -0.599460423 -0.4678634107
v 2.194318533 3.950939178 31.88002205
vn -0.7561605573 -0.5551823974 -0.346401155
v 16.32866669 11.07516861 30.6088829
vn 0.8337499499 0.2527399361 -0.4909007549
v 14.57756042 12.45827103 29.14307022
vn 0.6391398311 0.3986789286 -0.6576893926
v 15.07580185 12.04430389 29.41679764
vn 0.6960290074 0.3442931175 -0.6300840378
v 4.734428406 4.627155304 23.06257629
vn -0.5210928917 -0.556419313 0.6471937299
v 1.48628962 4.533237457 32.73219299
vn -0.8286457062 -0.4959126711 -0.259647727
v 3.670855999 6.025924683 23.06257629
vn -0.6687624454 -0.3574198484 0.6519262791
v 5.152873993 2.104990244 30.64331436
vn -0.4237995744 -0.7611854076 -0.4909080267
v 5.091335297 1.935912609 30.97784996
vn -0.4328142107 -0.7827925086 -0.4471104443
v 1.37772727 4.676124096 37.18361664
vn -0.8421763778 -0.4757209122 0.2538278997
v 1.590427279 4.448728561 37.43814468
vn -0.819935143 -0.4993590713 0.2799051106
v 2.095214844 3.856851578 37.73039246
vn -0.7660018206 -0.5644214153 0.3076843619
v 3.275665283 2.966560364 38.51323318
vn -0.6346165538 -0.6605078578 0.4012371302
v 3.280166864 3.25651741 38.96915817
vn -0.6373106837 -0.6257600784 0.4497326016
v 3.561294556 3.19096446 39.25286484
vn -0.6034238935 -0.6381421685 0.4781779945
v 4.643940926 2.151960135 38.93990707
vn -0.4769802392 -0.7522414923 0.454557538
v 4.580169678 4.063453674 41.09479523
vn -0.4955714345 -0.535618484 0.6837556362
v 3.107568741 5.438101292 29.19797134
vn -0.654101789 -0.3841170371 -0.6516171694
v 3.523601532 5.214168549 28.9408989
vn -0.5940099359 -0.4127863348 -0.6904778481
v 4.449668884 4.970882416 28.37096786
vn -0.5056098104 -0.4482386708 -0.7371844053
v 0.8031880856 7.79835701 31.47686958
vn -0.9084889889 -0.1296402961 -0.3972922564
v 0.8845825791 7.30826664 31.4785614
vn -0.8985181451 -0.1865402609 -0.397325933
v 17.65681839 7.5965271 34.09662247
vn 0.9848917127 -0.1441863477 -0.09590967
v 17.20756531 5.719865799 35.25829697
vn 0.9340957403 -0.3557836413 0.02971847542
v 14.19292641 2.67444253 38.52132416
vn 0.5910246372 -0.7001554966 0.4005897045
v 3.373157501 3.110637903 31.11166
vn -0.6211271882 -0.6450188756 -0.4451422989
v 3.980573654 4.823442459 28.8053894
vn -0.5527883172 -0.4602869451 -0.6946660876
v 2.029418707 6.039836884 30.12128448
vn -0.7733175159 -0.3160850704 -0.5496091843
v 2.947830677 5.279788971 29.46252823
vn -0.6717549562 -0.4182276726 -0.6114171147
v 1.312843204 4.615333557 36.80995941
vn -0.8529052734 -0.4828898311 0.1984188706
v 0.3701826334 8.596796036 32.48303223
vn -0.9589933157 -0.0370798111 -0.280992806
v 1.605806589 4.266515255 37.12260437
vn -0.819501996 -0.5233310461 0.2335404009
v 1.742298245 6.043739319 30.55226707
vn -0.8022453785 -0.3218179047 -0.5028275847
v 2.086181641 4.727901459 38.9186821
vn -0.76951617 -0.4623224735 0.4405710399
v 0.5935252905 7.679553986 32.04784775
vn -0.9319968224 -0.1299570501 -0.3383682966
v 4.203042984 4.594536781 28.78933525
vn -0.5252099037 -0.4788320661 -0.7034730911
v 3.619436502 2.669254065 38.53345108
vn -0.5936568379 -0.698654592 0.3993160129
v 1.141010046 6.788249969 31.18745422
vn -0.8742856383 -0.2339383066 -0.4253203869
v 2.131958485 5.658799648 30.21818542
vn -0.7583938241 -0.3715002835 -0.5355617404
v 1.111180305 7.185872555 31.05376053
vn -0.8749432564 -0.1916863471 -0.4446690977
v 3.736200333 4.619856834 29.15191078
vn -0.5808469057 -0.4761514664 -0.6602247357
v 0.3399433494 8.171039581 32.6794281
vn -0.9628156424 -0.08196277916 -0.2574259937
v 2.61584425 5.238418579 29.87381172
vn -0.7192929983 -0.4070016444 -0.5629984736
v 2.655845642 4.967798233 30.02702904
vn -0.6909244061 -0.4391147196 -0.5742837191
v 0.8589435816 6.82352829 31.80331612
vn -0.903935194 -0.2264584005 -0.362791568
v 12.78196144 2.246326447 39.4516449
vn 0.4468209147 -0.7428444028 0.4985311031
v 13.99232101 12.87343025 28.88017654
vn 0.5686932802 0.4504569173 -0.688241601
v 11.32658958 2.363477707 40.52819443
vn 0.2716864645 -0.7377349138 0.6180077791
v 16.09819794 11.39565277 30.40042305
vn 0.8085555434 0.2867260873 -0.5138346553
v 15.72096729 3.712318659 37.39530945
vn 0.7670180202 -0.5826581717 0.2686872184
v 0.4468875229 8.235380173 32.29979324
vn -0.9506751299 -0.07250466943 -0.3015955091
v 1.006359458 6.742149353 31.5048275
vn -0.8864293098 -0.2460718155 -0.3920354247
v 0.5627058148 8.114677429 31.98813057
vn -0.9380030632 -0.08577905595 -0.3358455598
v 0.7016508579 7.00988102 32.10336685
vn -0.9201348424 -0.2144510001 -0.3276623189
v 1.309926271 6.531554222 31.00345612
vn -0.8528233767 -0.2631050646 -0.451074332
v 0.5405160785 7.422775269 32.32728577
vn -0.9377089739 -0.166283384 -0.3050438762
v 0.1085493118 8.487947464 33.68814468
vn -0.986964941 -0.0471762754 -0.1538655013
v 2.964021444 4.708230972 29.86309624
vn -0.6615073681 -0.4733904302 -0.5816438198
v 0.5777227879 7.078193665 32.43007278
vn -0.9354320168 -0.2141583413 -0.2812528312
v 4.282655716 4.241758347 28.98665428
vn -0.5150172114 -0.5156647563 -0.6847241521
v 0.260371238 8.562346458 32.89455032
vn -0.9696106315 -0.03840546682 -0.241620034
v 3.305720806 4.480222702 29.67401123
vn -0.6351759434 -0.4961670041 -0.5919204354
v 3.902326584 4.332185745 29.22432899
vn -0.5540916324 -0.5192293525 -0.6506791115
v 4.716712952 4.581577301 28.4392395
vn -0.4808837473 -0.4875997901 -0.728695631
v 3.45984292 4.620864391 29.40860176
vn -0.6115432382 -0.4828571677 -0.626788497
v 1.937526703 5.45426178 30.65850449
vn -0.7821568847 -0.3829439878 -0.4915125072
v 0.4540975392 7.381252289 32.64216614
vn -0.949680984 -0.1705246121 -0.2627306879
v 3.115800619 4.987001419 29.48483086
vn -0.655061543 -0.4460259974 -0.6098812819
v 2.421523571 4.91918087 30.37717438
vn -0.7288497686 -0.4429396987 -0.5220943093
v 4.548612595 4.083431244 28.91172218
vn -0.4881613553 -0.5439242125 -0.6825283766
v 16.25203133 4.276074409 36.93870163
vn 0.8240968585 -0.5222338438 0.2193997055
v 11.02896881 2.507583141 40.81383896
vn 0.2400097102 -0.7179296613 0.6534311771
v 16.43773651 11.30805588 30.92791367
vn 0.8474593163 0.2694848776 -0.4573735893
v 1.664671302 5.723203659 30.90865898
vn -0.8126417994 -0.3556011021 -0.4616937935
v 2.185310364 5.209365845 30.47637749
vn -0.7469374537 -0.4089047909 -0.5242912173
v 1.439725995 5.770133972 31.29449272
vn -0.8337352276 -0.3544768989 -0.4233576655
v 3.141168594 4.259187698 30.05373383
vn -0.6476025581 -0.5261526108 -0.5511572361
v 0.38299191 7.771316528 32.68257904
vn -0.9586357474 -0.1228590608 -0.2567550838
v 1.56393075 5.387651443 31.38861084
vn -0.8282897472 -0.3940863311 -0.3982863426
v 4.72866869 4.236179352 28.67183495
vn -0.4775701165 -0.5152612329 -0.7116407752
v 4.470939636 3.838967085 29.17271805
vn -0.5070667267 -0.5605799556 -0.6547010541
v 3.888166189 4.068618774 29.45748711
vn -0.5631330013 -0.5386867523 -0.6266559958
v 0.04318813607 8.553852081 34.21145248
vn -0.9950330257 -0.04366532341 -0.08945744485
v 2.187146902 4.876379013 30.76432037
vn -0.7568659782 -0.4469770789 -0.4768284857
v 1.939331174 4.967494965 31.09297562
vn -0.7766134143 -0.4522467554 -0.4385709465
v 1.082767725 5.890213013 31.99783516
vn -0.8798490167 -0.3375134766 -0.3345898688
v 1.803710699 5.308137417 31.0079937
vn -0.7989488244 -0.4014730752 -0.4477724433
v 1.688421011 5.096719742 31.43373489
vn -0.8044544458 -0.4324934185 -0.4071884751
v 2.877612829 4.3763237 30.26190567
vn -0.6771185398 -0.5106491446 -0.529856503
v 2.540407181 4.509876251 30.58917427
vn -0.7143896222 -0.4943083227 -0.4952845573
v 3.418434381 3.877075434 30.11139107
vn -0.6162572503 -0.5658203959 -0.5477903485
v 0.8863987327 6.447467804 32.00677109
vn -0.9007688165 -0.2802902758 -0.3317421973
v 5.358551025 3.601238012 28.78948212
vn -0.3955307901 -0.5997494459 -0.695597589
v 13.59822655 13.02772331 28.66986084
vn 0.5337024331 0.4626164734 -0.7079178691
v 15.14374161 12.38332748 29.70084572
vn 0.7062096596 0.3833110631 -0.5952650905
v 17.6422081 8.361465454 33.42470169
vn 0.9840065241 -0.0459392257 -0.172106728
v 14.13347244 2.863300562 38.91955566
vn 0.588188827 -0.6777458191 0.4412420392
v 0.06642650813 8.788784027 33.92982864
vn -0.9931892157 0.0007840139442 -0.1165101379
v 0.2734212577 7.627222061 33.22608566
vn -0.9681090117 -0.1523468643 -0.198885262
v 3.514759541 4.205345154 29.69364738
vn -0.6023662686 -0.5340336561 -0.5932646394
v 0.7588650584 6.537126541 32.29181671
vn -0.9169297814 -0.2582867742 -0.3041837811
v 0.1627715528 7.600468636 33.92985153
vn -0.980520308 -0.1507308036 -0.1259372681
v 0.007724986877 8.797754288 34.66751099
vn -0.9993045926 -0.003203215776 -0.037149515
v 2.334472895 4.471448898 30.94264793
vn -0.7484657168 -0.4882548451 -0.4487830698
v 4.633893967 3.561058998 29.30078316
vn -0.4867060781 -0.6004183888 -0.6345194578
v 0.726508677 6.178970337 32.76847458
vn -0.9185512662 -0.3037579954 -0.2529717088
v 4.238304138 3.481715918 29.69824028
vn -0.5216673613 -0.615503788 -0.5907776356
v 0.2185400426 7.593635559 33.54492188
vn -0.9770513773 -0.1352819353 -0.1645277143
v 1.060500979 5.622546196 32.35978699
vn -0.8800342679 -0.3763043284 -0.2897149622
v 1.938562393 4.697986603 31.38496971
vn -0.7775350213 -0.4736272693 -0.4136622548
v 0.1086616218 7.721668243 34.27926636
vn -0.9872588515 -0.1375799626 -0.07994804531
v 0.008476393297 8.537721634 35.04423523
vn -0.9991050959 -0.04229665175 0.0001955979387
v 5.145941734 3.341763258 29.15194511
vn -0.4155099392 -0.6278461218 -0.6581494808
v 0.8665140867 5.735507965 32.84621429
vn -0.8999157548 -0.35824278 -0.2486235946
v 3.846790314 3.754085541 29.7871418
vn -0.5747256279 -0.5744724274 -0.5828137398
v 1.555642962 4.874008179 31.99239159
vn -0.8268843889 -0.4508349001 -0.3361697197
v 4.514719009 3.271917343 29.68114281
vn -0.4913601577 -0.6329293251 -0.5983023643
v 12.49914169 2.448783636 39.96214676
vn 0.4019262493 -0.7314228415 0.5508864522
v 17.56074142 9.044403076 32.95821381
vn 0.971509099 -0.00725002354 -0.2368913889
v 1.338703156 5.440301895 31.82960129
vn -0.8505594134 -0.3932156861 -0.3491849005
v 1.195763469 5.10308075 32.67485428
vn -0.8609184027 -0.4336890876 -0.2659573257
v 4.437484741 3.014369726 30.03717995
vn -0.5048550367 -0.6605305076 -0.5557165146
v 4.16885376 3.101321936 30.185112
vn -0.5293492675 -0.6534432769 -0.5411111116
v 4.194065094 3.731758118 29.49164009
vn -0.5285519361 -0.5769844651 -0.6226730943
v 2.911907196 3.638084173 31.04372406
vn -0.6793556213 -0.5898299217 -0.4365507662
v 5.487268448 3.064140081 29.21246338
vn -0.3863357306 -0.6527163982 -0.651694715
v 3.127008438 3.877248764 30.45681953
vn -0.6467087865 -0.5671135187 -0.5100490451
v 5.02532196 3.080010891 29.49541283
vn -0.4364462495 -0.6581633091 -0.6134620309
v 0.02633578703 8.788249016 35.65961456
vn -0.9975370765 -0.003402090166 0.07005829364
v 2.217126846 4.112049103 31.59483147
vn -0.7458128929 -0.5440618992 -0.3843953609
v 0.1002069041 7.575792313 35.03888702
vn -0.9880208373 -0.154114902 0.007963895798
v 3.90326333 3.10108614 30.46117783
vn -0.5598778725 -0.6555418968 -0.5067558885
v 3.60862875 3.199857235 30.6765976
vn -0.5893543959 -0.645935297 -0.4852102995
v 4.794586182 3.307449341 29.42664719
vn -0.4581414163 -0.6298429966 -0.6272194982
v 1.897296429 4.332504272 31.95337868
vn -0.7907097936 -0.5104803443 -0.3379169106
v 0.6638509631 5.841409206 33.59714127
vn -0.9228253961 -0.3477542698 -0.1657113284
v 0.006645344663 8.78794384 35.29515076
vn -0.9990361333 -0.0003349182953 0.04389348254
v 3.980392456 3.436706543 29.9848156
vn -0.555059433 -0.6112282872 -0.5641887784
v 0.07004269212 7.834411621 35.29348373
vn -0.99173069 -0.1235597804 0.03468739986
v 17.57062149 6.973922729 34.44606018
vn 0.9733107686 -0.2206596434 -0.06305166334
v 0.06934154034 8.540210724 36.0407486
vn -0.9918048978 -0.04195636883 0.1206760928
v 15.21991158 3.336975098 37.88245392
vn 0.7158102393 -0.618627131 0.3239076138
v 15.98691177 11.86003876 30.50421333
vn 0.7970116735 0.3309320211 -0.5052290559
v 0.08166311681 7.738679886 34.70534134
vn -0.9913424253 -0.1272346377 -0.03242823482
v 2.694753885 3.545185328 31.53395081
vn -0.7017511725 -0.592133522 -0.39613536
v 1.260066748 4.753669739 33.09575272
vn -0.8556224704 -0.4677568376 -0.2216160446
v 3.831023932 3.342487335 30.24417686
vn -0.5719111562 -0.6280654669 -0.527684927
v 2.101423264 3.883037567 32.20852661
vn -0.7590609789 -0.5716919899 -0.3114397824
v 4.99691391 2.724964142 29.91718292
vn -0.4329594672 -0.6906808615 -0.579228878
v 0.09473919868 8.798786163 36.28483963
vn -0.9881124496 -0.01805691607 0.1526686847
v 5.587427139 2.768834829 29.46588898
vn -0.3642884791 -0.6852242947 -0.6306834221
v 2.925691128 3.263204336 31.57577705
vn -0.674515903 -0.6252972484 -0.3924686611
v 1.040096402 5.229046822 33.01639175
vn -0.8838195801 -0.4029798806 -0.2376345992
v 5.319843292 2.910968542 29.47625923
vn -0.4100892842 -0.6726775169 -0.6158991456
v 0.1283818483 7.595472336 35.73812103
vn -0.9858667254 -0.14661403 0.08106250316
v 5.224620819 2.506973267 30.01814079
vn -0.4049444497 -0.7276946902 -0.5536067486
v 3.660838842 2.898040771 31.0344944
vn -0.583534956 -0.6779533625 -0.4470639825
v 2.570789099 3.888662338 31.25660515
vn -0.7083340883 -0.5650721788 -0.4230321646
v 5.464008331 2.590981245 29.7492733
vn -0.3851733506 -0.706771493 -0.5933932662
v 1.037026286 4.95165062 33.66969299
vn -0.8799110055 -0.4518401623 -0.146959573
v 1.963535547 3.915784836 32.5045433
vn -0.7914056182 -0.545253396 -0.2763618231
v 4.742959976 2.934074163 29.86961555
vn -0.4667240679 -0.6648945212 -0.5831671357
v 3.082727671 3.015731812 31.72470665
vn -0.6570494175 -0.6605125666 -0.3633306324
v 3.367645264 2.877032995 31.48988724
vn -0.6244809031 -0.6714375019 -0.3989928663
v 16.23707199 11.54562759 30.71440887
vn 0.8253800273 0.2942517996 -0.4818337262
v 14.72452927 12.65526199 29.41679764
vn 0.6528273225 0.4249446988 -0.6270872951
v 2.446792841 3.718109131 31.72667313
vn -0.7237187028 -0.5828074813 -0.3695492446
v 0.1611980051 7.584981918 36.04665375
vn -0.980371356 -0.1526571065 0.1247710139
v 0.641538322 5.781658173 33.87279129
vn -0.929795444 -0.3438833356 -0.1312429458
v 0.6603986025 5.555871964 34.66888809
vn -0.9230107069 -0.3833724856 -0.03281421587
v 4.366804123 2.702577114 30.50275993
vn -0.5052291751 -0.6963621974 -0.5097284913
v 0.2482910156 8.785087585 37.07766342
vn -0.9705195427 0.00304807676 0.241003111
v 0.2013818026 7.616568565 36.36787796
vn -0.9786271453 -0.1395547688 0.1510410905
v 1.090337038 4.990694046 33.29210663
vn -0.8817158341 -0.435377568 -0.181723848
v 3.913684845 2.564744711 31.23341179
vn -0.5555797219 -0.7109487653 -0.4311415255
v 2.397613764 3.572970629 32.07894516
vn -0.7338728905 -0.5980460048 -0.3221358657
v 1.046270251 4.814403534 34.09230423
vn -0.8859784603 -0.451187253 -0.1071086153
v 0.5497724414 5.954534531 34.11708832
vn -0.9409763813 -0.3229510188 -0.1013216674
v 0.5826494098 5.736204147 34.89889145
vn -0.9315372109 -0.3636452854 0.0006965174107
v 0.1512603313 8.789889336 36.62401199
vn -0.9831748605 -0.01104191225 0.1823329628
v 0.2447623312 8.469154358 37.02651215
vn -0.9740276933 -0.04592713341 0.2217222005
v 3.077453613 2.811640263 32.1325798
vn -0.6488317251 -0.6884485483 -0.3241233826
v 0.2535173595 7.599012375 36.65454102
vn -0.9715129137 -0.1490464658 0.1842491776
v 4.349854946 2.276957989 31.17711258
vn -0.5212447643 -0.7432764173 -0.4193376899
v 0.5362440348 5.875104904 35.29049301
vn -0.9421213269 -0.3340017498 0.02915932797
v 5.737650871 2.144472122 30.14743614
vn -0.35016343 -0.7657619715 -0.5394387841
v 14.18268204 13.02180099 29.14307022
vn 0.5885490775 0.473395139 -0.6553678513
v 17.65215302 7.386814117 34.44606018
vn 0.9845636487 -0.1635320932 -0.06238311902
v 16.18717957 11.83753967 30.82076073
vn 0.8204539418 0.3309490383 -0.4661845565
v 0.6062278152 5.733570099 34.37695313
vn -0.9339051247 -0.3519650698 -0.06278393418
v 0.3371505439 8.250141144 37.33483505
vn -0.9610456824 -0.07655200362 0.26557675
v 0.2344207168 8.226854324 36.90407944
vn -0.9751979113 -0.07749041915 0.2073265463
v 2.539520979 3.250014782 32.39089584
vn -0.7203230262 -0.6301128864 -0.2899871469
v 3.417973995 2.474579096 32.19825745
vn -0.6168355942 -0.7205210328 -0.3168016374
v 3.087448359 2.645137787 32.49533081
vn -0.6464710236 -0.7100554705 -0.2790994644
v 0.9476405382 4.919219017 34.6784668
vn -0.8935248256 -0.4477696717 -0.03340176493
v 2.853911638 2.996942997 32.20902252
vn -0.681625545 -0.6605267525 -0.3147872984
v 0.5549659133 5.881933212 35.66106796
vn -0.9343360662 -0.3491077423 0.07169301063
v 4.691093922 1.870043159 31.53114319
vn -0.4731651247 -0.7897569537 -0.3903827369
v 1.078688025 4.655519485 35.02290726
vn -0.8793728948 -0.4761091173 0.004838913213
v 3.356299162 2.671786308 31.89168549
vn -0.6189107299 -0.7015326619 -0.3532723784
v 6.097297668 1.719722271 30.55322647
vn -0.317715466 -0.8009264469 -0.5075172186
v 0.3561857641 7.360462189 36.95763397
vn -0.9605421424 -0.1812772602 0.2109438926
v 3.567222595 2.690715313 31.50729752
vn -0.5922341943 -0.7049419284 -0.3902762234
v 4.744760513 2.183856726 30.89835358
vn -0.4695128202 -0.7557421923 -0.4565209746
v 0.9840772152 4.84444046 35.27293777
vn -0.894387722 -0.4462671578 0.03026851825
v 0.2860145867 7.756139755 36.91677856
vn -0.9670223594 -0.1221909449 0.2234660834
v 5.10776329 1.73256135 31.33359909
vn -0.4271399379 -0.8051503301 -0.4114418924
v 0.4288525283 7.395412445 37.27647018
vn -0.9519404769 -0.1662417501 0.2572411895
v 13.5976181 2.71713686 39.34727859
vn 0.5296334624 -0.6963315606 0.4843662977
v 17.12290573 10.5735321 32.03673553
vn 0.9281930923 0.1826952845 -0.3241605163
v 3.878278732 2.381599426 31.6135807
vn -0.5540037751 -0.7347875237 -0.3913656771
v 5.42181778 1.739597559 31.0216465
vn -0.3924893141 -0.8014142513 -0.4513173699
v 3.868936539 1.976940155 32.56043243
vn -0.5683557391 -0.77780509 -0.2683113813
v 4.969387054 1.629758239 31.70173645
vn -0.4411284626 -0.8155491948 -0.3745466769
v 3.781577826 2.313237667 31.90028954
vn -0.5799731016 -0.734462142 -0.3524153829
v 0.7271155119 5.658631325 36.37217712
vn -0.9155834913 -0.3708190322 0.1555636972
v 4.545051575 2.051033497 31.35014725
vn -0.4812236428 -0.7721007466 -0.415071398
v 0.3981385529 7.774853706 37.37138748
vn -0.9563442469 -0.1211910695 0.2659294307
v 5.531536102 1.515049338 31.35287476
vn -0.3782019019 -0.8286865354 -0.4126038551
v 3.787082672 2.185943365 32.1758461
vn -0.5760513544 -0.7566498518 -0.3092665672
v 6.128858566 1.423620343 31.048563
vn -0.3167168498 -0.8360442519 -0.4480183125
v 4.52349472 1.753019333 32.00805283
vn -0.4912142158 -0.8029010892 -0.3377254009
v 1.037300467 4.772204876 35.58719254
vn -0.8930542469 -0.4450478554 0.06623100489
v 0.4767079651 6.931556702 37.08709717
vn -0.9493182302 -0.2178295851 0.2265948057
v 0.5333445072 7.08144474 37.42374802
vn -0.9384871125 -0.2064909637 0.2767732739
v 4.198356628 2.091230392 31.72600746
vn -0.5232816935 -0.7660400867 -0.3733079135
v 0.9903844595 4.928242683 35.92110443
vn -0.8805004954 -0.461458236 0.1085134149
v 5.302108765 1.448040128 31.72576904
vn -0.397033602 -0.8386445642 -0.3728802204
v 0.4502641857 8.093624115 37.67221451
vn -0.9481992722 -0.08327969164 0.3065659404
v 0.6292999387 6.647372246 37.38657379
vn -0.9274739623 -0.2597164214 0.2689597905
v 4.504795074 1.583221912 32.48316574
vn -0.5053194761 -0.816748023 -0.2785227597
v 14.73601913 3.138648987 38.45172501
vn 0.6560282111 -0.6502122283 0.3832114637
v 15.45737457 12.23854065 29.99464035
vn 0.7348123789 0.3708419502 -0.5679146051
v 17.30628777 6.096079826 35.81728745
vn 0.9453090429 -0.3119082749 0.09541526437
v 4.061767578 2.015724182 32.10216522
vn -0.5364156961 -0.7747255564 -0.3347514868
v 0.7687090635 6.02061367 37.18533707
vn -0.914791584 -0.3151129782 0.252705723
v 5.416817188 1.311650991 31.92230225
vn -0.3792899251 -0.855756402 -0.3518808782
v 1.150813103 4.725793839 36.30250549
vn -0.8669734597 -0.478518486 0.1392014027
v 0.7670783997 6.52020359 37.71399307
vn -0.9143139124 -0.2752309442 0.297116071
v 0.8198698163 7.40940094 38.41868973
vn -0.9007006884 -0.1778235286 0.3963799775
v 4.15527153 1.850824356 32.35645676
vn -0.5307347178 -0.7973079085 -0.2874383032
v 6.961513519 1.096979618 31.18771172
vn -0.2213546783 -0.8780472279 -0.4243055582
v 5.751281261 1.654068828 30.90444374
vn -0.3492180109 -0.8159877658 -0.4606633484
v 0.9594973326 5.570645332 37.24360657
vn -0.8897632957 -0.3797950745 0.2531343102
v 6.438817978 1.527860522 30.66840172
vn -0.2786320448 -0.8260050416 -0.4899794161
v 5.123889923 1.210220456 32.59281158
vn -0.426658988 -0.862711072 -0.2714621425
v 1.080049396 4.954961777 36.57258224
vn -0.8774253726 -0.4467974305 0.1746332198
v 0.6382218599 6.14616394 36.8298912
vn -0.9268967509 -0.3155969977 0.2031278461
v 1.086055636 5.076511383 36.87506866
vn -0.8812325597 -0.419344455 0.2181269228
v 0.9077452421 5.96667099 37.59017181
vn -0.9004582763 -0.3289591968 0.2845360935
v 6.26060009 1.058560371 31.72400093
vn -0.3068127334 -0.8759918809 -0.372161448
v 4.951852798 1.494971752 32.03887177
vn -0.4374061823 -0.8362455368 -0.3307101727
v 0.8444404006 6.822807312 38.16240311
vn -0.9064251781 -0.2403334826 0.347322911
v 0.9029917121 6.413152695 38.00769806
vn -0.8941856027 -0.2728379071 0.3549529314
v 17.13465691 5.694077969 36.05249405
vn 0.9273813963 -0.3536887467 0.1219345108
v 15.82988358 12.21101761 30.50421333
vn 0.7769687176 0.3713593781 -0.5083422065
v 17.31345177 10.3804512 32.50944519
vn 0.9452916384 0.1681430489 -0.279556185
v 0.6895712614 7.525531769 38.14621353
vn -0.9241544604 -0.1454003751 0.3532665968
v 6.596582413 1.313808322 30.9586544
vn -0.2633719146 -0.8556488156 -0.4455337822
v 6.245765686 1.219602108 31.37223244
vn -0.2850185633 -0.8637185693 -0.4156376123
v 4.675861359 1.276553869 33.20222473
vn -0.4876962006 -0.8509768248 -0.1949125081
v 4.547901154 1.449921489 32.82347107
vn -0.4880172908 -0.8368036151 -0.2481910586
v 0.9698910713 6.088935852 37.90128708
vn -0.8938749433 -0.3127409816 0.3212175071
v 4.850502014 1.13968873 33.39492035
vn -0.4451177716 -0.8768522739 -0.1816596538
v 5.436635971 1.00686419 32.78594589
vn -0.388602972 -0.8872571588 -0.2485204637
v 6.938720703 0.8943703771 31.64719009
vn -0.2221373916 -0.9035476446 -0.366410464
v 5.772289276 0.8821487427 32.73497009
vn -0.3456216753 -0.9034534693 -0.2536089122
v 6.537025452 0.8026926517 32.16308594
vn -0.2740015686 -0.9091472626 -0.3136469126
v 5.447273254 1.187430024 32.21498489
vn -0.3896751106 -0.8661314845 -0.3130008578
v 7.195503235 0.8911625147 31.51449776
vn -0.1889894009 -0.8955168128 -0.4029053152
v 1.073943853 6.149782181 38.22228622
vn -0.8787915707 -0.2992574275 0.3717128038
v 6.130395889 0.7360588312 32.79524612
vn -0.3153289557 -0.9174355268 -0.2426514328
v 7.388357162 1.153048992 30.89070702
vn -0.1682468951 -0.8705890179 -0.4623502791
v 7.831732273 0.7868497968 31.50255966
vn -0.1184420064 -0.9130458236 -0.3902804554
v 1.238418579 6.041790009 38.51214981
vn -0.8627594113 -0.3167338669 0.3941140771
v 6.609424591 1.050754786 31.4864769
vn -0.256303072 -0.8820779324 -0.395281285
v 1.486451507 4.776071548 37.68414307
vn -0.8351538181 -0.4566417038 0.3065884709
v 17.72979736 7.949491501 34.44603348
vn 0.9923005104 -0.107541658 -0.0614364855
v 15.57986736 3.965196609 38.19706726
vn 0.7422999144 -0.5649456978 0.3603154421
v 17.58636093 6.970424652 35.14173889
vn 0.9769782424 -0.212985456 0.01227499545
v 11.68312263 2.981371164 41.03223419
vn 0.3138659894 -0.6628491282 0.6797934771
v 1.223873258 4.881450653 37.03234482
vn -0.862365365 -0.451146394 0.229767099
v 1.254394174 6.286882401 38.72749329
vn -0.86362499 -0.2844107151 0.4162480533
v 1.318235874 5.803020477 38.47838974
vn -0.8535729051 -0.3443636894 0.3909308314
v 6.073117256 0.901070416 32.31462479
vn -0.3192043006 -0.897475183 -0.304379642
v 6.49114418 0.914935708 31.89936829
vn -0.2711611688 -0.8982299566 -0.3459112346
v 5.923547745 0.6864126921 33.30923843
vn -0.3223453462 -0.9265011549 -0.1941367835
v 1.444674373 5.248877525 38.20611572
vn -0.8400372267 -0.4153909087 0.3489812016
v 7.524814606 0.8810349703 31.39335632
vn -0.1516872048 -0.902156353 -0.4038624763
v 1.596866727 4.896835327 38.13702774
vn -0.8213732839 -0.4501665235 0.3502798975
v 7.722869873 0.6002386212 32.01225662
vn -0.1276394129 -0.9322919846 -0.338437289
v 5.669940948 0.7272591591 33.60177612
vn -0.3757399321 -0.9136486053 -0.1551311761
v 1.816940069 4.341221333 37.87183762
vn -0.80200845 -0.5034331679 0.3214614689
v 4.793955803 1.019343972 34.51686859
vn -0.453874886 -0.8901159763 -0.04112282395
v 4.690923691 1.167030931 33.70801544
vn -0.4759723544 -0.8660889864 -0.1527747959
v 1.163436174 6.77293396 38.8466301
vn -0.8678792715 -0.2399524599 0.4349808395
v 1.229784012 5.313803673 37.73668671
vn -0.8618099093 -0.4056227803 0.3045551777
v 1.782473326 4.578455925 38.13662338
vn -0.7921014428 -0.4909743369 0.3626561463
v 7.173747063 0.6805509329 32.05809784
vn -0.1982605904 -0.9212567806 -0.3346322179
v 1.673654675 3.986444473 36.68213654
vn -0.8151901364 -0.5455160141 0.1946208477
v 1.586048007 5.601463318 38.84988403
vn -0.8267570138 -0.3698503375 0.4238910377
v 14.42239761 13.20884323 29.51036072
vn 0.6187700629 0.4870112836 -0.6163957119
v 17.70738792 8.924512863 33.73153687
vn 0.9885309935 -9.247185244e-18 -0.1510179937
v 6.518188477 0.6826785803 32.54896927
vn -0.2697422206 -0.9236838818 -0.2721161842
v 2.011199951 3.802757263 37.3968811
vn -0.768045187 -0.5867318511 0.2566170692
v 1.35624671 5.538051605 38.31513214
vn -0.8446189761 -0.3782473803 0.3788769245
v 1.855939984 3.870445251 37.0664444
vn -0.7903777957 -0.5645895004 0.2377848923
v 4.678664207 1.098445773 34.29259872
vn -0.4800965488 -0.8741307855 -0.07350255549
v 1.655197144 5.878334045 39.19190979
vn -0.8081341982 -0.3472322822 0.4757613242
v 1.660112619 5.201257706 38.61914825
vn -0.8110266924 -0.4169191718 0.4103828967
v 2.450654745 3.224462509 37.32237625
vn -0.7343558669 -0.6288920641 0.2553747594
v 7.960863113 0.4710488319 32.30621719
vn -0.1133185402 -0.9461356997 -0.3032921851
v 1.85656786 4.143478394 37.63853836
vn -0.7923740149 -0.538595438 0.2864584029
v 7.431308746 0.5516658425 32.2881279
vn -0.1554617733 -0.9402739406 -0.3028474152
v 4.788032532 1.00795126 35.07081604
vn -0.4539829791 -0.8910050988 -0.00305736973
v 8.280130386 0.4103357196 32.40499878
vn -0.07056263834 -0.9511212707 -0.3006480932
v 5.864580154 0.5552864075 34.42655182
vn -0.3299883604 -0.9423136711 -0.05614783987
v 2.34734726 3.563104868 37.78879547
vn -0.7342680693 -0.599357307 0.3187809289
v 2.206298828 3.884208441 38.03885651
vn -0.7420065999 -0.5750320554 0.3446220756
v 2.090274334 4.121173859 38.15658569
vn -0.7624331713 -0.5328426957 0.367116183
v 1.857689023 5.826454163 39.48531723
vn -0.7823660374 -0.3567183316 0.5105441809
v 4.648713112 1.089762688 35.33314896
vn -0.4773758352 -0.8778914809 0.03766765445
v 2.20366478 4.344524384 38.68597031
vn -0.75855726 -0.5078692436 0.4082397223
v 17.75117111 7.999008179 34.79373932
vn 0.9939766526 -0.1079534367 -0.01888127252
v 16.85821533 5.280670166 36.66760254
vn 0.8877665997 -0.4182875752 0.1921092868
v 5.649074554 0.6893215179 33.90479279
vn -0.3737661242 -0.9195564389 -0.1213046759
v 2.594455719 3.429109335 38.08249664
vn -0.7080307007 -0.6099770069 0.3558377922
v 1.803857684 4.856891632 38.53229523
vn -0.794334352 -0.462695539 0.3936315477
v 5.630273819 0.6266258955 34.80562973
vn -0.3773205578 -0.9258999228 -0.01839928888
v 4.587772846 1.117523789 34.82649231
vn -0.4952633083 -0.8685489297 -0.01835875399
v 7.870126724 0.384794116 32.63079834
vn -0.1140196249 -0.9576942921 -0.2642369568
v 4.784543037 1.049155116 35.78592682
vn -0.4549927711 -0.8865196705 0.08405025303
v 5.904688358 0.5706148148 34.08266449
vn -0.3357249498 -0.9367315769 -0.09910969436
v 2.258394718 4.913689613 39.3782692
vn -0.7465638518 -0.4487394094 0.4911978245
v 2.454803944 3.760935545 38.35126877
vn -0.7198213339 -0.5775827765 0.3850395083
v 2.569511652 3.006644726 37.09168243
vn -0.7079440355 -0.6683039665 0.2284405529
v 2.831199408 3.145031452 38.0398941
vn -0.6857627034 -0.6372435093 0.3516394198
v 7.598398209 0.2002131045 33.6594162
vn -0.1465352923 -0.9781821966 -0.147264868
v 1.780692577 5.336631775 38.97680664
vn -0.7926405072 -0.4018502235 0.4585165381
v 5.726360321 0.5876731873 35.16815948
vn -0.3578290939 -0.9336050153 0.01843940653
v 3.841240883 1.887386322 37.10115051
vn -0.5630455017 -0.7908757925 0.2397817373
v 2.995198965 2.901391983 37.88832855
vn -0.6654801965 -0.6718822718 0.3251312971
v 3.017745495 2.564026117 37.10623169
vn -0.66206038 -0.7114727497 0.235547483
v 2.774428844 2.906226873 37.39637756
vn -0.6866799593 -0.6736554503 0.2732380331
v 2.496341467 4.213367462 39.02842712
vn -0.7247292399 -0.5190848112 0.4531208575
v 16.15595627 4.55415535 37.76792145
vn 0.8130825162 -0.4985062778 0.3006465137
v 17.27635956 10.7612381 32.63912964
vn 0.94161731 0.2132047862 -0.2605772913
v 7.583461761 0.2700380385 33.2722168
vn -0.1455183923 -0.9708480239 -0.1904692352
v 5.89351368 0.5395676494 35.50613785
vn -0.329924345 -0.942810297 0.04752581939
v 8.617330551 0.1781511754 33.25440598
vn -0.02869144827 -0.9830803871 -0.1809136868
v 7.836565018 0.1098290458 34.10974503
vn -0.1176486984 -0.9872961044 -0.1067952141
v 2.732097626 4.218111038 39.38396454
vn -0.6939589381 -0.519926846 0.4980933964
v 5.880689621 0.568122983 35.80318832
vn -0.3285591006 -0.9398670197 0.09326773882
v 3.071840525 2.716826677 37.64169312
vn -0.6455413699 -0.6993581653 0.3068785965
v 3.711194992 2.197412491 37.70978928
vn -0.5868629813 -0.7488417029 0.307941407
v 8.791727066 0.3024657965 32.70550537
vn -0.001339438721 -0.9650265574 -0.2621487379
v 3.721645117 2.082691193 37.43004227
vn -0.591189146 -0.7625382543 0.2627372742
v 3.12211585 2.568710804 37.39279175
vn -0.6546949744 -0.7068459392 0.2678494453
v 4.45400238 1.488407016 37.11857224
vn -0.5102306604 -0.8268752694 0.2365204692
v 3.376928329 2.681913137 38.165905
vn -0.6270400286 -0.6927790642 0.3561992943
v 3.495128632 2.504905701 38.0148468
vn -0.6078440547 -0.7221099138 0.3302769065
v 7.825547218 0.08264315873 34.47321701
vn -0.1170880124 -0.9911175966 -0.0630575195
v 2.579750061 4.850566864 39.78090668
vn -0.7116914988 -0.4638326168 0.5275931358
v 4.967516899 1.093204498 36.66598129
vn -0.4430104494 -0.8760406375 0.190511167
v 5.747938156 0.6442222595 36.04944611
vn -0.3526652753 -0.9266503453 0.1301779151
v 8.663378716 0.1023987532 33.68437195
vn -0.02526758425 -0.9888120294 -0.1470112354
v 2.792980194 4.517213821 39.76363754
vn -0.6952598095 -0.4953062534 0.5208507776
v 12.03240585 2.934814453 40.81383896
vn 0.3429103792 -0.6787981391 0.6493423581
v 2.390628576 5.051515102 39.6926651
vn -0.7330685258 -0.4287059009 0.5280357599
v 4.203201294 1.694320917 37.28657532
vn -0.5302844644 -0.8055058122 0.2644971609
v 5.085241318 1.135467529 37.08078003
vn -0.4196026623 -0.875043869 0.241312772
v 7.801019192 0.07129822671 34.84066772
vn -0.1214978173 -0.9925010204 -0.01341472194
v 2.871223211 5.133636475 40.35403442
vn -0.6812887788 -0.4290329218 0.5931073427
v 3.049222708 4.234554291 39.81634521
vn -0.6539403796 -0.5287904739 0.5410569906
v 5.905875206 0.6368452907 36.38747406
vn -0.3403183222 -0.9263368845 0.1615034491
v 4.808578968 1.323764682 37.24855804
vn -0.4650216401 -0.8492485881 0.2500635087
v 4.222488403 1.926445246 37.94710159
vn -0.5262976885 -0.7792810798 0.3401936293
v 3.528148413 2.938419342 38.84754562
vn -0.5934862494 -0.6730204821 0.4413813055
v 8.604513168 0.01923588477 34.52605057
vn -0.03348810226 -0.9982143044 -0.04946482554
v 3.827709913 2.414652586 38.37551117
vn -0.5723118782 -0.7265906334 0.3801646829
v 5.675722122 0.8562614918 37.01704788
vn -0.3677071929 -0.901186347 0.2294659615
v 3.016132355 3.129550934 38.35697937
vn -0.6568558216 -0.6565778852 0.3707369864
v 3.172851801 4.565906525 40.2543869
vn -0.6458709836 -0.4823970795 0.5917294621
v 4.020990372 1.953175068 37.66585159
vn -0.5448790789 -0.785592854 0.2931734025
v 7.591320038 0.101077117 35.22272491
vn -0.1521325111 -0.9880539179 0.02459882759
v 3.858005524 2.219947815 38.02277374
vn -0.5590783358 -0.7536988854 0.3454988003
v 3.286972284 3.697235584 39.53881454
vn -0.6249163151 -0.5916516781 0.5093406439
v 4.919279099 1.391916752 37.63924789
vn -0.4529988468 -0.8386018872 0.3025539219
v 17.69206429 7.538387299 35.14177322
vn 0.9875535965 -0.1564182192 0.01646794565
v 16.57709885 5.069949627 37.36000824
vn 0.8614060283 -0.4388769567 0.2556690872
v 15.56163025 12.84194183 30.6088829
vn 0.7499543428 0.4427071512 -0.4915067554
v 2.990501404 3.970577478 39.46875
vn -0.6535821557 -0.555139184 0.514442265
v 3.115911007 4.904939651 40.45625687
vn -0.6491553783 -0.4498535097 0.6133751869
v 8.520443916 0.009478151798 34.8980217
vn -0.04049183056 -0.9990683794 -0.01492644101
v 2.877525568 4.647310257 39.98278427
vn -0.6727392077 -0.4709942341 0.5706018209
v 6.048618317 0.672141552 36.83170319
vn -0.3201366961 -0.923148334 0.2128605694
v 3.939866304 2.923194647 39.33932877
vn -0.5569578409 -0.6708849072 0.4896033406
v 8.671762466 0.04753864929 34.11591339
vn -0.0265484117 -0.9947171211 -0.09916142374
v 3.41975975 4.897609711 40.75569534
vn -0.6201000214 -0.4418764412 0.648244679
v 3.719962835 3.553791285 39.87577057
vn -0.5832133889 -0.5985426903 0.5491892099
v 4.492746353 1.827686429 38.11874771
vn -0.490450561 -0.7951868773 0.356561482
v 4.140607834 2.256305695 38.51673508
vn -0.5333511829 -0.7522141337 0.3869243264
v 4.302715302 2.437050343 39.03664398
vn -0.5109681487 -0.7323760986 0.4500408769
v 3.667059898 3.311178923 39.53252411
vn -0.5828627944 -0.6297828555 0.5134632587
v 3.306902409 4.303859711 40.17470169
vn -0.6284331083 -0.518083632 0.5802251101
v 8.552473068 0.01098592859 35.21941376
vn -0.04610782862 -0.9985375404 0.02822867222
v 5.272277832 1.445259213 38.23421097
vn -0.4047677815 -0.8425552845 0.3553358912
v 4.838413239 1.862460852 38.62963867
vn -0.4681398571 -0.786808908 0.4022149444
v 6.047610283 0.8099250197 37.36376953
vn -0.3206402957 -0.9088600874 0.2667642832
v 5.065505981 1.662948608 38.48309326
vn -0.4308411181 -0.8151057363 0.3872707188
v 3.717141867 4.217082977 40.51319122
vn -0.5712125301 -0.539924264 0.6182217002
v 16.47865677 11.95505142 31.474617
vn 0.8529897332 0.3399649858 -0.3960206211
v 15.2498312 13.10973358 30.40042305
vn 0.7128140926 0.475374788 -0.5156693459
v 4.371961594 2.172351837 38.66371155
vn -0.5016881824 -0.7657106519 0.4024875164
v 4.319297791 2.926959753 39.74786377
vn -0.5226179361 -0.67503196 0.520770967
v 3.793056488 4.609664917 40.89094543
vn -0.5774441957 -0.4758116603 0.6634466648
v 3.978302002 2.580497503 38.87788391
vn -0.5605018139 -0.7058625221 0.4331233203
v 4.991233826 1.50254786 38.03277206
vn -0.4338538647 -0.8373908401 0.3324866593
v 4.159126282 3.321212769 40.06014633
vn -0.5146089792 -0.6261667013 0.5857412815
v 7.432674408 0.332772702 36.90705109
vn -0.1637133658 -0.9655045867 0.2024817169
v 5.268829346 1.248960972 37.73091125
vn -0.4061278701 -0.861122191 0.3058246374
v 6.845890045 0.5422648787 37.26259613
vn -0.229180187 -0.9438867569 0.2378114164
v 6.367334366 0.5585371256 36.78705978
vn -0.2766601443 -0.9369933605 0.2133135051
v 3.465942383 4.520096779 40.52133179
vn -0.6110659242 -0.4880627394 0.6232119799
v 4.155971527 2.636571884 39.17744064
vn -0.5332356095 -0.6967386603 0.4798072577
v 5.123725891 2.073688507 39.2819252
vn -0.4199377 -0.7640380859 0.4897939861
v 4.021163464 4.923458099 41.28628159
vn -0.5541949272 -0.4436585903 0.7042975426
v 6.474754333 0.8044852018 37.78408813
vn -0.2711871862 -0.9124669433 0.3063684404
v 8.813082695 0.06377113611 36.04547119
vn 0.008632916957 -0.9911121726 0.1327484697
v 5.291835785 1.627788782 38.64556122
vn -0.4030759633 -0.8133465648 0.4195200801
v 4.287296295 4.018711567 40.83564758
vn -0.5273266435 -0.5497766733 0.6478211284
v 6.502775192 0.6318150163 37.2474556
vn -0.2724225819 -0.9282089472 0.2534049153
v 3.873275995 3.760238647 40.2464447
vn -0.5698750019 -0.5706410408 0.5912793279
v 17.54828262 6.978889465 35.84421158
vn 0.9733228087 -0.2078468055 0.09717205912
v 14.60606575 3.551799536 39.24158859
vn 0.6414753795 -0.5958728194 0.4831613898
v 13.25709915 13.67110825 28.88017654
vn 0.4819564223 0.533890605 -0.694750905
v 17.75506973 9.047615051 34.12578201
vn 0.9945850968 0.002474356908 -0.1038957238
v 5.516851425 1.398147702 38.38735962
vn -0.3720612228 -0.8452211618 0.3836295903
v 7.587395668 0.2209589928 36.4576149
vn -0.1517448276 -0.9755653143 0.1588892937
v 6.215333939 1.061536312 38.24729919
vn -0.2987494767 -0.8831691742 0.3616088033
v 5.709365845 1.484804511 38.74388123
vn -0.3616167903 -0.8273773193 0.4297442138
v 4.154639244 3.566475868 40.31098557
vn -0.5369522572 -0.5872049928 0.605700016
v 4.111492157 4.449501038 41.0381813
vn -0.5356780887 -0.4959281683 0.683450222
v 7.662567139 0.3258971274 37.03967667
vn -0.1442503333 -0.957978785 0.2479284704
v 4.893859863 2.433486938 39.61792755
vn -0.4552820623 -0.7238178253 0.5184649825
v 7.050847054 0.7430380583 38.03477859
vn -0.2076039612 -0.9169064164 0.3408566117
v 6.585968018 0.8971632123 38.13084412
vn -0.2553854585 -0.9020804167 0.347892493
v 6.203615189 1.235922694 38.63116074
vn -0.296061635 -0.8611820936 0.4131741822
v 6.993617535 0.5828427076 37.52274323
vn -0.2201419473 -0.9299426675 0.2945235372
v 5.172103882 2.439823151 39.85198593
vn -0.4195236564 -0.7274167538 0.5430145264
v 4.597042561 3.228826523 40.33660126
vn -0.4788629711 -0.6340261698 0.6072075963
v 5.43201828 1.82000494 39.1257782
vn -0.3892199695 -0.7970620394 0.4617357254
v 4.939527512 2.817079544 40.14780045
vn -0.4484402239 -0.6801795959 0.5798767805
v 7.65178299 0.4579355419 37.52540207
vn -0.1458020806 -0.9503978491 0.2747464776
v 3.962224722 4.278989792 40.78487778
vn -0.5535781384 -0.5235826969 0.6476206183
v 4.659521103 2.732664347 39.81416321
vn -0.4694394469 -0.6890076995 0.5521729589
v 5.791713715 1.727005482 39.25207901
vn -0.3468573689 -0.8042673469 0.4825391173
v 15.72663879 4.311084747 38.39605713
vn 0.7627373934 -0.5194839835 0.3851857781
v 17.54906845 10.13618088 33.30789948
vn 0.9716979861 0.1410423815 -0.1894994676
v 12.3170414 13.77759361 28.38862228
vn 0.3857252598 0.5469427705 -0.7430139184
v 17.02942657 5.735034943 36.75803375
vn 0.9149708748 -0.3525769413 0.1962594986
v 16.19741631 4.82881546 38.05806732
vn 0.8232573271 -0.4554149508 0.3388872743
v 17.39049911 6.580871582 36.31483078
vn 0.9508520961 -0.2646456063 0.1607574522
v 4.417936325 3.066892624 40.00824738
vn -0.4948363602 -0.6568371058 0.5689481497
v 5.058106422 3.118275404 40.56751633
vn -0.4216118455 -0.6496783495 0.6325832009
v 6.593637466 1.122760653 38.65855408
vn -0.2649597228 -0.8746366501 0.4059644341
v 7.88891983 0.2721557617 36.93168259
vn -0.1068529189 -0.972607851 0.2064373791
v 7.90045166 0.5007973313 37.76385498
vn -0.1123092696 -0.9426774979 0.3142383695
v 5.292823792 2.779392481 40.35815811
vn -0.3980297148 -0.6930864453 0.6010020971
v 4.731529713 3.737345695 40.93013763
vn -0.4690056443 -0.5880647898 0.6589487791
v 7.256185532 0.4389226437 37.20792007
vn -0.1849918365 -0.9506798983 0.248969391
v 8.276233673 0.299223125 37.19774628
vn -0.06989981234 -0.9654967189 0.2508588135
v 5.949699402 1.278262734 38.51947021
vn -0.3369275928 -0.8557758331 0.392590791
v 8.524647713 0.1081376076 36.32587814
vn -0.04081633314 -0.9872967005 0.1535551995
v 4.83203125 4.074977875 41.27453613
vn -0.4628658593 -0.5397735238 0.7031356692
v 7.566282272 0.68658638 38.15354156
vn -0.1550326645 -0.9238100052 0.3500570357
v 4.334820271 4.528164864 41.26209641
vn -0.5034172535 -0.5037446618 0.7020059824
v 5.519792557 2.40128684 40.05210114
vn -0.3768751323 -0.7286065817 0.571924448
v 5.707529545 2.853832006 40.69208908
vn -0.3560918272 -0.6777849197 0.6432777047
v 8.430167198 0.1761277765 36.6868515
vn -0.05627480522 -0.9779480696 0.2011235356
v 1.49876821 8.805251122 30.05949974
vn -0.8270556331 -0.00352660846 -0.5621090531
v 3.741482019 6.549144745 28.14175415
vn -0.7120069265 -0.3197944462 -0.6251221299
v 1.833820343 7.867752075 29.68968773
vn -0.7982186079 -0.1077522933 -0.5926520824
v 12.22531796 3.200008631 40.96754074
vn 0.3799027503 -0.6346684694 0.6729560494
v 16.98054886 5.806962967 37.08246231
vn 0.9035311341 -0.3513813019 0.2452806979
v 15.85862732 12.66743851 30.92791367
vn 0.783615768 0.4170178473 -0.4604806602
v 16.45796204 5.047462463 37.6888504
vn 0.8518620133 -0.4235069752 0.3081768155
v 13.2233429 14.01906586 29.14307022
vn 0.4870788753 0.5742997527 -0.6579771638
v 6.789360046 0.9667510986 38.43579102
vn -0.237879917 -0.8922547102 0.383789897
v 6.261947632 1.550712943 39.2670517
vn -0.2931554317 -0.817482233 0.4957647622
v 2.98102212 6.589454651 28.76913643
vn -0.664152503 -0.259904623 -0.7009643912
v 6.157512188 1.82282865 39.64188004
vn -0.3072510362 -0.7964808345 0.5207831264
v 3.981506348 6.076972961 28.14175415
vn -0.6700313687 -0.396717459 -0.6274338365
v 2.82523489 6.368325233 29.01046181
vn -0.688772738 -0.2802572548 -0.6686164737
v 3.745361567 5.804280281 28.43935013
vn -0.5773498416 -0.3490597606 -0.7381222248
v 3.912789345 5.625273228 28.39882088
vn -0.5578199029 -0.3729189634 -0.7414637208
v 3.053653002 6.03816843 28.9325428
vn -0.6511614323 -0.3143470883 -0.6907783747
v 7.176654339 0.9137555957 38.52748871
vn -0.1909415722 -0.8965863585 0.3995925784
v 4.267841339 5.63199234 28.14175415
vn -0.6369782686 -0.4621737003 -0.6169717312
v 4.190738678 5.374085426 28.32355499
vn -0.5244739652 -0.4028218091 -0.7501077652
v 0.7189884186 8.771196365 31.50156212
vn -0.9192262888 -0.01154565532 -0.3935602903
v 3.146589041 5.783673286 28.96862984
vn -0.6499896646 -0.3515917063 -0.6737185717
v 0.6060621738 8.513751984 31.796381
vn -0.929700911 -0.04383312166 -0.3656977117
v 1.038545132 7.524209023 31.06295204
vn -0.8890078068 -0.1530420333 -0.431559056
v 3.947653055 5.182092667 28.61110687
vn -0.5541698933 -0.421292752 -0.7179193497
v 3.440748215 6.704330444 28.32447815
vn -0.6168268919 -0.2414966673 -0.7491354346
v 1.304504514 8.519794464 30.37837029
vn -0.8532086611 -0.04439311475 -0.519677043
v 1.314800858 7.003616333 30.75048637
vn -0.8494400382 -0.2105542421 -0.4838579297
v 17.63816452 9.968645096 33.70230865
vn 0.9824619293 0.1130153015 -0.1483106911
v 16.56621552 12.10195541 31.81029129
vn 0.8614102602 0.3590462208 -0.3592466116
v 13.00469589 13.8899231 28.88017654
vn 0.4525847137 0.5671930313 -0.6880837083
v 17.73951721 9.444854736 34.12578201
vn 0.9932806492 0.06586152315 -0.09516204894
v 1.121600032 8.720994949 30.68211365
vn -0.8737877011 -0.01254070271 -0.486145854
v 1.45716095 6.329223633 30.85301971
vn -0.8281139731 -0.2906732857 -0.4793081582
v 0.4773024023 7.824720383 32.33633423
vn -0.9479298592 -0.1147989109 -0.2970692515
v 5.004455566 4.779037476 28.14175415
vn -0.5152055025 -0.5385925174 -0.6666944027
v 0.9154033065 8.595819473 31.08275414
vn -0.8960652351 -0.03764358163 -0.4423234761
v 1.402554035 7.654825211 30.36998749
vn -0.8418117762 -0.135635525 -0.5224518776
v 5.399139404 4.43888092 28.14175415
vn -0.4952255189 -0.6194982529 -0.6090760231
v 1.250587583 7.997968674 30.54397583
vn -0.8597558141 -0.0973745361 -0.5013363361
v 0.1993714273 8.439117432 33.18386459
vn -0.980143249 -0.04910778627 -0.1921136975
v 5.559700966 4.075547695 28.31042862
vn -0.3857512772 -0.5440708995 -0.7451059222
v 1.181596518 7.630756378 30.75759315
vn -0.8666532636 -0.1458897293 -0.4771040678
v 2.704571009 4.656147003 30.22483063
vn -0.6975710988 -0.4757335484 -0.5357911587
v 5.8229599 4.136650085 28.14175415
vn -0.4420784414 -0.6601592898 -0.6072531343
v 0.4961552024 8.621227264 32.08517075
vn -0.9471872449 -0.03113832697 -0.3191655874
v 1.302803159 5.760360718 31.59129906
vn -0.8574185371 -0.3475768268 -0.3795047402
v 3.33271575 5.484020233 28.9555645
vn -0.6270498037 -0.3852289617 -0.6770577431
v 0.4156951606 7.175699234 32.94091034
vn -0.952712357 -0.191320613 -0.236083746
v 2.639374256 5.783586502 29.49629402
vn -0.7095189691 -0.3435151577 -0.6152886748
v 4.668014526 5.124916077 28.14175415
vn -0.5888507962 -0.5176828504 -0.6206924915
v 0.3790990114 7.074235916 33.19418335
vn -0.9584679008 -0.2039146125 -0.1993944049
v 14.42059898 3.692903996 39.64567566
vn 0.6201334 -0.5819532275 0.5260846019
v 17.65351486 7.544359207 35.84422684
vn 0.9822528958 -0.1585593075 0.1001909524
v 2.476278782 5.536104202 29.84187889
vn -0.7222750783 -0.378054142 -0.5791319609
v 0.2972379029 7.198618412 33.48973846
vn -0.9689004421 -0.185984537 -0.1632226706
v 0.02132413723 8.4296875 34.63373947
vn -0.9975783825 -0.0552014187 -0.0423098132
v 5.104606628 4.447595596 28.29464722
vn -0.4235323071 -0.5051902533 -0.7519329786
v 0.5847051144 6.389736176 33.06483841
vn -0.9326151013 -0.2778186202 -0.2303169221
v 2.812164307 4.075870514 30.65761185
vn -0.6797970533 -0.5477077961 -0.4877418876
v 0.2276282758 8.087785721 33.18354416
vn -0.9742773771 -0.09430285543 -0.2046717703
v 6.505180359 3.759711981 28.14175415
vn -0.3212892115 -0.725135088 -0.6090585589
v 1.288951516 5.200031281 32.25055695
vn -0.8542259932 -0.4188977778 -0.3079327345
v 1.049898148 6.242016792 31.7599144
vn -0.8813442588 -0.2948837876 -0.3691556156
v 0.5102234483 6.788757324 32.91458893
vn -0.9436185956 -0.2371662855 -0.2309461236
v 0.1405110657 8.079624176 33.66128922
vn -0.9825673699 -0.09986038506 -0.1568095088
v 2.550735712 4.15637207 30.9508934
vn -0.7138745785 -0.5300971866 -0.4575806558
v 0.6446457505 6.662139893 32.5463829
vn -0.9266394377 -0.2635144591 -0.2681408226
v 0.2690009177 7.050643921 33.86441803
vn -0.9696924686 -0.2055831254 -0.1320304573
v 6.715763092 3.440092564 28.32184219
vn -0.2445765138 -0.619558394 -0.7458751202
v 0.6679387093 6.052497864 33.1799202
vn -0.9256643653 -0.3212760091 -0.1998178661
v 5.899374962 3.838018417 28.3239193
vn -0.339182049 -0.5680658221 -0.7498378158
v 0.09750407189 8.07559967 33.98478317
vn -0.98951298 -0.08819181472 -0.1143952832
v 0.2075407207 7.180952072 34.17728424
vn -0.9789476991 -0.1836713701 -0.0890294984
v 17.51024437 7.040937424 36.25598526
vn 0.9694039822 -0.2059195042 0.1336154789
v 15.5268364 4.289649963 38.74215317
vn 0.7380717993 -0.5226733088 0.4266879559
v 14.91607285 13.47079849 30.29754639
vn 0.6763550639 0.511582315 -0.5299314857
v 17.30161667 10.9789238 32.92911911
vn 0.9420586824 0.2382279932 -0.2361629009
v 0.03980277479 8.07019043 34.95238495
vn -0.9958322644 -0.0911982581 -0.001006986946
v 6.156982422 3.935073853 28.14175415
vn -0.3846188188 -0.6970216036 -0.6051687598
v 0.06638679653 8.072673798 34.30977631
vn -0.9937162399 -0.08170928061 -0.07649611682
v 5.798122406 3.022464514 29.0811615
vn -0.3450507522 -0.6612997651 -0.6660500169
v 0.4058710337 6.435927391 34.01173782
vn -0.9532571435 -0.2750048637 -0.1251923442
v 0.02819475718 8.310317993 35.36120224
vn -0.9972857237 -0.06238541007 0.03910608962
v 6.01377964 2.901532173 29.09532928
vn -0.322571367 -0.6824846864 -0.6558676958
v 0.06012735143 8.072097778 35.60440445
vn -0.9926874638 -0.1000115499 0.06759677082
v 6.292616844 2.922631264 28.94440842
vn -0.2806048691 -0.6738017797 -0.6835583448
v 0.04519664496 8.430953979 35.76441956
vn -0.9952702522 -0.0548905395 0.08015104383
v 0.04711518064 8.07087326 34.63515854
vn -0.9942293763 -0.09703483433 -0.04574027285
v 4.101657867 2.792190552 30.65703964
vn -0.5496609211 -0.6840648651 -0.4795082211
v 0.49961254 6.463118553 33.35873795
vn -0.9436247945 -0.2705179155 -0.1907677203
v 0.9233628511 5.325675964 33.32578659
vn -0.9023777843 -0.3921989202 -0.1785897315
v 0.1251751781 7.46547699 34.63714218
vn -0.9850342274 -0.1658790261 -0.04681631178
v 0.1800954789 7.127659798 34.89016342
vn -0.9807357192 -0.1946936995 -0.01586983353
v 5.835001469 2.631920815 29.47605896
vn -0.3452113271 -0.7055983543 -0.6188376546
v 4.687793732 2.67890501 30.23017883
vn -0.4767077267 -0.6973187923 -0.5352534056
v 0.310516268 6.738498688 34.14801025
vn -0.9662150145 -0.2419218123 -0.08889535815
v 0.8089064956 5.417418957 33.73986816
vn -0.9059097767 -0.3959263563 -0.1502324939
v 0.3929922581 6.332121849 34.51970673
vn -0.9548416734 -0.291408807 -0.05795045197
v 16.89891434 11.56387711 32.15066147
vn 0.9000213146 0.3019429147 -0.31431216
v 15.19002151 4.24817276 39.24158859
vn 0.7123785615 -0.5208598971 0.4703421891
v 17.38573456 6.80059433 36.66757202
vn 0.9525960684 -0.2398281246 0.1871981621
v 4.969760895 2.478388786 30.25617027
vn -0.4378245175 -0.7277635932 -0.5278919339
v 6.985290527 3.562248468 28.14175415
vn -0.2527996004 -0.7350255251 -0.629150033
v 1.506498218 4.353593349 33.03339767
vn -0.8374778628 -0.501953125 -0.2160413563
v 0.3951453269 6.759796143 33.495327
vn -0.9569242597 -0.2415112257 -0.1611468494
v 0.8869211674 5.165218353 33.98373032
vn -0.8998963237 -0.4201743901 -0.116790548
v 0.1922892332 7.130182266 34.51753998
vn -0.9755350351 -0.2127124667 -0.05554132536
v 0.7122189403 5.518310547 34.14244843
vn -0.919385314 -0.3805527985 -0.09955014288
v 5.546676636 2.385261536 29.94872284
vn -0.3716160059 -0.7343028188 -0.5680676699
v 0.3821251094 6.328817368 34.82920837
vn -0.9583010077 -0.2852853835 -0.01647399552
v 0.2729112208 6.729038239 34.79376984
vn -0.9692513347 -0.244885698 -0.02414152585
v 1.644768119 4.127408981 33.05953217
vn -0.8096342683 -0.535785377 -0.2396381348
v 0.1783103347 8.083164215 36.56823349
vn -0.9782310128 -0.1038745865 0.1796501279
v 0.4114702642 6.337730408 34.24229813
vn -0.9540575743 -0.2878919244 -0.08302013576
v 0.2290684283 7.089880466 35.84828949
vn -0.9741660357 -0.2013478577 0.1022723094
v 2.277679205 3.499729156 32.51342773
vn -0.7495635748 -0.6018745899 -0.2755021155
v 0.3687685728 6.375040054 35.18558502
vn -0.9581959844 -0.2856624424 0.01604326628
v 0.08816144615 8.074718475 35.92955399
vn -0.9891781211 -0.0977466926 0.1094176024
v 0.199426651 7.035749435 35.16654968
vn -0.9771360159 -0.2120122164 0.01599937119
v 1.252761722 4.612625122 33.46740723
vn -0.8611284494 -0.4797384739 -0.1682522595
v 1.403945804 4.278144836 33.7191925
vn -0.8490048051 -0.5106221437 -0.135852322
v 0.8095759749 5.202150345 34.79353714
vn -0.9082462788 -0.4183318317 -0.009336500429
v 16.88784981 11.89241982 32.46597672
vn 0.9022728205 0.3283900917 -0.2793988287
v 13.14665413 3.382503033 40.53956223
vn 0.4781212509 -0.6170546412 0.6250149012
v 13.50692749 14.07720947 29.41679764
vn 0.5192397237 0.580824554 -0.6269233823
v 17.16142464 11.42867851 32.87101364
vn 0.9242358208 0.2946778834 -0.2428025752
v 16.04191971 4.795837402 38.36802673
vn 0.8037535548 -0.4553087056 0.3829807341
v 2.674474001 3.340935469 31.91386032
vn -0.6966235638 -0.62924999 -0.3446158767
v 0.129923135 8.1378479 36.29284286
vn -0.98530972 -0.07456890494 0.1536367685
v 0.2814559042 6.731185913 35.44063187
vn -0.9682578444 -0.2441969663 0.05333492532
v 2.47776866 3.110634089 32.89426041
vn -0.7163667083 -0.6537985802 -0.2436516434
v 0.463514626 8.573143959 37.81035995
vn -0.9469221234 -0.04755495489 0.3179260492
v 0.4923938215 5.991775513 34.79376221
vn -0.94535923 -0.3253062367 -0.02171930112
v 0.1276242286 7.465881348 35.44753647
vn -0.9867449999 -0.1556787938 0.04580839351
v 1.462156534 4.275150299 33.42538834
vn -0.8321272731 -0.5245828032 -0.1799364239
v 0.4326647818 6.318958282 35.90851593
vn -0.9481189847 -0.2986032665 0.1091167256
v 2.45996809 3.027129412 33.20616531
vn -0.7337129116 -0.6507400274 -0.1954553276
v 1.643383145 3.875454187 33.86828995
vn -0.8165608644 -0.5607327223 -0.1371393055
v 0.858196497 5.151824951 34.31460953
vn -0.9075555205 -0.4144032001 -0.06791899353
v 1.188667536 4.576683044 33.98350143
vn -0.8646725416 -0.4878729284 -0.1196718812
v 5.336521149 2.195483923 30.35821342
vn -0.3985595405 -0.7508721352 -0.5266320705
v 1.338382959 4.277346611 34.20256042
vn -0.8495944738 -0.5200458169 -0.08798635006
v 0.4467435479 6.447792053 36.31639099
vn -0.9510293007 -0.2743254304 0.1424388736
v 3.06337285 2.549094915 32.81021118
vn -0.6554605365 -0.7130048871 -0.2489890754
v 1.742836237 3.904014349 33.26348495
vn -0.8069606423 -0.5608795285 -0.1850100011
v 0.3185502887 8.611415863 37.33980942
vn -0.9616937637 -0.03045938723 0.2724285722
v 3.510520935 2.284068584 32.47335815
vn -0.608741641 -0.7429750562 -0.2782474756
v 1.384373188 4.1475811 34.66849136
vn -0.8455926776 -0.532066524 -0.0433386974
v 12.13220978 14.20643234 28.62856483
vn 0.36773929 0.5956958532 -0.7140827775
v 17.214077 6.410808563 36.96043015
vn 0.9346011281 -0.2783319056 0.2214770019
v 16.47937393 12.40489578 31.92326927
vn 0.8483996391 0.3976217508 -0.3494495451
v 17.48378754 10.80712891 33.62924194
vn 0.9661129117 0.2148188502 -0.1431039572
v 15.38091278 13.44024277 30.92791367
vn 0.7300135493 0.5138735175 -0.4505710304
v 0.3941488564 6.33237648 35.49682999
vn -0.9562435746 -0.2848598063 0.06673191488
v 0.5970769525 6.027984619 36.41448212
vn -0.9340131879 -0.3247227371 0.1489110589
v 0.5077855587 6.366558075 36.53055191
vn -0.9413755536 -0.2837150693 0.1825318635
v 1.143943667 4.551605225 34.64735794
vn -0.8670908809 -0.496596694 -0.03930773214
v 1.34295094 4.201160431 35.04441071
vn -0.8488141298 -0.5286796689 0.003515608143
v 2.370576382 2.968394995 33.82939911
vn -0.7268878222 -0.6751596928 -0.1256720424
v 0.5354616046 6.006668091 35.93496323
vn -0.9379773736 -0.3272741735 0.1144119576
v 0.5682678819 6.476554871 36.9785881
vn -0.9352301359 -0.2717795372 0.2268931717
v 0.4255217612 6.767444611 36.68227386
vn -0.9544790387 -0.2365835905 0.1816535294
v 2.289663315 3.00955987 34.10257339
vn -0.7537448406 -0.6482234597 -0.1080511734
v 3.004691839 2.385583639 33.58746719
vn -0.669953227 -0.7239801288 -0.1643635929
v 0.5678328872 7.429338455 37.7584343
vn -0.9374580979 -0.1651084125 0.3064499199
v 1.585163116 3.835105896 34.83114624
vn -0.8208739758 -0.5710118413 -0.01055429783
v 1.314991951 4.263016701 35.38587189
vn -0.8562817574 -0.5145297647 0.04517442733
v 0.7063541412 5.444683075 35.31700516
vn -0.9182049632 -0.3948941529 0.03095526807
v 0.9164388776 5.178977966 36.26797104
vn -0.8998141289 -0.4154516459 0.1331708282
v 0.8061689138 8.748581886 38.69011688
vn -0.9107005 -0.01542225201 0.412779361
v 8.043540955 1.678173423 29.87093735
vn -0.09241679311 -0.8160989285 -0.5704749823
v 0.3366622329 6.745079041 36.09666061
vn -0.9637075067 -0.2405676693 0.115736708
v 5.861244202 1.351394176 31.40044022
vn -0.3463271856 -0.8541246057 -0.3879801631
v 17.72135544 8.053222656 35.81483841
vn 0.990742445 -0.1032035202 0.08819535375
v 14.67224121 13.77509689 30.29754639
vn 0.6474659443 0.5491684675 -0.5283955336
v 16.7056427 5.697116852 37.8299675
vn 0.874828279 -0.3663924336 0.3169101477
v 7.742236137 1.613611341 30.02448845
vn -0.1396345049 -0.8160020709 -0.5609303117
v 13.74277496 3.597462416 40.25606155
vn 0.548176825 -0.5956017375 0.5871633291
v 0.8084219098 5.273679733 35.72800064
vn -0.9109184742 -0.4051533639 0.07796365768
v 2.991965055 2.471246481 33.27964401
vn -0.6561481953 -0.731292963 -0.1862261593
v 0.9161968827 5.306791306 36.5952034
vn -0.8974102736 -0.3969914019 0.1924906373
v 1.066157937 8.593736649 39.20952988
vn -0.8837866783 -0.04573266953 0.465649724
v 7.874339104 1.425432205 30.28095818
vn -0.1018904224 -0.8419856429 -0.5297909975
v 2.311047554 2.925804377 34.7335434
vn -0.7394846678 -0.6723867059 -0.03253503516
v 7.455313683 1.310423017 30.58359528
vn -0.1491869986 -0.8575584888 -0.4922769964
v 7.548713684 1.447517753 30.3291378
vn -0.157556355 -0.8334407806 -0.5296720266
v 2.741596699 2.741688013 33.1734581
vn -0.6926897764 -0.6907019615 -0.2076333463
v 2.875712395 2.395071983 34.23200226
vn -0.675848484 -0.7323084474 -0.08338552713
v 1.155861378 4.558296204 35.60573959
vn -0.866582334 -0.4931841791 0.07618672401
v 1.391023636 4.211273193 35.90391541
vn -0.8491171598 -0.5181072354 0.102786079
v 6.98425293 1.236023188 30.90078354
vn -0.2127804458 -0.8615799546 -0.4608736038
v 4.242126465 1.534214854 33.20009232
vn -0.5208567381 -0.8277208805 -0.2087736428
v 2.637624502 2.637702942 34.13606644
vn -0.7047647834 -0.7036521435 -0.09044462442
v 2.378861666 2.884034634 34.31562424
vn -0.7250720263 -0.6853961349 -0.06710226834
v 1.636611819 3.829650879 35.85647202
vn -0.817047596 -0.567532897 0.1016841978
v 2.348723412 2.879405737 35.16244507
vn -0.735950768 -0.6769011021 0.01346732769
v 1.039447308 7.631961823 38.9727478
vn -0.8846588135 -0.1398092061 0.4447833002
v 4.241611481 1.471351147 33.48072815
vn -0.5085219741 -0.8439044356 -0.1709698737
v 1.071778893 7.248678207 38.89370346
vn -0.8715425134 -0.1900775135 0.4519780278
v 17.32260895 11.2009201 33.27870178
vn 0.944406271 0.2627613842 -0.1976189762
v 14.58111191 3.975288391 39.76103592
vn 0.6390725374 -0.5447550416 0.5429809093
v 15.18194199 13.42254639 30.6088829
vn 0.7067030668 0.5087748766 -0.4916491807
v 0.8046115041 7.732984543 38.50528717
vn -0.9065614939 -0.1318137795 0.400963068
v 4.301952362 1.378843188 33.78219986
vn -0.5198128819 -0.8434039354 -0.1358836442
v 7.572597504 1.027023673 31.06938744
vn -0.1586114317 -0.8838795424 -0.4399993122
v 2.903532982 2.324716568 35.01287842
vn -0.6776967049 -0.7353381515 0.002218242735
v 0.764312923 7.164070129 38.16032791
vn -0.9152371883 -0.1942574978 0.3529942036
v 8.629564285 1.354483008 30.29123878
vn -0.02789021656 -0.8400763869 -0.5417506695
v 2.974335194 2.35212326 33.90197754
vn -0.671518445 -0.7304040194 -0.1247914657
v 2.289397717 3.009360075 35.88574219
vn -0.7509115338 -0.6519527435 0.1053066477
v 2.857999325 2.375950575 35.35631561
vn -0.6860431433 -0.7264589071 0.04002821073
v 2.418471336 2.851167679 35.77330017
vn -0.7180556655 -0.6903728843 0.08821200579
v 3.137223482 2.178602457 34.11867523
vn -0.6428634524 -0.7591871023 -0.101791434
v 1.361970067 7.584851742 39.53940582
vn -0.8487473726 -0.1585054994 0.5044837594
v 3.009201527 2.238247156 35.33299255
vn -0.6552281976 -0.7546812296 0.03364932165
v 2.909344435 2.331090212 34.6134491
vn -0.6704100966 -0.7404460907 -0.04785266146
v 8.668622971 1.127628326 30.67183876
vn -0.03103907965 -0.8739030957 -0.4851081669
v 1.44671452 4.226577759 36.34115982
vn -0.840679884 -0.5225630999 0.1420743018
v 8.425333977 0.9943031073 30.94285393
vn -0.06185892597 -0.8846966624 -0.4620446563
v 1.873735428 3.711210012 36.70488739
vn -0.7804098725 -0.5966437459 0.1870206594
v 7.479118347 0.7144926786 31.81035614
vn -0.159948051 -0.9189814329 -0.3604021966
v 4.211971283 1.360614538 34.38652039
vn -0.5207335949 -0.8511143923 -0.06663924456
v 15.50350952 13.15742874 30.82076073
vn 0.740246594 0.4787929356 -0.4720088243
v 5.179201126 0.9172650576 33.72898865
vn -0.4247970283 -0.8945322037 -0.1391388178
v 17.17803574 11.60058975 33.16202545
vn 0.9301750064 0.3031764328 -0.2070228457
v 16.55294228 12.50239182 32.2339592
vn 0.8620465994 0.4092439711 -0.2989900112
v 5.2330513 1.032692432 33.04000473
vn -0.4159547091 -0.8827984333 -0.2182857394
v 2.909947634 2.356973648 35.70824051
vn -0.6764476895 -0.7319825888 0.08136346936
v 4.233154774 1.331077695 34.68112183
vn -0.5269526839 -0.8492472768 -0.03316456452
v 6.435538292 0.5734156966 33.05598831
vn -0.2789349258 -0.9363423586 -0.2132094949
v 8.572934151 0.7640401721 31.40917397
vn -0.03691421449 -0.9175425172 -0.3959205449
v 1.186553001 7.794364929 39.29720306
vn -0.8704056144 -0.1199219972 0.4775068462
v 1.684554815 3.863304138 36.33016968
vn -0.8156843185 -0.5607864857 0.1420479566
v 4.253725052 1.36428535 34.09625626
vn -0.5241730809 -0.8461004496 -0.09672973305
v 2.412202597 3.05151248 36.70278168
vn -0.7344323397 -0.6505337954 0.1934292912
v 1.104579568 5.723554611 37.88410568
vn -0.8725942373 -0.3632041216 0.3265915215
v 2.967101097 2.344061375 36.00384903
vn -0.6691918969 -0.7333366275 0.1199983656
v 5.160074234 0.8762261868 34.09514236
vn -0.4172854424 -0.9021430016 -0.1095939502
v 2.193664551 3.375532389 36.91783142
vn -0.7569240928 -0.6165609956 0.216606617
v 5.20101738 0.9640960693 33.41066742
vn -0.4051965773 -0.8963751197 -0.1797981411
v 6.409976482 0.4867880344 33.51579666
vn -0.288682729 -0.9409511685 -0.1768422723
v 5.148855209 0.8521154523 34.41329956
vn -0.4263506532 -0.9020782709 -0.06693255901
v 4.172643661 1.361146927 35.10484314
vn -0.5186415315 -0.8549714684 0.005896786228
v 1.568397641 7.82919693 39.92915344
vn -0.8272327781 -0.1205472872 0.5487752557
v 2.27973175 3.502090216 37.4961853
vn -0.7451913357 -0.6053788662 0.2796539664
v 8.60133934 0.6277620196 31.7320118
vn -0.0481518805 -0.9276402593 -0.3703577816
v 14.91896248 4.140270233 39.50405121
vn 0.6706653833 -0.546054244 0.5020285845
v 17.78305435 9.397163391 34.79373932
vn 0.9979940057 0.05977129564 -0.02086548321
v 16.19886971 12.76241493 31.68372536
vn 0.8246967196 0.424412787 -0.3738303483
v 17.78646088 8.453304291 35.17088318
vn 0.9986739755 -0.04739841819 0.0200921502
v 17.28297997 6.799055099 37.12125778
vn 0.939319253 -0.2368197888 0.2481848001
v 17.10651398 6.111473083 37.01908875
vn 0.9227486849 -0.3118700683 0.2264330536
v 16.95933533 11.97589874 32.81295776
vn 0.9066779017 0.3400853276 -0.2495538145
v 1.489581943 5.993907928 38.97966003
vn -0.8381128907 -0.3149406016 0.445397824
v 8.666452408 0.9009711146 31.1066761
vn -0.03154629096 -0.8977966309 -0.4392789602
v 7.170768738 0.3927214146 33.04284286
vn -0.1878962666 -0.9584088922 -0.2148193121
v 6.350954056 0.4555280507 33.822155
vn -0.2736293375 -0.9523474574 -0.1347637922
v 6.788452148 0.5094220638 32.91908646
vn -0.238049373 -0.9427197576 -0.23369205
v 8.625977516 0.541457653 31.95787811
vn -0.0331382677 -0.9422346354 -0.3333103359
v 5.141721725 0.8367993832 34.79374313
vn -0.4111728072 -0.9113678932 -0.01858655736
v 4.233383179 1.363303781 35.77695465
vn -0.535558641 -0.8395092487 0.09165807813
v 2.723262548 2.723342896 36.69816208
vn -0.6968386173 -0.692258656 0.1876005083
v 7.112014771 0.5473783016 32.50180054
vn -0.2076223642 -0.9366313815 -0.2821606398
v 7.614302635 0.3240871727 33.0021019
vn -0.1401184499 -0.9630368352 -0.2300584167
v 6.019760132 0.5736086369 33.74559021
vn -0.3226677179 -0.9354356527 -0.144380182
v 6.341331482 0.4239690006 34.10348129
vn -0.2984040976 -0.949658215 -0.09541647881
v 2.584756851 3.240206242 37.6960144
vn -0.7050726414 -0.6410183311 0.3032623529
v 8.622310638 0.4234353602 32.30315399
vn -0.03030683286 -0.9546150565 -0.2962963879
v 7.090955734 0.4575024247 32.84226608
vn -0.2008044422 -0.9474517703 -0.2490234524
v 5.141414642 0.8361168504 35.17456818
vn -0.4234699905 -0.9056529999 0.02158180811
v 2.954971075 2.431000471 36.41171646
vn -0.6677624583 -0.7288506031 0.1512287557
v 2.658685684 2.658765316 36.12811279
vn -0.6979756951 -0.7061247826 0.1192378625
v 4.565124512 1.168285608 35.77903366
vn -0.4897579253 -0.8662396669 0.09882295132
v 13.23334503 14.30827332 29.41679764
vn 0.4885569215 0.6068590879 -0.626924336
v 16.15723419 13.00955582 31.89492989
vn 0.8100506067 0.4694522321 -0.3513298333
v 17.73358154 8.355846405 35.93240356
vn 0.9930405617 -0.05631991476 0.1034337804
v 5.512435913 0.6982881427 34.3241539
vn -0.3827468753 -0.9211989045 -0.06998115778
v 2.995296478 2.474889278 36.74435043
vn -0.6541758776 -0.7299360633 0.198109284
v 6.757556915 0.386667341 33.5485611
vn -0.2428770512 -0.9552893043 -0.1686210781
v 7.110963821 0.3304843605 33.40263748
vn -0.2003360838 -0.9621893167 -0.1845459193
v 5.507232666 0.6856916547 35.43592834
vn -0.3848735094 -0.9221490622 0.03890372068
v 2.259260893 5.352546692 39.74352264
vn -0.758831203 -0.3906342089 0.5211334825
v 5.146396637 0.8468375802 35.49361801
vn -0.4250413477 -0.9031686187 0.0602183491
v 4.202571869 1.471630335 36.394104
vn -0.5234640241 -0.8355250359 0.1669828594
v 7.139039993 0.2366262227 33.98056793
vn -0.188378945 -0.9749115109 -0.1185786873
v 3.386642694 2.195822239 36.95658875
vn -0.6201415062 -0.7514485121 0.2252768278
v 8.489954948 0.206444636 33.146492
vn -0.04335636273 -0.9754835367 -0.2157593071
v 5.158330917 0.8724573851 35.8614769
vn -0.4224405885 -0.9003775716 0.104231447
v 6.42105484 0.3549537659 34.80400848
vn -0.2911188304 -0.9561707377 -0.03142175823
v 6.739860535 0.3163602948 34.07575607
vn -0.2430879921 -0.9633911252 -0.1130742133
v 7.470809937 0.1583707631 34.15387726
vn -0.1601163894 -0.9834538102 -0.08474293351
v 2.438083172 4.550397873 39.29983521
vn -0.7279212475 -0.4883657396 0.4812790751
v 4.007993698 1.67992568 36.76922989
vn -0.5456658006 -0.8144250512 0.1973845214
v 6.328273773 0.3807162941 35.04052353
vn -0.2750814855 -0.9613479972 0.01184128132
v 8.090423584 0.2566839755 33.0442543
vn -0.09488007426 -0.9697293043 -0.2249952704
v 7.083106518 0.1970269233 34.61854935
vn -0.1953413486 -0.9795058966 -0.04909110814
v 13.58322525 14.30236053 29.70084572
vn 0.5237840414 0.6094273925 -0.5951878428
v 17.38226318 11.21723175 33.62924194
vn 0.9532349706 0.2594969571 -0.1549336761
v 12.67383194 14.43664932 29.14307022
vn 0.424541831 0.6226933599 -0.6572801471
v 12.06382179 14.48542976 28.83760452
vn 0.3588990569 0.6273756027 -0.691079855
v 4.209241867 1.419677854 36.11128235
vn -0.5149123073 -0.8484570384 0.1224171594
v 6.732940674 0.2888560891 34.40370941
vn -0.2400082499 -0.9686858654 -0.06359042227
v 8.434768677 0.1190258637 33.63050079
vn -0.0591747649 -0.9852061868 -0.1608327478
v 5.522155762 0.7218323946 35.95290375
vn -0.3851715922 -0.9185028672 0.08941671252
v 6.376868725 0.3751828074 35.38273239
vn -0.2919412255 -0.9552912712 0.04678528011
v 5.416332245 0.8073772788 36.24829102
vn -0.3933919668 -0.9074734449 0.147426784
v 2.609451532 5.515047073 40.3073082
vn -0.7072432637 -0.37767905 0.5976332426
v 2.712570429 6.285076618 40.83151245
vn -0.699159503 -0.2884929776 0.6541771889
v 7.127447128 0.179607451 34.91572952
vn -0.1944715232 -0.9809057117 -0.002190272789
v 7.133319855 0.2082105279 34.27543259
vn -0.2026816607 -0.9759808183 -0.07988478988
v 8.083797455 0.186458841 33.38787079
vn -0.09646552056 -0.9788657427 -0.1803227067
v 7.464500427 0.1197661012 34.79375076
vn -0.1611219347 -0.9862830639 -0.03585293517
v 6.728809357 0.2724269032 34.79375458
vn -0.2452038229 -0.9692237973 -0.02191602625
v 4.640037537 1.211875796 36.39195633
vn -0.4840013981 -0.8624569178 0.1480226964
v 6.882007599 0.234967038 35.15063095
vn -0.2426236868 -0.9699798226 0.01652122848
v 5.418162346 0.8863580823 36.68376923
vn -0.3929647505 -0.9003864527 0.186769709
v 8.078596115 0.1307809353 33.73076248
vn -0.1000732407 -0.9851183295 -0.1397399902
v 6.386597633 0.4082260728 35.8705368
vn -0.285140425 -0.9544587731 0.08776883036
v 8.311235428 0.0432889536 34.37073135
vn -0.07197575271 -0.994992733 -0.06934661418
v 7.128501892 0.1846519858 35.31275558
vn -0.1946718842 -0.9802672863 0.03433506191
v 16.77166748 6.061981201 38.02955627
vn 0.8845825791 -0.3230514824 0.3363798559
v 12.60606956 14.19012642 28.88017654
vn 0.4107532203 0.5966960788 -0.6893733144
v 13.79154968 14.39708424 29.99464035
vn 0.5528069735 0.6166603565 -0.5604769588
v 4.501743317 1.370825291 36.77430344
vn -0.4880391359 -0.849137187 0.2019500732
v 2.726104975 3.959075689 39.08420563
vn -0.6905725002 -0.5553633571 0.4633369744
v 6.731731415 0.2840460837 35.51308823
vn -0.2397316396 -0.9684371352 0.06825111806
v 7.114727497 0.2346530855 35.95110321
vn -0.1923524439 -0.9742212892 0.1178705096
v 3.113218307 6.646852016 41.37151337
vn -0.654108882 -0.2674759626 0.7075296044
v 5.991207123 0.4910737276 34.97408295
vn -0.3217532337 -0.9467750192 -0.009587202221
v 8.313264847 0.07420705259 34.02513885
vn -0.0726564154 -0.9917023182 -0.1060542464
v 6.365477562 0.5035752654 36.50608444
vn -0.2819576859 -0.9453055859 0.164003849
v 7.59059763 0.1481278092 35.93146896
vn -0.1463462561 -0.9835051298 0.1063032672
v 3.454263687 5.971247673 41.39904404
vn -0.6185386181 -0.3269447088 0.714504838
v 7.056892395 0.2985803187 36.35007477
vn -0.2180850208 -0.9646003246 0.1482737511
v 8.191635132 0.04394480214 35.51865387
vn -0.06652407348 -0.9959745407 0.0600771904
v 8.074001312 0.08164790273 35.85969543
vn -0.1020443067 -0.9901993275 0.0953534171
v 2.831514597 5.840230465 40.74227524
vn -0.6813698411 -0.3442846835 0.6459126472
v 7.113253593 0.3408967257 36.65402603
vn -0.189449966 -0.9648364782 0.1822067052
v 8.745156288 0.03098165058 35.70029068
vn -0.01127033122 -0.9969021082 0.07784055173
v 5.745204926 1.164893985 38.06733704
vn -0.3608711064 -0.8665484786 0.3447692096
v 4.495510101 2.608200312 39.49291229
vn -0.4975816309 -0.7129662633 0.494056344
v 4.097793579 3.232788324 39.90221786
vn -0.5533929467 -0.6365786791 0.5371441841
v 8.07771492 0.1214463711 36.2048111
vn -0.1017113253 -0.9855145812 0.1357050687
v 12.4683609 3.681330681 41.26034164
vn 0.3962590992 -0.5869184732 0.7060492039
v 17.75117111 9.801326752 34.79373932
vn 0.9945831895 0.1016898975 -0.02152677812
v 13.13896751 3.81598258 40.94648743
vn 0.4846595824 -0.5743427873 0.6597237587
v 14.00162697 3.961187363 40.36396027
vn 0.5736820698 -0.557967782 0.5996338725
v 12.38560867 14.62248611 29.14307022
vn 0.383808434 0.6384655237 -0.6671227813
v 7.192508698 0.1886503845 35.60866165
vn -0.1778828502 -0.9816234112 0.06908801198
v 2.962658882 5.373152733 40.61193466
vn -0.6533685923 -0.402041018 0.6414612532
v 4.385566711 4.71740675 41.42913055
vn -0.5018907189 -0.4709017873 0.7255048156
v 5.541086197 2.092634439 39.64345551
vn -0.3744599223 -0.7691754699 0.5178309083
v 4.977468014 3.465027332 40.85024261
vn -0.4221557677 -0.6160314679 0.6650486588
v 8.070268631 0.04163536057 35.1606636
vn -0.09423035383 -0.9954119921 0.01660261117
v 3.173171759 5.574508667 40.94559097
vn -0.6529586911 -0.3663456142 0.6628995538
v 6.539653778 1.289474845 38.95921326
vn -0.2600235939 -0.8548986316 0.4489277005
v 6.917552948 1.139293432 38.8772049
vn -0.2255035639 -0.8675484657 0.4432919621
v 6.743450165 0.3305929601 36.04307556
vn -0.2449788898 -0.961358428 0.1255999207
v 6.025051117 2.309030771 40.24148178
vn -0.3083362281 -0.7337630391 0.6054094434
v 4.900465012 4.241165161 41.44221497
vn -0.4519416094 -0.5138325095 0.7291947007
v 8.612228394 0.4225803316 37.68948746
vn -0.02433391288 -0.9549652338 0.2957183123
v 7.199493408 1.121990085 38.97442245
vn -0.1939549297 -0.8670597076 0.4588997364
v 7.557877541 1.04671979 38.96080399
vn -0.1469547004 -0.8885450363 0.4346171618
v 5.676978111 3.14105773 40.96653366
vn -0.3701916933 -0.6377181411 0.6754803061
v 5.220776558 3.970824957 41.4304657
vn -0.4072972238 -0.5525649786 0.7271732688
v 3.756157637 5.457463741 41.39249039
vn -0.5815646648 -0.3940426409 0.7116972208
v 6.767185211 0.4249233007 36.67773819
vn -0.2393505871 -0.9509963393 0.1957478821
v 5.096363068 3.826564789 41.24347687
vn -0.4171600044 -0.5902290344 0.6910912991
v 14.94064331 13.74013138 30.6088829
vn 0.677718699 0.545568347 -0.4930036068
v 16.34975052 12.8071022 32.09602356
vn 0.836604476 0.4394626319 -0.3270558417
v 17.40792084 7.115940094 36.90213776
vn 0.9598072767 -0.1867149472 0.2095413357
v 13.29807663 14.53693771 29.70084572
vn 0.4916460514 0.6356345415 -0.5951914787
v 8.082843781 0.1757467985 36.55132675
vn -0.0948195681 -0.9800518155 0.1746643335
v 6.091251373 1.459907532 38.99412155
vn -0.3146823347 -0.8382548094 0.4453132749
v 8.493951797 0.7740523219 38.60292816
vn -0.04873030633 -0.911593914 0.4081934392
v 6.210089684 3.275323153 41.34859848
vn -0.3131937683 -0.6355655193 0.7056671977
v 8.493492126 0.9695085287 39.01532745
vn -0.04720336944 -0.8917437196 0.4500721991
v 8.664368629 1.074713469 39.22671127
vn -0.01243636571 -0.8748687506 0.4842003286
v 7.839607239 1.464479923 39.76941681
vn -0.1269964874 -0.8363789916 0.5332373381
v 6.5 3.328855991 41.5112381
vn -0.2619500756 -0.6250537038 0.7353162766
v 8.780887604 1.273834348 39.58499908
vn -0.01250954159 -0.8519543409 0.5234666467
v 14.93438435 8.128108025 41.49546051
vn 0.675845623 -0.07871565968 0.732827723
v 3.131147623 7.981742859 28.28642464
vn -0.6600968242 -0.09683327377 -0.7449131012
v 3.329193115 7.838142395 28.14175415
vn -0.7781956792 -0.1551163346 -0.608564198
v 7.542064667 0.8358296156 38.5099144
vn -0.1580442339 -0.9075781703 0.3890037239
v 2.277556419 8.768122673 29.05763626
vn -0.7459517121 -0.01390727703 -0.6658548713
v 2.064541817 8.527801514 29.31437302
vn -0.7715253234 -0.04101029411 -0.6348754168
v 2.297486305 8.18490696 29.07638931
vn -0.7373818755 -0.07717853785 -0.6710525155
v 3.049540281 7.354678154 28.47523499
vn -0.6579266787 -0.1710400283 -0.7334015369
v 3.489055395 7.209266663 28.14175415
vn -0.7398558259 -0.2316074669 -0.6316417456
v 5.676136494 3.589799404 41.36803818
vn -0.3727169037 -0.6045824289 0.7039617896
v 3.196513891 7.113767624 28.406147
vn -0.6311455965 -0.2063289285 -0.7477189302
v 2.445579767 7.648572922 29.00369453
vn -0.7283691168 -0.1349121481 -0.6717716455
v 17.7506485 8.826486588 35.91773987
vn 0.9944394231 -0.002681657905 0.1052758768
v 7.888676167 1.260393977 39.44942856
vn -0.1205106825 -0.8536851406 0.5066545606
v 1.578079104 8.353607178 29.97386932
vn -0.8200144172 -0.05955591425 -0.5692358613
v 2.763195038 7.316833496 28.75328636
vn -0.6879797578 -0.1805224419 -0.7029193044
v 3.206989527 6.390044212 28.6390667
vn -0.6383334398 -0.2847397625 -0.715159893
v 1.429838538 8.099113464 30.23076248
vn -0.8411706686 -0.08782147616 -0.5335909724
v 1.910380602 7.505225182 29.67141724
vn -0.7830561399 -0.1530839354 -0.6028170586
v 2.756698608 6.821937561 28.90557289
vn -0.6918672919 -0.2288715243 -0.6847900748
v 6.955669403 3.010097742 41.38048935
vn -0.2191995978 -0.6558082104 0.7224037051
v 1.100128174 8.231132507 30.76934433
vn -0.8787121177 -0.07474989444 -0.4714631736
v 2.501310349 8.806207657 28.8157959
vn -0.7133635879 -0.004414720926 -0.7007802129
v 1.873502731 7.198419571 29.81106567
vn -0.7885545492 -0.1982003152 -0.5821498036
v 1.671035647 7.444881439 30.02022743
vn -0.8134393096 -0.1622895449 -0.5585504174
v 3.111747742 7.664709091 28.35408211
vn -0.6461293101 -0.1468121856 -0.7489746809
v 2.497154474 8.44171524 28.83816147
vn -0.7131707072 -0.05359670892 -0.6989384294
v 3.496439219 5.927080154 28.585186
vn -0.6184778214 -0.3257659078 -0.7150956392
v 2.747986317 7.734890938 28.67648315
vn -0.6859106421 -0.1309401989 -0.7158081532
v 1.80111897 8.422513962 29.65579224
vn -0.7941581607 -0.06089983881 -0.6046519876
v 0.8398897648 8.251319885 31.28331566
vn -0.9075003862 -0.06921204925 -0.4143099487
v 3.53946352 5.561451912 28.72990036
vn -0.5953004956 -0.3773376048 -0.709389627
v 0.6815142632 8.068225861 31.69273567
vn -0.9219411016 -0.0899214372 -0.3767475188
v 1.780126691 6.546346188 30.2084446
vn -0.7996167541 -0.2764422894 -0.5330972672
v 17.65215302 10.41352463 34.44606018
vn 0.9845637679 0.1635312289 -0.06238394976
v 16.45223999 5.855930328 38.59068298
vn 0.8473863006 -0.3472329378 0.4017035961
v 2.553853035 7.247189522 28.98421097
vn -0.713754952 -0.1902640313 -0.6740574241
v 3.066431284 6.910200119 28.58101463
vn -0.6569664478 -0.2257837653 -0.7193168402
v 2.112559795 7.598337173 29.39298248
vn -0.7600216269 -0.145466879 -0.6334086061
v 6.302841187 3.457229137 28.45583344
vn -0.2935873866 -0.6170359254 -0.7301185727
v 6.138542175 3.229638577 28.72303581
vn -0.3164832592 -0.635571599 -0.7041925192
v 2.460478783 6.865180492 29.20525169
vn -0.7212005258 -0.2292799801 -0.6536822319
v 6.556903839 3.097770929 28.67416191
vn -0.260869354 -0.6539293528 -0.7101573944
v 6.927753448 3.080886841 28.56295586
vn -0.2269326597 -0.6600964665 -0.7160825133
v 7.238243103 3.1312356 28.43126678
vn -0.1917492747 -0.645912528 -0.7389379144
v 7.525800705 3.10511446 28.38742065
vn -0.1568001062 -0.6515598893 -0.7422152162
v 7.784376144 3.108715057 28.33565903
vn -0.1265378594 -0.6490736604 -0.7501276731
v 2.413403988 6.561282635 29.37552261
vn -0.7268563509 -0.2676384151 -0.632494688
v 8.0741539 3.033553839 28.35987854
vn -0.09404728562 -0.6650589705 -0.7408452034
v 7.987823486 3.303046942 28.14175415
vn -0.1345108896 -0.7775416374 -0.6142767072
v 6.434181213 2.6314466 29.18573952
vn -0.281529218 -0.7035485506 -0.6525034308
v 0.9546048641 7.930686951 31.10948944
vn -0.8893299699 -0.110064216 -0.4438221157
v 1.688985586 6.972925186 30.1557312
vn -0.8108971119 -0.2193070501 -0.5425405502
v 2.371573448 6.199747086 29.58999825
vn -0.7377057076 -0.2975485921 -0.6060157418
v 2.777946472 6.016117096 29.22171021
vn -0.6928854585 -0.3201242387 -0.6460884213
v 6.820816994 2.650913715 29.01624489
vn -0.2411589921 -0.690890193 -0.6815519929
v 17.4406929 11.17815208 33.97986221
vn 0.9620127678 0.2500638664 -0.1095421165
v 17.62827682 8.062171936 36.52067566
vn 0.9805412292 -0.1024840176 0.1674393117
v 17.57062149 10.8264122 34.44606018
vn 0.9727776051 0.2219005376 -0.06681264937
v 5.279583454 3.865947723 28.61771965
vn -0.4047108591 -0.5650311708 -0.7189915776
v 7.107105732 2.504681826 29.07757187
vn -0.2008847147 -0.7248175144 -0.6590029597
v 5.727401733 3.445266247 28.72483253
vn -0.3519924879 -0.6122354865 -0.708003521
v 7.646537781 2.82329917 28.62149239
vn -0.1382607818 -0.6790007353 -0.7210006714
v 6.741422653 2.359262705 29.36439323
vn -0.2422719449 -0.7342519164 -0.6341753602
v 1.929821014 3.628288507 33.32415009
vn -0.7821195722 -0.5970262885 -0.1784617156
v 7.554629326 2.415194273 29.05723572
vn -0.1519136727 -0.7317334414 -0.6644459367
v 7.480903625 3.409645557 28.14175415
vn -0.1890050322 -0.7266826034 -0.660461545
v 2.134577036 3.277389288 33.65988541
vn -0.7619696259 -0.6291673183 -0.1534626186
v 6.111431122 2.49063158 29.49223709
vn -0.3123627603 -0.7094923258 -0.6317041516
v 1.848651767 3.566888571 33.99032211
vn -0.7900361419 -0.6026295424 -0.1126078144
v 7.904620171 2.403506994 29.00083733
vn -0.1034569442 -0.7273928523 -0.6783777475
v 7.98353672 2.139145851 29.28764153
vn -0.09975001961 -0.7664754987 -0.6344802976
v 7.403762817 2.010139942 29.56913567
vn -0.1714048088 -0.7733740211 -0.6103384495
v 7.323794365 1.817905188 29.84735298
vn -0.1695557833 -0.7989206314 -0.577041328
v 6.968322754 1.82420063 29.96063232
vn -0.2225207537 -0.7879721522 -0.5740944147
v 6.576289177 1.770201087 30.20936584
vn -0.2669961452 -0.7995589972 -0.537976265
v 0.5527954698 7.8670578 37.90898895
vn -0.9397643805 -0.1243676692 0.3183952868
v 7.716722488 2.057160139 29.43558502
vn -0.1382739395 -0.7682256699 -0.6250676513
v 8.529013634 2.451367378 28.87877655
vn -0.04356544837 -0.7208749056 -0.6916946173
v 14.68255615 14.0457077 30.6088829
vn 0.6486454606 0.5798356533 -0.4930006862
v 17.46033478 11.23855591 34.32974625
vn 0.9620549083 0.2631907761 -0.07197930664
v 7.603744507 2.655816793 28.79301071
vn -0.1374562085 -0.7060977221 -0.6946451068
v 2.231417179 3.35787797 33.00071335
vn -0.751747191 -0.6208779216 -0.2222312242
v 1.808479071 3.536512136 34.6439209
vn -0.7945319414 -0.6057536006 -0.04220836237
v 8.596915245 2.202563047 29.14797401
vn -0.02371327393 -0.7491925955 -0.6619275808
v 7.186164856 1.367331982 30.58285904
vn -0.1945446879 -0.841308713 -0.5043331981
v 8.257888794 2.250038147 29.12059402
vn -0.07299599797 -0.7459924817 -0.6619417071
v 8.527057648 2.020023584 29.36766815
vn -0.05049054697 -0.7733770609 -0.6319324374
v 0.8005411029 8.158565521 38.60951996
vn -0.9124364853 -0.07549969852 0.4021932483
v 2.05645752 3.212465525 34.96987915
vn -0.7705364227 -0.6373859644 -0.00357549591
v 7.833190918 1.825065613 29.70916748
vn -0.1184064001 -0.7904353142 -0.6009924412
v 8.359514236 1.815208554 29.64220238
vn -0.0762302503 -0.7909532189 -0.6071095467
v 1.573272824 3.868019104 35.4288826
vn -0.8258137107 -0.5621634722 0.04476576298
v 8.610107422 1.822181582 29.61304665
vn -0.01576291583 -0.8012843132 -0.5980760455
v 3.594587326 1.885452271 33.64352798
vn -0.5938177705 -0.7899886966 -0.152637735
v 8.357034683 1.557395577 30.00335503
vn -0.04829469323 -0.8280339837 -0.5585941076
v 1.585250616 3.876235962 34.31678009
vn -0.820389092 -0.566934526 -0.07447829843
v 3.931267023 1.665550232 33.5266304
vn -0.5589755774 -0.8114762306 -0.1704484671
v 0.9728966951 8.144916534 38.97085571
vn -0.8903360367 -0.07709433883 0.4487295747
v 2.07640481 3.229042292 34.31780243
vn -0.7693027258 -0.6346934438 -0.07305859774
v 7.926956177 1.168722391 30.70434189
vn -0.1110808998 -0.86944139 -0.4813862145
v 15.8454752 13.49947453 31.86907768
vn 0.7738746405 0.5251589417 -0.3540143073
v 17.54335403 7.817567825 36.8142128
vn 0.9714229107 -0.1280973107 0.199821353
v 12.65517807 14.72460938 29.41679764
vn 0.4197553396 0.6563825607 -0.626871109
v 16.1524334 13.25432491 32.23633957
vn 0.8122560978 0.4921520054 -0.3130917549
v 6.796983719 1.598691821 30.36721039
vn -0.2349953949 -0.8233559728 -0.516587019
v 1.296644807 8.544968605 39.60956573
vn -0.8549895287 -0.03179299831 0.5176699162
v 3.336253643 2.205581665 33.14920807
vn -0.6274887323 -0.7513270974 -0.2043661624
v 1.251487851 8.121612549 39.48223114
vn -0.8657605648 -0.08444116265 0.4932832718
v 1.379425526 8.193820953 39.70542145
vn -0.8436271548 -0.09527634829 0.528408587
v 1.875368476 3.587102652 36.2690773
vn -0.7842054963 -0.6069793701 0.1288324893
v 2.126471043 3.270652771 36.26661682
vn -0.7642669678 -0.6276366115 0.1482171416
v 3.649688721 1.958317041 33.14439392
vn -0.5900018811 -0.7824261189 -0.1992663741
v 3.21303916 2.057328939 34.96361542
vn -0.6342850327 -0.7730343342 -0.01001990587
v 3.278278112 2.135818243 33.64443207
vn -0.6283874512 -0.7625932693 -0.1535601169
v 1.806438327 3.534965992 35.27092361
vn -0.7960480452 -0.6048103571 0.02262613922
v 3.870643854 1.577297568 34.49076462
vn -0.5654933453 -0.822920084 -0.05495274812
v 1.539921165 8.289838791 39.96515656
vn -0.8219028711 -0.06332204491 0.5660971403
v 7.922711372 0.9282829762 31.16713905
vn -0.1053311899 -0.8920613527 -0.4394676685
v 8.257392883 0.8149490356 31.33626175
vn -0.0737368688 -0.9067326784 -0.415209204
v 3.220611572 2.066444397 35.49319077
vn -0.6344332695 -0.7710851431 0.05405643955
v 2.072069407 3.225444794 35.59472275
vn -0.7699247003 -0.6343182921 0.06968697906
v 3.536080599 1.808103323 35.32150269
vn -0.6057980657 -0.7947906256 0.03628501296
v 1.492678761 6.939677238 39.52350616
vn -0.8401387334 -0.2160201073 0.4974959493
v 3.228512287 2.075950861 34.32015991
vn -0.6347264051 -0.7705376744 -0.05825893581
v 12.23951721 14.88621521 29.32438278
vn 0.3691734672 0.6740486026 -0.6398198605
v 3.559831619 1.839502335 34.08988953
vn -0.6041208506 -0.7905932069 -0.1000015736
v 3.894744873 1.612380981 33.98189545
vn -0.5617294908 -0.8193096519 -0.1148549095
v 1.733911157 6.941295624 39.89542007
vn -0.7954707146 -0.2321632504 0.5597558022
v 1.802353024 7.873528004 40.26875687
vn -0.7966660261 -0.1188306808 0.5926234126
v 3.244167089 2.094783783 35.94653702
vn -0.6308428049 -0.7683666945 0.1079351678
v 3.873405457 1.581322074 35.60732269
vn -0.5657277107 -0.8210664988 0.0761705488
v 3.537677765 1.810211778 34.60500717
vn -0.6030520797 -0.7970932722 -0.03115278855
v 2.114136934 7.829863548 40.6551857
vn -0.7610658407 -0.1183125228 0.6377937794
v 3.562366724 1.842853546 35.94745636
vn -0.5964813232 -0.7963101864 0.1004996151
v 1.933906198 8.149047852 40.4869957
vn -0.771294713 -0.07600978762 0.6319232583
v 2.322125673 8.126314163 40.94180298
vn -0.7398625016 -0.07303994149 0.6687814593
v 3.913288116 1.639392495 36.25768661
vn -0.5628023744 -0.8162213564 0.130522877
v 1.828200579 8.444401741 40.38243484
vn -0.8012530208 -0.04448483884 0.5966696739
v 2.082045555 8.695940971 40.71261215
vn -0.757255137 -0.0257003177 0.6526133418
v 3.639000416 1.944179296 36.77345657
vn -0.5884752274 -0.7825633287 0.2032031715
v 2.328414917 7.560791016 40.85065842
vn -0.7491987348 -0.1371418685 0.6479918361
v 2.304947138 7.403232574 40.78550339
vn -0.7464453578 -0.1732778549 0.6424905658
v 2.403380632 7.541620255 40.92860031
vn -0.7310102582 -0.1438579112 0.6670299172
v 8.078788757 0.6858716011 31.67909813
vn -0.09139022976 -0.9235886931 -0.3723328412
v 2.02276206 6.275707245 39.99850464
vn -0.7803182006 -0.295260042 0.5512939095
v 16.68284988 6.201950073 38.36802673
vn 0.8731715083 -0.3062569499 0.3791809082
v 2.234591007 5.788823128 40.00710297
vn -0.749361217 -0.355171293 0.5588480234
v 16.01041794 5.503074646 39.13505554
vn 0.7971652746 -0.3853683472 0.4647781551
v 14.60294724 14.38565445 30.92791367
vn 0.6390431523 0.6180533171 -0.4578579366
v 15.19965363 13.94763565 31.2538681
vn 0.7103258967 0.5717464089 -0.4105400145
v 17.72958755 9.799098969 35.63878632
vn 0.9913492203 0.1037303358 0.08041591197
v 1.606454372 7.281749725 39.8350563
vn -0.8200191855 -0.1848459691 0.5416645408
v 1.723597527 7.498764038 40.07142639
vn -0.809687674 -0.1555815637 0.5658624172
v 2.840589285 7.864683151 41.43450928
vn -0.6843949556 -0.1198852062 0.7191877961
v 2.246076822 6.194813728 40.25350189
vn -0.7372711897 -0.3068541288 0.6018900871
v 2.890480518 7.338626385 41.37425995
vn -0.6734182239 -0.1760431975 0.7179949284
v 2.784324408 7.055067062 41.19620132
vn -0.6879527569 -0.2126585841 0.6939001083
v 2.481888056 6.775535583 40.78733063
vn -0.7180268168 -0.2364040315 0.6546378136
v 2.830766439 6.66661644 41.11241913
vn -0.6838850975 -0.2592696548 0.6819680333
v 3.16932869 5.956762791 41.13803482
vn -0.6534142494 -0.3146079779 0.6885285974
v 3.287410975 2.146816254 36.44543457
vn -0.6327335835 -0.7562099099 0.1667176783
v 3.602954626 5.080070496 41.04342651
vn -0.5997812748 -0.4252411723 0.677814424
v 8.295478821 0.4726409912 37.79153824
vn -0.07300474495 -0.9474616647 0.3114269078
v 6.603654861 1.41650033 39.23261261
vn -0.2679368854 -0.8402586579 0.471354723
v 3.603461981 1.897188187 36.45029068
vn -0.5976438522 -0.7859264016 0.1585607678
v 5.899702072 2.153917074 39.96835709
vn -0.3394529819 -0.7636494637 0.5491913557
v 2.135871887 6.6600914 40.33228302
vn -0.7751197815 -0.2420489043 0.5836108923
v 7.921016693 0.6534500718 38.19942856
vn -0.1098432988 -0.9288550615 0.3537833989
v 8.253952026 0.6536560655 38.28396606
vn -0.07214357704 -0.9270305634 0.36798051
v 6.250524044 2.118393183 40.11605453
vn -0.2919615209 -0.7644166946 0.5748265386
v 7.907618523 0.7987785935 38.54659653
vn -0.1047255397 -0.905675292 0.4108343422
v 14.89178848 4.816158295 40.15915298
vn 0.6750431657 -0.4552527368 0.5805701613
v 16.70780754 12.76706028 33.18876266
vn 0.8779673576 0.4314001799 -0.2075264454
v 2.222701788 6.454708099 40.35110092
vn -0.7317973971 -0.2698337436 0.6258292794
v 8.074306488 0.9984764457 39.00959015
vn -0.09006535262 -0.8936491013 0.439635694
v 7.318157196 1.613815546 39.85641861
vn -0.1671524793 -0.818251133 0.5500228405
v 6.271326065 2.931392431 41.05379486
vn -0.3079609573 -0.6693513989 0.6761130095
v 2.522629023 7.334720612 41.00479889
vn -0.7144694328 -0.1841606796 0.6749950051
v 8.231983185 1.213409662 39.43453598
vn -0.06936424971 -0.8629566431 0.5004942417
v 2.525398254 5.938949585 40.45841217
vn -0.7175043225 -0.329741627 0.6135617495
v 7.099450111 2.294424057 40.68515778
vn -0.2064190656 -0.7447324395 0.634637475
v 6.727027893 2.488616943 40.77680969
vn -0.2370578051 -0.7122548819 0.6606788635
v 3.388881922 5.485012054 41.09497452
vn -0.6168895364 -0.3867886662 0.6854500771
v 6.731119156 2.881483793 41.18359756
vn -0.2424719781 -0.6814439893 0.6905370951
v 8.374515533 1.462041974 39.85642624
vn -0.0538501218 -0.8419338465 0.5368869305
v 7.634283066 2.467398882 41.01580048
vn -0.1325898319 -0.7130205035 0.6884923577
v 7.366136074 2.813257217 41.3062706
vn -0.1678286642 -0.6894808412 0.7045918703
v 8.521999359 1.63871932 40.12880707
vn -0.04278976843 -0.8100891709 0.5847431421
v 7.280155182 2.50246048 40.96846771
vn -0.1976021379 -0.7083399892 0.6776487231
v 6.831087112 1.503363729 39.49214172
vn -0.2328213155 -0.8354053497 0.497887671
v 8.117523193 1.875530124 40.40695572
vn -0.08239153773 -0.7936552763 0.6027627587
v 5.835214615 2.555850744 40.43413925
vn -0.3458035886 -0.7088900805 0.614731431
v 8.598561287 1.972353578 40.57748795
vn -0.02722529136 -0.783829689 0.6203787327
v 11.80008507 15.06740379 29.2787571
vn 0.3263389468 0.6937994957 -0.6419852972
v 6.698509216 2.08686018 40.28569412
vn -0.256160289 -0.7680506706 0.5869242549
v 3.260109186 8.305686951 28.14175415
vn -0.7700513005 -0.07111515105 -0.6340060234
v 2.822485447 8.167264938 28.54245377
vn -0.6918495297 -0.08156046271 -0.7174204588
v 2.52994585 7.984596252 28.85337448
vn -0.7136906981 -0.09813424945 -0.6935526133
v 2.30867362 7.413143158 29.20866585
vn -0.7380822897 -0.1790418178 -0.6505217552
v 7.572486401 1.813233495 40.21529007
vn -0.1452177018 -0.8033457994 0.5775355697
v 2.175350189 7.102516174 29.4553299
vn -0.7563894987 -0.2038945556 -0.6215319037
v 2.064445496 6.781784058 29.71010971
vn -0.7678440213 -0.2451407611 -0.5918796659
v 8.356575012 2.989631176 28.36878014
vn -0.05892474577 -0.6697419286 -0.7402523756
v 7.888626099 1.644325376 40.05308914
vn -0.09812451154 -0.8152351379 0.5707567334
v 7.412475586 2.244907379 40.71842194
vn -0.1616744697 -0.7456276417 0.6464524865
v 7.836533546 1.971663594 40.48314667
vn -0.1121682823 -0.7707319856 0.6272084713
v 8.501739502 3.243201971 28.14175415
vn -0.06643936783 -0.7774167657 -0.6254670024
v 8.736455917 3.069195271 28.27905846
vn -0.01054584607 -0.6567564607 -0.7540290356
v 6.635951996 2.062416315 29.77330208
vn -0.2559185028 -0.7678564191 -0.5872837901
v 7.323177338 2.24894309 29.30134773
vn -0.1744198054 -0.7468090653 -0.6417585015
v 7.024007797 2.142251968 29.52230072
vn -0.2113307714 -0.7616307735 -0.6125829816
v 8.790236473 2.874417067 28.4521122
vn -0.005813319236 -0.6789301038 -0.734179914
v 9.523460388 2.782246113 28.56783867
vn 0.06624391675 -0.6914565563 -0.7193744183
v 8.020913124 2.846861362 41.46108246
vn -0.1088008955 -0.6973474026 0.7084271312
v 17.33363342 11.66087818 34.32975006
vn 0.9512985349 0.2991930544 -0.07426062971
v 17.49341965 11.192173 34.73585892
vn 0.9655629396 0.2584079802 -0.03022412583
v 15.83711433 13.83818436 32.41321564
vn 0.7848162055 0.5465400815 -0.2921599746
v 17.66804123 10.4162674 35.14173889
vn 0.9856855869 0.1678254008 0.01608021744
v 15.665905 13.89868546 32.09602356
vn 0.758087337 0.5662824512 -0.3234621584
v 2.938499689 8.488677979 28.40649223
vn -0.6800481677 -0.04352530092 -0.7318743467
v 9.232532501 2.286860943 29.05421257
vn 0.04255471751 -0.7433139682 -0.6675877571
v 9.517486572 2.468574524 28.88017654
vn 0.06152493134 -0.7225361466 -0.6885899901
v 10.20548248 2.946101665 28.51707077
vn 0.1605850309 -0.6678140163 -0.7267990708
v 9.080226898 1.710027814 29.7616272
vn 0.009628574364 -0.8126536012 -0.5826675296
v 9.814064026 2.503986835 28.88017654
vn 0.1028085202 -0.714256227 -0.6922921538
v 2.017223597 6.408493042 29.93985176
vn -0.7732747197 -0.2719910741 -0.5727713704
v 9.248023987 1.978812814 29.41679764
vn 0.04258269444 -0.7748505473 -0.6307086349
v 9.703338623 2.17173624 29.23313332
vn 0.08933795244 -0.7564587593 -0.647911191
v 9.49597168 1.847687125 29.60504913
vn 0.06874416769 -0.7932494283 -0.6050037742
v 10.72102928 3.263654232 28.35941505
vn 0.2010702491 -0.6342517734 -0.7465222478
v 10.16087532 2.410167694 29.04298973
vn 0.1377929151 -0.7345119119 -0.6644586921
v 8.155658722 2.637201071 28.7217598
vn -0.09124026448 -0.6993408799 -0.708941102
v 10.12111282 2.078514099 29.41679764
vn 0.1393197328 -0.7625821829 -0.6317107081
v 8.492166519 2.736257553 28.59484482
vn -0.03657585755 -0.6978937984 -0.7152667046
v 9.901287079 1.893741965 29.60504913
vn 0.1074999049 -0.792406261 -0.6004465818
v 8.972465515 2.419490576 28.90200996
vn -0.0001396866865 -0.7338793874 -0.6792797446
v 11.2637558 3.433954239 28.38862228
vn 0.2669761479 -0.6146440506 -0.7422509193
v 9.767623901 2.952659607 28.43873787
vn 0.09841029346 -0.6691706181 -0.7365636826
v 10.7600975 2.618486643 28.97811127
vn 0.2073727399 -0.7072262764 -0.6758901477
v 13.23028374 4.428863525 41.35889435
vn 0.482999295 -0.5064541101 0.7142940164
v 14.60670853 4.846439362 40.49335861
vn 0.6319679618 -0.4598194361 0.6238449812
v 8.956768036 2.075363159 29.29100418
vn 0.002521975897 -0.771133244 -0.6366688013
v 11.29465103 3.166992188 28.62856483
vn 0.2629828453 -0.6468832493 -0.7158086896
v 10.25585938 1.808223724 29.79772377
vn 0.152233988 -0.7956873178 -0.5862648487
v 11.80162811 3.699533463 28.38862228
vn 0.3206013739 -0.5865859389 -0.7437282205
v 11.46369171 2.971618414 28.88017654
vn 0.289185971 -0.665151 -0.6884371042
v 11.71838379 3.365211487 28.62856483
vn 0.3147459328 -0.6219903827 -0.7169818282
v 10.08240509 2.715400696 28.71115494
vn 0.1277456135 -0.696207881 -0.7063820362
v 11.17280579 2.597080469 29.14307022
vn 0.2491813004 -0.7131888866 -0.6551872492
v 10.47631836 2.000339985 29.60504913
vn 0.1761882156 -0.7729334831 -0.6095338464
v 10.75737572 3.027520895 28.57746887
vn 0.2093845606 -0.6629483104 -0.718789041
v 8.941566467 1.409244418 30.19560432
vn 0.002663952298 -0.8388453722 -0.5443632603
v 9.734725952 1.145553589 30.71440887
vn 0.0923480019 -0.8747446537 -0.475703299
v 10.41412354 2.618934631 28.88017654
vn 0.1764350086 -0.6996185184 -0.6923905015
v 11.17005539 2.352454662 29.41679764
vn 0.2482575774 -0.734828651 -0.6311854124
v 10.69358444 1.834316373 29.89566231
vn 0.1880282611 -0.798858285 -0.5713762641
v 9.890239716 1.34631741 30.40042305
vn 0.1150737926 -0.8490961194 -0.5155519247
v 9.276210785 1.418597579 30.19560432
vn 0.03854706138 -0.8397343755 -0.5416274667
v 1.800617576 6.537906647 39.8177948
vn -0.8045331836 -0.2604692876 0.5337435007
v 9.62304306 1.586376429 29.9824295
vn 0.08015851676 -0.8201909065 -0.5664463639
v 10.80646133 2.084179163 29.60504913
vn 0.2145880461 -0.7620393634 -0.610940218
v 14.08327103 14.8791275 30.92791367
vn 0.5836017728 0.6761003733 -0.4497746229
v 12.88716888 15.08448505 29.99464035
vn 0.4462105036 0.6947684288 -0.56408602
v 13.15537643 15.14319229 30.29754639
vn 0.4756127894 0.703602016 -0.5279551744
v 17.45487976 8.49407196 37.41175461
vn 0.9600957632 -0.04658024758 0.2757652402
v 10.09466743 1.615162015 30.03191757
vn 0.1325113326 -0.8208594918 -0.5555451512
v 9.031887054 0.9882775545 30.92791367
vn 0.004067811649 -0.8868788481 -0.4619842172
v 9.690122604 0.9127677679 31.15850258
vn 0.08831907064 -0.9011272192 -0.4244637191
v 12.19171143 3.934940577 28.38862228
vn 0.369335711 -0.5550967455 -0.7452910542
v 8.945884705 0.6363563538 31.69783592
vn 0.009760014713 -0.9302334189 -0.3668386042
v 9.541488647 1.30873096 30.40042305
vn 0.08285015821 -0.8458427191 -0.5269591212
v 10.65549469 1.617771745 30.19560432
vn 0.1908140779 -0.818570435 -0.5417863727
v 11.90378952 3.17972517 28.88017654
vn 0.3281392455 -0.6473359466 -0.6879541278
v 2.573472738 8.743200302 41.25172806
vn -0.7177124619 -0.01490017027 0.6961801648
v 9.300163269 0.9426347613 31.03583527
vn 0.05253518 -0.8935964704 -0.4457862675
v 10.23451805 1.187845111 30.76758575
vn 0.150325045 -0.865961194 -0.476983875
v 11.64977264 2.541354895 29.41679764
vn 0.307687968 -0.7154327631 -0.6272830963
v 2.593384027 7.781089783 41.17853546
vn -0.7079009414 -0.1208700687 0.6958926916
v 9.310390472 0.7392804027 31.474617
vn 0.04800047353 -0.9143527746 -0.4020633996
v 11.48238373 2.717464447 29.14307022
vn 0.2904432118 -0.6948761344 -0.6578676701
v 10.96766281 1.838405967 29.99464035
vn 0.2317818254 -0.7927270532 -0.5637916327
v 10.24237823 1.400890231 30.40042305
vn 0.1513526738 -0.838880837 -0.5228492618
v 10.52085114 1.392990232 30.50421333
vn 0.1831102371 -0.8460851908 -0.5006101727
v 11.40780258 2.204841614 29.70084572
vn 0.2837771177 -0.7487407923 -0.5990474224
v 10.02722168 1.012741446 31.03583527
vn 0.1290808618 -0.8846799731 -0.4479726553
v 13.76451588 4.643011093 41.11400986
vn 0.5460828543 -0.4829625487 0.6845003366
v 12.1111412 15.20735168 29.60504913
vn 0.3516821861 0.7109248638 -0.6090200543
v 14.64480209 14.57111359 31.2538681
vn 0.6466648579 0.6441859603 -0.4084715843
v 2.670885086 8.400963783 41.33322144
vn -0.7054044008 -0.06732487679 0.7056004405
v 12.39947891 3.766231537 28.62856483
vn 0.4022948742 -0.5680330992 -0.7179813385
v 8.970602036 0.428211242 32.27954102
vn 0.01452159788 -0.9477794766 -0.3185957372
v 10.87897491 1.479362845 30.50421333
vn 0.2258156985 -0.8339442611 -0.503531754
v 12.09009171 3.007991314 29.14307022
vn 0.36148265 -0.6607510448 -0.6578285098
v 11.73736954 2.337723255 29.70084572
vn 0.3193072379 -0.7380857468 -0.5943672061
v 9.41109848 0.6079251766 31.81029129
vn 0.04545770586 -0.937042892 -0.3462429643
v 9.689838409 0.6740836501 31.69783592
vn 0.0931936428 -0.9174225926 -0.3868471086
v 12.47013855 3.514976263 28.88017654
vn 0.3988156617 -0.607037425 -0.6873511672
v 10.74124527 1.262077332 30.82076073
vn 0.1990208477 -0.8600677252 -0.4697597623
v 12.12180328 2.764567852 29.41679764
vn 0.353764087 -0.6941871643 -0.6268613935
v 10.14306641 0.8733136654 31.3639183
vn 0.1269105971 -0.9034326673 -0.4095157087
v 11.65101624 2.075546265 29.99464035
vn 0.3077420592 -0.7677331567 -0.5620325804
v 12.78391838 4.053197861 28.62856483
vn 0.4428867102 -0.5354850888 -0.7191016078
v 12.13220978 3.593898773 28.62856483
vn 0.3569893837 -0.5980684161 -0.7175463438
v 12.38560867 3.177848816 29.14307022
vn 0.3946139216 -0.6415166855 -0.6578269005
v 11.78858185 2.85446167 29.14307022
vn 0.3237321079 -0.6803377271 -0.6575242281
v 12.06298065 2.48830843 29.70084572
vn 0.3517181575 -0.719335556 -0.5990414619
v 11.46279144 1.792709112 30.29754639
vn 0.2897359729 -0.7980360985 -0.5283856988
v 12.97663498 4.632780552 28.34016418
vn 0.4536492229 -0.4860904515 -0.7469394207
v 16.29640198 6.024768829 39.02770233
vn 0.8346197605 -0.3100978732 0.4552462697
v 16.67645264 12.92100525 33.39546585
vn 0.8690380454 0.4613160491 -0.1787746996
v 16.03428841 13.62449551 32.55494308
vn 0.7964606881 0.5376291275 -0.2767766118
v 12.45162964 15.26639175 29.89566231
vn 0.3971280456 0.7166743279 -0.5732950568
v 16.58796883 6.521892548 38.79660416
vn 0.8611711264 -0.2687161267 0.4314810634
v 17.1965847 12.04922771 34.33818436
vn 0.9311513305 0.3565723002 -0.07624534518
v 11.31032562 1.947906494 29.99464035
vn 0.2694489062 -0.7819920778 -0.5620370507
v 10.4344368 0.8743635416 31.474617
vn 0.1728869826 -0.9033330679 -0.3925550878
v 9.798046112 0.5569610596 32.03673553
vn 0.09730914235 -0.9382743239 -0.3319219947
v 12.67383194 3.363686323 29.14307022
vn 0.4269193411 -0.6204878688 -0.6578257084
v 12.38325119 2.656505585 29.70084572
vn 0.3916064799 -0.7017083764 -0.5951887965
v 11.11132813 1.675628781 30.29754639
vn 0.2469902039 -0.8111450672 -0.5301315784
v 11.8118782 1.928459287 30.29754639
vn 0.3289262056 -0.7826951742 -0.5283898711
v 13.13089752 4.01981926 28.88017654
vn 0.4732544422 -0.5459039211 -0.6913893223
v 12.72925568 3.124156952 29.41679764
vn 0.4290980995 -0.6499536633 -0.6272440553
v 9.044315338 0.2395139486 32.95821381
vn 0.007461421192 -0.9748281837 -0.222832486
v 10.81491089 0.9565503597 31.474617
vn 0.2118682563 -0.8934616446 -0.3960279822
v 13.20532799 4.480836868 28.58791733
vn 0.4811581075 -0.5029963255 -0.7179704309
v 9.349470139 0.439858973 32.27954102
vn 0.0454110615 -0.953443408 -0.2981334329
v 12.95348358 3.565033197 29.14307022
vn 0.4590502977 -0.5933364034 -0.6612297297
v 10.49955368 1.040576935 31.14449692
vn 0.1763235182 -0.8818652034 -0.4372913539
v 9.333644867 0.277439177 32.84199905
vn 0.05105276406 -0.9645400643 -0.2589517832
v 11.39587784 1.251952887 31.19918251
vn 0.2809137702 -0.8595256805 -0.4269695878
v 12.6967659 2.842044592 29.70084572
vn 0.4268221855 -0.6808611751 -0.5951898098
v 10.06916046 0.7193796039 31.69783592
vn 0.1359511465 -0.9195600748 -0.3686821163
v 10.5568161 0.7591024041 31.81029129
vn 0.1844106913 -0.9150865078 -0.3586215675
v 12.1571579 2.082935095 30.29754639
vn 0.3676818013 -0.7652518153 -0.528393507
v 16.78325844 12.8044405 33.65603256
vn 0.8855981827 0.4381649196 -0.1540368497
v 15.62553692 14.16521263 32.50207901
vn 0.760619998 0.5847508311 -0.281999439
v 12.42913437 2.9360466 29.41679764
vn 0.395360589 -0.6710094213 -0.6272450686
v 11.70477676 1.685742021 30.6088829
vn 0.3153800964 -0.8107155561 -0.493229866
v 10.87332916 1.126010776 31.14449692
vn 0.231974557 -0.8709532022 -0.4331608415
v 11.19612885 1.058250189 31.474617
vn 0.2600724995 -0.8800820708 -0.3972629011
v 13.2233429 3.781265259 29.14307022
vn 0.4879391491 -0.5745316744 -0.6571367383
v 9.820755005 0.345783025 32.72601318
vn 0.1027640328 -0.9613211155 -0.255541116
v 9.712863922 0.4343527853 32.37975693
vn 0.08351714909 -0.9540394545 -0.2878082693
v 11.34574127 1.556248307 30.6088829
vn 0.2719465196 -0.8254283071 -0.4946849048
v 13.0021553 3.04452157 29.70084572
vn 0.4611232579 -0.6581143141 -0.5951898098
v 12.32088089 2.385494232 29.99464035
vn 0.3830465078 -0.7330816388 -0.5620201826
v 13.29896927 4.882949829 28.38862228
vn 0.4970716238 -0.4519474804 -0.7407180667
v 10.18419647 0.6076198816 32.03673553
vn 0.1444472373 -0.9304934144 -0.336625874
v 10.94398499 0.8475834131 31.81029129
vn 0.2335583121 -0.9039075971 -0.3583316505
v 12.49713898 2.256053925 30.29754639
vn 0.4058411419 -0.7457163334 -0.5283939242
v 9.436008453 0.2031858414 33.19119644
vn 0.05457602814 -0.978315413 -0.1998008043
v 13.49812698 4.361068726 28.88017654
vn 0.5120575428 -0.5108565688 -0.6905234456
v 12.06064987 1.834407568 30.6088829
vn 0.3553483784 -0.7940100431 -0.4932297468
v 13.30260849 3.548293829 29.41679764
vn 0.4935810268 -0.6024407744 -0.6272502542
v 12.96585846 2.767295599 29.99464035
vn 0.455575794 -0.6903560162 -0.5620135665
v 11.58405685 1.456352234 30.92791367
vn 0.2990436554 -0.8384379148 -0.4556257129
v 8.948978424 0.08571579307 33.77537155
vn 0.01232415996 -0.9901298285 -0.1396104395
v 17.48363495 11.24490738 35.14173889
vn 0.9632243514 0.2680390477 0.01881192438
v 13.76767731 15.13874817 30.92791367
vn 0.5455947518 0.7023671269 -0.4571725726
v 14.88290596 14.74304771 31.95620728
vn 0.6798532605 0.6492384076 -0.3410118222
v 16.36735916 13.45395088 33.3638382
vn 0.8307151198 0.5249877572 -0.1852032691
v 10.10324478 0.4809765816 32.37975693
vn 0.1377317756 -0.9458091855 -0.2940661609
v 10.21668243 0.3977280855 32.72601318
vn 0.1526495665 -0.9544941187 -0.2562011778
v 12.64719391 2.567565441 29.99464035
vn 0.4197404385 -0.7127110362 -0.5620150566
v 10.48318863 0.6194152832 32.15066147
vn 0.1782733202 -0.9317070842 -0.3164499402
v 11.33153534 0.956027925 31.81029129
vn 0.2731387019 -0.8912248015 -0.3620960712
v 12.83037186 2.447589874 30.29754639
vn 0.4432247281 -0.7241197824 -0.52839607
v 10.60294724 0.5323520303 32.4948616
vn 0.189188987 -0.9419209957 -0.2774748802
v 12.31127548 1.760307431 30.92791367
vn 0.3852857053 -0.8015937209 -0.457167834
v 11.68760681 1.169102192 31.58593369
vn 0.3093993962 -0.8681287766 -0.3881036937
v 12.4118576 2.002239227 30.6088829
vn 0.3948028088 -0.7751470804 -0.4932319522
v 10.12924957 0.2991176546 33.07462311
vn 0.1369509846 -0.9666528702 -0.2163946331
v 13.27545929 2.984199286 29.99464035
vn 0.4904049933 -0.6660671234 -0.5620120764
v 13.84731293 5.141448975 28.62856483
vn 0.5575039983 -0.4207727015 -0.7156393528
v 11.94966507 1.598529935 30.92791367
vn 0.3446873426 -0.8198686242 -0.4571718276
v 13.78788567 4.376834869 29.09864044
vn 0.5510439873 -0.5000022054 -0.6680930257
v 12.28808212 1.573273063 31.2538681
vn 0.3807551563 -0.8258066773 -0.4160153866
v 9.730438232 0.251491785 33.07462311
vn 0.09346501529 -0.9709761739 -0.2201581001
v 13.58322525 3.497970104 29.70084572
vn 0.5291247964 -0.6047502756 -0.5952344537
v 13.59822655 4.772607803 28.66986084
vn 0.53125453 -0.465721935 -0.7077229023
v 9.83731842 0.1917726696 33.42470169
vn 0.1037527546 -0.9788273573 -0.1764435619
v 10.90671349 15.11568642 28.95550346
vn 0.2217210084 0.7020344734 -0.6767476201
v 16.77898788 12.91648579 34.00662613
vn 0.8866755366 0.4493250549 -0.1091490686
v 14.67606831 14.85070801 31.77420044
vn 0.6473981142 0.6647712588 -0.3727665544
v 11.91801834 1.413239121 31.2538681
vn 0.3296942711 -0.845082581 -0.420876652
v 13.59521675 5.236776352 28.38862228
vn 0.5328730345 -0.4069826305 -0.7418972254
v 9.340961456 0.1323315203 33.54156876
vn 0.05107861012 -0.985083878 -0.1643191427
v 11.00089645 0.6233106852 32.4948616
vn 0.2369493693 -0.9289237857 -0.2845269442
v 12.66735458 1.941619754 30.92791367
vn 0.4252540767 -0.7811253667 -0.457167536
v 12.06732559 1.31675756 31.58593369
vn 0.359354645 -0.850020349 -0.3851358593
v 12.75690842 2.189075708 30.6088829
vn 0.4335547388 -0.7541550994 -0.4932346046
v 13.83185577 4.031658649 29.41679764
vn 0.5526800752 -0.546610713 -0.6290957332
v 13.57463455 3.2176404 29.99464035
vn 0.5240731835 -0.6399186254 -0.5620066524
v 13.5733223 3.782985926 29.41679764
vn 0.5281246305 -0.5763118863 -0.623657763
v 8.949375153 0.0201566834 34.41698074
vn 0.0106817577 -0.9983406067 -0.05658555776
v 11.2690773 0.8091506362 32.15066147
vn 0.2701786458 -0.9093881249 -0.3162541687
v 13.94616318 5.737531662 28.38862228
vn 0.5657599568 -0.354344219 -0.7445507646
v 10.2403717 0.2446478307 33.42470169
vn 0.1561117172 -0.9708741307 -0.1817484647
v 10.55229568 0.3949017823 32.97285843
vn 0.1861427873 -0.9565086365 -0.2245931029
v 12.02200317 1.155330539 31.92326927
vn 0.3545919955 -0.8680887818 -0.3473994732
v 13.4707222 2.884178638 30.29754639
vn 0.515050292 -0.6749226451 -0.5283963084
v 9.34539032 0.04441389069 34.24237823
vn 0.0590053536 -0.9952349663 -0.0776258707
v 13.01635742 2.14221549 30.92791367
vn 0.4644257426 -0.7584888935 -0.4571688473
v 12.44105911 1.428257227 31.71215439
vn 0.4037597179 -0.8377838135 -0.3675546348
v 16.08197403 6.108124256 39.45209503
vn 0.8078972697 -0.3016313314 0.5062810183
v 11.98669434 15.46451759 29.84669304
vn 0.3449017107 0.7372472286 -0.580955565
v 17.3729229 11.62119293 34.98921204
vn 0.9510666132 0.3089827001 0.001408812124
v 17.00443459 12.53024101 34.41939926
vn 0.91186589 0.4057066143 -0.06247195601
v 11.63537216 1.010475397 31.92326927
vn 0.3078408837 -0.8878775239 -0.3419174254
v 16.6303215 6.889148712 38.91917801
vn 0.8718900084 -0.2234473228 0.4357512295
v 15.83274841 14.02193451 32.78639603
vn 0.7761029005 0.5776068568 -0.2530504763
v 9.047534943 0.04517708346 34.12578201
vn 0.01877652109 -0.9943106174 -0.1048516482
v 11.77246857 0.9337041378 32.26501465
vn 0.3144656122 -0.8982228637 -0.3070945144
v 11.1878624 0.5251352191 33.04548645
vn 0.2663125098 -0.938591063 -0.2193728387
v 14.12018585 5.534412384 28.62856483
vn 0.5822681785 -0.3821392357 -0.7175885439
v 9.443161011 0.0868525207 33.89224625
vn 0.05338762328 -0.9909481406 -0.1231730357
v 10.19742584 0.1857756823 33.74614716
vn 0.1378605515 -0.9806672931 -0.1388744712
v 12.11146927 1.074298978 32.2363472
vn 0.3673551381 -0.8778957725 -0.3071631491
v 9.396755219 0.02280615084 34.6489563
vn 0.05458298326 -0.997990787 -0.0321730487
v 9.74250412 0.12595357 33.77537155
vn 0.09677611291 -0.9850127697 -0.1427732706
v 10.92331314 0.5070152283 32.84199905
vn 0.2255627811 -0.943328023 -0.2434207201
v 11.5842514 0.672062099 32.92911911
vn 0.3039647341 -0.9234804511 -0.2340710312
v 12.65289307 1.753269315 31.2538681
vn 0.4196915329 -0.8084295988 -0.4126748741
v 13.01088715 1.953010678 31.2538681
vn 0.4587878883 -0.7859449387 -0.4144927263
v 14.11637497 4.010810852 29.70084572
vn 0.5859650373 -0.5471856594 -0.597689569
v 14.32622528 6.051006317 28.54726982
vn 0.6044538021 -0.3306637108 -0.7247738242
v 13.77500916 3.128005981 30.29754639
vn 0.5491726398 -0.6474629641 -0.5283948183
v 11.33244133 0.6848664284 32.59591293
vn 0.275531888 -0.9220728874 -0.2717788219
v 13.35673904 2.361694336 30.92791367
vn 0.5026114583 -0.7337438464 -0.4571669996
v 10.59472656 0.3124195933 33.39548492
vn 0.1958273202 -0.9633200169 -0.1834834814
v 10.99716568 0.4246254563 33.27870178
vn 0.2301064581 -0.9530878067 -0.1966587454
v 13.94755554 15.19973373 31.2538681
vn 0.5724463463 0.7044714689 -0.4195535183
v 12.8952713 15.45929718 30.50421333
vn 0.4498367012 0.7375839949 -0.503603816
v 17.04026413 12.49044132 34.79373932
vn 0.9162462354 0.3996970654 -0.02711264603
v 9.796829224 0.09244556725 34.09662247
vn 0.1016921774 -0.9895924926 -0.1018105298
v 13.86207962 3.466834784 29.99464035
vn 0.5585432649 -0.6111959815 -0.5607752204
v 13.42247009 2.618312836 30.6088829
vn 0.5083070397 -0.705940485 -0.4932260513
v 13.94978523 3.752235174 29.78578186
vn 0.5656251907 -0.5793298483 -0.5868944526
v 10.60578918 0.256438911 33.74614716
vn 0.1941011846 -0.9715837836 -0.1354611367
v 14.23521805 4.846763611 29.14307022
vn 0.6026316881 -0.4558577836 -0.6550028324
v 12.48243332 1.279182196 32.12209702
vn 0.3997439146 -0.8569749594 -0.3252671957
v 14.43656158 5.126415253 29.14307022
vn 0.6169457436 -0.4265844822 -0.6613649726
v 9.850759506 0.07045561075 34.44603348
vn 0.1092910096 -0.9920370579 -0.06259381026
v 14.36220551 4.287059784 29.70084572
vn 0.6148475409 -0.5191569328 -0.5936653614
v 14.06694412 3.387787104 30.29754639
vn 0.5798081756 -0.6228126884 -0.5252873898
v 14.28527069 5.330108643 28.88017654
vn 0.6033300161 -0.4011259675 -0.6892683506
v 13.68700409 2.599468231 30.92791367
vn 0.543377161 -0.7065829039 -0.4533011019
v 14.42239761 4.59148407 29.51036072
vn 0.6199929714 -0.4862959981 -0.6157311797
v 13.99232101 4.926900864 28.88017654
vn 0.571762979 -0.447740376 -0.6874704957
v 11.70551109 0.8089768887 32.58148193
vn 0.3196679056 -0.910551548 -0.2621226907
v 14.23104858 3.637607574 30.19560432
vn 0.5970657468 -0.591113627 -0.5423072577
v 12.68138123 1.265386343 32.43008041
vn 0.4324252009 -0.8559271097 -0.2835441232
v 10.61406708 0.2144476324 34.09662247
vn 0.2019475698 -0.9741004109 -0.1017129421
v 13.74005127 2.859607458 30.6088829
vn 0.5439810157 -0.6788284779 -0.4932306707
v 13.73235703 4.925102234 41.32821274
vn 0.5527587533 -0.4418492019 0.7065600157
v 17.58354568 9.435256958 36.87283707
vn 0.9755979776 0.05047680065 0.2136836201
v 17.52553177 11.03433228 35.49213409
vn 0.9695150256 0.2378964275 0.05870175734
v 17.6073246 10.22242355 36.27068329
vn 0.9779430032 0.1522528529 0.1429912597
v 16.94613075 7.508958817 38.53517914
vn 0.9022225142 -0.1619029343 0.3997273147
v 14.55192757 5.306413651 40.85825729
vn 0.6309762597 -0.4040719569 0.6622648835
v 12.81354141 1.616453886 31.71215439
vn 0.440153718 -0.8185718656 -0.3690592945
v 14.13453674 4.594245911 29.23313332
vn 0.5799556971 -0.4844428599 -0.6549553275
v 14.61539459 6.257450104 28.71115494
vn 0.6442801952 -0.292357862 -0.7067035437
v 12.89251995 1.446654677 32.22826004
vn 0.4464816749 -0.8360541463 -0.3188535869
v 14.62240601 5.414642334 29.14307022
vn 0.6432891488 -0.3822214603 -0.6633896828
v 12.38673592 0.9952958822 32.86615372
vn 0.3939331472 -0.887563467 -0.2388467342
v 12.0526123 0.9370572567 32.58145142
vn 0.3534383178 -0.8967462182 -0.2663223743
v 9.346950531 0.01378679369 35.17088318
vn 0.0485647358 -0.9987034202 0.01526063029
v 13.36046982 2.172127247 31.2538681
vn 0.4954930246 -0.7611318827 -0.4185270965
v 11.01201248 0.3645936251 33.62924194
vn 0.2354683727 -0.9598450661 -0.1524862647
v 11.41677475 0.494918853 33.51234055
vn 0.2739360631 -0.9474931955 -0.1649715751
v 12.40791321 1.079799652 32.60548019
vn 0.3961888552 -0.8750650287 -0.2780207992
v 11.60789108 0.59957093 33.27870178
vn 0.3074483573 -0.9312241673 -0.1956962794
v 13.37408447 1.861949563 31.89492989
vn 0.5117675066 -0.7868790627 -0.3448410928
v 13.12774277 1.806694269 31.68393898
vn 0.4760733843 -0.7928318381 -0.3804888725
v 14.00570679 2.854835987 30.92791367
vn 0.5751791596 -0.6803919673 -0.4541317821
v 14.48534966 5.736429214 28.83760452
vn 0.6269581914 -0.3533412218 -0.6943150163
v 11.98071861 0.71423769 33.35898972
vn 0.3457030654 -0.9216451049 -0.176237449
v 14.52423096 4.851238251 29.41679764
vn 0.6317574978 -0.451846689 -0.6298547983
v 12.40948677 0.9437429309 33.10857391
vn 0.3971774578 -0.8931287527 -0.2111187279
v 12.05217934 0.8043077588 33.07220078
vn 0.3470150232 -0.9103791118 -0.2253672481
v 15.84955978 6.394412994 39.96214676
vn 0.7743136883 -0.2803077698 0.5673322082
v 12.7148056 15.34701157 30.19560432
vn 0.430848062 0.7247111797 -0.5377393961
v 9.801239014 0.04908365384 34.79373932
vn 0.1060350761 -0.9941791892 -0.01908727176
v 14.04562378 3.117698908 30.6088829
vn 0.5783004165 -0.6498396397 -0.4932312965
v 10.21014404 0.1003226116 34.79373932
vn 0.1447963715 -0.9890407324 -0.02885213867
v 13.82241058 2.333736658 31.55799103
vn 0.5566993952 -0.7359985113 -0.3852168024
v 13.18015289 1.658435822 32.09602356
vn 0.4846567512 -0.8109660149 -0.327783376
v 10.41343689 0.1480942965 34.44606018
vn 0.1635322422 -0.9845631123 -0.06239145249
v 13.7001152 2.410080433 31.2538681
vn 0.5388439298 -0.7291790247 -0.4218355119
v 13.77054882 2.1421628 31.86907768
vn 0.5388280153 -0.7640628815 -0.3547848165
v 12.82076931 1.208906174 32.83958435
vn 0.4395572245 -0.8641117215 -0.2451537549
v 10.82632828 0.2296259105 34.44606018
vn 0.2200175226 -0.9730004072 -0.06973181665
v 13.14361477 1.424622536 32.6970253
vn 0.4693393111 -0.842437923 -0.2646108866
v 14.75572586 4.798095703 29.70084572
vn 0.6626662016 -0.4564137757 -0.593767643
v 14.67224121 4.025238514 30.29754639
vn 0.6472707391 -0.5464903712 -0.5314027071
v 11.23846817 0.3399194479 34.32974625
vn 0.2649290562 -0.9616332054 -0.07123294473
v 11.6543541 0.4862841964 34.09662247
vn 0.2993168235 -0.9487717152 -0.1012014374
v 12.38376808 0.8774783611 33.35898972
vn 0.39375332 -0.9017437696 -0.1783719212
v 12.80960464 1.119905233 33.16202164
vn 0.4370401502 -0.8752123713 -0.2073624432
v 14.58260727 4.225616455 29.99464035
vn 0.640250206 -0.5267006755 -0.5591654778
v 13.79574585 2.022665024 32.18387985
vn 0.5389143229 -0.7795836926 -0.3190934658
v 14.33342361 3.938167572 29.99464035
vn 0.6111973524 -0.5584525466 -0.5608641505
v 11.17806244 0.3595577776 33.97986221
vn 0.2518622279 -0.9607351422 -0.1164190173
v 16.3742218 13.60107422 33.88981247
vn 0.8403031826 0.5280416012 -0.1227297857
v 14.72452927 5.145069122 29.41679764
vn 0.6570824981 -0.420191735 -0.6258446574
v 14.11681747 2.683102131 31.35026741
vn 0.5785078406 -0.7017269135 -0.4158220589
v 14.70469284 4.490104675 29.89566231
vn 0.6504842043 -0.4955528677 -0.5755845904
v 9.749732971 0.05486284196 35.46287537
vn 0.1027606055 -0.9933506846 0.05191005766
v 14.52555466 3.762687922 30.40042305
vn 0.63098979 -0.5788598657 -0.5165008903
v 14.99732208 5.238548279 29.65294838
vn 0.6853073239 -0.4118660688 -0.600599885
v 10.26185989 0.1081829071 35.14177322
vn 0.1574456692 -0.9872971177 0.02133676223
v 15.04152679 6.4246521 29.05421257
vn 0.6859790683 -0.2726449072 -0.6746091247
v 9.444404602 0.06666569412 35.93240356
vn 0.04793854803 -0.9921007752 0.1159223765
v 12.06529236 0.6321153641 34.09662247
vn 0.351853013 -0.9302513003 -0.1040768027
v 9.801376343 0.04782841355 35.14173889
vn 0.09408902377 -0.9955196381 0.009378513321
v 14.1301918 2.528636932 31.64648247
vn 0.5936386585 -0.7143747211 -0.3704887331
v 14.78270721 5.950910568 29.01039314
vn 0.6605892777 -0.3330079615 -0.6728502512
v 14.98150539 4.639915466 30.09462929
vn 0.6855221391 -0.4787527919 -0.5485026836
v 14.31144714 3.126910686 30.92791367
vn 0.6048126221 -0.6497383118 -0.4604800045
v 12.50002956 0.863050878 33.71935654
vn 0.4064456224 -0.9021375775 -0.1447404027
v 13.33151817 1.59845233 32.50207901
vn 0.4969361424 -0.8205043674 -0.2825368345
v 15.04738617 5.867782593 29.32438278
vn 0.6943964362 -0.3387423456 -0.6348757744
v 14.33789825 3.391650915 30.6088829
vn 0.6109390855 -0.6178374887 -0.4950053692
v 14.5904808 3.566456079 30.71440887
vn 0.644643724 -0.594389081 -0.4807661176
v 17.53665543 10.13440323 36.75559235
vn 0.9723260999 0.1385109723 0.1881400347
v 14.8861351 5.56072998 29.32438278
vn 0.6733669639 -0.3769919276 -0.6359670162
v 12.09799671 0.6865988374 33.77293396
vn 0.3644898236 -0.9202137589 -0.1426667422
v 14.48695755 2.896958113 31.54540825
vn 0.6239976883 -0.6830661297 -0.3795359433
v 14.34366703 2.939559937 31.2538681
vn 0.6150519848 -0.6648509502 -0.4238918126
v 14.00084114 2.245601654 32.01787949
vn 0.5771944523 -0.745362699 -0.3335880339
v 14.91607285 4.329528809 30.29754639
vn 0.6747387648 -0.5138443708 -0.5298032761
v 15.08440018 4.913082123 29.99464035
vn 0.6950200796 -0.4395760894 -0.5689638853
v 12.88266277 1.087344646 33.48556137
vn 0.4428648055 -0.8810461164 -0.166218251
v 15.0872612 6.132556915 29.23313332
vn 0.6929422021 -0.3087970018 -0.651517868
v 14.57021332 3.302833557 31.03583527
vn 0.640395999 -0.6251075864 -0.446243763
v 14.79627609 7.269580841 28.53731155
vn 0.6657832861 -0.1885962188 -0.721916914
v 10.82982635 0.2138860971 35.14173889
vn 0.2106573135 -0.9771428108 0.02855609357
v 9.772125244 0.08315257728 35.82954407
vn 0.1023519263 -0.9889813662 0.1069577485
v 13.58623123 1.823619843 32.32472992
vn 0.5293233395 -0.7953275442 -0.2954165936
v 14.87903976 3.716987371 30.92791367
vn 0.6714843512 -0.5845463872 -0.4554276168
v 15.20726776 5.689105988 29.60504913
vn 0.7095437646 -0.3591704071 -0.6062542796
v 12.44958973 0.7898213267 34.10505295
vn 0.4027262032 -0.9100946784 -0.09766947478
v 14.01995564 2.0545578 32.52858353
vn 0.5752322078 -0.7696996331 -0.2768942714
v 13.23290348 1.36990571 33.07220078
vn 0.4833322763 -0.848330915 -0.2161587179
v 15.81762409 14.38188744 33.86303711
vn 0.7793669701 0.6128441691 -0.1304190755
v 11.50626945 0.4013455212 34.62007904
vn 0.296918869 -0.9540436864 -0.04049430415
v 15.26630402 5.348628998 29.89566231
vn 0.7169642448 -0.3952957094 -0.5741981864
v 15.24620056 4.574615479 30.50421333
vn 0.7141230702 -0.4838177562 -0.5059136748
v 11.75558472 0.4971619248 34.32978821
vn 0.3265244961 -0.9428155422 -0.06693764031
v 12.12316036 0.6219474673 34.47266388
vn 0.3590389788 -0.9316596389 -0.0556897223
v 10.20848465 0.1114385873 35.49213409
vn 0.1476053447 -0.9875991344 0.05348507687
v 14.93049622 3.534011602 31.2538681
vn 0.6754627824 -0.6019012928 -0.4259869754
v 11.24482727 0.3166239858 35.14173889
vn 0.2684766352 -0.9632442594 0.008989135735
v 13.46368217 1.549022675 32.91949081
vn 0.5190420151 -0.8236489296 -0.2284684181
v 14.30549908 2.47872448 32.04386139
vn 0.6112575531 -0.7118552923 -0.345870316
v 13.69685173 1.747806549 32.7598877
vn 0.5455005765 -0.7986699343 -0.2540776432
v 10.20458984 0.1376652122 35.84421158
vn 0.1435849965 -0.9851588011 0.0940502584
v 15.13866806 4.0325737 30.92791367
vn 0.7023584843 -0.5456044674 -0.4571742415
v 15.34422016 6.25479126 29.46357918
vn 0.7260090113 -0.3026001453 -0.6175306439
v 13.1734724 1.268826365 33.35898972
vn 0.482940048 -0.8568071723 -0.180694133
v 11.71599293 0.4584771991 34.93605804
vn 0.31207937 -0.9500442743 -0.004720811266
v 12.86300373 1.013632417 33.86303711
vn 0.4446185827 -0.8866481781 -0.1271587461
v 14.87778091 3.982780457 30.6088829
vn 0.6693207622 -0.5554018021 -0.4934962392
v 11.31032562 15.85242844 29.99464035
vn 0.2757554948 0.7794966102 -0.5624446273
v 10.61776733 0.1957164556 35.66817474
vn 0.1935167611 -0.9784443974 0.07209584862
v 15.30413723 6.680011749 29.23313332
vn 0.7258673906 -0.2442070693 -0.6430236697
v 13.25393105 1.230476737 33.80947113
vn 0.4853147566 -0.86352247 -0.1371077299
v 9.78887558 0.1689208597 36.46179962
vn 0.1004957631 -0.98211658 0.1592094451
v 15.07631207 3.50440836 31.54657364
vn 0.6939284801 -0.6134754419 -0.3769762814
v 15.4644413 5.813560486 29.84669304
vn 0.7410501242 -0.3350257277 -0.5818955898
v 11.1886673 0.3195396364 35.55076218
vn 0.2564869225 -0.9645438194 0.06220689043
v 14.14462566 2.004863739 32.96549225
vn 0.5841171145 -0.777204752 -0.2340085506
v 10.22233963 0.1929280013 36.27068329
vn 0.1480859965 -0.9782269001 0.1454050243
v 15.30205917 4.887973785 30.29754639
vn 0.7173480392 -0.4556888342 -0.5270288587
v 15.19965363 3.852695227 31.2538681
vn 0.7044790983 -0.5703530312 -0.4223820269
v 14.93999004 3.07153368 32.04386139
vn 0.6810413003 -0.6469293833 -0.3430235088
v 14.44188976 2.316687584 32.73326492
vn 0.6158479452 -0.7422171831 -0.2642820477
v 15.38091278 4.360080719 30.92791367
vn 0.7280816436 -0.5094600916 -0.4586366117
v 12.0338583 0.5729999542 34.82024384
vn 0.3499662876 -0.9363510013 -0.02775533311
v 14.76267719 3.106809616 31.64414978
vn 0.6638447046 -0.6507402062 -0.3685747683
v 13.58256054 1.503943324 33.40404129
vn 0.5284931064 -0.8285197616 -0.1850675941
v 15.92024612 14.32932663 34.33939362
vn 0.7908828259 0.6083269715 -0.06665343791
v 17.36777115 10.1102562 37.45558548
vn 0.950163424 0.1338820308 0.281540513
v 15.39486694 5.167644501 30.19560432
vn 0.7305048704 -0.4203644991 -0.538197279
v 15.57567596 5.501567841 30.19560432
vn 0.7505549192 -0.3719473183 -0.5461890697
v 15.12335205 4.297489166 30.6088829
vn 0.698921442 -0.5207177997 -0.4902670681
v 15.33744812 3.810215235 31.55799103
vn 0.7273367643 -0.5670565367 -0.3865593374
v 11.61975384 0.4315947294 35.2850647
vn 0.3040013313 -0.9521205425 0.03239784017
v 12.48570061 0.7706260085 34.4993248
vn 0.4100220799 -0.9099436402 -0.06232563779
v 13.43840027 1.35947597 33.68282318
vn 0.5241181254 -0.8381133676 -0.1512155235
v 9.630279541 0.2570612431 36.98989105
vn 0.07590663433 -0.9738684297 0.2140524685
v 13.99904346 1.736649632 33.62924194
vn 0.5615364313 -0.8125947714 -0.1560977995
v 15.65390778 5.243713379 30.50421333
vn 0.7616983652 -0.4029918313 -0.5073589683
v 12.87748909 0.9846384525 34.15011215
vn 0.4450909197 -0.8906271458 -0.09315212816
v 10.6072998 0.2487070411 36.19714355
vn 0.1955121607 -0.9722586274 0.1284060031
v 13.27056217 1.200983882 34.09662247
vn 0.4866089821 -0.8682556748 -0.09666321427
v 15.45129395 4.183895111 31.2538681
vn 0.7368596792 -0.5281409621 -0.4220248461
v 13.89549828 1.769785404 33.16200638
vn 0.5557474494 -0.8056685328 -0.2050438523
v 12.49036121 0.759994626 34.79373932
vn 0.3916312754 -0.9199349284 -0.01856556535
v 11.49074554 16.22403526 30.66164589
vn 0.2958672643 0.8216030002 -0.4872689843
v 9.093072891 0.2580515444 37.10660172
vn 0.02323654108 -0.9710944295 0.2375619859
v 15.50350952 4.642910004 30.82076073
vn 0.7444103956 -0.4735791385 -0.4707185626
v 6.589550018 1.83084476 39.88729477
vn -0.257832855 -0.798630476 0.5437936783
v 11.02788925 0.3004603684 35.84421158
vn 0.225854069 -0.9688132405 0.1019353047
v 11.7093668 0.4784884453 35.6094017
vn 0.3026335239 -0.9497571588 0.0798394084
v 14.18802357 1.916545987 33.43200684
vn 0.5968173146 -0.7812381387 -0.1829648018
v 12.80255127 0.9048175216 34.79374695
vn 0.4408567548 -0.8971780539 -0.02677415498
v 15.73690414 6.093711853 30.04463387
vn 0.7647970915 -0.3179956675 -0.5603250265
v 13.6958847 1.469958782 34.00662613
vn 0.5368410945 -0.835906148 -0.1142917126
v 12.93455601 0.9856287241 34.47266388
vn 0.4487021863 -0.8912002444 -0.06654690951
v 15.56163025 4.958396912 30.6088829
vn 0.7479035854 -0.4453500807 -0.4922433496
v 14.4082222 2.197210312 33.01882172
vn 0.6274526119 -0.7478929758 -0.2167009115
v 13.28794003 1.170376062 34.56217575
vn 0.4893221259 -0.8707934022 -0.04777776822
v 11.98487473 0.5599443316 35.3653183
vn 0.3456192315 -0.9371931553 0.0470777452
v 15.60523796 6.528184891 29.65294838
vn 0.7511007786 -0.2721938491 -0.6014633179
v 5.416919708 15.14382935 29.70084572
vn -0.3915980458 0.7017134428 -0.5951883793
v 12.12824059 0.6088608503 35.16845703
vn 0.3623457849 -0.931974411 0.01136837713
v 15.23338032 3.391741991 32.04386139
vn 0.7102018595 -0.6171730161 -0.3386898637
v 12.53726673 0.7799760699 35.16845703
vn 0.4110250473 -0.9113829732 0.02096457593
v 10.10642433 0.2823956013 36.85809326
vn 0.1358250827 -0.9700340629 0.2014584839
v 15.39821243 3.688046694 31.86907768
vn 0.7294788957 -0.5874967575 -0.3502971828
v 15.38439941 7.83839798 28.99932098
vn 0.7291852832 -0.1144590676 -0.6746761799
v 15.03973103 2.904218912 32.64395142
vn 0.6922684312 -0.6716664433 -0.2638723552
v 15.80806732 4.930206299 31.03583527
vn 0.7766304612 -0.4443290532 -0.4465610981
v 14.9371748 2.934358358 32.32472992
vn 0.6756216288 -0.6720340848 -0.3031593859
v 14.54125214 2.198644161 33.43200684
vn 0.6337508559 -0.7520948648 -0.1808676571
v 14.97579575 2.678787231 33.10857391
vn 0.6710091829 -0.7081613541 -0.2196683735
v 14.02225876 1.703861475 33.91660309
vn 0.5775384903 -0.8070815802 -0.1227540448
v 15.59099197 4.148406982 31.55799103
vn 0.7558848858 -0.5316938162 -0.3820205629
v 15.55753326 7.627475739 29.23313332
vn 0.7577453852 -0.144521907 -0.6363453269
v 0.9867509007 12.81940651 33.89954758
vn -0.8866780996 0.4428185225 -0.1330927759
v 6.181655884 16.58869934 38.56313705
vn -0.3064930737 0.8611417413 0.4055822194
v 15.69630432 4.640865326 31.14449692
vn 0.7617986202 -0.4848295748 -0.429654628
v 14.38180161 1.982632518 33.86303711
vn 0.6116981506 -0.7816877961 -0.1216124296
v 15.76765442 4.472629547 31.474617
vn 0.7706024051 -0.496691674 -0.3993360698
v 15.88134766 6.575267792 29.99464035
vn 0.7860766053 -0.2690281272 -0.5565136671
v 15.14090347 8.742099762 28.65941238
vn 0.696537137 -0.01639134251 -0.7173334956
v 12.07110023 0.6169469953 35.72671509
vn 0.3513589799 -0.9323426485 0.08534672111
v 15.58111668 3.693171978 32.27218628
vn 0.7471607327 -0.5871202946 -0.3115133941
v 15.81500626 5.702693939 30.40042305
vn 0.7781207561 -0.3527990878 -0.5196738243
v 11.69419003 0.5237763524 36.10643005
vn 0.3139491081 -0.942794323 0.1121374965
v 13.47550297 1.297601938 34.32489014
vn 0.5263001323 -0.8469658494 -0.07521282136
v 15.146945 2.89790988 32.96549225
vn 0.7012258768 -0.673592627 -0.23357068
v 15.37908077 3.255480051 32.6886673
vn 0.7274051309 -0.6373787522 -0.254224509
v 9.818874359 0.3632968068 37.33961105
vn 0.09423080087 -0.9613266587 0.2587887347
v 0.6981922388 10.46818924 31.92326927
vn -0.9223024845 0.1728558838 -0.345657289
v 15.93746948 5.537921906 30.71440887
vn 0.7890872955 -0.3771919608 -0.4848375022
v 11.01165009 0.3655963242 36.37364578
vn 0.2315991074 -0.9601166844 0.1566453129
v 12.32917309 0.7023442388 35.46039581
vn 0.3999848664 -0.9150528908 0.05186814815
v 15.65808868 4.029698372 31.86907768
vn 0.7598819733 -0.5467913747 -0.3515659273
v 10.4282608 0.3619726896 36.98989105
vn 0.1753944159 -0.9581706524 0.2261544019
v 15.98679161 6.194698334 30.34898567
vn 0.7976000309 -0.293941319 -0.5267188549
v 15.85621929 5.24753952 30.82076073
vn 0.7833986282 -0.4133817554 -0.4641143382
v 13.13973713 1.079192758 34.82023621
vn 0.4870024025 -0.8732464314 -0.01641185023
v 9.419628143 0.4693102539 37.80128479
vn 0.04751043394 -0.9479678273 0.3148011565
v 8.923158646 0.6474363208 38.32532501
vn 0.004332364071 -0.9274691343 0.3738746345
v 15.91939926 7.208187103 29.79772377
vn 0.792655468 -0.1843202114 -0.5811397433
v 14.08144951 1.710857987 34.18652344
vn 0.5748270154 -0.812995255 -0.09280401468
v 5.61249733 16.3740387 38.53452301
vn -0.3621210754 0.8442388773 0.3951316178
v 6.901790619 16.77301407 31.3639183
vn -0.2186074406 0.8850106597 -0.4110559225
v 12.89566612 0.948639214 35.07867813
vn 0.455121249 -0.8903650641 0.01070899796
v 14.73094177 2.432083368 33.16199112
vn 0.6505966187 -0.7299481034 -0.2095228881
v 10.21398163 0.4151308239 37.33961105
vn 0.146064803 -0.9554027319 0.2566528916
v 13.68074322 1.397225618 34.78891754
vn 0.5259706974 -0.8502919674 -0.01893188991
v 12.10490799 0.6690298319 36.07946777
vn 0.3559550345 -0.9256116748 0.1286040694
v 13.75653076 1.47189343 34.32978821
vn 0.5482077599 -0.8320747614 -0.08437909931
v 13.96879387 1.598546624 34.56212234
vn 0.5700851679 -0.8204011917 -0.04409975186
v 15.9917717 4.854236603 31.46088028
vn 0.7956947684 -0.4564859271 -0.398108542
v 15.82953644 6.871334076 29.79772377
vn 0.7745660543 -0.2278630137 -0.5900219083
v 14.88019085 2.499272346 33.43200684
vn 0.6751542687 -0.7163409591 -0.1761316806
v 11.59134102 0.5344747305 36.40307617
vn 0.3139616549 -0.9366360307 0.1553737372
v 13.46181393 15.96785736 32.09602356
vn 0.4992659986 0.8017044067 -0.3286388814
v 15.92949867 4.494419098 31.78201103
vn 0.7916274071 -0.4917576313 -0.3626299798
v 16.09693909 5.894348145 30.71440887
vn 0.8079323173 -0.3339127898 -0.4855385125
v 15.77758408 4.004501343 32.18387985
vn 0.7731702924 -0.5496705174 -0.3163383901
v 13.3375206 1.18804431 35.14183426
vn 0.4940801859 -0.8692606091 0.01645581611
v 6.975229263 1.900188804 40.14680481
vn -0.2065887153 -0.7869784832 0.5813655853
v 14.78829956 2.368453979 33.62923813
vn 0.662615478 -0.7332138419 -0.1527683586
v 11.19094086 0.5139274001 36.90213776
vn 0.2493246198 -0.9461589456 0.2064472735
v 15.57485962 3.546339273 32.55494308
vn 0.7528072 -0.5983261466 -0.274385035
v 15.90650558 7.898967743 29.60504913
vn 0.7822205424 -0.1150513589 -0.6122860312
v 12.93751335 0.9797905684 35.40193176
vn 0.4506282508 -0.8913449645 0.04937971756
v 15.44631195 6.939620972 40.70135117
vn 0.7376108766 -0.2169264257 0.6394318938
v 12.08310699 16.26216888 31.14449692
vn 0.35857445 0.828689456 -0.4297652543
v 14.72452164 2.268785 33.86303711
vn 0.654825151 -0.7457007766 -0.1230216995
v 10.83172607 0.4441260397 36.98989105
vn 0.215198487 -0.9485170841 0.2323896587
v 9.731891632 0.4905605912 37.78672028
vn 0.09572104365 -0.943276763 0.3179094195
v 16.09377289 5.23783493 31.2538681
vn 0.806829989 -0.4166831076 -0.4188084602
v 16.0931778 6.934329987 30.14511681
vn 0.8078186512 -0.2261902988 -0.5443041325
v 14.32831764 1.881145477 34.31999588
vn 0.6111183167 -0.787676096 -0.07810740173
v 12.85861778 0.9650298953 35.73535156
vn 0.4466761947 -0.8906106949 0.08539871126
v 15.88761425 3.988255501 32.50207901
vn 0.786464572 -0.5494459867 -0.2821038961
v 9.31816864 0.5849002004 38.14293671
vn 0.04484495893 -0.9370001554 0.3464385569
v 12.90140533 16.1797905 31.81035423
vn 0.4564568698 0.8161582351 -0.3543061912
v 16.21800423 5.027402878 31.74002266
vn 0.821130991 -0.4363853037 -0.3678474426
v 15.061903 2.590517044 33.80947113
vn 0.6896042228 -0.7118483186 -0.1331091076
v 15.70839024 3.561101913 32.92070007
vn 0.7610535026 -0.608779192 -0.224021107
v 7.411888123 2.022712708 40.44643402
vn -0.1795821786 -0.7756068707 0.6051315665
v 15.9677763 4.338434219 32.09602356
vn 0.791418612 -0.5167986155 -0.3264594972
v 16.24392319 6.652416229 30.50421333
vn 0.8190057278 -0.2494218647 -0.5167381763
v 10.10031891 0.5014612675 37.68645859
vn 0.1389432847 -0.9418387413 0.3059976697
v 10.58156204 0.5101089478 37.4409256
vn 0.1928083003 -0.9419616461 0.2748330235
v 15.77409363 14.48097229 34.09664917
vn 0.7684289813 0.6317704916 -0.1018964201
v 15.42743874 3.154426813 33.10857391
vn 0.7348684072 -0.6436665058 -0.2136863619
v 16.13186264 5.556152344 31.03583527
vn 0.8138586283 -0.3753714859 -0.4435429275
v 15.18487167 2.762595892 33.57565689
vn 0.709659636 -0.6866586208 -0.1577438116
v 11.6039238 0.6117324233 36.784935
vn 0.3089259565 -0.9288121462 0.2046283334
v 16.30638885 7.114887238 30.40042305
vn 0.8311511278 -0.1992807239 -0.5191097856
v 12.41427517 0.8071824312 36.16036606
vn 0.389867276 -0.9100846052 0.1405327618
v 15.66957092 8.559864044 29.23313332
vn 0.7671845555 -0.03476355597 -0.6404836774
v 13.84893799 15.94025517 32.73326492
vn 0.5543407202 0.7872260213 -0.2701509595
v 15.83830357 14.46537209 34.70936203
vn 0.7910962105 0.610850811 -0.03206336498
v 13.68015194 1.398161888 35.25344467
vn 0.5390608311 -0.8418378234 0.02687970549
v 13.27858734 1.186855435 35.72671509
vn 0.4877801239 -0.8695596457 0.07704889774
v 11.31140137 0.4750819802 36.55005264
vn 0.2697217464 -0.9475848079 0.1712695062
v 9.786376953 0.6654316187 38.25577164
vn 0.09980979562 -0.9259861112 0.3641260266
v 15.37914276 9.045238495 28.90200996
vn 0.734721303 0.03158907965 -0.6776331663
v 12.56326294 0.8459931016 35.96178818
vn 0.4191451371 -0.902035296 0.1031973809
v 16.961689 12.45590019 36.25108719
vn 0.904932797 0.4014423788 0.1412113011
v 16.34389877 6.21619463 30.92791367
vn 0.8369969726 -0.2955279052 -0.4605424404
v 12.07768917 0.7386208177 36.57700348
vn 0.3517062962 -0.9210077524 0.1674736291
v 14.13996887 1.719253778 34.56222916
vn 0.5964403749 -0.8011347651 -0.04941691086
v 15.47852516 3.109493017 33.45879745
vn 0.7428078055 -0.6465296149 -0.1738850921
v 8.944644928 0.8581465483 38.81065369
vn 0.0007196083316 -0.9037722945 0.4280129671
v 12.23648453 16.3590889 31.474617
vn 0.3767589629 0.8372669816 -0.3962785006
v 11.11258316 0.6048699021 37.33969116
vn 0.2384507209 -0.9354096055 0.2610556781
v 16.39510727 5.769832611 31.3639183
vn 0.8433965445 -0.3453492522 -0.4116019011
v 16.1899128 4.700689316 32.0983963
vn 0.8186544776 -0.4704360366 -0.32938537
v 10.14751625 0.6861185431 38.1848526
vn 0.1417417377 -0.9231415391 0.3573779762
v 10.98498154 16.35454559 30.6088829
vn 0.2408194393 0.8349493146 -0.4948390424
v 15.20737839 9.253528595 28.73236465
vn 0.7007910013 0.03774214536 -0.7123675346
v 11.37806702 0.6241384149 37.13592529
vn 0.2887021601 -0.9257445335 0.244229719
v 12.00819588 0.7812517881 36.90214157
vn 0.3524536192 -0.9099080563 0.2187321931
v 13.48550224 15.82457924 38.19706726
vn 0.5251638889 0.7695260048 0.3633629978
v 5.147274017 16.04706955 31.2538681
vn -0.4166538715 0.8078434467 -0.4168795645
v 16.28982162 5.921413422 31.03583527
vn 0.8320292234 -0.335426122 -0.4418333471
v 16.26246834 4.490825653 32.64395142
vn 0.8223704696 -0.5048862696 -0.262291193
v 15.67979431 3.249075413 33.86303711
vn 0.7531796098 -0.6447064877 -0.1306675971
v 15.89271736 3.860579491 32.78639603
vn 0.7846415639 -0.5680723786 -0.2482567728
v 10.47892761 0.6417161226 37.91566086
vn 0.1806050539 -0.9294301271 0.3217786551
v 15.0363512 2.513928175 34.13306808
vn 0.68473351 -0.7227596641 -0.09358686209
v 10.96341515 0.667173326 37.67185593
vn 0.2254465818 -0.924197495 0.3082740307
v 17.54828262 10.82144928 35.84421158
vn 0.9729875922 0.2086244971 0.0988483876
v 14.2852087 1.819977641 34.79132462
vn 0.6143403053 -0.7887379527 -0.02187355421
v 15.48356056 14.4419775 32.73326492
vn 0.7372909188 0.6218552589 -0.2640041113
v 14.23217392 5.05271244 40.99201584
vn 0.5980036259 -0.4359653592 0.6725517511
v 16.31666183 5.470687866 31.474617
vn 0.8336691856 -0.3901348412 -0.3908842206
v 14.81339264 9.781005859 28.40853691
vn 0.6662815809 0.09603392333 -0.7394906282
v 13.37678528 1.223556519 35.49208832
vn 0.5119562149 -0.857463479 0.05154794455
v 17.33336449 11.71326447 35.40193176
vn 0.9485951066 0.3136784434 0.04210935906
v 13.17707443 15.35160446 30.6088829
vn 0.4841349721 0.7247473001 -0.4902597964
v 13.71367359 1.442352176 35.63624954
vn 0.5397147536 -0.8389267921 0.07007037848
v 9.324169159 0.9160153866 38.90558624
vn 0.03635136038 -0.8961746693 0.44220981
v 17.51024437 10.7593956 36.25598526
vn 0.9682483673 0.2082366198 0.1383206248
v 13.10216904 15.60508728 30.92791367
vn 0.4715071321 0.7531964183 -0.4586678445
v 11.76173782 15.75179672 30.09462929
vn 0.3186971247 0.7700793147 -0.5526391268
v 12.38259506 15.53237152 30.19560432
vn 0.386123836 0.7451484203 -0.5437483191
v 17.32940102 11.65949059 35.72671509
vn 0.9469156265 0.3091984093 0.08801778406
v 16.62758446 13.28676414 34.5090065
vn 0.870087266 0.4898469746 -0.05475490913
v 15.32922363 14.69592285 32.92906952
vn 0.7265409827 0.6511810422 -0.2193203568
v 17.43589783 11.34317017 35.60938644
vn 0.9589031339 0.2771128714 0.06093622372
v 15.80744553 6.693656921 40.15915298
vn 0.77106601 -0.2501070499 0.5855798125
v 17.39049911 11.21946716 36.31483078
vn 0.954354465 0.2563744485 0.1532306969
v 15.53148079 14.67730427 33.64750671
vn 0.7449116111 0.6489986777 -0.1546201706
v 9.517486572 15.33176041 28.88017654
vn 0.05762186646 0.7226489186 -0.6888093352
v 14.89704514 15.21585846 33.17178345
vn 0.6694641113 0.7142542601 -0.2041045874
v 14.88909531 5.990621567 40.90206528
vn 0.6731458902 -0.3180448413 0.6676241755
v 11.1991539 16.09723282 30.29754639
vn 0.2611320317 0.8102145195 -0.5247499347
v 15.33965588 2.857789993 33.89954758
vn 0.7256203294 -0.6767492294 -0.1244412735
v 15.21647644 14.96926785 33.43200684
vn 0.7117436528 0.67956388 -0.1778029501
v 15.20973015 15.06198692 33.80947113
vn 0.7101581693 0.6914919615 -0.1323413253
v 10.9178009 16.11427689 30.19560432
vn 0.2235990763 0.8119341731 -0.5392275453
v 14.0527277 1.661216855 35.49213028
vn 0.5780448318 -0.8143271804 0.05230115354
v 2.456101894 14.98244858 35.79892349
vn -0.7173019052 0.6900309324 0.09661956877
v 9.355855942 15.13976097 41.3278923
vn 0.0578645356 0.7019635439 0.7098583579
v 3.584145784 15.72092819 37.09942245
vn -0.6022191048 0.7607052326 0.2421976775
v 16.32323456 4.696744919 32.46601105
vn 0.837533474 -0.4659177065 -0.2854091823
v 13.16083908 15.89535904 38.47967529
vn 0.4776553214 0.7829637527 0.3985136449
v 16.00666618 3.872986317 33.15356064
vn 0.7981256247 -0.5671256781 -0.2033812553
v 15.11007881 2.541045189 34.56217575
vn 0.6805849671 -0.7302843332 -0.05906696618
v 3.85400033 12.06280136 28.38862228
vn -0.5682232976 0.3481914103 -0.7455769777
v 16.11678123 8.164461136 29.84669304
vn 0.8086497784 -0.08174622059 -0.5825830698
v 16.42847443 5.127132416 32.12209702
vn 0.8435069919 -0.4303229451 -0.3214313686
v 7.559799194 17.55568695 33.42470169
vn -0.1425251067 0.9748689532 -0.1712222844
v 13.30380535 1.246571422 36.10643005
vn 0.4835223854 -0.8669288158 0.1209981665
v 16.77592659 12.8008337 36.39571762
vn 0.879686594 0.4469237328 0.162513569
v 14.93943119 15.37492466 34.11486053
vn 0.684450686 0.7221403122 -0.1002030745
v 16.50286484 7.446712494 30.6088829
vn 0.851663053 -0.1561269462 -0.5002943277
v 17.15788269 10.99614334 37.57121658
vn 0.9266953468 0.2356319278 0.2927684486
v 11.30797195 16.43782043 30.92791367
vn 0.27388376 0.8451184034 -0.4590888619
v 1.575828552 12.92550659 38.05787277
vn -0.828121841 0.4449652433 0.3409108222
v 3.573406458 14.29609299 39.65899658
vn -0.5861014128 0.6061068773 0.5376984477
v 11.86081696 16.51602554 31.474617
vn 0.334621042 0.8534137607 -0.3996419311
v 8.114631653 15.32209206 28.8910923
vn -0.08401332796 0.7221650481 -0.6865999103
v 16.56955338 6.552761078 31.14449692
vn 0.8621149063 -0.25773561 -0.4362685978
v 15.08428192 9.675380707 28.64880753
vn 0.6925526261 0.08790392429 -0.7159914374
v 16.15836906 14.0024147 35.69004059
vn 0.8176944256 0.5703787804 0.07774271071
v 17.15853119 10.47900391 37.91566086
vn 0.9267214537 0.177421838 0.3312232792
v 12.82496929 1.089322209 36.66757202
vn 0.4386383593 -0.8792348504 0.1858559996
v 16.36865807 13.59759998 36.16036606
vn 0.8399910927 0.5255334973 0.1350167692
v 15.64674568 7.422766685 40.60886765
vn 0.7629293799 -0.1594395787 0.6265124083
v 17.07396698 10.87051773 37.91566086
vn 0.9136748314 0.2288384587 0.3359036446
v 17.14210129 10.0779953 38.14293671
vn 0.9251530766 0.1381612867 0.3535579145
v 14.42698097 1.925617456 35.07867813
vn 0.614949286 -0.7885645628 0.001821475802
v 16.8837204 11.94704056 37.48456192
vn 0.8933731318 0.3548201025 0.2756577134
v 15.67802811 8.937671661 29.23313332
vn 0.7614973187 0.004844069481 -0.6481499672
v 9.519592285 16.23230362 29.99464035
vn 0.07239297777 0.817150712 -0.5718601346
v 13.61229515 1.408091545 35.92505646
vn 0.5340023637 -0.8383350968 0.1097073853
v 14.76322365 15.56113434 34.32975006
vn 0.6578398347 0.7490423322 -0.07862774283
v 12.10759354 16.71623993 32.20803833
vn 0.3617461026 0.8810850978 -0.3046782017
v 17.01694107 11.77037811 37.25244522
vn 0.915361762 0.3149412572 0.2508482337
v 15.79154396 3.439117193 33.62924194
vn 0.7832837105 -0.6031961441 -0.1504027992
v 12.33198929 16.79252243 32.735672
vn 0.3867531419 0.8836025596 -0.2639480233
v 12.4459343 16.56863022 32.20808411
vn 0.394819051 0.8639196157 -0.3126672804
v 14.81615829 15.54150009 34.70453644
vn 0.6612021923 0.749554038 -0.03131049126
v 15.6833744 14.63521576 35.51895142
vn 0.758050859 0.6487647891 0.06680696458
v 12.45156288 16.82893753 33.07220078
vn 0.403844893 0.8879083395 -0.2202909887
v 7.346927643 14.58216095 28.33020592
vn -0.1822653264 0.6379598975 -0.7481887937
v 16.64341736 12.2484417 37.83002472
vn 0.8747544885 0.3714683056 0.3111524582
v 7.268133163 15.09779549 28.82683945
vn -0.1894399226 0.6963316798 -0.6922677755
v 16.91599655 11.67922592 37.68645859
vn 0.8989018202 0.3191716969 0.3001748323
v 16.39022636 13.07910252 37.36870956
vn 0.8433198333 0.4677176476 0.2646731138
v 3.108696222 10.29611588 28.38862228
vn -0.6540661454 0.1516663283 -0.741076827
v 13.71756172 16.36397934 34.47266388
vn 0.5388629436 0.8396779895 -0.06758403778
v 15.97232437 8.624137878 29.60504913
vn 0.789253056 -0.05012257397 -0.612019062
v 11.24650574 16.91412735 31.92326927
vn 0.26823318 0.9011840224 -0.340467751
v 16.28423119 13.37876701 37.14435577
vn 0.8313506842 0.5051904321 0.231600225
v 14.77262211 2.214017868 35.02544785
vn 0.6530590057 -0.7573037744 0.002214957727
v 10.67854881 0.784969151 38.18533707
vn 0.2134418041 -0.9103458524 0.3545602858
v 10.98347855 17.10839462 32.26501465
vn 0.2314899713 0.9227010608 -0.308277756
v 14.76541519 10.05811691 28.40853691
vn 0.661688447 0.1308934987 -0.7382650375
v 15.30794907 8.247291565 41.14027405
vn 0.7237051129 -0.07325089723 0.6862107515
v 12.99378967 1.114301562 36.34669876
vn 0.4724396169 -0.8680862784 0.1524040848
v 9.678161621 17.00921631 31.41950607
vn 0.08638824522 0.9169279337 -0.3895898759
v 15.27043629 14.94901085 36.42266464
vn 0.713203907 0.681699276 0.1631755978
v 10.57344437 17.12298965 32.03673553
vn 0.1825353652 0.9260766506 -0.3302466273
v 12.42863274 16.90005875 33.34193802
vn 0.3885191083 0.9025907516 -0.1854261458
v 16.40520477 10.94995117 39.32112885
vn 0.8398354053 0.2397552878 0.4870255291
v 2.570314407 9.382530212 41.23455811
vn -0.7072399855 0.04687087983 0.7054181099
v 11.17320633 17.22153091 32.81295776
vn 0.2594375312 0.9342766404 -0.2445798069
v 5.26424408 17.01734161 34.70453644
vn -0.3984713554 0.916582346 -0.03312587738
v 15.92102909 13.7413559 37.53742599
vn 0.7875390649 0.5433500409 0.290779978
v 7.562365532 15.52885342 29.21637726
vn -0.1519083977 0.7432157397 -0.6515781879
v 8.94360733 16.75697708 30.82076073
vn 0.00601409981 0.8782827258 -0.4781038463
v 11.60051346 17.17812347 33.16202545
vn 0.3025944531 0.9301663041 -0.2079116851
v 7.651445389 16.11588097 29.94515228
vn -0.1461650282 0.8125721812 -0.5642359853
v 16.62201691 12.0128479 38.14293671
vn 0.8632638454 0.3552214503 0.3585990667
v 15.07422638 8.412918091 41.38957596
vn 0.6978532076 -0.06308228523 0.7134574652
v 8.62638855 16.45780754 30.31084633
vn -0.02703573927 0.8510591388 -0.5243734121
v 16.24118423 12.18387604 38.81065369
vn 0.8279295564 0.3709037602 0.4206697643
v 16.63114929 6.112644196 31.58593369
vn 0.869505465 -0.3070331514 -0.3868990541
v 11.57537079 17.1010704 32.81295776
vn 0.3048341572 0.9188329577 -0.2506434321
v 14.70787239 15.57766533 35.9348526
vn 0.6558585167 0.7485798597 0.09735388309
v 7.840389252 16.31583405 30.19560432
vn -0.1179884672 0.8372184634 -0.5339887142
v 8.59369278 16.75111008 30.82076073
vn -0.0441011861 0.8756785393 -0.4808764756
v 10.08140945 17.16662598 31.92326927
vn 0.1373839825 0.9291055799 -0.3433488309
v 16.05294037 12.89060211 38.47967529
vn 0.7963773608 0.4516573846 0.4022296369
v 12.79658127 16.88326263 34.45578766
vn 0.4390234053 0.8965973258 -0.05806607381
v 15.3139677 9.665855408 28.88017654
vn 0.7263650894 0.08306086808 -0.6822716594
v 15.51726151 3.005631447 34.18652344
vn 0.7456514835 -0.659848392 -0.09275753796
v 14.144104 1.713576913 35.25823975
vn 0.5938706398 -0.8042239547 0.0232691709
v 16.47937393 5.395442963 31.92326927
vn 0.8513231277 -0.3908729255 -0.3499532938
v 10.53345108 0.8739552498 38.47967529
vn 0.1807789356 -0.9020890594 0.391860038
v 11.74352264 0.8596648574 37.54242706
vn 0.3266788125 -0.9021227956 0.281878382
v 16.67690277 5.479839325 32.35100174
vn 0.8725159764 -0.387278378 -0.2978780866
v 13.53266525 1.438007593 36.43247223
vn 0.515857935 -0.8418625593 0.1586126238
v 11.26269531 0.8309364319 37.91566086
vn 0.2603309453 -0.9066578746 0.3319628537
v 12.79828262 1.142794847 36.95581818
vn 0.4401856065 -0.8714229465 0.2164685875
v 14.70348358 10.33661652 28.40853691
vn 0.6520720124 0.1652844548 -0.7399210334
v 16.67796326 7.78868866 30.82076073
vn 0.8754522204 -0.1261488795 -0.4665510654
v 14.6918354 2.160911798 35.4824295
vn 0.6520035863 -0.7566754222 0.04830805212
v 11.7651062 0.9541242719 37.80128479
vn 0.3182542324 -0.8946523666 0.3135465384
v 16.21905899 8.65471077 29.94515228
vn 0.8250309825 -0.03315867111 -0.5641137958
v 15.64709473 9.547859192 29.23313332
vn 0.7616894245 0.07947537303 -0.6430497169
v 16.84422302 6.468711853 31.81029129
vn 0.8932092786 -0.2670534253 -0.3617452383
v 13.19173241 1.33985126 36.90214157
vn 0.4745378196 -0.8536854386 0.2145577371
v 16.47237968 4.543171883 33.30546951
vn 0.8534706235 -0.4855523705 -0.1892796159
v 16.74199677 6.604122162 31.474617
vn 0.8807342052 -0.2646153569 -0.3927926123
v 16.11500549 9.181762695 29.79772377
vn 0.8115432262 0.02959738858 -0.5835422873
v 15.83908272 3.401437044 34.10148239
vn 0.7890278697 -0.6048775315 -0.1075088903
v 10.59742546 1.041574717 38.81065369
vn 0.2025331408 -0.879468739 0.4307146072
v 13.76988506 1.563238621 36.28295517
vn 0.5603423119 -0.8155758977 0.144403711
v 11.3240242 0.9805680513 38.25577164
vn 0.2579718828 -0.893181026 0.368345201
v 16.20960999 3.912211657 34.06989288
vn 0.8201549053 -0.5618280768 -0.108143948
v 16.86654663 6.027778625 32.26501465
vn 0.8966928124 -0.3163859248 -0.3095834851
v 16.78977203 6.164874554 31.92326927
vn 0.8856951594 -0.3136388659 -0.342307955
v 14.9859457 2.414188623 35.25826645
vn 0.691631496 -0.7215714455 0.03131340444
v 15.79016113 3.306319952 34.32978821
vn 0.765453279 -0.6391537786 -0.07459044456
v 14.33882809 1.952845573 36.16036606
vn 0.6014710069 -0.7862166166 0.1417604238
v 16.54688454 4.559417725 33.62924194
vn 0.8607782125 -0.4863213599 -0.1501745433
v 10.79362106 17.42350006 33.27870178
vn 0.2172160894 0.9570881724 -0.1918315589
v 11.52620697 14.57958603 41.32821274
vn 0.2773611248 0.6463297606 0.7108647227
v 8.131542206 16.90547562 38.81065369
vn -0.08263920248 0.9014570713 0.4249069095
v 13.57161236 1.568508983 36.90214157
vn 0.5232623219 -0.8257442117 0.2105778009
v 15.86633682 3.379846811 34.56217575
vn 0.7879631519 -0.6138442755 -0.04805495963
v 16.901371 5.846553802 32.58137512
vn 0.8966291547 -0.3472377956 -0.2747400105
v 15.42937088 2.859181643 35.25829697
vn 0.7210420966 -0.6923540831 0.02727787383
v 15.50889587 2.942443848 34.79373169
vn 0.7375355959 -0.6749286056 -0.02264010161
v 13.76290894 16.3381958 35.49208832
vn 0.5473957658 0.8347892165 0.05903218687
v 5.667961121 14.20643234 28.62856483
vn -0.3726881146 0.5878987312 -0.7179684043
v 16.82885742 5.348684311 33.07220078
vn 0.8877407908 -0.4020403922 -0.2242316455
v 12.3119812 1.142513156 37.71524811
vn 0.393735379 -0.8694197536 0.2984656692
v 14.92536545 2.373677731 35.54581451
vn 0.6814569831 -0.728993237 0.06469356269
v 16.38235664 8.962013245 30.18313789
vn 0.840518415 0.0002909289324 -0.5417829156
v 13.83621502 1.667288899 36.57700348
vn 0.5661121607 -0.806422472 0.1708793938
v 16.82883453 7.384376526 31.2538681
vn 0.8911879063 -0.1748556495 -0.4185804725
v 14.06673145 16.06900787 36.05249405
vn 0.5818496943 0.8052305579 0.1142571345
v 14.32884979 15.76578617 36.60390091
vn 0.605985105 0.7744622231 0.1816322356
v 8.485107422 17.15366364 31.69783592
vn -0.04926776513 0.9260157943 -0.3742558062
v 15.28027058 10.29768562 28.95550346
vn 0.713126123 0.1619744301 -0.6820670366
v 15.72173309 10.12119293 29.41679764
vn 0.7658107877 0.1451457143 -0.6264715195
v 14.477005 2.030929804 35.96178818
vn 0.6352325082 -0.7644041181 0.1102998108
v 12.04354095 1.101917386 37.91566086
vn 0.3533905149 -0.8747606277 0.3315251768
v 15.5799427 3.020395994 35.03029633
vn 0.7543051243 -0.6564878225 0.00689218007
v 7.424766541 16.61728287 30.82076073
vn -0.1655622572 0.8652082086 -0.4732904732
v 12.98617554 16.80273438 35.25823975
vn 0.4652963877 0.8846765757 0.02909634635
v 16.74708939 8.505657196 30.82076073
vn 0.8828172088 -0.04307478294 -0.4677375257
v 14.77346039 2.306735039 36.10643005
vn 0.6580550075 -0.7419880629 0.1281302571
v 16.93384171 6.963603973 31.69783592
vn 0.9025075436 -0.2242317498 -0.3676958978
v 17.03281784 6.024341583 32.81295776
vn 0.9201489091 -0.3127537072 -0.2356079668
v 12.94404888 1.335332274 37.36867142
vn 0.4630487263 -0.8443818688 0.2694533765
v 16.71291161 4.917585373 33.48556137
vn 0.8828778267 -0.439537853 -0.1653276682
v 11.23846817 17.46041489 34.32974625
vn 0.2571186721 0.9633971453 -0.07586799562
v 15.63018608 12.94158745 39.18832397
vn 0.7563339472 0.4535833001 0.47140342
v 16.14350319 3.744380951 34.61534119
vn 0.8124042153 -0.5814253688 -0.04408955947
v 8.443706512 2.573651075 41.23914337
vn -0.04442382604 -0.7070052028 0.705811739
v 14.29275894 2.011689186 36.63084793
vn 0.6030045748 -0.7768024802 0.1815584004
v 16.38386726 4.131707191 34.32975006
vn 0.8450271487 -0.5284389257 -0.08174010366
v 16.89997864 5.371616364 33.34193802
vn 0.8999614716 -0.3953258097 -0.1838118881
v 5.579341888 16.58063126 38.02955627
vn -0.3653692305 0.8586830497 0.3594005704
v 4.641689301 16.40153313 37.18939972
vn -0.4644819498 0.8493666649 0.2506647408
v 15.84181595 3.332148314 34.93605804
vn 0.7776901126 -0.6285118461 -0.01307523809
v 12.0358429 1.26038897 38.31190109
vn 0.3560716808 -0.8553369641 0.3763132095
v 12.77917767 1.348932147 37.66475677
vn 0.4344063401 -0.8497436047 0.2987087071
v 14.36629486 11.26383591 28.38862228
vn 0.6152079105 0.2559623718 -0.7456557751
v 11.56730652 1.20675683 38.59068298
vn 0.2970821261 -0.8666430712 0.40083915
v 0.9345247149 11.66176605 32.15066147
vn -0.8962433338 0.3129634559 -0.3143274486
v 2.542998314 15.10817242 35.49213028
vn -0.7198830843 0.6919212341 0.05489426106
v 13.5777359 1.678180814 37.27179718
vn 0.5341739655 -0.807623744 0.2498041391
v 11.25585365 1.28798449 38.9601326
vn 0.2586806118 -0.8612649441 0.4373866022
v 16.98476791 5.752492905 33.01882172
vn 0.9106235504 -0.3509870172 -0.2181120962
v 15.79990768 10.47639465 29.60504913
vn 0.7705234885 0.185077861 -0.6099506021
v 13.92250919 1.800469518 36.88374329
vn 0.5649690032 -0.7978208065 0.210456714
v 12.67735672 1.480663419 38.14293671
vn 0.4211547077 -0.8339574337 0.3565722108
v 15.56979942 3.02932477 35.49213028
vn 0.7563498616 -0.651819706 0.05537069216
v 16.6798172 4.682889938 34.06989288
vn 0.8708536029 -0.4802796245 -0.1046204939
v 15.06281281 2.613389969 36.29642868
vn 0.6839861274 -0.7123093009 0.157411769
v 8.453437805 17.31381989 32.13649368
vn -0.04550325125 0.947473526 -0.3165808022
v 9.195541382 15.49394989 40.96815872
vn 0.04602375999 0.7431704998 0.667517364
v 16.64048004 8.943035126 30.6088829
vn 0.8676609993 0.002114573959 -0.4971518517
v 3.837970734 16.01172066 36.73117447
vn -0.5782035589 0.792601943 0.1935532093
v 14.69907284 14.93462372 38.02220535
vn 0.6463974714 0.6811662912 0.3437772691
v 17.0985508 5.814833641 33.43200684
vn 0.9219757318 -0.3448204994 -0.1762371659
v 10.87319183 1.316009879 39.21479797
vn 0.2296941876 -0.8534776568 0.4677782357
v 16.99110031 6.531169891 32.15066147
vn 0.9089311361 -0.2733582556 -0.3148324192
v 15.41369247 2.886798859 35.78054047
vn 0.7312325239 -0.6764039993 0.08818558604
v 14.4367218 2.080566645 36.43250275
vn 0.6232563853 -0.7661265731 0.1568486989
v 14.89697838 11.1898613 28.83760452
vn 0.6758291721 0.2663597465 -0.687246263
v 16.11899757 3.697455168 34.88297272
vn 0.8105425835 -0.5856533647 -0.005555677228
v 14.292202 2.09596014 36.95581818
vn 0.6018868685 -0.7655185461 0.2274060845
v 7.731010437 17.08094788 31.69783592
vn -0.1359507293 0.9195632339 -0.3686743975
v 16.37291145 4.076869965 34.70453644
vn 0.840710938 -0.5402581096 -0.0364184007
v 15.34032822 13.53656387 39.02770233
vn 0.7286638021 0.5031591058 0.4646289051
v 16.35681152 9.616020203 30.19560432
vn 0.8392415643 0.08402182907 -0.5372279882
v 17.01095772 5.507465363 33.62923813
vn 0.9071198106 -0.393291384 -0.1498516947
v 16.61373711 4.521412373 34.27639389
vn 0.8726775646 -0.4819503129 -0.07847123593
v 11.81405258 1.404609442 38.81065369
vn 0.3306040168 -0.8431302309 0.4240665436
v 15.39618492 2.902996063 36.01571655
vn 0.7233041525 -0.6801208258 0.1194438562
v 17.04227066 8.212253571 31.474617
vn 0.9154526591 -0.08354832977 -0.3936573565
v 11.37193298 1.477562189 39.24158859
vn 0.2669631243 -0.8305088878 0.4888615906
v 13.90227127 1.872913599 37.18939972
vn 0.5655839443 -0.7873799205 0.2452501506
v 15.97022438 3.522691488 35.51895142
vn 0.7882712483 -0.6124867797 0.05906212702
v 13.32651043 1.641750336 37.62659073
vn 0.4925654233 -0.8170681 0.299631536
v 10.70578384 1.409179926 39.45209503
vn 0.2016261667 -0.8399455547 0.5038236976
v 16.62187576 9.309923172 30.59593582
vn 0.870225966 0.05157772452 -0.4899453819
v 17.02393913 5.372571945 34.13306808
vn 0.9125059247 -0.3968089223 -0.09937608987
v 15.40499496 10.80468369 29.23313332
vn 0.7391304374 0.2167802751 -0.6377244592
v 15.28353596 2.865122318 36.42266464
vn 0.7155071497 -0.6796987653 0.1614283919
v 16.629879 4.512310982 34.56217575
vn 0.8687022924 -0.4925694764 -0.05226526782
v 16.91653442 5.09325695 34.34793854
vn 0.8934528828 -0.442388773 -0.07767929137
v 11.66410828 1.520637393 39.13505554
vn 0.3043503165 -0.8276409507 0.4715732336
v 13.19458103 1.686670303 37.95137405
vn 0.4700666964 -0.8181226254 0.3312290013
v 17.26886749 7.604255676 32.26501465
vn 0.9397880435 -0.149580121 -0.3072851598
v 14.62325954 2.359529495 36.91062164
vn 0.6451355815 -0.7350354195 0.2086216062
v 11.01132584 1.61096251 39.6459198
vn 0.2420389801 -0.8208500147 0.5173223019
v 16.1988163 3.833482742 35.50194931
vn 0.8197513819 -0.5698290467 0.05746779591
v 15.69402313 3.224710226 35.90788651
vn 0.7581903338 -0.6446689963 0.097720474
v 14.1744194 11.66961288 28.38862228
vn 0.5942822099 0.3071980774 -0.7432751656
v 16.93531799 5.245605469 33.86304855
vn 0.9025388956 -0.4095818102 -0.1329147071
v 17.02056503 8.560739517 31.37806129
vn 0.9125855565 -0.0340372622 -0.4074666798
v 16.40508652 4.11818409 35.03029633
vn 0.843370676 -0.537286818 0.006985196378
v 17.16493225 5.789849281 33.89954758
vn 0.9259389639 -0.3549670577 -0.1289783716
v 16.61333466 4.462101936 34.93605804
vn 0.8686398864 -0.4952891171 -0.01238726359
v 16.54943657 9.858610153 30.55654907
vn 0.8599901199 0.1085039526 -0.4986420572
v 12.02735901 1.667095304 39.13505554
vn 0.3549365997 -0.8155961633 0.4569714367
v 15.02422905 2.702877998 36.81179428
vn 0.6829589605 -0.705319345 0.1899779737
v 13.3489151 1.901031375 38.22774124
vn 0.5094391108 -0.7779306769 0.3678255677
v 12.8730278 1.672844052 38.33985138
vn 0.4437051117 -0.8114804626 0.3802962601
v 12.34431458 1.691146493 38.91955566
vn 0.3958518207 -0.8081565499 0.4361012578
v 8.829715729 2.747402668 41.43005371
vn -0.005345376208 -0.6975767612 0.7164900899
v 14.08167362 2.066796303 37.37289047
vn 0.5999551415 -0.7558886409 0.2620804906
v 15.69250488 10.88887787 29.60504913
vn 0.7620090246 0.2207252979 -0.6087878346
v 16.17933655 10.5182457 30.14511681
vn 0.8195455074 0.1830738038 -0.5429817438
v 16.72102737 9.651000977 30.82076073
vn 0.879989326 0.07982679456 -0.4682376087
v 15.84726334 3.394895315 35.79033661
vn 0.7811721563 -0.618706882 0.08349771798
v 13.94616318 12.06280136 28.38862228
vn 0.563427031 0.3563680947 -0.7453534603
v 16.42309761 4.168495178 35.45556641
vn 0.8458611369 -0.5305914879 0.05469590798
v 17.31999588 7.99395752 32.26501465
vn 0.946572125 -0.09775270522 -0.307320118
v 14.19739056 2.295847893 37.74153137
vn 0.5932636857 -0.7475800514 0.2986004353
v 14.90519238 2.677404642 37.09942245
vn 0.6773641109 -0.6934827566 0.2454782575
v 14.36386108 11.85826492 28.62856483
vn 0.613499999 0.3284939528 -0.718129158
v 17.15816116 5.684963226 34.18652344
vn 0.9309092164 -0.356796056 -0.07813189924
v 17.07117462 8.9454422 31.474617
vn 0.9148645997 0.01059090253 -0.4036217928
v 17.31993484 7.290454865 32.61029053
vn 0.9460212588 -0.1839338392 -0.2668560743
v 13.83917522 2.132470846 37.99625015
vn 0.5553303957 -0.7570757866 0.3441575766
v 16.08908272 3.718987465 35.81728745
vn 0.8071619868 -0.5819048882 0.0993789658
v 17.45987701 7.574699402 32.95821381
vn 0.9611924887 -0.1573259979 -0.2266220301
v 15.43991566 3.074551821 36.57700348
vn 0.7453459501 -0.6426821947 0.1772541404
v 17.30875587 6.147521973 34.0431366
vn 0.9425250888 -0.3182551563 -0.1017847657
v 15.5568409 3.296671391 36.86550522
vn 0.7462397814 -0.6316056252 0.2102392912
v 15.2046051 11.48826599 29.2787571
vn 0.7078348398 0.2896634936 -0.6442552805
v 16.85174751 4.904522896 35.02544785
vn 0.8944360614 -0.4471802413 -0.003741620807
v 17.25891113 5.881194115 34.56220245
vn 0.9357008934 -0.3491837978 -0.05034385994
v 15.77685928 3.450592518 36.4864006
vn 0.7681779861 -0.6168591976 0.1714273095
v 17.35140419 6.186053276 34.36609268
vn 0.950547874 -0.3034199774 -0.06629487127
v 16.50286484 10.35362625 30.6088829
vn 0.8547240496 0.158557415 -0.4942735732
v 14.92678452 11.73412132 29.09864044
vn 0.6776281595 0.3128920496 -0.6655213237
v 13.6729126 2.313675165 38.60420227
vn 0.5369436145 -0.7393631935 0.4062432349
v 14.0964632 2.421658516 38.19706726
vn 0.5883376598 -0.7285599113 0.3507980108
v 12.13412857 1.906181455 39.45209503
vn 0.3580219448 -0.7843880653 0.506513238
v 17.03043175 5.286376476 35.16001892
vn 0.9144749641 -0.4045342207 0.009358849376
v 12.92292023 2.053661823 39.0140152
vn 0.4546422362 -0.7668930292 0.4529630542
v 17.48181152 6.776809692 33.97987366
vn 0.9660822749 -0.2331925035 -0.1109337285
v 16.62421608 4.515491486 35.55558777
vn 0.8750674725 -0.4804690182 0.05836442113
v 14.78159809 2.743011713 37.58200836
vn 0.6666710973 -0.6890637279 0.2841493189
v 15.75054455 11.18151855 29.79772377
vn 0.7708493471 0.254827708 -0.5838271379
v 13.94066811 12.52921677 28.62856483
vn 0.5601417422 0.4133586287 -0.7178968191
v 16.58091927 4.480733871 35.81728745
vn 0.8598791361 -0.5017909408 0.09388134629
v 13.39984512 12.80102348 28.38862228
vn 0.5086849332 0.4389008284 -0.7406792045
v 14.75143814 12.1644516 29.14307022
vn 0.6597043276 0.3572849035 -0.6611639261
v 14.28527069 12.47022629 28.88017654
vn 0.5986829996 0.4067133963 -0.6900455356
v 16.91312218 5.066485405 35.51895142
vn 0.8930807114 -0.4458233416 0.0604021363
v 17.19216728 5.671705723 34.88297272
vn 0.9319230318 -0.3623906076 -0.01387376152
v 16.09167671 3.930616379 36.66754532
vn 0.804808557 -0.5617645383 0.1915824264
v 15.45618439 3.314837933 37.24280548
vn 0.7432869077 -0.6196209192 0.2521794438
v 16.43271255 4.366697311 36.37857437
vn 0.8409940004 -0.5213567615 0.1446241885
v 16.92693329 10.1431427 31.3639183
vn 0.9023730755 0.1380754262 -0.4082376957
v 15.33633232 11.92658234 29.65294838
vn 0.7247256041 0.3283628821 -0.6057645082
v 15.62975311 11.51643372 29.79772377
vn 0.7504239678 0.2954447567 -0.5912497044
v 17.16033173 9.789199829 31.81029129
vn 0.9313198328 0.08951213956 -0.353031069
v 16.54581833 10.93904877 30.92791367
vn 0.8578075767 0.2308868766 -0.4591921866
v 16.59725571 4.589954376 36.17017365
vn 0.864132762 -0.4855119884 0.1324866414
v 16.25870323 4.150627136 36.57700348
vn 0.8301898837 -0.5295300484 0.174306348
v 16.55964279 10.6499176 30.82076073
vn 0.862454772 0.1960398257 -0.4666264057
v 15.93153667 3.844066858 37.04590607
vn 0.7955918908 -0.5626951456 0.2245165408
v 16.79502869 4.875677109 35.81728745
vn 0.88529706 -0.4562920034 0.08970343322
v 16.85944366 10.51993179 31.3639183
vn 0.8959028125 0.1827299744 -0.4049295187
v 16.78608894 4.937625885 36.14319992
vn 0.890544951 -0.4386690855 0.1204122901
v 14.38780212 12.74446869 29.14307022
vn 0.6137109995 0.4315543473 -0.6611502171
v 15.01618862 3.186117411 38.02243423
vn 0.6816925406 -0.6449128389 0.3455180228
v 17.49341965 6.608158112 34.73585892
vn 0.9666913748 -0.2542220652 -0.02964649536
v 13.37968826 2.419765472 39.13464737
vn 0.4941009283 -0.730570972 0.4713070393
v 13.86207199 2.707298517 39.02770233
vn 0.550576508 -0.7093996406 0.4400200844
v 17.29224777 9.705871582 32.15066147
vn 0.9459362626 0.08492408693 -0.3130376041
v 17.59696579 8.065177917 33.30789948
vn 0.9768413901 -0.1024157107 -0.1878614873
v 12.09340096 2.373580933 40.13386154
vn 0.3552798331 -0.7347904444 0.5778055191
v 16.98738861 5.277698517 35.81728745
vn 0.9101570249 -0.4030043483 0.09592536837
v 15.69931793 12.04414368 30.19560432
vn 0.7645277381 0.3554486036 -0.5377300978
v 16.74764252 10.7918396 31.2538681
vn 0.8789070845 0.2116565406 -0.427462101
v 17.34127808 6.084420204 35.11509323
vn 0.948440969 -0.316570729 0.01557933819
v 16.0723896 4.150610924 37.27907181
vn 0.7984368801 -0.5448795557 0.256134361
v 11.34150314 2.620304108 40.81383896
vn 0.2767322063 -0.6982107162 0.6602432132
v 17.17508125 5.678347588 35.58248901
vn 0.9325563312 -0.3546011448 0.06779932976
v 15.5528965 3.691986799 37.79410553
vn 0.7466614842 -0.581738472 0.3226096034
v 17.62856293 7.177749634 34.79373932
vn 0.9798443317 -0.1988141239 -0.01944306493
v 17.01696777 10.451931 31.69783592
vn 0.9115394354 0.1767731756 -0.3712776899
v 17.70781326 8.003417969 34.09662247
vn 0.9882267714 -0.1095722169 -0.106779255
v 14.43466187 2.995441198 38.70101929
vn 0.6212778687 -0.6645179987 0.4152464271
v 13.33506775 2.654624939 39.53031921
vn 0.4937312007 -0.7046131492 0.5096565485
v 17.19262695 10.18427277 32.03673553
vn 0.9331063032 0.1437896788 -0.3296015859
v 16.74808311 4.956607819 36.43248749
vn 0.8799285889 -0.4445061088 0.1677498817
v 17.35858154 6.183730125 35.51899338
vn 0.9486172795 -0.3126867414 0.04849994928
v 11.80506706 2.511524439 40.46975327
vn 0.3305115104 -0.7155728936 0.6154003143
v 11.60435867 2.645347357 40.72378922
vn 0.3108464777 -0.7020279765 0.6407271028
v 15.18037319 3.494393587 38.24058151
vn 0.7115248442 -0.600863874 0.3642732799
v 14.95820999 12.69684982 29.70084572
vn 0.6826713681 0.4239273071 -0.5951852202
v 17.48363495 6.555431366 35.14173889
vn 0.9628331065 -0.2695817351 0.01667556539
v 16.25443077 4.484765053 37.36867142
vn 0.8172938228 -0.5073629022 0.2731550634
v 17.41417694 9.966156006 32.63912964
vn 0.9569464326 0.1272508949 -0.2608844936
v 17.66937256 8.032888412 33.76075745
vn 0.9838674068 -0.1021933332 -0.1468381584
v 13.07522583 2.688247681 39.81056976
vn 0.4638799131 -0.7084414363 0.5319080353
v 16.64717102 11.16843414 31.2538681
vn 0.8696365356 0.2585342526 -0.4205856919
v 17.20884323 5.827049255 35.85398865
vn 0.9278155565 -0.3615423441 0.09189907461
v 17.63685226 8.948616028 33.30789948
vn 0.9825650454 -1.10606621e-17 -0.1859191358
v 13.20532799 13.31949997 28.58791733
vn 0.4823411405 0.4959488213 -0.7220677137
v 16.45010376 4.614175797 36.95581818
vn 0.854259491 -0.4689580798 0.2243190706
v 17.52553177 6.766002655 35.49213409
vn 0.9702091217 -0.2350812405 0.0585748814
v 16.86577225 10.92201614 31.58593369
vn 0.8956977725 0.2254769057 -0.3832566142
v 12.61454391 2.714881897 40.20760727
vn 0.4198485911 -0.6933115125 0.5857015252
v 16.92817116 5.359195709 36.4864006
vn 0.9055702686 -0.3892219663 0.1686677337
v 16.67503548 5.021253109 36.92036438
vn 0.8728913665 -0.4367006719 0.2176079005
v 12.30772591 2.837457418 40.55194473
vn 0.3798577785 -0.6879723668 0.6183866858
v 15.54419327 12.49722672 30.29754639
vn 0.7483480573 0.4015517235 -0.5279502273
v 15.86267376 3.997419834 37.58209229
vn 0.788422823 -0.54015553 0.2943151593
v 16.44526291 11.62068176 31.14449692
vn 0.8474165201 0.3052844703 -0.4343807995
v 16.4014473 4.641769409 37.18939972
vn 0.8442342281 -0.4745696187 0.2491028905
v 17.01797485 10.85701752 31.92326927
vn 0.912782073 0.219871223 -0.34421736
v 17.73951721 8.355484009 34.12578201
vn 0.9938229918 -0.050013192 -0.0990684703
v 13.91036606 2.967731714 39.34727859
vn 0.566904664 -0.6638469696 0.4877768457
v 14.75572586 13.00224304 29.70084572
vn 0.6596266031 0.4611027539 -0.593529284
v 14.265625 3.139063597 39.14823914
vn 0.6087689996 -0.6388869286 0.4703443646
v 15.27976608 12.56654739 29.99464035
vn 0.7160186172 0.413559556 -0.5623929501
v 17.33268356 10.00545502 32.37975693
vn 0.9465421438 0.1229749173 -0.298219949
v 14.63635731 3.273635864 38.82414627
vn 0.6502249241 -0.6251647472 0.4317135811
v 13.64113998 2.98306632 39.65899658
vn 0.537451148 -0.6579165459 0.5275339484
v 17.11454391 5.808797836 36.46923447
vn 0.9227744341 -0.3521342278 0.156488955
v 16.75850296 11.30538559 31.58593369
vn 0.8844181299 0.2711527944 -0.379843086
v 17.51217651 9.827049255 32.95821381
vn 0.9686210155 0.1006437913 -0.2272534072
v 15.79737949 4.14413929 37.99625015
vn 0.773717761 -0.5373642445 0.335559994
v 15.10470581 3.591453552 38.53517914
vn 0.6877676845 -0.6049621105 0.4012436867
v 14.52423096 12.94910049 29.41679764
vn 0.6302172542 0.4537441134 -0.6300337315
v 16.03141022 12.1977272 30.82076073
vn 0.8005692363 0.3727851212 -0.4691696465
v 15.75315857 12.49867249 30.6088829
vn 0.7718426585 0.4052817225 -0.4899036586
v 16.62040329 11.57672501 31.474617
vn 0.8660418987 0.3004406393 -0.3996334374
v 16.30115509 11.99126434 31.14449692
vn 0.8302026987 0.3510019481 -0.4330832958
v 17.62625504 7.231451035 35.49215698
vn 0.9816571474 -0.1824208647 0.05542396009
v 13.33221436 2.90746665 39.86208725
vn 0.4970585108 -0.671171546 0.5499650836
v 14.07704544 13.44817924 29.37059021
vn 0.5813153386 0.5119082928 -0.6324732304
v 13.78788567 13.42350006 29.09864044
vn 0.5527696609 0.4995803237 -0.6669821739
v 16.34407616 4.752504349 37.56398773
vn 0.8380746245 -0.4617608488 0.2905302048
v 16.8666935 5.440834999 36.93870163
vn 0.8940368295 -0.3894845843 0.2213591486
v 13.49812698 13.43927002 28.88017654
vn 0.5187779665 0.5052033067 -0.6896659136
v 12.68458557 13.50080109 28.38862228
vn 0.424195677 0.5176769495 -0.7430132031
v 17.43589783 6.457168579 35.60938644
vn 0.9589664936 -0.2753923237 0.06739715487
v 17.28077316 6.156757355 36.19714355
vn 0.9415792823 -0.310089618 0.1314264834
v 16.91403961 11.24659729 31.92326927
vn 0.8992208838 0.2654514015 -0.3477605283
v 17.59696579 9.735149384 33.30789948
vn 0.9772633314 0.09508462995 -0.1895133704
v 15.35266781 12.83045197 30.29754639
vn 0.7250057459 0.4384346306 -0.5311701298
v 14.98150539 13.16041946 30.09462929
vn 0.6816657782 0.4792095423 -0.5528923869
v 17.43442535 6.568855286 35.96180344
vn 0.9595335126 -0.2598253787 0.1085640863
v 17.08261871 11.08223343 32.26501465
vn 0.9163036346 0.2528733611 -0.3105522096
v 17.6422081 9.438869476 33.42470169
vn 0.9842160344 0.05493947119 -0.1682274789
v 16.00064659 4.375602722 37.88245392
vn 0.7974587679 -0.5064882636 0.3279163539
v 17.45987701 10.22563934 32.95821381
vn 0.9601308703 0.1499935389 -0.2359039485
v 15.08440018 12.88725662 29.99464035
vn 0.6956862211 0.4490168691 -0.5607178211
v 15.37194252 3.950843811 38.57648849
vn 0.7241100669 -0.5606473684 0.4016703963
v 14.93695831 3.666775227 38.91955566
vn 0.679612875 -0.5903829932 0.4354012609
v 12.78391838 13.74713898 28.62856483
vn 0.4405579865 0.5393657684 -0.7176302671
v 13.06879425 3.031021118 40.23217392
vn 0.4645379186 -0.6617438197 0.5884722471
v 14.07000351 3.313287973 39.6075058
vn 0.58113271 -0.6248623729 0.5213748813
v 14.36220551 13.51327133 29.70084572
vn 0.6131951809 0.5189016461 -0.5955944657
v 14.70469284 13.31021881 29.89566231
vn 0.6504815221 0.4955573082 -0.5755838156
v 16.71547699 11.71809387 31.81029129
vn 0.8797692657 0.3161470592 -0.3550452292
v 17.70353699 9.342830658 33.77537155
vn 0.9886134863 0.05669006333 -0.1393899322
v 17.78305435 8.40316391 34.79373932
vn 0.9978379011 -0.06085082516 -0.02483441494
v 16.13716888 12.35780334 31.14449692
vn 0.8116163611 0.3880237341 -0.4367109835
v 17.75241852 7.99887085 35.14173889
vn 0.9950987697 -0.097240448 0.01796531864
v 13.48223495 13.78868484 29.14307022
vn 0.5205763578 0.5444370508 -0.6577146649
v 13.51364136 3.219778538 40.06064987
vn 0.5276839733 -0.6339440942 0.5653888583
v 12.65988827 3.089220047 40.59152603
vn 0.4250950217 -0.6515615582 0.6283007264
v 16.73557281 5.390654564 37.33693695
vn 0.8760001659 -0.3969434202 0.2739700973
v 11.93371964 14.02709961 28.38862228
vn 0.3380005956 0.5724490285 -0.7470326424
v 17.71686554 7.796463013 35.49213409
vn 0.9902998209 -0.1274456233 0.05535258353
v 13.76860046 13.83193588 29.41679764
vn 0.5522738099 0.5451828837 -0.6306895018
v 17.19121552 10.79415894 32.37975693
vn 0.9307188392 0.2136473805 -0.2968455553
v 17.42547989 10.55609894 33.06010056
vn 0.9581910372 0.1830998957 -0.2198736221
v 17.09892464 11.3277626 32.53819656
vn 0.9224405885 0.2718217969 -0.2742557526
v 14.58260727 13.57471466 29.99464035
vn 0.6402531266 0.526694119 -0.5591683388
v 16.04698181 12.6529808 31.2538681
vn 0.804474771 0.4245629907 -0.4154113829
v 16.31666183 12.32964325 31.474617
vn 0.8336601257 0.3884906769 -0.3925376534
v 12.39947891 14.03409958 28.62856483
vn 0.4023370445 0.5708910823 -0.7156872749
v 14.11637497 13.78952026 29.70084572
vn 0.5834740996 0.5481063128 -0.5992808342
v 16.80562592 5.656071186 37.48456192
vn 0.8928154111 -0.3559217453 0.2760440707
v 17.42341232 10.7937088 33.27870178
vn 0.9584853053 0.2141603827 -0.1882583648
v 14.03072548 3.634034872 40.01166153
vn 0.581384182 -0.5925414562 0.5575724244
v 15.09294891 3.938186884 39.02770233
vn 0.6932387352 -0.5562853217 0.4582211971
v 15.75705338 12.9575882 31.03583527
vn 0.7724055052 0.4555305243 -0.4425852001
v 12.77883148 3.43998909 40.85825729
vn 0.4311201572 -0.6106907129 0.6642230153
v 17.7990036 8.850776672 34.93846893
vn 0.9998714924 -3.32574955e-18 -0.01603087969
v 13.48779678 3.468124151 40.35187531
vn 0.5087572932 -0.6110525727 0.606449306
v 14.33342361 13.86216354 29.99464035
vn 0.6130477786 0.5550752282 -0.5621955991
v 17.69973183 9.745124817 33.97983551
vn 0.9887690544 0.09929747134 -0.1116949022
v 15.8119278 4.690177441 38.70101929
vn 0.7737587094 -0.4793951511 0.41409868
v 13.85637283 14.05290222 29.70084572
vn 0.5545857549 0.5815409422 -0.5951846838
v 12.95348358 14.23530293 29.14307022
vn 0.4532726109 0.5976690054 -0.6613135934
v 11.74925232 14.3263092 28.54726982
vn 0.3225066066 0.611882031 -0.7222118378
v 15.51417542 4.515331268 39.02770233
vn 0.740661025 -0.491677016 0.4579027891
v 16.44065666 5.297908783 38.05781174
vn 0.8537161946 -0.4032033682 0.3295385838
v 17.49744415 7.203613281 36.55007935
vn 0.9677382708 -0.176632002 0.1796769649
v 17.65681839 10.20380402 34.09662247
vn 0.9840450287 0.143484652 -0.1052022949
v 14.06938171 14.13666153 29.99464035
vn 0.5834790468 0.585670948 -0.562620461
v 17.67170715 7.956130981 36.16772079
vn 0.9861491919 -0.105190441 0.128237009
v 17.6073246 7.577907562 36.27068329
vn 0.9769122601 -0.1515331268 0.150599122
v 16.01708984 5.047115326 38.70101929
vn 0.7976619601 -0.4301457107 0.4227411151
v 16.95174026 6.080745697 37.52756119
vn 0.906722784 -0.3118466139 0.2839109898
v 15.72957993 4.858996868 39.02770233
vn 0.7703443766 -0.4503496289 0.451391995
v 17.72979736 9.8508358 34.44603348
vn 0.9921079278 0.1072690561 -0.06492508203
v 13.60419655 3.816911459 40.58634567
vn 0.5217549205 -0.5700499415 0.6346769929
v 17.03188515 12.01321602 33.16202164
vn 0.9146734476 0.344776094 -0.2109547257
v 16.24074173 5.163028717 38.36802673
vn 0.8283283114 -0.414098978 0.3773515821
v 14.41246033 14.06702423 30.29754639
vn 0.6186253428 0.581471622 -0.5283876061
v 15.98461151 12.97156906 31.474617
vn 0.7930931449 0.4601370692 -0.3990953863
v 15.68460464 13.27416611 31.2538681
vn 0.7627683878 0.4898679554 -0.4221537113
v 17.58581161 10.61414337 34.09662247
vn 0.9739015102 0.1987666488 -0.1095797271
v 15.88230515 13.27589035 31.64223099
vn 0.7822471857 0.4988498986 -0.3731462657
v 15.53229523 13.57777977 31.35026741
vn 0.7417964935 0.5286893845 -0.4125839472
v 15.53183365 4.860759735 39.34727859
vn 0.7453101873 -0.4496643245 0.4922547042
v 12.94900894 14.52431107 29.41679764
vn 0.4566659629 0.6312075257 -0.6269236207
v 16.20253372 5.411304474 38.70101929
vn 0.8208836913 -0.3920588791 0.4152587056
v 16.83062553 12.34383392 32.89282227
vn 0.8908389807 0.3915653825 -0.2303962857
v 17.79094315 8.875471115 35.36053848
vn 0.9986482859 -0.0001703039889 0.05197685957
v 12.81920052 3.906850815 41.23455811
vn 0.4428814054 -0.5547499657 0.7043496966
v 11.5428009 14.61547852 28.71115494
vn 0.2934261858 0.6441784501 -0.706353426
v 17.07236862 6.480308533 37.55657959
vn 0.9206849337 -0.274366945 0.2776005566
v 17.78646088 9.347026825 35.17088318
vn 0.9985412955 0.05099726841 0.01773627661
v 14.83300781 4.39242363 39.86208725
vn 0.6689303517 -0.5061873198 0.5443404913
v 17.24139404 11.62125397 33.51234055
vn 0.9360664487 0.3097557127 -0.1668261439
v 16.58495522 12.81775284 32.81304932
vn 0.8649974465 0.4345450401 -0.250898391
v 16.52068138 5.662130356 38.25548172
vn 0.8550342321 -0.364384383 0.3689721525
v 16.90133286 6.451236725 38.02955627
vn 0.9040023088 -0.2677733302 0.3332825601
v 14.14940071 14.32224464 30.28459549
vn 0.5846424103 0.6180744171 -0.5255256891
v 14.59532166 4.426836014 40.17150116
vn 0.6403030753 -0.4961566925 0.5863791108
v 14.35027027 4.173299789 40.2065239
vn 0.6137530208 -0.5323230624 0.5830431581
v 17.69992447 10.21022034 34.79373932
vn 0.9892038703 0.1443130225 -0.02548464946
v 13.98770523 4.253921509 40.6325531
vn 0.5731956959 -0.527923584 0.6266924143
v 15.5156498 13.79268646 31.61394691
vn 0.7447980046 0.5495895147 -0.3784538507
v 17.13307762 6.836832047 37.67185593
vn 0.9226779938 -0.2312826067 0.3085022271
v 13.5010643 14.64242935 29.99464035
vn 0.5184004903 0.6441866755 -0.562391758
v 17.3637886 7.282066345 37.22331238
vn 0.9491136074 -0.1823784113 0.2567518055
v 17.69488144 8.457935333 36.28540802
vn 0.9887807965 -0.05398854613 0.1392760724
v 17.44449234 7.577079773 37.1067276
vn 0.9601736665 -0.1432662606 0.2398775965
v 16.90901184 12.43255138 33.39548111
vn 0.9020445347 0.3928094804 -0.1789312959
v 15.82730865 5.207084656 39.18749237
vn 0.7775427103 -0.4157218039 0.4718079567
v 17.24862671 7.201229095 37.57121658
vn 0.9390285015 -0.1952093542 0.2830526531
v 13.0021553 14.75581264 29.70084572
vn 0.4583133459 0.6600737572 -0.5951902866
v 17.73425293 9.954544067 35.14177322
vn 0.9940857291 0.1066861823 0.0202875603
v 16.42315292 12.92180634 32.46601105
vn 0.8438894749 0.4551979899 -0.283981204
v 11.84934044 14.78279114 29.01039314
vn 0.3328910172 0.6616179347 -0.6718967557
v 16.23353577 5.729492188 38.91955566
vn 0.8226366043 -0.3573769331 0.4422111809
v 17.08408165 12.03305626 33.44902802
vn 0.9199985862 0.3521331847 -0.1720605493
v 13.77500916 14.67232513 30.29754639
vn 0.5569522381 0.6438699365 -0.5246291161
v 17.30788803 11.6003027 33.89954758
vn 0.9452928901 0.3008047938 -0.1262452751
v 17.76721954 9.446529388 35.5214386
vn 0.9968543053 0.0621525757 0.04917870089
v 17.63066864 8.362171173 36.63819504
vn 0.9801567793 -0.0593082644 0.189143315
v 14.2103672 14.60190773 30.70135117
vn 0.5933679342 0.6411195397 -0.4867033958
v 13.28794861 4.158813477 41.11922836
vn 0.4981960356 -0.5273744464 0.688241899
v 13.6963768 4.225393295 40.85825729
vn 0.5347587466 -0.525562644 0.6616773605
v 16.51340485 6.155086517 38.70101929
vn 0.8553650975 -0.304022193 0.4194294512
v 14.40860367 14.33797455 30.6088829
vn 0.6189849973 0.6088998318 -0.4960832596
v 15.91135597 13.60225487 32.18387985
vn 0.7890071273 0.5269548893 -0.3158896863
v 17.68680954 8.753845215 36.40307236
vn 0.9881284237 -0.003856424708 0.1535817087
v 12.6967659 14.9582901 29.70084572
vn 0.4279065132 0.6827049255 -0.5922921896
v 13.19916153 14.87181473 29.99464035
vn 0.4845375717 0.67002666 -0.5623945594
v 11.37559509 15.0416069 29.05421257
vn 0.2821709812 0.6859742999 -0.6706853509
v 17.113657 12.09808254 33.77293396
vn 0.9237520695 0.3563713431 -0.1402909905
v 15.4686718 5.179784775 39.71001434
vn 0.7405030727 -0.4160660505 0.5277729034
v 17.62856293 10.6225853 34.79373932
vn 0.9792647362 0.2012557387 -0.02316755429
v 15.16461563 4.861370087 39.86208725
vn 0.7037120461 -0.4568680823 0.5441147685
v 13.4707222 14.91615295 30.29754639
vn 0.5153258443 0.6750437617 -0.5279727578
v 16.82705688 12.50547791 33.16199112
vn 0.8897141814 0.4052135348 -0.210263446
v 12.42663956 15.0365181 29.60504913
vn 0.3952142894 0.6877813339 -0.6089026928
v 17.47766113 8.076641083 37.22331238
vn 0.963149488 -0.1005695909 0.2494571209
v 15.2617054 14.22080708 31.77536774
vn 0.7109614015 0.5996683836 -0.3673305809
v 16.80543518 6.585548401 38.36802673
vn 0.8900442123 -0.257133007 0.3764357865
v 16.24262047 13.35671234 32.67550659
vn 0.8245576024 0.4999002516 -0.2649613917
v 17.23739052 11.85789871 34.03340149
vn 0.9326786399 0.3449247181 -0.10553433
v 14.93289566 14.40975189 31.4744606
vn 0.6807978153 0.6185069084 -0.3923818767
v 15.75585461 5.518260956 39.5560112
vn 0.7667413354 -0.3871015608 0.5121133327
v 10.66936111 14.9432373 28.71115494
vn 0.191402629 0.6798369884 -0.7079454064
v 17.15853119 7.321327209 37.91566086
vn 0.9277257919 -0.1790016592 0.3275412321
v 17.30759811 7.648826599 37.62843704
vn 0.945984304 -0.1401057392 0.2923766971
v 14.93049622 14.26631546 31.2538681
vn 0.6736857295 0.6030640006 -0.4271549284
v 17.56731415 8.415382385 36.96069336
vn 0.9728786945 -0.05794994906 0.2239392847
v 14.38512802 14.75204086 31.14449692
vn 0.6147821546 0.6534911394 -0.4415791929
v 16.4903965 13.15058422 33.12561035
vn 0.8535516858 0.4781830609 -0.2068585604
v 16.02755356 5.818557739 39.34727859
vn 0.8023676276 -0.349847585 0.4835419953
v 16.94413757 12.50327492 33.77293396
vn 0.903509438 0.4059473574 -0.1373953521
v 16.83905411 6.885097504 38.47967529
vn 0.8889862299 -0.2145119011 0.4045838714
v 14.89948463 5.232563972 40.45154953
vn 0.6813835502 -0.3999973238 0.6129588485
v 17.58636093 10.82991028 35.14173889
vn 0.9753628373 0.2203710228 0.01019486412
v 17.7056694 9.442771912 36.16772079
vn 0.9903766513 0.04364708811 0.1313355714
v 17.00498962 7.098827362 38.19935226
vn 0.9116353393 -0.2070013881 0.3550654054
v 16.233778 13.57317543 33.10857391
vn 0.8268700838 0.5195108652 -0.2153934538
v 13.81747437 14.87786484 30.6088829
vn 0.5539733768 0.6702701449 -0.4938131273
v 17.37084579 7.988483429 37.57121658
vn 0.9529141784 -0.09196791798 0.2889576554
v 14.98180962 14.51451302 31.73045731
vn 0.6815479994 0.6329746246 -0.3671994805
v 17.01711273 12.42480755 34.06013107
vn 0.9120384455 0.397880137 -0.09938453883
v 17.33733559 11.71460056 34.70453644
vn 0.9484735727 0.3146460056 -0.03735980764
v 16.54688454 13.24091148 33.62924194
vn 0.860265255 0.4853759408 -0.1560573429
v 15.23824883 5.310214996 40.11016464
vn 0.7136577964 -0.40015769 0.5749490261
v 17.61754227 10.6204071 35.49213409
vn 0.9797372818 0.1912290752 0.05955056846
v 17.66711617 9.792633057 36.22655869
vn 0.9853812456 0.1043140739 0.1346937865
v 15.38039684 14.35513496 32.27218628
vn 0.728415668 0.6126779318 -0.3066535294
v 11.12024689 15.30421448 29.23313332
vn 0.2440756559 0.7261914611 -0.6427075863
v 16.07748413 13.7137413 32.87582397
vn 0.8064255714 0.5401893854 -0.2405685633
v 15.82142639 5.804191589 39.65899658
vn 0.7792210579 -0.339500159 0.5268341303
v 17.65351486 10.25597572 35.84422684
vn 0.9824989438 0.1548580825 0.1035124138
v 11.54545975 15.34430408 29.46357918
vn 0.3035036325 0.7228747606 -0.6207556725
v 17.26964569 8.096633911 37.91566086
vn 0.9435465932 -0.08816403151 0.3192912936
v 15.60305786 5.8002491 39.96214676
vn 0.7481976748 -0.3543597162 0.5609183908
v 15.99381447 13.9494524 33.16202164
vn 0.8034450412 0.5615044236 -0.1979617923
v 17.14210129 7.722343445 38.14293671
vn 0.9259223342 -0.1439669728 0.3492009938
v 17.20346069 12.07885933 34.61534119
vn 0.9295324683 0.3661231995 -0.04385388643
v 13.50275803 15.12343216 30.6088829
vn 0.5158107877 0.7003214955 -0.4934460223
v 15.11450672 14.56958961 32.09602356
vn 0.6973469853 0.6386603117 -0.3253000975
v 14.33890915 14.9722271 31.4330864
vn 0.6125381589 0.6807107329 -0.4017833769
v 16.81280708 12.93375874 34.4459877
vn 0.8905956149 0.4493304491 -0.07029646635
v 16.2948246 6.487192154 39.32091141
vn 0.8364299536 -0.2636214495 0.4805088043
v 16.30712891 13.61984062 33.56591415
vn 0.8288366795 0.536786139 -0.1577668935
v 15.1145277 14.73118305 32.4395752
vn 0.6999921203 0.6540116072 -0.2868447602
v 17.13481903 8.013870239 38.25577164
vn 0.92245543 -0.09752579778 0.3735836446
v 13.44016647 15.38099289 30.92791367
vn 0.508754611 0.7294915915 -0.4571769238
v 14.1301918 15.271698 31.64648247
vn 0.5897068977 0.7122131586 -0.3807862699
v 10.11326981 15.24638748 28.88017654
vn 0.1305523515 0.7172139883 -0.6845145226
v 16.58186913 13.26066208 33.91660309
vn 0.8634245992 0.4901057184 -0.1195588186
v 13.82241058 15.46660233 31.55799103
vn 0.5519371033 0.73959589 -0.3851796687
v 15.79293728 14.18360138 33.05515671
vn 0.7756565809 0.5939164758 -0.2135886252
v 13.61635208 15.45137405 31.2538681
vn 0.530181706 0.7356415987 -0.4215908051
v 14.440938 15.12036705 31.86907768
vn 0.6239029169 0.6971916556 -0.3530849218
v 17.58448029 9.733955383 36.75559235
vn 0.9781274199 0.09647337347 0.1842812747
v 17.49670029 9.825378418 37.1067276
vn 0.9661112428 0.1022089571 0.2370282263
v 14.78215122 14.99543667 32.27218628
vn 0.6602061391 0.6850335002 -0.3079886138
v 16.50563049 7.066848755 39.24158859
vn 0.854622364 -0.2077423632 0.4758820236
v 13.42795563 15.72891235 31.53019714
vn 0.5115303993 0.7663456798 -0.3886527717
v 16.02165604 14.03276062 33.53913498
vn 0.8048022389 0.569078505 -0.1686504632
v 12.55653381 15.6539917 30.50421333
vn 0.4125374556 0.7580154538 -0.5051983595
v 10.37478638 15.35548401 29.05421257
vn 0.171767965 0.7170611024 -0.6755139828
v 15.16775131 5.952978134 40.58634567
vn 0.7026410699 -0.3363125622 0.6270481348
v 16.09070969 14.0184145 33.86303711
vn 0.8131449819 0.5684309602 -0.1252256185
v 14.81758118 5.598701477 40.76896286
vn 0.6693643332 -0.3702464402 0.644103229
v 17.43442535 11.23147583 35.96180344
vn 0.9595602155 0.2597853243 0.108423993
v 16.30736542 7.043556213 39.56908798
vn 0.8303185105 -0.2249734402 0.5098608732
v 15.80913258 14.28495502 33.43200684
vn 0.7694985867 0.6135766506 -0.1771882176
v 16.58534241 13.32213974 34.23994827
vn 0.8638582826 0.4959158897 -0.08840998262
v 15.8468895 6.200363159 39.86159134
vn 0.7775214911 -0.307950139 0.5482946634
v 12.81490707 15.71219254 30.82076073
vn 0.4366670251 0.7655434608 -0.4725093544
v 15.60303688 14.40830994 33.01882172
vn 0.7479464412 0.6272096634 -0.2172191292
v 12.21093369 15.82997513 30.50421333
vn 0.3737518787 0.7778743505 -0.5051940084
v 9.699634552 15.13492775 28.70087051
vn 0.09071587026 0.6929143071 -0.7152904272
v 15.47677994 6.273387909 40.38658524
vn 0.7418448329 -0.2990581989 0.6001920104
v 16.07366753 6.655126572 39.76054382
vn 0.8061956763 -0.2499442548 0.5362614989
v 13.274086 15.68469238 31.2538681
vn 0.4871537387 0.7639364004 -0.423181355
v 15.07110405 14.99834347 33.01882172
vn 0.7050583959 0.674945116 -0.217581585
v 17.02105141 12.53769779 35.11509323
vn 0.9134051204 0.4066895843 0.01716479473
v 16.60920143 7.601690292 39.24812698
vn 0.865909338 -0.1392644793 0.4804231226
v 16.34970474 13.70848942 34.23994827
vn 0.8342767358 0.5438765883 -0.09044651687
v 17.18330193 12.07118034 35.72671509
vn 0.9330914021 0.3501611054 0.08202219009
v 11.85995865 15.98699951 30.50421333
vn 0.3309983909 0.7968177199 -0.5054913759
v 13.77054882 15.65816498 31.86907768
vn 0.543571353 0.7630473375 -0.3496983647
v 14.27814102 5.669233322 41.30732727
vn 0.6054776311 -0.3633259237 0.7080897689
v 9.836769104 15.45521545 29.05421257
vn 0.09906321764 0.7348278761 -0.6709802151
v 14.09410095 15.45422554 31.95620728
vn 0.5868715644 0.7331464291 -0.34362486
v 14.60014057 5.859771729 41.11922836
vn 0.6361435652 -0.3445482254 0.6903679371
v 14.87579918 15.09247208 32.73326492
vn 0.6727608442 0.6929728389 -0.2591940463
v 11.21837997 15.58726597 29.60504913
vn 0.261728555 0.7504912019 -0.6068452001
v 14.34483528 15.44699097 32.41321564
vn 0.6194964647 0.729972899 -0.2887276709
v 15.42176819 14.69699001 33.25196457
vn 0.7363351583 0.6471576691 -0.1974778026
v 16.87309265 12.84896088 34.82024384
vn 0.8977872133 0.4397880733 -0.0237594936
v 16.6879425 13.20179939 34.79374695
vn 0.8757153749 0.4824079573 -0.02012779005
v 12.46467209 15.9018364 30.82076073
vn 0.4024940431 0.786031723 -0.4692043364
v 16.85255814 7.903833389 38.86510468
vn 0.89098382 -0.1169467121 0.4387154579
v 17.49744415 10.59671783 36.55007935
vn 0.9669756293 0.18770127 0.1724133939
v 9.05814743 15.1409874 28.65941238
vn 0.02479190566 0.7017241716 -0.7120172381
v 10.88879013 15.69258118 29.60504913
vn 0.219576776 0.7597110868 -0.6120662689
v 17.44449234 10.22325897 37.1067276
vn 0.960991323 0.1493205875 0.2328068763
v 15.47044945 12.21916962 39.99853897
vn 0.7407336831 0.3757871389 0.5568641424
v 16.82713509 12.94099808 35.16845703
vn 0.8888034225 0.4577893913 0.02138608694
v 17.35622787 10.99235916 36.81413269
vn 0.9523859024 0.2344316691 0.1949433535
v 12.97148132 15.98468781 31.474617
vn 0.4644418061 0.7932722569 -0.3937168717
v 17.27647018 11.69426823 36.10643005
vn 0.9416033626 0.3139995039 0.1216035634
v 16.39112473 7.375686646 39.5560112
vn 0.8434880376 -0.1538895071 0.5146318078
v 11.03364563 15.8708725 29.89566231
vn 0.2354199141 0.7854803205 -0.5723618865
v 12.80767059 15.9045372 31.14449692
vn 0.4413184524 0.7860955596 -0.4327721894
v 6.692375183 16.44047165 30.82076073
vn -0.2487333566 0.8490259051 -0.4661402106
v 14.10707569 15.58120251 32.27218628
vn 0.5810783505 0.7535329461 -0.307467252
v 16.45119858 13.5879612 34.55243683
vn 0.8485999703 0.5268681049 -0.04783455282
v 16.09322739 14.0843277 34.23994827
vn 0.8076738119 0.5824033022 -0.09202945232
v 17.42524338 10.63503647 36.87283707
vn 0.9582753181 0.1902691722 0.2133215815
v 13.75912571 16.05376816 37.09942245
vn 0.5580950975 0.791084826 0.2504288852
v 11.55015564 15.97550583 30.29754639
vn 0.296384424 0.7973209023 -0.5257714391
v 17.11668777 12.28190041 35.49213028
vn 0.9170185924 0.3951848447 0.05390621722
v 16.61288261 13.33797836 35.11509323
vn 0.8653299212 0.5008942485 0.01758086495
v 13.76863384 15.81367111 32.22812271
vn 0.5516909361 0.7792259455 -0.2973953784
v 9.901287079 15.90658951 29.60504913
vn 0.09571196884 0.7894076109 -0.6063619256
v 6.295059204 16.12498093 30.50421333
vn -0.2922312617 0.8100813031 -0.5083002448
v 14.5915699 15.28945732 32.55494308
vn 0.637211144 0.7205178738 -0.2735249698
v 17.2657795 11.59142494 36.40307617
vn 0.9390543699 0.3023976982 0.1635009795
v 12.10817719 16.07218552 30.82076073
vn 0.3517695069 0.8090909123 -0.4707760215
v 17.24307823 9.749944687 37.97211075
vn 0.9348430037 0.09306547791 0.3426475823
v 16.91597748 12.73524094 35.46039581
vn 0.8990024328 0.4348439872 0.0520124808
v 13.35108948 15.90217972 31.78207779
vn 0.4954436123 0.7896698117 -0.361880064
v 0.8408353329 11.97589874 32.81295776
vn -0.9060752392 0.3455146253 -0.2442279309
v 15.44610977 6.608205795 40.57396317
vn 0.7433409095 -0.2546782494 0.6185331345
v 16.23959541 13.90857697 34.53077698
vn 0.8157400489 0.5763907433 -0.04839293286
v 7.3657341 16.9259758 31.474617
vn -0.1788476706 0.9017217755 -0.3935878575
v 14.61022568 15.38704872 32.87582397
vn 0.6417233348 0.7279492021 -0.2414148897
v 15.00873661 14.26546478 38.61839676
vn 0.6908852458 0.6036845446 0.3977971077
v 12.77449799 16.83811188 36.08925629
vn 0.4357752204 0.8921667337 0.1189052761
v 17.12852669 12.10383034 36.10643005
vn 0.9246435165 0.3616048396 0.1194835082
v 14.89953613 6.394397736 41.07666779
vn 0.6710163355 -0.2860272825 0.6840507984
v 16.88423538 8.476078033 38.90558624
vn 0.8937452435 -0.05507118627 0.4451816082
v 12.44838715 16.09321976 31.14449692
vn 0.3955126107 0.8099381328 -0.4330934584
v 17.10268402 12.0403204 36.43248749
vn 0.9211255312 0.3502079248 0.1699475795
v 16.40510941 13.68215752 35.02061844
vn 0.8446571827 0.5352941155 0.003805196146
v 14.20472431 15.67619896 32.73326492
vn 0.5940496922 0.7613337636 -0.2597611248
v 2.220286846 14.77988434 35.07867813
vn -0.7516839504 0.6595137119 0.003590763081
v 17.01118279 12.47768784 35.78054047
vn 0.9151560068 0.3939887583 0.08521965146
v 15.77358246 7.033988953 40.33312988
vn 0.7751901746 -0.2171980739 0.5932159424
v 16.58639526 13.38252258 34.79373169
vn 0.8576236367 0.5139277577 -0.01897252165
v 15.50352859 14.78251362 34.00662613
vn 0.745046258 0.6562565565 -0.1193039417
v 11.03694534 17.53652191 34.79373932
vn 0.2370187044 0.971303761 -0.01977789775
v 0.7581632733 11.55620575 32.58137512
vn -0.9146401286 0.2999691963 -0.2710201442
v 12.07685375 17.19842911 35.49213028
vn 0.3520108461 0.934673667 0.04973491654
v 14.09527302 15.66334534 37.53742599
vn 0.5776153207 0.7664139867 0.2810162306
v 16.62740135 13.28661728 35.49213028
vn 0.8736156225 0.4833836555 0.05599994957
v 13.59201813 16.26359367 36.7213974
vn 0.5361414552 0.8216347098 0.193568483
v 0.8302839994 12.27565861 33.36870193
vn -0.9017142057 0.3914642036 -0.1834863722
v 14.50085163 15.52386284 33.01882172
vn 0.6333658695 0.7432240844 -0.2155590206
v 7.65190506 16.37687302 39.65899658
vn -0.1394931525 0.8435565233 0.5186077952
v 15.34062004 13.14137268 39.43880081
vn 0.7250167727 0.4823987484 0.4915710986
v 8.9373703 15.63787842 40.81383896
vn -0.00880727917 0.7572603226 0.6530537605
v 17.3637886 10.51826096 37.22331238
vn 0.9500558972 0.1818245649 0.2536406517
v 14.34111881 15.36392307 37.79410553
vn 0.607036829 0.7293875813 0.3154362738
v 8.002124786 17.24337006 32.03673553
vn -0.1009727418 0.9375288486 -0.3329326212
v 14.79129791 14.64080811 38.39605713
vn 0.6706712246 0.6397688985 0.3753609359
v 15.15727806 6.511161804 40.85825729
vn 0.705848515 -0.2702348828 0.6547907591
v 0.7785834074 10.15779495 31.58593369
vn -0.9144697785 0.1271093786 -0.3841722012
v 15.41446686 12.81079102 39.63354874
vn 0.7283052206 0.4491346478 0.5175418854
v 2.260196447 14.81495953 35.3483429
vn -0.747395277 0.6630861163 0.04143754765
v 1.471816778 13.75660706 34.32978821
vn -0.8275414109 0.5564531088 -0.07439884543
v 12.60724258 16.1819191 31.474617
vn 0.4194571972 0.817430377 -0.394795239
v 8.469604492 17.46173477 32.61029053
vn -0.04001658782 0.9596424699 -0.2783612907
v 3.448581219 15.69669151 36.81179428
vn -0.6127285957 0.7644708157 0.2003697902
v 1.377379775 13.63166523 34.53556442
vn -0.8479694128 0.527562201 -0.05124457553
v 10.59677696 16.0329113 29.95749283
vn 0.1893725097 0.8052690029 -0.5618540049
v 11.34723663 17.45048523 34.67797852
vn 0.2817543447 0.958825469 -0.03561127558
v 13.23086166 16.52919769 36.49619675
vn 0.4833532572 0.8590880036 0.1683373004
v 8.03162384 16.16747284 40.06117249
vn -0.1034893617 0.8239046335 0.5571993589
v 15.35089874 11.93295288 40.32826996
vn 0.7161828279 0.3441307843 0.6071706414
v 3.865472555 15.97300339 36.95581818
vn -0.5663428903 0.7935562134 0.2225403637
v 9.240730286 17.63042068 33.30789948
vn 0.03587023541 0.9825159907 -0.1826901585
v 6.845731735 16.41749382 39.29443359
vn -0.2311903089 0.8461254239 0.4802320898
v 6.963516235 16.93392181 31.69783592
vn -0.223792702 0.9002351165 -0.3734884262
v 16.98934937 12.4680748 36.01571655
vn 0.9051434398 0.4097545743 0.1132103205
v 6.604042053 16.7420845 31.474617
vn -0.2585391402 0.8826787472 -0.3924739063
v 7.696926117 17.31935883 32.37975693
vn -0.1377297193 0.9458069205 -0.2940745354
v 1.952905416 14.40543556 35.79033661
vn -0.7826117873 0.6163492203 0.08736415207
v 9.344230652 17.73290253 34.00905991
vn 0.04857945442 0.9924523234 -0.1125983447
v 6.552684784 16.5696373 31.14449692
vn -0.262037456 0.8622831106 -0.4333637953
v 17.24742508 10.19275284 37.80128479
vn 0.93999964 0.139948681 0.3111511767
v 16.17541313 7.576330185 39.9491539
vn 0.8122199774 -0.1434482932 0.5654389858
v 14.0964632 15.37867069 38.19706726
vn 0.5753346682 0.7361450791 0.3564834595
v 17.18851471 11.60400391 36.784935
vn 0.9267578721 0.3160772324 0.203014791
v 15.03765106 15.18496323 33.57565689
vn 0.6828666925 0.7104123831 -0.1703155339
v 5.103404999 14.9582901 29.70084572
vn -0.4268220961 0.6808604598 -0.5951906443
v 4.448453903 13.6796093 28.95597076
vn -0.5024486184 0.5349299908 -0.67926085
v 10.6853714 16.30647278 30.40042305
vn 0.1927322596 0.8328312039 -0.518889606
v 16.84604645 12.83559799 35.75364304
vn 0.8924071193 0.4443136156 0.07870794833
v 5.303028107 15.54427719 30.29754639
vn -0.4075366557 0.7449406385 -0.528183043
v 13.13479137 16.36016273 37.36867142
vn 0.468998909 0.84068048 0.2707330585
v 14.39584732 15.17060661 38.11004257
vn 0.6196111441 0.7049382329 0.3451725841
v 8.461330414 17.62602997 33.30789948
vn -0.05494678766 0.9804977775 -0.1886928082
v 11.45226479 17.39290428 35.73168564
vn 0.2918749154 0.9533416033 0.07712833583
v 16.84909058 8.812240601 39.00091171
vn 0.89875561 0.005226829089 0.4384187758
v 14.92313766 12.46608353 40.4922142
vn 0.6754339337 0.4083179235 0.6140565872
v 4.400318146 12.80102348 28.38862228
vn -0.5036360025 0.4391059577 -0.7440004945
v 0.7694287896 12.51409149 35.04389191
vn -0.9126431942 0.4087242484 0.005189039279
v 14.80382156 14.22138977 39.0005188
vn 0.6738805175 0.5883905888 0.4468574524
v 14.96701622 13.007658 40.04895782
vn 0.6830950975 0.4540359378 0.5720424056
v 4.302036285 13.43927002 28.88017654
vn -0.5185280442 0.5003926754 -0.6933511496
v 17.24862671 10.59910965 37.57121658
vn 0.9385975003 0.1891168356 0.288564682
v 15.67375755 14.6270647 34.29823303
vn 0.7514028549 0.6555051804 -0.07554298639
v 13.26465034 16.18785286 37.6529808
vn 0.4930217862 0.8163465858 0.3008450568
v 8.167358398 14.74504471 28.33020592
vn -0.07845263183 0.6600735188 -0.7470930815
v 13.42419243 16.14461327 32.50207901
vn 0.5179764628 0.8063807487 -0.2853952348
v 16.27804756 13.87139797 34.79373932
vn 0.821608305 0.5695280433 -0.02444519475
v 11.78705215 16.32624054 31.03583527
vn 0.3196437061 0.8332782388 -0.451082319
v 5.850498199 16.20180893 30.92791367
vn -0.3409156799 0.8211568594 -0.4576875269
v 0.8459165096 12.56333923 35.96178818
vn -0.8997352719 0.4224660397 0.1095392108
v 0.1480176896 10.41352463 34.44606018
vn -0.9834053516 0.1703580618 -0.06238636002
v 16.90186882 12.48434448 36.52312469
vn 0.9009422064 0.3939178884 0.1820213646
v 14.64876652 15.50969315 33.43200684
vn 0.6476067901 0.7410753369 -0.177236408
v 16.44740105 8.108915329 39.64627075
vn 0.8483130932 -0.09715747833 0.5205048919
v 16.29055786 7.931423187 39.86208725
vn 0.8185420036 -0.1155948341 0.5626960397
v 8.435260773 15.02050877 28.55755424
vn -0.04429044947 0.6927222013 -0.7198432088
v 15.33401871 14.98296165 34.1063118
vn 0.7197548747 0.6883013248 -0.09052196145
v 8.827705383 15.38084412 28.90200996
vn -0.001559226075 0.7298986912 -0.6835535765
v 15.90104675 7.300834656 40.25606155
vn 0.7902395725 -0.1683341861 0.5892240405
v 14.8712883 15.36787319 33.69256973
vn 0.6700826287 0.7297167182 -0.1360249966
v 16.59596634 8.513256073 39.45209503
vn 0.8663849831 -0.04857381806 0.4970086515
v 12.80702496 16.34983826 32.09602356
vn 0.4465997517 0.833052218 -0.3264547288
v 17.27711105 10.91949844 37.22331238
vn 0.9414942861 0.2285123318 0.2477310449
v 16.57648468 13.31701279 35.87116623
vn 0.8627217412 0.4973616898 0.09133739769
v 16.05173874 14.19554996 34.93605804
vn 0.7964121699 0.6046807766 -0.009421165101
v 14.58871841 6.3984375 41.36885071
vn 0.6317433119 -0.2954488397 0.716666162
v 15.64120102 14.69350433 34.56212234
vn 0.7551492453 0.6537505388 -0.048578877
v 10.19654083 16.1432991 29.99464035
vn 0.1535605937 0.8138258457 -0.5604521632
v 14.30052185 15.73019981 33.16202164
vn 0.6029778123 0.7710930109 -0.2045319676
v 8.537578583 15.37108612 28.90200996
vn -0.04923285544 0.7251545787 -0.6868238449
v 17.17610931 11.37815475 37.13592529
vn 0.9321566224 0.2739697397 0.2366951406
v 16.39593315 13.67634678 35.42879486
vn 0.8435287476 0.5345894694 0.0517039448
v 13.13293076 16.25684357 32.32472992
vn 0.4705236256 0.8278880119 -0.3053014576
v 16.77342224 12.91364861 36.04759216
vn 0.8856686354 0.4486688375 0.1195298284
v 16.14706993 14.05853558 35.25829697
vn 0.818826437 0.5734301209 0.02647942863
v 17.28208923 11.29914856 36.78489304
vn 0.9437776208 0.2692078948 0.1918615997
v 16.9998703 12.02730846 36.9471283
vn 0.9089232683 0.3561633825 0.2168088704
v 13.96497059 15.94382858 33.01882172
vn 0.5646021366 0.7955289483 -0.2199047059
v 5.778167725 16.64500809 31.92326927
vn -0.3526876271 0.8710428476 -0.3419002593
v 12.48153305 16.39643478 31.81029129
vn 0.4048925638 0.8418591619 -0.3568405211
v 0.1002385467 10.21022034 34.79373932
vn -0.988958776 0.147631228 -0.01286781952
v 12.30590057 16.86839294 37.02893448
vn 0.3940427601 0.8932674527 0.2163412124
v 1.036437988 8.900161743 39.16531754
vn -0.8814798594 0.00477686245 0.4721974134
v 13.5743103 16.14213181 32.78639603
vn 0.5217502117 0.8185597062 -0.2402846366
v 4.343063354 14.97994137 39.63354874
vn -0.498764962 0.6905559301 0.5237995982
v 5.062721252 14.97974205 40.24343491
vn -0.4310906529 0.6848042011 0.5875406265
v 14.81894588 6.734370232 41.28186798
vn 0.6608231068 -0.2295397371 0.7145798206
v 15.29565716 15.05860901 34.41939926
vn 0.7227939367 0.6875473261 -0.06962451339
v 9.856430054 16.19600296 29.99464035
vn 0.1105371416 0.819009304 -0.5630322099
v 15.87318993 14.42589378 35.19511032
vn 0.7826747298 0.6220503449 0.02176228166
v 6.082157135 16.71556854 31.81029129
vn -0.3164784014 0.8767549396 -0.3621356785
v 14.38563156 14.04188156 39.76103592
vn 0.618370831 0.5670300722 0.5441455841
v 16.99434662 10.15358734 38.47967529
vn 0.9117968082 0.1215221509 0.3922485411
v 7.903182983 14.97842216 28.57746887
vn -0.1053230166 0.6891285181 -0.7169441581
v 11.67914581 16.91608429 37.68645859
vn 0.3128574491 0.8998581767 0.3039333224
v 14.32366467 15.82811356 33.6657753
vn 0.6098787189 0.7778746486 -0.1515222192
v 16.85427666 12.40841293 36.90214157
vn 0.8932392597 0.3930002451 0.2183447182
v 9.336040497 15.96253014 29.60504913
vn 0.0548035726 0.7909708023 -0.6093946099
v 12.10187149 16.56629562 31.81029129
vn 0.3582771719 0.8636753559 -0.3545452058
v 14.58802795 12.36475372 40.90267944
vn 0.6445774436 0.3865970373 0.6595928073
v 14.41793823 15.69664001 33.39546585
vn 0.6207938194 0.7637395859 -0.1769658774
v 15.89589882 7.92090416 40.40990829
vn 0.7898586392 -0.1268140078 0.6000345945
v 16.56889343 13.25340748 36.19714355
vn 0.8646767139 0.4830433726 0.1378524154
v 16.34111977 13.70291424 35.87116623
vn 0.8365956545 0.5398659706 0.09301846474
v 16.55979156 8.814804077 39.53031921
vn 0.8580614328 0.009412652813 0.513460815
v 14.57960796 15.65822792 33.88129807
vn 0.644957602 0.7538489103 -0.1254650056
v 16.71291351 9.293605804 39.24116898
vn 0.882665813 0.04315312579 0.4680158794
v 6.783428192 17.23948669 32.72601318
vn -0.2416739017 0.9371896982 -0.2515335679
v 3.705356359 12.74208069 28.88017654
vn -0.5864771008 0.4295150936 -0.6867032647
v 3.920379639 14.49625397 30.19560432
vn -0.5589907765 0.6310228109 -0.5379028916
v 6.656398773 17.31296921 33.16207123
vn -0.2565527856 0.9436608553 -0.2090091109
v 13.82894516 14.51255035 39.8366394
vn 0.5566982031 0.6362035871 0.5341648459
v 10.93896484 16.54589844 30.92791367
vn 0.2324292362 0.8599762917 -0.4543317854
v 3.66247201 14.3453598 30.29754639
vn -0.5878099799 0.6101766229 -0.5311909914
v 3.514899731 12.47022629 28.88017654
vn -0.6097735763 0.3940783441 -0.6876615882
v 9.446453094 17.76729965 35.5214386
vn 0.05345856398 0.9974848628 0.04654155672
v 13.13676643 16.36324501 32.64395142
vn 0.4752933383 0.8385155797 -0.2664355338
v 17.10911942 11.3037262 37.45558548
vn 0.9211660624 0.2765643895 0.2737978399
v 3.615293503 13.07983017 29.18810081
vn -0.5923944712 0.4752940536 -0.6505108476
v 11.30363846 17.10920715 37.45558548
vn 0.2694794238 0.9218015671 0.2786803246
v 14.04250717 14.10942078 40.06117249
vn 0.5778954625 0.5922725201 0.561471343
v 5.787038803 17.03196144 33.16202164
vn -0.3442433476 0.915613234 -0.2077231854
v 14.14209175 13.8459301 40.21900177
vn 0.5896260738 0.549921453 0.5915466547
v 14.24614716 12.49337769 41.14090347
vn 0.6054109931 0.4044810534 0.685472548
v 17.01600266 10.5517807 38.25577164
vn 0.9127575159 0.1843769848 0.364525497
v 10.99554253 17.26134872 37.20860291
vn 0.2361550331 0.9394785762 0.2482152134
v 13.97605324 16.03140068 33.39548111
vn 0.5694497824 0.801261723 -0.1835934818
v 14.16246796 13.46209335 40.54014206
vn 0.5874860883 0.5227872133 0.6177002788
v 10.64983368 16.5597229 30.82076073
vn 0.190915525 0.8591466546 -0.4747823775
v 12.09197617 16.5426178 38.25577164
vn 0.3530164063 0.8594116569 0.3698527515
v 7.781524658 14.75147915 28.38862228
vn -0.1299193054 0.65165025 -0.7473104596
v 7.398914337 17.58176422 33.74614716
vn -0.1697009504 0.9755703211 -0.139514029
v 12.6908474 16.5541153 32.50207901
vn 0.4294777513 0.8567606807 -0.2854996026
v 3.67998147 12.26592636 28.62856483
vn -0.5859066248 0.3778762519 -0.7168842554
v 13.53986931 16.27709198 33.19849014
vn 0.5281760693 0.8232001662 -0.2082582414
v 4.321674347 15.71086502 31.55799103
vn -0.5192561746 0.7628930807 -0.3851845562
v 16.97702026 11.37225723 37.80128479
vn 0.9057215452 0.2700305283 0.3267291784
v 13.35537338 15.25997162 39.34727859
vn 0.4966324866 0.720474124 0.4840178192
v 9.628120422 16.48376846 30.40042305
vn 0.07380843908 0.8502492905 -0.5211798549
v 13.17266273 16.42688179 32.9291153
vn 0.4838003814 0.8448898196 -0.2282506675
v 13.56073761 14.71691513 39.86208725
vn 0.519125104 0.6565254331 0.5472508669
v 16.49969101 13.2728672 36.52312469
vn 0.8577381372 0.4832392335 0.175399974
v 16.87210846 10.89816856 38.40945435
vn 0.893176496 0.223723188 0.3901072443
v 11.54426956 16.5271225 31.2538681
vn 0.2955440879 0.8594567776 -0.4171184003
v 8.900192261 17.77318573 35.66806793
vn -0.005647071172 0.9980558157 0.06206985936
v 0.06658907235 9.444484711 35.93240356
vn -0.9936159849 0.06077633798 0.09504465759
v 3.0966115 14.51879692 31.26794434
vn -0.6471663117 0.6349564195 -0.4219076633
v 8.860908508 15.97769165 29.60504913
vn -0.005058533046 0.7899031043 -0.6132108569
v 16.00400734 14.23734951 35.48725891
vn 0.7884831429 0.6123842597 0.05726953223
v 3.157817364 13.50114059 29.99464035
vn -0.6446301341 0.5175489783 -0.5626677871
v 13.66058159 16.2756691 33.53913498
vn 0.528124392 0.8336741328 -0.1614683867
v 15.43040752 14.94210911 34.79856491
vn 0.7306989431 0.6823660135 -0.0213459041
v 10.39619064 16.72598267 31.03583527
vn 0.162804082 0.874851346 -0.4562125802
v 16.75726318 12.36084747 37.33698273
vn 0.8842375875 0.3882193863 0.2596336305
v 15.57602501 14.77651978 35.31177902
vn 0.758045733 0.6510553956 0.03864679486
v 13.83906174 14.00171661 40.36396027
vn 0.5510411859 0.5773522258 0.6025097966
v 15.55757904 7.839902878 40.80762482
vn 0.746949017 -0.1174686253 0.6544221044
v 13.15770721 14.89417458 40.01062012
vn 0.4758649766 0.6756547093 0.5630659461
v 5.459680557 16.94914818 33.39550018
vn -0.3884522915 0.9032310843 -0.1824237257
v 8.618495941 16.11508179 29.79772377
vn -0.03775608167 0.8162768483 -0.5764256716
v 11.3053093 16.75858688 31.58593369
vn 0.2699085176 0.881681025 -0.3870245516
v 14.96308136 7.360668182 41.32821274
vn 0.6769202948 -0.1845482141 0.7125453353
v 16.89791489 10.42917252 38.59068298
vn 0.893724978 0.179227218 0.4112581313
v 11.16835785 16.64725113 31.2538681
vn 0.2533434033 0.8711542487 -0.4206036031
v 9.253074646 16.32436371 30.10771561
vn 0.03676844761 0.8316665888 -0.5540566444
v 15.24329376 7.569892883 41.09818649
vn 0.7180376053 -0.1583037972 0.6777623892
v 15.11020184 15.25941563 34.56699753
vn 0.6957409382 0.7162516713 -0.05411182716
v 8.859344482 16.25833893 29.99464035
vn 0.008391843177 0.8262124658 -0.5632961988
v 14.0183363 16.09079933 33.86303711
vn 0.5726477504 0.8096832633 -0.1284041107
v 12.81457615 16.5794487 32.78639603
vn 0.433572948 0.8666471243 -0.2468548119
v 16.11813545 13.97412777 36.16036606
vn 0.8095686436 0.5718681216 0.1325347722
v 11.6070137 16.70809174 31.69783592
vn 0.3079354763 0.876413703 -0.3702361584
v 13.74683285 13.04636765 41.20244217
vn 0.5465989709 0.4579097927 0.701104939
v 15.26423454 15.11506653 35.25829697
vn 0.7229149342 0.6904542446 0.02582504228
v 13.25708008 16.47246361 33.30546951
vn 0.4839565158 0.855260253 -0.1852456778
v 7.463947296 14.85824585 28.54726982
vn -0.1609048396 0.6754509807 -0.7196357846
v 9.825302124 17.4967804 37.1067276
vn 0.1024750546 0.966494143 0.235346362
v 16.57107162 12.99045563 36.90214157
vn 0.8494489193 0.481987983 0.2147651464
v 12.94637871 13.67592144 41.32291031
vn 0.4577354789 0.5410528779 0.7055069208
v 10.1600399 17.19669914 37.95802307
vn 0.1353444457 0.9316638708 0.3371710479
v 14.08372498 16.0039978 33.62923813
vn 0.5853219628 0.7960293889 -0.1540630758
v 14.94788265 15.42270565 35.26316833
vn 0.6787099838 0.7337401509 0.03127489239
v 2.758643866 11.37567902 29.05421257
vn -0.6852614284 0.2693962455 -0.6766405106
v 16.60746193 12.77326965 37.18939972
vn 0.8666624427 0.4325392544 0.248608157
v 15.14777851 15.23608112 34.88297272
vn 0.6928370595 0.7210655212 -0.006428985391
v 15.9477911 14.26084995 35.87116623
vn 0.7851850986 0.6125365496 0.09101261199
v 2.715198755 11.85515213 29.32438278
vn -0.6910407543 0.3405774236 -0.637549758
v 4.602096558 16.27032471 32.46593475
vn -0.4781791866 0.8278000951 -0.2934137583
v 11.26587677 16.80244446 38.34015274
vn 0.2615322471 0.8908920884 0.3713652492
v 11.74630356 16.79405212 32.03673553
vn 0.3132137954 0.889531672 -0.3326116204
v 3.669979334 15.271698 31.64648247
vn -0.5919572115 0.712891221 -0.3759956956
v 12.67808914 15.47409821 39.65899658
vn 0.4245802462 0.7368585467 0.5260903835
v 3.49467063 15.3216095 32.04386139
vn -0.6039030552 0.7221820354 -0.3372746408
v 12.99376869 15.57401848 39.22787476
vn 0.4595569968 0.748514235 0.4780521095
v 7.12563324 17.61818123 35.14177322
vn -0.2057185769 0.9784779549 0.01614958793
v 4.920041084 16.36439323 32.23633957
vn -0.4586847126 0.8342764378 -0.30592677
v 10.92193604 16.86585236 31.58593369
vn 0.2254726291 0.8956971169 -0.3832606673
v 12.39602661 15.76698685 39.45209503
vn 0.3883061707 0.7732973695 0.5012280345
v 12.80467606 16.67028236 33.10857391
vn 0.4471877217 0.869361341 -0.2103188932
v 10.22317886 17.44458008 37.1067276
vn 0.1541858763 0.9597506523 0.2347453088
v 14.39881802 15.8391695 34.10148239
vn 0.6167176962 0.780092001 -0.1054313555
v 11.94356155 15.7041254 39.86208725
vn 0.3419313431 0.7597708702 0.5530200005
v 16.72919083 10.49343109 38.91955566
vn 0.8761187196 0.1677938849 0.4519526362
v 10.50629044 17.30170441 37.45558548
vn 0.1809933037 0.9430080652 0.2792440653
v 11.77547836 16.29648972 39.02770233
vn 0.3228254914 0.8334316611 0.4485257268
v 7.922962189 15.59725761 29.22161293
vn -0.09953324497 0.7542401552 -0.6490107179
v 10.92513275 16.98039627 38.12850571
vn 0.2263048142 0.907674551 0.3534303606
v 10.46347046 17.07780457 38.14293671
vn 0.1719186753 0.9180026054 0.3573725522
v 16.81124687 11.26849365 38.311306
vn 0.8886457086 0.2675095499 0.3724881113
v 16.77166748 11.73834229 38.02955627
vn 0.8877753615 0.3138563335 0.3366736472
v 10.88824844 17.14793396 37.68645859
vn 0.2280378938 0.9270839691 0.2975130379
v 6.34010601 17.41829872 34.73586655
vn -0.295450598 0.9550404549 -0.02463034727
v 11.73242188 16.90989685 32.35100174
vn 0.3199363649 0.9017605186 -0.2906350195
v 15.8171854 14.38140488 36.14319992
vn 0.7803340554 0.6113066077 0.1318444759
v 10.51985168 16.8595314 31.3639183
vn 0.1767632514 0.8966571093 -0.4059073925
v 14.45636463 15.82728863 34.41939926
vn 0.6219967008 0.7807101607 -0.06009823456
v 5.881557465 17.25776291 34.53561783
vn -0.34928298 0.9357056618 -0.04956150055
v 16.53524208 12.68656921 37.56159592
vn 0.8568001986 0.4230465889 0.2948305011
v 13.00855255 15.27278137 39.65899658
vn 0.465467006 0.7115790844 0.5263038278
v 13.63930702 16.33789444 33.80947113
vn 0.5218126774 0.841540575 -0.1397176087
v 7.035322189 14.73637009 28.54726982
vn -0.2188247293 0.6603606939 -0.7183588743
v 4.003297806 15.8972559 32.50222397
vn -0.5469728708 0.7915850282 -0.2724221051
v 14.08144951 16.08947945 34.18652344
vn 0.5791188478 0.8106809855 -0.08612596989
v 11.64516068 16.51348495 38.70101929
vn 0.3123599887 0.8554286361 0.4131260216
v 9.803974152 17.29850388 37.80128479
vn 0.100759849 0.9422664046 0.3193453252
v 4.643135548 16.50224876 33.18876266
vn -0.4774512649 0.8530907631 -0.2104195803
v 3.706008911 15.76040077 32.73338318
vn -0.5802586079 0.7744618058 -0.2520095706
v 15.51316357 14.79105186 35.87116623
vn 0.7519320846 0.6540703177 0.08240237832
v 12.7878418 16.74994469 33.43200684
vn 0.4340600967 0.8844670653 -0.1712012738
v 16.00535774 14.02094936 36.57700348
vn 0.8003454804 0.5750803351 0.1694983542
v 6.804101944 14.4402504 28.35941505
vn -0.2390632629 0.6230778694 -0.7447299361
v 15.68422222 14.56720161 36.02552414
vn 0.7575079799 0.6439933181 0.1070248336
v 9.58452034 17.584095 36.8142128
vn 0.07392700016 0.9761394858 0.204172641
v 14.64487362 15.69495392 35.0254097
vn 0.6513463855 0.7587293386 0.008811637759
v 14.82965088 7.605422974 41.50970078
vn 0.6729186773 -0.1520051956 0.7239301801
v 15.78382492 14.35509777 36.43248749
vn 0.7745250463 0.6124575734 0.1581348181
v 8.362094879 17.63075638 36.63819504
vn -0.04308740422 0.9819184542 0.1843356192
v 5.211568832 16.86586952 33.53913498
vn -0.4337306321 0.8855301738 -0.1664752662
v 14.42564678 15.87303162 34.79856491
vn 0.6201181412 0.784201622 -0.02193930559
v 4.459739685 16.31428146 32.87582397
vn -0.5064569712 0.8286662698 -0.2383558452
v 2.820697784 13.27680206 30.19560432
vn -0.6813408136 0.4919337034 -0.542010963
v 15.3026123 15.00583458 35.96181488
vn 0.7200406194 0.6848942637 0.1116303205
v 7.697921753 17.67749786 35.84423828
vn -0.1354449093 0.9861915112 0.0952944383
v 7.89888382 15.90658951 29.60504913
vn -0.1084727719 0.7887960672 -0.6050077677
v 3.856704712 15.72671127 32.32472992
vn -0.5790737271 0.7596181035 -0.2960641384
v 10.85693741 17.01805878 31.92326927
vn 0.2197868824 0.9108580947 -0.3493297398
v 11.33130264 16.51082993 38.91955566
vn 0.2724856734 0.8524637818 0.4461580515
v 11.96505356 16.93118286 32.69702911
vn 0.3454198241 0.9001690149 -0.265293926
v 8.062091827 17.62836075 36.52067566
vn -0.1057227105 0.9796437025 0.1706485599
v 7.654289246 17.61748123 36.28540802
vn -0.1429110467 0.9787445664 0.1470902711
v 12.36012268 15.38745689 40.01166153
vn 0.3864980042 0.7232631445 0.5722846389
v 5.00358963 16.88326263 34.45578766
vn -0.4416596293 0.8951151967 -0.06087343767
v 16.41815567 12.15068054 38.47967529
vn 0.8442169428 0.3764761686 0.3815278113
v 16.68284988 11.59837723 38.36802673
vn 0.871940732 0.3001174629 0.3868447542
v 15.1935463 8.722286224 41.28676605
vn 0.6982417703 -0.002897749422 0.7158561349
v 10.41019058 16.79920578 38.81065369
vn 0.1658002138 0.8877849579 0.4293577969
v 15.25501633 15.10612488 35.54581451
vn 0.7193087339 0.6919215322 0.06196373329
v 14.28443241 15.97934341 35.25826645
vn 0.6123226285 0.7900622487 0.0293704886
v 15.99385643 13.9493103 36.83869171
vn 0.7956686616 0.5672035813 0.2125828266
v 13.65742302 16.36650085 34.09662247
vn 0.5388768315 0.8368020058 -0.09682028741
v 15.46441746 8.781145096 41.00658798
vn 0.7402790189 -0.01750211604 0.6720718741
v 16.64075661 10.79066849 38.95956039
vn 0.8712090254 0.2091650218 0.4441225827
v 8.280578613 16.23230362 29.99464035
vn -0.07817773521 0.8202452064 -0.5666445494
v 13.18045044 14.10355377 40.81383896
vn 0.4774430096 0.5920391679 0.6492594481
v 15.12245464 7.834348679 41.27126694
vn 0.7043166161 -0.1144704148 0.7005959153
v 2.633876801 12.19047546 29.60504913
vn -0.7028681636 0.3712971509 -0.6067246199
v 11.72312927 15.90312958 39.71013641
vn 0.3152765334 0.7845395803 0.5339460373
v 3.374090195 15.54461861 32.87582397
vn -0.6192148328 0.7469191551 -0.2422493845
v 16.18749428 13.34506035 37.51103592
vn 0.8156701326 0.5094414949 0.2741378546
v 5.319046021 17.01939774 34.32975006
vn -0.3934934735 0.9162846804 -0.07473468781
v 14.05438137 16.14143372 34.56217575
vn 0.5835884213 0.8106074929 -0.048373878
v 15.00665951 15.33135509 35.72671509
vn 0.6822703481 0.7272199988 0.07522154599
v 2.767212152 12.96594238 29.99464035
vn -0.690705359 0.456887126 -0.5605178475
v 12.29115677 17.00719261 33.60244751
vn 0.39371714 0.9060616493 -0.1550453454
v 5.878476143 17.2663002 34.7672348
vn -0.3560609221 0.9340471625 -0.02786689624
v 16.61813354 11.15993118 38.81065369
vn 0.8722479939 0.2552518547 0.4171689451
v 15.47006512 14.6833992 36.60390091
vn 0.7378107905 0.6472389102 0.1916169971
v 11.13742828 16.20999146 39.5560112
vn 0.2472726256 0.8171897531 0.5206315517
v 12.81932545 16.81350136 33.89954758
vn 0.4391072989 0.8883655667 -0.1341320872
v 12.05217934 16.99601746 33.07220078
vn 0.3515389562 0.9102828503 -0.2186446339
v 6.565628052 17.44607544 35.84421158
vn -0.2665282786 0.9584889412 0.1012994498
v 10.15771866 17.02166748 31.58593369
vn 0.1290414035 0.9141253829 -0.3843476474
v 15.51374435 14.72180367 36.25108719
vn 0.7451277971 0.651666224 0.141829893
v 16.27057076 13.03252983 37.79173279
vn 0.8321267962 0.4571637213 0.3139527738
v 7.571125031 15.85186386 29.60504913
vn -0.1541461349 0.7807216048 -0.6055681109
v 10.45185089 17.01704407 31.69783592
vn 0.1808656305 0.9118701816 -0.3684839308
v 13.27884293 16.6138134 34.27639389
vn 0.5012487173 0.8617238998 -0.07862336934
v 6.26525116 14.24091339 28.38862228
vn -0.291493386 0.5985468626 -0.7461724281
v 2.661503315 13.76776123 30.92791367
vn -0.698641479 0.5499399304 -0.4576747119
v 14.63599205 15.68445778 35.49455261
vn 0.6479938626 0.7598389983 0.05242751539
v 2.550338507 13.10973358 30.40042305
vn -0.7155980468 0.472907573 -0.5140796304
v 13.68000031 16.40192032 34.73109055
vn 0.5392466187 0.841606617 -0.03018984385
v 2.335758448 11.54615784 29.60504913
vn -0.7433897257 0.2948543131 -0.6003603935
v 15.92733955 13.90235519 37.18939972
vn 0.7960004807 0.5501818657 0.2523551285
v 2.419258118 13.44024277 30.92791367
vn -0.7298862934 0.5125150084 -0.452321142
v 2.050113678 13.07247925 31.14449692
vn -0.7722610831 0.4705605209 -0.4268320799
v 11.98541451 17.098629 33.43200684
vn 0.3466582596 0.9213432074 -0.1759395748
v 16.44617844 11.54243088 38.90558624
vn 0.8533362746 0.2923931479 0.4316520691
v 14.10274696 16.11899376 34.90717697
vn 0.5764253139 0.8171495795 0.0006070047384
v 6.634147644 14.94879913 28.88017654
vn -0.2523885071 0.6783211827 -0.690058291
v 2.738659143 9.908952713 28.65941238
vn -0.7026655674 0.1043974832 -0.7038198113
v 3.339607477 15.58604622 33.10857391
vn -0.6248207688 0.7529247403 -0.2066479921
v 16.05205727 13.39845562 37.79410553
vn 0.7999711633 0.5040909052 0.3254820108
v 10.66736603 16.63648987 39.02770233
vn 0.1994706094 0.8692294359 0.4523843527
v 12.45919609 16.96945381 33.80947113
vn 0.3948023915 0.9085587263 -0.1365726739
v 9.310390472 17.06105423 31.474617
vn 0.04291838408 0.9189194441 -0.392103374
v 6.999599457 17.45474625 36.55007935
vn -0.2150116861 0.9613278508 0.1721007973
v 15.06330681 15.23859406 36.01571655
vn 0.6844584942 0.7195971608 0.1170321777
v 3.677496433 15.86713982 33.16202164
vn -0.5882946253 0.780657053 -0.2109123915
v 15.65606022 14.31914043 37.04590607
vn 0.7662085891 0.6025936604 0.2231708914
v 13.28802681 16.63010979 34.56699753
vn 0.4911825061 0.8695663214 -0.0509323664
v 5.674653053 17.18449974 35.40193176
vn -0.3610122204 0.9319964051 0.03244881704
v 15.42435932 14.57513523 37.09931183
vn 0.73178792 0.6397209167 0.2350394875
v 10.19599533 17.2689476 32.26501465
vn 0.1457979679 0.9391399026 -0.3110613227
v 15.0837326 15.15765476 36.34179306
vn 0.6921670437 0.7069333792 0.1454301625
v 8.969762802 17.27180481 38.01507568
vn 0.003273441922 0.9359372854 0.3521514833
v 4.513492584 16.62766266 34.5090065
vn -0.4870117903 0.8715159297 -0.05726695806
v 6.420873642 14.58531952 28.61811638
vn -0.2728648186 0.6419558525 -0.7165455222
v 14.40834045 15.8511982 35.73161316
vn 0.6097351909 0.7888216376 0.07735233009
v 6.940130234 15.37765503 29.22206306
vn -0.2242611498 0.7283337712 -0.6474850178
v 1.838329315 10.96774292 29.99464035
vn -0.7930967212 0.2247861475 -0.5660996437
v 9.145395279 16.91023827 31.13075638
vn 0.03093208559 0.8991813064 -0.4364816248
v 9.698116302 17.21240616 31.92326927
vn 0.08918584138 0.9291850328 -0.3586935699
v 14.87235165 15.29266357 36.63084793
vn 0.6768354774 0.7119407058 0.1871742159
v 12.92471027 16.7954464 34.18652344
vn 0.451616466 0.8877081871 -0.08953604847
v 5.866447926 14.02709961 28.38862228
vn -0.3386472166 0.5741791725 -0.7454101443
v 2.754905939 9.670490265 41.38957596
vn -0.6897858977 0.09743539989 0.7174271941
v 16.24685287 12.6116066 38.38188553
vn 0.8285286427 0.4094158411 0.381993413
v 11.19456863 17.29971313 33.16202545
vn 0.2504322231 0.9468092322 -0.2020790577
v 10.99006653 15.87813187 40.10910416
vn 0.2280005813 0.7839471698 0.5774448514
v 13.68218613 16.4053688 34.97221375
vn 0.5430673957 0.8396865129 0.002072452335
v 14.72073746 15.51273346 36.26089478
vn 0.6460032463 0.7500750422 0.1416589618
v 15.6622963 14.19399643 37.33234024
vn 0.7584815025 0.5938289762 0.2684641182
v 2.378242254 14.45629883 32.59093857
vn -0.7253993154 0.6302011609 -0.276843518
v 3.052875519 15.3094902 33.01882172
vn -0.6641722322 0.7159750462 -0.2150696963
v 6.549949646 15.17480087 29.14307022
vn -0.2655706108 0.7007645965 -0.6621187329
v 3.222152948 12.06768799 41.07666779
vn -0.6364586949 0.3597875834 0.6822559834
v 12.47064209 16.99544334 34.0431366
vn 0.4018853903 0.9095875621 -0.1055393964
v 12.93854713 16.82255745 34.65148544
vn 0.4542849362 0.8904294968 -0.02757731639
v 1.728061914 12.10826492 30.82076073
vn -0.805934906 0.3606829047 -0.4694430828
v 14.01079178 16.17049789 35.46530914
vn 0.576325953 0.8158617616 0.04709523916
v 11.98862457 14.43651962 41.24564362
vn 0.3450584114 0.613833189 0.7100306749
v 12.01040173 17.16500854 33.89954758
vn 0.3477813303 0.9286180139 -0.1292933226
v 10.90895844 17.23379135 32.61029053
vn 0.2290340811 0.9344875216 -0.2725370228
v 10.61579132 17.33112335 32.72601318
vn 0.180628106 0.9492434859 -0.2575078309
v 14.46967316 6.852787018 28.36937332
vn 0.628005147 -0.2336609364 -0.7423018813
v 15.0973711 15.02431297 36.81179428
vn 0.7039831877 0.680157125 0.2044356763
v 13.33815479 16.61342239 34.93605804
vn 0.4956001341 0.8685085177 -0.00857302919
v 2.081176996 14.00005722 32.41321564
vn -0.7591755986 0.5803576112 -0.2946819663
v 11.62117386 17.24147415 33.51234055
vn 0.3149852753 0.9354156852 -0.1605670303
v 9.346065521 0.03105920926 35.58004379
vn 0.04296339676 -0.99681741 0.06715068966
v 8.299667358 17.11340904 38.36802673
vn -0.07290356606 0.9230568409 0.3776918948
v 9.577026367 1.396930218 39.73460388
vn 0.06950834394 -0.839817524 0.5384004712
v 13.635602 16.42926788 35.2850647
vn 0.5338928699 0.8449902534 0.03082061559
v 12.48112392 17.01939774 34.32975006
vn 0.3970273435 0.9154077172 -0.06631720066
v 14.71022797 8.240539551 28.29170609
vn 0.6576578617 -0.0695957467 -0.7500950694
v 10.49708939 17.25359344 32.37975693
vn 0.1861009896 0.938193202 -0.2918216884
v 16.16229248 11.05062866 39.67196274
vn 0.8168330193 0.2355732769 0.5265824199
v 15.25888443 14.77090645 37.07271957
vn 0.6939690113 0.6818743944 0.2312019467
v 6.023145676 14.63845253 28.83760452
vn -0.3159435689 0.6526313424 -0.6886596084
v 16.10124969 12.50956726 38.78347015
vn 0.8085284233 0.4099852443 0.4221301973
v 9.806293488 17.32007217 32.26501465
vn 0.08580778539 0.9479068518 -0.3067728579
v 10.72826385 17.3659935 32.95816422
vn 0.2079174519 0.9516372085 -0.2261790037
v 6.630111694 15.44787979 29.41679764
vn -0.259801358 0.7387179136 -0.6219317317
v 5.941993713 14.36394119 28.62856483
vn -0.3250856996 0.6160562038 -0.7174914479
v 8.854804993 17.07125092 31.474617
vn -0.009225295857 0.9166085124 -0.3996796012
v 14.42916298 15.79332829 36.05249405
vn 0.6194764972 0.7749348879 0.1253982931
v 11.60022545 17.30797577 33.89954758
vn 0.3023872375 0.9446365237 -0.1273724735
v 8.309986115 16.97561646 31.30864334
vn -0.0763136372 0.90839082 -0.4110990167
v 16.02755356 11.98177719 39.34727859
vn 0.8033825159 0.3389837444 0.4895575047
v 15.94334221 11.00997543 40.01166153
vn 0.7899647951 0.230741322 0.5680792928
v 6.859113693 15.71341515 29.65294838
vn -0.2369644642 0.7627596259 -0.6017022729
v 2.446867943 14.955266 34.06989288
vn -0.7197759748 0.6855438352 -0.1093260869
v 13.89721966 16.22316551 35.75851059
vn 0.5697626472 0.8171572089 0.08731876314
v 13.29140568 16.63606644 35.25829697
vn 0.4910990298 0.8702557683 0.03842748329
v 16.04429626 12.25878143 39.10847092
vn 0.8020594716 0.3823519945 0.4588110149
v 9.719329834 17.43330002 32.61029053
vn 0.07856431603 0.9597440958 -0.2696644962
v 1.526282907 10.22000504 30.19560432
vn -0.8259011507 0.1558713019 -0.5418407321
v 14.78170776 15.42457581 36.43250275
vn 0.6647127867 0.7294349074 0.1614982784
v 14.57015038 15.55571556 36.65774918
vn 0.6398580074 0.7455085516 0.1865440309
v 7.231441498 17.09975815 38.02955627
vn -0.1870108843 0.9218956232 0.3393159807
v 3.756781816 16.12599182 35.72671509
vn -0.5803489685 0.8100056648 0.08417779207
v 1.17976737 11.57672501 31.474617
vn -0.8690191507 0.3013289869 -0.392436713
v 1.362201452 13.17888641 32.98240662
vn -0.8489453793 0.4782851338 -0.2248001397
v 8.948928833 17.70595551 36.28540802
vn 0.0001966137934 0.9879680872 0.1546577364
v 3.392756939 15.80821037 36.06110001
vn -0.617636919 0.7784157991 0.1122206226
v 8.328214645 17.76543808 35.50680542
vn -0.05385275185 0.9970154762 0.05531778932
v 1.052528381 10.7918396 31.2538681
vn -0.8814453483 0.2149494588 -0.4205363989
v 2.305793285 9.362997055 29.04329681
vn -0.7372225523 0.05399844795 -0.6734887362
v 1.090657115 12.76794147 33.19849014
vn -0.8766266704 0.4364456832 -0.2025854141
v 8.941360474 16.35377884 39.86208725
vn 0.002627221867 0.8378939629 0.5458267331
v 12.89573383 16.85182953 35.02544785
vn 0.4488279521 0.8936180472 -0.0004686599423
v 15.22808838 11.48533249 40.69433594
vn 0.7105795741 0.2863909602 0.6426950097
v 15.09290695 10.51215363 41.18267441
vn 0.6986828446 0.1876750886 0.6903769374
v 12.46692085 17.0504303 34.81179428
vn 0.3990156353 0.9165318608 -0.02749251947
v 1.007732511 12.33206749 32.735672
vn -0.8840640187 0.3885264695 -0.2597652674
v 8.519371033 16.47290421 39.65899658
vn -0.03323317319 0.8488282561 0.527623117
v 8.479263306 17.27689362 37.97242355
vn -0.04066522419 0.9404403567 0.3375178874
v 15.04969406 14.90532684 37.3057785
vn 0.7016490102 0.666341424 0.2523444891
v 13.57819939 16.43567467 35.72674179
vn 0.5296238065 0.8443464637 0.08110302687
v 15.54153442 11.1103878 40.4922142
vn 0.7457383275 0.2537854016 0.6160092354
v 1.367864609 9.046224594 30.26490211
vn -0.8450663686 0.02461539209 -0.5340945125
v 2.243102789 9.811920166 29.16671753
vn -0.7405446768 0.09922105074 -0.6646417975
v 14.18097782 15.9290123 36.37857437
vn 0.6067419052 0.7805162668 0.1505278349
v 2.734223366 15.31018066 35.25826645
vn -0.6827358007 0.7301673293 0.02697331272
v 7.84851265 16.74876785 30.94176674
vn -0.1227455884 0.8801124692 -0.4586235583
v 10.73664856 14.77139282 41.43005371
vn 0.1961831003 0.661922574 0.723443687
v 15.53775883 14.09664345 37.85137558
vn 0.7480914593 0.5836501718 0.3157715201
v 6.258346558 15.22520065 29.32438278
vn -0.2932529747 0.7132321 -0.636633873
v 11.3143692 17.33565521 33.51235199
vn 0.267113775 0.9497949481 -0.162910372
v 5.853542328 16.73678589 37.91566086
vn -0.3374146819 0.8852387071 0.3201620579
v 7.418552399 16.40339088 30.45231819
vn -0.1545396596 0.8458613753 -0.5105252862
v 13.29853344 16.59635353 35.77451324
vn 0.495010227 0.86495471 0.08257244527
v 10.22555923 17.45996857 32.95821381
vn 0.1548429728 0.9611273408 -0.2285998017
v 6.066131592 14.92686844 29.09864044
vn -0.3130944967 0.6769070625 -0.6661596298
v 10.74871063 15.14338112 41.06528473
vn 0.2073973417 0.7062776089 0.6768739223
v 9.040121078 16.10545731 40.21995544
vn 0.01016571186 0.812744081 0.5825321674
v 15.19222641 14.70887184 37.42187119
vn 0.7078741193 0.6509661674 0.2741482854
v 9.943870544 15.03679276 41.35889435
vn 0.1104649752 0.695579946 0.7099056244
v 15.58696842 13.64943695 38.4516449
vn 0.7560896277 0.5327564478 0.3801303208
v 0.8761595488 11.35603714 32.03673553
vn -0.9022551179 0.2697582245 -0.3364018202
v 15.41912174 14.37888432 37.58209229
vn 0.7241979837 0.6224292517 0.2968485951
v 10.85827446 17.47099304 33.62924194
vn 0.2210748941 0.9630177021 -0.1540222317
v 15.67789841 10.79587173 40.44657516
vn 0.7592859268 0.2168091536 0.6135786176
v 8.146944046 16.51451492 39.54258347
vn -0.09168369323 0.8550928831 0.5103040338
v 10.11281586 17.38630676 32.61029053
vn 0.1388328075 0.9533134699 -0.2681769133
v 6.90901947 16.74454117 38.70101929
vn -0.2206973881 0.8771345019 0.4265298247
v 7.092571259 16.20172119 30.24657631
vn -0.1975513846 0.8202841282 -0.5367563963
v 0.9300156832 11.94186783 32.46601868
vn -0.8946341276 0.3436594009 -0.2855311036
v 8.76171875 17.20700073 31.81029129
vn -0.0004663105065 0.933580935 -0.3583664
v 10.43935394 17.50035095 33.30789948
vn 0.1767832637 0.9655882716 -0.1907537878
v 15.72143173 11.35972977 40.15915298
vn 0.7609021068 0.2771533132 0.5866975784
v 15.65194702 13.82698059 38.05813217
vn 0.7532473803 0.5587742329 0.3469721675
v 11.22966003 17.4282074 33.97987366
vn 0.2590733469 0.9585625529 -0.1184855476
v 14.84993839 15.09179974 37.33219528
vn 0.6653458476 0.6993318796 0.2612466514
v 15.65917969 13.25777054 38.81065369
vn 0.7652549744 0.4827247858 0.42586568
v 5.495803833 16.64105988 37.77271652
vn -0.3802781999 0.8739407063 0.3026815951
v 15.37858963 14.09655094 38.19706726
vn 0.7355257273 0.572947979 0.3615695238
v 15.93247986 11.73485947 39.65899658
vn 0.787796855 0.32005018 0.5262547135
v 13.90874672 16.11528397 36.43247223
vn 0.5617029071 0.8112100363 0.1625671834
v 6.726921082 16.00027466 30.09462929
vn -0.2354106158 0.7967398763 -0.5565854907
v 4.175246239 16.22052574 36.81179428
vn -0.5265232325 0.826583147 0.1988306642
v 5.991546631 15.19028091 29.41679764
vn -0.3283186555 0.7079781294 -0.6252790093
v 14.45144081 15.5750885 36.95581818
vn 0.6250233054 0.7484511137 0.2217357904
v 15.17304134 14.39992809 38.0895462
vn 0.7051911354 0.6187720895 0.3461596966
v 11.99865913 17.2304821 34.58024597
vn 0.355617255 0.9336540699 -0.04273704439
v 5.271032333 13.94074821 28.62856483
vn -0.4108671546 0.5632867217 -0.7168655992
v 15.78216171 12.08245468 39.65899658
vn 0.7678843737 0.3597120047 0.5300573707
v 9.826961517 17.51226044 32.95821381
vn 0.1045438945 0.9675912857 -0.2298645973
v 6.427402496 15.75790024 29.89566231
vn -0.2684314847 0.767634511 -0.5819637775
v 5.609840393 14.46073532 28.88017654
vn -0.3639203012 0.6286789775 -0.6872588992
v 8.110332489 17.12625504 31.69783592
vn -0.08787935972 0.9226406813 -0.3755148053
v 14.4146862 15.47638512 37.35054398
vn 0.6276731491 0.7313197255 0.2668294013
v 5.635803223 14.75151825 29.14307022
vn -0.3586244285 0.6591290832 -0.6610123515
v 2.025142193 14.54958916 34.88297272
vn -0.7628196478 0.6465335488 -0.01002915762
v 8.853351593 17.33081818 32.15066147
vn 0.001007137471 0.9487056136 -0.3161592782
v 12.88963127 16.83969116 35.49213028
vn 0.4466708601 0.8930052519 0.05501610041
v 1.260599017 13.23688889 33.57565689
vn -0.8566486239 0.4898011088 -0.1620123833
v 0.9691849947 11.22226715 31.69783592
vn -0.8906292915 0.2675915062 -0.3676605225
v 12.53762054 17.02113152 35.11509323
vn 0.4119751751 0.9109862447 0.0195073206
v 5.115585804 13.50080109 28.38862228
vn -0.4205992222 0.5202487707 -0.7432613969
v 1.687148333 14.03430653 34.10148239
vn -0.8090049624 0.5790501237 -0.1010538936
v 15.33655167 13.95528412 38.49345016
vn 0.709582448 0.5722970963 0.4110580981
v 1.433755755 13.65750217 34.09662247
vn -0.8439267278 0.5256953239 -0.1069211438
v 10.34733963 17.57279587 33.62924194
vn 0.1743878871 0.9739735126 -0.1447910666
v 10.03552628 17.56293869 33.30789948
vn 0.1260648519 0.9745592475 -0.1853156388
v 4.250873566 16.19713783 37.08246231
vn -0.5256594419 0.8183413148 0.232378155
v 14.92297268 14.71238327 38.02243423
vn 0.6819947362 0.6473912597 0.3402465582
v 3.542443037 15.85865021 36.43248367
vn -0.6092698574 0.7766495943 0.1600178331
v 12.12826824 17.1915493 35.14184189
vn 0.3617585897 0.9322636724 0.003893615911
v 0.971329391 10.4159584 31.2538681
vn -0.8924475312 0.16869165 -0.4184263051
v 1.862199426 14.34301758 34.80340195
vn -0.7900582552 0.6121659279 -0.03257017583
v 0.9822492599 12.44667149 33.01882172
vn -0.8918027878 0.3945524991 -0.2213958949
v 5.330024719 14.28535461 28.88017654
vn -0.4002912641 0.6024191976 -0.6905490756
v 5.158705711 16.54912758 37.58200836
vn -0.4284254313 0.8585457206 0.2816929817
v 6.981269836 16.45981598 30.71440887
vn -0.2068689913 0.8456835151 -0.4919599593
v 15.46729279 13.56448364 38.78347015
vn 0.72807163 0.5393252969 0.4231310785
v 10.76715469 17.54645538 34.03823471
vn 0.2042390704 0.9728265405 -0.1090637147
v 0.8468627334 10.53902817 31.58593369
vn -0.9041887522 0.1880121082 -0.3835285604
v 13.44240952 16.44798088 36.26089478
vn 0.5194244385 0.842490375 0.1428574324
v 11.6679163 17.35546875 34.79373932
vn 0.3143123388 0.9490359426 -0.02320548333
v 12.43958187 17.05146027 35.47019958
vn 0.3975798786 0.9160491824 0.05276476964
v 5.678359509 15.03575897 29.41679764
vn -0.3583197594 0.6882855892 -0.6307692528
v 13.16374779 16.61927795 36.19714355
vn 0.4848234057 0.8663181067 0.1201631278
v 7.657104492 16.92701721 31.3639183
vn -0.1221204996 0.9014077187 -0.4153921902
v 6.149154663 15.72478485 29.99464035
vn -0.3100647926 0.7666131258 -0.5622847676
v 9.384506226 17.55548096 32.9872551
vn 0.0449603796 0.9710054994 -0.2347912341
v 9.63558197 17.60603333 33.30789948
vn 0.08450859785 0.9785957336 -0.1876398623
v 14.60611725 15.15473175 37.74153137
vn 0.646599412 0.7027617097 0.2967071235
v 5.341976166 14.57764053 29.14307022
vn -0.4000381827 0.6381437182 -0.6578313112
v 6.652332306 16.2440033 30.50421333
vn -0.2474969327 0.824265182 -0.509246707
v 15.46100235 11.64041519 40.35187531
vn 0.737826705 0.2982952893 0.6055011749
v 7.032981873 16.64583969 31.03583527
vn -0.2157334983 0.8677642345 -0.4477100968
v 15.10106659 13.77006531 39.12034225
vn 0.6966568828 0.5583044291 0.4505167603
v 4.823535919 13.16755676 28.34016418
vn -0.4622617066 0.4753638506 -0.7485608459
v 5.058170319 14.09489822 28.88017654
vn -0.4323026538 0.5844137073 -0.6867132187
v 1.65882206 14.05445957 34.56217575
vn -0.8148244619 0.577250421 -0.0533207804
v 1.087259412 12.88275242 33.48556137
vn -0.8808200359 0.4426178038 -0.168064028
v 5.811824799 15.57891083 29.99464035
vn -0.3419234455 0.7500395179 -0.5661529303
v 7.23916626 16.37804413 39.53031921
vn -0.1909845024 0.8356174827 0.5150420666
v 5.250008106 16.41847992 38.05787277
vn -0.3999799192 0.8483677506 0.3468259573
v 8.828447342 17.5294342 32.82754135
vn -0.002246337477 0.9706195593 -0.2406089753
v 7.57118988 16.0813446 40.08560562
vn -0.140685901 0.8039671183 0.5777926445
v 2.902917624 15.39626312 36.01571655
vn -0.6897764802 0.7155977488 0.1101283133
v 5.055778503 14.38788986 29.14307022
vn -0.4321910739 0.6168239713 -0.6578290462
v 15.58458519 11.82705212 40.09158325
vn 0.7607778907 0.3254233897 0.5615306497
v 6.326488495 16.32354355 30.82076073
vn -0.2914823294 0.8336098194 -0.4691830277
v 11.71559811 17.34061432 35.14183426
vn 0.3107545376 0.9501058459 0.0270274654
v 4.767721176 16.27065277 37.79173279
vn -0.4672402442 0.825727582 0.3160071075
v 12.52255344 16.98747444 35.81728745
vn 0.4099203646 0.9078556299 0.08811033517
v 8.087303162 17.36597824 32.37975693
vn -0.08638261259 0.9517605305 -0.2944314778
v 3.116849184 15.47014618 36.60390091
vn -0.648501873 0.7412011027 0.1733960509
v 12.41427517 16.99315262 36.16036606
vn 0.3952559829 0.9081585407 0.1379157901
v 0.6918632984 10.98356247 32.26501465
vn -0.921061635 0.2341806442 -0.3111349344
v 7.20016861 16.04485893 40.02297211
vn -0.1919602901 0.8016570807 0.5661246777
v 0.6654567719 11.99911213 33.6657753
vn -0.9235668182 0.3485339582 -0.1598385572
v 0.7682858706 12.01321602 33.16202164
vn -0.9153253436 0.3471827805 -0.2040676326
v 9.796829224 17.70788956 34.09662247
vn 0.09971243143 0.9897999167 -0.101752229
v 0.6016579866 10.58891296 32.26501465
vn -0.9316899776 0.1937352866 -0.3072789907
v 12.89911366 16.74514961 36.28786087
vn 0.4361349344 0.8864275217 0.1550242305
v 1.651825428 14.05941772 35.2048111
vn -0.8137000203 0.5808433294 0.02265662327
v 14.76992226 10.43625641 41.5088768
vn 0.6668019295 0.1644547731 0.7268630266
v 5.042800903 16.36021423 37.94410706
vn -0.4386393428 0.8341215849 0.3344199657
v 8.526665688 15.75554466 40.66067123
vn -0.04775822163 0.7654227614 0.6417531967
v 2.74392724 15.12984085 36.57700348
vn -0.6930599213 0.7016311884 0.1654740423
v 0.5734519958 11.12056732 32.78397369
vn -0.9363179803 0.2504033446 -0.2461845875
v 5.162937164 16.24082184 38.36802673
vn -0.4222308993 0.8222808838 0.3815431595
v 1.190734982 13.33599281 34.70936203
vn -0.8682897687 0.4951764047 -0.02955083922
v 10.62249756 17.62865448 34.79373932
vn 0.1938690841 0.9807337523 -0.02400062792
v 1.452667475 13.76913452 34.79373169
vn -0.8311526179 0.5554105639 -0.02654164471
v 2.744117737 15.20381355 36.25108719
vn -0.6826543212 0.715939641 0.1463335752
v 0.5250474215 11.18795013 33.04548645
vn -0.9398033619 0.2684392035 -0.2114474028
v 4.350928307 15.9483757 37.97029495
vn -0.5040263534 0.7973531485 0.3319419026
v 0.5994949341 11.60796738 33.27870178
vn -0.9316410422 0.3104060888 -0.1889259368
v 5.944459915 16.29953957 38.95956039
vn -0.3290494382 0.8381788731 0.4349512756
v 4.041227341 15.81223583 37.79410553
vn -0.5436720848 0.7777205706 0.315549314
v 0.7564768195 9.471897125 31.46079826
vn -0.9172186255 0.05839243159 -0.3940816224
v 7.615974426 17.19270706 32.03673553
vn -0.1444363147 0.9304913282 -0.3366362751
v 1.927103281 14.42579651 35.2048111
vn -0.7831680179 0.6214877963 0.02001883648
v 0.7808494568 12.48120403 34.32975006
vn -0.91166085 0.4026628733 -0.08207953721
v 3.870485306 15.87893867 37.27907181
vn -0.5571395755 0.7899868488 0.255961448
v 0.9603728652 12.88984871 34.5090065
vn -0.8906105757 0.4512923956 -0.05610669032
v 2.881374359 15.21144867 36.77519608
vn -0.6770166755 0.7075403929 0.2025710493
v 1.395075321 13.68214226 35.03029633
vn -0.8471089602 0.5314185619 -0.0008614996914
v 5.479290009 15.4148407 29.99464035
vn -0.3830449879 0.7330802083 -0.5620230436
v 4.594834805 13.31949997 28.58791733
vn -0.4882486761 0.4934324324 -0.7198178172
v 1.428869367 13.72241688 35.3483429
vn -0.841168642 0.5388160348 0.04596281052
v 2.263729572 14.74175644 36.01571655
vn -0.7465906739 0.6554335356 0.114058204
v 2.812474489 15.06048775 37.04590607
vn -0.6869635582 0.6894991398 0.22950387
v 0.5312994123 10.19607162 32.26501465
vn -0.9397902489 0.1495760232 -0.3072805703
v 0.5878447294 9.698192596 31.92326927
vn -0.9286208749 0.08852294832 -0.3603150249
v 14.7100029 14.52451324 38.71460724
vn 0.6447530389 0.6328694224 0.4286838472
v 2.452970982 14.92345047 36.16036606
vn -0.7151213288 0.6866847277 0.1306353807
v 10.41343689 17.65223312 34.44606018
vn 0.1669940948 0.9836369753 -0.06761111319
v 13.2508173 16.46157074 36.75803375
vn 0.4839842021 0.851886332 0.2001225054
v 6.00623703 16.0792923 30.6088829
vn -0.3259739578 0.8085081577 -0.4899546206
v 7.186306 15.40489483 40.8249054
vn -0.2011396736 0.7203878164 0.663765192
v 6.643230438 15.4100523 40.6325531
vn -0.2555994689 0.7282805443 0.6358272433
v 8.009681702 15.40125275 41.0118103
vn -0.09133045375 0.7339339256 0.6730525494
v 4.778450012 14.18276596 29.14307022
vn -0.4633490145 0.5937744379 -0.6578294635
v 4.793945313 16.09811592 38.24139404
vn -0.4627723694 0.8054608107 0.3702358902
v 13.67174721 15.95334339 37.58209229
vn 0.5432969332 0.788675487 0.2877836227
v 6.826463699 16.06643295 39.84898758
vn -0.2242631763 0.8097915053 0.5421657562
v 8.441141129 15.41377449 41.04439545
vn -0.05493149161 0.732935369 0.6780768633
v 0.7648527622 12.48822784 34.62498856
vn -0.9140885472 0.4040623307 -0.03428966179
v 11.24440002 17.48207092 35.20008469
vn 0.2650526762 0.9639630318 0.02285482734
v 0.6336209774 10.08148575 31.92326927
vn -0.9300673604 0.130999133 -0.3432403505
v 5.319725037 16.15818405 38.70101929
vn -0.4004833102 0.815769732 0.4172922969
v 7.243350983 17.04123306 31.81029129
vn -0.1807427406 0.9169546366 -0.3557052314
v 0.8348321915 12.51272774 33.95309067
vn -0.907768786 0.4044432938 -0.1112719998
v 14.53191376 14.83139038 38.50738907
vn 0.630397439 0.6644860506 0.4013195634
v 0.6517540216 12.08454037 33.99805832
vn -0.9277979136 0.3575288355 -0.1066029519
v 0.4245488346 10.99724579 33.27870178
vn -0.952098906 0.2315916866 -0.1996820867
v 8.851631165 17.63693237 33.30789948
vn -0.004610568751 0.9778280258 -0.2093587518
v 14.92041779 13.98467636 39.13505554
vn 0.6716917753 0.5684951544 0.4750194252
v 0.4948385358 11.41685867 33.51234055
vn -0.9479183555 0.2742830217 -0.1619247347
v 12.11518669 17.15790176 35.81728745
vn 0.3504456282 0.9315987229 0.09649717808
v 5.643009186 15.7173996 30.29754639
vn -0.3694126904 0.764565587 -0.5281797051
v 0.9503421187 12.89481926 35.2048111
vn -0.8928253055 0.4498081505 0.02314327098
v 0.4675471485 11.60824871 34.13306808
vn -0.9480904937 0.299665004 -0.1064202264
v 12.82945251 16.72024536 36.61374664
vn 0.4459097087 0.8760656714 0.1835033447
v 0.6218596697 12.12323856 34.47266388
vn -0.9313266873 0.3580107689 -0.06677532941
v 2.133396864 14.46066952 36.57700348
vn -0.7569697499 0.6272512078 0.1831740141
v 6.152702332 15.9671402 39.65899658
vn -0.3069961965 0.796333313 0.5211589336
v 7.56968689 15.24265289 41.0984993
vn -0.1550050378 0.7116827965 0.6851868629
v 1.905976415 14.21975613 36.40552139
vn -0.7813236713 0.6048352122 0.1539729238
v 3.670703888 15.49887466 37.88245392
vn -0.5807370543 0.7456769347 0.3266654909
v 15.18898964 12.38331032 40.24343491
vn 0.7014557123 0.3960764706 0.5925228596
v 13.45669842 16.17940903 37.33234024
vn 0.5129068494 0.8179875016 0.2604285479
v 13.88482857 15.6473341 37.97029495
vn 0.5626525879 0.7590569258 0.3274975419
v 8.367328644 17.54560852 32.95821381
vn -0.04958131164 0.9719954133 -0.2297098339
v 2.287137985 14.69559669 36.36876678
vn -0.7505803108 0.6431263089 0.1517158747
v 5.868812561 16.03246307 39.3736496
vn -0.3465992808 0.801015079 0.4881022274
v 0.3669548929 9.719417572 32.61029053
vn -0.9614378214 0.08405987173 -0.2618611753
v 4.487976074 15.74380112 38.59068298
vn -0.4850832522 0.77595222 0.4032274485
v 0.5346227288 8.94644928 31.96611023
vn -0.9360522628 0.01268998813 -0.3516320288
v 1.711087942 14.08134365 35.81728745
vn -0.8134165406 0.5748732686 0.08873714507
v 0.9505208135 12.89475441 34.79373932
vn -0.8949843645 0.4457023442 -0.01877171732
v 11.71002483 17.32395363 35.58248901
vn 0.3197880685 0.9451535344 0.06648587435
v 5.001327991 15.93993568 38.79660416
vn -0.4376207888 0.7934689522 0.4229598641
v 4.779323578 14.47189713 29.41679764
vn -0.4632356763 0.626237154 -0.6270882487
v 14.32829571 15.08044815 38.39605713
vn 0.6118418574 0.6948688626 0.3778978586
v 15.07796478 13.53074646 39.42617035
vn 0.6905992031 0.5240895152 0.4984003603
v 14.78968048 10.82092285 41.38957596
vn 0.6576074958 0.2199161202 0.7205479145
v 0.4801752567 9.806377411 32.26501465
vn -0.9473259449 0.08848370612 -0.3078054488
v 0.5388308764 11.68926048 33.77293396
vn -0.9426830411 0.3048330247 -0.1357406825
v 1.481143951 13.68864632 36.10643005
vn -0.8364334106 0.5355110765 0.1166492924
v 3.355355978 15.2752018 37.79410553
vn -0.6193390489 0.7196254134 0.3139401376
v 7.31697464 17.18092346 32.15066147
vn -0.1844939142 0.9301123023 -0.3175738156
v 13.17121506 16.42469978 37.08246231
vn 0.4746353924 0.8481969237 0.235123843
v 13.54321766 15.91172218 37.90864182
vn 0.5135240555 0.7937043309 0.3260774314
v 0.1926416606 8.84987545 33.16723633
vn -0.9785116911 0.0007341565215 -0.206190154
v 0.4621179104 11.66227722 34.39278793
vn -0.9454745054 0.3172984123 -0.07348223776
v 2.006918669 14.42925072 36.05249405
vn -0.7757515907 0.6187021136 0.1241659373
v 5.15296936 15.23276901 29.99464035
vn -0.4197366238 0.7127126455 -0.5620158911
v 12.02954102 17.14516258 36.18855667
vn 0.3552226722 0.9233147502 0.145968169
v 5.35068512 15.87199783 39.24158859
vn -0.3971378505 0.7855585217 0.4745306075
v 0.413944155 10.11289215 32.61029053
vn -0.954064846 0.1328811347 -0.268519789
v 3.627321482 15.31665325 38.19706726
vn -0.5934792757 0.7224349976 0.3547816873
v 9.850759506 17.72987938 34.44603348
vn 0.1105304882 0.9924381971 -0.05338006094
v 0.591334343 12.0809536 34.79373932
vn -0.9322668314 0.3612482548 -0.01944784261
v 4.511226654 13.96293259 29.14307022
vn -0.4995789826 0.5677047968 -0.6543180346
v 6.835662842 17.03361511 32.03673553
vn -0.225916788 0.9145073891 -0.3356156051
v 6.458572388 15.94259644 39.86208725
vn -0.2743963301 0.7928692698 0.5441185236
v 7.979412079 17.45455551 32.72601318
vn -0.1017071158 0.9613602161 -0.2558166087
v 4.798007965 14.75581264 29.70084572
vn -0.4611249864 0.6581113338 -0.5951917171
v 6.179573059 16.4453392 31.14449692
vn -0.305368036 0.8462100625 -0.4366678894
v 2.095875025 14.29228783 36.95581818
vn -0.7731986642 0.5942416191 0.2214514017
v 0.3247352839 10.53978348 33.27873611
vn -0.9644832015 0.1877469867 -0.1858043075
v 6.171813965 14.47084808 41.37913132
vn -0.2998560071 0.634047389 0.7127904892
v 0.3326340616 11.07503891 33.97986221
vn -0.9609836936 0.250893116 -0.1164601967
v 8.802703857 17.68357849 33.57078552
vn -0.001297009876 0.9893075228 -0.1458387822
v 11.02500153 17.48822784 35.96180344
vn 0.2389606684 0.965256691 0.1057230011
v 10.67453384 17.61818123 35.14177322
vn 0.2029953003 0.9790042639 0.01853476278
v 3.827369452 15.31572628 38.50754929
vn -0.5669266582 0.7259836793 0.3892837167
v 7.474975586 14.97183228 41.34844971
vn -0.1524732858 0.6803612709 0.7168405652
v 14.66512871 13.9645195 39.50405121
vn 0.6534090042 0.5633878708 0.5056191683
v 2.992088556 14.85949707 37.96316528
vn -0.6634240746 0.6732274294 0.3265475929
v 14.81888008 11.68320274 41.03223419
vn 0.668694973 0.3072881997 0.6770679355
v 6.223522186 16.62047958 31.474617
vn -0.3031710386 0.8668906689 -0.3957118094
v 8.069732666 17.54883957 33.07462311
vn -0.09356828779 0.9726482034 -0.2126038522
v 7.583488464 17.40261078 32.72601318
vn -0.1544253677 0.9545583725 -0.2548942566
v 4.40026474 15.50197983 38.91955566
vn -0.5044865012 0.739043951 0.4464385808
v 0.4646544456 11.71398163 34.65148544
vn -0.9462649226 0.3214094043 -0.03575857729
v 1.214950681 13.3818512 35.25823975
vn -0.8609451056 0.5082696676 0.02086938173
v 0.2563591897 10.60586929 33.74614716
vn -0.9710533619 0.1931219399 -0.1405678242
v 5.346964359 15.66601944 39.5560112
vn -0.4057348967 0.7561656833 0.513412714
v 12.4532938 16.89420128 36.62711716
vn 0.3938567936 0.9020457268 0.1766078919
v 4.83430481 15.03303909 29.99464035
vn -0.455575943 0.6903550625 -0.5620146394
v 10.20848465 17.68889618 35.49213409
vn 0.1527660489 0.9864005446 0.06063446403
v 2.268162251 14.41573906 37.18939972
vn -0.7416760325 0.6235635281 0.2471542954
v 6.20706749 15.46012306 40.37533951
vn -0.2935873568 0.7320309877 0.6147658825
v 14.20129776 15.01526642 38.70101929
vn 0.5980857611 0.6810526252 0.4224460721
v 4.497554779 14.25203705 29.41679764
vn -0.5021018982 0.5949366689 -0.6276496649
v 13.97280121 15.31572628 38.50754929
vn 0.5642020106 0.7228858471 0.3988886178
v 8.826360703 17.75657654 34.14030075
vn 0.0006219479255 0.9947510362 -0.1023231596
v 0.7674544454 12.4870739 35.43844986
vn -0.9183951616 0.3935885131 0.04047753662
v 0.2225911915 9.336490631 33.07462311
vn -0.9726544619 0.04571216926 -0.227714017
v 2.48523736 14.52179718 37.53759766
vn -0.7213508487 0.6369454861 0.2719436884
v 10.62033081 17.61763 35.49213409
vn 0.1948385686 0.9793745875 0.05351004377
v 5.882144928 16.38709641 31.2538681
vn -0.3397773504 0.8428762555 -0.417266041
v 12.71189976 16.58077621 37.37945938
vn 0.4310843349 0.8619747162 0.26676929
v 4.743946075 15.72357559 38.91955566
vn -0.4684770107 0.7640958428 0.4434938729
v 3.702302694 15.09463501 38.71460724
vn -0.5639588237 0.7037844062 0.4320162237
v 4.201940536 13.02772331 28.66986084
vn -0.5258324146 0.4697204828 -0.7091283202
v 9.445991516 17.75947952 34.35882568
vn 0.04677910358 0.9962213039 -0.07317689806
v 4.110458374 12.44245148 28.38862228
vn -0.5415555239 0.395639956 -0.7417456508
v 4.502094269 14.53693771 29.70084572
vn -0.4992510676 0.6277047396 -0.5972731113
v 6.108062744 15.70180511 40.01166153
vn -0.3132636249 0.762757659 0.5657443404
v 0.2295493037 10.8264122 34.44606018
vn -0.9733259678 0.2192411274 -0.0676009357
v 1.020667791 12.85951233 36.19714355
vn -0.8836300969 0.4448486865 0.1459708512
v 14.46762466 14.39624023 39.24158859
vn 0.6289442778 0.6142073274 0.4766323864
v 1.184626937 13.22065926 35.9985733
vn -0.8648551106 0.490873456 0.1052089036
v 0.6046158075 12.07590866 35.54581451
vn -0.9320656657 0.356973201 0.06183627248
v 0.1716004312 10.6225853 34.79373932
vn -0.9817004204 0.1897697449 -0.01586637087
v 5.30157423 15.75323868 30.6088829
vn -0.4013061225 0.7718061209 -0.4932227433
v 1.684965491 13.90882683 36.43247223
vn -0.8116687536 0.5602529049 0.1652588844
v 0.4554551542 11.66450596 35.49213028
vn -0.9510965347 0.3051664829 0.04784108326
v 1.028171301 9.65605545 39.08148193
vn -0.8880607486 0.09036555886 0.4507573247
v 11.62061977 17.29000854 36.17876434
vn 0.312150538 0.942234695 0.1214736998
v 4.288877487 15.21739006 39.24116898
vn -0.5225890279 0.7113444209 0.4699891508
v 0.6646463871 12.05288982 36.19714355
vn -0.9279882312 0.3479156494 0.1333885342
v 7.197223663 17.26797867 32.4948616
vn -0.1862906516 0.9430294037 -0.2756652832
v 12.85869312 16.39052773 37.72244644
vn 0.4352505207 0.8439340591 0.3135797381
v 13.16920471 16.01035309 38.22774124
vn 0.480818212 0.8020836115 0.3542255163
v 11.97645378 17.07476425 36.70424652
vn 0.3488171995 0.9187247157 0.1851254106
v 0.2110613585 10.24550629 33.62924194
vn -0.9780479074 0.1481097192 -0.1465803981
v 2.713594198 14.61127853 37.88245392
vn -0.6975492239 0.638345778 0.3254838586
v 14.29326248 14.69143677 39.06738663
vn 0.610460341 0.6482633948 0.4550744593
v 5.488895416 16.04001999 30.92791367
vn -0.3868645728 0.800696373 -0.4574069381
v 6.468631744 16.84430695 31.81029129
vn -0.2713714242 0.8931537867 -0.3586556613
v 10.21033096 17.70125198 35.14173889
vn 0.1366610229 0.9903867841 0.0213955082
v 4.644786835 15.14319229 30.29754639
vn -0.4770581126 0.7000153065 -0.5314077139
v 14.72453117 13.03754616 40.30396652
vn 0.6540058851 0.4711171091 0.5918825269
v 4.196426392 14.46951675 29.89566231
vn -0.5267301202 0.6265124679 -0.5744889379
v 4.969795227 15.35274506 30.29754639
vn -0.4448886514 0.723254025 -0.5281834006
v 4.163215637 12.69381714 41.50904083
vn -0.5315715075 0.4314860404 0.7288700342
v 0.5026361346 9.322387695 37.91566086
vn -0.9439632297 0.04025837407 0.3275862336
v 0.4425478578 11.66872787 35.02544785
vn -0.9505099654 0.3106782138 0.003144341055
v 6.531089783 16.99118805 32.15066147
vn -0.2666226625 0.9104017615 -0.3163557351
v 3.95285058 12.65887451 28.62856483
vn -0.5521364808 0.42400226 -0.7178909183
v 4.524711609 14.81613541 29.99464035
vn -0.4938129187 0.6648492217 -0.5604678988
v 13.45985985 15.63759804 38.6043663
vn 0.5212649703 0.7475503087 0.4116447568
v 2.188617468 14.21885681 37.42187119
vn -0.7564278841 0.5919781327 0.2781704068
v 5.508831024 15.50864983 39.89964294
vn -0.3808034956 0.741674304 0.5521846414
v 8.358997345 17.68104935 33.65847015
vn -0.05606545135 0.9878768921 -0.1447615027
v 12.40054417 16.76956558 37.23780823
vn 0.3919122517 0.8829531074 0.2584541738
v 4.369968414 15.02533817 30.40042305
vn -0.5121437907 0.6865411401 -0.5161104798
v 14.68142891 13.56361771 39.89964294
vn 0.6538866758 0.5192148089 0.550316453
v 4.958305359 15.56171417 30.6088829
vn -0.4399256408 0.7504631877 -0.4932245612
v 6.056087494 16.94290924 32.46601868
vn -0.3225730658 0.9045174122 -0.2789173722
v 0.0869024843 10.00340652 34.44606018
vn -0.989859283 0.1253515482 -0.06682493538
v 0.1149632558 8.981258392 33.58086395
vn -0.9873793721 0.01200621575 -0.1579172462
v 5.132816315 15.85870743 30.92791367
vn -0.4267922342 0.780146718 -0.4574052095
v 7.670921326 17.50121307 33.07462311
vn -0.1409133524 0.9656323195 -0.2183978707
v 5.512088776 16.22706223 31.2538681
vn -0.3796194792 0.8254865408 -0.4176853597
v 13.66290283 15.60666275 38.39605713
vn 0.5447992086 0.7502663136 0.3745588064
v 14.40720463 13.61425972 40.15861893
vn 0.6249056458 0.5219657421 0.5805554986
v 1.727779508 13.6497221 37.27907181
vn -0.8051101565 0.5369974375 0.25185588
v 1.283314347 13.19484806 36.64915848
vn -0.8605268002 0.4743286371 0.1857579052
v 0.07864383608 9.393842697 33.95057678
vn -0.9917693734 0.04800231382 -0.1186983511
v 1.56349206 13.41157532 37.24280548
vn -0.823610723 0.5082642436 0.2516601384
v 10.2022171 17.64645195 35.9912529
vn 0.1412457526 0.9838932157 0.109561801
v 14.52879715 11.90235138 41.20244217
vn 0.6362892389 0.3330521882 0.6958536506
v 0.784920454 12.47941208 35.72671509
vn -0.9119352102 0.4017145634 0.08366370946
v 7.149543762 17.37142181 32.91462708
vn -0.1957680583 0.9523511529 -0.233884871
v 14.39096451 13.18431854 40.54014206
vn 0.6216020584 0.4766684473 0.6216092706
v 6.275136948 17.11593437 32.81298828
vn -0.29513219 0.9245835543 -0.2409196049
v 4.012281418 13.42350006 29.09864044
vn -0.5493510365 0.5069743991 -0.6642216444
v 13.98459244 14.92049789 39.13505554
vn 0.5731050372 0.6786974072 0.4592607617
v 5.732841492 16.48357391 31.58593369
vn -0.3503873944 0.8532198071 -0.3863219023
v 9.79901886 17.7296772 35.63878632
vn 0.1052560359 0.9925135374 0.06195178628
v 0.1433528811 10.20380402 34.09662247
vn -0.9833189249 0.146211043 -0.1081953198
v 10.61520386 17.59160614 35.84421158
vn 0.1905626953 0.9761382341 0.1041152105
v 5.410951614 16.38459778 31.68393898
vn -0.396797508 0.8385242224 -0.3734017909
v 11.67866325 17.21575546 36.52557373
vn 0.3149483204 0.9332094789 0.17299591
v 6.13848877 16.86572266 32.15066147
vn -0.3122396469 0.8941658139 -0.3208953738
v 0.1530684233 9.841556549 33.65847015
vn -0.9835236073 0.09879106283 -0.1513988376
v 9.801307678 17.75187874 34.96773911
vn 0.09736566991 0.9952435493 0.003185258247
v 3.220676184 11.52628326 41.32821274
vn -0.6396193504 0.2803533673 0.7157437205
v 14.17895126 14.35269928 39.64567566
vn 0.6000572443 0.6126912832 0.5143352151
v 13.03810883 16.20789337 37.94422913
vn 0.4704128206 0.8167597055 0.3340888917
v 14.35401726 12.15094757 41.23455811
vn 0.6037065387 0.3628159165 0.7098612785
v 7.962852478 17.60856628 33.42470169
vn -0.1017242223 0.9787604809 -0.1779891402
v 4.081939697 14.91348267 39.45209503
vn -0.5446965694 0.6732118726 0.5000913739
v 0.7456512451 10.06547546 38.36802673
vn -0.9104250073 0.1380876005 0.3899463415
v 4.116928101 14.10371208 29.59296989
vn -0.5331617594 0.5906780362 -0.605671525
v 2.368928909 14.33187675 37.6529808
vn -0.7257006168 0.6150517464 0.3083342016
v 12.04688931 16.98244095 36.99232483
vn 0.3494893909 0.9086480141 0.2285081446
v 13.92864227 15.17612362 38.81065369
vn 0.5538802743 0.7149663568 0.4266611338
v 8.455936432 17.73290253 34.00905991
vn -0.0605872944 0.9919424653 -0.1112626046
v 1.061544657 12.74473953 36.71273422
vn -0.8771560788 0.4412216246 0.1895275265
v 14.61175537 12.76722336 40.62118149
vn 0.6387745142 0.4338780046 0.6353873014
v 12.3119812 16.65782166 37.71524811
vn 0.3964844644 0.8665294647 0.303194195
v 4.783813477 15.65811157 30.92791367
vn -0.4659142494 0.7574337125 -0.4574036598
v 11.33074951 17.39286804 36.07946777
vn 0.2682746947 0.954659164 0.1290524453
v 7.881093979 17.65184784 33.76075745
vn -0.1118085682 0.9841841459 -0.1374059319
v 13.61880875 15.28032684 39.02770233
vn 0.529282093 0.7208434343 0.4474876821
v 0.0538406074 9.698265076 34.44600677
vn -0.9941481948 0.08229733258 -0.0699749589
v 10.91108894 17.46738052 36.31481552
vn 0.2195960283 0.9640342593 0.1497182995
v 1.657280087 13.3751545 37.59037781
vn -0.8092823625 0.5083674192 0.2943204939
v 7.006542206 17.42350006 33.27870178
vn -0.2224692553 0.9557338357 -0.1925622225
v 7.596450806 17.65689468 34.09662247
vn -0.1528684795 0.982801199 -0.1036000848
v 0.2138026506 10.82991028 35.14173889
vn -0.9770022631 0.2126214206 0.01608401351
v 3.815578222 14.92049789 39.13505554
vn -0.570591867 0.6787487268 0.4623041153
v 4.623088837 15.35160446 30.6088829
vn -0.4826561809 0.723906517 -0.4929527044
v 5.25276947 15.2466774 40.06117249
vn -0.4146689475 0.7153407931 0.5624386072
v 6.400928497 17.06557083 32.4948616
vn -0.2748269737 0.9188376665 -0.2832092941
v 3.077148199 14.57427216 38.61839676
vn -0.6556622386 0.6344430447 0.4093763828
v 0.5481182337 11.40090179 36.784935
vn -0.9416989088 0.2712251544 0.1990981847
v 8.003341675 17.70788956 34.09662247
vn -0.09420657158 0.9904288054 -0.1008759066
v 11.75987625 16.98756027 37.3686676
vn 0.317294538 0.9128885865 0.2568241656
v 7.311302185 17.48574829 33.27872849
vn -0.179958418 0.9649339318 -0.1910953522
v 3.910335541 13.00477982 28.88017654
vn -0.5593461394 0.4672185183 -0.6847180128
v 5.509860992 16.60853577 32.12209702
vn -0.3965634704 0.8594148755 -0.32271263
v 2.719802618 14.32837296 38.39605713
vn -0.6975114346 0.6065895557 0.3814799488
v 4.789283752 15.84732437 31.2538681
vn -0.4621231556 0.7831805348 -0.4160173535
v 11.54123878 17.16748047 36.96061325
vn 0.2940186262 0.9308230877 0.2170747966
v 0.01711291261 9.397163391 34.79373932
vn -0.9983795285 0.05246702582 -0.02203477547
v 13.7251358 15.00312042 39.32112885
vn 0.5390052795 0.684725225 0.4905350506
v 0.8983021379 12.48434448 36.52312469
vn -0.8974516988 0.4061721861 0.1720597446
v 1.438243628 13.19378757 37.25233078
vn -0.8428367972 0.4702535272 0.2617017031
v 12.80595207 16.17011642 38.32546616
vn 0.4272305071 0.8212763667 0.3781259954
v 9.345134735 17.75083542 35.81483841
vn 0.05608154833 0.9944261909 0.0892829746
v 4.704353333 14.72823715 40.25606155
vn -0.4677770734 0.6538504362 0.5946967602
v 0.3657455742 11.23147583 35.96180344
vn -0.9590215683 0.2630037367 0.1053879559
v 10.99409485 17.36328888 36.784935
vn 0.2390142977 0.9493582845 0.203938663
v 3.473945379 11.74933243 28.54726982
vn -0.6046698689 0.3290150166 -0.7253437042
v 3.747345209 13.85644913 29.70084572
vn -0.5800690055 0.5550608635 -0.5961773396
v 1.930549979 13.78289223 37.60015488
vn -0.7835416198 0.5481061339 0.2926468551
v 12.04564667 16.84571075 37.48447418
vn 0.355589211 0.8924890757 0.2775239348
v 4.443431854 15.43864441 30.92791367
vn -0.4999308288 0.7331809402 -0.4609933794
v 8.428981781 17.77011299 34.46052933
vn -0.04235994443 0.9968075752 -0.06767754257
v 0.5844972134 11.67874146 36.52557373
vn -0.9343066812 0.3113488257 0.1735882908
v 2.069421768 13.59134197 38.24058151
vn -0.762912333 0.5332590938 0.3655125797
v 3.914752722 14.21885681 29.89566231
vn -0.5644145012 0.5961545706 -0.5709956288
v 6.993118286 17.48387146 33.62924194
vn -0.2114124596 0.9656323195 -0.1511919796
v 0.1295719296 10.36368561 35.31695938
vn -0.9865077138 0.1598144621 0.03552209958
v 3.303706884 14.28321838 39.34727859
vn -0.6290518045 0.6029831767 0.4906170666
v 0.1826245636 10.6204071 35.49213409
vn -0.9796509147 0.1912087202 0.06101872027
v 0.7385423183 12.07777119 36.57700348
vn -0.9159243107 0.3622267544 0.1728421301
v 0.2518879771 10.82144928 35.84421158
vn -0.9706921577 0.2150924504 0.107200779
v 4.2161026 14.7460289 30.19560432
vn -0.527549088 0.6561419368 -0.5396014452
v 11.31140137 17.32525635 36.55005264
vn 0.2699944377 0.9473243356 0.1722776145
v 4.45375061 14.75498009 40.01062012
vn -0.5024263263 0.6566022635 0.5625311136
v 2.945842505 14.06192017 39.13505554
vn -0.6676833034 0.5759669542 0.4716578126
v 12.46743011 16.42772484 38.12850571
vn 0.4035320282 0.8443213701 0.3525384367
v 10.37325287 17.569767 36.35894775
vn 0.1694515944 0.9741273522 0.1495396346
v 3.305599213 11.40268707 28.54726982
vn -0.6257959604 0.2850256562 -0.7260439396
v 0.3642731607 11.34317017 35.60938644
vn -0.9585695863 0.2771233916 0.06593186408
v 8.900081635 17.79792404 35.08366776
vn -0.003436348867 0.9996894598 0.02468130365
v 8.403083801 17.78313446 34.79373932
vn -0.04935279861 0.9985833764 -0.0198871661
v 11.37376404 17.16242218 37.19425201
vn 0.281267941 0.928019464 0.2442706972
v 4.987453461 16.12723923 31.58593369
vn -0.4390322566 0.812484026 -0.3835627735
v 13.25325584 15.60606003 38.90558624
vn 0.4898003936 0.7515460253 0.4418983757
v 1.512748957 13.09388351 37.6529808
vn -0.8372130394 0.4555935264 0.3025043011
v 12.04354095 16.69841385 37.91566086
vn 0.3563985527 0.8758702278 0.3253174722
v 6.19965744 17.17812347 33.16202545
vn -0.3008019328 0.9306368232 -0.208406508
v 3.363609552 12.67391205 29.14307022
vn -0.6170150638 0.4317904711 -0.65791291
v 13.45121193 15.01094913 39.59477997
vn 0.5170316696 0.6780418754 0.522434175
v 3.944656372 14.76764679 30.50421333
vn -0.5494360328 0.6638518572 -0.5073664784
v 5.674797058 16.7598877 32.35100174
vn -0.3541638255 0.8871268034 -0.2959290147
v 7.033016205 17.54645538 34.03823471
vn -0.2101013511 0.9717457891 -0.1075527072
v 4.181854248 15.1104393 30.71440887
vn -0.5241838098 0.7003089786 -0.4845602512
v 5.824352264 16.95941544 32.81295776
vn -0.3476873934 0.9032681584 -0.2514361739
v 9.744659424 17.6967659 36.0500412
vn 0.09946978837 0.9888343215 0.1109614819
v 8.101982117 17.74641418 34.44600677
vn -0.08568168432 0.9946129322 -0.05834151804
v 1.197447419 12.79864407 37.15390015
vn -0.8696542978 0.4350235462 0.2333580106
v 2.056445599 13.31227112 38.59068298
vn -0.769208312 0.4987483025 0.3994605541
v 5.390716553 14.41923428 41.0334816
vn -0.3904317915 0.628803432 0.6724353433
v 5.39225769 16.72053528 32.60548019
vn -0.3924408257 0.8786770105 -0.2718767226
v 7.796840668 17.71334457 34.44606018
vn -0.1280542016 0.9898031354 -0.06238461286
v 3.403167963 13.79163742 29.99464035
vn -0.6152147055 0.5448553562 -0.5697749853
v 3.374816895 11.127285 28.38862228
vn -0.6285550594 0.2405107915 -0.7396439314
v 4.300774574 15.84555435 31.86907768
vn -0.5141837001 0.7829538584 -0.3501404524
v 3.4373703 13.45448303 29.65294838
vn -0.6130584478 0.5093694329 -0.6039057374
v 5.065317154 16.31677055 31.9233284
vn -0.4309616685 0.8350353837 -0.3420349658
v 12.90718079 15.87278366 38.81065369
vn 0.4491084814 0.7837939858 0.42891559
v 3.774877548 14.62196159 39.49109268
vn -0.5772697926 0.6388083696 0.5086093545
v 4.621437073 15.9755249 31.71215439
vn -0.4763970673 0.7957984209 -0.3738324344
v 6.583026886 17.38234711 33.62924194
vn -0.2591736317 0.9536687136 -0.1527907252
v 0.1018673182 9.950172424 35.81483841
vn -0.9885380864 0.1220285296 0.08889018744
v 2.76665926 13.56023216 39.45209503
vn -0.6917551756 0.5198996663 0.5011777282
v 4.439697266 15.62821198 31.2538681
vn -0.5028854609 0.7567999959 -0.4175642729
v 11.3259201 17.00118256 37.77271652
vn 0.2611944079 0.9127661586 0.3140627146
v 10.59025574 17.46452713 36.72621918
vn 0.1883142292 0.9635095596 0.1902290881
v 4.162376404 15.30599976 31.03583527
vn -0.5417171121 0.7186771631 -0.4359423518
v 3.31481719 12.06390762 28.83760452
vn -0.6237613559 0.3571119308 -0.6952645779
v 5.069813728 16.52270889 32.46601105
vn -0.4244579673 0.855737865 -0.2958853841
v 6.102717876 17.2859993 33.97984314
vn -0.3078078628 0.9440196753 -0.1186641976
v 3.571314096 14.05851555 30.08228874
vn -0.6006800532 0.5800532699 -0.5502014756
v 3.908733368 14.96776581 30.82076073
vn -0.5691370964 0.6810869575 -0.46065557
v 1.101833344 12.04361725 37.91566086
vn -0.8733360767 0.3571458459 0.3312565982
v 14.10346222 13.18052673 40.81383896
vn 0.5817102194 0.4742031097 0.6608665586
v 5.713687897 14.28524017 41.32821274
vn -0.3484434187 0.6031742692 0.7174733281
v 10.13432693 17.53673935 36.75559235
vn 0.1334498823 0.9719323516 0.1937487721
v 11.73826599 16.77174377 38.02955627
vn 0.3187952936 0.883123517 0.3441837728
v 3.388138056 14.23649216 30.49104309
vn -0.621870935 0.5964348316 -0.5074859858
v 5.407424927 16.81900597 32.9291153
vn -0.3936005533 0.8899505138 -0.2303621322
v 13.69637299 14.36165619 40.13499069
vn 0.537008822 0.6128115654 0.5797271132
v 0.2705614269 10.60299683 36.34422302
vn -0.9704233408 0.1883527488 0.1510026157
v 0.652461946 11.36965942 37.25244522
vn -0.9276055694 0.2739472091 0.2539702356
v 0.0586431548 8.981811523 36.0104866
vn -0.9947580099 0.01699260995 0.1008350924
v 14.02308846 12.48917961 41.32821274
vn 0.5687702894 0.4118197262 0.7119724751
v 5.035432816 14.64761162 40.58634567
vn -0.4295563698 0.6478731036 0.6290801167
v 1.678317666 13.16844177 37.97029495
vn -0.8083651662 0.4877887964 0.3295570612
v 9.840442657 17.63762283 36.40307236
vn 0.1090123579 0.9811292887 0.1596923918
v 1.264922619 12.68656921 37.56159592
vn -0.8554352522 0.4307842553 0.2874987125
v 3.767595291 13.95135689 40.22491074
vn -0.5802240372 0.5680204034 0.5836890936
v 2.385427475 13.28038025 39.18832397
vn -0.7316357493 0.4909842312 0.4729096889
v 0.7710482478 11.98553085 36.89353561
vn -0.9111666679 0.3425792754 0.2289427221
v 9.04743576 17.74921036 35.93240356
vn -0.001220154576 0.9937340617 0.1117639691
v 7.998924255 17.75125504 34.79373932
vn -0.1064426675 0.9941067696 -0.02053577825
v 1.840259671 12.95737839 38.59068298
vn -0.7903611064 0.4560620487 0.4090681672
v 10.62425232 17.37273788 37.1067276
vn 0.1973233223 0.9521321058 0.2334694713
v 3.68032074 14.61572647 30.6088829
vn -0.5895886421 0.6388857961 -0.494176209
v 7.386730194 17.65223312 34.44606018
vn -0.1735441983 0.9824632406 -0.0681790933
v 3.124073029 12.7293396 29.41679764
vn -0.6541995406 0.4227018356 -0.6271731257
v 1.509353638 12.31768799 38.59068298
vn -0.8272711635 0.3984988034 0.3960064948
v 9.442687988 17.70574951 36.16772079
vn 0.05515407771 0.9893295169 0.1348522455
v 8.453220367 17.78654099 35.17088318
vn -0.04906058311 0.9986028671 0.01963124238
v 3.177764654 12.3856926 29.14307022
vn -0.642806232 0.3881272376 -0.6604220867
v 4.572380066 14.160923 40.72378922
vn -0.4895885885 0.5830255151 0.6483705044
v 6.570510864 17.4282074 33.97987366
vn -0.2639709115 0.9577956796 -0.1137839928
v 12.54869461 16.06689453 38.81065369
vn 0.4074674249 0.8104957342 0.4207932949
v 3.328357458 13.02092743 29.41679764
vn -0.6250367165 0.4689161479 -0.6240566969
v 13.47371483 14.21145821 40.48084259
vn 0.5118914247 0.5954294801 0.6192179918
v 13.87528229 13.44374084 40.81383896
vn 0.5485434532 0.5120761395 0.6609675288
v 4.985590935 16.5794487 32.78639603
vn -0.4386079609 0.8659484982 -0.2403252125
v 0.3971650302 11.16809464 36.31482697
vn -0.9563408494 0.2513251305 0.1491572708
v 7.590026855 17.70000839 34.79373932
vn -0.152863726 0.988038063 -0.02033257112
v 3.037559986 11.97849274 29.05421257
vn -0.6597389579 0.3502183855 -0.6648996472
v 7.998790741 17.75250244 35.14173889
vn -0.09425714612 0.9953716397 0.01873288862
v 3.143947601 11.65032959 28.79503059
vn -0.6485697031 0.3073996603 -0.6963208914
v 11.34901047 16.90142059 38.02955627
vn 0.2796910405 0.8970372081 0.3421946764
v 13.36062241 14.61709595 40.15915298
vn 0.499689281 0.637060523 0.5869110227
v 12.29717255 16.01049423 39.13505554
vn 0.3829904497 0.7974475622 0.4662571549
v 6.17899704 17.24147415 33.51234055
vn -0.3073940277 0.9368492961 -0.1668002307
v 4.620018005 16.1418972 32.09602356
vn -0.4819655716 0.8124164939 -0.3281593919
v 3.309719324 13.62170601 40.06117249
vn -0.6317072511 0.5319942832 0.5638510585
v 0.4150542021 10.21406937 37.33961105
vn -0.9569836259 0.1431862414 0.2523490489
v 12.13096237 16.37160873 38.59068298
vn 0.3698968887 0.8389135003 0.3992498219
v 0.6603662968 11.58811569 37.01914597
vn -0.922553122 0.3131518662 0.2254587114
v 1.624937415 12.74990654 38.38211823
vn -0.8179562092 0.4251002669 0.3876046836
v 2.624130249 13.92871857 38.81065369
vn -0.7094379663 0.5639953017 0.4226192236
v 3.974947214 15.42643356 31.48882294
vn -0.5486784577 0.7329704762 -0.4021270871
v 13.71762085 13.81203651 40.64421463
vn 0.5471294522 0.5504161119 0.630627811
v 3.70811677 15.08828735 31.26794434
vn -0.5807226896 0.6958225965 -0.4226016104
v 6.973842621 17.57070541 34.44606018
vn -0.2171698362 0.973988533 -0.06468101591
v 5.715125084 17.08044243 33.53913498
vn -0.3552406728 0.9208177924 -0.1609307528
v 4.368249893 16.13984108 32.50207901
vn -0.5103337765 0.8126384616 -0.281386137
v 4.664522171 16.38008308 32.6970253
vn -0.4689327478 0.8445581198 -0.2585026324
v 2.992389441 12.92692184 29.70084572
vn -0.6621315479 0.4513328969 -0.5982311368
v 12.07076645 16.23361206 38.91955566
vn 0.3618559539 0.820407033 0.4427104294
v 3.191272736 13.84913254 30.29754639
vn -0.6405743361 0.5599696636 -0.5254507661
v 12.64894485 15.77364922 39.22787476
vn 0.4250967801 0.7727173567 0.4713815749
v 3.308715343 14.41975021 30.82076073
vn -0.6329391003 0.6165654659 -0.4682255089
v 11.59829712 16.68293762 38.36802673
vn 0.3121597171 0.8700180054 0.3816084564
v 6.561695099 17.46041489 34.32974625
vn -0.25427109 0.9645320773 -0.07088113576
v 13.52739906 13.40813255 41.11922836
vn 0.5118579865 0.5139394999 0.6883804202
v 2.943386078 13.54779816 30.29754639
vn -0.6709455252 0.5235928893 -0.5250548124
v 2.904116392 12.29641342 29.37059021
vn -0.673944056 0.3820663095 -0.6323170066
v 7.17766571 17.62865448 34.79373932
vn -0.193868041 0.9807339907 -0.02400118113
v 5.761030674 17.19511032 34.28487015
vn -0.3565612435 0.930028975 -0.08893947303
v 0.2847115695 10.18297195 36.81404495
vn -0.9698614478 0.1404934376 0.1990737468
v 1.432174087 12.01918411 38.70101929
vn -0.8387140036 0.3478061557 0.4190342426
v 3.488723993 14.67342377 30.92791367
vn -0.6043870449 0.6565596461 -0.4512712061
v 4.198003769 15.91144562 32.18387985
vn -0.5333650708 0.783883214 -0.3178816736
v 5.338274956 16.97580338 33.86303711
vn -0.3909228742 0.911886394 -0.125069961
v 7.796379089 17.71695328 35.49213409
vn -0.1179065704 0.9915698171 0.05373368785
v 5.294769287 16.82713318 33.16199112
vn -0.4100605845 0.8893566728 -0.2022253126
v 0.5445827246 11.04776382 37.17940521
vn -0.937548399 0.2395209819 0.2522552013
v 5.790174484 17.16396332 33.88981247
vn -0.3504712284 0.9279761314 -0.1266103536
v 1.667018652 12.02743912 39.13505554
vn -0.8141337037 0.345282346 0.4668687284
v 0.1034818217 9.744739532 36.0500412
vn -0.9871827364 0.09419541061 0.1288313717
v 3.12634635 13.17034531 40.25606155
vn -0.6421831846 0.4884151518 0.5908057094
v 3.094959736 13.19355774 29.79772377
vn -0.6504989266 0.4853868484 -0.5841667652
v 10.58450699 17.1773262 37.80128479
vn 0.1872190535 0.9287624955 0.3199206293
v 3.456501007 14.86077499 31.2538681
vn -0.6183885336 0.664010942 -0.4203392565
v 4.984844208 16.69150162 33.22525406
vn -0.4399906695 0.8765319586 -0.1951919347
v 12.80720329 15.04781532 40.10910416
vn 0.4380768239 0.6898832321 0.5763244033
v 4.897111893 16.75288963 33.77293396
vn -0.4482859373 0.8821530342 -0.1443803906
v 1.142432809 12.31206512 37.71524811
vn -0.8701661825 0.3888100386 0.3027169406
v 3.950168848 15.60018635 31.86907768
vn -0.5586490631 0.7513234019 -0.3513180315
v 10.11017609 17.36784744 37.45558548
vn 0.1356765926 0.949657917 0.2823857665
v 1.973587394 12.53723145 39.24158859
vn -0.7763673663 0.4148525894 0.4745008647
v 6.234155655 17.36426353 34.32971191
vn -0.3042448461 0.9494965672 -0.07675500214
v 7.589832306 17.70125198 35.14173889
vn -0.1469053179 0.989048183 0.01423016656
v 8.355762482 17.73366547 35.93240356
vn -0.04607594386 0.993635118 0.1027925909
v 2.794086456 12.61937332 29.70084572
vn -0.6856324673 0.4139988124 -0.5987596512
v 13.09814072 14.50146294 40.49335861
vn 0.4656396508 0.6356176138 0.615767777
v 6.763217926 17.53652191 34.79373932
vn -0.2408570349 0.970296979 -0.0226191394
v 11.18811798 16.71474838 38.59068298
vn 0.2576757371 0.8784896135 0.4023172855
v 10.53345108 16.92638016 38.47967529
vn 0.1828022748 0.9044071436 0.3855269253
v 0.7896156311 10.95875549 38.02955627
vn -0.9105741382 0.2276952416 0.3449777663
v 2.449272394 11.93295288 40.32826996
vn -0.7229118347 0.3501278162 0.5956584215
v 1.691070437 12.34439468 38.91955566
vn -0.8078796268 0.3893273175 0.4424417615
v 3.272232056 14.89131546 31.59061432
vn -0.622612536 0.6771858931 -0.3921388686
v 2.889912128 11.67924118 29.05421257
vn -0.6780487299 0.3115534186 -0.6657209396
v 2.859527588 13.74013138 30.6088829
vn -0.6774922013 0.5426440835 -0.4965296388
v 4.85241127 13.6015873 41.37913132
vn -0.4484716356 0.5324326158 0.7179057598
v 7.386100769 17.65581512 35.49213409
vn -0.1714014709 0.9835104942 0.05769481137
v 8.053134918 17.72144318 35.81483841
vn -0.09524450451 0.9917314649 0.08600669354
v 1.224010348 11.72159958 38.5075531
vn -0.8628391027 0.3110956848 0.3984069824
v 1.2024827 11.33330536 38.74215317
vn -0.8637023568 0.2721225917 0.4242258072
v 3.006919384 14.00896072 30.71440887
vn -0.6570108533 0.5786694884 -0.4831959307
v 3.656789541 15.5164547 32.18387985
vn -0.5801865458 0.7507168055 -0.3159237504
v 0.6523130536 10.88833618 37.68645859
vn -0.9299286604 0.2264427245 0.2897522151
v 12.22625351 15.64297485 39.76103592
vn 0.3753184974 0.7614604831 0.5285016298
v 2.84963274 13.1387291 39.96214676
vn -0.6733070016 0.4837745726 0.5591241717
v 4.15784359 13.56627369 40.90829086
vn -0.5257994533 0.5244243741 0.6697118878
v 4.059699535 13.80344391 40.6325531
vn -0.5435778499 0.5501167774 0.6339516044
v 1.893562317 12.24765778 39.34727859
vn -0.790471375 0.3664349616 0.4907957017
v 0.4275091588 10.62434006 37.1067276
vn -0.9537084699 0.182338953 0.2391497642
v 13.37947845 13.82038784 40.90752411
vn 0.5003185272 0.5493210554 0.6692740321
v 4.542908669 16.57590675 33.86303711
vn -0.4816077352 0.8681165576 -0.1201150715
v 11.95018768 16.01580811 39.38661194
vn 0.342666775 0.7989600897 0.4942087531
v 0.6229287982 10.58458328 37.80128479
vn -0.9304041862 0.1832766831 0.3174235821
v 5.17943573 13.93095016 41.32821274
vn -0.4110966325 0.545779705 0.7301534414
v 3.358814478 13.05501175 40.58634567
vn -0.6276935339 0.4607586265 0.6274570227
v 2.947963476 14.19665909 31.03583527
vn -0.6690158248 0.5953359008 -0.4449639916
v 9.332813263 17.50632858 37.22331238
vn 0.04759370536 0.967497468 0.2483616322
v 4.966815948 14.07716751 41.07666779
vn -0.4471159279 0.5794871449 0.6813824177
v 12.82205963 14.46048737 40.7353096
vn 0.440725565 0.6209055185 0.6482571363
v 2.489418268 12.37085342 29.89566231
vn -0.7185987234 0.3890622854 -0.5764082074
v 2.575053692 11.54190826 29.32438278
vn -0.7114262581 0.2955206335 -0.6376050711
v 6.973045349 17.57424927 35.49213409
vn -0.2085134387 0.9761542082 0.0603749603
v 11.46270752 16.29191208 39.24158859
vn 0.2867466211 0.8297585249 0.4788289964
v 10.80823898 16.81609726 38.59068298
vn 0.2155808061 0.8888953328 0.404215306
v 2.341844797 12.42281342 39.87443542
vn -0.7187466025 0.4182811081 0.555377543
v 0.2246574014 9.190263748 36.9561882
vn -0.9735834599 0.04414557293 0.2240231484
v 2.496032476 11.120327 29.23313332
vn -0.7202512026 0.2470899969 -0.6482166052
v 4.139584541 16.2756691 33.53913498
vn -0.534599781 0.8294207454 -0.1620626152
v 4.221143723 16.24346161 33.16202164
vn -0.519888103 0.8302410841 -0.2010374218
v 2.618225098 13.42254639 30.6088829
vn -0.7046211362 0.5085404515 -0.4948693514
v 7.956054688 17.67178345 36.16772079
vn -0.09797926247 0.9866376519 0.1301774979
v 3.285786629 15.05415535 31.86907768
vn -0.6328119636 0.6886897683 -0.3539144099
v 4.059623241 16.07117462 32.92077637
vn -0.5469727516 0.8026639819 -0.2378053069
v 4.522098541 16.50895691 33.53913498
vn -0.483410418 0.8591274023 -0.1679715365
v 6.555339813 17.48371124 35.14173889
vn -0.2550143898 0.9668465853 0.01324026473
v 0.5013697147 10.1003952 37.68645859
vn -0.9436291456 0.1414473951 0.2992601693
v 0.4620893598 10.88069153 37.01908875
vn -0.951454401 0.2193975002 0.2158685476
v 3.549898148 13.56866646 40.36396027
vn -0.6061201096 0.5173330903 0.6041397452
v 10.95872116 16.61995697 38.91955566
vn 0.2349423021 0.8663879633 0.4406518042
v 12.59849548 14.80150223 40.54014206
vn 0.4274548888 0.659752965 0.6180682182
v 8.923797607 17.50477409 37.26692963
vn 0.003611472668 0.9656069279 0.259981215
v 2.447502136 12.83045197 30.29754639
vn -0.726786375 0.4355967939 -0.5310716033
v 3.037493706 14.69352627 31.64414978
vn -0.6639534235 0.6454260945 -0.3776123226
v 2.567477703 12.64727783 29.99464035
vn -0.7135002613 0.422216028 -0.5591520667
v 3.273822546 15.29168701 32.41321564
vn -0.6248826981 0.7243348956 -0.2913084626
v 11.49304962 16.09152985 39.5560112
vn 0.2960304618 0.8090857267 0.5076871514
v 5.128451824 16.90223122 34.03340149
vn -0.4381834865 0.8923661113 -0.1080646813
v 3.173766851 15.1031208 32.18387985
vn -0.6454387307 0.6924763322 -0.3223125637
v 1.00104928 10.41027832 38.81065369
vn -0.889713645 0.1759787202 0.4212375283
v 1.373592973 10.81056213 39.34727859
vn -0.8486211896 0.2113566846 0.4849437177
v 1.503684878 11.11440277 39.42617035
vn -0.8269916773 0.263440907 0.4966725707
v 6.22769165 17.38479805 35.25835037
vn -0.3024041057 0.9525208473 0.03543756902
v 2.769859076 14.28440475 31.44682312
vn -0.6825833321 0.6130892634 -0.3977455795
v 2.310813665 10.48847198 29.23313332
vn -0.7441039681 0.1751977056 -0.644682169
v 7.443964005 17.62612915 35.96183014
vn -0.1755732894 0.9795843363 0.09792088717
v 1.471782088 11.70878792 39.01381302
vn -0.837682128 0.3078719974 0.4511136115
v 1.380847692 11.25101662 39.13464737
vn -0.8453567624 0.2660114169 0.4632600248
v 4.071362495 13.04338551 41.21826172
vn -0.5447137952 0.4718832076 0.6932626963
v 12.83771896 14.08341789 41.06528854
vn 0.4399580359 0.5859839916 0.6804848909
v 2.476070404 11.87062454 29.60504913
vn -0.7233711481 0.3310006857 -0.6059477925
v 2.322380066 12.04281235 29.89566231
vn -0.7377421856 0.3564430773 -0.5733103752
v 5.718400955 17.21125984 34.97221375
vn -0.3431660831 0.9392695427 -0.003122929018
v 2.904811859 14.72993469 31.95620728
vn -0.6645861864 0.6627640128 -0.345063895
v 4.873282433 16.79965591 34.23994827
vn -0.4563344419 0.8849734068 -0.09263342619
v 6.558624268 17.47166061 35.49213409
vn -0.2597994208 0.9641101956 0.05473425239
v 9.348320007 17.33893204 37.78672028
vn 0.03938346729 0.9516516924 0.3046441376
v 6.978801727 17.54836273 35.84421158
vn -0.2204730362 0.9703576565 0.09898322076
v 4.454092026 13.31611252 41.31761169
vn -0.502435565 0.4984541535 0.7064715028
v 2.950719595 14.99207878 32.41321564
vn -0.6675615907 0.6877183914 -0.2853155434
v 4.478108406 16.58542252 34.23994827
vn -0.5031453967 0.8594512939 -0.09048825502
v 3.467576027 15.51106548 32.55494308
vn -0.6119535565 0.7416172028 -0.2748031914
v 3.923820496 16.10146523 33.39550018
vn -0.5622532964 0.8057211637 -0.1862380356
v 2.310958862 11.27601242 29.51036072
vn -0.7411954999 0.2581669688 -0.6196604371
v 0.6124264598 9.695831299 38.14293671
vn -0.9292634726 0.09465499967 0.3570851088
v 2.528560877 14.13027763 31.64648247
vn -0.721737504 0.584118247 -0.3713499904
v 1.950610876 11.40592194 39.96214676
vn -0.7854124308 0.2783513069 0.5528542995
v 4.157237053 16.34376335 33.86303711
vn -0.5319349766 0.8375152349 -0.1249535903
v 0.722446382 10.46355057 38.14293671
vn -0.9158408046 0.1818069816 0.3580248654
v 2.296657324 13.15742874 30.82076073
vn -0.7437270284 0.4784172177 -0.4668908417
v 2.284521341 13.79268646 31.61394691
vn -0.7476360798 0.5441138744 -0.3807628453
v 3.869300842 12.62082291 41.32821274
vn -0.5717711449 0.4160549939 0.7070898414
v 2.860456467 14.79849625 32.18387985
vn -0.6855285764 0.6556414962 -0.3165198565
v 1.178146601 10.47162628 39.13505554
vn -0.866861999 0.1700107008 0.4686647654
v 2.666095495 14.02840424 31.2538681
vn -0.7070417404 0.5711826086 -0.4169441462
v 2.226169825 10.766819 29.41679764
vn -0.7468907237 0.2178791016 -0.6282379627
v 10.1019783 16.97629166 38.53452301
vn 0.128154248 0.9112398624 0.3914312124
v 2.173332453 11.70967484 29.89566231
vn -0.7575165033 0.3084468842 -0.5753514767
v 2.146263123 12.55661392 30.50421333
vn -0.7595065832 0.4117740393 -0.5035790205
v 10.95443916 16.41749382 39.29443359
vn 0.2271521091 0.8446162939 0.4847939909
v 11.34158707 15.94259644 39.86208725
vn 0.2692933977 0.7919201851 0.5480360389
v 5.981206894 17.30516815 35.16845703
vn -0.3391779363 0.9406734109 0.009584703483
v 12.43895531 15.01377296 40.40990829
vn 0.3949906826 0.6968899965 0.5986039639
v 12.43681335 14.54352951 40.90267944
vn 0.4064339995 0.6231535673 0.6681998372
v 1.989810586 12.75525665 30.92791367
vn -0.772421062 0.437348783 -0.460534215
v 3.101451874 12.33129501 40.81383896
vn -0.6438608766 0.3870766759 0.6600112319
v 12.21995544 14.85115051 40.72378922
vn 0.3789200783 0.6705361605 0.6378093958
v 5.308857918 17.04249001 35.02544785
vn -0.3918602765 0.9199973345 0.00710132299
v 3.604934454 6.329055786 41.63659286
vn -0.2842681408 -0.1400621682 0.9484588504
v 0.4030304551 8.947200775 37.64296341
vn -0.9543570876 0.005771104712 0.2986122668
v 9.776580811 17.04388046 38.47967529
vn 0.09873570502 0.9164404273 0.3877992034
v 1.970279694 12.21101761 30.50421333
vn -0.777874589 0.3737483323 -0.5051962733
v 2.67988205 14.4410162 31.86907768
vn -0.7050689459 0.6176962852 -0.348323226
v 2.267875671 12.38267899 30.19560432
vn -0.7444919348 0.3934084475 -0.539408505
v 12.03721428 15.15777397 40.49335861
vn 0.3470541537 0.7075096965 0.615616262
v 1.667387247 11.0895195 39.69741058
vn -0.8136761785 0.2431737483 0.5280128717
v 1.978744864 11.99613953 39.65899658
vn -0.7759216428 0.3520598412 0.5234495997
v 6.120344639 17.31229782 35.8307991
vn -0.3086147904 0.9472965002 0.08594363183
v 3.025309324 15.18831062 32.73326492
vn -0.6557066441 0.7086018324 -0.260638237
v 2.239544392 11.58495331 40.25606155
vn -0.7447254658 0.2936350405 0.5993016362
v 7.192863464 17.55162811 36.19714355
vn -0.197477892 0.9704927802 0.1383701712
v 1.423561096 9.835716248 39.7358284
vn -0.8305471539 0.1245823056 0.5428357124
v 3.09226203 7.8384552 41.63156509
vn -0.2906279862 -0.05730544031 0.9551185369
v 2.934731007 12.03249741 40.81383896
vn -0.6750876904 0.3504930735 0.6491619349
v 12.41165733 14.01447678 41.37913132
vn 0.4045291245 0.5688997507 0.7160371542
v 0.6309702396 10.1806488 38.02955627
vn -0.9310256839 0.1384295523 0.3376810551
v 4.86162281 16.82255745 34.65148544
vn -0.4551002085 0.8898758292 -0.03169839829
v 7.969127655 17.55012894 36.87283707
vn -0.1039617583 0.9734588861 0.2038867176
v 0.6334571838 9.409599304 38.25577164
vn -0.9267323613 0.03310693055 0.3742607236
v 7.433525085 17.53074837 36.59412384
vn -0.1568858176 0.970690012 0.1820651591
v 2.410003662 13.70019913 31.2538681
vn -0.7278104424 0.5412351489 -0.4211371243
v 11.84197426 15.42096519 40.29202271
vn 0.3312584162 0.7294118404 0.5985200405
v 2.238540411 12.84194183 30.6088829
vn -0.7465280294 0.4479103088 -0.4920083582
v 11.49817276 15.70540237 40.11016464
vn 0.2911474109 0.7645455003 0.5750681758
v 9.552633286 17.17730713 38.19935226
vn 0.07751516998 0.9299452305 0.3594346344
v 12.23434067 14.25396156 41.27568436
vn 0.3763940036 0.5990660191 0.7067159414
v 2.179460287 13.44983864 31.35026741
vn -0.7574540973 0.5063272715 -0.4121843874
v 2.508723974 14.45909214 32.27218628
vn -0.7192856073 0.619171083 -0.3150483072
v 3.746607065 16.05072212 33.77293396
vn -0.5772324204 0.8045452833 -0.1396767646
v 6.630144119 17.41122818 36.25598526
vn -0.2499803454 0.9583210349 0.1383134425
v 9.007408142 3.229964972 28.14175415
vn 0.01122592762 -0.7909475565 -0.6117809415
v 2.218174219 11.88904953 40.06117249
vn -0.7543766499 0.3349347413 0.5645658374
v 9.538017273 3.267120361 28.14175415
vn 0.09612207115 -0.7763800621 -0.6228921413
v 1.836132169 11.0622673 39.96214676
vn -0.7961050868 0.2352279723 0.5575701594
v 0.9732627869 10.0807209 38.86436081
vn -0.8883622885 0.1359691173 0.4385485351
v 1.893680215 10.76852798 40.15915298
vn -0.7786287665 0.2034132779 0.5935994387
v 3.586004257 12.77987289 40.98967361
vn -0.5888694525 0.4489165246 0.6720913053
v 1.25986445 9.901638031 39.45209503
vn -0.866073072 0.1174457148 0.4859258831
v 3.592487574 15.87785435 33.48069
vn -0.6068572402 0.7786266804 -0.1595769674
v 1.984032035 9.640703201 40.54737091
vn -0.7922080159 0.08360132575 0.6044974923
v 2.508506775 9.909706116 41.10862732
vn -0.7194544673 0.1069703251 0.686252594
v 8.900085449 0.8404081464 31.22656631
vn 0.009074324742 -0.9097492099 -0.4150590599
v 2.204294682 13.95047092 32.02601242
vn -0.7445015311 0.5737594962 -0.3413466513
v 2.070831537 11.12895203 29.74928474
vn -0.767475605 0.2508940995 -0.5899435282
v 3.258914709 15.60168839 33.43200684
vn -0.63641119 0.7504107952 -0.1785061806
v 2.761108398 9.054004669 28.56019211
vn -0.6892238259 0.006289300974 -0.7245212197
v 1.915042281 11.41874695 30.09462929
vn -0.7833240628 0.2785367072 -0.5557163954
v 2.100852489 12.04414368 30.19560432
vn -0.7655636668 0.3503047526 -0.5396284461
v 4.091759682 16.3497963 34.23994827
vn -0.5430591702 0.8353168368 -0.08562983572
v 12.17942047 14.60632324 40.99029541
vn 0.3650175929 0.6399543285 0.6761808991
v 2.67165184 14.74454212 32.50207901
vn -0.6969663501 0.6604114175 -0.2794541717
v 10.02270126 16.75599289 39.02770233
vn 0.1222466007 0.8860915303 0.44709903
v 4.904436111 16.85182953 35.02544785
vn -0.4456881285 0.8951607943 0.007018472068
v 9.65845108 16.7994957 39.02770233
vn 0.08624293655 0.8796092868 0.4678136706
v 4.508176804 16.63710022 34.78891754
vn -0.4954866469 0.8683702946 -0.02064019442
v 1.865108848 10.33247948 40.25606155
vn -0.7893850803 0.1500840336 0.59526968
v 1.657493591 10.51010513 39.912117
vn -0.8159079552 0.1691285521 0.5528922081
v 3.368821621 15.79594421 33.97984314
vn -0.6164309978 0.7779455781 -0.1217108741
v 5.930263519 17.27133751 35.54581451
vn -0.3393663764 0.9386379123 0.06155745313
v 9.489368439 16.9718399 38.70101929
vn 0.07826566696 0.9042695761 0.4197273254
v 1.25990665 9.027866364 39.56088638
vn -0.8547904491 0.01691073738 0.5186977386
v 3.582870007 6.465270996 41.63998413
vn -0.005987563636 0.01101431344 0.9999214411
v 4.123835564 16.39618111 34.56217575
vn -0.5349235535 0.8434103131 -0.05015828088
v 1.344715595 9.538524628 39.65899658
vn -0.8449940681 0.06398236752 0.5309343934
v 5.696427345 17.12861061 36.10643005
vn -0.3546142876 0.9267635345 0.1239276454
v 14.03424072 6.491783142 28.14175415
vn 0.711176753 -0.3314454556 -0.619977057
v 2.8555336 11.71787834 40.89146042
vn -0.6846959591 0.3097917438 0.6597124338
v 11.50338745 3.861755371 28.14175415
vn 0.3500162959 -0.6914245486 -0.6319973469
v 1.482887506 10.5483551 39.63354874
vn -0.8296844363 0.1975570321 0.5221062303
v 10.51334763 16.37258148 39.5560112
vn 0.1914012581 0.8379778862 0.5110367537
v 11.95698166 14.90452194 40.81383896
vn 0.3330079019 0.6801055074 0.6531172991
v 1.898410797 12.4647522 30.82076073
vn -0.7885639071 0.3993328214 -0.4676539898
v 11.44460487 15.0946331 40.85704422
vn 0.2931525409 0.696000874 0.6554726362
v 3.766527176 16.1123085 34.09175491
vn -0.5793526173 0.8087336421 -0.1014911905
v 3.388768435 15.85504818 34.32975006
vn -0.6197169423 0.781224072 -0.07509869337
v 3.051131964 8.102100372 41.6283226
vn -0.01043258235 -8.771899047e-06 0.999945581
v 2.769160271 14.95871544 32.78639603
vn -0.6908528805 0.6818941832 -0.2402969748
v 3.250919819 11.79789734 41.23455811
vn -0.6289547682 0.3275797963 0.7050584555
v 5.374832153 17.01861763 35.92505646
vn -0.401693821 0.9094860554 0.1071315482
v 8.851354599 0.008096954785 35.35284805
vn 0.006653540768 -0.9991866946 0.03977079317
v 3.979545593 5.622406006 41.62747192
vn -0.3120050728 -0.2102999389 0.9265132546
v 9.29516983 3.022541046 28.3305397
vn 0.03979529813 -0.6651217937 -0.7456737161
v 3.281288147 7.060455322 41.62747192
vn -0.3255923688 -0.1076957732 0.9393568039
v 2.331985235 14.23262024 32.23624802
vn -0.7411601543 0.5945267677 -0.3118004501
v 1.954693675 13.49947453 31.86907768
vn -0.777602613 0.5224003196 -0.3499028981
v 1.364355206 10.22605133 39.54258347
vn -0.8521578908 0.1504727155 0.5011834502
v 2.789524078 10.54892921 41.25576401
vn -0.6846698523 0.1896750331 0.703740418
v 6.154104233 17.28898239 36.13339233
vn -0.3050158024 0.9441182017 0.1249246076
v 2.242404699 9.715242386 40.84734344
vn -0.7463753819 0.09071548283 0.6593136787
v 8.900085449 0.00118227955 34.90955353
vn 0.007121209521 -0.9998915792 -0.01288888417
v 4.86265564 16.82054329 35.40193176
vn -0.4533603191 0.8902469277 0.04387246817
v 2.584388971 14.89712524 33.17178345
vn -0.7066103816 0.6760023832 -0.2090993822
v 8.900085449 0.4251019955 37.7151413
vn 0.006748298183 -0.9512403011 0.3083769083
v 7.988399506 17.37093353 37.57121658
vn -0.08932130039 0.9538658261 0.2866387069
v 1.95234704 11.70073318 30.19560432
vn -0.7826399207 0.3155935407 -0.5365402102
v 2.766780853 15.10671711 33.25196457
vn -0.6790932417 0.7090246081 -0.1900432408
v 10.76598549 16.15751457 39.79895782
vn 0.2115551233 0.8130063415 0.5424621105
v 14.23296356 6.971382141 28.14175415
vn 0.7393925786 -0.265707165 -0.6186261177
v 1.813259363 11.86003876 30.50421333
vn -0.7956033945 0.3343524933 -0.505196631
v 1.815558791 12.97156906 31.474617
vn -0.7967019677 0.4559832513 -0.3966676295
v 14.55884552 7.427192688 28.29170609
vn 0.6355211139 -0.1719758809 -0.7526866794
v 7.672981262 17.48680878 36.98989105
vn -0.1460547596 0.9637075663 0.2234631777
v 8.900680542 16.9020462 38.89218903
vn 0.006962587591 0.8975410461 0.4408759475
v 11.45025253 15.45980072 40.44657516
vn 0.2929744124 0.7293165326 0.6182745099
v 8.651737213 17.0316906 38.6042099
vn -0.02561089396 0.9176985621 0.3964510858
v 1.675266147 11.50518799 30.50421333
vn -0.8114903569 0.2909293175 -0.5067973137
v 15.59405136 7.114572525 29.41679764
vn 0.7509605289 -0.2004223615 -0.6291971803
v 3.84431076 5.852836609 41.6283226
vn -0.007847991772 -0.004621942062 0.9999585152
v 3.706054688 16.10700989 34.47266388
vn -0.5804641843 0.8119776845 -0.06126586348
v 5.730588913 17.17925072 35.78054047
vn -0.3605251908 0.9289329052 0.08429265767
v 6.596576691 17.33273315 36.66757202
vn -0.2547173202 0.9487485886 0.1870701909
v 4.462275505 16.61297226 35.11509323
vn -0.4932143688 0.8698021173 0.01355886832
v 7.702350616 17.28063583 37.74393082
vn -0.1370187253 0.9392840266 0.3145971596
v 6.20835495 17.26724434 36.39326859
vn -0.2938961685 0.9419864416 0.1621314585
v 9.217601776 17.03669739 38.59068298
vn 0.02590886876 0.9168691039 0.3983463645
v 11.15960503 15.2871933 40.76881409
vn 0.2452394366 0.7173549533 0.6521192193
v 7.58618927 17.3852005 37.33961105
vn -0.1490272135 0.9539983273 0.2601501346
v 5.338005066 17.03939438 35.50073624
vn -0.4009519219 0.9147422314 0.04984192923
v 2.225307226 14.25399685 32.55494308
vn -0.7539877295 0.6004989743 -0.2662771046
v 12.79263306 4.778659821 28.14175415
vn 0.5172501206 -0.5678670406 -0.64029634
v 11.81334686 14.62236023 41.16178894
vn 0.3283389211 0.6440798044 0.6909086704
v 15.32738495 7.391578674 29.03237915
vn 0.7220516205 -0.1734152287 -0.6697526574
v 13.7921524 6.031822205 28.14175415
vn 0.670974195 -0.3961485028 -0.6267854571
v 1.890466809 13.23063469 31.64216614
vn -0.7860023975 0.4902530313 -0.37663275
v 10.12262726 2.293693542 40.83597183
vn 0.1254672706 -0.7501839399 0.6492164731
v 14.49478912 7.973251343 28.14175415
vn 0.7681648135 -0.129747197 -0.6269676685
v 8.84542942 0.17109254 36.72180557
vn 0.001871875138 -0.9825892448 0.1857818365
v 7.141677856 17.40952492 36.9167366
vn -0.1974874139 0.95581007 0.2177745998
v 14.73677063 7.820075989 28.36937332
vn 0.6620309353 -0.1277704239 -0.7385050654
v 14.04866028 11.27818298 28.14175415
vn 0.7200837135 0.3306138515 -0.6100605726
v 9.80373764 1.137889981 39.254776
vn 0.1060657427 -0.8732097149 0.4756625891
v 9.329627991 0.3572197855 37.45558548
vn 0.05101055279 -0.9605693221 0.2733212113
v 2.463928223 14.63341713 32.78639603
vn -0.7290860415 0.6410691142 -0.2397163361
v 14.54315948 9.464408875 28.14175415
vn 0.7808962464 0.08694226295 -0.618580699
v 1.959939837 13.75644875 32.27218628
vn -0.7825769186 0.5361979604 -0.3163306117
v 7.187885284 17.31385803 37.33961105
vn -0.1928273439 0.945661962 0.2618033886
v 5.853189468 17.13796234 36.43247223
vn -0.3427834213 0.925034821 0.1637377441
v 10.37330246 16.13922882 39.96214676
vn 0.1631804258 0.8143065572 0.5570251346
v 14.55599308 8.487030029 28.14175415
vn 0.7855944633 -0.0549181886 -0.6162997484
v 1.663001657 12.35780334 31.14449692
vn -0.813170135 0.3853297234 -0.4362055957
v 15.14606094 7.029758453 28.94567299
vn 0.7003577948 -0.2118522078 -0.6816286445
v 9.280799866 1.327427387 39.65899658
vn 0.02287501097 -0.8519852161 0.5230659246
v 15.94199181 7.618858337 29.71346474
vn 0.7932340503 -0.1445795745 -0.5915035605
v 14.38687134 7.46661377 28.14175415
vn 0.7892346382 -0.2061415464 -0.5784586072
v 9.67824173 0.7947311997 38.59068298
vn 0.08614973724 -0.909499526 0.4066802859
v 2.989856005 15.37859154 33.48556137
vn -0.6717498302 0.7221426964 -0.1651121527
v 1.893665314 9.901363373 29.60504913
vn -0.7869888544 0.1056159586 -0.6078600287
v 2.067097425 14.2256403 32.96549225
vn -0.7618881464 0.6037028432 -0.2346685678
v 3.740923882 16.14826202 34.79373932
vn -0.5742881298 0.8182994723 -0.02406363562
v 6.856771469 17.26702881 37.2378006
vn -0.2294786274 0.9394463897 0.2545191944
v 4.11803627 16.4052887 34.96256256
vn -0.537070334 0.8435277343 -0.00405026041
v 11.12379837 15.57754135 40.44657516
vn 0.2442894131 0.7552501559 0.6082103848
v 15.18440628 8.16784668 28.74232864
vn 0.7105324864 -0.07861206681 -0.69925946
v 3.742637634 6.101165771 41.63829041
vn 0.00127642462 -0.01904554106 0.9998177886
v 1.582166791 12.77293205 31.74002266
vn -0.8224943876 0.4351238608 -0.3662925363
v 1.703014135 11.19923401 30.29754639
vn -0.8113203645 0.2504615784 -0.5282312632
v 3.697353125 16.11909485 35.11509323
vn -0.5777387619 0.8161074519 0.01365797222
v 9.586338043 1.751685858 40.25606155
vn 0.06492867321 -0.8067020774 0.5873805881
v 3.105607271 15.5623703 33.88981247
vn -0.6465011239 0.7503113151 -0.1380914003
v 10.23600388 16.36381912 39.65899658
vn 0.1389448047 0.8369801641 0.529300034
v 11.61655426 14.87238312 41.01212311
vn 0.3012285233 0.6718390584 0.6766783595
v 5.116697311 16.92679787 35.67288589
vn -0.4355741739 0.8971620798 0.07331710309
v 6.616203308 17.26091766 37.01914597
vn -0.2600785196 0.9384961128 0.2271215618
v 10.41571808 15.9176445 40.25606155
vn 0.1754231602 0.7845211625 0.5947716236
v 1.66681385 13.20644093 32.11495209
vn -0.8125013113 0.4784778953 -0.3330173194
v 2.324533224 14.6193018 33.19849014
vn -0.7395293117 0.6382792592 -0.2137662023
v 10.35725021 1.96166265 40.37491989
vn 0.1682796329 -0.7768206 0.606820941
v 1.577156425 11.74703979 30.82076073
vn -0.8228899837 0.3201145232 -0.4694451392
v 10.67536163 15.55545902 40.6325531
vn 0.195114553 0.7520619631 0.6295499802
v 9.961084366 16.47747993 39.54258347
vn 0.1131265461 0.8542884588 0.5073397756
v 1.753181577 12.6529808 31.2538681
vn -0.8033873439 0.4245017767 -0.4175728261
v 3.047063351 15.54974937 34.15011215
vn -0.6497139335 0.7547363043 -0.09080158174
v 11.01044273 2.083850861 40.31605148
vn 0.2363127619 -0.7699515224 0.5927317739
v 9.245635986 1.156600595 39.37387085
vn 0.04273668304 -0.874114573 0.4838360548
v 4.295566559 5.191558838 41.62747192
vn -0.3310281038 -0.2546344399 0.9086152911
v 1.598527789 10.70767593 30.24657631
vn -0.8177806139 0.1966576278 -0.5408887863
v 4.120060921 16.40210152 35.25829697
vn -0.5365620255 0.8431513906 0.03459715471
v 14.37136841 10.39276123 28.14175415
vn 0.7488176227 0.202464968 -0.6310943961
v 1.499016404 11.99126434 31.14449692
vn -0.8310140967 0.3493718505 -0.4328451455
v 9.046348572 2.422015905 41.09724426
vn 0.02741515823 -0.7341431975 0.6784409881
v 2.555840969 14.99605179 33.6657753
vn -0.7089116573 0.6877459884 -0.1563640237
v 4.511993408 16.63043976 35.42870331
vn -0.5017608404 0.8634724021 0.05149233714
v 3.458133459 15.93689156 35.25835037
vn -0.6139125228 0.7887449861 0.03150710091
v 4.875597954 16.79511452 35.81728745
vn -0.4499987662 0.8870384693 0.1032662541
v 6.196246624 17.18860626 36.784935
vn -0.3063356578 0.9296921492 0.2045261115
v 4.984254837 16.80661964 36.16036606
vn -0.4366840124 0.889759481 0.1327973157
v 17.31293488 9.275588989 32.12220764
vn 0.9462156296 0.04620929435 -0.3202196956
v 1.90870285 13.8768425 32.64395142
vn -0.7840647101 0.5608630776 -0.2658480406
v 4.031112671 16.34759521 34.79373169
vn -0.5547231436 0.8315984011 -0.02695174329
v 1.99460566 9.483642578 29.41679764
vn -0.7730423212 0.06647994369 -0.630861342
v 2.817285776 15.33410645 34.1063118
vn -0.6873363853 0.719278276 -0.1010322124
v 10.34698868 1.331668973 39.45209503
vn 0.1538814455 -0.8477762938 0.5075389743
v 3.45729661 15.93797493 34.79374695
vn -0.6117777824 0.7907387614 -0.02145026624
v 2.352008343 14.73313427 33.48556137
vn -0.7402649522 0.6503182054 -0.170569554
v 10.79080963 2.29399085 40.6552887
vn 0.2083743811 -0.7488607168 0.6291166544
v 11.32174683 3.200042248 41.38925171
vn 0.275413394 -0.6357731223 0.7210686207
v 9.885540009 1.382190704 39.65899658
vn 0.1195164695 -0.84372437 0.523301959
v 10.70561218 2.591682434 41.0118103
vn 0.2000178844 -0.7059576511 0.6794238091
v 14.83003998 9.317092896 28.3789978
vn 0.6741088629 0.03798433021 -0.737654686
v 1.768961668 13.50284767 32.32472992
vn -0.8067133427 0.5089495182 -0.300306499
v 5.428932667 16.97917366 36.36017227
vn -0.3928711712 0.9050949812 0.1626509875
v 1.615837336 9.941078186 29.99464035
vn -0.8154529929 0.115145728 -0.5672546625
v 8.964759827 16.67165565 39.33365631
vn -0.0001322640019 0.8704387546 0.4922767282
v 7.677186966 17.11193848 38.1987915
vn -0.1290476769 0.9239687324 0.360039562
v 1.483509183 12.32964325 31.474617
vn -0.8319746852 0.3904961944 -0.3941203356
v 1.445716739 11.38259506 30.82076073
vn -0.8372545242 0.280456692 -0.4694133103
v 4.605957985 16.56856728 36.39571762
vn -0.4783196449 0.8631942272 0.1615735888
v 2.99114418 15.53347778 34.47266388
vn -0.6575427055 0.7508710623 -0.06188901886
v 5.736979485 17.02399254 36.78487396
vn -0.3548248708 0.9103347063 0.2130493671
v 3.247224808 15.76419735 34.65148544
vn -0.643039763 0.7650174499 -0.03532879055
v 9.385145187 2.000151396 40.59815216
vn 0.03428649902 -0.7674739957 0.6401625872
v 15.76581573 8.122451782 29.3937645
vn 0.7704163194 -0.08344618231 -0.6320565343
v 17.21231461 8.102142334 31.92326927
vn 0.9336922169 -0.08722096682 -0.3472914398
v 17.76900864 8.454174042 34.41698074
vn 0.9974139929 -0.04679835215 -0.05454612151
v 16.5447197 8.032974243 30.53032112
vn 0.8582177758 -0.1003943458 -0.5033718348
v 12.00238037 13.64732361 28.14175415
vn 0.4119414985 0.6306654811 -0.6576969624
v 12.42461395 13.34284973 28.14175415
vn 0.4821799994 0.605214417 -0.633417666
v 17.70353699 8.457496643 33.77537155
vn 0.9906954169 -0.03931416571 -0.1302959323
v 7.30696106 17.23327637 37.68645859
vn -0.1713585407 0.9358152151 0.3080359995
v 9.498697281 16.23663139 39.99944305
vn 0.064631477 0.8277217746 0.5574042201
v 9.059768677 1.811859131 40.37491989
vn 0.01159126963 -0.7896751165 0.6134157181
v 1.354907632 11.62068176 31.14449692
vn -0.8491232395 0.3027350008 -0.4328293502
v 4.134016991 16.38019753 35.72671509
vn -0.5295037627 0.8445025086 0.08025750518
v 1.849064946 13.91904545 32.9291153
vn -0.7998124957 0.5537640452 -0.2316147089
v 1.742616534 9.401872635 29.73707199
vn -0.8078746796 0.04325493425 -0.5877648592
v 1.384668589 12.6078434 32.00822067
vn -0.8453677893 0.4175851643 -0.3331305087
v 9.610116959 16.51840973 39.54258347
vn 0.08439828455 0.8525610566 0.5157679915
v 4.56769371 16.63684273 35.75364304
vn -0.4837632775 0.8714755177 0.08064422756
v 11.55448151 13.91155243 28.14175415
vn 0.3779068887 0.7034245133 -0.6019803286
v 2.093405962 14.35982037 33.25196457
vn -0.765865624 0.6146349311 -0.1888750494
v 1.529937625 13.19815063 32.46593475
vn -0.825170815 0.4833577573 -0.2923327982
v 2.280130148 14.7273407 33.80947113
vn -0.7451466918 0.6528670192 -0.136092335
v 1.662729263 13.51183891 32.64395142
vn -0.8134601712 0.5199103355 -0.2607216835
v 1.084686279 11.71809387 31.81029129
vn -0.877162993 0.3192902803 -0.3586625755
v 1.58326447 13.48122501 32.84442139
vn -0.8228568435 0.5152834058 -0.239561379
v 4.496365547 16.55376434 36.10643005
vn -0.4939870834 0.8612070084 0.1195793301
v 10.67163849 14.56356812 28.36937332
vn 0.1933211237 0.6422380209 -0.741725862
v 6.911922455 17.14793396 37.68645859
vn -0.2259430885 0.9251412749 0.3050628603
v 3.891386032 16.24004173 35.46039581
vn -0.5756783485 0.8160622716 0.05134963244
v 1.230365396 10.84690857 30.92791367
vn -0.8601980209 0.2184797823 -0.460788399
v 5.378945351 16.82271957 37.00318527
vn -0.38708812 0.8960241079 0.2174938023
v 1.556795239 13.57910442 33.16202164
vn -0.8245554566 0.5256870985 -0.2091920972
v 2.008626223 14.3612175 33.62924194
vn -0.7771293521 0.6102998257 -0.1536360979
v 1.471504092 11.07516861 30.6088829
vn -0.8339560032 0.2433135808 -0.4952937365
v 2.551335096 15.1000309 34.32975006
vn -0.7205653191 0.6897234321 -0.07118410617
v 1.821190953 14.00193501 33.25196457
vn -0.7933907509 0.5764634013 -0.1955021918
v 6.115394592 3.725112915 41.63577652
vn -0.001020040363 -0.004815885797 0.9999879003
v 6.142700195 3.679549932 41.63156509
vn -0.1845384091 -0.3156238198 0.9307669997
v 11.94773293 3.437681437 41.32821274
vn 0.3412158191 -0.6173999906 0.7087940574
v 17.00551987 8.122005463 38.59068298
vn 0.9142246246 -0.0806838572 0.3970937133
v 9.032390594 14.833004 28.36937332
vn 0.01491307374 0.6753132939 -0.7373802066
v 2.797286987 15.3552475 34.45578766
vn -0.6894798279 0.7217788696 -0.06043872237
v 1.290277481 12.21878624 31.79611778
vn -0.8534898758 0.3763374984 -0.3604512811
v 6.90562439 16.95933723 38.1987915
vn -0.2235670537 0.9037021995 0.3651576638
v 6.496524811 17.10920715 37.45558548
vn -0.2650839984 0.9235628843 0.2770597041
v 1.375515223 13.05636978 32.69708633
vn -0.8426756859 0.4706623256 -0.2614855468
v 1.109539151 12.0970726 32.12209702
vn -0.8735535741 0.3595513105 -0.3280655742
v 9.921195984 16.10736656 40.11521149
vn 0.1138207987 0.8142299056 0.5692753792
v 1.375156522 10.71404648 30.6088829
vn -0.845508635 0.2020281553 -0.4942669272
v 2.185670853 14.6705513 34.09659576
vn -0.7577080727 0.646211803 -0.0910429731
v 3.158964634 15.69804096 35.02783585
vn -0.6508045793 0.7592167258 0.006587378681
v 1.321510792 11.95505142 31.474617
vn -0.8533921242 0.3413031399 -0.3939974904
v 4.2208395 16.33982849 36.39571762
vn -0.5239850879 0.8363919258 0.1608980745
v 1.233667612 12.64208412 32.46609116
vn -0.8622735143 0.4191278517 -0.2842820287
v 5.847919464 16.89764977 37.42627335
vn -0.3476285636 0.8991941214 0.2657146454
v 17.76900864 9.346157074 34.41698074
vn 0.9975422025 0.04427220672 -0.05430938676
v 10.22904587 15.85186386 29.60504913
vn 0.1481167674 0.7776873112 -0.6109532714
v 1.133254647 11.27735901 31.3639183
vn -0.8731309772 0.2610347867 -0.4117076397
v 9.978843689 15.60971069 29.25587273
vn 0.1148567349 0.7598411441 -0.6398823261
v 4.458467484 4.979000092 41.62129211
vn -0.007818396203 -0.004096263088 0.9999610186
v 10.59728241 14.31121063 28.14175415
vn 0.2392220497 0.7635920048 -0.5997499824
v 1.743433118 13.99437714 33.57565689
vn -0.804269433 0.573135078 -0.1570567638
v 7.661598206 16.89798355 38.70101929
vn -0.1295991838 0.9006521106 0.4147648513
v 9.982114792 15.75108337 40.5748291
vn 0.1311194599 0.7766281962 0.6161625385
v 16.72341537 8.856826782 39.24158859
vn 0.8741899729 -0.0003807018511 0.485583961
v 16.95091248 9.28241539 38.76880646
vn 0.9102714658 0.02952200733 0.4129579961
v 5.127897739 16.7846489 36.66758728
vn -0.4290124178 0.8841686845 0.1849165708
v 1.567947149 9.519672394 29.99464035
vn -0.823129952 0.06907257438 -0.5636364818
v 17.50624084 9.332889557 37.22331238
vn 0.9680386186 0.04331290722 0.2470328063
v 11.08502197 14.41918945 28.36937332
vn 0.2489061654 0.626129806 -0.7389230132
v 17.51699448 8.85238266 37.22331238
vn 0.9659904242 0.001621030155 0.2585727274
v 6.180282593 17.06818771 37.25233459
vn -0.3119422197 0.9178817868 0.2453265786
v 1.253570199 11.13898468 31.03583527
vn -0.8584993482 0.2551806271 -0.4448164701
v 8.301101685 2.946060181 41.58802795
vn -0.05740443617 -0.6704345942 0.7397446632
v 4.111603737 16.31910324 36.10643005
vn -0.5400189161 0.8336903453 0.1154990643
v 6.219535828 16.9495697 37.68645859
vn -0.3065372109 0.9000698328 0.3096921742
v 7.286174774 16.83074188 38.70101929
vn -0.1888926327 0.8909012079 0.4130551815
v 4.963969231 16.621418 37.01905823
vn -0.4362612963 0.8685696721 0.2350803614
v 8.044013977 3.114960194 41.63998413
vn 0.0215013884 -0.01048393175 0.9997138381
v 9.369966507 15.57258606 29.13245201
vn 0.05438421294 0.751295805 -0.6577210426
v 5.476224899 16.77413177 37.33962631
vn -0.3946536481 0.8802187443 0.263559252
v 16.1462059 7.153503418 39.86208725
vn 0.8073031306 -0.2032817304 0.5540199876
v 3.343867779 15.82717037 35.58248901
vn -0.6154109836 0.7851438522 0.06941510737
v 1.613972187 13.87211037 33.83139038
vn -0.8087959886 0.5736116171 -0.1296871305
v 10.41383362 15.29834938 40.99513245
vn 0.1537432969 0.7197755575 0.6769683361
v 10.13648796 15.51693249 40.81884384
vn 0.1368694007 0.741823554 0.6564789414
v 16.68769836 8.152534485 39.24158859
vn 0.8752819896 -0.09032259881 0.4751034677
v 8.509635925 14.55767059 28.14175415
vn -0.0610390231 0.7641412616 -0.6421544552
v 8.469116211 16.6089325 39.42617035
vn -0.04213823006 0.8707271814 0.4899577498
v 8.015916824 3.011889219 41.60714722
vn -0.07365860045 -0.4993852079 0.8632432222
v 1.146080017 10.47815704 30.92791367
vn -0.8735869527 0.1694046855 -0.4562322199
v 4.865570068 16.70298767 36.43250275
vn -0.449537456 0.8778281808 0.1653292775
v 2.858138323 15.43049526 34.79856491
vn -0.677093029 0.7357650995 -0.01395679545
v 15.60704422 8.256317139 40.81383896
vn 0.7532422543 -0.06663515419 0.6543591619
v 1.297305703 10.35362625 30.6088829
vn -0.8479415774 0.1648189574 -0.5038152337
v 15.29657364 7.193946838 40.94694901
vn 0.7222851515 -0.1976071596 0.6627635956
v 9.479131699 15.99507904 40.33937454
vn 0.07233189046 0.7947563529 0.6026030183
v 15.87439728 10.53714752 40.27994919
vn 0.7849134207 0.1866602898 0.5908204913
v 16.20795059 9.042686462 40.07338715
vn 0.8180546761 0.02602399886 0.5745514035
v 7.959671021 14.49307251 28.14175415
vn -0.117104128 0.7273685932 -0.6761816144
v 6.537475586 16.96939087 37.91566086
vn -0.2695176005 0.9051041007 0.3288568258
v 16.49350548 10.32887077 39.41187668
vn 0.8567482233 0.1610603631 0.4899409115
v 15.94433594 10.20372772 40.27994919
vn 0.7822118998 0.1429949701 0.6063802242
v 6.07989502 13.8175354 28.14175415
vn -0.3713819981 0.6402689815 -0.6724069118
v 2.575085878 15.15055847 34.65148544
vn -0.7180100083 0.6947413087 -0.04238145426
v 8.482566833 15.66358948 29.23313332
vn -0.04383766279 0.7596319914 -0.6488739848
v 9.629356384 15.67547989 40.72378922
vn 0.07586754858 0.7603884935 0.6450220346
v 9.76058197 3.061706543 41.62889862
vn 0.02072447352 -0.006704530679 0.9997627735
v 7.385570526 3.119960785 41.59356308
vn -0.1713223606 -0.6304696202 0.7570711374
v 5.527488708 13.45960236 28.14175415
vn -0.4378319979 0.6138866544 -0.6568457484
v 8.075984955 16.56477356 30.55687523
vn -0.1039696783 0.8651289344 -0.4906549156
v 17.41465759 9.717636108 37.45558548
vn 0.9545006156 0.08957222849 0.2844386995
v 15.25858307 9.622039795 41.18267441
vn 0.7223945856 0.08289134502 0.6864948273
v 7.126739502 3.269679785 41.6283226
vn 0.0107336631 -0.01275489479 0.9998610616
v 3.081562281 15.61919212 35.40680695
vn -0.6579509377 0.7519924641 0.0400987044
v 3.826119423 16.11821556 36.16036606
vn -0.5721029043 0.8089592457 0.1352155805
v 7.142213821 15.91071701 29.8098011
vn -0.1926969141 0.792771697 -0.5782567859
v 8.258682251 16.49159622 30.40042305
vn -0.06830429286 0.8527050018 -0.5179080367
v 2.113491774 14.63802528 34.56220245
vn -0.7591210604 0.6485799551 -0.05549142882
v 16.4361496 9.976894379 39.60692215
vn 0.8480139971 0.1201351285 0.5161781311
v 15.57598495 9.935319901 40.79095459
vn 0.7549635768 0.1146374419 0.6456688046
v 17.05388641 8.684135437 38.5560379
vn 0.9179121256 -0.02230561525 0.3961562216
v 10.31283951 16.40875053 30.44026375
vn 0.1624396741 0.8452895284 -0.5090175867
v 1.220801234 12.81466484 32.78639603
vn -0.8682179451 0.4329533577 -0.2423818111
v 1.484554172 13.62513542 33.62924194
vn -0.838496685 0.5232289433 -0.1521668136
v 9.891613007 3.02199173 41.60319138
vn 0.1051052287 -0.6699345112 0.734942615
v 15.77563286 8.65051651 40.64391708
vn 0.7714823484 -0.02170013823 0.6358805299
v 15.29476929 9.185523987 41.18267441
vn 0.7147830725 0.03026838228 0.6986908913
v 9.340423584 17.657444 36.52067566
vn 0.05051279441 0.9837107062 0.1725156456
v 16.77783585 10.00276756 38.98635101
vn 0.882835567 0.1259511262 0.4524795115
v 3.337364435 10.00282288 28.14175415
vn -0.7645661235 0.1479171365 -0.6273429394
v 16.39107513 10.70586395 39.45209503
vn 0.8413447142 0.1948605776 0.5041512251
v 1.199959159 9.286769867 30.55687523
vn -0.8676564097 0.03453508019 -0.4959633648
v 3.818733215 11.41866302 28.14175415
vn -0.7160352468 0.3515934944 -0.6030551791
v 3.613876343 10.95337677 28.14175415
vn -0.7168011069 0.2829999626 -0.6372653842
v 4.303596497 12.22209167 28.14175415
vn -0.6171250343 0.451069057 -0.6447429061
v 16.45448112 9.430469513 39.67172241
vn 0.8484302759 0.05308147147 0.5266388059
v 4.044570923 11.83050537 28.14175415
vn -0.6740843058 0.3950775564 -0.6241186857
v 15.35231781 10.09416962 41.0118103
vn 0.7220115662 0.1384735554 0.6778822541
v 10.53593445 3.264770508 41.63829041
vn -0.02097666264 -0.01033758372 0.9997265339
v 3.450950861 10.47172546 28.14175415
vn -0.7499237061 0.2206849456 -0.6236285567
v 8.464496613 17.56313324 36.98989105
vn -0.04375210777 0.9715812802 0.2326276153
v 8.972517014 17.62081909 36.7702179
vn 0.007523877546 0.9792922735 0.2023117244
v 15.75859928 9.558570862 40.6325531
vn 0.7708986402 0.06729657203 0.6333928108
v 9.138137817 17.43476105 32.4949379
vn 0.02597919852 0.9576758146 -0.2866742313
v 10.36911392 16.58440399 39.24158859
vn 0.1652412862 0.862041831 0.4791441858
v 6.595825195 14.08187103 28.14175415
vn -0.3076246679 0.686681211 -0.6586622596
v 3.064598322 11.21038055 28.69058609
vn -0.6648774147 0.2550310791 -0.7020663619
v 15.03263855 10.03501129 41.34844971
vn 0.6888509393 0.1264711916 0.7137852907
v 1.838041425 14.2714901 34.32976913
vn -0.7860540152 0.6138543487 -0.07281440496
v 3.022590399 9.297218323 28.3305397
vn -0.6652024388 0.0485384576 -0.7450837493
v 15.61818695 9.256649017 40.8249054
vn 0.751826942 0.04170016199 0.6580405235
v 1.853202939 10.20420456 29.72608185
vn -0.7852196097 0.1548264623 -0.5995489955
v 10.99026489 14.92855835 41.2038765
vn 0.2446353436 0.685747683 0.6854951978
v 8.385133743 16.22640038 40.02426147
vn -0.04907295108 0.8242673874 0.5640701652
v 2.638702393 10.85776138 28.98840523
vn -0.7036980391 0.2171244174 -0.6765102148
v 1.989507794 10.54440308 29.64209938
vn -0.7875730395 0.1877378821 -0.5869268775
v 1.336895704 13.25185013 33.25196457
vn -0.8518851995 0.4876785874 -0.1909482181
v 9.66869545 15.35411835 41.07604218
vn 0.09814177454 0.7242492437 0.6825183034
v 1.777526855 8.900161743 29.66561508
vn -0.8019865751 -0.006253199652 -0.597309351
v 3.236679077 10.67172623 28.36937332
vn -0.6417990327 0.2023810744 -0.7396863699
v 1.409942746 9.750518799 30.27164459
vn -0.8457170725 0.08953019977 -0.5260674953
v 2.291275263 14.8578949 34.79373169
vn -0.7417410612 0.6703289151 -0.02189459838
v 0.9780430198 9.614891052 31.00889969
vn -0.8911581635 0.09093525261 -0.4444861412
v 4.614086151 16.45018387 36.95581818
vn -0.4895741343 0.8442572355 0.2180525213
v 3.684570551 16.04768372 35.96178818
vn -0.5947712064 0.796418786 0.1093813032
v 0.9089086652 10.04212952 31.2538681
vn -0.8953126669 0.1210550293 -0.4286733866
v 3.901416779 16.10081482 36.54029846
vn -0.5604587197 0.8114086986 0.1658371687
v 1.214335799 13.23357391 33.84475327
vn -0.8639577627 0.48825109 -0.1232388318
v 6.612045288 16.71474838 38.59068298
vn -0.2565333545 0.880600214 0.3984141946
v 6.044147491 16.67208099 38.25548172
vn -0.3253390193 0.8709579706 0.3682210445
v 4.357387543 16.2174263 37.24280548
vn -0.5169918537 0.8161327839 0.2581603229
v 8.583877563 15.98614502 40.37604141
vn -0.02853920124 0.7977417707 0.6023234725
v 0.9153213501 8.944301605 31.07194519
vn -0.8974418044 0.01318277325 -0.4409358799
v 4.463283539 16.17552757 37.56398773
vn -0.5031365752 0.8106923103 0.299385339
v 0.7380564809 11.28995895 32.37975693
vn -0.9182334542 0.269330591 -0.2903589606
v 0.6719743013 11.58433533 32.92911911
vn -0.9245086312 0.3014918566 -0.2332090437
v 3.139344215 15.36718273 37.04590607
vn -0.6419374943 0.7318921685 0.2285827547
v 0.7821884155 10.85701752 31.92326927
vn -0.9117535949 0.2223835737 -0.3453272581
v 0.8548967838 12.44854927 33.62924194
vn -0.9046184421 0.3984372914 -0.1513711959
v 1.182902098 13.28086472 34.32975006
vn -0.8658698797 0.4938396513 -0.0799484849
v 1.936066747 14.41871548 35.49213028
vn -0.7853407264 0.6166684031 0.05440622196
v 2.173353434 14.68114185 35.72674179
vn -0.7518433928 0.6548636556 0.07671435922
v 6.489685059 16.52293777 38.90578079
vn -0.2612271905 0.8550514579 0.4479368329
v 1.681173086 14.10288334 34.88297272
vn -0.8127887845 0.582529366 -0.005826483481
v 0.5487672687 9.272842407 31.95207596
vn -0.9428964257 0.0457399562 -0.3299306631
v 8.900085449 15.38252258 41.0984993
vn -0.002847556258 0.7253796458 0.6883431077
v 8.900085449 15.13684082 41.34844971
vn -0.003909912892 0.695492208 0.7185229659
v 8.16145134 15.94352341 40.38728333
vn -0.09701649845 0.7913540602 0.6036112309
v 4.186320305 16.01842308 37.51103592
vn -0.538097322 0.7945815921 0.2812318802
v 6.301633835 16.24688911 39.29357529
vn -0.2891768813 0.8264137506 0.483132571
v 1.004802585 12.92479801 34.18652344
vn -0.8879578114 0.4502666593 -0.0937596187
v 3.755892754 15.69393444 37.56398773
vn -0.5841239095 0.7597785592 0.2855447531
v 6.662734985 16.20999146 39.5560112
vn -0.2580069602 0.8203574419 0.5103391409
v 1.62975359 14.01087189 35.46530914
vn -0.8191251755 0.5699151754 0.06504379213
v 3.383102179 15.46417427 37.37692261
vn -0.6195642352 0.7369478345 0.2702740729
v 0.5664634705 10.90903473 32.61029053
vn -0.9365620613 0.2227578312 -0.2706111968
v 2.520636082 14.88617325 36.63084793
vn -0.7177669406 0.6698881388 0.1898960918
v 1.077583551 13.14064217 35.0254097
vn -0.8742530942 0.4854554534 0.00381479389
v 4.462982178 15.8803215 38.28394699
vn -0.5089066625 0.7751426697 0.3743900061
v 8.449375153 15.15542698 41.3126297
vn -0.05134439468 0.6959252954 0.716276288
v 0.3645058274 11.01209259 33.62924194
vn -0.9602567554 0.230723232 -0.1570787579
v 7.967666626 15.7080307 40.6552887
vn -0.1011450514 0.7663041949 0.6344663501
v 7.459365845 15.76859283 40.46989441
vn -0.1650374085 0.7755641937 0.6093134284
v 7.67754364 15.50663757 40.83597183
vn -0.145872876 0.7448320389 0.6511116028
v 7.909515381 15.05593491 41.34844971
vn -0.1025388911 0.689783752 0.7167176604
v 0.4122471213 10.62744141 32.95821381
vn -0.9514734149 0.2043741196 -0.2300642282
v 0.4802323282 10.50987244 32.61029053
vn -0.9467900991 0.1774471849 -0.2685162127
v 4.060507298 15.65705299 38.17950821
vn -0.5459140539 0.7555490136 0.3621098101
v 3.04613018 15.17608261 37.35054398
vn -0.6657270789 0.6984080076 0.2627426088
v 5.569477081 16.10295868 39.02770233
vn -0.3767353594 0.8113619685 0.4469477236
v 6.516271591 15.08476448 40.93449783
vn -0.2612443566 0.6939233541 0.6709856391
v 1.172767043 13.28661728 35.49213028
vn -0.8717767596 0.4862572253 0.05965884775
v 1.328715801 13.51749706 35.72669983
vn -0.842290163 0.5325353146 0.08338738233
v 2.58536315 14.79078102 37.14426041
vn -0.7076486349 0.6630619764 0.2440946847
v 0.3402864933 10.22563934 32.95821381
vn -0.9611692429 0.1527060419 -0.2298576683
v 1.709920764 14.01796341 36.14319992
vn -0.8043404818 0.5806394815 0.1260721087
v 5.804107666 15.82151031 39.65899658
vn -0.3534412682 0.7716795206 0.5287626982
v 0.2879864872 9.827049255 32.95821381
vn -0.9678006172 0.103467755 -0.2294696718
v 0.3494851589 8.971641541 32.53804016
vn -0.9616097212 0.00896010641 -0.2742744386
v 5.001945496 15.68316269 39.24158859
vn -0.4346936047 0.7649078369 0.4753498137
v 2.322462082 14.59614277 36.86550522
vn -0.7423051596 0.6371224523 0.2075043023
v 0.3398322761 11.23855591 34.32974625
vn -0.9625458717 0.2606517076 -0.07460656017
v 0.939632535 12.84274769 35.52877045
vn -0.8959000707 0.4408507943 0.05489690602
v 3.138025045 15.14181519 37.6529808
vn -0.6512043476 0.6991098523 0.2952597439
v 0.6079800725 12.12863445 35.11509323
vn -0.9310232401 0.3646149337 0.01586520672
v 2.768106222 14.8176651 37.56398773
vn -0.6887062192 0.6661251187 0.2862884104
v 3.26825738 14.83139038 38.50738907
vn -0.6360515356 0.6669245958 0.3881366253
v 1.882666707 14.08445168 36.75314713
vn -0.782047689 0.5920234919 0.194703728
v 6.004886627 14.67303753 41.11922836
vn -0.3199479878 0.6546425223 0.6848915815
v 7.17282486 14.93518066 41.30636597
vn -0.2083519846 0.6851229072 0.6979942918
v 4.141232967 15.46716881 38.65910339
vn -0.5374437571 0.7340112329 0.4151887596
v 6.748920441 14.7520752 41.34844971
vn -0.2569047809 0.6578770876 0.707953155
v 0.1052855626 9.342395782 36.28540802
vn -0.9862615466 0.05104245991 0.1571076214
v 0.6423536539 12.1152668 35.81728745
vn -0.9255100489 0.3650148511 0.1009716243
v 1.478228927 13.59845734 36.42388535
vn -0.8351399899 0.522715807 0.1711999029
v 4.849718094 15.27054977 39.71001434
vn -0.4554307759 0.7167530656 0.5280604362
v 3.471874237 15.08044815 38.39605713
vn -0.6079304814 0.694268167 0.3852431178
v 1.702260256 13.78924751 36.86550522
vn -0.8073420525 0.5506216884 0.2121664286
v 0.2637255788 11.03703308 34.79373932
vn -0.9708573818 0.2381990105 -0.02640467323
v 0.2510949969 10.13618088 33.30789948
vn -0.9722365141 0.1355112791 -0.1907690912
v 1.237687707 13.24987984 36.25108719
vn -0.8624118567 0.4826328158 0.1526806355
v 4.726509094 15.46506119 39.32069397
vn -0.4670597017 0.7352129221 0.4912404418
v 1.009702563 12.92229748 35.87116623
vn -0.8866792321 0.4535535574 0.0899393484
v 0.1579627991 9.438869476 33.42470169
vn -0.9842464924 0.04991312325 -0.1696098298
v 0.2032047808 9.735149384 33.30789948
vn -0.9764912128 0.0939719826 -0.1939954013
v 0.8198276162 9.675476074 38.64559174
vn -0.9088139534 0.09290503711 0.4067257345
v 1.981161118 14.01178837 37.27907181
vn -0.7809786201 0.5735839605 0.2471312135
v 0.5186595321 11.87362289 35.32152176
vn -0.9369788766 0.3477659523 0.03360629082
v 1.451709986 13.38281059 36.90214157
vn -0.8321999907 0.5132177472 0.2098826766
v 2.949748039 14.63017464 38.30961609
vn -0.6724956036 0.6441853046 0.3643828928
v 0.3571319878 9.329708099 37.45558548
vn -0.9607613683 0.0433897227 0.273961544
v 0.3497767746 11.34731293 34.67797852
vn -0.9596834183 0.2793958187 -0.03075221367
v 5.88608551 15.41833878 40.25606155
vn -0.3419011235 0.7296367288 0.5922278762
v 0.1004389673 9.745124817 33.97983551
vn -0.9882099032 0.1059054509 -0.1105678752
v 0.8317403197 12.45876503 36.19714355
vn -0.9108504653 0.3904586732 0.1337665468
v 2.164232492 14.00050449 37.79410553
vn -0.7539148331 0.5691041946 0.3282268047
v 2.530107021 14.31786442 38.04016876
vn -0.7177333832 0.6046337485 0.3453647196
v 4.739372253 15.00442123 39.96214676
vn -0.4665809572 0.6865432262 0.5576384664
v 5.477413177 15.13018608 40.35131836
vn -0.3880092204 0.6953849196 0.6048873067
v 1.310767651 13.09218979 37.00944901
vn -0.8559241891 0.4676507413 0.2206730247
v 5.819049835 15.14608002 40.54014206
vn -0.349537909 0.6970969439 0.6260024905
v 0.3165362179 11.24490738 35.14173889
vn -0.9628850222 0.2693170011 0.01791147143
v 3.476902008 14.8384409 38.81065369
vn -0.6123867631 0.66296345 0.430652827
v 0.2746312022 11.03433228 35.49213409
vn -0.9695132971 0.2379024625 0.0587060675
v 0.4938817322 11.70424938 35.81728745
vn -0.9437379837 0.3163460195 0.09635240585
v 2.374875069 13.94629478 38.33463287
vn -0.7317174673 0.5694685578 0.3745598197
v 3.424167633 14.55628014 39.14855576
vn -0.6073984504 0.6418433785 0.4680856168
v 0.1741177291 10.35628319 35.96183014
vn -0.9814677835 0.1615075618 0.1031324193
v 0.5014181137 11.59733295 36.17507553
vn -0.9440381527 0.3018943965 0.1328599006
v 2.807020426 14.216465 38.71460724
vn -0.6875904202 0.5953923464 0.4156048298
v 3.141983271 14.438797 38.91955566
vn -0.6464496255 0.6207172871 0.4436360598
v 5.573981285 14.79641628 40.7743454
vn -0.3743910789 0.6624127626 0.6488764286
v 0.03116191365 9.346157074 34.41698074
vn -0.9969905615 0.04360994697 -0.0640938729
v 1.905821919 13.53183174 37.97029495
vn -0.7857455015 0.5227333903 0.3306868672
v 0.9061164856 12.31705475 36.90209579
vn -0.8929870129 0.3957750499 0.2143275142
v 0.04899958894 9.801326752 34.79373932
vn -0.9944651127 0.1026328653 -0.02248675935
v 0.05433823541 9.852567673 35.14177322
vn -0.9941796064 0.1063933894 0.01695044897
v 3.414527655 14.04188156 39.76103592
vn -0.6146134734 0.5710397363 0.5442094207
v 1.808887362 13.15756226 38.28394699
vn -0.7939768434 0.4831044972 0.3690675199
v 4.164901733 14.65639877 39.86208725
vn -0.5391158462 0.6473073363 0.5388388634
v 6.066402435 15.0319376 40.78959656
vn -0.3145512342 0.6929576993 0.6487427354
v 0.4144361913 10.9997406 36.66757202
vn -0.9541218281 0.2343472391 0.1863675416
v 1.035739303 12.39120674 37.26802826
vn -0.8851559758 0.389429301 0.2546443045
v 2.687298059 13.74763489 39.13505554
vn -0.7096688151 0.5337710381 0.4598463476
v 5.351795197 14.14100266 41.25576401
vn -0.3856283128 0.5824081302 0.7156057358
v 0.02213635109 8.982276917 34.38797379
vn -0.9962493777 0.01136441994 -0.0857790783
v 2.3026371 13.61729813 38.65910339
vn -0.7375593185 0.5279837847 0.4209981263
v 0.08330181241 10.0038681 35.49213409
vn -0.9917461276 0.1167001277 0.05310980603
v 0.1726968288 9.993242264 36.34423828
vn -0.9800150394 0.1247993484 0.1549053043
v 1.033717752 11.6273613 38.14293671
vn -0.8796924949 0.3123191297 0.3586054146
v 4.012033463 14.39157677 40.01062012
vn -0.5486143231 0.6141903996 0.5672675371
v 4.499370575 14.39247131 40.44657516
vn -0.4989493787 0.621502459 0.6039736867
v 3.149854183 13.88694382 39.60656357
vn -0.6527562737 0.5552250743 0.5153973103
v 4.963493347 14.3682518 40.81383896
vn -0.4414071441 0.6148474813 0.6535459757
v 0.9540364742 11.76519012 37.80128479
vn -0.8968046308 0.3139834702 0.3116983473
v 0.001167090493 8.98241806 35.03776169
vn -0.9999451637 0.009964445606 -0.003227544017
v 1.367712021 12.52872467 38.04358292
vn -0.8461637497 0.4091634154 0.3414560258
v 2.130218744 13.14295197 38.91955566
vn -0.7584597468 0.4792992473 0.4416005313
v 0.3309786022 10.53842926 36.75559235
vn -0.9628108144 0.1886285394 0.1934284717
v 4.143774033 14.07450676 40.45851898
vn -0.5336949229 0.5896880627 0.6061663628
v 0.7579150796 11.28413773 37.68645859
vn -0.9166063666 0.2674966753 0.297116667
v 2.91337204 13.44856262 39.76103592
vn -0.6729632616 0.512978971 0.5328912139
v 0.9545440078 12.04573822 37.48447418
vn -0.8961930871 0.3513610065 0.2708937228
v 0.8023697138 11.65244484 37.45554733
vn -0.9101956487 0.3162137568 0.2674934566
v 1.257636905 12.0920639 38.25577164
vn -0.8576087952 0.3593178093 0.3679644465
v 0.898838222 11.34910202 38.02955627
vn -0.9003039598 0.2760415375 0.3365320861
v 1.89987576 12.74656105 38.91917801
vn -0.7844749093 0.4354178011 0.4415998459
v 2.529699326 12.95053673 39.71001434
vn -0.7136185169 0.4586400688 0.5295261145
v 0.3034669459 9.825378418 37.1067276
vn -0.9681016803 0.09680266678 0.2311024964
v 2.280570745 12.87392426 39.42617035
vn -0.7502680421 0.4486939013 0.4855632484
v 3.753246307 13.42172432 40.67816925
vn -0.57570678 0.4998984337 0.6470419168
v 0.3855092227 9.717636108 37.45558548
vn -0.9601598382 0.08894458413 0.2649187744
v 2.383062363 10.26560974 40.90206528
vn -0.7294363976 0.1600363702 0.6650645733
v 0.1925870627 9.586055756 36.6968956
vn -0.9795079231 0.07335068285 0.18757388
v 0.4985428154 10.50637436 37.45558548
vn -0.9417630434 0.1914404184 0.2764651775
v 0.9947353005 11.21479034 38.36802673
vn -0.8859980702 0.2549254298 0.3873247802
v 2.294130802 10.6398344 40.70009232
vn -0.7483840585 0.2013667971 0.6319594383
v 2.165853739 12.46468353 39.59477997
vn -0.7541857362 0.4017117321 0.5194531083
v 4.618485451 13.79393101 41.07081985
vn -0.4890136719 0.5470304489 0.6794286966
v 0.5017507076 9.804058075 37.80128479
vn -0.9447496533 0.09114341438 0.3148665428
v 1.731025338 11.637043 39.50405121
vn -0.8099347353 0.3043000102 0.5014052391
v 2.908384085 12.44587326 40.54014206
vn -0.6738880873 0.4046787918 0.618150413
v 3.015785456 11.0223465 41.32821274
vn -0.659974277 0.2402946651 0.7118232846
v 2.886421442 12.88563347 40.2065239
vn -0.6843364835 0.4340298474 0.5859194994
v 13.76008987 12.52793503 22.9487896
vn 0.5946057439 0.4504075944 0.6660157442
v 1.529876709 8.823390961 39.98472977
vn -0.8272390962 -0.01127734128 0.5617368817
v 2.326945782 9.230587006 40.99029541
vn -0.7399489284 0.02277578413 0.6722773314
v 2.274906397 12.16830444 39.96214676
vn -0.7423487306 0.3708565235 0.5580177307
v 1.800075293 9.018932343 40.36362839
vn -0.7992817163 0.01685051061 0.6007202268
v 2.630880594 12.3979454 40.25606155
vn -0.7038862109 0.3924092948 0.5920803547
v 0.8830375671 10.68201065 38.42385101
vn -0.8993654251 0.1930119097 0.3922858536
v 2.108098507 11.1167984 40.30396652
vn -0.7560806274 0.245829761 0.6065557003
v 1.986953855 11.68678284 39.86208725
vn -0.7770097256 0.3131313026 0.5460811853
v 2.018718958 9.246097565 40.6325531
vn -0.7689219117 0.03654136509 0.6382975578
v 3.284332275 12.62308884 40.81383896
vn -0.6310876608 0.4206971526 0.6517225504
v 1.120576859 10.82551193 38.86436081
vn -0.8736718893 0.2248671204 0.4314304292
v 2.969314337 8.102554321 41.58802795
vn -0.6544510126 -0.07609353215 0.7522656918
v 2.580831766 11.82260513 40.54014206
vn -0.705327332 0.3327969611 0.6259070039
v 3.178806543 7.315238953 41.61533356
vn -0.5568922162 -0.1426962763 0.8182352185
v 3.23301506 7.461589813 41.6395607
vn -0.003796627279 0.0001202478816 0.9999927878
v 3.495406628 12.28742599 41.20244217
vn -0.5990611911 0.3761532009 0.7068482637
v 3.047038555 8.502693176 41.63829041
vn -0.005327961408 -0.006690040231 0.9999634027
v 3.529273987 6.313652039 41.60319138
vn -0.5903538465 -0.2780047059 0.7577570081
v 11.07616425 3.663039923 28.14175415
vn 0.288703531 -0.7216578126 -0.6291742921
v 2.93533659 11.43521881 41.09818649
vn -0.6786124706 0.2770764232 0.6802306771
v 2.667118073 10.91362953 41.02288055
vn -0.705904007 0.2238556147 0.6720030904
v 0.767639339 9.309047699 38.59068298
vn -0.9101167917 0.03981246054 0.4124347568
v 2.043439627 10.06510162 40.55194473
vn -0.7655291557 0.1399299502 0.6280005574
v 1.164871454 9.487234116 39.36057663
vn -0.8705074191 0.05383531004 0.4892019629
v 2.495387793 11.27582169 40.70009232
vn -0.7213091254 0.2656759322 0.6396322846
v 1.633657694 9.767669678 40.06117249
vn -0.810946703 0.106508106 0.5753446817
v 2.967887878 8.631835938 41.6183548
vn -0.3517951369 -0.006966191344 0.9360510707
v 3.428316116 6.687820435 41.62994385
vn -0.009920988232 -0.003461980727 0.9999448061
v 3.026565075 7.834251404 41.59909821
vn -0.5989854336 -0.1141924486 0.7925758958
v 2.729770899 10.18493557 41.28170776
vn -0.690030098 0.1407365203 0.7099659443
v 9.05814743 2.659346104 28.65941238
vn 0.01752948947 -0.7023100257 -0.7116553783
v 3.650729895 6.07529068 41.60319138
vn -0.5185747147 -0.2758919299 0.8092983961
v 3.292160273 6.811752319 41.58802795
vn -0.5827975273 -0.2200481296 0.7822569013
v 3.89225769 5.624206543 41.58802795
vn -0.521854043 -0.3468268812 0.7793455124
v 10.1785202 3.374923229 28.14175415
vn 0.1772256792 -0.767292738 -0.6163220406
v 10.63353729 3.500358343 28.14175415
vn 0.2389503568 -0.7444630861 -0.6234400272
v 11.91227722 4.09500885 28.14175415
vn 0.4111674428 -0.6611024737 -0.627602458
v 13.18610382 5.186706543 28.14175415
vn 0.5669645071 -0.4998727739 -0.6547353864
v 12.30004883 4.361106873 28.14175415
vn 0.4754643142 -0.6177775264 -0.6263263226
v 13.5087204 5.595596313 28.14175415
vn 0.6269775629 -0.4549808502 -0.6323698163
v 14.19947052 6.328224182 28.3305397
vn 0.6058251858 -0.2868058383 -0.7421039343
v 14.47657776 9.932388306 28.14175415
vn 0.7130122185 0.1340418309 -0.6882197261
v 16.32526016 8.057189941 30.17041969
vn 0.8303688765 -0.09403681755 -0.5492218137
v 9.390197754 0.1374741048 36.46179962
vn 0.04086925089 -0.9846913218 0.1694483757
v 10.43486023 2.361274958 40.8335495
vn 0.1736811996 -0.7235712409 0.6680415273
v 14.78903198 6.735389709 28.69058609
vn 0.657010138 -0.2462580949 -0.7125269175
v 14.57055664 8.992431641 28.14175415
vn 0.7730112672 0.01207742561 -0.6342773438
v 15.52162933 8.283281326 29.08878136
vn 0.7476685047 -0.07060295343 -0.6603083014
v 10.64674759 1.654041529 39.86208725
vn 0.1899927109 -0.812846005 0.5506215692
v 9.616867065 0.9552920461 38.94692993
vn 0.09462682903 -0.8915957212 0.4428349733
v 15.05318451 7.571249008 28.71115494
vn 0.6924467683 -0.1442712843 -0.7068969011
v 9.688217163 2.142755985 40.73456192
vn 0.09006162733 -0.755684793 0.6487136483
v 17.40393829 8.520687103 32.40884781
vn 0.9578672051 -0.04545883462 -0.283591181
v 14.83292389 8.767856598 28.36937332
vn 0.6711137891 -0.01946154423 -0.7410988808
v 4.077461243 5.396217346 41.60319138
vn -0.5240856409 -0.3878698051 0.7582158446
v 4.203720093 5.191482544 41.58802795
vn -0.5078184009 -0.3902634382 0.7679940462
v 16.25015259 7.540023804 30.17041969
vn 0.8255943656 -0.1514268965 -0.5435658097
v 16.03762054 9.544113159 29.72608185
vn 0.8026988506 0.07221048325 -0.591996789
v 9.319297791 2.679210901 41.34844971
vn 0.04942846671 -0.696398437 0.7159511447
v 9.691446304 2.571372747 41.20180511
vn 0.08512344956 -0.7157468796 0.6931524873
v 10.07963562 2.526031494 41.0984993
vn 0.1385229975 -0.7135695219 0.6867531538
v 14.22836304 10.84239197 28.14175415
vn 0.7349429727 0.2682318091 -0.6228246093
v 9.891075134 1.664619565 40.08560562
vn 0.1063467786 -0.8208181858 0.5612021685
v 15.84500694 9.872743607 29.52272606
vn 0.7830794454 0.1053004265 -0.6129423976
v 5.193759918 4.267316818 41.61809921
vn -0.3734463751 -0.4678786993 0.8010164499
v 16.8221283 8.185447693 31.00889969
vn 0.8907421231 -0.08075483888 -0.4472774267
v 6.337032318 3.577081919 41.62952042
vn -0.1957407445 -0.4322732985 0.8802416325
v 5.482221603 4.002922058 41.59633255
vn -0.355974108 -0.5253398418 0.7728521824
v 5.408563614 4.16408968 41.6327858
vn -0.011845937 -0.001150038675 0.9999291897
v 13.48138046 12.23938751 28.14175415
vn 0.6104832888 0.4400644004 -0.6585236788
v 6.112224579 3.62697196 41.60186768
vn -0.3066639602 -0.5774962306 0.7566077709
v 17.47235107 8.85263443 32.61029053
vn 0.9604132175 0.0007804564666 -0.2785782218
v 10.95690918 1.875133634 40.06117249
vn 0.2256408334 -0.7903233171 0.569627285
v 11.47203064 14.19955826 28.3305397
vn 0.2835334837 0.6085889935 -0.741099298
v 17.76535416 8.328296661 35.50680542
vn 0.9965338111 -0.05717191473 0.06042939052
v 13.15215302 12.65287018 28.14175415
vn 0.5800142288 0.5083116293 -0.6365554333
v 10.18006134 2.798061609 41.34844971
vn 0.1565907001 -0.6856633425 0.710876286
v 17.62430954 8.851779938 36.75559235
vn 0.9778161645 -0.001907588099 0.2094563097
v 12.97663498 13.16755676 28.34016418
vn 0.4597407877 0.4827109873 -0.7454049587
v 17.46595764 9.234416962 32.61029053
vn 0.9601749182 0.04466528818 -0.2758063078
v 4.860214233 4.507003784 41.59909821
vn -0.4524021447 -0.4798637033 0.751706779
v 4.373580933 4.985946655 41.58802795
vn -0.4995830357 -0.43203035 0.7508438826
v 12.8175354 13.0005722 28.14175415
vn 0.5555508733 0.5765194297 -0.5991565585
v 17.44203186 9.621829987 32.61029053
vn 0.9604023099 0.07747491449 -0.2676286399
v 10.76144028 2.949680567 41.34844971
vn 0.1963919699 -0.6708337665 0.7151309252
v 10.11830902 14.70788193 28.36937332
vn 0.1303178519 0.6580350995 -0.7416245937
v 11.13599396 2.817733526 41.0984993
vn 0.2546205223 -0.6784897447 0.6890718937
v 4.694213867 4.834518433 41.63998413
vn -0.009362288751 0.003173396224 0.9999511242
v 11.08644485 14.792593 28.70087051
vn 0.250962466 0.6538807154 -0.7137631774
v 11.08482361 14.13339996 28.14175415
vn 0.2912976444 0.7150413394 -0.6355010271
v 17.75075531 9.345211029 35.81483841
vn 0.9946607947 0.04846266285 0.09111116827
v 17.78225708 8.900161743 34.44600677
vn 0.9980297685 -0.004878944717 -0.06255180389
v 9.606044769 14.81385899 28.38862228
vn 0.06899593771 0.6699223518 -0.739218235
v 5.927864075 3.840560913 41.63829041
vn -0.005140139256 -0.001469328417 0.9999856949
v 10.18058014 14.99991226 28.64912796
vn 0.1540551484 0.6797047853 -0.7171250582
v 17.65736008 9.340503693 36.52067566
vn 0.9862073064 0.0407224521 0.1604270637
v 10.09619141 14.44356537 28.14175415
vn 0.1676348597 0.7425416112 -0.6484832764
v 17.20703125 9.270858765 38.17111206
vn 0.9315491915 0.04673838988 0.360599041
v 4.913947105 4.53809309 41.62695694
vn -0.0008615152328 -0.01148072444 0.9999337196
v 17.2560463 8.479801178 38.02916336
vn 0.9371069074 -0.05032072961 0.3453961909
v 17.37345123 9.326210022 37.68645859
vn 0.952706635 0.04388226569 0.3007064462
v 16.97184753 9.628398895 38.67277527
vn 0.9091058373 0.0849815011 0.407804817
v 9.585617065 14.52955627 28.14175415
vn 0.09976989031 0.7549536228 -0.6481442451
v 13.49166107 4.933822632 41.50904083
vn 0.5150241852 -0.4615134895 0.7223263979
v 17.36483765 8.853557587 37.74370956
vn 0.9516941309 -0.003689525649 0.3070255816
v 10.55860138 15.7806778 29.60504913
vn 0.1812858582 0.7775452733 -0.6021285653
v 9.086849213 14.5681839 28.14175415
vn 0.02253529988 0.7665423751 -0.6417981982
v 17.22574615 8.854019165 38.14293671
vn 0.9292201996 0.002482863143 0.369518131
v 6.730770111 3.44620204 41.63703156
vn 0.004149110522 -0.007588157896 0.9999626279
v 7.007514954 3.247356653 41.60319138
vn -0.1955962479 -0.5724344254 0.7962794304
v 8.639328003 14.74337769 28.29170609
vn -0.02788538858 0.6610317826 -0.7498395443
v 15.92138577 9.676200867 40.41130829
vn 0.7924231291 0.08085237443 0.6045895219
v 16.67765808 9.601852417 39.26795959
vn 0.8750968575 0.08835092187 0.4758147299
v 9.964317322 16.6704483 30.79422188
vn 0.123860471 0.8715757728 -0.4743566513
v 8.601697922 2.965989351 41.61558533
vn -0.01736372896 -0.6468190551 0.7624458075
v 9.071220398 15.7038784 29.26709366
vn 0.009924447164 0.7648086548 -0.6441810727
v 10.04205322 16.89134598 31.2538681
vn 0.1297780126 0.8956024051 -0.425504446
v 9.97782135 16.4420166 30.40042305
vn 0.11688862 0.8494360447 -0.5145827532
v 16.18657684 8.20066452 40.06117249
vn 0.8218388557 -0.07249770314 0.5650884509
v 16.3757782 8.754823685 39.82440948
vn 0.8384328485 -0.02240317501 0.5445442796
v 7.068870544 14.26761627 28.14175415
vn -0.2419014126 0.7184401751 -0.6521713138
v 7.519294739 14.40074158 28.14175415
vn -0.1766008586 0.7369962335 -0.6524176002
v 16.07238388 8.539596558 40.25606155
vn 0.8073434234 -0.02854320034 0.5893911123
v 14.52854538 11.33160019 41.44996643
vn 0.6397222877 0.2792744339 0.7160734534
v 16.18657684 9.59967041 40.06117249
vn 0.8192842007 0.06162678823 0.5700662732
v 9.698150635 2.988866568 41.6011467
vn 0.08197315782 -0.6659165025 0.7415090203
v 3.230102539 8.781829834 28.14175415
vn -0.767660439 0.0004532568273 -0.6408566236
v 16.13562775 9.891166687 40.08560562
vn 0.8215535283 0.1173990741 0.557913363
v 4.664714813 12.66733551 28.14175415
vn -0.5794988275 0.5221192241 -0.6257576346
v 9.447128296 16.7007637 30.75421143
vn 0.06342896074 0.8743962646 -0.4810488224
v 9.092048645 16.53840828 30.43914795
vn 0.02216258645 0.8576253653 -0.513797164
v 3.033058405 9.861553192 28.3789978
vn -0.6656810641 0.09229773283 -0.7405064702
v 15.49119568 10.50984955 40.75669861
vn 0.7463012338 0.1696834415 0.6436163187
v 15.91648102 9.05663681 40.46989441
vn 0.791667819 0.02163917199 0.6105684638
v 7.116508484 15.2770462 29.05421257
vn -0.1981817782 0.7162181735 -0.6691453457
v 16.17977715 10.45016861 39.87456512
vn 0.8194081783 0.1750080287 0.5458410382
v 2.55202508 10.25196648 28.91230392
vn -0.7134984136 0.1566368043 -0.6829237938
v 2.907350302 10.79447937 28.70087051
vn -0.6723268032 0.2093707919 -0.7100285292
v 9.272762299 17.25149155 31.95207596
vn 0.04651969299 0.9390642643 -0.3405792713
v 8.229297638 16.83945847 31.03583527
vn -0.07390861213 0.8864605427 -0.4568645656
v 7.315987587 16.620718 39.12794876
vn -0.1803559959 0.8674406409 0.4637007713
v 14.97332382 9.507860184 41.47410583
vn 0.682187736 0.05094859749 0.7293998003
v 8.45785141 17.69496155 36.28540802
vn -0.04545447603 0.9894753098 0.1373770237
v 10.81152344 3.277946472 41.6183548
vn 0.1226066574 -0.3528672755 0.9276056886
v 5.161766052 13.1648941 28.14175415
vn -0.530921638 0.5817196369 -0.6162179112
v 14.89786148 11.18967247 41.16162872
vn 0.6836436391 0.2547006309 0.6839290261
v 8.096549988 17.2697258 37.91566086
vn -0.08735056967 0.9397425652 0.3305356503
v 11.1673851 14.73212433 41.32821274
vn 0.2652592957 0.6513106227 0.7109373808
v 8.662570953 17.41510391 37.57112503
vn -0.03179867193 0.957087934 0.2880478203
v 9.346950531 17.78654099 35.17088318
vn 0.04882291332 0.9987731576 0.008276814595
v 3.256149292 9.430202484 28.14175415
vn -0.7911654115 0.06796707213 -0.6078138947
v 13.25134277 13.25141907 41.43005371
vn 0.492472589 0.4959611893 0.7151875496
v 8.076564789 17.47774124 37.22331238
vn -0.08493861556 0.9629198909 0.256067723
v 2.598118305 9.323890686 28.73204422
vn -0.7008540034 0.05961960182 -0.7108088136
v 9.272094727 16.73477745 39.20078659
vn 0.04393472522 0.8841736913 0.4650877118
v 9.71754837 17.4147377 37.45558548
vn 0.08414507657 0.9569152594 0.2779079378
v 2.789985657 10.33429718 28.69058609
vn -0.6781251431 0.1688390076 -0.7152899504
v 8.546913147 16.81439209 39.05449295
vn -0.05192391202 0.886790216 0.4592461586
v 1.17603457 10.02702141 30.72809219
vn -0.8674195409 0.12578848 -0.4814152122
v 2.254043818 10.1300354 29.21069145
vn -0.7557296157 0.1410131156 -0.639521718
v 11.57270813 14.34733582 41.50904083
vn 0.3108439744 0.5951952338 0.7410253882
v 2.027812719 9.035284042 29.34898567
vn -0.7727878094 0.01742683165 -0.6344251633
v 7.89909935 16.7067852 39.14783096
vn -0.1159249768 0.8740035892 0.4718888998
v 9.102266312 15.85499954 40.54553604
vn 0.0230750069 0.7789700627 0.6266363859
v 0.9425513148 9.300243378 31.03583527
vn -0.8909190297 0.04457807168 -0.4519691467
v 6.715013504 15.7387104 40.25606155
vn -0.2416942865 0.7716783285 0.5882995725
v 0.3441620171 9.281974792 32.58145142
vn -0.957239151 0.05025173351 -0.2848998606
v 6.988632202 15.57876587 40.56375122
vn -0.2095964104 0.7575545311 0.6182074547
v 0.03481656313 9.472032547 35.50680542
vn -0.9965925813 0.05470540375 0.06172964722
v 0.01370645408 9.347026825 35.17088318
vn -0.9984036684 0.05072417483 0.02484217286
v 0.9744342566 9.298633575 39.02770233
vn -0.8949879408 0.03212378547 0.4449322224
v 1.559156179 9.310321808 40.01062012
vn -0.8203633428 0.04715206847 0.5698952675
v 10.51558876 14.76833725 22.92638779
vn 0.1835002452 0.7189759612 0.6703739166
v 12.74868393 3.97277832 22.7474041
vn 0.4437161684 -0.5706686378 0.6909799576
v 3.204696894 7.063644409 41.58802795
vn -0.6444553137 -0.1996093541 0.7381283045
v 3.104618311 7.572463989 41.61281967
vn -0.5964688063 -0.1446403861 0.7894961238
v 3.411056757 6.553955078 41.59909821
vn -0.5922385454 -0.2586960495 0.7631053925
v 3.751296997 5.850540161 41.58802795
vn -0.555529356 -0.327765286 0.7641708255
v 4.189741611 5.404285431 41.63829041
vn -0.0005917960661 -0.008543334901 0.9999633431
v 7.773529053 3.022995234 41.58802795
vn -0.1328407526 -0.6584690809 0.7407913208
v 4.593449593 4.804739952 41.61265945
vn -0.3996593058 -0.3908025026 0.8291838169
v 5.855098724 3.803091288 41.61684418
vn -0.2966555655 -0.4836688638 0.8234439492
v 6.688031197 3.384711266 41.61492538
vn -0.2227999419 -0.5649322867 0.7944883108
v 9.365264893 2.96566987 41.60800552
vn 0.04738300294 -0.6037083864 0.7957958579
v 7.653701782 3.184799433 41.63998413
vn -0.03480184078 0.005150050391 0.9993809462
v 7.584844589 3.128212452 41.62392426
vn -0.02463094518 -0.01632740349 0.9995632768
v 9.058095932 2.94114399 41.6027565
vn -0.001657783519 -0.6203830838 0.7842971683
v 8.431886673 2.99387145 41.62129211
vn 0.002422641497 -0.01099355798 0.9999366403
v 9.430233002 3.052670956 41.63786316
vn 0.008950072341 -0.006770616863 0.9999369979
v 8.833639145 3.029590845 41.63703156
vn -0.01614548825 -0.006738550961 0.9998469353
v 10.09562302 3.059448004 41.60463333
vn 0.1424633861 -0.6058980823 0.7826824188
v 10.31147003 3.142585278 41.62012482
vn 0.006588723976 -0.06720841676 0.9977172017
v 10.6333313 3.221141815 41.61763382
vn 0.1610223502 -0.5653485656 0.8089825511
v 12.11056423 13.84197235 41.63243484
vn 0.0134595288 0.002665936481 0.9999058843
v 11.62141418 14.1396637 41.63156509
vn 0.1411386579 0.2588172853 0.9555592537
v 11.80022812 14.01177597 41.63743973
vn 0.009008284658 0.0002539362758 0.9999594092
v 9.593610764 14.80283928 41.61384201
vn 0.08201959729 0.6305552125 0.7717984915
v 10.32175827 14.65807724 41.61912155
vn 0.1526004821 0.5741161704 0.8044275641
v 9.907697678 14.76263332 41.61077499
vn 0.07496760041 0.501239419 0.8620550632
v 10.15730286 14.7507782 41.58802795
vn 0.1434580535 0.6537044644 0.7430277467
v 10.14874458 14.62741852 41.63787842
vn 0.001083018491 0.005597691517 0.9999837279
v 9.032852173 14.83658218 41.6183548
vn 0.003368130419 0.3519725204 0.936004281
v 9.261702538 14.74522781 41.63850021
vn -0.00174694485 0.006444994826 0.9999777079
v 8.632991791 14.85593414 41.60463333
vn -0.04165539891 0.6374415159 0.7693719268
v 8.259922028 14.81276321 41.60879898
vn -0.07157567888 0.6221759915 0.7795985937
v 8.174789429 14.70472717 41.63998413
vn -0.01008666586 0.004182896577 0.9999403954
v 7.451061249 14.69445801 41.59356308
vn -0.1564251333 0.639623642 0.7526040077
v 7.24292469 14.56226254 41.62894821
vn -0.01696378551 0.006297219079 0.999836266
v 7.06432724 14.55116653 41.61558533
vn -0.1932978928 0.6182407737 0.7618492246
v 6.827449799 14.42317581 41.63115692
vn 0.01059288345 0.01191803161 0.9998728633
v 6.639183044 14.3151474 41.63829041
vn -0.01364969276 -0.001751215546 0.9999052882
v 6.322608948 14.29627609 41.58802795
vn -0.2919872999 0.5979376435 0.7464676499
v 5.608849525 13.84858894 41.61265945
vn -0.3523748219 0.5256404281 0.7742958665
v 5.179982185 13.53483391 41.61265945
vn -0.3483243287 0.4654243588 0.8136647344
v 5.01726532 13.37230396 41.62191772
vn -0.01003748458 0.0005203587352 0.9999495149
v 4.78011322 13.2096138 41.60463333
vn -0.4638117552 0.4768700898 0.7466415167
v 4.594339371 12.99485016 41.61558533
vn -0.4711070955 0.4314022064 0.7693830132
v 4.674663544 12.98471451 41.63577652
vn 0.007834149525 0.0141960429 0.9998685122
v 4.390945435 12.799366 41.60319138
vn -0.4540563822 0.4121007919 0.7899403572
v 4.82339859 13.16436005 41.63198853
vn 0.01226270664 0.02511822432 0.9996092916
v 4.945426941 13.37176514 41.59909821
vn -0.4087684751 0.4822608829 0.7748114467
v 5.622917175 13.74123383 41.6395607
vn -0.003972027451 0.00291010621 0.9999879003
v 5.408347607 13.68113995 41.62345123
vn -0.3796947896 0.5025010109 0.7767397165
v 5.855321884 13.99650383 41.61533356
vn -0.3119601309 0.5169966221 0.7971169353
v 6.381798744 14.25261116 41.62477493
vn -0.003822874511 0.00938399788 0.9999486804
v 6.612121582 14.37995911 41.6183548
vn -0.1671292484 0.382142067 0.9088647962
v 6.805515289 14.48199463 41.60463333
vn -0.2371890396 0.6132115722 0.7534672618
v 7.396713257 14.55337524 41.63998413
vn 0.01450164896 0.006192166824 0.9998756647
v 7.582895279 14.6722126 41.62333679
vn 0.01551704668 0.01533879898 0.999761939
v 7.841842651 14.75470161 41.61077118
vn -0.106535621 0.6311006546 0.7683502436
v 7.976612091 14.7301712 41.6283226
vn -0.0282391794 0.003544510808 0.9995949268
v 8.567569733 14.77515221 41.63409424
vn 0.0009108744562 0.007917976007 0.9999682307
v 8.833850861 14.84541702 41.61281967
vn -0.01613702066 0.6068599224 0.7946449518
v 9.10005188 14.8809967 41.58802795
vn 0.01951203495 0.6721038818 0.7401997447
v 9.298181534 14.81202507 41.62370682
vn 0.026760865 0.3679004014 0.9294800162
v 9.365127563 14.85148621 41.59909821
vn 0.06581588835 0.6621704102 0.7464573979
v 11.17971706 14.37234497 41.61993408
vn 0.02597068436 0.06298462301 0.9976765513
v 11.33744431 14.22344971 41.63913727
vn -0.02084435336 0.01268641651 0.9997022152
v 10.92588806 14.53100586 41.58802795
vn 0.2317469865 0.615681529 0.7531464696
v 10.53593445 14.53556061 41.63829041
vn 0.01735001989 -0.0001159270032 0.9998494983
v 10.60857201 14.59092903 41.61558533
vn 0.1530348212 0.5285418034 0.8349993229
v 12.71073532 13.46508789 41.61426163
vn 0.2530008554 0.2955293953 0.9212236404
v 12.43418884 13.62665081 41.63001251
vn 0.008769340813 0.001142449561 0.9999608994
v 12.44017029 13.70480728 41.59909821
vn 0.3904323876 0.5238195062 0.7570836544
v 12.01199913 13.97931576 41.60562897
vn 0.3293322027 0.5517697334 0.7662183046
v 13.43268585 12.72290802 41.62086868
vn 0.2824864089 0.2401974648 0.928712368
v 13.51266479 12.71255493 41.58802795
vn 0.5134698153 0.412717104 0.7523385882
v 13.14041805 13.02722073 41.62415695
vn 0.002318516606 0.01304799039 0.9999122024
v 13.37174988 12.67152405 41.63998413
vn 0.002464699792 0.002078685444 0.9999948144
v 13.73778534 12.28303528 41.6283226
vn 0.009682576172 0.006596561521 0.9999313354
v 13.8336792 12.28688049 41.58802795
vn 0.5128452182 0.3531739116 0.7824691534
v 13.64286804 12.51144028 41.60319138
vn 0.5243230462 0.4058409631 0.7485843301
v 13.55213165 12.47677612 41.63829041
vn 0.02126442455 -0.01043008547 0.9997195005
v 13.33825684 12.91426086 41.58802795
vn 0.4776191413 0.4368722737 0.7622483373
v 13.21022797 12.88217163 41.63829041
vn -0.01705721579 0.03407976404 0.9992735386
v 13.1445694 13.09763336 41.59909821
vn 0.482694447 0.4605860114 0.7448936701
v 12.84546661 13.38817978 41.59356308
vn 0.4357475042 0.50146842 0.7474312782
v 11.54246521 14.18913937 41.62747192
vn 0.2451988757 0.497654438 0.8319961429
v 3.048698425 9.687103271 41.63156509
vn -0.3253697157 0.04161739349 0.9446706176
v 2.942363501 8.499692917 41.59560776
vn -0.6488302946 -0.03075858019 0.7603112459
v 3.126373768 9.947975159 41.63829041
vn -0.004696154967 0.008746902458 0.999950707
v 3.034223795 9.229391098 41.6355629
vn -0.01042747684 -0.000931088638 0.9999452233
v 3.170562744 10.20791245 41.63577652
vn -0.008333704434 0.01294640545 0.9998814464
v 4.344329834 12.56950378 41.63998413
vn -0.005217460915 0.004609648604 0.9999757409
v 3.110454559 10.34825516 41.59909821
vn -0.6320189834 0.156467855 0.7589926124
v 4.061798096 12.38255692 41.60319138
vn -0.5267298818 0.3618479669 0.7691694498
v 3.226543427 10.72964859 41.60319138
vn -0.6163941026 0.189404726 0.7643194199
v 3.911468506 12.1635704 41.60319138
vn -0.5334317088 0.3336390555 0.7772616148
v 3.292160273 10.98857117 41.58802795
vn -0.6066918373 0.232518822 0.7601710558
v 3.79208374 11.92563629 41.61533356
vn -0.5339543819 0.3172060549 0.7837557197
v 3.605243444 11.45008087 41.63577652
vn -0.009243763052 0.004335772712 0.9999478459
v 3.640808344 11.70660019 41.60319138
vn -0.575754106 0.3224918544 0.7513362765
v 3.456099033 11.35339737 41.59560776
vn -0.594178319 0.2693590224 0.7578904033
# mm_gid 0
g mmGroup0
f 363//363 784//784 774//774 
f 411//411 776//776 774//774 
f 411//411 774//774 784//784 
f 774//774 775//775 375//375 
f 776//776 775//775 774//774 
f 376//376 216//216 787//787 
f 376//376 795//795 216//216 
f 794//794 375//375 775//775 
f 364//364 155//155 377//377 
f 364//364 854//854 155//155 
f 773//773 779//779 364//364 
f 780//780 378//378 381//381 
f 777//777 807//807 866//866 
f 822//822 820//820 392//392 
f 822//822 824//824 820//820 
f 440//440 886//886 884//884 
f 440//440 885//885 886//886 
f 781//781 826//826 440//440 
f 215//215 900//900 403//403 
f 782//782 401//401 443//443 
f 370//370 899//899 397//397 
f 782//782 778//778 401//401 
f 831//831 368//368 900//900 
f 831//831 900//900 215//215 
f 215//215 830//830 831//831 
f 778//778 406//406 785//785 
f 778//778 782//782 828//828 
f 778//778 828//828 406//406 
f 367//367 404//404 5588//5588 
f 368//368 786//786 365//365 
f 368//368 365//365 927//927 
f 365//365 448//448 927//927 
f 370//370 784//784 363//363 
f 370//370 397//397 784//784 
f 783//783 215//215 370//370 
f 783//783 370//370 363//363 
f 783//783 830//830 215//215 
f 783//783 405//405 830//830 
f 784//784 397//397 205//205 
f 784//784 205//205 835//835 
f 785//785 406//406 372//372 
f 785//785 372//372 832//832 
f 369//369 778//778 785//785 
f 369//369 401//401 778//778 
f 372//372 406//406 365//365 
f 371//371 829//829 401//401 
f 371//371 401//401 369//369 
f 404//404 367//367 829//829 
f 404//404 829//829 409//409 
f 371//371 369//369 834//834 
f 372//372 365//365 786//786 
f 372//372 786//786 836//836 
f 784//784 374//374 411//411 
f 784//784 835//835 374//374 
f 786//786 373//373 836//836 
f 373//373 786//786 830//830 
f 371//371 833//833 409//409 
f 371//371 834//834 833//833 
f 371//371 409//409 829//829 
f 373//373 830//830 405//405 
f 373//373 405//405 789//789 
f 372//372 836//836 788//788 
f 373//373 789//789 836//836 
f 834//834 369//369 785//785 
f 834//834 785//785 787//787 
f 375//375 794//794 405//405 
f 789//789 794//794 840//840 
f 789//789 405//405 794//794 
f 787//787 785//785 832//832 
f 788//788 376//376 832//832 
f 789//789 840//840 790//790 
f 787//787 832//832 376//376 
f 787//787 833//833 834//834 
f 787//787 793//793 833//833 
f 790//790 837//837 789//789 
f 788//788 837//837 795//795 
f 788//788 795//795 376//376 
f 791//791 792//792 776//776 
f 791//791 776//776 374//374 
f 790//790 798//798 837//837 
f 793//793 787//787 216//216 
f 775//775 796//796 852//852 
f 775//775 852//852 794//794 
f 798//798 790//790 150//150 
f 790//790 840//840 150//150 
f 798//798 795//795 837//837 
f 795//795 798//798 418//418 
f 795//795 418//418 849//849 
f 216//216 795//795 849//849 
f 792//792 155//155 796//796 
f 792//792 796//796 775//775 
f 792//792 775//775 776//776 
f 412//412 799//799 791//791 
f 794//794 846//846 840//840 
f 794//794 852//852 846//846 
f 798//798 150//150 418//418 
f 412//412 377//377 799//799 
f 797//797 848//848 853//853 
f 797//797 841//841 848//848 
f 799//799 377//377 155//155 
f 799//799 155//155 792//792 
f 150//150 840//840 846//846 
f 797//797 853//853 450//450 
f 155//155 378//378 796//796 
f 155//155 854//854 378//378 
f 796//796 378//378 850//850 
f 796//796 850//850 852//852 
f 377//377 412//412 447//447 
f 377//377 447//447 773//773 
f 800//800 853//853 848//848 
f 800//800 848//848 419//419 
f 800//800 382//382 805//805 
f 800//800 805//805 853//853 
f 378//378 854//854 381//381 
f 801//801 800//800 419//419 
f 364//364 779//779 854//854 
f 803//803 806//806 808//808 
f 803//803 808//808 801//801 
f 801//801 419//419 803//803 
f 805//805 777//777 857//857 
f 805//805 857//857 450//450 
f 805//805 382//382 777//777 
f 802//802 859//859 423//423 
f 802//802 423//423 855//855 
f 382//382 426//426 777//777 
f 381//381 854//854 811//811 
f 381//381 863//863 780//780 
f 381//381 811//811 863//863 
f 780//780 863//863 859//859 
f 779//779 811//811 854//854 
f 806//806 425//425 383//383 
f 777//777 426//426 807//807 
f 806//806 383//383 808//808 
f 808//808 426//426 801//801 
f 808//808 804//804 426//426 
f 777//777 866//866 861//861 
f 777//777 861//861 857//857 
f 157//157 812//812 383//383 
f 383//383 865//865 808//808 
f 804//804 808//808 865//865 
f 383//383 812//812 865//865 
f 810//810 863//863 158//158 
f 810//810 430//430 863//863 
f 807//807 871//871 866//866 
f 810//810 158//158 151//151 
f 804//804 865//865 872//872 
f 812//812 816//816 809//809 
f 386//386 804//804 872//872 
f 386//386 869//869 804//804 
f 809//809 816//816 814//814 
f 809//809 872//872 865//865 
f 809//809 814//814 872//872 
f 813//813 869//869 386//386 
f 813//813 871//871 869//869 
f 813//813 386//386 461//461 
f 815//815 816//816 876//876 
f 815//815 876//876 873//873 
f 816//816 817//817 814//814 
f 816//816 815//815 817//817 
f 461//461 386//386 387//387 
f 814//814 388//388 872//872 
f 387//387 386//386 872//872 
f 387//387 872//872 388//388 
f 387//387 388//388 436//436 
f 817//817 820//820 390//390 
f 817//817 435//435 820//820 
f 384//384 389//389 881//881 
f 384//384 881//881 461//461 
f 390//390 814//814 817//817 
f 388//388 814//814 390//390 
f 388//388 390//390 391//391 
f 388//388 391//391 436//436 
f 389//389 384//384 436//436 
f 818//818 880//880 821//821 
f 819//819 880//880 818//818 
f 819//819 818//818 879//879 
f 392//392 435//435 437//437 
f 392//392 820//820 435//435 
f 391//391 390//390 152//152 
f 391//391 152//152 438//438 
f 819//819 879//879 160//160 
f 820//820 152//152 390//390 
f 820//820 824//824 152//152 
f 438//438 439//439 389//389 
f 438//438 389//389 436//436 
f 152//152 824//824 883//883 
f 880//880 882//882 821//821 
f 437//437 821//821 884//884 
f 882//882 880//880 819//819 
f 824//824 887//887 161//161 
f 824//824 161//161 883//883 
f 824//824 822//822 887//887 
f 886//886 437//437 884//884 
f 886//886 392//392 437//437 
f 822//822 392//392 886//886 
f 822//822 886//886 887//887 
f 781//781 884//884 882//882 
f 393//393 399//399 439//439 
f 393//393 439//439 883//883 
f 781//781 440//440 884//884 
f 825//825 399//399 393//393 
f 825//825 393//393 161//161 
f 823//823 885//885 888//888 
f 823//823 887//887 885//885 
f 399//399 463//463 439//439 
f 399//399 954//954 463//463 
f 888//888 827//827 889//889 
f 888//888 885//885 827//827 
f 153//153 399//399 825//825 
f 153//153 954//954 399//399 
f 827//827 462//462 889//889 
f 827//827 826//826 462//462 
f 398//398 920//920 888//888 
f 398//398 888//888 889//889 
f 474//474 926//926 892//892 
f 474//474 924//924 926//926 
f 926//926 893//893 897//897 
f 400//400 688//688 896//896 
f 396//396 895//895 891//891 
f 396//396 828//828 895//895 
f 828//828 782//782 895//895 
f 782//782 443//443 895//895 
f 403//403 899//899 215//215 
f 403//403 898//898 899//899 
f 397//397 899//899 1246//1246 
f 367//367 5588//5588 66//66 
f 367//367 66//66 829//829 
f 215//215 899//899 370//370 
f 401//401 829//829 443//443 
f 406//406 828//828 448//448 
f 406//406 448//448 365//365 
f 831//831 830//830 786//786 
f 831//831 786//786 368//368 
f 205//205 697//697 835//835 
f 363//363 774//774 783//783 
f 404//404 407//407 5594//5594 
f 404//404 5594//5594 5588//5588 
f 404//404 409//409 407//407 
f 405//405 783//783 375//375 
f 774//774 375//375 783//783 
f 407//407 409//409 154//154 
f 832//832 372//372 788//788 
f 407//407 839//839 5601//5601 
f 407//407 5601//5601 5594//5594 
f 836//836 837//837 788//788 
f 835//835 697//697 901//901 
f 407//407 154//154 839//839 
f 836//836 789//789 837//837 
f 411//411 374//374 776//776 
f 409//409 413//413 154//154 
f 409//409 833//833 413//413 
f 839//839 154//154 416//416 
f 839//839 5199//5199 5601//5601 
f 839//839 841//841 5199//5199 
f 374//374 901//901 791//791 
f 374//374 835//835 901//901 
f 154//154 413//413 838//838 
f 839//839 416//416 842//842 
f 839//839 842//842 841//841 
f 901//901 445//445 412//412 
f 841//841 797//797 5199//5199 
f 833//833 793//793 413//413 
f 838//838 416//416 154//154 
f 791//791 901//901 412//412 
f 791//791 799//799 792//792 
f 797//797 5198//5198 5199//5199 
f 838//838 417//417 416//416 
f 413//413 793//793 414//414 
f 417//417 842//842 416//416 
f 414//414 843//843 838//838 
f 414//414 838//838 413//413 
f 841//841 842//842 848//848 
f 793//793 216//216 845//845 
f 412//412 445//445 446//446 
f 843//843 417//417 838//838 
f 417//417 844//844 842//842 
f 797//797 450//450 5211//5211 
f 797//797 5211//5211 5198//5198 
f 216//216 849//849 845//845 
f 845//845 414//414 793//793 
f 843//843 847//847 417//417 
f 844//844 848//848 842//842 
f 845//845 849//849 156//156 
f 846//846 852//852 850//850 
f 845//845 420//420 414//414 
f 847//847 844//844 417//417 
f 844//844 419//419 848//848 
f 418//418 150//150 902//902 
f 843//843 803//803 847//847 
f 853//853 805//805 450//450 
f 845//845 156//156 420//420 
f 847//847 419//419 844//844 
f 420//420 843//843 414//414 
f 420//420 851//851 843//843 
f 846//846 850//850 855//855 
f 846//846 855//855 150//150 
f 377//377 773//773 364//364 
f 849//849 422//422 156//156 
f 849//849 903//903 422//422 
f 850//850 378//378 802//802 
f 849//849 418//418 903//903 
f 847//847 803//803 419//419 
f 420//420 156//156 856//856 
f 420//420 856//856 851//851 
f 150//150 424//424 902//902 
f 150//150 855//855 424//424 
f 851//851 803//803 843//843 
f 378//378 780//780 802//802 
f 855//855 423//423 424//424 
f 800//800 801//801 382//382 
f 855//855 850//850 802//802 
f 851//851 856//856 425//425 
f 422//422 858//858 156//156 
f 803//803 851//851 806//806 
f 802//802 780//780 859//859 
f 858//858 856//856 156//156 
f 851//851 425//425 806//806 
f 424//424 860//860 902//902 
f 801//801 426//426 382//382 
f 857//857 904//904 450//450 
f 424//424 423//423 862//862 
f 858//858 425//425 856//856 
f 858//858 452//452 425//425 
f 423//423 859//859 163//163 
f 424//424 862//862 860//860 
f 859//859 863//863 163//163 
f 423//423 163//163 862//862 
f 860//860 427//427 905//905 
f 860//860 862//862 868//868 
f 860//860 868//868 427//427 
f 425//425 452//452 157//157 
f 862//862 163//163 908//908 
f 861//861 451//451 857//857 
f 157//157 383//383 425//425 
f 811//811 158//158 863//863 
f 863//863 430//430 163//163 
f 861//861 911//911 451//451 
f 427//427 864//864 906//906 
f 427//427 906//906 905//905 
f 862//862 428//428 868//868 
f 427//427 868//868 864//864 
f 862//862 908//908 428//428 
f 807//807 426//426 804//804 
f 864//864 868//868 870//870 
f 157//157 297//297 812//812 
f 864//864 867//867 906//906 
f 864//864 870//870 867//867 
f 866//866 871//871 455//455 
f 867//867 907//907 906//906 
f 804//804 869//869 807//807 
f 867//867 876//876 907//907 
f 812//812 809//809 865//865 
f 430//430 159//159 163//163 
f 812//812 297//297 816//816 
f 868//868 428//428 914//914 
f 430//430 810//810 159//159 
f 871//871 807//807 869//869 
f 867//867 870//870 876//876 
f 876//876 297//297 907//907 
f 159//159 453//453 163//163 
f 868//868 914//914 457//457 
f 868//868 457//457 870//870 
f 871//871 813//813 455//455 
f 159//159 432//432 453//453 
f 816//816 297//297 876//876 
f 151//151 434//434 159//159 
f 151//151 159//159 810//810 
f 870//870 457//457 431//431 
f 431//431 876//876 870//870 
f 431//431 433//433 876//876 
f 432//432 912//912 453//453 
f 432//432 874//874 912//912 
f 433//433 431//431 877//877 
f 433//433 873//873 876//876 
f 433//433 877//877 873//873 
f 434//434 875//875 432//432 
f 434//434 432//432 159//159 
f 815//815 873//873 817//817 
f 874//874 916//916 912//912 
f 873//873 877//877 435//435 
f 461//461 387//387 384//384 
f 934//934 164//164 481//481 
f 387//387 436//436 384//384 
f 874//874 879//879 916//916 
f 817//817 873//873 435//435 
f 875//875 878//878 874//874 
f 875//875 874//874 432//432 
f 877//877 916//916 818//818 
f 877//877 431//431 916//916 
f 435//435 877//877 818//818 
f 879//879 818//818 916//916 
f 435//435 818//818 437//437 
f 878//878 160//160 879//879 
f 878//878 879//879 874//874 
f 436//436 391//391 438//438 
f 437//437 818//818 821//821 
f 881//881 389//389 466//466 
f 881//881 466//466 919//919 
f 389//389 439//439 466//466 
f 152//152 883//883 438//438 
f 882//882 884//884 821//821 
f 439//439 438//438 883//883 
f 439//439 463//463 466//466 
f 887//887 886//886 885//885 
f 161//161 393//393 883//883 
f 161//161 887//887 825//825 
f 440//440 827//827 885//885 
f 440//440 826//826 827//827 
f 825//825 887//887 823//823 
f 823//823 920//920 825//825 
f 823//823 888//888 920//920 
f 825//825 921//921 153//153 
f 825//825 920//920 921//921 
f 153//153 921//921 960//960 
f 889//889 922//922 923//923 
f 889//889 923//923 398//398 
f 893//893 925//925 682//682 
f 890//890 5116//5116 474//474 
f 890//890 5560//5560 5116//5116 
f 893//893 682//682 442//442 
f 890//890 441//441 5160//5160 
f 890//890 5160//5160 5560//5560 
f 442//442 682//682 686//686 
f 890//890 474//474 441//441 
f 442//442 686//686 400//400 
f 442//442 897//897 893//893 
f 441//441 891//891 5160//5160 
f 441//441 474//474 892//892 
f 441//441 892//892 891//891 
f 400//400 686//686 688//688 
f 442//442 400//400 897//897 
f 891//891 5580//5580 5160//5160 
f 891//891 892//892 396//396 
f 892//892 926//926 162//162 
f 400//400 894//894 897//897 
f 891//891 895//895 5580//5580 
f 162//162 396//396 892//892 
f 400//400 896//896 894//894 
f 897//897 894//894 166//166 
f 897//897 166//166 926//926 
f 895//895 5112//5112 5580//5580 
f 896//896 688//688 1241//1241 
f 896//896 898//898 403//403 
f 896//896 1241//1241 898//898 
f 162//162 926//926 166//166 
f 896//896 403//403 900//900 
f 896//896 900//900 894//894 
f 895//895 443//443 5112//5112 
f 162//162 166//166 448//448 
f 162//162 828//828 396//396 
f 162//162 448//448 828//828 
f 894//894 900//900 368//368 
f 894//894 927//927 166//166 
f 894//894 368//368 927//927 
f 898//898 1241//1241 899//899 
f 448//448 166//166 927//927 
f 443//443 829//829 66//66 
f 443//443 66//66 5112//5112 
f 899//899 1241//1241 1246//1246 
f 901//901 697//697 698//698 
f 901//901 698//698 445//445 
f 445//445 698//698 449//449 
f 445//445 449//449 446//446 
f 447//447 412//412 446//446 
f 450//450 904//904 5211//5211 
f 418//418 902//902 903//903 
f 904//904 5608//5608 5211//5211 
f 902//902 860//860 903//903 
f 422//422 903//903 905//905 
f 422//422 905//905 858//858 
f 904//904 857//857 451//451 
f 904//904 451//451 5608//5608 
f 903//903 860//860 905//905 
f 451//451 5253//5253 5608//5608 
f 858//858 906//906 452//452 
f 858//858 905//905 906//906 
f 451//451 454//454 5253//5253 
f 451//451 911//911 454//454 
f 454//454 909//909 5615//5615 
f 454//454 5615//5615 5253//5253 
f 452//452 906//906 907//907 
f 452//452 907//907 157//157 
f 908//908 163//163 453//453 
f 454//454 928//928 909//909 
f 454//454 911//911 928//928 
f 157//157 907//907 297//297 
f 908//908 453//453 428//428 
f 909//909 477//477 5621//5621 
f 909//909 5621//5621 5615//5615 
f 909//909 928//928 477//477 
f 866//866 456//456 861//861 
f 866//866 455//455 456//456 
f 456//456 910//910 911//911 
f 428//428 453//453 914//914 
f 910//910 928//928 911//911 
f 456//456 911//911 861//861 
f 455//455 813//813 929//929 
f 455//455 929//929 456//456 
f 456//456 929//929 931//931 
f 914//914 453//453 912//912 
f 456//456 931//931 910//910 
f 910//910 931//931 933//933 
f 910//910 932//932 928//928 
f 910//910 933//933 932//932 
f 914//914 912//912 457//457 
f 457//457 912//912 916//916 
f 431//431 457//457 916//916 
f 913//913 915//915 929//929 
f 913//913 929//929 813//813 
f 913//913 813//813 461//461 
f 459//459 933//933 917//917 
f 917//917 931//931 915//915 
f 917//917 933//933 931//931 
f 915//915 931//931 929//929 
f 461//461 881//881 913//913 
f 164//164 934//934 459//459 
f 918//918 459//459 917//917 
f 918//918 164//164 459//459 
f 918//918 939//939 164//164 
f 918//918 917//917 465//465 
f 465//465 460//460 165//165 
f 465//465 915//915 460//460 
f 465//465 917//917 915//915 
f 918//918 465//465 939//939 
f 465//465 165//165 939//939 
f 460//460 915//915 913//913 
f 460//460 913//913 881//881 
f 881//881 919//919 460//460 
f 165//165 460//460 945//945 
f 460//460 919//919 945//945 
f 919//919 466//466 945//945 
f 466//466 944//944 945//945 
f 466//466 463//463 944//944 
f 921//921 920//920 960//960 
f 462//462 922//922 889//889 
f 920//920 967//967 960//960 
f 920//920 398//398 967//967 
f 398//398 500//500 967//967 
f 398//398 923//923 500//500 
f 473//473 5565//5565 202//202 
f 473//473 5116//5116 5565//5565 
f 473//473 202//202 925//925 
f 473//473 474//474 5116//5116 
f 925//925 202//202 682//682 
f 473//473 925//925 924//924 
f 473//473 924//924 474//474 
f 925//925 893//893 924//924 
f 893//893 926//926 924//924 
f 928//928 932//932 477//477 
f 477//477 932//932 930//930 
f 477//477 930//930 5625//5625 
f 477//477 5625//5625 5621//5621 
f 932//932 459//459 934//934 
f 932//932 933//933 459//459 
f 932//932 934//934 930//930 
f 930//930 934//934 481//481 
f 937//937 5280//5280 5625//5625 
f 937//937 5625//5625 930//930 
f 937//937 930//930 481//481 
f 481//481 935//935 937//937 
f 937//937 935//935 936//936 
f 937//937 936//936 5280//5280 
f 481//481 164//164 938//938 
f 481//481 938//938 935//935 
f 936//936 5292//5292 5280//5280 
f 935//935 938//938 482//482 
f 935//935 478//478 936//936 
f 936//936 478//478 480//480 
f 936//936 5640//5640 5292//5292 
f 936//936 480//480 5640//5640 
f 938//938 939//939 484//484 
f 938//938 164//164 939//939 
f 935//935 482//482 478//478 
f 480//480 478//478 483//483 
f 938//938 484//484 941//941 
f 938//938 941//941 482//482 
f 478//478 482//482 486//486 
f 480//480 940//940 5639//5639 
f 480//480 483//483 940//940 
f 480//480 5639//5639 5640//5640 
f 484//484 165//165 485//485 
f 484//484 939//939 165//165 
f 478//478 486//486 483//483 
f 485//485 165//165 945//945 
f 484//484 485//485 949//949 
f 484//484 949//949 941//941 
f 482//482 167//167 486//486 
f 482//482 941//941 167//167 
f 483//483 486//486 946//946 
f 483//483 942//942 940//940 
f 940//940 942//942 943//943 
f 940//940 5339//5339 5639//5639 
f 940//940 943//943 5339//5339 
f 485//485 945//945 947//947 
f 941//941 951//951 167//167 
f 483//483 946//946 942//942 
f 943//943 942//942 487//487 
f 947//947 945//945 944//944 
f 947//947 944//944 948//948 
f 485//485 953//953 949//949 
f 485//485 947//947 953//953 
f 941//941 949//949 951//951 
f 486//486 167//167 952//952 
f 486//486 952//952 946//946 
f 942//942 946//946 950//950 
f 943//943 5296//5296 5339//5339 
f 943//943 490//490 5296//5296 
f 943//943 487//487 490//490 
f 948//948 944//944 463//463 
f 947//947 948//948 955//955 
f 947//947 955//955 953//953 
f 949//949 956//956 951//951 
f 167//167 951//951 952//952 
f 942//942 950//950 487//487 
f 490//490 487//487 168//168 
f 948//948 463//463 954//954 
f 949//949 953//953 489//489 
f 949//949 489//489 956//956 
f 951//951 495//495 952//952 
f 946//946 952//952 493//493 
f 946//946 493//493 950//950 
f 487//487 950//950 958//958 
f 490//490 168//168 957//957 
f 490//490 957//957 5302//5302 
f 490//490 5302//5302 5296//5296 
f 954//954 491//491 948//948 
f 954//954 492//492 491//491 
f 948//948 491//491 955//955 
f 953//953 955//955 959//959 
f 953//953 959//959 489//489 
f 951//951 494//494 495//495 
f 951//951 956//956 494//494 
f 487//487 958//958 168//168 
f 492//492 954//954 153//153 
f 492//492 153//153 960//960 
f 956//956 489//489 494//494 
f 952//952 495//495 968//968 
f 952//952 968//968 493//493 
f 950//950 493//493 958//958 
f 168//168 958//958 965//965 
f 168//168 961//961 957//957 
f 957//957 961//961 5663//5663 
f 957//957 5663//5663 5302//5302 
f 960//960 964//964 492//492 
f 960//960 963//963 964//964 
f 492//492 964//964 491//491 
f 491//491 498//498 955//955 
f 955//955 498//498 959//959 
f 489//489 959//959 169//169 
f 489//489 169//169 494//494 
f 495//495 494//494 968//968 
f 493//493 966//966 958//958 
f 493//493 499//499 966//966 
f 958//958 503//503 965//965 
f 168//168 962//962 961//961 
f 168//168 965//965 962//962 
f 961//961 969//969 5663//5663 
f 963//963 960//960 967//967 
f 963//963 967//967 970//970 
f 964//964 963//963 502//502 
f 959//959 498//498 504//504 
f 959//959 974//974 169//169 
f 493//493 968//968 499//499 
f 958//958 966//966 503//503 
f 962//962 965//965 972//972 
f 961//961 975//975 969//969 
f 961//961 962//962 975//975 
f 969//969 5647//5647 5663//5663 
f 970//970 967//967 500//500 
f 963//963 970//970 502//502 
f 964//964 501//501 491//491 
f 964//964 502//502 501//501 
f 491//491 501//501 498//498 
f 959//959 504//504 974//974 
f 494//494 971//971 968//968 
f 494//494 169//169 505//505 
f 494//494 505//505 971//971 
f 968//968 979//979 499//499 
f 966//966 973//973 503//503 
f 966//966 499//499 973//973 
f 965//965 503//503 972//972 
f 962//962 972//972 975//975 
f 969//969 976//976 5647//5647 
f 501//501 502//502 170//170 
f 504//504 498//498 978//978 
f 169//169 974//974 505//505 
f 968//968 971//971 979//979 
f 499//499 981//981 973//973 
f 503//503 980//980 972//972 
f 972//972 983//983 975//975 
f 969//969 975//975 976//976 
f 976//976 5328//5328 5647//5647 
f 502//502 970//970 508//508 
f 501//501 170//170 978//978 
f 501//501 978//978 498//498 
f 504//504 977//977 974//974 
f 504//504 978//978 977//977 
f 974//974 977//977 505//505 
f 971//971 505//505 985//985 
f 971//971 985//985 979//979 
f 499//499 979//979 509//509 
f 499//499 509//509 981//981 
f 503//503 973//973 980//980 
f 972//972 980//980 983//983 
f 975//975 982//982 976//976 
f 976//976 984//984 5328//5328 
f 502//502 508//508 170//170 
f 978//978 170//170 510//510 
f 977//977 978//978 512//512 
f 973//973 981//981 171//171 
f 973//973 171//171 980//980 
f 983//983 980//980 988//988 
f 975//975 983//983 986//986 
f 975//975 986//986 982//982 
f 976//976 982//982 987//987 
f 976//976 987//987 984//984 
f 984//984 5330//5330 5328//5328 
f 170//170 508//508 991//991 
f 978//978 510//510 513//513 
f 978//978 513//513 512//512 
f 977//977 989//989 505//505 
f 977//977 512//512 989//989 
f 505//505 989//989 985//985 
f 979//979 985//985 992//992 
f 979//979 992//992 509//509 
f 981//981 994//994 171//171 
f 981//981 509//509 994//994 
f 980//980 171//171 988//988 
f 983//983 988//988 986//986 
f 984//984 990//990 5330//5330 
f 170//170 991//991 510//510 
f 513//513 510//510 997//997 
f 512//512 513//513 999//999 
f 989//989 512//512 514//514 
f 985//985 989//989 996//996 
f 171//171 994//994 993//993 
f 171//171 993//993 988//988 
f 988//988 173//173 986//986 
f 982//982 986//986 987//987 
f 984//984 995//995 990//990 
f 984//984 987//987 995//995 
f 990//990 5326//5326 5330//5330 
f 510//510 991//991 518//518 
f 513//513 997//997 999//999 
f 512//512 999//999 514//514 
f 989//989 514//514 996//996 
f 985//985 996//996 172//172 
f 985//985 172//172 992//992 
f 509//509 998//998 994//994 
f 509//509 992//992 998//998 
f 988//988 993//993 173//173 
f 986//986 1000//1000 987//987 
f 990//990 519//519 5327//5327 
f 990//990 5327//5327 5326//5326 
f 510//510 518//518 997//997 
f 999//999 997//997 1001//1001 
f 514//514 999//999 520//520 
f 172//172 996//996 523//523 
f 992//992 172//172 523//523 
f 992//992 523//523 998//998 
f 998//998 517//517 994//994 
f 994//994 517//517 993//993 
f 993//993 521//521 173//173 
f 986//986 524//524 1000//1000 
f 986//986 173//173 524//524 
f 987//987 1000//1000 1002//1002 
f 987//987 1002//1002 995//995 
f 990//990 995//995 519//519 
f 997//997 518//518 1005//1005 
f 999//999 1001//1001 520//520 
f 514//514 520//520 996//996 
f 993//993 517//517 521//521 
f 995//995 1004//1004 519//519 
f 519//519 5333//5333 5327//5327 
f 519//519 1003//1003 5333//5333 
f 997//997 1005//1005 1001//1001 
f 520//520 1001//1001 1010//1010 
f 523//523 996//996 1006//1006 
f 523//523 1008//1008 998//998 
f 998//998 1008//1008 517//517 
f 517//517 174//174 521//521 
f 173//173 521//521 1012//1012 
f 173//173 1012//1012 524//524 
f 1000//1000 526//526 1002//1002 
f 1000//1000 524//524 526//526 
f 995//995 1002//1002 529//529 
f 995//995 529//529 1004//1004 
f 519//519 527//527 1003//1003 
f 519//519 1004//1004 527//527 
f 1001//1001 1005//1005 1013//1013 
f 520//520 1009//1009 996//996 
f 520//520 1010//1010 1009//1009 
f 996//996 1009//1009 1006//1006 
f 523//523 1007//1007 1008//1008 
f 523//523 1006//1006 1007//1007 
f 517//517 1008//1008 174//174 
f 521//521 175//175 1012//1012 
f 524//524 1015//1015 526//526 
f 1003//1003 5323//5323 5333//5333 
f 1003//1003 1014//1014 5323//5323 
f 1001//1001 1013//1013 1010//1010 
f 1009//1009 1010//1010 1016//1016 
f 1008//1008 530//530 174//174 
f 1008//1008 1007//1007 530//530 
f 521//521 525//525 175//175 
f 521//521 174//174 525//525 
f 524//524 1012//1012 1015//1015 
f 1002//1002 1017//1017 529//529 
f 1002//1002 526//526 1017//1017 
f 1004//1004 1019//1019 527//527 
f 1004//1004 529//529 1019//1019 
f 1003//1003 527//527 1018//1018 
f 1003//1003 1018//1018 1014//1014 
f 1010//1010 1013//1013 532//532 
f 1009//1009 1011//1011 1006//1006 
f 1009//1009 1016//1016 533//533 
f 1009//1009 533//533 1011//1011 
f 1006//1006 1011//1011 1007//1007 
f 1007//1007 1022//1022 530//530 
f 174//174 1021//1021 525//525 
f 1012//1012 531//531 1015//1015 
f 1012//1012 175//175 531//531 
f 526//526 1015//1015 534//534 
f 526//526 534//534 1017//1017 
f 1014//1014 5669//5669 5323//5323 
f 1014//1014 1020//1020 5669//5669 
f 1010//1010 532//532 1016//1016 
f 1007//1007 1011//1011 1022//1022 
f 174//174 530//530 1021//1021 
f 175//175 1024//1024 531//531 
f 175//175 525//525 1024//1024 
f 1015//1015 531//531 534//534 
f 529//529 1017//1017 1019//1019 
f 527//527 1019//1019 176//176 
f 527//527 176//176 1018//1018 
f 1014//1014 1025//1025 1020//1020 
f 1014//1014 1018//1018 1025//1025 
f 1016//1016 1029//1029 533//533 
f 1016//1016 532//532 1029//1029 
f 1011//1011 1026//1026 1022//1022 
f 1011//1011 533//533 1026//1026 
f 530//530 1023//1023 1021//1021 
f 530//530 1022//1022 1023//1023 
f 525//525 1021//1021 1024//1024 
f 1017//1017 1027//1027 1019//1019 
f 1017//1017 534//534 1027//1027 
f 1020//1020 537//537 5669//5669 
f 1022//1022 539//539 1023//1023 
f 1021//1021 1023//1023 177//177 
f 1021//1021 177//177 1024//1024 
f 531//531 1024//1024 540//540 
f 531//531 540//540 1028//1028 
f 531//531 1028//1028 534//534 
f 534//534 542//542 1027//1027 
f 1019//1019 1027//1027 1030//1030 
f 1019//1019 1030//1030 176//176 
f 1018//1018 176//176 1025//1025 
f 1020//1020 1025//1025 1032//1032 
f 1020//1020 1032//1032 537//537 
f 537//537 5645//5645 5669//5669 
f 533//533 1029//1029 536//536 
f 533//533 536//536 1026//1026 
f 1022//1022 1026//1026 539//539 
f 1024//1024 1036//1036 540//540 
f 1024//1024 177//177 1036//1036 
f 534//534 1028//1028 542//542 
f 1027//1027 1034//1034 1030//1030 
f 176//176 1030//1030 541//541 
f 176//176 541//541 1025//1025 
f 537//537 1031//1031 2683//2683 
f 537//537 2683//2683 5645//5645 
f 1026//1026 536//536 1038//1038 
f 1026//1026 1038//1038 539//539 
f 1023//1023 539//539 1033//1033 
f 1023//1023 1033//1033 177//177 
f 1028//1028 540//540 543//543 
f 1028//1028 543//543 542//542 
f 1027//1027 542//542 1034//1034 
f 1025//1025 541//541 178//178 
f 1025//1025 178//178 1032//1032 
f 537//537 1032//1032 1035//1035 
f 537//537 1035//1035 1031//1031 
f 536//536 548//548 1038//1038 
f 539//539 545//545 1033//1033 
f 177//177 1043//1043 1037//1037 
f 177//177 1037//1037 1036//1036 
f 177//177 1033//1033 1043//1043 
f 540//540 544//544 543//543 
f 540//540 1036//1036 544//544 
f 542//542 543//543 1034//1034 
f 1030//1030 1034//1034 1040//1040 
f 1030//1030 1040//1040 541//541 
f 1031//1031 1041//1041 2489//2489 
f 1031//1031 2489//2489 2683//2683 
f 539//539 1038//1038 545//545 
f 1036//1036 1037//1037 544//544 
f 543//543 1039//1039 1034//1034 
f 543//543 1042//1042 1039//1039 
f 1034//1034 1044//1044 1040//1040 
f 541//541 1045//1045 178//178 
f 541//541 1040//1040 1045//1045 
f 1032//1032 178//178 1046//1046 
f 1032//1032 1046//1046 1035//1035 
f 1031//1031 1035//1035 547//547 
f 1031//1031 547//547 1041//1041 
f 1038//1038 548//548 546//546 
f 1038//1038 546//546 545//545 
f 1033//1033 545//545 554//554 
f 1033//1033 554//554 1043//1043 
f 1037//1037 551//551 544//544 
f 1037//1037 1043//1043 551//551 
f 543//543 550//550 1042//1042 
f 543//543 544//544 550//550 
f 1034//1034 1039//1039 1044//1044 
f 1041//1041 2495//2495 2489//2489 
f 1041//1041 179//179 2495//2495 
f 544//544 552//552 550//550 
f 1039//1039 1047//1047 1044//1044 
f 1039//1039 1042//1042 1052//1052 
f 1039//1039 1052//1052 1047//1047 
f 1040//1040 1048//1048 1045//1045 
f 1040//1040 1044//1044 1048//1048 
f 178//178 1045//1045 1050//1050 
f 178//178 1050//1050 1046//1046 
f 1035//1035 1046//1046 1049//1049 
f 1035//1035 1049//1049 547//547 
f 1041//1041 547//547 179//179 
f 545//545 555//555 554//554 
f 545//545 546//546 555//555 
f 1043//1043 554//554 551//551 
f 544//544 551//551 552//552 
f 1042//1042 550//550 1052//1052 
f 1044//1044 1047//1047 1048//1048 
f 547//547 180//180 179//179 
f 179//179 1053//1053 2495//2495 
f 554//554 559//559 551//551 
f 551//551 556//556 552//552 
f 550//550 552//552 1052//1052 
f 1047//1047 1052//1052 1051//1051 
f 1047//1047 1051//1051 1048//1048 
f 1045//1045 1054//1054 1050//1050 
f 1045//1045 1048//1048 1054//1054 
f 1046//1046 1050//1050 560//560 
f 1046//1046 560//560 1049//1049 
f 547//547 562//562 180//180 
f 547//547 1049//1049 562//562 
f 179//179 561//561 1053//1053 
f 179//179 180//180 561//561 
f 1053//1053 2106//2106 2495//2495 
f 554//554 555//555 559//559 
f 551//551 559//559 556//556 
f 552//552 558//558 1052//1052 
f 1052//1052 1057//1057 1051//1051 
f 1048//1048 1051//1051 1054//1054 
f 1050//1050 1054//1054 560//560 
f 1053//1053 1055//1055 2106//2106 
f 555//555 1060//1060 559//559 
f 559//559 1059//1059 556//556 
f 552//552 556//556 1063//1063 
f 552//552 1063//1063 558//558 
f 1052//1052 558//558 1057//1057 
f 1051//1051 1061//1061 1056//1056 
f 1051//1051 1056//1056 1054//1054 
f 1054//1054 1064//1064 560//560 
f 1049//1049 560//560 562//562 
f 180//180 562//562 1058//1058 
f 180//180 1058//1058 561//561 
f 1053//1053 561//561 181//181 
f 1053//1053 181//181 1055//1055 
f 1055//1055 2117//2117 2106//2106 
f 559//559 1060//1060 1066//1066 
f 559//559 1066//1066 1059//1059 
f 1051//1051 1057//1057 1067//1067 
f 1051//1051 1067//1067 1061//1061 
f 1054//1054 1056//1056 1064//1064 
f 560//560 1062//1062 562//562 
f 1055//1055 1065//1065 2117//2117 
f 556//556 1059//1059 565//565 
f 556//556 565//565 1063//1063 
f 558//558 1063//1063 1068//1068 
f 558//558 1068//1068 1057//1057 
f 1057//1057 569//569 1067//1067 
f 1056//1056 566//566 563//563 
f 1056//1056 563//563 1064//1064 
f 1056//1056 1061//1061 566//566 
f 560//560 1064//1064 1069//1069 
f 560//560 1069//1069 1062//1062 
f 562//562 1062//1062 567//567 
f 562//562 567//567 1058//1058 
f 561//561 1070//1070 181//181 
f 561//561 1058//1058 1070//1070 
f 1055//1055 1073//1073 1065//1065 
f 1055//1055 181//181 1073//1073 
f 1065//1065 2123//2123 2117//2117 
f 1059//1059 1066//1066 565//565 
f 1057//1057 1068//1068 569//569 
f 1061//1061 1067//1067 566//566 
f 1064//1064 563//563 1069//1069 
f 1062//1062 1075//1075 567//567 
f 1065//1065 1072//1072 2123//2123 
f 1066//1066 570//570 565//565 
f 1063//1063 565//565 571//571 
f 1063//1063 571//571 1068//1068 
f 1068//1068 1071//1071 569//569 
f 1067//1067 182//182 566//566 
f 1067//1067 569//569 182//182 
f 563//563 566//566 1074//1074 
f 563//563 1074//1074 1069//1069 
f 1062//1062 1069//1069 1075//1075 
f 1058//1058 567//567 1070//1070 
f 181//181 1070//1070 1077//1077 
f 181//181 1077//1077 1073//1073 
f 1065//1065 1073//1073 572//572 
f 1065//1065 572//572 1072//1072 
f 1072//1072 2155//2155 2123//2123 
f 565//565 575//575 571//571 
f 565//565 570//570 575//575 
f 1068//1068 571//571 1071//1071 
f 1069//1069 1078//1078 1075//1075 
f 567//567 1076//1076 1070//1070 
f 567//567 1075//1075 1076//1076 
f 1072//1072 573//573 2155//2155 
f 571//571 1081//1081 1071//1071 
f 569//569 576//576 182//182 
f 569//569 1071//1071 576//576 
f 566//566 182//182 183//183 
f 566//566 183//183 1074//1074 
f 1069//1069 1074//1074 1078//1078 
f 1070//1070 1076//1076 1080//1080 
f 1070//1070 1080//1080 1077//1077 
f 1073//1073 1079//1079 572//572 
f 1073//1073 1077//1077 1079//1079 
f 1072//1072 572//572 1085//1085 
f 1072//1072 1085//1085 573//573 
f 573//573 2140//2140 2155//2155 
f 571//571 575//575 1081//1081 
f 182//182 578//578 183//183 
f 1074//1074 1086//1086 1078//1078 
f 1075//1075 577//577 1083//1083 
f 1075//1075 1078//1078 577//577 
f 1075//1075 1083//1083 1076//1076 
f 1076//1076 1084//1084 1080//1080 
f 572//572 1088//1088 1085//1085 
f 573//573 1082//1082 2143//2143 
f 573//573 2143//2143 2140//2140 
f 1071//1071 579//579 576//576 
f 1071//1071 1081//1081 579//579 
f 182//182 576//576 578//578 
f 1074//1074 183//183 581//581 
f 1074//1074 581//581 1086//1086 
f 1076//1076 1083//1083 1084//1084 
f 1077//1077 1080//1080 1079//1079 
f 572//572 1079//1079 1088//1088 
f 573//573 1085//1085 1089//1089 
f 573//573 1089//1089 1082//1082 
f 183//183 578//578 581//581 
f 1078//1078 1086//1086 577//577 
f 1083//1083 582//582 1084//1084 
f 1083//1083 577//577 582//582 
f 1080//1080 1092//1092 1087//1087 
f 1080//1080 1084//1084 1092//1092 
f 1080//1080 1087//1087 1079//1079 
f 1079//1079 1093//1093 1088//1088 
f 1085//1085 1088//1088 1089//1089 
f 1082//1082 1091//1091 2149//2149 
f 1082//1082 2149//2149 2143//2143 
f 576//576 579//579 1090//1090 
f 576//576 1090//1090 578//578 
f 578//578 583//583 581//581 
f 1086//1086 580//580 577//577 
f 1086//1086 585//585 580//580 
f 1086//1086 581//581 585//585 
f 577//577 1094//1094 582//582 
f 1079//1079 1087//1087 1093//1093 
f 1088//1088 1096//1096 1089//1089 
f 1082//1082 1097//1097 1091//1091 
f 1082//1082 1089//1089 1097//1097 
f 578//578 1090//1090 583//583 
f 577//577 580//580 1094//1094 
f 1084//1084 582//582 1092//1092 
f 1087//1087 1095//1095 1093//1093 
f 1087//1087 1092//1092 1095//1095 
f 1088//1088 1093//1093 1096//1096 
f 1091//1091 2184//2184 2149//2149 
f 1091//1091 586//586 2184//2184 
f 579//579 587//587 1090//1090 
f 1090//1090 1099//1099 583//583 
f 581//581 1101//1101 585//585 
f 581//581 583//583 1101//1101 
f 580//580 1098//1098 1094//1094 
f 580//580 585//585 1098//1098 
f 582//582 1100//1100 1092//1092 
f 582//582 1094//1094 1100//1100 
f 1092//1092 184//184 1095//1095 
f 1093//1093 589//589 1096//1096 
f 1089//1089 1096//1096 1097//1097 
f 1091//1091 1097//1097 185//185 
f 1091//1091 185//185 586//586 
f 586//586 2166//2166 2184//2184 
f 1090//1090 587//587 1099//1099 
f 585//585 1105//1105 1098//1098 
f 1094//1094 1098//1098 590//590 
f 1094//1094 590//590 1100//1100 
f 1092//1092 1100//1100 184//184 
f 1093//1093 1095//1095 589//589 
f 1096//1096 588//588 1097//1097 
f 586//586 592//592 2166//2166 
f 587//587 591//591 1099//1099 
f 583//583 1099//1099 1101//1101 
f 585//585 1101//1101 1108//1108 
f 585//585 1108//1108 1105//1105 
f 1100//1100 1102//1102 184//184 
f 1095//1095 184//184 1107//1107 
f 1095//1095 1107//1107 589//589 
f 1096//1096 589//589 1103//1103 
f 1096//1096 1103//1103 588//588 
f 1097//1097 1104//1104 185//185 
f 1097//1097 588//588 1104//1104 
f 586//586 186//186 592//592 
f 586//586 185//185 186//186 
f 592//592 2208//2208 2166//2166 
f 1099//1099 595//595 1101//1101 
f 1099//1099 591//591 595//595 
f 1098//1098 1106//1106 590//590 
f 1098//1098 1105//1105 1106//1106 
f 1100//1100 593//593 1102//1102 
f 1100//1100 590//590 593//593 
f 184//184 598//598 1107//1107 
f 184//184 1102//1102 598//598 
f 588//588 594//594 1104//1104 
f 592//592 1109//1109 2208//2208 
f 1101//1101 595//595 600//600 
f 1101//1101 600//600 1108//1108 
f 1105//1105 1108//1108 597//597 
f 1105//1105 597//597 1106//1106 
f 590//590 187//187 593//593 
f 589//589 1107//1107 1110//1110 
f 589//589 1110//1110 1103//1103 
f 588//588 1103//1103 594//594 
f 185//185 1104//1104 186//186 
f 592//592 186//186 1112//1112 
f 592//592 1112//1112 1109//1109 
f 1109//1109 2553//2553 2208//2208 
f 1108//1108 599//599 597//597 
f 590//590 1106//1106 187//187 
f 1102//1102 593//593 1111//1111 
f 1102//1102 1111//1111 598//598 
f 1107//1107 598//598 1110//1110 
f 1103//1103 1114//1114 594//594 
f 1104//1104 1113//1113 186//186 
f 1104//1104 594//594 1113//1113 
f 1109//1109 601//601 2536//2536 
f 1109//1109 2536//2536 2553//2553 
f 1108//1108 600//600 599//599 
f 1106//1106 597//597 1115//1115 
f 1106//1106 1115//1115 187//187 
f 593//593 603//603 1111//1111 
f 593//593 187//187 603//603 
f 598//598 1111//1111 188//188 
f 598//598 188//188 602//602 
f 598//598 602//602 1110//1110 
f 1103//1103 1116//1116 1114//1114 
f 1103//1103 1110//1110 1116//1116 
f 594//594 1118//1118 1113//1113 
f 186//186 1113//1113 1117//1117 
f 186//186 1117//1117 1112//1112 
f 1109//1109 1112//1112 604//604 
f 1109//1109 604//604 601//601 
f 600//600 189//189 599//599 
f 597//597 599//599 1115//1115 
f 1111//1111 1123//1123 188//188 
f 1110//1110 602//602 1116//1116 
f 594//594 1114//1114 1118//1118 
f 601//601 2694//2694 2536//2536 
f 601//601 190//190 2694//2694 
f 599//599 1121//1121 1115//1115 
f 187//187 609//609 603//603 
f 187//187 1115//1115 609//609 
f 1111//1111 603//603 1123//1123 
f 602//602 188//188 1116//1116 
f 1114//1114 1116//1116 1119//1119 
f 1114//1114 1119//1119 1118//1118 
f 1113//1113 1118//1118 608//608 
f 1113//1113 608//608 1117//1117 
f 1112//1112 1117//1117 604//604 
f 601//601 604//604 190//190 
f 599//599 189//189 1121//1121 
f 603//603 1124//1124 1123//1123 
f 188//188 1120//1120 1116//1116 
f 188//188 1123//1123 1120//1120 
f 1118//1118 1122//1122 608//608 
f 1117//1117 610//610 604//604 
f 1117//1117 611//611 610//610 
f 604//604 606//606 190//190 
f 190//190 1125//1125 5013//5013 
f 190//190 5013//5013 2694//2694 
f 1115//1115 1121//1121 607//607 
f 1115//1115 607//607 609//609 
f 603//603 609//609 1124//1124 
f 1123//1123 613//613 1120//1120 
f 1116//1116 1120//1120 614//614 
f 1116//1116 614//614 1119//1119 
f 1118//1118 1119//1119 1122//1122 
f 1117//1117 608//608 611//611 
f 604//604 610//610 606//606 
f 190//190 615//615 1125//1125 
f 190//190 606//606 615//615 
f 1121//1121 1127//1127 607//607 
f 1123//1123 1124//1124 191//191 
f 1123//1123 191//191 613//613 
f 1119//1119 1129//1129 1122//1122 
f 608//608 1122//1122 1132//1132 
f 608//608 1132//1132 611//611 
f 610//610 611//611 1126//1126 
f 610//610 1126//1126 606//606 
f 1125//1125 5015//5015 5013//5013 
f 1125//1125 1128//1128 5015//5015 
f 609//609 607//607 616//616 
f 609//609 616//616 1124//1124 
f 1120//1120 613//613 1130//1130 
f 1120//1120 1130//1130 614//614 
f 1119//1119 614//614 1129//1129 
f 606//606 617//617 615//615 
f 606//606 1126//1126 617//617 
f 1125//1125 621//621 1128//1128 
f 1125//1125 615//615 621//621 
f 607//607 1127//1127 1136//1136 
f 607//607 1136//1136 616//616 
f 1124//1124 616//616 191//191 
f 613//613 1137//1137 1130//1130 
f 613//613 191//191 1137//1137 
f 614//614 1133//1133 1129//1129 
f 614//614 1130//1130 1133//1133 
f 1122//1122 1134//1134 1132//1132 
f 1122//1122 1129//1129 1134//1134 
f 611//611 1132//1132 1131//1131 
f 611//611 1131//1131 1126//1126 
f 1128//1128 1135//1135 5015//5015 
f 616//616 620//620 191//191 
f 1130//1130 622//622 1133//1133 
f 1129//1129 1138//1138 625//625 
f 1129//1129 625//625 1134//1134 
f 1129//1129 1133//1133 1138//1138 
f 1132//1132 1134//1134 1139//1139 
f 1132//1132 1139//1139 1131//1131 
f 1126//1126 1131//1131 626//626 
f 1126//1126 626//626 617//617 
f 615//615 617//617 619//619 
f 615//615 619//619 621//621 
f 1128//1128 621//621 623//623 
f 1128//1128 623//623 1135//1135 
f 1135//1135 5553//5553 5015//5015 
f 616//616 1136//1136 1140//1140 
f 616//616 1140//1140 620//620 
f 191//191 1143//1143 1137//1137 
f 191//191 620//620 1143//1143 
f 1130//1130 1137//1137 622//622 
f 1134//1134 625//625 1139//1139 
f 1135//1135 624//624 5553//5553 
f 1133//1133 622//622 192//192 
f 1133//1133 192//192 1138//1138 
f 625//625 1142//1142 1139//1139 
f 625//625 1138//1138 1142//1142 
f 1131//1131 1139//1139 1145//1145 
f 1131//1131 1145//1145 626//626 
f 617//617 1148//1148 619//619 
f 617//617 626//626 1148//1148 
f 621//621 619//619 1146//1146 
f 621//621 1146//1146 623//623 
f 1135//1135 1149//1149 624//624 
f 1135//1135 623//623 1149//1149 
f 624//624 5554//5554 5553//5553 
f 620//620 1140//1140 1143//1143 
f 1137//1137 1143//1143 1141//1141 
f 1137//1137 1141//1141 622//622 
f 622//622 627//627 192//192 
f 1138//1138 192//192 1150//1150 
f 1138//1138 1150//1150 1142//1142 
f 1139//1139 1142//1142 1154//1154 
f 1139//1139 1154//1154 1145//1145 
f 619//619 1153//1153 1146//1146 
f 624//624 1144//1144 5537//5537 
f 624//624 5537//5537 5554//5554 
f 1140//1140 1147//1147 1143//1143 
f 1143//1143 631//631 1141//1141 
f 622//622 1141//1141 627//627 
f 626//626 1145//1145 193//193 
f 626//626 193//193 1148//1148 
f 619//619 1148//1148 1153//1153 
f 623//623 1146//1146 1155//1155 
f 623//623 1155//1155 1149//1149 
f 624//624 1149//1149 1144//1144 
f 1143//1143 1147//1147 631//631 
f 1141//1141 633//633 627//627 
f 192//192 627//627 1156//1156 
f 192//192 1156//1156 1150//1150 
f 1142//1142 1150//1150 630//630 
f 1142//1142 632//632 1154//1154 
f 1142//1142 630//630 632//632 
f 1145//1145 1154//1154 193//193 
f 1148//1148 629//629 1153//1153 
f 1146//1146 1153//1153 1155//1155 
f 1149//1149 1151//1151 1144//1144 
f 1144//1144 5050//5050 5537//5537 
f 1144//1144 1152//1152 5050//5050 
f 1141//1141 631//631 633//633 
f 1154//1154 632//632 193//193 
f 1148//1148 193//193 629//629 
f 1153//1153 635//635 1155//1155 
f 1149//1149 1155//1155 1151//1151 
f 1144//1144 1151//1151 1152//1152 
f 631//631 1163//1163 633//633 
f 627//627 1159//1159 1156//1156 
f 627//627 633//633 1159//1159 
f 1150//1150 1156//1156 639//639 
f 1150//1150 639//639 630//630 
f 632//632 630//630 637//637 
f 632//632 637//637 193//193 
f 193//193 1164//1164 629//629 
f 1153//1153 629//629 635//635 
f 1155//1155 1157//1157 1151//1151 
f 1151//1151 636//636 1152//1152 
f 1152//1152 1158//1158 5555//5555 
f 1152//1152 5555//5555 5050//5050 
f 630//630 1160//1160 637//637 
f 193//193 637//637 1164//1164 
f 629//629 1162//1162 635//635 
f 1155//1155 1161//1161 1157//1157 
f 1155//1155 635//635 1161//1161 
f 1151//1151 1157//1157 194//194 
f 1151//1151 194//194 636//636 
f 1152//1152 636//636 1158//1158 
f 1158//1158 5557//5557 5555//5555 
f 633//633 1163//1163 1159//1159 
f 1156//1156 1159//1159 1166//1166 
f 1156//1156 1166//1166 639//639 
f 630//630 639//639 1160//1160 
f 637//637 1168//1168 1164//1164 
f 629//629 642//642 1162//1162 
f 629//629 1164//1164 642//642 
f 636//636 641//641 1158//1158 
f 1158//1158 1165//1165 5557//5557 
f 1163//1163 1167//1167 1159//1159 
f 639//639 640//640 1160//1160 
f 637//637 1160//1160 1168//1168 
f 635//635 195//195 1161//1161 
f 635//635 1162//1162 195//195 
f 1157//1157 1161//1161 1169//1169 
f 1157//1157 1169//1169 194//194 
f 636//636 194//194 1170//1170 
f 636//636 1170//1170 641//641 
f 1158//1158 641//641 1171//1171 
f 1158//1158 1171//1171 1165//1165 
f 1165//1165 5102//5102 5557//5557 
f 1159//1159 645//645 1166//1166 
f 1159//1159 1167//1167 645//645 
f 639//639 1166//1166 640//640 
f 1160//1160 640//640 1173//1173 
f 1160//1160 1173//1173 1168//1168 
f 1164//1164 1168//1168 646//646 
f 1164//1164 646//646 642//642 
f 1162//1162 642//642 643//643 
f 1162//1162 643//643 195//195 
f 1161//1161 195//195 1169//1169 
f 1165//1165 644//644 5102//5102 
f 1166//1166 1172//1172 640//640 
f 642//642 1177//1177 643//643 
f 195//195 1179//1179 1169//1169 
f 195//195 643//643 1179//1179 
f 194//194 647//647 1170//1170 
f 194//194 1169//1169 647//647 
f 641//641 1170//1170 1171//1171 
f 1165//1165 1171//1171 1174//1174 
f 1165//1165 1174//1174 644//644 
f 644//644 5556//5556 5102//5102 
f 644//644 1174//1174 1178//1178 
f 644//644 1178//1178 5556//5556 
f 1166//1166 645//645 1175//1175 
f 1166//1166 1175//1175 1172//1172 
f 640//640 1172//1172 1176//1176 
f 640//640 1176//1176 1173//1173 
f 1168//1168 1173//1173 1180//1180 
f 1168//1168 1180//1180 646//646 
f 642//642 646//646 1177//1177 
f 643//643 649//649 1179//1179 
f 1170//1170 648//648 1171//1171 
f 1171//1171 196//196 1174//1174 
f 646//646 1183//1183 1177//1177 
f 643//643 1182//1182 649//649 
f 643//643 1177//1177 1182//1182 
f 1169//1169 1179//1179 1184//1184 
f 1169//1169 1184//1184 647//647 
f 1170//1170 647//647 648//648 
f 1171//1171 648//648 196//196 
f 1174//1174 650//650 1178//1178 
f 1174//1174 196//196 650//650 
f 1178//1178 5558//5558 5556//5556 
f 1178//1178 1181//1181 5558//5558 
f 1172//1172 1189//1189 1176//1176 
f 1172//1172 1175//1175 1189//1189 
f 1173//1173 1176//1176 197//197 
f 1173//1173 197//197 1180//1180 
f 646//646 1180//1180 1183//1183 
f 1179//1179 649//649 1184//1184 
f 647//647 1188//1188 648//648 
f 648//648 1185//1185 196//196 
f 196//196 1187//1187 650//650 
f 196//196 1185//1185 1187//1187 
f 1178//1178 650//650 1181//1181 
f 1177//1177 1183//1183 1194//1194 
f 1177//1177 1194//1194 1182//1182 
f 649//649 1182//1182 1186//1186 
f 649//649 1186//1186 1184//1184 
f 647//647 651//651 1188//1188 
f 647//647 1184//1184 651//651 
f 648//648 1188//1188 1192//1192 
f 648//648 1192//1192 1185//1185 
f 650//650 1190//1190 1181//1181 
f 1181//1181 5105//5105 5558//5558 
f 1181//1181 1191//1191 5105//5105 
f 1176//1176 655//655 197//197 
f 1176//1176 1189//1189 655//655 
f 1180//1180 1193//1193 1183//1183 
f 1180//1180 197//197 1193//1193 
f 1182//1182 656//656 1186//1186 
f 1184//1184 1186//1186 651//651 
f 1185//1185 1192//1192 1187//1187 
f 650//650 1187//1187 1190//1190 
f 1181//1181 1190//1190 1196//1196 
f 1181//1181 1196//1196 1191//1191 
f 197//197 1198//1198 1193//1193 
f 1183//1183 1193//1193 659//659 
f 1183//1183 659//659 1194//1194 
f 1182//1182 1194//1194 657//657 
f 1182//1182 657//657 656//656 
f 1186//1186 1200//1200 651//651 
f 1188//1188 651//651 198//198 
f 1188//1188 198//198 1192//1192 
f 1192//1192 198//198 1197//1197 
f 1192//1192 1197//1197 1187//1187 
f 1187//1187 1195//1195 1190//1190 
f 1191//1191 5048//5048 5105//5105 
f 1191//1191 654//654 5048//5048 
f 197//197 655//655 1198//1198 
f 1194//1194 1199//1199 657//657 
f 1186//1186 656//656 1200//1200 
f 651//651 1201//1201 198//198 
f 1187//1187 1197//1197 1195//1195 
f 1190//1190 1195//1195 661//661 
f 1190//1190 661//661 1196//1196 
f 1191//1191 1196//1196 654//654 
f 1193//1193 1204//1204 659//659 
f 1193//1193 1198//1198 1204//1204 
f 1194//1194 659//659 1199//1199 
f 656//656 657//657 1200//1200 
f 651//651 1200//1200 1201//1201 
f 198//198 1201//1201 662//662 
f 198//198 662//662 1197//1197 
f 1197//1197 660//660 1195//1195 
f 1196//1196 663//663 654//654 
f 654//654 5080//5080 5048//5048 
f 654//654 1205//1205 5080//5080 
f 655//655 665//665 1198//1198 
f 1198//1198 1206//1206 1204//1204 
f 657//657 1203//1203 1200//1200 
f 657//657 1199//1199 1203//1203 
f 1201//1201 669//669 662//662 
f 1197//1197 1202//1202 660//660 
f 1197//1197 662//662 1202//1202 
f 1195//1195 1208//1208 661//661 
f 1195//1195 660//660 1208//1208 
f 1196//1196 661//661 663//663 
f 654//654 663//663 1205//1205 
f 1198//1198 665//665 1206//1206 
f 659//659 199//199 1199//1199 
f 659//659 1204//1204 199//199 
f 1199//1199 670//670 1203//1203 
f 1200//1200 1203//1203 667//667 
f 1200//1200 668//668 1201//1201 
f 1200//1200 667//667 668//668 
f 1201//1201 668//668 669//669 
f 662//662 671//671 1202//1202 
f 660//660 1202//1202 1208//1208 
f 661//661 1207//1207 663//663 
f 663//663 200//200 1205//1205 
f 1205//1205 1209//1209 5126//5126 
f 1205//1205 5126//5126 5080//5080 
f 1204//1204 1206//1206 1210//1210 
f 1204//1204 1210//1210 199//199 
f 1199//1199 199//199 670//670 
f 668//668 667//667 672//672 
f 662//662 669//669 671//671 
f 1202//1202 1213//1213 1208//1208 
f 661//661 1208//1208 1212//1212 
f 661//661 1212//1212 1207//1207 
f 663//663 1207//1207 200//200 
f 1205//1205 200//200 1209//1209 
f 1209//1209 5108//5108 5126//5126 
f 199//199 1215//1215 670//670 
f 1203//1203 670//670 1216//1216 
f 1203//1203 1216//1216 667//667 
f 668//668 672//672 673//673 
f 668//668 673//673 669//669 
f 669//669 673//673 671//671 
f 1202//1202 671//671 1213//1213 
f 1207//1207 201//201 200//200 
f 200//200 1214//1214 1209//1209 
f 1209//1209 1211//1211 5108//5108 
f 199//199 1210//1210 1215//1215 
f 667//667 1216//1216 1217//1217 
f 672//672 667//667 1219//1219 
f 671//671 673//673 1221//1221 
f 671//671 1222//1222 1213//1213 
f 1208//1208 1223//1223 1212//1212 
f 1208//1208 1213//1213 1223//1223 
f 1207//1207 1212//1212 677//677 
f 1207//1207 677//677 201//201 
f 200//200 201//201 1214//1214 
f 1209//1209 1214//1214 1224//1224 
f 1209//1209 1224//1224 1211//1211 
f 1211//1211 5121//5121 5108//5108 
f 670//670 1215//1215 1216//1216 
f 667//667 1217//1217 1219//1219 
f 672//672 1219//1219 1218//1218 
f 672//672 1218//1218 673//673 
f 673//673 1218//1218 1221//1221 
f 671//671 1221//1221 1222//1222 
f 201//201 1220//1220 1214//1214 
f 1211//1211 202//202 5121//5121 
f 1215//1215 681//681 1216//1216 
f 1216//1216 681//681 1217//1217 
f 1219//1219 1217//1217 1225//1225 
f 1218//1218 1219//1219 679//679 
f 1221//1221 1218//1218 678//678 
f 1213//1213 1222//1222 1230//1230 
f 1213//1213 1230//1230 1223//1223 
f 1212//1212 1223//1223 1226//1226 
f 1212//1212 1226//1226 677//677 
f 201//201 677//677 1220//1220 
f 1214//1214 1220//1220 1224//1224 
f 1211//1211 1224//1224 202//202 
f 202//202 5565//5565 5121//5121 
f 681//681 683//683 674//674 
f 681//681 674//674 1217//1217 
f 1219//1219 1225//1225 679//679 
f 1218//1218 679//679 678//678 
f 1221//1221 680//680 1222//1222 
f 1221//1221 678//678 680//680 
f 1222//1222 680//680 1230//1230 
f 677//677 1228//1228 1220//1220 
f 1220//1220 1227//1227 1224//1224 
f 1224//1224 682//682 202//202 
f 1217//1217 674//674 1225//1225 
f 679//679 1225//1225 1229//1229 
f 680//680 678//678 1232//1232 
f 1223//1223 1230//1230 1233//1233 
f 1223//1223 1233//1233 1226//1226 
f 677//677 1226//1226 684//684 
f 677//677 684//684 1228//1228 
f 1220//1220 691//691 1227//1227 
f 1220//1220 1228//1228 691//691 
f 1224//1224 1227//1227 682//682 
f 674//674 683//683 1231//1231 
f 674//674 1231//1231 1225//1225 
f 679//679 203//203 678//678 
f 679//679 1229//1229 203//203 
f 678//678 203//203 1232//1232 
f 680//680 1233//1233 1230//1230 
f 680//680 1232//1232 1233//1233 
f 1226//1226 1236//1236 684//684 
f 1227//1227 686//686 682//682 
f 683//683 1235//1235 1231//1231 
f 1225//1225 689//689 1229//1229 
f 1225//1225 1231//1231 689//689 
f 203//203 1229//1229 1234//1234 
f 1233//1233 1232//1232 690//690 
f 1226//1226 1233//1233 1236//1236 
f 1228//1228 204//204 691//691 
f 1228//1228 684//684 204//204 
f 1227//1227 691//691 686//686 
f 1231//1231 1235//1235 689//689 
f 203//203 1234//1234 1232//1232 
f 1233//1233 690//690 1237//1237 
f 1233//1233 1237//1237 1236//1236 
f 684//684 1236//1236 692//692 
f 684//684 692//692 204//204 
f 691//691 688//688 686//686 
f 1235//1235 687//687 689//689 
f 1229//1229 1238//1238 1234//1234 
f 1229//1229 689//689 1238//1238 
f 1232//1232 1234//1234 1240//1240 
f 691//691 204//204 688//688 
f 1232//1232 1240//1240 690//690 
f 1237//1237 694//694 1236//1236 
f 1236//1236 693//693 692//692 
f 1236//1236 694//694 693//693 
f 204//204 1241//1241 688//688 
f 204//204 692//692 1241//1241 
f 689//689 1239//1239 1238//1238 
f 689//689 687//687 1239//1239 
f 1234//1234 1238//1238 1240//1240 
f 690//690 1240//1240 1244//1244 
f 1237//1237 690//690 1245//1245 
f 694//694 1237//1237 1243//1243 
f 693//693 694//694 1247//1247 
f 692//692 1246//1246 1241//1241 
f 692//692 693//693 1246//1246 
f 1238//1238 1242//1242 1240//1240 
f 690//690 1244//1244 1245//1245 
f 1237//1237 1245//1245 1243//1243 
f 694//694 1243//1243 1247//1247 
f 693//693 1247//1247 1246//1246 
f 1240//1240 1242//1242 1244//1244 
f 1242//1242 1248//1248 1244//1244 
f 1244//1244 1249//1249 1245//1245 
f 1245//1245 1249//1249 1243//1243 
f 1243//1243 205//205 1247//1247 
f 1247//1247 397//397 1246//1246 
f 1247//1247 205//205 397//397 
f 1242//1242 1250//1250 1248//1248 
f 1244//1244 699//699 1249//1249 
f 1244//1244 1248//1248 699//699 
f 1249//1249 697//697 1243//1243 
f 1243//1243 697//697 205//205 
f 1249//1249 699//699 697//697 
f 699//699 698//698 697//697 
f 1459//1459 5714//5714 5756//5756 
f 1459//1459 5712//5712 5714//5714 
f 1459//1459 5761//5761 5712//5712 
f 1459//1459 5766//5766 5761//5761 
f 1459//1459 5773//5773 5766//5766 
f 1459//1459 5767//5767 5773//5773 
f 1459//1459 5771//5771 5767//5767 
f 1459//1459 5768//5768 5771//5771 
f 1459//1459 267//267 5768//5768 
f 1459//1459 269//269 267//267 
f 1459//1459 271//271 269//269 
f 1459//1459 279//279 271//271 
f 1459//1459 277//277 279//279 
f 1459//1459 281//281 277//277 
f 1459//1459 5719//5719 5721//5721 
f 1459//1459 5758//5758 5719//5719 
f 1459//1459 5755//5755 5758//5758 
f 1459//1459 5756//5756 5755//5755 
f 1459//1459 272//272 281//281 
f 1459//1459 266//266 272//272 
f 1459//1459 258//258 266//266 
f 1459//1459 254//254 258//258 
f 1459//1459 251//251 254//254 
f 1457//1457 5729//5729 5743//5743 
f 1457//1457 5728//5728 5729//5729 
f 1457//1457 5726//5726 5728//5728 
f 1457//1457 5746//5746 5726//5726 
f 1457//1457 5747//5747 5746//5746 
f 1457//1457 5749//5749 5747//5747 
f 1457//1457 5724//5724 5749//5749 
f 1457//1457 5750//5750 5724//5724 
f 1457//1457 5721//5721 5750//5750 
f 1457//1457 1459//1459 5721//5721 
f 1482//1482 251//251 1459//1459 
f 1482//1482 246//246 251//251 
f 1482//1482 238//238 246//246 
f 1482//1482 240//240 238//238 
f 1482//1482 234//234 240//240 
f 1482//1482 230//230 234//234 
f 1482//1482 226//226 230//230 
f 1457//1457 5733//5733 5738//5738 
f 1457//1457 5740//5740 5733//5733 
f 1457//1457 5743//5743 5740//5740 
f 1482//1482 222//222 226//226 
f 1482//1482 218//218 222//222 
f 1482//1482 219//219 218//218 
f 1482//1482 223//223 219//219 
f 1482//1482 227//227 223//223 
f 233//233 227//227 1482//1482 
f 5736//5736 1457//1457 5738//5738 
f 15//15 1457//1457 5736//5736 
f 241//241 233//233 1482//1482 
f 5782//5782 1457//1457 15//15 
f 13//13 1457//1457 5782//5782 
f 247//247 241//241 1482//1482 
f 11//11 1457//1457 13//13 
f 9//9 1457//1457 11//11 
f 252//252 247//247 1482//1482 
f 7//7 1457//1457 9//9 
f 5789//5789 1457//1457 7//7 
f 257//257 252//252 1482//1482 
f 3//3 1457//1457 5789//5789 
f 1//1 1457//1457 3//3 
f 2//2 1457//1457 1//1 
f 5332//5332 257//257 1482//1482 
f 4//4 1457//1457 2//2 
f 5710//5710 5332//5332 1482//1482 
f 5781//5781 1457//1457 4//4 
f 5300//5300 5710//5710 1482//1482 
f 5779//5779 1457//1457 5781//5781 
f 12//12 1457//1457 5779//5779 
f 5707//5707 5300//5300 1482//1482 
f 5780//5780 1457//1457 12//12 
f 5708//5708 5707//5707 1482//1482 
f 5535//5535 1457//1457 5780//5780 
f 5706//5706 5708//5708 1482//1482 
f 5535//5535 1482//1482 1457//1457 
f 5271//5271 5706//5706 1482//1482 
f 5058//5058 1482//1482 5535//5535 
f 5533//5533 1482//1482 5058//5058 
f 5703//5703 5271//5271 1482//1482 
f 5704//5704 5703//5703 1482//1482 
f 5306//5306 5704//5704 1482//1482 
f 5627//5627 5306//5306 1482//1482 
f 5546//5546 1482//1482 5533//5533 
f 5044//5044 1482//1482 5546//5546 
f 5229//5229 5627//5627 1482//1482 
f 5136//5136 1482//1482 5044//5044 
f 5612//5612 5229//5229 1482//1482 
f 5090//5090 1482//1482 5136//5136 
f 5587//5587 5612//5612 1482//1482 
f 5697//5697 1482//1482 5090//5090 
f 5617//5617 5587//5587 1482//1482 
f 5252//5252 1482//1482 5697//5697 
f 5606//5606 1482//1482 5252//5252 
f 5606//5606 5617//5617 1482//1482 
f 1475//1475 727//727 702//702 
f 767//767 727//727 1597//1597 
f 1475//1475 1597//1597 727//727 
f 1290//1290 767//767 1607//1607 
f 1597//1597 1607//1607 767//767 
f 1607//1607 1542//1542 1290//1290 
f 699//699 1607//1607 1597//1597 
f 699//699 1597//1597 698//698 
f 1607//1607 98//98 1542//1542 
f 1607//1607 1461//1461 98//98 
f 1461//1461 1291//1291 98//98 
f 1250//1250 1461//1461 1607//1607 
f 1461//1461 1287//1287 1291//1291 
f 1248//1248 1250//1250 1607//1607 
f 1248//1248 1607//1607 699//699 
f 1500//1500 1287//1287 1458//1458 
f 1461//1461 1458//1458 1287//1287 
f 1458//1458 1461//1461 1250//1250 
f 1462//1462 1251//1251 1324//1324 
f 1242//1242 1458//1458 1250//1250 
f 1458//1458 1324//1324 1500//1500 
f 1458//1458 1462//1462 1324//1324 
f 1239//1239 1462//1462 1458//1458 
f 1462//1462 94//94 1251//1251 
f 1462//1462 385//385 94//94 
f 385//385 1288//1288 94//94 
f 1238//1238 1239//1239 1458//1458 
f 1238//1238 1458//1458 1242//1242 
f 687//687 385//385 1462//1462 
f 385//385 1289//1289 1288//1288 
f 687//687 1462//1462 1239//1239 
f 1555//1555 1289//1289 1492//1492 
f 385//385 1492//1492 1289//1289 
f 1492//1492 385//385 687//687 
f 1492//1492 1323//1323 1555//1555 
f 1235//1235 1492//1492 687//687 
f 1286//1286 1323//1323 394//394 
f 1492//1492 394//394 1323//1323 
f 394//394 1492//1492 1235//1235 
f 394//394 723//723 1286//1286 
f 683//683 394//394 1235//1235 
f 394//394 1506//1506 723//723 
f 1469//1469 394//394 683//683 
f 726//726 1506//1506 1469//1469 
f 394//394 1469//1469 1506//1506 
f 1469//1469 1529//1529 726//726 
f 1529//1529 1469//1469 1265//1265 
f 681//681 1469//1469 683//683 
f 1463//1463 1265//1265 1469//1469 
f 1265//1265 1463//1463 1564//1564 
f 5692//5692 722//722 1259//1259 
f 1215//1215 1469//1469 681//681 
f 1215//1215 1463//1463 1469//1469 
f 721//721 722//722 1470//1470 
f 5692//5692 1470//1470 722//722 
f 1210//1210 5692//5692 1463//1463 
f 1470//1470 1285//1285 721//721 
f 1210//1210 1463//1463 1215//1215 
f 1210//1210 1470//1470 5692//5692 
f 1264//1264 1285//1285 1622//1622 
f 1470//1470 1622//1622 1285//1285 
f 1206//1206 1470//1470 1210//1210 
f 1622//1622 1470//1470 1206//1206 
f 1495//1495 1520//1520 1262//1262 
f 665//665 1622//1622 1206//1206 
f 1495//1495 1622//1622 665//665 
f 1495//1495 1545//1545 1520//1520 
f 1495//1495 1576//1576 1545//1545 
f 655//655 1495//1495 665//665 
f 1576//1576 1495//1495 655//655 
f 1189//1189 1576//1576 655//655 
f 1576//1576 1283//1283 760//760 
f 1576//1576 772//772 1283//1283 
f 772//772 1541//1541 1283//1283 
f 772//772 1576//1576 1189//1189 
f 1600//1600 1261//1261 1321//1321 
f 1175//1175 772//772 1189//1189 
f 772//772 1321//1321 1541//1541 
f 772//772 1600//1600 1321//1321 
f 1175//1175 1600//1600 772//772 
f 1600//1600 1530//1530 1519//1519 
f 1600//1600 1498//1498 1530//1530 
f 645//645 1600//1600 1175//1175 
f 1498//1498 1600//1600 645//645 
f 1498//1498 1521//1521 1530//1530 
f 1167//1167 1498//1498 645//645 
f 1167//1167 1471//1471 1498//1498 
f 1473//1473 724//724 1284//1284 
f 1471//1471 1284//1284 1313//1313 
f 1471//1471 1473//1473 1284//1284 
f 1163//1163 1471//1471 1167//1167 
f 1473//1473 1510//1510 724//724 
f 1163//1163 1473//1473 1471//1471 
f 1606//1606 1473//1473 1163//1163 
f 718//718 1510//1510 1606//1606 
f 1473//1473 1606//1606 1510//1510 
f 631//631 1606//1606 1163//1163 
f 1606//1606 1282//1282 718//718 
f 1606//1606 210//210 1282//1282 
f 1606//1606 361//361 210//210 
f 1147//1147 1606//1606 631//631 
f 1147//1147 361//361 1606//1606 
f 361//361 1572//1572 210//210 
f 1140//1140 361//361 1147//1147 
f 361//361 758//758 1572//1572 
f 361//361 1477//1477 758//758 
f 1477//1477 1281//1281 1562//1562 
f 1140//1140 1477//1477 361//361 
f 1322//1322 1281//1281 92//92 
f 1477//1477 92//92 1281//1281 
f 1136//1136 1477//1477 1140//1140 
f 1476//1476 1278//1278 1524//1524 
f 92//92 1524//1524 1322//1322 
f 92//92 1476//1476 1524//1524 
f 1136//1136 92//92 1477//1477 
f 1127//1127 92//92 1136//1136 
f 1127//1127 1476//1476 92//92 
f 1476//1476 1279//1279 1278//1278 
f 1476//1476 1580//1580 1279//1279 
f 1580//1580 1277//1277 1279//1279 
f 1580//1580 1557//1557 1277//1277 
f 1628//1628 1476//1476 1127//1127 
f 1628//1628 1580//1580 1476//1476 
f 1594//1594 1557//1557 1628//1628 
f 1580//1580 1628//1628 1557//1557 
f 1121//1121 1628//1628 1127//1127 
f 1628//1628 1601//1601 1594//1594 
f 1628//1628 1479//1479 1601//1601 
f 1479//1479 1628//1628 1121//1121 
f 1479//1479 1280//1280 1601//1601 
f 189//189 1479//1479 1121//1121 
f 717//717 1280//1280 1480//1480 
f 1479//1479 1480//1480 1280//1280 
f 1480//1480 1276//1276 717//717 
f 1480//1480 1479//1479 189//189 
f 600//600 1480//1480 189//189 
f 1480//1480 1551//1551 1276//1276 
f 1480//1480 1630//1630 1551//1551 
f 1630//1630 714//714 1551//1551 
f 595//595 1630//1630 1480//1480 
f 595//595 1480//1480 600//600 
f 1630//1630 1258//1258 714//714 
f 1630//1630 1502//1502 1258//1258 
f 591//591 1630//1630 595//595 
f 591//591 1502//1502 1630//1630 
f 1502//1502 1559//1559 1260//1260 
f 1271//1271 1559//1559 1481//1481 
f 1573//1573 1271//1271 1481//1481 
f 1502//1502 1481//1481 1559//1559 
f 1481//1481 1502//1502 591//591 
f 587//587 1481//1481 591//591 
f 1481//1481 762//762 1573//1573 
f 1481//1481 444//444 762//762 
f 444//444 1481//1481 587//587 
f 444//444 764//764 762//762 
f 579//579 444//444 587//587 
f 444//444 1602//1602 764//764 
f 444//444 1483//1483 1602//1602 
f 1483//1483 763//763 1602//1602 
f 1081//1081 444//444 579//579 
f 1081//1081 1483//1483 444//444 
f 1483//1483 713//713 763//763 
f 1483//1483 1505//1505 713//713 
f 1505//1505 209//209 713//713 
f 575//575 1483//1483 1081//1081 
f 575//575 1505//1505 1483//1483 
f 1505//1505 1612//1612 209//209 
f 1274//1274 1612//1612 1604//1604 
f 1505//1505 1604//1604 1612//1612 
f 570//570 1505//1505 575//575 
f 570//570 1604//1604 1505//1505 
f 1484//1484 712//712 1273//1273 
f 1604//1604 1273//1273 1274//1274 
f 1604//1604 1484//1484 1273//1273 
f 1484//1484 1275//1275 712//712 
f 1066//1066 1484//1484 1604//1604 
f 1066//1066 1604//1604 570//570 
f 1543//1543 1275//1275 1504//1504 
f 1484//1484 1504//1504 1275//1275 
f 1060//1060 1504//1504 1484//1484 
f 1060//1060 1484//1484 1066//1066 
f 1504//1504 1317//1317 1543//1543 
f 1504//1504 408//408 1317//1317 
f 1504//1504 1578//1578 408//408 
f 1578//1578 1272//1272 408//408 
f 555//555 1504//1504 1060//1060 
f 555//555 1578//1578 1504//1504 
f 1578//1578 1320//1320 1272//1272 
f 1578//1578 1486//1486 1320//1320 
f 546//546 1578//1578 555//555 
f 546//546 1486//1486 1578//1578 
f 1486//1486 1316//1316 1320//1320 
f 1558//1558 1316//1316 1485//1485 
f 1486//1486 1485//1485 1316//1316 
f 548//548 1486//1486 546//546 
f 548//548 1485//1485 1486//1486 
f 1485//1485 1270//1270 1558//1558 
f 711//711 1270//1270 1487//1487 
f 1485//1485 1487//1487 1270//1270 
f 1487//1487 1485//1485 548//548 
f 1487//1487 1269//1269 711//711 
f 536//536 1487//1487 548//548 
f 1563//1563 1269//1269 1515//1515 
f 1487//1487 1515//1515 1269//1269 
f 402//402 1574//1574 1515//1515 
f 402//402 1315//1315 1574//1574 
f 1515//1515 1487//1487 536//536 
f 1515//1515 1268//1268 1563//1563 
f 1268//1268 1515//1515 1574//1574 
f 402//402 709//709 1315//1315 
f 1029//1029 1515//1515 536//536 
f 1528//1528 709//709 395//395 
f 402//402 395//395 709//709 
f 395//395 402//402 1515//1515 
f 395//395 1515//1515 1029//1029 
f 395//395 213//213 1528//1528 
f 395//395 1598//1598 213//213 
f 532//532 395//395 1029//1029 
f 1598//1598 1618//1618 213//213 
f 532//532 1598//1598 395//395 
f 1508//1508 1314//1314 1319//1319 
f 1598//1598 1319//1319 1618//1618 
f 1598//1598 1508//1508 1319//1319 
f 1013//1013 1598//1598 532//532 
f 1508//1508 1598//1598 1013//1013 
f 1508//1508 710//710 1314//1314 
f 710//710 1508//1508 1267//1267 
f 1517//1517 1267//1267 1508//1508 
f 1005//1005 1508//1508 1013//1013 
f 1493//1493 761//761 1561//1561 
f 1493//1493 707//707 761//761 
f 1005//1005 1517//1517 1508//1508 
f 1517//1517 1531//1531 1267//1267 
f 1531//1531 1517//1517 1561//1561 
f 93//93 1561//1561 1517//1517 
f 93//93 1493//1493 1561//1561 
f 518//518 1517//1517 1005//1005 
f 1493//1493 1523//1523 707//707 
f 518//518 93//93 1517//1517 
f 1497//1497 1493//1493 93//93 
f 208//208 1523//1523 1497//1497 
f 1493//1493 1497//1497 1523//1523 
f 991//991 93//93 518//518 
f 991//991 1497//1497 93//93 
f 1497//1497 708//708 208//208 
f 708//708 1497//1497 1263//1263 
f 1494//1494 1263//1263 1497//1497 
f 1494//1494 1544//1544 1263//1263 
f 508//508 1497//1497 991//991 
f 508//508 1494//1494 1497//1497 
f 1494//1494 1266//1266 1544//1544 
f 1494//1494 1496//1496 1266//1266 
f 970//970 1494//1494 508//508 
f 1496//1496 1560//1560 1266//1266 
f 1496//1496 1590//1590 1560//1560 
f 1496//1496 1581//1581 1590//1590 
f 970//970 1496//1496 1494//1494 
f 1496//1496 500//500 1581//1581 
f 500//500 1496//1496 970//970 
f 5692//5692 1564//1564 1463//1463 
f 5692//5692 1259//1259 1564//1564 
f 1622//1622 1516//1516 1264//1264 
f 1622//1622 1262//1262 1516//1516 
f 1622//1622 1495//1495 1262//1262 
f 1576//1576 760//760 1545//1545 
f 1600//1600 1519//1519 1261//1261 
f 1313//1313 704//704 1471//1471 
f 1498//1498 1471//1471 704//704 
f 1498//1498 704//704 1521//1521 
f 1477//1477 1562//1562 758//758 
f 1502//1502 1260//1260 755//755 
f 1502//1502 755//755 1258//1258 
f 1581//1581 701//701 1590//1590 
f 1581//1581 1546//1546 701//701 
f 1581//1581 1603//1603 1546//1546 
f 1603//1603 757//757 1546//1546 
f 1603//1603 703//703 757//757 
f 1603//1603 1582//1582 703//703 
f 923//923 1581//1581 500//500 
f 1582//1582 1565//1565 703//703 
f 1582//1582 1257//1257 1565//1565 
f 923//923 1603//1603 1581//1581 
f 923//923 922//922 1582//1582 
f 923//923 1582//1582 1603//1603 
f 754//754 1257//1257 5691//5691 
f 1582//1582 5691//5691 1257//1257 
f 5691//5691 1583//1583 754//754 
f 5691//5691 360//360 1583//1583 
f 1707//1707 1698//1698 1692//1692 
f 1707//1707 1692//1692 1713//1713 
f 1707//1707 1713//1713 1727//1727 
f 1617//1617 1733//1733 471//471 
f 1617//1617 1711//1711 1733//1733 
f 1617//1617 1758//1758 1739//1739 
f 1617//1617 471//471 1758//1758 
f 1619//1619 1770//1770 1756//1756 
f 1619//1619 1756//1756 1621//1621 
f 1619//1619 1621//1621 1714//1714 
f 1620//1620 1744//1744 2167//2167 
f 1620//1620 2167//2167 1739//1739 
f 1758//1758 1620//1620 1739//1739 
f 1758//1758 295//295 1620//1620 
f 1621//1621 1649//1649 1623//1623 
f 1621//1621 1756//1756 1649//1649 
f 1623//1623 1649//1649 106//106 
f 1623//1623 106//106 1748//1748 
f 1624//1624 1771//1771 1758//1758 
f 295//295 1629//1629 1620//1620 
f 1629//1629 1744//1744 1620//1620 
f 1649//1649 1756//1756 1780//1780 
f 99//99 1631//1631 1828//1828 
f 99//99 2207//2207 1631//1631 
f 101//101 2246//2246 1809//1809 
f 1631//1631 101//101 1632//1632 
f 1631//1631 2246//2246 101//101 
f 101//101 1825//1825 1867//1867 
f 1632//1632 1836//1836 1831//1831 
f 1867//1867 1843//1843 1836//1836 
f 1653//1653 305//305 1655//1655 
f 1653//1653 1655//1655 1633//1633 
f 1653//1653 1906//1906 1873//1873 
f 1653//1653 1633//1633 1906//1906 
f 1633//1633 1634//1634 1901//1901 
f 1633//1633 1901//1901 141//141 
f 1633//1633 141//141 1906//1906 
f 1655//1655 1634//1634 1633//1633 
f 1901//1901 1917//1917 1922//1922 
f 1634//1634 1917//1917 1901//1901 
f 1634//1634 1937//1937 1917//1917 
f 1901//1901 1922//1922 1914//1914 
f 1635//1635 1937//1937 1929//1929 
f 1657//1657 1947//1947 2397//2397 
f 1657//1657 1958//1958 535//535 
f 1657//1657 2397//2397 1958//1958 
f 538//538 1636//1636 1637//1637 
f 538//538 2006//2006 1636//1636 
f 1636//1636 2002//2002 1637//1637 
f 1636//1636 1660//1660 2002//2002 
f 1637//1637 2002//2002 1638//1638 
f 1638//1638 2028//2028 2011//2011 
f 1638//1638 2011//2011 1637//1637 
f 1639//1639 2050//2050 124//124 
f 1639//1639 564//564 2050//2050 
f 1640//1640 2099//2099 2101//2101 
f 1640//1640 2101//2101 2055//2055 
f 1641//1641 2126//2126 2152//2152 
f 1641//1641 2152//2152 100//100 
f 1641//1641 464//464 2126//2126 
f 1641//1641 1652//1652 464//464 
f 1642//1642 2518//2518 2129//2129 
f 1642//1642 2129//2129 303//303 
f 1642//1642 2152//2152 2518//2518 
f 1643//1643 1659//1659 2129//2129 
f 1643//1643 2129//2129 2124//2124 
f 1663//1663 2132//2132 1661//1661 
f 1644//1644 132//132 2519//2519 
f 1644//1644 2128//2128 1645//1645 
f 1644//1644 1645//1645 132//132 
f 1641//1641 100//100 1652//1652 
f 1642//1642 303//303 100//100 
f 1642//1642 100//100 2152//2152 
f 464//464 2159//2159 2154//2154 
f 1674//1674 2150//2150 1676//1676 
f 100//100 1691//1691 1652//1652 
f 2159//2159 720//720 2154//2154 
f 1651//1651 720//720 1662//1662 
f 1663//1663 1661//1661 1645//1645 
f 1663//1663 1645//1645 2128//2128 
f 1676//1676 2139//2139 1674//1674 
f 1676//1676 1658//1658 2139//2139 
f 1676//1676 2519//2519 1658//1658 
f 1674//1674 1665//1665 1654//1654 
f 1674//1674 1654//1654 2150//2150 
f 1650//1650 2129//2129 1659//1659 
f 1643//1643 1687//1687 1659//1659 
f 464//464 1652//1652 1666//1666 
f 464//464 1666//1666 2159//2159 
f 1650//1650 303//303 2129//2129 
f 1645//1645 1661//1661 1675//1675 
f 1654//1654 1684//1684 5412//5412 
f 1656//1656 2520//2520 1651//1651 
f 1678//1678 1661//1661 2132//2132 
f 1658//1658 2519//2519 132//132 
f 1656//1656 719//719 2520//2520 
f 1652//1652 1691//1691 1667//1667 
f 1652//1652 1667//1667 1666//1666 
f 1684//1684 4530//4530 5412//5412 
f 1654//1654 1665//1665 1684//1684 
f 100//100 303//303 1664//1664 
f 100//100 1664//1664 1688//1688 
f 100//100 1688//1688 1691//1691 
f 1661//1661 102//102 1675//1675 
f 1661//1661 1678//1678 102//102 
f 1674//1674 2139//2139 1665//1665 
f 1662//1662 1656//1656 1651//1651 
f 1645//1645 1675//1675 1668//1668 
f 1645//1645 1668//1668 132//132 
f 1656//1656 1689//1689 1697//1697 
f 1656//1656 1662//1662 1689//1689 
f 1658//1658 1679//1679 2139//2139 
f 1658//1658 132//132 1679//1679 
f 1687//1687 2162//2162 299//299 
f 1662//1662 1698//1698 1689//1689 
f 1659//1659 1687//1687 1683//1683 
f 1684//1684 2145//2145 4530//4530 
f 1665//1665 2139//2139 1701//1701 
f 1677//1677 132//132 1668//1668 
f 1691//1691 1688//1688 1681//1681 
f 298//298 102//102 1678//1678 
f 298//298 1678//1678 2138//2138 
f 298//298 2138//2138 1656//1656 
f 1659//1659 1683//1683 1686//1686 
f 1666//1666 1662//1662 2159//2159 
f 1666//1666 1692//1692 1698//1698 
f 1666//1666 1667//1667 1692//1692 
f 1666//1666 1698//1698 1662//1662 
f 1675//1675 102//102 2168//2168 
f 1688//1688 1685//1685 1681//1681 
f 299//299 1703//1703 1687//1687 
f 1667//1667 1691//1691 1681//1681 
f 298//298 1699//1699 102//102 
f 1675//1675 2168//2168 1668//1668 
f 1677//1677 1682//1682 1679//1679 
f 1677//1677 1679//1679 132//132 
f 1668//1668 1715//1715 1677//1677 
f 1701//1701 2139//2139 1679//1679 
f 1701//1701 1679//1679 1690//1690 
f 298//298 1656//1656 1697//1697 
f 298//298 1697//1697 1699//1699 
f 4530//4530 2145//2145 1680//1680 
f 1680//1680 4631//4631 4530//4530 
f 1679//1679 1682//1682 1690//1690 
f 1703//1703 1693//1693 1683//1683 
f 1703//1703 1683//1683 1687//1687 
f 1668//1668 2168//2168 1715//1715 
f 1701//1701 1690//1690 467//467 
f 1703//1703 103//103 1693//1693 
f 1667//1667 1681//1681 2148//2148 
f 1697//1697 1689//1689 1710//1710 
f 1701//1701 467//467 2165//2165 
f 1701//1701 2165//2165 1665//1665 
f 1686//1686 1664//1664 1659//1659 
f 1703//1703 299//299 103//103 
f 1686//1686 1688//1688 1664//1664 
f 1686//1686 1705//1705 1688//1688 
f 1697//1697 1710//1710 1699//1699 
f 1680//1680 1721//1721 4631//4631 
f 1683//1683 1693//1693 1704//1704 
f 102//102 1699//1699 2151//2151 
f 102//102 2151//2151 2168//2168 
f 1689//1689 1707//1707 1710//1710 
f 1689//1689 1698//1698 1707//1707 
f 1685//1685 1688//1688 1723//1723 
f 1681//1681 1712//1712 2148//2148 
f 1686//1686 1704//1704 1705//1705 
f 1686//1686 1683//1683 1704//1704 
f 1682//1682 1724//1724 2172//2172 
f 1682//1682 1677//1677 1724//1724 
f 2168//2168 2151//2151 1709//1709 
f 1715//1715 1724//1724 1677//1677 
f 1699//1699 1710//1710 1702//1702 
f 467//467 1722//1722 2165//2165 
f 1690//1690 1682//1682 2153//2153 
f 1690//1690 2153//2153 467//467 
f 103//103 299//299 2546//2546 
f 1700//1700 1681//1681 1685//1685 
f 1700//1700 1712//1712 1681//1681 
f 1723//1723 1688//1688 1705//1705 
f 1724//1724 1715//1715 104//104 
f 1700//1700 1685//1685 1723//1723 
f 1721//1721 1680//1680 1706//1706 
f 1706//1706 5479//5479 1721//1721 
f 103//103 2546//2546 596//596 
f 2168//2168 1709//1709 1715//1715 
f 1707//1707 1708//1708 1710//1710 
f 1705//1705 1738//1738 1723//1723 
f 1722//1722 1731//1731 2165//2165 
f 1702//1702 1710//1710 1711//1711 
f 1731//1731 2170//2170 2165//2165 
f 1724//1724 104//104 2172//2172 
f 1704//1704 1747//1747 1705//1705 
f 1709//1709 104//104 1715//1715 
f 1711//1711 1710//1710 1708//1708 
f 1704//1704 1728//1728 1747//1747 
f 1700//1700 1723//1723 1714//1714 
f 1707//1707 1727//1727 1708//1708 
f 1731//1731 1725//1725 2170//2170 
f 1708//1708 1733//1733 1711//1711 
f 1713//1713 2148//2148 1712//1712 
f 1706//1706 2161//2161 1726//1726 
f 1706//1706 1726//1726 5479//5479 
f 1708//1708 1727//1727 1733//1733 
f 1700//1700 1714//1714 1750//1750 
f 1712//1712 1700//1700 2164//2164 
f 1714//1714 1723//1723 1738//1738 
f 1711//1711 1617//1617 1702//1702 
f 1712//1712 2164//2164 1713//1713 
f 1731//1731 2160//2160 1725//1725 
f 1709//1709 1732//1732 104//104 
f 1716//1716 596//596 2546//2546 
f 1743//1743 1709//1709 2151//2151 
f 1743//1743 2151//2151 1702//1702 
f 1725//1725 2177//2177 2170//2170 
f 1700//1700 1750//1750 2164//2164 
f 104//104 1729//1729 2172//2172 
f 1743//1743 1732//1732 1709//1709 
f 1743//1743 2167//2167 1732//1732 
f 1728//1728 1704//1704 596//596 
f 1714//1714 1738//1738 1619//1619 
f 1727//1727 1713//1713 2171//2171 
f 1743//1743 1702//1702 1617//1617 
f 1743//1743 1739//1739 2167//2167 
f 1743//1743 1617//1617 1739//1739 
f 1747//1747 1738//1738 1705//1705 
f 1747//1747 1730//1730 1738//1738 
f 1738//1738 1761//1761 1619//1619 
f 1728//1728 596//596 1757//1757 
f 1713//1713 2164//2164 2171//2171 
f 1726//1726 2161//2161 1735//1735 
f 1726//1726 1735//1735 5489//5489 
f 1716//1716 1736//1736 596//596 
f 1716//1716 605//605 1736//1736 
f 1729//1729 2163//2163 2172//2172 
f 1729//1729 2175//2175 2163//2163 
f 1730//1730 1747//1747 1728//1728 
f 1738//1738 1730//1730 1761//1761 
f 1725//1725 1734//1734 2177//2177 
f 1734//1734 2185//2185 2177//2177 
f 1757//1757 596//596 1736//1736 
f 1729//1729 1737//1737 2175//2175 
f 1729//1729 104//104 1737//1737 
f 1727//1727 2171//2171 107//107 
f 1727//1727 107//107 1733//1733 
f 1732//1732 1737//1737 104//104 
f 1736//1736 1751//1751 1757//1757 
f 1735//1735 1760//1760 5489//5489 
f 1714//1714 1621//1621 1750//1750 
f 1757//1757 1740//1740 1728//1728 
f 1740//1740 1730//1730 1728//1728 
f 1734//1734 2178//2178 2197//2197 
f 1734//1734 1725//1725 2178//2178 
f 1734//1734 2197//2197 1767//1767 
f 471//471 1733//1733 107//107 
f 471//471 107//107 1753//1753 
f 107//107 2171//2171 1781//1781 
f 107//107 1781//1781 1753//1753 
f 1761//1761 1770//1770 1619//1619 
f 1734//1734 2193//2193 2185//2185 
f 1734//1734 1767//1767 2193//2193 
f 1740//1740 1757//1757 1785//1785 
f 1761//1761 1730//1730 1746//1746 
f 1761//1761 1746//1746 1770//1770 
f 1757//1757 1751//1751 1785//1785 
f 1736//1736 605//605 1749//1749 
f 1736//1736 1749//1749 1777//1777 
f 1736//1736 1777//1777 1751//1751 
f 471//471 1753//1753 1758//1758 
f 1760//1760 1735//1735 2188//2188 
f 1737//1737 1732//1732 1776//1776 
f 1760//1760 2188//2188 1752//1752 
f 1621//1621 1623//1623 1750//1750 
f 1623//1623 2164//2164 1750//1750 
f 1623//1623 1748//1748 2164//2164 
f 1737//1737 105//105 2175//2175 
f 1744//1744 1732//1732 2167//2167 
f 1744//1744 1776//1776 1732//1732 
f 1745//1745 1730//1730 1740//1740 
f 1746//1746 1730//1730 1745//1745 
f 1767//1767 2197//2197 1754//1754 
f 1749//1749 605//605 2186//2186 
f 1748//1748 1781//1781 2164//2164 
f 1767//1767 1754//1754 2183//2183 
f 1767//1767 2183//2183 2193//2193 
f 1737//1737 1776//1776 105//105 
f 1770//1770 1755//1755 1756//1756 
f 1749//1749 1774//1774 1777//1777 
f 1749//1749 2186//2186 1774//1774 
f 1752//1752 2188//2188 2192//2192 
f 1745//1745 1740//1740 1785//1785 
f 1746//1746 1755//1755 1770//1770 
f 1758//1758 1753//1753 1624//1624 
f 1781//1781 1748//1748 1768//1768 
f 105//105 1759//1759 2175//2175 
f 1759//1759 134//134 2175//2175 
f 1744//1744 1629//1629 1769//1769 
f 1744//1744 1769//1769 1776//1776 
f 1754//1754 1762//1762 2183//2183 
f 1748//1748 106//106 1775//1775 
f 1748//1748 1775//1775 1768//1768 
f 1755//1755 1746//1746 2194//2194 
f 1752//1752 1764//1764 4781//4781 
f 1752//1752 2192//2192 1764//1764 
f 1753//1753 1768//1768 1790//1790 
f 1753//1753 1781//1781 1768//1768 
f 1753//1753 1790//1790 1624//1624 
f 1746//1746 1745//1745 1794//1794 
f 1746//1746 1794//1794 2194//2194 
f 1758//1758 1771//1771 1784//1784 
f 1758//1758 1784//1784 295//295 
f 1785//1785 2200//2200 1745//1745 
f 1785//1785 1772//1772 2200//2200 
f 1777//1777 1772//1772 1751//1751 
f 1777//1777 1782//1782 1772//1772 
f 1777//1777 1774//1774 1782//1782 
f 1785//1785 1751//1751 1772//1772 
f 1764//1764 1773//1773 4781//4781 
f 1759//1759 2202//2202 1792//1792 
f 1768//1768 2233//2233 1790//1790 
f 1790//1790 1799//1799 1624//1624 
f 1790//1790 2233//2233 1799//1799 
f 1792//1792 134//134 1759//1759 
f 1792//1792 1801//1801 134//134 
f 1756//1756 1755//1755 2194//2194 
f 1756//1756 2194//2194 1780//1780 
f 1762//1762 135//135 2239//2239 
f 1762//1762 1754//1754 135//135 
f 1762//1762 2239//2239 1778//1778 
f 1762//1762 1778//1778 2190//2190 
f 1772//1772 1782//1782 1779//1779 
f 1772//1772 1779//1779 2207//2207 
f 1772//1772 2207//2207 2200//2200 
f 1774//1774 2199//2199 1782//1782 
f 1794//1794 1745//1745 2200//2200 
f 1769//1769 1797//1797 1776//1776 
f 1768//1768 1775//1775 2233//2233 
f 1629//1629 295//295 1784//1784 
f 1629//1629 2217//2217 2209//2209 
f 1629//1629 1784//1784 2217//2217 
f 1771//1771 1624//1624 1799//1799 
f 1773//1773 1764//1764 2234//2234 
f 1773//1773 2234//2234 1803//1803 
f 1792//1792 2202//2202 2213//2213 
f 1792//1792 2213//2213 1801//1801 
f 1780//1780 2194//2194 1798//1798 
f 1649//1649 1787//1787 106//106 
f 1649//1649 1780//1780 1787//1787 
f 1778//1778 2223//2223 2190//2190 
f 1797//1797 1769//1769 2225//2225 
f 1779//1779 1782//1782 2214//2214 
f 1794//1794 2200//2200 99//99 
f 1797//1797 2225//2225 1783//1783 
f 1775//1775 106//106 1786//1786 
f 1794//1794 99//99 108//108 
f 1801//1801 2213//2213 1813//1813 
f 2194//2194 1794//1794 108//108 
f 1780//1780 1798//1798 1827//1827 
f 1780//1780 1827//1827 1787//1787 
f 1784//1784 1771//1771 2221//2221 
f 1775//1775 1786//1786 2233//2233 
f 1778//1778 1791//1791 2223//2223 
f 1803//1803 2234//2234 1815//1815 
f 1782//1782 725//725 2214//2214 
f 1782//1782 2199//2199 725//725 
f 1787//1787 1786//1786 106//106 
f 2233//2233 1786//1786 1820//1820 
f 476//476 2217//2217 1784//1784 
f 1813//1813 2213//2213 2244//2244 
f 1813//1813 2244//2244 1793//1793 
f 1784//1784 2221//2221 476//476 
f 1813//1813 2203//2203 1801//1801 
f 1813//1813 2238//2238 2203//2203 
f 1813//1813 1793//1793 2238//2238 
f 1779//1779 2214//2214 1809//1809 
f 1779//1779 2246//2246 2207//2207 
f 1779//1779 1809//1809 2246//2246 
f 1791//1791 1778//1778 2220//2220 
f 1803//1803 1795//1795 4909//4909 
f 1803//1803 1804//1804 1795//1795 
f 1803//1803 1815//1815 1804//1804 
f 1791//1791 2234//2234 2223//2223 
f 1791//1791 1796//1796 2234//2234 
f 1783//1783 2225//2225 2226//2226 
f 1783//1783 2226//2226 2245//2245 
f 1816//1816 1799//1799 2233//2233 
f 1816//1816 2233//2233 1820//1820 
f 1783//1783 2245//2245 1800//1800 
f 2207//2207 2246//2246 1631//1631 
f 1783//1783 1800//1800 2211//2211 
f 1786//1786 1787//1787 1824//1824 
f 476//476 2551//2551 2250//2250 
f 476//476 2250//2250 2217//2217 
f 1793//1793 1802//1802 2238//2238 
f 1816//1816 1771//1771 1799//1799 
f 1816//1816 2221//2221 1771//1771 
f 1795//1795 1804//1804 2251//2251 
f 1820//1820 1786//1786 1805//1805 
f 108//108 99//99 1828//1828 
f 1798//1798 108//108 1807//1807 
f 1824//1824 1787//1787 1827//1827 
f 108//108 1828//1828 1807//1807 
f 1824//1824 1805//1805 1786//1786 
f 1796//1796 2218//2218 2234//2234 
f 1796//1796 1806//1806 2218//2218 
f 1804//1804 1814//1814 2251//2251 
f 1800//1800 2244//2244 2211//2211 
f 1805//1805 1824//1824 1817//1817 
f 1804//1804 1815//1815 1814//1814 
f 1827//1827 1798//1798 1835//1835 
f 1827//1827 1835//1835 1839//1839 
f 1827//1827 1839//1839 1824//1824 
f 1807//1807 1835//1835 1798//1798 
f 1807//1807 1828//1828 1841//1841 
f 1800//1800 2245//2245 109//109 
f 1800//1800 109//109 2244//2244 
f 1830//1830 2218//2218 1806//1806 
f 1830//1830 1815//1815 2218//2218 
f 1802//1802 1793//1793 2273//2273 
f 1802//1802 2273//2273 1808//1808 
f 1802//1802 1808//1808 2238//2238 
f 1808//1808 2222//2222 2238//2238 
f 1809//1809 725//725 628//628 
f 479//479 1820//1820 1818//1818 
f 479//479 1816//1816 1820//1820 
f 1631//1631 1632//1632 1828//1828 
f 1835//1835 1807//1807 1850//1850 
f 1835//1835 1850//1850 1839//1839 
f 479//479 2236//2236 1816//1816 
f 109//109 2245//2245 2247//2247 
f 109//109 2247//2247 2262//2262 
f 1809//1809 1825//1825 101//101 
f 1809//1809 628//628 1825//1825 
f 109//109 2262//2262 1819//1819 
f 1815//1815 1830//1830 1842//1842 
f 1828//1828 1632//1632 1841//1841 
f 109//109 1819//1819 2244//2244 
f 1807//1807 1841//1841 1850//1850 
f 1818//1818 1820//1820 1805//1805 
f 1814//1814 1853//1853 2237//2237 
f 1814//1814 2237//2237 2251//2251 
f 1817//1817 1818//1818 1805//1805 
f 1808//1808 2273//2273 1821//1821 
f 1808//1808 1821//1821 2259//2259 
f 1632//1632 101//101 1836//1836 
f 1814//1814 1815//1815 1842//1842 
f 1818//1818 2249//2249 479//479 
f 1841//1841 1822//1822 1850//1850 
f 1819//1819 2262//2262 1823//1823 
f 1819//1819 1823//1823 2227//2227 
f 1814//1814 1842//1842 1853//1853 
f 1817//1817 2252//2252 1818//1818 
f 1817//1817 1844//1844 2252//2252 
f 1830//1830 1826//1826 1832//1832 
f 1830//1830 1832//1832 1842//1842 
f 1830//1830 1806//1806 1826//1826 
f 1867//1867 1836//1836 101//101 
f 1822//1822 1632//1632 1831//1831 
f 1822//1822 1841//1841 1632//1632 
f 1844//1844 1839//1839 1859//1859 
f 1821//1821 2273//2273 2284//2284 
f 1826//1826 1806//1806 136//136 
f 1826//1826 136//136 1848//1848 
f 1821//1821 2265//2265 2241//2241 
f 1825//1825 628//628 2562//2562 
f 1826//1826 1848//1848 1832//1832 
f 1850//1850 1822//1822 1846//1846 
f 1850//1850 1846//1846 1859//1859 
f 1850//1850 1859//1859 1839//1839 
f 1823//1823 1829//1829 2227//2227 
f 1829//1829 2273//2273 2227//2227 
f 1821//1821 2284//2284 110//110 
f 1821//1821 110//110 2265//2265 
f 1822//1822 1831//1831 1838//1838 
f 1853//1853 1842//1842 2563//2563 
f 1822//1822 1838//1838 1846//1846 
f 1825//1825 2562//2562 1869//1869 
f 1836//1836 1843//1843 1831//1831 
f 1832//1832 1848//1848 1849//1849 
f 1859//1859 1865//1865 1844//1844 
f 110//110 2241//2241 2265//2265 
f 110//110 2260//2260 2241//2241 
f 110//110 1840//1840 2260//2260 
f 1837//1837 2252//2252 1844//1844 
f 1837//1837 1844//1844 1865//1865 
f 1842//1842 1832//1832 2270//2270 
f 1831//1831 1843//1843 1838//1838 
f 1859//1859 1846//1846 1865//1865 
f 1842//1842 2270//2270 2563//2563 
f 1829//1829 2272//2272 2294//2294 
f 1829//1829 1823//1823 2272//2272 
f 1829//1829 2294//2294 1847//1847 
f 1829//1829 2284//2284 2273//2273 
f 1829//1829 1847//1847 2284//2284 
f 1837//1837 740//740 2252//2252 
f 1843//1843 1867//1867 1845//1845 
f 1843//1843 1845//1845 2278//2278 
f 1846//1846 1838//1838 1876//1876 
f 1845//1845 1867//1867 1825//1825 
f 1845//1845 1825//1825 1869//1869 
f 1869//1869 638//638 1883//1883 
f 1838//1838 1843//1843 1852//1852 
f 1837//1837 139//139 740//740 
f 1846//1846 111//111 1855//1855 
f 1846//1846 1855//1855 1865//1865 
f 1849//1849 1848//1848 1854//1854 
f 1872//1872 2266//2266 2261//2261 
f 1872//1872 2261//2261 2260//2260 
f 1849//1849 2270//2270 1832//1832 
f 1847//1847 2294//2294 1851//1851 
f 1847//1847 1851//1851 2284//2284 
f 1840//1840 506//506 2260//2260 
f 1837//1837 1865//1865 139//139 
f 1852//1852 1876//1876 1838//1838 
f 1852//1852 1861//1861 1876//1876 
f 1876//1876 111//111 1846//1846 
f 1845//1845 1869//1869 1883//1883 
f 1849//1849 497//497 2270//2270 
f 1854//1854 1848//1848 2266//2266 
f 1854//1854 2266//2266 1860//1860 
f 1849//1849 1854//1854 497//497 
f 1852//1852 2278//2278 1861//1861 
f 1852//1852 1843//1843 2278//2278 
f 139//139 2599//2599 740//740 
f 506//506 1840//1840 2286//2286 
f 1872//1872 1860//1860 2266//2266 
f 1845//1845 1884//1884 2278//2278 
f 1845//1845 1883//1883 1884//1884 
f 1872//1872 506//506 1860//1860 
f 1872//1872 2260//2260 506//506 
f 497//497 2312//2312 2270//2270 
f 1851//1851 2295//2295 1862//1862 
f 1851//1851 2294//2294 2295//2295 
f 1855//1855 111//111 1886//1886 
f 1855//1855 1886//1886 139//139 
f 1855//1855 139//139 1865//1865 
f 1882//1882 307//307 2563//2563 
f 1882//1882 2308//2308 307//307 
f 1851//1851 1862//1862 2274//2274 
f 1883//1883 638//638 2296//2296 
f 1882//1882 1864//1864 2308//2308 
f 506//506 2286//2286 1868//1868 
f 1884//1884 1883//1883 1866//1866 
f 1884//1884 1866//1866 1900//1900 
f 1884//1884 1875//1875 2278//2278 
f 506//506 1868//1868 1860//1860 
f 1861//1861 2278//2278 507//507 
f 1883//1883 2296//2296 1866//1866 
f 1854//1854 1860//1860 1863//1863 
f 1864//1864 1882//1882 2312//2312 
f 497//497 1863//1863 1877//1877 
f 497//497 1877//1877 2312//2312 
f 111//111 1870//1870 1886//1886 
f 497//497 1854//1854 1863//1863 
f 1861//1861 507//507 1893//1893 
f 111//111 1893//1893 1870//1870 
f 111//111 1876//1876 1893//1893 
f 1862//1862 1871//1871 2274//2274 
f 1875//1875 507//507 2278//2278 
f 1860//1860 1874//1874 1863//1863 
f 1884//1884 1900//1900 1875//1875 
f 1863//1863 1878//1878 1877//1877 
f 2286//2286 1873//1873 1868//1868 
f 2286//2286 1871//1871 1873//1873 
f 1866//1866 1890//1890 1900//1900 
f 1866//1866 2296//2296 1897//1897 
f 1866//1866 1894//1894 1890//1890 
f 1893//1893 507//507 1909//1909 
f 1893//1893 1909//1909 112//112 
f 1864//1864 2312//2312 515//515 
f 1864//1864 2304//2304 2308//2308 
f 1864//1864 515//515 2304//2304 
f 1871//1871 1862//1862 1653//1653 
f 1873//1873 141//141 1868//1868 
f 1870//1870 1889//1889 2332//2332 
f 1870//1870 511//511 1886//1886 
f 1870//1870 2332//2332 511//511 
f 1871//1871 1653//1653 1873//1873 
f 1897//1897 2310//2310 1866//1866 
f 1875//1875 1910//1910 507//507 
f 1873//1873 1906//1906 141//141 
f 1874//1874 1868//1868 2341//2341 
f 1874//1874 1860//1860 1868//1868 
f 511//511 1885//1885 1886//1886 
f 1866//1866 2310//2310 1894//1894 
f 1877//1877 1878//1878 515//515 
f 1877//1877 515//515 2312//2312 
f 1870//1870 112//112 1889//1889 
f 1870//1870 1893//1893 112//112 
f 1900//1900 1910//1910 1875//1875 
f 1900//1900 1890//1890 1910//1910 
f 507//507 1910//1910 1909//1909 
f 1874//1874 2341//2341 1887//1887 
f 1874//1874 1887//1887 1863//1863 
f 1868//1868 141//141 1921//1921 
f 515//515 1920//1920 2304//2304 
f 1868//1868 1921//1921 2341//2341 
f 1894//1894 2310//2310 1913//1913 
f 112//112 1909//1909 1891//1891 
f 511//511 2332//2332 1888//1888 
f 511//511 1888//1888 1885//1885 
f 1887//1887 1895//1895 1878//1878 
f 1909//1909 1910//1910 1892//1892 
f 1887//1887 2341//2341 1895//1895 
f 1910//1910 113//113 1892//1892 
f 1910//1910 1890//1890 113//113 
f 305//305 1924//1924 1655//1655 
f 1889//1889 1891//1891 522//522 
f 1889//1889 522//522 2332//2332 
f 1913//1913 2310//2310 2605//2605 
f 1889//1889 112//112 1891//1891 
f 515//515 1895//1895 1907//1907 
f 515//515 1878//1878 1895//1895 
f 515//515 1907//1907 1920//1920 
f 1890//1890 1923//1923 113//113 
f 1891//1891 1909//1909 1896//1896 
f 1894//1894 1913//1913 2326//2326 
f 1888//1888 2332//2332 2345//2345 
f 1888//1888 1919//1919 1885//1885 
f 1913//1913 2605//2605 1898//1898 
f 1894//1894 2326//2326 1890//1890 
f 1909//1909 1892//1892 1928//1928 
f 1895//1895 1908//1908 1899//1899 
f 1895//1895 2341//2341 1908//1908 
f 1890//1890 2326//2326 1923//1923 
f 1909//1909 1928//1928 1896//1896 
f 1655//1655 1924//1924 1931//1931 
f 1895//1895 1899//1899 1907//1907 
f 1891//1891 1896//1896 522//522 
f 1913//1913 1898//1898 2326//2326 
f 1892//1892 113//113 1928//1928 
f 1888//1888 2329//2329 1919//1919 
f 1888//1888 2345//2345 2329//2329 
f 1920//1920 118//118 2304//2304 
f 1921//1921 1912//1912 2341//2341 
f 1921//1921 1901//1901 1912//1912 
f 1924//1924 2325//2325 1931//1931 
f 1919//1919 2329//2329 516//516 
f 1901//1901 1921//1921 141//141 
f 1899//1899 1908//1908 1907//1907 
f 1898//1898 2631//2631 2326//2326 
f 522//522 1896//1896 1911//1911 
f 1896//1896 1928//1928 2335//2335 
f 1923//1923 2326//2326 1938//1938 
f 1634//1634 1655//1655 1937//1937 
f 1901//1901 1914//1914 1912//1912 
f 113//113 1923//1923 2368//2368 
f 516//516 2329//2329 2343//2343 
f 516//516 2343//2343 1932//1932 
f 1923//1923 1938//1938 2368//2368 
f 1908//1908 2359//2359 1907//1907 
f 1908//1908 1925//1925 2359//2359 
f 1907//1907 2359//2359 118//118 
f 1907//1907 118//118 1920//1920 
f 1931//1931 2325//2325 2344//2344 
f 1911//1911 1916//1916 522//522 
f 1931//1931 1937//1937 1655//1655 
f 1931//1931 1929//1929 1937//1937 
f 1930//1930 1925//1925 1908//1908 
f 1930//1930 1912//1912 1934//1934 
f 1930//1930 1934//1934 1925//1925 
f 1915//1915 2631//2631 528//528 
f 1915//1915 2326//2326 2631//2631 
f 1915//1915 1938//1938 2326//2326 
f 1915//1915 1936//1936 1938//1938 
f 1931//1931 2344//2344 1929//1929 
f 1932//1932 2343//2343 2347//2347 
f 1932//1932 2347//2347 1918//1918 
f 1915//1915 528//528 1936//1936 
f 1912//1912 1914//1914 1952//1952 
f 1912//1912 1952//1952 1934//1934 
f 1916//1916 1911//1911 2370//2370 
f 1938//1938 114//114 2368//2368 
f 1938//1938 1955//1955 114//114 
f 1938//1938 1936//1936 1955//1955 
f 1916//1916 2370//2370 1950//1950 
f 1918//1918 1954//1954 1932//1932 
f 2359//2359 1933//1933 142//142 
f 2359//2359 142//142 118//118 
f 1937//1937 1944//1944 1917//1917 
f 1937//1937 1635//1635 1944//1944 
f 114//114 2374//2374 2368//2368 
f 114//114 2361//2361 2374//2374 
f 142//142 2746//2746 2610//2610 
f 142//142 2610//2610 118//118 
f 1925//1925 1934//1934 1963//1963 
f 1929//1929 2350//2350 1635//1635 
f 1952//1952 1914//1914 1922//1922 
f 1925//1925 1933//1933 2359//2359 
f 1925//1925 1963//1963 1933//1933 
f 1917//1917 1944//1944 1922//1922 
f 1950//1950 2370//2370 1957//1957 
f 1933//1933 1945//1945 142//142 
f 1918//1918 2347//2347 2365//2365 
f 1918//1918 2365//2365 1939//1939 
f 1918//1918 1939//1939 1954//1954 
f 1933//1933 1963//1963 1945//1945 
f 1935//1935 2350//2350 1929//1929 
f 1935//1935 2344//2344 1960//1960 
f 1935//1935 1929//1929 2344//2344 
f 1957//1957 2382//2382 1950//1950 
f 1936//1936 528//528 1940//1940 
f 1635//1635 1943//1943 1944//1944 
f 1936//1936 1940//1940 1955//1955 
f 1960//1960 2340//2340 2367//2367 
f 1957//1957 1941//1941 2382//2382 
f 1939//1939 2365//2365 2375//2375 
f 1939//1939 1946//1946 1954//1954 
f 1935//1935 1960//1960 1968//1968 
f 1942//1942 1635//1635 2350//2350 
f 1940//1940 528//528 2364//2364 
f 1940//1940 2364//2364 2373//2373 
f 1955//1955 2369//2369 114//114 
f 1955//1955 2400//2400 2369//2369 
f 1960//1960 1967//1967 1968//1968 
f 1960//1960 2367//2367 1967//1967 
f 1963//1963 535//535 1945//1945 
f 1955//1955 1940//1940 115//115 
f 1942//1942 2350//2350 2372//2372 
f 1963//1963 1657//1657 535//535 
f 1963//1963 1934//1934 1657//1657 
f 1935//1935 1968//1968 2372//2372 
f 1935//1935 2372//2372 2350//2350 
f 1952//1952 1922//1922 1947//1947 
f 1952//1952 1947//1947 1657//1657 
f 1943//1943 1942//1942 1951//1951 
f 1943//1943 1635//1635 1942//1942 
f 1943//1943 1951//1951 1959//1959 
f 1943//1943 1959//1959 1944//1944 
f 1940//1940 2373//2373 115//115 
f 1967//1967 2367//2367 2383//2383 
f 1939//1939 2375//2375 1946//1946 
f 1944//1944 1947//1947 1922//1922 
f 1657//1657 1934//1934 1952//1952 
f 1955//1955 115//115 2400//2400 
f 1941//1941 1953//1953 2382//2382 
f 1942//1942 2372//2372 1951//1951 
f 1967//1967 1982//1982 1968//1968 
f 1945//1945 2387//2387 2634//2634 
f 1945//1945 535//535 2387//2387 
f 1947//1947 1944//1944 116//116 
f 1946//1946 2388//2388 1956//1956 
f 1946//1946 1956//1956 2378//2378 
f 1946//1946 2375//2375 2388//2388 
f 2369//2369 2400//2400 1972//1972 
f 1944//1944 1959//1959 116//116 
f 1953//1953 1941//1941 2434//2434 
f 115//115 2373//2373 1980//1980 
f 1968//1968 1966//1966 2372//2372 
f 1968//1968 1978//1978 1966//1966 
f 1951//1951 2372//2372 1961//1961 
f 2372//2372 1966//1966 1961//1961 
f 1978//1978 1968//1968 1982//1982 
f 1956//1956 2388//2388 2393//2393 
f 1972//1972 2416//2416 1962//1962 
f 1972//1972 2400//2400 2416//2416 
f 1980//1980 2373//2373 2778//2778 
f 1982//1982 1967//1967 685//685 
f 1964//1964 2386//2386 1953//1953 
f 1964//1964 1953//1953 2434//2434 
f 685//685 1967//1967 2391//2391 
f 685//685 2391//2391 1981//1981 
f 1959//1959 1951//1951 538//538 
f 1956//1956 549//549 2378//2378 
f 1947//1947 116//116 1969//1969 
f 1947//1947 1969//1969 2397//2397 
f 1982//1982 685//685 1978//1978 
f 2398//2398 2627//2627 2652//2652 
f 1962//1962 2416//2416 2422//2422 
f 1956//1956 2393//2393 549//549 
f 2398//2398 1965//1965 2627//2627 
f 2392//2392 115//115 1980//1980 
f 1980//1980 2811//2811 2392//2392 
f 1961//1961 1966//1966 2006//2006 
f 1958//1958 1993//1993 2387//2387 
f 1958//1958 2387//2387 535//535 
f 1965//1965 2391//2391 2627//2627 
f 1961//1961 538//538 1951//1951 
f 1961//1961 2006//2006 538//538 
f 1964//1964 1973//1973 2386//2386 
f 1964//1964 2434//2434 1973//1973 
f 1969//1969 116//116 2430//2430 
f 549//549 2419//2419 2378//2378 
f 1962//1962 1975//1975 2396//2396 
f 1962//1962 2422//2422 1975//1975 
f 1966//1966 1978//1978 1984//1984 
f 1965//1965 1981//1981 2391//2391 
f 1978//1978 1985//1985 1984//1984 
f 1978//1978 685//685 1985//1985 
f 1966//1966 1984//1984 2006//2006 
f 1969//1969 2430//2430 1976//1976 
f 2392//2392 766//766 1974//1974 
f 2392//2392 2811//2811 766//766 
f 1969//1969 1976//1976 2397//2397 
f 538//538 116//116 1959//1959 
f 1973//1973 1977//1977 2386//2386 
f 1993//1993 1987//1987 145//145 
f 1993//1993 145//145 2387//2387 
f 2429//2429 1983//1983 2398//2398 
f 549//549 1988//1988 2419//2419 
f 1993//1993 1958//1958 1987//1987 
f 1965//1965 1994//1994 2008//2008 
f 1974//1974 2408//2408 2392//2392 
f 1974//1974 1990//1990 2408//2408 
f 1965//1965 2008//2008 1981//1981 
f 1977//1977 2409//2409 2386//2386 
f 1974//1974 766//766 1990//1990 
f 1981//1981 2008//2008 1979//1979 
f 1979//1979 2010//2010 1985//1985 
f 1979//1979 1985//1985 685//685 
f 1983//1983 1994//1994 1965//1965 
f 1983//1983 1965//1965 2398//2398 
f 1975//1975 1986//1986 2396//2396 
f 1984//1984 1660//1660 1636//1636 
f 1984//1984 1636//1636 2006//2006 
f 1977//1977 1989//1989 2409//2409 
f 1987//1987 1958//1958 2397//2397 
f 1987//1987 2397//2397 1991//1991 
f 1988//1988 2429//2429 2419//2419 
f 1987//1987 1991//1991 2019//2019 
f 1987//1987 2019//2019 145//145 
f 538//538 553//553 116//116 
f 538//538 1637//1637 553//553 
f 2008//2008 1994//1994 120//120 
f 1976//1976 2430//2430 2016//2016 
f 1990//1990 766//766 2845//2845 
f 1985//1985 2010//2010 2004//2004 
f 1985//1985 2004//2004 1984//1984 
f 1988//1988 1995//1995 2429//2429 
f 145//145 2019//2019 1997//1997 
f 1991//1991 2397//2397 1976//1976 
f 1986//1986 2417//2417 2396//2396 
f 1983//1983 120//120 1994//1994 
f 1983//1983 2000//2000 120//120 
f 2008//2008 120//120 2001//2001 
f 1989//1989 2411//2411 2409//2409 
f 2016//2016 2430//2430 553//553 
f 1989//1989 1977//1977 1999//1999 
f 1990//1990 2022//2022 2435//2435 
f 1990//1990 2435//2435 2408//2408 
f 2010//2010 1979//1979 2008//2008 
f 1990//1990 2845//2845 2022//2022 
f 1983//1983 2429//2429 2000//2000 
f 145//145 1997//1997 2412//2412 
f 553//553 2011//2011 2016//2016 
f 1660//1660 1984//1984 2004//2004 
f 2008//2008 2001//2001 2010//2010 
f 1989//1989 1999//1999 2411//2411 
f 1995//1995 1988//1988 2421//2421 
f 1996//1996 2417//2417 1986//1986 
f 2000//2000 2429//2429 1995//1995 
f 1637//1637 2011//2011 553//553 
f 2016//2016 1998//1998 1976//1976 
f 1997//1997 2019//2019 2017//2017 
f 1998//1998 1991//1991 1976//1976 
f 1999//1999 2421//2421 2411//2411 
f 2000//2000 2012//2012 120//120 
f 2022//2022 2424//2424 2435//2435 
f 1997//1997 2455//2455 2412//2412 
f 2022//2022 2845//2845 2900//2900 
f 2455//2455 2442//2442 2412//2412 
f 2001//2001 120//120 2025//2025 
f 2010//2010 2026//2026 2004//2004 
f 2010//2010 2001//2001 2026//2026 
f 2421//2421 2005//2005 1995//1995 
f 2000//2000 1995//1995 2012//2012 
f 1660//1660 2041//2041 2002//2002 
f 1660//1660 2004//2004 2041//2041 
f 1998//1998 2016//2016 146//146 
f 2022//2022 2003//2003 2424//2424 
f 2019//2019 2007//2007 2017//2017 
f 1997//1997 2017//2017 2455//2455 
f 2016//2016 2011//2011 146//146 
f 1996//1996 2009//2009 2417//2417 
f 1996//1996 2459//2459 2009//2009 
f 120//120 2012//2012 2025//2025 
f 2003//2003 2022//2022 2883//2883 
f 2002//2002 2041//2041 2021//2021 
f 2002//2002 2021//2021 1638//1638 
f 2022//2022 2900//2900 2883//2883 
f 1999//1999 2020//2020 2005//2005 
f 1999//1999 2005//2005 2421//2421 
f 2026//2026 2001//2001 2025//2025 
f 2025//2025 2012//2012 122//122 
f 2026//2026 2025//2025 2038//2038 
f 2029//2029 2019//2019 1998//1998 
f 2007//2007 2019//2019 2029//2029 
f 2011//2011 2024//2024 146//146 
f 2017//2017 2023//2023 2455//2455 
f 2009//2009 2459//2459 557//557 
f 2011//2011 2028//2028 2024//2024 
f 2029//2029 1998//1998 146//146 
f 2007//2007 2029//2029 2048//2048 
f 2005//2005 121//121 1995//1995 
f 557//557 2454//2454 2009//2009 
f 2005//2005 2020//2020 2033//2033 
f 122//122 2012//2012 2042//2042 
f 2017//2017 2048//2048 2023//2023 
f 2005//2005 2033//2033 121//121 
f 1638//1638 2021//2021 2028//2028 
f 2017//2017 2007//2007 2048//2048 
f 121//121 2045//2045 1995//1995 
f 2003//2003 5072//5072 2018//2018 
f 2003//2003 2883//2883 5072//5072 
f 2041//2041 2026//2026 2027//2027 
f 2041//2041 2027//2027 2049//2049 
f 2038//2038 2025//2025 2032//2032 
f 2038//2038 2032//2032 1639//1639 
f 2045//2045 2042//2042 2012//2012 
f 2047//2047 2056//2056 2020//2020 
f 2437//2437 2454//2454 557//557 
f 557//557 2441//2441 2437//2437 
f 2047//2047 2020//2020 2436//2436 
f 2020//2020 2056//2056 2033//2033 
f 122//122 2032//2032 2025//2025 
f 122//122 2034//2034 2032//2032 
f 2042//2042 2045//2045 2031//2031 
f 2018//2018 5072//5072 2030//2030 
f 2027//2027 2026//2026 2038//2038 
f 2042//2042 2031//2031 122//122 
f 121//121 2033//2033 123//123 
f 2038//2038 1639//1639 2027//2027 
f 2024//2024 2057//2057 146//146 
f 2024//2024 2066//2066 2057//2057 
f 2023//2023 2649//2649 2455//2455 
f 2048//2048 2029//2029 2035//2035 
f 2021//2021 2049//2049 2446//2446 
f 2045//2045 2445//2445 2031//2031 
f 2045//2045 121//121 2445//2445 
f 121//121 123//123 2445//2445 
f 2049//2049 2027//2027 2446//2446 
f 2024//2024 2028//2028 2447//2447 
f 2024//2024 2447//2447 2066//2066 
f 2030//2030 5072//5072 5062//5062 
f 2028//2028 2021//2021 2447//2447 
f 2021//2021 2446//2446 2039//2039 
f 2032//2032 564//564 1639//1639 
f 2027//2027 1639//1639 2446//2446 
f 2033//2033 2056//2056 2052//2052 
f 2033//2033 2052//2052 123//123 
f 2021//2021 2039//2039 2447//2447 
f 2031//2031 2054//2054 2034//2034 
f 2031//2031 2062//2062 2054//2054 
f 2031//2031 2034//2034 122//122 
f 2437//2437 2448//2448 2063//2063 
f 2034//2034 2054//2054 2032//2032 
f 2035//2035 2029//2029 146//146 
f 2437//2437 2441//2441 2448//2448 
f 2035//2035 146//146 2057//2057 
f 2444//2444 2030//2030 5062//5062 
f 2066//2066 2447//2447 2043//2043 
f 564//564 2054//2054 2076//2076 
f 564//564 2032//2032 2054//2054 
f 2035//2035 2055//2055 2079//2079 
f 2063//2063 2448//2448 2478//2478 
f 2046//2046 2073//2073 2056//2056 
f 2040//2040 2649//2649 2023//2023 
f 2035//2035 2057//2057 2066//2066 
f 2035//2035 2066//2066 2055//2055 
f 2039//2039 2088//2088 2447//2447 
f 2043//2043 2075//2075 2066//2066 
f 2039//2039 2080//2080 2088//2088 
f 2039//2039 2446//2446 2080//2080 
f 2040//2040 2051//2051 2649//2649 
f 2062//2062 2097//2097 2065//2065 
f 2044//2044 2095//2095 2443//2443 
f 2062//2062 2065//2065 2054//2054 
f 2444//2444 2053//2053 700//700 
f 2056//2056 2073//2073 2052//2052 
f 123//123 2052//2052 2064//2064 
f 564//564 2076//2076 2050//2050 
f 123//123 2064//2064 2445//2445 
f 2051//2051 2040//2040 2067//2067 
f 2054//2054 2065//2065 2076//2076 
f 2046//2046 2095//2095 2073//2073 
f 2063//2063 2478//2478 2091//2091 
f 2063//2063 2091//2091 2044//2044 
f 2052//2052 2073//2073 2070//2070 
f 2080//2080 2446//2446 2069//2069 
f 2079//2079 2067//2067 2040//2040 
f 2088//2088 2075//2075 2043//2043 
f 2064//2064 2052//2052 2071//2071 
f 2064//2064 2072//2072 2097//2097 
f 2064//2064 2097//2097 2445//2445 
f 2079//2079 2055//2055 2067//2067 
f 124//124 2074//2074 2069//2069 
f 124//124 2050//2050 2074//2074 
f 2044//2044 2068//2068 2095//2095 
f 2065//2065 2097//2097 2479//2479 
f 2066//2066 2075//2075 301//301 
f 2066//2066 301//301 2055//2055 
f 2098//2098 700//700 2053//2053 
f 2091//2091 2068//2068 2044//2044 
f 2088//2088 2080//2080 2075//2075 
f 2067//2067 2101//2101 2051//2051 
f 2052//2052 2070//2070 2071//2071 
f 2069//2069 2074//2074 2080//2080 
f 2095//2095 2068//2068 300//300 
f 2080//2080 2074//2074 2077//2077 
f 2067//2067 2055//2055 2101//2101 
f 2073//2073 2095//2095 147//147 
f 2068//2068 2091//2091 300//300 
f 2064//2064 2090//2090 2072//2072 
f 2064//2064 2071//2071 2113//2113 
f 2064//2064 2113//2113 2090//2090 
f 2091//2091 2478//2478 2104//2104 
f 2074//2074 2050//2050 2457//2457 
f 2098//2098 5109//5109 2104//2104 
f 2075//2075 2080//2080 2077//2077 
f 2098//2098 2053//2053 5109//5109 
f 2097//2097 2072//2072 2479//2479 
f 2065//2065 2479//2479 2081//2081 
f 2065//2065 2081//2081 2076//2076 
f 2070//2070 2073//2073 147//147 
f 2076//2076 2081//2081 2457//2457 
f 2075//2075 2094//2094 301//301 
f 2075//2075 2458//2458 2094//2094 
f 2101//2101 2456//2456 2051//2051 
f 2091//2091 2104//2104 2096//2096 
f 2091//2091 2096//2096 300//300 
f 2075//2075 2077//2077 2089//2089 
f 2078//2078 147//147 2095//2095 
f 2078//2078 2095//2095 300//300 
f 2074//2074 2457//2457 2102//2102 
f 2055//2055 301//301 2094//2094 
f 2055//2055 2094//2094 1640//1640 
f 2075//2075 2089//2089 2458//2458 
f 2081//2081 2479//2479 2114//2114 
f 2081//2081 2116//2116 2457//2457 
f 2081//2081 2114//2114 2116//2116 
f 2113//2113 2071//2071 2070//2070 
f 2070//2070 147//147 2100//2100 
f 2078//2078 2092//2092 147//147 
f 2078//2078 300//300 2092//2092 
f 2113//2113 2462//2462 2090//2090 
f 130//130 2096//2096 2104//2104 
f 5109//5109 130//130 2104//2104 
f 300//300 2096//2096 2650//2650 
f 300//300 2650//2650 2092//2092 
f 1640//1640 2094//2094 2099//2099 
f 2479//2479 2651//2651 2114//2114 
f 2113//2113 2070//2070 2122//2122 
f 2113//2113 2122//2122 2462//2462 
f 2093//2093 2077//2077 2074//2074 
f 2093//2093 2074//2074 2102//2102 
f 5109//5109 3090//3090 130//130 
f 2094//2094 2473//2473 2099//2099 
f 2094//2094 2458//2458 2473//2473 
f 2070//2070 2100//2100 2490//2490 
f 2070//2070 2490//2490 2122//2122 
f 2093//2093 2102//2102 2679//2679 
f 2096//2096 2466//2466 2650//2650 
f 2096//2096 130//130 2466//2466 
f 2101//2101 2099//2099 2465//2465 
f 2116//2116 2653//2653 2457//2457 
f 2093//2093 2679//2679 2103//2103 
f 2093//2093 2089//2089 2077//2077 
f 2102//2102 2457//2457 2653//2653 
f 2102//2102 2653//2653 2464//2464 
f 2089//2089 2093//2093 2103//2103 
f 2100//2100 2092//2092 2655//2655 
f 2100//2100 147//147 2092//2092 
f 2102//2102 2464//2464 2679//2679 
f 2100//2100 2655//2655 2490//2490 
f 2122//2122 2467//2467 2462//2462 
f 2089//2089 2103//2103 2469//2469 
f 2089//2089 2469//2469 2458//2458 
f 2122//2122 2490//2490 2468//2468 
f 2099//2099 2470//2470 2465//2465 
f 2099//2099 2473//2473 2470//2470 
f 2122//2122 2468//2468 2467//2467 
f 2105//2105 5352//5352 2501//2501 
f 2130//2130 2495//2495 2106//2106 
f 2105//2105 2131//2131 4320//4320 
f 2105//2105 2501//2501 2131//2131 
f 2130//2130 2106//2106 584//584 
f 2107//2107 2501//2501 2516//2516 
f 2107//2107 131//131 2501//2501 
f 2131//2131 2137//2137 4320//4320 
f 584//584 2106//2106 302//302 
f 302//302 2106//2106 2117//2117 
f 131//131 2107//2107 2511//2511 
f 131//131 2504//2504 2501//2501 
f 2137//2137 2131//2131 2508//2508 
f 2115//2115 2506//2506 2524//2524 
f 2115//2115 2118//2118 2506//2506 
f 302//302 2514//2514 584//584 
f 302//302 2117//2117 2119//2119 
f 302//302 2119//2119 2514//2514 
f 131//131 2511//2511 2142//2142 
f 131//131 2142//2142 2504//2504 
f 2137//2137 2508//2508 2141//2141 
f 2137//2137 2141//2141 5366//5366 
f 2118//2118 2503//2503 2121//2121 
f 2118//2118 2115//2115 2503//2503 
f 2142//2142 2511//2511 716//716 
f 2119//2119 2117//2117 2120//2120 
f 2142//2142 2144//2144 2504//2504 
f 2120//2120 2117//2117 2123//2123 
f 2141//2141 2508//2508 2517//2517 
f 2141//2141 2125//2125 5366//5366 
f 2118//2118 2121//2121 2541//2541 
f 2144//2144 2147//2147 2508//2508 
f 2141//2141 2517//2517 2125//2125 
f 2120//2120 2123//2123 2124//2124 
f 2142//2142 716//716 2147//2147 
f 2142//2142 2147//2147 2144//2144 
f 2125//2125 2127//2127 4514//4514 
f 2125//2125 2519//2519 2127//2127 
f 2125//2125 2517//2517 2519//2519 
f 2124//2124 2129//2129 2120//2120 
f 2121//2121 2126//2126 2541//2541 
f 2518//2518 2126//2126 2514//2514 
f 2518//2518 2152//2152 2126//2126 
f 2147//2147 716//716 2132//2132 
f 2147//2147 2132//2132 1663//1663 
f 2147//2147 1663//1663 2128//2128 
f 2127//2127 2150//2150 4514//4514 
f 2124//2124 2155//2155 1643//1643 
f 2124//2124 2123//2123 2155//2155 
f 2126//2126 464//464 2541//2541 
f 2127//2127 2519//2519 1676//1676 
f 2127//2127 1676//1676 2150//2150 
f 2128//2128 2538//2538 2147//2147 
f 2150//2150 1654//1654 5412//5412 
f 2150//2150 5412//5412 4514//4514 
f 2128//2128 1644//1644 2538//2538 
f 2154//2154 2541//2541 464//464 
f 1643//1643 2140//2140 1687//1687 
f 1643//1643 2155//2155 2140//2140 
f 2132//2132 719//719 1678//1678 
f 2520//2520 2713//2713 1651//1651 
f 1651//1651 2713//2713 2540//2540 
f 1651//1651 2540//2540 720//720 
f 2159//2159 1662//1662 720//720 
f 1678//1678 719//719 2138//2138 
f 1687//1687 2140//2140 2162//2162 
f 2138//2138 719//719 1656//1656 
f 1650//1650 1664//1664 303//303 
f 1650//1650 1659//1659 1664//1664 
f 1684//1684 2165//2165 2145//2145 
f 1684//1684 1665//1665 2165//2165 
f 2162//2162 2140//2140 2143//2143 
f 2162//2162 2143//2143 2146//2146 
f 2162//2162 2146//2146 299//299 
f 2145//2145 2165//2165 1680//1680 
f 2146//2146 2546//2546 299//299 
f 2146//2146 2143//2143 2149//2149 
f 1680//1680 2165//2165 2170//2170 
f 1692//1692 1667//1667 2148//2148 
f 1692//1692 2148//2148 1713//1713 
f 2146//2146 2149//2149 2176//2176 
f 1693//1693 103//103 1704//1704 
f 1682//1682 2172//2172 2169//2169 
f 1682//1682 2169//2169 2153//2153 
f 2146//2146 126//126 2546//2546 
f 2146//2146 2176//2176 126//126 
f 1699//1699 1702//1702 2151//2151 
f 1680//1680 2170//2170 2177//2177 
f 1680//1680 2177//2177 1706//1706 
f 103//103 596//596 1704//1704 
f 2153//2153 2156//2156 1722//1722 
f 2153//2153 1722//1722 467//467 
f 2153//2153 2169//2169 2156//2156 
f 2176//2176 2184//2184 133//133 
f 2176//2176 2149//2149 2184//2184 
f 1706//1706 2185//2185 2161//2161 
f 1706//1706 2177//2177 2185//2185 
f 2176//2176 133//133 126//126 
f 2172//2172 2163//2163 2169//2169 
f 2156//2156 2160//2160 1722//1722 
f 133//133 2184//2184 2166//2166 
f 2160//2160 1731//1731 1722//1722 
f 2156//2156 2169//2169 2210//2210 
f 133//133 2526//2526 126//126 
f 2156//2156 2210//2210 2160//2160 
f 2161//2161 2185//2185 2193//2193 
f 2163//2163 2195//2195 2169//2169 
f 133//133 2166//2166 2174//2174 
f 133//133 2174//2174 2526//2526 
f 2160//2160 2173//2173 1725//1725 
f 2548//2548 605//605 1716//1716 
f 2160//2160 2210//2210 2173//2173 
f 2195//2195 2210//2210 2169//2169 
f 2161//2161 2193//2193 2183//2183 
f 2161//2161 2183//2183 1735//1735 
f 2171//2171 2164//2164 1781//1781 
f 2174//2174 2166//2166 2208//2208 
f 2163//2163 2175//2175 2195//2195 
f 2173//2173 2178//2178 1725//1725 
f 2195//2195 134//134 2210//2210 
f 2173//2173 2210//2210 2201//2201 
f 2195//2195 2175//2175 134//134 
f 2173//2173 2201//2201 2178//2178 
f 1735//1735 2183//2183 2188//2188 
f 134//134 2187//2187 2210//2210 
f 2178//2178 2212//2212 2197//2197 
f 2178//2178 2201//2201 2212//2212 
f 2183//2183 1762//1762 2188//2188 
f 2186//2186 2527//2527 2189//2189 
f 2186//2186 605//605 2527//2527 
f 2187//2187 2201//2201 2210//2210 
f 2188//2188 2190//2190 2192//2192 
f 105//105 2196//2196 1759//1759 
f 105//105 1776//1776 2196//2196 
f 2189//2189 2527//2527 2191//2191 
f 134//134 1801//1801 2187//2187 
f 2186//2186 2189//2189 1774//1774 
f 2188//2188 1762//1762 2190//2190 
f 2212//2212 2198//2198 2197//2197 
f 1776//1776 1797//1797 2196//2196 
f 2187//2187 2219//2219 2201//2201 
f 2212//2212 2216//2216 2198//2198 
f 2212//2212 2201//2201 2216//2216 
f 2187//2187 1801//1801 2219//2219 
f 2191//2191 2527//2527 2529//2529 
f 2192//2192 2223//2223 1764//1764 
f 2192//2192 2190//2190 2223//2223 
f 2191//2191 2537//2537 2189//2189 
f 1759//1759 2196//2196 2202//2202 
f 2219//2219 2203//2203 2201//2201 
f 2191//2191 2542//2542 2537//2537 
f 2191//2191 2529//2529 2542//2542 
f 2529//2529 2530//2530 2542//2542 
f 2219//2219 1801//1801 2203//2203 
f 2196//2196 1797//1797 2202//2202 
f 2198//2198 1754//1754 2197//2197 
f 2198//2198 2224//2224 1754//1754 
f 2199//2199 1774//1774 2189//2189 
f 1797//1797 1783//1783 2202//2202 
f 2198//2198 2216//2216 2224//2224 
f 1764//1764 2223//2223 2234//2234 
f 2203//2203 2216//2216 2201//2201 
f 2202//2202 2211//2211 2213//2213 
f 2203//2203 2215//2215 2216//2216 
f 2194//2194 108//108 1798//1798 
f 2224//2224 135//135 1754//1754 
f 2203//2203 2238//2238 2215//2215 
f 2200//2200 2207//2207 99//99 
f 2202//2202 1783//1783 2211//2211 
f 2224//2224 2216//2216 2235//2235 
f 2199//2199 2555//2555 725//725 
f 2209//2209 2240//2240 1769//1769 
f 2209//2209 1769//1769 1629//1629 
f 2224//2224 2235//2235 135//135 
f 2234//2234 2218//2218 1815//1815 
f 2213//2213 2211//2211 2244//2244 
f 2209//2209 2217//2217 2240//2240 
f 2215//2215 2222//2222 2216//2216 
f 135//135 1778//1778 2239//2239 
f 135//135 2220//2220 1778//1778 
f 2222//2222 2235//2235 2216//2216 
f 135//135 2235//2235 2220//2220 
f 2214//2214 725//725 1809//1809 
f 2240//2240 2225//2225 1769//1769 
f 2215//2215 2238//2238 2222//2222 
f 2240//2240 2217//2217 2250//2250 
f 2221//2221 1816//1816 2569//2569 
f 2221//2221 2569//2569 476//476 
f 1793//1793 2244//2244 2227//2227 
f 2222//2222 2259//2259 2235//2235 
f 2222//2222 1808//1808 2259//2259 
f 2220//2220 2235//2235 2277//2277 
f 2244//2244 1819//1819 2227//2227 
f 2226//2226 2225//2225 2240//2240 
f 2240//2240 2243//2243 2226//2226 
f 2240//2240 2250//2250 2243//2243 
f 1816//1816 2236//2236 2569//2569 
f 628//628 725//725 306//306 
f 1793//1793 2227//2227 2273//2273 
f 2220//2220 136//136 1791//1791 
f 2226//2226 2247//2247 2245//2245 
f 136//136 1796//1796 1791//1791 
f 2251//2251 2237//2237 4982//4982 
f 2251//2251 4982//4982 1795//1795 
f 2259//2259 2277//2277 2235//2235 
f 2259//2259 2241//2241 2277//2277 
f 2220//2220 2277//2277 136//136 
f 1824//1824 1839//1839 1817//1817 
f 2259//2259 1821//1821 2241//2241 
f 2247//2247 2226//2226 2243//2243 
f 2236//2236 2242//2242 2569//2569 
f 136//136 1806//1806 1796//1796 
f 2236//2236 479//479 2292//2292 
f 2236//2236 2292//2292 2242//2242 
f 136//136 2277//2277 2267//2267 
f 1839//1839 1844//1844 1817//1817 
f 2247//2247 2253//2253 2262//2262 
f 2247//2247 2583//2583 2253//2253 
f 2247//2247 2243//2243 2583//2583 
f 2241//2241 2248//2248 2277//2277 
f 1818//1818 2252//2252 740//740 
f 1818//1818 740//740 2249//2249 
f 2237//2237 138//138 4982//4982 
f 2241//2241 2260//2260 2248//2248 
f 2242//2242 634//634 2554//2554 
f 2242//2242 2554//2554 2569//2569 
f 136//136 2267//2267 1848//1848 
f 2237//2237 307//307 138//138 
f 2237//2237 1853//1853 307//307 
f 2248//2248 2267//2267 2277//2277 
f 2248//2248 2261//2261 2267//2267 
f 2249//2249 2292//2292 479//479 
f 2249//2249 137//137 2292//2292 
f 2248//2248 2260//2260 2261//2261 
f 2562//2562 2592//2592 1869//1869 
f 2242//2242 2292//2292 634//634 
f 2253//2253 2583//2583 2271//2271 
f 2249//2249 740//740 137//137 
f 137//137 2285//2285 2292//2292 
f 2253//2253 2263//2263 2262//2262 
f 634//634 2292//2292 304//304 
f 634//634 2264//2264 2554//2554 
f 137//137 740//740 2594//2594 
f 2261//2261 2266//2266 2267//2267 
f 634//634 304//304 2264//2264 
f 2263//2263 1823//1823 2262//2262 
f 2263//2263 2253//2253 2271//2271 
f 137//137 2594//2594 2285//2285 
f 2285//2285 2269//2269 2292//2292 
f 2264//2264 2268//2268 2554//2554 
f 138//138 307//307 2575//2575 
f 138//138 2575//2575 2275//2275 
f 110//110 2274//2274 1840//1840 
f 110//110 2284//2284 2274//2274 
f 1848//1848 2267//2267 2266//2266 
f 2268//2268 2586//2586 2554//2554 
f 2264//2264 304//304 2298//2298 
f 2269//2269 304//304 2292//2292 
f 2284//2284 1851//1851 2274//2274 
f 2272//2272 1823//1823 2263//2263 
f 2263//2263 2579//2579 2272//2272 
f 2263//2263 2271//2271 2579//2579 
f 2264//2264 2299//2299 2268//2268 
f 2264//2264 2298//2298 2299//2299 
f 2285//2285 2601//2601 2269//2269 
f 2285//2285 2594//2594 2601//2601 
f 2268//2268 2299//2299 2586//2586 
f 2270//2270 1882//1882 2563//2563 
f 2275//2275 2287//2287 4001//4001 
f 2270//2270 2312//2312 1882//1882 
f 1840//1840 2274//2274 2286//2286 
f 2269//2269 2314//2314 304//304 
f 2276//2276 2282//2282 2577//2577 
f 2276//2276 2577//2577 2578//2578 
f 2275//2275 2585//2585 2287//2287 
f 2275//2275 2575//2575 2585//2585 
f 638//638 2592//2592 2572//2572 
f 2314//2314 2298//2298 304//304 
f 1876//1876 1861//1861 1893//1893 
f 2299//2299 2289//2289 2586//2586 
f 139//139 1886//1886 2297//2297 
f 638//638 2572//2572 2296//2296 
f 2288//2288 2291//2291 2282//2282 
f 2274//2274 1871//1871 2286//2286 
f 2269//2269 2601//2601 2314//2314 
f 2314//2314 2293//2293 2298//2298 
f 2282//2282 2276//2276 2288//2288 
f 2272//2272 2295//2295 2294//2294 
f 2272//2272 2579//2579 2295//2295 
f 2289//2289 2576//2576 2586//2586 
f 2290//2290 2572//2572 2291//2291 
f 2314//2314 2601//2601 2318//2318 
f 2314//2314 2318//2318 2293//2293 
f 2299//2299 2298//2298 652//652 
f 2299//2299 652//652 2289//2289 
f 2287//2287 2593//2593 4001//4001 
f 2295//2295 2579//2579 2300//2300 
f 2290//2290 1897//1897 2572//2572 
f 2291//2291 2288//2288 2587//2587 
f 2291//2291 2587//2587 2290//2290 
f 2593//2593 5043//5043 4001//4001 
f 1886//1886 1885//1885 2297//2297 
f 2290//2290 2587//2587 1897//1897 
f 1863//1863 1887//1887 1878//1878 
f 1897//1897 2296//2296 2572//2572 
f 2293//2293 2321//2321 2298//2298 
f 2295//2295 2323//2323 1862//1862 
f 2289//2289 2301//2301 2576//2576 
f 2293//2293 2318//2318 2321//2321 
f 2297//2297 2584//2584 139//139 
f 2297//2297 2303//2303 2584//2584 
f 2321//2321 652//652 2298//2298 
f 2300//2300 2579//2579 129//129 
f 2323//2323 305//305 1862//1862 
f 1897//1897 2587//2587 2310//2310 
f 2297//2297 1885//1885 2303//2303 
f 2289//2289 652//652 2301//2301 
f 2323//2323 2295//2295 2338//2338 
f 2295//2295 2300//2300 2338//2338 
f 2593//2593 5519//5519 5043//5043 
f 2318//2318 2611//2611 2321//2321 
f 2302//2302 2308//2308 2304//2304 
f 2301//2301 652//652 140//140 
f 2301//2301 653//653 2608//2608 
f 2301//2301 2608//2608 2576//2576 
f 2303//2303 2309//2309 2584//2584 
f 2321//2321 2611//2611 2600//2600 
f 2313//2313 2711//2711 2739//2739 
f 2313//2313 2582//2582 2711//2711 
f 2303//2303 1919//1919 2309//2309 
f 2303//2303 1885//1885 1919//1919 
f 652//652 2321//2321 2311//2311 
f 2301//2301 140//140 653//653 
f 305//305 1653//1653 1862//1862 
f 305//305 2323//2323 1924//1924 
f 2323//2323 2338//2338 1924//1924 
f 2309//2309 2339//2339 2614//2614 
f 2309//2309 2614//2614 2584//2584 
f 2321//2321 2600//2600 2311//2311 
f 653//653 2315//2315 2608//2608 
f 2313//2313 2322//2322 741//741 
f 653//653 140//140 2317//2317 
f 2311//2311 140//140 652//652 
f 2311//2311 2316//2316 140//140 
f 2337//2337 2319//2319 2595//2595 
f 2315//2315 653//653 2317//2317 
f 2313//2313 2739//2739 749//749 
f 2302//2302 2304//2304 2319//2319 
f 2302//2302 2319//2319 2337//2337 
f 2338//2338 2325//2325 1924//1924 
f 2338//2338 2597//2597 2325//2325 
f 2313//2313 749//749 2322//2322 
f 2311//2311 2600//2600 2320//2320 
f 2309//2309 516//516 2339//2339 
f 2309//2309 1919//1919 516//516 
f 2332//2332 522//522 2345//2345 
f 2319//2319 2596//2596 2595//2595 
f 2311//2311 2320//2320 2316//2316 
f 2317//2317 140//140 2377//2377 
f 2315//2315 2598//2598 2608//2608 
f 2322//2322 2324//2324 741//741 
f 2339//2339 2327//2327 2603//2603 
f 2339//2339 2603//2603 2614//2614 
f 2319//2319 2349//2349 2596//2596 
f 2341//2341 1930//1930 1908//1908 
f 2341//2341 1912//1912 1930//1930 
f 2316//2316 2333//2333 140//140 
f 2339//2339 1932//1932 2327//2327 
f 2339//2339 516//516 1932//1932 
f 2320//2320 2600//2600 2607//2607 
f 2317//2317 2377//2377 658//658 
f 2317//2317 658//658 2315//2315 
f 2315//2315 664//664 2598//2598 
f 2315//2315 658//658 664//664 
f 2345//2345 522//522 1916//1916 
f 2349//2349 2604//2604 2596//2596 
f 2322//2322 2754//2754 2324//2324 
f 2322//2322 749//749 2754//2754 
f 2316//2316 2320//2320 2333//2333 
f 2327//2327 2334//2334 2603//2603 
f 2324//2324 2754//2754 2360//2360 
f 2345//2345 1916//1916 2329//2329 
f 2327//2327 1932//1932 2334//2334 
f 1928//1928 2363//2363 2335//2335 
f 1928//1928 113//113 2363//2363 
f 2320//2320 2607//2607 2333//2333 
f 113//113 2368//2368 2363//2363 
f 2333//2333 2377//2377 140//140 
f 2333//2333 2342//2342 2377//2377 
f 2360//2360 2336//2336 2606//2606 
f 2360//2360 2606//2606 2324//2324 
f 2360//2360 2754//2754 5024//5024 
f 2333//2333 2607//2607 2617//2617 
f 2333//2333 2617//2617 2342//2342 
f 664//664 2340//2340 2598//2598 
f 2334//2334 1932//1932 1954//1954 
f 2329//2329 1916//1916 2343//2343 
f 2335//2335 1911//1911 1896//1896 
f 2340//2340 2344//2344 2598//2598 
f 658//658 2367//2367 664//664 
f 658//658 2377//2377 2367//2367 
f 2368//2368 2374//2374 2363//2363 
f 2360//2360 5024//5024 2336//2336 
f 2343//2343 1916//1916 1950//1950 
f 2334//2334 742//742 2603//2603 
f 2334//2334 2348//2348 742//742 
f 2342//2342 2376//2376 2377//2377 
f 2336//2336 2631//2631 2606//2606 
f 2334//2334 1954//1954 2348//2348 
f 664//664 2367//2367 2340//2340 
f 2340//2340 1960//1960 2344//2344 
f 2343//2343 1950//1950 2382//2382 
f 2335//2335 2346//2346 1911//1911 
f 2336//2336 2351//2351 2631//2631 
f 2342//2342 2617//2617 2376//2376 
f 2336//2336 5024//5024 2757//2757 
f 2336//2336 2757//2757 2351//2351 
f 2335//2335 2363//2363 2384//2384 
f 2343//2343 2382//2382 2347//2347 
f 2348//2348 666//666 742//742 
f 2335//2335 2384//2384 2346//2346 
f 2374//2374 2361//2361 2363//2363 
f 2376//2376 2617//2617 2648//2648 
f 2376//2376 2367//2367 2377//2377 
f 2348//2348 1946//1946 666//666 
f 2348//2348 1954//1954 1946//1946 
f 2346//2346 2370//2370 1911//1911 
f 2346//2346 2362//2362 2370//2370 
f 2351//2351 528//528 2631//2631 
f 2351//2351 2364//2364 528//528 
f 2351//2351 2757//2757 2364//2364 
f 666//666 2618//2618 742//742 
f 666//666 2366//2366 2618//2618 
f 2361//2361 2385//2385 2363//2363 
f 2376//2376 2383//2383 2367//2367 
f 2347//2347 2382//2382 2365//2365 
f 2361//2361 114//114 2369//2369 
f 2376//2376 2648//2648 2383//2383 
f 2362//2362 2371//2371 2370//2370 
f 2385//2385 2384//2384 2363//2363 
f 2364//2364 2757//2757 2778//2778 
f 2365//2365 2382//2382 1953//1953 
f 2346//2346 2384//2384 2362//2362 
f 2383//2383 2648//2648 2391//2391 
f 2361//2361 2369//2369 1972//1972 
f 2361//2361 1972//1972 2385//2385 
f 666//666 1946//1946 2378//2378 
f 666//666 2378//2378 2366//2366 
f 2371//2371 1957//1957 2370//2370 
f 2364//2364 2778//2778 2373//2373 
f 2362//2362 2384//2384 2395//2395 
f 2383//2383 2391//2391 1967//1967 
f 2366//2366 2406//2406 2624//2624 
f 2366//2366 2624//2624 2618//2618 
f 2385//2385 144//144 2384//2384 
f 2362//2362 2395//2395 2371//2371 
f 2385//2385 1972//1972 1962//1962 
f 2385//2385 1962//1962 144//144 
f 2632//2632 2746//2746 142//142 
f 2632//2632 142//142 1945//1945 
f 2371//2371 143//143 1941//1941 
f 2371//2371 1941//1941 1957//1957 
f 2365//2365 1953//1953 2386//2386 
f 2365//2365 2386//2386 2375//2375 
f 1945//1945 2634//2634 2632//2632 
f 2371//2371 2395//2395 143//143 
f 2406//2406 2389//2389 2624//2624 
f 2366//2366 2378//2378 2406//2406 
f 144//144 1962//1962 2390//2390 
f 144//144 2390//2390 2395//2395 
f 144//144 2395//2395 2384//2384 
f 143//143 2395//2395 2407//2407 
f 2375//2375 2386//2386 2388//2388 
f 2400//2400 115//115 2392//2392 
f 2390//2390 2415//2415 2395//2395 
f 2406//2406 2378//2378 2419//2419 
f 2406//2406 2419//2419 2389//2389 
f 143//143 2434//2434 1941//1941 
f 143//143 2394//2394 2434//2434 
f 2390//2390 1962//1962 2396//2396 
f 2400//2400 2392//2392 2416//2416 
f 143//143 2418//2418 2394//2394 
f 143//143 2407//2407 2418//2418 
f 2389//2389 2398//2398 2624//2624 
f 2389//2389 2429//2429 2398//2398 
f 2415//2415 2407//2407 2395//2395 
f 2390//2390 2396//2396 2415//2415 
f 2389//2389 2419//2419 2429//2429 
f 2415//2415 2401//2401 2407//2407 
f 2388//2388 2409//2409 2393//2393 
f 2388//2388 2386//2386 2409//2409 
f 2416//2416 2392//2392 2408//2408 
f 2394//2394 2399//2399 2434//2434 
f 2387//2387 145//145 2634//2634 
f 2393//2393 2411//2411 549//549 
f 2416//2416 2408//2408 2422//2422 
f 1981//1981 1979//1979 685//685 
f 2394//2394 2418//2418 2399//2399 
f 2401//2401 2418//2418 2407//2407 
f 2415//2415 2396//2396 2401//2401 
f 2399//2399 2410//2410 2434//2434 
f 116//116 553//553 2430//2430 
f 2393//2393 2409//2409 2411//2411 
f 2422//2422 2435//2435 1975//1975 
f 2399//2399 2420//2420 2410//2410 
f 2399//2399 2418//2418 2420//2420 
f 145//145 2412//2412 2634//2634 
f 2401//2401 2414//2414 2418//2418 
f 2401//2401 2396//2396 2417//2417 
f 2401//2401 2417//2417 2414//2414 
f 2422//2422 2408//2408 2435//2435 
f 2410//2410 1973//1973 2434//2434 
f 2413//2413 2646//2646 2645//2645 
f 549//549 2411//2411 2421//2421 
f 549//549 2421//2421 1988//1988 
f 1975//1975 2435//2435 1986//1986 
f 2413//2413 2667//2667 2442//2442 
f 2414//2414 2420//2420 2418//2418 
f 2410//2410 2420//2420 2431//2431 
f 2410//2410 2423//2423 1977//1977 
f 2410//2410 1977//1977 1973//1973 
f 2410//2410 2431//2431 2423//2423 
f 1986//1986 2435//2435 2424//2424 
f 2442//2442 2667//2667 2412//2412 
f 2414//2414 2425//2425 2420//2420 
f 2414//2414 2417//2417 2009//2009 
f 2414//2414 2009//2009 2425//2425 
f 2423//2423 695//695 1977//1977 
f 1991//1991 1998//1998 2019//2019 
f 1986//1986 696//696 1996//1996 
f 1986//1986 2424//2424 696//696 
f 2423//2423 2431//2431 2463//2463 
f 2425//2425 2431//2431 2420//2420 
f 2425//2425 2009//2009 2454//2454 
f 2425//2425 2454//2454 2431//2431 
f 695//695 1999//1999 1977//1977 
f 1996//1996 696//696 2459//2459 
f 2004//2004 2026//2026 2041//2041 
f 696//696 2424//2424 2003//2003 
f 2454//2454 2432//2432 2431//2431 
f 2423//2423 2463//2463 695//695 
f 2455//2455 2460//2460 2442//2442 
f 695//695 2436//2436 1999//1999 
f 696//696 2003//2003 2018//2018 
f 2432//2432 2463//2463 2431//2431 
f 2433//2433 5695//5695 5551//5551 
f 695//695 2463//2463 2436//2436 
f 2012//2012 1995//1995 2045//2045 
f 2041//2041 2049//2049 2021//2021 
f 2454//2454 2437//2437 2432//2432 
f 696//696 2018//2018 2030//2030 
f 696//696 2030//2030 2459//2459 
f 2455//2455 2670//2670 2460//2460 
f 2436//2436 2020//2020 1999//1999 
f 2433//2433 2647//2647 2438//2438 
f 2436//2436 2463//2463 2472//2472 
f 2459//2459 2440//2440 557//557 
f 2433//2433 2438//2438 5536//5536 
f 2455//2455 2649//2649 2670//2670 
f 2433//2433 5536//5536 5695//5695 
f 2436//2436 2472//2472 2047//2047 
f 2432//2432 2439//2439 2463//2463 
f 557//557 2440//2440 2441//2441 
f 2459//2459 2030//2030 2440//2440 
f 2438//2438 5550//5550 5536//5536 
f 2047//2047 2472//2472 2056//2056 
f 2439//2439 2443//2443 2472//2472 
f 2439//2439 2472//2472 2463//2463 
f 2432//2432 2437//2437 2063//2063 
f 2432//2432 2443//2443 2439//2439 
f 2432//2432 2063//2063 2443//2443 
f 2438//2438 2670//2670 2471//2471 
f 2438//2438 2647//2647 2670//2670 
f 2440//2440 2030//2030 2444//2444 
f 2048//2048 2035//2035 2040//2040 
f 2048//2048 2040//2040 2023//2023 
f 2438//2438 2471//2471 5696//5696 
f 2438//2438 5696//5696 5550//5550 
f 2056//2056 2472//2472 2046//2046 
f 2440//2440 700//700 2441//2441 
f 2440//2440 2444//2444 700//700 
f 2443//2443 2095//2095 2472//2472 
f 2443//2443 2063//2063 2044//2044 
f 2446//2446 1639//1639 124//124 
f 2035//2035 2079//2079 2040//2040 
f 2447//2447 2088//2088 2043//2043 
f 2471//2471 2670//2670 2649//2649 
f 2445//2445 2062//2062 2031//2031 
f 2445//2445 2097//2097 2062//2062 
f 2471//2471 5552//5552 5696//5696 
f 2046//2046 2472//2472 2095//2095 
f 2441//2441 700//700 2448//2448 
f 2446//2446 124//124 2069//2069 
f 2471//2471 5573//5573 5552//5552 
f 2448//2448 700//700 2098//2098 
f 2471//2471 2649//2649 2051//2051 
f 2471//2471 2051//2051 5573//5573 
f 2448//2448 2098//2098 2478//2478 
f 2478//2478 2098//2098 2104//2104 
f 2051//2051 5574//5574 5573//5573 
f 2050//2050 2076//2076 2457//2457 
f 2051//2051 5600//5600 5574//5574 
f 2051//2051 2456//2456 5600//5600 
f 2072//2072 2461//2461 2479//2479 
f 2072//2072 2090//2090 2461//2461 
f 2456//2456 5599//5599 5699//5699 
f 2456//2456 5699//5699 5600//5600 
f 2456//2456 2101//2101 5599//5599 
f 2479//2479 2461//2461 2651//2651 
f 2090//2090 2462//2462 2461//2461 
f 2101//2101 2465//2465 5599//5599 
f 130//130 3090//3090 2466//2466 
f 2490//2490 2655//2655 2658//2658 
f 2462//2462 2467//2467 2677//2677 
f 2462//2462 2677//2677 2461//2461 
f 2466//2466 3090//3090 5075//5075 
f 2650//2650 2466//2466 149//149 
f 2465//2465 5583//5583 5599//5599 
f 2465//2465 2470//2470 5583//5583 
f 2490//2490 2658//2658 2468//2468 
f 2470//2470 5586//5586 5583//5583 
f 2470//2470 2473//2473 2496//2496 
f 149//149 2656//2656 2650//2650 
f 2466//2466 3145//3145 149//149 
f 2466//2466 5075//5075 3145//3145 
f 2468//2468 705//705 2467//2467 
f 149//149 2480//2480 2656//2656 
f 2103//2103 2679//2679 148//148 
f 2470//2470 2496//2496 5586//5586 
f 705//705 119//119 2500//2500 
f 705//705 2468//2468 119//119 
f 2103//2103 148//148 2664//2664 
f 149//149 3145//3145 2480//2480 
f 2496//2496 5700//5700 5586//5586 
f 2500//2500 2484//2484 705//705 
f 2480//2480 3145//3145 3213//3213 
f 2480//2480 3213//3213 2482//2482 
f 2496//2496 2481//2481 5589//5589 
f 2496//2496 5589//5589 5700//5700 
f 148//148 2669//2669 2671//2671 
f 2482//2482 3213//3213 2483//2483 
f 2484//2484 2672//2672 2691//2691 
f 2481//2481 2485//2485 5589//5589 
f 2485//2485 2481//2481 2671//2671 
f 2485//2485 2507//2507 5701//5701 
f 2485//2485 2671//2671 2507//2507 
f 2486//2486 2672//2672 2483//2483 
f 2486//2486 1363//1363 2672//2672 
f 2507//2507 5628//5628 5701//5701 
f 2509//2509 2707//2707 2513//2513 
f 2509//2509 5028//5028 2707//2707 
f 2488//2488 2683//2683 2489//2489 
f 2488//2488 2684//2684 2707//2707 
f 2488//2488 2707//2707 2683//2683 
f 2509//2509 2513//2513 2491//2491 
f 2488//2488 2489//2489 2512//2512 
f 2488//2488 2512//2512 2515//2515 
f 2488//2488 2515//2515 2684//2684 
f 2491//2491 2492//2492 5680//5680 
f 2491//2491 2513//2513 2493//2493 
f 2491//2491 2493//2493 2492//2492 
f 2512//2512 2489//2489 2495//2495 
f 2512//2512 2495//2495 2494//2494 
f 2512//2512 2494//2494 2515//2515 
f 2493//2493 2684//2684 2685//2685 
f 2493//2493 2513//2513 2684//2684 
f 2492//2492 2516//2516 5352//5352 
f 2492//2492 5352//5352 5680//5680 
f 2492//2492 2493//2493 125//125 
f 2515//2515 2685//2685 2684//2684 
f 2494//2494 2495//2495 2497//2497 
f 2494//2494 2502//2502 2515//2515 
f 2515//2515 2498//2498 2685//2685 
f 2493//2493 2498//2498 125//125 
f 2493//2493 2685//2685 2498//2498 
f 2516//2516 2501//2501 5352//5352 
f 2492//2492 125//125 2516//2516 
f 2515//2515 2502//2502 2498//2498 
f 2497//2497 2495//2495 2130//2130 
f 2494//2494 2524//2524 2502//2502 
f 2494//2494 2497//2497 2524//2524 
f 2498//2498 2502//2502 2523//2523 
f 2498//2498 2523//2523 2686//2686 
f 125//125 2498//2498 2525//2525 
f 2130//2130 2524//2524 2497//2497 
f 125//125 2505//2505 2107//2107 
f 2524//2524 2506//2506 2502//2502 
f 2516//2516 125//125 2107//2107 
f 125//125 2525//2525 2505//2505 
f 2525//2525 2498//2498 2686//2686 
f 2130//2130 2503//2503 2524//2524 
f 2130//2130 584//584 2503//2503 
f 2501//2501 2504//2504 2131//2131 
f 2523//2523 2528//2528 2686//2686 
f 2524//2524 2503//2503 2115//2115 
f 2523//2523 2502//2502 2506//2506 
f 2523//2523 2506//2506 2528//2528 
f 2525//2525 2686//2686 2688//2688 
f 2525//2525 2688//2688 2505//2505 
f 2528//2528 2688//2688 2686//2686 
f 2131//2131 2504//2504 2144//2144 
f 2131//2131 2144//2144 2508//2508 
f 2505//2505 2688//2688 2510//2510 
f 2505//2505 2511//2511 2107//2107 
f 2505//2505 2510//2510 2511//2511 
f 584//584 2514//2514 2503//2503 
f 2528//2528 2534//2534 2688//2688 
f 2528//2528 2118//2118 2534//2534 
f 2528//2528 2506//2506 2118//2118 
f 2510//2510 2688//2688 2689//2689 
f 2503//2503 2514//2514 2121//2121 
f 2534//2534 2689//2689 2688//2688 
f 2510//2510 2689//2689 2539//2539 
f 2514//2514 2126//2126 2121//2121 
f 2510//2510 2539//2539 2511//2511 
f 2508//2508 2538//2538 2517//2517 
f 2508//2508 2147//2147 2538//2538 
f 2511//2511 2539//2539 716//716 
f 2534//2534 2540//2540 2689//2689 
f 2119//2119 2518//2518 2514//2514 
f 2119//2119 2120//2120 2518//2518 
f 2534//2534 2118//2118 2541//2541 
f 2534//2534 2541//2541 2540//2540 
f 2517//2517 2538//2538 1644//1644 
f 2539//2539 2713//2713 2520//2520 
f 2539//2539 2689//2689 2713//2713 
f 2540//2540 2713//2713 2689//2689 
f 2517//2517 1644//1644 2519//2519 
f 2120//2120 2129//2129 2518//2518 
f 2540//2540 2541//2541 2154//2154 
f 2539//2539 2132//2132 716//716 
f 2539//2539 719//719 2132//2132 
f 2539//2539 2520//2520 719//719 
f 2540//2540 2154//2154 720//720 
f 2546//2546 126//126 1716//1716 
f 126//126 2548//2548 1716//1716 
f 126//126 2526//2526 2527//2527 
f 126//126 2527//2527 2548//2548 
f 2548//2548 2527//2527 605//605 
f 2526//2526 2529//2529 2527//2527 
f 2526//2526 2174//2174 2529//2529 
f 2174//2174 2530//2530 2529//2529 
f 2174//2174 2531//2531 2530//2530 
f 2174//2174 2208//2208 2531//2531 
f 2531//2531 2553//2553 2532//2532 
f 2531//2531 2208//2208 2553//2553 
f 2532//2532 2553//2553 2533//2533 
f 2530//2530 2531//2531 127//127 
f 2530//2530 127//127 2542//2542 
f 2531//2531 2549//2549 127//127 
f 2533//2533 2553//2553 2536//2536 
f 2531//2531 2532//2532 2549//2549 
f 2199//2199 2189//2189 2555//2555 
f 2532//2532 2533//2533 2549//2549 
f 2555//2555 2537//2537 306//306 
f 2555//2555 2189//2189 2537//2537 
f 2533//2533 2536//2536 2535//2535 
f 2537//2537 2550//2550 306//306 
f 2537//2537 2542//2542 2550//2550 
f 2555//2555 306//306 725//725 
f 2533//2533 2535//2535 2549//2549 
f 2547//2547 2542//2542 127//127 
f 2535//2535 2694//2694 2690//2690 
f 2535//2535 2536//2536 2694//2694 
f 2542//2542 2547//2547 2550//2550 
f 2547//2547 127//127 2552//2552 
f 2568//2568 2552//2552 127//127 
f 2568//2568 127//127 2549//2549 
f 306//306 2696//2696 628//628 
f 306//306 2550//2550 2696//2696 
f 476//476 2569//2569 2551//2551 
f 2550//2550 2547//2547 2698//2698 
f 2568//2568 2557//2557 2552//2552 
f 2550//2550 2698//2698 2696//2696 
f 2547//2547 2697//2697 2698//2698 
f 2250//2250 2551//2551 2243//2243 
f 2568//2568 2549//2549 2719//2719 
f 2568//2568 2719//2719 2557//2557 
f 2547//2547 2552//2552 2697//2697 
f 2243//2243 2551//2551 2556//2556 
f 2551//2551 2569//2569 2554//2554 
f 2551//2551 2554//2554 2556//2556 
f 2243//2243 2556//2556 2583//2583 
f 2557//2557 2558//2558 2552//2552 
f 2558//2558 2564//2564 2552//2552 
f 2557//2557 2573//2573 2558//2558 
f 2559//2559 2697//2697 2564//2564 
f 2564//2564 2697//2697 2552//2552 
f 2557//2557 2565//2565 2573//2573 
f 2557//2557 2719//2719 2565//2565 
f 2559//2559 2698//2698 2697//2697 
f 2559//2559 2560//2560 2698//2698 
f 2560//2560 2561//2561 2698//2698 
f 2561//2561 2562//2562 2696//2696 
f 2561//2561 128//128 2562//2562 
f 2561//2561 2696//2696 2698//2698 
f 2562//2562 628//628 2696//2696 
f 2562//2562 128//128 2592//2592 
f 2559//2559 2564//2564 2560//2560 
f 2583//2583 2570//2570 2271//2271 
f 2583//2583 2556//2556 2570//2570 
f 1853//1853 2563//2563 307//307 
f 2564//2564 2558//2558 2577//2577 
f 2556//2556 2554//2554 2586//2586 
f 2561//2561 2560//2560 128//128 
f 2564//2564 2577//2577 2560//2560 
f 2556//2556 2586//2586 2570//2570 
f 2560//2560 2577//2577 2282//2282 
f 2565//2565 2723//2723 2571//2571 
f 2565//2565 5549//5549 2723//2723 
f 2565//2565 2721//2721 5549//5549 
f 2592//2592 638//638 1869//1869 
f 740//740 2599//2599 2594//2594 
f 2560//2560 2291//2291 128//128 
f 2560//2560 2282//2282 2291//2291 
f 2571//2571 2573//2573 2565//2565 
f 128//128 2291//2291 2572//2572 
f 128//128 2572//2572 2592//2592 
f 2571//2571 2574//2574 2573//2573 
f 307//307 2308//2308 2575//2575 
f 2571//2571 2723//2723 2729//2729 
f 2570//2570 2586//2586 2576//2576 
f 2574//2574 2558//2558 2573//2573 
f 2574//2574 2578//2578 2558//2558 
f 2271//2271 2602//2602 2579//2579 
f 2271//2271 2570//2570 2602//2602 
f 2571//2571 2729//2729 2574//2574 
f 2594//2594 2599//2599 2601//2601 
f 2578//2578 2577//2577 2558//2558 
f 2574//2574 2580//2580 2578//2578 
f 2574//2574 2729//2729 2580//2580 
f 2570//2570 2576//2576 2602//2602 
f 2601//2601 2599//2599 2581//2581 
f 2276//2276 2578//2578 2582//2582 
f 2599//2599 139//139 2584//2584 
f 2599//2599 2584//2584 2581//2581 
f 2580//2580 2729//2729 2711//2711 
f 2276//2276 2582//2582 2288//2288 
f 2578//2578 2580//2580 2582//2582 
f 2575//2575 2302//2302 2585//2585 
f 2575//2575 2308//2308 2302//2302 
f 2602//2602 2576//2576 2608//2608 
f 2601//2601 2613//2613 2318//2318 
f 2601//2601 2581//2581 2613//2613 
f 2580//2580 2711//2711 2582//2582 
f 2579//2579 2602//2602 129//129 
f 2288//2288 2582//2582 741//741 
f 2287//2287 2585//2585 2595//2595 
f 2287//2287 2595//2595 2593//2593 
f 2318//2318 2613//2613 2611//2611 
f 2288//2288 741//741 2587//2587 
f 2581//2581 2584//2584 2614//2614 
f 2602//2602 2608//2608 129//129 
f 2582//2582 2313//2313 741//741 
f 2585//2585 2302//2302 2337//2337 
f 2581//2581 2614//2614 2613//2613 
f 2585//2585 2337//2337 2595//2595 
f 2300//2300 129//129 2597//2597 
f 2300//2300 2597//2597 2338//2338 
f 2593//2593 2595//2595 2596//2596 
f 2611//2611 2613//2613 2619//2619 
f 129//129 2608//2608 2597//2597 
f 2593//2593 2596//2596 2604//2604 
f 2593//2593 2604//2604 5519//5519 
f 2310//2310 2587//2587 2605//2605 
f 2611//2611 2619//2619 2600//2600 
f 2587//2587 741//741 2324//2324 
f 2613//2613 2614//2614 2603//2603 
f 2613//2613 2603//2603 2619//2619 
f 2597//2597 2608//2608 2598//2598 
f 2587//2587 2324//2324 2605//2605 
f 5519//5519 2604//2604 2625//2625 
f 2605//2605 2324//2324 2606//2606 
f 2625//2625 2626//2626 5522//5522 
f 2625//2625 5522//5522 5519//5519 
f 2597//2597 2598//2598 2325//2325 
f 2604//2604 2616//2616 2625//2625 
f 2604//2604 2349//2349 2616//2616 
f 2605//2605 2606//2606 1898//1898 
f 2600//2600 2619//2619 2609//2609 
f 2619//2619 2603//2603 742//742 
f 2325//2325 2598//2598 2344//2344 
f 2600//2600 2609//2609 2607//2607 
f 1898//1898 2606//2606 2631//2631 
f 2625//2625 2616//2616 2622//2622 
f 2619//2619 742//742 2609//2609 
f 118//118 2610//2610 2304//2304 
f 2610//2610 2319//2319 2304//2304 
f 2625//2625 2622//2622 2626//2626 
f 2610//2610 2615//2615 2639//2639 
f 2610//2610 2639//2639 2319//2319 
f 2639//2639 2640//2640 2319//2319 
f 2626//2626 2622//2622 2623//2623 
f 2607//2607 2609//2609 2617//2617 
f 2640//2640 2349//2349 2319//2319 
f 2609//2609 742//742 2618//2618 
f 2640//2640 2616//2616 2349//2349 
f 2617//2617 2609//2609 2621//2621 
f 2626//2626 2623//2623 2761//2761 
f 2616//2616 2620//2620 2622//2622 
f 2610//2610 2746//2746 2615//2615 
f 2609//2609 2618//2618 2621//2621 
f 2639//2639 2615//2615 753//753 
f 2639//2639 753//753 2640//2640 
f 2640//2640 753//753 2616//2616 
f 2620//2620 2623//2623 2622//2622 
f 2616//2616 20//20 2620//2620 
f 2616//2616 753//753 20//20 
f 2617//2617 2652//2652 2648//2648 
f 2617//2617 2621//2621 2652//2652 
f 2621//2621 2618//2618 2624//2624 
f 2621//2621 2624//2624 2652//2652 
f 2648//2648 2652//2652 2391//2391 
f 2391//2391 2652//2652 2627//2627 
f 2628//2628 2630//2630 2620//2620 
f 2628//2628 2620//2620 2629//2629 
f 2629//2629 20//20 117//117 
f 2629//2629 2620//2620 20//20 
f 2652//2652 2624//2624 2398//2398 
f 117//117 20//20 753//753 
f 2630//2630 2623//2623 2620//2620 
f 2630//2630 2765//2765 2623//2623 
f 117//117 753//753 2654//2654 
f 2654//2654 753//753 2615//2615 
f 2654//2654 2615//2615 2632//2632 
f 2628//2628 2629//2629 2630//2630 
f 2632//2632 2661//2661 2654//2654 
f 2632//2632 2615//2615 2746//2746 
f 2632//2632 2642//2642 2661//2661 
f 2629//2629 117//117 2630//2630 
f 2630//2630 2665//2665 2765//2765 
f 2632//2632 2634//2634 2642//2642 
f 2630//2630 117//117 2665//2665 
f 2654//2654 2661//2661 117//117 
f 117//117 2645//2645 2665//2665 
f 2641//2641 2776//2776 2765//2765 
f 117//117 2413//2413 2645//2645 
f 117//117 2661//2661 2413//2413 
f 2641//2641 2765//2765 2643//2643 
f 2661//2661 2642//2642 2413//2413 
f 2641//2641 5547//5547 5530//5530 
f 2641//2641 5530//5530 2776//2776 
f 2642//2642 2667//2667 2413//2413 
f 2642//2642 2634//2634 2667//2667 
f 2643//2643 2765//2765 2665//2665 
f 2634//2634 2412//2412 2667//2667 
f 2641//2641 5694//5694 5547//5547 
f 2641//2641 2643//2643 5694//5694 
f 2643//2643 2665//2665 2644//2644 
f 2644//2644 2665//2665 2645//2645 
f 2644//2644 2645//2645 2646//2646 
f 2643//2643 5532//5532 5694//5694 
f 2644//2644 2433//2433 2643//2643 
f 2644//2644 2646//2646 2433//2433 
f 2643//2643 2433//2433 5693//5693 
f 2643//2643 5693//5693 5532//5532 
f 2433//2433 5551//5551 5693//5693 
f 2646//2646 2413//2413 2433//2433 
f 2442//2442 2647//2647 2413//2413 
f 2413//2413 2647//2647 2433//2433 
f 2442//2442 2460//2460 2647//2647 
f 2460//2460 2670//2670 2647//2647 
f 2092//2092 2650//2650 2655//2655 
f 2653//2653 2116//2116 2657//2657 
f 2461//2461 2677//2677 2651//2651 
f 2114//2114 2677//2677 2116//2116 
f 2114//2114 2651//2651 2677//2677 
f 2655//2655 2650//2650 2656//2656 
f 2653//2653 2657//2657 2464//2464 
f 2655//2655 2656//2656 2658//2658 
f 2458//2458 2496//2496 2473//2473 
f 2458//2458 2469//2469 2496//2496 
f 2658//2658 2656//2656 2480//2480 
f 2677//2677 3092//3092 2116//2116 
f 2468//2468 2658//2658 2662//2662 
f 2677//2677 2467//2467 705//705 
f 2677//2677 705//705 745//745 
f 2657//2657 2116//2116 3092//3092 
f 2464//2464 16//16 148//148 
f 2464//2464 148//148 2679//2679 
f 2464//2464 2657//2657 16//16 
f 2677//2677 745//745 3092//3092 
f 2658//2658 2480//2480 2662//2662 
f 2657//2657 2682//2682 16//16 
f 2657//2657 3092//3092 2682//2682 
f 2468//2468 2662//2662 119//119 
f 745//745 705//705 2663//2663 
f 2103//2103 2664//2664 2469//2469 
f 745//745 3166//3166 3092//3092 
f 2662//2662 2480//2480 2482//2482 
f 2469//2469 2481//2481 2496//2496 
f 2682//2682 3092//3092 3166//3166 
f 2663//2663 705//705 2484//2484 
f 2469//2469 2664//2664 2481//2481 
f 119//119 2666//2666 2500//2500 
f 119//119 2662//2662 2666//2666 
f 745//745 2663//2663 3166//3166 
f 2682//2682 3166//3166 16//16 
f 16//16 2669//2669 148//148 
f 2662//2662 2482//2482 2666//2666 
f 2500//2500 2666//2666 2484//2484 
f 2663//2663 2484//2484 2687//2687 
f 2663//2663 2687//2687 3187//3187 
f 2663//2663 3187//3187 3166//3166 
f 16//16 2668//2668 2669//2669 
f 2482//2482 2483//2483 2666//2666 
f 148//148 2671//2671 2664//2664 
f 16//16 3166//3166 3187//3187 
f 16//16 3187//3187 2668//2668 
f 2481//2481 2664//2664 2671//2671 
f 2687//2687 2484//2484 2691//2691 
f 2484//2484 2666//2666 2672//2672 
f 2668//2668 2676//2676 2669//2669 
f 2666//2666 2483//2483 2672//2672 
f 2668//2668 3187//3187 2692//2692 
f 2687//2687 2693//2693 3187//3187 
f 2668//2668 2692//2692 2676//2676 
f 2671//2671 2669//2669 2676//2676 
f 2671//2671 2676//2676 2674//2674 
f 2672//2672 2675//2675 2691//2691 
f 2692//2692 2673//2673 2676//2676 
f 2687//2687 2678//2678 2693//2693 
f 2687//2687 2691//2691 2678//2678 
f 2672//2672 1363//1363 2675//2675 
f 2692//2692 1334//1334 2673//2673 
f 2692//2692 3187//3187 1334//1334 
f 2671//2671 2674//2674 2507//2507 
f 2675//2675 2678//2678 2691//2691 
f 2507//2507 5301//5301 5628//5628 
f 2507//2507 2674//2674 5301//5301 
f 2693//2693 1334//1334 3187//3187 
f 2675//2675 2680//2680 2678//2678 
f 2693//2693 2678//2678 291//291 
f 2693//2693 290//290 1334//1334 
f 2693//2693 291//291 290//290 
f 2674//2674 2676//2676 2673//2673 
f 2674//2674 2673//2673 2701//2701 
f 2680//2680 291//291 2678//2678 
f 2675//2675 5203//5203 2680//2680 
f 2675//2675 1363//1363 5203//5203 
f 2674//2674 2701//2701 5698//5698 
f 2674//2674 5698//5698 5301//5301 
f 2680//2680 746//746 291//291 
f 2680//2680 5203//5203 746//746 
f 2701//2701 5282//5282 5698//5698 
f 2701//2701 5266//5266 5282//5282 
f 2701//2701 3415//3415 5266//5266 
f 18//18 2683//2683 2707//2707 
f 18//18 5645//5645 2683//2683 
f 18//18 2707//2707 5028//5028 
f 2707//2707 2684//2684 2513//2513 
f 2549//2549 2535//2535 2719//2719 
f 2535//2535 2690//2690 2719//2719 
f 2690//2690 2721//2721 2719//2719 
f 2690//2690 2694//2694 2695//2695 
f 2690//2690 2695//2695 2699//2699 
f 2690//2690 2699//2699 2721//2721 
f 2719//2719 2721//2721 2565//2565 
f 2695//2695 2694//2694 5013//5013 
f 2699//2699 5549//5549 2721//2721 
f 2723//2723 5549//5549 2708//2708 
f 5549//5549 2700//2700 2709//2709 
f 2723//2723 2708//2708 2729//2729 
f 2725//2725 17//17 2710//2710 
f 2700//2700 2725//2725 2712//2712 
f 2700//2700 2712//2712 2709//2709 
f 2729//2729 2708//2708 2714//2714 
f 2725//2725 2710//2710 2735//2735 
f 2708//2708 2709//2709 2715//2715 
f 2729//2729 2714//2714 2711//2711 
f 2712//2712 2735//2735 2718//2718 
f 2714//2714 2715//2715 2716//2716 
f 2735//2735 2710//2710 2741//2741 
f 2718//2718 2715//2715 2712//2712 
f 2716//2716 2711//2711 2714//2714 
f 2715//2715 2718//2718 2720//2720 
f 2718//2718 2741//2741 751//751 
f 2720//2720 2722//2722 2715//2715 
f 751//751 2720//2720 2718//2718 
f 2747//2747 2716//2716 2722//2722 
f 2747//2747 2722//2722 2753//2753 
f 2722//2722 2720//2720 2731//2731 
f 2745//2745 2747//2747 2758//2758 
f 749//749 19//19 2754//2754 
f 2730//2730 2724//2724 2734//2734 
f 2758//2758 19//19 2745//2745 
f 2726//2726 750//750 2736//2736 
f 2737//2737 2731//2731 2720//2720 
f 2724//2724 2732//2732 2734//2734 
f 750//750 2733//2733 2736//2736 
f 2754//2754 19//19 2762//2762 
f 751//751 2748//2748 2737//2737 
f 2730//2730 2734//2734 2733//2733 
f 19//19 2758//2758 2740//2740 
f 2731//2731 2737//2737 2743//2743 
f 2744//2744 2740//2740 2758//2758 
f 2736//2736 2733//2733 2767//2767 
f 2754//2754 2762//2762 5024//5024 
f 2748//2748 2743//2743 2737//2737 
f 2734//2734 2760//2760 2733//2733 
f 2740//2740 2744//2744 2763//2763 
f 2736//2736 2764//2764 2742//2742 
f 2736//2736 2767//2767 2764//2764 
f 2623//2623 2776//2776 2761//2761 
f 2743//2743 2748//2748 2768//2768 
f 2734//2734 2732//2732 2790//2790 
f 2769//2769 2763//2763 2744//2744 
f 2767//2767 2733//2733 2792//2792 
f 752//752 2748//2748 2742//2742 
f 2732//2732 2756//2756 2790//2790 
f 2733//2733 2760//2760 2792//2792 
f 2740//2740 2763//2763 2772//2772 
f 2740//2740 2772//2772 2755//2755 
f 2742//2742 2764//2764 2771//2771 
f 2743//2743 2768//2768 2759//2759 
f 2734//2734 21//21 2760//2760 
f 2734//2734 2790//2790 21//21 
f 2767//2767 2792//2792 2764//2764 
f 752//752 2768//2768 2748//2748 
f 752//752 2802//2802 2768//2768 
f 2790//2790 2756//2756 2777//2777 
f 2770//2770 2769//2769 2759//2759 
f 2792//2792 2760//2760 2780//2780 
f 2761//2761 5778//5778 10//10 
f 2761//2761 2776//2776 5778//5778 
f 2771//2771 752//752 2742//2742 
f 2756//2756 759//759 2777//2777 
f 2757//2757 2766//2766 2782//2782 
f 2759//2759 2807//2807 2779//2779 
f 2759//2759 2768//2768 2807//2807 
f 2760//2760 21//21 2780//2780 
f 2623//2623 2765//2765 2776//2776 
f 2766//2766 2755//2755 2783//2783 
f 2766//2766 2783//2783 2782//2782 
f 2768//2768 2802//2802 2807//2807 
f 2790//2790 2784//2784 21//21 
f 2790//2790 2777//2777 2784//2784 
f 2770//2770 2785//2785 2763//2763 
f 2770//2770 2763//2763 2769//2769 
f 2792//2792 2786//2786 2764//2764 
f 2792//2792 2780//2780 2786//2786 
f 2755//2755 2772//2772 2787//2787 
f 2771//2771 2788//2788 2802//2802 
f 2771//2771 2802//2802 752//752 
f 2777//2777 759//759 2789//2789 
f 2779//2779 2770//2770 2759//2759 
f 2780//2780 21//21 2791//2791 
f 2772//2772 2763//2763 2816//2816 
f 2772//2772 2816//2816 2787//2787 
f 2781//2781 2771//2771 2764//2764 
f 2807//2807 2802//2802 2794//2794 
f 21//21 2784//2784 2791//2791 
f 2776//2776 5530//5530 5778//5778 
f 2763//2763 2785//2785 2816//2816 
f 2764//2764 2786//2786 2793//2793 
f 2802//2802 2788//2788 2794//2794 
f 2777//2777 765//765 2784//2784 
f 2777//2777 2789//2789 765//765 
f 2779//2779 1318//1318 2785//2785 
f 2779//2779 2785//2785 2770//2770 
f 2780//2780 2825//2825 2786//2786 
f 2780//2780 2791//2791 2825//2825 
f 2787//2787 2816//2816 2803//2803 
f 2781//2781 22//22 2788//2788 
f 2781//2781 2788//2788 2771//2771 
f 2782//2782 2804//2804 2814//2814 
f 2782//2782 2783//2783 2804//2804 
f 2807//2807 2794//2794 2832//2832 
f 2807//2807 2832//2832 2779//2779 
f 2791//2791 2784//2784 2805//2805 
f 2816//2816 2785//2785 2827//2827 
f 2793//2793 2781//2781 2764//2764 
f 759//759 2795//2795 2789//2789 
f 2783//2783 2820//2820 2804//2804 
f 2794//2794 2788//2788 2808//2808 
f 2784//2784 765//765 2805//2805 
f 2785//2785 1318//1318 2827//2827 
f 2786//2786 2825//2825 2806//2806 
f 2787//2787 2803//2803 2820//2820 
f 2788//2788 22//22 2808//2808 
f 2789//2789 2809//2809 765//765 
f 2814//2814 2804//2804 2831//2831 
f 2832//2832 1318//1318 2779//2779 
f 2791//2791 2805//2805 2810//2810 
f 2791//2791 2810//2810 2825//2825 
f 2816//2816 2827//2827 2812//2812 
f 2816//2816 2812//2812 2803//2803 
f 2793//2793 2834//2834 22//22 
f 2793//2793 22//22 2781//2781 
f 2789//2789 2795//2795 2813//2813 
f 2804//2804 2820//2820 2836//2836 
f 2794//2794 2826//2826 2832//2832 
f 2794//2794 2808//2808 2826//2826 
f 2805//2805 765//765 2815//2815 
f 2827//2827 1318//1318 2818//2818 
f 2806//2806 2793//2793 2786//2786 
f 2820//2820 2803//2803 2821//2821 
f 2820//2820 2821//2821 2836//2836 
f 2808//2808 22//22 2822//2822 
f 765//765 2809//2809 2815//2815 
f 1318//1318 2832//2832 2844//2844 
f 1318//1318 2844//2844 2818//2818 
f 2825//2825 2810//2810 2819//2819 
f 2803//2803 2812//2812 2821//2821 
f 22//22 2834//2834 2822//2822 
f 2789//2789 2813//2813 2809//2809 
f 2804//2804 2850//2850 2831//2831 
f 2804//2804 2836//2836 2850//2850 
f 2826//2826 2844//2844 2832//2832 
f 2805//2805 2815//2815 23//23 
f 2805//2805 23//23 2810//2810 
f 2811//2811 1980//1980 2817//2817 
f 2827//2827 2828//2828 2812//2812 
f 2827//2827 2818//2818 2828//2828 
f 2806//2806 2852//2852 2834//2834 
f 2806//2806 2834//2834 2793//2793 
f 2836//2836 2821//2821 2853//2853 
f 2808//2808 2822//2822 2841//2841 
f 2808//2808 2841//2841 2826//2826 
f 2815//2815 2809//2809 2829//2829 
f 2819//2819 2806//2806 2825//2825 
f 2835//2835 2813//2813 2795//2795 
f 2821//2821 2812//2812 2837//2837 
f 2822//2822 2834//2834 2838//2838 
f 2831//2831 2850//2850 2830//2830 
f 2844//2844 2826//2826 2863//2863 
f 2810//2810 23//23 2833//2833 
f 2811//2811 2839//2839 766//766 
f 2811//2811 2817//2817 2839//2839 
f 2812//2812 2828//2828 2837//2837 
f 2834//2834 2852//2852 2838//2838 
f 2813//2813 2840//2840 2809//2809 
f 2836//2836 2853//2853 2850//2850 
f 2841//2841 2863//2863 2826//2826 
f 2815//2815 2829//2829 2842//2842 
f 2815//2815 2842//2842 23//23 
f 2817//2817 2830//2830 2866//2866 
f 2817//2817 2866//2866 2839//2839 
f 2819//2819 2843//2843 2852//2852 
f 2819//2819 2852//2852 2806//2806 
f 2813//2813 2835//2835 2868//2868 
f 2821//2821 771//771 2853//2853 
f 2821//2821 2837//2837 771//771 
f 2822//2822 2838//2838 2859//2859 
f 2822//2822 2859//2859 2841//2841 
f 2829//2829 2809//2809 769//769 
f 2830//2830 2850//2850 2851//2851 
f 2844//2844 2873//2873 2818//2818 
f 2844//2844 2863//2863 2873//2873 
f 2833//2833 2819//2819 2810//2810 
f 2874//2874 2868//2868 2835//2835 
f 766//766 2839//2839 2875//2875 
f 2837//2837 2828//2828 2854//2854 
f 2838//2838 2852//2852 2855//2855 
f 2809//2809 2840//2840 769//769 
f 2850//2850 2853//2853 2856//2856 
f 2850//2850 2856//2856 2851//2851 
f 2863//2863 2841//2841 2857//2857 
f 23//23 2842//2842 24//24 
f 2828//2828 2818//2818 2858//2858 
f 2828//2828 2858//2858 2854//2854 
f 2852//2852 2843//2843 2855//2855 
f 2868//2868 2840//2840 2813//2813 
f 2853//2853 771//771 2856//2856 
f 2859//2859 2857//2857 2841//2841 
f 2829//2829 2882//2882 2842//2842 
f 2829//2829 769//769 2882//2882 
f 2830//2830 2860//2860 2866//2866 
f 2830//2830 2851//2851 2860//2860 
f 2818//2818 2873//2873 2858//2858 
f 2833//2833 2843//2843 2819//2819 
f 2833//2833 2861//2861 2843//2843 
f 2837//2837 2854//2854 2884//2884 
f 2837//2837 2884//2884 771//771 
f 2838//2838 2855//2855 2879//2879 
f 2838//2838 2879//2879 2859//2859 
f 769//769 2840//2840 2864//2864 
f 2851//2851 2856//2856 2887//2887 
f 2863//2863 2857//2857 2865//2865 
f 2863//2863 2865//2865 2873//2873 
f 24//24 2833//2833 23//23 
f 2839//2839 2869//2869 2875//2875 
f 2839//2839 2866//2866 2869//2869 
f 2854//2854 2858//2858 2897//2897 
f 2855//2855 2843//2843 25//25 
f 2840//2840 2868//2868 2864//2864 
f 2856//2856 771//771 2876//2876 
f 2857//2857 2859//2859 2877//2877 
f 2842//2842 2882//2882 2867//2867 
f 2866//2866 2860//2860 2869//2869 
f 2858//2858 2873//2873 2878//2878 
f 2843//2843 2861//2861 25//25 
f 2845//2845 2904//2904 2900//2900 
f 2845//2845 2875//2875 2904//2904 
f 771//771 2884//2884 2876//2876 
f 2879//2879 2877//2877 2859//2859 
f 769//769 2880//2880 2882//2882 
f 769//769 2864//2864 2880//2880 
f 2851//2851 2887//2887 2860//2860 
f 2873//2873 2865//2865 2878//2878 
f 24//24 2861//2861 2833//2833 
f 24//24 2881//2881 2861//2861 
f 2862//2862 2868//2868 2874//2874 
f 2875//2875 2869//2869 2908//2908 
f 2875//2875 2908//2908 2904//2904 
f 2854//2854 2897//2897 2884//2884 
f 2855//2855 25//25 26//26 
f 2855//2855 26//26 2879//2879 
f 2856//2856 2876//2876 2909//2909 
f 2856//2856 2909//2909 2887//2887 
f 2857//2857 2877//2877 2911//2911 
f 2857//2857 2911//2911 2865//2865 
f 2867//2867 24//24 2842//2842 
f 2885//2885 2903//2903 2874//2874 
f 2869//2869 2860//2860 2886//2886 
f 2858//2858 2888//2888 2897//2897 
f 2858//2858 2878//2878 2888//2888 
f 25//25 2861//2861 2889//2889 
f 2937//2937 2864//2864 2868//2868 
f 2900//2900 2904//2904 2890//2890 
f 2876//2876 2884//2884 2916//2916 
f 2877//2877 2879//2879 2891//2891 
f 2882//2882 2880//2880 2926//2926 
f 2860//2860 2887//2887 2886//2886 
f 2878//2878 2865//2865 2892//2892 
f 2861//2861 2881//2881 2889//2889 
f 2862//2862 2937//2937 2868//2868 
f 2884//2884 2897//2897 2901//2901 
f 2884//2884 2901//2901 2916//2916 
f 26//26 2891//2891 2879//2879 
f 2864//2864 28//28 2880//2880 
f 2865//2865 2911//2911 2892//2892 
f 2867//2867 2924//2924 2881//2881 
f 2867//2867 2881//2881 24//24 
f 2903//2903 2862//2862 2874//2874 
f 2869//2869 2905//2905 2908//2908 
f 2869//2869 2886//2886 2905//2905 
f 2897//2897 2888//2888 2901//2901 
f 25//25 2925//2925 26//26 
f 25//25 2889//2889 2925//2925 
f 2864//2864 2937//2937 2950//2950 
f 2900//2900 2890//2890 2883//2883 
f 2876//2876 2916//2916 2909//2909 
f 2877//2877 2912//2912 2911//2911 
f 2877//2877 2891//2891 2912//2912 
f 2926//2926 2867//2867 2882//2882 
f 2886//2886 2887//2887 2918//2918 
f 2878//2878 2892//2892 2888//2888 
f 2889//2889 2881//2881 2915//2915 
f 2904//2904 2923//2923 2890//2890 
f 2904//2904 2908//2908 2923//2923 
f 2916//2916 2901//2901 2938//2938 
f 2891//2891 26//26 2917//2917 
f 2880//2880 28//28 2913//2913 
f 2887//2887 2909//2909 2919//2919 
f 2887//2887 2919//2919 2918//2918 
f 2892//2892 2911//2911 2949//2949 
f 2881//2881 2924//2924 2915//2915 
f 2903//2903 2937//2937 2862//2862 
f 2903//2903 2934//2934 2937//2937 
f 2908//2908 2905//2905 2923//2923 
f 2901//2901 2888//2888 2906//2906 
f 2925//2925 2917//2917 26//26 
f 2950//2950 28//28 2864//2864 
f 2883//2883 2890//2890 2907//2907 
f 2909//2909 2916//2916 2902//2902 
f 2911//2911 2912//2912 2949//2949 
f 2926//2926 2924//2924 2867//2867 
f 2886//2886 2927//2927 2905//2905 
f 2886//2886 2918//2918 2927//2927 
f 2888//2888 2929//2929 2906//2906 
f 2888//2888 2892//2892 2929//2929 
f 2889//2889 2942//2942 2925//2925 
f 2889//2889 2915//2915 2942//2942 
f 2928//2928 2950//2950 2937//2937 
f 2890//2890 2931//2931 2907//2907 
f 2890//2890 2923//2923 2931//2931 
f 2916//2916 2938//2938 2910//2910 
f 2891//2891 2917//2917 2957//2957 
f 2891//2891 2957//2957 2912//2912 
f 2913//2913 2926//2926 2880//2880 
f 2915//2915 2924//2924 2933//2933 
f 2934//2934 2930//2930 2937//2937 
f 2923//2923 2905//2905 27//27 
f 2901//2901 2955//2955 2938//2938 
f 2901//2901 2906//2906 2955//2955 
f 2917//2917 2925//2925 2935//2935 
f 28//28 2950//2950 2936//2936 
f 28//28 2936//2936 2932//2932 
f 2902//2902 2919//2919 2909//2909 
f 2949//2949 2912//2912 2963//2963 
f 2924//2924 2926//2926 2939//2939 
f 2924//2924 2939//2939 2933//2933 
f 2903//2903 2965//2965 2934//2934 
f 2905//2905 2927//2927 27//27 
f 2942//2942 2935//2935 2925//2925 
f 2928//2928 2967//2967 2936//2936 
f 2928//2928 2936//2936 2950//2950 
f 2910//2910 2902//2902 2916//2916 
f 2912//2912 2957//2957 2963//2963 
f 2913//2913 2991//2991 2926//2926 
f 2914//2914 2965//2965 2903//2903 
f 2914//2914 2903//2903 2885//2885 
f 2918//2918 2919//2919 2958//2958 
f 2918//2918 2958//2958 2927//2927 
f 2892//2892 2949//2949 2952//2952 
f 2892//2892 2952//2952 2929//2929 
f 2915//2915 2933//2933 2973//2973 
f 2915//2915 2973//2973 2942//2942 
f 2930//2930 2928//2928 2937//2937 
f 2923//2923 27//27 2931//2931 
f 2917//2917 2978//2978 2957//2957 
f 2917//2917 2935//2935 2978//2978 
f 2932//2932 2913//2913 28//28 
f 2919//2919 2959//2959 2958//2958 
f 2919//2919 2902//2902 2959//2959 
f 2965//2965 2953//2953 2934//2934 
f 27//27 2927//2927 2941//2941 
f 2906//2906 2960//2960 2955//2955 
f 2906//2906 2929//2929 2960//2960 
f 2935//2935 2942//2942 2964//2964 
f 2907//2907 2931//2931 2972//2972 
f 2910//2910 2961//2961 2902//2902 
f 2963//2963 2957//2957 29//29 
f 2991//2991 2939//2939 2926//2926 
f 2927//2927 2992//2992 2941//2941 
f 2927//2927 2958//2958 2992//2992 
f 2929//2929 2952//2952 2940//2940 
f 2973//2973 2964//2964 2942//2942 
f 2930//2930 2994//2994 2967//2967 
f 2930//2930 2967//2967 2928//2928 
f 2938//2938 2969//2969 2910//2910 
f 2938//2938 2955//2955 2969//2969 
f 2957//2957 2978//2978 29//29 
f 2932//2932 2989//2989 2991//2991 
f 2932//2932 2991//2991 2913//2913 
f 2949//2949 2963//2963 2976//2976 
f 2949//2949 2976//2976 2952//2952 
f 2933//2933 3012//3012 2973//2973 
f 2933//2933 2939//2939 3012//3012 
f 2953//2953 2930//2930 2934//2934 
f 27//27 2941//2941 2977//2977 
f 27//27 2977//2977 2931//2931 
f 2960//2960 2954//2954 2955//2955 
f 2935//2935 2964//2964 2995//2995 
f 2935//2935 2995//2995 2978//2978 
f 2936//2936 2996//2996 2932//2932 
f 2936//2936 2967//2967 2983//2983 
f 2936//2936 2983//2983 2996//2996 
f 2907//2907 3004//3004 2956//2956 
f 2907//2907 2972//2972 3004//3004 
f 2961//2961 2959//2959 2902//2902 
f 2963//2963 29//29 2962//2962 
f 2939//2939 2991//2991 2998//2998 
f 2940//2940 2960//2960 2929//2929 
f 2964//2964 2973//2973 3008//3008 
f 2967//2967 2994//2994 2983//2983 
f 2969//2969 2966//2966 2961//2961 
f 2969//2969 2961//2961 2910//2910 
f 2972//2972 2931//2931 2974//2974 
f 29//29 2978//2978 2975//2975 
f 2989//2989 2984//2984 2991//2991 
f 2951//2951 3006//3006 2965//2965 
f 2951//2951 2965//2965 2914//2914 
f 2958//2958 2959//2959 2992//2992 
f 3012//3012 3008//3008 2973//2973 
f 2953//2953 3015//3015 2994//2994 
f 2953//2953 2994//2994 2930//2930 
f 2954//2954 2969//2969 2955//2955 
f 2954//2954 2968//2968 2969//2969 
f 2977//2977 2974//2974 2931//2931 
f 2978//2978 2995//2995 2975//2975 
f 2996//2996 2989//2989 2932//2932 
f 2954//2954 2960//2960 2980//2980 
f 2956//2956 3004//3004 2997//2997 
f 2959//2959 2961//2961 30//30 
f 2962//2962 2976//2976 2963//2963 
f 2998//2998 3013//3013 3012//3012 
f 2998//2998 3012//3012 2939//2939 
f 3006//3006 2953//2953 2965//2965 
f 3006//3006 3015//3015 2953//2953 
f 2940//2940 2980//2980 2960//2960 
f 2941//2941 2992//2992 2981//2981 
f 2941//2941 2981//2981 2977//2977 
f 2964//2964 3018//3018 2995//2995 
f 2964//2964 3008//3008 3018//3018 
f 2983//2983 2994//2994 2999//2999 
f 2940//2940 2982//2982 2980//2980 
f 2972//2972 2974//2974 3000//3000 
f 2972//2972 3000//3000 3004//3004 
f 29//29 2979//2979 2962//2962 
f 29//29 2975//2975 2979//2979 
f 2984//2984 2998//2998 2991//2991 
f 2966//2966 2969//2969 2987//2987 
f 2952//2952 3010//3010 2982//2982 
f 2952//2952 2982//2982 2940//2940 
f 30//30 2992//2992 2959//2959 
f 3008//3008 3012//3012 3024//3024 
f 2994//2994 3015//3015 2999//2999 
f 2952//2952 2976//2976 3010//3010 
f 2974//2974 2977//2977 31//31 
f 2975//2975 2995//2995 3005//3005 
f 2996//2996 3007//3007 3020//3020 
f 2996//2996 3020//3020 2989//2989 
f 2997//2997 4269//4269 2956//2956 
f 30//30 2986//2986 2992//2992 
f 2976//2976 3028//3028 3010//3010 
f 3015//3015 3006//3006 3011//3011 
f 2976//2976 2962//2962 2990//2990 
f 2976//2976 2990//2990 3028//3028 
f 2980//2980 2988//2988 2954//2954 
f 2981//2981 31//31 2977//2977 
f 2968//2968 2954//2954 2988//2988 
f 2968//2968 2987//2987 2969//2969 
f 2983//2983 3021//3021 3007//3007 
f 2983//2983 2999//2999 3021//3021 
f 2983//2983 3007//3007 2996//2996 
f 2966//2966 30//30 2961//2961 
f 2966//2966 3016//3016 30//30 
f 3004//3004 3000//3000 2997//2997 
f 2979//2979 2990//2990 2962//2962 
f 2984//2984 3052//3052 2998//2998 
f 2966//2966 2987//2987 3016//3016 
f 3006//3006 3023//3023 3011//3011 
f 2985//2985 2981//2981 2992//2992 
f 3008//3008 3024//3024 3018//3018 
f 2974//2974 31//31 3000//3000 
f 2975//2975 3019//3019 2979//2979 
f 2975//2975 3005//3005 3019//3019 
f 3020//3020 2984//2984 2989//2989 
f 2987//2987 2968//2968 2988//2988 
f 4269//4269 3027//3027 3002//3002 
f 4269//4269 2997//2997 3027//3027 
f 3013//3013 3024//3024 3012//3012 
f 3013//3013 3029//3029 3024//3024 
f 3015//3015 3011//3011 3030//3030 
f 3015//3015 3030//3030 2999//2999 
f 31//31 2981//2981 32//32 
f 2995//2995 3018//3018 3017//3017 
f 2995//2995 3017//3017 3005//3005 
f 3016//3016 3003//3003 30//30 
f 2997//2997 3000//3000 3040//3040 
f 2986//2986 30//30 3003//3003 
f 3052//3052 3013//3013 2998//2998 
f 3052//3052 3029//3029 3013//3013 
f 2982//2982 3033//3033 2980//2980 
f 2053//2053 3002//3002 5562//5562 
f 2985//2985 3035//3035 32//32 
f 2985//2985 32//32 2981//2981 
f 2988//2988 2980//2980 3033//3033 
f 3018//3018 3024//3024 35//35 
f 3018//3018 35//35 3017//3017 
f 2999//2999 3036//3036 3021//3021 
f 2982//2982 3043//3043 3033//3033 
f 2987//2987 3009//3009 3016//3016 
f 2990//2990 2979//2979 3019//3019 
f 3020//3020 3052//3052 2984//2984 
f 3020//3020 3075//3075 3052//3052 
f 2987//2987 3022//3022 3009//3009 
f 3001//3001 3023//3023 3006//3006 
f 3019//3019 3005//3005 3044//3044 
f 2986//2986 3035//3035 2985//2985 
f 2986//2986 3038//3038 3035//3035 
f 2986//2986 2985//2985 2992//2992 
f 3010//3010 3043//3043 2982//2982 
f 3010//3010 3045//3045 3043//3043 
f 3024//3024 3041//3041 35//35 
f 3024//3024 3029//3029 3041//3041 
f 2986//2986 3003//3003 3038//3038 
f 2999//2999 3030//3030 3036//3036 
f 3010//3010 3028//3028 3045//3045 
f 2988//2988 3022//3022 2987//2987 
f 31//31 3026//3026 3000//3000 
f 31//31 32//32 3026//3026 
f 3005//3005 3017//3017 3044//3044 
f 3007//3007 3063//3063 3037//3037 
f 3007//3007 3021//3021 3063//3063 
f 3007//3007 3037//3037 3020//3020 
f 2988//2988 3049//3049 3022//3022 
f 2997//2997 3046//3046 3027//3027 
f 2997//2997 3040//3040 3046//3046 
f 3028//3028 3032//3032 3045//3045 
f 3029//3029 3052//3052 3047//3047 
f 3011//3011 3048//3048 3030//3030 
f 3011//3011 3023//3023 3048//3048 
f 3028//3028 2990//2990 3032//3032 
f 3033//3033 3049//3049 2988//2988 
f 3017//3017 35//35 3069//3069 
f 3021//3021 3036//3036 3073//3073 
f 3021//3021 3073//3073 3063//3063 
f 3019//3019 3032//3032 2990//2990 
f 3040//3040 3000//3000 3054//3054 
f 3003//3003 3016//3016 3031//3031 
f 3019//3019 34//34 3032//3032 
f 3075//3075 3047//3047 3052//3052 
f 3023//3023 3001//3001 3048//3048 
f 3019//3019 3044//3044 34//34 
f 3002//3002 3057//3057 5562//5562 
f 3002//3002 3027//3027 3057//3057 
f 3036//3036 3030//3030 3059//3059 
f 3026//3026 3054//3054 3000//3000 
f 3009//3009 3031//3031 3016//3016 
f 3022//3022 3051//3051 3009//3009 
f 3037//3037 3075//3075 3020//3020 
f 3044//3044 3017//3017 33//33 
f 3003//3003 3039//3039 3038//3038 
f 3035//3035 3038//3038 3039//3039 
f 3029//3029 3047//3047 3064//3064 
f 3029//3029 3064//3064 3041//3041 
f 3003//3003 3031//3031 3039//3039 
f 3030//3030 3048//3048 3059//3059 
f 3017//3017 3069//3069 33//33 
f 32//32 3035//3035 3042//3042 
f 32//32 3042//3042 3026//3026 
f 3049//3049 3033//3033 3070//3070 
f 3040//3040 3054//3054 3046//3046 
f 3047//3047 3075//3075 3067//3067 
f 3031//3031 3009//3009 3051//3051 
f 3043//3043 3070//3070 3033//3033 
f 3043//3043 3087//3087 3070//3070 
f 35//35 3041//3041 3058//3058 
f 35//35 3058//3058 3069//3069 
f 3035//3035 3068//3068 3050//3050 
f 3036//3036 3074//3074 3073//3073 
f 3036//3036 3059//3059 3074//3074 
f 3043//3043 3045//3045 3087//3087 
f 5569//5569 5123//5123 3025//3025 
f 3054//3054 3026//3026 3060//3060 
f 3044//3044 33//33 34//34 
f 3037//3037 3067//3067 3075//3075 
f 3037//3037 3091//3091 3067//3067 
f 3055//3055 3048//3048 3001//3001 
f 3039//3039 3068//3068 3035//3035 
f 3027//3027 3062//3062 3057//3057 
f 3027//3027 3046//3046 3062//3062 
f 3045//3045 3061//3061 3087//3087 
f 3041//3041 3064//3064 3058//3058 
f 3045//3045 3032//3032 3061//3061 
f 3049//3049 3079//3079 3056//3056 
f 3049//3049 3056//3056 3022//3022 
f 3042//3042 3060//3060 3026//3026 
f 3051//3051 3022//3022 3056//3056 
f 3063//3063 3073//3073 3100//3100 
f 3063//3063 3100//3100 3037//3037 
f 3049//3049 3070//3070 3079//3079 
f 3031//3031 3078//3078 3039//3039 
f 3046//3046 3054//3054 3062//3062 
f 3032//3032 3066//3066 3061//3061 
f 3047//3047 3086//3086 3064//3064 
f 3047//3047 3067//3067 3086//3086 
f 3048//3048 3104//3104 3059//3059 
f 3032//3032 34//34 3066//3066 
f 3050//3050 3042//3042 3035//3035 
f 3050//3050 3077//3077 3042//3042 
f 33//33 3069//3069 3065//3065 
f 3069//3069 3058//3058 3065//3065 
f 3073//3073 3074//3074 3082//3082 
f 3051//3051 3083//3083 3031//3031 
f 3054//3054 3060//3060 3093//3093 
f 34//34 36//36 3066//3066 
f 3051//3051 3085//3085 3083//3083 
f 3048//3048 3055//3055 3104//3104 
f 34//34 33//33 36//36 
f 3058//3058 3064//3064 3076//3076 
f 3059//3059 3097//3097 3074//3074 
f 3056//3056 3085//3085 3051//3051 
f 33//33 3114//3114 36//36 
f 3100//3100 3091//3091 3037//3037 
f 33//33 3065//3065 3114//3114 
f 3078//3078 3088//3088 3039//3039 
f 3062//3062 3054//3054 3084//3084 
f 3068//3068 3039//3039 3088//3088 
f 3064//3064 3086//3086 3076//3076 
f 3078//3078 3031//3031 3099//3099 
f 3059//3059 3104//3104 3097//3097 
f 3061//3061 3066//3066 3101//3101 
f 37//37 5569//5569 5111//5111 
f 5562//5562 3080//3080 3090//3090 
f 5562//5562 3057//3057 3080//3080 
f 3082//3082 3100//3100 3073//3073 
f 3065//3065 3058//3058 3107//3107 
f 3083//3083 3099//3099 3031//3031 
f 3054//3054 3093//3093 3084//3084 
f 3067//3067 3122//3122 3086//3086 
f 3067//3067 3091//3091 3122//3122 
f 3083//3083 3085//3085 3099//3099 
f 3066//3066 36//36 40//40 
f 3068//3068 3106//3106 3050//3050 
f 3087//3087 3081//3081 3070//3070 
f 3087//3087 3095//3095 3081//3081 
f 3057//3057 3062//3062 3109//3109 
f 3077//3077 3050//3050 3106//3106 
f 3058//3058 3076//3076 3110//3110 
f 3058//3058 3110//3110 3107//3107 
f 3068//3068 3088//3088 3106//3106 
f 3074//3074 3097//3097 3129//3129 
f 3091//3091 3100//3100 3113//3113 
f 3091//3091 3113//3113 3122//3122 
f 5089//5089 3104//3104 3055//3055 
f 3062//3062 3084//3084 41//41 
f 3076//3076 3086//3086 3118//3118 
f 3077//3077 3094//3094 3060//3060 
f 3077//3077 3060//3060 3042//3042 
f 3079//3079 3098//3098 3056//3056 
f 3085//3085 3056//3056 3098//3098 
f 3065//3065 39//39 3114//3114 
f 3077//3077 3103//3103 3094//3094 
f 3082//3082 3142//3142 3100//3100 
f 3079//3079 3081//3081 3098//3098 
f 3079//3079 3070//3070 3081//3081 
f 3065//3065 3107//3107 39//39 
f 3099//3099 3096//3096 3078//3078 
f 3084//3084 3093//3093 3137//3137 
f 3088//3088 3078//3078 3096//3096 
f 3061//3061 3095//3095 3087//3087 
f 3061//3061 3101//3101 3095//3095 
f 3066//3066 40//40 3101//3101 
f 3086//3086 3124//3124 3118//3118 
f 3086//3086 3122//3122 3124//3124 
f 3104//3104 3125//3125 3097//3097 
f 3106//3106 3103//3103 3077//3077 
f 3057//3057 3109//3109 3080//3080 
f 3129//3129 3136//3136 3082//3082 
f 3129//3129 3082//3082 3074//3074 
f 3085//3085 3102//3102 3099//3099 
f 3085//3085 3131//3131 3102//3102 
f 3093//3093 3060//3060 38//38 
f 3104//3104 5089//5089 3158//3158 
f 3088//3088 3108//3108 3106//3106 
f 3062//3062 41//41 3109//3109 
f 3076//3076 3118//3118 3139//3139 
f 3076//3076 3139//3139 3110//3110 
f 3088//3088 3096//3096 3108//3108 
f 3097//3097 3141//3141 3129//3129 
f 3095//3095 3101//3101 3115//3115 
f 3098//3098 3131//3131 3085//3085 
f 36//36 3112//3112 40//40 
f 36//36 3114//3114 3112//3112 
f 3114//3114 39//39 3112//3112 
f 3142//3142 3113//3113 3100//3100 
f 3084//3084 3137//3137 41//41 
f 3101//3101 3151//3151 3115//3115 
f 3097//3097 3125//3125 3141//3141 
f 3101//3101 40//40 3116//3116 
f 3101//3101 3116//3116 3151//3151 
f 3103//3103 3127//3127 3094//3094 
f 3103//3103 3138//3138 3127//3127 
f 3081//3081 3117//3117 3098//3098 
f 3109//3109 3134//3134 3080//3080 
f 3107//3107 3128//3128 39//39 
f 3103//3103 3106//3106 3138//3138 
f 3136//3136 3142//3142 3082//3082 
f 3081//3081 3123//3123 3117//3117 
f 3119//3119 5089//5089 5104//5104 
f 3107//3107 3110//3110 3128//3128 
f 40//40 3132//3132 3116//3116 
f 38//38 3137//3137 3093//3093 
f 3096//3096 3099//3099 3102//3102 
f 3096//3096 3102//3102 3143//3143 
f 3122//3122 3157//3157 3124//3124 
f 3122//3122 3113//3113 3157//3157 
f 3158//3158 3125//3125 3104//3104 
f 40//40 3112//3112 3132//3132 
f 3108//3108 3138//3138 3106//3106 
f 3095//3095 43//43 3123//3123 
f 3095//3095 3123//3123 3081//3081 
f 3109//3109 41//41 3140//3140 
f 3110//3110 3139//3139 3128//3128 
f 3141//3141 3163//3163 3129//3129 
f 3095//3095 3115//3115 43//43 
f 3094//3094 38//38 3060//3060 
f 3094//3094 3130//3130 38//38 
f 5114//5114 3134//3134 3176//3176 
f 5114//5114 3176//3176 3144//3144 
f 3112//3112 3133//3133 3132//3132 
f 3094//3094 3127//3127 3130//3130 
f 3113//3113 3177//3177 3157//3157 
f 3113//3113 3142//3142 3177//3177 
f 3131//3131 3147//3147 3155//3155 
f 3131//3131 3098//3098 3147//3147 
f 3112//3112 39//39 3133//3133 
f 3096//3096 3150//3150 3108//3108 
f 3118//3118 3124//3124 3162//3162 
f 3118//3118 3162//3162 3139//3139 
f 3096//3096 3143//3143 3150//3150 
f 3115//3115 3151//3151 3159//3159 
f 3117//3117 3147//3147 3098//3098 
f 3134//3134 3109//3109 3152//3152 
f 39//39 3169//3169 3133//3133 
f 3136//3136 3194//3194 3142//3142 
f 3117//3117 3123//3123 3147//3147 
f 39//39 3128//3128 3169//3169 
f 3137//3137 38//38 3204//3204 
f 3124//3124 3157//3157 3162//3162 
f 3102//3102 3153//3153 3143//3143 
f 3125//3125 3158//3158 3178//3178 
f 3140//3140 3152//3152 3109//3109 
f 3127//3127 3138//3138 42//42 
f 3138//3138 3108//3108 3171//3171 
f 3163//3163 3136//3136 3129//3129 
f 3130//3130 3160//3160 38//38 
f 3128//3128 3139//3139 3164//3164 
f 3131//3131 3153//3153 3102//3102 
f 3131//3131 45//45 3153//3153 
f 3116//3116 3159//3159 3151//3151 
f 3131//3131 3156//3156 45//45 
f 3131//3131 3155//3155 3156//3156 
f 3146//3146 3178//3178 3158//3158 
f 3150//3150 3171//3171 3108//3108 
f 3115//3115 3174//3174 43//43 
f 41//41 3175//3175 3140//3140 
f 3123//3123 43//43 3174//3174 
f 3115//3115 3167//3167 3174//3174 
f 3139//3139 3188//3188 3164//3164 
f 3150//3150 3165//3165 3171//3171 
f 3115//3115 3159//3159 3167//3167 
f 3127//3127 3154//3154 3130//3130 
f 3139//3139 3162//3162 3188//3188 
f 3134//3134 3190//3190 3176//3176 
f 3134//3134 3152//3152 3190//3190 
f 3147//3147 3156//3156 3155//3155 
f 3127//3127 42//42 3154//3154 
f 3194//3194 3177//3177 3142//3142 
f 5125//5125 3146//3146 5089//5089 
f 3143//3143 3165//3165 3150//3150 
f 3137//3137 3168//3168 41//41 
f 3137//3137 3204//3204 3168//3168 
f 3160//3160 3204//3204 38//38 
f 3143//3143 3153//3153 3165//3165 
f 3178//3178 3189//3189 3141//3141 
f 3178//3178 3141//3141 3125//3125 
f 3159//3159 3116//3116 44//44 
f 3123//3123 3179//3179 3147//3147 
f 3152//3152 3140//3140 3191//3191 
f 3123//3123 49//49 3179//3179 
f 42//42 3138//3138 3180//3180 
f 3163//3163 3194//3194 3136//3136 
f 3163//3163 3225//3225 3194//3194 
f 3123//3123 3174//3174 49//49 
f 3144//3144 3176//3176 3182//3182 
f 3157//3157 3177//3177 3184//3184 
f 3153//3153 45//45 3156//3156 
f 3171//3171 3180//3180 3138//3138 
f 3175//3175 3191//3191 3140//3140 
f 3128//3128 3181//3181 3169//3169 
f 3128//3128 3164//3164 3181//3181 
f 3164//3164 3188//3188 3181//3181 
f 51//51 3163//3163 3141//3141 
f 51//51 3209//3209 3163//3163 
f 3174//3174 3167//3167 3185//3185 
f 5566//5566 5194//5194 3111//3111 
f 3160//3160 3130//3130 3154//3154 
f 3132//3132 3133//3133 3193//3193 
f 3132//3132 3193//3193 44//44 
f 3132//3132 44//44 3116//3116 
f 3133//3133 3186//3186 3193//3193 
f 3177//3177 3194//3194 3236//3236 
f 3133//3133 3169//3169 3186//3186 
f 3159//3159 3185//3185 3167//3167 
f 3159//3159 3195//3195 3185//3185 
f 3168//3168 3175//3175 41//41 
f 3162//3162 3217//3217 3188//3188 
f 3189//3189 51//51 3141//3141 
f 3159//3159 44//44 3195//3195 
f 42//42 3198//3198 3154//3154 
f 3152//3152 3191//3191 3190//3190 
f 3169//3169 3228//3228 3186//3186 
f 42//42 3207//3207 3198//3198 
f 3156//3156 3179//3179 3211//3211 
f 3156//3156 3147//3147 3179//3179 
f 42//42 3180//3180 3207//3207 
f 3225//3225 3216//3216 3194//3194 
f 3179//3179 49//49 52//52 
f 3169//3169 3181//3181 3228//3228 
f 3153//3153 3202//3202 3165//3165 
f 3182//3182 3176//3176 3205//3205 
f 3182//3182 3205//3205 46//46 
f 3160//3160 3196//3196 3204//3204 
f 3153//3153 308//308 3202//3202 
f 44//44 3212//3212 3195//3195 
f 3160//3160 3210//3210 3196//3196 
f 3184//3184 3162//3162 3157//3157 
f 44//44 3193//3193 3212//3212 
f 3191//3191 3175//3175 3215//3215 
f 3180//3180 3171//3171 3203//3203 
f 3209//3209 3225//3225 3163//3163 
f 3174//3174 3230//3230 49//49 
f 3154//3154 3210//3210 3160//3160 
f 3181//3181 3188//3188 48//48 
f 3156//3156 308//308 3153//3153 
f 3156//3156 3233//3233 308//308 
f 3176//3176 3218//3218 3205//3205 
f 3176//3176 3190//3190 3218//3218 
f 3193//3193 3186//3186 3212//3212 
f 3154//3154 3198//3198 3210//3210 
f 3236//3236 3184//3184 3177//3177 
f 3156//3156 3211//3211 3233//3233 
f 3165//3165 3238//3238 3203//3203 
f 3165//3165 3203//3203 3171//3171 
f 3168//3168 3221//3221 3215//3215 
f 3168//3168 3215//3215 3175//3175 
f 3185//3185 3230//3230 3174//3174 
f 3188//3188 3217//3217 48//48 
f 3165//3165 3202//3202 3238//3238 
f 3189//3189 352//352 51//51 
f 3179//3179 3233//3233 3211//3211 
f 3190//3190 3191//3191 3229//3229 
f 3190//3190 3229//3229 3218//3218 
f 3179//3179 52//52 3233//3233 
f 3198//3198 3207//3207 50//50 
f 3216//3216 3236//3236 3194//3194 
f 5125//5125 3170//3170 3271//3271 
f 46//46 3205//3205 5127//5127 
f 3195//3195 3212//3212 3258//3258 
f 3196//3196 3168//3168 3204//3204 
f 3196//3196 3221//3221 3168//3168 
f 3185//3185 3195//3195 3258//3258 
f 3184//3184 3217//3217 3162//3162 
f 3184//3184 3272//3272 3217//3217 
f 3197//3197 53//53 3189//3189 
f 3197//3197 3189//3189 3178//3178 
f 3180//3180 50//50 3207//3207 
f 47//47 3295//3295 3199//3199 
f 3191//3191 3215//3215 3231//3231 
f 3181//3181 55//55 3228//3228 
f 3209//3209 1347//1347 3225//3225 
f 3210//3210 3222//3222 3196//3196 
f 3181//3181 3226//3226 55//55 
f 3181//3181 48//48 3226//3226 
f 3184//3184 3236//3236 3351//3351 
f 3212//3212 3186//3186 282//282 
f 48//48 3266//3266 3226//3226 
f 352//352 3284//3284 3209//3209 
f 352//352 3209//3209 51//51 
f 3198//3198 56//56 3210//3210 
f 48//48 3217//3217 3266//3266 
f 3186//3186 3268//3268 282//282 
f 3198//3198 50//50 56//56 
f 3216//3216 1340//1340 3236//3236 
f 3233//3233 52//52 54//54 
f 3186//3186 3228//3228 3268//3268 
f 3202//3202 3241//3241 3238//3238 
f 3220//3220 3285//3285 3348//3348 
f 3221//3221 3196//3196 1336//1336 
f 3203//3203 3238//3238 3241//3241 
f 3217//3217 3272//3272 3266//3266 
f 3230//3230 3185//3185 3258//3258 
f 3202//3202 3262//3262 3241//3241 
f 53//53 352//352 3189//3189 
f 3191//3191 3231//3231 3229//3229 
f 3228//3228 55//55 3268//3268 
f 1347//1347 3340//3340 3216//3216 
f 1347//1347 3216//3216 3225//3225 
f 52//52 49//49 3269//3269 
f 52//52 3269//3269 54//54 
f 308//308 3262//3262 3202//3202 
f 308//308 3350//3350 3262//3262 
f 3205//3205 1342//1342 5127//5127 
f 3205//3205 3218//3218 1342//1342 
f 3212//3212 3301//3301 3227//3227 
f 3258//3258 3212//3212 3227//3227 
f 3351//3351 3272//3272 3184//3184 
f 308//308 3293//3293 3350//3350 
f 3212//3212 282//282 3301//3301 
f 3203//3203 3274//3274 3180//3180 
f 3206//3206 3295//3295 47//47 
f 3206//3206 1339//1339 3295//3295 
f 3230//3230 3269//3269 49//49 
f 3230//3230 1356//1356 3269//3269 
f 3231//3231 3215//3215 351//351 
f 50//50 3274//3274 3322//3322 
f 50//50 3180//3180 3274//3274 
f 3203//3203 3297//3297 3274//3274 
f 3284//3284 1347//1347 3209//3209 
f 3233//3233 3293//3293 308//308 
f 3218//3218 3229//3229 3318//3318 
f 3222//3222 3210//3210 56//56 
f 1340//1340 3351//3351 3236//3236 
f 1340//1340 1371//1371 3351//3351 
f 3233//3233 3317//3317 3293//3293 
f 3241//3241 3297//3297 3203//3203 
f 3242//3242 5127//5127 5568//5568 
f 3220//3220 3348//3348 3206//3206 
f 3258//3258 1356//1356 3230//3230 
f 3221//3221 1336//1336 351//351 
f 3221//3221 351//351 3215//3215 
f 3258//3258 3349//3349 1356//1356 
f 53//53 1369//1369 352//352 
f 3258//3258 3227//3227 3349//3349 
f 50//50 3288//3288 56//56 
f 50//50 3322//3322 3288//3288 
f 54//54 3317//3317 3233//3233 
f 3229//3229 3231//3231 3318//3318 
f 282//282 3268//3268 3301//3301 
f 3340//3340 1340//1340 3216//3216 
f 3222//3222 1336//1336 3196//3196 
f 3268//3268 55//55 353//353 
f 3222//3222 1351//1351 1336//1336 
f 3266//3266 3272//3272 354//354 
f 3272//3272 3351//3351 3354//3354 
f 3272//3272 3354//3354 354//354 
f 3277//3277 53//53 3197//3197 
f 3277//3277 1348//1348 53//53 
f 3231//3231 351//351 3356//3356 
f 55//55 1344//1344 353//353 
f 3284//3284 3367//3367 1347//1347 
f 56//56 1351//1351 3222//3222 
f 3271//3271 3314//3314 3362//3362 
f 55//55 3226//3226 1344//1344 
f 3293//3293 1338//1338 3350//3350 
f 3218//3218 3352//3352 1342//1342 
f 3218//3218 3318//3318 3352//3352 
f 3237//3237 3320//3320 1358//1358 
f 3237//3237 1358//1358 3285//3285 
f 3262//3262 3350//3350 1338//1338 
f 56//56 3288//3288 1351//1351 
f 3293//3293 3317//3317 1338//1338 
f 3301//3301 3268//3268 1346//1346 
f 3242//3242 5568//5568 5113//5113 
f 351//351 1336//1336 3353//3353 
f 3297//3297 3241//3241 1343//1343 
f 1369//1369 1365//1365 3284//3284 
f 1369//1369 3284//3284 352//352 
f 3314//3314 1362//1362 3362//3362 
f 3268//3268 1377//1377 1346//1346 
f 3340//3340 3375//3375 1340//1340 
f 3317//3317 54//54 1352//1352 
f 3268//3268 353//353 1377//1377 
f 3262//3262 1343//1343 3241//3241 
f 3266//3266 1344//1344 3226//3226 
f 3266//3266 1360//1360 1344//1344 
f 3266//3266 354//354 1360//1360 
f 3262//3262 1353//1353 1343//1343 
f 1348//1348 1369//1369 53//53 
f 3269//3269 1352//1352 54//54 
f 3231//3231 3356//3356 3318//3318 
f 3288//3288 3322//3322 1357//1357 
f 3269//3269 1373//1373 1352//1352 
f 3367//3367 3340//3340 1347//1347 
f 3367//3367 3364//3364 3340//3340 
f 1351//1351 1364//1364 1336//1336 
f 3362//3362 5561//5561 3271//3271 
f 353//353 1344//1344 3366//3366 
f 1338//1338 1353//1353 3262//3262 
f 1342//1342 3352//3352 3370//3370 
f 3285//3285 1358//1358 3348//3348 
f 3227//3227 3369//3369 3349//3349 
f 1371//1371 3354//3354 3351//3351 
f 3297//3297 3371//3371 3355//3355 
f 3297//3297 3355//3355 3274//3274 
f 1356//1356 1373//1373 3269//3269 
f 351//351 3361//3361 3356//3356 
f 351//351 3353//3353 3361//3361 
f 3322//3322 3355//3355 1357//1357 
f 3322//3322 3274//3274 3355//3355 
f 1356//1356 1375//1375 1373//1373 
f 3297//3297 1354//1354 3371//3371 
f 1365//1365 3367//3367 3284//3284 
f 1356//1356 3349//3349 1375//1375 
f 3288//3288 3357//3357 1351//1351 
f 3317//3317 3360//3360 1338//1338 
f 3352//3352 3318//3318 1368//1368 
f 3320//3320 3358//3358 1358//1358 
f 3317//3317 3376//3376 3360//3360 
f 3301//3301 3369//3369 3227//3227 
f 3301//3301 1370//1370 3369//3369 
f 3301//3301 1346//1346 1370//1370 
f 1346//1346 1377//1377 1370//1370 
f 3288//3288 3365//3365 3357//3357 
f 3375//3375 3374//3374 1371//1371 
f 3375//3375 1371//1371 1340//1340 
f 1343//1343 1354//1354 3297//3297 
f 3353//3353 1336//1336 1364//1364 
f 3353//3353 1364//1364 3361//3361 
f 3349//3349 3377//3377 1375//1375 
f 1343//1343 1353//1353 1354//1354 
f 1348//1348 3395//3395 1369//1369 
f 3349//3349 3369//3369 3377//3377 
f 1357//1357 3365//3365 3288//3288 
f 1362//1362 1339//1339 3368//3368 
f 1352//1352 3376//3376 3317//3317 
f 3318//3318 3372//3372 1368//1368 
f 3318//3318 3356//3356 3372//3372 
f 353//353 3366//3366 1377//1377 
f 3364//3364 3375//3375 3340//3340 
f 3348//3348 3399//3399 1378//1378 
f 3348//3348 1358//1358 3399//3399 
f 1364//1364 1351//1351 1383//1383 
f 354//354 3354//3354 1374//1374 
f 354//354 1374//1374 1360//1360 
f 3354//3354 3385//3385 1374//1374 
f 3354//3354 1371//1371 3385//3385 
f 3359//3359 1348//1348 3277//3277 
f 3369//3369 1370//1370 3373//3373 
f 1339//1339 3363//3363 5576//5576 
f 3356//3356 3361//3361 1387//1387 
f 3356//3356 1387//1387 3372//3372 
f 1344//1344 1382//1382 3366//3366 
f 1365//1365 3408//3408 3367//3367 
f 1373//1373 1375//1375 3387//3387 
f 3357//3357 1383//1383 1351//1351 
f 1344//1344 1360//1360 1382//1382 
f 3352//3352 1368//1368 3370//3370 
f 1353//1353 1338//1338 3360//3360 
f 3357//3357 3365//3365 1383//1383 
f 3360//3360 3376//3376 3392//3392 
f 1370//1370 1377//1377 1381//1381 
f 3363//3363 1378//1378 5582//5582 
f 3361//3361 1364//1364 3402//3402 
f 1360//1360 3390//3390 1382//1382 
f 3395//3395 1395//1395 1365//1365 
f 3395//3395 1365//1365 1369//1369 
f 1375//1375 3377//3377 3384//3384 
f 3368//3368 3362//3362 1362//1362 
f 3368//3368 3393//3393 3362//3362 
f 1360//1360 1374//1374 3390//3390 
f 3358//3358 1390//1390 1358//1358 
f 3358//3358 1380//1380 1390//1390 
f 1377//1377 3379//3379 1381//1381 
f 3364//3364 3444//3444 3375//3375 
f 1366//1366 5197//5197 5561//5561 
f 1377//1377 3366//3366 3379//3379 
f 1353//1353 3378//3378 1354//1354 
f 3369//3369 3384//3384 3377//3377 
f 1353//1353 3401//3401 3378//3378 
f 3369//3369 1398//1398 3384//3384 
f 1364//1364 3423//3423 3391//3391 
f 1353//1353 1384//1384 3401//3401 
f 3369//3369 3373//3373 1398//1398 
f 3355//3355 3383//3383 1357//1357 
f 3355//3355 3394//3394 3383//3383 
f 1373//1373 3386//3386 1352//1352 
f 3365//3365 1357//1357 3383//3383 
f 3376//3376 1352//1352 3386//3386 
f 1373//1373 3403//3403 3386//3386 
f 3355//3355 3371//3371 3394//3394 
f 3408//3408 355//355 3364//3364 
f 3408//3408 3364//3364 3367//3367 
f 1373//1373 3387//3387 3403//3403 
f 1334//1334 290//290 2673//2673 
f 1383//1383 3423//3423 1364//1364 
f 3360//3360 1384//1384 1353//1353 
f 1383//1383 3410//3410 3423//3423 
f 3374//3374 1396//1396 3385//3385 
f 3374//3374 3385//3385 1371//1371 
f 3360//3360 3392//3392 1384//1384 
f 3373//3373 1370//1370 1381//1381 
f 5582//5582 5576//5576 3363//3363 
f 1375//1375 3403//3403 3387//3387 
f 3361//3361 3402//3402 1387//1387 
f 1375//1375 3421//3421 3403//3403 
f 3366//3366 1382//1382 3411//3411 
f 3366//3366 3411//3411 3379//3379 
f 2673//2673 290//290 2701//2701 
f 3371//3371 3378//3378 3394//3394 
f 3371//3371 1354//1354 3378//3378 
f 1395//1395 3408//3408 1365//1365 
f 1375//1375 3384//3384 3421//3421 
f 3365//3365 3410//3410 1383//1383 
f 3365//3365 357//357 3410//3410 
f 3393//3393 3368//3368 292//292 
f 3376//3376 356//356 3392//3392 
f 3365//3365 3383//3383 357//357 
f 3444//3444 1396//1396 3374//3374 
f 3444//3444 3374//3374 3375//3375 
f 3376//3376 3386//3386 356//356 
f 1378//1378 3400//3400 5582//5582 
f 290//290 291//291 3415//3415 
f 3391//3391 3402//3402 1364//1364 
f 1374//1374 3430//3430 3390//3390 
f 3378//3378 3401//3401 3407//3407 
f 1389//1389 1399//1399 3395//3395 
f 3384//3384 1398//1398 3414//3414 
f 1374//1374 3385//3385 3430//3430 
f 3372//3372 3425//3425 1368//1368 
f 3372//3372 1387//1387 3425//3425 
f 355//355 3444//3444 3364//3364 
f 1384//1384 3407//3407 3401//3401 
f 1391//1391 3370//3370 3443//3443 
f 3399//3399 1409//1409 1378//1378 
f 3385//3385 1396//1396 3409//3409 
f 1384//1384 1401//1401 3407//3407 
f 1398//1398 3373//3373 3417//3417 
f 1387//1387 3402//3402 3422//3422 
f 1380//1380 3424//3424 1392//1392 
f 3383//3383 3394//3394 3432//3432 
f 3394//3394 3416//3416 3432//3432 
f 1395//1395 1417//1417 3408//3408 
f 3370//3370 1368//1368 3429//3429 
f 3370//3370 3429//3429 3443//3443 
f 291//291 746//746 3415//3415 
f 3406//3406 5584//5584 5197//5197 
f 3378//3378 3416//3416 3394//3394 
f 290//290 3415//3415 2701//2701 
f 3402//3402 3391//3391 1405//1405 
f 3402//3402 1405//1405 3422//3422 
f 3378//3378 3446//3446 3416//3416 
f 1382//1382 3418//3418 3411//3411 
f 1382//1382 3390//3390 3418//3418 
f 3378//3378 1406//1406 3446//3446 
f 1399//1399 1395//1395 3395//3395 
f 3383//3383 3428//3428 293//293 
f 3383//3383 293//293 357//357 
f 3386//3386 3434//3434 356//356 
f 1368//1368 3425//3425 3429//3429 
f 1390//1390 1392//1392 3447//3447 
f 1390//1390 3447//3447 1411//1411 
f 3410//3410 357//357 293//293 
f 3392//3392 356//356 1401//1401 
f 3392//3392 1401//1401 1384//1384 
f 1381//1381 3417//3417 3373//3373 
f 1381//1381 3435//3435 3417//3417 
f 3383//3383 3432//3432 3428//3428 
f 355//355 1423//1423 3444//3444 
f 3407//3407 1406//1406 3378//3378 
f 1391//1391 3443//3443 3463//3463 
f 1391//1391 3463//3463 5174//5174 
f 1398//1398 3451//3451 3414//3414 
f 3423//3423 1405//1405 3391//3391 
f 3384//3384 3448//3448 3421//3421 
f 3384//3384 3414//3414 3448//3448 
f 3390//3390 3430//3430 3418//3418 
f 3409//3409 3430//3430 3385//3385 
f 1398//1398 3417//3417 3451//3451 
f 3403//3403 3434//3434 3386//3386 
f 3422//3422 3425//3425 1387//1387 
f 1392//1392 358//358 3447//3447 
f 1392//1392 3424//3424 358//358 
f 3403//3403 359//359 3434//3434 
f 3379//3379 3411//3411 1402//1402 
f 3379//3379 1402//1402 3435//3435 
f 3379//3379 3435//3435 1381//1381 
f 3411//3411 3454//3454 1402//1402 
f 1417//1417 1410//1410 355//355 
f 1417//1417 355//355 3408//3408 
f 3403//3403 3421//3421 359//359 
f 3410//3410 3462//3462 3423//3423 
f 3411//3411 3418//3418 3454//3454 
f 1409//1409 3399//3399 1411//1411 
f 1409//1409 1411//1411 3466//3466 
f 3410//3410 293//293 3462//3462 
f 1396//1396 1412//1412 3409//3409 
f 1401//1401 356//356 3445//3445 
f 3417//3417 3435//3435 3455//3455 
f 5582//5582 3400//3400 88//88 
f 3418//3418 3442//3442 3454//3454 
f 3416//3416 3446//3446 1406//1406 
f 1399//1399 1417//1417 1395//1395 
f 1399//1399 1420//1420 1417//1417 
f 292//292 3453//3453 3464//3464 
f 3418//3418 3430//3430 3442//3442 
f 1423//1423 1396//1396 3444//3444 
f 1423//1423 1413//1413 1396//1396 
f 1405//1405 3423//3423 3433//3433 
f 3421//3421 3448//3448 359//359 
f 3430//3430 1415//1415 3442//3442 
f 1406//1406 3407//3407 3436//3436 
f 3432//3432 3460//3460 3428//3428 
f 3430//3430 3409//3409 1415//1415 
f 3425//3425 3422//3422 3456//3456 
f 356//356 3434//3434 3445//3445 
f 3432//3432 3449//3449 3460//3460 
f 1410//1410 1423//1423 355//355 
f 3434//3434 359//359 3461//3461 
f 3439//3439 3464//3464 1419//1419 
f 1402//1402 3454//3454 3478//3478 
f 1401//1401 3436//3436 3407//3407 
f 3414//3414 3451//3451 3448//3448 
f 1401//1401 3457//3457 3436//3436 
f 3479//3479 3458//3458 5584//5584 
f 3416//3416 3449//3449 3432//3432 
f 746//746 5162//5162 3415//3415 
f 3416//3416 3473//3473 3449//3449 
f 1420//1420 3472//3472 1417//1417 
f 359//359 3448//3448 89//89 
f 3464//3464 3453//3453 3483//3483 
f 3445//3445 3457//3457 1401//1401 
f 3423//3423 3462//3462 3471//3471 
f 3417//3417 3455//3455 3468//3468 
f 3417//3417 3468//3468 3451//3451 
f 3455//3455 3469//3469 3468//3468 
f 293//293 1418//1418 3462//3462 
f 293//293 3428//3428 1418//1418 
f 1413//1413 1412//1412 1396//1396 
f 3445//3445 3476//3476 3457//3457 
f 3455//3455 3435//3435 3469//3469 
f 1406//1406 3473//3473 3416//3416 
f 3431//3431 88//88 3400//3400 
f 3433//3433 3422//3422 1405//1405 
f 3433//3433 90//90 3422//3422 
f 3448//3448 3480//3480 89//89 
f 1406//1406 3436//3436 3473//3473 
f 3448//3448 3451//3451 3480//3480 
f 3460//3460 1418//1418 3428//3428 
f 5140//5140 5581//5581 1422//1422 
f 3453//3453 1431//1431 3483//3483 
f 3453//3453 1407//1407 1431//1431 
f 3456//3456 3470//3470 3429//3429 
f 3456//3456 3429//3429 3425//3425 
f 3460//3460 3490//3490 1418//1418 
f 1410//1410 3503//3503 1423//1423 
f 1419//1419 3464//3464 1427//1427 
f 3463//3463 3443//3443 3474//3474 
f 3471//3471 3433//3433 3423//3423 
f 3471//3471 3487//3487 3433//3433 
f 1412//1412 1415//1415 3409//3409 
f 1412//1412 1416//1416 1415//1415 
f 3449//3449 3490//3490 3460//3460 
f 1407//1407 3492//3492 1431//1431 
f 1407//1407 88//88 3492//3492 
f 90//90 3456//3456 3422//3422 
f 358//358 1433//1433 3447//3447 
f 3434//3434 3494//3494 3476//3476 
f 3434//3434 3461//3461 3494//3494 
f 3434//3434 3476//3476 3445//3445 
f 1402//1402 3478//3478 3465//3465 
f 1402//1402 3469//3469 3435//3435 
f 1402//1402 3465//3465 3469//3469 
f 3449//3449 3473//3473 3490//3490 
f 3472//3472 1410//1410 1417//1417 
f 359//359 3475//3475 3461//3461 
f 359//359 89//89 3475//3475 
f 3462//3462 1425//1425 3471//3471 
f 3464//3464 3483//3483 3493//3493 
f 3457//3457 3467//3467 3436//3436 
f 3459//3459 3474//3474 3443//3443 
f 3459//3459 3443//3443 3429//3429 
f 3466//3466 1411//1411 1441//1441 
f 3415//3415 5633//5633 5266//5266 
f 3457//3457 1421//1421 3467//3467 
f 3451//3451 3468//3468 3482//3482 
f 3451//3451 3482//3482 3480//3480 
f 3462//3462 1418//1418 1425//1425 
f 1413//1413 1435//1435 1416//1416 
f 1413//1413 1416//1416 1412//1412 
f 3468//3468 3469//3469 1429//1429 
f 88//88 1432//1432 3492//3492 
f 88//88 3431//3431 1432//1432 
f 90//90 3433//3433 3487//3487 
f 3442//3442 3481//3481 3454//3454 
f 3454//3454 3465//3465 3478//3478 
f 3454//3454 3481//3481 3465//3465 
f 3442//3442 1426//1426 3481//3481 
f 5195//5195 3497//3497 1420//1420 
f 3442//3442 1415//1415 1426//1426 
f 3476//3476 1421//1421 3457//3457 
f 3470//3470 3459//3459 3429//3429 
f 1411//1411 3447//3447 3510//3510 
f 3503//3503 1413//1413 1423//1423 
f 3503//3503 1435//1435 1413//1413 
f 3436//3436 3485//3485 3473//3473 
f 3474//3474 5567//5567 3463//3463 
f 3477//3477 3495//3495 3500//3500 
f 3415//3415 5162//5162 3489//3489 
f 3436//3436 3467//3467 3485//3485 
f 1422//1422 67//67 5149//5149 
f 1422//1422 5581//5581 67//67 
f 90//90 3488//3488 3484//3484 
f 90//90 3484//3484 3456//3456 
f 3447//3447 1433//1433 3516//3516 
f 3472//3472 3503//3503 1410//1410 
f 3472//3472 1446//1446 3503//3503 
f 3465//3465 3481//3481 3501//3501 
f 3474//3474 3459//3459 1428//1428 
f 1441//1441 3491//3491 3466//3466 
f 3415//3415 5705//5705 5633//5633 
f 3415//3415 3489//3489 5705//5705 
f 1416//1416 1435//1435 366//366 
f 3467//3467 1421//1421 3507//3507 
f 3473//3473 1430//1430 3490//3490 
f 90//90 362//362 3488//3488 
f 90//90 3487//3487 362//362 
f 1433//1433 358//358 3500//3500 
f 3461//3461 3505//3505 3494//3494 
f 3461//3461 3475//3475 3505//3505 
f 3473//3473 3499//3499 1430//1430 
f 3497//3497 3472//3472 1420//1420 
f 3475//3475 89//89 3496//3496 
f 1418//1418 3504//3504 1425//1425 
f 3470//3470 1438//1438 1428//1428 
f 3470//3470 1428//1428 3459//3459 
f 3510//3510 1441//1441 1411//1411 
f 3471//3471 1425//1425 3486//3486 
f 3468//3468 1429//1429 3482//3482 
f 3469//3469 1439//1439 1429//1429 
f 1418//1418 3498//3498 3504//3504 
f 1421//1421 3476//3476 1434//1434 
f 3485//3485 3499//3499 3473//3473 
f 5567//5567 3474//3474 5591//5591 
f 1432//1432 3431//3431 3491//3491 
f 3480//3480 3496//3496 89//89 
f 3480//3480 1447//1447 3496//3496 
f 3500//3500 3495//3495 379//379 
f 1415//1415 1440//1440 1426//1426 
f 3480//3480 3482//3482 1447//1447 
f 3490//3490 3498//3498 1418//1418 
f 1431//1431 3515//3515 3483//3483 
f 3494//3494 1434//1434 3476//3476 
f 3484//3484 3470//3470 3456//3456 
f 3516//3516 3510//3510 3447//3447 
f 3465//3465 1439//1439 3469//3469 
f 3494//3494 3505//3505 1434//1434 
f 3465//3465 3501//3501 1439//1439 
f 3490//3490 1430//1430 3498//3498 
f 1446//1446 3506//3506 3503//3503 
f 1427//1427 3493//3493 1489//1489 
f 3467//3467 1436//1436 3485//3485 
f 3491//3491 1441//1441 3525//3525 
f 3486//3486 1445//1445 3487//3487 
f 3486//3486 3487//3487 3471//3471 
f 3467//3467 3507//3507 1436//1436 
f 1416//1416 1440//1440 1415//1415 
f 1416//1416 366//366 1440//1440 
f 3475//3475 1448//1448 3505//3505 
f 3481//3481 3508//3508 3501//3501 
f 3497//3497 1446//1446 3472//3472 
f 3497//3497 1437//1437 1446//1446 
f 3475//3475 3496//3496 1448//1448 
f 3493//3493 3483//3483 1466//1466 
f 3493//3493 1466//1466 1489//1489 
f 3481//3481 1426//1426 3508//3508 
f 3482//3482 1429//1429 3511//3511 
f 3482//3482 3511//3511 1447//1447 
f 1429//1429 1439//1439 3511//3511 
f 3502//3502 1488//1488 1467//1467 
f 3502//3502 1427//1427 1488//1488 
f 3500//3500 1526//1526 1433//1433 
f 3500//3500 379//379 1526//1526 
f 3499//3499 3485//3485 1436//1436 
f 3484//3484 3519//3519 1438//1438 
f 3484//3484 1438//1438 3470//3470 
f 1421//1421 3513//3513 3507//3507 
f 1421//1421 1434//1434 3513//3513 
f 3506//3506 1435//1435 3503//3503 
f 1434//1434 3505//3505 1465//1465 
f 1427//1427 1489//1489 1534//1534 
f 1439//1439 3501//3501 3512//3512 
f 1428//1428 5591//5591 3474//3474 
f 3525//3525 1432//1432 3491//3491 
f 1445//1445 362//362 3487//3487 
f 379//379 3495//3495 3526//3526 
f 3496//3496 1447//1447 3523//3523 
f 1426//1426 1440//1440 1536//1536 
f 1426//1426 1536//1536 3508//3508 
f 1440//1440 366//366 1449//1449 
f 1436//1436 3507//3507 3509//3509 
f 1447//1447 3511//3511 1512//1512 
f 1430//1430 380//380 3498//3498 
f 3488//3488 1490//1490 3484//3484 
f 3488//3488 362//362 1490//1490 
f 1430//1430 3524//3524 380//380 
f 3505//3505 1448//1448 1465//1465 
f 3501//3501 3514//3514 3512//3512 
f 1437//1437 1535//1535 1446//1446 
f 3504//3504 3486//3486 1425//1425 
f 3504//3504 1527//1527 3517//3517 
f 3504//3504 3517//3517 3486//3486 
f 3501//3501 3508//3508 3514//3514 
f 1428//1428 1438//1438 1513//1513 
f 1441//1441 3538//3538 3525//3525 
f 3495//3495 1532//1532 3526//3526 
f 3504//3504 3518//3518 1527//1527 
f 366//366 1549//1549 1449//1449 
f 3511//3511 1439//1439 3520//3520 
f 3499//3499 3524//3524 1430//1430 
f 3492//3492 429//429 1525//1525 
f 3492//3492 1432//1432 429//429 
f 1433//1433 1526//1526 3529//3529 
f 3508//3508 1536//1536 3514//3514 
f 3499//3499 1511//1511 3524//3524 
f 1438//1438 3519//3519 1513//1513 
f 3510//3510 3537//3537 1441//1441 
f 3507//3507 1514//1514 3509//3509 
f 3507//3507 3513//3513 1514//1514 
f 1439//1439 3532//3532 3520//3520 
f 3506//3506 366//366 1435//1435 
f 3506//3506 1549//1549 366//366 
f 1439//1439 3512//3512 3532//3532 
f 1436//1436 1511//1511 3499//3499 
f 5591//5591 1428//1428 5155//5155 
f 1432//1432 3525//3525 1587//1587 
f 1432//1432 1587//1587 429//429 
f 1445//1445 3521//3521 362//362 
f 1445//1445 1588//1588 3521//3521 
f 379//379 3530//3530 1526//1526 
f 379//379 3526//3526 3530//3530 
f 3496//3496 3523//3523 3527//3527 
f 3496//3496 3527//3527 1448//1448 
f 1440//1440 3522//3522 1536//1536 
f 1440//1440 1449//1449 3522//3522 
f 1436//1436 3509//3509 1511//1511 
f 3515//3515 1525//1525 3543//3543 
f 1490//1490 3519//3519 3484//3484 
f 3516//3516 1627//1627 3510//3510 
f 3504//3504 380//380 3518//3518 
f 3504//3504 3498//3498 380//380 
f 1434//1434 1465//1465 1539//1539 
f 1434//1434 1539//1539 3513//3513 
f 1535//1535 3506//3506 1446//1446 
f 1489//1489 3536//3536 1534//1534 
f 1489//1489 1466//1466 3536//3536 
f 1513//1513 1491//1491 1428//1428 
f 3538//3538 1587//1587 3525//3525 
f 3517//3517 1445//1445 3486//3486 
f 1447//1447 3531//3531 3523//3523 
f 1447//1447 1512//1512 3531//3531 
f 1449//1449 1549//1549 1608//1608 
f 1467//1467 1488//1488 5169//5169 
f 1467//1467 5169//5169 1538//1538 
f 1525//1525 429//429 1625//1625 
f 3521//3521 1490//1490 362//362 
f 3529//3529 3516//3516 1433//1433 
f 1466//1466 1537//1537 3536//3536 
f 3514//3514 1536//1536 1547//1547 
f 3537//3537 1609//1609 3538//3538 
f 3537//3537 3538//3538 1441//1441 
f 1532//1532 3528//3528 3526//3526 
f 3511//3511 3520//3520 1512//1512 
f 1488//1488 1534//1534 3539//3539 
f 1511//1511 421//421 3524//3524 
f 429//429 1587//1587 1672//1672 
f 1526//1526 3530//3530 1626//1626 
f 3523//3523 3545//3545 3527//3527 
f 3522//3522 1547//1547 1536//1536 
f 3523//3523 3531//3531 3545//3545 
f 380//380 1548//1548 3518//3518 
f 3543//3543 1537//1537 3515//3515 
f 1465//1465 3533//3533 1539//1539 
f 3519//3519 1490//1490 1568//1568 
f 1627//1627 3537//3537 3510//3510 
f 3513//3513 3533//3533 1514//1514 
f 3513//3513 1539//1539 3533//3533 
f 1465//1465 3542//3542 3533//3533 
f 380//380 1589//1589 1548//1548 
f 1535//1535 1549//1549 3506//3506 
f 1535//1535 3554//3554 1549//1549 
f 1465//1465 3535//3535 3542//3542 
f 1465//1465 1448//1448 3535//3535 
f 1534//1534 3536//3536 296//296 
f 1534//1534 296//296 3539//3539 
f 3509//3509 3534//3534 1511//1511 
f 1491//1491 5155//5155 1428//1428 
f 1587//1587 3538//3538 458//458 
f 3517//3517 1588//1588 1445//1445 
f 3526//3526 1670//1670 3530//3530 
f 3509//3509 1610//1610 3534//3534 
f 1449//1449 1550//1550 3522//3522 
f 1449//1449 1608//1608 1550//1550 
f 1512//1512 3520//3520 1592//1592 
f 1512//1512 1592//1592 3531//3531 
f 1525//1525 1625//1625 3540//3540 
f 1525//1525 3540//3540 3543//3543 
f 1490//1490 3521//3521 1669//1669 
f 3529//3529 469//469 1627//1627 
f 3529//3529 1627//1627 3516//3516 
f 3514//3514 1591//1591 3512//3512 
f 3524//3524 1589//1589 380//380 
f 1448//1448 3541//3541 3535//3535 
f 3512//3512 1591//1591 3532//3532 
f 3514//3514 3550//3550 1591//1591 
f 1448//1448 3527//3527 3541//3541 
f 3536//3536 1537//1537 3546//3546 
f 3514//3514 1547//1547 3550//3550 
f 1527//1527 3518//3518 1648//1648 
f 1527//1527 1648//1648 3517//3517 
f 3526//3526 3528//3528 1717//1717 
f 3520//3520 1647//1647 1592//1592 
f 3520//3520 3532//3532 1647//1647 
f 429//429 1672//1672 1625//1625 
f 3521//3521 3551//3551 1669//1669 
f 3521//3521 1588//1588 3551//3551 
f 1626//1626 3529//3529 1526//1526 
f 3524//3524 421//421 1589//1589 
f 3527//3527 3545//3545 3541//3541 
f 1547//1547 3522//3522 1763//1763 
f 421//421 1511//1511 1611//1611 
f 1548//1548 1648//1648 3518//3518 
f 1537//1537 3543//3543 3558//3558 
f 1537//1537 3558//3558 3546//3546 
f 1568//1568 1513//1513 3519//3519 
f 1568//1568 3555//3555 1513//1513 
f 1514//1514 3533//3533 3544//3544 
f 1514//1514 3544//3544 1610//1610 
f 1514//1514 1610//1610 3509//3509 
f 3532//3532 3559//3559 1647//1647 
f 3554//3554 3579//3579 1549//1549 
f 3532//3532 1591//1591 3559//3559 
f 3534//3534 1611//1611 1511//1511 
f 1491//1491 1671//1671 5155//5155 
f 1587//1587 458//458 1672//1672 
f 1588//1588 3517//3517 3551//3551 
f 3530//3530 1670//1670 3548//3548 
f 3534//3534 1673//1673 1611//1611 
f 3534//3534 1610//1610 1673//1673 
f 1669//1669 1568//1568 1490//1490 
f 469//469 1718//1718 1627//1627 
f 1569//1569 1719//1719 3554//3554 
f 1569//1569 3554//3554 1535//1535 
f 3536//3536 3565//3565 296//296 
f 3536//3536 3546//3546 3565//3565 
f 3555//3555 3572//3572 1491//1491 
f 3555//3555 1491//1491 1513//1513 
f 1609//1609 458//458 3538//3538 
f 1609//1609 3557//3557 458//458 
f 3526//3526 1717//1717 1670//1670 
f 3531//3531 1592//1592 3556//3556 
f 3531//3531 3556//3556 3545//3545 
f 1592//1592 1647//1647 3562//3562 
f 421//421 3549//3549 1589//1589 
f 1625//1625 1672//1672 1788//1788 
f 1625//1625 1788//1788 1696//1696 
f 1626//1626 469//469 3529//3529 
f 1626//1626 1789//1789 469//469 
f 421//421 1765//1765 3549//3549 
f 1547//1547 1763//1763 3550//3550 
f 421//421 1611//1611 1765//1765 
f 3541//3541 3545//3545 3547//3547 
f 3537//3537 1857//1857 1609//1609 
f 3533//3533 1694//1694 3544//3544 
f 3579//3579 1608//1608 1549//1549 
f 3533//3533 3542//3542 1694//1694 
f 3539//3539 3569//3569 3553//3553 
f 3539//3539 296//296 3569//3569 
f 1672//1672 1766//1766 1788//1788 
f 1672//1672 458//458 1766//1766 
f 3548//3548 1626//1626 3530//3530 
f 3545//3545 3556//3556 3547//3547 
f 1550//1550 1763//1763 3522//3522 
f 1550//1550 1811//1811 1763//1763 
f 5598//5598 1742//1742 5590//5590 
f 1589//1589 1856//1856 1548//1548 
f 3540//3540 3581//3581 3558//3558 
f 3540//3540 3558//3558 3543//3543 
f 1669//1669 470//470 1741//1741 
f 1669//1669 1741//1741 1568//1568 
f 1718//1718 3537//3537 1627//1627 
f 3528//3528 5597//5597 3584//3584 
f 1591//1591 3576//3576 3559//3559 
f 1589//1589 3549//3549 1856//1856 
f 296//296 3565//3565 3569//3569 
f 1591//1591 3550//3550 3576//3576 
f 3572//3572 1671//1671 1491//1491 
f 458//458 3557//3557 1766//1766 
f 3517//3517 1648//1648 3552//3552 
f 3517//3517 3552//3552 3551//3551 
f 1646//1646 1550//1550 1608//1608 
f 1695//1695 5180//5180 5177//5177 
f 1696//1696 3540//3540 1625//1625 
f 1669//1669 3580//3580 470//470 
f 1669//1669 3551//3551 3580//3580 
f 1789//1789 3575//3575 469//469 
f 3542//3542 3535//3535 468//468 
f 3542//3542 468//468 1694//1694 
f 3546//3546 3558//3558 3587//3587 
f 3546//3546 3587//3587 3565//3565 
f 1857//1857 3557//3557 1609//1609 
f 1648//1648 3567//3567 1720//1720 
f 1610//1610 3544//3544 3560//3560 
f 1610//1610 3560//3560 1673//1673 
f 1592//1592 3562//3562 3556//3556 
f 3579//3579 3566//3566 1608//1608 
f 3544//3544 1694//1694 3560//3560 
f 3553//3553 3569//3569 3602//3602 
f 1611//1611 3563//3563 1765//1765 
f 1671//1671 3561//3561 1695//1695 
f 1788//1788 1766//1766 1812//1812 
f 3551//3551 1833//1833 3568//3568 
f 3548//3548 3610//3610 1789//1789 
f 3548//3548 1789//1789 1626//1626 
f 3541//3541 3570//3570 468//468 
f 3541//3541 468//468 3535//3535 
f 3541//3541 3547//3547 3570//3570 
f 3547//3547 475//475 3570//3570 
f 1763//1763 1811//1811 3564//3564 
f 1742//1742 5598//5598 488//488 
f 3547//3547 3556//3556 472//472 
f 3547//3547 472//472 475//475 
f 3558//3558 3581//3581 3587//3587 
f 1741//1741 3555//3555 1568//1568 
f 1718//1718 3601//3601 1857//1857 
f 1718//1718 1857//1857 3537//3537 
f 1856//1856 3567//3567 1648//1648 
f 1856//1856 1648//1648 1548//1548 
f 3584//3584 1717//1717 3528//3528 
f 1647//1647 3571//3571 3562//3562 
f 1647//1647 3559//3559 3571//3571 
f 3559//3559 3576//3576 3571//3571 
f 1719//1719 3579//3579 3554//3554 
f 1719//1719 5200//5200 3579//3579 
f 1694//1694 468//468 3585//3585 
f 3569//3569 3565//3565 1834//1834 
f 3572//3572 3573//3573 1671//1671 
f 1766//1766 3557//3557 1880//1880 
f 3552//3552 1833//1833 3551//3551 
f 1810//1810 3548//3548 1670//1670 
f 1673//1673 3563//3563 1611//1611 
f 3556//3556 1879//1879 472//472 
f 1646//1646 1811//1811 1550//1550 
f 1646//1646 1902//1902 1811//1811 
f 3556//3556 3582//3582 1879//1879 
f 3556//3556 3562//3562 3582//3582 
f 3549//3549 3574//3574 1856//1856 
f 1696//1696 3581//3581 3540//3540 
f 1696//1696 3594//3594 3581//3581 
f 3575//3575 1718//1718 469//469 
f 3550//3550 1904//1904 3576//3576 
f 468//468 3570//3570 3590//3590 
f 3565//3565 3596//3596 1834//1834 
f 3565//3565 3587//3587 3596//3596 
f 3560//3560 3593//3593 1673//1673 
f 3557//3557 3592//3592 1880//1880 
f 3557//3557 1857//1857 3592//3592 
f 1720//1720 3552//3552 1648//1648 
f 1670//1670 1717//1717 3618//3618 
f 1673//1673 3593//3593 3563//3563 
f 3562//3562 1858//1858 3582//3582 
f 3566//3566 1646//1646 1608//1608 
f 3602//3602 3578//3578 5602//5602 
f 3602//3602 5602//5602 3553//3553 
f 3562//3562 3571//3571 1858//1858 
f 1788//1788 3594//3594 1696//1696 
f 1788//1788 1812//1812 3594//3594 
f 3568//3568 3580//3580 3551//3551 
f 3610//3610 3599//3599 1789//1789 
f 3564//3564 3550//3550 1763//1763 
f 1742//1742 488//488 3583//3583 
f 3570//3570 472//472 3589//3589 
f 3570//3570 475//475 472//472 
f 3587//3587 3581//3581 3606//3606 
f 1694//1694 3577//3577 3560//3560 
f 1741//1741 3588//3588 3555//3555 
f 3601//3601 3592//3592 1857//1857 
f 3567//3567 1856//1856 3603//3603 
f 1717//1717 3584//3584 3621//3621 
f 1694//1694 3595//3595 3577//3577 
f 5200//5200 3597//3597 3579//3579 
f 1694//1694 3585//3585 3595//3595 
f 3569//3569 1881//1881 3602//3602 
f 3569//3569 1834//1834 1881//1881 
f 3571//3571 3576//3576 3623//3623 
f 3573//3573 3561//3561 1671//1671 
f 1766//1766 3611//3611 1812//1812 
f 1766//1766 1880//1880 3611//3611 
f 1833//1833 3552//3552 3598//3598 
f 1810//1810 3617//3617 1926//1926 
f 1810//1810 3610//3610 3548//3548 
f 1810//1810 1926//1926 3610//3610 
f 1765//1765 3563//3563 3574//3574 
f 1765//1765 3574//3574 3549//3549 
f 1811//1811 1902//1902 496//496 
f 3581//3581 3594//3594 3613//3613 
f 3581//3581 3613//3613 3606//3606 
f 470//470 3580//3580 3588//3588 
f 470//470 3588//3588 1741//1741 
f 3575//3575 3601//3601 1718//1718 
f 3575//3575 3634//3634 3601//3601 
f 1856//1856 3574//3574 3609//3609 
f 3576//3576 1904//1904 3586//3586 
f 3572//3572 3555//3555 3591//3591 
f 1880//1880 3592//3592 3612//3612 
f 1720//1720 3600//3600 3598//3598 
f 1720//1720 3598//3598 3552//3552 
f 3618//3618 3617//3617 1810//1810 
f 3618//3618 1810//1810 1670//1670 
f 3563//3563 3593//3593 3608//3608 
f 3582//3582 1858//1858 1879//1879 
f 3566//3566 1902//1902 1646//1646 
f 3593//3593 3560//3560 3577//3577 
f 3578//3578 3607//3607 5602//5602 
f 3594//3594 1812//1812 3614//3614 
f 3580//3580 3568//3568 3616//3616 
f 3599//3599 3575//3575 1789//1789 
f 3622//3622 3637//3637 5597//5597 
f 468//468 3590//3590 3585//3585 
f 3564//3564 1904//1904 3550//3550 
f 3564//3564 2013//2013 1904//1904 
f 3583//3583 488//488 3631//3631 
f 3583//3583 3631//3631 1927//1927 
f 3587//3587 3606//3606 3625//3625 
f 3587//3587 3625//3625 3596//3596 
f 3588//3588 3591//3591 3555//3555 
f 3592//3592 3601//3601 3627//3627 
f 3567//3567 3600//3600 1720//1720 
f 3567//3567 3603//3603 3600//3600 
f 3621//3621 3618//3618 1717//1717 
f 3597//3597 3566//3566 3579//3579 
f 3573//3573 1905//1905 3561//3561 
f 1812//1812 3611//3611 3614//3614 
f 1833//1833 3604//3604 3568//3568 
f 1833//1833 3598//3598 3604//3604 
f 3570//3570 1949//1949 3590//3590 
f 3570//3570 3589//3589 1949//1949 
f 496//496 3564//3564 1811//1811 
f 488//488 3626//3626 3631//3631 
f 488//488 3607//3607 3626//3626 
f 3634//3634 3627//3627 3601//3601 
f 1856//1856 3609//3609 3603//3603 
f 3584//3584 2060//2060 3621//3621 
f 3571//3571 3623//3623 1858//1858 
f 3586//3586 3623//3623 3576//3576 
f 1834//1834 3596//3596 3654//3654 
f 1834//1834 3654//3654 1881//1881 
f 3572//3572 3591//3591 1992//1992 
f 3572//3572 1905//1905 3573//3573 
f 3572//3572 1992//1992 1905//1905 
f 1880//1880 3612//3612 3611//3611 
f 3563//3563 1903//1903 3574//3574 
f 3563//3563 3608//3608 1903//1903 
f 3593//3593 3632//3632 3608//3608 
f 472//472 3605//3605 3589//3589 
f 472//472 1879//1879 3605//3605 
f 1879//1879 3624//3624 3605//3605 
f 3593//3593 1970//1970 3632//3632 
f 3607//3607 3578//3578 3633//3633 
f 1879//1879 1858//1858 3624//3624 
f 3594//3594 2036//2036 3613//3613 
f 3594//3594 3614//3614 2036//2036 
f 3599//3599 3628//3628 3634//3634 
f 3599//3599 3641//3641 3628//3628 
f 3599//3599 3634//3634 3575//3575 
f 3637//3637 3584//3584 5597//5597 
f 3585//3585 3590//3590 2014//2014 
f 3585//3585 2014//2014 3595//3595 
f 1904//1904 2013//2013 3615//3615 
f 1927//1927 3631//3631 3643//3643 
f 3596//3596 3625//3625 3630//3630 
f 3577//3577 1970//1970 3593//3593 
f 3592//3592 2015//2015 3612//3612 
f 3592//3592 3627//3627 2015//2015 
f 3600//3600 3603//3603 2059//2059 
f 3577//3577 3619//3619 1970//1970 
f 1858//1858 3629//3629 3624//3624 
f 3597//3597 5196//5196 1902//1902 
f 3597//3597 1902//1902 3566//3566 
f 1881//1881 3633//3633 3578//3578 
f 1881//1881 3578//3578 3602//3602 
f 1858//1858 3623//3623 3629//3629 
f 1903//1903 3635//3635 3574//3574 
f 3614//3614 3611//3611 3645//3645 
f 3604//3604 3616//3616 3568//3568 
f 1926//1926 3640//3640 3641//3641 
f 1926//1926 3599//3599 3610//3610 
f 1926//1926 3641//3641 3599//3599 
f 2084//2084 3637//3637 3622//3622 
f 3590//3590 1949//1949 3620//3620 
f 496//496 2013//2013 3564//3564 
f 3606//3606 3642//3642 3625//3625 
f 3606//3606 3613//3613 3642//3642 
f 3627//3627 3634//3634 2037//2037 
f 3603//3603 3609//3609 3636//3636 
f 2060//2060 3647//3647 3621//3621 
f 3586//3586 2058//2058 3629//3629 
f 3586//3586 3629//3629 3623//3623 
f 3654//3654 1971//1971 1881//1881 
f 3611//3611 3612//3612 2110//2110 
f 3611//3611 2110//2110 3645//3645 
f 3598//3598 3600//3600 3639//3639 
f 3598//3598 3639//3639 3604//3604 
f 3617//3617 3640//3640 1926//1926 
f 3589//3589 3605//3605 2085//2085 
f 3589//3589 3620//3620 1949//1949 
f 3589//3589 2085//2085 3620//3620 
f 1948//1948 496//496 1902//1902 
f 3607//3607 3633//3633 2083//2083 
f 3607//3607 2083//2083 3626//3626 
f 3605//3605 3624//3624 568//568 
f 3613//3613 2036//2036 3642//3642 
f 3580//3580 3638//3638 3588//3588 
f 3580//3580 3616//3616 3638//3638 
f 3609//3609 3635//3635 3636//3636 
f 3637//3637 2060//2060 3584//3584 
f 3637//3637 2135//2135 2060//2060 
f 3595//3595 3619//3619 3577//3577 
f 3595//3595 2014//2014 3619//3619 
f 3590//3590 3650//3650 2014//2014 
f 3615//3615 3586//3586 1904//1904 
f 1927//1927 3643//3643 2061//2061 
f 3590//3590 3620//3620 3650//3650 
f 3630//3630 3654//3654 3596//3596 
f 3591//3591 2108//2108 1992//1992 
f 3612//3612 2015//2015 2110//2110 
f 3600//3600 2059//2059 3639//3639 
f 3618//3618 3653//3653 3617//3617 
f 5196//5196 3644//3644 1902//1902 
f 3633//3633 1881//1881 3655//3655 
f 3624//3624 3629//3629 2087//2087 
f 3614//3614 3659//3659 2036//2036 
f 3614//3614 3645//3645 3659//3659 
f 3616//3616 3604//3604 3648//3648 
f 3641//3641 3640//3640 3657//3657 
f 3635//3635 3609//3609 3574//3574 
f 3631//3631 2133//2133 3643//3643 
f 3631//3631 3626//3626 2133//2133 
f 3625//3625 3642//3642 2204//2204 
f 3649//3649 3591//3591 3588//3588 
f 3627//3627 2037//2037 2015//2015 
f 3603//3603 3636//3636 2059//2059 
f 3647//3647 3618//3618 3621//3621 
f 3619//3619 2014//2014 2111//2111 
f 1971//1971 3655//3655 1881//1881 
f 3608//3608 2082//2082 1903//1903 
f 1905//1905 1992//1992 2108//2108 
f 3645//3645 2110//2110 3658//3658 
f 3639//3639 3648//3648 3604//3604 
f 3640//3640 3617//3617 3661//3661 
f 3605//3605 568//568 2085//2085 
f 1948//1948 3646//3646 2013//2013 
f 1948//1948 2013//2013 496//496 
f 3626//3626 2083//2083 2133//2133 
f 3642//3642 2036//2036 2134//2134 
f 3638//3638 3649//3649 3588//3588 
f 3638//3638 2229//2229 3649//3649 
f 3628//3628 2037//2037 3634//3634 
f 3628//3628 2181//2181 2037//2037 
f 3636//3636 3635//3635 3665//3665 
f 2135//2135 2112//2112 2060//2060 
f 3615//3615 2158//2158 2058//2058 
f 3615//3615 2058//2058 3586//3586 
f 2061//2061 3643//3643 2136//2136 
f 3630//3630 3656//3656 3654//3654 
f 2110//2110 2015//2015 3666//3666 
f 3617//3617 3653//3653 3661//3661 
f 3644//3644 1948//1948 1902//1902 
f 3633//3633 3655//3655 2083//2083 
f 2036//2036 3659//3659 2134//2134 
f 3620//3620 2109//2109 3650//3650 
f 3648//3648 3638//3638 3616//3616 
f 3641//3641 3657//3657 2181//2181 
f 3641//3641 2181//2181 3628//3628 
f 3637//3637 2427//2427 2135//2135 
f 3615//3615 2013//2013 3652//3652 
f 3643//3643 3671//3671 2136//2136 
f 3643//3643 2133//2133 3671//3671 
f 3620//3620 2085//2085 2109//2109 
f 2204//2204 3656//3656 3630//3630 
f 2204//2204 3630//3630 3625//3625 
f 3649//3649 2108//2108 3591//3591 
f 2015//2015 2037//2037 2328//2328 
f 3647//3647 3653//3653 3618//3618 
f 3647//3647 2230//2230 3653//3653 
f 3632//3632 1970//1970 2086//2086 
f 3632//3632 2086//2086 574//574 
f 3632//3632 574//574 3608//3608 
f 3624//3624 2087//2087 568//568 
f 3629//3629 2058//2058 2179//2179 
f 3629//3629 2179//2179 2087//2087 
f 3655//3655 1971//1971 2182//2182 
f 1905//1905 2108//2108 5231//5231 
f 3645//3645 3658//3658 3659//3659 
f 3648//3648 3639//3639 3664//3664 
f 3640//3640 3661//3661 3670//3670 
f 3640//3640 3670//3670 3657//3657 
f 2082//2082 3635//3635 1903//1903 
f 2082//2082 2180//2180 3635//3635 
f 3660//3660 3637//3637 2084//2084 
f 2085//2085 2357//2357 2109//2109 
f 3646//3646 3652//3652 2013//2013 
f 2085//2085 568//568 2357//2357 
f 3642//3642 2134//2134 612//612 
f 3642//3642 612//612 2204//2204 
f 2037//2037 2181//2181 2307//2307 
f 3636//3636 3665//3665 2059//2059 
f 2112//2112 3647//3647 2060//2060 
f 3619//3619 2086//2086 1970//1970 
f 3619//3619 2111//2111 2086//2086 
f 2014//2014 3650//3650 2111//2111 
f 2058//2058 2158//2158 2179//2179 
f 2061//2061 5248//5248 5610//5610 
f 2061//2061 2136//2136 5248//5248 
f 3656//3656 2182//2182 1971//1971 
f 3656//3656 1971//1971 3654//3654 
f 2110//2110 3666//3666 3658//3658 
f 3639//3639 2157//2157 3664//3664 
f 3661//3661 3653//3653 3673//3673 
f 574//574 2082//2082 3608//3608 
f 574//574 2086//2086 2232//2232 
f 3651//3651 2254//2254 2084//2084 
f 568//568 2087//2087 2255//2255 
f 3644//3644 2355//2355 3646//3646 
f 3644//3644 3646//3646 1948//1948 
f 2083//2083 3655//3655 618//618 
f 2134//2134 3659//3659 2256//2256 
f 3648//3648 2229//2229 3638//3638 
f 3648//3648 3669//3669 2229//2229 
f 2181//2181 3657//3657 2280//2280 
f 3635//3635 2180//2180 3665//3665 
f 2427//2427 3674//3674 2135//2135 
f 3615//3615 3652//3652 2158//2158 
f 3656//3656 2204//2204 2228//2228 
f 2108//2108 3649//3649 3667//3667 
f 2328//2328 3666//3666 2015//2015 
f 2157//2157 3639//3639 2059//2059 
f 3653//3653 2230//2230 3673//3673 
f 2087//2087 2179//2179 2206//2206 
f 3655//3655 2182//2182 3663//3663 
f 3659//3659 3658//3658 2354//2354 
f 2109//2109 2357//2357 3684//3684 
f 3648//3648 2283//2283 3669//3669 
f 3648//3648 3664//3664 2283//2283 
f 3657//3657 3670//3670 2280//2280 
f 3660//3660 2427//2427 3637//3637 
f 3650//3650 2109//2109 3662//3662 
f 3652//3652 3646//3646 5593//5593 
f 612//612 2228//2228 2204//2204 
f 3649//3649 2229//2229 3667//3667 
f 2307//2307 2258//2258 2328//2328 
f 2307//2307 2328//2328 2037//2037 
f 2059//2059 3665//3665 2352//2352 
f 2112//2112 2379//2379 2230//2230 
f 2112//2112 2230//2230 3647//3647 
f 2111//2111 3650//3650 3677//3677 
f 2182//2182 3656//3656 2231//2231 
f 3658//3658 3666//3666 3691//3691 
f 3661//3661 3680//3680 3670//3670 
f 3661//3661 3673//3673 3680//3680 
f 574//574 2232//2232 3672//3672 
f 574//574 3672//3672 2082//2082 
f 2254//2254 3660//3660 2084//2084 
f 2255//2255 2357//2357 568//568 
f 2355//2355 5593//5593 3646//3646 
f 618//618 2133//2133 2083//2083 
f 2134//2134 2256//2256 612//612 
f 2181//2181 2280//2280 2474//2474 
f 2181//2181 2474//2474 2307//2307 
f 3665//3665 2180//2180 2205//2205 
f 3674//3674 2112//2112 2135//2135 
f 3662//3662 2281//2281 3650//3650 
f 2136//2136 3671//3671 3686//3686 
f 2136//2136 3686//3686 5248//5248 
f 3656//3656 2228//2228 2231//2231 
f 2108//2108 3667//3667 2449//2449 
f 3666//3666 2328//2328 3692//3692 
f 3673//3673 2230//2230 2402//2402 
f 2086//2086 3689//3689 2232//2232 
f 2206//2206 2255//2255 2087//2087 
f 3668//3668 2355//2355 3644//3644 
f 3668//3668 3700//3700 2355//2355 
f 3663//3663 618//618 3655//3655 
f 3663//3663 2257//2257 618//618 
f 2354//2354 2256//2256 3659//3659 
f 2280//2280 3670//3670 3690//3690 
f 3684//3684 3662//3662 2109//2109 
f 3652//3652 2279//2279 2158//2158 
f 3652//3652 5593//5593 2279//2279 
f 3671//3671 2133//2133 3679//3679 
f 2352//2352 2306//2306 2157//2157 
f 2352//2352 2157//2157 2059//2059 
f 2230//2230 2379//2379 2402//2402 
f 3677//3677 2086//2086 2111//2111 
f 2182//2182 2231//2231 2305//2305 
f 2182//2182 2305//2305 3663//3663 
f 3691//3691 2354//2354 3658//3658 
f 3670//3670 3680//3680 3690//3690 
f 3672//3672 2180//2180 2082//2082 
f 2254//2254 2427//2427 3660//3660 
f 2254//2254 2405//2405 2427//2427 
f 618//618 3679//3679 2133//2133 
f 612//612 2256//2256 2331//2331 
f 2474//2474 675//675 2307//2307 
f 2205//2205 2352//2352 3665//3665 
f 3674//3674 3697//3697 2379//2379 
f 3674//3674 2379//2379 2112//2112 
f 2281//2281 3677//3677 3650//3650 
f 3682//3682 2179//2179 2158//2158 
f 5248//5248 3686//3686 2353//2353 
f 2108//2108 2449//2449 5231//5231 
f 3692//3692 3694//3694 3691//3691 
f 3692//3692 3691//3691 3666//3666 
f 2157//2157 3712//3712 3664//3664 
f 2157//2157 2306//2306 3712//3712 
f 3673//3673 2402//2402 2428//2428 
f 3673//3673 2428//2428 3680//3680 
f 2232//2232 3689//3689 3683//3683 
f 3675//3675 2254//2254 3651//3651 
f 3675//3675 2405//2405 2254//2254 
f 2206//2206 2356//2356 2255//2255 
f 2206//2206 2476//2476 2356//2356 
f 2256//2256 2354//2354 2475//2475 
f 2256//2256 2475//2475 2331//2331 
f 3669//3669 2283//2283 3687//3687 
f 3669//3669 3687//3687 2229//2229 
f 2280//2280 3690//3690 2566//2566 
f 2280//2280 2566//2566 2474//2474 
f 3676//3676 2205//2205 2180//2180 
f 3676//3676 706//706 2205//2205 
f 2404//2404 3674//3674 2427//2427 
f 2279//2279 3681//3681 2158//2158 
f 3671//3671 3679//3679 3686//3686 
f 2228//2228 2358//2358 2231//2231 
f 3667//3667 3701//3701 2449//2449 
f 2258//2258 3692//3692 2328//2328 
f 2258//2258 3695//3695 3692//3692 
f 2306//2306 2352//2352 3705//3705 
f 2402//2402 2379//2379 2477//2477 
f 3677//3677 3708//3708 3689//3689 
f 3677//3677 3689//3689 2086//2086 
f 3678//3678 2206//2206 2179//2179 
f 3678//3678 2476//2476 2206//2206 
f 2305//2305 2403//2403 3663//3663 
f 2354//2354 3691//3691 2380//2380 
f 2283//2283 3664//3664 2452//2452 
f 2283//2283 2452//2452 3687//3687 
f 3690//3690 3680//3680 3710//3710 
f 3672//3672 3685//3685 3676//3676 
f 3672//3672 3676//3676 2180//2180 
f 2405//2405 2453//2453 2427//2427 
f 2255//2255 3703//3703 3684//3684 
f 2255//2255 3684//3684 2357//2357 
f 5593//5593 2381//2381 2279//2279 
f 3679//3679 618//618 3693//3693 
f 612//612 676//676 2228//2228 
f 612//612 2331//2331 676//676 
f 3667//3667 2229//2229 2451//2451 
f 675//675 2258//2258 2307//2307 
f 2379//2379 3697//3697 2477//2477 
f 2281//2281 3708//3708 3677//3677 
f 3682//3682 3678//3678 2179//2179 
f 2353//2353 3686//3686 2450//2450 
f 2330//2330 2305//2305 2231//2231 
f 3664//3664 3712//3712 2452//2452 
f 3680//3680 2428//2428 3710//3710 
f 3683//3683 3672//3672 2232//2232 
f 3700//3700 5593//5593 2355//2355 
f 2257//2257 3693//3693 618//618 
f 2257//2257 2543//2543 3693//3693 
f 3687//3687 2451//2451 2229//2229 
f 2566//2566 715//715 2474//2474 
f 2404//2404 2590//2590 3697//3697 
f 2404//2404 3697//3697 3674//3674 
f 3684//3684 2281//2281 3662//3662 
f 3684//3684 2426//2426 2281//2281 
f 3681//3681 3682//3682 2158//2158 
f 2358//2358 3688//3688 2231//2231 
f 2306//2306 3705//3705 3712//3712 
f 2402//2402 3717//3717 2428//2428 
f 2402//2402 2477//2477 3717//3717 
f 3689//3689 3708//3708 3698//3698 
f 2403//2403 2257//2257 3663//3663 
f 2380//2380 2475//2475 2354//2354 
f 3690//3690 3710//3710 3738//3738 
f 3690//3690 3738//3738 2566//2566 
f 3685//3685 3696//3696 3676//3676 
f 2453//2453 2404//2404 2427//2427 
f 3679//3679 2521//2521 3686//3686 
f 3679//3679 3693//3693 2521//2521 
f 676//676 3699//3699 2358//2358 
f 676//676 2358//2358 2228//2228 
f 2451//2451 3701//3701 3667//3667 
f 675//675 3695//3695 2258//2258 
f 675//675 2637//2637 3695//3695 
f 2477//2477 3697//3697 3724//3724 
f 3682//3682 2589//2589 3678//3678 
f 2353//2353 2450//2450 3725//3725 
f 2353//2353 3725//3725 3704//3704 
f 2330//2330 3706//3706 2305//2305 
f 3688//3688 2330//2330 2231//2231 
f 3694//3694 2380//2380 3691//3691 
f 3683//3683 3685//3685 3672//3672 
f 3683//3683 3722//3722 3685//3685 
f 2356//2356 3716//3716 3703//3703 
f 2356//2356 3703//3703 2255//2255 
f 2331//2331 3726//3726 3707//3707 
f 2331//2331 3707//3707 676//676 
f 715//715 675//675 2474//2474 
f 706//706 2352//2352 2205//2205 
f 3697//3697 2590//2590 3724//3724 
f 2331//2331 2475//2475 3726//3726 
f 2426//2426 3708//3708 2281//2281 
f 3681//3681 2544//2544 3682//3682 
f 2450//2450 3686//3686 3713//3713 
f 3695//3695 3694//3694 3692//3692 
f 3695//3695 3715//3715 3694//3694 
f 3712//3712 3705//3705 3711//3711 
f 2428//2428 3717//3717 3730//3730 
f 3698//3698 3683//3683 3689//3689 
f 3702//3702 2405//2405 3675//3675 
f 3702//3702 3727//3727 2405//2405 
f 2476//2476 3718//3718 2356//2356 
f 2475//2475 2591//2591 3726//3726 
f 3700//3700 3704//3704 3732//3732 
f 2403//2403 2543//2543 2257//2257 
f 3738//3738 2636//2636 2566//2566 
f 3696//3696 706//706 3676//3676 
f 2453//2453 2612//2612 2590//2590 
f 2453//2453 2590//2590 2404//2404 
f 2475//2475 2380//2380 2591//2591 
f 3703//3703 3709//3709 3684//3684 
f 2381//2381 3719//3719 3681//3681 
f 2381//2381 3681//3681 2279//2279 
f 2521//2521 3713//3713 3686//3686 
f 3688//3688 2358//2358 3699//3699 
f 2637//2637 3715//3715 3695//3695 
f 2477//2477 3742//3742 3717//3717 
f 2477//2477 3724//3724 3742//3742 
f 3699//3699 676//676 3707//3707 
f 2589//2589 3720//3720 2476//2476 
f 2589//2589 2476//2476 3678//3678 
f 3704//3704 3725//3725 3732//3732 
f 3706//3706 2403//2403 2305//2305 
f 3706//3706 3731//3731 2403//2403 
f 3694//3694 2588//2588 2591//2591 
f 3694//3694 2591//2591 2380//2380 
f 2452//2452 3714//3714 3687//3687 
f 3710//3710 3734//3734 3738//3738 
f 3727//3727 2453//2453 2405//2405 
f 3727//3727 2612//2612 2453//2453 
f 2499//2499 2381//2381 5593//5593 
f 3693//3693 2543//2543 2545//2545 
f 3693//3693 2545//2545 2521//2521 
f 715//715 2637//2637 675//675 
f 715//715 3761//3761 2637//2637 
f 706//706 3705//3705 2352//2352 
f 706//706 3747//3747 3705//3705 
f 3724//3724 2590//2590 3741//3741 
f 2426//2426 2633//2633 3708//3708 
f 3688//3688 3729//3729 3706//3706 
f 3688//3688 3706//3706 2330//2330 
f 2544//2544 2589//2589 3682//3682 
f 2450//2450 3713//3713 3725//3725 
f 3715//3715 2588//2588 3694//3694 
f 3730//3730 3710//3710 2428//2428 
f 3688//3688 3721//3721 3729//3729 
f 3698//3698 2635//2635 3722//3722 
f 3698//3698 3728//3728 2635//2635 
f 3698//3698 3722//3722 3683//3683 
f 3718//3718 3723//3723 2356//2356 
f 3731//3731 2543//2543 2403//2403 
f 3736//3736 3735//3735 2451//2451 
f 3736//3736 2451//2451 3687//3687 
f 2636//2636 715//715 2566//2566 
f 3696//3696 3745//3745 706//706 
f 2590//2590 3750//3750 3741//3741 
f 2590//2590 2612//2612 3750//3750 
f 3709//3709 2426//2426 3684//3684 
f 3699//3699 3749//3749 3721//3721 
f 3699//3699 3721//3721 3688//3688 
f 3719//3719 2544//2544 3681//3681 
f 3719//3719 3733//3733 2544//2544 
f 3713//3713 2521//2521 3746//3746 
f 3715//3715 2637//2637 3752//3752 
f 3717//3717 3742//3742 3748//3748 
f 3699//3699 2660//2660 3749//3749 
f 2522//2522 3698//3698 3708//3708 
f 2522//2522 3728//3728 3698//3698 
f 3720//3720 3718//3718 2476//2476 
f 3732//3732 3725//3725 2638//2638 
f 3726//3726 2591//2591 3754//3754 
f 3714//3714 3736//3736 3687//3687 
f 3722//3722 3696//3696 3685//3685 
f 2612//2612 3727//3727 2681//2681 
f 2591//2591 2588//2588 3739//3739 
f 3707//3707 2660//2660 3699//3699 
f 2499//2499 3740//3740 3719//3719 
f 2499//2499 3719//3719 2381//2381 
f 2545//2545 3746//3746 2521//2521 
f 3735//3735 3701//3701 2451//2451 
f 3761//3761 3756//3756 2637//2637 
f 3705//3705 3747//3747 2659//2659 
f 3724//3724 2750//2750 3742//3742 
f 3724//3724 3741//3741 2750//2750 
f 2633//2633 2522//2522 3708//3708 
f 2633//2633 3737//3737 2522//2522 
f 3729//3729 3744//3744 3706//3706 
f 3731//3731 3706//3706 3744//3744 
f 2588//2588 2706//2706 3739//3739 
f 3712//3712 3714//3714 2452//2452 
f 3712//3712 747//747 3714//3714 
f 3730//3730 3734//3734 3710//3710 
f 3730//3730 3773//3773 3734//3734 
f 3729//3729 3721//3721 3744//3744 
f 2588//2588 3715//3715 744//744 
f 2588//2588 744//744 2706//2706 
f 3723//3723 3716//3716 2356//2356 
f 3726//3726 743//743 3707//3707 
f 2567//2567 2545//2545 2543//2543 
f 2636//2636 2775//2775 3761//3761 
f 2636//2636 3761//3761 715//715 
f 3745//3745 3747//3747 706//706 
f 3726//3726 3754//3754 743//743 
f 3709//3709 3753//3753 2633//2633 
f 3709//3709 2633//2633 2426//2426 
f 3713//3713 3746//3746 2705//2705 
f 3713//3713 2705//2705 3725//3725 
f 3715//3715 3752//3752 744//744 
f 3711//3711 2728//2728 3712//3712 
f 3748//3748 3730//3730 3717//3717 
f 3728//3728 2522//2522 2796//2796 
f 3720//3720 3760//3760 3718//3718 
f 3732//3732 2638//2638 5609//5609 
f 3731//3731 2702//2702 2543//2543 
f 2591//2591 2798//2798 3754//3754 
f 3734//3734 3763//3763 2636//2636 
f 3734//3734 2749//2749 3763//3763 
f 3734//3734 2636//2636 3738//3738 
f 3722//3722 3745//3745 3696//3696 
f 3722//3722 3757//3757 3745//3745 
f 2612//2612 2681//2681 2774//2774 
f 2612//2612 2774//2774 3750//3750 
f 2591//2591 2704//2704 2798//2798 
f 2591//2591 3739//3739 2704//2704 
f 3716//3716 3709//3709 3703//3703 
f 3716//3716 3771//3771 3709//3709 
f 3746//3746 2545//2545 2703//2703 
f 3721//3721 3749//3749 2660//2660 
f 3701//3701 3735//3735 2727//2727 
f 3756//3756 3752//3752 2637//2637 
f 2659//2659 3711//3711 3705//3705 
f 3742//3742 2750//2750 2751//2751 
f 3744//3744 3755//3755 3731//3731 
f 2589//2589 3751//3751 3720//3720 
f 3739//3739 2706//2706 2704//2704 
f 2638//2638 3725//3725 748//748 
f 3731//3731 3755//3755 2702//2702 
f 3773//3773 2749//2749 3734//3734 
f 2635//2635 3765//3765 3757//3757 
f 2635//2635 3757//3757 3722//3722 
f 3723//3723 3759//3759 3716//3716 
f 743//743 3764//3764 3707//3707 
f 2567//2567 2703//2703 2545//2545 
f 2702//2702 2567//2567 2543//2543 
f 2660//2660 3707//3707 3764//3764 
f 2775//2775 3756//3756 3761//3761 
f 3747//3747 3745//3745 3779//3779 
f 3741//3741 3750//3750 2799//2799 
f 3741//3741 2799//2799 2750//2750 
f 3753//3753 2800//2800 2633//2633 
f 3721//3721 3766//3766 3744//3744 
f 3733//3733 2589//2589 2544//2544 
f 3733//3733 3762//3762 2589//2589 
f 2705//2705 748//748 3725//3725 
f 2728//2728 747//747 3712//3712 
f 3748//3748 3793//3793 3773//3773 
f 3748//3748 3773//3773 3730//3730 
f 3721//3721 2823//2823 3766//3766 
f 3728//3728 2796//2796 3765//3765 
f 3728//3728 3765//3765 2635//2635 
f 3743//3743 2681//2681 3727//3727 
f 3760//3760 3723//3723 3718//3718 
f 5609//5609 3781//3781 3770//3770 
f 5609//5609 2638//2638 3781//3781 
f 3736//3736 2773//2773 3735//3735 
f 3763//3763 2775//2775 2636//2636 
f 3750//3750 2774//2774 2799//2799 
f 3771//3771 3753//3753 3709//3709 
f 3771//3771 3767//3767 3753//3753 
f 2660//2660 2797//2797 2823//2823 
f 2660//2660 2823//2823 3721//3721 
f 3740//3740 5596//5596 3733//3733 
f 3740//3740 3733//3733 3719//3719 
f 3746//3746 3769//3769 2705//2705 
f 3746//3746 2703//2703 3769//3769 
f 3752//3752 3756//3756 3775//3775 
f 2659//2659 2728//2728 3711//3711 
f 2659//2659 3768//3768 2728//2728 
f 2751//2751 3748//3748 3742//3742 
f 2660//2660 3764//3764 2797//2797 
f 3737//3737 2800//2800 2796//2796 
f 3737//3737 2796//2796 2522//2522 
f 3751//3751 3774//3774 3760//3760 
f 3751//3751 3760//3760 3720//3720 
f 2638//2638 748//748 3786//3786 
f 2702//2702 3755//3755 2801//2801 
f 747//747 2773//2773 3736//3736 
f 747//747 3235//3235 2773//2773 
f 747//747 3736//3736 3714//3714 
f 2749//2749 3773//3773 2847//2847 
f 3755//3755 3744//3744 3776//3776 
f 3755//3755 3776//3776 2801//2801 
f 3757//3757 3765//3765 3785//3785 
f 2681//2681 3787//3787 2774//2774 
f 3759//3759 3771//3771 3716//3716 
f 3756//3756 2872//2872 3775//3775 
f 3756//3756 2775//2775 2872//2872 
f 3779//3779 3768//3768 2659//2659 
f 3779//3779 2659//2659 3747//3747 
f 2750//2750 2799//2799 2971//2971 
f 3764//3764 743//743 3772//3772 
f 2800//2800 3737//3737 2633//2633 
f 3758//3758 2870//2870 5607//5607 
f 3766//3766 3776//3776 3744//3744 
f 3762//3762 3751//3751 2589//2589 
f 3762//3762 2752//2752 3751//3751 
f 2706//2706 3782//3782 2824//2824 
f 748//748 2705//2705 3780//3780 
f 2704//2704 2706//2706 2824//2824 
f 747//747 2728//2728 3235//3235 
f 3793//3793 2847//2847 3773//3773 
f 3765//3765 2796//2796 2893//2893 
f 2681//2681 3743//3743 3787//3787 
f 2706//2706 744//744 3782//3782 
f 2702//2702 3777//3777 2703//2703 
f 2702//2702 2703//2703 2567//2567 
f 3760//3760 3759//3759 3723//3723 
f 3754//3754 3784//3784 3772//3772 
f 3754//3754 3772//3772 743//743 
f 2773//2773 2727//2727 3735//3735 
f 3763//3763 3795//3795 2775//2775 
f 2702//2702 2801//2801 3777//3777 
f 3745//3745 3789//3789 3779//3779 
f 2799//2799 2774//2774 2894//2894 
f 3754//3754 2798//2798 3784//3784 
f 5596//5596 3762//3762 3733//3733 
f 3752//3752 3782//3782 744//744 
f 3769//3769 3780//3780 2705//2705 
f 3752//3752 3794//3794 3782//3782 
f 2751//2751 3793//3793 3748//3748 
f 2751//2751 3240//3240 3793//3793 
f 2796//2796 2800//2800 3797//3797 
f 3752//3752 2848//2848 3794//3794 
f 3752//3752 3775//3775 2848//2848 
f 2638//2638 3786//3786 3781//3781 
f 2798//2798 2899//2899 3784//3784 
f 2749//2749 3795//3795 3763//3763 
f 2749//2749 2920//2920 3795//3795 
f 2749//2749 2847//2847 2920//2920 
f 3757//3757 3785//3785 3789//3789 
f 3757//3757 3789//3789 3745//3745 
f 2774//2774 3787//3787 2894//2894 
f 2798//2798 2824//2824 2899//2899 
f 2798//2798 2704//2704 2824//2824 
f 3764//3764 3778//3778 2797//2797 
f 3764//3764 2849//2849 3778//3778 
f 3775//3775 2872//2872 2848//2848 
f 2703//2703 2846//2846 3769//3769 
f 2823//2823 2797//2797 3778//3778 
f 2971//2971 2751//2751 2750//2750 
f 2971//2971 2921//2921 2751//2751 
f 748//748 3780//3780 3786//3786 
f 2847//2847 3793//3793 3801//3801 
f 3776//3776 3766//3766 2871//2871 
f 3765//3765 2893//2893 3785//3785 
f 3777//3777 2895//2895 2703//2703 
f 3760//3760 3791//3791 3759//3759 
f 3770//3770 3781//3781 5614//5614 
f 2727//2727 2773//2773 5622//5622 
f 3795//3795 2872//2872 2775//2775 
f 2799//2799 3246//3246 2971//2971 
f 2799//2799 2894//2894 3246//3246 
f 3767//3767 2800//2800 3753//3753 
f 3767//3767 2898//2898 2800//2800 
f 2823//2823 2871//2871 3766//3766 
f 3780//3780 3769//3769 2945//2945 
f 2728//2728 2948//2948 3235//3235 
f 3240//3240 3801//3801 3793//3793 
f 2823//2823 3778//3778 2871//2871 
f 3797//3797 2893//2893 2796//2796 
f 3783//3783 3787//3787 3743//3743 
f 2801//2801 3792//3792 3777//3777 
f 3774//3774 3788//3788 3760//3760 
f 3784//3784 2899//2899 3790//3790 
f 3781//3781 3786//3786 2946//2946 
f 3772//3772 3784//3784 3790//3790 
f 3772//3772 2849//2849 3764//3764 
f 2801//2801 2896//2896 3792//3792 
f 3771//3771 2947//2947 3767//3767 
f 2846//2846 2945//2945 3769//3769 
f 2921//2921 3240//3240 2751//2751 
f 2800//2800 2898//2898 3797//3797 
f 2870//2870 283//283 3783//3783 
f 3776//3776 2896//2896 2801//2801 
f 2847//2847 3801//3801 3807//3807 
f 2847//2847 3807//3807 2920//2920 
f 3776//3776 3796//3796 2896//2896 
f 3785//3785 2893//2893 3824//3824 
f 3785//3785 3824//3824 3789//3789 
f 3787//3787 312//312 2894//2894 
f 2895//2895 2846//2846 2703//2703 
f 3791//3791 2947//2947 3771//3771 
f 3791//3791 3771//3771 3759//3759 
f 5614//5614 3781//3781 3809//3809 
f 5614//5614 3809//3809 2944//2944 
f 3778//3778 2849//2849 3798//3798 
f 2895//2895 3777//3777 309//309 
f 3779//3779 284//284 3768//3768 
f 3246//3246 3815//3815 2971//2971 
f 2849//2849 3772//3772 3790//3790 
f 2872//2872 3795//3795 3808//3808 
f 2871//2871 3796//3796 3776//3776 
f 3782//3782 3234//3234 2824//2824 
f 3780//3780 3232//3232 3786//3786 
f 3780//3780 2945//2945 3232//3232 
f 2824//2824 3234//3234 2899//2899 
f 3782//3782 3799//3799 3234//3234 
f 3801//3801 3240//3240 3244//3244 
f 2893//2893 3797//3797 3830//3830 
f 2893//2893 3830//3830 3824//3824 
f 3787//3787 3783//3783 3844//3844 
f 3782//3782 3794//3794 3799//3799 
f 3792//3792 309//309 3777//3777 
f 3788//3788 3800//3800 3791//3791 
f 3788//3788 3791//3791 3760//3760 
f 2943//2943 5622//5622 2773//2773 
f 3795//3795 2920//2920 3802//3802 
f 3792//3792 2922//2922 309//309 
f 3789//3789 284//284 3779//3779 
f 2894//2894 315//315 3246//3246 
f 2947//2947 2898//2898 3767//3767 
f 2947//2947 310//310 2898//2898 
f 3778//3778 3804//3804 2871//2871 
f 3794//3794 3811//3811 3799//3799 
f 2945//2945 2846//2846 3250//3250 
f 3768//3768 2948//2948 2728//2728 
f 3768//3768 3819//3819 2948//2948 
f 2921//2921 3825//3825 3244//3244 
f 2921//2921 3244//3244 3240//3240 
f 3778//3778 2993//2993 3804//3804 
f 3794//3794 2848//2848 3811//3811 
f 2946//2946 3786//3786 3243//3243 
f 2896//2896 2922//2922 3792//3792 
f 3790//3790 2899//2899 3806//3806 
f 2899//2899 3826//3826 3806//3806 
f 3235//3235 285//285 2943//2943 
f 3235//3235 2943//2943 2773//2773 
f 2920//2920 3807//3807 3805//3805 
f 2894//2894 312//312 3245//3245 
f 2899//2899 3234//3234 3826//3826 
f 2895//2895 3239//3239 2846//2846 
f 3798//3798 2993//2993 3778//3778 
f 2872//2872 3811//3811 2848//2848 
f 2872//2872 3808//3808 3811//3811 
f 2895//2895 311//311 3239//3239 
f 3768//3768 284//284 3817//3817 
f 3768//3768 3817//3817 3819//3819 
f 3815//3815 2921//2921 2971//2971 
f 3798//3798 2849//2849 3814//3814 
f 283//283 2870//2870 3816//3816 
f 3232//3232 3243//3243 3786//3786 
f 3801//3801 3831//3831 3807//3807 
f 3801//3801 3244//3244 3831//3831 
f 3824//3824 3830//3830 2970//2970 
f 3844//3844 312//312 3787//3787 
f 3234//3234 3799//3799 313//313 
f 309//309 311//311 2895//2895 
f 3790//3790 3814//3814 2849//2849 
f 3781//3781 3014//3014 3809//3809 
f 3781//3781 2946//2946 3014//3014 
f 3802//3802 3808//3808 3795//3795 
f 315//315 3827//3827 3246//3246 
f 3790//3790 3822//3822 3814//3814 
f 3803//3803 3816//3816 5613//5613 
f 3804//3804 3823//3823 2871//2871 
f 2945//2945 3250//3250 3820//3820 
f 2945//2945 3820//3820 3232//3232 
f 3796//3796 2871//2871 3823//3823 
f 3804//3804 2993//2993 3823//3823 
f 3797//3797 3821//3821 3830//3830 
f 3806//3806 3826//3826 3822//3822 
f 3806//3806 3822//3822 3790//3790 
f 2946//2946 3243//3243 3851//3851 
f 3805//3805 3802//3802 2920//2920 
f 3789//3789 3829//3829 284//284 
f 3789//3789 3824//3824 3829//3829 
f 3245//3245 315//315 2894//2894 
f 3239//3239 3250//3250 2846//2846 
f 3239//3239 3247//3247 3250//3250 
f 2944//2944 3809//3809 3810//3810 
f 2944//2944 3810//3810 5261//5261 
f 3819//3819 3817//3817 3256//3256 
f 3815//3815 3825//3825 2921//2921 
f 3815//3815 3849//3849 3825//3825 
f 3812//3812 3797//3797 2898//2898 
f 3812//3812 3821//3821 3797//3797 
f 3811//3811 3808//3808 314//314 
f 3796//3796 3847//3847 2896//2896 
f 2922//2922 2896//2896 3847//3847 
f 3234//3234 3249//3249 3826//3826 
f 3235//3235 3839//3839 285//285 
f 3807//3807 3831//3831 3813//3813 
f 312//312 3844//3844 3053//3053 
f 3234//3234 313//313 3249//3249 
f 3800//3800 5232//5232 2947//2947 
f 3800//3800 2947//2947 3791//3791 
f 3814//3814 3818//3818 3798//3798 
f 3809//3809 3014//3014 3810//3810 
f 2993//2993 3798//3798 3818//3818 
f 3808//3808 3841//3841 314//314 
f 3827//3827 3815//3815 3246//3246 
f 310//310 3834//3834 3812//3812 
f 310//310 3812//3812 2898//2898 
f 3816//3816 3803//3803 5251//5251 
f 3808//3808 3802//3802 3841//3841 
f 3823//3823 3248//3248 3796//3796 
f 2948//2948 3842//3842 3839//3839 
f 2948//2948 3839//3839 3235//3235 
f 3244//3244 3825//3825 3862//3862 
f 3244//3244 3862//3862 3831//3831 
f 3853//3853 3861//3861 3844//3844 
f 313//313 3799//3799 3843//3843 
f 2922//2922 3833//3833 309//309 
f 2946//2946 3851//3851 3014//3014 
f 311//311 309//309 3833//3833 
f 3805//3805 3838//3838 3841//3841 
f 3805//3805 3841//3841 3802//3802 
f 2922//2922 3847//3847 3833//3833 
f 3245//3245 3837//3837 315//315 
f 3245//3245 3869//3869 3837//3837 
f 3850//3850 310//310 2947//2947 
f 2993//2993 3835//3835 3823//3823 
f 5261//5261 3810//3810 5304//5304 
f 3811//3811 3843//3843 3799//3799 
f 3811//3811 3875//3875 3843//3843 
f 3819//3819 3842//3842 2948//2948 
f 3819//3819 3256//3256 3842//3842 
f 3825//3825 3849//3849 3862//3862 
f 2993//2993 3818//3818 3835//3835 
f 3811//3811 3845//3845 3875//3875 
f 3811//3811 314//314 3845//3845 
f 5623//5623 5626//5626 5618//5618 
f 3822//3822 3826//3826 3846//3846 
f 3813//3813 3805//3805 3807//3807 
f 2970//2970 3251//3251 3829//3829 
f 2970//2970 3829//3829 3824//3824 
f 3053//3053 3245//3245 312//312 
f 3053//3053 3869//3869 3245//3245 
f 3826//3826 3832//3832 3846//3846 
f 3826//3826 3249//3249 3832//3832 
f 311//311 3836//3836 3239//3239 
f 311//311 3870//3870 3836//3836 
f 5232//5232 3850//3850 2947//2947 
f 3810//3810 3014//3014 3854//3854 
f 3247//3247 3239//3239 3836//3836 
f 314//314 3864//3864 3845//3845 
f 3827//3827 3877//3877 3849//3849 
f 3827//3827 3849//3849 3815//3815 
f 3834//3834 3860//3860 3812//3812 
f 314//314 3841//3841 3864//3864 
f 313//313 3832//3832 3249//3249 
f 3820//3820 3252//3252 3243//3243 
f 3820//3820 3243//3243 3232//3232 
f 3847//3847 3796//3796 3848//3848 
f 3248//3248 3848//3848 3796//3796 
f 3831//3831 3858//3858 3813//3813 
f 3831//3831 3862//3862 3858//3858 
f 3830//3830 3251//3251 2970//2970 
f 3861//3861 3053//3053 3844//3844 
f 313//313 3843//3843 3832//3832 
f 3822//3822 3253//3253 3034//3034 
f 3822//3822 3034//3034 3814//3814 
f 3014//3014 3851//3851 3867//3867 
f 3014//3014 3867//3867 3854//3854 
f 3833//3833 3870//3870 311//311 
f 3818//3818 3814//3814 3034//3034 
f 3841//3841 3838//3838 3864//3864 
f 3829//3829 3817//3817 284//284 
f 3837//3837 3827//3827 315//315 
f 3247//3247 3859//3859 3820//3820 
f 3247//3247 3820//3820 3250//3250 
f 3840//3840 5251//5251 3803//3803 
f 3835//3835 3865//3865 3823//3823 
f 3248//3248 3823//3823 3865//3865 
f 3247//3247 3836//3836 3859//3859 
f 3862//3862 3849//3849 3891//3891 
f 3821//3821 5274//5274 3830//3830 
f 5624//5624 3924//3924 3853//3853 
f 3847//3847 3856//3856 3833//3833 
f 3846//3846 3253//3253 3822//3822 
f 3851//3851 3243//3243 3857//3857 
f 3851//3851 3857//3857 3867//3867 
f 3813//3813 3880//3880 3838//3838 
f 3813//3813 3838//3838 3805//3805 
f 3847//3847 3848//3848 3856//3856 
f 3829//3829 3251//3251 3882//3882 
f 3869//3869 3053//3053 3257//3257 
f 3254//3254 3840//3840 3828//3828 
f 3818//3818 3866//3866 3835//3835 
f 3810//3810 3072//3072 5304//5304 
f 3810//3810 3854//3854 3072//3072 
f 3849//3849 3877//3877 3891//3891 
f 3818//3818 3034//3034 3866//3866 
f 3860//3860 3821//3821 3812//3812 
f 3252//3252 3857//3857 3243//3243 
f 3832//3832 3259//3259 3846//3846 
f 3813//3813 3858//3858 3880//3880 
f 3251//3251 3830//3830 3897//3897 
f 3861//3861 3257//3257 3053//3053 
f 3861//3861 3261//3261 3257//3257 
f 3852//3852 3254//3254 3828//3828 
f 3854//3854 3867//3867 3911//3911 
f 3817//3817 3829//3829 3915//3915 
f 3837//3837 3089//3089 3877//3877 
f 3837//3837 3877//3877 3827//3827 
f 3859//3859 3252//3252 3820//3820 
f 3859//3859 3876//3876 3252//3252 
f 3864//3864 3838//3838 3872//3872 
f 5619//5619 5304//5304 3878//3878 
f 3843//3843 3885//3885 3255//3255 
f 3843//3843 3255//3255 3832//3832 
f 3848//3848 3865//3865 3898//3898 
f 3848//3848 3248//3248 3865//3865 
f 3862//3862 3891//3891 3920//3920 
f 3862//3862 3920//3920 3858//3858 
f 3865//3865 3835//3835 3883//3883 
f 5274//5274 3897//3897 3830//3830 
f 3924//3924 3861//3861 3853//3853 
f 3843//3843 3875//3875 3885//3885 
f 3856//3856 3879//3879 3833//3833 
f 3870//3870 3833//3833 3879//3879 
f 3838//3838 3161//3161 3872//3872 
f 3869//3869 3257//3257 3089//3089 
f 3869//3869 3089//3089 3837//3837 
f 3253//3253 3846//3846 3259//3259 
f 3836//3836 3888//3888 3859//3859 
f 3850//3850 5279//5279 3834//3834 
f 3838//3838 3880//3880 3161//3161 
f 3866//3866 3883//3883 3835//3835 
f 5304//5304 3072//3072 3878//3878 
f 3875//3875 3894//3894 3885//3885 
f 3836//3836 3896//3896 3888//3888 
f 3891//3891 3877//3877 3173//3173 
f 3860//3860 3940//3940 5274//5274 
f 3860//3860 5274//5274 3821//3821 
f 3875//3875 3845//3845 3894//3894 
f 3848//3848 3871//3871 3856//3856 
f 3857//3857 3252//3252 3994//3994 
f 3880//3880 3858//3858 3183//3183 
f 3848//3848 3893//3893 3871//3871 
f 3848//3848 3898//3898 3893//3893 
f 3251//3251 3897//3897 3882//3882 
f 3870//3870 3896//3896 3836//3836 
f 3890//3890 3850//3850 5232//5232 
f 3034//3034 3192//3192 3071//3071 
f 3034//3034 3071//3071 3866//3866 
f 3854//3854 3911//3911 3072//3072 
f 3870//3870 3947//3947 3896//3896 
f 3870//3870 3879//3879 3947//3947 
f 3915//3915 3889//3889 3256//3256 
f 3915//3915 3256//3256 3817//3817 
f 3877//3877 3089//3089 3966//3966 
f 3877//3877 3966//3966 3173//3173 
f 3034//3034 3899//3899 3192//3192 
f 3834//3834 3972//3972 3860//3860 
f 3865//3865 3893//3893 3898//3898 
f 3865//3865 3965//3965 3893//3893 
f 3259//3259 3832//3832 3255//3255 
f 3858//3858 3920//3920 3183//3183 
f 3865//3865 3883//3883 3965//3965 
f 3897//3897 5274//5274 3977//3977 
f 3924//3924 3261//3261 3861//3861 
f 3253//3253 3899//3899 3034//3034 
f 3867//3867 3981//3981 3911//3911 
f 3867//3867 3857//3857 3981//3981 
f 3864//3864 3894//3894 3845//3845 
f 3864//3864 3872//3872 3894//3894 
f 3879//3879 3856//3856 3904//3904 
f 3882//3882 3915//3915 3829//3829 
f 3253//3253 3260//3260 3899//3899 
f 3888//3888 3892//3892 3859//3859 
f 3878//3878 3072//3072 3939//3939 
f 3876//3876 3859//3859 3892//3892 
f 3255//3255 3885//3885 3907//3907 
f 3842//3842 3256//3256 3984//3984 
f 3891//3891 3214//3214 3920//3920 
f 3891//3891 3173//3173 3214//3214 
f 3883//3883 3866//3866 3071//3071 
f 3885//3885 3894//3894 3907//3907 
f 3259//3259 3260//3260 3253//3253 
f 3259//3259 3943//3943 3260//3260 
f 3871//3871 3904//3904 3856//3856 
f 3880//3880 3183//3183 3161//3161 
f 3897//3897 3172//3172 3882//3882 
f 3257//3257 3219//3219 3089//3089 
f 3257//3257 3261//3261 3219//3219 
f 3896//3896 3933//3933 3888//3888 
f 3890//3890 5279//5279 3850//3850 
f 3072//3072 3911//3911 3960//3960 
f 3072//3072 3960//3960 3939//3939 
f 3896//3896 3947//3947 3933//3933 
f 3894//3894 3872//3872 3200//3200 
f 3255//3255 3943//3943 3259//3259 
f 3876//3876 3994//3994 3252//3252 
f 3876//3876 3942//3942 3994//3994 
f 3255//3255 3971//3971 3943//3943 
f 3876//3876 3892//3892 3942//3942 
f 3261//3261 3924//3924 3946//3946 
f 3255//3255 3907//3907 3971//3971 
f 5314//5314 3953//3953 3890//3890 
f 3899//3899 3961//3961 3192//3192 
f 3911//3911 3981//3981 3960//3960 
f 3071//3071 3192//3192 3961//3961 
f 3872//3872 3964//3964 3200//3200 
f 3089//3089 3279//3279 3966//3966 
f 3872//3872 3161//3161 3964//3964 
f 3878//3878 3939//3939 3292//3292 
f 3907//3907 3987//3987 3971//3971 
f 3984//3984 3839//3839 3842//3842 
f 3920//3920 3214//3214 3998//3998 
f 3940//3940 3977//3977 5274//5274 
f 3857//3857 3994//3994 3989//3989 
f 3857//3857 3989//3989 3981//3981 
f 3947//3947 3879//3879 3904//3904 
f 3161//3161 3991//3991 3964//3964 
f 3089//3089 3219//3219 3279//3279 
f 3933//3933 3208//3208 3888//3888 
f 3161//3161 3183//3183 3980//3980 
f 3161//3161 3980//3980 3991//3991 
f 3939//3939 3960//3960 3287//3287 
f 3892//3892 3888//3888 3208//3208 
f 3894//3894 3996//3996 3987//3987 
f 3894//3894 3987//3987 3907//3907 
f 3965//3965 3201//3201 3983//3983 
f 3965//3965 3883//3883 3201//3201 
f 3071//3071 3201//3201 3883//3883 
f 3933//3933 3992//3992 3208//3208 
f 3889//3889 3984//3984 3256//3256 
f 3889//3889 4005//4005 3984//3984 
f 3173//3173 3282//3282 3214//3214 
f 3173//3173 3966//3966 3282//3282 
f 3894//3894 3200//3200 3996//3996 
f 3893//3893 3990//3990 3871//3871 
f 3942//3942 3989//3989 3994//3994 
f 3904//3904 3871//3871 3990//3990 
f 3260//3260 3975//3975 3899//3899 
f 3260//3260 3943//3943 3978//3978 
f 3893//3893 3993//3993 3990//3990 
f 3897//3897 3977//3977 3290//3290 
f 3946//3946 3219//3219 3261//3261 
f 3943//3943 3971//3971 3978//3978 
f 3947//3947 3992//3992 3933//3933 
f 3953//3953 5257//5257 3890//3890 
f 3960//3960 3981//3981 3278//3278 
f 3071//3071 3961//3961 3985//3985 
f 3071//3071 3985//3985 3201//3201 
f 3947//3947 3982//3982 3992//3992 
f 3915//3915 4005//4005 3889//3889 
f 3915//3915 339//339 4005//4005 
f 3966//3966 3279//3279 4062//4062 
f 3961//3961 3899//3899 3975//3975 
f 3892//3892 3995//3995 3942//3942 
f 3200//3200 3964//3964 4002//4002 
f 3965//3965 3993//3993 3893//3893 
f 3965//3965 3983//3983 3993//3993 
f 3963//3963 4012//4012 3974//3974 
f 3892//3892 3970//3970 3995//3995 
f 3998//3998 3183//3183 3920//3920 
f 3977//3977 3940//3940 3290//3290 
f 3971//3971 3987//3987 4019//4019 
f 3904//3904 3982//3982 3947//3947 
f 3981//3981 4036//4036 3278//3278 
f 3981//3981 3989//3989 4036//4036 
f 3904//3904 3990//3990 3982//3982 
f 3279//3279 3219//3219 4031//4031 
f 3975//3975 3260//3260 3276//3276 
f 3208//3208 3970//3970 3892//3892 
f 3979//3979 3972//3972 5279//5279 
f 3939//3939 3287//3287 3292//3292 
f 3208//3208 3275//3275 3970//3970 
f 3214//3214 3282//3282 4017//4017 
f 3974//3974 3283//3283 3988//3988 
f 3989//3989 3942//3942 3300//3300 
f 3290//3290 3172//3172 3897//3897 
f 3219//3219 4047//4047 4031//4031 
f 3219//3219 3946//3946 4047//4047 
f 3992//3992 3275//3275 3208//3208 
f 5257//5257 4023//4023 3979//3979 
f 5257//5257 3979//3979 3890//3890 
f 3960//3960 3291//3291 3287//3287 
f 3960//3960 3278//3278 3291//3291 
f 3200//3200 4002//4002 3996//3996 
f 4062//4062 3282//3282 3966//3966 
f 3973//3973 3972//3972 5637//5637 
f 3971//3971 4024//4024 3978//3978 
f 3978//3978 3276//3276 3260//3260 
f 3978//3978 4024//4024 3276//3276 
f 3971//3971 4014//4014 4024//4024 
f 3998//3998 3980//3980 3183//3183 
f 3998//3998 3303//3303 3980//3980 
f 3971//3971 4019//4019 4014//4014 
f 3982//3982 4021//4021 3992//3992 
f 3976//3976 5298//5298 5634//5634 
f 3976//3976 3988//3988 5298//5298 
f 3975//3975 4006//4006 3961//3961 
f 3985//3985 3961//3961 4006//4006 
f 339//339 3915//3915 5288//5288 
f 3279//3279 4031//4031 4082//4082 
f 3279//3279 4082//4082 4062//4062 
f 3975//3975 3276//3276 4006//4006 
f 3972//3972 3979//3979 5638//5638 
f 3292//3292 3287//3287 4043//4043 
f 3292//3292 4043//4043 4011//4011 
f 3963//3963 4049//4049 4012//4012 
f 3970//3970 4015//4015 3995//3995 
f 3993//3993 3983//3983 4008//4008 
f 3983//3983 342//342 4008//4008 
f 4017//4017 3998//3998 3214//3214 
f 3983//3983 3201//3201 342//342 
f 4020//4020 3290//3290 3940//3940 
f 3984//3984 236//236 232//232 
f 3990//3990 4022//4022 3982//3982 
f 3989//3989 3300//3300 4036//4036 
f 3995//3995 3300//3300 3942//3942 
f 3964//3964 3991//3991 4035//4035 
f 3964//3964 4035//4035 4002//4002 
f 3991//3991 4051//4051 4035//4035 
f 3990//3990 3286//3286 4022//4022 
f 3991//3991 3980//3980 4051//4051 
f 3985//3985 342//342 3201//3201 
f 3287//3287 3291//3291 4043//4043 
f 3985//3985 4070//4070 342//342 
f 3987//3987 3996//3996 4045//4045 
f 3987//3987 4014//4014 4019//4019 
f 3987//3987 4045//4045 4014//4014 
f 3275//3275 3992//3992 4021//4021 
f 3282//3282 4062//4062 4090//4090 
f 3985//3985 4006//4006 4070//4070 
f 5637//5637 4020//4020 3973//3973 
f 5637//5637 341//341 4020//4020 
f 3993//3993 3286//3286 3990//3990 
f 3993//3993 4067//4067 3286//3286 
f 3303//3303 4051//4051 3980//3980 
f 5315//5315 4047//4047 3946//3946 
f 3278//3278 4036//4036 4055//4055 
f 3278//3278 4055//4055 3291//3291 
f 3996//3996 4002//4002 4053//4053 
f 3996//3996 4053//4053 4045//4045 
f 4002//4002 4058//4058 4053//4053 
f 339//339 4080//4080 4005//4005 
f 4082//4082 4079//4079 4062//4062 
f 4002//4002 4035//4035 4058//4058 
f 4008//4008 4067//4067 3993//3993 
f 4011//4011 4043//4043 4081//4081 
f 4017//4017 3303//3303 3998//3998 
f 4017//4017 3299//3299 3303//3303 
f 4014//4014 4045//4045 4099//4099 
f 4022//4022 3289//3289 3982//3982 
f 4025//4025 5258//5258 5620//5620 
f 4025//4025 5620//5620 5631//5631 
f 3988//3988 3283//3283 5298//5298 
f 3276//3276 4085//4085 4006//4006 
f 4036//4036 3300//3300 3310//3310 
f 4036//4036 3310//3310 4055//4055 
f 4021//4021 3982//3982 3289//3289 
f 4006//4006 4085//4085 4070//4070 
f 3276//3276 3298//3298 4085//4085 
f 4035//4035 4088//4088 4058//4058 
f 5288//5288 4084//4084 339//339 
f 4031//4031 4047//4047 58//58 
f 4031//4031 58//58 4082//4082 
f 3275//3275 343//343 3970//3970 
f 4035//4035 4051//4051 4088//4088 
f 4043//4043 3291//3291 4061//4061 
f 4049//4049 3307//3307 4094//4094 
f 4015//4015 3970//3970 343//343 
f 3275//3275 4060//4060 343//343 
f 4090//4090 4108//4108 4017//4017 
f 4090//4090 4017//4017 3282//3282 
f 4045//4045 4053//4053 4069//4069 
f 4024//4024 3298//3298 3276//3276 
f 3300//3300 3995//3995 3294//3294 
f 4024//4024 4119//4119 3298//3298 
f 3290//3290 4084//4084 5288//5288 
f 3290//3290 4075//4075 4084//4084 
f 4047//4047 5315//5315 4071//4071 
f 4021//4021 4060//4060 3275//3275 
f 3291//3291 4055//4055 4127//4127 
f 3291//3291 4127//4127 4061//4061 
f 4021//4021 3289//3289 4060//4060 
f 4079//4079 4090//4090 4062//4062 
f 4015//4015 4072//4072 3995//3995 
f 4053//4053 4058//4058 4093//4093 
f 4011//4011 4081//4081 5322//5322 
f 4014//4014 4119//4119 4024//4024 
f 4014//4014 4087//4087 4119//4119 
f 4015//4015 343//343 4072//4072 
f 4067//4067 4073//4073 3305//3305 
f 4067//4067 4008//4008 4073//4073 
f 4075//4075 3290//3290 4020//4020 
f 4014//4014 4099//4099 4087//4087 
f 4070//4070 4085//4085 4103//4103 
f 3289//3289 4022//4022 4089//4089 
f 58//58 4115//4115 4082//4082 
f 4085//4085 3298//3298 3304//3304 
f 342//342 4073//4073 4008//4008 
f 4043//4043 4061//4061 4081//4081 
f 4108//4108 3299//3299 4017//4017 
f 342//342 4092//4092 4073//4073 
f 3286//3286 4089//4089 4022//4022 
f 3283//3283 4124//4124 5298//5298 
f 3294//3294 3310//3310 3300//3300 
f 3286//3286 4104//4104 4089//4089 
f 4051//4051 3302//3302 4088//4088 
f 4071//4071 58//58 4047//4047 
f 4071//4071 4133//4133 58//58 
f 3298//3298 4119//4119 4134//4134 
f 4066//4066 344//344 4078//4078 
f 4051//4051 3303//3303 3302//3302 
f 4070//4070 4103//4103 4092//4092 
f 4070//4070 4092//4092 342//342 
f 3307//3307 4139//4139 4094//4094 
f 4053//4053 4093//4093 4069//4069 
f 4060//4060 4096//4096 343//343 
f 4045//4045 4069//4069 4087//4087 
f 4045//4045 4087//4087 4099//4099 
f 4079//4079 3315//3315 4090//4090 
f 4072//4072 3294//3294 3995//3995 
f 5641//5641 341//341 5637//5637 
f 4083//4083 4057//4057 3296//3296 
f 4067//4067 4104//4104 3286//3286 
f 5322//5322 4081//4081 4121//4121 
f 3299//3299 3302//3302 3303//3303 
f 4067//4067 3305//3305 4104//4104 
f 4119//4119 4087//4087 4141//4141 
f 3289//3289 57//57 4060//4060 
f 4085//4085 3304//3304 4103//4103 
f 4055//4055 3310//3310 4128//4128 
f 4055//4055 4128//4128 4127//4127 
f 3289//3289 4089//4089 57//57 
f 4115//4115 4079//4079 4082//4082 
f 343//343 4102//4102 4072//4072 
f 5291//5291 5641//5641 5638//5638 
f 4081//4081 4180//4180 4121//4121 
f 4081//4081 4061//4061 4180//4180 
f 343//343 4096//4096 4102//4102 
f 4108//4108 4131//4131 3299//3299 
f 4073//4073 4092//4092 3305//3305 
f 4087//4087 4069//4069 4138//4138 
f 3310//3310 3294//3294 3308//3308 
f 3310//3310 3308//3308 4128//4128 
f 4058//4058 4088//4088 4117//4117 
f 4058//4058 4117//4117 4093//4093 
f 4088//4088 3306//3306 4117//4117 
f 4089//4089 4104//4104 4132//4132 
f 4084//4084 4183//4183 4080//4080 
f 4078//4078 4086//4086 4066//4066 
f 4088//4088 3302//3302 3306//3306 
f 3315//3315 4108//4108 4090//4090 
f 3315//3315 347//347 4108//4108 
f 4104//4104 4150//4150 4132//4132 
f 4072//4072 3308//3308 3294//3294 
f 3298//3298 4134//4134 3304//3304 
f 4119//4119 4141//4141 4134//4134 
f 3302//3302 3299//3299 4166//4166 
f 4104//4104 4146//4146 4150//4150 
f 4075//4075 4183//4183 4084//4084 
f 4127//4127 4128//4128 4172//4172 
f 3307//3307 4149//4149 4139//4139 
f 4096//4096 4060//4060 57//57 
f 4096//4096 57//57 3316//3316 
f 4092//4092 4103//4103 4100//4100 
f 4069//4069 346//346 4138//4138 
f 4069//4069 4093//4093 346//346 
f 4115//4115 4164//4164 3315//3315 
f 4115//4115 3315//3315 4079//4079 
f 4102//4102 4136//4136 4072//4072 
f 3305//3305 4146//4146 4104//4104 
f 345//345 3309//3309 3332//3332 
f 4102//4102 3311//3311 4136//4136 
f 4131//4131 4166//4166 3299//3299 
f 3305//3305 4175//4175 4146//4146 
f 5286//5286 3321//3321 4075//4075 
f 4089//4089 4148//4148 57//57 
f 4128//4128 3308//3308 3336//3336 
f 4103//4103 4152//4152 4100//4100 
f 4103//4103 3304//3304 4152//4152 
f 4093//4093 4117//4117 4147//4147 
f 4093//4093 4147//4147 346//346 
f 4117//4117 3306//3306 4147//4147 
f 4089//4089 4154//4154 4148//4148 
f 4080//4080 4183//4183 4153//4153 
f 4133//4133 4115//4115 58//58 
f 4133//4133 4204//4204 4115//4115 
f 4086//4086 4078//4078 3338//3338 
f 4092//4092 4175//4175 3305//3305 
f 4061//4061 4127//4127 4194//4194 
f 4061//4061 4194//4194 4180//4180 
f 4096//4096 3311//3311 4102//4102 
f 4087//4087 4178//4178 4141//4141 
f 4087//4087 4138//4138 4178//4178 
f 4138//4138 348//348 4178//4178 
f 347//347 4131//4131 4108//4108 
f 4092//4092 4100//4100 4175//4175 
f 4138//4138 346//346 348//348 
f 3302//3302 4198//4198 3306//3306 
f 4132//4132 4154//4154 4089//4089 
f 3304//3304 4157//4157 4152//4152 
f 3304//3304 4134//4134 4157//4157 
f 4134//4134 4189//4189 4157//4157 
f 5635//5635 4133//4133 4071//4071 
f 5635//5635 4200//4200 4133//4133 
f 4134//4134 4141//4141 4189//4189 
f 3302//3302 4166//4166 4198//4198 
f 4096//4096 3316//3316 3311//3311 
f 57//57 349//349 3316//3316 
f 57//57 4177//4177 349//349 
f 4164//4164 3319//3319 3315//3315 
f 4121//4121 4180//4180 5294//5294 
f 4141//4141 3313//3313 4189//4189 
f 4153//4153 242//242 4080//4080 
f 4153//4153 248//248 244//244 
f 4153//4153 4183//4183 248//248 
f 4153//4153 244//244 242//242 
f 4166//4166 4131//4131 3341//3341 
f 3321//3321 4183//4183 4075//4075 
f 59//59 3323//3323 5635//5635 
f 59//59 5635//5635 5632//5632 
f 4141//4141 4178//4178 3313//3313 
f 4148//4148 4177//4177 57//57 
f 4128//4128 3336//3336 4172//4172 
f 4204//4204 4164//4164 4115//4115 
f 4204//4204 3325//3325 4164//4164 
f 3338//3338 5649//5649 4086//4086 
f 4147//4147 3306//3306 3326//3326 
f 4175//4175 4160//4160 4146//4146 
f 4175//4175 4190//4190 4160//4160 
f 3308//3308 61//61 3336//3336 
f 4183//4183 2487//2487 248//248 
f 4200//4200 4204//4204 4133//4133 
f 4157//4157 4189//4189 4217//4217 
f 4181//4181 3338//3338 4078//4078 
f 4100//4100 4190//4190 4175//4175 
f 4127//4127 4216//4216 4194//4194 
f 4127//4127 4172//4172 4216//4216 
f 4100//4100 4208//4208 4190//4190 
f 346//346 4197//4197 348//348 
f 3319//3319 347//347 3315//3315 
f 5294//5294 4180//4180 5324//5324 
f 4136//4136 3308//3308 4072//4072 
f 4136//4136 61//61 3308//3308 
f 4154//4154 4132//4132 4201//4201 
f 4136//4136 4202//4202 61//61 
f 3306//3306 4198//4198 3326//3326 
f 4166//4166 3341//3341 4198//4198 
f 3321//3321 3337//3337 4183//4183 
f 4172//4172 3336//3336 350//350 
f 4139//4139 4149//4149 4236//4236 
f 4147//4147 4197//4197 346//346 
f 4147//4147 4192//4192 4197//4197 
f 4177//4177 4148//4148 60//60 
f 4147//4147 3326//3326 4192//4192 
f 4180//4180 62//62 3327//3327 
f 4180//4180 4194//4194 62//62 
f 5653//5653 3332//3332 3309//3309 
f 4150//4150 4160//4160 4201//4201 
f 4150//4150 4146//4146 4160//4160 
f 4150//4150 4201//4201 4132//4132 
f 347//347 3329//3329 3341//3341 
f 347//347 3341//3341 4131//4131 
f 4179//4179 4173//4173 3321//3321 
f 4179//4179 3321//3321 5286//5286 
f 4154//4154 60//60 4148//4148 
f 5312//5312 5294//5294 5654//5654 
f 4162//4162 4203//4203 3335//3335 
f 4157//4157 4176//4176 4152//4152 
f 3336//3336 61//61 4171//4171 
f 4149//4149 4206//4206 4236//4236 
f 4152//4152 4208//4208 4100//4100 
f 4152//4152 4176//4176 4208//4208 
f 4157//4157 4217//4217 4176//4176 
f 3326//3326 4215//4215 4192//4192 
f 4154//4154 4195//4195 60//60 
f 4200//4200 3345//3345 4204//4204 
f 3316//3316 4187//4187 3311//3311 
f 3326//3326 4198//4198 4215//4215 
f 4194//4194 4216//4216 62//62 
f 3311//3311 4202//4202 4136//4136 
f 3311//3311 4187//4187 4202//4202 
f 4160//4160 4190//4190 4226//4226 
f 4178//4178 348//348 4205//4205 
f 4178//4178 4205//4205 3313//3313 
f 348//348 4243//4243 4205//4205 
f 3316//3316 349//349 4212//4212 
f 3316//3316 4212//4212 4187//4187 
f 3319//3319 4262//4262 347//347 
f 3333//3333 4240//4240 5648//5648 
f 348//348 4197//4197 4243//4243 
f 4201//4201 4195//4195 4154//4154 
f 4201//4201 3324//3324 4195//4195 
f 3337//3337 2487//2487 4183//4183 
f 350//350 4216//4216 4172//4172 
f 3325//3325 4275//4275 3319//3319 
f 3325//3325 3319//3319 4164//4164 
f 4197//4197 4192//4192 4223//4223 
f 4160//4160 3324//3324 4201//4201 
f 3327//3327 5324//5324 4180//4180 
f 4160//4160 4233//4233 3324//3324 
f 4189//4189 4210//4210 4217//4217 
f 4189//4189 3313//3313 4210//4210 
f 4202//4202 4187//4187 4221//4221 
f 4198//4198 3334//3334 4215//4215 
f 4198//4198 3341//3341 3334//3334 
f 3341//3341 3329//3329 3334//3334 
f 4160//4160 4226//4226 4233//4233 
f 4173//4173 3337//3337 3321//3321 
f 60//60 4228//4228 4177//4177 
f 4171//4171 350//350 3336//3336 
f 349//349 4177//4177 4228//4228 
f 349//349 4228//4228 4212//4212 
f 60//60 4195//4195 4228//4228 
f 3345//3345 4232//4232 3325//3325 
f 3345//3345 3325//3325 4204//4204 
f 4238//4238 5653//5653 4218//4218 
f 4187//4187 3331//3331 4221//4221 
f 4190//4190 3342//3342 4226//4226 
f 3313//3313 4205//4205 4229//4229 
f 3313//3313 4229//4229 4210//4210 
f 4205//4205 4243//4243 4229//4229 
f 4262//4262 3329//3329 347//347 
f 4203//4203 1333//1333 5309//5309 
f 4212//4212 3331//3331 4187//4187 
f 4215//4215 3334//3334 4268//4268 
f 4208//4208 3342//3342 4190//4190 
f 4216//4216 350//350 1341//1341 
f 4208//4208 4237//4237 3342//3342 
f 4197//4197 4256//4256 4243//4243 
f 4212//4212 4251//4251 3331//3331 
f 4275//4275 4262//4262 3319//3319 
f 4275//4275 4263//4263 4262//4262 
f 3344//3344 1337//1337 3333//3333 
f 4197//4197 4223//4223 4256//4256 
f 5324//5324 3327//3327 4276//4276 
f 1333//1333 4238//4238 4290//4290 
f 4202//4202 63//63 61//61 
f 4217//4217 4210//4210 4249//4249 
f 4202//4202 4221//4221 63//63 
f 3334//3334 3329//3329 4247//4247 
f 2487//2487 3337//3337 1335//1335 
f 4228//4228 4251//4251 4212//4212 
f 4171//4171 3339//3339 350//350 
f 4236//4236 4278//4278 4218//4218 
f 4223//4223 4261//4261 4256//4256 
f 4232//4232 4275//4275 3325//3325 
f 4223//4223 4192//4192 4261//4261 
f 4226//4226 4250//4250 4233//4233 
f 62//62 64//64 3327//3327 
f 62//62 4216//4216 64//64 
f 4210//4210 4229//4229 4266//4266 
f 4210//4210 4266//4266 4249//4249 
f 3329//3329 4281//4281 4247//4247 
f 3329//3329 4262//4262 4281//4281 
f 4226//4226 3342//3342 4250//4250 
f 4240//4240 4284//4284 4224//4224 
f 4229//4229 4243//4243 3347//3347 
f 4229//4229 3347//3347 4257//4257 
f 4195//4195 4231//4231 4228//4228 
f 5309//5309 3335//3335 4203//4203 
f 4246//4246 4171//4171 61//61 
f 4215//4215 4261//4261 4192//4192 
f 4176//4176 4259//4259 4237//4237 
f 4176//4176 4237//4237 4208//4208 
f 4215//4215 4268//4268 4261//4261 
f 4195//4195 4265//4265 4231//4231 
f 4241//4241 4280//4280 3345//3345 
f 5303//5303 5310//5310 3343//3343 
f 4216//4216 1341//1341 64//64 
f 4254//4254 4238//4238 4218//4218 
f 4243//4243 4273//4273 3347//3347 
f 3342//3342 4237//4237 4285//4285 
f 1337//1337 4240//4240 3333//3333 
f 4243//4243 4256//4256 4273//4273 
f 4276//4276 5654//5654 5324//5324 
f 4290//4290 5309//5309 1333//1333 
f 63//63 3346//3346 4246//4246 
f 63//63 4246//4246 61//61 
f 4206//4206 4244//4244 4283//4283 
f 4217//4217 4272//4272 4259//4259 
f 4217//4217 4249//4249 4272//4272 
f 4217//4217 4259//4259 4176//4176 
f 4249//4249 4266//4266 4272//4272 
f 3334//3334 4247//4247 4328//4328 
f 3334//3334 4328//4328 4268//4268 
f 3343//3343 3335//3335 4330//4330 
f 3339//3339 1341//1341 350//350 
f 4218//4218 4278//4278 4333//4333 
f 3331//3331 4251//4251 1350//1350 
f 4256//4256 1359//1359 4273//4273 
f 4251//4251 4228//4228 4231//4231 
f 4232//4232 4344//4344 4275//4275 
f 4237//4237 4259//4259 4292//4292 
f 4221//4221 1355//1355 63//63 
f 4221//4221 1345//1345 1355//1355 
f 4256//4256 4261//4261 1359//1359 
f 64//64 4276//4276 3327//3327 
f 4229//4229 4257//4257 4266//4266 
f 3324//3324 4242//4242 4265//4265 
f 3324//3324 4233//4233 4242//4242 
f 3324//3324 4265//4265 4195//4195 
f 4247//4247 4281//4281 3380//3380 
f 3335//3335 5309//5309 4346//4346 
f 4246//4246 3339//3339 4171//4171 
f 4246//4246 4279//4279 3339//3339 
f 4278//4278 4236//4236 4283//4283 
f 4280//4280 4232//4232 3345//3345 
f 4259//4259 4272//4272 3388//3388 
f 5336//5336 5630//5630 5313//5313 
f 4261//4261 4268//4268 4286//4286 
f 4254//4254 4327//4327 4282//4282 
f 4254//4254 4282//4282 4238//4238 
f 4233//4233 4297//4297 4242//4242 
f 4233//4233 4250//4250 4297//4297 
f 3347//3347 4313//4313 4257//4257 
f 4263//4263 4281//4281 4262//4262 
f 1337//1337 4284//4284 4240//4240 
f 1337//1337 4287//4287 4284//4284 
f 3347//3347 4273//4273 4313//4313 
f 4265//4265 4277//4277 4231//4231 
f 5654//5654 4276//4276 4289//4289 
f 4283//4283 4244//4244 3389//3389 
f 4268//4268 4328//4328 4286//4286 
f 4272//4272 4266//4266 4293//4293 
f 4251//4251 4326//4326 1350//1350 
f 4330//4330 5303//5303 3343//3343 
f 1341//1341 3339//3339 4294//4294 
f 1341//1341 4294//4294 4288//4288 
f 4333//4333 4254//4254 4218//4218 
f 4333//4333 4327//4327 4254//4254 
f 3331//3331 1345//1345 4221//4221 
f 3331//3331 1350//1350 4326//4326 
f 3331//3331 4326//4326 1345//1345 
f 4251//4251 4340//4340 4326//4326 
f 3342//3342 4285//4285 4250//4250 
f 4237//4237 3396//3396 4285//4285 
f 4344//4344 4263//4263 4275//4275 
f 4344//4344 4332//4332 4263//4263 
f 4237//4237 4292//4292 3396//3396 
f 5658//5658 1337//1337 3344//3344 
f 5658//5658 4287//4287 1337//1337 
f 4276//4276 64//64 1361//1361 
f 4276//4276 1361//1361 4289//4289 
f 4244//4244 78//78 3389//3389 
f 4247//4247 3380//3380 4341//4341 
f 4247//4247 4341//4341 4328//4328 
f 4242//4242 4297//4297 4298//4298 
f 4231//4231 4340//4340 4251//4251 
f 4346//4346 4330//4330 3335//3335 
f 4279//4279 4294//4294 3339//3339 
f 4279//4279 1393//1393 4294//4294 
f 4231//4231 4336//4336 4340//4340 
f 4261//4261 80//80 1359//1359 
f 4231//4231 4317//4317 4336//4336 
f 4231//4231 4277//4277 4317//4317 
f 4280//4280 4295//4295 4344//4344 
f 4280//4280 4344//4344 4232//4232 
f 4261//4261 4286//4286 80//80 
f 4250//4250 4298//4298 4297//4297 
f 64//64 4357//4357 1361//1361 
f 4282//4282 4327//4327 83//83 
f 4250//4250 3397//3397 4298//4298 
f 4266//4266 4310//4310 4293//4293 
f 4266//4266 4257//4257 4310//4310 
f 4257//4257 4313//4313 4310//4310 
f 1345//1345 4326//4326 4351//4351 
f 4281//4281 4349//4349 3380//3380 
f 4250//4250 4285//4285 4322//4322 
f 4250//4250 4322//4322 3397//3397 
f 4284//4284 3398//3398 4348//4348 
f 4284//4284 4287//4287 3398//3398 
f 4289//4289 5290//5290 5654//5654 
f 3346//3346 4279//4279 4246//4246 
f 3346//3346 1393//1393 4279//4279 
f 4283//4283 4369//4369 4278//4278 
f 4283//4283 3389//3389 4369//4369 
f 4259//4259 4318//4318 4292//4292 
f 4259//4259 3388//3388 4318//4318 
f 4286//4286 4328//4328 4352//4352 
f 4288//4288 64//64 1341//1341 
f 4327//4327 4333//4333 4361//4361 
f 4285//4285 3396//3396 4322//4322 
f 4332//4332 4281//4281 4263//4263 
f 4242//4242 1388//1388 4265//4265 
f 4290//4290 4368//4368 4359//4359 
f 4290//4290 4359//4359 5309//5309 
f 1355//1355 3346//3346 63//63 
f 3389//3389 78//78 4365//4365 
f 4277//4277 1388//1388 4353//4353 
f 4277//4277 4353//4353 4317//4317 
f 4277//4277 4265//4265 1388//1388 
f 4272//4272 4293//4293 4331//4331 
f 4272//4272 4331//4331 4318//4318 
f 4272//4272 4318//4318 3388//3388 
f 4242//4242 4298//4298 1388//1388 
f 4293//4293 4310//4310 3405//3405 
f 4294//4294 1393//1393 79//79 
f 4292//4292 81//81 3396//3396 
f 4273//4273 1359//1359 4364//4364 
f 4273//4273 4364//4364 4313//4313 
f 1359//1359 80//80 4364//4364 
f 4295//4295 4367//4367 4344//4344 
f 4292//4292 4318//4318 81//81 
f 83//83 4290//4290 4282//4282 
f 83//83 4368//4368 4290//4290 
f 3380//3380 4349//4349 4341//4341 
f 4310//4310 4313//4313 4378//4378 
f 4278//4278 4369//4369 4372//4372 
f 4286//4286 4352//4352 80//80 
f 4326//4326 4356//4356 4351//4351 
f 4288//4288 4366//4366 4357//4357 
f 4288//4288 4357//4357 64//64 
f 4327//4327 4361//4361 83//83 
f 1345//1345 4351//4351 4356//4356 
f 1345//1345 4356//4356 4338//4338 
f 1345//1345 4338//4338 1355//1355 
f 4326//4326 4363//4363 4356//4356 
f 4332//4332 4384//4384 4349//4349 
f 4332//4332 4349//4349 4281//4281 
f 4322//4322 3396//3396 4358//4358 
f 4289//4289 4350//4350 4319//4319 
f 4359//4359 4368//4368 82//82 
f 1355//1355 1393//1393 3346//3346 
f 1355//1355 4354//4354 1393//1393 
f 3389//3389 4365//4365 4392//4392 
f 3389//3389 4392//4392 4369//4369 
f 4341//4341 4396//4396 4352//4352 
f 4341//4341 4352//4352 4328//4328 
f 4340//4340 4363//4363 4326//4326 
f 4330//4330 4394//4394 3404//3404 
f 79//79 4288//4288 4294//4294 
f 4333//4333 4401//4401 4361//4361 
f 3396//3396 81//81 4358//4358 
f 4340//4340 1397//1397 4363//4363 
f 4367//4367 4332//4332 4344//4344 
f 4298//4298 4362//4362 1388//1388 
f 1361//1361 4350//4350 4289//4289 
f 1361//1361 4424//4424 4350//4350 
f 1361//1361 4357//4357 4424//4424 
f 4368//4368 83//83 4404//4404 
f 4293//4293 4375//4375 4331//4331 
f 4293//4293 3405//3405 4375//4375 
f 4341//4341 4349//4349 4383//4383 
f 4298//4298 3397//3397 4362//4362 
f 4348//4348 3398//3398 3437//3437 
f 4348//4348 3437//3437 4374//4374 
f 4342//4342 5651//5651 5290//5290 
f 4346//4346 4394//4394 4330//4330 
f 4346//4346 4409//4409 4394//4394 
f 4372//4372 4333//4333 4278//4278 
f 4336//4336 1397//1397 4340//4340 
f 4356//4356 4381//4381 4338//4338 
f 80//80 4352//4352 3412//3412 
f 4357//4357 4366//4366 4424//4424 
f 78//78 4379//4379 4365//4365 
f 4310//4310 4378//4378 4375//4375 
f 4310//4310 4375//4375 3405//3405 
f 4313//4313 4388//4388 4378//4378 
f 4349//4349 4384//4384 4383//4383 
f 3398//3398 4370//4370 3437//3437 
f 4313//4313 4364//4364 4388//4388 
f 4319//4319 4342//4342 4289//4289 
f 4359//4359 4409//4409 4346//4346 
f 4359//4359 82//82 4409//4409 
f 4354//4354 3413//3413 1393//1393 
f 4369//4369 4392//4392 4408//4408 
f 4336//4336 4317//4317 4353//4353 
f 4336//4336 4353//4353 1397//1397 
f 4318//4318 4331//4331 81//81 
f 4352//4352 4396//4396 3412//3412 
f 5337//5337 5657//5657 4374//4374 
f 4331//4331 4375//4375 87//87 
f 3404//3404 4394//4394 4411//4411 
f 3404//3404 4411//4411 85//85 
f 79//79 1403//1403 4366//4366 
f 79//79 4366//4366 4288//4288 
f 4361//4361 4401//4401 86//86 
f 3397//3397 4358//4358 84//84 
f 3397//3397 4322//4322 4358//4358 
f 4364//4364 4399//4399 4388//4388 
f 4367//4367 4406//4406 4384//4384 
f 4367//4367 4384//4384 4332//4332 
f 4358//4358 81//81 4398//4398 
f 4358//4358 4398//4398 1404//1404 
f 4362//4362 4371//4371 1388//1388 
f 4368//4368 4404//4404 82//82 
f 4338//4338 4354//4354 1355//1355 
f 4338//4338 4395//4395 4354//4354 
f 4365//4365 4414//4414 4392//4392 
f 4353//4353 1388//1388 4371//4371 
f 4362//4362 1414//1414 4371//4371 
f 4341//4341 4383//4383 4396//4396 
f 4375//4375 4378//4378 4400//4400 
f 5651//5651 4342//4342 316//316 
f 4394//4394 4409//4409 3863//3863 
f 3413//3413 79//79 1393//1393 
f 3413//3413 1403//1403 79//79 
f 4372//4372 319//319 4401//4401 
f 4372//4372 4401//4401 4333//4333 
f 80//80 4399//4399 4364//4364 
f 80//80 3925//3925 4399//4399 
f 4403//4403 4324//4324 85//85 
f 4403//4403 85//85 3884//3884 
f 80//80 3412//3412 3925//3925 
f 3397//3397 1414//1414 4362//4362 
f 3397//3397 84//84 1414//1414 
f 83//83 4417//4417 4404//4404 
f 4365//4365 4379//4379 320//320 
f 4378//4378 4388//4388 4400//4400 
f 4383//4383 4384//4384 323//323 
f 3437//3437 4370//4370 3913//3913 
f 4353//4353 4407//4407 1397//1397 
f 4409//4409 82//82 3874//3874 
f 4408//4408 4372//4372 4369//4369 
f 1397//1397 4386//4386 4363//4363 
f 1397//1397 3441//3441 4386//4386 
f 1397//1397 4407//4407 3441//3441 
f 81//81 4402//4402 4398//4398 
f 81//81 4331//4331 4402//4402 
f 4331//4331 87//87 4402//4402 
f 3412//3412 4396//4396 321//321 
f 4353//4353 4371//4371 4407//4407 
f 4366//4366 1403//1403 3855//3855 
f 86//86 83//83 4361//4361 
f 4379//4379 4413//4413 320//320 
f 4384//4384 4406//4406 330//330 
f 4370//4370 3450//3450 3913//3913 
f 4388//4388 4399//4399 4426//4426 
f 4350//4350 4410//4410 4311//4311 
f 4350//4350 4311//4311 4319//4319 
f 4350//4350 4424//4424 4410//4410 
f 82//82 322//322 3874//3874 
f 82//82 4404//4404 322//322 
f 4395//4395 3452//3452 4354//4354 
f 4392//4392 4414//4414 4423//4423 
f 4394//4394 3863//3863 4411//4411 
f 4398//4398 3926//3926 1404//1404 
f 1403//1403 3413//3413 3917//3917 
f 4401//4401 319//319 3105//3105 
f 4358//4358 3905//3905 84//84 
f 4358//4358 1404//1404 3905//3905 
f 4405//4405 3930//3930 4406//4406 
f 4405//4405 4406//4406 4367//4367 
f 4398//4398 4402//4402 3926//3926 
f 4403//4403 3884//3884 3450//3450 
f 4404//4404 4417//4417 322//322 
f 4381//4381 4395//4395 4338//4338 
f 4381//4381 4412//4412 4395//4395 
f 4365//4365 324//324 4414//4414 
f 4365//4365 320//320 324//324 
f 4375//4375 4428//4428 87//87 
f 4375//4375 4400//4400 4428//4428 
f 4383//4383 323//323 1408//1408 
f 3437//3437 3913//3913 4429//4429 
f 4400//4400 4388//4388 3902//3902 
f 4409//4409 3874//3874 4425//4425 
f 4409//4409 4425//4425 3863//3863 
f 4408//4408 325//325 319//319 
f 4408//4408 319//319 4372//4372 
f 3412//3412 321//321 3900//3900 
f 3412//3412 3900//3900 3925//3925 
f 4402//4402 3887//3887 4438//4438 
f 4402//4402 87//87 3887//3887 
f 85//85 4411//4411 3149//3149 
f 85//85 3149//3149 3884//3884 
f 3855//3855 4424//4424 4366//4366 
f 86//86 4417//4417 83//83 
f 86//86 4463//4463 4417//4417 
f 4363//4363 4381//4381 4356//4356 
f 4363//4363 3886//3886 4381//4381 
f 320//320 4413//4413 4464//4464 
f 1414//1414 84//84 3868//3868 
f 330//330 323//323 4384//4384 
f 3913//3913 3450//3450 4456//4456 
f 3874//3874 322//322 4474//4474 
f 3452//3452 3909//3909 3413//3413 
f 3452//3452 3413//3413 4354//4354 
f 4423//4423 4408//4408 4392//4392 
f 87//87 4428//4428 3887//3887 
f 4396//4396 4472//4472 321//321 
f 4420//4420 5337//5337 3921//3921 
f 4386//4386 3914//3914 4363//4363 
f 4411//4411 3938//3938 3149//3149 
f 4411//4411 3863//3863 3938//3938 
f 1403//1403 3917//3917 328//328 
f 1403//1403 328//328 3855//3855 
f 3105//3105 86//86 4401//4401 
f 84//84 3905//3905 327//327 
f 84//84 327//327 3868//3868 
f 4388//4388 4426//4426 3902//3902 
f 4386//4386 3441//3441 3914//3914 
f 4406//4406 3930//3930 326//326 
f 3450//3450 3884//3884 4487//4487 
f 3450//3450 4487//4487 4456//4456 
f 1414//1414 3903//3903 4371//4371 
f 4410//4410 4424//4424 3928//3928 
f 322//322 4417//4417 4496//4496 
f 4412//4412 3452//3452 4395//4395 
f 4414//4414 324//324 4478//4478 
f 4371//4371 3903//3903 3912//3912 
f 4371//4371 3912//3912 4407//4407 
f 4400//4400 4495//4495 4428//4428 
f 1408//1408 4396//4396 4383//4383 
f 1414//1414 3868//3868 3903//3903 
f 4400//4400 3902//3902 4495//4495 
f 3863//3863 4425//4425 3938//3938 
f 3909//3909 3917//3917 3413//3413 
f 319//319 325//325 3944//3944 
f 260//260 5660//5660 5341//5341 
f 1404//1404 3926//3926 4473//4473 
f 1404//1404 4473//4473 3905//3905 
f 4399//4399 4484//4484 4426//4426 
f 4399//4399 3925//3925 4484//4484 
f 3884//3884 3932//3932 4487//4487 
f 3884//3884 3149//3149 3932//3932 
f 3855//3855 3928//3928 4424//4424 
f 4417//4417 4463//4463 4496//4496 
f 3886//3886 3957//3957 4381//4381 
f 320//320 4464//4464 3945//3945 
f 320//320 3945//3945 324//324 
f 330//330 4436//4436 323//323 
f 3913//3913 4456//4456 3935//3935 
f 3913//3913 3935//3935 4429//4429 
f 3902//3902 4426//4426 4517//4517 
f 260//260 5341//5341 4440//4440 
f 260//260 4440//4440 264//264 
f 3874//3874 4474//4474 4425//4425 
f 3909//3909 3452//3452 4521//4521 
f 4423//4423 325//325 4408//4408 
f 4423//4423 4519//4519 325//325 
f 3441//3441 3912//3912 3950//3950 
f 3441//3441 4407//4407 3912//3912 
f 4402//4402 4438//4438 3926//3926 
f 3887//3887 4431//4431 4438//4438 
f 321//321 4472//4472 4447//4447 
f 4420//4420 3921//3921 4509//4509 
f 3887//3887 4428//4428 4431//4431 
f 3149//3149 3938//3938 3934//3934 
f 328//328 4506//4506 3855//3855 
f 3105//3105 4533//4533 4463//4463 
f 3105//3105 4463//4463 86//86 
f 3914//3914 3886//3886 4363//4363 
f 3914//3914 4470//4470 3886//3886 
f 326//326 330//330 4406//4406 
f 4456//4456 4487//4487 4527//4527 
f 4410//4410 3928//3928 4311//4311 
f 322//322 4496//4496 332//332 
f 322//322 332//332 4474//4474 
f 4428//4428 4495//4495 4431//4431 
f 4478//4478 4423//4423 4414//4414 
f 1408//1408 4538//4538 4472//4472 
f 1408//1408 4472//4472 4396//4396 
f 3921//3921 4543//4543 4509//4509 
f 3921//3921 4429//4429 4543//4543 
f 3441//3441 4489//4489 3914//3914 
f 3441//3441 4520//4520 4489//4489 
f 3938//3938 4425//4425 4545//4545 
f 3917//3917 329//329 328//328 
f 3917//3917 3909//3909 329//329 
f 3944//3944 3105//3105 319//319 
f 3955//3955 4464//4464 4413//4413 
f 3905//3905 4473//4473 327//327 
f 3926//3926 4499//4499 4473//4473 
f 3900//3900 4552//4552 4484//4484 
f 3900//3900 4484//4484 3925//3925 
f 3441//3441 3950//3950 4520//4520 
f 3926//3926 4438//4438 4499//4499 
f 3868//3868 4480//4480 3903//3903 
f 3928//3928 3855//3855 4506//4506 
f 3928//3928 4506//4506 338//338 
f 4496//4496 4463//4463 3948//3948 
f 3957//3957 4493//4493 4412//4412 
f 3957//3957 4412//4412 4381//4381 
f 324//324 3945//3945 4540//4540 
f 3868//3868 4507//4507 4480//4480 
f 4436//4436 1408//1408 323//323 
f 4429//4429 3935//3935 4543//4543 
f 4425//4425 4474//4474 3967//3967 
f 4425//4425 3967//3967 4545//4545 
f 4440//4440 270//270 268//268 
f 4440//4440 268//268 264//264 
f 3909//3909 4521//4521 329//329 
f 325//325 4519//4519 4544//4544 
f 3912//3912 3941//3941 3950//3950 
f 4438//4438 4566//4566 4499//4499 
f 4447//4447 3900//3900 321//321 
f 3912//3912 4508//4508 3941//3941 
f 4438//4438 4431//4431 4566//4566 
f 3149//3149 3934//3934 3932//3932 
f 327//327 4507//4507 3868//3868 
f 4463//4463 4533//4533 3948//3948 
f 4464//4464 3959//3959 3945//3945 
f 327//327 4528//4528 4507//4507 
f 3902//3902 4517//4517 4495//4495 
f 326//326 3937//3937 330//330 
f 327//327 4473//4473 4528//4528 
f 4456//4456 4527//4527 3935//3935 
f 3903//3903 4508//4508 3912//3912 
f 4474//4474 332//332 3967//3967 
f 4412//4412 4521//4521 3452//3452 
f 4478//4478 4519//4519 4423//4423 
f 4478//4478 4572//4572 4519//4519 
f 4472//4472 4538//4538 331//331 
f 3903//3903 4480//4480 4508//4508 
f 4509//4509 4543//4543 4559//4559 
f 3938//3938 4545//4545 4558//4558 
f 3938//3938 4558//4558 3934//3934 
f 328//328 329//329 3958//3958 
f 3944//3944 4567//4567 4533//4533 
f 3944//3944 4533//4533 3105//3105 
f 4464//4464 3955//3955 4583//4583 
f 4473//4473 333//333 4528//4528 
f 4426//4426 3952//3952 4517//4517 
f 4426//4426 4484//4484 3952//3952 
f 4473//4473 4499//4499 333//333 
f 4487//4487 3932//3932 4541//4541 
f 4487//4487 4541//4541 4527//4527 
f 338//338 4311//4311 3928//3928 
f 4496//4496 4594//4594 332//332 
f 4496//4496 3948//3948 4594//4594 
f 4540//4540 4478//4478 324//324 
f 4431//4431 4495//4495 4534//4534 
f 4495//4495 4598//4598 4534//4534 
f 4436//4436 4538//4538 1408//1408 
f 4543//4543 3935//3935 4560//4560 
f 4495//4495 4517//4517 3952//3952 
f 4495//4495 3952//3952 4598//4598 
f 3950//3950 3941//3941 4520//4520 
f 4545//4545 3967//3967 4579//4579 
f 4544//4544 3944//3944 325//325 
f 4499//4499 4566//4566 333//333 
f 4447//4447 4552//4552 3900//3900 
f 4492//4492 3951//3951 4550//4550 
f 3932//3932 4609//4609 4541//4541 
f 3932//3932 3934//3934 4609//4609 
f 3948//3948 4533//4533 4614//4614 
f 4470//4470 3957//3957 3886//3886 
f 3937//3937 4584//4584 4436//4436 
f 3937//3937 4436//4436 330//330 
f 4507//4507 4528//4528 3949//3949 
f 3935//3935 4601//4601 4560//4560 
f 3935//3935 4527//4527 4601//4601 
f 3967//3967 332//332 4608//4608 
f 4521//4521 4555//4555 329//329 
f 4521//4521 4412//4412 4555//4555 
f 4519//4519 4572//4572 4586//4586 
f 331//331 4447//4447 4472//4472 
f 4509//4509 4559//4559 3951//3951 
f 4522//4522 4440//4440 4312//4312 
f 4522//4522 4312//4312 5664//5664 
f 3934//3934 4558//4558 4609//4609 
f 3958//3958 3954//3954 4506//4506 
f 3958//3958 4506//4506 328//328 
f 4533//4533 4567//4567 4614//4614 
f 4489//4489 4470//4470 3914//3914 
f 4489//4489 4571//4571 4607//4607 
f 4489//4489 4520//4520 4571//4571 
f 4489//4489 4607//4607 4470//4470 
f 4583//4583 3959//3959 4464//4464 
f 4528//4528 4580//4580 3949//3949 
f 4484//4484 334//334 3952//3952 
f 4484//4484 4552//4552 334//334 
f 4528//4528 333//333 4580//4580 
f 4527//4527 4541//4541 286//286 
f 4527//4527 286//286 4601//4601 
f 338//338 4557//4557 4311//4311 
f 332//332 4594//4594 4608//4608 
f 4493//4493 3957//3957 4555//4555 
f 4493//4493 4555//4555 4412//4412 
f 4540//4540 287//287 4572//4572 
f 4540//4540 4572//4572 4478//4478 
f 4431//4431 4534//4534 4566//4566 
f 4543//4543 4633//4633 4559//4559 
f 4543//4543 4560//4560 4633//4633 
f 4545//4545 4579//4579 4558//4558 
f 4544//4544 4620//4620 4567//4567 
f 4544//4544 4567//4567 3944//3944 
f 4520//4520 3941//3941 4573//4573 
f 4520//4520 4573//4573 4571//4571 
f 4550//4550 3951//3951 4624//4624 
f 4541//4541 4609//4609 4618//4618 
f 4506//4506 3954//3954 338//338 
f 3948//3948 4614//4614 4628//4628 
f 3948//3948 4628//4628 4594//4594 
f 3957//3957 4470//4470 4590//4590 
f 3945//3945 3959//3959 4647//4647 
f 3945//3945 287//287 4540//4540 
f 3945//3945 4647//4647 287//287 
f 4480//4480 4529//4529 4508//4508 
f 4480//4480 3962//3962 4529//4529 
f 3952//3952 4674//4674 4598//4598 
f 4584//4584 4538//4538 4436//4436 
f 4560//4560 4601//4601 4644//4644 
f 3967//3967 4634//4634 4579//4579 
f 3967//3967 4608//4608 4634//4634 
f 329//329 4555//4555 4627//4627 
f 4586//4586 4544//4544 4519//4519 
f 4585//4585 4619//4619 3955//3955 
f 331//331 4552//4552 4447//4447 
f 331//331 4610//4610 4552//4552 
f 3951//3951 4662//4662 4624//4624 
f 3951//3951 4559//4559 4662//4662 
f 4566//4566 4534//4534 4604//4604 
f 4609//4609 4558//4558 4009//4009 
f 3954//3954 3958//3958 4612//4612 
f 4614//4614 4567//4567 4611//4611 
f 3959//3959 4583//4583 4647//4647 
f 4507//4507 3949//3949 3962//3962 
f 4507//4507 3962//3962 4480//4480 
f 334//334 4551//4551 3952//3952 
f 4529//4529 3223//3223 4508//4508 
f 4608//4608 4594//4594 4632//4632 
f 4572//4572 287//287 4665//4665 
f 3941//3941 4635//4635 4573//4573 
f 3941//3941 3223//3223 4635//4635 
f 3941//3941 4508//4508 3223//3223 
f 4534//4534 4654//4654 4604//4604 
f 4657//4657 331//331 4538//4538 
f 4559//4559 4633//4633 4662//4662 
f 4534//4534 4598//4598 4654//4654 
f 4558//4558 4579//4579 4649//4649 
f 4558//4558 4649//4649 4009//4009 
f 4567//4567 4620//4620 4611//4611 
f 4571//4571 4573//4573 4668//4668 
f 333//333 4625//4625 4580//4580 
f 4578//4578 334//334 4552//4552 
f 333//333 4000//4000 4625//4625 
f 333//333 4566//4566 4000//4000 
f 4541//4541 4618//4618 286//286 
f 3962//3962 4660//4660 4529//4529 
f 4594//4594 4628//4628 4632//4632 
f 4590//4590 4555//4555 3957//3957 
f 4584//4584 337//337 4538//4538 
f 3962//3962 4602//4602 4660//4660 
f 4560//4560 4644//4644 4633//4633 
f 4579//4579 4634//4634 4649//4649 
f 4627//4627 3958//3958 329//329 
f 4586//4586 4613//4613 4620//4620 
f 4586//4586 4620//4620 4544//4544 
f 4619//4619 4583//4583 3955//3955 
f 4566//4566 4667//4667 4000//4000 
f 4610//4610 4568//4568 4552//4552 
f 4624//4624 4662//4662 4675//4675 
f 4566//4566 4604//4604 4667//4667 
f 4609//4609 4009//4009 4655//4655 
f 4609//4609 4655//4655 4618//4618 
f 3954//3954 4612//4612 4671//4671 
f 4614//4614 4684//4684 4628//4628 
f 4614//4614 4611//4611 4684//4684 
f 4607//4607 4590//4590 4470//4470 
f 4551//4551 4674//4674 3952//3952 
f 4601//4601 286//286 4026//4026 
f 4601//4601 4026//4026 4644//4644 
f 4557//4557 338//338 4642//4642 
f 4608//4608 4632//4632 3224//3224 
f 4608//4608 3224//3224 4634//4634 
f 4555//4555 4010//4010 4627//4627 
f 4665//4665 4613//4613 4586//4586 
f 4665//4665 4586//4586 4572//4572 
f 3270//3270 4052//4052 4585//4585 
f 4657//4657 4610//4610 331//331 
f 4662//4662 4633//4633 3273//3273 
f 4009//4009 4649//4649 3997//3997 
f 4611//4611 4620//4620 4626//4626 
f 4571//4571 4648//4648 4607//4607 
f 4571//4571 4668//4668 4648//4648 
f 4692//4692 4647//4647 4583//4583 
f 3949//3949 4602//4602 3962//3962 
f 3949//3949 4580//4580 4602//4602 
f 4578//4578 4652//4652 334//334 
f 286//286 4618//4618 4686//4686 
f 286//286 4686//4686 4026//4026 
f 338//338 3954//3954 4018//4018 
f 338//338 4018//4018 4642//4642 
f 4632//4632 4628//4628 4673//4673 
f 4555//4555 4659//4659 4010//4010 
f 4555//4555 4590//4590 4659//4659 
f 337//337 4657//4657 4538//4538 
f 4633//4633 4691//4691 3273//3273 
f 4633//4633 4644//4644 4691//4691 
f 4649//4649 4634//4634 4653//4653 
f 4627//4627 4636//4636 4612//4612 
f 4627//4627 4612//4612 3958//3958 
f 4620//4620 4613//4613 4721//4721 
f 4573//4573 4635//4635 4621//4621 
f 4573//4573 4621//4621 4668//4668 
f 4619//4619 4692//4692 4583//4583 
f 4619//4619 4027//4027 4692//4692 
f 4000//4000 4667//4667 4625//4625 
f 4568//4568 4578//4578 4552//4552 
f 4624//4624 4675//4675 4669//4669 
f 4618//4618 4655//4655 4686//4686 
f 4671//4671 4018//4018 3954//3954 
f 4628//4628 4684//4684 4673//4673 
f 4607//4607 4659//4659 4590//4590 
f 4607//4607 288//288 4659//4659 
f 4647//4647 340//340 287//287 
f 4529//4529 4603//4603 3223//3223 
f 4529//4529 4660//4660 4603//4603 
f 4598//4598 4722//4722 4654//4654 
f 4598//4598 4674//4674 4722//4722 
f 4551//4551 4678//4678 4674//4674 
f 4634//4634 3224//3224 4653//4653 
f 4627//4627 4010//4010 4636//4636 
f 4613//4613 4665//4665 4714//4714 
f 4635//4635 3223//3223 4621//4621 
f 4052//4052 4619//4619 4585//4585 
f 4604//4604 4696//4696 4667//4667 
f 4657//4657 4650//4650 4610//4610 
f 4662//4662 3273//3273 4675//4675 
f 4604//4604 4654//4654 4696//4696 
f 4009//4009 3997//3997 4655//4655 
f 4580//4580 4672//4672 4602//4602 
f 4611//4611 4626//4626 4684//4684 
f 4647//4647 4692//4692 4037//4037 
f 4652//4652 4678//4678 4551//4551 
f 4652//4652 4551//4551 334//334 
f 4574//4574 4669//4669 4711//4711 
f 4580//4580 4625//4625 4672//4672 
f 4026//4026 4686//4686 4646//4646 
f 4642//4642 4018//4018 4661//4661 
f 4632//4632 4673//4673 4695//4695 
f 4632//4632 4695//4695 3224//3224 
f 4654//4654 4722//4722 4696//4696 
f 4665//4665 4707//4707 4714//4714 
f 4665//4665 287//287 4707//4707 
f 4603//4603 3267//3267 3223//3223 
f 337//337 5668//5668 4657//4657 
f 5642//5642 278//278 280//280 
f 4649//4649 4653//4653 3997//3997 
f 4612//4612 4636//4636 4645//4645 
f 4721//4721 4626//4626 4620//4620 
f 4668//4668 4621//4621 4676//4676 
f 4027//4027 4037//4037 4692//4692 
f 4568//4568 4652//4652 4578//4578 
f 4568//4568 4641//4641 4652//4652 
f 4669//4669 4675//4675 4689//4689 
f 4669//4669 4689//4689 4711//4711 
f 4625//4625 4667//4667 4709//4709 
f 4686//4686 4655//4655 4629//4629 
f 4018//4018 4671//4671 289//289 
f 4673//4673 4684//4684 4710//4710 
f 287//287 340//340 4707//4707 
f 4660//4660 4602//4602 4701//4701 
f 4678//4678 4722//4722 4674//4674 
f 4644//4644 4680//4680 4691//4691 
f 4653//4653 3224//3224 4732//4732 
f 4667//4667 4696//4696 4690//4690 
f 4613//4613 4028//4028 4721//4721 
f 4613//4613 4714//4714 4028//4028 
f 4052//4052 4027//4027 4619//4619 
f 4052//4052 4033//4033 4027//4027 
f 4650//4650 4568//4568 4610//4610 
f 4655//4655 4740//4740 4629//4629 
f 4655//4655 3997//3997 4740//4740 
f 4684//4684 4626//4626 4742//4742 
f 4684//4684 4742//4742 4710//4710 
f 4648//4648 288//288 4607//4607 
f 4648//4648 4698//4698 288//288 
f 4037//4037 340//340 4647//4647 
f 4602//4602 4672//4672 4725//4725 
f 4678//4678 4652//4652 4726//4726 
f 4026//4026 4646//4646 4029//4029 
f 4026//4026 4029//4029 4644//4644 
f 3224//3224 4695//4695 4732//4732 
f 4010//4010 4041//4041 4636//4636 
f 4010//4010 4039//4039 4041//4041 
f 4010//4010 4659//4659 4039//4039 
f 4714//4714 4707//4707 4769//4769 
f 3267//3267 4621//4621 3223//3223 
f 5668//5668 4034//4034 4657//4657 
f 3273//3273 4050//4050 4675//4675 
f 3273//3273 4691//4691 4050//4050 
f 3997//3997 4653//4653 4693//4693 
f 4645//4645 4671//4671 4612//4612 
f 4626//4626 4721//4721 4739//4739 
f 4626//4626 4739//4739 4742//4742 
f 4676//4676 4698//4698 4648//4648 
f 4676//4676 4648//4648 4668//4668 
f 4625//4625 4709//4709 4672//4672 
f 4711//4711 4689//4689 4745//4745 
f 4686//4686 4629//4629 4646//4646 
f 4018//4018 4042//4042 4661//4661 
f 4018//4018 289//289 4042//4042 
f 4673//4673 4762//4762 4695//4695 
f 4673//4673 4710//4710 4762//4762 
f 4659//4659 288//288 4030//4030 
f 4707//4707 340//340 4754//4754 
f 4701//4701 4603//4603 4660//4660 
f 4678//4678 4705//4705 4722//4722 
f 77//77 5668//5668 337//337 
f 77//77 4729//4729 5668//5668 
f 4680//4680 4715//4715 4691//4691 
f 4653//4653 4732//4732 4755//4755 
f 4636//4636 4041//4041 4046//4046 
f 4028//4028 4739//4739 4721//4721 
f 4621//4621 4733//4733 4676//4676 
f 4033//4033 4737//4737 4027//4027 
f 4690//4690 4709//4709 4667//4667 
f 4650//4650 4641//4641 4568//4568 
f 4689//4689 4675//4675 4681//4681 
f 4710//4710 4742//4742 4765//4765 
f 288//288 4698//4698 4738//4738 
f 288//288 4738//4738 4030//4030 
f 340//340 4037//4037 4754//4754 
f 4725//4725 4701//4701 4602//4602 
f 4678//4678 4726//4726 4764//4764 
f 4029//4029 4680//4680 4644//4644 
f 4732//4732 4695//4695 4758//4758 
f 4714//4714 4769//4769 4032//4032 
f 4714//4714 4032//4032 4028//4028 
f 3267//3267 4733//4733 4621//4621 
f 3267//3267 4756//4756 4733//4733 
f 4052//4052 4766//4766 4033//4033 
f 4034//4034 4650//4650 4657//4657 
f 4050//4050 4681//4681 4675//4675 
f 4693//4693 4740//4740 3997//3997 
f 4645//4645 289//289 4671//4671 
f 4645//4645 4772//4772 289//289 
f 4742//4742 4739//4739 4770//4770 
f 4698//4698 4676//4676 4056//4056 
f 4698//4698 4056//4056 4738//4738 
f 4672//4672 4709//4709 4735//4735 
f 4641//4641 4726//4726 4652//4652 
f 4711//4711 4745//4745 4730//4730 
f 4661//4661 4042//4042 4782//4782 
f 4695//4695 4762//4762 4758//4758 
f 4659//4659 4030//4030 4039//4039 
f 4707//4707 4751//4751 4769//4769 
f 4707//4707 4754//4754 4751//4751 
f 4701//4701 3267//3267 4603//4603 
f 4706//4706 4052//4052 3270//3270 
f 4706//4706 4766//4766 4052//4052 
f 4705//4705 4696//4696 4722//4722 
f 4705//4705 4044//4044 4696//4696 
f 4715//4715 4050//4050 4691//4691 
f 4755//4755 4693//4693 4653//4653 
f 4046//4046 4645//4645 4636//4636 
f 4739//4739 4028//4028 4794//4794 
f 4733//4733 4056//4056 4676//4676 
f 4737//4737 4037//4037 4027//4027 
f 4690//4690 4013//4013 4709//4709 
f 4650//4650 4744//4744 4641//4641 
f 4689//4689 4681//4681 4750//4750 
f 4689//4689 4750//4750 4745//4745 
f 4629//4629 4740//4740 4743//4743 
f 4629//4629 4743//4743 4646//4646 
f 4710//4710 4765//4765 4762//4762 
f 4030//4030 4738//4738 4059//4059 
f 4764//4764 4705//4705 4678//4678 
f 4729//4729 77//77 4730//4730 
f 4729//4729 4730//4730 4799//4799 
f 4029//4029 4759//4759 4680//4680 
f 4732//4732 4758//4758 4755//4755 
f 4041//4041 4039//4039 4074//4074 
f 4733//4733 4756//4756 4112//4112 
f 4766//4766 4800//4800 4033//4033 
f 4731//4731 4690//4690 4696//4696 
f 4731//4731 4038//4038 4690//4690 
f 4034//4034 4702//4702 4650//4650 
f 4681//4681 4050//4050 4741//4741 
f 4740//4740 4693//4693 4749//4749 
f 4742//4742 4770//4770 4765//4765 
f 4804//4804 4754//4754 4037//4037 
f 4735//4735 4725//4725 4672//4672 
f 4735//4735 4048//4048 4725//4725 
f 4730//4730 4745//4745 4791//4791 
f 4736//4736 4029//4029 4646//4646 
f 4758//4758 4762//4762 4054//4054 
f 4039//4039 4778//4778 4074//4074 
f 4039//4039 4030//4030 4778//4778 
f 4701//4701 4756//4756 3267//3267 
f 4701//4701 4803//4803 4756//4756 
f 4044//4044 4731//4731 4696//4696 
f 4715//4715 4741//4741 4050//4050 
f 4755//4755 4114//4114 4767//4767 
f 4755//4755 4767//4767 4693//4693 
f 4046//4046 4806//4806 4772//4772 
f 4046//4046 4772//4772 4645//4645 
f 4739//4739 4794//4794 4770//4770 
f 4056//4056 4733//4733 4112//4112 
f 4737//4737 4796//4796 4804//4804 
f 4737//4737 4804//4804 4037//4037 
f 4013//4013 4775//4775 4735//4735 
f 4013//4013 4735//4735 4709//4709 
f 4744//4744 4785//4785 4641//4641 
f 4750//4750 4791//4791 4745//4745 
f 4743//4743 4040//4040 4646//4646 
f 4042//4042 289//289 4782//4782 
f 4762//4762 4824//4824 4054//4054 
f 4762//4762 4765//4765 4824//4824 
f 4030//4030 4059//4059 4778//4778 
f 4754//4754 4068//4068 4751//4751 
f 4725//4725 4820//4820 4701//4701 
f 4764//4764 4793//4793 4705//4705 
f 4759//4759 4715//4715 4680//4680 
f 4755//4755 4758//4758 4817//4817 
f 4755//4755 4817//4817 4114//4114 
f 4041//4041 4825//4825 4046//4046 
f 4041//4041 4074//4074 4825//4825 
f 4032//4032 4794//4794 4028//4028 
f 4032//4032 4776//4776 4794//4794 
f 4800//4800 4737//4737 4033//4033 
f 4038//4038 4013//4013 4690//4690 
f 4038//4038 4763//4763 4013//4013 
f 4702//4702 4744//4744 4650//4650 
f 4702//4702 4798//4798 4744//4744 
f 4681//4681 4795//4795 4750//4750 
f 4681//4681 4741//4741 4795//4795 
f 4749//4749 4743//4743 4740//4740 
f 4749//4749 4777//4777 4743//4743 
f 4767//4767 4749//4749 4693//4693 
f 289//289 4772//4772 4091//4091 
f 4765//4765 4770//4770 4826//4826 
f 4765//4765 4826//4826 4824//4824 
f 4738//4738 4076//4076 4059//4059 
f 4754//4754 4804//4804 4855//4855 
f 4752//4752 4727//4727 75//75 
f 4726//4726 4774//4774 4764//4764 
f 4730//4730 4811//4811 4799//4799 
f 4730//4730 4791//4791 4811//4811 
f 4736//4736 4816//4816 4029//4029 
f 4040//4040 4736//4736 4646//4646 
f 4758//4758 4054//4054 4753//4753 
f 4769//4769 4833//4833 4776//4776 
f 4769//4769 4776//4776 4032//4032 
f 4769//4769 4751//4751 4833//4833 
f 4756//4756 4803//4803 4834//4834 
f 4044//4044 4038//4038 4731//4731 
f 4063//4063 4790//4790 4702//4702 
f 4063//4063 4702//4702 4034//4034 
f 4772//4772 4806//4806 4091//4091 
f 4770//4770 4845//4845 4826//4826 
f 4770//4770 4794//4794 4845//4845 
f 4056//4056 4137//4137 4738//4738 
f 4056//4056 4112//4112 4137//4137 
f 4796//4796 4831//4831 4804//4804 
f 4785//4785 4726//4726 4641//4641 
f 4791//4791 4750//4750 4809//4809 
f 4778//4778 4814//4814 4805//4805 
f 4778//4778 4059//4059 4814//4814 
f 4751//4751 4068//4068 4833//4833 
f 4820//4820 4803//4803 4701//4701 
f 4812//4812 4766//4766 4706//4706 
f 4812//4812 4706//4706 4727//4727 
f 4793//4793 4044//4044 4705//4705 
f 4759//4759 4741//4741 4715//4715 
f 4759//4759 4802//4802 4741//4741 
f 4825//4825 4806//4806 4046//4046 
f 4794//4794 4835//4835 4845//4845 
f 4794//4794 4776//4776 4835//4835 
f 4800//4800 4840//4840 4796//4796 
f 4800//4800 4796//4796 4737//4737 
f 4763//4763 4813//4813 4013//4013 
f 4795//4795 4809//4809 4750//4750 
f 4040//4040 4743//4743 4777//4777 
f 289//289 4091//4091 4782//4782 
f 4059//4059 4076//4076 4814//4814 
f 4855//4855 4068//4068 4754//4754 
f 4048//4048 4820//4820 4725//4725 
f 4727//4727 4752//4752 5340//5340 
f 4774//4774 4118//4118 4764//4764 
f 4799//4799 4811//4811 4305//4305 
f 4816//4816 4759//4759 4029//4029 
f 4816//4816 4768//4768 4759//4759 
f 4758//4758 4753//4753 4817//4817 
f 4074//4074 4805//4805 4825//4825 
f 4834//4834 4112//4112 4756//4756 
f 4810//4810 4840//4840 4800//4800 
f 4810//4810 4800//4800 4766//4766 
f 4044//4044 4129//4129 4038//4038 
f 4767//4767 4807//4807 4749//4749 
f 4741//4741 4827//4827 4795//4795 
f 4777//4777 4749//4749 4807//4807 
f 4091//4091 4806//4806 4838//4838 
f 4826//4826 4845//4845 4857//4857 
f 4738//4738 4137//4137 4076//4076 
f 4831//4831 4855//4855 4804//4804 
f 4767//4767 4830//4830 4807//4807 
f 4775//4775 4836//4836 4048//4048 
f 4775//4775 4048//4048 4735//4735 
f 4040//4040 4816//4816 4736//4736 
f 4040//4040 4828//4828 4816//4816 
f 4785//4785 4151//4151 4774//4774 
f 4785//4785 4774//4774 4726//4726 
f 4791//4791 4809//4809 4866//4866 
f 4791//4791 4866//4866 4811//4811 
f 4054//4054 4824//4824 4862//4862 
f 4054//4054 4862//4862 4753//4753 
f 4805//4805 4074//4074 4778//4778 
f 4833//4833 4068//4068 4839//4839 
f 4040//4040 4077//4077 4828//4828 
f 4803//4803 4820//4820 4832//4832 
f 4803//4803 4832//4832 4815//4815 
f 4812//4812 4810//4810 4766//4766 
f 4812//4812 4877//4877 4810//4810 
f 4793//4793 4122//4122 4044//4044 
f 4114//4114 4830//4830 4767//4767 
f 4802//4802 4837//4837 4741//4741 
f 4768//4768 4802//4802 4759//4759 
f 4114//4114 4106//4106 4830//4830 
f 4806//4806 4825//4825 4893//4893 
f 4806//4806 4893//4893 4838//4838 
f 4112//4112 4834//4834 4110//4110 
f 4112//4112 4110//4110 4137//4137 
f 4840//4840 4868//4868 4796//4796 
f 4114//4114 4817//4817 4829//4829 
f 4114//4114 4829//4829 4106//4106 
f 4813//4813 4775//4775 4013//4013 
f 4777//4777 4849//4849 4077//4077 
f 4777//4777 4077//4077 4040//4040 
f 4798//4798 5321//5321 4785//4785 
f 4798//4798 4785//4785 4744//4744 
f 4809//4809 4795//4795 4841//4841 
f 4824//4824 4826//4826 4109//4109 
f 4068//4068 4855//4855 4159//4159 
f 4068//4068 4159//4159 4839//4839 
f 4777//4777 4858//4858 4849//4849 
f 4118//4118 4793//4793 4764//4764 
f 4817//4817 4846//4846 4829//4829 
f 4825//4825 4805//4805 4893//4893 
f 4776//4776 4884//4884 4835//4835 
f 4817//4817 4753//4753 4846//4846 
f 4129//4129 4125//4125 4763//4763 
f 4129//4129 4763//4763 4038//4038 
f 4790//4790 4798//4798 4702//4702 
f 4790//4790 4303//4303 4798//4798 
f 4827//4827 4841//4841 4795//4795 
f 4807//4807 4858//4858 4777//4777 
f 4076//4076 4137//4137 4859//4859 
f 4831//4831 4191//4191 4855//4855 
f 4836//4836 4820//4820 4048//4048 
f 4836//4836 4142//4142 4820//4820 
f 4828//4828 4851//4851 4816//4816 
f 4151//4151 4095//4095 4774//4774 
f 4811//4811 4866//4866 4848//4848 
f 4768//4768 4816//4816 4851//4851 
f 4753//4753 4862//4862 4846//4846 
f 4833//4833 4878//4878 4884//4884 
f 4833//4833 4884//4884 4776//4776 
f 4833//4833 4839//4839 4878//4878 
f 4815//4815 4834//4834 4803//4803 
f 4877//4877 4105//4105 4810//4810 
f 4122//4122 4129//4129 4044//4044 
f 4122//4122 4856//4856 4129//4129 
f 4063//4063 4867//4867 4790//4790 
f 4063//4063 4305//4305 4867//4867 
f 4837//4837 4827//4827 4741//4741 
f 4845//4845 4835//4835 4065//4065 
f 4845//4845 4065//4065 4857//4857 
f 4137//4137 4110//4110 4859//4859 
f 4868//4868 4831//4831 4796//4796 
f 4830//4830 4106//4106 4829//4829 
f 4813//4813 4836//4836 4775//4775 
f 4813//4813 4107//4107 4836//4836 
f 5321//5321 4151//4151 4785//4785 
f 4809//4809 4841//4841 4113//4113 
f 4809//4809 4113//4113 4866//4866 
f 4824//4824 4109//4109 4862//4862 
f 4814//4814 4076//4076 4869//4869 
f 4814//4814 4869//4869 4805//4805 
f 4832//4832 4820//4820 4123//4123 
f 4768//4768 4865//4865 4802//4802 
f 4118//4118 4863//4863 4122//4122 
f 4118//4118 4122//4122 4793//4793 
f 4305//4305 4881//4881 4867//4867 
f 4835//4835 4899//4899 4065//4065 
f 4835//4835 4884//4884 4899//4899 
f 4834//4834 4116//4116 4110//4110 
f 4125//4125 4813//4813 4763//4763 
f 4303//4303 5321//5321 4798//4798 
f 4841//4841 4827//4827 4870//4870 
f 4077//4077 4858//4858 4156//4156 
f 4077//4077 4849//4849 4858//4858 
f 4826//4826 4857//4857 4876//4876 
f 4826//4826 4876//4876 4109//4109 
f 4191//4191 4159//4159 4855//4855 
f 4095//4095 4118//4118 4774//4774 
f 4848//4848 4305//4305 4811//4811 
f 4829//4829 4846//4846 4140//4140 
f 4846//4846 4163//4163 4140//4140 
f 4805//4805 4869//4869 4182//4182 
f 4805//4805 4182//4182 4893//4893 
f 4815//4815 4116//4116 4834//4834 
f 4815//4815 4895//4895 4116//4116 
f 4105//4105 4840//4840 4810//4810 
f 4846//4846 4862//4862 4885//4885 
f 4846//4846 4885//4885 4163//4163 
f 4830//4830 4158//4158 4144//4144 
f 4830//4830 4144//4144 4807//4807 
f 4837//4837 4870//4870 4827//4827 
f 4837//4837 4130//4130 4870//4870 
f 4865//4865 4837//4837 4802//4802 
f 4858//4858 4807//4807 4144//4144 
f 4857//4857 4065//4065 4876//4876 
f 4859//4859 4110//4110 4169//4169 
f 4868//4868 4927//4927 4191//4191 
f 4868//4868 4191//4191 4831//4831 
f 4107//4107 4871//4871 4836//4836 
f 4077//4077 4156//4156 4847//4847 
f 4077//4077 4847//4847 4828//4828 
f 4862//4862 4111//4111 4885//4885 
f 4866//4866 4113//4113 4880//4880 
f 4851//4851 4828//4828 4847//4847 
f 4839//4839 4913//4913 4878//4878 
f 4839//4839 4159//4159 4913//4913 
f 4832//4832 4123//4123 4895//4895 
f 4832//4832 4895//4895 4815//4815 
f 4101//4101 4904//4904 4877//4877 
f 4862//4862 4109//4109 4111//4111 
f 4863//4863 4098//4098 4122//4122 
f 4829//4829 4158//4158 4830//4830 
f 4829//4829 4916//4916 4158//4158 
f 4110//4110 4116//4116 4887//4887 
f 4110//4110 4887//4887 4169//4169 
f 4184//4184 4868//4868 4840//4840 
f 4184//4184 4903//4903 4868//4868 
f 4829//4829 4140//4140 4916//4916 
f 4125//4125 4107//4107 4813//4813 
f 4841//4841 4870//4870 4113//4113 
f 4109//4109 4915//4915 4111//4111 
f 4109//4109 4876//4876 4915//4915 
f 4076//4076 4859//4859 4869//4869 
f 4159//4159 4191//4191 4209//4209 
f 4142//4142 4165//4165 4123//4123 
f 4142//4142 4123//4123 4820//4820 
f 4851//4851 4842//4842 4768//4768 
f 4095//4095 5674//5674 4863//4863 
f 4095//4095 4863//4863 4118//4118 
f 4848//4848 4881//4881 4305//4305 
f 4848//4848 4161//4161 4881//4881 
f 4865//4865 4768//4768 4842//4842 
f 4884//4884 4878//4878 4207//4207 
f 4884//4884 4207//4207 4899//4899 
f 4851//4851 4847//4847 4842//4842 
f 4116//4116 4895//4895 4887//4887 
f 4105//4105 4184//4184 4840//4840 
f 4105//4105 4943//4943 4184//4184 
f 4856//4856 4125//4125 4129//4129 
f 4856//4856 4126//4126 4125//4125 
f 4091//4091 4838//4838 5670//5670 
f 4876//4876 4065//4065 4926//4926 
f 4859//4859 4169//4169 4975//4975 
f 4927//4927 4925//4925 4191//4191 
f 4871//4871 4142//4142 4836//4836 
f 4871//4871 4165//4165 4142//4142 
f 4151//4151 4900//4900 4095//4095 
f 4880//4880 4848//4848 4866//4866 
f 4869//4869 4942//4942 4182//4182 
f 4869//4869 4902//4902 4942//4942 
f 4878//4878 4913//4913 4207//4207 
f 4904//4904 4105//4105 4877//4877 
f 4865//4865 4130//4130 4837//4837 
f 4865//4865 4135//4135 4130//4130 
f 4098//4098 4856//4856 4122//4122 
f 4158//4158 4916//4916 4912//4912 
f 4867//4867 4914//4914 5661//5661 
f 4867//4867 4881//4881 4914//4914 
f 4144//4144 4158//4158 4912//4912 
f 4838//4838 4893//4893 4097//4097 
f 4065//4065 4899//4899 4936//4936 
f 4865//4865 4842//4842 4135//4135 
f 4903//4903 4927//4927 4868//4868 
f 4125//4125 4871//4871 4107//4107 
f 4125//4125 4907//4907 4871//4871 
f 5335//5335 4151//4151 5321//5321 
f 4847//4847 4156//4156 4860//4860 
f 4869//4869 4859//4859 4923//4923 
f 4869//4869 4923//4923 4902//4902 
f 4209//4209 4913//4913 4159//4159 
f 4156//4156 4858//4858 4917//4917 
f 4156//4156 4917//4917 4860//4860 
f 4123//4123 4165//4165 4906//4906 
f 5674//5674 4143//4143 4863//4863 
f 4881//4881 4161//4161 4914//4914 
f 4893//4893 4942//4942 4097//4097 
f 4893//4893 4182//4182 4942//4942 
f 4899//4899 4207//4207 4967//4967 
f 4887//4887 4895//4895 4120//4120 
f 4943//4943 4944//4944 4184//4184 
f 4126//4126 4872//4872 4125//4125 
f 4144//4144 4917//4917 4858//4858 
f 4870//4870 4918//4918 4113//4113 
f 4870//4870 4130//4130 4918//4918 
f 4859//4859 4975//4975 4923//4923 
f 4925//4925 4209//4209 4191//4191 
f 4144//4144 4912//4912 4917//4917 
f 4165//4165 4871//4871 4922//4922 
f 4847//4847 4188//4188 4842//4842 
f 4847//4847 4930//4930 4188//4188 
f 4900//4900 5674//5674 4095//4095 
f 4880//4880 4161//4161 4848//4848 
f 4880//4880 4938//4938 4161//4161 
f 4140//4140 4163//4163 4145//4145 
f 4163//4163 4954//4954 4145//4145 
f 4207//4207 4913//4913 4213//4213 
f 4904//4904 4943//4943 4105//4105 
f 4904//4904 4211//4211 4943//4943 
f 4163//4163 4928//4928 4954//4954 
f 4163//4163 4885//4885 4928//4928 
f 4098//4098 4126//4126 4856//4856 
f 5661//5661 4914//4914 4167//4167 
f 5661//5661 4167//4167 4155//4155 
f 4876//4876 4926//4926 4915//4915 
f 4097//4097 5670//5670 4838//4838 
f 4065//4065 4936//4936 4926//4926 
f 4903//4903 4986//4986 4927//4927 
f 4907//4907 4922//4922 4871//4871 
f 4860//4860 4930//4930 4847//4847 
f 5335//5335 4924//4924 4900//4900 
f 5335//5335 4900//4900 4151//4151 
f 4111//4111 4928//4928 4885//4885 
f 4111//4111 4931//4931 4928//4928 
f 4905//4905 4880//4880 4113//4113 
f 4913//4913 4209//4209 4962//4962 
f 4913//4913 4962//4962 4213//4213 
f 4906//4906 4895//4895 4123//4123 
f 4906//4906 4929//4929 4895//4895 
f 4910//4910 4956//4956 4904//4904 
f 4910//4910 4904//4904 4101//4101 
f 4111//4111 4915//4915 4931//4931 
f 4143//4143 4098//4098 4863//4863 
f 4914//4914 4161//4161 4168//4168 
f 4130//4130 4135//4135 4193//4193 
f 4967//4967 4936//4936 4899//4899 
f 4887//4887 4120//4120 4169//4169 
f 4944//4944 4903//4903 4184//4184 
f 4916//4916 4140//4140 4145//4145 
f 4872//4872 4907//4907 4125//4125 
f 4917//4917 4894//4894 4860//4860 
f 4918//4918 4948//4948 4113//4113 
f 4915//4915 4946//4946 4931//4931 
f 4925//4925 5005//5005 4209//4209 
f 4165//4165 4972//4972 4906//4906 
f 4165//4165 4922//4922 4972//4972 
f 4915//4915 4926//4926 4946//4946 
f 4135//4135 4842//4842 4188//4188 
f 4207//4207 4213//4213 5003//5003 
f 4207//4207 5003//5003 4967//4967 
f 4185//4185 4120//4120 4895//4895 
f 4211//4211 4970//4970 4943//4943 
f 4130//4130 4935//4935 4918//4918 
f 4130//4130 4974//4974 4935//4935 
f 4098//4098 4969//4969 4126//4126 
f 4912//4912 4911//4911 4917//4917 
f 4926//4926 4985//4985 4946//4946 
f 4130//4130 4193//4193 4945//4945 
f 4130//4130 4945//4945 4974//4974 
f 4975//4975 4169//4169 4987//4987 
f 4986//4986 4925//4925 4927//4927 
f 4986//4986 4971//4971 4925//4925 
f 4912//4912 4955//4955 4911//4911 
f 4922//4922 4907//4907 4222//4222 
f 4926//4926 4936//4936 4985//4985 
f 4905//4905 4938//4938 4880//4880 
f 4905//4905 4950//4950 4938//4938 
f 4188//4188 4930//4930 4947//4947 
f 4902//4902 4976//4976 4942//4942 
f 4930//4930 4860//4860 4894//4894 
f 4930//4930 4894//4894 4947//4947 
f 4929//4929 4185//4185 4895//4895 
f 4956//4956 4211//4211 4904//4904 
f 4143//4143 5007//5007 4098//4098 
f 4916//4916 4955//4955 4912//4912 
f 4914//4914 4168//4168 4167//4167 
f 4916//4916 4227//4227 4955//4955 
f 4936//4936 4967//4967 4958//4958 
f 4169//4169 4120//4120 5004//5004 
f 4944//4944 5030//5030 4986//4986 
f 4944//4944 4986//4986 4903//4903 
f 4916//4916 4145//4145 4227//4227 
f 4872//4872 4174//4174 4907//4907 
f 4931//4931 4965//4965 4952//4952 
f 4948//4948 4905//4905 4113//4113 
f 4928//4928 4931//4931 4952//4952 
f 4923//4923 4976//4976 4902//4902 
f 4923//4923 4979//4979 4976//4976 
f 4923//4923 4975//4975 4979//4979 
f 5005//5005 4962//4962 4209//4209 
f 4972//4972 4196//4196 4906//4906 
f 4931//4931 4946//4946 4965//4965 
f 4188//4188 3330//3330 4135//4135 
f 4949//4949 4143//4143 5674//5674 
f 4938//4938 4168//4168 4161//4161 
f 4938//4938 4993//4993 4168//4168 
f 4193//4193 4135//4135 3330//3330 
f 4145//4145 4186//4186 4227//4227 
f 4942//4942 4997//4997 4097//4097 
f 5003//5003 4963//4963 4967//4967 
f 4188//4188 4170//4170 3330//3330 
f 4120//4120 4185//4185 5006//5006 
f 4970//4970 4944//4944 4943//4943 
f 4145//4145 4954//4954 4186//4186 
f 4969//4969 4872//4872 4126//4126 
f 4911//4911 4960//4960 4917//4917 
f 4155//4155 5000//5000 5334//5334 
f 4155//4155 4167//4167 5000//5000 
f 4894//4894 4917//4917 4960//4960 
f 4987//4987 4979//4979 4975//4975 
f 4971//4971 5005//5005 4925//4925 
f 4922//4922 4222//4222 4972//4972 
f 4947//4947 4170//4170 4188//4188 
f 4924//4924 5667//5667 4949//4949 
f 4924//4924 4949//4949 4900//4900 
f 4950//4950 4993//4993 4938//4938 
f 4954//4954 4991//4991 4186//4186 
f 4942//4942 4976//4976 5008//5008 
f 4213//4213 5009//5009 5003//5003 
f 4213//4213 4962//4962 5009//5009 
f 4929//4929 4973//4973 4185//4185 
f 4956//4956 5026//5026 4211//4211 
f 4954//4954 4928//4928 4991//4991 
f 5007//5007 4983//4983 4969//4969 
f 5007//5007 4969//4969 4098//4098 
f 4167//4167 5002//5002 5000//5000 
f 4167//4167 4168//4168 5002//5002 
f 4946//4946 4985//4985 4965//4965 
f 4958//4958 4985//4985 4936//4936 
f 5004//5004 4987//4987 4169//4169 
f 5030//5030 4984//4984 4986//4986 
f 4955//4955 4227//4227 5021//5021 
f 4174//4174 4222//4222 4907//4907 
f 4894//4894 4953//4953 4947//4947 
f 4924//4924 5334//5334 5667//5667 
f 4948//4948 4199//4199 4950//4950 
f 4948//4948 4950//4950 4905//4905 
f 4976//4976 4979//4979 5032//5032 
f 4962//4962 4977//4977 4214//4214 
f 4962//4962 5005//5005 4977//4977 
f 4894//4894 4960//4960 4953//4953 
f 4196//4196 4929//4929 4906//4906 
f 3330//3330 4980//4980 4193//4193 
f 4949//4949 5007//5007 4143//4143 
f 4168//4168 4993//4993 5002//5002 
f 4945//4945 4193//4193 4980//4980 
f 4963//4963 4958//4958 4967//4967 
f 5006//5006 5004//5004 4120//4120 
f 4970//4970 5030//5030 4944//4944 
f 4970//4970 5077//5077 5030//5030 
f 4227//4227 4186//4186 4220//4220 
f 4935//4935 4990//4990 4948//4948 
f 4935//4935 5041//5041 4990//4990 
f 4935//4935 4948//4948 4918//4918 
f 4969//4969 4174//4174 4872//4872 
f 5334//5334 5000//5000 5671//5671 
f 4965//4965 5010//5010 5033//5033 
f 4952//4952 4965//4965 5033//5033 
f 4952//4952 4991//4991 4928//4928 
f 4935//4935 4230//4230 5041//5041 
f 4935//4935 4974//4974 4230//4230 
f 4979//4979 4987//4987 5053//5053 
f 4971//4971 5054//5054 4977//4977 
f 4971//4971 4977//4977 5005//5005 
f 4937//4937 4968//4968 5348//5348 
f 4965//4965 4985//4985 5010//5010 
f 4993//4993 4950//4950 5012//5012 
f 4170//4170 4999//4999 3330//3330 
f 4186//4186 4253//4253 4220//4220 
f 4942//4942 5008//5008 4997//4997 
f 4973//4973 5006//5006 4185//4185 
f 5026//5026 4970//4970 4211//4211 
f 5026//5026 5029//5029 4970//4970 
f 4186//4186 4991//4991 4253//4253 
f 4955//4955 5011//5011 4911//4911 
f 5000//5000 5002//5002 5084//5084 
f 4960//4960 4911//4911 5011//5011 
f 4985//4985 5025//5025 5010//5010 
f 4974//4974 4945//4945 4980//4980 
f 4974//4974 4980//4980 4230//4230 
f 4984//4984 4971//4971 4986//4986 
f 4955//4955 5021//5021 5011//5011 
f 4222//4222 4174//4174 5338//5338 
f 4985//4985 4958//4958 5025//5025 
f 4953//4953 4235//4235 4947//4947 
f 4199//4199 5012//5012 4950//4950 
f 4990//4990 4199//4199 4948//4948 
f 4170//4170 4947//4947 4235//4235 
f 4170//4170 4235//4235 4999//4999 
f 4976//4976 5032//5032 5008//5008 
f 4214//4214 5009//5009 4962//4962 
f 4196//4196 4248//4248 4973//4973 
f 4196//4196 5079//5079 4248//4248 
f 4196//4196 4973//4973 4929//4929 
f 5026//5026 4956//4956 4968//4968 
f 4991//4991 5033//5033 5059//5059 
f 4991//4991 4952//4952 5033//5033 
f 4227//4227 5027//5027 5021//5021 
f 4963//4963 5025//5025 4958//4958 
f 5004//5004 5006//5006 5086//5086 
f 5077//5077 5081//5081 5030//5030 
f 4227//4227 4220//4220 5027//5027 
f 4969//4969 5034//5034 4174//4174 
f 4960//4960 5031//5031 4953//4953 
f 4979//4979 5053//5053 5032//5032 
f 4960//4960 5056//5056 5031//5031 
f 4972//4972 5079//5079 4196//4196 
f 4972//4972 5052//5052 5079//5079 
f 4968//4968 4937//4937 5349//5349 
f 4993//4993 4225//4225 5002//5002 
f 4993//4993 5012//5012 4225//4225 
f 4980//4980 3330//3330 5035//5035 
f 4999//4999 5035//5035 3330//3330 
f 4220//4220 4253//4253 5027//5027 
f 5009//5009 5106//5106 4963//4963 
f 5009//5009 4963//4963 5003//5003 
f 5029//5029 5077//5077 4970//4970 
f 4983//4983 5042//5042 4969//4969 
f 5011//5011 5056//5056 4960//4960 
f 5000//5000 5084//5084 5671//5671 
f 4987//4987 5055//5055 5053//5053 
f 4984//4984 4258//4258 5054//5054 
f 4984//4984 5054//5054 4971//4971 
f 5338//5338 4972//4972 4222//4222 
f 5338//5338 5052//5052 4972//4972 
f 5010//5010 5025//5025 5066//5066 
f 5667//5667 4316//4316 4234//4234 
f 4991//4991 5059//5059 4253//4253 
f 5008//5008 5032//5032 4260//4260 
f 4214//4214 5082//5082 5106//5106 
f 4214//4214 5106//5106 5009//5009 
f 4980//4980 5100//5100 4230//4230 
f 5007//5007 5097//5097 5042//5042 
f 5007//5007 5042//5042 4983//4983 
f 5028//5028 5672//5672 5343//5343 
f 5021//5021 5040//5040 5011//5011 
f 5002//5002 5110//5110 5084//5084 
f 4980//4980 5035//5035 5100//5100 
f 5004//5004 5055//5055 4987//4987 
f 5004//5004 5086//5086 5055//5055 
f 5081//5081 4984//4984 5030//5030 
f 4990//4990 5070//5070 4199//4199 
f 5034//5034 5338//5338 4174//4174 
f 5025//5025 4963//4963 5067//5067 
f 5031//5031 5045//5045 4953//4953 
f 4235//4235 4953//4953 5045//5045 
f 4235//4235 5037//5037 4999//4999 
f 5033//5033 5115//5115 5059//5059 
f 5032//5032 5053//5053 5103//5103 
f 5032//5032 5103//5103 4260//4260 
f 4977//4977 5054//5054 5153//5153 
f 4977//4977 5153//5153 4214//4214 
f 5033//5033 4252//4252 5115//5115 
f 4234//4234 5007//5007 4949//4949 
f 4225//4225 5110//5110 5002//5002 
f 4963//4963 5106//5106 5067//5067 
f 5006//5006 5134//5134 5086//5086 
f 5029//5029 5088//5088 5077//5077 
f 5029//5029 5138//5138 5088//5088 
f 5027//5027 4253//4253 5078//5078 
f 5027//5027 5078//5078 5128//5128 
f 5041//5041 5092//5092 4990//4990 
f 5671//5671 5099//5099 5076//5076 
f 5671//5671 5084//5084 5099//5099 
f 5010//5010 5101//5101 4252//4252 
f 5010//5010 4252//4252 5033//5033 
f 5041//5041 5100//5100 5092//5092 
f 5041//5041 4230//4230 5100//5100 
f 5053//5053 5055//5055 5143//5143 
f 5054//5054 4258//4258 5122//5122 
f 5056//5056 5011//5011 5040//5040 
f 5052//5052 5338//5338 5142//5142 
f 5010//5010 5066//5066 4267//4267 
f 5010//5010 4267//4267 5101//5101 
f 5012//5012 5093//5093 4225//4225 
f 5035//5035 4999//4999 5037//5037 
f 5037//5037 4235//4235 5045//5045 
f 4248//4248 5006//5006 4973//4973 
f 4239//4239 5138//5138 5029//5029 
f 4239//4239 5029//5029 5026//5026 
f 4253//4253 5074//5074 5078//5078 
f 4253//4253 5059//5059 5074//5074 
f 5084//5084 5110//5110 5099//5099 
f 5025//5025 4267//4267 5066//5066 
f 5055//5055 5086//5086 5098//5098 
f 5081//5081 4258//4258 4984//4984 
f 5081//5081 5150//5150 4258//4258 
f 5070//5070 5012//5012 4199//4199 
f 5070//5070 5096//5096 5012//5012 
f 5059//5059 5115//5115 5074//5074 
f 5070//5070 4990//4990 5047//5047 
f 5153//5153 5082//5082 4214//4214 
f 5349//5349 4239//4239 5026//5026 
f 5035//5035 5073//5073 5100//5100 
f 5027//5027 5141//5141 5021//5021 
f 5027//5027 5128//5128 5141//5141 
f 5040//5040 5021//5021 5141//5141 
f 5025//5025 5117//5117 4267//4267 
f 5035//5035 5094//5094 5073//5073 
f 5086//5086 5134//5134 5098//5098 
f 5088//5088 5081//5081 5077//5077 
f 5092//5092 5047//5047 4990//4990 
f 5056//5056 5091//5091 5031//5031 
f 5076//5076 5099//5099 5095//5095 
f 5045//5045 5031//5031 5091//5091 
f 5092//5092 5061//5061 5047//5047 
f 5143//5143 5103//5103 5053//5053 
f 5122//5122 5153//5153 5054//5054 
f 5056//5056 5057//5057 5091//5091 
f 5052//5052 5142//5142 5120//5120 
f 5052//5052 5120//5120 5079//5079 
f 5037//5037 5094//5094 5035//5035 
f 5067//5067 5117//5117 5025//5025 
f 5037//5037 5133//5133 5094//5094 
f 4248//4248 5134//5134 5006//5006 
f 5138//5138 4239//4239 5158//5158 
f 5100//5100 5061//5061 5092//5092 
f 5042//5042 5673//5673 5036//5036 
f 5042//5042 5097//5097 5673//5673 
f 5040//5040 5057//5057 5056//5056 
f 5099//5099 5110//5110 5118//5118 
f 5100//5100 5144//5144 5061//5061 
f 4252//4252 5101//5101 5115//5115 
f 4258//4258 5150//5150 5161//5161 
f 5152//5152 5142//5142 5338//5338 
f 5045//5045 5133//5133 5037//5037 
f 5045//5045 5171//5171 5133//5133 
f 5096//5096 5070//5070 5119//5119 
f 4260//4260 5679//5679 5008//5008 
f 4260//4260 5103//5103 5679//5679 
f 5082//5082 5153//5153 5137//5137 
f 5045//5045 5131//5131 5171//5171 
f 5073//5073 5144//5144 5100//5100 
f 5097//5097 5087//5087 5085//5085 
f 5110//5110 5132//5132 5118//5118 
f 5088//5088 5188//5188 5150//5150 
f 5088//5088 5150//5150 5081//5081 
f 5047//5047 5119//5119 5070//5070 
f 5117//5117 5067//5067 5147//5147 
f 5117//5117 5147//5147 5182//5182 
f 5091//5091 5131//5131 5045//5045 
f 5076//5076 5095//5095 5665//5665 
f 5074//5074 5115//5115 5148//5148 
f 5115//5115 5130//5130 5148//5148 
f 5103//5103 5143//5143 3381//3381 
f 5122//5122 5187//5187 5153//5153 
f 5115//5115 5101//5101 5130//5130 
f 5087//5087 4234//4234 4270//4270 
f 5128//5128 5163//5163 65//65 
f 5093//5093 5145//5145 5110//5110 
f 5093//5093 5110//5110 4225//4225 
f 5141//5141 5128//5128 65//65 
f 5106//5106 5147//5147 5067//5067 
f 5134//5134 4248//4248 5151//5151 
f 5138//5138 5226//5226 5088//5088 
f 5138//5138 5158//5158 5226//5226 
f 5128//5128 5078//5078 5163//5163 
f 5099//5099 5118//5118 5201//5201 
f 5099//5099 5201//5201 5095//5095 
f 5101//5101 5170//5170 5130//5130 
f 5061//5061 5144//5144 5166//5166 
f 5161//5161 5122//5122 4258//4258 
f 5142//5142 5152//5152 5240//5240 
f 5101//5101 4267//4267 5170//5170 
f 5133//5133 5159//5159 5094//5094 
f 4316//4316 5665//5665 4270//4270 
f 5074//5074 5163//5163 5078//5078 
f 5096//5096 5093//5093 5012//5012 
f 5096//5096 5167//5167 5093//5093 
f 5094//5094 5164//5164 5073//5073 
f 5074//5074 5176//5176 5163//5163 
f 5096//5096 5119//5119 5167//5167 
f 5137//5137 5106//5106 5082//5082 
f 5133//5133 5171//5171 5131//5131 
f 5074//5074 5148//5148 5176//5176 
f 5085//5085 5673//5673 5097//5097 
f 5141//5141 5154//5154 5040//5040 
f 5057//5057 5040//5040 5154//5154 
f 5150//5150 5188//5188 5204//5204 
f 5141//5141 5173//5173 5154//5154 
f 5665//5665 5095//5095 5186//5186 
f 3381//3381 5679//5679 5103//5103 
f 5187//5187 5137//5137 5153//5153 
f 5120//5120 5146//5146 5079//5079 
f 5148//5148 5130//5130 5212//5212 
f 5164//5164 5210//5210 5073//5073 
f 5145//5145 5132//5132 5110//5110 
f 5144//5144 5210//5210 5166//5166 
f 5144//5144 5073//5073 5210//5210 
f 5117//5117 5170//5170 4267//4267 
f 5117//5117 5182//5182 5170//5170 
f 5164//5164 5094//5094 5159//5159 
f 5151//5151 5098//5098 5134//5134 
f 5226//5226 5188//5188 5088//5088 
f 5061//5061 5183//5183 5047//5047 
f 5057//5057 5175//5175 5091//5091 
f 5057//5057 5192//5192 5175//5175 
f 5095//5095 5201//5201 5186//5186 
f 5119//5119 5047//5047 5183//5183 
f 5131//5131 5091//5091 5175//5175 
f 5061//5061 5168//5168 5183//5183 
f 5161//5161 5187//5187 5122//5122 
f 5161//5161 5244//5244 5187//5187 
f 5057//5057 5190//5190 5192//5192 
f 5240//5240 5120//5120 5142//5142 
f 5130//5130 5170//5170 5206//5206 
f 5167//5167 5145//5145 5093//5093 
f 5167//5167 5264//5264 5145//5145 
f 65//65 5173//5173 5141//5141 
f 5137//5137 5147//5147 5106//5106 
f 5137//5137 5208//5208 5147//5147 
f 5158//5158 5241//5241 5226//5226 
f 5154//5154 5190//5190 5057//5057 
f 5118//5118 5132//5132 5220//5220 
f 5118//5118 5220//5220 5201//5201 
f 5170//5170 5215//5215 5206//5206 
f 5055//5055 5098//5098 5346//5346 
f 5204//5204 5161//5161 5150//5150 
f 5154//5154 5173//5173 5190//5190 
f 5119//5119 5191//5191 5167//5167 
f 5170//5170 5182//5182 5215//5215 
f 5131//5131 5139//5139 5133//5133 
f 5159//5159 5133//5133 5139//5139 
f 5148//5148 5212//5212 5176//5176 
f 5119//5119 5183//5183 5191//5191 
f 5137//5137 5235//5235 5208//5208 
f 5137//5137 5187//5187 5235//5235 
f 5131//5131 5175//5175 5139//5139 
f 5132//5132 5145//5145 5237//5237 
f 5166//5166 5168//5168 5061//5061 
f 5182//5182 5213//5213 5215//5215 
f 5098//5098 5151//5151 4334//4334 
f 5188//5188 5226//5226 5265//5265 
f 5173//5173 65//65 4291//4291 
f 69//69 5209//5209 5673//5673 
f 5182//5182 68//68 5213//5213 
f 5182//5182 5147//5147 68//68 
f 5186//5186 5201//5201 4299//4299 
f 5244//5244 5235//5235 5187//5187 
f 5240//5240 5146//5146 5120//5120 
f 5184//5184 4296//4296 5345//5345 
f 5159//5159 5221//5221 5205//5205 
f 5159//5159 5205//5205 5164//5164 
f 5210//5210 5164//5164 5205//5205 
f 5147//5147 5208//5208 68//68 
f 5241//5241 5222//5222 5226//5226 
f 5201//5201 5220//5220 4299//4299 
f 5130//5130 5228//5228 5212//5212 
f 5130//5130 5206//5206 5228//5228 
f 5168//5168 5166//5166 5218//5218 
f 5346//5346 5666//5666 5055//5055 
f 5204//5204 5244//5244 5161//5161 
f 5204//5204 4301//4301 5244//5244 
f 5206//5206 5215//5215 5217//5217 
f 5163//5163 5214//5214 4291//4291 
f 5163//5163 5176//5176 5214//5214 
f 5163//5163 4291//4291 65//65 
f 5176//5176 5225//5225 5214//5214 
f 5176//5176 5212//5212 5225//5225 
f 5210//5210 5218//5218 5166//5166 
f 5085//5085 5676//5676 5185//5185 
f 5173//5173 5234//5234 5190//5190 
f 5132//5132 5237//5237 5220//5220 
f 5173//5173 5227//5227 5234//5234 
f 5210//5210 5205//5205 5218//5218 
f 4334//4334 5346//5346 5098//5098 
f 5265//5265 5250//5250 5204//5204 
f 5265//5265 5204//5204 5188//5188 
f 5173//5173 4291//4291 5227//5227 
f 5183//5183 5223//5223 5191//5191 
f 5209//5209 69//69 5202//5202 
f 5215//5215 5213//5213 5238//5238 
f 5215//5215 5238//5238 5217//5217 
f 5175//5175 5165//5165 5139//5139 
f 5175//5175 5243//5243 5165//5165 
f 5186//5186 4299//4299 70//70 
f 5183//5183 5259//5259 5223//5223 
f 5139//5139 5221//5221 5159//5159 
f 5212//5212 5228//5228 5225//5225 
f 5175//5175 5192//5192 5243//5243 
f 5240//5240 5256//5256 5146//5146 
f 4296//4296 5184//5184 5354//5354 
f 5264//5264 5237//5237 5145//5145 
f 5277//5277 4334//4334 5151//5151 
f 5222//5222 5265//5265 5226//5226 
f 4291//4291 5214//5214 5242//5242 
f 5168//5168 5259//5259 5183//5183 
f 5168//5168 5284//5284 5259//5259 
f 5185//5185 69//69 5673//5673 
f 4299//4299 5220//5220 5236//5236 
f 5168//5168 5189//5189 5284//5284 
f 5666//5666 5346//5346 4325//4325 
f 4301//4301 5216//5216 5244//5244 
f 5191//5191 5247//5247 5264//5264 
f 5191//5191 5264//5264 5167//5167 
f 5202//5202 5289//5289 5240//5240 
f 5205//5205 5221//5221 4300//4300 
f 5214//5214 1367//1367 5242//5242 
f 5191//5191 5223//5223 5247//5247 
f 68//68 5238//5238 5213//5213 
f 5208//5208 72//72 5246//5246 
f 5208//5208 5246//5246 68//68 
f 5221//5221 5139//5139 5165//5165 
f 5278//5278 5151//5151 5256//5256 
f 5287//5287 5283//5283 5241//5241 
f 5214//5214 5225//5225 1367//1367 
f 5218//5218 5189//5189 5168//5168 
f 5234//5234 5285//5285 5190//5190 
f 5234//5234 5297//5297 5285//5285 
f 5220//5220 5293//5293 5236//5236 
f 5220//5220 5237//5237 5293//5293 
f 5192//5192 5285//5285 5243//5243 
f 5192//5192 5190//5190 5285//5285 
f 5206//5206 5224//5224 5228//5228 
f 5206//5206 5217//5217 5224//5224 
f 5250//5250 4301//4301 5204//5204 
f 5234//5234 5227//5227 5297//5297 
f 5186//5186 70//70 5255//5255 
f 5235//5235 5239//5239 5208//5208 
f 5225//5225 5228//5228 5254//5254 
f 5205//5205 5267//5267 5218//5218 
f 5237//5237 5264//5264 5268//5268 
f 5217//5217 5238//5238 4302//4302 
f 5217//5217 4302//4302 5224//5224 
f 5205//5205 4300//4300 5267//5267 
f 5222//5222 4306//4306 5265//5265 
f 5227//5227 4291//4291 5242//5242 
f 5227//5227 5242//5242 1372//1372 
f 69//69 5185//5185 4309//4309 
f 5238//5238 68//68 5246//5246 
f 5238//5238 5246//5246 5316//5316 
f 4299//4299 5236//5236 70//70 
f 5165//5165 5243//5243 5307//5307 
f 5228//5228 74//74 5254//5254 
f 5216//5216 5235//5235 5244//5244 
f 5228//5228 5224//5224 74//74 
f 3382//3382 5255//5255 5681//5681 
f 5278//5278 5277//5277 5151//5151 
f 5283//5283 5222//5222 5241//5241 
f 5259//5259 5284//5284 5189//5189 
f 5189//5189 5218//5218 5245//5245 
f 5250//5250 4377//4377 4301//4301 
f 5202//5202 4335//4335 5289//5289 
f 5260//5260 5207//5207 4320//4320 
f 5224//5224 4302//4302 5350//5350 
f 5165//5165 5275//5275 5221//5221 
f 5255//5255 70//70 5269//5269 
f 5223//5223 5273//5273 5247//5247 
f 4300//4300 5221//5221 5275//5275 
f 5239//5239 72//72 5208//5208 
f 5165//5165 5307//5307 5275//5275 
f 5267//5267 5245//5245 5218//5218 
f 5268//5268 5293//5293 5237//5237 
f 4306//4306 5250//5250 5265//5265 
f 4306//4306 1379//1379 5250//5250 
f 5259//5259 5270//5270 5223//5223 
f 4309//4309 5202//5202 69//69 
f 70//70 5236//5236 5269//5269 
f 5254//5254 5317//5317 5276//5276 
f 5225//5225 5254//5254 5276//5276 
f 5225//5225 5276//5276 1367//1367 
f 5259//5259 1376//1376 5270//5270 
f 5216//5216 3426//3426 5239//5239 
f 5216//5216 5239//5239 5235//5235 
f 5254//5254 74//74 5317//5317 
f 4300//4300 5308//5308 5267//5267 
f 5247//5247 5268//5268 5264//5264 
f 4300//4300 5358//5358 5308//5308 
f 5227//5227 1372//1372 5311//5311 
f 5227//5227 5311//5311 5297//5297 
f 5238//5238 5316//5316 4302//4302 
f 4300//4300 4304//4304 5358//5358 
f 5283//5283 4306//4306 5222//5222 
f 5283//5283 4389//4389 4306//4306 
f 5189//5189 1376//1376 5259//5259 
f 5285//5285 4323//4323 5243//5243 
f 5236//5236 5293//5293 1385//1385 
f 5243//5243 4323//4323 5307//5307 
f 5285//5285 1386//1386 4323//4323 
f 5189//5189 5245//5245 1376//1376 
f 4377//4377 5216//5216 4301//4301 
f 4377//4377 4339//4339 5216//5216 
f 5285//5285 5297//5297 1386//1386 
f 5255//5255 5659//5659 5681//5681 
f 5255//5255 5269//5269 5659//5659 
f 5242//5242 5342//5342 5311//5311 
f 5242//5242 1367//1367 5342//5342 
f 5242//5242 5311//5311 1372//1372 
f 1367//1367 4380//4380 5342//5342 
f 5246//5246 72//72 4314//4314 
f 5246//5246 4314//4314 5316//5316 
f 72//72 5239//5239 4347//4347 
f 72//72 4347//4347 4314//4314 
f 5677//5677 5283//5283 5287//5287 
f 1367//1367 5276//5276 4380//4380 
f 5281//5281 4343//4343 4315//4315 
f 5293//5293 5268//5268 5363//5363 
f 5293//5293 5363//5363 1385//1385 
f 5297//5297 5355//5355 1386//1386 
f 5224//5224 5317//5317 74//74 
f 5224//5224 5350//5350 5317//5317 
f 5245//5245 5267//5267 5308//5308 
f 71//71 4325//4325 4334//4334 
f 1379//1379 4377//4377 5250//5250 
f 5297//5297 5311//5311 5355//5355 
f 5307//5307 76//76 5275//5275 
f 5269//5269 5236//5236 4345//4345 
f 5273//5273 5223//5223 5270//5270 
f 5275//5275 4304//4304 4300//4300 
f 3426//3426 4347//4347 5239//5239 
f 5299//5299 5256//5256 5289//5289 
f 5247//5247 4329//4329 5268//5268 
f 4302//4302 4308//4308 5350//5350 
f 4302//4302 5316//5316 4308//4308 
f 5316//5316 4391//4391 4308//4308 
f 5308//5308 5358//5358 4304//4304 
f 5277//5277 4337//4337 71//71 
f 4389//4389 4397//4397 4306//4306 
f 1376//1376 5357//5357 5270//5270 
f 5316//5316 4314//4314 4391//4391 
f 5236//5236 1385//1385 5362//5362 
f 5236//5236 5362//5362 4345//4345 
f 1376//1376 4360//4360 5357//5357 
f 4339//4339 3426//3426 5216//5216 
f 5289//5289 4335//4335 5682//5682 
f 5325//5325 5354//5354 4320//4320 
f 5325//5325 73//73 5354//5354 
f 5317//5317 5350//5350 4376//4376 
f 5273//5273 4393//4393 4355//4355 
f 5273//5273 4355//4355 5247//5247 
f 4314//4314 4347//4347 3881//3881 
f 4304//4304 5275//5275 76//76 
f 5278//5278 5351//5351 5277//5277 
f 5245//5245 4360//4360 1376//1376 
f 5350//5350 4416//4416 4376//4376 
f 5245//5245 5360//5360 4360//4360 
f 1379//1379 5371//5371 4377//4377 
f 1386//1386 4373//4373 3895//3895 
f 1386//1386 5355//5355 4373//4373 
f 5270//5270 4393//4393 5273//5273 
f 5350//5350 4308//4308 4416//4416 
f 5269//5269 4345//4345 5659//5659 
f 5270//5270 3420//3420 4393//4393 
f 4347//4347 3426//3426 3901//3901 
f 5299//5299 5278//5278 5256//5256 
f 5299//5299 5351//5351 5278//5278 
f 4380//4380 5276//5276 4382//4382 
f 5308//5308 5360//5360 5245//5245 
f 4343//4343 5681//5681 3908//3908 
f 4329//4329 5363//5363 5268//5268 
f 5308//5308 4387//4387 5360//5360 
f 5311//5311 4373//4373 5355//5355 
f 4397//4397 1379//1379 4306//4306 
f 5357//5357 3420//3420 5270//5270 
f 4323//4323 3427//3427 1400//1400 
f 4323//4323 1400//1400 5307//5307 
f 76//76 5307//5307 1400//1400 
f 5357//5357 4385//4385 3420//3420 
f 4339//4339 5368//5368 3426//3426 
f 5682//5682 5299//5299 5289//5289 
f 5682//5682 3438//3438 5299//5299 
f 4304//4304 4387//4387 5308//5308 
f 4355//4355 3419//3419 4329//4329 
f 4355//4355 4329//4329 5247//5247 
f 5311//5311 4390//4390 4373//4373 
f 4314//4314 3881//3881 4391//4391 
f 5351//5351 4337//4337 5277//5277 
f 5359//5359 3916//3916 4389//4389 
f 4360//4360 4385//4385 5357//5357 
f 1385//1385 3121//3121 5362//5362 
f 1385//1385 5363//5363 3121//3121 
f 4376//4376 4416//4416 5361//5361 
f 5317//5317 5361//5361 4382//4382 
f 5317//5317 4376//4376 5361//5361 
f 5317//5317 4382//4382 5276//5276 
f 5371//5371 4432//4432 4339//4339 
f 5371//5371 4339//4339 4377//4377 
f 76//76 317//317 4304//4304 
f 4380//4380 4415//4415 5342//5342 
f 76//76 4422//4422 317//317 
f 5342//5342 4390//4390 5311//5311 
f 5342//5342 4415//4415 4390//4390 
f 4380//4380 3919//3919 4415//4415 
f 4347//4347 3901//3901 3881//3881 
f 76//76 1400//1400 4422//4422 
f 4380//4380 4382//4382 3919//3919 
f 5360//5360 3440//3440 4360//4360 
f 1386//1386 3918//3918 3427//3427 
f 1386//1386 3895//3895 3918//3918 
f 1386//1386 3427//3427 4323//4323 
f 4308//4308 3906//3906 4416//4416 
f 5360//5360 4387//4387 3440//3440 
f 4397//4397 5371//5371 1379//1379 
f 4397//4397 3135//3135 5371//5371 
f 3420//3420 318//318 4393//4393 
f 4308//4308 4391//4391 3906//3906 
f 4345//4345 5376//5376 5659//5659 
f 4345//4345 5362//5362 5376//5376 
f 3420//3420 5364//5364 318//318 
f 5368//5368 3901//3901 3426//3426 
f 3438//3438 5351//5351 5299//5299 
f 4391//4391 4435//4435 3906//3906 
f 3916//3916 4397//4397 4389//4389 
f 4390//4390 4415//4415 5377//5377 
f 4391//4391 3881//3881 4435//4435 
f 5362//5362 3121//3121 5376//5376 
f 1400//1400 3427//3427 3263//3263 
f 4432//4432 5368//5368 4339//4339 
f 5659//5659 3931//3931 4418//4418 
f 4387//4387 4304//4304 317//317 
f 3881//3881 3901//3901 5369//5369 
f 3881//3881 5369//5369 4435//4435 
f 4415//4415 3919//3919 3923//3923 
f 4385//4385 5364//5364 3420//3420 
f 4385//4385 4360//4360 3929//3929 
f 5361//5361 4416//4416 3120//3120 
f 4416//4416 5372//5372 3120//3120 
f 3135//3135 4437//4437 5371//5371 
f 318//318 4427//4427 4393//4393 
f 5682//5682 5365//5365 4442//4442 
f 4416//4416 3906//3906 5372//5372 
f 1400//1400 3263//3263 4422//4422 
f 5659//5659 5376//5376 3931//3931 
f 4393//4393 4419//4419 4355//4355 
f 4393//4393 4427//4427 4441//4441 
f 4393//4393 4441//4441 4419//4419 
f 318//318 5367//5367 4427//4427 
f 3901//3901 4444//4444 5369//5369 
f 3901//3901 5368//5368 4444//4444 
f 4390//4390 4457//4457 4373//4373 
f 3419//3419 3148//3148 5363//5363 
f 3419//3419 5363//5363 4329//4329 
f 3440//3440 3922//3922 3929//3929 
f 3440//3440 3929//3929 4360//4360 
f 3895//3895 4373//4373 4457//4457 
f 3895//3895 4457//4457 3918//3918 
f 4390//4390 5377//5377 4457//4457 
f 3916//3916 4485//4485 3135//3135 
f 3916//3916 3135//3135 4397//4397 
f 5364//5364 5367//5367 318//318 
f 5364//5364 5382//5382 5367//5367 
f 4382//4382 5373//5373 3923//3923 
f 4382//4382 3923//3923 3919//3919 
f 4382//4382 5361//5361 5373//5373 
f 5361//5361 5384//5384 5373//5373 
f 5364//5364 4385//4385 4459//4459 
f 5364//5364 4459//4459 5382//5382 
f 4432//4432 5389//5389 5368//5368 
f 3910//3910 3438//3438 5682//5682 
f 5361//5361 3120//3120 5384//5384 
f 317//317 4430//4430 4387//4387 
f 4418//4418 3908//3908 5659//5659 
f 4419//4419 3419//3419 4355//4355 
f 4387//4387 3922//3922 3440//3440 
f 4387//4387 4430//4430 3922//3922 
f 317//317 4449//4449 4430//4430 
f 3929//3929 4459//4459 4385//4385 
f 4435//4435 5369//5369 4452//4452 
f 3121//3121 5363//5363 4453//4453 
f 3121//3121 4453//4453 5376//5376 
f 3427//3427 5375//5375 3263//3263 
f 3427//3427 3918//3918 5375//5375 
f 3918//3918 5374//5374 5375//5375 
f 3929//3929 3265//3265 4459//4459 
f 4437//4437 4432//4432 5371//5371 
f 3918//3918 4457//4457 5374//5374 
f 3120//3120 5372//5372 4488//4488 
f 4415//4415 3923//3923 4448//4448 
f 4415//4415 4448//4448 5377//5377 
f 5369//5369 4444//4444 4450//4450 
f 3264//3264 5351//5351 3438//3438 
f 3923//3923 5373//5373 4446//4446 
f 3922//3922 3265//3265 3929//3929 
f 4457//4457 4439//4439 5374//5374 
f 4485//4485 4468//4468 3135//3135 
f 4457//4457 5377//5377 4439//4439 
f 5372//5372 3906//3906 4434//4434 
f 5376//5376 5383//5383 3931//3931 
f 4422//4422 4471//4471 4449//4449 
f 4422//4422 3263//3263 4471//4471 
f 4422//4422 4449//4449 317//317 
f 5389//5389 4444//4444 5368//5368 
f 3438//3438 3910//3910 5379//5379 
f 3908//3908 4418//4418 4433//4433 
f 4419//4419 3148//3148 3419//3419 
f 4419//4419 4445//4445 3148//3148 
f 4419//4419 4441//4441 4445//4445 
f 5377//5377 4462//4462 4439//4439 
f 5377//5377 4448//4448 4462//4462 
f 4453//4453 5383//5383 5376//5376 
f 3263//3263 5375//5375 4466//4466 
f 3263//3263 4466//4466 4471//4471 
f 3120//3120 4488//4488 5384//5384 
f 4437//4437 5400//5400 5389//5389 
f 4437//4437 5389//5389 4432//4432 
f 5375//5375 5374//5374 3936//3936 
f 4449//4449 4443//4443 4430//4430 
f 3931//3931 4481//4481 4418//4418 
f 3931//3931 5386//5386 4481//4481 
f 4427//4427 4479//4479 4441//4441 
f 4427//4427 4451//4451 4479//4479 
f 4435//4435 4434//4434 3906//3906 
f 4435//4435 4452//4452 4434//4434 
f 5369//5369 4450//4450 4452//4452 
f 4449//4449 4471//4471 4443//4443 
f 3148//3148 4453//4453 5363//5363 
f 4468//4468 4437//4437 3135//3135 
f 5374//5374 4439//4439 5387//5387 
f 3931//3931 5383//5383 5386//5386 
f 3923//3923 4446//4446 4462//4462 
f 3923//3923 4462//4462 4448//4448 
f 4430//4430 5370//5370 3922//3922 
f 4445//4445 4486//4486 3148//3148 
f 3265//3265 3922//3922 5370//5370 
f 4439//4439 4465//4465 5387//5387 
f 5372//5372 4434//4434 4490//4490 
f 5372//5372 4490//4490 4488//4488 
f 4430//4430 4461//4461 5370//5370 
f 4469//4469 4523//4523 4485//4485 
f 4439//4439 4462//4462 4465//4465 
f 4434//4434 4452//4452 4524//4524 
f 5367//5367 4454//4454 4451//4451 
f 5367//5367 5382//5382 4454//4454 
f 5367//5367 4451//4451 4427//4427 
f 5373//5373 4460//4460 4446//4446 
f 5373//5373 5384//5384 4460//4460 
f 5384//5384 4458//4458 4460//4460 
f 5400//5400 5399//5399 5389//5389 
f 5384//5384 4488//4488 4458//4458 
f 4443//4443 4461//4461 4430//4430 
f 4481//4481 4433//4433 4418//4418 
f 4479//4479 4445//4445 4441//4441 
f 4452//4452 4450//4450 4494//4494 
f 4462//4462 4446//4446 5391//5391 
f 3265//3265 5385//5385 4459//4459 
f 3265//3265 5388//5388 5385//5385 
f 3148//3148 5403//5403 4453//4453 
f 5382//5382 5385//5385 4454//4454 
f 5382//5382 4459//4459 5385//5385 
f 5375//5375 3936//3936 4532//4532 
f 5375//5375 4532//4532 4466//4466 
f 4488//4488 4490//4490 4458//4458 
f 4468//4468 4536//4536 5400//5400 
f 4468//4468 5400//5400 4437//4437 
f 4451//4451 5392//5392 4479//4479 
f 4471//4471 4510//4510 5390//5390 
f 4471//4471 5390//5390 4443//4443 
f 4446//4446 4516//4516 5391//5391 
f 4450//4450 4444//4444 4491//4491 
f 4446//4446 4460//4460 4516//4516 
f 5370//5370 5388//5388 3265//3265 
f 5374//5374 5387//5387 4515//4515 
f 5374//5374 4515//4515 3936//3936 
f 4434//4434 4524//4524 4490//4490 
f 4523//4523 4468//4468 4485//4485 
f 5383//5383 4453//4453 4511//4511 
f 4460//4460 4483//4483 4516//4516 
f 5399//5399 4444//4444 5389//5389 
f 4460//4460 4458//4458 4483//4483 
f 4461//4461 4467//4467 5370//5370 
f 4479//4479 4518//4518 4445//4445 
f 4462//4462 4563//4563 4465//4465 
f 4494//4494 4524//4524 4452//4452 
f 4461//4461 4443//4443 5390//5390 
f 4461//4461 5390//5390 4467//4467 
f 4462//4462 5391//5391 4563//4563 
f 4453//4453 5403//5403 4511//4511 
f 4466//4466 4510//4510 4471//4471 
f 4466//4466 4532//4532 4510//4510 
f 3936//3936 4515//4515 4532//4532 
f 4536//4536 5408//5408 5400//5400 
f 4458//4458 4490//4490 4500//4500 
f 5386//5386 4542//4542 4481//4481 
f 5386//5386 5383//5383 4542//4542 
f 4491//4491 5394//5394 4494//4494 
f 4491//4491 4494//4494 4450//4450 
f 4486//4486 5403//5403 3148//3148 
f 4486//4486 4518//4518 5403//5403 
f 5388//5388 5370//5370 5402//5402 
f 4523//4523 4512//4512 4536//4536 
f 4523//4523 4536//4536 4468//4468 
f 4454//4454 5401//5401 4451//4451 
f 4490//4490 4524//4524 4498//4498 
f 5383//5383 4511//4511 4502//4502 
f 5390//5390 4510//4510 4501//4501 
f 4454//4454 4505//4505 5401//5401 
f 5399//5399 4491//4491 4444//4444 
f 5399//5399 4547//4547 4491//4491 
f 4510//4510 4532//4532 4504//4504 
f 4510//4510 4504//4504 4501//4501 
f 4516//4516 4483//4483 3956//3956 
f 4467//4467 5402//5402 5370//5370 
f 4518//4518 4486//4486 4445//4445 
f 5387//5387 5406//5406 4515//4515 
f 5387//5387 4465//4465 5406//5406 
f 4465//4465 5405//5405 5406//5406 
f 4465//4465 4563//4563 5405//5405 
f 4532//4532 5409//5409 4504//4504 
f 5408//5408 5399//5399 5400//5400 
f 4532//4532 4515//4515 5409//5409 
f 5390//5390 5407//5407 4467//4467 
f 5390//5390 5414//5414 5407//5407 
f 5392//5392 4513//4513 4479//4479 
f 4524//4524 4549//4549 4498//4498 
f 4524//4524 4494//4494 4549//4549 
f 5403//5403 4518//4518 4535//4535 
f 5385//5385 5388//5388 4526//4526 
f 5385//5385 4505//4505 4454//4454 
f 5385//5385 4526//4526 4505//4505 
f 4490//4490 4531//4531 4500//4500 
f 4515//4515 4525//4525 5409//5409 
f 4458//4458 4500//4500 4483//4483 
f 4512//4512 5411//5411 4536//4536 
f 4515//4515 5406//5406 4525//4525 
f 5401//5401 5392//5392 4451//4451 
f 5401//5401 5424//5424 5392//5392 
f 4490//4490 4498//4498 4531//4531 
f 4501//4501 5414//5414 5390//5390 
f 4502//4502 4542//4542 5383//5383 
f 5391//5391 4497//4497 5405//5405 
f 5391//5391 5405//5405 4563//4563 
f 5388//5388 5402//5402 5417//5417 
f 5388//5388 5417//5417 4526//4526 
f 5402//5402 4467//4467 5407//5407 
f 4505//4505 4537//4537 5401//5401 
f 4511//4511 5410//5410 4502//4502 
f 4516//4516 4497//4497 5391//5391 
f 4516//4516 3956//3956 4497//4497 
f 4483//4483 4539//4539 3956//3956 
f 4505//4505 4526//4526 4537//4537 
f 5408//5408 4547//4547 5399//5399 
f 5408//5408 5433//5433 4547//4547 
f 4504//4504 5409//5409 4595//4595 
f 4483//4483 4500//4500 4539//4539 
f 4481//4481 4542//4542 5684//5684 
f 4513//4513 4581//4581 4518//4518 
f 4513//4513 4518//4518 4479//4479 
f 5394//5394 4549//4549 4494//4494 
f 5405//5405 4497//4497 5416//5416 
f 4535//4535 4511//4511 5403//5403 
f 4535//4535 4565//4565 4511//4511 
f 5409//5409 4525//4525 4595//4595 
f 5411//5411 5408//5408 4536//4536 
f 4542//4542 4502//4502 4587//4587 
f 5424//5424 4513//4513 5392//5392 
f 4497//4497 3956//3956 5416//5416 
f 4547//4547 4564//4564 5394//5394 
f 4547//4547 5394//5394 4491//4491 
f 5414//5414 5421//5421 4546//4546 
f 5414//5414 4501//4501 5421//5421 
f 5402//5402 5419//5419 5417//5417 
f 4518//4518 5413//5413 4535//4535 
f 4518//4518 4581//4581 5413//5413 
f 4500//4500 4562//4562 4539//4539 
f 4500//4500 4531//4531 4562//4562 
f 4498//4498 5415//5415 4531//4531 
f 4498//4498 4549//4549 5415//5415 
f 4504//4504 5421//5421 4501//4501 
f 5410//5410 4587//4587 4502//4502 
f 5433//5433 4605//4605 4547//4547 
f 4504//4504 4595//4595 5421//5421 
f 3956//3956 4539//4539 5418//5418 
f 5407//5407 5419//5419 5402//5402 
f 4581//4581 4513//4513 4561//4561 
f 5406//5406 4591//4591 4525//4525 
f 5393//5393 5723//5723 5722//5722 
f 4526//4526 335//335 4537//4537 
f 4565//4565 5410//5410 4511//4511 
f 5401//5401 4537//4537 4553//4553 
f 5411//5411 5438//5438 5433//5433 
f 5411//5411 5433//5433 5408//5408 
f 4595//4595 4525//4525 5428//5428 
f 4587//4587 5684//5684 4542//4542 
f 5424//5424 4561//4561 4513//4513 
f 5405//5405 5436//5436 4591//4591 
f 5405//5405 5416//5416 5436//5436 
f 5405//5405 4591//4591 5406//5406 
f 4564//4564 336//336 4549//4549 
f 4564//4564 4549//4549 5394//5394 
f 5416//5416 3956//3956 4575//4575 
f 5413//5413 4565//4565 4535//4535 
f 4531//4531 5445//5445 4562//4562 
f 4531//4531 5415//5415 5445//5445 
f 4553//4553 5424//5424 5401//5401 
f 5414//5414 4546//4546 4569//4569 
f 5414//5414 4569//4569 5407//5407 
f 3956//3956 5418//5418 4575//4575 
f 4605//4605 4564//4564 4547//4547 
f 4581//4581 5435//5435 5413//5413 
f 4581//4581 4561//4561 5435//5435 
f 5417//5417 4556//4556 4526//4526 
f 5417//5417 5419//5419 4556//4556 
f 4525//4525 4591//4591 5434//5434 
f 4525//4525 5434//5434 5428//5428 
f 5415//5415 4549//4549 4588//4588 
f 4565//4565 4623//4623 5410//5410 
f 5438//5438 4656//4656 5433//5433 
f 4569//4569 4577//4577 5407//5407 
f 5684//5684 4587//4587 4570//4570 
f 5416//5416 4643//4643 5436//5436 
f 5419//5419 5407//5407 4577//4577 
f 4569//4569 4622//4622 4577//4577 
f 4569//4569 5440//5440 4622//4622 
f 5416//5416 4575//4575 4643//4643 
f 4537//4537 335//335 5430//5430 
f 335//335 4526//4526 4556//4556 
f 4595//4595 5431//5431 5421//5421 
f 4595//4595 5428//5428 5431//5431 
f 4539//4539 4617//4617 5418//5418 
f 4539//4539 4562//4562 4617//4617 
f 4562//4562 5445//5445 4617//4617 
f 4576//4576 5437//5437 5438//5438 
f 4576//4576 5438//5438 5411//5411 
f 5428//5428 5434//5434 4638//4638 
f 4587//4587 5446//5446 4570//4570 
f 4553//4553 4582//4582 5424//5424 
f 4575//4575 4592//4592 4643//4643 
f 4605//4605 4651//4651 4564//4564 
f 4575//4575 5418//5418 5441//5441 
f 4575//4575 5441//5441 4592//4592 
f 4591//4591 4589//4589 5434//5434 
f 5415//5415 5432//5432 5445//5445 
f 5415//5415 4588//4588 5432//5432 
f 4591//4591 5436//5436 4589//4589 
f 5412//5412 4530//4530 4576//4576 
f 5412//5412 4576//4576 5685//5685 
f 4623//4623 4587//4587 5410//5410 
f 5430//5430 4553//4553 4537//4537 
f 5430//5430 4582//4582 4553//4553 
f 4546//4546 5440//5440 4569//4569 
f 4546//4546 5421//5421 5431//5431 
f 4546//4546 5431//5431 5440//5440 
f 4656//4656 4605//4605 5433//5433 
f 5431//5431 5428//5428 5442//5442 
f 5418//5418 4617//4617 5441//5441 
f 4570//4570 4476//4476 5684//5684 
f 4561//4561 4599//4599 5435//5435 
f 4561//4561 5424//5424 4599//4599 
f 5419//5419 4666//4666 4606//4606 
f 5419//5419 4606//4606 4556//4556 
f 5419//5419 4577//4577 4666//4666 
f 336//336 3969//3969 4588//4588 
f 336//336 4588//4588 4549//4549 
f 4577//4577 4622//4622 4666//4666 
f 4565//4565 5429//5429 4623//4623 
f 5428//5428 4638//4638 5442//5442 
f 4617//4617 5445//5445 5455//5455 
f 5424//5424 4582//4582 4599//4599 
f 5436//5436 4643//4643 3968//3968 
f 5436//5436 3968//3968 4589//4589 
f 4651//4651 336//336 4564//4564 
f 4643//4643 4592//4592 5427//5427 
f 4606//4606 5450//5450 5443//5443 
f 4606//4606 5443//5443 4556//4556 
f 5435//5435 4565//4565 5413//5413 
f 5435//5435 5429//5429 4565//4565 
f 335//335 5443//5443 5420//5420 
f 335//335 5420//5420 5430//5430 
f 335//335 4556//4556 5443//5443 
f 5431//5431 4637//4637 5440//5440 
f 4623//4623 5446//5446 4587//4587 
f 4623//4623 5452//5452 5446//5446 
f 5441//5441 4596//4596 4592//4592 
f 4582//4582 5430//5430 5456//5456 
f 4656//4656 5447//5447 4605//4605 
f 5431//5431 5442//5442 4637//4637 
f 4666//4666 5450//5450 4606//4606 
f 4476//4476 4570//4570 5404//5404 
f 5434//5434 4670//4670 4638//4638 
f 5434//5434 4589//4589 4670//4670 
f 4588//4588 3969//3969 4593//4593 
f 4666//4666 5449//5449 5450//5450 
f 4589//4589 3968//3968 5448//5448 
f 4623//4623 5429//5429 4685//4685 
f 5420//5420 5443//5443 4687//4687 
f 5437//5437 4656//4656 5438//5438 
f 5437//5437 4639//4639 4656//4656 
f 4570//4570 5446//5446 5474//5474 
f 4599//4599 4582//4582 4683//4683 
f 4651//4651 3969//3969 336//336 
f 4651//4651 4630//4630 3969//3969 
f 4617//4617 5455//5455 4596//4596 
f 4617//4617 4596//4596 5441//5441 
f 5432//5432 4682//4682 5455//5455 
f 5432//5432 5455//5455 5445//5445 
f 4637//4637 4708//4708 5440//5440 
f 5446//5446 5452//5452 5454//5454 
f 4582//4582 5456//5456 4683//4683 
f 4622//4622 5440//5440 4708//4708 
f 4622//4622 4708//4708 5449//5449 
f 4622//4622 5449//5449 4666//4666 
f 4643//4643 5448//5448 3968//3968 
f 4643//4643 5427//5427 5448//5448 
f 5447//5447 4651//4651 4605//4605 
f 4599//4599 5429//5429 5435//5435 
f 4599//4599 4003//4003 5429//5429 
f 5443//5443 5450//5450 4694//4694 
f 4593//4593 5432//5432 4588//4588 
f 4685//4685 5452//5452 4623//4623 
f 5420//5420 4687//4687 5456//5456 
f 5420//5420 5456//5456 5430//5430 
f 4592//4592 5458//5458 5427//5427 
f 4592//4592 4596//4596 5458//5458 
f 4639//4639 5447//5447 4656//4656 
f 4596//4596 5455//5455 4728//4728 
f 5474//5474 5404//5404 4570//4570 
f 4599//4599 4683//4683 4663//4663 
f 4589//4589 4699//4699 4670//4670 
f 4589//4589 5448//5448 4699//4699 
f 3969//3969 4630//4630 3999//3999 
f 5448//5448 5427//5427 4600//4600 
f 5429//5429 5451//5451 4004//4004 
f 5429//5429 4004//4004 4685//4685 
f 5443//5443 4694//4694 4687//4687 
f 5442//5442 4700//4700 4640//4640 
f 5442//5442 4640//4640 4637//4637 
f 5442//5442 5453//5453 4700//4700 
f 4638//4638 5453//5453 5442//5442 
f 5455//5455 4682//4682 5457//5457 
f 4631//4631 5437//5437 4530//4530 
f 5454//5454 5474//5474 5446//5446 
f 4631//4631 4639//4639 5437//5437 
f 4683//4683 5456//5456 5460//5460 
f 5427//5427 5458//5458 4600//4600 
f 5447//5447 4630//4630 4651//4651 
f 5447//5447 4677//4677 4630//4630 
f 4708//4708 4637//4637 4679//4679 
f 5429//5429 4003//4003 4723//4723 
f 5429//5429 4723//4723 5451//5451 
f 4638//4638 4746//4746 5453//5453 
f 4638//4638 4670//4670 4746//4746 
f 4593//4593 4682//4682 5432//5432 
f 4593//4593 4716//4716 4682//4682 
f 4640//4640 4679//4679 4637//4637 
f 5456//5456 5464//5464 5460//5460 
f 5456//5456 4687//4687 5464//5464 
f 4640//4640 4700//4700 4679//4679 
f 5449//5449 5459//5459 5450//5450 
f 4663//4663 4003//4003 4599//4599 
f 5450//5450 5459//5459 4694//4694 
f 5449//5449 4713//4713 5459//5459 
f 3999//3999 4593//4593 3969//3969 
f 5449//5449 5467//5467 4713//4713 
f 4687//4687 5463//5463 5464//5464 
f 4687//4687 4694//4694 5463//5463 
f 4596//4596 4728//4728 5458//5458 
f 5457//5457 4728//4728 5455//5455 
f 4708//4708 5467//5467 5449//5449 
f 5454//5454 5465//5465 5474//5474 
f 4683//4683 4757//4757 4663//4663 
f 4683//4683 5460//5460 4757//4757 
f 5448//5448 4600//4600 4719//4719 
f 5448//5448 4719//4719 4699//4699 
f 4630//4630 4677//4677 5469//5469 
f 4708//4708 4679//4679 5467//5467 
f 4600//4600 5458//5458 5462//5462 
f 4694//4694 5459//5459 5463//5463 
f 5453//5453 4746//4746 4700//4700 
f 4682//4682 4716//4716 4718//4718 
f 4670//4670 4699//4699 5468//5468 
f 5452//5452 5465//5465 5454//5454 
f 5458//5458 4704//4704 5462//5462 
f 4639//4639 4677//4677 5447//5447 
f 4639//4639 5466//5466 4677//4677 
f 4679//4679 4700//4700 4734//4734 
f 5458//5458 4728//4728 4704//4704 
f 4003//4003 5473//5473 4723//4723 
f 4003//4003 4663//4663 5473//5473 
f 4699//4699 4719//4719 5468//5468 
f 3999//3999 5470//5470 4716//4716 
f 3999//3999 4716//4716 4593//4593 
f 4004//4004 5452//5452 4685//4685 
f 5457//5457 4720//4720 4704//4704 
f 5457//5457 4704//4704 4728//4728 
f 5469//5469 3999//3999 4630//4630 
f 5451//5451 4703//4703 4004//4004 
f 5451//5451 4723//4723 4703//4703 
f 5463//5463 5459//5459 4823//4823 
f 4718//4718 5457//5457 4682//4682 
f 4746//4746 4670//4670 5468//5468 
f 4746//4746 5468//5468 5476//5476 
f 5460//5460 4717//4717 4757//4757 
f 4600//4600 5462//5462 4712//4712 
f 4600//4600 4712//4712 4719//4719 
f 5466//5466 4697//4697 4677//4677 
f 5462//5462 4704//4704 4808//4808 
f 5459//5459 4713//4713 5480//5480 
f 5468//5468 4719//4719 4789//4789 
f 4004//4004 4783//4783 5452//5452 
f 5464//5464 5463//5463 4724//4724 
f 5464//5464 4717//4717 5460//5460 
f 5464//5464 4724//4724 4717//4717 
f 4679//4679 4734//4734 4784//4784 
f 4679//4679 4784//4784 5467//5467 
f 5474//5474 5465//5465 5422//5422 
f 4757//4757 5484//5484 5473//5473 
f 4757//4757 5473//5473 4663//4663 
f 5469//5469 5470//5470 3999//3999 
f 4746//4746 5476//5476 4786//4786 
f 4703//4703 4783//4783 4004//4004 
f 5463//5463 4823//4823 4724//4724 
f 4700//4700 4786//4786 4734//4734 
f 4700//4700 4746//4746 4786//4786 
f 4718//4718 5461//5461 4720//4720 
f 4718//4718 4720//4720 5457//5457 
f 4784//4784 5472//5472 5467//5467 
f 5462//5462 4808//4808 4712//4712 
f 4757//4757 4717//4717 3281//3281 
f 4719//4719 4712//4712 4789//4789 
f 4697//4697 5469//5469 4677//4677 
f 5459//5459 5480//5480 4823//4823 
f 4716//4716 5470//5470 5481//5481 
f 4783//4783 5465//5465 5452//5452 
f 4717//4717 4724//4724 5486//5486 
f 4704//4704 4720//4720 4808//4808 
f 5480//5480 4713//4713 4747//4747 
f 5468//5468 4789//4789 5476//5476 
f 4789//4789 4712//4712 4821//4821 
f 4724//4724 4823//4823 5477//5477 
f 4734//4734 3280//3280 4784//4784 
f 4734//4734 5490//5490 3280//3280 
f 4734//4734 4786//4786 5490//5490 
f 4720//4720 5461//5461 4779//4779 
f 5422//5422 5465//5465 4748//4748 
f 5479//5479 1726//1726 5466//5466 
f 3281//3281 5484//5484 4757//4757 
f 5472//5472 4713//4713 5467//5467 
f 4712//4712 4808//4808 4688//4688 
f 4697//4697 5470//5470 5469//5469 
f 4697//4697 5688//5688 5470//5470 
f 4723//4723 5485//5485 4703//4703 
f 4823//4823 5480//5480 5477//5477 
f 4786//4786 5476//5476 4861//4861 
f 4716//4716 5461//5461 4718//4718 
f 4716//4716 5481//5481 4760//4760 
f 4716//4716 4760//4760 5461//5461 
f 5476//5476 4789//4789 5496//5496 
f 5465//5465 4783//4783 4748//4748 
f 4717//4717 5471//5471 3281//3281 
f 4717//4717 5486//5486 5471//5471 
f 4789//4789 4821//4821 5497//5497 
f 5484//5484 4723//4723 5473//5473 
f 5481//5481 5470//5470 5687//5687 
f 4724//4724 5477//5477 4761//4761 
f 4724//4724 4761//4761 5486//5486 
f 4786//4786 4861//4861 5490//5490 
f 4779//4779 4808//4808 4720//4720 
f 5422//5422 4748//4748 4773//4773 
f 5422//5422 4773//4773 4548//4548 
f 5484//5484 3281//3281 4787//4787 
f 5472//5472 4747//4747 4713//4713 
f 5472//5472 4792//4792 4747//4747 
f 4688//4688 4821//4821 4712//4712 
f 5688//5688 5687//5687 5470//5470 
f 5485//5485 4783//4783 4703//4703 
f 5485//5485 4801//4801 4783//4783 
f 5477//5477 5480//5480 4788//4788 
f 5476//5476 5496//5496 4861//4861 
f 3280//3280 5490//5490 4822//4822 
f 3280//3280 5472//5472 4784//4784 
f 3280//3280 4822//4822 5472//5472 
f 5475//5475 4688//4688 4808//4808 
f 5484//5484 5493//5493 5485//5485 
f 5484//5484 5485//5485 4723//4723 
f 5480//5480 5491//5491 4788//4788 
f 5480//5480 4747//4747 5491//5491 
f 5497//5497 5496//5496 4789//4789 
f 5481//5481 5687//5687 4760//4760 
f 5487//5487 4748//4748 4783//4783 
f 4747//4747 4792//4792 5491//5491 
f 4821//4821 4688//4688 4780//4780 
f 4801//4801 5487//5487 4783//4783 
f 5477//5477 4788//4788 4761//4761 
f 4861//4861 5496//5496 4771//4771 
f 5461//5461 5482//5482 4779//4779 
f 5461//5461 4760//4760 5482//5482 
f 4748//4748 5478//5478 4773//4773 
f 5471//5471 4818//4818 4787//4787 
f 5471//5471 4787//4787 3281//3281 
f 4822//4822 4792//4792 5472//5472 
f 5475//5475 4850//4850 4688//4688 
f 5475//5475 4920//4920 4850//4850 
f 5489//5489 1760//1760 5688//5688 
f 5493//5493 4801//4801 5485//5485 
f 5497//5497 5488//5488 5496//5496 
f 4748//4748 5487//5487 4901//4901 
f 4748//4748 4901//4901 5478//5478 
f 4779//4779 5475//5475 4808//4808 
f 4779//4779 5492//5492 5475//5475 
f 4787//4787 5493//5493 5484//5484 
f 5491//5491 4792//4792 5500//5500 
f 4780//4780 5497//5497 4821//4821 
f 5687//5687 4064//4064 4760//4760 
f 4801//4801 4901//4901 5487//5487 
f 4801//4801 5512//5512 4901//4901 
f 4771//4771 5498//5498 5490//5490 
f 4771//4771 5490//5490 4861//4861 
f 5482//5482 4843//4843 4779//4779 
f 4792//4792 4822//4822 5500//5500 
f 4850//4850 4780//4780 4688//4688 
f 5488//5488 4771//4771 5496//5496 
f 4853//4853 5482//5482 4760//4760 
f 5478//5478 4901//4901 4897//4897 
f 5486//5486 4818//4818 5471//5471 
f 4822//4822 5490//5490 4797//4797 
f 5492//5492 4892//4892 4920//4920 
f 5492//5492 4920//4920 5475//5475 
f 5493//5493 4787//4787 4890//4890 
f 5491//5491 5500//5500 4788//4788 
f 5497//5497 4780//4780 5494//5494 
f 4064//4064 4853//4853 4760//4760 
f 5495//5495 5486//5486 4761//4761 
f 4843//4843 5492//5492 4779//4779 
f 4787//4787 4818//4818 4921//4921 
f 4801//4801 4889//4889 5512//5512 
f 4761//4761 4788//4788 5501//5501 
f 5488//5488 5483//5483 4771//4771 
f 4797//4797 5500//5500 4822//4822 
f 4797//4797 4875//4875 5500//5500 
f 4890//4890 4889//4889 4801//4801 
f 4890//4890 4801//4801 5493//5493 
f 4788//4788 5500//5500 5503//5503 
f 5494//5494 5499//5499 5488//5488 
f 5494//5494 5488//5488 5497//5497 
f 4064//4064 5426//5426 4853//4853 
f 4901//4901 4879//4879 4897//4897 
f 4901//4901 5512//5512 4879//4879 
f 5495//5495 4888//4888 4818//4818 
f 5495//5495 4818//4818 5486//5486 
f 5498//5498 4882//4882 4844//4844 
f 5498//5498 4797//4797 5490//5490 
f 5498//5498 4844//4844 4797//4797 
f 4787//4787 5504//5504 4890//4890 
f 4787//4787 4921//4921 5504//5504 
f 4850//4850 5494//5494 4780//4780 
f 4850//4850 4886//4886 5494//5494 
f 5501//5501 4888//4888 5495//5495 
f 5501//5501 5495//5495 4761//4761 
f 5483//5483 5498//5498 4771//4771 
f 5483//5483 4882//4882 5498//5498 
f 5482//5482 5507//5507 4843//4843 
f 4892//4892 4850//4850 4920//4920 
f 4892//4892 5508//5508 4850//4850 
f 5503//5503 5511//5511 5501//5501 
f 5503//5503 5501//5501 4788//4788 
f 5499//5499 5483//5483 5488//5488 
f 5426//5426 5507//5507 5482//5482 
f 5426//5426 5482//5482 4853//4853 
f 4818//4818 4888//4888 4854//4854 
f 4843//4843 4819//4819 4892//4892 
f 4843//4843 4892//4892 5492//5492 
f 5504//5504 4889//4889 4890//4890 
f 4781//4781 5426//5426 4064//4064 
f 4864//4864 5503//5503 5500//5500 
f 4864//4864 5511//5511 5503//5503 
f 4886//4886 4873//4873 5494//5494 
f 4888//4888 5501//5501 5517//5517 
f 5507//5507 5502//5502 4843//4843 
f 4921//4921 4898//4898 5504//5504 
f 4875//4875 4852//4852 4891//4891 
f 4875//4875 4891//4891 4864//4864 
f 4875//4875 4864//4864 5500//5500 
f 5508//5508 4896//4896 4886//4886 
f 5508//5508 4886//4886 4850//4850 
f 4781//4781 1773//1773 5426//5426 
f 5499//5499 5509//5509 5483//5483 
f 4854//4854 4898//4898 4921//4921 
f 4854//4854 4921//4921 4818//4818 
f 4844//4844 4939//4939 4852//4852 
f 4844//4844 4852//4852 4875//4875 
f 4844//4844 4875//4875 4797//4797 
f 4819//4819 5508//5508 4892//4892 
f 4873//4873 5499//5499 5494//5494 
f 4888//4888 5517//5517 4854//4854 
f 4882//4882 4939//4939 4844//4844 
f 4882//4882 4883//4883 4939//4939 
f 5501//5501 4908//4908 5517//5517 
f 5509//5509 4882//4882 5483//5483 
f 5509//5509 4883//4883 4882//4882 
f 4819//4819 4919//4919 5508//5508 
f 4889//4889 4941//4941 4951//4951 
f 4889//4889 4951//4951 5512//5512 
f 5511//5511 4908//4908 5501//5501 
f 4873//4873 5509//5509 5499//5499 
f 4873//4873 5524//5524 5509//5509 
f 5502//5502 5505//5505 4819//4819 
f 5502//5502 4819//4819 4843//4843 
f 5504//5504 4941//4941 4889//4889 
f 4891//4891 5511//5511 4864//4864 
f 4891//4891 4989//4989 5511//5511 
f 4896//4896 4961//4961 4873//4873 
f 4896//4896 4873//4873 4886//4886 
f 4951//4951 4879//4879 5512//5512 
f 5517//5517 4908//4908 5523//5523 
f 4909//4909 5502//5502 5507//5507 
f 4898//4898 5019//5019 5504//5504 
f 4852//4852 5514//5514 4891//4891 
f 4852//4852 4939//4939 5514//5514 
f 4919//4919 4998//4998 4896//4896 
f 4919//4919 4896//4896 5508//5508 
f 5524//5524 5529//5529 5509//5509 
f 4909//4909 5507//5507 1803//1803 
f 5517//5517 5515//5515 4898//4898 
f 5517//5517 4898//4898 4854//4854 
f 4939//4939 4883//4883 4940//4940 
f 5505//5505 5513//5513 4919//4919 
f 5505//5505 4919//4919 4819//4819 
f 5511//5511 4989//4989 5521//5521 
f 5511//5511 5521//5521 4908//4908 
f 4961//4961 5524//5524 4873//4873 
f 5523//5523 5515//5515 5517//5517 
f 5019//5019 4941//4941 5504//5504 
f 5514//5514 4989//4989 4891//4891 
f 4998//4998 4961//4961 4896//4896 
f 4908//4908 5521//5521 5523//5523 
f 5529//5529 4883//4883 5509//5509 
f 4898//4898 5515//5515 5528//5528 
f 4939//4939 4940//4940 5514//5514 
f 5521//5521 4989//4989 5014//5014 
f 4989//4989 5514//5514 5526//5526 
f 4998//4998 4664//4664 4961//4961 
f 5529//5529 4940//4940 4883//4883 
f 5528//5528 5019//5019 4898//4898 
f 5513//5513 4957//4957 4998//4998 
f 5513//5513 4998//4998 4919//4919 
f 5521//5521 4874//4874 5523//5523 
f 5521//5521 5014//5014 4874//4874 
f 5524//5524 4932//4932 5529//5529 
f 5515//5515 4978//4978 5528//5528 
f 4941//4941 5019//5019 4964//4964 
f 5526//5526 5014//5014 4989//4989 
f 4664//4664 5524//5524 4961//4961 
f 4664//4664 5017//5017 5524//5524 
f 5515//5515 5523//5523 5531//5531 
f 5529//5529 4933//4933 4940//4940 
f 5019//5019 5528//5528 5534//5534 
f 5514//5514 4988//4988 4959//4959 
f 5514//5514 4959//4959 5526//5526 
f 4957//4957 4664//4664 4998//4998 
f 4874//4874 5531//5531 5523//5523 
f 4932//4932 4966//4966 5529//5529 
f 4978//4978 5534//5534 5528//5528 
f 4934//4934 4988//4988 5514//5514 
f 4934//4934 5514//5514 4940//4940 
f 4616//4616 4957//4957 5513//5513 
f 4616//4616 5001//5001 4957//4957 
f 4964//4964 4615//4615 4941//4941 
f 5014//5014 5526//5526 4992//4992 
f 5017//5017 4932//4932 5524//5524 
f 5515//5515 5531//5531 4996//4996 
f 5515//5515 4996//4996 4978//4978 
f 4933//4933 4934//4934 4940//4940 
f 4982//4982 4616//4616 5444//5444 
f 5019//5019 5534//5534 4964//4964 
f 5534//5534 4978//4978 4255//4255 
f 4992//4992 5531//5531 4874//4874 
f 4992//4992 4874//4874 5014//5014 
f 4996//4996 4255//4255 4978//4978 
f 4933//4933 5051//5051 4988//4988 
f 4933//4933 4988//4988 4934//4934 
f 4959//4959 4992//4992 5526//5526 
f 4959//4959 5525//5525 4992//4992 
f 5531//5531 5049//5049 4996//4996 
f 4966//4966 4933//4933 5529//5529 
f 4966//4966 5068//5068 4933//4933 
f 5016//5016 4959//4959 4988//4988 
f 5001//5001 5540//5540 5439//5439 
f 5001//5001 5439//5439 4957//4957 
f 5531//5531 4992//4992 5543//5543 
f 5017//5017 4966//4966 4932//4932 
f 4255//4255 4996//4996 5060//5060 
f 4988//4988 5051//5051 5039//5039 
f 5525//5525 5543//5543 4992//4992 
f 5439//5439 4597//4597 5017//5017 
f 5016//5016 5525//5525 4959//4959 
f 5016//5016 5018//5018 5525//5525 
f 5531//5531 5543//5543 5049//5049 
f 4255//4255 5060//5060 5534//5534 
f 5039//5039 5018//5018 5016//5016 
f 5039//5039 5016//5016 4988//4988 
f 5049//5049 5538//5538 5060//5060 
f 5049//5049 5060//5060 4996//4996 
f 5051//5051 5068//5068 5039//5039 
f 5049//5049 5543//5543 5538//5538 
f 5018//5018 5039//5039 5038//5038 
f 5060//5060 5538//5538 4658//4658 
f 5525//5525 5510//5510 5543//5543 
f 5689//5689 5542//5542 4597//4597 
f 5068//5068 5020//5020 4994//4994 
f 5018//5018 5510//5510 5525//5525 
f 5018//5018 5038//5038 5510//5510 
f 5020//5020 5046//5046 4994//4994 
f 5020//5020 5542//5542 5046//5046 
f 5538//5538 5516//5516 4658//4658 
f 5539//5539 5538//5538 5543//5543 
f 5542//5542 5043//5043 5046//5046 
f 5544//5544 5038//5038 5039//5039 
f 5046//5046 5043//5043 5690//5690 
f 5038//5038 5544//5544 5022//5022 
f 5038//5038 5022//5022 5541//5541 
f 5043//5043 5542//5542 4001//4001 
f 5510//5510 5541//5541 5506//5506 
f 5690//5690 5544//5544 5046//5046 
f 5541//5541 5071//5071 5506//5506 
f 5069//5069 5539//5539 5506//5506 
f 5069//5069 5506//5506 5548//5548 
f 5506//5506 5023//5023 5548//5548 
f 5690//5690 5522//5522 5022//5022 
f 5690//5690 5022//5022 5544//5544 
f 5071//5071 5023//5023 5506//5506 
f 5022//5022 5071//5071 5541//5541 
f 5022//5022 5522//5522 5527//5527 
f 5522//5522 5690//5690 5519//5519 
f 5023//5023 4245//4245 5548//5548 
f 3328//3328 4245//4245 5023//5023 
f 5520//5520 3328//3328 5071//5071 
f 2695//2695 5064//5064 2699//2699 
f 2695//2695 5013//5013 5064//5064 
f 2699//2699 5064//5064 5549//5549 
f 5064//5064 5013//5013 5015//5015 
f 5064//5064 2700//2700 5549//5549 
f 5064//5064 5015//5015 2725//2725 
f 5064//5064 2725//2725 2700//2700 
f 2725//2725 5015//5015 17//17 
f 5549//5549 2709//2709 2708//2708 
f 17//17 5015//5015 5553//5553 
f 2725//2725 2735//2735 2712//2712 
f 2708//2708 2715//2715 2714//2714 
f 2709//2709 2712//2712 2715//2715 
f 17//17 2717//2717 2710//2710 
f 17//17 5553//5553 2717//2717 
f 2710//2710 2717//2717 2738//2738 
f 2717//2717 5553//5553 5554//5554 
f 2735//2735 2741//2741 2718//2718 
f 2710//2710 2738//2738 2741//2741 
f 2716//2716 2715//2715 2722//2722 
f 2717//2717 5537//5537 2724//2724 
f 2717//2717 5554//5554 5537//5537 
f 2739//2739 2711//2711 2745//2745 
f 2741//2741 2738//2738 2726//2726 
f 2711//2711 2747//2747 2745//2745 
f 2711//2711 2716//2716 2747//2747 
f 2717//2717 2724//2724 2738//2738 
f 2739//2739 2745//2745 749//749 
f 2741//2741 2726//2726 751//751 
f 2726//2726 2738//2738 750//750 
f 2738//2738 2730//2730 750//750 
f 2738//2738 2724//2724 2730//2730 
f 749//749 2745//2745 19//19 
f 2722//2722 2731//2731 2753//2753 
f 2720//2720 751//751 2737//2737 
f 2724//2724 5537//5537 5050//5050 
f 2724//2724 5050//5050 2732//2732 
f 2747//2747 2753//2753 2758//2758 
f 750//750 2730//2730 2733//2733 
f 2726//2726 2736//2736 751//751 
f 2758//2758 2753//2753 2744//2744 
f 19//19 2740//2740 2762//2762 
f 751//751 2736//2736 2742//2742 
f 751//751 2742//2742 2748//2748 
f 2731//2731 2743//2743 2753//2753 
f 2744//2744 2753//2753 2769//2769 
f 2762//2762 2740//2740 2755//2755 
f 2732//2732 5050//5050 5555//5555 
f 2732//2732 5555//5555 2756//2756 
f 2753//2753 2743//2743 2759//2759 
f 2753//2753 2759//2759 2769//2769 
f 5024//5024 2766//2766 2757//2757 
f 5024//5024 2762//2762 2766//2766 
f 2762//2762 2755//2755 2766//2766 
f 2756//2756 5557//5557 759//759 
f 2756//2756 5555//5555 5557//5557 
f 2757//2757 2782//2782 2778//2778 
f 2755//2755 2787//2787 2783//2783 
f 2778//2778 2782//2782 2814//2814 
f 759//759 5102//5102 2795//2795 
f 759//759 5557//5557 5102//5102 
f 2783//2783 2787//2787 2820//2820 
f 2778//2778 2814//2814 1980//1980 
f 1980//1980 2814//2814 2817//2817 
f 2814//2814 2831//2831 2817//2817 
f 2795//2795 5556//5556 2835//2835 
f 2795//2795 5102//5102 5556//5556 
f 2817//2817 2831//2831 2830//2830 
f 2835//2835 5556//5556 2874//2874 
f 766//766 2875//2875 2845//2845 
f 2874//2874 5556//5556 5558//5558 
f 2874//2874 5558//5558 2885//2885 
f 2885//2885 5558//5558 5105//5105 
f 2885//2885 5559//5559 2914//2914 
f 2885//2885 5105//5105 5559//5559 
f 2883//2883 2907//2907 5072//5072 
f 5559//5559 5105//5105 5048//5048 
f 5072//5072 2907//2907 2956//2956 
f 2914//2914 5559//5559 2951//2951 
f 5072//5072 2956//2956 5062//5062 
f 5559//5559 5048//5048 4264//4264 
f 5062//5062 2956//2956 4269//4269 
f 5559//5559 5564//5564 2951//2951 
f 5559//5559 4264//4264 5564//5564 
f 4264//4264 5048//5048 5080//5080 
f 5062//5062 4269//4269 2444//2444 
f 2444//2444 3002//3002 2053//2053 
f 2444//2444 4269//4269 3002//3002 
f 4264//4264 5083//5083 3025//3025 
f 4264//4264 5080//5080 5083//5083 
f 2951//2951 3001//3001 3006//3006 
f 2951//2951 5564//5564 3001//3001 
f 4264//4264 3025//3025 5564//5564 
f 5083//5083 5080//5080 5126//5126 
f 5564//5564 5123//5123 3001//3001 
f 2053//2053 5562//5562 5109//5109 
f 5564//5564 3025//3025 5123//5123 
f 3001//3001 5123//5123 3055//3055 
f 5083//5083 5108//5108 5111//5111 
f 5083//5083 5111//5111 3025//3025 
f 5083//5083 5126//5126 5108//5108 
f 3025//3025 5111//5111 5569//5569 
f 5109//5109 5562//5562 3090//3090 
f 5111//5111 4274//4274 37//37 
f 5111//5111 5108//5108 4274//4274 
f 5123//5123 5569//5569 5104//5104 
f 3055//3055 5123//5123 5089//5089 
f 4274//4274 5108//5108 5121//5121 
f 5569//5569 3111//3111 5104//5104 
f 5569//5569 37//37 5135//5135 
f 5123//5123 5104//5104 5089//5089 
f 5104//5104 3111//3111 3119//3119 
f 3090//3090 5114//5114 5075//5075 
f 4274//4274 5572//5572 37//37 
f 4274//4274 5121//5121 5572//5572 
f 5569//5569 5135//5135 3111//3111 
f 3090//3090 3080//3080 3134//3134 
f 3090//3090 3134//3134 5114//5114 
f 5075//5075 5114//5114 3144//3144 
f 37//37 3126//3126 5135//5135 
f 37//37 5572//5572 3126//3126 
f 5089//5089 3146//3146 3158//3158 
f 5572//5572 5121//5121 5565//5565 
f 5135//5135 5566//5566 3111//3111 
f 5089//5089 3119//3119 5125//5125 
f 5075//5075 3144//3144 3182//3182 
f 5075//5075 3182//3182 3145//3145 
f 3119//3119 3111//3111 5194//5194 
f 5572//5572 5565//5565 5181//5181 
f 5135//5135 47//47 5566//5566 
f 5135//5135 3126//3126 47//47 
f 3119//3119 3170//3170 5125//5125 
f 3119//3119 5194//5194 3170//3170 
f 3145//3145 3182//3182 46//46 
f 5572//5572 5181//5181 3126//3126 
f 5566//5566 47//47 3199//3199 
f 5181//5181 5565//5565 5116//5116 
f 3126//3126 3206//3206 47//47 
f 3146//3146 5575//5575 3178//3178 
f 3146//3146 5125//5125 5575//5575 
f 3145//3145 46//46 3242//3242 
f 3145//3145 3242//3242 3213//3213 
f 3126//3126 5181//5181 3220//3220 
f 3126//3126 3220//3220 3206//3206 
f 3170//3170 5194//5194 3271//3271 
f 5181//5181 5116//5116 3237//3237 
f 3178//3178 5575//5575 3197//3197 
f 5566//5566 3199//3199 3314//3314 
f 5566//5566 3314//3314 5194//5194 
f 5125//5125 5561//5561 5575//5575 
f 5125//5125 3271//3271 5561//5561 
f 46//46 5127//5127 3242//3242 
f 3220//3220 5181//5181 3285//3285 
f 5181//5181 3237//3237 3285//3285 
f 3197//3197 5575//5575 3277//3277 
f 3213//3213 3242//3242 2483//2483 
f 5194//5194 3314//3314 3271//3271 
f 3237//3237 5116//5116 5560//5560 
f 3237//3237 5560//5560 3320//3320 
f 3199//3199 3295//3295 1362//1362 
f 3199//3199 1362//1362 3314//3314 
f 2483//2483 3242//3242 5156//5156 
f 5575//5575 5561//5561 5197//5197 
f 5575//5575 5197//5197 3277//3277 
f 3206//3206 3348//3348 1339//1339 
f 3320//3320 5560//5560 3358//3358 
f 5127//5127 1342//1342 5568//5568 
f 2483//2483 5124//5124 2486//2486 
f 2483//2483 5156//5156 5124//5124 
f 3295//3295 1339//1339 1362//1362 
f 3277//3277 5197//5197 3359//3359 
f 3242//3242 5113//5113 5156//5156 
f 1339//1339 3348//3348 3363//3363 
f 5568//5568 1342//1342 5113//5113 
f 2486//2486 5124//5124 1363//1363 
f 3358//3358 5160//5160 1380//1380 
f 3358//3358 5560//5560 5160//5160 
f 5561//5561 3362//3362 1366//1366 
f 5156//5156 5113//5113 4271//4271 
f 5156//5156 4271//4271 5124//5124 
f 3363//3363 3348//3348 1378//1378 
f 1342//1342 3370//3370 1391//1391 
f 1342//1342 1391//1391 5113//5113 
f 1348//1348 3359//3359 1389//1389 
f 1348//1348 1389//1389 3395//3395 
f 1339//1339 5576//5576 3368//3368 
f 3362//3362 3393//3393 1366//1366 
f 3359//3359 5197//5197 5584//5584 
f 5113//5113 5179//5179 4271//4271 
f 5197//5197 1366//1366 3406//3406 
f 5113//5113 1391//1391 5174//5174 
f 5124//5124 4271//4271 1363//1363 
f 1380//1380 1392//1392 1390//1390 
f 1366//1366 3393//3393 3439//3439 
f 3359//3359 5584//5584 1389//1389 
f 1380//1380 5160//5160 5580//5580 
f 1380//1380 5580//5580 3424//3424 
f 1358//1358 1390//1390 3399//3399 
f 5113//5113 5174//5174 5179//5179 
f 1363//1363 5140//5140 5203//5203 
f 1363//1363 4271//4271 5140//5140 
f 3368//3368 5576//5576 292//292 
f 1366//1366 3439//3439 3406//3406 
f 1378//1378 1409//1409 3400//3400 
f 1389//1389 5584//5584 3458//3458 
f 4271//4271 5179//5179 5581//5581 
f 3393//3393 292//292 3439//3439 
f 3399//3399 1390//1390 1411//1411 
f 5584//5584 3406//3406 3479//3479 
f 5179//5179 5174//5174 67//67 
f 3424//3424 5580//5580 5112//5112 
f 292//292 5576//5576 3453//3453 
f 3406//3406 3439//3439 1419//1419 
f 1389//1389 3458//3458 1399//1399 
f 4271//4271 5581//5581 5140//5140 
f 5576//5576 5582//5582 1407//1407 
f 5576//5576 1407//1407 3453//3453 
f 5203//5203 5193//5193 746//746 
f 3439//3439 292//292 3464//3464 
f 5179//5179 67//67 5581//5581 
f 5582//5582 88//88 1407//1407 
f 5203//5203 5140//5140 5193//5193 
f 3406//3406 1419//1419 3479//3479 
f 5174//5174 3463//3463 5567//5567 
f 5174//5174 5567//5567 67//67 
f 3400//3400 1409//1409 3431//3431 
f 3424//3424 5112//5112 3477//3477 
f 1399//1399 3458//3458 5195//5195 
f 1399//1399 5195//5195 1420//1420 
f 746//746 5193//5193 5162//5162 
f 1409//1409 3466//3466 3431//3431 
f 3479//3479 1419//1419 3502//3502 
f 3424//3424 3477//3477 358//358 
f 5140//5140 1422//1422 5570//5570 
f 5140//5140 5570//5570 5193//5193 
f 3431//3431 3466//3466 3491//3491 
f 3477//3477 5112//5112 66//66 
f 3477//3477 66//66 3495//3495 
f 3458//3458 1424//1424 5195//5195 
f 3458//3458 3479//3479 1424//1424 
f 5193//5193 5570//5570 5162//5162 
f 3464//3464 3493//3493 1427//1427 
f 67//67 5567//5567 5149//5149 
f 358//358 3477//3477 3500//3500 
f 1419//1419 1427//1427 3502//3502 
f 1422//1422 5149//5149 5570//5570 
f 5162//5162 5570//5570 5578//5578 
f 3479//3479 1467//1467 1424//1424 
f 3479//3479 3502//3502 1467//1467 
f 5162//5162 5577//5577 3489//3489 
f 5567//5567 5591//5591 5149//5149 
f 5195//5195 1424//1424 5571//5571 
f 5195//5195 5571//5571 3497//3497 
f 5570//5570 5149//5149 5107//5107 
f 5162//5162 5578//5578 5577//5577 
f 1424//1424 1467//1467 1538//1538 
f 1431//1431 3492//3492 3515//3515 
f 3495//3495 66//66 5588//5588 
f 3495//3495 5588//5588 1532//1532 
f 3489//3489 5577//5577 5705//5705 
f 5149//5149 5591//5591 5155//5155 
f 3497//3497 5571//5571 1437//1437 
f 5570//5570 5107//5107 5578//5578 
f 3483//3483 3515//3515 1466//1466 
f 1427//1427 1534//1534 1488//1488 
f 1424//1424 1538//1538 5571//5571 
f 5149//5149 5563//5563 5107//5107 
f 3515//3515 3492//3492 1525//1525 
f 5149//5149 5155//5155 5177//5177 
f 5149//5149 5177//5177 5563//5563 
f 5578//5578 5107//5107 5579//5579 
f 1466//1466 3515//3515 1537//1537 
f 1532//1532 5588//5588 3528//3528 
f 5577//5577 5702//5702 5705//5705 
f 5571//5571 1538//1538 5590//5590 
f 1437//1437 5571//5571 1569//1569 
f 1437//1437 1569//1569 1535//1535 
f 5578//5578 5579//5579 5595//5595 
f 1488//1488 3539//3539 5169//5169 
f 5155//5155 1671//1671 5177//5177 
f 5107//5107 5563//5563 5579//5579 
f 3528//3528 5588//5588 5594//5594 
f 5577//5577 5644//5644 5702//5702 
f 5577//5577 5578//5578 5644//5644 
f 1538//1538 5169//5169 5590//5590 
f 5563//5563 5177//5177 5180//5180 
f 5169//5169 3539//3539 3553//3553 
f 5177//5177 1671//1671 1695//1695 
f 5571//5571 5590//5590 1742//1742 
f 5571//5571 1742//1742 1569//1569 
f 5579//5579 5563//5563 5595//5595 
f 5590//5590 5169//5169 5598//5598 
f 3528//3528 5594//5594 5597//5597 
f 5578//5578 5318//5318 5644//5644 
f 5578//5578 5595//5595 5318//5318 
f 5169//5169 3553//3553 5598//5598 
f 1569//1569 1742//1742 3583//3583 
f 5563//5563 5180//5180 5603//5603 
f 5563//5563 5603//5603 5595//5595 
f 5598//5598 3553//3553 5602//5602 
f 5180//5180 1695//1695 5605//5605 
f 5597//5597 5594//5594 5601//5601 
f 1569//1569 3583//3583 1719//1719 
f 5595//5595 5709//5709 5318//5318 
f 5598//5598 5602//5602 488//488 
f 5180//5180 5605//5605 5603//5603 
f 1719//1719 3583//3583 1927//1927 
f 1719//1719 1927//1927 5200//5200 
f 1695//1695 3561//3561 5605//5605 
f 5597//5597 5601//5601 5199//5199 
f 5597//5597 5199//5199 3622//3622 
f 5595//5595 5710//5710 5709//5709 
f 5595//5595 5603//5603 5710//5710 
f 488//488 5602//5602 3607//3607 
f 5605//5605 5178//5178 5603//5603 
f 3561//3561 1905//1905 5605//5605 
f 3622//3622 5199//5199 2084//2084 
f 5603//5603 5711//5711 5710//5710 
f 5200//5200 2061//2061 3597//3597 
f 5200//5200 1927//1927 2061//2061 
f 5605//5605 1905//1905 5178//5178 
f 3597//3597 5610//5610 5196//5196 
f 3597//3597 2061//2061 5610//5610 
f 2084//2084 5199//5199 5198//5198 
f 5603//5603 262//262 5711//5711 
f 5603//5603 5178//5178 262//262 
f 2084//2084 5198//5198 3651//3651 
f 5178//5178 259//259 262//262 
f 5196//5196 3668//3668 3644//3644 
f 5196//5196 5610//5610 3668//3668 
f 1905//1905 5231//5231 5178//5178 
f 3651//3651 5198//5198 5211//5211 
f 3651//3651 5211//5211 5592//5592 
f 3651//3651 5592//5592 3675//3675 
f 5178//5178 255//255 259//259 
f 5178//5178 5231//5231 255//255 
f 5610//5610 5248//5248 3668//3668 
f 3668//3668 2353//2353 3704//3704 
f 3668//3668 5248//5248 2353//2353 
f 3675//3675 5592//5592 3702//3702 
f 3668//3668 3704//3704 3700//3700 
f 5592//5592 5211//5211 5608//5608 
f 5592//5592 5608//5608 5262//5262 
f 5231//5231 249//249 255//255 
f 5231//5231 2449//2449 249//249 
f 5592//5592 5607//5607 3702//3702 
f 5592//5592 5262//5262 5607//5607 
f 5593//5593 3700//3700 2499//2499 
f 5262//5262 5608//5608 5219//5219 
f 2449//2449 245//245 249//249 
f 3700//3700 3732//3732 5609//5609 
f 3700//3700 5609//5609 2499//2499 
f 5262//5262 5219//5219 5607//5607 
f 5219//5219 5608//5608 5253//5253 
f 2449//2449 3701//3701 239//239 
f 2449//2449 239//239 245//245 
f 3702//3702 3743//3743 3727//3727 
f 3702//3702 5607//5607 3743//3743 
f 2499//2499 5609//5609 3770//3770 
f 5219//5219 3758//3758 5607//5607 
f 5219//5219 5253//5253 5615//5615 
f 5219//5219 5615//5615 5604//5604 
f 3701//3701 2727//2727 239//239 
f 5607//5607 2870//2870 3743//3743 
f 2499//2499 3770//3770 5614//5614 
f 2499//2499 5614//5614 3740//3740 
f 5219//5219 5613//5613 3758//3758 
f 5219//5219 5604//5604 5613//5613 
f 3743//3743 2870//2870 3783//3783 
f 3740//3740 5614//5614 5596//5596 
f 2727//2727 235//235 239//239 
f 3762//3762 5596//5596 2752//2752 
f 5596//5596 5614//5614 2944//2944 
f 3751//3751 2752//2752 3774//3774 
f 5604//5604 5615//5615 5621//5621 
f 5604//5604 5621//5621 5611//5611 
f 2727//2727 5622//5622 235//235 
f 3758//3758 3816//3816 2870//2870 
f 3758//3758 5613//5613 3816//3816 
f 2752//2752 5596//5596 5263//5263 
f 5596//5596 5261//5261 5263//5263 
f 5596//5596 2944//2944 5261//5261 
f 3774//3774 2752//2752 3788//3788 
f 5604//5604 5611//5611 3828//3828 
f 5604//5604 3828//3828 5613//5613 
f 5622//5622 229//229 235//235 
f 3783//3783 3853//3853 3844//3844 
f 3783//3783 283//283 3853//3853 
f 3788//3788 2752//2752 5618//5618 
f 5613//5613 3828//3828 3803//3803 
f 2752//2752 5263//5263 5623//5623 
f 2752//2752 5623//5623 5618//5618 
f 5263//5263 5261//5261 5619//5619 
f 5263//5263 5619//5619 5623//5623 
f 3788//3788 5618//5618 3800//3800 
f 5611//5611 5621//5621 5625//5625 
f 5611//5611 5625//5625 5233//5233 
f 2943//2943 221//221 5622//5622 
f 2943//2943 285//285 221//221 
f 3803//3803 3828//3828 3840//3840 
f 283//283 5624//5624 3853//3853 
f 3816//3816 5251//5251 283//283 
f 3800//3800 5618//5618 5232//5232 
f 5611//5611 5233//5233 3852//3852 
f 5611//5611 3852//3852 3828//3828 
f 310//310 3850//3850 3834//3834 
f 5261//5261 5304//5304 5619//5619 
f 285//285 3839//3839 217//217 
f 285//285 217//217 221//221 
f 283//283 5249//5249 5624//5624 
f 283//283 5251//5251 5249//5249 
f 5623//5623 5619//5619 5616//5616 
f 5623//5623 5616//5616 5626//5626 
f 5232//5232 5618//5618 5314//5314 
f 5618//5618 5626//5626 5314//5314 
f 3840//3840 3254//3254 5272//5272 
f 5233//5233 5629//5629 3974//3974 
f 5233//5233 5625//5625 5629//5629 
f 3839//3839 220//220 217//217 
f 5232//5232 5314//5314 3890//3890 
f 3254//3254 3852//3852 5272//5272 
f 5251//5251 3873//3873 5249//5249 
f 5619//5619 3878//3878 5616//5616 
f 3840//3840 5272//5272 5251//5251 
f 5624//5624 3986//3986 3924//3924 
f 5624//5624 5249//5249 3986//3986 
f 5626//5626 5258//5258 5314//5314 
f 5626//5626 5616//5616 5258//5258 
f 5233//5233 3974//3974 3852//3852 
f 3860//3860 3972//3972 3940//3940 
f 5629//5629 5625//5625 5280//5280 
f 5629//5629 5280//5280 3963//3963 
f 5629//5629 3963//3963 3974//3974 
f 3839//3839 224//224 220//220 
f 3852//3852 3976//3976 5272//5272 
f 3834//3834 5279//5279 3972//3972 
f 5251//5251 4016//4016 3873//3873 
f 5251//5251 5272//5272 4016//4016 
f 3852//3852 3974//3974 3976//3976 
f 3940//3940 3972//3972 3973//3973 
f 5249//5249 4007//4007 3986//3986 
f 5249//5249 3873//3873 4007//4007 
f 5616//5616 3878//3878 5620//5620 
f 5616//5616 5620//5620 5258//5258 
f 5272//5272 3976//3976 5634//5634 
f 3839//3839 228//228 224//224 
f 3839//3839 3984//3984 228//228 
f 3924//3924 3986//3986 5315//5315 
f 3924//3924 5315//5315 3946//3946 
f 5314//5314 5258//5258 3953//3953 
f 3976//3976 3974//3974 3988//3988 
f 3882//3882 3172//3172 3915//3915 
f 5279//5279 3890//3890 3979//3979 
f 5272//5272 5634//5634 4016//4016 
f 3873//3873 4016//4016 3296//3296 
f 3873//3873 3296//3296 4007//4007 
f 3878//3878 3292//3292 4011//4011 
f 3878//3878 4011//4011 5620//5620 
f 3953//3953 4025//4025 5257//5257 
f 3953//3953 5258//5258 4025//4025 
f 3915//3915 3172//3172 5288//5288 
f 3963//3963 5280//5280 5292//5292 
f 3963//3963 5292//5292 4049//4049 
f 3984//3984 232//232 228//228 
f 3940//3940 3973//3973 4020//4020 
f 3986//3986 5636//5636 5315//5315 
f 3986//3986 4007//4007 5636//5636 
f 3172//3172 3290//3290 5288//5288 
f 5634//5634 4066//4066 4016//4016 
f 5620//5620 4011//4011 5322//5322 
f 3974//3974 4012//4012 3283//3283 
f 3972//3972 5638//5638 5637//5637 
f 4016//4016 4083//4083 3296//3296 
f 3979//3979 4023//4023 5638//5638 
f 4049//4049 5640//5640 3307//3307 
f 4049//4049 5292//5292 5640//5640 
f 3984//3984 4005//4005 236//236 
f 4007//4007 3296//3296 4057//4057 
f 4007//4007 4057//4057 5636//5636 
f 5257//5257 5329//5329 4023//4023 
f 5257//5257 4025//4025 5329//5329 
f 5634//5634 5298//5298 4066//4066 
f 5315//5315 5636//5636 5632//5632 
f 339//339 4084//4084 4080//4080 
f 4016//4016 4066//4066 4086//4086 
f 4016//4016 4086//4086 4083//4083 
f 4049//4049 4094//4094 4012//4012 
f 5620//5620 5322//5322 5631//5631 
f 4023//4023 5329//5329 5638//5638 
f 4066//4066 5298//5298 344//344 
f 4005//4005 4080//4080 242//242 
f 4005//4005 242//242 236//236 
f 5637//5637 5638//5638 5641//5641 
f 3283//3283 4012//4012 345//345 
f 5315//5315 5632//5632 4071//4071 
f 4025//4025 5631//5631 5329//5329 
f 4012//4012 4094//4094 345//345 
f 4020//4020 341//341 4075//4075 
f 5636//5636 5648//5648 5632//5632 
f 5636//5636 4057//4057 5648//5648 
f 5631//5631 5322//5322 5312//5312 
f 5638//5638 5329//5329 5291//5291 
f 4057//4057 4083//4083 5649//5649 
f 5322//5322 4121//4121 5294//5294 
f 3283//3283 345//345 4124//4124 
f 4071//4071 5632//5632 5635//5635 
f 3307//3307 5639//5639 4149//4149 
f 3307//3307 5640//5640 5639//5639 
f 4083//4083 4086//4086 5649//5649 
f 345//345 4094//4094 3309//3309 
f 4075//4075 341//341 5286//5286 
f 5632//5632 5648//5648 59//59 
f 5631//5631 5312//5312 5329//5329 
f 5298//5298 4124//4124 344//344 
f 4094//4094 4139//4139 3309//3309 
f 341//341 5319//5319 5286//5286 
f 341//341 5641//5641 5319//5319 
f 4057//4057 5649//5649 5648//5648 
f 5322//5322 5294//5294 5312//5312 
f 4124//4124 345//345 3332//3332 
f 5329//5329 5643//5643 5291//5291 
f 5641//5641 5652//5652 5319//5319 
f 5641//5641 5291//5291 5652//5652 
f 344//344 4124//4124 4162//4162 
f 4124//4124 3332//3332 4162//4162 
f 4078//4078 344//344 4181//4181 
f 5649//5649 3333//3333 5648//5648 
f 5329//5329 5646//5646 5643//5643 
f 5329//5329 5312//5312 5646//5646 
f 344//344 4162//4162 4181//4181 
f 5286//5286 5319//5319 4179//4179 
f 59//59 5648//5648 4240//4240 
f 4162//4162 3332//3332 4203//4203 
f 4149//4149 5639//5639 5339//5339 
f 4149//4149 5339//5339 4206//4206 
f 5291//5291 5630//5630 5652//5652 
f 5291//5291 5643//5643 5630//5630 
f 3309//3309 4218//4218 5653//5653 
f 3309//3309 4139//4139 4218//4218 
f 3332//3332 1333//1333 4203//4203 
f 5635//5635 3323//3323 4200//4200 
f 4181//4181 4162//4162 3335//3335 
f 4139//4139 4236//4236 4218//4218 
f 5652//5652 5344//5344 5319//5319 
f 5649//5649 3338//3338 3333//3333 
f 3332//3332 5653//5653 1333//1333 
f 59//59 4224//4224 3323//3323 
f 59//59 4240//4240 4224//4224 
f 5312//5312 5654//5654 5646//5646 
f 5652//5652 5630//5630 5336//5336 
f 3338//3338 4181//4181 5310//5310 
f 5294//5294 5324//5324 5654//5654 
f 4200//4200 4241//4241 3345//3345 
f 4200//4200 3323//3323 4241//4241 
f 5643//5643 5646//5646 5630//5630 
f 4181//4181 3335//3335 3343//3343 
f 4181//4181 3343//3343 5310//5310 
f 5319//5319 5344//5344 4179//4179 
f 3333//3333 3338//3338 3344//3344 
f 1333//1333 5653//5653 4238//4238 
f 5646//5646 5654//5654 5295//5295 
f 5652//5652 5336//5336 5344//5344 
f 3338//3338 5310//5310 3344//3344 
f 4179//4179 5344//5344 5320//5320 
f 4206//4206 5339//5339 5296//5296 
f 4206//4206 5296//5296 4244//4244 
f 3323//3323 4224//4224 5657//5657 
f 3323//3323 5657//5657 4241//4241 
f 5646//5646 5295//5295 5630//5630 
f 3344//3344 5310//5310 5303//5303 
f 4238//4238 4282//4282 4290//4290 
f 5654//5654 5290//5290 5295//5295 
f 4236//4236 4206//4206 4283//4283 
f 4179//4179 5320//5320 4173//4173 
f 5630//5630 5295//5295 5313//5313 
f 5344//5344 5305//5305 5320//5320 
f 3344//3344 5303//5303 5658//5658 
f 4244//4244 5296//5296 78//78 
f 3337//3337 4173//4173 1335//1335 
f 4224//4224 4348//4348 5657//5657 
f 4224//4224 4284//4284 4348//4348 
f 5336//5336 5313//5313 5344//5344 
f 5303//5303 4324//4324 5658//5658 
f 4173//4173 5320//5320 5660//5660 
f 4241//4241 5657//5657 4280//4280 
f 5303//5303 4330//4330 4324//4324 
f 5657//5657 4348//4348 4374//4374 
f 5295//5295 5290//5290 5651//5651 
f 5295//5295 5651//5651 5313//5313 
f 5344//5344 5313//5313 5305//5305 
f 78//78 5296//5296 5302//5302 
f 4173//4173 5660//5660 256//256 
f 4173//4173 256//256 1335//1335 
f 5290//5290 4289//4289 4342//4342 
f 4346//4346 5309//5309 4359//4359 
f 4280//4280 5657//5657 5337//5337 
f 4280//4280 5337//5337 4295//4295 
f 4324//4324 4330//4330 3404//3404 
f 5320//5320 5305//5305 5660//5660 
f 5658//5658 4324//4324 4287//4287 
f 5313//5313 5331//5331 5305//5305 
f 78//78 5302//5302 4379//4379 
f 3398//3398 4287//4287 4370//4370 
f 5313//5313 5651//5651 5331//5331 
f 4287//4287 4324//4324 4403//4403 
f 4287//4287 4403//4403 4370//4370 
f 4295//4295 5337//5337 4405//4405 
f 4295//4295 4405//4405 4367//4367 
f 5305//5305 5331//5331 5341//5341 
f 4324//4324 3404//3404 85//85 
f 5331//5331 5651//5651 4312//4312 
f 4379//4379 5663//5663 4413//4413 
f 4379//4379 5302//5302 5663//5663 
f 4370//4370 4403//4403 3450//3450 
f 4374//4374 3437//3437 5337//5337 
f 5305//5305 5341//5341 5660//5660 
f 4342//4342 4319//4319 316//316 
f 5337//5337 4420//4420 4405//4405 
f 5331//5331 4312//4312 5341//5341 
f 5337//5337 3437//3437 3921//3921 
f 5651//5651 316//316 4312//4312 
f 3437//3437 4429//4429 3921//3921 
f 4405//4405 4420//4420 4492//4492 
f 4405//4405 4492//4492 3930//3930 
f 5341//5341 4312//4312 4440//4440 
f 316//316 5664//5664 4312//4312 
f 4413//4413 5663//5663 5647//5647 
f 4413//4413 5647//5647 3955//3955 
f 4319//4319 4311//4311 316//316 
f 4420//4420 4509//4509 4492//4492 
f 3930//3930 4550//4550 326//326 
f 3930//3930 4492//4492 4550//4550 
f 316//316 4311//4311 5664//5664 
f 4492//4492 4509//4509 3951//3951 
f 326//326 4550//4550 4574//4574 
f 326//326 4574//4574 3937//3937 
f 4311//4311 4557//4557 5664//5664 
f 3955//3955 5647//5647 5328//5328 
f 3955//3955 5328//5328 4585//4585 
f 4440//4440 4522//4522 276//276 
f 5664//5664 5642//5642 4522//4522 
f 4550//4550 4624//4624 4574//4574 
f 3937//3937 4574//4574 4584//4584 
f 4585//4585 5328//5328 3270//3270 
f 4522//4522 5642//5642 274//274 
f 4522//4522 274//274 276//276 
f 4574//4574 4624//4624 4669//4669 
f 5664//5664 4557//4557 5642//5642 
f 4584//4584 4574//4574 77//77 
f 4584//4584 77//77 337//337 
f 3270//3270 5328//5328 5330//5330 
f 5642//5642 280//280 274//274 
f 4557//4557 4642//4642 5642//5642 
f 4574//4574 4711//4711 77//77 
f 3270//3270 5330//5330 75//75 
f 3270//3270 75//75 4706//4706 
f 5642//5642 4642//4642 275//275 
f 5642//5642 275//275 278//278 
f 75//75 5330//5330 5326//5326 
f 75//75 4727//4727 4706//4706 
f 77//77 4711//4711 4730//4730 
f 4642//4642 4661//4661 273//273 
f 4642//4642 273//273 275//275 
f 5668//5668 4729//4729 4034//4034 
f 75//75 5326//5326 5327//5327 
f 75//75 5327//5327 4752//4752 
f 4661//4661 4782//4782 265//265 
f 4661//4661 265//265 273//273 
f 4034//4034 4729//4729 4063//4063 
f 4729//4729 4799//4799 4305//4305 
f 4729//4729 4305//4305 4063//4063 
f 4752//4752 5327//5327 5353//5353 
f 4782//4782 5769//5769 265//265 
f 4727//4727 5340//5340 4812//4812 
f 4752//4752 5353//5353 5656//5656 
f 4752//4752 5656//5656 5340//5340 
f 5353//5353 5327//5327 5333//5333 
f 4782//4782 5770//5770 5769//5769 
f 4782//4782 4091//4091 5770//5770 
f 4812//4812 5340//5340 4101//4101 
f 4812//4812 4101//4101 4877//4877 
f 4790//4790 5661//5661 4303//4303 
f 4790//4790 4867//4867 5661//5661 
f 5353//5353 5333//5333 3312//3312 
f 4091//4091 5765//5765 5770//5770 
f 5340//5340 5656//5656 5348//5348 
f 5340//5340 5348//5348 4101//4101 
f 5353//5353 5675//5675 5656//5656 
f 5353//5353 3312//3312 5675//5675 
f 5321//5321 4303//4303 5335//5335 
f 4101//4101 5348//5348 4910//4910 
f 3312//3312 5333//5333 5323//5323 
f 3312//3312 5323//5323 5650//5650 
f 4303//4303 4155//4155 5335//5335 
f 4303//4303 5661//5661 4155//4155 
f 4091//4091 5670//5670 5774//5774 
f 4091//4091 5774//5774 5772//5772 
f 4091//4091 5772//5772 5765//5765 
f 3312//3312 4219//4219 5675//5675 
f 3312//3312 5650//5650 4219//4219 
f 5335//5335 4155//4155 5334//5334 
f 5670//5670 4097//4097 5775//5775 
f 5670//5670 5775//5775 5774//5774 
f 5656//5656 5675//5675 5655//5655 
f 5656//5656 5655//5655 5348//5348 
f 5675//5675 4219//4219 5655//5655 
f 5335//5335 5334//5334 4924//4924 
f 4910//4910 5348//5348 4968//4968 
f 5674//5674 4900//4900 4949//4949 
f 5348//5348 5655//5655 4937//4937 
f 5650//5650 5323//5323 5669//5669 
f 5650//5650 5669//5669 5343//5343 
f 4910//4910 4968//4968 4956//4956 
f 5650//5650 5672//5672 4219//4219 
f 5650//5650 5343//5343 5672//5672 
f 5655//5655 5678//5678 4937//4937 
f 4097//4097 4997//4997 5762//5762 
f 4097//4097 5762//5762 5775//5775 
f 5655//5655 4219//4219 4321//4321 
f 5334//5334 5671//5671 5667//5667 
f 4949//4949 5667//5667 4234//4234 
f 5655//5655 4321//4321 5678//5678 
f 5667//5667 5671//5671 5076//5076 
f 4968//4968 5349//5349 5026//5026 
f 5343//5343 18//18 5028//5028 
f 5343//5343 5669//5669 5645//5645 
f 5343//5343 5645//5645 18//18 
f 4969//4969 5042//5042 5034//5034 
f 4219//4219 5672//5672 4307//4307 
f 4219//4219 4307//4307 4321//4321 
f 4937//4937 5345//5345 5349//5349 
f 4937//4937 5678//5678 5345//5345 
f 5667//5667 5076//5076 5665//5665 
f 5667//5667 5665//5665 4316//4316 
f 5007//5007 4234//4234 5097//5097 
f 5034//5034 5042//5042 5036//5036 
f 4234//4234 4316//4316 4270//4270 
f 4997//4997 5763//5763 5762//5762 
f 4997//4997 5008//5008 5763//5763 
f 5338//5338 5034//5034 5152//5152 
f 5678//5678 5129//5129 5345//5345 
f 5678//5678 4321//4321 5129//5129 
f 4239//4239 5349//5349 5158//5158 
f 5097//5097 4234//4234 5087//5087 
f 5028//5028 2509//2509 5672//5672 
f 5034//5034 5036//5036 5152//5152 
f 4321//4321 4307//4307 5172//5172 
f 5008//5008 5679//5679 5763//5763 
f 4248//4248 5079//5079 5146//5146 
f 5672//5672 2509//2509 4307//4307 
f 5152//5152 5036//5036 5209//5209 
f 4321//4321 5172//5172 5129//5129 
f 5349//5349 5345//5345 4296//4296 
f 5349//5349 4296//4296 5158//5158 
f 5036//5036 5673//5673 5209//5209 
f 4307//4307 5680//5680 5172//5172 
f 5143//5143 5055//5055 3381//3381 
f 5345//5345 5129//5129 5184//5184 
f 4248//4248 5146//5146 5151//5151 
f 4307//4307 2509//2509 2491//2491 
f 5129//5129 5172//5172 5207//5207 
f 5665//5665 5186//5186 4270//4270 
f 5085//5085 5087//5087 5676//5676 
f 3381//3381 5055//5055 5666//5666 
f 4270//4270 3382//3382 5087//5087 
f 5673//5673 5085//5085 5185//5185 
f 4307//4307 2491//2491 5680//5680 
f 5152//5152 5209//5209 5240//5240 
f 5129//5129 5260//5260 5184//5184 
f 5129//5129 5207//5207 5260//5260 
f 5158//5158 4296//4296 5287//5287 
f 5158//5158 5287//5287 5241//5241 
f 5172//5172 5680//5680 5207//5207 
f 3381//3381 5755//5755 5679//5679 
f 3381//3381 5666//5666 5755//5755 
f 5087//5087 3382//3382 5676//5676 
f 5240//5240 5209//5209 5202//5202 
f 4270//4270 5186//5186 5255//5255 
f 4270//4270 5255//5255 3382//3382 
f 5151//5151 5146//5146 5256//5256 
f 5185//5185 5676//5676 5281//5281 
f 4296//4296 5354//5354 5677//5677 
f 4296//4296 5677//5677 5287//5287 
f 5676//5676 3382//3382 5681//5681 
f 5680//5680 5352//5352 5207//5207 
f 5666//5666 4325//4325 5757//5757 
f 5666//5666 5757//5757 5755//5755 
f 5184//5184 5260//5260 5354//5354 
f 5185//5185 5281//5281 4315//4315 
f 5346//5346 4334//4334 4325//4325 
f 5676//5676 5681//5681 4343//4343 
f 5676//5676 4343//4343 5281//5281 
f 5240//5240 5289//5289 5256//5256 
f 5354//5354 73//73 5677//5677 
f 5185//5185 4315//4315 4309//4309 
f 4325//4325 5759//5759 5757//5757 
f 5260//5260 4320//4320 5354//5354 
f 4334//4334 5277//5277 71//71 
f 5202//5202 4309//4309 4335//4335 
f 5207//5207 2105//2105 4320//4320 
f 5207//5207 5352//5352 2105//2105 
f 4309//4309 4315//4315 5347//5347 
f 5283//5283 5359//5359 4389//4389 
f 5283//5283 5677//5677 5359//5359 
f 4325//4325 5716//5716 5759//5759 
f 4325//4325 71//71 5716//5716 
f 5677//5677 73//73 5356//5356 
f 4309//4309 5347//5347 4335//4335 
f 4315//4315 4343//4343 5347//5347 
f 5677//5677 5356//5356 5359//5359 
f 71//71 4337//4337 5718//5718 
f 71//71 5718//5718 5716//5716 
f 4335//4335 5347//5347 5365//5365 
f 4335//4335 5365//5365 5682//5682 
f 73//73 5683//5683 5356//5356 
f 73//73 5325//5325 5683//5683 
f 5681//5681 5659//5659 3908//3908 
f 5325//5325 4320//4320 2137//2137 
f 5359//5359 5356//5356 4455//4455 
f 4343//4343 3908//3908 3927//3927 
f 4343//4343 3927//3927 5347//5347 
f 4337//4337 5717//5717 5718//5718 
f 5347//5347 3927//3927 5381//5381 
f 5347//5347 5381//5381 5365//5365 
f 5325//5325 5366//5366 5683//5683 
f 5325//5325 2137//2137 5366//5366 
f 5351//5351 3264//3264 4337//4337 
f 5359//5359 4455//4455 3916//3916 
f 5682//5682 4442//4442 3910//3910 
f 5356//5356 5683//5683 4455//4455 
f 3908//3908 4421//4421 3927//3927 
f 5365//5365 5381//5381 4442//4442 
f 4337//4337 3264//3264 5715//5715 
f 4337//4337 5715//5715 5717//5717 
f 3916//3916 4469//4469 4485//4485 
f 3916//3916 4455//4455 4469//4469 
f 3927//3927 4421//4421 5381//5381 
f 3438//3438 5379//5379 3264//3264 
f 5683//5683 5366//5366 4455//4455 
f 3908//3908 4433//4433 4421//4421 
f 3910//3910 4482//4482 5379//5379 
f 3910//3910 4442//4442 4482//4482 
f 3264//3264 5754//5754 5715//5715 
f 4455//4455 5378//5378 4469//4469 
f 5381//5381 4421//4421 5396//5396 
f 3264//3264 5379//5379 5380//5380 
f 4455//4455 5366//5366 2125//2125 
f 5381//5381 5395//5395 4442//4442 
f 5379//5379 5393//5393 5380//5380 
f 5379//5379 4482//4482 5393//5393 
f 5381//5381 5396//5396 5395//5395 
f 3264//3264 5752//5752 5754//5754 
f 3264//3264 5380//5380 5752//5752 
f 4455//4455 4514//4514 5378//5378 
f 4455//4455 2125//2125 4514//4514 
f 4421//4421 4433//4433 5396//5396 
f 4442//4442 4477//4477 4482//4482 
f 4442//4442 5395//5395 4477//4477 
f 4433//4433 4481//4481 5684//5684 
f 4469//4469 5378//5378 4523//4523 
f 5395//5395 5396//5396 5397//5397 
f 5380//5380 5393//5393 5751//5751 
f 5380//5380 5751//5751 5752//5752 
f 4433//4433 5684//5684 5396//5396 
f 4523//4523 5685//5685 4512//4512 
f 4523//4523 5378//5378 5685//5685 
f 5395//5395 5397//5397 4477//4477 
f 5396//5396 4475//4475 5397//5397 
f 4482//4482 4477//4477 5398//5398 
f 4482//4482 5398//5398 5393//5393 
f 5396//5396 5684//5684 5686//5686 
f 4477//4477 5397//5397 4503//4503 
f 5393//5393 5722//5722 5751//5751 
f 5378//5378 5412//5412 5685//5685 
f 5378//5378 4514//4514 5412//5412 
f 5396//5396 5686//5686 4475//4475 
f 4512//4512 5685//5685 4576//4576 
f 4512//4512 4576//4576 5411//5411 
f 4477//4477 4503//4503 5398//5398 
f 5684//5684 4476//4476 5686//5686 
f 5397//5397 4475//4475 4503//4503 
f 5393//5393 5398//5398 5723//5723 
f 5686//5686 4476//4476 4475//4475 
f 4503//4503 4554//4554 5398//5398 
f 4475//4475 5423//5423 4503//4503 
f 5398//5398 5748//5748 5723//5723 
f 4475//4475 4476//4476 5404//5404 
f 4503//4503 5423//5423 4554//4554 
f 4475//4475 5404//5404 5423//5423 
f 4576//4576 4530//4530 5437//5437 
f 5398//5398 4554//4554 5725//5725 
f 5398//5398 5725//5725 5748//5748 
f 5423//5423 5404//5404 5425//5425 
f 4554//4554 5423//5423 5725//5725 
f 5404//5404 5474//5474 5422//5422 
f 5423//5423 5425//5425 5727//5727 
f 5423//5423 5727//5727 5725//5725 
f 4639//4639 4631//4631 1721//1721 
f 5404//5404 5422//5422 5425//5425 
f 4639//4639 1721//1721 5479//5479 
f 4639//4639 5479//5479 5466//5466 
f 5425//5425 5745//5745 5727//5727 
f 5425//5425 5422//5422 4548//4548 
f 5425//5425 5730//5730 5745//5745 
f 5425//5425 4548//4548 5730//5730 
f 5466//5466 1726//1726 4697//4697 
f 4697//4697 1726//1726 5489//5489 
f 4697//4697 5489//5489 5688//5688 
f 4548//4548 4773//4773 5730//5730 
f 5688//5688 1760//1760 5687//5687 
f 4773//4773 5742//5742 5730//5730 
f 4773//4773 5478//5478 5742//5742 
f 5687//5687 1760//1760 1752//1752 
f 5687//5687 4781//4781 4064//4064 
f 5687//5687 1752//1752 4781//4781 
f 5478//5478 5731//5731 5742//5742 
f 5478//5478 4897//4897 5731//5731 
f 4897//4897 5741//5741 5731//5731 
f 4897//4897 4879//4879 5741//5741 
f 5426//5426 1773//1773 1803//1803 
f 5426//5426 1803//1803 5507//5507 
f 4879//4879 5739//5739 5732//5732 
f 4879//4879 5732//5732 5741//5741 
f 4879//4879 5734//5734 5739//5739 
f 4879//4879 4951//4951 5734//5734 
f 5502//5502 4909//4909 5505//5505 
f 5505//5505 4909//4909 5444//5444 
f 4951//4951 5735//5735 5734//5734 
f 4951//4951 4941//4941 5735//5735 
f 4909//4909 1795//1795 5444//5444 
f 5505//5505 5444//5444 5513//5513 
f 5444//5444 1795//1795 4982//4982 
f 4941//4941 4615//4615 5737//5737 
f 4941//4941 5737//5737 5735//5735 
f 5513//5513 5444//5444 4616//4616 
f 4664//4664 5439//5439 5017//5017 
f 4664//4664 4957//4957 5439//5439 
f 4616//4616 138//138 5001//5001 
f 4616//4616 4982//4982 138//138 
f 4964//4964 5784//5784 4615//4615 
f 4964//4964 5534//5534 5784//5784 
f 4933//4933 5068//5068 5051//5051 
f 4966//4966 5017//5017 5068//5068 
f 5001//5001 2275//2275 5540//5540 
f 5001//5001 138//138 2275//2275 
f 5534//5534 5788//5788 5786//5786 
f 5534//5534 5786//5786 5784//5784 
f 5439//5439 5540//5540 4597//4597 
f 5068//5068 5017//5017 5020//5020 
f 5017//5017 4597//4597 5020//5020 
f 4597//4597 5540//5540 5689//5689 
f 5534//5534 5060//5060 5790//5790 
f 5534//5534 5790//5790 5788//5788 
f 5540//5540 2275//2275 5689//5689 
f 5020//5020 4597//4597 5542//5542 
f 5068//5068 4994//4994 5039//5039 
f 5689//5689 2275//2275 4001//4001 
f 5060//5060 5791//5791 5790//5790 
f 5060//5060 4658//4658 5791//5791 
f 5543//5543 5510//5510 5539//5539 
f 5039//5039 4994//4994 5544//5544 
f 5689//5689 4001//4001 5542//5542 
f 5538//5538 5539//5539 5516//5516 
f 4994//4994 5046//5046 5544//5544 
f 4658//4658 5516//5516 5791//5791 
f 5510//5510 5038//5038 5541//5541 
f 5510//5510 5506//5506 5539//5539 
f 5516//5516 5787//5787 5791//5791 
f 5516//5516 5539//5539 5069//5069 
f 5690//5690 5043//5043 5519//5519 
f 5516//5516 5785//5785 5787//5787 
f 5516//5516 5069//5069 5785//5785 
f 5069//5069 5783//5783 5785//5785 
f 5069//5069 5548//5548 5783//5783 
f 5022//5022 5527//5527 5071//5071 
f 5527//5527 5522//5522 2626//2626 
f 5023//5023 5071//5071 3328//3328 
f 5071//5071 5527//5527 5520//5520 
f 5548//5548 6//6 5783//5783 
f 5548//5548 4245//4245 6//6 
f 5527//5527 2626//2626 5520//5520 
f 4245//4245 8//8 6//6 
f 5520//5520 2626//2626 2761//2761 
f 5520//5520 2761//2761 3328//3328 
f 4245//4245 3328//3328 8//8 
f 3328//3328 2761//2761 10//10 
f 3328//3328 10//10 8//8 
f 360//360 1256//1256 1583//1583 
f 462//462 1582//1582 922//922 
f 360//360 756//756 1256//1256 
f 462//462 5691//5691 1582//1582 
f 1585//1585 206//206 1252//1252 
f 1499//1499 1253//1253 207//207 
f 1593//1593 207//207 1310//1310 
f 1593//1593 1499//1499 207//207 
f 1499//1499 1567//1567 1253//1253 
f 447//447 1499//1499 1593//1593 
f 1255//1255 1567//1567 1595//1595 
f 1499//1499 1595//1595 1567//1567 
f 1595//1595 1499//1499 447//447 
f 447//447 446//446 1595//1595 
f 1616//1616 1254//1254 1584//1584 
f 1616//1616 702//702 1254//1254 
f 1616//1616 1475//1475 702//702 
f 1595//1595 1584//1584 1255//1255 
f 1595//1595 1616//1616 1584//1584 
f 449//449 1616//1616 1595//1595 
f 1616//1616 1597//1597 1475//1475 
f 449//449 1595//1595 446//446 
f 449//449 1597//1597 1616//1616 
f 449//449 698//698 1597//1597 
f 1571//1571 360//360 826//826 
f 1596//1596 756//756 1571//1571 
f 360//360 1571//1571 756//756 
f 781//781 1571//1571 826//826 
f 781//781 882//882 1615//1615 
f 781//781 1615//1615 1571//1571 
f 1585//1585 1252//1252 97//97 
f 1613//1613 1566//1566 1518//1518 
f 1585//1585 1518//1518 206//206 
f 1585//1585 1613//1613 1518//1518 
f 1613//1613 1349//1349 1566//1566 
f 878//878 1585//1585 160//160 
f 878//878 1613//1613 1585//1585 
f 1312//1312 1349//1349 1394//1394 
f 1613//1613 1394//1394 1349//1349 
f 875//875 1394//1394 1613//1613 
f 875//875 1613//1613 878//878 
f 1468//1468 1311//1311 5518//5518 
f 1394//1394 5518//5518 1311//1311 
f 1394//1394 1311//1311 1312//1312 
f 434//434 1394//1394 875//875 
f 434//434 5518//5518 1394//1394 
f 1605//1605 96//96 1450//1450 
f 151//151 5518//5518 434//434 
f 1605//1605 1452//1452 96//96 
f 779//779 1575//1575 811//811 
f 779//779 1579//1579 1575//1575 
f 1593//1593 1310//1310 1309//1309 
f 1579//1579 1309//1309 1474//1474 
f 1579//1579 1593//1593 1309//1309 
f 826//826 360//360 5691//5691 
f 826//826 5691//5691 462//462 
f 1571//1571 212//212 1596//1596 
f 1571//1571 1460//1460 212//212 
f 1443//1443 1460//1460 1615//1615 
f 1571//1571 1615//1615 1460//1460 
f 1615//1615 1464//1464 1443//1443 
f 1444//1444 1464//1464 1577//1577 
f 1615//1615 1577//1577 1464//1464 
f 1577//1577 1442//1442 1444//1444 
f 1577//1577 97//97 1442//1442 
f 882//882 1577//1577 1615//1615 
f 882//882 819//819 1577//1577 
f 97//97 91//91 1442//1442 
f 91//91 97//97 1252//1252 
f 97//97 160//160 1585//1585 
f 819//819 97//97 1577//1577 
f 819//819 160//160 97//97 
f 5518//5518 1450//1450 1468//1468 
f 5518//5518 1605//1605 1450//1450 
f 1472//1472 1452//1452 1599//1599 
f 1605//1605 1599//1599 1452//1452 
f 1599//1599 5518//5518 151//151 
f 1599//1599 1605//1605 5518//5518 
f 1599//1599 151//151 158//158 
f 1579//1579 1474//1474 1453//1453 
f 1599//1599 1451//1451 1472//1472 
f 1599//1599 1575//1575 1451//1451 
f 1575//1575 1456//1456 1451//1451 
f 1575//1575 1453//1453 1456//1456 
f 1575//1575 1579//1579 1453//1453 
f 811//811 1575//1575 1599//1599 
f 811//811 1599//1599 158//158 
f 773//773 1593//1593 1579//1579 
f 773//773 447//447 1593//1593 
f 773//773 1579//1579 779//779 
f 1457//1457 1482//1482 1455//1455 
f 1457//1457 1454//1454 1459//1459 
f 1478//1478 1459//1459 1454//1454 
f 1457//1457 1455//1455 1454//1454 
f 1482//1482 1459//1459 1455//1455 
f 1459//1459 1478//1478 1455//1455 
f 5545//5545 10//10 5778//5778 
f 5545//5545 5780//5780 10//10 
f 5545//5545 5778//5778 5535//5535 
f 5545//5545 5535//5535 5780//5780 
f 5778//5778 5058//5058 5535//5535 
f 5778//5778 5530//5530 5058//5058 
f 5058//5058 5530//5530 5547//5547 
f 5058//5058 5547//5547 4995//4995 
f 5547//5547 5694//5694 4995//4995 
f 4995//4995 5694//5694 5533//5533 
f 4995//4995 5533//5533 5058//5058 
f 5694//5694 5532//5532 5533//5533 
f 5532//5532 5693//5693 5065//5065 
f 5532//5532 5065//5065 5533//5533 
f 5065//5065 5693//5693 5551//5551 
f 5065//5065 5551//5551 5546//5546 
f 5065//5065 5546//5546 5533//5533 
f 5546//5546 5551//5551 5695//5695 
f 5695//5695 5536//5536 5546//5546 
f 5546//5546 5536//5536 4981//4981 
f 5546//5546 4981//4981 5044//5044 
f 5536//5536 5550//5550 4981//4981 
f 4981//4981 5136//5136 5044//5044 
f 4981//4981 5550//5550 5136//5136 
f 5550//5550 5696//5696 5136//5136 
f 5136//5136 5696//5696 5090//5090 
f 5090//5090 5696//5696 5552//5552 
f 5090//5090 5063//5063 5697//5697 
f 5090//5090 5552//5552 5063//5063 
f 5063//5063 5552//5552 5573//5573 
f 5063//5063 5573//5573 5697//5697 
f 5573//5573 5574//5574 5697//5697 
f 5697//5697 5574//5574 5157//5157 
f 5157//5157 5574//5574 5600//5600 
f 5157//5157 5252//5252 5697//5697 
f 5157//5157 5600//5600 5252//5252 
f 5252//5252 5600//5600 5699//5699 
f 5699//5699 5599//5599 5617//5617 
f 5699//5699 5606//5606 5252//5252 
f 5699//5699 5617//5617 5606//5606 
f 5617//5617 5599//5599 5583//5583 
f 5583//5583 5587//5587 5617//5617 
f 5583//5583 5586//5586 5587//5587 
f 5587//5587 5586//5586 5700//5700 
f 5700//5700 5612//5612 5587//5587 
f 5700//5700 5589//5589 5229//5229 
f 5700//5700 5229//5229 5612//5612 
f 5589//5589 5230//5230 5229//5229 
f 5589//5589 5585//5585 5230//5230 
f 5230//5230 5585//5585 5229//5229 
f 5585//5585 5627//5627 5229//5229 
f 5585//5585 2485//2485 5701//5701 
f 5585//5585 5589//5589 2485//2485 
f 5585//5585 5701//5701 5627//5627 
f 5701//5701 5628//5628 5627//5627 
f 5628//5628 5306//5306 5627//5627 
f 5306//5306 5301//5301 5704//5704 
f 5306//5306 5628//5628 5301//5301 
f 5704//5704 5301//5301 5698//5698 
f 5704//5704 5698//5698 5282//5282 
f 5704//5704 5271//5271 5703//5703 
f 5704//5704 5282//5282 5271//5271 
f 5282//5282 5266//5266 5706//5706 
f 5282//5282 5706//5706 5271//5271 
f 5706//5706 5266//5266 5633//5633 
f 5633//5633 5708//5708 5706//5706 
f 5633//5633 5705//5705 5708//5708 
f 5705//5705 5707//5707 5708//5708 
f 5705//5705 5702//5702 5707//5707 
f 5702//5702 5300//5300 5707//5707 
f 5300//5300 5702//5702 5644//5644 
f 5644//5644 5318//5318 5300//5300 
f 5318//5318 5709//5709 5300//5300 
f 5709//5709 5710//5710 5300//5300 
f 5710//5710 5711//5711 5332//5332 
f 5711//5711 257//257 5332//5332 
f 5711//5711 5662//5662 263//263 
f 5711//5711 263//263 257//257 
f 5662//5662 5711//5711 262//262 
f 5662//5662 262//262 263//263 
f 263//263 262//262 257//257 
f 262//262 259//259 257//257 
f 259//259 255//255 253//253 
f 259//259 253//253 252//252 
f 259//259 252//252 257//257 
f 253//253 255//255 252//252 
f 252//252 255//255 249//249 
f 252//252 249//249 247//247 
f 249//249 245//245 247//247 
f 245//245 239//239 247//247 
f 247//247 239//239 243//243 
f 247//247 243//243 241//241 
f 243//243 239//239 241//241 
f 239//239 237//237 241//241 
f 237//237 233//233 241//241 
f 237//237 235//235 233//233 
f 237//237 239//239 235//235 
f 233//233 235//235 231//231 
f 231//231 229//229 227//227 
f 231//231 235//235 229//229 
f 231//231 227//227 233//233 
f 229//229 223//223 227//227 
f 229//229 5622//5622 225//225 
f 229//229 225//225 223//223 
f 225//225 5622//5622 221//221 
f 225//225 221//221 219//219 
f 225//225 219//219 223//223 
f 221//221 217//217 218//218 
f 221//221 218//218 219//219 
f 217//217 222//222 218//218 
f 217//217 220//220 222//222 
f 222//222 220//220 224//224 
f 222//222 224//224 226//226 
f 224//224 228//228 230//230 
f 224//224 230//230 226//226 
f 228//228 234//234 230//230 
f 228//228 232//232 234//234 
f 232//232 236//236 240//240 
f 232//232 240//240 234//234 
f 236//236 238//238 240//240 
f 236//236 242//242 238//238 
f 242//242 246//246 238//238 
f 242//242 244//244 248//248 
f 242//242 248//248 246//246 
f 248//248 250//250 246//246 
f 248//248 2487//2487 250//250 
f 246//246 250//250 251//251 
f 250//250 2487//2487 1335//1335 
f 250//250 254//254 251//251 
f 250//250 1335//1335 254//254 
f 1335//1335 256//256 254//254 
f 254//254 256//256 258//258 
f 256//256 5660//5660 261//261 
f 256//256 261//261 266//266 
f 256//256 266//266 258//258 
f 261//261 5660//5660 260//260 
f 261//261 260//260 266//266 
f 260//260 272//272 266//266 
f 260//260 264//264 272//272 
f 264//264 268//268 272//272 
f 268//268 270//270 272//272 
f 270//270 4440//4440 276//276 
f 270//270 276//276 272//272 
f 276//276 281//281 272//272 
f 276//276 274//274 281//281 
f 274//274 280//280 277//277 
f 274//274 277//277 281//281 
f 277//277 280//280 278//278 
f 277//277 278//278 279//279 
f 278//278 275//275 279//279 
f 279//279 275//275 271//271 
f 275//275 273//273 271//271 
f 271//271 273//273 269//269 
f 273//273 265//265 269//269 
f 269//269 265//265 267//267 
f 265//265 5769//5769 267//267 
f 267//267 5769//5769 5768//5768 
f 5768//5768 5769//5769 5770//5770 
f 5768//5768 5770//5770 5771//5771 
f 5770//5770 5765//5765 5771//5771 
f 5771//5771 5765//5765 5764//5764 
f 5764//5764 5765//5765 5772//5772 
f 5764//5764 5772//5772 5773//5773 
f 5764//5764 5767//5767 5771//5771 
f 5764//5764 5773//5773 5767//5767 
f 5766//5766 5772//5772 5774//5774 
f 5766//5766 5773//5773 5772//5772 
f 5766//5766 5774//5774 5775//5775 
f 5775//5775 5760//5760 5766//5766 
f 5766//5766 5760//5760 5761//5761 
f 5760//5760 5762//5762 5761//5761 
f 5760//5760 5775//5775 5762//5762 
f 5762//5762 5712//5712 5761//5761 
f 5712//5712 5762//5762 5763//5763 
f 5712//5712 5763//5763 5714//5714 
f 5763//5763 5713//5713 5714//5714 
f 5763//5763 5776//5776 5713//5713 
f 5713//5713 5776//5776 5756//5756 
f 5713//5713 5756//5756 5714//5714 
f 5776//5776 5763//5763 5679//5679 
f 5776//5776 5679//5679 5755//5755 
f 5776//5776 5755//5755 5756//5756 
f 5755//5755 5757//5757 5759//5759 
f 5759//5759 5758//5758 5755//5755 
f 5759//5759 5716//5716 5758//5758 
f 5716//5716 5719//5719 5758//5758 
f 5716//5716 5718//5718 5717//5717 
f 5716//5716 5717//5717 5719//5719 
f 5717//5717 5721//5721 5719//5719 
f 5717//5717 5715//5715 5721//5721 
f 5715//5715 5753//5753 5721//5721 
f 5715//5715 5754//5754 5753//5753 
f 5753//5753 5752//5752 5720//5720 
f 5753//5753 5754//5754 5752//5752 
f 5753//5753 5720//5720 5721//5721 
f 5720//5720 5752//5752 5751//5751 
f 5720//5720 5751//5751 5721//5721 
f 5751//5751 5750//5750 5721//5721 
f 5751//5751 5722//5722 5750//5750 
f 5722//5722 5723//5723 5750//5750 
f 5723//5723 5724//5724 5750//5750 
f 5723//5723 5749//5749 5724//5724 
f 5749//5749 5723//5723 5748//5748 
f 5748//5748 5725//5725 5747//5747 
f 5748//5748 5747//5747 5749//5749 
f 5747//5747 5725//5725 5726//5726 
f 5747//5747 5726//5726 5746//5746 
f 5725//5725 5727//5727 5726//5726 
f 5727//5727 5745//5745 5728//5728 
f 5727//5727 5728//5728 5726//5726 
f 5745//5745 5744//5744 5728//5728 
f 5728//5728 5744//5744 5729//5729 
f 5744//5744 5745//5745 5730//5730 
f 5744//5744 5730//5730 5743//5743 
f 5744//5744 5743//5743 5729//5729 
f 5743//5743 5730//5730 5742//5742 
f 5743//5743 5742//5742 5740//5740 
f 5742//5742 5731//5731 5740//5740 
f 5731//5731 5741//5741 5740//5740 
f 5741//5741 5732//5732 5740//5740 
f 5732//5732 5733//5733 5740//5740 
f 5733//5733 5732//5732 5739//5739 
f 5739//5739 5734//5734 5738//5738 
f 5739//5739 5738//5738 5733//5733 
f 5734//5734 5735//5735 5738//5738 
f 5738//5738 5735//5735 5736//5736 
f 5735//5735 5737//5737 15//15 
f 5735//5735 15//15 5736//5736 
f 5737//5737 14//14 5782//5782 
f 5737//5737 4615//4615 14//14 
f 5737//5737 5782//5782 15//15 
f 14//14 5784//5784 13//13 
f 14//14 4615//4615 5784//5784 
f 14//14 13//13 5782//5782 
f 5784//5784 5786//5786 11//11 
f 5784//5784 11//11 13//13 
f 5786//5786 5788//5788 9//9 
f 5786//5786 9//9 11//11 
f 5788//5788 5790//5790 7//7 
f 5788//5788 7//7 9//9 
f 5790//5790 5//5 5789//5789 
f 5790//5790 5791//5791 5//5 
f 5790//5790 5789//5789 7//7 
f 5//5 5791//5791 5789//5789 
f 5789//5789 5791//5791 3//3 
f 5791//5791 1//1 3//3 
f 1//1 5787//5787 5785//5785 
f 1//1 5791//5791 5787//5787 
f 1//1 5785//5785 2//2 
f 5785//5785 5783//5783 4//4 
f 5785//5785 4//4 2//2 
f 5783//5783 5781//5781 4//4 
f 5783//5783 6//6 5781//5781 
f 5781//5781 6//6 5779//5779 
f 6//6 8//8 5777//5777 
f 6//6 5777//5777 12//12 
f 6//6 12//12 5779//5779 
f 8//8 5780//5780 5777//5777 
f 5777//5777 5780//5780 12//12 
f 8//8 10//10 5780//5780 
# mm_gid 2
g mmGroup2
f 758//758 1501//1501 1572//1572 
f 1287//1287 1289//1289 1554//1554 
f 768//768 735//735 708//708 
f 730//730 1533//1533 733//733 
f 1567//1567 727//727 1332//1332 
f 1328//1328 737//737 1301//1301 
f 1265//1265 721//721 1506//1506 
f 731//731 1509//1509 91//91 
f 764//764 1612//1612 1271//1271 
f 1267//1267 708//708 735//735 
f 1303//1303 1326//1326 95//95 
f 1612//1612 1326//1326 1303//1303 
f 1325//1325 415//415 1522//1522 
f 1306//1306 294//294 1614//1614 
f 1329//1329 1533//1533 1325//1325 
f 1561//1561 1267//1267 1531//1531 
f 1542//1542 1287//1287 727//727 
f 1553//1553 1307//1307 1293//1293 
f 214//214 770//770 1552//1552 
f 1452//1452 1295//1295 733//733 
f 1327//1327 1332//1332 1305//1305 
f 722//722 721//721 1564//1564 
f 1293//1293 1307//1307 1300//1300 
f 1313//1313 732//732 1296//1296 
f 1297//1297 294//294 1306//1306 
f 1327//1327 1302//1302 1294//1294 
f 737//737 1308//1308 1507//1507 
f 1556//1556 1507//1507 1308//1308 
f 1324//1324 1289//1289 1287//1287 
f 1506//1506 721//721 723//723 
f 1301//1301 294//294 1328//1328 
f 1570//1570 211//211 410//410 
f 739//739 1507//1507 95//95 
f 1330//1330 213//213 1319//1319 
f 1553//1553 721//721 1540//1540 
f 1294//1294 1522//1522 415//415 
f 1570//1570 1303//1303 1556//1556 
f 1557//1557 717//717 729//729 
f 1503//1503 1552//1552 770//770 
f 1557//1557 729//729 1524//1524 
f 1301//1301 737//737 1507//1507 
f 1332//1332 727//727 738//738 
f 1523//1523 708//708 1267//1267 
f 1304//1304 1553//1553 1540//1540 
f 1554//1554 738//738 1287//1287 
f 1268//1268 711//711 1269//1269 
f 1304//1304 214//214 1331//1331 
f 1614//1614 1330//1330 735//735 
f 1302//1302 1307//1307 1304//1304 
f 1328//1328 1522//1522 1294//1294 
f 294//294 1297//1297 1328//1328 
f 1614//1614 1299//1299 1330//1330 
f 1518//1518 731//731 206//206 
f 1267//1267 735//735 1330//1330 
f 1552//1552 1503//1503 410//410 
f 1283//1283 1296//1296 760//760 
f 732//732 1501//1501 770//770 
f 713//713 1612//1612 763//763 
f 754//754 1596//1596 1509//1509 
f 730//730 1327//1327 415//415 
f 763//763 1612//1612 1602//1602 
f 1567//1567 1295//1295 207//207 
f 1551//1551 1292//1292 1276//1276 
f 1258//1258 1292//1292 714//714 
f 1325//1325 1297//1297 1329//1329 
f 710//710 1267//1267 1319//1319 
f 734//734 1331//1331 214//214 
f 1509//1509 731//731 1533//1533 
f 1530//1530 704//704 1296//1296 
f 1602//1602 1612//1612 764//764 
f 1612//1612 1303//1303 1586//1586 
f 1292//1292 410//410 729//729 
f 1292//1292 729//729 717//717 
f 1464//1464 1509//1509 1596//1596 
f 1583//1583 1596//1596 754//754 
f 98//98 1287//1287 1542//1542 
f 1286//1286 723//723 736//736 
f 1316//1316 711//711 1320//1320 
f 757//757 768//768 1546//1546 
f 728//728 732//732 1313//1313 
f 1570//1570 1586//1586 1303//1303 
f 1271//1271 1292//1292 1559//1559 
f 1546//1546 768//768 701//701 
f 727//727 1287//1287 738//738 
f 206//206 731//731 1252//1252 
f 1507//1507 739//739 1299//1299 
f 1545//1545 760//760 1540//1540 
f 1309//1309 1295//1295 1474//1474 
f 1559//1559 1292//1292 755//755 
f 1320//1320 1326//1326 1272//1272 
f 1298//1298 1296//1296 732//732 
f 1271//1271 1612//1612 1586//1586 
f 703//703 1257//1257 754//754 
f 210//210 728//728 1282//1282 
f 1320//1320 711//711 1326//1326 
f 1306//1306 1329//1329 1297//1297 
f 1524//1524 1501//1501 758//758 
f 214//214 1552//1552 734//734 
f 1330//1330 1299//1299 739//739 
f 1272//1272 1326//1326 408//408 
f 721//721 1553//1553 736//736 
f 207//207 1295//1295 1310//1310 
f 1271//1271 1586//1586 1292//1292 
f 408//408 1612//1612 1317//1317 
f 213//213 1330//1330 709//709 
f 1326//1326 711//711 739//739 
f 1270//1270 711//711 1558//1558 
f 211//211 734//734 1552//1552 
f 701//701 768//768 1590//1590 
f 1304//1304 1331//1331 1302//1302 
f 96//96 733//733 1450//1450 
f 211//211 1556//1556 1308//1308 
f 728//728 1572//1572 1501//1501 
f 1308//1308 1455//1455 734//734 
f 1510//1510 728//728 1284//1284 
f 1519//1519 1530//1530 1296//1296 
f 1296//1296 704//704 1313//1313 
f 1570//1570 1292//1292 1586//1586 
f 1452//1452 733//733 96//96 
f 733//733 1295//1295 730//730 
f 1327//1327 1305//1305 1300//1300 
f 1327//1327 730//730 1332//1332 
f 1328//1328 1454//1454 737//737 
f 1524//1524 1503//1503 1501//1501 
f 1286//1286 736//736 1289//1289 
f 1557//1557 1524//1524 1277//1277 
f 1290//1290 1542//1542 727//727 
f 1293//1293 1305//1305 1554//1554 
f 1321//1321 1296//1296 1541//1541 
f 214//214 1304//1304 1298//1298 
f 1293//1293 1300//1300 1305//1305 
f 1590//1590 768//768 1560//1560 
f 732//732 214//214 1298//1298 
f 1584//1584 727//727 1255//1255 
f 737//737 1455//1455 1308//1308 
f 1311//1311 731//731 1312//1312 
f 294//294 1301//1301 1614//1614 
f 1560//1560 768//768 1266//1266 
f 709//709 711//711 1574//1574 
f 739//739 95//95 1326//1326 
f 1277//1277 1524//1524 1279//1279 
f 1464//1464 1596//1596 1443//1443 
f 1331//1331 1478//1478 1294//1294 
f 1323//1323 1289//1289 1555//1555 
f 1331//1331 1294//1294 1302//1302 
f 1293//1293 1289//1289 736//736 
f 1330//1330 1319//1319 1267//1267 
f 1282//1282 728//728 718//718 
f 1545//1545 1540//1540 721//721 
f 1296//1296 1540//1540 760//760 
f 733//733 1533//1533 731//731 
f 1266//1266 768//768 1544//1544 
f 730//730 1325//1325 1533//1533 
f 1262//1262 721//721 1516//1516 
f 1328//1328 1297//1297 1522//1522 
f 1544//1544 768//768 1263//1263 
f 1327//1327 1300//1300 1302//1302 
f 1554//1554 1305//1305 738//738 
f 1302//1302 1300//1300 1307//1307 
f 1545//1545 721//721 1520//1520 
f 734//734 1455//1455 1331//1331 
f 1276//1276 1292//1292 717//717 
f 1553//1553 1304//1304 1307//1307 
f 94//94 1289//1289 1251//1251 
f 214//214 732//732 770//770 
f 1279//1279 1524//1524 1278//1278 
f 1507//1507 1556//1556 95//95 
f 1284//1284 728//728 1313//1313 
f 703//703 754//754 757//757 
f 1516//1516 721//721 1264//1264 
f 1454//1454 1328//1328 1478//1478 
f 1456//1456 1453//1453 1451//1451 
f 1451//1451 1452//1452 1472//1472 
f 1451//1451 1453//1453 1295//1295 
f 1452//1452 1451//1451 1295//1295 
f 1478//1478 1331//1331 1455//1455 
f 1450//1450 733//733 1311//1311 
f 731//731 1311//1311 733//733 
f 1450//1450 1311//1311 1468//1468 
f 1349//1349 1312//1312 731//731 
f 1518//1518 1349//1349 731//731 
f 1612//1612 408//408 1326//1326 
f 1349//1349 1518//1518 1566//1566 
f 91//91 1252//1252 731//731 
f 1464//1464 91//91 1509//1509 
f 91//91 1464//1464 1442//1442 
f 1567//1567 1332//1332 1295//1295 
f 1460//1460 1596//1596 212//212 
f 1460//1460 1443//1443 1596//1596 
f 1442//1442 1464//1464 1444//1444 
f 1306//1306 754//754 1329//1329 
f 756//756 1583//1583 1256//1256 
f 1503//1503 729//729 410//410 
f 1583//1583 756//756 1596//1596 
f 1257//1257 703//703 1565//1565 
f 768//768 757//757 754//754 
f 1329//1329 1509//1509 1533//1533 
f 1614//1614 735//735 1306//1306 
f 708//708 1263//1263 768//768 
f 708//708 1523//1523 208//208 
f 754//754 1306//1306 768//768 
f 1523//1523 1561//1561 707//707 
f 707//707 1561//1561 761//761 
f 1561//1561 1523//1523 1267//1267 
f 1552//1552 410//410 211//211 
f 710//710 1319//1319 1314//1314 
f 1319//1319 213//213 1618//1618 
f 1308//1308 734//734 211//211 
f 213//213 709//709 1528//1528 
f 711//711 709//709 1330//1330 
f 709//709 1574//1574 1315//1315 
f 1268//1268 1574//1574 711//711 
f 1268//1268 1269//1269 1563//1563 
f 1293//1293 1554//1554 1289//1289 
f 211//211 1570//1570 1556//1556 
f 1330//1330 739//739 711//711 
f 1316//1316 1558//1558 711//711 
f 1509//1509 1329//1329 754//754 
f 728//728 1501//1501 732//732 
f 1543//1543 1317//1317 1612//1612 
f 1325//1325 1522//1522 1297//1297 
f 1275//1275 1543//1543 1612//1612 
f 1273//1273 1275//1275 1612//1612 
f 1332//1332 738//738 1305//1305 
f 1275//1275 1273//1273 712//712 
f 768//768 1306//1306 735//735 
f 1273//1273 1612//1612 1274//1274 
f 1570//1570 410//410 1292//1292 
f 1303//1303 95//95 1556//1556 
f 1294//1294 1478//1478 1328//1328 
f 1612//1612 713//713 209//209 
f 762//762 1271//1271 1573//1573 
f 1559//1559 755//755 1260//1260 
f 764//764 1271//1271 762//762 
f 1258//1258 755//755 1292//1292 
f 1507//1507 1299//1299 1301//1301 
f 1280//1280 717//717 1557//1557 
f 1601//1601 1280//1280 1557//1557 
f 1601//1601 1557//1557 1594//1594 
f 1503//1503 1524//1524 729//729 
f 721//721 736//736 723//723 
f 1293//1293 736//736 1553//1553 
f 1281//1281 1322//1322 1524//1524 
f 1281//1281 758//758 1562//1562 
f 758//758 1281//1281 1524//1524 
f 210//210 1572//1572 728//728 
f 1298//1298 1540//1540 1296//1296 
f 1510//1510 718//718 728//728 
f 1510//1510 1284//1284 724//724 
f 730//730 1295//1295 1332//1332 
f 704//704 1530//1530 1521//1521 
f 1321//1321 1519//1519 1296//1296 
f 1519//1519 1321//1321 1261//1261 
f 1283//1283 1541//1541 1296//1296 
f 1614//1614 1301//1301 1299//1299 
f 1262//1262 1520//1520 721//721 
f 1285//1285 1264//1264 721//721 
f 722//722 1564//1564 1259//1259 
f 1304//1304 1540//1540 1298//1298 
f 1265//1265 1506//1506 1529//1529 
f 1529//1529 1506//1506 726//726 
f 1265//1265 1564//1564 721//721 
f 1323//1323 1286//1286 1289//1289 
f 1289//1289 94//94 1288//1288 
f 1324//1324 1287//1287 1500//1500 
f 1287//1287 98//98 1291//1291 
f 1503//1503 770//770 1501//1501 
f 767//767 1290//1290 727//727 
f 1324//1324 1251//1251 1289//1289 
f 727//727 1584//1584 702//702 
f 702//702 1584//1584 1254//1254 
f 730//730 415//415 1325//1325 
f 1294//1294 415//415 1327//1327 
f 1567//1567 207//207 1253//1253 
f 1455//1455 737//737 1454//1454 
f 1309//1309 1310//1310 1295//1295 
f 1453//1453 1474//1474 1295//1295 
f 1567//1567 1255//1255 727//727 
f 1551//1551 714//714 1292//1292 
